country,year,sp_pop_1564_to
abw,1970,34658.0
abw,1971,35398.0
abw,1972,36053.0
abw,1973,36682.0
abw,1974,37309.0
abw,1975,37951.0
abw,1976,38217.0
abw,1977,38544.0
abw,1978,38962.0
abw,1979,39473.0
abw,1980,40045.0
abw,1981,40692.0
abw,1982,41456.0
abw,1983,42175.0
abw,1984,42694.0
abw,1985,42955.0
abw,1986,42445.0
abw,1987,41779.0
abw,1988,41298.0
abw,1989,41349.0
abw,1990,42135.0
abw,1991,44281.0
abw,1992,47097.0
abw,1993,50244.0
abw,1994,53285.0
abw,1995,55960.0
abw,1996,57783.0
abw,1997,59240.0
abw,1998,60465.0
abw,1999,61646.0
abw,2000,62907.0
abw,2001,64400.0
abw,2002,65945.0
abw,2003,67480.0
abw,2004,68854.0
abw,2005,69957.0
abw,2006,70438.0
abw,2007,70542.0
abw,2008,70388.0
abw,2009,70166.0
abw,2010,69987.0
abw,2011,70297.0
abw,2012,70754.0
abw,2013,71292.0
abw,2014,71790.0
abw,2015,72162.0
abw,2016,72487.0
afg,1970,5915230.0
afg,1971,6031104.0
afg,1972,6162893.0
afg,1973,6303559.0
afg,1974,6445172.0
afg,1975,6582572.0
afg,1976,6678365.0
afg,1977,6767646.0
afg,1978,6834552.0
afg,1979,6861512.0
afg,1980,6841532.0
afg,1981,6703245.0
afg,1982,6517544.0
afg,1983,6311051.0
afg,1984,6115765.0
afg,1985,5953900.0
afg,1986,5838287.0
afg,1987,5778283.0
afg,1988,5790995.0
afg,1989,5894994.0
afg,1990,6093533.0
afg,1991,6465611.0
afg,1992,6960330.0
afg,1993,7513651.0
afg,1994,8050644.0
afg,1995,8528019.0
afg,1996,8854114.0
afg,1997,9097856.0
afg,1998,9311184.0
afg,1999,9559597.0
afg,2000,9882514.0
afg,2001,10331983.0
afg,2002,10872863.0
afg,2003,11463616.0
afg,2004,12049908.0
afg,2005,12597642.0
afg,2006,12970589.0
afg,2007,13293041.0
afg,2008,13602366.0
afg,2009,13950492.0
afg,2010,14372378.0
afg,2011,14949170.0
afg,2012,15619589.0
afg,2013,16356394.0
afg,2014,17117081.0
afg,2015,17871866.0
afg,2016,18575258.0
ago,1970,3463343.0
ago,1971,3533231.0
ago,1972,3611904.0
ago,1973,3698476.0
ago,1974,3793857.0
ago,1975,3898273.0
ago,1976,3985987.0
ago,1977,4086066.0
ago,1978,4198476.0
ago,1979,4323591.0
ago,1980,4461588.0
ago,1981,4591147.0
ago,1982,4740958.0
ago,1983,4903330.0
ago,1984,5069648.0
ago,1985,5235784.0
ago,1986,5370279.0
ago,1987,5503210.0
ago,1988,5643170.0
ago,1989,5801412.0
ago,1990,5984034.0
ago,1991,6159254.0
ago,1992,6367924.0
ago,1993,6599240.0
ago,1994,6839479.0
ago,1995,7081533.0
ago,1996,7285856.0
ago,1997,7497109.0
ago,1998,7721733.0
ago,1999,7968462.0
ago,2000,8241956.0
ago,2001,8512581.0
ago,2002,8815111.0
ago,2003,9143963.0
ago,2004,9492530.0
ago,2005,9856402.0
ago,2006,10197799.0
ago,2007,10560352.0
ago,2008,10942997.0
ago,2009,11346290.0
ago,2010,11771088.0
ago,2011,12188515.0
ago,2012,12635901.0
ago,2013,13107343.0
ago,2014,13596360.0
ago,2015,14100537.0
ago,2016,14605793.0
alb,1970,1150954.0
alb,1971,1187511.0
alb,1972,1225713.0
alb,1973,1263871.0
alb,1974,1303917.0
alb,1975,1347151.0
alb,1976,1388730.0
alb,1977,1433989.0
alb,1978,1479669.0
alb,1979,1524546.0
alb,1980,1569795.0
alb,1981,1614053.0
alb,1982,1659671.0
alb,1983,1705368.0
alb,1984,1751317.0
alb,1985,1797025.0
alb,1986,1840078.0
alb,1987,1884280.0
alb,1988,1926651.0
alb,1989,1986164.0
alb,1990,2031132.0
alb,1991,2010074.0
alb,1992,1990676.0
alb,1993,1973388.0
alb,1994,1957314.0
alb,1995,1941355.0
alb,1996,1941681.0
alb,1997,1940477.0
alb,1998,1938219.0
alb,1999,1936229.0
alb,2000,1935652.0
alb,2001,1929881.0
alb,2002,1937815.0
alb,2003,1945449.0
alb,2004,1952585.0
alb,2005,1957782.0
alb,2006,1960854.0
alb,2007,1958838.0
alb,2008,1954566.0
alb,2009,1950306.0
alb,2010,1947666.0
alb,2011,1961611.0
alb,2012,1975480.0
alb,2013,1987352.0
alb,2014,1996460.0
alb,2015,2000257.0
alb,2016,1997271.0
arb,1970,63767783.0
arb,1971,65511292.0
arb,1972,67299207.0
arb,1973,69172855.0
arb,1974,71188503.0
arb,1975,73384545.0
arb,1976,75774498.0
arb,1977,78342661.0
arb,1978,81056635.0
arb,1979,83868004.0
arb,1980,86739939.0
arb,1981,89671007.0
arb,1982,92667285.0
arb,1983,95709920.0
arb,1984,98755219.0
arb,1985,101858884.0
arb,1986,104974149.0
arb,1987,108079268.0
arb,1988,111234993.0
arb,1989,114483309.0
arb,1990,118952289.0
arb,1991,122804399.0
arb,1992,125515115.0
arb,1993,129656627.0
arb,1994,133838503.0
arb,1995,139114558.0
arb,1996,143239491.0
arb,1997,147394621.0
arb,1998,151615384.0
arb,1999,155989438.0
arb,2000,160617464.0
arb,2001,165494137.0
arb,2002,170590594.0
arb,2003,175883968.0
arb,2004,181430391.0
arb,2005,187193980.0
arb,2006,193197197.0
arb,2007,199393897.0
arb,2008,205650656.0
arb,2009,211773548.0
arb,2010,217620655.0
arb,2011,223134314.0
arb,2012,228406069.0
arb,2013,233438834.0
are,1970,149581.0
are,1971,184533.0
are,1972,227075.0
are,1973,276399.0
are,1974,331173.0
are,1975,389952.0
are,1976,460281.0
are,1977,535145.0
are,1978,608724.0
are,1979,676136.0
are,1980,735461.0
are,1981,782972.0
are,1982,822538.0
are,1983,857038.0
are,1984,891545.0
are,1985,930392.0
are,1986,982825.0
are,1987,1043136.0
are,1988,1110417.0
are,1989,1183748.0
are,1990,1262700.0
are,1991,1352280.0
are,1992,1448427.0
are,1993,1549321.0
are,1994,1652334.0
are,1995,1755603.0
are,1996,1852542.0
are,1997,1955837.0
are,1998,2062817.0
are,1999,2175356.0
are,2000,2300663.0
are,2001,2496637.0
are,2002,2699021.0
are,2003,2938158.0
are,2004,3259951.0
are,2005,3694170.0
are,2006,4321685.0
are,2007,5064386.0
are,2008,5840340.0
are,2009,6543337.0
are,2010,7102235.0
are,2011,7427164.0
are,2012,7612144.0
are,2013,7694737.0
are,2014,7739507.0
are,2015,7798697.0
are,2016,7881775.0
arg,1970,15267473.0
arg,1971,15503981.0
arg,1972,15750569.0
arg,1973,16000445.0
arg,1974,16243421.0
arg,1975,16471550.0
arg,1976,16649499.0
arg,1977,16803924.0
arg,1978,16946862.0
arg,1979,17099077.0
arg,1980,17274518.0
arg,1981,17435834.0
arg,1982,17650941.0
arg,1983,17899587.0
arg,1984,18152287.0
arg,1985,18395236.0
arg,1986,18673362.0
arg,1987,18921489.0
arg,1988,19163296.0
arg,1989,19433701.0
arg,1990,19746934.0
arg,1991,20039025.0
arg,1992,20377820.0
arg,1993,20744995.0
arg,1994,21110290.0
arg,1995,21458405.0
arg,1996,21777285.0
arg,1997,22087832.0
arg,1998,22392455.0
arg,1999,22699592.0
arg,2000,23014007.0
arg,2001,23341581.0
arg,2002,23663780.0
arg,2003,23985753.0
arg,2004,24314082.0
arg,2005,24650249.0
arg,2006,24960036.0
arg,2007,25288050.0
arg,2008,25624337.0
arg,2009,25953592.0
arg,2010,26268474.0
arg,2011,26575746.0
arg,2012,26869103.0
arg,2013,27153851.0
arg,2014,27440753.0
arg,2015,27734296.0
arg,2016,28009966.0
arm,1970,1391442.0
arm,1971,1452693.0
arm,1972,1513213.0
arm,1973,1573533.0
arm,1974,1634960.0
arm,1975,1697733.0
arm,1976,1754440.0
arm,1977,1813191.0
arm,1978,1871599.0
arm,1979,1926533.0
arm,1980,1976723.0
arm,1981,2020724.0
arm,1982,2058129.0
arm,1983,2091320.0
arm,1984,2124191.0
arm,1985,2158506.0
arm,1986,2195723.0
arm,1987,2233956.0
arm,1988,2265470.0
arm,1989,2280902.0
arm,1990,2275895.0
arm,1991,2239789.0
arm,1992,2184264.0
arm,1993,2118961.0
arm,1994,2056771.0
arm,1995,2006378.0
arm,1996,1980179.0
arm,1997,1968005.0
arm,1998,1966292.0
arm,1999,1968560.0
arm,2000,1969853.0
arm,2001,1975636.0
arm,2002,1978335.0
arm,2003,1979472.0
arm,2004,1981811.0
arm,2005,1986674.0
arm,2006,1987092.0
arm,2007,1990151.0
arm,2008,1994606.0
arm,2009,1998498.0
arm,2010,2001045.0
arm,2011,2004467.0
arm,2012,2009342.0
arm,2013,2014206.0
arm,2014,2017975.0
arm,2015,2019877.0
arm,2016,2018577.0
atg,1970,36738.0
atg,1971,37527.0
atg,1972,38329.0
atg,1973,39128.0
atg,1974,39897.0
atg,1975,40636.0
atg,1976,41439.0
atg,1977,42237.0
atg,1978,42983.0
atg,1979,43611.0
atg,1980,44076.0
atg,1981,44427.0
atg,1982,44470.0
atg,1983,44298.0
atg,1984,44045.0
atg,1985,43771.0
atg,1986,43251.0
atg,1987,42725.0
atg,1988,42148.0
atg,1989,41496.0
atg,1990,40862.0
atg,1991,41409.0
atg,1992,42129.0
atg,1993,43059.0
atg,1994,44239.0
atg,1995,45598.0
atg,1996,47346.0
atg,1997,49070.0
atg,1998,50683.0
atg,1999,52124.0
atg,2000,53414.0
atg,2001,54558.0
atg,2002,55596.0
atg,2003,56482.0
atg,2004,57216.0
atg,2005,57864.0
atg,2006,58839.0
atg,2007,59847.0
atg,2008,60900.0
atg,2009,62011.0
atg,2010,63172.0
atg,2011,64292.0
atg,2012,65460.0
atg,2013,66630.0
atg,2014,67755.0
atg,2015,68805.0
atg,2016,69717.0
aus,1970,7833749.0
aus,1971,8126132.0
aus,1972,8300916.0
aus,1973,8455081.0
aus,1974,8703987.0
aus,1975,8851601.0
aus,1976,8960903.0
aus,1977,9103990.0
aus,1978,9262610.0
aus,1979,9411344.0
aus,1980,9563936.0
aus,1981,9770949.0
aus,1982,9967854.0
aus,1983,10113349.0
aus,1984,10251001.0
aus,1985,10422895.0
aus,1986,10607314.0
aus,1987,10799180.0
aus,1988,11013609.0
aus,1989,11228855.0
aus,1990,11407759.0
aus,1991,11555207.0
aus,1992,11682039.0
aus,1993,11775598.0
aus,1994,11886283.0
aus,1995,12028880.0
aus,1996,12184858.0
aus,1997,12329940.0
aus,1998,12474018.0
aus,1999,12631330.0
aus,2000,12792016.0
aus,2001,12991718.0
aus,2002,13174854.0
aus,2003,13359296.0
aus,2004,13533564.0
aus,2005,13727409.0
aus,2006,13964018.0
aus,2007,14076899.0
aus,2008,14373618.0
aus,2009,14668523.0
aus,2010,14879463.0
aus,2011,15029738.0
aus,2012,15233953.0
aus,2013,15435139.0
aus,2014,15598904.0
aus,2015,15745617.0
aus,2016,15887445.0
aut,1970,4588114.0
aut,1971,4597102.0
aut,1972,4623665.0
aut,1973,4659390.0
aut,1974,4685096.0
aut,1975,4696500.0
aut,1976,4712137.0
aut,1977,4740523.0
aut,1978,4768756.0
aut,1979,4801890.0
aut,1980,4853035.0
aut,1981,4916269.0
aut,1982,4978539.0
aut,1983,5030428.0
aut,1984,5082509.0
aut,1985,5124859.0
aut,1986,5145618.0
aut,1987,5160222.0
aut,1988,5172873.0
aut,1989,5196530.0
aut,1990,5232317.0
aut,1991,5270783.0
aut,1992,5308289.0
aut,1993,5328786.0
aut,1994,5331416.0
aut,1995,5332719.0
aut,1996,5337343.0
aut,1997,5353570.0
aut,1998,5377782.0
aut,1999,5405924.0
aut,2000,5430475.0
aut,2001,5458858.0
aut,2002,5487686.0
aut,2003,5512293.0
aut,2004,5544123.0
aut,2005,5581012.0
aut,2006,5601872.0
aut,2007,5614509.0
aut,2008,5627374.0
aut,2009,5636916.0
aut,2010,5644039.0
aut,2011,5657956.0
aut,2012,5677901.0
aut,2013,5703424.0
aut,2014,5736127.0
aut,2015,5787638.0
aut,2016,5849908.0
aze,1970,2641453.0
aze,1971,2725028.0
aze,1972,2809671.0
aze,1973,2898619.0
aze,1974,2996371.0
aze,1975,3104151.0
aze,1976,3211909.0
aze,1977,3327909.0
aze,1978,3449617.0
aze,1979,3572216.0
aze,1980,3692226.0
aze,1981,3802926.0
aze,1982,3908786.0
aze,1983,4009040.0
aze,1984,4103599.0
aze,1985,4192283.0
aze,1986,4261359.0
aze,1987,4325901.0
aze,1988,4387342.0
aze,1989,4446081.0
aze,1990,4449759.0
aze,1991,4492417.0
aze,1992,4538258.0
aze,1993,4590029.0
aze,1994,4641595.0
aze,1995,4693517.0
aze,1996,4751866.0
aze,1997,4819283.0
aze,1998,4897181.0
aze,1999,4981376.0
aze,2000,5070809.0
aze,2001,5171811.0
aze,2002,5272089.0
aze,2003,5377539.0
aze,2004,5498633.0
aze,2005,5638035.0
aze,2006,5772727.0
aze,2007,5918556.0
aze,2008,6124919.0
aze,2009,6323904.0
aze,2010,6452698.0
aze,2011,6565173.0
aze,2012,6663583.0
aze,2013,6745790.0
aze,2014,6818152.0
aze,2015,6884940.0
aze,2016,6929417.0
bdi,1970,1786908.0
bdi,1971,1804748.0
bdi,1972,1820782.0
bdi,1973,1838375.0
bdi,1974,1861436.0
bdi,1975,1892182.0
bdi,1976,1935050.0
bdi,1977,1985273.0
bdi,1978,2041083.0
bdi,1979,2100370.0
bdi,1980,2161097.0
bdi,1981,2203853.0
bdi,1982,2251245.0
bdi,1983,2301454.0
bdi,1984,2352928.0
bdi,1985,2405497.0
bdi,1986,2455137.0
bdi,1987,2507366.0
bdi,1988,2561908.0
bdi,1989,2619123.0
bdi,1990,2678597.0
bdi,1991,2702032.0
bdi,1992,2731181.0
bdi,1993,2764599.0
bdi,1994,2800063.0
bdi,1995,2837276.0
bdi,1996,2865222.0
bdi,1997,2894294.0
bdi,1998,2930376.0
bdi,1999,2980768.0
bdi,2000,3049997.0
bdi,2001,3175060.0
bdi,2002,3318766.0
bdi,2003,3477213.0
bdi,2004,3644036.0
bdi,2005,3814034.0
bdi,2006,3981496.0
bdi,2007,4152887.0
bdi,2008,4325896.0
bdi,2009,4498417.0
bdi,2010,4668704.0
bdi,2011,4806502.0
bdi,2012,4946001.0
bdi,2013,5087374.0
bdi,2014,5231333.0
bdi,2015,5379587.0
bdi,2016,5535519.0
bel,1970,6083489.0
bel,1971,6097825.0
bel,1972,6129104.0
bel,1973,6161281.0
bel,1974,6200630.0
bel,1975,6245728.0
bel,1976,6276239.0
bel,1977,6309955.0
bel,1978,6348784.0
bel,1979,6394830.0
bel,1980,6449247.0
bel,1981,6494192.0
bel,1982,6542752.0
bel,1983,6591727.0
bel,1984,6632591.0
bel,1985,6662463.0
bel,1986,6667276.0
bel,1987,6666037.0
bel,1988,6673676.0
bel,1989,6682017.0
bel,1990,6686359.0
bel,1991,6693236.0
bel,1992,6701654.0
bel,1993,6708536.0
bel,1994,6710786.0
bel,1995,6708725.0
bel,1996,6701483.0
bel,1997,6702763.0
bel,1998,6706454.0
bel,1999,6713221.0
bel,2000,6721509.0
bel,2001,6743095.0
bel,2002,6770990.0
bel,2003,6797228.0
bel,2004,6827432.0
bel,2005,6869664.0
bel,2006,6918091.0
bel,2007,6977756.0
bel,2008,7043222.0
bel,2009,7105422.0
bel,2010,7167469.0
bel,2011,7252789.0
bel,2012,7286468.0
bel,2013,7299383.0
bel,2014,7292570.0
bel,2015,7311715.0
bel,2016,7330928.0
ben,1970,1546114.0
ben,1971,1567960.0
ben,1972,1593457.0
ben,1973,1622458.0
ben,1974,1654917.0
ben,1975,1690797.0
ben,1976,1723459.0
ben,1977,1760395.0
ben,1978,1801331.0
ben,1979,1846044.0
ben,1980,1894390.0
ben,1981,1939006.0
ben,1982,1988823.0
ben,1983,2043264.0
ben,1984,2101652.0
ben,1985,2163739.0
ben,1986,2221966.0
ben,1987,2285006.0
ben,1988,2353657.0
ben,1989,2429123.0
ben,1990,2512096.0
ben,1991,2600945.0
ben,1992,2698647.0
ben,1993,2802859.0
ben,1994,2910758.0
ben,1995,3020546.0
ben,1996,3116852.0
ben,1997,3216237.0
ben,1998,3319521.0
ben,1999,3428115.0
ben,2000,3543101.0
ben,2001,3658550.0
ben,2002,3781700.0
ben,2003,3911277.0
ben,2004,4045499.0
ben,2005,4183119.0
ben,2006,4310139.0
ben,2007,4441131.0
ben,2008,4577045.0
ben,2009,4719273.0
ben,2010,4868625.0
ben,2011,5015968.0
ben,2012,5172051.0
ben,2013,5335963.0
ben,2014,5506483.0
ben,2015,5683008.0
ben,2016,5859997.0
bfa,1970,3033580.0
bfa,1971,3064109.0
bfa,1972,3102562.0
bfa,1973,3147491.0
bfa,1974,3196633.0
bfa,1975,3248837.0
bfa,1976,3287024.0
bfa,1977,3329076.0
bfa,1978,3376559.0
bfa,1979,3431865.0
bfa,1980,3496159.0
bfa,1981,3550555.0
bfa,1982,3617343.0
bfa,1983,3693884.0
bfa,1984,3776957.0
bfa,1985,3865225.0
bfa,1986,3946523.0
bfa,1987,4036226.0
bfa,1988,4134321.0
bfa,1989,4241464.0
bfa,1990,4358278.0
bfa,1991,4471189.0
bfa,1992,4594728.0
bfa,1993,4728857.0
bfa,1994,4873444.0
bfa,1995,5028185.0
bfa,1996,5171754.0
bfa,1997,5328179.0
bfa,1998,5495833.0
bfa,1999,5672724.0
bfa,2000,5857980.0
bfa,2001,6030372.0
bfa,2002,6214802.0
bfa,2003,6410881.0
bfa,2004,6618328.0
bfa,2005,6836894.0
bfa,2006,7043933.0
bfa,2007,7264935.0
bfa,2008,7499164.0
bfa,2009,7746489.0
bfa,2010,8006839.0
bfa,2011,8259137.0
bfa,2012,8528760.0
bfa,2013,8813570.0
bfa,2014,9111212.0
bfa,2015,9420818.0
bfa,2016,9733933.0
bgd,1970,34051413.0
bgd,1971,34616781.0
bgd,1972,35141530.0
bgd,1973,35681139.0
bgd,1974,36286641.0
bgd,1975,36995593.0
bgd,1976,37799405.0
bgd,1977,38776170.0
bgd,1978,39895616.0
bgd,1979,41130992.0
bgd,1980,42457802.0
bgd,1981,43660593.0
bgd,1982,45009578.0
bgd,1983,46470082.0
bgd,1984,47996086.0
bgd,1985,49567864.0
bgd,1986,51111472.0
bgd,1987,52707974.0
bgd,1988,54362134.0
bgd,1989,56096603.0
bgd,1990,57919630.0
bgd,1991,59651506.0
bgd,1992,61459726.0
bgd,1993,63342773.0
bgd,1994,65294676.0
bgd,1995,67312815.0
bgd,1996,69306573.0
bgd,1997,71361896.0
bgd,1998,73466938.0
bgd,1999,75609920.0
bgd,2000,77776048.0
bgd,2001,79809023.0
bgd,2002,81877646.0
bgd,2003,83945089.0
bgd,2004,85967657.0
bgd,2005,87921883.0
bgd,2006,89601632.0
bgd,2007,91228713.0
bgd,2008,92834834.0
bgd,2009,94463843.0
bgd,2010,96152797.0
bgd,2011,97987374.0
bgd,2012,99843589.0
bgd,2013,101732877.0
bgd,2014,103669903.0
bgd,2015,105651107.0
bgd,2016,107583339.0
bgr,1970,5732600.0
bgr,1971,5755747.0
bgr,1972,5773210.0
bgr,1973,5792410.0
bgr,1974,5818202.0
bgr,1975,5831408.0
bgr,1976,5833474.0
bgr,1977,5840224.0
bgr,1978,5826650.0
bgr,1979,5823797.0
bgr,1980,5848784.0
bgr,1981,5875597.0
bgr,1982,5914863.0
bgr,1983,5957997.0
bgr,1984,5994840.0
bgr,1985,6005670.0
bgr,1986,6004190.0
bgr,1987,5999124.0
bgr,1988,5986408.0
bgr,1989,5904070.0
bgr,1990,5798494.0
bgr,1991,5731774.0
bgr,1992,5675727.0
bgr,1993,5645667.0
bgr,1994,5642954.0
bgr,1995,5630865.0
bgr,1996,5614221.0
bgr,1997,5589337.0
bgr,1998,5560644.0
bgr,1999,5542477.0
bgr,2000,5535055.0
bgr,2001,5444031.0
bgr,2002,5347736.0
bgr,2003,5328076.0
bgr,2004,5310075.0
bgr,2005,5289434.0
bgr,2006,5248918.0
bgr,2007,5210577.0
bgr,2008,5171146.0
bgr,2009,5127590.0
bgr,2010,5074467.0
bgr,2011,5008202.0
bgr,2012,4940268.0
bgr,2013,4870330.0
bgr,2014,4800771.0
bgr,2015,4731518.0
bgr,2016,4663920.0
bhr,1970,112039.0
bhr,1971,118022.0
bhr,1972,125450.0
bhr,1973,134173.0
bhr,1974,143999.0
bhr,1975,154799.0
bhr,1976,168793.0
bhr,1977,183936.0
bhr,1978,199431.0
bhr,1979,214351.0
bhr,1980,228037.0
bhr,1981,238112.0
bhr,1982,246183.0
bhr,1983,253043.0
bhr,1984,259892.0
bhr,1985,267643.0
bhr,1986,277036.0
bhr,1987,288032.0
bhr,1988,299751.0
bhr,1989,311455.0
bhr,1990,322987.0
bhr,1991,332949.0
bhr,1992,343713.0
bhr,1993,355186.0
bhr,1994,367238.0
bhr,1995,379667.0
bhr,1996,390372.0
bhr,1997,402320.0
bhr,1998,415350.0
bhr,1999,430205.0
bhr,2000,447988.0
bhr,2001,478130.0
bhr,2002,511730.0
bhr,2003,549316.0
bhr,2004,592112.0
bhr,2005,640872.0
bhr,2006,705686.0
bhr,2007,776236.0
bhr,2008,847027.0
bhr,2009,910919.0
bhr,2010,963017.0
bhr,2011,990723.0
bhr,2012,1006435.0
bhr,2013,1016145.0
bhr,2014,1029523.0
bhr,2015,1053941.0
bhr,2016,1102591.0
bhs,1970,92230.0
bhs,1971,95813.0
bhs,1972,98522.0
bhs,1973,100721.0
bhs,1974,102997.0
bhs,1975,105696.0
bhs,1976,108583.0
bhs,1977,112233.0
bhs,1978,116349.0
bhs,1979,120379.0
bhs,1980,124060.0
bhs,1981,128427.0
bhs,1982,132125.0
bhs,1983,135446.0
bhs,1984,138897.0
bhs,1985,142722.0
bhs,1986,146035.0
bhs,1987,149992.0
bhs,1988,154300.0
bhs,1989,158428.0
bhs,1990,162129.0
bhs,1991,166215.0
bhs,1992,169648.0
bhs,1993,172684.0
bhs,1994,175811.0
bhs,1995,179251.0
bhs,1996,181702.0
bhs,1997,184573.0
bhs,1998,187799.0
bhs,1999,191163.0
bhs,2000,194649.0
bhs,2001,200018.0
bhs,2002,205669.0
bhs,2003,211678.0
bhs,2004,218006.0
bhs,2005,224494.0
bhs,2006,229953.0
bhs,2007,235536.0
bhs,2008,241513.0
bhs,2009,247904.0
bhs,2010,254435.0
bhs,2011,258933.0
bhs,2012,263588.0
bhs,2013,267989.0
bhs,2014,271725.0
bhs,2015,274712.0
bhs,2016,277221.0
bih,1970,2277029.0
bih,1971,2319351.0
bih,1972,2357778.0
bih,1973,2395368.0
bih,1974,2436514.0
bih,1975,2482849.0
bih,1976,2527481.0
bih,1977,2576698.0
bih,1978,2629421.0
bih,1979,2683157.0
bih,1980,2736541.0
bih,1981,2793577.0
bih,1982,2847643.0
bih,1983,2899273.0
bih,1984,2950025.0
bih,1985,2999675.0
bih,1986,3043211.0
bih,1987,3084565.0
bih,1988,3113855.0
bih,1989,3118261.0
bih,1990,3091144.0
bih,1991,3029176.0
bih,1992,2935815.0
bih,1993,2827389.0
bih,1994,2725275.0
bih,1995,2643761.0
bih,1996,2597498.0
bih,1997,2574362.0
bih,1998,2568352.0
bih,1999,2570424.0
bih,2000,2573930.0
bih,2001,2573562.0
bih,2002,2577345.0
bih,2003,2584217.0
bih,2004,2592774.0
bih,2005,2601923.0
bih,2006,2614344.0
bih,2007,2622708.0
bih,2008,2626212.0
bih,2009,2624703.0
bih,2010,2617604.0
bih,2011,2590830.0
bih,2012,2561478.0
bih,2013,2530702.0
bih,2014,2499199.0
bih,2015,2468285.0
bih,2016,2449320.0
blr,1970,5643445.0
blr,1971,5739762.0
blr,1972,5832268.0
blr,1973,5918400.0
blr,1974,5996485.0
blr,1975,6065581.0
blr,1976,6119006.0
blr,1977,6185449.0
blr,1978,6263419.0
blr,1979,6338494.0
blr,1980,6408359.0
blr,1981,6480466.0
blr,1982,6544596.0
blr,1983,6602224.0
blr,1984,6654898.0
blr,1985,6701957.0
blr,1986,6731460.0
blr,1987,6760889.0
blr,1988,6764751.0
blr,1989,6768527.0
blr,1990,6764088.0
blr,1991,6742432.0
blr,1992,6736407.0
blr,1993,6738279.0
blr,1994,6727972.0
blr,1995,6716571.0
blr,1996,6725814.0
blr,1997,6734760.0
blr,1998,6746261.0
blr,1999,6765897.0
blr,2000,6783557.0
blr,2001,6778947.0
blr,2002,6765619.0
blr,2003,6749615.0
blr,2004,6738702.0
blr,2005,6732506.0
blr,2006,6721520.0
blr,2007,6727643.0
blr,2008,6740862.0
blr,2009,6753058.0
blr,2010,6754343.0
blr,2011,6728856.0
blr,2012,6697189.0
blr,2013,6662647.0
blr,2014,6628315.0
blr,2015,6598009.0
blr,2016,6558135.0
blz,1970,59369.0
blz,1971,60274.0
blz,1972,61119.0
blz,1973,61939.0
blz,1974,62784.0
blz,1975,63692.0
blz,1976,64668.0
blz,1977,65785.0
blz,1978,67151.0
blz,1979,68763.0
blz,1980,70573.0
blz,1981,73117.0
blz,1982,75701.0
blz,1983,78352.0
blz,1984,81166.0
blz,1985,84176.0
blz,1986,86806.0
blz,1987,89741.0
blz,1988,92784.0
blz,1989,95667.0
blz,1990,98296.0
blz,1991,100404.0
blz,1992,102153.0
blz,1993,103941.0
blz,1994,106237.0
blz,1995,109314.0
blz,1996,114097.0
blz,1997,119713.0
blz,1998,125680.0
blz,1999,131485.0
blz,2000,136891.0
blz,2001,142199.0
blz,2002,147309.0
blz,2003,152399.0
blz,2004,157723.0
blz,2005,163412.0
blz,2006,169388.0
blz,2007,175587.0
blz,2008,181919.0
blz,2009,188269.0
blz,2010,194536.0
blz,2011,201526.0
blz,2012,208361.0
blz,2013,215176.0
blz,2014,222102.0
blz,2015,229166.0
blz,2016,235740.0
bol,1970,2417140.0
bol,1971,2468569.0
bol,1972,2523122.0
bol,1973,2580321.0
bol,1974,2640149.0
bol,1975,2702729.0
bol,1976,2758540.0
bol,1977,2817217.0
bol,1978,2878651.0
bol,1979,2943101.0
bol,1980,3010840.0
bol,1981,3071709.0
bol,1982,3136910.0
bol,1983,3205394.0
bol,1984,3276058.0
bol,1985,3348628.0
bol,1986,3417772.0
bol,1987,3489528.0
bol,1988,3564060.0
bol,1989,3641830.0
bol,1990,3723276.0
bol,1991,3807244.0
bol,1992,3895440.0
bol,1993,3987824.0
bol,1994,4084339.0
bol,1995,4184812.0
bol,1996,4284809.0
bol,1997,4389473.0
bol,1998,4497778.0
bol,1999,4608740.0
bol,2000,4721818.0
bol,2001,4831106.0
bol,2002,4943791.0
bol,2003,5058698.0
bol,2004,5174600.0
bol,2005,5291042.0
bol,2006,5406971.0
bol,2007,5523347.0
bol,2008,5641218.0
bol,2009,5762395.0
bol,2010,5887749.0
bol,2011,6015119.0
bol,2012,6147512.0
bol,2013,6282974.0
bol,2014,6418360.0
bol,2015,6551647.0
bol,2016,6683948.0
bra,1970,51818270.0
bra,1971,53423740.0
bra,1972,55053703.0
bra,1973,56730737.0
bra,1974,58489688.0
bra,1975,60341850.0
bra,1976,62181348.0
bra,1977,64089561.0
bra,1978,66061580.0
bra,1979,68084775.0
bra,1980,70145391.0
bra,1981,72078671.0
bra,1982,74083876.0
bra,1983,76126978.0
bra,1984,78179014.0
bra,1985,80231574.0
bra,1986,82173117.0
bra,1987,84165242.0
bra,1988,86197194.0
bra,1989,88259981.0
bra,1990,90354814.0
bra,1991,92504647.0
bra,1992,94637067.0
bra,1993,96804022.0
bra,1994,99067514.0
bra,1995,101447505.0
bra,1996,103792330.0
bra,1997,106226861.0
bra,1998,108711345.0
bra,1999,111185470.0
bra,2000,113611797.0
bra,2001,115838942.0
bra,2002,118076415.0
bra,2003,120293448.0
bra,2004,122462351.0
bra,2005,124574843.0
bra,2006,126693491.0
bra,2007,128718032.0
bra,2008,130677686.0
bra,2009,132613519.0
bra,2010,134537486.0
bra,2011,136396096.0
bra,2012,138204657.0
bra,2013,139955289.0
bra,2014,141628142.0
bra,2015,143204007.0
bra,2016,144560447.0
brb,1970,130464.0
brb,1971,133495.0
brb,1972,136236.0
brb,1973,138780.0
brb,1974,141378.0
brb,1975,144106.0
brb,1976,145663.0
brb,1977,147588.0
brb,1978,149285.0
brb,1979,150260.0
brb,1980,150557.0
brb,1981,153088.0
brb,1982,155015.0
brb,1983,156691.0
brb,1984,158573.0
brb,1985,160829.0
brb,1986,162647.0
brb,1987,164919.0
brb,1988,167382.0
brb,1989,169619.0
brb,1990,171421.0
brb,1991,172881.0
brb,1992,173880.0
brb,1993,174595.0
brb,1994,175301.0
brb,1995,176117.0
brb,1996,176844.0
brb,1997,177653.0
brb,1998,178451.0
brb,1999,179094.0
brb,2000,179533.0
brb,2001,180904.0
brb,2002,182031.0
brb,2003,183009.0
brb,2004,184013.0
brb,2005,185100.0
brb,2006,186023.0
brb,2007,187019.0
brb,2008,187969.0
brb,2009,188665.0
brb,2010,189028.0
brb,2011,189564.0
brb,2012,189739.0
brb,2013,189604.0
brb,2014,189305.0
brb,2015,188920.0
brb,2016,188785.0
brn,1970,69316.0
brn,1971,73499.0
brn,1972,77645.0
brn,1973,81795.0
brn,1974,86065.0
brn,1975,90519.0
brn,1976,94486.0
brn,1977,98930.0
brn,1978,103603.0
brn,1979,108294.0
brn,1980,112940.0
brn,1981,116911.0
brn,1982,120722.0
brn,1983,124482.0
brn,1984,128378.0
brn,1985,132554.0
brn,1986,138383.0
brn,1987,144402.0
brn,1988,150437.0
brn,1989,156413.0
brn,1990,162325.0
brn,1991,167655.0
brn,1992,173211.0
brn,1993,178903.0
brn,1994,184738.0
brn,1995,190759.0
brn,1996,196758.0
brn,1997,203060.0
brn,1998,209582.0
brn,1999,216279.0
brn,2000,223122.0
brn,2001,229152.0
brn,2002,235404.0
brn,2003,241502.0
brn,2004,247265.0
brn,2005,252693.0
brn,2006,256959.0
brn,2007,261256.0
brn,2008,265551.0
brn,2009,269926.0
brn,2010,274553.0
brn,2011,280107.0
brn,2012,285625.0
brn,2013,291087.0
brn,2014,296452.0
brn,2015,301625.0
brn,2016,305929.0
btn,1970,163066.0
btn,1971,167413.0
btn,1972,172220.0
btn,1973,177422.0
btn,1974,182973.0
btn,1975,188839.0
btn,1976,194284.0
btn,1977,200187.0
btn,1978,206426.0
btn,1979,212894.0
btn,1980,219529.0
btn,1981,224597.0
btn,1982,229819.0
btn,1983,235445.0
btn,1984,241785.0
btn,1985,248959.0
btn,1986,257006.0
btn,1987,265876.0
btn,1988,274518.0
btn,1989,281690.0
btn,1990,286651.0
btn,1991,284838.0
btn,1992,280684.0
btn,1993,275634.0
btn,1994,271506.0
btn,1995,269595.0
btn,1996,274234.0
btn,1997,281673.0
btn,1998,291507.0
btn,1999,303156.0
btn,2000,316081.0
btn,2001,331927.0
btn,2002,349117.0
btn,2003,367028.0
btn,2004,384923.0
btn,2005,402358.0
btn,2006,417990.0
btn,2007,432907.0
btn,2008,447157.0
btn,2009,461060.0
btn,2010,474820.0
btn,2011,487272.0
btn,2012,499798.0
btn,2013,512095.0
btn,2014,523784.0
btn,2015,534656.0
btn,2016,544687.0
bwa,1970,338818.0
bwa,1971,351698.0
bwa,1972,365456.0
bwa,1973,380104.0
bwa,1974,395728.0
bwa,1975,412368.0
bwa,1976,430250.0
bwa,1977,449160.0
bwa,1978,468843.0
bwa,1979,489042.0
bwa,1980,509561.0
bwa,1981,528146.0
bwa,1982,547220.0
bwa,1983,566820.0
bwa,1984,587141.0
bwa,1985,608432.0
bwa,1986,629638.0
bwa,1987,652465.0
bwa,1988,676810.0
bwa,1989,702479.0
bwa,1990,729393.0
bwa,1991,758456.0
bwa,1992,787981.0
bwa,1993,818165.0
bwa,1994,849358.0
bwa,1995,881502.0
bwa,1996,909884.0
bwa,1997,939547.0
bwa,1998,969689.0
bwa,1999,999117.0
bwa,2000,1027212.0
bwa,2001,1051163.0
bwa,2002,1074166.0
bwa,2003,1096716.0
bwa,2004,1119671.0
bwa,2005,1143604.0
bwa,2006,1169511.0
bwa,2007,1195986.0
bwa,2008,1223115.0
bwa,2009,1250920.0
bwa,2010,1279280.0
bwa,2011,1307822.0
bwa,2012,1336912.0
bwa,2013,1366211.0
bwa,2014,1395455.0
bwa,2015,1424544.0
bwa,2016,1452622.0
caf,1970,1011094.0
caf,1971,1023772.0
caf,1972,1038014.0
caf,1973,1054057.0
caf,1974,1072260.0
caf,1975,1092912.0
caf,1976,1112867.0
caf,1977,1135907.0
caf,1978,1162041.0
caf,1979,1191327.0
caf,1980,1223691.0
caf,1981,1257584.0
caf,1982,1295225.0
caf,1983,1334909.0
caf,1984,1374644.0
caf,1985,1413216.0
caf,1986,1438503.0
caf,1987,1463177.0
caf,1988,1488875.0
caf,1989,1517794.0
caf,1990,1551495.0
caf,1991,1591193.0
caf,1992,1636733.0
caf,1993,1686655.0
caf,1994,1738981.0
caf,1995,1792269.0
caf,1996,1836732.0
caf,1997,1882121.0
caf,1998,1928604.0
caf,1999,1976607.0
caf,2000,2026289.0
caf,2001,2064157.0
caf,2002,2104023.0
caf,2003,2145586.0
caf,2004,2188477.0
caf,2005,2232471.0
caf,2006,2265847.0
caf,2007,2301251.0
caf,2008,2336443.0
caf,2009,2368588.0
caf,2010,2396101.0
caf,2011,2394506.0
caf,2012,2387876.0
caf,2013,2381420.0
caf,2014,2381467.0
caf,2015,2392238.0
caf,2016,2427789.0
can,1970,13192648.0
can,1971,13557073.0
can,1972,13926980.0
can,1973,14310915.0
can,1974,14722210.0
can,1975,15165646.0
can,1976,15483189.0
can,1977,15797947.0
can,1978,16092228.0
can,1979,16372847.0
can,1980,16680230.0
can,1981,16957660.0
can,1982,17212033.0
can,1983,17413496.0
can,1984,17594587.0
can,1985,17759544.0
can,1986,17927472.0
can,1987,18146383.0
can,1988,18358737.0
can,1989,18661055.0
can,1990,18911127.0
can,1991,19134830.0
can,1992,19335190.0
can,1993,19518524.0
can,1994,19692570.0
can,1995,19860057.0
can,1996,20074947.0
can,1997,20315651.0
can,1998,20539894.0
can,1999,20766010.0
can,2000,21005734.0
can,2001,21287659.0
can,2002,21541291.0
can,2003,21814609.0
can,2004,22091325.0
can,2005,22363362.0
can,2006,22581816.0
can,2007,22833520.0
can,2008,23097951.0
can,2009,23356178.0
can,2010,23582656.0
can,2011,23736792.0
can,2012,23932135.0
can,2013,24110323.0
can,2014,24258899.0
can,2015,24332020.0
can,2016,24477514.0
che,1970,4019441.0
che,1971,4031517.0
che,1972,4057115.0
che,1973,4085807.0
che,1974,4110975.0
che,1975,4117442.0
che,1976,4101184.0
che,1977,4097589.0
che,1978,4112978.0
che,1979,4141598.0
che,1980,4182329.0
che,1981,4232292.0
che,1982,4286799.0
che,1983,4334425.0
che,1984,4375235.0
che,1985,4414055.0
che,1986,4443968.0
che,1987,4477180.0
che,1988,4513148.0
che,1989,4549656.0
che,1990,4592887.0
che,1991,4643267.0
che,1992,4683507.0
che,1993,4713315.0
che,1994,4739770.0
che,1995,4764428.0
che,1996,4771530.0
che,1997,4773716.0
che,1998,4783100.0
che,1999,4804213.0
che,2000,4831633.0
che,2001,4869297.0
che,2002,4915439.0
che,2003,4962627.0
che,2004,5007720.0
che,2005,5049661.0
che,2006,5089381.0
che,2007,5141030.0
che,2008,5209807.0
che,2009,5274510.0
che,2010,5324410.0
che,2011,5375779.0
che,2012,5422272.0
che,2013,5470616.0
che,2014,5521093.0
che,2015,5567314.0
che,2016,5604484.0
chi,1970,78072.0
chi,1971,78830.0
chi,1972,79758.0
chi,1973,80763.0
chi,1974,81772.0
chi,1975,82714.0
chi,1976,83174.0
chi,1977,83596.0
chi,1978,84063.0
chi,1979,84692.0
chi,1980,85534.0
chi,1981,86537.0
chi,1982,87785.0
chi,1983,89154.0
chi,1984,90541.0
chi,1985,91877.0
chi,1986,93083.0
chi,1987,94318.0
chi,1988,95483.0
chi,1989,96529.0
chi,1990,97455.0
chi,1991,97806.0
chi,1992,98098.0
chi,1993,98319.0
chi,1994,98530.0
chi,1995,98799.0
chi,1996,99235.0
chi,1997,99749.0
chi,1998,100351.0
chi,1999,101055.0
chi,2000,101874.0
chi,2001,102630.0
chi,2002,103486.0
chi,2003,104417.0
chi,2004,105360.0
chi,2005,106253.0
chi,2006,106861.0
chi,2007,107566.0
chi,2008,108347.0
chi,2009,109159.0
chi,2010,109915.0
chi,2011,110357.0
chi,2012,110718.0
chi,2013,110995.0
chi,2014,111202.0
chi,2015,111362.0
chi,2016,111452.0
chl,1970,5384839.0
chl,1971,5512694.0
chl,1972,5646677.0
chl,1973,5785486.0
chl,1974,5927858.0
chl,1975,6073359.0
chl,1976,6222231.0
chl,1977,6370910.0
chl,1978,6521485.0
chl,1979,6676630.0
chl,1980,6837025.0
chl,1981,6996849.0
chl,1982,7160024.0
chl,1983,7325724.0
chl,1984,7491931.0
chl,1985,7657037.0
chl,1986,7816040.0
chl,1987,7975551.0
chl,1988,8133884.0
chl,1989,8290368.0
chl,1990,8445091.0
chl,1991,8591056.0
chl,1992,8740356.0
chl,1993,8891298.0
chl,1994,9042197.0
chl,1995,9192901.0
chl,1996,9349814.0
chl,1997,9503333.0
chl,1998,9657261.0
chl,1999,9816782.0
chl,2000,9983788.0
chl,2001,10152943.0
chl,2002,10328865.0
chl,2003,10508299.0
chl,2004,10685014.0
chl,2005,10854763.0
chl,2006,11016636.0
chl,2007,11171640.0
chl,2008,11320225.0
chl,2009,11464745.0
chl,2010,11606107.0
chl,2011,11735565.0
chl,2012,11865398.0
chl,2013,11991297.0
chl,2014,12107339.0
chl,2015,12210505.0
chl,2016,12304561.0
chn,1970,457286083.0
chn,1971,469451227.0
chn,1972,480681273.0
chn,1973,491635059.0
chn,1974,502809795.0
chn,1975,514296415.0
chn,1976,526697859.0
chn,1977,539548796.0
chn,1978,553710024.0
chn,1979,569051274.0
chn,1980,584784295.0
chn,1981,602077034.0
chn,1982,620384619.0
chn,1983,638502285.0
chn,1984,655607187.0
chn,1985,672465176.0
chn,1986,687464449.0
chn,1987,702649952.0
chn,1988,717230260.0
chn,1989,731001888.0
chn,1990,744532255.0
chn,1991,754138739.0
chn,1992,765514091.0
chn,1993,777790693.0
chn,1994,789660913.0
chn,1995,800307523.0
chn,1996,815234151.0
chn,1997,827112500.0
chn,1998,837704898.0
chn,1999,849725216.0
chn,2000,864439270.0
chn,2001,878404513.0
chn,2002,894813926.0
chn,2003,912514852.0
chn,2004,929318026.0
chn,2005,944068841.0
chn,2006,955751731.0
chn,2007,965895928.0
chn,2008,974377449.0
chn,2009,981227626.0
chn,2010,986577919.0
chn,2011,990704324.0
chn,2012,993567856.0
chn,2013,995254240.0
chn,2014,996046584.0
chn,2015,996030376.0
chn,2016,995072896.0
civ,1970,2750458.0
civ,1971,2868439.0
civ,1972,3001024.0
civ,1973,3145909.0
civ,1974,3300209.0
civ,1975,3461312.0
civ,1976,3612522.0
civ,1977,3772957.0
civ,1978,3942225.0
civ,1979,4120817.0
civ,1980,4308789.0
civ,1981,4485725.0
civ,1982,4677349.0
civ,1983,4880586.0
civ,1984,5091758.0
civ,1985,5308740.0
civ,1986,5509697.0
civ,1987,5716454.0
civ,1988,5932300.0
civ,1989,6162023.0
civ,1990,6407644.0
civ,1991,6651922.0
civ,1992,6913086.0
civ,1993,7186960.0
civ,1994,7466979.0
civ,1995,7747775.0
civ,1996,7992891.0
civ,1997,8239441.0
civ,1998,8483912.0
civ,1999,8722609.0
civ,2000,8952977.0
civ,2001,9108358.0
civ,2002,9257532.0
civ,2003,9407222.0
civ,2004,9565142.0
civ,2005,9737593.0
civ,2006,9930588.0
civ,2007,10140304.0
civ,2008,10370106.0
civ,2009,10622542.0
civ,2010,10897102.0
civ,2011,11193213.0
civ,2012,11514125.0
civ,2013,11855530.0
civ,2014,12210626.0
civ,2015,12573877.0
civ,2016,12917333.0
cmr,1970,3535352.0
cmr,1971,3602636.0
cmr,1972,3676360.0
cmr,1973,3756405.0
cmr,1974,3843203.0
cmr,1975,3937019.0
cmr,1976,4023247.0
cmr,1977,4118666.0
cmr,1978,4222522.0
cmr,1979,4333815.0
cmr,1980,4451922.0
cmr,1981,4562926.0
cmr,1982,4682025.0
cmr,1983,4809378.0
cmr,1984,4945632.0
cmr,1985,5091025.0
cmr,1986,5226334.0
cmr,1987,5374562.0
cmr,1988,5533294.0
cmr,1989,5699912.0
cmr,1990,5873492.0
cmr,1991,6036725.0
cmr,1992,6209631.0
cmr,1993,6392416.0
cmr,1994,6586044.0
cmr,1995,6791245.0
cmr,1996,6984358.0
cmr,1997,7191254.0
cmr,1998,7412135.0
cmr,1999,7646073.0
cmr,2000,7891926.0
cmr,2001,8125591.0
cmr,2002,8371473.0
cmr,2003,8629317.0
cmr,2004,8899418.0
cmr,2005,9181408.0
cmr,2006,9447618.0
cmr,2007,9731093.0
cmr,2008,10028072.0
cmr,2009,10334303.0
cmr,2010,10647973.0
cmr,2011,10948648.0
cmr,2012,11261710.0
cmr,2013,11587529.0
cmr,2014,11928208.0
cmr,2015,12285318.0
cmr,2016,12641093.0
cod,1970,10656889.0
cod,1971,10906471.0
cod,1972,11173184.0
cod,1973,11458736.0
cod,1974,11765474.0
cod,1975,12094873.0
cod,1976,12400222.0
cod,1977,12736308.0
cod,1978,13094162.0
cod,1979,13463533.0
cod,1980,13839020.0
cod,1981,14153817.0
cod,1982,14482203.0
cod,1983,14829175.0
cod,1984,15201605.0
cod,1985,15604744.0
cod,1986,15977892.0
cod,1987,16393875.0
cod,1988,16860662.0
cod,1989,17387353.0
cod,1990,17976222.0
cod,1991,18598522.0
cod,1992,19296907.0
cod,1993,20032199.0
cod,1994,20761590.0
cod,1995,21462870.0
cod,1996,22010650.0
cod,1997,22530660.0
cod,1998,23054735.0
cod,1999,23619358.0
cod,2000,24247251.0
cod,2001,24877483.0
cod,2002,25584835.0
cod,2003,26359017.0
cod,2004,27188068.0
cod,2005,28062944.0
cod,2006,28896834.0
cod,2007,29798134.0
cod,2008,30758106.0
cod,2009,31767410.0
cod,2010,32821935.0
cod,2011,33846846.0
cod,2012,34933582.0
cod,2013,36082254.0
cod,2014,37297867.0
cod,2015,38584608.0
cod,2016,39867115.0
cog,1970,719439.0
cog,1971,738168.0
cog,1972,758388.0
cog,1973,779883.0
cog,1974,802438.0
cog,1975,825883.0
cog,1976,846828.0
cog,1977,868956.0
cog,1978,892417.0
cog,1979,917447.0
cog,1980,944243.0
cog,1981,971081.0
cog,1982,1000338.0
cog,1983,1031645.0
cog,1984,1064562.0
cog,1985,1098850.0
cog,1986,1132334.0
cog,1987,1167348.0
cog,1988,1204091.0
cog,1989,1242879.0
cog,1990,1283866.0
cog,1991,1325123.0
cog,1992,1368861.0
cog,1993,1414794.0
cog,1994,1462463.0
cog,1995,1511554.0
cog,1996,1560317.0
cog,1997,1610844.0
cog,1998,1662796.0
cog,1999,1715942.0
cog,2000,1770162.0
cog,2001,1819506.0
cog,2002,1870863.0
cog,2003,1924940.0
cog,2004,1982672.0
cog,2005,2044708.0
cog,2006,2113060.0
cog,2007,2186090.0
cog,2008,2261711.0
cog,2009,2337690.0
cog,2010,2412474.0
cog,2011,2468874.0
cog,2012,2525091.0
cog,2013,2582438.0
cog,2014,2642817.0
cog,2015,2707955.0
cog,2016,2779937.0
col,1970,11179897.0
col,1971,11525714.0
col,1972,11896991.0
col,1973,12289820.0
col,1974,12696760.0
col,1975,13114134.0
col,1976,13571330.0
col,1977,14013735.0
col,1978,14458293.0
col,1979,14929949.0
col,1980,15437742.0
col,1981,15915060.0
col,1982,16441782.0
col,1983,16993473.0
col,1984,17533514.0
col,1985,18044256.0
col,1986,18531679.0
col,1987,18997504.0
col,1988,19450332.0
col,1989,19909162.0
col,1990,20385155.0
col,1991,20877764.0
col,1992,21375358.0
col,1993,21882870.0
col,1994,22404913.0
col,1995,22943126.0
col,1996,23475925.0
col,1997,24033711.0
col,1998,24607629.0
col,1999,25181950.0
col,2000,25747708.0
col,2001,26323556.0
col,2002,26878040.0
col,2003,27419620.0
col,2004,27964027.0
col,2005,28517252.0
col,2006,29037294.0
col,2007,29574386.0
col,2008,30112596.0
col,2009,30627619.0
col,2010,31107079.0
col,2011,31567145.0
col,2012,31989069.0
col,2013,32380427.0
col,2014,32755499.0
col,2015,33120684.0
col,2016,33463378.0
com,1970,120500.0
com,1971,122590.0
com,1972,124872.0
com,1973,127499.0
com,1974,130654.0
com,1975,134430.0
com,1976,138702.0
com,1977,143719.0
com,1978,149171.0
com,1979,154685.0
com,1980,160050.0
com,1981,164548.0
com,1982,168837.0
com,1983,173078.0
com,1984,177524.0
com,1985,182331.0
com,1986,186924.0
com,1987,192017.0
com,1988,197527.0
com,1989,203379.0
com,1990,209535.0
com,1991,215722.0
com,1992,222328.0
com,1993,229335.0
com,1994,236753.0
com,1995,244573.0
com,1996,252471.0
com,1997,260705.0
com,1998,269289.0
com,1999,278187.0
com,2000,287382.0
com,2001,296271.0
com,2002,305490.0
com,2003,314996.0
com,2004,324761.0
com,2005,334752.0
com,2006,344479.0
com,2007,354485.0
com,2008,364766.0
com,2009,375356.0
com,2010,386268.0
com,2011,396968.0
com,2012,408053.0
com,2013,419434.0
com,2014,431053.0
com,2015,442858.0
com,2016,454278.0
cpv,1970,128271.0
cpv,1971,129576.0
cpv,1972,129272.0
cpv,1973,128172.0
cpv,1974,127384.0
cpv,1975,127527.0
cpv,1976,127677.0
cpv,1977,128942.0
cpv,1978,131162.0
cpv,1979,133912.0
cpv,1980,136864.0
cpv,1981,141303.0
cpv,1982,145839.0
cpv,1983,150274.0
cpv,1984,154416.0
cpv,1985,158139.0
cpv,1986,160617.0
cpv,1987,162720.0
cpv,1988,164750.0
cpv,1989,167042.0
cpv,1990,169778.0
cpv,1991,173713.0
cpv,1992,178306.0
cpv,1993,183458.0
cpv,1994,188984.0
cpv,1995,194776.0
cpv,1996,200481.0
cpv,1997,206350.0
cpv,1998,212443.0
cpv,1999,218892.0
cpv,2000,225757.0
cpv,2001,233492.0
cpv,2002,241538.0
cpv,2003,249846.0
cpv,2004,258239.0
cpv,2005,266559.0
cpv,2006,274420.0
cpv,2007,281989.0
cpv,2008,289385.0
cpv,2009,296773.0
cpv,2010,304251.0
cpv,2011,311826.0
cpv,2012,319732.0
cpv,2013,327736.0
cpv,2014,335552.0
cpv,2015,342994.0
cpv,2016,350189.0
cri,1970,979010.0
cri,1971,1013776.0
cri,1972,1050867.0
cri,1973,1090378.0
cri,1974,1131901.0
cri,1975,1174991.0
cri,1976,1220740.0
cri,1977,1266481.0
cri,1978,1312824.0
cri,1979,1360634.0
cri,1980,1410030.0
cri,1981,1455599.0
cri,1982,1504265.0
cri,1983,1554090.0
cri,1984,1602500.0
cri,1985,1648310.0
cri,1986,1691755.0
cri,1987,1733242.0
cri,1988,1774098.0
cri,1989,1816772.0
cri,1990,1862820.0
cri,1991,1913692.0
cri,1992,1968232.0
cri,1993,2026345.0
cri,1994,2087512.0
cri,1995,2151186.0
cri,1996,2216774.0
cri,1997,2284867.0
cri,1998,2354610.0
cri,1999,2424954.0
cri,2000,2494968.0
cri,2001,2559043.0
cri,2002,2622847.0
cri,2003,2686099.0
cri,2004,2748230.0
cri,2005,2808951.0
cri,2006,2869839.0
cri,2007,2927584.0
cri,2008,2982782.0
cri,2009,3036545.0
cri,2010,3089117.0
cri,2011,3134925.0
cri,2012,3181032.0
cri,2013,3226179.0
cri,2014,3268521.0
cri,2015,3307336.0
cri,2016,3345218.0
cub,1970,4929368.0
cub,1971,5012024.0
cub,1972,5068236.0
cub,1973,5113925.0
cub,1974,5176847.0
cub,1975,5270507.0
cub,1976,5370017.0
cub,1977,5505224.0
cub,1978,5663302.0
cub,1979,5818523.0
cub,1980,5956077.0
cub,1981,6104290.0
cub,1982,6220892.0
cub,1983,6320407.0
cub,1984,6426861.0
cub,1985,6551045.0
cub,1986,6669198.0
cub,1987,6809716.0
cub,1988,6957214.0
cub,1989,7089114.0
cub,1990,7193913.0
cub,1991,7268485.0
cub,1992,7327673.0
cub,1993,7372432.0
cub,1994,7408377.0
cub,1995,7440599.0
cub,1996,7488205.0
cub,1997,7521380.0
cub,1998,7548875.0
cub,1999,7581279.0
cub,2000,7622521.0
cub,2001,7661663.0
cub,2002,7713232.0
cub,2003,7770239.0
cub,2004,7820673.0
cub,2005,7858549.0
cub,2006,7892071.0
cub,2007,7912684.0
cub,2008,7924508.0
cub,2009,7935165.0
cub,2010,7948263.0
cub,2011,7964814.0
cub,2012,7982747.0
cub,2013,7998126.0
cub,2014,8005323.0
cub,2015,8000828.0
cub,2016,7979569.0
cuw,1998,93219.0
cuw,1999,90104.0
cuw,2000,86775.0
cuw,2001,83972.0
cuw,2002,84444.0
cuw,2003,86656.0
cuw,2004,88623.0
cuw,2005,91300.0
cuw,2006,93930.0
cuw,2007,95944.0
cuw,2008,97254.0
cuw,2009,97809.0
cuw,2010,100007.0
cuw,2011,100766.0
cuw,2012,101579.0
cuw,2013,102283.0
cyp,1970,361821.0
cyp,1971,371579.0
cyp,1972,381289.0
cyp,1973,390308.0
cyp,1974,398588.0
cyp,1975,406517.0
cyp,1976,415417.0
cyp,1977,424684.0
cyp,1978,433831.0
cyp,1979,442370.0
cyp,1980,450028.0
cyp,1981,451654.0
cyp,1982,452795.0
cyp,1983,453859.0
cyp,1984,455679.0
cyp,1985,458979.0
cyp,1986,463601.0
cyp,1987,470336.0
cyp,1988,478206.0
cyp,1989,486525.0
cyp,1990,495256.0
cyp,1991,506842.0
cyp,1992,519293.0
cyp,1993,532343.0
cyp,1994,545983.0
cyp,1995,560201.0
cyp,1996,573572.0
cyp,1997,588337.0
cyp,1998,603870.0
cyp,1999,619651.0
cyp,2000,635501.0
cyp,2001,650445.0
cyp,2002,665432.0
cyp,2003,680440.0
cyp,2004,695759.0
cyp,2005,711519.0
cyp,2006,727066.0
cyp,2007,743240.0
cyp,2008,759204.0
cyp,2009,774038.0
cyp,2010,787129.0
cyp,2011,795454.0
cyp,2012,802076.0
cyp,2013,807177.0
cyp,2014,811526.0
cyp,2015,815845.0
cyp,2016,819142.0
cze,1970,6570570.0
cze,1971,6536040.0
cze,1972,6533552.0
cze,1973,6528857.0
cze,1974,6528885.0
cze,1975,6533472.0
cze,1976,6513754.0
cze,1977,6497075.0
cze,1978,6487657.0
cze,1979,6492243.0
cze,1980,6495101.0
cze,1981,6501467.0
cze,1982,6547264.0
cze,1983,6605131.0
cze,1984,6657711.0
cze,1985,6696298.0
cze,1986,6732961.0
cze,1987,6746276.0
cze,1988,6754141.0
cze,1989,6774519.0
cze,1990,6795790.0
cze,1991,6800884.0
cze,1992,6855381.0
cze,1993,6924948.0
cze,1994,6988504.0
cze,1995,7036464.0
cze,1996,7065205.0
cze,1997,7090819.0
cze,1998,7114726.0
cze,1999,7139787.0
cze,2000,7155550.0
cze,2001,7170683.0
cze,2002,7191376.0
cze,2003,7218217.0
cze,2004,7244769.0
cze,2005,7272905.0
cze,2006,7286259.0
cze,2007,7321646.0
cze,2008,7368945.0
cze,2009,7384597.0
cze,2010,7365574.0
cze,2011,7317107.0
cze,2012,7256958.0
cze,2013,7183756.0
cze,2014,7114159.0
cze,2015,7052649.0
cze,2016,6996648.0
deu,1970,49300316.0
deu,1971,49278983.0
deu,1972,49516038.0
deu,1973,49764451.0
deu,1974,49935792.0
deu,1975,49943767.0
deu,1976,50010811.0
deu,1977,50140845.0
deu,1978,50375105.0
deu,1979,50807745.0
deu,1980,51488140.0
deu,1981,52057813.0
deu,1982,52676755.0
deu,1983,53266465.0
deu,1984,53694601.0
deu,1985,53975104.0
deu,1986,54168442.0
deu,1987,54250261.0
deu,1988,54331370.0
deu,1989,54585066.0
deu,1990,54913138.0
deu,1991,55105285.0
deu,1992,55352577.0
deu,1993,55580836.0
deu,1994,55667023.0
deu,1995,55752647.0
deu,1996,55853735.0
deu,1997,55879717.0
deu,1998,55831727.0
deu,1999,55797630.0
deu,2000,55776076.0
deu,2001,55678735.0
deu,2002,55580926.0
deu,2003,55420095.0
deu,2004,55223842.0
deu,2005,55028609.0
deu,2006,54795061.0
deu,2007,54564846.0
deu,2008,54320350.0
deu,2009,54065699.0
deu,2010,53886909.0
deu,2011,52869965.0
deu,2012,52975852.0
deu,2013,53129191.0
deu,2014,53327698.0
deu,2015,53720119.0
deu,2016,54263836.0
dji,1970,83322.0
dji,1971,87673.0
dji,1972,92222.0
dji,1973,97601.0
dji,1974,104557.0
dji,1975,113475.0
dji,1976,124906.0
dji,1977,138999.0
dji,1978,154477.0
dji,1979,169744.0
dji,1980,183719.0
dji,1981,192156.0
dji,1982,198694.0
dji,1983,204886.0
dji,1984,212605.0
dji,1985,222986.0
dji,1986,238815.0
dji,1987,256991.0
dji,1988,275840.0
dji,1989,293663.0
dji,1990,309379.0
dji,1991,317443.0
dji,1992,323528.0
dji,1993,328719.0
dji,1994,334104.0
dji,1995,340625.0
dji,1996,351107.0
dji,1997,362629.0
dji,1998,374999.0
dji,1999,388206.0
dji,2000,401966.0
dji,2001,412970.0
dji,2002,424589.0
dji,2003,436652.0
dji,2004,448745.0
dji,2005,460740.0
dji,2006,472811.0
dji,2007,485112.0
dji,2008,497627.0
dji,2009,510405.0
dji,2010,523461.0
dji,2011,537024.0
dji,2012,550632.0
dji,2013,564353.0
dji,2014,578330.0
dji,2015,592545.0
dji,2016,605638.0
dnk,1970,3174761.0
dnk,1971,3190658.0
dnk,1972,3202373.0
dnk,1973,3216119.0
dnk,1974,3228186.0
dnk,1975,3238181.0
dnk,1976,3246711.0
dnk,1977,3261304.0
dnk,1978,3279613.0
dnk,1979,3298851.0
dnk,1980,3316624.0
dnk,1981,3330626.0
dnk,1982,3346171.0
dnk,1983,3363629.0
dnk,1984,3381217.0
dnk,1985,3399811.0
dnk,1986,3418438.0
dnk,1987,3432989.0
dnk,1988,3442217.0
dnk,1989,3451103.0
dnk,1990,3463436.0
dnk,1991,3472769.0
dnk,1992,3486039.0
dnk,1993,3499270.0
dnk,1994,3510923.0
dnk,1995,3526983.0
dnk,1996,3538680.0
dnk,1997,3545423.0
dnk,1998,3550427.0
dnk,1999,3554798.0
dnk,2000,3560284.0
dnk,2001,3566801.0
dnk,2002,3571923.0
dnk,2003,3575636.0
dnk,2004,3579185.0
dnk,2005,3583293.0
dnk,2006,3587338.0
dnk,2007,3595619.0
dnk,2008,3608864.0
dnk,2009,3619855.0
dnk,2010,3627218.0
dnk,2011,3629625.0
dnk,2012,3631271.0
dnk,2013,3632214.0
dnk,2014,3634215.0
dnk,2015,3643647.0
dnk,2016,3666472.0
dom,1970,2232318.0
dom,1971,2313203.0
dom,1972,2397509.0
dom,1973,2484806.0
dom,1974,2574795.0
dom,1975,2667269.0
dom,1976,2760477.0
dom,1977,2856103.0
dom,1978,2953418.0
dom,1979,3051436.0
dom,1980,3149592.0
dom,1981,3247793.0
dom,1982,3344782.0
dom,1983,3441034.0
dom,1984,3537614.0
dom,1985,3635168.0
dom,1986,3731045.0
dom,1987,3828717.0
dom,1988,3927273.0
dom,1989,4025219.0
dom,1990,4121987.0
dom,1991,4221477.0
dom,1992,4318651.0
dom,1993,4414628.0
dom,1994,4511483.0
dom,1995,4610347.0
dom,1996,4709242.0
dom,1997,4811531.0
dom,1998,4915963.0
dom,1999,5019913.0
dom,2000,5122072.0
dom,2001,5229439.0
dom,2002,5332311.0
dom,2003,5433219.0
dom,2004,5536130.0
dom,2005,5642724.0
dom,2006,5748621.0
dom,2007,5859133.0
dom,2008,5971451.0
dom,2009,6081029.0
dom,2010,6185612.0
dom,2011,6290819.0
dom,2012,6390543.0
dom,2013,6486104.0
dom,2014,6580083.0
dom,2015,6673789.0
dom,2016,6767761.0
dza,1970,7220494.0
dza,1971,7422071.0
dza,1972,7623386.0
dza,1973,7830328.0
dza,1974,8053886.0
dza,1975,8300027.0
dza,1976,8540496.0
dza,1977,8806299.0
dza,1978,9094792.0
dza,1979,9401451.0
dza,1980,9723871.0
dza,1981,10047876.0
dza,1982,10395858.0
dza,1983,10765257.0
dza,1984,11155018.0
dza,1985,11564448.0
dza,1986,11975728.0
dza,1987,12407718.0
dza,1988,12858026.0
dza,1989,13324827.0
dza,1990,13806990.0
dza,1991,14291315.0
dza,1992,14790717.0
dza,1993,15304308.0
dza,1994,15832316.0
dza,1995,16374751.0
dza,1996,16906787.0
dza,1997,17456362.0
dza,1998,18018559.0
dza,1999,18583470.0
dza,2000,19144447.0
dza,2001,19734527.0
dza,2002,20304857.0
dza,2003,20862869.0
dza,2004,21416138.0
dza,2005,21963019.0
dza,2006,22475875.0
dza,2007,22965441.0
dza,2008,23433829.0
dza,2009,23883916.0
dza,2010,24315242.0
dza,2011,24691566.0
dza,2012,25080157.0
dza,2013,25457105.0
dza,2014,25800849.0
dza,2015,26106760.0
dza,2016,26383347.0
eap,1970,613964737.0
eap,1971,630366002.0
eap,1972,646316923.0
eap,1973,662355421.0
eap,1974,678810015.0
eap,1975,695681820.0
eap,1976,713193704.0
eap,1977,731281345.0
eap,1978,750855104.0
eap,1979,771862507.0
eap,1980,793549742.0
eap,1981,816982324.0
eap,1982,841595355.0
eap,1983,866221225.0
eap,1984,890091378.0
eap,1985,913998153.0
eap,1986,935842858.0
eap,1987,958287834.0
eap,1988,980331321.0
eap,1989,1001540292.0
eap,1990,1022213088.0
eap,1991,1038653222.0
eap,1992,1056651418.0
eap,1993,1075484790.0
eap,1994,1094093433.0
eap,1995,1111803454.0
eap,1996,1133738942.0
eap,1997,1153018345.0
eap,1998,1171305529.0
eap,1999,1191058870.0
eap,2000,1213292056.0
eap,2001,1234193828.0
eap,2002,1257261381.0
eap,2003,1281492545.0
eap,2004,1304888486.0
eap,2005,1326347791.0
eap,2006,1344859108.0
eap,2007,1361908179.0
eap,2008,1377348155.0
eap,2009,1391084035.0
eap,2010,1403149345.0
eap,2011,1413749555.0
eap,2012,1422884948.0
eap,2013,1430662345.0
eap,2014,1437472383.0
eap,2015,1443430679.0
eap,2016,1447970079.0
eas,1970,725279919.0
eas,1971,743852438.0
eas,1972,761782867.0
eas,1973,779292216.0
eas,1974,798182512.0
eas,1975,817279290.0
eas,1976,836194827.0
eas,1977,856143033.0
eas,1978,877701671.0
eas,1979,900776701.0
eas,1980,924368313.0
eas,1981,950004977.0
eas,1982,976582341.0
eas,1983,1002992596.0
eas,1984,1028641674.0
eas,1985,1054440518.0
eas,1986,1078034584.0
eas,1987,1102428630.0
eas,1988,1126528141.0
eas,1989,1149690509.0
eas,1990,1171997479.0
eas,1991,1190045018.0
eas,1992,1209252150.0
eas,1993,1229043513.0
eas,1994,1248682280.0
eas,1995,1267621735.0
eas,1996,1290553580.0
eas,1997,1310742924.0
eas,1998,1329942308.0
eas,1999,1350378124.0
eas,2000,1373233319.0
eas,2001,1394852345.0
eas,2002,1418392203.0
eas,2003,1442880369.0
eas,2004,1466421824.0
eas,2005,1487980171.0
eas,2006,1506921522.0
eas,2007,1524333202.0
eas,2008,1540344435.0
eas,2009,1554344560.0
eas,2010,1566461030.0
eas,2011,1576852904.0
eas,2012,1585752858.0
eas,2013,1593140654.0
eas,2014,1599543887.0
eas,2015,1605056429.0
eas,2016,1609124990.0
eca,1970,199177586.0
eca,1971,202352597.0
eca,1972,205374013.0
eca,1973,208263218.0
eca,1974,211117253.0
eca,1975,213971878.0
eca,1976,216348912.0
eca,1977,218842634.0
eca,1978,221433692.0
eca,1979,224038783.0
eca,1980,226711517.0
eca,1981,229468051.0
eca,1982,232077714.0
eca,1983,234609144.0
eca,1984,237259560.0
eca,1985,239879212.0
eca,1986,242053847.0
eca,1987,244261745.0
eca,1988,246431912.0
eca,1989,248507928.0
eca,1990,250034838.0
eca,1991,250531086.0
eca,1992,251211159.0
eca,1993,252104005.0
eca,1994,252848789.0
eca,1995,253853371.0
eca,1996,255323379.0
eca,1997,257129470.0
eca,1998,259009125.0
eca,1999,260953607.0
eca,2000,262773855.0
eca,2001,263764976.0
eca,2002,264711134.0
eca,2003,266056126.0
eca,2004,267672276.0
eca,2005,269475490.0
eca,2006,271001287.0
eca,2007,272732510.0
eca,2008,274602222.0
eca,2009,276614932.0
eca,2010,278357389.0
eca,2011,279452833.0
eca,2012,280307043.0
eca,2013,281030442.0
eca,2014,281541581.0
eca,2015,281983849.0
eca,2016,281928430.0
ecs,1970,464860213.0
ecs,1971,469157792.0
ecs,1972,473850525.0
ecs,1973,478517663.0
ecs,1974,483183271.0
ecs,1975,487883213.0
ecs,1976,491787488.0
ecs,1977,495820228.0
ecs,1978,500171340.0
ecs,1979,504981875.0
ecs,1980,510384804.0
ecs,1981,515751096.0
ecs,1982,521187152.0
ecs,1983,526575275.0
ecs,1984,531801138.0
ecs,1985,536572078.0
ecs,1986,540210677.0
ecs,1987,543560689.0
ecs,1988,546734688.0
ecs,1989,549922422.0
ecs,1990,552732275.0
ecs,1991,554169531.0
ecs,1992,556046693.0
ecs,1993,558053179.0
ecs,1994,559719939.0
ecs,1995,561620886.0
ecs,1996,563842428.0
ecs,1997,566457684.0
ecs,1998,569171326.0
ecs,1999,572063344.0
ecs,2000,574658888.0
ecs,2001,576776039.0
ecs,2002,579040351.0
ecs,2003,581807499.0
ecs,2004,584930225.0
ecs,2005,588264889.0
ecs,2006,590964130.0
ecs,2007,594131935.0
ecs,2008,597400221.0
ecs,2009,600249036.0
ecs,2010,602246094.0
ecs,2011,602140423.0
ecs,2012,602578483.0
ecs,2013,603006435.0
ecs,2014,603198409.0
ecs,2015,603314574.0
ecs,2016,603349521.0
ecu,1970,3129085.0
ecu,1971,3227688.0
ecu,1972,3332256.0
ecu,1973,3441824.0
ecu,1974,3555918.0
ecu,1975,3674463.0
ecu,1976,3790267.0
ecu,1977,3911295.0
ecu,1978,4037718.0
ecu,1979,4170009.0
ecu,1980,4308379.0
ecu,1981,4446329.0
ecu,1982,4590095.0
ecu,1983,4739520.0
ecu,1984,4894247.0
ecu,1985,5053739.0
ecu,1986,5210502.0
ecu,1987,5372215.0
ecu,1988,5538051.0
ecu,1989,5707301.0
ecu,1990,5879528.0
ecu,1991,6046946.0
ecu,1992,6218894.0
ecu,1993,6393886.0
ecu,1994,6570232.0
ecu,1995,6747083.0
ecu,1996,6918711.0
ecu,1997,7089865.0
ecu,1998,7261356.0
ecu,1999,7434788.0
ecu,2000,7610812.0
ecu,2001,7779642.0
ecu,2002,7952222.0
ecu,2003,8128157.0
ecu,2004,8305771.0
ecu,2005,8484199.0
ecu,2006,8674437.0
ecu,2007,8862504.0
ecu,2008,9050110.0
ecu,2009,9240209.0
ecu,2010,9433501.0
ecu,2011,9621695.0
ecu,2012,9815093.0
ecu,2013,10009231.0
ecu,2014,10197616.0
ecu,2015,10377038.0
ecu,2016,10550807.0
egy,1970,18841924.0
egy,1971,19258714.0
egy,1972,19722969.0
egy,1973,20228014.0
egy,1974,20756469.0
egy,1975,21298920.0
egy,1976,21819230.0
egy,1977,22349527.0
egy,1978,22899261.0
egy,1979,23482732.0
egy,1980,24105504.0
egy,1981,24709137.0
egy,1982,25358073.0
egy,1983,26044343.0
egy,1984,26753393.0
egy,1985,27477101.0
egy,1986,28205747.0
egy,1987,28949228.0
egy,1988,29704063.0
egy,1989,30478801.0
egy,1990,31281884.0
egy,1991,32000452.0
egy,1992,32796985.0
egy,1993,33656335.0
egy,1994,34551726.0
egy,1995,35473383.0
egy,1996,36508275.0
egy,1997,37534360.0
egy,1998,38586214.0
egy,1999,39710954.0
egy,2000,40922902.0
egy,2001,42152360.0
egy,2002,43449580.0
egy,2003,44787114.0
egy,2004,46122599.0
egy,2005,47429085.0
egy,2006,48589257.0
egy,2007,49767532.0
egy,2008,50937453.0
egy,2009,52056574.0
egy,2010,53104465.0
egy,2011,54187609.0
egy,2012,55126142.0
egy,2013,55994411.0
egy,2014,56917392.0
egy,2015,57954831.0
egy,2016,58789880.0
emu,1970,181179540.0
emu,1971,182044434.0
emu,1972,183290087.0
emu,1973,184625203.0
emu,1974,185999202.0
emu,1975,187433359.0
emu,1976,188679213.0
emu,1977,189941255.0
emu,1978,191413253.0
emu,1979,193216109.0
emu,1980,195414814.0
emu,1981,197555108.0
emu,1982,199813260.0
emu,1983,202041299.0
emu,1984,204007919.0
emu,1985,205647714.0
emu,1986,206805800.0
emu,1987,207734388.0
emu,1988,208574449.0
emu,1989,209546436.0
emu,1990,210606401.0
emu,1991,211285961.0
emu,1992,212176918.0
emu,1993,212971200.0
emu,1994,213526295.0
emu,1995,214023885.0
emu,1996,214471911.0
emu,1997,214901756.0
emu,1998,215278561.0
emu,1999,215724776.0
emu,2000,216256914.0
emu,2001,216853379.0
emu,2002,217634156.0
emu,2003,218507831.0
emu,2004,219416972.0
emu,2005,220300578.0
emu,2006,220922725.0
emu,2007,221743532.0
emu,2008,222506131.0
emu,2009,222816988.0
emu,2010,222788435.0
emu,2011,221509996.0
emu,2012,221128343.0
emu,2013,220926645.0
emu,2014,220698124.0
emu,2015,220457708.0
emu,2016,220610144.0
eri,1970,967050.0
eri,1971,989441.0
eri,1972,1015025.0
eri,1973,1043197.0
eri,1974,1073068.0
eri,1975,1104155.0
eri,1976,1132884.0
eri,1977,1163290.0
eri,1978,1195544.0
eri,1979,1229894.0
eri,1980,1266353.0
eri,1981,1300457.0
eri,1982,1336278.0
eri,1983,1374070.0
eri,1984,1414124.0
eri,1985,1456287.0
eri,1986,1493658.0
eri,1987,1533674.0
eri,1988,1572336.0
eri,1989,1604861.0
eri,1990,1628554.0
eri,1991,1612759.0
eri,1992,1587372.0
eri,1993,1558854.0
eri,1994,1535020.0
eri,1995,1521630.0
eri,1996,1549240.0
eri,1997,1588175.0
eri,1998,1638111.0
eri,1999,1697601.0
eri,2000,1764550.0
eri,2001,1847425.0
eri,2002,1938191.0
eri,2003,2032193.0
eri,2004,2123293.0
eri,2005,2206952.0
eri,2006,2257995.0
eri,2007,2301214.0
eri,2008,2338272.0
eri,2009,2372354.0
eri,2010,2406710.0
eri,2011,2442737.0
esp,1970,21055277.0
esp,1971,21290850.0
esp,1972,21517404.0
esp,1973,21760208.0
esp,1974,22017394.0
esp,1975,22288670.0
esp,1976,22528246.0
esp,1977,22787594.0
esp,1978,23057429.0
esp,1979,23334606.0
esp,1980,23620382.0
esp,1981,23885926.0
esp,1982,24160056.0
esp,1983,24428011.0
esp,1984,24681005.0
esp,1985,24913392.0
esp,1986,25152134.0
esp,1987,25355820.0
esp,1988,25536961.0
esp,1989,25712001.0
esp,1990,25885178.0
esp,1991,26082755.0
esp,1992,26355035.0
esp,1993,26634848.0
esp,1994,26881880.0
esp,1995,27086801.0
esp,1996,27261489.0
esp,1997,27417470.0
esp,1998,27554608.0
esp,1999,27679147.0
esp,2000,27807867.0
esp,2001,28067055.0
esp,2002,28519949.0
esp,2003,29079453.0
esp,2004,29608670.0
esp,2005,30118033.0
esp,2006,30577300.0
esp,2007,31088060.0
esp,2008,31515008.0
esp,2009,31707969.0
esp,2010,31757873.0
esp,2011,31672167.0
esp,2012,31501544.0
esp,2013,31215463.0
esp,2014,30946615.0
esp,2015,30755139.0
esp,2016,30678609.0
est,1970,900344.0
est,1971,910729.0
est,1972,920117.0
est,1973,928160.0
est,1974,935863.0
est,1975,943476.0
est,1976,948239.0
est,1977,954225.0
est,1978,960539.0
est,1979,966221.0
est,1980,972933.0
est,1981,981578.0
est,1982,990682.0
est,1983,999544.0
est,1984,1007946.0
est,1985,1016132.0
est,1986,1022974.0
est,1987,1029806.0
est,1988,1034777.0
est,1989,1037666.0
est,1990,1038087.0
est,1991,1029014.0
est,1992,1008239.0
est,1993,981961.0
est,1994,961429.0
est,1995,945052.0
est,1996,936224.0
est,1997,930192.0
est,1998,925525.0
est,1999,932548.0
est,2000,941558.0
est,2001,937634.0
est,2002,933627.0
est,2003,929750.0
est,2004,926110.0
est,2005,922442.0
est,2006,915809.0
est,2007,910554.0
est,2008,906547.0
est,2009,902289.0
est,2010,896652.0
est,2011,888374.0
est,2012,879510.0
est,2013,870402.0
est,2014,861757.0
est,2015,855642.0
est,2016,851151.0
eth,1970,15149880.0
eth,1971,15509887.0
eth,1972,15903979.0
eth,1973,16307169.0
eth,1974,16692637.0
eth,1975,17046701.0
eth,1976,17310515.0
eth,1977,17526106.0
eth,1978,17723550.0
eth,1979,17945979.0
eth,1980,18225514.0
eth,1981,18551562.0
eth,1982,18989863.0
eth,1983,19521470.0
eth,1984,20119318.0
eth,1985,20761974.0
eth,1986,21364115.0
eth,1987,22019263.0
eth,1988,22725293.0
eth,1989,23488000.0
eth,1990,24314160.0
eth,1991,25108773.0
eth,1992,25978759.0
eth,1993,26905128.0
eth,1994,27862620.0
eth,1995,28836391.0
eth,1996,29721250.0
eth,1997,30621285.0
eth,1998,31546870.0
eth,1999,32518658.0
eth,2000,33549770.0
eth,2001,34492503.0
eth,2002,35520673.0
eth,2003,36613270.0
eth,2004,37749321.0
eth,2005,38927689.0
eth,2006,40146839.0
eth,2007,41431471.0
eth,2008,42799277.0
eth,2009,44263703.0
eth,2010,45822905.0
eth,2011,47498761.0
eth,2012,49238285.0
eth,2013,51042477.0
eth,2014,52911554.0
eth,2015,54839134.0
eth,2016,56725456.0
euu,1970,281382613.0
euu,1971,282698788.0
euu,1972,284482787.0
euu,1973,286303160.0
euu,1974,288093549.0
euu,1975,289873745.0
euu,1976,291507999.0
euu,1977,293024035.0
euu,1978,294714879.0
euu,1979,296665820.0
euu,1980,299136671.0
euu,1981,302104446.0
euu,1982,305218047.0
euu,1983,308351480.0
euu,1984,311179660.0
euu,1985,313510862.0
euu,1986,315275218.0
euu,1987,316485795.0
euu,1988,317408684.0
euu,1989,318274709.0
euu,1990,319197746.0
euu,1991,319873276.0
euu,1992,320876798.0
euu,1993,322059403.0
euu,1994,322942420.0
euu,1995,323743168.0
euu,1996,324393159.0
euu,1997,325197628.0
euu,1998,325895905.0
euu,1999,326842718.0
euu,2000,327619802.0
euu,2001,328626520.0
euu,2002,329697709.0
euu,2003,331057314.0
euu,2004,332465449.0
euu,2005,333799394.0
euu,2006,335012445.0
euu,2007,336128153.0
euu,2008,337130246.0
euu,2009,337641623.0
euu,2010,337703055.0
euu,2011,337598284.0
euu,2012,336030619.0
euu,2013,335187010.0
fin,1970,3049519.0
fin,1971,3064954.0
fin,1972,3094731.0
fin,1973,3123410.0
fin,1974,3149934.0
fin,1975,3172901.0
fin,1976,3188637.0
fin,1977,3199434.0
fin,1978,3209000.0
fin,1979,3219539.0
fin,1980,3234984.0
fin,1981,3249059.0
fin,1982,3273736.0
fin,1983,3301749.0
fin,1984,3324328.0
fin,1985,3337238.0
fin,1986,3345393.0
fin,1987,3347249.0
fin,1988,3346355.0
fin,1989,3347911.0
fin,1990,3353773.0
fin,1991,3364642.0
fin,1992,3375456.0
fin,1993,3384581.0
fin,1994,3394770.0
fin,1995,3407117.0
fin,1996,3413296.0
fin,1997,3425190.0
fin,1998,3439764.0
fin,1999,3452484.0
fin,2000,3461337.0
fin,2001,3471496.0
fin,2002,3477101.0
fin,2003,3479896.0
fin,2004,3485628.0
fin,2005,3495665.0
fin,2006,3507504.0
fin,2007,3523428.0
fin,2008,3540082.0
fin,2009,3551335.0
fin,2010,3553105.0
fin,2011,3544514.0
fin,2012,3530660.0
fin,2013,3512334.0
fin,2014,3492007.0
fin,2015,3471008.0
fin,2016,3453353.0
fji,1970,280964.0
fji,1971,290003.0
fji,1972,299665.0
fji,1973,309832.0
fji,1974,320274.0
fji,1975,330776.0
fji,1976,337887.0
fji,1977,345019.0
fji,1978,352478.0
fji,1979,360615.0
fji,1980,369550.0
fji,1981,379222.0
fji,1982,389681.0
fji,1983,399617.0
fji,1984,407825.0
fji,1985,414003.0
fji,1986,418105.0
fji,1987,420344.0
fji,1988,421770.0
fji,1989,423752.0
fji,1990,427185.0
fji,1991,433189.0
fji,1992,440579.0
fji,1993,449239.0
fji,1994,458738.0
fji,1995,468486.0
fji,1996,474810.0
fji,1997,481741.0
fji,1998,488548.0
fji,1999,494425.0
fji,2000,499217.0
fji,2001,508657.0
fji,2002,516090.0
fji,2003,522576.0
fji,2004,529404.0
fji,2005,537117.0
fji,2006,541007.0
fji,2007,546870.0
fji,2008,554115.0
fji,2009,561766.0
fji,2010,569037.0
fji,2011,572286.0
fji,2012,575335.0
fji,2013,578140.0
fji,2014,580843.0
fji,2015,583683.0
fji,2016,587548.0
fra,1970,32478512.0
fra,1971,32773700.0
fra,1972,33088597.0
fra,1973,33413863.0
fra,1974,33740992.0
fra,1975,34062942.0
fra,1976,34277823.0
fra,1977,34496990.0
fra,1978,34741355.0
fra,1979,35035616.0
fra,1980,35394814.0
fra,1981,35831090.0
fra,1982,36306869.0
fra,1983,36795833.0
fra,1984,37260105.0
fra,1985,37669485.0
fra,1986,37912153.0
fra,1987,38134896.0
fra,1988,38335130.0
fra,1989,38512975.0
fra,1990,38675721.0
fra,1991,38630940.0
fra,1992,38740240.0
fra,1993,38823129.0
fra,1994,38891024.0
fra,1995,38966476.0
fra,1996,39059011.0
fra,1997,39156725.0
fra,1998,39270998.0
fra,1999,39456467.0
fra,2000,39722631.0
fra,2001,39980803.0
fra,2002,40257415.0
fra,2003,40538796.0
fra,2004,40837904.0
fra,2005,41146744.0
fra,2006,41420803.0
fra,2007,41674181.0
fra,2008,41890670.0
fra,2009,42043006.0
fra,2010,42120372.0
fra,2011,42127934.0
fra,2012,42075989.0
fra,2013,41998882.0
fra,2014,41917948.0
fra,2015,41837530.0
fra,2016,41796373.0
fsm,1970,31158.0
fsm,1971,31255.0
fsm,1972,31084.0
fsm,1973,30798.0
fsm,1974,30572.0
fsm,1975,30519.0
fsm,1976,31277.0
fsm,1977,32237.0
fsm,1978,33359.0
fsm,1979,34572.0
fsm,1980,35835.0
fsm,1981,37308.0
fsm,1982,38799.0
fsm,1983,40333.0
fsm,1984,41928.0
fsm,1985,43584.0
fsm,1986,44890.0
fsm,1987,46237.0
fsm,1988,47625.0
fsm,1989,49010.0
fsm,1990,50397.0
fsm,1991,51741.0
fsm,1992,53097.0
fsm,1993,54448.0
fsm,1994,55760.0
fsm,1995,56929.0
fsm,1996,57837.0
fsm,1997,58450.0
fsm,1998,58960.0
fsm,1999,59497.0
fsm,2000,60120.0
fsm,2001,60088.0
fsm,2002,60211.0
fsm,2003,60408.0
fsm,2004,60600.0
fsm,2005,60740.0
fsm,2006,60880.0
fsm,2007,60973.0
fsm,2008,61057.0
fsm,2009,61182.0
fsm,2010,61398.0
fsm,2011,61884.0
fsm,2012,62449.0
fsm,2013,63074.0
fsm,2014,63702.0
fsm,2015,64309.0
fsm,2016,64923.0
gab,1970,349330.0
gab,1971,352137.0
gab,1972,355278.0
gab,1973,358811.0
gab,1974,362862.0
gab,1975,367575.0
gab,1976,372116.0
gab,1977,377433.0
gab,1978,383522.0
gab,1979,390380.0
gab,1980,397996.0
gab,1981,405121.0
gab,1982,413148.0
gab,1983,422025.0
gab,1984,431669.0
gab,1985,442017.0
gab,1986,451939.0
gab,1987,462789.0
gab,1988,474397.0
gab,1989,486593.0
gab,1990,499311.0
gab,1991,511647.0
gab,1992,524725.0
gab,1993,538542.0
gab,1994,553130.0
gab,1995,568533.0
gab,1996,584298.0
gab,1997,600999.0
gab,1998,618687.0
gab,1999,637444.0
gab,2000,657346.0
gab,2001,678534.0
gab,2002,701227.0
gab,2003,725474.0
gab,2004,751328.0
gab,2005,778845.0
gab,2006,810305.0
gab,2007,843221.0
gab,2008,877645.0
gab,2009,913779.0
gab,2010,951608.0
gab,2011,990704.0
gab,2012,1031817.0
gab,2013,1073512.0
gab,2014,1114175.0
gab,2015,1152776.0
gab,2016,1181086.0
gbr,1970,34961051.0
gbr,1971,34977731.0
gbr,1972,34998902.0
gbr,1973,35014483.0
gbr,1974,35044334.0
gbr,1975,35112950.0
gbr,1976,35188535.0
gbr,1977,35311996.0
gbr,1978,35499142.0
gbr,1979,35756867.0
gbr,1980,36050971.0
gbr,1981,36269297.0
gbr,1982,36476485.0
gbr,1983,36700644.0
gbr,1984,36936329.0
gbr,1985,37148165.0
gbr,1986,37223031.0
gbr,1987,37269389.0
gbr,1988,37297586.0
gbr,1989,37325273.0
gbr,1990,37361915.0
gbr,1991,37391097.0
gbr,1992,37401034.0
gbr,1993,37403699.0
gbr,1994,37434237.0
gbr,1995,37502368.0
gbr,1996,37595356.0
gbr,1997,37724418.0
gbr,1998,37894486.0
gbr,1999,38098257.0
gbr,2000,38322601.0
gbr,2001,38559216.0
gbr,2002,38833981.0
gbr,2003,39136786.0
gbr,2004,39477562.0
gbr,2005,39850079.0
gbr,2006,40186774.0
gbr,2007,40522451.0
gbr,2008,40834771.0
gbr,2009,41103390.0
gbr,2010,41350322.0
gbr,2011,41474839.0
gbr,2012,41563441.0
gbr,2013,41637474.0
gbr,2014,41744392.0
gbr,2015,41873827.0
gbr,2016,42028042.0
geo,1970,2533733.0
geo,1971,2576539.0
geo,1972,2619227.0
geo,1973,2659493.0
geo,1974,2700686.0
geo,1975,2739302.0
geo,1976,2772844.0
geo,1977,2806487.0
geo,1978,2838382.0
geo,1979,2875007.0
geo,1980,2914361.0
geo,1981,2951703.0
geo,1982,2989231.0
geo,1983,3025942.0
geo,1984,3059439.0
geo,1985,3091008.0
geo,1986,3116439.0
geo,1987,3139624.0
geo,1988,3167112.0
geo,1989,3169723.0
geo,1990,3161153.0
geo,1991,3166314.0
geo,1992,3171136.0
geo,1993,3175692.0
geo,1994,3127859.0
geo,1995,3036622.0
geo,1996,2961145.0
geo,1997,2912757.0
geo,1998,2894165.0
geo,1999,2882779.0
geo,2000,2871065.0
geo,2001,2858648.0
geo,2002,2846053.0
geo,2003,2817077.0
geo,2004,2792361.0
geo,2005,2773540.0
geo,2006,2749528.0
geo,2007,2728443.0
geo,2008,2708713.0
geo,2009,2685365.0
geo,2010,2656720.0
geo,2011,2619608.0
geo,2012,2580892.0
geo,2013,2540460.0
geo,2014,2497565.0
geo,2015,2478218.0
geo,2016,2466709.0
gha,1970,4462198.0
gha,1971,4558257.0
gha,1972,4674936.0
gha,1973,4803083.0
gha,1974,4931060.0
gha,1975,5052858.0
gha,1976,5144841.0
gha,1977,5231676.0
gha,1978,5325140.0
gha,1979,5439542.0
gha,1980,5582766.0
gha,1981,5754133.0
gha,1982,5961079.0
gha,1983,6191921.0
gha,1984,6432207.0
gha,1985,6672766.0
gha,1986,6891109.0
gha,1987,7110656.0
gha,1988,7334660.0
gha,1989,7568106.0
gha,1990,7814070.0
gha,1991,8051542.0
gha,1992,8303471.0
gha,1993,8565884.0
gha,1994,8833611.0
gha,1995,9103684.0
gha,1996,9358964.0
gha,1997,9616244.0
gha,1998,9880735.0
gha,1999,10159750.0
gha,2000,10457419.0
gha,2001,10741870.0
gha,2002,11050125.0
gha,2003,11377406.0
gha,2004,11716777.0
gha,2005,12065075.0
gha,2006,12419701.0
gha,2007,12784290.0
gha,2008,13160779.0
gha,2009,13550248.0
gha,2010,13950320.0
gha,2011,14334938.0
gha,2012,14728230.0
gha,2013,15128421.0
gha,2014,15534587.0
gha,2015,15947668.0
gha,2016,16341478.0
gin,1970,2352527.0
gin,1971,2373396.0
gin,1972,2390571.0
gin,1973,2405098.0
gin,1974,2418904.0
gin,1975,2433523.0
gin,1976,2432276.0
gin,1977,2434418.0
gin,1978,2441971.0
gin,1979,2457270.0
gin,1980,2481725.0
gin,1981,2508621.0
gin,1982,2550851.0
gin,1983,2604771.0
gin,1984,2666363.0
gin,1985,2733536.0
gin,1986,2794366.0
gin,1987,2863165.0
gin,1988,2946610.0
gin,1989,3053048.0
gin,1990,3185946.0
gin,1991,3347412.0
gin,1992,3538422.0
gin,1993,3741883.0
gin,1994,3938097.0
gin,1995,4115830.0
gin,1996,4240780.0
gin,1997,4342445.0
gin,1998,4430528.0
gin,1999,4517310.0
gin,2000,4611124.0
gin,2001,4694145.0
gin,2002,4785129.0
gin,2003,4884501.0
gin,2004,4992184.0
gin,2005,5107941.0
gin,2006,5218675.0
gin,2007,5341899.0
gin,2008,5475342.0
gin,2009,5616493.0
gin,2010,5763812.0
gin,2011,5905185.0
gin,2012,6055845.0
gin,2013,6215931.0
gin,2014,6385656.0
gin,2015,6565081.0
gin,2016,6748593.0
gmb,1970,253809.0
gmb,1971,256250.0
gmb,1972,261015.0
gmb,1973,267589.0
gmb,1974,275068.0
gmb,1975,282767.0
gmb,1976,288236.0
gmb,1977,293400.0
gmb,1978,298789.0
gmb,1979,305431.0
gmb,1980,313944.0
gmb,1981,320510.0
gmb,1982,330012.0
gmb,1983,342017.0
gmb,1984,355885.0
gmb,1985,371203.0
gmb,1986,388817.0
gmb,1987,408148.0
gmb,1988,428308.0
gmb,1989,448666.0
gmb,1990,468894.0
gmb,1991,482204.0
gmb,1992,495421.0
gmb,1993,509165.0
gmb,1994,523957.0
gmb,1995,540067.0
gmb,1996,555306.0
gmb,1997,572239.0
gmb,1998,590739.0
gmb,1999,610628.0
gmb,2000,631651.0
gmb,2001,650341.0
gmb,2002,670812.0
gmb,2003,692726.0
gmb,2004,715702.0
gmb,2005,739561.0
gmb,2006,761949.0
gmb,2007,785648.0
gmb,2008,810874.0
gmb,2009,837899.0
gmb,2010,866786.0
gmb,2011,895513.0
gmb,2012,926218.0
gmb,2013,958732.0
gmb,2014,992846.0
gmb,2015,1028370.0
gmb,2016,1062851.0
gnb,1970,404352.0
gnb,1971,411221.0
gnb,1972,418437.0
gnb,1973,425314.0
gnb,1974,431067.0
gnb,1975,435238.0
gnb,1976,433597.0
gnb,1977,430586.0
gnb,1978,427305.0
gnb,1979,425214.0
gnb,1980,425321.0
gnb,1981,428624.0
gnb,1982,434290.0
gnb,1983,441857.0
gnb,1984,450719.0
gnb,1985,460407.0
gnb,1986,468351.0
gnb,1987,477866.0
gnb,1988,488679.0
gnb,1989,500464.0
gnb,1990,513111.0
gnb,1991,525537.0
gnb,1992,538756.0
gnb,1993,552728.0
gnb,1994,567482.0
gnb,1995,582930.0
gnb,1996,593716.0
gnb,1997,605366.0
gnb,1998,617859.0
gnb,1999,631210.0
gnb,2000,645631.0
gnb,2001,661893.0
gnb,2002,679654.0
gnb,2003,698860.0
gnb,2004,719321.0
gnb,2005,740782.0
gnb,2006,761178.0
gnb,2007,782708.0
gnb,2008,805300.0
gnb,2009,828925.0
gnb,2010,853574.0
gnb,2011,876839.0
gnb,2012,901741.0
gnb,2013,927786.0
gnb,2014,954416.0
gnb,2015,981392.0
gnb,2016,1006798.0
gnq,1970,173381.0
gnq,1971,169893.0
gnq,1972,164796.0
gnq,1973,158862.0
gnq,1974,152991.0
gnq,1975,147917.0
gnq,1976,143961.0
gnq,1977,140842.0
gnq,1978,139349.0
gnq,1979,140386.0
gnq,1980,144228.0
gnq,1981,151521.0
gnq,1982,162176.0
gnq,1983,174548.0
gnq,1984,186643.0
gnq,1985,197293.0
gnq,1986,204192.0
gnq,1987,209990.0
gnq,1988,215132.0
gnq,1989,220282.0
gnq,1990,225984.0
gnq,1991,233301.0
gnq,1992,240896.0
gnq,1993,249130.0
gnq,1994,258509.0
gnq,1995,269264.0
gnq,1996,281533.0
gnq,1997,295412.0
gnq,1998,310396.0
gnq,1999,325966.0
gnq,2000,341917.0
gnq,2001,358119.0
gnq,2002,375317.0
gnq,2003,393247.0
gnq,2004,412012.0
gnq,2005,431885.0
gnq,2006,454171.0
gnq,2007,478023.0
gnq,2008,502899.0
gnq,2009,528688.0
gnq,2010,555517.0
gnq,2011,582770.0
gnq,2012,611722.0
gnq,2013,641403.0
gnq,2014,671315.0
gnq,2015,701516.0
gnq,2016,730225.0
grc,1970,5605136.0
grc,1971,5611035.0
grc,1972,5642530.0
grc,1973,5671843.0
grc,1974,5696217.0
grc,1975,5748480.0
grc,1976,5847088.0
grc,1977,5924676.0
grc,1978,6001226.0
grc,1979,6083093.0
grc,1980,6161004.0
grc,1981,6226434.0
grc,1982,6287394.0
grc,1983,6353882.0
grc,1984,6416057.0
grc,1985,6469974.0
grc,1986,6524716.0
grc,1987,6580503.0
grc,1988,6637431.0
grc,1989,6702763.0
grc,1990,6800446.0
grc,1991,6919173.0
grc,1992,7002911.0
grc,1993,7070956.0
grc,1994,7132148.0
grc,1995,7190907.0
grc,1996,7223137.0
grc,1997,7263662.0
grc,1998,7309614.0
grc,1999,7339511.0
grc,2000,7365885.0
grc,2001,7381995.0
grc,2002,7383354.0
grc,2003,7374074.0
grc,2004,7368877.0
grc,2005,7373004.0
grc,2006,7383761.0
grc,2007,7394732.0
grc,2008,7408451.0
grc,2009,7421221.0
grc,2010,7421450.0
grc,2011,7381743.0
grc,2012,7315310.0
grc,2013,7236821.0
grc,2014,7162507.0
grc,2015,7088350.0
grc,2016,7035101.0
grd,1970,42946.0
grd,1971,44306.0
grd,1972,45377.0
grd,1973,46182.0
grd,1974,46811.0
grd,1975,47345.0
grd,1976,47179.0
grd,1977,47049.0
grd,1978,47001.0
grd,1979,47000.0
grd,1980,47095.0
grd,1981,48717.0
grd,1982,50616.0
grd,1983,52548.0
grd,1984,54276.0
grd,1985,55619.0
grd,1986,55386.0
grd,1987,54606.0
grd,1988,53499.0
grd,1989,52305.0
grd,1990,51211.0
grd,1991,51129.0
grd,1992,51459.0
grd,1993,52162.0
grd,1994,53093.0
grd,1995,54102.0
grd,1996,55020.0
grd,1997,55745.0
grd,1998,56415.0
grd,1999,57177.0
grd,2000,58128.0
grd,2001,59143.0
grd,2002,60366.0
grd,2003,61704.0
grd,2004,62994.0
grd,2005,64144.0
grd,2006,65224.0
grd,2007,66113.0
grd,2008,66857.0
grd,2009,67567.0
grd,2010,68294.0
grd,2011,68832.0
grd,2012,69404.0
grd,2013,69981.0
grd,2014,70485.0
grd,2015,70887.0
grd,2016,71263.0
gtm,1970,2888422.0
gtm,1971,2969203.0
gtm,1972,3053033.0
gtm,1973,3138953.0
gtm,1974,3225928.0
gtm,1975,3313342.0
gtm,1976,3387047.0
gtm,1977,3461034.0
gtm,1978,3536913.0
gtm,1979,3616439.0
gtm,1980,3700534.0
gtm,1981,3780489.0
gtm,1982,3866000.0
gtm,1983,3957012.0
gtm,1984,4053068.0
gtm,1985,4153873.0
gtm,1986,4252264.0
gtm,1987,4357521.0
gtm,1988,4469212.0
gtm,1989,4585487.0
gtm,1990,4704978.0
gtm,1991,4827541.0
gtm,1992,4949026.0
gtm,1993,5072989.0
gtm,1994,5203753.0
gtm,1995,5342788.0
gtm,1996,5475942.0
gtm,1997,5620570.0
gtm,1998,5774376.0
gtm,1999,5932227.0
gtm,2000,6091722.0
gtm,2001,6265661.0
gtm,2002,6440350.0
gtm,2003,6619794.0
gtm,2004,6810764.0
gtm,2005,7016547.0
gtm,2006,7235699.0
gtm,2007,7472736.0
gtm,2008,7723982.0
gtm,2009,7982246.0
gtm,2010,8243289.0
gtm,2011,8520292.0
gtm,2012,8794116.0
gtm,2013,9067829.0
gtm,2014,9346487.0
gtm,2015,9631352.0
gtm,2016,9907744.0
gum,1970,49689.0
gum,1971,51251.0
gum,1972,52830.0
gum,1973,54298.0
gum,1974,55636.0
gum,1975,56928.0
gum,1976,58555.0
gum,1977,60254.0
gum,1978,61968.0
gum,1979,63659.0
gum,1980,65326.0
gum,1981,67340.0
gum,1982,69332.0
gum,1983,71287.0
gum,1984,73220.0
gum,1985,75148.0
gum,1986,77325.0
gum,1987,79544.0
gum,1988,81798.0
gum,1989,84075.0
gum,1990,86329.0
gum,1991,87940.0
gum,1992,89497.0
gum,1993,90981.0
gum,1994,92395.0
gum,1995,93780.0
gum,1996,95000.0
gum,1997,96237.0
gum,1998,97475.0
gum,1999,98635.0
gum,2000,99660.0
gum,2001,100196.0
gum,2002,100575.0
gum,2003,100852.0
gum,2004,101137.0
gum,2005,101508.0
gum,2006,101908.0
gum,2007,102426.0
gum,2008,102997.0
gum,2009,103546.0
gum,2010,104011.0
gum,2011,104437.0
gum,2012,104800.0
gum,2013,105152.0
gum,2014,105611.0
gum,2015,106219.0
gum,2016,106990.0
guy,1970,348353.0
guy,1971,357189.0
guy,1972,365679.0
guy,1973,373519.0
guy,1974,380618.0
guy,1975,387202.0
guy,1976,394474.0
guy,1977,401341.0
guy,1978,407926.0
guy,1979,414225.0
guy,1980,420174.0
guy,1981,426246.0
guy,1982,430563.0
guy,1983,432952.0
guy,1984,434264.0
guy,1985,435722.0
guy,1986,437936.0
guy,1987,440436.0
guy,1988,442687.0
guy,1989,444259.0
guy,1990,445348.0
guy,1991,447535.0
guy,1992,450226.0
guy,1993,452915.0
guy,1994,455306.0
guy,1995,457107.0
guy,1996,457914.0
guy,1997,457890.0
guy,1998,456628.0
guy,1999,453982.0
guy,2000,450508.0
guy,2001,449518.0
guy,2002,448131.0
guy,2003,446982.0
guy,2004,446821.0
guy,2005,447893.0
guy,2006,451478.0
guy,2007,455523.0
guy,2008,459989.0
guy,2009,464427.0
guy,2010,468603.0
guy,2011,474923.0
guy,2012,481331.0
guy,2013,487788.0
guy,2014,494272.0
guy,2015,500625.0
guy,2016,505827.0
hic,1970,532768825.0
hic,1971,539520433.0
hic,1972,546437124.0
hic,1973,552914253.0
hic,1974,560432705.0
hic,1975,567982960.0
hic,1976,573826547.0
hic,1977,580355992.0
hic,1978,587354734.0
hic,1979,594909945.0
hic,1980,602557626.0
hic,1981,610374481.0
hic,1982,618047248.0
hic,1983,625369731.0
hic,1984,632222878.0
hic,1985,638732616.0
hic,1986,644131946.0
hic,1987,649416485.0
hic,1988,654668839.0
hic,1989,660059296.0
hic,1990,665597251.0
hic,1991,670968475.0
hic,1992,674998813.0
hic,1993,680027629.0
hic,1994,684972986.0
hic,1995,691330665.0
hic,1996,696264150.0
hic,1997,701557815.0
hic,1998,706973652.0
hic,1999,712331759.0
hic,2000,717451333.0
hic,2001,723141914.0
hic,2002,728587776.0
hic,2003,733874767.0
hic,2004,739490283.0
hic,2005,745346122.0
hic,2006,751010161.0
hic,2007,757192979.0
hic,2008,763660931.0
hic,2009,768980048.0
hic,2010,773061428.0
hic,2011,774931746.0
hic,2012,777429031.0
hic,2013,779559414.0
hic,2014,781473168.0
hic,2015,783024270.0
hic,2016,784827272.0
hkg,1970,2348876.0
hkg,1971,2433234.0
hkg,1972,2508957.0
hkg,1973,2609124.0
hkg,1974,2727090.0
hkg,1975,2820581.0
hkg,1976,2898521.0
hkg,1977,2993580.0
hkg,1978,3104488.0
hkg,1979,3330125.0
hkg,1980,3460280.0
hkg,1981,3563523.0
hkg,1982,3630661.0
hkg,1983,3690363.0
hkg,1984,3729321.0
hkg,1985,3773681.0
hkg,1986,3836439.0
hkg,1987,3891336.0
hkg,1988,3939378.0
hkg,1989,3993368.0
hkg,1990,4017138.0
hkg,1991,4065013.0
hkg,1992,4109777.0
hkg,1993,4189585.0
hkg,1994,4294424.0
hkg,1995,4391447.0
hkg,1996,4595365.0
hkg,1997,4646097.0
hkg,1998,4699078.0
hkg,1999,4755591.0
hkg,2000,4807093.0
hkg,2001,4861561.0
hkg,2002,4898403.0
hkg,2003,4902971.0
hkg,2004,4958312.0
hkg,2005,5000705.0
hkg,2006,5063827.0
hkg,2007,5138068.0
hkg,2008,5196674.0
hkg,2009,5227899.0
hkg,2010,5274606.0
hkg,2011,5309271.0
hkg,2012,5362997.0
hkg,2013,5368492.0
hkg,2014,5376335.0
hkg,2015,5377243.0
hkg,2016,5364716.0
hnd,1970,1334005.0
hnd,1971,1371891.0
hnd,1972,1413372.0
hnd,1973,1457721.0
hnd,1974,1504056.0
hnd,1975,1552026.0
hnd,1976,1599702.0
hnd,1977,1648740.0
hnd,1978,1699912.0
hnd,1979,1754596.0
hnd,1980,1813454.0
hnd,1981,1871207.0
hnd,1982,1934026.0
hnd,1983,2000713.0
hnd,1984,2069544.0
hnd,1985,2139714.0
hnd,1986,2209853.0
hnd,1987,2281879.0
hnd,1988,2356251.0
hnd,1989,2433826.0
hnd,1990,2515123.0
hnd,1991,2600119.0
hnd,1992,2688038.0
hnd,1993,2779221.0
hnd,1994,2874116.0
hnd,1995,2972893.0
hnd,1996,3073273.0
hnd,1997,3178913.0
hnd,1998,3288888.0
hnd,1999,3401854.0
hnd,2000,3517207.0
hnd,2001,3636994.0
hnd,2002,3758847.0
hnd,2003,3883441.0
hnd,2004,4012244.0
hnd,2005,4145931.0
hnd,2006,4281679.0
hnd,2007,4422737.0
hnd,2008,4567775.0
hnd,2009,4714776.0
hnd,2010,4862545.0
hnd,2011,5011514.0
hnd,2012,5160787.0
hnd,2013,5310314.0
hnd,2014,5459894.0
hnd,2015,5608981.0
hnd,2016,5756968.0
hpc,1970,109660818.0
hpc,1971,112102687.0
hpc,1972,114769882.0
hpc,1973,117637085.0
hpc,1974,120683834.0
hpc,1975,123898124.0
hpc,1976,126792270.0
hpc,1977,129893132.0
hpc,1978,133165385.0
hpc,1979,136583673.0
hpc,1980,140144764.0
hpc,1981,143244684.0
hpc,1982,146605154.0
hpc,1983,150230457.0
hpc,1984,154130875.0
hpc,1985,158315841.0
hpc,1986,162194563.0
hpc,1987,166456737.0
hpc,1988,171099362.0
hpc,1989,176131837.0
hpc,1990,181558664.0
hpc,1991,186969820.0
hpc,1992,192864559.0
hpc,1993,199136010.0
hpc,1994,205659468.0
hpc,1995,212362442.0
hpc,1996,218344886.0
hpc,1997,224552969.0
hpc,1998,231026513.0
hpc,1999,237838909.0
hpc,2000,245046415.0
hpc,2001,252082681.0
hpc,2002,259633657.0
hpc,2003,267612863.0
hpc,2004,275921245.0
hpc,2005,284513345.0
hpc,2006,292785591.0
hpc,2007,301430266.0
hpc,2008,310491510.0
hpc,2009,320034347.0
hpc,2010,330093275.0
hpc,2011,340353996.0
hpc,2012,351212920.0
hpc,2013,362618156.0
hpc,2014,374500612.0
hpc,2015,386815569.0
hpc,2016,399139133.0
hrv,1970,2973185.0
hrv,1971,2992156.0
hrv,1972,3004955.0
hrv,1973,3014250.0
hrv,1974,3022876.0
hrv,1975,3032661.0
hrv,1976,3039038.0
hrv,1977,3040004.0
hrv,1978,3058640.0
hrv,1979,3072842.0
hrv,1980,3089560.0
hrv,1981,3113968.0
hrv,1982,3144079.0
hrv,1983,3172209.0
hrv,1984,3197626.0
hrv,1985,3221751.0
hrv,1986,3237197.0
hrv,1987,3250486.0
hrv,1988,3263035.0
hrv,1989,3270717.0
hrv,1990,3280757.0
hrv,1991,3088564.0
hrv,1992,3054423.0
hrv,1993,3163862.0
hrv,1994,3163771.0
hrv,1995,3168940.0
hrv,1996,3045506.0
hrv,1997,3090652.0
hrv,1998,3033636.0
hrv,1999,3061445.0
hrv,2000,2970394.0
hrv,2001,2970475.0
hrv,2002,2967940.0
hrv,2003,2969946.0
hrv,2004,2972466.0
hrv,2005,2977102.0
hrv,2006,2981042.0
hrv,2007,2979379.0
hrv,2008,2976309.0
hrv,2009,2969955.0
hrv,2010,2959794.0
hrv,2011,2860207.0
hrv,2012,2847210.0
hrv,2013,2836202.0
hrv,2014,2819112.0
hrv,2015,2786521.0
hrv,2016,2752236.0
hti,1970,2564284.0
hti,1971,2609205.0
hti,1972,2656312.0
hti,1973,2706158.0
hti,1974,2759582.0
hti,1975,2816966.0
hti,1976,2872737.0
hti,1977,2930625.0
hti,1978,2991189.0
hti,1979,3054593.0
hti,1980,3120362.0
hti,1981,3178207.0
hti,1982,3238848.0
hti,1983,3301216.0
hti,1984,3364815.0
hti,1985,3429832.0
hti,1986,3484648.0
hti,1987,3546270.0
hti,1988,3612676.0
hti,1989,3681639.0
hti,1990,3752891.0
hti,1991,3830286.0
hti,1992,3907525.0
hti,1993,3988263.0
hti,1994,4077542.0
hti,1995,4177388.0
hti,1996,4278857.0
hti,1997,4390227.0
hti,1998,4509014.0
hti,1999,4630704.0
hti,2000,4752605.0
hti,2001,4868758.0
hti,2002,4987170.0
hti,2003,5107157.0
hti,2004,5228331.0
hti,2005,5350598.0
hti,2006,5471880.0
hti,2007,5592334.0
hti,2008,5713365.0
hti,2009,5837474.0
hti,2010,5965739.0
hti,2011,6088999.0
hti,2012,6217564.0
hti,2013,6348439.0
hti,2014,6477057.0
hti,2015,6600987.0
hti,2016,6719916.0
hun,1970,6987980.0
hun,1971,7000987.0
hun,1972,7026854.0
hun,1973,7054421.0
hun,1974,7073841.0
hun,1975,7078957.0
hun,1976,7068406.0
hun,1977,7023262.0
hun,1978,6960987.0
hun,1979,6911579.0
hun,1980,6896440.0
hun,1981,6887035.0
hun,1982,6925047.0
hun,1983,6985245.0
hun,1984,7032272.0
hun,1985,7050517.0
hun,1986,7066280.0
hun,1987,7041870.0
hun,1988,7001374.0
hun,1989,6912834.0
hun,1990,6860332.0
hun,1991,6859456.0
hun,1992,6888991.0
hun,1993,6931350.0
hun,1994,6967259.0
hun,1995,6987902.0
hun,1996,6989832.0
hun,1997,6982795.0
hun,1998,6969598.0
hun,1999,6956225.0
hun,2000,6951051.0
hun,2001,6952886.0
hun,2002,6949072.0
hun,2003,6944650.0
hun,2004,6944968.0
hun,2005,6946411.0
hun,2006,6930981.0
hun,2007,6921206.0
hun,2008,6915332.0
hun,2009,6912952.0
hun,2010,6904814.0
hun,2011,6873004.0
hun,2012,6824929.0
hun,2013,6789645.0
hun,2014,6747667.0
hun,2015,6699484.0
hun,2016,6640243.0
idn,1970,61393078.0
idn,1971,62941285.0
idn,1972,64670186.0
idn,1973,66550628.0
idn,1974,68535331.0
idn,1975,70597667.0
idn,1976,72602020.0
idn,1977,74694411.0
idn,1978,76883053.0
idn,1979,79186856.0
idn,1980,81611775.0
idn,1981,84014920.0
idn,1982,86531688.0
idn,1983,89143910.0
idn,1984,91834815.0
idn,1985,94592182.0
idn,1986,97225442.0
idn,1987,99964853.0
idn,1988,102778565.0
idn,1989,105620494.0
idn,1990,108465725.0
idn,1991,111268203.0
idn,1992,114029079.0
idn,1993,116783094.0
idn,1994,119590617.0
idn,1995,122479932.0
idn,1996,125219679.0
idn,1997,128069056.0
idn,1998,130985893.0
idn,1999,133876740.0
idn,2000,136664788.0
idn,2001,138928932.0
idn,2002,141124228.0
idn,2003,143291315.0
idn,2004,145484849.0
idn,2005,147729473.0
idn,2006,150362241.0
idn,2007,152976177.0
idn,2008,155548637.0
idn,2009,158053428.0
idn,2010,160508864.0
idn,2011,163153759.0
idn,2012,165644452.0
idn,2013,168073394.0
idn,2014,170545175.0
idn,2015,173087947.0
idn,2016,175328142.0
ind,1970,309078851.0
ind,1971,316467280.0
ind,1972,324319930.0
ind,1973,332613235.0
ind,1974,341394411.0
ind,1975,350665098.0
ind,1976,359141089.0
ind,1977,368230950.0
ind,1978,377834885.0
ind,1979,387806840.0
ind,1980,398059662.0
ind,1981,407688286.0
ind,1982,417622246.0
ind,1983,427894339.0
ind,1984,438613766.0
ind,1985,449822671.0
ind,1986,460022744.0
ind,1987,471005925.0
ind,1988,482595747.0
ind,1989,494556570.0
ind,1990,506787379.0
ind,1991,518486703.0
ind,1992,530519741.0
ind,1993,542975424.0
ind,1994,556006717.0
ind,1995,569664412.0
ind,1996,582956716.0
ind,1997,596826819.0
ind,1998,611202313.0
ind,1999,625949542.0
ind,2000,640951008.0
ind,2001,655096984.0
ind,2002,669605816.0
ind,2003,684389867.0
ind,2004,699358935.0
ind,2005,714450930.0
ind,2006,728846310.0
ind,2007,743374311.0
ind,2008,758006442.0
ind,2009,772795808.0
ind,2010,787765404.0
ind,2011,802018310.0
ind,2012,816654594.0
ind,2013,831445906.0
ind,2014,846013020.0
ind,2015,860127604.0
ind,2016,873908707.0
irl,1970,1721563.0
irl,1971,1747737.0
irl,1972,1773944.0
irl,1973,1799845.0
irl,1974,1828811.0
irl,1975,1861832.0
irl,1976,1885951.0
irl,1977,1914744.0
irl,1978,1949728.0
irl,1979,1983683.0
irl,1980,2012787.0
irl,1981,2040000.0
irl,1982,2059809.0
irl,1983,2074204.0
irl,1984,2090116.0
irl,1985,2101784.0
irl,1986,2109558.0
irl,1987,2121398.0
irl,1988,2128262.0
irl,1989,2137831.0
irl,1990,2158150.0
irl,1991,2196847.0
irl,1992,2236832.0
irl,1993,2272349.0
irl,1994,2305821.0
irl,1995,2342262.0
irl,1996,2388429.0
irl,1997,2438636.0
irl,1998,2488395.0
irl,1999,2537724.0
irl,2000,2589111.0
irl,2001,2646397.0
irl,2002,2704463.0
irl,2003,2758609.0
irl,2004,2815239.0
irl,2005,2878666.0
irl,2006,2953437.0
irl,2007,3032711.0
irl,2008,3084244.0
irl,2009,3102569.0
irl,2010,3105694.0
irl,2011,3087677.0
irl,2012,3065227.0
irl,2013,3044391.0
irl,2014,3029345.0
irl,2015,3041576.0
irl,2016,3089050.0
irn,1970,14996902.0
irn,1971,15444413.0
irn,1972,15917127.0
irn,1973,16416039.0
irn,1974,16944962.0
irn,1975,17505932.0
irn,1976,18069769.0
irn,1977,18662453.0
irn,1978,19293120.0
irn,1979,19968628.0
irn,1980,20686338.0
irn,1981,21361579.0
irn,1982,22079213.0
irn,1983,22833049.0
irn,1984,23623611.0
irn,1985,24454196.0
irn,1986,25223770.0
irn,1987,26079586.0
irn,1988,26992422.0
irn,1989,27919195.0
irn,1990,28835646.0
irn,1991,29596887.0
irn,1992,30303909.0
irn,1993,31018343.0
irn,1994,31822718.0
irn,1995,32773601.0
irn,1996,34086167.0
irn,1997,35530434.0
irn,1998,37067418.0
irn,1999,38648725.0
irn,2000,40244388.0
irn,2001,41894093.0
irn,2002,43577792.0
irn,2003,45290540.0
irn,2004,46989341.0
irn,2005,48609219.0
irn,2006,49770260.0
irn,2007,50830680.0
irn,2008,51774325.0
irn,2009,52620050.0
irn,2010,53397903.0
irn,2011,54130480.0
irn,2012,54830422.0
irn,2013,55482818.0
irn,2014,56075715.0
irn,2015,56610426.0
irn,2016,57086320.0
irq,1970,5095638.0
irq,1971,5223154.0
irq,1972,5356085.0
irq,1973,5492883.0
irq,1974,5635731.0
irq,1975,5787613.0
irq,1976,5953891.0
irq,1977,6121517.0
irq,1978,6296848.0
irq,1979,6488515.0
irq,1980,6699616.0
irq,1981,6886963.0
irq,1982,7094017.0
irq,1983,7314800.0
irq,1984,7537972.0
irq,1985,7757846.0
irq,1986,7950662.0
irq,1987,8139287.0
irq,1988,8333966.0
irq,1989,8548467.0
irq,1990,8791017.0
irq,1991,9091377.0
irq,1992,9422787.0
irq,1993,9779782.0
irq,1994,10152893.0
irq,1995,10535593.0
irq,1996,10938370.0
irq,1997,11348590.0
irq,1998,11765685.0
irq,1999,12191578.0
irq,2000,12626474.0
irq,2001,13033351.0
irq,2002,13456753.0
irq,2003,13889662.0
irq,2004,14320831.0
irq,2005,14745938.0
irq,2006,15157671.0
irq,2007,15554926.0
irq,2008,15962530.0
irq,2009,16413669.0
irq,2010,16925788.0
irq,2011,17526891.0
irq,2012,18197296.0
irq,2013,18909496.0
irq,2014,19624851.0
irq,2015,20320504.0
irq,2016,20962705.0
isl,1970,119782.0
isl,1971,121683.0
isl,1972,124348.0
isl,1973,127106.0
isl,1974,129782.0
isl,1975,132502.0
isl,1976,134542.0
isl,1977,136419.0
isl,1978,138441.0
isl,1979,140678.0
isl,1980,142872.0
isl,1981,145199.0
isl,1982,147673.0
isl,1983,150034.0
isl,1984,152019.0
isl,1985,153635.0
isl,1986,155112.0
isl,1987,157233.0
isl,1988,160163.0
isl,1989,162542.0
isl,1990,164080.0
isl,1991,166057.0
isl,1992,168070.0
isl,1993,169641.0
isl,1994,171060.0
isl,1995,172088.0
isl,1996,173126.0
isl,1997,174998.0
isl,1998,177518.0
isl,1999,180299.0
isl,2000,183307.0
isl,2001,186504.0
isl,2002,188616.0
isl,2003,190244.0
isl,2004,192311.0
isl,2005,195879.0
isl,2006,201363.0
isl,2007,207438.0
isl,2008,212203.0
isl,2009,213592.0
isl,2010,213715.0
isl,2011,213727.0
isl,2012,214212.0
isl,2013,215497.0
isl,2014,217019.0
isl,2015,218248.0
isl,2016,219795.0
isr,1970,1805220.0
isr,1971,1862817.0
isr,1972,1905231.0
isr,1973,1974549.0
isr,1974,2024440.0
isr,1975,2063052.0
isr,1976,2094865.0
isr,1977,2130382.0
isr,1978,2166198.0
isr,1979,2214345.0
isr,1980,2261356.0
isr,1981,2305356.0
isr,1982,2348953.0
isr,1983,2393680.0
isr,1984,2428945.0
isr,1985,2478044.0
isr,1986,2526320.0
isr,1987,2577731.0
isr,1988,2632207.0
isr,1989,2690095.0
isr,1990,2788812.0
isr,1991,2975739.0
isr,1992,3096608.0
isr,1993,3196899.0
isr,1994,3295696.0
isr,1995,3396354.0
isr,1996,3498811.0
isr,1997,3596167.0
isr,1998,3685369.0
isr,1999,3785727.0
isr,2000,3892840.0
isr,2001,3987620.0
isr,2002,4072835.0
isr,2003,4151821.0
isr,2004,4229199.0
isr,2005,4305267.0
isr,2006,4392092.0
isr,2007,4477003.0
isr,2008,4559615.0
isr,2009,4668302.0
isr,2010,4747938.0
isr,2011,4817969.0
isr,2012,4886046.0
isr,2013,4954241.0
isr,2014,5026349.0
isr,2015,5104913.0
isr,2016,5181634.0
ita,1970,34576833.0
ita,1971,34655837.0
ita,1972,34764994.0
ita,1973,34922691.0
ita,1974,35105343.0
ita,1975,35314841.0
ita,1976,35481637.0
ita,1977,35677929.0
ita,1978,35913670.0
ita,1979,36195089.0
ita,1980,36516027.0
ita,1981,36863869.0
ita,1982,37253000.0
ita,1983,37651976.0
ita,1984,38023356.0
ita,1985,38343676.0
ita,1986,38520246.0
ita,1987,38651595.0
ita,1988,38760974.0
ita,1989,38860729.0
ita,1990,38953009.0
ita,1991,38978457.0
ita,1992,38993256.0
ita,1993,38991503.0
ita,1994,38959099.0
ita,1995,38905099.0
ita,1996,38832082.0
ita,1997,38766445.0
ita,1998,38682407.0
ita,1999,38574341.0
ita,2000,38451122.0
ita,2001,38356411.0
ita,2002,38271453.0
ita,2003,38289192.0
ita,2004,38397734.0
ita,2005,38471717.0
ita,2006,38459984.0
ita,2007,38561468.0
ita,2008,38740063.0
ita,2009,38825162.0
ita,2010,38821428.0
ita,2011,38715698.0
ita,2012,38630702.0
ita,2013,38878085.0
ita,2014,39035661.0
ita,2015,38813169.0
ita,2016,38591970.0
jam,1970,904498.0
jam,1971,918553.0
jam,1972,936662.0
jam,1973,958478.0
jam,1974,982903.0
jam,1975,1008857.0
jam,1976,1042764.0
jam,1977,1074440.0
jam,1978,1103683.0
jam,1979,1131077.0
jam,1980,1157776.0
jam,1981,1187452.0
jam,1982,1218223.0
jam,1983,1249516.0
jam,1984,1280456.0
jam,1985,1310083.0
jam,1986,1331824.0
jam,1987,1352067.0
jam,1988,1370523.0
jam,1989,1386724.0
jam,1990,1401107.0
jam,1991,1420902.0
jam,1992,1439561.0
jam,1993,1457858.0
jam,1994,1477164.0
jam,1995,1497898.0
jam,1996,1517765.0
jam,1997,1537742.0
jam,1998,1557375.0
jam,1999,1576107.0
jam,2000,1593986.0
jam,2001,1614366.0
jam,2002,1635322.0
jam,2003,1656474.0
jam,2004,1677241.0
jam,2005,1697500.0
jam,2006,1721958.0
jam,2007,1745339.0
jam,2008,1768851.0
jam,2009,1793699.0
jam,2010,1819755.0
jam,2011,1842284.0
jam,2012,1866693.0
jam,2013,1891455.0
jam,2014,1913620.0
jam,2015,1931173.0
jam,2016,1945801.0
jor,1970,871963.0
jor,1971,909346.0
jor,1972,940488.0
jor,1973,967753.0
jor,1974,994673.0
jor,1975,1023665.0
jor,1976,1033917.0
jor,1977,1050186.0
jor,1978,1072823.0
jor,1979,1101404.0
jor,1980,1135728.0
jor,1981,1185474.0
jor,1982,1239297.0
jor,1983,1297811.0
jor,1984,1361364.0
jor,1985,1428977.0
jor,1986,1493617.0
jor,1987,1563254.0
jor,1988,1638985.0
jor,1989,1722816.0
jor,1990,1817242.0
jor,1991,1962268.0
jor,1992,2117399.0
jor,1993,2277300.0
jor,1994,2433900.0
jor,1995,2579466.0
jor,1996,2665672.0
jor,1997,2740380.0
jor,1998,2806674.0
jor,1999,2869260.0
jor,2000,2933188.0
jor,2001,2998306.0
jor,2002,3068616.0
jor,2003,3149569.0
jor,2004,3246782.0
jor,2005,3362963.0
jor,2006,3502237.0
jor,2007,3662385.0
jor,2008,3842688.0
jor,2009,4042925.0
jor,2010,4261402.0
jor,2011,4501591.0
jor,2012,4760400.0
jor,2013,5024895.0
jor,2014,5279573.0
jor,2015,5514781.0
jor,2016,5714481.0
jpn,1970,72009625.0
jpn,1971,72847041.0
jpn,1972,73624400.0
jpn,1973,73897420.0
jpn,1974,75006176.0
jpn,1975,75998592.0
jpn,1976,76225361.0
jpn,1977,76829586.0
jpn,1978,77530701.0
jpn,1979,78213706.0
jpn,1980,78829853.0
jpn,1981,79640572.0
jpn,1982,80285330.0
jpn,1983,80904240.0
jpn,1984,81590017.0
jpn,1985,82410008.0
jpn,1986,83149045.0
jpn,1987,83955355.0
jpn,1988,84784799.0
jpn,1989,85525820.0
jpn,1990,86051685.0
jpn,1991,86461782.0
jpn,1992,86692319.0
jpn,1993,86814181.0
jpn,1994,86964492.0
jpn,1995,87125896.0
jpn,1996,87113694.0
jpn,1997,87033835.0
jpn,1998,86946840.0
jpn,1999,86762009.0
jpn,2000,86547755.0
jpn,2001,86351962.0
jpn,2002,86157117.0
jpn,2003,85931170.0
jpn,2004,85503611.0
jpn,2005,84991644.0
jpn,2006,84556191.0
jpn,2007,84115042.0
jpn,2008,83560003.0
jpn,2009,82883639.0
jpn,2010,82152248.0
jpn,2011,81221183.0
jpn,2012,80262098.0
jpn,2013,79299566.0
jpn,2014,78379970.0
jpn,2015,77547638.0
jpn,2016,76831284.0
kaz,1970,7277381.0
kaz,1971,7477237.0
kaz,1972,7664656.0
kaz,1973,7844691.0
kaz,1974,8027448.0
kaz,1975,8216216.0
kaz,1976,8362221.0
kaz,1977,8515036.0
kaz,1978,8667245.0
kaz,1979,8808420.0
kaz,1980,8937529.0
kaz,1981,9085181.0
kaz,1982,9220520.0
kaz,1983,9346544.0
kaz,1984,9473122.0
kaz,1985,9605498.0
kaz,1986,9744794.0
kaz,1987,9884130.0
kaz,1988,10007742.0
kaz,1989,10182353.0
kaz,1990,10252934.0
kaz,1991,10294975.0
kaz,1992,10284408.0
kaz,1993,10230037.0
kaz,1994,10111742.0
kaz,1995,9979936.0
kaz,1996,9899970.0
kaz,1997,9824359.0
kaz,1998,9739115.0
kaz,1999,9725348.0
kaz,2000,9763979.0
kaz,2001,9825725.0
kaz,2002,9888276.0
kaz,2003,9978676.0
kaz,2004,10111264.0
kaz,2005,10272975.0
kaz,2006,10429634.0
kaz,2007,10606155.0
kaz,2008,10791943.0
kaz,2009,11118769.0
kaz,2010,11284515.0
kaz,2011,11386208.0
kaz,2012,11467129.0
kaz,2013,11535573.0
kaz,2014,11600105.0
kaz,2015,11661608.0
kaz,2016,11702814.0
ken,1970,5344100.0
ken,1971,5520075.0
ken,1972,5708029.0
ken,1973,5908364.0
ken,1974,6122739.0
ken,1975,6352090.0
ken,1976,6575664.0
ken,1977,6818679.0
ken,1978,7079474.0
ken,1979,7355646.0
ken,1980,7646097.0
ken,1981,7936628.0
ken,1982,8243679.0
ken,1983,8567794.0
ken,1984,8911022.0
ken,1985,9274574.0
ken,1986,9632547.0
ken,1987,10014624.0
ken,1988,10419930.0
ken,1989,10848768.0
ken,1990,11302334.0
ken,1991,11760473.0
ken,1992,12253977.0
ken,1993,12774744.0
ken,1994,13308759.0
ken,1995,13846783.0
ken,1996,14352785.0
ken,1997,14844152.0
ken,1998,15337182.0
ken,1999,15856578.0
ken,2000,16413627.0
ken,2001,16923640.0
ken,2002,17491632.0
ken,2003,18097274.0
ken,2004,18708957.0
ken,2005,19312051.0
ken,2006,19920987.0
ken,2007,20519573.0
ken,2008,21123135.0
ken,2009,21761471.0
ken,2010,22450925.0
ken,2011,23170011.0
ken,2012,23951175.0
ken,2013,24780008.0
ken,2014,25630264.0
ken,2015,26487609.0
ken,2016,27372406.0
kgz,1970,1541031.0
kgz,1971,1585808.0
kgz,1972,1632292.0
kgz,1973,1679332.0
kgz,1974,1731387.0
kgz,1975,1786357.0
kgz,1976,1840948.0
kgz,1977,1898437.0
kgz,1978,1956826.0
kgz,1979,2015276.0
kgz,1980,2071261.0
kgz,1981,2124706.0
kgz,1982,2177435.0
kgz,1983,2229335.0
kgz,1984,2278017.0
kgz,1985,2322844.0
kgz,1986,2360663.0
kgz,1987,2400475.0
kgz,1988,2438077.0
kgz,1989,2483959.0
kgz,1990,2526471.0
kgz,1991,2554919.0
kgz,1992,2574597.0
kgz,1993,2569384.0
kgz,1994,2567479.0
kgz,1995,2597651.0
kgz,1996,2652809.0
kgz,1997,2712528.0
kgz,1998,2779123.0
kgz,1999,2849519.0
kgz,2000,2917146.0
kgz,2001,2974028.0
kgz,2002,3035247.0
kgz,2003,3107294.0
kgz,2004,3190263.0
kgz,2005,3273124.0
kgz,2006,3339826.0
kgz,2007,3402037.0
kgz,2008,3459747.0
kgz,2009,3519827.0
kgz,2010,3572686.0
kgz,2011,3615509.0
kgz,2012,3669261.0
kgz,2013,3730791.0
kgz,2014,3790251.0
kgz,2015,3849440.0
kgz,2016,3900750.0
khm,1970,3630039.0
khm,1971,3722235.0
khm,1972,3818772.0
khm,1973,3905757.0
khm,1974,3970635.0
khm,1975,4007636.0
khm,1976,3973484.0
khm,1977,3913552.0
khm,1978,3846701.0
khm,1979,3791838.0
khm,1980,3762502.0
khm,1981,3825755.0
khm,1982,3901977.0
khm,1983,3991344.0
khm,1984,4099482.0
khm,1985,4223328.0
khm,1986,4283287.0
khm,1987,4390184.0
khm,1988,4520755.0
khm,1989,4641356.0
khm,1990,4739220.0
khm,1991,4869337.0
khm,1992,4974775.0
khm,1993,5074707.0
khm,1994,5203749.0
khm,1995,5379157.0
khm,1996,5564884.0
khm,1997,5805935.0
khm,1998,6097002.0
khm,1999,6411063.0
khm,2000,6723797.0
khm,2001,7008367.0
khm,2002,7258528.0
khm,2003,7478939.0
khm,2004,7688111.0
khm,2005,7902027.0
khm,2006,8125054.0
khm,2007,8348586.0
khm,2008,8574030.0
khm,2009,8794995.0
khm,2010,9005921.0
khm,2011,9199960.0
khm,2012,9404603.0
khm,2013,9608427.0
khm,2014,9799868.0
khm,2015,9974507.0
khm,2016,10143144.0
kir,1970,26458.0
kir,1971,27213.0
kir,1972,27972.0
kir,1973,28757.0
kir,1974,29551.0
kir,1975,30355.0
kir,1976,31157.0
kir,1977,31900.0
kir,1978,32601.0
kir,1979,33281.0
kir,1980,33957.0
kir,1981,34301.0
kir,1982,34766.0
kir,1983,35338.0
kir,1984,35955.0
kir,1985,36583.0
kir,1986,37506.0
kir,1987,38382.0
kir,1988,39196.0
kir,1989,39989.0
kir,1990,40759.0
kir,1991,41151.0
kir,1992,41538.0
kir,1993,41977.0
kir,1994,42482.0
kir,1995,43073.0
kir,1996,43818.0
kir,1997,44626.0
kir,1998,45546.0
kir,1999,46631.0
kir,2000,47871.0
kir,2001,48952.0
kir,2002,50353.0
kir,2003,51966.0
kir,2004,53549.0
kir,2005,54966.0
kir,2006,56783.0
kir,2007,58108.0
kir,2008,59222.0
kir,2009,60470.0
kir,2010,61997.0
kir,2011,63092.0
kir,2012,64577.0
kir,2013,66245.0
kir,2014,67756.0
kir,2015,68964.0
kir,2016,70219.0
kor,1970,17624573.0
kor,1971,18151814.0
kor,1972,18707547.0
kor,1973,19282596.0
kor,1974,19875994.0
kor,1975,20488853.0
kor,1976,21075970.0
kor,1977,21707494.0
kor,1978,22358584.0
kor,1979,23004932.0
kor,1980,23641398.0
kor,1981,24326046.0
kor,1982,24962584.0
kor,1983,25566328.0
kor,1984,26145118.0
kor,1985,26718833.0
kor,1986,27240113.0
kor,1987,27857549.0
kor,1988,28525600.0
kor,1989,29165080.0
kor,1990,29724277.0
kor,1991,30317337.0
kor,1992,30785220.0
kor,1993,31163776.0
kor,1994,31556672.0
kor,1995,32013985.0
kor,1996,32340919.0
kor,1997,32782525.0
kor,1998,33210599.0
kor,1999,33594533.0
kor,2000,33939664.0
kor,2001,34285089.0
kor,2002,34482015.0
kor,2003,34615235.0
kor,2004,34731974.0
kor,2005,34841188.0
kor,2006,35090058.0
kor,2007,35352731.0
kor,2008,35724857.0
kor,2009,36009668.0
kor,2010,36270291.0
kor,2011,36588507.0
kor,2012,36814502.0
kor,2013,36992240.0
kor,2014,37193108.0
kor,2015,37307195.0
kor,2016,37364822.0
kwt,1970,403937.0
kwt,1971,430675.0
kwt,1972,456394.0
kwt,1973,482385.0
kwt,1974,510917.0
kwt,1975,543525.0
kwt,1976,586419.0
kwt,1977,634847.0
kwt,1978,687658.0
kwt,1979,742256.0
kwt,1980,796428.0
kwt,1981,850472.0
kwt,1982,900381.0
kwt,1983,948765.0
kwt,1984,1001322.0
kwt,1985,1061296.0
kwt,1986,1123104.0
kwt,1987,1197070.0
kwt,1988,1269138.0
kwt,1989,1320231.0
kwt,1990,1339227.0
kwt,1991,1321452.0
kwt,1995,1094036.0
kwt,1996,1118110.0
kwt,1997,1184242.0
kwt,1998,1274473.0
kwt,1999,1363825.0
kwt,2000,1436140.0
kwt,2001,1483754.0
kwt,2002,1517460.0
kwt,2003,1545959.0
kwt,2004,1582286.0
kwt,2005,1636080.0
kwt,2006,1728248.0
kwt,2007,1836387.0
kwt,2008,1958749.0
kwt,2009,2094602.0
kwt,2010,2242441.0
kwt,2011,2399788.0
kwt,2012,2570814.0
kwt,2013,2743684.0
kwt,2014,2901402.0
kwt,2015,3032529.0
kwt,2016,3113472.0
lac,1970,144224895.0
lac,1971,148370486.0
lac,1972,152606763.0
lac,1973,156967439.0
lac,1974,161520392.0
lac,1975,166290733.0
lac,1976,170971967.0
lac,1977,175850501.0
lac,1978,180907618.0
lac,1979,186108760.0
lac,1980,191432851.0
lac,1981,196668550.0
lac,1982,202065262.0
lac,1983,207583186.0
lac,1984,213191635.0
lac,1985,218878543.0
lac,1986,224497286.0
lac,1987,230214012.0
lac,1988,236029042.0
lac,1989,241946651.0
lac,1990,247970905.0
lac,1991,254014322.0
lac,1992,260154247.0
lac,1993,266394471.0
lac,1994,272734996.0
lac,1995,279160652.0
lac,1996,285430692.0
lac,1997,291748906.0
lac,1998,298089663.0
lac,1999,304421592.0
lac,2000,310726041.0
lac,2001,316843370.0
lac,2002,322967589.0
lac,2003,329102105.0
lac,2004,335256805.0
lac,2005,341444900.0
lac,2006,347812641.0
lac,2007,354201602.0
lac,2008,360600720.0
lac,2009,366986235.0
lac,2010,373316103.0
lac,2011,379518648.0
lac,2012,385607413.0
lac,2013,391559056.0
lac,2014,397344989.0
lac,2015,402933878.0
lac,2016,408087851.0
lao,1970,1471086.0
lao,1971,1507587.0
lao,1972,1547118.0
lao,1973,1587051.0
lao,1974,1624332.0
lao,1975,1657212.0
lao,1976,1665653.0
lao,1977,1670180.0
lao,1978,1674253.0
lao,1979,1682056.0
lao,1980,1696542.0
lao,1981,1727574.0
lao,1982,1766209.0
lao,1983,1811526.0
lao,1984,1862017.0
lao,1985,1916246.0
lao,1986,1971291.0
lao,1987,2030300.0
lao,1988,2092523.0
lao,1989,2157074.0
lao,1990,2223246.0
lao,1991,2279676.0
lao,1992,2338253.0
lao,1993,2398337.0
lao,1994,2459864.0
lao,1995,2523176.0
lao,1996,2576426.0
lao,1997,2634081.0
lao,1998,2695576.0
lao,1999,2760016.0
lao,2000,2827394.0
lao,2001,2900561.0
lao,2002,2973975.0
lao,2003,3050730.0
lao,2004,3134425.0
lao,2005,3226188.0
lao,2006,3327235.0
lao,2007,3433356.0
lao,2008,3541629.0
lao,2009,3647770.0
lao,2010,3749115.0
lao,2011,3836177.0
lao,2012,3920307.0
lao,2013,4001632.0
lao,2014,4080625.0
lao,2015,4158485.0
lao,2016,4242601.0
lbn,1970,1218887.0
lbn,1971,1259303.0
lbn,1972,1303535.0
lbn,1973,1348158.0
lbn,1974,1389115.0
lbn,1975,1423597.0
lbn,1976,1438030.0
lbn,1977,1443536.0
lbn,1978,1443840.0
lbn,1979,1443899.0
lbn,1980,1447285.0
lbn,1981,1467333.0
lbn,1982,1490730.0
lbn,1983,1514971.0
lbn,1984,1536745.0
lbn,1985,1554283.0
lbn,1986,1564383.0
lbn,1987,1571954.0
lbn,1988,1581045.0
lbn,1989,1596435.0
lbn,1990,1620736.0
lbn,1991,1663559.0
lbn,1992,1718224.0
lbn,1993,1778215.0
lbn,1994,1835758.0
lbn,1995,1886351.0
lbn,1996,1918874.0
lbn,1997,1944501.0
lbn,1998,1972592.0
lbn,1999,2015043.0
lbn,2000,2078857.0
lbn,2001,2153341.0
lbn,2002,2255955.0
lbn,2003,2371649.0
lbn,2004,2482046.0
lbn,2005,2576628.0
lbn,2006,2644408.0
lbn,2007,2692334.0
lbn,2008,2741661.0
lbn,2009,2820179.0
lbn,2010,2944155.0
lbn,2011,3122463.0
lbn,2012,3345705.0
lbn,2013,3583579.0
lbn,2014,3799776.0
lbn,2015,3971190.0
lbn,2016,4091304.0
lbr,1970,766047.0
lbr,1971,782484.0
lbr,1972,800644.0
lbr,1973,820487.0
lbr,1974,842005.0
lbr,1975,865190.0
lbr,1976,885834.0
lbr,1977,908073.0
lbr,1978,932518.0
lbr,1979,959881.0
lbr,1980,990278.0
lbr,1981,1021725.0
lbr,1982,1056070.0
lbr,1983,1089261.0
lbr,1984,1116822.0
lbr,1985,1136516.0
lbr,1986,1137452.0
lbr,1987,1130301.0
lbr,1988,1117929.0
lbr,1989,1103707.0
lbr,1990,1090420.0
lbr,1991,1073150.0
lbr,1992,1058396.0
lbr,1993,1052944.0
lbr,1994,1064856.0
lbr,1995,1097822.0
lbr,1996,1163938.0
lbr,1997,1256197.0
lbr,1998,1360950.0
lbr,1999,1461626.0
lbr,2000,1548154.0
lbr,2001,1602527.0
lbr,2002,1640263.0
lbr,2003,1670413.0
lbr,2004,1704551.0
lbr,2005,1750002.0
lbr,2006,1808802.0
lbr,2007,1879981.0
lbr,2008,1958469.0
lbr,2009,2038169.0
lbr,2010,2115431.0
lbr,2011,2184669.0
lbr,2012,2250804.0
lbr,2013,2316319.0
lbr,2014,2384228.0
lbr,2015,2456403.0
lbr,2016,2530636.0
lby,1970,1082382.0
lby,1971,1119875.0
lby,1972,1161096.0
lby,1973,1205321.0
lby,1974,1251948.0
lby,1975,1300874.0
lby,1976,1350407.0
lby,1977,1402763.0
lby,1978,1458916.0
lby,1979,1520562.0
lby,1980,1588790.0
lby,1981,1667044.0
lby,1982,1752509.0
lby,1983,1843123.0
lby,1984,1935918.0
lby,1985,2028795.0
lby,1986,2111177.0
lby,1987,2192250.0
lby,1988,2273544.0
lby,1989,2357728.0
lby,1990,2446389.0
lby,1991,2534332.0
lby,1992,2628639.0
lby,1993,2726412.0
lby,1994,2823222.0
lby,1995,2916565.0
lby,1996,3005072.0
lby,1997,3088494.0
lby,1998,3169722.0
lby,1999,3253498.0
lby,2000,3342348.0
lby,2001,3434991.0
lby,2002,3531588.0
lby,2003,3629846.0
lby,2004,3726211.0
lby,2005,3818340.0
lby,2006,3900327.0
lby,2007,3978915.0
lby,2008,4050307.0
lby,2009,4110309.0
lby,2010,4156721.0
lby,2011,4171415.0
lby,2012,4171264.0
lby,2013,4165511.0
lby,2014,4166313.0
lby,2015,4182090.0
lby,2016,4230347.0
lca,1970,47185.0
lca,1971,48379.0
lca,1972,49504.0
lca,1973,50648.0
lca,1974,51866.0
lca,1975,53165.0
lca,1976,54442.0
lca,1977,55810.0
lca,1978,57261.0
lca,1979,58764.0
lca,1980,60265.0
lca,1981,62056.0
lca,1982,63715.0
lca,1983,65253.0
lca,1984,66695.0
lca,1985,68078.0
lca,1986,70349.0
lca,1987,72445.0
lca,1988,74341.0
lca,1989,75991.0
lca,1990,77368.0
lca,1991,79043.0
lca,1992,80460.0
lca,1993,81716.0
lca,1994,82974.0
lca,1995,84321.0
lca,1996,86018.0
lca,1997,87948.0
lca,1998,90046.0
lca,1999,92234.0
lca,2000,94455.0
lca,2001,96659.0
lca,2002,98917.0
lca,2003,101264.0
lca,2004,103740.0
lca,2005,106343.0
lca,2006,108801.0
lca,2007,111211.0
lca,2008,113550.0
lca,2009,115705.0
lca,2010,117563.0
lca,2011,119526.0
lca,2012,121223.0
lca,2013,122740.0
lca,2014,124178.0
lca,2015,125570.0
lca,2016,126621.0
lcn,1970,153859628.0
lcn,1971,158208666.0
lcn,1972,162651011.0
lcn,1973,167223638.0
lcn,1974,171993633.0
lcn,1975,176984713.0
lcn,1976,181874512.0
lcn,1977,186962776.0
lcn,1978,192236856.0
lcn,1979,197656709.0
lcn,1980,203201427.0
lcn,1981,208657991.0
lcn,1982,214276574.0
lcn,1983,220014930.0
lcn,1984,225846290.0
lcn,1985,231754718.0
lcn,1986,237585537.0
lcn,1987,243515277.0
lcn,1988,249542557.0
lcn,1989,255671240.0
lcn,1990,261906967.0
lcn,1991,268153814.0
lcn,1992,274499575.0
lcn,1993,280952387.0
lcn,1994,287508413.0
lcn,1995,294150658.0
lcn,1996,300641327.0
lcn,1997,307175206.0
lcn,1998,313723037.0
lcn,1999,320262189.0
lcn,2000,326771437.0
lcn,2001,333092287.0
lcn,2002,339423440.0
lcn,2003,345766357.0
lcn,2004,352126602.0
lcn,2005,358512351.0
lcn,2006,365060154.0
lcn,2007,371620664.0
lcn,2008,378187003.0
lcn,2009,384736555.0
lcn,2010,391226833.0
lcn,2011,397553429.0
lcn,2012,403764579.0
lcn,2013,409836002.0
lcn,2014,415719611.0
lcn,2015,421388971.0
lcn,2016,426611336.0
ldc,1970,163019483.0
ldc,1971,166332761.0
ldc,1972,169846295.0
ldc,1973,173578756.0
ldc,1974,177556663.0
ldc,1975,181806515.0
ldc,1976,185756155.0
ldc,1977,190091658.0
ldc,1978,194762491.0
ldc,1979,199733142.0
ldc,1980,204986829.0
ldc,1981,209701167.0
ldc,1982,214861615.0
ldc,1983,220432212.0
ldc,1984,226375886.0
ldc,1985,232675958.0
ldc,1986,238499902.0
ldc,1987,244829457.0
ldc,1988,251638653.0
ldc,1989,258920891.0
ldc,1990,266676145.0
ldc,1991,274338107.0
ldc,1992,282540449.0
ldc,1993,291210750.0
ldc,1994,300272399.0
ldc,1995,309674420.0
ldc,1996,318295420.0
ldc,1997,327319912.0
ldc,1998,336753004.0
ldc,1999,346605960.0
ldc,2000,356882667.0
ldc,2001,366846005.0
ldc,2002,377310293.0
ldc,2003,388155703.0
ldc,2004,399264026.0
ldc,2005,410586101.0
ldc,2006,421250681.0
ldc,2007,432236271.0
ldc,2008,443619706.0
ldc,2009,455507248.0
ldc,2010,467980110.0
ldc,2011,480946962.0
ldc,2012,494567793.0
ldc,2013,508781870.0
ldc,2014,523509348.0
ldc,2015,538683066.0
ldc,2016,553818904.0
lic,1970,104155419.0
lic,1971,106287798.0
lic,1972,108736552.0
lic,1973,111428503.0
lic,1974,114260380.0
lic,1975,117180662.0
lic,1976,119798916.0
lic,1977,122552836.0
lic,1978,125426044.0
lic,1979,128429096.0
lic,1980,131575905.0
lic,1981,134354780.0
lic,1982,137325862.0
lic,1983,140520923.0
lic,1984,143979442.0
lic,1985,147718274.0
lic,1986,151084354.0
lic,1987,154864970.0
lic,1988,159001078.0
lic,1989,163421324.0
lic,1990,168092418.0
lic,1991,172673511.0
lic,1992,177579988.0
lic,1993,182765177.0
lic,1994,188197185.0
lic,1995,193853317.0
lic,1996,198897854.0
lic,1997,204215620.0
lic,1998,209812058.0
lic,1999,215706869.0
lic,2000,221926665.0
lic,2001,228018671.0
lic,2002,234536195.0
lic,2003,241410823.0
lic,2004,248567845.0
lic,2005,255974926.0
lic,2006,263149739.0
lic,2007,270644658.0
lic,2008,278497605.0
lic,2009,286770413.0
lic,2010,295501426.0
lic,2011,304456212.0
lic,2012,313935076.0
lic,2013,323893877.0
lic,2014,334273267.0
lic,2015,345033273.0
lic,2016,355844068.0
lka,1970,7012291.0
lka,1971,7148854.0
lka,1972,7304140.0
lka,1973,7506607.0
lka,1974,7687340.0
lka,1975,7870330.0
lka,1976,8052869.0
lka,1977,8223759.0
lka,1978,8401011.0
lka,1979,8602859.0
lka,1980,8810478.0
lka,1981,8892230.0
lka,1982,9076287.0
lka,1983,9264798.0
lka,1984,9453947.0
lka,1985,9642554.0
lka,1986,9839074.0
lka,1987,10041829.0
lka,1988,10247514.0
lka,1989,10454887.0
lka,1990,10661206.0
lka,1991,10873913.0
lka,1992,11075782.0
lka,1993,11269939.0
lka,1994,11460279.0
lka,1995,11648744.0
lka,1996,11818810.0
lka,1997,11989987.0
lka,1998,12163500.0
lka,1999,12335760.0
lka,2000,12503997.0
lka,2001,12646902.0
lka,2002,12771592.0
lka,2003,12882802.0
lka,2004,12987740.0
lka,2005,13089712.0
lka,2006,13174073.0
lka,2007,13264235.0
lka,2008,13357119.0
lka,2009,13447482.0
lka,2010,13530878.0
lka,2011,13587549.0
lka,2012,13639799.0
lka,2013,13695065.0
lka,2014,13772602.0
lka,2015,13863968.0
lka,2016,13997712.0
lmc,1970,656654254.0
lmc,1971,672090099.0
lmc,1972,688466165.0
lmc,1973,705812104.0
lmc,1974,724151651.0
lmc,1975,743527408.0
lmc,1976,761714113.0
lmc,1977,781235610.0
lmc,1978,801950582.0
lmc,1979,823668174.0
lmc,1980,846219676.0
lmc,1981,867700973.0
lmc,1982,890160739.0
lmc,1983,913527684.0
lmc,1984,937840528.0
lmc,1985,963096905.0
lmc,1986,986757804.0
lmc,1987,1011860271.0
lmc,1988,1038105671.0
lmc,1989,1065163622.0
lmc,1990,1093665244.0
lmc,1991,1120110189.0
lmc,1992,1147440796.0
lmc,1993,1175636974.0
lmc,1994,1204771121.0
lmc,1995,1235087070.0
lmc,1996,1264686381.0
lmc,1997,1295609255.0
lmc,1998,1327700281.0
lmc,1999,1360582944.0
lmc,2000,1394004608.0
lmc,2001,1425402309.0
lmc,2002,1457413001.0
lmc,2003,1490054056.0
lmc,2004,1523265087.0
lmc,2005,1556928295.0
lmc,2006,1589607162.0
lmc,2007,1622766039.0
lmc,2008,1656311736.0
lmc,2009,1690174278.0
lmc,2010,1724455850.0
lmc,2011,1757280703.0
lmc,2012,1790365009.0
lmc,2013,1823726823.0
lmc,2014,1857048867.0
lmc,2015,1890318892.0
lmc,2016,1922475312.0
lmy,1970,1572431339.0
lmy,1971,1610368871.0
lmy,1972,1648737360.0
lmy,1973,1688179646.0
lmy,1974,1729224410.0
lmy,1975,1771998675.0
lmy,1976,1813758458.0
lmy,1977,1857774918.0
lmy,1978,1904753246.0
lmy,1979,1954325603.0
lmy,1980,2005609146.0
lmy,1981,2057035776.0
lmy,1982,2110876736.0
lmy,1983,2165831872.0
lmy,1984,2221302454.0
lmy,1985,2277911611.0
lmy,1986,2330186776.0
lmy,1987,2384735173.0
lmy,1988,2440306715.0
lmy,1989,2496244716.0
lmy,1990,2553309663.0
lmy,1991,2603279295.0
lmy,1992,2656447479.0
lmy,1993,2712078353.0
lmy,1994,2768714610.0
lmy,1995,2826020434.0
lmy,1996,2886824414.0
lmy,1997,2946527687.0
lmy,1998,3006471611.0
lmy,1999,3069095471.0
lmy,2000,3135134850.0
lmy,2001,3197110844.0
lmy,2002,3262664864.0
lmy,2003,3330880043.0
lmy,2004,3399213679.0
lmy,2005,3466203414.0
lmy,2006,3528138778.0
lmy,2007,3589314542.0
lmy,2008,3649547379.0
lmy,2009,3708934368.0
lmy,2010,3767197694.0
lmy,2011,3822327580.0
lmy,2012,3876856921.0
lmy,2013,3930659554.0
lmy,2014,3983570618.0
lmy,2015,4035544930.0
lmy,2016,4084459346.0
lso,1970,534688.0
lso,1971,544115.0
lso,1972,554050.0
lso,1973,564799.0
lso,1974,576734.0
lso,1975,590068.0
lso,1976,604569.0
lso,1977,620697.0
lso,1978,638097.0
lso,1979,656305.0
lso,1980,674996.0
lso,1981,690356.0
lso,1982,706182.0
lso,1983,722266.0
lso,1984,738420.0
lso,1985,754618.0
lso,1986,769518.0
lso,1987,783953.0
lso,1988,798270.0
lso,1989,813209.0
lso,1990,829506.0
lso,1991,851237.0
lso,1992,874157.0
lso,1993,897479.0
lso,1994,920282.0
lso,1995,941938.0
lso,1996,957463.0
lso,1997,971823.0
lso,1998,985459.0
lso,1999,999125.0
lso,2000,1013504.0
lso,2001,1027267.0
lso,2002,1042500.0
lso,2003,1058811.0
lso,2004,1075625.0
lso,2005,1092658.0
lso,2006,1112182.0
lso,2007,1131141.0
lso,2008,1150012.0
lso,2009,1169571.0
lso,2010,1190134.0
lso,2011,1211091.0
lso,2012,1233366.0
lso,2013,1256525.0
lso,2014,1279825.0
lso,2015,1302780.0
lso,2016,1322124.0
ltu,1970,1972387.0
ltu,1971,1999174.0
ltu,1972,2023394.0
ltu,1973,2046602.0
ltu,1974,2071529.0
ltu,1975,2098351.0
ltu,1976,2123131.0
ltu,1977,2151470.0
ltu,1978,2181012.0
ltu,1979,2206824.0
ltu,1980,2229711.0
ltu,1981,2256615.0
ltu,1982,2284802.0
ltu,1983,2313621.0
ltu,1984,2341410.0
ltu,1985,2368165.0
ltu,1986,2391298.0
ltu,1987,2415500.0
ltu,1988,2439333.0
ltu,1989,2455661.0
ltu,1990,2461149.0
ltu,1991,2458074.0
ltu,1992,2448810.0
ltu,1993,2432053.0
ltu,1994,2412310.0
ltu,1995,2393447.0
ltu,1996,2371898.0
ltu,1997,2352861.0
ltu,1998,2336446.0
ltu,1999,2322764.0
ltu,2000,2311512.0
ltu,2001,2301434.0
ltu,2002,2291410.0
ltu,2003,2280949.0
ltu,2004,2263287.0
ltu,2005,2234116.0
ltu,2006,2203373.0
ltu,2007,2182545.0
ltu,2008,2165603.0
ltu,2009,2146373.0
ltu,2010,2105023.0
ltu,2011,2052859.0
ltu,2012,2019467.0
ltu,2013,1991990.0
ltu,2014,1966503.0
ltu,2015,1938118.0
ltu,2016,1909060.0
lux,1970,221271.0
lux,1971,223516.0
lux,1972,226758.0
lux,1973,230087.0
lux,1974,234112.0
lux,1975,237823.0
lux,1976,239782.0
lux,1977,240908.0
lux,1978,242128.0
lux,1979,243791.0
lux,1980,246174.0
lux,1981,248131.0
lux,1982,249958.0
lux,1983,251754.0
lux,1984,253474.0
lux,1985,254937.0
lux,1986,256509.0
lux,1987,258275.0
lux,1988,259906.0
lux,1989,261905.0
lux,1990,264420.0
lux,1991,266916.0
lux,1992,269212.0
lux,1993,271435.0
lux,1994,273778.0
lux,1995,276460.0
lux,1996,279122.0
lux,1997,281896.0
lux,1998,284951.0
lux,1999,288517.0
lux,2000,292244.0
lux,2001,295355.0
lux,2002,298241.0
lux,2003,301860.0
lux,2004,306368.0
lux,2005,311455.0
lux,2006,317871.0
lux,2007,324331.0
lux,2008,331669.0
lux,2009,339196.0
lux,2010,346568.0
lux,2011,355822.0
lux,2012,365909.0
lux,2013,375871.0
lux,2014,386181.0
lux,2015,396603.0
lux,2016,404788.0
lva,1970,1566099.0
lva,1971,1575969.0
lva,1972,1586392.0
lva,1973,1597618.0
lva,1974,1611513.0
lva,1975,1626234.0
lva,1976,1632379.0
lva,1977,1642284.0
lva,1978,1654442.0
lva,1979,1664454.0
lva,1980,1672821.0
lva,1981,1682915.0
lva,1982,1693466.0
lva,1983,1704700.0
lva,1984,1716443.0
lva,1985,1728736.0
lva,1986,1739807.0
lva,1987,1755782.0
lva,1988,1772275.0
lva,1989,1779584.0
lva,1990,1775471.0
lva,1991,1757032.0
lva,1992,1724517.0
lva,1993,1684537.0
lva,1994,1652967.0
lva,1995,1628697.0
lva,1996,1615998.0
lva,1997,1606885.0
lva,1998,1599885.0
lva,1999,1595860.0
lva,2000,1589929.0
lva,2001,1576297.0
lva,2002,1563866.0
lva,2003,1554408.0
lva,2004,1543393.0
lva,2005,1532741.0
lva,2006,1515889.0
lva,2007,1501714.0
lva,2008,1483990.0
lva,2009,1456137.0
lva,2010,1420728.0
lva,2011,1387405.0
lva,2012,1361620.0
lva,2013,1337871.0
lva,2014,1316271.0
lva,2015,1296969.0
lva,2016,1278854.0
mac,1970,140562.0
mac,1971,147846.0
mac,1972,152964.0
mac,1973,156291.0
mac,1974,158728.0
mac,1975,160887.0
mac,1976,161432.0
mac,1977,161969.0
mac,1978,162521.0
mac,1979,163026.0
mac,1980,163692.0
mac,1981,168882.0
mac,1982,174273.0
mac,1983,180292.0
mac,1984,187475.0
mac,1985,195773.0
mac,1986,202195.0
mac,1987,210339.0
mac,1988,219066.0
mac,1989,227008.0
mac,1990,233667.0
mac,1991,239622.0
mac,1992,244533.0
mac,1993,248976.0
mac,1994,253897.0
mac,1995,259784.0
mac,1996,266188.0
mac,1997,273077.0
mac,1998,280594.0
mac,1999,288994.0
mac,2000,298530.0
mac,2001,310123.0
mac,2002,323373.0
mac,2003,337710.0
mac,2004,352314.0
mac,2005,366552.0
mac,2006,380891.0
mac,2007,394502.0
mac,2008,407423.0
mac,2009,419908.0
mac,2010,432007.0
mac,2011,442148.0
mac,2012,452088.0
mac,2013,461229.0
mac,2014,468857.0
mac,2015,474598.0
mac,2016,477620.0
mar,1970,7834004.0
mar,1971,8035759.0
mar,1972,8253742.0
mar,1973,8490150.0
mar,1974,8748519.0
mar,1975,9030139.0
mar,1976,9330691.0
mar,1977,9651811.0
mar,1978,9990008.0
mar,1979,10339388.0
mar,1980,10694743.0
mar,1981,11028267.0
mar,1982,11369004.0
mar,1983,11712596.0
mar,1984,12056516.0
mar,1985,12400236.0
mar,1986,12712391.0
mar,1987,13036655.0
mar,1988,13368403.0
mar,1989,13700278.0
mar,1990,14029876.0
mar,1991,14380079.0
mar,1992,14713501.0
mar,1993,15042984.0
mar,1994,15388030.0
mar,1995,15756947.0
mar,1996,16108715.0
mar,1997,16492322.0
mar,1998,16893498.0
mar,1999,17286415.0
mar,2000,17657995.0
mar,2001,18039157.0
mar,2002,18384206.0
mar,2003,18708456.0
mar,2004,19036277.0
mar,2005,19379076.0
mar,2006,19717881.0
mar,2007,20078796.0
mar,2008,20453463.0
mar,2009,20824943.0
mar,2010,21184050.0
mar,2011,21567735.0
mar,2012,21935033.0
mar,2013,22284898.0
mar,2014,22622915.0
mar,2015,22950840.0
mar,2016,23237448.0
mda,1970,1873696.0
mda,1971,1923174.0
mda,1972,1969080.0
mda,1973,2012228.0
mda,1974,2053155.0
mda,1975,2091292.0
mda,1976,2118073.0
mda,1977,2145436.0
mda,1978,2174040.0
mda,1979,2200745.0
mda,1980,2225222.0
mda,1981,2249550.0
mda,1982,2271579.0
mda,1983,2291824.0
mda,1984,2311400.0
mda,1985,2329376.0
mda,1986,2338088.0
mda,1987,2345071.0
mda,1988,2350443.0
mda,1989,2354375.0
mda,1990,2357769.0
mda,1991,2356741.0
mda,1992,2357777.0
mda,1993,2359791.0
mda,1994,2363045.0
mda,1995,2366322.0
mda,1996,2376712.0
mda,1997,2384439.0
mda,1998,2402232.0
mda,1999,2421006.0
mda,2000,2442980.0
mda,2001,2466221.0
mda,2002,2492774.0
mda,2003,2520057.0
mda,2004,2547530.0
mda,2005,2572633.0
mda,2006,2582630.0
mda,2007,2591565.0
mda,2008,2598947.0
mda,2009,2606021.0
mda,2010,2612294.0
mda,2011,2620462.0
mda,2012,2630322.0
mda,2013,2639258.0
mda,2014,2643738.0
mda,2015,2641937.0
mda,2016,2626949.0
mdg,1970,3360896.0
mdg,1971,3437164.0
mdg,1972,3520328.0
mdg,1973,3610637.0
mdg,1974,3709017.0
mdg,1975,3815741.0
mdg,1976,3913439.0
mdg,1977,4021149.0
mdg,1978,4138320.0
mdg,1979,4264486.0
mdg,1980,4399204.0
mdg,1981,4523811.0
mdg,1982,4660091.0
mdg,1983,4806050.0
mdg,1984,4959175.0
mdg,1985,5118177.0
mdg,1986,5269329.0
mdg,1987,5427733.0
mdg,1988,5595110.0
mdg,1989,5773412.0
mdg,1990,5963118.0
mdg,1991,6143163.0
mdg,1992,6336900.0
mdg,1993,6543146.0
mdg,1994,6759700.0
mdg,1995,6984885.0
mdg,1996,7199773.0
mdg,1997,7427222.0
mdg,1998,7666273.0
mdg,1999,7917136.0
mdg,2000,8180137.0
mdg,2001,8433188.0
mdg,2002,8704117.0
mdg,2003,8990863.0
mdg,2004,9291058.0
mdg,2005,9603987.0
mdg,2006,9924162.0
mdg,2007,10255111.0
mdg,2008,10599824.0
mdg,2009,10963036.0
mdg,2010,11346586.0
mdg,2011,11735063.0
mdg,2012,12145803.0
mdg,2013,12574220.0
mdg,2014,13012354.0
mdg,2015,13455388.0
mdg,2016,13898297.0
mdv,1970,59465.0
mdv,1971,61067.0
mdv,1972,63128.0
mdv,1973,65530.0
mdv,1974,68097.0
mdv,1975,70722.0
mdv,1976,72806.0
mdv,1977,75012.0
mdv,1978,77339.0
mdv,1979,79810.0
mdv,1980,82416.0
mdv,1981,85165.0
mdv,1982,87929.0
mdv,1983,90760.0
mdv,1984,93733.0
mdv,1985,96863.0
mdv,1986,99227.0
mdv,1987,101952.0
mdv,1988,104899.0
mdv,1989,107898.0
mdv,1990,108319.0
mdv,1991,112677.0
mdv,1992,116153.0
mdv,1993,120364.0
mdv,1994,122519.0
mdv,1995,128744.0
mdv,1996,134278.0
mdv,1997,137721.0
mdv,1998,144228.0
mdv,1999,152238.0
mdv,2000,158953.0
mdv,2001,167577.0
mdv,2002,175796.0
mdv,2003,185260.0
mdv,2004,195333.0
mdv,2005,205945.0
mdv,2006,218280.0
mdv,2007,233414.0
mdv,2008,246512.0
mdv,2009,248982.0
mdv,2010,257106.0
mdv,2011,266983.0
mdv,2012,274985.0
mdv,2013,282468.0
mdv,2014,289582.0
mdv,2015,296590.0
mdv,2016,302532.0
mea,1970,72296848.0
mea,1971,74295852.0
mea,1972,76408538.0
mea,1973,78679775.0
mea,1974,81072173.0
mea,1975,83601839.0
mea,1976,86167509.0
mea,1977,88876280.0
mea,1978,91747896.0
mea,1979,94818004.0
mea,1980,98075459.0
mea,1981,101336431.0
mea,1982,104812107.0
mea,1983,108452762.0
mea,1984,112196900.0
mea,1985,116049153.0
mea,1986,119701285.0
mea,1987,123514292.0
mea,1988,127450595.0
mea,1989,131487426.0
mea,1990,136643691.0
mea,1991,140884219.0
mea,1992,143894230.0
mea,1993,148378822.0
mea,1994,153058585.0
mea,1995,159043465.0
mea,1996,164339019.0
mea,1997,169824395.0
mea,1998,175439812.0
mea,1999,181217219.0
mea,2000,187159520.0
mea,2001,193383302.0
mea,2002,199756965.0
mea,2003,206314647.0
mea,2004,213061864.0
mea,2005,219947918.0
mea,2006,226675511.0
mea,2007,233552174.0
mea,2008,240404744.0
mea,2009,247059195.0
mea,2010,253345930.0
mea,2011,259110482.0
mea,2012,264529987.0
mea,2013,269647702.0
mea,2014,274596884.0
mea,2015,279485743.0
mea,2016,284062140.0
mex,1970,25884062.0
mex,1971,26728879.0
mex,1972,27584283.0
mex,1973,28455147.0
mex,1974,29360737.0
mex,1975,30312046.0
mex,1976,31190080.0
mex,1977,32164998.0
mex,1978,33202972.0
mex,1979,34255613.0
mex,1980,35305855.0
mex,1981,36484623.0
mex,1982,37613640.0
mex,1983,38738984.0
mex,1984,39929055.0
mex,1985,41212941.0
mex,1986,42555950.0
mex,1987,43968273.0
mex,1988,45433831.0
mex,1989,46912811.0
mex,1990,48381483.0
mex,1991,49838899.0
mex,1992,51317846.0
mex,1993,52791509.0
mex,1994,54232991.0
mex,1995,55625654.0
mex,1996,56948473.0
mex,1997,58205025.0
mex,1998,59407888.0
mex,1999,60582113.0
mex,2000,61745507.0
mex,2001,62890102.0
mex,2002,64023490.0
mex,2003,65169756.0
mex,2004,66355990.0
mex,2005,67605637.0
mex,2006,69062443.0
mex,2007,70597005.0
mex,2008,72191423.0
mex,2009,73815200.0
mex,2010,75436787.0
mex,2011,77037261.0
mex,2012,78615819.0
mex,2013,80164318.0
mex,2014,81676066.0
mex,2015,83145725.0
mex,2016,84512801.0
mic,1970,1468275920.0
mic,1971,1504081073.0
mic,1972,1540000808.0
mic,1973,1576751143.0
mic,1974,1614964030.0
mic,1975,1654818013.0
mic,1976,1693959542.0
mic,1977,1735222082.0
mic,1978,1779327202.0
mic,1979,1825896507.0
mic,1980,1874033241.0
mic,1981,1922680996.0
mic,1982,1973550874.0
mic,1983,2025310949.0
mic,1984,2077323012.0
mic,1985,2130193337.0
mic,1986,2179102422.0
mic,1987,2229870203.0
mic,1988,2281305637.0
mic,1989,2332823392.0
mic,1990,2385217245.0
mic,1991,2430605784.0
mic,1992,2478867491.0
mic,1993,2529313176.0
mic,1994,2580517425.0
mic,1995,2632167117.0
mic,1996,2687926560.0
mic,1997,2742312067.0
mic,1998,2796659553.0
mic,1999,2853388602.0
mic,2000,2913208185.0
mic,2001,2969092173.0
mic,2002,3028128669.0
mic,2003,3089469220.0
mic,2004,3150645834.0
mic,2005,3210228488.0
mic,2006,3264989039.0
mic,2007,3318669884.0
mic,2008,3371049774.0
mic,2009,3422163955.0
mic,2010,3471696268.0
mic,2011,3517871368.0
mic,2012,3562921845.0
mic,2013,3606765677.0
mic,2014,3649297351.0
mic,2015,3690511657.0
mic,2016,3728615278.0
mkd,1970,1054466.0
mkd,1971,1072606.0
mkd,1972,1089207.0
mkd,1973,1104317.0
mkd,1974,1118656.0
mkd,1975,1133139.0
mkd,1976,1152337.0
mkd,1977,1170899.0
mkd,1978,1189337.0
mkd,1979,1208495.0
mkd,1980,1228399.0
mkd,1981,1247516.0
mkd,1982,1266684.0
mkd,1983,1284991.0
mkd,1984,1300908.0
mkd,1985,1313718.0
mkd,1986,1320964.0
mkd,1987,1326179.0
mkd,1988,1329288.0
mkd,1989,1330358.0
mkd,1990,1329580.0
mkd,1991,1326043.0
mkd,1992,1320733.0
mkd,1993,1315383.0
mkd,1994,1312283.0
mkd,1995,1312788.0
mkd,1996,1319538.0
mkd,1997,1330806.0
mkd,1998,1344901.0
mkd,1999,1359225.0
mkd,2000,1372063.0
mkd,2001,1383436.0
mkd,2002,1392563.0
mkd,2003,1400340.0
mkd,2004,1408318.0
mkd,2005,1417258.0
mkd,2006,1425333.0
mkd,2007,1434706.0
mkd,2008,1444448.0
mkd,2009,1453092.0
mkd,2010,1459824.0
mkd,2011,1465611.0
mkd,2012,1469022.0
mkd,2013,1470270.0
mkd,2014,1470032.0
mkd,2015,1468711.0
mkd,2016,1464085.0
mli,1970,3292114.0
mli,1971,3321276.0
mli,1972,3360358.0
mli,1973,3406893.0
mli,1974,3458960.0
mli,1975,3515530.0
mli,1976,3544171.0
mli,1977,3580501.0
mli,1978,3624302.0
mli,1979,3675885.0
mli,1980,3735553.0
mli,1981,3777265.0
mli,1982,3830080.0
mli,1983,3890115.0
mli,1984,3953102.0
mli,1985,4016783.0
mli,1986,4036693.0
mli,1987,4059492.0
mli,1988,4089406.0
mli,1989,4131750.0
mli,1990,4190421.0
mli,1991,4276577.0
mli,1992,4382330.0
mli,1993,4503525.0
mli,1994,4635345.0
mli,1995,4774525.0
mli,1996,4897041.0
mli,1997,5031442.0
mli,1998,5177013.0
mli,1999,5332976.0
mli,2000,5499263.0
mli,2001,5660811.0
mli,2002,5834667.0
mli,2003,6020280.0
mli,2004,6217733.0
mli,2005,6426588.0
mli,2006,6617901.0
mli,2007,6824747.0
mli,2008,7043532.0
mli,2009,7270796.0
mli,2010,7505060.0
mli,2011,7706660.0
mli,2012,7921006.0
mli,2013,8149012.0
mli,2014,8392260.0
mli,2015,8652977.0
mli,2016,8932211.0
mlt,1970,190688.0
mlt,1971,192885.0
mlt,1972,193899.0
mlt,1973,194349.0
mlt,1974,194880.0
mlt,1975,197329.0
mlt,1976,198959.0
mlt,1977,200952.0
mlt,1978,204495.0
mlt,1979,207650.0
mlt,1980,210286.0
mlt,1981,211779.0
mlt,1982,216056.0
mlt,1983,218714.0
mlt,1984,218473.0
mlt,1985,222268.0
mlt,1986,225825.0
mlt,1987,227198.0
mlt,1988,228969.0
mlt,1989,231301.0
mlt,1990,233909.0
mlt,1991,240497.0
mlt,1992,243482.0
mlt,1993,246596.0
mlt,1994,249599.0
mlt,1995,251946.0
mlt,1996,254505.0
mlt,1997,257231.0
mlt,1998,259656.0
mlt,1999,262031.0
mlt,2000,264722.0
mlt,2001,267173.0
mlt,2002,269872.0
mlt,2003,272493.0
mlt,2004,275131.0
mlt,2005,277530.0
mlt,2006,280029.0
mlt,2007,282102.0
mlt,2008,284486.0
mlt,2009,286551.0
mlt,2010,287208.0
mlt,2011,287347.0
mlt,2012,288021.0
mlt,2013,288769.0
mlt,2014,289355.0
mlt,2015,290305.0
mlt,2016,291240.0
mmr,1970,14280510.0
mmr,1971,14627447.0
mmr,1972,14998384.0
mmr,1973,15387915.0
mmr,1974,15792878.0
mmr,1975,16212548.0
mmr,1976,16613939.0
mmr,1977,17030932.0
mmr,1978,17465224.0
mmr,1979,17920287.0
mmr,1980,18397291.0
mmr,1981,18853482.0
mmr,1982,19330006.0
mmr,1983,19826451.0
mmr,1984,20344772.0
mmr,1985,20885802.0
mmr,1986,21381967.0
mmr,1987,21917984.0
mmr,1988,22477128.0
mmr,1989,23036793.0
mmr,1990,23586070.0
mmr,1991,24095687.0
mmr,1992,24580767.0
mmr,1993,25062480.0
mmr,1994,25569820.0
mmr,1995,26116921.0
mmr,1996,26679251.0
mmr,1997,27271799.0
mmr,1998,27880718.0
mmr,1999,28481874.0
mmr,2000,29057381.0
mmr,2001,29529767.0
mmr,2002,29977410.0
mmr,2003,30396192.0
mmr,2004,30788909.0
mmr,2005,31161876.0
mmr,2006,31440943.0
mmr,2007,31724664.0
mmr,2008,32019605.0
mmr,2009,32329867.0
mmr,2010,32661644.0
mmr,2011,33104409.0
mmr,2012,33555999.0
mmr,2013,34021695.0
mmr,2014,34507130.0
mmr,2015,35007869.0
mmr,2016,35494275.0
mna,1970,66147364.0
mna,1971,67859551.0
mna,1972,69674914.0
mna,1973,71596566.0
mna,1974,73633418.0
mna,1975,75792508.0
mna,1976,77945636.0
mna,1977,80208056.0
mna,1978,82605405.0
mna,1979,85165700.0
mna,1980,87892461.0
mna,1981,90566612.0
mna,1982,93432681.0
mna,1983,96450148.0
mna,1984,99570445.0
mna,1985,102769737.0
mna,1986,105831863.0
mna,1987,109032723.0
mna,1988,112362598.0
mna,1989,115822588.0
mna,1990,120397071.0
mna,1991,124022459.0
mna,1992,127789795.0
mna,1993,131720552.0
mna,1994,135832512.0
mna,1995,140140346.0
mna,1996,144783981.0
mna,1997,149583164.0
mna,1998,154510178.0
mna,1999,159588759.0
mna,2000,164806288.0
mna,2001,170078873.0
mna,2002,175464773.0
mna,2003,180954937.0
mna,2004,186492311.0
mna,2005,191991843.0
mna,2006,196970405.0
mna,2007,201917945.0
mna,2008,206761046.0
mna,2009,211418999.0
mna,2010,215857583.0
mna,2011,219896860.0
mna,2012,223710074.0
mna,2013,227348032.0
mna,2014,230928060.0
mna,2015,234533334.0
mna,2016,237948972.0
mne,1970,306696.0
mne,1971,311214.0
mne,1972,317235.0
mne,1973,324293.0
mne,1974,331817.0
mne,1975,339298.0
mne,1976,345127.0
mne,1977,351040.0
mne,1978,357091.0
mne,1979,363291.0
mne,1980,369679.0
mne,1981,377191.0
mne,1982,384576.0
mne,1983,391505.0
mne,1984,397636.0
mne,1985,402637.0
mne,1986,403755.0
mne,1987,403983.0
mne,1988,403594.0
mne,1989,402859.0
mne,1990,402124.0
mne,1991,403971.0
mne,1992,405539.0
mne,1993,406844.0
mne,1994,407872.0
mne,1995,408494.0
mne,1996,407807.0
mne,1997,406996.0
mne,1998,406240.0
mne,1999,405642.0
mne,2000,405238.0
mne,2001,406546.0
mne,2002,407702.0
mne,2003,408796.0
mne,2004,409250.0
mne,2005,410067.0
mne,2006,411232.0
mne,2007,413005.0
mne,2008,415296.0
mne,2009,417768.0
mne,2010,419897.0
mne,2011,420538.0
mne,2012,421056.0
mne,2013,421467.0
mne,2014,421507.0
mne,2015,420878.0
mne,2016,419985.0
mng,1970,651547.0
mng,1971,666888.0
mng,1972,681447.0
mng,1973,696632.0
mng,1974,714796.0
mng,1975,737021.0
mng,1976,758608.0
mng,1977,784922.0
mng,1978,814567.0
mng,1979,845180.0
mng,1980,875489.0
mng,1981,904619.0
mng,1982,933226.0
mng,1983,962415.0
mng,1984,993972.0
mng,1985,1028645.0
mng,1986,1062758.0
mng,1987,1099707.0
mng,1988,1137838.0
mng,1989,1175123.0
mng,1990,1210182.0
mng,1991,1232985.0
mng,1992,1255926.0
mng,1993,1278567.0
mng,1994,1300714.0
mng,1995,1323123.0
mng,1996,1352494.0
mng,1997,1379735.0
mng,1998,1407233.0
mng,1999,1438549.0
mng,2000,1475318.0
mng,2001,1514599.0
mng,2002,1559593.0
mng,2003,1608242.0
mng,2004,1656421.0
mng,2005,1701441.0
mng,2006,1742275.0
mng,2007,1779268.0
mng,2008,1813202.0
mng,2009,1845861.0
mng,2010,1878074.0
mng,2011,1905445.0
mng,2012,1932458.0
mng,2013,1958159.0
mng,2014,1982109.0
mng,2015,2004486.0
mng,2016,2020751.0
moz,1970,4873081.0
moz,1971,4968580.0
moz,1972,5074058.0
moz,1973,5190754.0
moz,1974,5321095.0
moz,1975,5466088.0
moz,1976,5601740.0
moz,1977,5756723.0
moz,1978,5923432.0
moz,1979,6092929.0
moz,1980,6259621.0
moz,1981,6366624.0
moz,1982,6473667.0
moz,1983,6574255.0
moz,1984,6661530.0
moz,1985,6732690.0
moz,1986,6674456.0
moz,1987,6603578.0
moz,1988,6546729.0
moz,1989,6533605.0
moz,1990,6581986.0
moz,1991,6849717.0
moz,1992,7174636.0
moz,1993,7531493.0
moz,1994,7888900.0
moz,1995,8226053.0
moz,1996,8454966.0
moz,1997,8678060.0
moz,1998,8902422.0
moz,1999,9136985.0
moz,2000,9388061.0
moz,2001,9624155.0
moz,2002,9880067.0
moz,2003,10153259.0
moz,2004,10442433.0
moz,2005,10747008.0
moz,2006,11033623.0
moz,2007,11341688.0
moz,2008,11670468.0
moz,2009,12019163.0
moz,2010,12387742.0
moz,2011,12757884.0
moz,2012,13151063.0
moz,2013,13567440.0
moz,2014,14007850.0
moz,2015,14472645.0
moz,2016,14943954.0
mrt,1970,591702.0
mrt,1971,607578.0
mrt,1972,624959.0
mrt,1973,643692.0
mrt,1974,663573.0
mrt,1975,684481.0
mrt,1976,703926.0
mrt,1977,724778.0
mrt,1978,746916.0
mrt,1979,770195.0
mrt,1980,794552.0
mrt,1981,817471.0
mrt,1982,841685.0
mrt,1983,867052.0
mrt,1984,893443.0
mrt,1985,920779.0
mrt,1986,945936.0
mrt,1987,972331.0
mrt,1988,999912.0
mrt,1989,1028626.0
mrt,1990,1058499.0
mrt,1991,1087350.0
mrt,1992,1117759.0
mrt,1993,1150097.0
mrt,1994,1184799.0
mrt,1995,1222160.0
mrt,1996,1263771.0
mrt,1997,1308427.0
mrt,1998,1355584.0
mrt,1999,1404597.0
mrt,2000,1454984.0
mrt,2001,1503511.0
mrt,2002,1553814.0
mrt,2003,1605831.0
mrt,2004,1659510.0
mrt,2005,1714877.0
mrt,2006,1769431.0
mrt,2007,1825965.0
mrt,2008,1884782.0
mrt,2009,1946294.0
mrt,2010,2010692.0
mrt,2011,2077330.0
mrt,2012,2147223.0
mrt,2013,2219684.0
mrt,2014,2294015.0
mrt,2015,2369744.0
mrt,2016,2442002.0
mus,1970,443131.0
mus,1971,458113.0
mus,1972,471576.0
mus,1973,484402.0
mus,1974,498122.0
mus,1975,513488.0
mus,1976,531032.0
mus,1977,548327.0
mus,1978,561994.0
mus,1979,575457.0
mus,1980,586820.0
mus,1981,601253.0
mus,1982,614724.0
mus,1983,626867.0
mus,1984,640179.0
mus,1985,652106.0
mus,1986,662490.0
mus,1987,673099.0
mus,1988,683272.0
mus,1989,693340.0
mus,1990,702019.0
mus,1991,713730.0
mus,1992,725365.0
mus,1993,735049.0
mus,1994,746723.0
mus,1995,755580.0
mus,1996,762615.0
mus,1997,774220.0
mus,1998,785813.0
mus,1999,798790.0
mus,2000,808291.0
mus,2001,817838.0
mus,2002,824122.0
mus,2003,829616.0
mus,2004,835593.0
mus,2005,843623.0
mus,2006,850040.0
mus,2007,858829.0
mus,2008,867979.0
mus,2009,875382.0
mus,2010,880629.0
mus,2011,885218.0
mus,2012,888911.0
mus,2013,890621.0
mus,2014,891504.0
mus,2015,891976.0
mus,2016,892649.0
mwi,1970,2387674.0
mwi,1971,2436376.0
mwi,1972,2493345.0
mwi,1973,2557426.0
mwi,1974,2627009.0
mwi,1975,2701383.0
mwi,1976,2769822.0
mwi,1977,2846999.0
mwi,1978,2930144.0
mwi,1979,3016203.0
mwi,1980,3104040.0
mwi,1981,3172037.0
mwi,1982,3243062.0
mwi,1983,3328885.0
mwi,1984,3444630.0
mwi,1985,3598736.0
mwi,1986,3824063.0
mwi,1987,4093097.0
mwi,1988,4378933.0
mwi,1989,4647373.0
mwi,1990,4875793.0
mwi,1991,4953323.0
mwi,1992,4984734.0
mwi,1993,4992514.0
mwi,1994,5005936.0
mwi,1995,5045501.0
mwi,1996,5128984.0
mwi,1997,5248131.0
mwi,1998,5393299.0
mwi,1999,5553475.0
mwi,2000,5720933.0
mwi,2001,5868280.0
mwi,2002,6028413.0
mwi,2003,6201144.0
mwi,2004,6385033.0
mwi,2005,6579627.0
mwi,2006,6785416.0
mwi,2007,6999719.0
mwi,2008,7223927.0
mwi,2009,7462478.0
mwi,2010,7717922.0
mwi,2011,7976470.0
mwi,2012,8261164.0
mwi,2013,8565586.0
mwi,2014,8879588.0
mwi,2015,9198519.0
mwi,2016,9539262.0
mys,1970,5665691.0
mys,1971,5862617.0
mys,1972,6044304.0
mys,1973,6221754.0
mys,1974,6412213.0
mys,1975,6623869.0
mys,1976,6843335.0
mys,1977,7086982.0
mys,1978,7346188.0
mys,1979,7604992.0
mys,1980,7853873.0
mys,1981,8089347.0
mys,1982,8316022.0
mys,1983,8542311.0
mys,1984,8782188.0
mys,1985,9044235.0
mys,1986,9332659.0
mys,1987,9650727.0
mys,1988,9992101.0
mys,1989,10343078.0
mys,1990,10692607.0
mys,1991,11033383.0
mys,1992,11369140.0
mys,1993,11706326.0
mys,1994,12055597.0
mys,1995,12423819.0
mys,1996,12820603.0
mys,1997,13234740.0
mys,1998,13663217.0
mys,1999,14100702.0
mys,2000,14542000.0
mys,2001,14940297.0
mys,2002,15363127.0
mys,2003,15807349.0
mys,2004,16261879.0
mys,2005,16714412.0
mys,2006,17114555.0
mys,2007,17521408.0
mys,2008,17946590.0
mys,2009,18398574.0
mys,2010,18872495.0
mys,2011,19374620.0
mys,2012,19873629.0
mys,2013,20358600.0
mys,2014,20820049.0
mys,2015,21252304.0
mys,2016,21613466.0
nac,1970,139959776.0
nac,1971,142926515.0
nac,1972,145688071.0
nac,1973,148354186.0
nac,1974,151051953.0
nac,1975,153939561.0
nac,1976,156230272.0
nac,1977,158703090.0
nac,1978,161265175.0
nac,1979,163818192.0
nac,1980,166079344.0
nac,1981,168273842.0
nac,1982,170323804.0
nac,1983,172161266.0
nac,1984,173812721.0
nac,1985,175403987.0
nac,1986,176787752.0
nac,1987,178154363.0
nac,1988,179528096.0
nac,1989,181065346.0
nac,1990,182892794.0
nac,1991,184895797.0
nac,1992,187070760.0
nac,1993,189260046.0
nac,1994,191468263.0
nac,1995,193805290.0
nac,1996,196117429.0
nac,1997,198789287.0
nac,1998,201562160.0
nac,1999,204382870.0
nac,2000,207174794.0
nac,2001,209866420.0
nac,2002,212324707.0
nac,2003,214656586.0
nac,2004,217204213.0
nac,2005,219844483.0
nac,2006,221974616.0
nac,2007,224257036.0
nac,2008,226576838.0
nac,2009,228634502.0
nac,2010,230399545.0
nac,2011,231831304.0
nac,2012,233250664.0
nac,2013,234465294.0
nac,2014,235637224.0
nac,2015,236594852.0
nac,2016,237548737.0
nam,1970,416011.0
nam,1971,426818.0
nam,1972,438219.0
nam,1973,449872.0
nam,1974,461413.0
nam,1975,472581.0
nam,1976,478670.0
nam,1977,484775.0
nam,1978,491045.0
nam,1979,497643.0
nam,1980,504901.0
nam,1981,513323.0
nam,1982,522778.0
nam,1983,534277.0
nam,1984,549051.0
nam,1985,567811.0
nam,1986,598896.0
nam,1987,634061.0
nam,1988,671949.0
nam,1989,710746.0
nam,1990,748993.0
nam,1991,780021.0
nam,1992,810374.0
nam,1993,840531.0
nam,1994,871362.0
nam,1995,903557.0
nam,1996,935550.0
nam,1997,969356.0
nam,1998,1003602.0
nam,1999,1036608.0
nam,2000,1067323.0
nam,2001,1087565.0
nam,2002,1105124.0
nam,2003,1121329.0
nam,2004,1137911.0
nam,2005,1155980.0
nam,2006,1173981.0
nam,2007,1193361.0
nam,2008,1214696.0
nam,2009,1238272.0
nam,2010,1264181.0
nam,2011,1296889.0
nam,2012,1331799.0
nam,2013,1368235.0
nam,2014,1405531.0
nam,2015,1443116.0
nam,2016,1477758.0
ncl,1970,65642.0
ncl,1971,69962.0
ncl,1972,72752.0
ncl,1973,74151.0
ncl,1974,75499.0
ncl,1975,76605.0
ncl,1976,77014.0
ncl,1977,78203.0
ncl,1978,79403.0
ncl,1979,80353.0
ncl,1980,81549.0
ncl,1981,83524.0
ncl,1982,85520.0
ncl,1983,87471.0
ncl,1984,89680.0
ncl,1985,92196.0
ncl,1986,94737.0
ncl,1987,97815.0
ncl,1988,101125.0
ncl,1989,104427.0
ncl,1990,107964.0
ncl,1991,111848.0
ncl,1992,115433.0
ncl,1993,118962.0
ncl,1994,122614.0
ncl,1995,125875.0
ncl,1996,128232.0
ncl,1997,130809.0
ncl,1998,133465.0
ncl,1999,136151.0
ncl,2000,138859.0
ncl,2001,141726.0
ncl,2002,144597.0
ncl,2003,147083.0
ncl,2004,149373.0
ncl,2005,151828.0
ncl,2006,154863.0
ncl,2007,157305.0
ncl,2008,160444.0
ncl,2009,162857.0
ncl,2010,166444.0
ncl,2011,169728.0
ncl,2012,173565.0
ncl,2013,176633.0
ncl,2014,180344.0
ncl,2015,184074.0
ncl,2016,187539.0
ner,1970,2237132.0
ner,1971,2295030.0
ner,1972,2357959.0
ner,1973,2425972.0
ner,1974,2499234.0
ner,1975,2578222.0
ner,1976,2654896.0
ner,1977,2734271.0
ner,1978,2816460.0
ner,1979,2901834.0
ner,1980,2991235.0
ner,1981,3057726.0
ner,1982,3136341.0
ner,1983,3224058.0
ner,1984,3318034.0
ner,1985,3417727.0
ner,1986,3512077.0
ner,1987,3610610.0
ner,1988,3714078.0
ner,1989,3824363.0
ner,1990,3944225.0
ner,1991,4063364.0
ner,1992,4200152.0
ner,1993,4351915.0
ner,1994,4515978.0
ner,1995,4690919.0
ner,1996,4858018.0
ner,1997,5035441.0
ner,1998,5220294.0
ner,1999,5410512.0
ner,2000,5606517.0
ner,2001,5779814.0
ner,2002,5967410.0
ner,2003,6166598.0
ner,2004,6375473.0
ner,2005,6594547.0
ner,2006,6807597.0
ner,2007,7035440.0
ner,2008,7278020.0
ner,2009,7536686.0
ner,2010,7813179.0
ner,2011,8090920.0
ner,2012,8390166.0
ner,2013,8709187.0
ner,2014,9046469.0
ner,2015,9402408.0
ner,2016,9761597.0
nga,1970,30540983.0
nga,1971,31119875.0
nga,1972,31746600.0
nga,1973,32435725.0
nga,1974,33206876.0
nga,1975,34068388.0
nga,1976,34905568.0
nga,1977,35866911.0
nga,1978,36910005.0
nga,1979,37982271.0
nga,1980,39053407.0
nga,1981,39874896.0
nga,1982,40712688.0
nga,1983,41586418.0
nga,1984,42529504.0
nga,1985,43566162.0
nga,1986,44577661.0
nga,1987,45709392.0
nga,1988,46948443.0
nga,1989,48276384.0
nga,1990,49681474.0
nga,1991,50989275.0
nga,1992,52391555.0
nga,1993,53885078.0
nga,1994,55465260.0
nga,1995,57125912.0
nga,1996,58644726.0
nga,1997,60263181.0
nga,1998,61967409.0
nga,1999,63737986.0
nga,2000,65560461.0
nga,2001,67180119.0
nga,2002,68883666.0
nga,2003,70665672.0
nga,2004,72524510.0
nga,2005,74459225.0
nga,2006,76227787.0
nga,2007,78118659.0
nga,2008,80120405.0
nga,2009,82220787.0
nga,2010,84414496.0
nga,2011,86535614.0
nga,2012,88769810.0
nga,2013,91129692.0
nga,2014,93635896.0
nga,2015,96295997.0
nga,2016,98882303.0
nic,1970,1185600.0
nic,1971,1226890.0
nic,1972,1270658.0
nic,1973,1316188.0
nic,1974,1362619.0
nic,1975,1409559.0
nic,1976,1453184.0
nic,1977,1498025.0
nic,1978,1543543.0
nic,1979,1589371.0
nic,1980,1635495.0
nic,1981,1679491.0
nic,1982,1723210.0
nic,1983,1767158.0
nic,1984,1812284.0
nic,1985,1859275.0
nic,1986,1905835.0
nic,1987,1954711.0
nic,1988,2005977.0
nic,1989,2059626.0
nic,1990,2115952.0
nic,1991,2179722.0
nic,1992,2246255.0
nic,1993,2315273.0
nic,1994,2386616.0
nic,1995,2459986.0
nic,1996,2535171.0
nic,1997,2611436.0
nic,1998,2688360.0
nic,1999,2765270.0
nic,2000,2841752.0
nic,2001,2918368.0
nic,2002,2994032.0
nic,2003,3068729.0
nic,2004,3142371.0
nic,2005,3215009.0
nic,2006,3291664.0
nic,2007,3366038.0
nic,2008,3438900.0
nic,2009,3511609.0
nic,2010,3584736.0
nic,2011,3658709.0
nic,2012,3734076.0
nic,2013,3808832.0
nic,2014,3879978.0
nic,2015,3946048.0
nic,2016,4012544.0
nld,1970,8148336.0
nld,1971,8266531.0
nld,1972,8380118.0
nld,1973,8488520.0
nld,1974,8603072.0
nld,1975,8736337.0
nld,1976,8860532.0
nld,1977,8974824.0
nld,1978,9097424.0
nld,1979,9232413.0
nld,1980,9380754.0
nld,1981,9519360.0
nld,1982,9636006.0
nld,1983,9741899.0
nld,1984,9842796.0
nld,1985,9940720.0
nld,1986,10022665.0
nld,1987,10108071.0
nld,1988,10188221.0
nld,1989,10256284.0
nld,1990,10326506.0
nld,1991,10398172.0
nld,1992,10462146.0
nld,1993,10515774.0
nld,1994,10557881.0
nld,1995,10589144.0
nld,1996,10613757.0
nld,1997,10648156.0
nld,1998,10697884.0
nld,1999,10756097.0
nld,2000,10821397.0
nld,2001,10891097.0
nld,2002,10945538.0
nld,2003,10980905.0
nld,2004,11005787.0
nld,2005,11023415.0
nld,2006,11020594.0
nld,2007,11035883.0
nld,2008,11073180.0
nld,2009,11114483.0
nld,2010,11139006.0
nld,2011,11147444.0
nld,2012,11128381.0
nld,2013,11092379.0
nld,2014,11068561.0
nld,2015,11065869.0
nld,2016,11068819.0
nor,1970,2428392.0
nor,1971,2439744.0
nor,1972,2456432.0
nor,1973,2474082.0
nor,1974,2490615.0
nor,1975,2505697.0
nor,1976,2519784.0
nor,1977,2533516.0
nor,1978,2547404.0
nor,1979,2561977.0
nor,1980,2577791.0
nor,1981,2596647.0
nor,1982,2616202.0
nor,1983,2635008.0
nor,1984,2652458.0
nor,1985,2669677.0
nor,1986,2683813.0
nor,1987,2701105.0
nor,1988,2719838.0
nor,1989,2734040.0
nor,1990,2745029.0
nor,1991,2756612.0
nor,1992,2770798.0
nor,1993,2785268.0
nor,1994,2799393.0
nor,1995,2813043.0
nor,1996,2826484.0
nor,1997,2842371.0
nor,1998,2861269.0
nor,1999,2884415.0
nor,2000,2908353.0
nor,2001,2928878.0
nor,2002,2952169.0
nor,2003,2978072.0
nor,2004,3004075.0
nor,2005,3031621.0
nor,2006,3066061.0
nor,2007,3106532.0
nor,2008,3152726.0
nor,2009,3198332.0
nor,2010,3241628.0
nor,2011,3279693.0
nor,2012,3318346.0
nor,2013,3353078.0
nor,2014,3384343.0
nor,2015,3410713.0
nor,2016,3431792.0
npl,1970,6736409.0
npl,1971,6863849.0
npl,1972,7001396.0
npl,1973,7146865.0
npl,1974,7299646.0
npl,1975,7459651.0
npl,1976,7597755.0
npl,1977,7744846.0
npl,1978,7900893.0
npl,1979,8066928.0
npl,1980,8243654.0
npl,1981,8397917.0
npl,1982,8567923.0
npl,1983,8750185.0
npl,1984,8940420.0
npl,1985,9136725.0
npl,1986,9305679.0
npl,1987,9483465.0
npl,1988,9675613.0
npl,1989,9890169.0
npl,1990,10132354.0
npl,1991,10406603.0
npl,1992,10713393.0
npl,1993,11043362.0
npl,1994,11383865.0
npl,1995,11724984.0
npl,1996,12010171.0
npl,1997,12289313.0
npl,1998,12563261.0
npl,1999,12836866.0
npl,2000,13115019.0
npl,2001,13379842.0
npl,2002,13639555.0
npl,2003,13892479.0
npl,2004,14135370.0
npl,2005,14369045.0
npl,2006,14646000.0
npl,2007,14903432.0
npl,2008,15151638.0
npl,2009,15410333.0
npl,2010,15695003.0
npl,2011,16076239.0
npl,2012,16492695.0
npl,2013,16928067.0
npl,2014,17355470.0
npl,2015,17757987.0
npl,2016,18166451.0
nzl,1970,1680748.0
nzl,1971,1713022.0
nzl,1972,1750686.0
nzl,1973,1793424.0
nzl,1974,1841581.0
nzl,1975,1891179.0
nzl,1976,1912853.0
nzl,1977,1928212.0
nzl,1978,1941706.0
nzl,1979,1947644.0
nzl,1980,1962240.0
nzl,1981,1986369.0
nzl,1982,2019365.0
nzl,1983,2058191.0
nzl,1984,2087208.0
nzl,1985,2111645.0
nzl,1986,2116747.0
nzl,1987,2140700.0
nzl,1988,2151760.0
nzl,1989,2165369.0
nzl,1990,2185874.0
nzl,1991,2293684.0
nzl,1992,2315986.0
nzl,1993,2340272.0
nzl,1994,2369668.0
nzl,1995,2403770.0
nzl,1996,2439031.0
nzl,1997,2469611.0
nzl,1998,2492154.0
nzl,1999,2507616.0
nzl,2000,2525572.0
nzl,2001,2548494.0
nzl,2002,2600369.0
nzl,2003,2659213.0
nzl,2004,2706334.0
nzl,2005,2744581.0
nzl,2006,2781328.0
nzl,2007,2809695.0
nzl,2008,2834675.0
nzl,2009,2862255.0
nzl,2010,2891030.0
nzl,2011,2902874.0
nzl,2012,2909798.0
nzl,2013,2923605.0
nzl,2014,2958794.0
nzl,2015,3004760.0
nzl,2016,3058685.0
oed,1970,553278916.0
oed,1971,560546334.0
oed,1972,568128558.0
oed,1973,575303873.0
oed,1974,583379408.0
oed,1975,591292456.0
oed,1976,598356428.0
oed,1977,605693522.0
oed,1978,613277750.0
oed,1979,621140235.0
oed,1980,629213576.0
oed,1981,637639069.0
oed,1982,646030786.0
oed,1983,654254969.0
oed,1984,662026485.0
oed,1985,669411171.0
oed,1986,676494916.0
oed,1987,683090714.0
oed,1988,689425070.0
oed,1989,695900636.0
oed,1990,702621636.0
oed,1991,709711091.0
oed,1992,716740364.0
oed,1993,723427603.0
oed,1994,729828603.0
oed,1995,736207106.0
oed,1996,742559584.0
oed,1997,748999709.0
oed,1998,755266208.0
oed,1999,761618673.0
oed,2000,767887158.0
oed,2001,774336347.0
oed,2002,780704348.0
oed,2003,786928431.0
oed,2004,793047508.0
oed,2005,798979010.0
oed,2006,804880864.0
oed,2007,810736141.0
oed,2008,816586274.0
oed,2009,821444549.0
oed,2010,825455095.0
oed,2011,829276549.0
oed,2012,830884150.0
oed,2013,833004515.0
omn,1970,365746.0
omn,1971,379049.0
omn,1972,394119.0
omn,1973,411108.0
omn,1974,430039.0
omn,1975,450907.0
omn,1976,477678.0
omn,1977,506203.0
omn,1978,536526.0
omn,1979,568716.0
omn,1980,602516.0
omn,1981,635537.0
omn,1982,671004.0
omn,1983,707599.0
omn,1984,743787.0
omn,1985,778993.0
omn,1986,811220.0
omn,1987,841729.0
omn,1988,872792.0
omn,1989,908206.0
omn,1990,950744.0
omn,1991,1013161.0
omn,1992,1083118.0
omn,1993,1156371.0
omn,1994,1225955.0
omn,1995,1286353.0
omn,1996,1311545.0
omn,1997,1328986.0
omn,1998,1340937.0
omn,1999,1353144.0
omn,2000,1371298.0
omn,2001,1403640.0
omn,2002,1446921.0
omn,2003,1500701.0
omn,2004,1562648.0
omn,2005,1630705.0
omn,2006,1725791.0
omn,2007,1822688.0
omn,2008,1925232.0
omn,2009,2041700.0
omn,2010,2178363.0
omn,2011,2358766.0
omn,2012,2559553.0
omn,2013,2769519.0
omn,2014,2976014.0
omn,2015,3171417.0
omn,2016,3346874.0
pak,1970,31249766.0
pak,1971,31936126.0
pak,1972,32704834.0
pak,1973,33554612.0
pak,1974,34476843.0
pak,1975,35467709.0
pak,1976,36519504.0
pak,1977,37654863.0
pak,1978,38873035.0
pak,1979,40176168.0
pak,1980,41562353.0
pak,1981,42972379.0
pak,1982,44485922.0
pak,1983,46075998.0
pak,1984,47707978.0
pak,1985,49359189.0
pak,1986,50868742.0
pak,1987,52388304.0
pak,1988,53927266.0
pak,1989,55513335.0
pak,1990,57165414.0
pak,1991,58636237.0
pak,1992,60224752.0
pak,1993,61912685.0
pak,1994,63670031.0
pak,1995,65490636.0
pak,1996,67411992.0
pak,1997,69379983.0
pak,1998,71424674.0
pak,1999,73600068.0
pak,2000,75928956.0
pak,2001,78236343.0
pak,2002,80733297.0
pak,2003,83363189.0
pak,2004,86020520.0
pak,2005,88642090.0
pak,2006,91234265.0
pak,2007,93717750.0
pak,2008,96161130.0
pak,2009,98676215.0
pak,2010,101312107.0
pak,2011,103780092.0
pak,2012,106430122.0
pak,2013,109177909.0
pak,2014,111907431.0
pak,2015,114567162.0
pak,2016,117113479.0
pan,1970,792158.0
pan,1971,816866.0
pan,1972,842766.0
pan,1973,869841.0
pan,1974,898149.0
pan,1975,927690.0
pan,1976,957144.0
pan,1977,988130.0
pan,1978,1020380.0
pan,1979,1053534.0
pan,1980,1087425.0
pan,1981,1122073.0
pan,1982,1157316.0
pan,1983,1193275.0
pan,1984,1230175.0
pan,1985,1268060.0
pan,1986,1306415.0
pan,1987,1345570.0
pan,1988,1385456.0
pan,1989,1425967.0
pan,1990,1467019.0
pan,1991,1507957.0
pan,1992,1549903.0
pan,1993,1592542.0
pan,1994,1635392.0
pan,1995,1678175.0
pan,1996,1721365.0
pan,1997,1764130.0
pan,1998,1806789.0
pan,1999,1849945.0
pan,2000,1893883.0
pan,2001,1936399.0
pan,2002,1980425.0
pan,2003,2025332.0
pan,2004,2070134.0
pan,2005,2114357.0
pan,2006,2158860.0
pan,2007,2202526.0
pan,2008,2245955.0
pan,2009,2290057.0
pan,2010,2335182.0
pan,2011,2379768.0
pan,2012,2425439.0
pan,2013,2471730.0
pan,2014,2517900.0
pan,2015,2563504.0
pan,2016,2607394.0
per,1970,6956394.0
per,1971,7153331.0
per,1972,7361193.0
per,1973,7580490.0
per,1974,7812458.0
per,1975,8057544.0
per,1976,8297519.0
per,1977,8548582.0
per,1978,8811765.0
per,1979,9089698.0
per,1980,9383337.0
per,1981,9660040.0
per,1982,9961415.0
per,1983,10279835.0
per,1984,10603703.0
per,1985,10927030.0
per,1986,11250336.0
per,1987,11566015.0
per,1988,11880988.0
per,1989,12207606.0
per,1990,12551053.0
per,1991,12873533.0
per,1992,13216662.0
per,1993,13570738.0
per,1994,13920633.0
per,1995,14258307.0
per,1996,14568203.0
per,1997,14867274.0
per,1998,15159015.0
per,1999,15450396.0
per,2000,15746119.0
per,2001,16050802.0
per,2002,16354779.0
per,2003,16662490.0
per,2004,16976600.0
per,2005,17296056.0
per,2006,17612458.0
per,2007,17938151.0
per,2008,18269922.0
per,2009,18601540.0
per,2010,18928391.0
per,2011,19248172.0
per,2012,19562663.0
per,2013,19871818.0
per,2014,20178212.0
per,2015,20482450.0
per,2016,20768436.0
phl,1970,18265285.0
phl,1971,18905011.0
phl,1972,19559718.0
phl,1973,20230599.0
phl,1974,20923306.0
phl,1975,21640530.0
phl,1976,22351882.0
phl,1977,23083157.0
phl,1978,23838566.0
phl,1979,24623464.0
phl,1980,25440728.0
phl,1981,26260253.0
phl,1982,27121468.0
phl,1983,28016235.0
phl,1984,28932221.0
phl,1985,29862322.0
phl,1986,30780224.0
phl,1987,31707614.0
phl,1988,32651686.0
phl,1989,33626737.0
phl,1990,34640239.0
phl,1991,35627574.0
phl,1992,36663008.0
phl,1993,37734179.0
phl,1994,38820818.0
phl,1995,39913348.0
phl,1996,40997326.0
phl,1997,42075811.0
phl,1998,43164499.0
phl,1999,44283474.0
phl,2000,45438344.0
phl,2001,46573400.0
phl,2002,47737794.0
phl,2003,48915401.0
phl,2004,50095363.0
phl,2005,51289144.0
phl,2006,52548321.0
phl,2007,53834746.0
phl,2008,55191749.0
phl,2009,56619642.0
phl,2010,58074016.0
phl,2011,59307096.0
phl,2012,60569814.0
phl,2013,61829276.0
phl,2014,63067209.0
phl,2015,64283627.0
phl,2016,65451034.0
png,1970,1359960.0
png,1971,1393442.0
png,1972,1428642.0
png,1973,1465670.0
png,1974,1504858.0
png,1975,1546428.0
png,1976,1586867.0
png,1977,1630020.0
png,1978,1675700.0
png,1979,1723762.0
png,1980,1774167.0
png,1981,1823758.0
png,1982,1876293.0
png,1983,1931480.0
png,1984,1989184.0
png,1985,2049385.0
png,1986,2108163.0
png,1987,2170282.0
png,1988,2235523.0
png,1989,2303518.0
png,1990,2374107.0
png,1991,2445461.0
png,1992,2518728.0
png,1993,2594510.0
png,1994,2673437.0
png,1995,2755572.0
png,1996,2835764.0
png,1997,2919156.0
png,1998,3005151.0
png,1999,3093088.0
png,2000,3182667.0
png,2001,3267358.0
png,2002,3355904.0
png,2003,3447410.0
png,2004,3540965.0
png,2005,3636387.0
png,2006,3733034.0
png,2007,3830859.0
png,2008,3931062.0
png,2009,4035630.0
png,2010,4145419.0
png,2011,4254209.0
png,2012,4368802.0
png,2013,4487887.0
png,2014,4609145.0
png,2015,4731204.0
png,2016,4851119.0
pol,1970,21088826.0
pol,1971,21300354.0
pol,1972,21633515.0
pol,1973,21987535.0
pol,1974,22322354.0
pol,1975,22616142.0
pol,1976,22836258.0
pol,1977,23012898.0
pol,1978,23124112.0
pol,1979,23236991.0
pol,1980,23394929.0
pol,1981,23550687.0
pol,1982,23726607.0
pol,1983,23915633.0
pol,1984,24096172.0
pol,1985,24251259.0
pol,1986,24356312.0
pol,1987,24453420.0
pol,1988,24537065.0
pol,1989,24628079.0
pol,1990,24744855.0
pol,1991,24884834.0
pol,1992,25011309.0
pol,1993,25139174.0
pol,1994,25293533.0
pol,1995,25475138.0
pol,1996,25616896.0
pol,1997,25812725.0
pol,1998,26036509.0
pol,1999,26250622.0
pol,2000,26175727.0
pol,2001,26340344.0
pol,2002,26473084.0
pol,2003,26584657.0
pol,2004,26703078.0
pol,2005,26834948.0
pol,2006,26939196.0
pol,2007,27037845.0
pol,2008,27133029.0
pol,2009,27203252.0
pol,2010,27128450.0
pol,2011,27049920.0
pol,2012,26942338.0
pol,2013,26795430.0
pol,2014,26612967.0
pol,2015,26402284.0
pol,2016,26187409.0
pri,1970,1548462.0
pri,1971,1593164.0
pri,1972,1644752.0
pri,1973,1699154.0
pri,1974,1751677.0
pri,1975,1799810.0
pri,1976,1833850.0
pri,1977,1862451.0
pri,1978,1888570.0
pri,1979,1914538.0
pri,1980,1941017.0
pri,1981,1968541.0
pri,1982,1995826.0
pri,1983,2024077.0
pri,1984,2053759.0
pri,1985,2084870.0
pri,1986,2115278.0
pri,1987,2145594.0
pri,1988,2175485.0
pri,1989,2204357.0
pri,1990,2231857.0
pri,1991,2257296.0
pri,1992,2280548.0
pri,1993,2307699.0
pri,1994,2336981.0
pri,1995,2366741.0
pri,1996,2398185.0
pri,1997,2427124.0
pri,1998,2448976.0
pri,1999,2468768.0
pri,2000,2481506.0
pri,2001,2490480.0
pri,2002,2496569.0
pri,2003,2500903.0
pri,2004,2505169.0
pri,2005,2506501.0
pri,2006,2499814.0
pri,2007,2490155.0
pri,2008,2482159.0
pri,2009,2476309.0
pri,2010,2471379.0
pri,2011,2445190.0
pri,2012,2418482.0
pri,2013,2394233.0
pri,2014,2359037.0
pri,2015,2321074.0
pri,2016,2281524.0
prk,1970,7959441.0
prk,1971,8081555.0
prk,1972,8342543.0
prk,1973,8684796.0
prk,1974,9012991.0
prk,1975,9280550.0
prk,1976,9542918.0
prk,1977,9761772.0
prk,1978,9960747.0
prk,1979,10182593.0
prk,1980,10448180.0
prk,1981,10798940.0
prk,1982,11136297.0
prk,1983,11477645.0
prk,1984,11841783.0
prk,1985,12231507.0
prk,1986,12526965.0
prk,1987,12888727.0
prk,1988,13275471.0
prk,1989,13624752.0
prk,1990,13907751.0
prk,1991,14190076.0
prk,1992,14394330.0
prk,1993,14544802.0
prk,1994,14690899.0
prk,1995,14856521.0
prk,1996,14990059.0
prk,1997,15148135.0
prk,1998,15321505.0
prk,1999,15485902.0
prk,2000,15630051.0
prk,2001,15763718.0
prk,2002,15880818.0
prk,2003,15988671.0
prk,2004,16101028.0
prk,2005,16223628.0
prk,2006,16328121.0
prk,2007,16448362.0
prk,2008,16579973.0
prk,2009,16712745.0
prk,2010,16841582.0
prk,2011,16962553.0
prk,2012,17070956.0
prk,2013,17179764.0
prk,2014,17309412.0
prk,2015,17467808.0
prk,2016,17626841.0
prt,1970,5347942.0
prt,1971,5339859.0
prt,1972,5340018.0
prt,1973,5345538.0
prt,1974,5425584.0
prt,1975,5645553.0
prt,1976,5808169.0
prt,1977,5878813.0
prt,1978,5957960.0
prt,1979,6040552.0
prt,1980,6126489.0
prt,1981,6207589.0
prt,1982,6273850.0
prt,1983,6331321.0
prt,1984,6385022.0
prt,1985,6433799.0
prt,1986,6466569.0
prt,1987,6495292.0
prt,1988,6523040.0
prt,1989,6549940.0
prt,1990,6570867.0
prt,1991,6589376.0
prt,1992,6615335.0
prt,1993,6651089.0
prt,1994,6693540.0
prt,1995,6738482.0
prt,1996,6775525.0
prt,1997,6818296.0
prt,1998,6864349.0
prt,1999,6911069.0
prt,2000,6962054.0
prt,2001,7009572.0
prt,2002,7041450.0
prt,2003,7057544.0
prt,2004,7064217.0
prt,2005,7070466.0
prt,2006,7054158.0
prt,2007,7045338.0
prt,2008,7038192.0
prt,2009,7029286.0
prt,2010,7015318.0
prt,2011,6983542.0
prt,2012,6932172.0
prt,2013,6869042.0
prt,2014,6805950.0
prt,2015,6751860.0
prt,2016,6712903.0
pry,1970,1246650.0
pry,1971,1287108.0
pry,1972,1328987.0
pry,1973,1371822.0
pry,1974,1414944.0
pry,1975,1458253.0
pry,1976,1508320.0
pry,1977,1556572.0
pry,1978,1604524.0
pry,1979,1654449.0
pry,1980,1707382.0
pry,1981,1761765.0
pry,1982,1820419.0
pry,1983,1881642.0
pry,1984,1942903.0
pry,1985,2003017.0
pry,1986,2061459.0
pry,1987,2120354.0
pry,1988,2179797.0
pry,1989,2240493.0
pry,1990,2303032.0
pry,1991,2365577.0
pry,1992,2429561.0
pry,1993,2495877.0
pry,1994,2565509.0
pry,1995,2638872.0
pry,1996,2713718.0
pry,1997,2791494.0
pry,1998,2872018.0
pry,1999,2955070.0
pry,2000,3040396.0
pry,2001,3123292.0
pry,2002,3210236.0
pry,2003,3299145.0
pry,2004,3386673.0
pry,2005,3470882.0
pry,2006,3552781.0
pry,2007,3627721.0
pry,2008,3698916.0
pry,2009,3771419.0
pry,2010,3847701.0
pry,2011,3922697.0
pry,2012,4003236.0
pry,2013,4085989.0
pry,2014,4165479.0
pry,2015,4238794.0
pry,2016,4309857.0
pse,1990,975454.0
pse,1991,1019530.0
pse,1992,1065866.0
pse,1993,1114516.0
pse,1994,1165664.0
pse,1995,1219593.0
pse,1996,1274546.0
pse,1997,1334550.0
pse,1998,1372646.0
pse,1999,1413552.0
pse,2000,1458177.0
pse,2001,1505675.0
pse,2002,1555074.0
pse,2003,1607649.0
pse,2004,1664256.0
pse,2005,1724517.0
pse,2006,1789279.0
pse,2007,1856728.0
pse,2008,1932741.0
pse,2009,2011094.0
pse,2010,2091242.0
pse,2011,2172255.0
pse,2012,2256831.0
pse,2013,2343175.0
pse,2014,2429794.0
pse,2015,2515956.0
pse,2016,2601714.0
pyf,1970,56983.0
pyf,1971,59212.0
pyf,1972,61879.0
pyf,1973,64801.0
pyf,1974,67773.0
pyf,1975,70678.0
pyf,1976,73767.0
pyf,1977,76650.0
pyf,1978,79508.0
pyf,1979,82619.0
pyf,1980,86144.0
pyf,1981,89574.0
pyf,1982,93501.0
pyf,1983,97818.0
pyf,1984,102215.0
pyf,1985,106398.0
pyf,1986,109907.0
pyf,1987,113053.0
pyf,1988,115850.0
pyf,1989,118479.0
pyf,1990,121088.0
pyf,1991,123258.0
pyf,1992,125645.0
pyf,1993,128201.0
pyf,1994,130861.0
pyf,1995,133650.0
pyf,1996,137154.0
pyf,1997,140520.0
pyf,1998,143952.0
pyf,1999,147681.0
pyf,2000,151734.0
pyf,2001,155585.0
pyf,2002,159769.0
pyf,2003,164025.0
pyf,2004,167942.0
pyf,2005,171346.0
pyf,2006,174262.0
pyf,2007,176826.0
pyf,2008,179166.0
pyf,2009,181391.0
pyf,2010,183508.0
pyf,2011,185363.0
pyf,2012,186872.0
pyf,2013,188218.0
pyf,2014,189611.0
pyf,2015,191164.0
pyf,2016,193009.0
qat,1970,67813.0
qat,1971,74368.0
qat,1972,82015.0
qat,1973,90323.0
qat,1974,98631.0
qat,1975,106450.0
qat,1976,112655.0
qat,1977,118379.0
qat,1978,124712.0
qat,1979,133217.0
qat,1980,144909.0
qat,1981,164596.0
qat,1982,187235.0
qat,1983,211567.0
qat,1984,235925.0
qat,1985,259021.0
qat,1986,276698.0
qat,1987,293962.0
qat,1988,309989.0
qat,1989,323917.0
qat,1990,335478.0
qat,1991,344848.0
qat,1992,351460.0
qat,1993,356217.0
qat,1994,360705.0
qat,1995,366162.0
qat,1996,373589.0
qat,1997,384114.0
qat,1998,397335.0
qat,1999,412526.0
qat,2000,429919.0
qat,2001,455810.0
qat,2002,483992.0
qat,2003,521981.0
qat,2004,580375.0
qat,2005,666357.0
qat,2006,810573.0
qat,2007,982313.0
qat,2008,1169384.0
qat,2009,1355294.0
qat,2010,1528238.0
qat,2011,1672461.0
qat,2012,1806118.0
qat,2013,1923698.0
qat,2014,2024601.0
qat,2015,2111390.0
qat,2016,2182534.0
rou,1970,13283050.0
rou,1971,13347929.0
rou,1972,13487014.0
rou,1973,13648187.0
rou,1974,13781400.0
rou,1975,13891154.0
rou,1976,14012697.0
rou,1977,14008911.0
rou,1978,13963710.0
rou,1979,13936587.0
rou,1980,14015531.0
rou,1981,14129260.0
rou,1982,14299350.0
rou,1983,14513245.0
rou,1984,14709265.0
rou,1985,14870533.0
rou,1986,15015267.0
rou,1987,15088144.0
rou,1988,15139146.0
rou,1989,15205883.0
rou,1990,15277417.0
rou,1991,15136341.0
rou,1992,15057758.0
rou,1993,15134558.0
rou,1994,15202963.0
rou,1995,15231499.0
rou,1996,15265128.0
rou,1997,15245421.0
rou,1998,15211177.0
rou,1999,15200711.0
rou,2000,15228949.0
rou,2001,15021724.0
rou,2002,14790784.0
rou,2003,14749967.0
rou,2004,14728181.0
rou,2005,14681901.0
rou,2006,14608751.0
rou,2007,14388837.0
rou,2008,14130666.0
rou,2009,13987487.0
rou,2010,13875993.0
rou,2011,13778423.0
rou,2012,13688175.0
rou,2013,13605245.0
rou,2014,13511662.0
rou,2015,13392009.0
rou,2016,13255776.0
rus,1970,86154392.0
rus,1971,87336160.0
rus,1972,88396239.0
rus,1973,89364418.0
rus,1974,90285021.0
rus,1975,91175106.0
rus,1976,91806739.0
rus,1977,92549637.0
rus,1978,93336278.0
rus,1979,94076007.0
rus,1980,94737951.0
rus,1981,95370350.0
rus,1982,95846517.0
rus,1983,96205592.0
rus,1984,96714475.0
rus,1985,97283355.0
rus,1986,97637500.0
rus,1987,98060072.0
rus,1988,98494116.0
rus,1989,98873566.0
rus,1990,99046638.0
rus,1991,98864217.0
rus,1992,98632336.0
rus,1993,98397602.0
rus,1994,98340110.0
rus,1995,98643168.0
rus,1996,99232622.0
rus,1997,99859570.0
rus,1998,100547790.0
rus,1999,101136993.0
rus,2000,101611072.0
rus,2001,101609520.0
rus,2002,101578042.0
rus,2003,101581744.0
rus,2004,101696141.0
rus,2005,101909308.0
rus,2006,101949021.0
rus,2007,102254432.0
rus,2008,102638129.0
rus,2009,102888735.0
rus,2010,102883722.0
rus,2011,102634415.0
rus,2012,102205209.0
rus,2013,101644404.0
rus,2014,101035287.0
rus,2015,100404879.0
rus,2016,99477057.0
rwa,1970,1855931.0
rwa,1971,1916856.0
rwa,1972,1981074.0
rwa,1973,2048253.0
rwa,1974,2117949.0
rwa,1975,2190123.0
rwa,1976,2254884.0
rwa,1977,2323530.0
rwa,1978,2395907.0
rwa,1979,2472029.0
rwa,1980,2551772.0
rwa,1981,2618681.0
rwa,1982,2687923.0
rwa,1983,2763852.0
rwa,1984,2851797.0
rwa,1985,2953500.0
rwa,1986,3076625.0
rwa,1987,3217783.0
rwa,1988,3350877.0
rwa,1989,3449215.0
rwa,1990,3502312.0
rwa,1991,3446168.0
rwa,1992,3342590.0
rwa,1993,3240185.0
rwa,1994,3195799.0
rwa,1995,3242640.0
rwa,1996,3350425.0
rwa,1997,3548367.0
rwa,1998,3785436.0
rwa,1999,4013779.0
rwa,2000,4211961.0
rwa,2001,4402073.0
rwa,2002,4567275.0
rwa,2003,4717200.0
rwa,2004,4858203.0
rwa,2005,4996217.0
rwa,2006,5137768.0
rwa,2007,5272605.0
rwa,2008,5404412.0
rwa,2009,5543276.0
rwa,2010,5694673.0
rwa,2011,5845126.0
rwa,2012,6011212.0
rwa,2013,6189439.0
rwa,2014,6372827.0
rwa,2015,6557978.0
rwa,2016,6750468.0
sas,1970,394266491.0
sas,1971,403292474.0
sas,1972,412870071.0
sas,1973,423048969.0
sas,1974,433841123.0
sas,1975,445300514.0
sas,1976,456056077.0
sas,1977,467673433.0
sas,1978,480023757.0
sas,1979,492938003.0
sas,1980,506277426.0
sas,1981,518624412.0
sas,1982,531597248.0
sas,1983,545092658.0
sas,1984,559163480.0
sas,1985,573828725.0
sas,1986,587342231.0
sas,1987,601773608.0
sas,1988,616978686.0
sas,1989,632796146.0
sas,1990,649154486.0
sas,1991,664918088.0
sas,1992,681350561.0
sas,1993,698453832.0
sas,1994,716260237.0
sas,1995,734767949.0
sas,1996,752766888.0
sas,1997,771365248.0
sas,1998,790567605.0
sas,1999,810347147.0
sas,2000,830632576.0
sas,2001,850000581.0
sas,2002,870025682.0
sas,2003,890489330.0
sas,2004,911100386.0
sas,2005,931679605.0
sas,2006,951109139.0
sas,2007,970447803.0
sas,2008,989807198.0
sas,2009,1009454215.0
sas,2010,1029560493.0
sas,2011,1049152989.0
sas,2012,1069455171.0
sas,2013,1090130781.0
sas,2014,1110648873.0
sas,2015,1130670940.0
sas,2016,1150192165.0
sau,1970,3054460.0
sau,1971,3193952.0
sau,1972,3349441.0
sau,1973,3519923.0
sau,1974,3704676.0
sau,1975,3903317.0
sau,1976,4122223.0
sau,1977,4358380.0
sau,1978,4614747.0
sau,1979,4895633.0
sau,1980,5204005.0
sau,1981,5580995.0
sau,1982,5987076.0
sau,1983,6412208.0
sau,1984,6846566.0
sau,1985,7281759.0
sau,1986,7646394.0
sau,1987,8012711.0
sau,1988,8364734.0
sau,1989,8695885.0
sau,1990,9012763.0
sau,1991,9280834.0
sau,1992,9537627.0
sau,1993,9797680.0
sau,1994,10074546.0
sau,1995,10372998.0
sau,1996,10755564.0
sau,1997,11132334.0
sau,1998,11493697.0
sau,1999,11845646.0
sau,2000,12209662.0
sau,2001,12731665.0
sau,2002,13290361.0
sau,2003,13879281.0
sau,2004,14487851.0
sau,2005,15105094.0
sau,2006,15741002.0
sau,2007,16393114.0
sau,2008,17058865.0
sau,2009,17739491.0
sau,2010,18438907.0
sau,2011,19259404.0
sau,2012,20090782.0
sau,2013,20908877.0
sau,2014,21682073.0
sau,2015,22389217.0
sau,2016,23013048.0
sdn,1970,5214019.0
sdn,1971,5365930.0
sdn,1972,5528898.0
sdn,1973,5703509.0
sdn,1974,5890781.0
sdn,1975,6091397.0
sdn,1976,6292029.0
sdn,1977,6509473.0
sdn,1978,6742438.0
sdn,1979,6989918.0
sdn,1980,7251323.0
sdn,1981,7508114.0
sdn,1982,7783551.0
sdn,1983,8074550.0
sdn,1984,8377565.0
sdn,1985,8691214.0
sdn,1986,8990731.0
sdn,1987,9301748.0
sdn,1988,9632545.0
sdn,1989,9993024.0
sdn,1990,10388150.0
sdn,1991,10825678.0
sdn,1992,11295277.0
sdn,1993,11781060.0
sdn,1994,12263067.0
sdn,1995,12727493.0
sdn,1996,13087104.0
sdn,1997,13431737.0
sdn,1998,13770710.0
sdn,1999,14116214.0
sdn,2000,14478443.0
sdn,2001,14856967.0
sdn,2002,15254884.0
sdn,2003,15667024.0
sdn,2004,16087914.0
sdn,2005,16512938.0
sdn,2006,16877954.0
sdn,2007,17247991.0
sdn,2008,17630845.0
sdn,2009,18035735.0
sdn,2010,18470703.0
sdn,2011,18962683.0
sdn,2012,19494438.0
sdn,2013,20061997.0
sdn,2014,20658679.0
sdn,2015,21278203.0
sdn,2016,21900668.0
sen,1970,2254625.0
sen,1971,2316023.0
sen,1972,2383946.0
sen,1973,2456011.0
sen,1974,2529886.0
sen,1975,2604076.0
sen,1976,2644977.0
sen,1977,2688665.0
sen,1978,2736112.0
sen,1979,2788890.0
sen,1980,2848573.0
sen,1981,2908721.0
sen,1982,2977603.0
sen,1983,3054913.0
sen,1984,3140851.0
sen,1985,3235308.0
sen,1986,3325740.0
sen,1987,3427996.0
sen,1988,3539934.0
sen,1989,3658806.0
sen,1990,3783297.0
sen,1991,3906995.0
sen,1992,4036155.0
sen,1993,4170293.0
sen,1994,4309650.0
sen,1995,4454127.0
sen,1996,4578265.0
sen,1997,4708670.0
sen,1998,4846004.0
sen,1999,4990243.0
sen,2000,5141719.0
sen,2001,5293739.0
sen,2002,5454852.0
sen,2003,5624133.0
sen,2004,5800388.0
sen,2005,5982496.0
sen,2006,6157382.0
sen,2007,6338505.0
sen,2008,6526830.0
sen,2009,6723864.0
sen,2010,6930371.0
sen,2011,7141045.0
sen,2012,7363737.0
sen,2013,7595772.0
sen,2014,7834611.0
sen,2015,8079329.0
sen,2016,8323176.0
sgp,1970,1201038.0
sgp,1971,1245095.0
sgp,1972,1289896.0
sgp,1973,1336262.0
sgp,1974,1382180.0
sgp,1975,1427773.0
sgp,1976,1468443.0
sgp,1977,1514889.0
sgp,1978,1561177.0
sgp,1979,1606372.0
sgp,1980,1647105.0
sgp,1981,1748219.0
sgp,1982,1839507.0
sgp,1983,1871260.0
sgp,1984,1914584.0
sgp,1985,1927353.0
sgp,1986,1937761.0
sgp,1987,1984171.0
sgp,1988,2053760.0
sgp,1989,2129915.0
sgp,1990,2222610.0
sgp,1991,2284760.0
sgp,1992,2344352.0
sgp,1993,2389011.0
sgp,1994,2450468.0
sgp,1995,2516635.0
sgp,1996,2606651.0
sgp,1997,2691175.0
sgp,1998,2787460.0
sgp,1999,2815208.0
sgp,2000,2867803.0
sgp,2001,2962728.0
sgp,2002,3004217.0
sgp,2003,2971814.0
sgp,2004,3019021.0
sgp,2005,3098066.0
sgp,2006,3199517.0
sgp,2007,3340641.0
sgp,2008,3533974.0
sgp,2009,3657548.0
sgp,2010,3738501.0
sgp,2011,3816888.0
sgp,2012,3906077.0
sgp,2013,3959858.0
sgp,2014,3998397.0
sgp,2015,4030088.0
sgp,2016,4063707.0
slb,1970,85342.0
slb,1971,87344.0
slb,1972,89296.0
slb,1973,91227.0
slb,1974,93258.0
slb,1975,95507.0
slb,1976,98795.0
slb,1977,102441.0
slb,1978,106306.0
slb,1979,110204.0
slb,1980,114048.0
slb,1981,117788.0
slb,1982,121549.0
slb,1983,125421.0
slb,1984,129582.0
slb,1985,134134.0
slb,1986,138907.0
slb,1987,143983.0
slb,1988,149427.0
slb,1989,155253.0
slb,1990,161436.0
slb,1991,167333.0
slb,1992,173687.0
slb,1993,180363.0
slb,1994,187176.0
slb,1995,194021.0
slb,1996,200531.0
slb,1997,207155.0
slb,1998,213896.0
slb,1999,220815.0
slb,2000,227931.0
slb,2001,234549.0
slb,2002,241227.0
slb,2003,247949.0
slb,2004,254736.0
slb,2005,261640.0
slb,2006,268311.0
slb,2007,274949.0
slb,2008,281567.0
slb,2009,288256.0
slb,2010,295155.0
slb,2011,302291.0
slb,2012,309961.0
slb,2013,318044.0
slb,2014,326381.0
slb,2015,334895.0
slb,2016,343603.0
sle,1970,1530517.0
sle,1971,1547893.0
sle,1972,1568799.0
sle,1973,1592833.0
sle,1974,1619976.0
sle,1975,1650192.0
sle,1976,1672706.0
sle,1977,1700258.0
sle,1978,1731813.0
sle,1979,1766098.0
sle,1980,1802512.0
sle,1981,1831996.0
sle,1982,1863633.0
sle,1983,1899194.0
sle,1984,1941178.0
sle,1985,1990512.0
sle,1986,2039333.0
sle,1987,2097092.0
sle,1988,2156546.0
sle,1989,2209001.0
sle,1990,2249939.0
sle,1991,2258759.0
sle,1992,2255406.0
sle,1993,2247258.0
sle,1994,2243082.0
sle,1995,2248384.0
sle,1996,2251939.0
sle,1997,2268433.0
sle,1998,2300781.0
sle,1999,2351977.0
sle,2000,2422583.0
sle,2001,2512171.0
sle,2002,2627689.0
sle,2003,2757744.0
sle,2004,2888954.0
sle,2005,3013149.0
sle,2006,3111172.0
sle,2007,3199455.0
sle,2008,3283220.0
sle,2009,3369607.0
sle,2010,3463084.0
sle,2011,3550686.0
sle,2012,3645823.0
sle,2013,3747413.0
sle,2014,3853601.0
sle,2015,3963344.0
sle,2016,4072319.0
slv,1970,1876566.0
slv,1971,1930936.0
slv,1972,1985931.0
slv,1973,2041411.0
slv,1974,2097670.0
slv,1975,2154839.0
slv,1976,2208494.0
slv,1977,2261923.0
slv,1978,2314363.0
slv,1979,2365340.0
slv,1980,2415034.0
slv,1981,2462913.0
slv,1982,2509883.0
slv,1983,2555930.0
slv,1984,2601321.0
slv,1985,2646758.0
slv,1986,2703718.0
slv,1987,2759392.0
slv,1988,2814698.0
slv,1989,2870720.0
slv,1990,2927571.0
slv,1991,2991105.0
slv,1992,3053999.0
slv,1993,3114397.0
slv,1994,3170277.0
slv,1995,3220614.0
slv,1996,3262309.0
slv,1997,3300534.0
slv,1998,3335113.0
slv,1999,3366621.0
slv,2000,3396270.0
slv,2001,3426483.0
slv,2002,3456135.0
slv,2003,3486225.0
slv,2004,3517575.0
slv,2005,3550845.0
slv,2006,3595923.0
slv,2007,3638742.0
slv,2008,3681392.0
slv,2009,3726253.0
slv,2010,3774071.0
slv,2011,3823261.0
slv,2012,3876948.0
slv,2013,3931558.0
slv,2014,3981742.0
slv,2015,4024904.0
slv,2016,4067975.0
som,1970,1843750.0
som,1971,1851450.0
som,1972,1854017.0
som,1973,1874431.0
som,1974,1940660.0
som,1975,2065786.0
som,1976,2277895.0
som,1977,2558391.0
som,1978,2864229.0
som,1979,3145289.0
som,1980,3373207.0
som,1981,3496701.0
som,1982,3551814.0
som,1983,3568462.0
som,1984,3583202.0
som,1985,3618523.0
som,1986,3661501.0
som,1987,3724571.0
som,1988,3796285.0
som,1989,3861779.0
som,1990,3913356.0
som,1991,3923690.0
som,1992,3926563.0
som,1993,3932987.0
som,1994,3955365.0
som,1995,4000217.0
som,1996,4066581.0
som,1997,4161612.0
som,1998,4275427.0
som,1999,4398271.0
som,2000,4524407.0
som,2001,4630654.0
som,2002,4747391.0
som,2003,4873760.0
som,2004,5008127.0
som,2005,5150356.0
som,2006,5300251.0
som,2007,5455901.0
som,2008,5620044.0
som,2009,5797802.0
som,2010,5991094.0
som,2011,6173982.0
som,2012,6375920.0
som,2013,6592380.0
som,2014,6816191.0
som,2015,7043950.0
som,2016,7266202.0
srb,1990,5055408.0
srb,1991,5052981.0
srb,1992,5082750.0
srb,1993,5117315.0
srb,1994,5141593.0
srb,1995,5070380.0
srb,1996,5064242.0
srb,1997,5043348.0
srb,1998,5013443.0
srb,1999,4983747.0
srb,2000,4958192.0
srb,2001,4951350.0
srb,2002,4953554.0
srb,2003,4955415.0
srb,2004,4961731.0
srb,2005,4968962.0
srb,2006,4971163.0
srb,2007,4977740.0
srb,2008,4982840.0
srb,2009,4981955.0
srb,2010,4970414.0
srb,2011,4927371.0
srb,2012,4890383.0
srb,2013,4847129.0
srb,2014,4802321.0
srb,2015,4755836.0
srb,2016,4700470.0
ssa,1970,154650266.0
ssa,1971,158127761.0
ssa,1972,161894676.0
ssa,1973,165948033.0
ssa,1974,170302209.0
ssa,1975,174961222.0
ssa,1976,179242162.0
ssa,1977,183918949.0
ssa,1978,188927670.0
ssa,1979,194211850.0
ssa,1980,199745149.0
ssa,1981,204725827.0
ssa,1982,210108476.0
ssa,1983,215875511.0
ssa,1984,222025956.0
ssa,1985,228557241.0
ssa,1986,234618691.0
ssa,1987,241165251.0
ssa,1988,248173156.0
ssa,1989,255631111.0
ssa,1990,263539275.0
ssa,1991,271140118.0
ssa,1992,279290299.0
ssa,1993,287920703.0
ssa,1994,296944643.0
ssa,1995,306294662.0
ssa,1996,314780532.0
ssa,1997,323682554.0
ssa,1998,332989511.0
ssa,1999,342725496.0
ssa,2000,352904034.0
ssa,2001,362229216.0
ssa,2002,372234305.0
ssa,2003,382785000.0
ssa,2004,393803415.0
ssa,2005,405263785.0
ssa,2006,416386198.0
ssa,2007,428106503.0
ssa,2008,440428038.0
ssa,2009,453375952.0
ssa,2010,466956781.0
ssa,2011,480556695.0
ssa,2012,494892272.0
ssa,2013,509928898.0
ssa,2014,525634732.0
ssa,2015,541992250.0
ssa,2016,558331849.0
ssd,1970,1969493.0
ssd,1971,2006942.0
ssd,1972,2047971.0
ssd,1973,2092377.0
ssd,1974,2139688.0
ssd,1975,2189617.0
ssd,1976,2241271.0
ssd,1977,2294839.0
ssd,1978,2352284.0
ssd,1979,2416278.0
ssd,1980,2488196.0
ssd,1981,2568505.0
ssd,1982,2654873.0
ssd,1983,2742371.0
ssd,1984,2824373.0
ssd,1985,2895711.0
ssd,1986,2957512.0
ssd,1987,3010432.0
ssd,1988,3048713.0
ssd,1989,3065229.0
ssd,1990,3056677.0
ssd,1991,3018459.0
ssd,1992,2956782.0
ssd,1993,2892398.0
ssd,1994,2853422.0
ssd,1995,2859723.0
ssd,1996,2920206.0
ssd,1997,3028600.0
ssd,1998,3170902.0
ssd,1999,3325558.0
ssd,2000,3476990.0
ssd,2001,3621121.0
ssd,2002,3763340.0
ssd,2003,3908770.0
ssd,2004,4065878.0
ssd,2005,4240694.0
ssd,2006,4432954.0
ssd,2007,4639642.0
ssd,2008,4860745.0
ssd,2009,5095884.0
ssd,2010,5343992.0
ssd,2011,5605960.0
ssd,2012,5879720.0
ssd,2013,6145649.0
ssf,1970,154677289.0
ssf,1971,158155567.0
ssf,1972,161923401.0
ssf,1973,165977452.0
ssf,1974,170332450.0
ssf,1975,174992505.0
ssf,1976,179274320.0
ssf,1977,183952070.0
ssf,1978,188961285.0
ssf,1979,194246064.0
ssf,1980,199779999.0
ssf,1981,204761508.0
ssf,1982,210144758.0
ssf,1983,215912116.0
ssf,1984,222063129.0
ssf,1985,228595048.0
ssf,1986,234656656.0
ssf,1987,241204799.0
ssf,1988,248212791.0
ssf,1989,255670923.0
ssf,1990,263579222.0
ssf,1991,271181303.0
ssf,1992,279332323.0
ssf,1993,287964203.0
ssf,1994,296989879.0
ssf,1995,306341116.0
ssf,1996,314827893.0
ssf,1997,323730758.0
ssf,1998,333039015.0
ssf,1999,342776337.0
ssf,2000,352955649.0
ssf,2001,362281784.0
ssf,2002,372289292.0
ssf,2003,382840022.0
ssf,2004,393858848.0
ssf,2005,405320119.0
ssf,2006,416443867.0
ssf,2007,428164707.0
ssf,2008,440487871.0
ssf,2009,453436353.0
ssf,2010,467019197.0
ssf,2011,480617795.0
ssf,2012,494954210.0
ssf,2013,509992100.0
ssf,2014,525698898.0
ssf,2015,542057691.0
ssf,2016,558397729.0
stp,1970,35635.0
stp,1971,36360.0
stp,1972,37151.0
stp,1973,38029.0
stp,1974,39011.0
stp,1975,40089.0
stp,1976,41009.0
stp,1977,41971.0
stp,1978,43017.0
stp,1979,44210.0
stp,1980,45526.0
stp,1981,46096.0
stp,1982,46936.0
stp,1983,47891.0
stp,1984,48739.0
stp,1985,49441.0
stp,1986,50498.0
stp,1987,51224.0
stp,1988,51870.0
stp,1989,52764.0
stp,1990,54053.0
stp,1991,55366.0
stp,1992,57126.0
stp,1993,59124.0
stp,1994,61013.0
stp,1995,62649.0
stp,1996,64265.0
stp,1997,65572.0
stp,1998,66762.0
stp,1999,68100.0
stp,2000,69739.0
stp,2001,71416.0
stp,2002,73457.0
stp,2003,75711.0
stp,2004,77974.0
stp,2005,80165.0
stp,2006,82329.0
stp,2007,84517.0
stp,2008,86713.0
stp,2009,88965.0
stp,2010,91284.0
stp,2011,93841.0
stp,2012,96400.0
stp,2013,99023.0
stp,2014,101780.0
stp,2015,104715.0
stp,2016,107714.0
sur,1970,177766.0
sur,1971,179318.0
sur,1972,179394.0
sur,1973,178484.0
sur,1974,177301.0
sur,1975,176475.0
sur,1976,181014.0
sur,1977,186157.0
sur,1978,191889.0
sur,1979,197768.0
sur,1980,203273.0
sur,1981,208323.0
sur,1982,212316.0
sur,1983,215756.0
sur,1984,219395.0
sur,1985,223668.0
sur,1986,227521.0
sur,1987,232932.0
sur,1988,239139.0
sur,1989,245118.0
sur,1990,250288.0
sur,1991,255091.0
sur,1992,259105.0
sur,1993,262583.0
sur,1994,266066.0
sur,1995,269860.0
sur,1996,274315.0
sur,1997,278930.0
sur,1998,283729.0
sur,1999,288654.0
sur,2000,293653.0
sur,2001,297789.0
sur,2002,302047.0
sur,2003,306401.0
sur,2004,310875.0
sur,2005,315522.0
sur,2006,320610.0
sur,2007,325917.0
sur,2008,331394.0
sur,2009,336930.0
sur,2010,342419.0
sur,2011,347586.0
sur,2012,352673.0
sur,2013,357657.0
sur,2014,362505.0
sur,2015,367212.0
sur,2016,371347.0
svk,1970,2873150.0
svk,1971,2898979.0
svk,1972,2933481.0
svk,1973,2967916.0
svk,1974,3002070.0
svk,1975,3035073.0
svk,1976,3058370.0
svk,1977,3081766.0
svk,1978,3104860.0
svk,1979,3130145.0
svk,1980,3154859.0
svk,1981,3181612.0
svk,1982,3216094.0
svk,1983,3251823.0
svk,1984,3284315.0
svk,1985,3312035.0
svk,1986,3334967.0
svk,1987,3350822.0
svk,1988,3365643.0
svk,1989,3384827.0
svk,1990,3411317.0
svk,1991,3424549.0
svk,1992,3445088.0
svk,1993,3484066.0
svk,1994,3526092.0
svk,1995,3565056.0
svk,1996,3595908.0
svk,1997,3627850.0
svk,1998,3659787.0
svk,1999,3692468.0
svk,2000,3717947.0
svk,2001,3741715.0
svk,2002,3769275.0
svk,2003,3794175.0
svk,2004,3819366.0
svk,2005,3843700.0
svk,2006,3857471.0
svk,2007,3869910.0
svk,2008,3881370.0
svk,2009,3890459.0
svk,2010,3893288.0
svk,2011,3887673.0
svk,2012,3881912.0
svk,2013,3870443.0
svk,2014,3853888.0
svk,2015,3832411.0
svk,2016,3808475.0
svn,1970,1138743.0
svn,1971,1147190.0
svn,1972,1153614.0
svn,1973,1159123.0
svn,1974,1161782.0
svn,1975,1171005.0
svn,1976,1185666.0
svn,1977,1198639.0
svn,1978,1211509.0
svn,1979,1225598.0
svn,1980,1240339.0
svn,1981,1249223.0
svn,1982,1260641.0
svn,1983,1279789.0
svn,1984,1297693.0
svn,1985,1313968.0
svn,1986,1336049.0
svn,1987,1355325.0
svn,1988,1361047.0
svn,1989,1364920.0
svn,1990,1371328.0
svn,1991,1373371.0
svn,1992,1374546.0
svn,1993,1375822.0
svn,1994,1378749.0
svn,1995,1382647.0
svn,1996,1385397.0
svn,1997,1385874.0
svn,1998,1384459.0
svn,1999,1387322.0
svn,2000,1394037.0
svn,2001,1397812.0
svn,2002,1402108.0
svn,2003,1405671.0
svn,2004,1408105.0
svn,2005,1410080.0
svn,2006,1412652.0
svn,2007,1416224.0
svn,2008,1412426.0
svn,2009,1418877.0
svn,2010,1419176.0
svn,2011,1413633.0
svn,2012,1409622.0
svn,2013,1404727.0
svn,2014,1397654.0
svn,2015,1387842.0
svn,2016,1376584.0
swe,1970,5264900.0
swe,1971,5276102.0
swe,1972,5267475.0
swe,1973,5254418.0
swe,1974,5250952.0
swe,1975,5257248.0
swe,1976,5265974.0
swe,1977,5279636.0
swe,1978,5294493.0
swe,1979,5309157.0
swe,1980,5326168.0
swe,1981,5339929.0
swe,1982,5352201.0
swe,1983,5364643.0
swe,1984,5378178.0
swe,1985,5392126.0
swe,1986,5403857.0
swe,1987,5417974.0
swe,1988,5436281.0
swe,1989,5464784.0
swe,1990,5499166.0
swe,1991,5520199.0
swe,1992,5538871.0
swe,1993,5559586.0
swe,1994,5591245.0
swe,1995,5618363.0
swe,1996,5625299.0
swe,1997,5636675.0
swe,1998,5655312.0
swe,1999,5677321.0
swe,2000,5702461.0
swe,2001,5747618.0
swe,2002,5785787.0
swe,2003,5820729.0
swe,2004,5857080.0
swe,2005,5895301.0
swe,2006,5925933.0
swe,2007,5976662.0
swe,2008,6032330.0
swe,2009,6084028.0
swe,2010,6121432.0
swe,2011,6140890.0
swe,2012,6146633.0
swe,2013,6149412.0
swe,2014,6161002.0
swe,2015,6183794.0
swe,2016,6215850.0
swz,1970,223241.0
swz,1971,228716.0
swz,1972,234618.0
swz,1973,240939.0
swz,1974,247646.0
swz,1975,254709.0
swz,1976,261357.0
swz,1977,268593.0
swz,1978,276292.0
swz,1979,284289.0
swz,1980,292534.0
swz,1981,300904.0
swz,1982,309372.0
swz,1983,318541.0
swz,1984,329088.0
swz,1985,341303.0
swz,1986,356282.0
swz,1987,373168.0
swz,1988,391020.0
swz,1989,408745.0
swz,1990,425660.0
swz,1991,436818.0
swz,1992,447047.0
swz,1993,457095.0
swz,1994,467881.0
swz,1995,480069.0
swz,1996,494366.0
swz,1997,510015.0
swz,1998,526470.0
swz,1999,542829.0
swz,2000,558361.0
swz,2001,569258.0
swz,2002,578561.0
swz,2003,587099.0
swz,2004,596061.0
swz,2005,606398.0
swz,2006,620756.0
swz,2007,636996.0
swz,2008,654654.0
swz,2009,673003.0
swz,2010,691443.0
swz,2011,709080.0
swz,2012,727167.0
swz,2013,745409.0
swz,2014,763530.0
swz,2015,781435.0
swz,2016,798701.0
syc,1970,27023.0
syc,1971,27806.0
syc,1972,28725.0
syc,1973,29419.0
syc,1974,30241.0
syc,1975,31283.0
syc,1976,32158.0
syc,1977,33121.0
syc,1978,33615.0
syc,1979,34214.0
syc,1980,34850.0
syc,1981,35681.0
syc,1982,36282.0
syc,1983,36605.0
syc,1984,37173.0
syc,1985,37807.0
syc,1986,37965.0
syc,1987,39548.0
syc,1988,39635.0
syc,1989,39812.0
syc,1990,39947.0
syc,1991,41185.0
syc,1992,42024.0
syc,1993,43500.0
syc,1994,45236.0
syc,1995,46454.0
syc,1996,47361.0
syc,1997,48204.0
syc,1998,49504.0
syc,1999,50841.0
syc,2000,51615.0
syc,2001,52568.0
syc,2002,54987.0
syc,2003,55022.0
syc,2004,55433.0
syc,2005,56334.0
syc,2006,57669.0
syc,2007,58204.0
syc,2008,59833.0
syc,2009,60401.0
syc,2010,62416.0
syc,2011,61100.0
syc,2012,61938.0
syc,2013,63202.0
syc,2014,64166.0
syc,2015,65441.0
syc,2016,65880.0
syr,1970,3086294.0
syr,1971,3195099.0
syr,1972,3305801.0
syr,1973,3419051.0
syr,1974,3536738.0
syr,1975,3659819.0
syr,1976,3772936.0
syr,1977,3892318.0
syr,1978,4018593.0
syr,1979,4152298.0
syr,1980,4294188.0
syr,1981,4448901.0
syr,1982,4613731.0
syr,1983,4787762.0
syr,1984,4970245.0
syr,1985,5160731.0
syr,1986,5350272.0
syr,1987,5548557.0
syr,1988,5756834.0
syr,1989,5977050.0
syr,1990,6210746.0
syr,1991,6461414.0
syr,1992,6727159.0
syr,1993,7006486.0
syr,1994,7295452.0
syr,1995,7590951.0
syr,1996,7899007.0
syr,1997,8205347.0
syr,1998,8511288.0
syr,1999,8820106.0
syr,2000,9131862.0
syr,2001,9377309.0
syr,2002,9628088.0
syr,2003,9894697.0
syr,2004,10190304.0
syr,2005,10523980.0
syr,2006,11002425.0
syr,2007,11515508.0
syr,2008,12004837.0
syr,2009,12398439.0
syr,2010,12645812.0
syr,2011,12430359.0
syr,2012,12063020.0
syr,2013,11620088.0
syr,2014,11190794.0
syr,2015,10841580.0
syr,2016,10773905.0
tcd,1970,1954117.0
tcd,1971,1990506.0
tcd,1972,2030095.0
tcd,1973,2071438.0
tcd,1974,2113437.0
tcd,1975,2155483.0
tcd,1976,2184142.0
tcd,1977,2214663.0
tcd,1978,2247408.0
tcd,1979,2282742.0
tcd,1980,2321231.0
tcd,1981,2355077.0
tcd,1982,2394342.0
tcd,1983,2439804.0
tcd,1984,2492592.0
tcd,1985,2553115.0
tcd,1986,2613886.0
tcd,1987,2684827.0
tcd,1988,2763950.0
tcd,1989,2848778.0
tcd,1990,2937859.0
tcd,1991,3019382.0
tcd,1992,3106995.0
tcd,1993,3201113.0
tcd,1994,3302321.0
tcd,1995,3411021.0
tcd,1996,3514094.0
tcd,1997,3627195.0
tcd,1998,3750534.0
tcd,1999,3884408.0
tcd,2000,4028864.0
tcd,2001,4171940.0
tcd,2002,4328584.0
tcd,2003,4496181.0
tcd,2004,4672014.0
tcd,2005,4854735.0
tcd,2006,5024973.0
tcd,2007,5203324.0
tcd,2008,5391746.0
tcd,2009,5592516.0
tcd,2010,5806832.0
tcd,2011,6019587.0
tcd,2012,6247746.0
tcd,2013,6488761.0
tcd,2014,6739689.0
tcd,2015,6998775.0
tcd,2016,7247070.0
tgo,1970,1108636.0
tgo,1971,1138579.0
tgo,1972,1164964.0
tgo,1973,1189315.0
tgo,1974,1213683.0
tgo,1975,1239572.0
tgo,1976,1260565.0
tgo,1977,1283502.0
tgo,1978,1309864.0
tgo,1979,1341329.0
tgo,1980,1378740.0
tgo,1981,1420298.0
tgo,1982,1469774.0
tgo,1983,1524817.0
tgo,1984,1582752.0
tgo,1985,1641940.0
tgo,1986,1695519.0
tgo,1987,1750689.0
tgo,1988,1807151.0
tgo,1989,1864828.0
tgo,1990,1923813.0
tgo,1991,1971763.0
tgo,1992,2021788.0
tgo,1993,2075577.0
tgo,1994,2135099.0
tgo,1995,2201755.0
tgo,1996,2285529.0
tgo,1997,2376780.0
tgo,1998,2473456.0
tgo,1999,2572753.0
tgo,2000,2672276.0
tgo,2001,2757255.0
tgo,2002,2842371.0
tgo,2003,2928248.0
tgo,2004,3015775.0
tgo,2005,3105624.0
tgo,2006,3189227.0
tgo,2007,3277140.0
tgo,2008,3368703.0
tgo,2009,3463385.0
tgo,2010,3561187.0
tgo,2011,3657959.0
tgo,2012,3759228.0
tgo,2013,3865184.0
tgo,2014,3976251.0
tgo,2015,4092622.0
tgo,2016,4210790.0
tha,1970,19367658.0
tha,1971,19959359.0
tha,1972,20622130.0
tha,1973,21338743.0
tha,1974,22086707.0
tha,1975,22853801.0
tha,1976,23627947.0
tha,1977,24408669.0
tha,1978,25206434.0
tha,1979,26041089.0
tha,1980,26923190.0
tha,1981,27853211.0
tha,1982,28813457.0
tha,1983,29803941.0
tha,1984,30817700.0
tha,1985,31847721.0
tha,1986,32908081.0
tha,1987,33977984.0
tha,1988,35029873.0
tha,1989,36024298.0
tha,1990,36932606.0
tha,1991,37665015.0
tha,1992,38311354.0
tha,1993,38905640.0
tha,1994,39498212.0
tha,1995,40122927.0
tha,1996,40845324.0
tha,1997,41594622.0
tha,1998,42352119.0
tha,1999,43077510.0
tha,2000,43741964.0
tha,2001,44376630.0
tha,2002,44944100.0
tha,2003,45458331.0
tha,2004,45944366.0
tha,2005,46416342.0
tha,2006,46857356.0
tha,2007,47268419.0
tha,2008,47651542.0
tha,2009,48003894.0
tha,2010,48321950.0
tha,2011,48491101.0
tha,2012,48664367.0
tha,2013,48827392.0
tha,2014,48960244.0
tha,2015,49051305.0
tha,2016,49164792.0
tjk,1970,1432628.0
tjk,1971,1487407.0
tjk,1972,1543282.0
tjk,1973,1600383.0
tjk,1974,1660153.0
tjk,1975,1723703.0
tjk,1976,1781473.0
tjk,1977,1844779.0
tjk,1978,1912707.0
tjk,1979,1983274.0
tjk,1980,2055020.0
tjk,1981,2125452.0
tjk,1982,2194699.0
tjk,1983,2263773.0
tjk,1984,2334855.0
tjk,1985,2409112.0
tjk,1986,2480282.0
tjk,1987,2555349.0
tjk,1988,2630453.0
tjk,1989,2701249.0
tjk,1990,2765924.0
tjk,1991,2809593.0
tjk,1992,2852055.0
tjk,1993,2894832.0
tjk,1994,2939992.0
tjk,1995,2989782.0
tjk,1996,3048971.0
tjk,1997,3109979.0
tjk,1998,3177068.0
tjk,1999,3255859.0
tjk,2000,3348995.0
tjk,2001,3452962.0
tjk,2002,3573478.0
tjk,2003,3706036.0
tjk,2004,3842299.0
tjk,2005,3976961.0
tjk,2006,4117250.0
tjk,2007,4250331.0
tjk,2008,4379527.0
tjk,2009,4511189.0
tjk,2010,4647591.0
tjk,2011,4767911.0
tjk,2012,4895826.0
tjk,2013,5025384.0
tjk,2014,5148555.0
tjk,2015,5262286.0
tjk,2016,5367478.0
tkm,1970,1110499.0
tkm,1971,1149922.0
tkm,1972,1190616.0
tkm,1973,1232446.0
tkm,1974,1276036.0
tkm,1975,1321816.0
tkm,1976,1366785.0
tkm,1977,1413214.0
tkm,1978,1460787.0
tkm,1979,1509343.0
tkm,1980,1558989.0
tkm,1981,1605807.0
tkm,1982,1654459.0
tkm,1983,1703889.0
tkm,1984,1753041.0
tkm,1985,1801741.0
tkm,1986,1850208.0
tkm,1987,1897112.0
tkm,1988,1944214.0
tkm,1989,1994502.0
tkm,1990,2049705.0
tkm,1991,2105174.0
tkm,1992,2169085.0
tkm,1993,2237713.0
tkm,1994,2306749.0
tkm,1995,2374200.0
tkm,1996,2436300.0
tkm,1997,2498659.0
tkm,1998,2561269.0
tkm,1999,2623535.0
tkm,2000,2685068.0
tkm,2001,2748299.0
tkm,2002,2803764.0
tkm,2003,2857157.0
tkm,2004,2916614.0
tkm,2005,2985917.0
tkm,2006,3052185.0
tkm,2007,3132778.0
tkm,2008,3220555.0
tkm,2009,3303514.0
tkm,2010,3375067.0
tkm,2011,3445469.0
tkm,2012,3500823.0
tkm,2013,3546314.0
tkm,2014,3592358.0
tkm,2015,3644217.0
tkm,2016,3681434.0
tls,1970,336841.0
tls,1971,344864.0
tls,1972,354232.0
tls,1973,363288.0
tls,1974,370139.0
tls,1975,373714.0
tls,1976,368442.0
tls,1977,360621.0
tls,1978,352206.0
tls,1979,345628.0
tls,1980,342699.0
tls,1981,348618.0
tls,1982,356442.0
tls,1983,365895.0
tls,1984,376931.0
tls,1985,389069.0
tls,1986,397172.0
tls,1987,408758.0
tls,1988,422406.0
tls,1989,435707.0
tls,1990,447494.0
tls,1991,459877.0
tls,1992,469645.0
tls,1993,476632.0
tls,1994,481463.0
tls,1995,484133.0
tls,1996,469441.0
tls,1997,452390.0
tls,1998,435626.0
tls,1999,421879.0
tls,2000,412915.0
tls,2001,422451.0
tls,2002,438317.0
tls,2003,457938.0
tls,2004,477767.0
tls,2005,495557.0
tls,2006,516737.0
tls,2007,531971.0
tls,2008,543522.0
tls,2009,555228.0
tls,2010,569452.0
tls,2011,580242.0
tls,2012,596168.0
tls,2013,615275.0
tls,2014,634478.0
tls,2015,652098.0
tls,2016,669094.0
ton,1970,41356.0
ton,1971,42160.0
ton,1972,42892.0
ton,1973,43628.0
ton,1974,44438.0
ton,1975,45387.0
ton,1976,46678.0
ton,1977,47929.0
ton,1978,49101.0
ton,1979,50174.0
ton,1980,51156.0
ton,1981,51302.0
ton,1982,51494.0
ton,1983,51701.0
ton,1984,51885.0
ton,1985,52036.0
ton,1986,52373.0
ton,1987,52762.0
ton,1988,53123.0
ton,1989,53346.0
ton,1990,53407.0
ton,1991,53395.0
ton,1992,53149.0
ton,1993,52848.0
ton,1994,52732.0
ton,1995,52863.0
ton,1996,52963.0
ton,1997,53399.0
ton,1998,53980.0
ton,1999,54474.0
ton,2000,54773.0
ton,2001,55399.0
ton,2002,55727.0
ton,2003,55892.0
ton,2004,56077.0
ton,2005,56394.0
ton,2006,56787.0
ton,2007,57312.0
ton,2008,57935.0
ton,2009,58557.0
ton,2010,59130.0
ton,2011,59446.0
ton,2012,59747.0
ton,2013,60088.0
ton,2014,60517.0
ton,2015,61076.0
ton,2016,61991.0
tto,1970,514121.0
tto,1971,527725.0
tto,1972,540222.0
tto,1973,552604.0
tto,1974,566309.0
tto,1975,581754.0
tto,1976,595467.0
tto,1977,611416.0
tto,1978,628301.0
tto,1979,643938.0
tto,1980,657283.0
tto,1981,669576.0
tto,1982,679508.0
tto,1983,687692.0
tto,1984,695698.0
tto,1985,704403.0
tto,1986,709598.0
tto,1987,716646.0
tto,1988,724919.0
tto,1989,733212.0
tto,1990,741101.0
tto,1991,752082.0
tto,1992,761581.0
tto,1993,770627.0
tto,1994,780806.0
tto,1995,792754.0
tto,1996,805089.0
tto,1997,818609.0
tto,1998,832997.0
tto,1999,847272.0
tto,2000,860843.0
tto,2001,874458.0
tto,2002,887428.0
tto,2003,899452.0
tto,2004,910306.0
tto,2005,919783.0
tto,2006,926648.0
tto,2007,932349.0
tto,2008,936844.0
tto,2009,940242.0
tto,2010,942753.0
tto,2011,944930.0
tto,2012,946663.0
tto,2013,947936.0
tto,2014,948850.0
tto,2015,949457.0
tto,2016,949398.0
tun,1970,2582073.0
tun,1971,2659806.0
tun,1972,2736076.0
tun,1973,2812393.0
tun,1974,2892320.0
tun,1975,2977703.0
tun,1976,3064448.0
tun,1977,3154606.0
tun,1978,3249873.0
tun,1979,3351945.0
tun,1980,3461948.0
tun,1981,3582751.0
tun,1982,3714022.0
tun,1983,3851666.0
tun,1984,3989564.0
tun,1985,4123429.0
tun,1986,4255016.0
tun,1987,4381347.0
tun,1988,4505408.0
tun,1989,4633407.0
tun,1990,4769703.0
tun,1991,4910984.0
tun,1992,5063561.0
tun,1993,5222389.0
tun,1994,5379184.0
tun,1995,5528570.0
tun,1996,5671347.0
tun,1997,5803648.0
tun,1998,5929667.0
tun,1999,6054923.0
tun,2000,6181720.0
tun,2001,6301944.0
tun,2002,6422624.0
tun,2003,6543308.0
tun,2004,6662910.0
tun,2005,6781114.0
tun,2006,6902652.0
tun,2007,7024158.0
tun,2008,7143197.0
tun,2009,7256560.0
tun,2010,7361524.0
tun,2011,7455065.0
tun,2012,7538407.0
tun,2013,7612621.0
tun,2014,7680759.0
tun,2015,7744807.0
tun,2016,7790140.0
tur,1970,19004255.0
tur,1971,19494339.0
tur,1972,19997518.0
tur,1973,20513535.0
tur,1974,21043859.0
tur,1975,21587585.0
tur,1976,22103929.0
tur,1977,22644378.0
tur,1978,23213558.0
tur,1979,23819736.0
tur,1980,24468388.0
tur,1981,25161111.0
tur,1982,25898228.0
tur,1983,26668531.0
tur,1984,27458646.0
tur,1985,28258504.0
tur,1986,29001905.0
tur,1987,29766589.0
tur,1988,30547944.0
tur,1989,31339561.0
tur,1990,32137540.0
tur,1991,32927442.0
tur,1992,33718737.0
tur,1993,34514384.0
tur,1994,35316052.0
tur,1995,36121109.0
tur,1996,36902406.0
tur,1997,37678439.0
tur,1998,38453775.0
tur,1999,39237588.0
tur,2000,40033916.0
tur,2001,40791695.0
tur,2002,41588198.0
tur,2003,42398266.0
tur,2004,43189715.0
tur,2005,43948623.0
tur,2006,44697445.0
tur,2007,45407033.0
tur,2008,46110648.0
tur,2009,46852779.0
tur,2010,47653615.0
tur,2011,48489663.0
tur,2012,49374130.0
tur,2013,50289655.0
tur,2014,51215979.0
tur,2015,52140380.0
tur,2016,53061615.0
tza,1970,6973516.0
tza,1971,7174733.0
tza,1972,7396585.0
tza,1973,7635628.0
tza,1974,7887376.0
tza,1975,8149291.0
tza,1976,8388646.0
tza,1977,8642323.0
tza,1978,8910262.0
tza,1979,9193484.0
tza,1980,9493042.0
tza,1981,9777951.0
tza,1982,10085659.0
tza,1983,10413587.0
tza,1984,10758606.0
tza,1985,11119161.0
tza,1986,11456005.0
tza,1987,11812174.0
tza,1988,12192126.0
tza,1989,12601821.0
tza,1990,13043884.0
tza,1991,13478185.0
tza,1992,13952943.0
tza,1993,14454260.0
tza,1994,14966231.0
tza,1995,15480015.0
tza,1996,15918855.0
tza,1997,16365075.0
tza,1998,16824167.0
tza,1999,17300795.0
tza,2000,17797702.0
tza,2001,18283008.0
tza,2002,18778086.0
tza,2003,19289292.0
tza,2004,19830057.0
tza,2005,20409433.0
tza,2006,21000905.0
tza,2007,21653513.0
tza,2008,22353386.0
tza,2009,23078907.0
tza,2010,23818625.0
tza,2011,24565878.0
tza,2012,25330148.0
tza,2013,26121415.0
tza,2014,26958914.0
tza,2015,27854316.0
tza,2016,28790340.0
uga,1970,4773607.0
uga,1971,4896222.0
uga,1972,5021358.0
uga,1973,5151209.0
uga,1974,5288717.0
uga,1975,5436044.0
uga,1976,5579218.0
uga,1977,5735106.0
uga,1978,5902622.0
uga,1979,6080765.0
uga,1980,6268923.0
uga,1981,6442486.0
uga,1982,6630539.0
uga,1983,6834041.0
uga,1984,7053775.0
uga,1985,7289949.0
uga,1986,7514568.0
uga,1987,7762042.0
uga,1988,8027367.0
uga,1989,8304801.0
uga,1990,8590789.0
uga,1991,8836582.0
uga,1992,9093999.0
uga,1993,9363025.0
uga,1994,9644761.0
uga,1995,9940814.0
uga,1996,10201473.0
uga,1997,10483437.0
uga,1998,10789196.0
uga,1999,11121220.0
uga,2000,11481467.0
uga,2001,11856401.0
uga,2002,12261735.0
uga,2003,12695884.0
uga,2004,13158459.0
uga,2005,13649089.0
uga,2006,14143199.0
uga,2007,14672030.0
uga,2008,15233018.0
uga,2009,15822606.0
uga,2010,16439640.0
uga,2011,17068749.0
uga,2012,17729820.0
uga,2013,18423049.0
uga,2014,19149827.0
uga,2015,19910888.0
uga,2016,20678765.0
ukr,1970,31237691.0
ukr,1971,31604609.0
ukr,1972,31892898.0
ukr,1973,32121990.0
ukr,1974,32334793.0
ukr,1975,32552243.0
ukr,1976,32666125.0
ukr,1977,32810600.0
ukr,1978,32977893.0
ukr,1979,33149585.0
ukr,1980,33317568.0
ukr,1981,33523202.0
ukr,1982,33666909.0
ukr,1983,33814883.0
ukr,1984,33967341.0
ukr,1985,34100848.0
ukr,1986,34187847.0
ukr,1987,34306563.0
ukr,1988,34457038.0
ukr,1989,34611576.0
ukr,1990,34655895.0
ukr,1991,34653136.0
ukr,1992,34663947.0
ukr,1993,34617709.0
ukr,1994,34460105.0
ukr,1995,34309883.0
ukr,1996,34170781.0
ukr,1997,34121391.0
ukr,1998,34128508.0
ukr,1999,34095077.0
ukr,2000,33970741.0
ukr,2001,33709494.0
ukr,2002,33393182.0
ukr,2003,33116128.0
ukr,2004,32889357.0
ukr,2005,32730323.0
ukr,2006,32574090.0
ukr,2007,32468196.0
ukr,2008,32376127.0
ukr,2009,32289186.0
ukr,2010,32184108.0
ukr,2011,31987043.0
ukr,2012,31839280.0
ukr,2013,31689227.0
ukr,2014,31422954.0
ukr,2015,31180362.0
ukr,2016,30875921.0
umc,1970,811621666.0
umc,1971,831990974.0
umc,1972,851534643.0
umc,1973,870939039.0
umc,1974,890812379.0
umc,1975,911290605.0
umc,1976,932245429.0
umc,1977,953986472.0
umc,1978,977376620.0
umc,1979,1002228333.0
umc,1980,1027813565.0
umc,1981,1054980023.0
umc,1982,1083390135.0
umc,1983,1111783265.0
umc,1984,1139482484.0
umc,1985,1167096432.0
umc,1986,1192344618.0
umc,1987,1218009932.0
umc,1988,1243199966.0
umc,1989,1267659770.0
umc,1990,1291552001.0
umc,1991,1310495595.0
umc,1992,1331426695.0
umc,1993,1353676202.0
umc,1994,1375746304.0
umc,1995,1397080047.0
umc,1996,1423240179.0
umc,1997,1446702812.0
umc,1998,1468959272.0
umc,1999,1492805658.0
umc,2000,1519203577.0
umc,2001,1543689864.0
umc,2002,1570715668.0
umc,2003,1599415164.0
umc,2004,1627380747.0
umc,2005,1653300193.0
umc,2006,1675381877.0
umc,2007,1695903845.0
umc,2008,1714738038.0
umc,2009,1731989677.0
umc,2010,1747240418.0
umc,2011,1760590665.0
umc,2012,1772556836.0
umc,2013,1783038854.0
umc,2014,1792248484.0
umc,2015,1800192765.0
umc,2016,1806139966.0
ury,1970,1775637.0
ury,1971,1778759.0
ury,1972,1776890.0
ury,1973,1773090.0
ury,1974,1771129.0
ury,1975,1772958.0
ury,1976,1776761.0
ury,1977,1786105.0
ury,1978,1798830.0
ury,1979,1811932.0
ury,1980,1823742.0
ury,1981,1834042.0
ury,1982,1844287.0
ury,1983,1854257.0
ury,1984,1864044.0
ury,1985,1873820.0
ury,1986,1887378.0
ury,1987,1899000.0
ury,1988,1910450.0
ury,1989,1923601.0
ury,1990,1939033.0
ury,1991,1951474.0
ury,1992,1967103.0
ury,1993,1984434.0
ury,1994,2001360.0
ury,1995,2016819.0
ury,1996,2029540.0
ury,1997,2041740.0
ury,1998,2052819.0
ury,1999,2062555.0
ury,2000,2070861.0
ury,2001,2074959.0
ury,2002,2076482.0
ury,2003,2077290.0
ury,2004,2079615.0
ury,2005,2084742.0
ury,2006,2092675.0
ury,2007,2103815.0
ury,2008,2117206.0
ury,2009,2131156.0
ury,2010,2144437.0
ury,2011,2156178.0
ury,2012,2167788.0
ury,2013,2179148.0
ury,2014,2190338.0
ury,2015,2201356.0
ury,2016,2211820.0
usa,1970,126767128.0
usa,1971,129369442.0
usa,1972,131761091.0
usa,1973,134043271.0
usa,1974,136329743.0
usa,1975,138773915.0
usa,1976,140747083.0
usa,1977,142905143.0
usa,1978,145172947.0
usa,1979,147445345.0
usa,1980,149399114.0
usa,1981,151316182.0
usa,1982,153111771.0
usa,1983,154747770.0
usa,1984,156218134.0
usa,1985,157644443.0
usa,1986,158860280.0
usa,1987,160007980.0
usa,1988,161169359.0
usa,1989,162404291.0
usa,1990,163981667.0
usa,1991,165760967.0
usa,1992,167735570.0
usa,1993,169741522.0
usa,1994,171775693.0
usa,1995,173945233.0
usa,1996,176042482.0
usa,1997,178473636.0
usa,1998,181022266.0
usa,1999,183616860.0
usa,2000,186169060.0
usa,2001,188578761.0
usa,2002,190783416.0
usa,2003,192841977.0
usa,2004,195112888.0
usa,2005,197481121.0
usa,2006,199392800.0
usa,2007,201423516.0
usa,2008,203478887.0
usa,2009,205278324.0
usa,2010,206816889.0
usa,2011,208094512.0
usa,2012,209318529.0
usa,2013,210354971.0
usa,2014,211378325.0
usa,2015,212262832.0
usa,2016,213071223.0
uzb,1970,5920796.0
uzb,1971,6143933.0
uzb,1972,6365917.0
uzb,1973,6594331.0
uzb,1974,6841753.0
uzb,1975,7114282.0
uzb,1976,7381071.0
uzb,1977,7678190.0
uzb,1978,7994851.0
uzb,1979,8313737.0
uzb,1980,8624420.0
uzb,1981,8913845.0
uzb,1982,9189772.0
uzb,1983,9455465.0
uzb,1984,9720218.0
uzb,1985,9990125.0
uzb,1986,10237826.0
uzb,1987,10494404.0
uzb,1988,10758728.0
uzb,1989,11027344.0
uzb,1990,11325011.0
uzb,1991,11545013.0
uzb,1992,11804731.0
uzb,1993,12075186.0
uzb,1994,12335293.0
uzb,1995,12610150.0
uzb,1996,12928183.0
uzb,1997,13283902.0
uzb,1998,13639734.0
uzb,1999,13950170.0
uzb,2000,14325201.0
uzb,2001,14720985.0
uzb,2002,15120638.0
uzb,2003,15524859.0
uzb,2004,15942206.0
uzb,2005,16370442.0
uzb,2006,16806702.0
uzb,2007,17269400.0
uzb,2008,17756016.0
uzb,2009,18251231.0
uzb,2010,18953326.0
uzb,2011,19575256.0
uzb,2012,19980985.0
uzb,2013,20398036.0
uzb,2014,20809283.0
uzb,2015,21193681.0
uzb,2016,21558511.0
vct,1970,41145.0
vct,1971,41838.0
vct,1972,42552.0
vct,1973,43319.0
vct,1974,44159.0
vct,1975,45067.0
vct,1976,46085.0
vct,1977,47202.0
vct,1978,48397.0
vct,1979,49607.0
vct,1980,50797.0
vct,1981,52065.0
vct,1982,53264.0
vct,1983,54430.0
vct,1984,55623.0
vct,1985,56846.0
vct,1986,57738.0
vct,1987,58540.0
vct,1988,59209.0
vct,1989,59705.0
vct,1990,60047.0
vct,1991,60957.0
vct,1992,61732.0
vct,1993,62416.0
vct,1994,63066.0
vct,1995,63696.0
vct,1996,64298.0
vct,1997,64896.0
vct,1998,65468.0
vct,1999,65997.0
vct,2000,66493.0
vct,2001,67183.0
vct,2002,67873.0
vct,2003,68555.0
vct,2004,69240.0
vct,2005,69923.0
vct,2006,70563.0
vct,2007,71179.0
vct,2008,71785.0
vct,2009,72383.0
vct,2010,72976.0
vct,2011,73332.0
vct,2012,73693.0
vct,2013,74044.0
vct,2014,74348.0
vct,2015,74585.0
vct,2016,74956.0
ven,1970,5922931.0
ven,1971,6137625.0
ven,1972,6356688.0
ven,1973,6584883.0
ven,1974,6828328.0
ven,1975,7089172.0
ven,1976,7364896.0
ven,1977,7650548.0
ven,1978,7946101.0
ven,1979,8250419.0
ven,1980,8561451.0
ven,1981,8854481.0
ven,1982,9162564.0
ven,1983,9478131.0
ven,1984,9790797.0
ven,1985,10095895.0
ven,1986,10400818.0
ven,1987,10695607.0
ven,1988,10986456.0
ven,1989,11285627.0
ven,1990,11599711.0
ven,1991,11905242.0
ven,1992,12231601.0
ven,1993,12573069.0
ven,1994,12919601.0
ven,1995,13266614.0
ven,1996,13620673.0
ven,1997,13970919.0
ven,1998,14322850.0
ven,1999,14685070.0
ven,2000,15060763.0
ven,2001,15434682.0
ven,2002,15819522.0
ven,2003,16211024.0
ven,2004,16601625.0
ven,2005,16986492.0
ven,2006,17358472.0
ven,2007,17727023.0
ven,2008,18090057.0
ven,2009,18446608.0
ven,2010,18796235.0
ven,2011,19133607.0
ven,2012,19463631.0
ven,2013,19787207.0
ven,2014,20106367.0
ven,2015,20422290.0
ven,2016,20731567.0
vir,1970,37872.0
vir,1971,42052.0
vir,1972,44051.0
vir,1973,47433.0
vir,1974,49669.0
vir,1975,51256.0
vir,1976,52029.0
vir,1977,50879.0
vir,1978,53761.0
vir,1979,55386.0
vir,1980,57590.0
vir,1981,59095.0
vir,1982,62056.0
vir,1983,63374.0
vir,1984,65771.0
vir,1985,65353.0
vir,1986,65057.0
vir,1987,65395.0
vir,1988,65631.0
vir,1989,65951.0
vir,1990,67570.0
vir,1991,68769.0
vir,1992,69487.0
vir,1993,69725.0
vir,1994,69847.0
vir,1995,70099.0
vir,1996,69767.0
vir,1997,69944.0
vir,1998,70427.0
vir,1999,70862.0
vir,2000,71118.0
vir,2001,71724.0
vir,2002,72134.0
vir,2003,72314.0
vir,2004,72330.0
vir,2005,72310.0
vir,2006,72057.0
vir,2007,71675.0
vir,2008,71209.0
vir,2009,70610.0
vir,2010,69863.0
vir,2011,68823.0
vir,2012,67757.0
vir,2013,66653.0
vir,2014,65532.0
vir,2015,64411.0
vir,2016,63541.0
vnm,1970,21721088.0
vnm,1971,22310702.0
vnm,1972,22960978.0
vnm,1973,23664557.0
vnm,1974,24412641.0
vnm,1975,25197830.0
vnm,1976,25887822.0
vnm,1977,26617494.0
vnm,1978,27374027.0
vnm,1979,28137800.0
vnm,1980,28894431.0
vnm,1981,29641763.0
vnm,1982,30345225.0
vnm,1983,31044299.0
vnm,1984,31790007.0
vnm,1985,32627495.0
vnm,1986,33551186.0
vnm,1987,34569109.0
vnm,1988,35613613.0
vnm,1989,36663038.0
vnm,1990,37560462.0
vnm,1991,38429091.0
vnm,1992,39295543.0
vnm,1993,40177830.0
vnm,1994,41109107.0
vnm,1995,42117629.0
vnm,1996,43136236.0
vnm,1997,44284931.0
vnm,1998,45538521.0
vnm,1999,46831861.0
vnm,2000,48068445.0
vnm,2001,49453692.0
vnm,2002,50703910.0
vnm,2003,51927852.0
vnm,2004,53227029.0
vnm,2005,54592190.0
vnm,2006,55803125.0
vnm,2007,57086960.0
vnm,2008,58381777.0
vnm,2009,59590863.0
vnm,2010,60653977.0
vnm,2011,61570095.0
vnm,2012,62391546.0
vnm,2013,63103325.0
vnm,2014,63747992.0
vnm,2015,64347640.0
vnm,2016,64889971.0
vut,1970,44178.0
vut,1971,45575.0
vut,1972,47081.0
vut,1973,48665.0
vut,1974,50309.0
vut,1975,52011.0
vut,1976,53709.0
vut,1977,55473.0
vut,1978,57258.0
vut,1979,59011.0
vut,1980,60697.0
vut,1981,62364.0
vut,1982,63899.0
vut,1983,65325.0
vut,1984,66705.0
vut,1985,68103.0
vut,1986,69883.0
vut,1987,71640.0
vut,1988,73391.0
vut,1989,75183.0
vut,1990,77089.0
vut,1991,79684.0
vut,1992,82411.0
vut,1993,85184.0
vut,1994,87893.0
vut,1995,90485.0
vut,1996,92803.0
vut,1997,95026.0
vut,1998,97249.0
vut,1999,99572.0
vut,2000,102116.0
vut,2001,105163.0
vut,2002,108557.0
vut,2003,112172.0
vut,2004,115819.0
vut,2005,119397.0
vut,2006,123516.0
vut,2007,127100.0
vut,2008,130250.0
vut,2009,133335.0
vut,2010,136701.0
vut,2011,140192.0
vut,2012,144369.0
vut,2013,148808.0
vut,2014,153019.0
vut,2015,156839.0
vut,2016,161124.0
wld,1970,2105200164.0
wld,1971,2149889304.0
wld,1972,2195174484.0
wld,1973,2241093899.0
wld,1974,2289657115.0
wld,1975,2339981635.0
wld,1976,2387585005.0
wld,1977,2438130910.0
wld,1978,2492107980.0
wld,1979,2549235548.0
wld,1980,2608166772.0
wld,1981,2667410257.0
wld,1982,2728923984.0
wld,1983,2791201603.0
wld,1984,2853525332.0
wld,1985,2916644227.0
wld,1986,2974318722.0
wld,1987,3034151658.0
wld,1988,3094975554.0
wld,1989,3156304012.0
wld,1990,3218906914.0
wld,1991,3274247770.0
wld,1992,3331446292.0
wld,1993,3392105982.0
wld,1994,3453687596.0
wld,1995,3517351099.0
wld,1996,3583088564.0
wld,1997,3648085502.0
wld,1998,3713445263.0
wld,1999,3781427230.0
wld,2000,3852586183.0
wld,2001,3920252758.0
wld,2002,3991252640.0
wld,2003,4064754810.0
wld,2004,4138703962.0
wld,2005,4211549536.0
wld,2006,4279148939.0
wld,2007,4346507521.0
wld,2008,4413208310.0
wld,2009,4477914416.0
wld,2010,4540259122.0
wld,2011,4597259326.0
wld,2012,4654285952.0
wld,2013,4710218968.0
wld,2014,4765043786.0
wld,2015,4818569200.0
wld,2016,4869286618.0
wsm,1970,66974.0
wsm,1971,68233.0
wsm,1972,69206.0
wsm,1973,70065.0
wsm,1974,70991.0
wsm,1975,72044.0
wsm,1976,73425.0
wsm,1977,74838.0
wsm,1978,76311.0
wsm,1979,77831.0
wsm,1980,79337.0
wsm,1981,80765.0
wsm,1982,82238.0
wsm,1983,83753.0
wsm,1984,85239.0
wsm,1985,86597.0
wsm,1986,87550.0
wsm,1987,88305.0
wsm,1988,89047.0
wsm,1989,89903.0
wsm,1990,90851.0
wsm,1991,91625.0
wsm,1992,92318.0
wsm,1993,92934.0
wsm,1994,93442.0
wsm,1995,93816.0
wsm,1996,94542.0
wsm,1997,95057.0
wsm,1998,95392.0
wsm,1999,95582.0
wsm,2000,95694.0
wsm,2001,96735.0
wsm,2002,97586.0
wsm,2003,98360.0
wsm,2004,99163.0
wsm,2005,100031.0
wsm,2006,101096.0
wsm,2007,102163.0
wsm,2008,103242.0
wsm,2009,104346.0
wsm,2010,105499.0
wsm,2011,106374.0
wsm,2012,107553.0
wsm,2013,108880.0
wsm,2014,110145.0
wsm,2015,111257.0
wsm,2016,112545.0
yem,1970,3233481.0
yem,1971,3244338.0
yem,1972,3262387.0
yem,1973,3288875.0
yem,1974,3324500.0
yem,1975,3370744.0
yem,1976,3446915.0
yem,1977,3534041.0
yem,1978,3632854.0
yem,1979,3745134.0
yem,1980,3870731.0
yem,1981,3989131.0
yem,1982,4127533.0
yem,1983,4279884.0
yem,1984,4437494.0
yem,1985,4596709.0
yem,1986,4750285.0
yem,1987,4905896.0
yem,1988,5074062.0
yem,1989,5269921.0
yem,1990,5502009.0
yem,1991,5792819.0
yem,1992,6117520.0
yem,1993,6464763.0
yem,1994,6817545.0
yem,1995,7163950.0
yem,1996,7450042.0
yem,1997,7741547.0
yem,1998,8041216.0
yem,1999,8353029.0
yem,2000,8681964.0
yem,2001,9040849.0
yem,2002,9405051.0
yem,2003,9782926.0
yem,2004,10185871.0
yem,2005,10617224.0
yem,2006,11045322.0
yem,2007,11505430.0
yem,2008,11986388.0
yem,2009,12469936.0
yem,2010,12945818.0
yem,2011,13402407.0
yem,2012,13854765.0
yem,2013,14305082.0
yem,2014,14760999.0
yem,2015,15227024.0
yem,2016,15681743.0
zaf,1970,12313054.0
zaf,1971,12656607.0
zaf,1972,13013052.0
zaf,1973,13381033.0
zaf,1974,13762352.0
zaf,1975,14157381.0
zaf,1976,14510669.0
zaf,1977,14883671.0
zaf,1978,15276035.0
zaf,1979,15686639.0
zaf,1980,16116268.0
zaf,1981,16550415.0
zaf,1982,17005977.0
zaf,1983,17480795.0
zaf,1984,17974136.0
zaf,1985,18484718.0
zaf,1986,18949124.0
zaf,1987,19433693.0
zaf,1988,19947571.0
zaf,1989,20503192.0
zaf,1990,21110459.0
zaf,1991,21809061.0
zaf,1992,22559678.0
zaf,1993,23340727.0
zaf,1994,24121564.0
zaf,1995,24877818.0
zaf,1996,25529428.0
zaf,1997,26150895.0
zaf,1998,26756590.0
zaf,1999,27368459.0
zaf,2000,28000562.0
zaf,2001,28393532.0
zaf,2002,28883724.0
zaf,2003,29398332.0
zaf,2004,29928048.0
zaf,2005,30467309.0
zaf,2006,30961522.0
zaf,2007,31468560.0
zaf,2008,31989040.0
zaf,2009,32525671.0
zaf,2010,33078665.0
zaf,2011,33645982.0
zaf,2012,34229814.0
zaf,2013,34828365.0
zaf,2014,35442305.0
zaf,2015,36073269.0
zaf,2016,36683542.0
zmb,1970,2093057.0
zmb,1971,2157454.0
zmb,1972,2226702.0
zmb,1973,2300839.0
zmb,1974,2380241.0
zmb,1975,2464895.0
zmb,1976,2543099.0
zmb,1977,2628429.0
zmb,1978,2720038.0
zmb,1979,2816875.0
zmb,1980,2918591.0
zmb,1981,3018797.0
zmb,1982,3125522.0
zmb,1983,3237707.0
zmb,1984,3354474.0
zmb,1985,3475159.0
zmb,1986,3580094.0
zmb,1987,3689539.0
zmb,1988,3803447.0
zmb,1989,3921815.0
zmb,1990,4044667.0
zmb,1991,4148491.0
zmb,1992,4258693.0
zmb,1993,4376031.0
zmb,1994,4501141.0
zmb,1995,4634432.0
zmb,1996,4765224.0
zmb,1997,4905887.0
zmb,1998,5054310.0
zmb,1999,5208155.0
zmb,2000,5365591.0
zmb,2001,5494519.0
zmb,2002,5629680.0
zmb,2003,5771270.0
zmb,2004,5920315.0
zmb,2005,6078469.0
zmb,2006,6238907.0
zmb,2007,6412074.0
zmb,2008,6598805.0
zmb,2009,6800199.0
zmb,2010,7017292.0
zmb,2011,7262395.0
zmb,2012,7522657.0
zmb,2013,7798003.0
zmb,2014,8088061.0
zmb,2015,8391596.0
zmb,2016,8696624.0
zwe,1970,2514675.0
zwe,1971,2596620.0
zwe,1972,2682592.0
zwe,1973,2771992.0
zwe,1974,2864696.0
zwe,1975,2960434.0
zwe,1976,3041151.0
zwe,1977,3125316.0
zwe,1978,3215710.0
zwe,1979,3315524.0
zwe,1980,3426989.0
zwe,1981,3563013.0
zwe,1982,3713256.0
zwe,1983,3875459.0
zwe,1984,4047476.0
zwe,1985,4227587.0
zwe,1986,4402134.0
zwe,1987,4586759.0
zwe,1988,4777548.0
zwe,1989,4969763.0
zwe,1990,5160414.0
zwe,1991,5312055.0
zwe,1992,5458679.0
zwe,1993,5604225.0
zwe,1994,5753946.0
zwe,1995,5910532.0
zwe,1996,6045168.0
zwe,1997,6186885.0
zwe,1998,6332380.0
zwe,1999,6475821.0
zwe,2000,6613628.0
zwe,2001,6719788.0
zwe,2002,6819300.0
zwe,2003,6916640.0
zwe,2004,7017171.0
zwe,2005,7124562.0
zwe,2006,7245873.0
zwe,2007,7372961.0
zwe,2008,7507911.0
zwe,2009,7652639.0
zwe,2010,7807808.0
zwe,2011,7982992.0
zwe,2012,8171080.0
zwe,2013,8369351.0
zwe,2014,8575500.0
zwe,2015,8788963.0
zwe,2016,9012715.0
