country,year,sp_pop_1564_to_zs
abw,1970,58.6797148807206
abw,1971,59.5524899057874
abw,1972,60.2489973262032
abw,1973,60.8900619159072
abw,1974,61.6392413428496
abw,1975,62.5665628039633
abw,1976,63.0789291255405
abw,1977,63.850511877547
abw,1978,64.8253830923581
abw,1979,65.81027009003
abw,1980,66.6350505857295
abw,1981,67.185100797464
abw,1982,67.578449751406
abw,1983,67.8043761354319
abw,1984,67.9451269972627
abw,1985,68.1544124646971
abw,1986,67.7558904284528
abw,1987,67.567480148141
abw,1988,67.6140735768431
abw,1989,67.7497050727487
abw,1990,67.7967465285041
abw,1991,68.5231035870137
abw,1992,69.0217630248406
abw,1993,69.2982456140351
abw,1994,69.4719687092568
abw,1995,69.6678452268313
abw,1996,69.4507211538461
abw,1997,69.3262805584487
abw,1998,69.2794206950285
abw,1999,69.2612774563227
abw,2000,69.2404213399668
abw,2001,69.3233438825378
abw,2002,69.4216355061479
abw,2003,69.5548202892277
abw,2004,69.7347498911249
abw,2005,69.9353200507843
abw,2006,69.8567914947636
abw,2007,69.691760521636
abw,2008,69.4483636399515
abw,2009,69.1610893714331
abw,2010,68.838092240506
abw,2011,68.8828353894545
abw,2012,68.9764762081168
abw,2013,69.090098558927
abw,2014,69.1651813671179
abw,2015,69.1597742018957
abw,2016,69.1524679933602
afg,1970,53.1652400391403
afg,1971,52.8218290261061
afg,1972,52.575708457815
afg,1973,52.4081500374715
afg,1974,52.308165025787
afg,1975,52.2829425796999
afg,1976,52.0109773144691
afg,1977,51.7897556525185
afg,1978,51.6293196403554
afg,1979,51.5643591440248
afg,1980,51.640556536389
afg,1981,51.3503035172332
afg,1982,51.1194154817644
afg,1983,50.9396559232026
afg,1984,50.7653907180267
afg,1985,50.5293620921578
afg,1986,50.325544061089
afg,1987,50.2338786313999
afg,1988,50.1780712194764
afg,1989,50.0525531115866
afg,1990,49.7467245386075
afg,1991,49.7597481601985
afg,1992,49.783384596106
afg,1993,49.7754337351481
afg,1994,49.7791620567945
afg,1995,49.8727948311595
afg,1996,49.6783461082954
afg,1997,49.4943504661318
afg,1998,49.3595446013329
afg,1999,49.2669378730092
afg,2000,49.1820145521823
afg,2001,49.2786169989664
afg,2002,49.4672479061915
afg,2003,49.7016694363211
afg,2004,49.960274023208
afg,2005,50.2482689222736
afg,2006,50.0921623035941
afg,2007,49.9423108539902
afg,2008,49.8364129505092
afg,2009,49.8154803269537
afg,2010,49.8986031640201
afg,2011,50.3193368357761
afg,2012,50.8831819752303
afg,2013,51.5459309949096
afg,2014,52.2531001568471
afg,2015,52.974876405355
afg,2016,53.5989174986911
ago,1970,51.1090359293552
ago,1971,51.0046744250873
ago,1972,50.9089289474567
ago,1973,50.8174818218292
ago,1974,50.7584350614061
ago,1975,50.7423840663931
ago,1976,50.4491648332483
ago,1977,50.2530073836045
ago,1978,50.1241919464881
ago,1979,50.0327546504834
ago,1980,49.9623512021411
ago,1981,49.6635136952138
ago,1982,49.4769444371392
ago,1983,49.371186526349
ago,1984,49.328497183264
ago,1985,49.3520904149498
ago,1986,49.173709419719
ago,1987,49.0557900738332
ago,1988,49.0115136675732
ago,1989,49.0512872955873
ago,1990,49.1645483883133
ago,1991,49.0642489719556
ago,1992,49.1035980304349
ago,1993,49.2343402219113
ago,1994,49.4135558499884
ago,1995,49.6288175606493
ago,1996,49.6234509562681
ago,1997,49.6859860848125
ago,1998,49.8037578950587
ago,1999,49.9597423560948
ago,2000,50.1307347445922
ago,2001,50.1233449443706
ago,2002,50.163814231992
ago,2003,50.2322564575821
ago,2004,50.3162986233865
ago,2005,50.4098239502567
ago,2006,50.3286851670427
ago,2007,50.2929298831819
ago,2008,50.2908487450493
ago,2009,50.3171527126465
ago,2010,50.3702426932349
ago,2011,50.3271560474372
ago,2012,50.3499580612962
ago,2013,50.4160765648884
ago,2014,50.5056636092406
ago,2015,50.6133839304319
ago,2016,50.6908628095137
alb,1970,53.8967766174803
alb,1971,54.2774751536647
alb,1972,54.6430897613144
alb,1973,55.0286361292679
alb,1974,55.4829140842998
alb,1975,56.0185283106665
alb,1976,56.4862908304712
alb,1977,57.0504378300406
alb,1978,57.6584559752707
alb,1979,58.2369551526376
alb,1980,58.7498913748457
alb,1981,59.2083438591847
alb,1982,59.6086739154916
alb,1983,59.9645609127342
alb,1984,60.2981397798174
alb,1985,60.6127886023922
alb,1986,60.8766109384161
alb,1987,61.1063980295617
alb,1988,61.3126969187696
alb,1989,61.5303215828594
alb,1990,61.8015062834951
alb,1991,61.5305588791216
alb,1992,61.307411280734
alb,1993,61.1469587090225
alb,1994,61.0223540443769
alb,1995,60.8998318492463
alb,1996,61.2897884632052
alb,1997,61.6360727193723
alb,1998,61.9530382352496
alb,1999,62.2826405133433
alb,2000,62.6621972664696
alb,2001,63.0644361659335
alb,2002,63.5138692201964
alb,2003,64.003111534697
alb,2004,64.506914218624
alb,2005,65.0104784424679
alb,2006,65.5245944201857
alb,2007,65.9537479161892
alb,2008,66.3168598208815
alb,2009,66.6197489734645
alb,2010,66.8606796405404
alb,2011,67.5208146900612
alb,2012,68.1105971529832
alb,2013,68.6455670443559
alb,2014,69.1030976367574
alb,2015,69.4364209304935
alb,2016,69.4436888572377
arb,1970,51.7115475231528
arb,1971,51.655792655974
arb,1972,51.6661282440456
arb,1973,51.7268240154196
arb,1974,51.8179050995329
arb,1975,51.9201453035513
arb,1976,51.9756282175989
arb,1977,52.0433630635761
arb,1978,52.1217816527294
arb,1979,52.2204755905328
arb,1980,52.3472035154298
arb,1981,52.4082255715333
arb,1982,52.5131159528329
arb,1983,52.6494032569388
arb,1984,52.7994068266707
arb,1985,52.9571064377149
arb,1986,53.0128458329398
arb,1987,53.0981453848823
arb,1988,53.2060493703727
arb,1989,53.3441131214537
arb,1990,53.4913790857186
arb,1991,53.7102633836565
arb,1992,53.8891454358226
arb,1993,54.2327565754529
arb,1994,54.6365629430651
arb,1995,55.1743289905414
arb,1996,55.6549416396218
arb,1997,56.1572395052031
arb,1998,56.6748181766574
arb,1999,57.2057297734658
arb,2000,57.7489941576193
arb,2001,58.2777066693092
arb,2002,58.824858328282
arb,2003,59.3750291891695
arb,2004,59.9096265592993
arb,2005,60.4144572360708
arb,2006,60.9086634560547
arb,2007,61.3746278613644
arb,2008,61.7911706781016
arb,2009,62.1393713760213
arb,2010,62.4093539205155
arb,2011,62.5011506919559
arb,2012,62.5294794749413
arb,2013,62.5105889389878
arb,2014,62.4731496797417
arb,2015,62.4392794473723
are,1970,63.5166179049592
are,1971,66.1864078505638
are,1972,68.239872580839
are,1973,69.5914133352133
are,1974,70.2584414592544
are,1975,70.3473059077363
are,1976,71.1470716894688
are,1977,71.5322603282642
are,1978,71.4245149965621
are,1979,71.0197050544095
are,1980,70.5556685444136
are,1981,69.8520831474708
are,1982,69.1472790016351
are,1983,68.395607552711
are,1984,67.6192549287891
are,1985,66.8840560956744
are,1986,66.7581159855402
are,1987,66.8369301821341
are,1988,67.0602814628629
are,1989,67.4099666124349
are,1990,67.8807466398305
are,1991,68.642748877426
are,1992,69.4143548548647
are,1993,70.1874372849568
are,1994,70.9556376428595
are,1995,71.6917944152694
are,1996,72.05474869896
are,1997,72.4381391180032
are,1998,72.6818749570582
are,1999,72.7991320417033
are,2000,72.9229062497524
are,2001,75.0635291542595
are,2002,76.9558728934955
are,2003,78.5198127598257
are,2004,79.7457442407908
are,2005,80.6664480140241
are,2006,82.4429343430181
are,2007,83.7910301126708
are,2008,84.7128589824779
are,2009,85.3509205698169
are,2010,85.8724018472958
are,2011,85.6406504486897
are,2012,85.5253547207091
are,2013,85.4376226854579
are,2014,85.3226819442949
are,2015,85.1916071809735
are,2016,85.0281004210317
arg,1970,63.6859636346769
arg,1971,63.6284235049693
arg,1972,63.5540548463381
arg,1973,63.4601149198989
arg,1974,63.3407444073986
arg,1975,63.1893420698029
arg,1976,62.8825147055091
arg,1977,62.5179357603354
arg,1978,62.127072766033
arg,1979,61.7640051300846
arg,1980,61.462274381795
arg,1981,61.085420765401
arg,1982,60.8779365183546
arg,1983,60.7698055233083
arg,1984,60.6675754181759
arg,1985,60.5329802118104
arg,1986,60.5153266442071
arg,1987,60.40095544749
arg,1988,60.2704337218357
arg,1989,60.2342097327694
arg,1990,60.3333072714084
arg,1991,60.3695683046515
arg,1992,60.5488889353074
arg,1993,60.8162923324518
arg,1994,61.0863468681668
arg,1995,61.3188142677369
arg,1996,61.4835700670605
arg,1997,61.639367941631
arg,1998,61.7866241519757
arg,1999,61.9393960958597
arg,2000,62.1035871543462
arg,2001,62.2915426224228
arg,2002,62.4549312907552
arg,2003,62.6106546911136
arg,2004,62.780533586775
arg,2005,62.9708563091613
arg,2006,63.0958957645172
arg,2007,63.2672211194013
arg,2008,63.454237439989
arg,2009,63.612669664537
arg,2010,63.7214844043462
arg,2011,63.7967765179912
arg,2012,63.8270413297334
arg,2013,63.8314501024626
arg,2014,63.8431497819469
arg,2015,63.8777606355371
arg,2016,63.8805193371653
arm,1970,55.1051953118038
arm,1971,56.1382552732034
arm,1972,57.0919499985663
arm,1973,58.0044242421338
arm,1974,58.9440925938811
arm,1975,59.9321791456168
arm,1976,60.7161112397342
arm,1977,61.5814404327704
arm,1978,62.4405195016633
arm,1979,63.1835571421778
arm,1980,63.7703802660278
arm,1981,64.1888483564013
arm,1982,64.4436866993186
arm,1983,64.5749359135477
arm,1984,64.6516384399173
arm,1985,64.7046779988219
arm,1986,64.7275146687043
arm,1987,64.7159193288879
arm,1988,64.641814548724
arm,1989,64.496592505123
arm,1990,64.3241623836085
arm,1991,63.8981060129503
arm,1992,63.4442214353972
arm,1993,63.0062222391379
arm,1994,62.6365397148304
arm,1995,62.3613529428951
arm,1996,62.5014085218333
arm,1997,62.8136284800353
arm,1998,63.2515881318268
arm,1999,63.7277166166453
arm,2000,64.1732050034076
arm,2001,64.761043120248
arm,2002,65.2077179943815
arm,2003,65.5930831869245
arm,2004,66.0468931004742
arm,2005,66.6387589941028
arm,2006,67.1655230691229
arm,2007,67.8524719609854
arm,2008,68.5851139184794
arm,2009,69.1860787153844
arm,2010,69.5456625995591
arm,2011,69.7065045289978
arm,2012,69.7222894998546
arm,2013,69.6111883529652
arm,2014,69.4364156877318
arm,2015,69.2461989406743
arm,2016,69.0155209763623
atg,1970,54.7527497093803
atg,1971,55.0346101953423
atg,1972,55.4079449520065
atg,1973,55.8444894813462
atg,1974,56.2896808600694
atg,1975,56.7470569341842
atg,1976,57.3272463166632
atg,1977,57.9581475128645
atg,1978,58.6206426272435
atg,1979,59.3120987922968
atg,1980,60.0147054818768
atg,1981,60.8039306927983
atg,1982,61.3819567137809
atg,1983,61.8350339898658
atg,1984,62.2764227642276
atg,1985,62.7253446447508
atg,1986,62.8566030606461
atg,1987,62.9744270027268
atg,1988,62.8530525813475
atg,1989,62.2810572290513
atg,1990,61.2660429411059
atg,1991,61.5225756607782
atg,1992,61.5678021833487
atg,1993,61.5673882581715
atg,1994,61.6837936948368
atg,1995,61.9378149662451
atg,1996,62.6037975353044
atg,1997,63.1214705617515
atg,1998,63.4719665376764
atg,1999,63.6971318937811
atg,2000,63.9045750382849
atg,2001,64.142868899679
atg,2002,64.4471750168085
atg,2003,64.7039281500235
atg,2004,64.8288521023828
atg,2005,64.8314342375046
atg,2006,65.1587468577314
atg,2007,65.4917324170232
atg,2008,65.8535002919613
atg,2009,66.2645195071649
atg,2010,66.7349806150368
atg,2011,67.1674380217094
atg,2012,67.6400384388853
atg,2013,68.1121197252208
atg,2014,68.5259165613148
atg,2015,68.8580206759205
atg,2016,69.0520289611046
aus,1970,62.6349159111718
aus,1971,62.8131105427732
aus,1972,62.9954924737186
aus,1973,63.1919340006605
aus,1974,63.4262666914945
aus,1975,63.712665403147
aus,1976,63.8559323820299
aus,1977,64.1487443705212
aus,1978,64.5118369887887
aus,1979,64.843212046064
aus,1980,65.09621674048
aus,1981,65.458226421091
aus,1982,65.6730424341627
aus,1983,65.8035617962166
aus,1984,65.9482848238553
aus,1985,66.1435164167426
aus,1986,66.2195571120126
aus,1987,66.3996933854242
aus,1988,66.6191355824832
aus,1989,66.7811795100777
aus,1990,66.8484765158513
aus,1991,66.8549342126975
aus,1992,66.7735887124907
aus,1993,66.6530713619504
aus,1994,66.571174200012
aus,1995,66.5608677403889
aus,1996,66.5439230153103
aus,1997,66.5871363385408
aus,1998,66.6667613177466
aus,1999,66.7406236773827
aus,2000,66.7885758175736
aus,2001,66.9227750758192
aus,2002,67.0428290022932
aus,2003,67.1476610719658
aus,2004,67.2395054267181
aus,2005,67.3083763482636
aus,2006,67.4658686474311
aus,2007,67.587717070365
aus,2008,67.6431005506245
aus,2009,67.6227469106272
aus,2010,67.5364546865687
aus,2011,67.2771807256817
aus,2012,67.0264972833708
aus,2013,66.7686274587725
aus,2014,66.4895239412971
aus,2015,66.1877053504696
aus,2016,65.8488024959786
aut,1970,61.4445070200668
aut,1971,61.2907498205379
aut,1972,61.2876704052978
aut,1973,61.4199694625983
aut,1974,61.6538054545526
aut,1975,61.9680769929229
aut,1976,62.2843388782958
aut,1977,62.635492660585
aut,1978,63.0595565486534
aut,1979,63.606035481769
aut,1980,64.2834352551831
aut,1981,64.9551785893456
aut,1982,65.7307554240027
aut,1983,66.5232427501301
aut,1984,67.2162094979121
aut,1985,67.7444704228622
aut,1986,67.9756702375864
aut,1987,68.1254640445944
aut,1988,68.1958756156285
aut,1989,68.1998035014828
aut,1990,68.1482101966235
aut,1991,67.9672098540777
aut,1992,67.7016391278025
aut,1993,67.4049294445093
aut,1994,67.1791442756822
aut,1995,67.0927636765451
aut,1996,67.0603251764217
aut,1997,67.1880282977105
aut,1998,67.4178745313112
aut,1999,67.6389463171117
aut,2000,67.7829460784338
aut,2001,67.8768837953466
aut,2002,67.900457955658
aut,2003,67.8734889036641
aut,2004,67.8431945263396
aut,2005,67.8309232884845
aut,2006,67.7483950904887
aut,2007,67.6814830223551
aut,2008,67.6245461838065
aut,2009,67.5619991211509
aut,2010,67.4849514545213
aut,2011,67.4236961728936
aut,2012,67.3535857972271
aut,2013,67.2623179278746
aut,2014,67.155383506965
aut,2015,67.0395546223339
aut,2016,66.8762899389668
aze,1970,50.9930550528231
aze,1971,51.5661178700403
aze,1972,52.1732905722223
aze,1973,52.8647564035131
aze,1974,53.7072888579957
aze,1975,54.7070153575777
aze,1976,55.6779800871042
aze,1977,56.7599000807418
aze,1978,57.8995990049563
aze,1979,59.009340653441
aze,1980,60.0289916429541
aze,1981,60.8534368539297
aze,1982,61.5599700010615
aze,1983,62.1356599023322
aze,1984,62.5779002483384
aze,1985,62.886241638172
aze,1986,62.8645775630574
aze,1987,62.753332849786
aze,1988,62.5865830075623
aze,1989,62.3845797557448
aze,1990,62.1561502022016
aze,1991,61.7854061644294
aze,1992,61.4773446175173
aze,1993,61.2412076824896
aze,1994,61.0977328787438
aze,1995,61.0737469561153
aze,1996,61.2117186403045
aze,1997,61.4841725032928
aze,1998,61.8877898908422
aze,1999,62.4017506557199
aze,2000,63.0023781381187
aze,2001,63.7613530050643
aze,2002,64.5144535801856
aze,2003,65.3081634217595
aze,2004,66.1967465044488
aze,2005,67.184655200158
aze,2006,68.0381034264
aze,2007,68.9703843424072
aze,2008,69.8920346936286
aze,2009,70.6799230469879
aze,2010,71.2664117858518
aze,2011,71.5699841434517
aze,2012,71.6839233422167
aze,2013,71.6356857479037
aze,2014,71.5059843087549
aze,2015,71.3514054195463
aze,2016,70.9815846708652
bdi,1970,51.710409114928
bdi,1971,51.4849270737558
bdi,1972,51.3757859306042
bdi,1973,51.3729254517967
bdi,1974,51.4409914372607
bdi,1975,51.5371126849179
bdi,1976,51.7440226501935
bdi,1977,51.9542582763398
bdi,1978,52.1513538870981
bdi,1979,52.3351049383177
bdi,1980,52.494366400061
bdi,1981,52.1844953879705
bdi,1982,51.9511762857036
bdi,1983,51.732854874472
bdi,1984,51.4718377211519
bdi,1985,51.1582993518169
bdi,1986,50.7095742802172
bdi,1987,50.2706237860224
bdi,1988,49.8818136292445
bdi,1989,49.6043767982873
bdi,1990,49.4624511694856
bdi,1991,48.7551172418571
bdi,1992,48.2443727313532
bdi,1993,47.9017215586241
bdi,1994,47.6881882591938
bdi,1995,47.5888694809745
bdi,1996,47.4287184213767
bdi,1997,47.3535351287782
bdi,1998,47.3684006341702
bdi,1999,47.4724714681141
bdi,2000,47.6509466299499
bdi,2001,48.4310984926544
bdi,2002,49.2283917883211
bdi,2003,50.0094418140479
bdi,2004,50.7352712883109
bdi,2005,51.3793010079494
bdi,2006,51.8738849025281
bdi,2007,52.3061756595726
bdi,2008,52.6760464592955
bdi,2009,52.9909361857673
bdi,2010,53.2535790750012
bdi,2011,53.1486454150314
bdi,2012,53.0703315875709
bdi,2013,52.9924524379007
bdi,2014,52.8856051331458
bdi,2015,52.7448238942591
bdi,2016,52.5984175204438
bel,1970,63.0051037252211
bel,1971,63.0385879641415
bel,1972,63.1143216347397
bel,1973,63.2463343147723
bel,1974,63.4503058370661
bel,1975,63.7273621702761
bel,1976,63.9243649957523
bel,1977,64.1884601499323
bel,1978,64.5232185949638
bel,1979,64.9328009269383
bel,1980,65.4132158340338
bel,1981,65.87082029093
bel,1982,66.3814037540001
bel,1983,66.8836053781214
bel,1984,67.2992461114166
bel,1985,67.5822143485384
bel,1986,67.6069356407013
bel,1987,67.5367714617831
bel,1988,67.3995433285604
bel,1989,67.2390847616315
bel,1990,67.0824212635252
bel,1991,66.9023437052546
bel,1992,66.715267092481
bel,1993,66.523400200461
bel,1994,66.3409387176089
bel,1995,66.1818097926579
bel,1996,65.9813141789382
bel,1997,65.8344181398892
bel,1998,65.7301696472869
bel,1999,65.6458602303621
bel,2000,65.5677043635242
bel,2001,65.5524134610083
bel,2002,65.5291882157882
bel,2003,65.5082929009144
bel,2004,65.5152323204025
bel,2005,65.5588768097048
bel,2006,65.5870149884642
bel,2007,65.6686703431115
bel,2008,65.7632083648718
bel,2009,65.8123125625559
bel,2010,65.7832315041066
bel,2011,65.6495006893165
bel,2012,65.4772342796306
bel,2013,65.2732024141659
bel,2014,65.0596243337626
bel,2015,64.8535339486213
bel,2016,64.6001511307203
ben,1970,53.0883756704231
ben,1971,52.6767032680547
ben,1972,52.3549177658977
ben,1973,52.1074935566493
ben,1974,51.9203981160892
ben,1975,51.7828961170416
ben,1976,51.4899887158507
ben,1977,51.2720627918539
ben,1978,51.1169890049144
ben,1979,51.0164636097682
ben,1980,50.9633013331396
ben,1981,50.7576185928848
ben,1982,50.6356369124636
ben,1983,50.5764800496244
ben,1984,50.5591414973806
ben,1985,50.572361675269
ben,1986,50.4475643806593
ben,1987,50.3830979592584
ben,1988,50.3687469665206
ben,1989,50.3965754470525
ben,1990,50.4589337824114
ben,1991,50.5086999725605
ben,1992,50.6141543489135
ben,1993,50.7602191546432
ben,1994,50.9388507967842
ben,1995,51.1475122249244
ben,1996,51.1440685405724
ben,1997,51.2006022631991
ben,1998,51.3042510623599
ben,1999,51.4415454274532
ben,2000,51.6039365850412
ben,2001,51.6982907225693
ben,2002,51.8368164899661
ben,2003,52.007823890657
ben,2004,52.1999601548593
ben,2005,52.4054258054615
ben,2006,52.4545886913988
ben,2007,52.5279808808994
ben,2008,52.6283684929232
ben,2009,52.7605155496447
ben,2010,52.9240996475912
ben,2011,53.0184227510522
ben,2012,53.1603036644479
ben,2013,53.3358901952741
ben,2014,53.5300589731685
ben,2015,53.735190931275
ben,2016,53.8984214744666
bfa,1970,53.9341464281905
bfa,1971,53.5366944818107
bfa,1972,53.2612851154807
bfa,1973,53.0730970816374
bfa,1974,52.9240281647095
bfa,1975,52.7876065574303
bfa,1976,52.3908928174953
bfa,1977,52.0254698633444
bfa,1978,51.7019228369367
bfa,1979,51.4394776948931
bfa,1980,51.2419676079312
bfa,1981,50.8299738302344
bfa,1982,50.5338661447518
bfa,1983,50.3191908899516
bfa,1984,50.1505196619628
bfa,1985,50.0164533553522
bfa,1986,49.7626437232353
bfa,1987,49.5846413170988
bfa,1988,49.4754679251176
bfa,1989,49.435332174102
bfa,1990,49.4638654214704
bfa,1991,49.4049447496841
bfa,1992,49.4210191916566
bfa,1993,49.5039924727369
bfa,1994,49.6449886661231
bfa,1995,49.833952402596
bfa,1996,49.859068163731
bfa,1997,49.956926724614
bfa,1998,50.1045791652703
bfa,1999,50.278067281939
bfa,2000,50.4652762737788
bfa,2001,50.4862328015192
bfa,2002,50.5552057658361
bfa,2003,50.6603951236469
bfa,2004,50.7907828123238
bfa,2005,50.9382331751097
bfa,2006,50.9353015005882
bfa,2007,50.9747705255276
bfa,2008,51.050400803936
bfa,2009,51.1619995351725
bfa,2010,51.3087322015452
bfa,2011,51.3567112451362
bfa,2012,51.4673153738386
bfa,2013,51.6236923658868
bfa,2014,51.809529831638
bfa,2015,52.0181855688683
bfa,2016,52.2026545237902
bgd,1970,52.3483172443882
bgd,1971,52.1142859052645
bgd,1972,51.9864574813229
bgd,1973,51.9442764016955
bgd,1974,51.9237921699858
bgd,1975,51.8829172157269
bgd,1976,51.7806197048688
bgd,1977,51.7526944222329
bgd,1978,51.7897237014494
bgd,1979,51.9089671190055
bgd,1980,52.1140957638105
bgd,1981,52.1499423539548
bgd,1982,52.3322575839494
bgd,1983,52.6047167658147
bgd,1984,52.8985302950672
bgd,1985,53.1844804710822
bgd,1986,53.3843474269
bgd,1987,53.5956198320527
bgd,1988,53.8370499460952
bgd,1989,54.1477015968613
bgd,1990,54.544091448123
bgd,1991,54.863344882458
bgd,1992,55.2586361154757
bgd,1993,55.7128242747476
bgd,1994,56.2002082469263
bgd,1995,56.7050705935969
bgd,1996,57.1508005981217
bgd,1997,57.6174586596029
bgd,1998,58.1005301271555
bgd,1999,58.5988538095468
bgd,2000,59.1087652211949
bgd,2001,59.5113810478128
bgd,2002,59.939418890246
bgd,2003,60.3838960114524
bgd,2004,60.8372971654744
bgd,2005,61.2990365318328
bgd,2006,61.6377947928624
bgd,2007,62.0016410175859
bgd,2008,62.3865637400431
bgd,2009,62.7855679996401
bgd,2010,63.1964275411892
bgd,2011,63.6645794208682
bgd,2012,64.1144791971373
bgd,2013,64.5630785333663
bgd,2014,65.0354264616293
bgd,2015,65.5400287316039
bgd,2016,66.0216686480326
bgr,1970,67.5251743290254
bgr,1971,67.4259677101258
bgr,1972,67.3166437651788
bgr,1973,67.189799430986
bgr,1974,67.0396690982866
bgr,1975,66.8682605353567
bgr,1976,66.6028234712087
bgr,1977,66.3346544518589
bgr,1978,66.1065218066034
bgr,1979,65.9850063033798
bgr,1980,66.0019315727676
bgr,1981,66.0839012027868
bgr,1982,66.3290361944808
bgr,1983,66.6462155903101
bgr,1984,66.9016316016223
bgr,1985,67.0234758962133
bgr,1986,67.0247286449248
bgr,1987,66.8697363263899
bgr,1988,66.6530521765821
bgr,1989,66.509951282649
bgr,1990,66.5095379438325
bgr,1991,66.3986316698396
bgr,1992,66.4592266491383
bgr,1993,66.6366717199815
bgr,1994,66.831211932879
bgr,1995,66.9857313006762
bgr,1996,67.1330551171074
bgr,1997,67.243634285898
bgr,1998,67.3463459089231
bgr,1999,67.5037185986211
bgr,2000,67.7471030423791
bgr,2001,67.9727095713208
bgr,2002,68.2356256974562
bgr,2003,68.525429847021
bgr,2004,68.811343640098
bgr,2005,69.0619296821102
bgr,2006,69.0554270521323
bgr,2007,69.0569078766092
bgr,2008,69.0170646273779
bgr,2009,68.8780892780742
bgr,2010,68.6146835949053
bgr,2011,68.154307114272
bgr,2012,67.6203695483534
bgr,2013,67.0372072328351
bgr,2014,66.4564198032579
bgr,2015,65.9170261749526
bgr,2016,65.4326148209618
bhr,1970,52.6981961854142
bhr,1971,53.5703910817386
bhr,1972,54.7446051799001
bhr,1973,56.0158145010792
bhr,1974,57.162648713236
bhr,1975,58.0765580037743
bhr,1976,59.4861005384984
bhr,1977,60.6699101179187
bhr,1978,61.6530591424941
bhr,1979,62.5298280620074
bhr,1980,63.3633241452897
bhr,1981,63.6458890195659
bhr,1982,63.7862417411582
bhr,1983,63.8265725657958
bhr,1984,63.8199333541244
bhr,1985,63.8111246215102
bhr,1986,63.9094587549195
bhr,1987,64.1535237085526
bhr,1988,64.4345897051173
bhr,1989,64.7394458417344
bhr,1990,65.1274068368382
bhr,1991,65.3142134120624
bhr,1992,65.7085723789733
bhr,1993,66.2397219015578
bhr,1994,66.8206001586643
bhr,1995,67.3527893432488
bhr,1996,67.4604436395308
bhr,1997,67.6247625771099
bhr,1998,67.6794274745724
bhr,1999,67.5843813084699
bhr,2000,67.4057422804816
bhr,2001,68.5442886449554
bhr,2002,69.6091127228803
bhr,2003,70.5417028910597
bhr,2004,71.3518620277448
bhr,2005,72.0754683029529
bhr,2006,73.630602224091
bhr,2007,74.9341388234863
bhr,2008,75.9944912479028
bhr,2009,76.8689205074306
bhr,2010,77.608710718839
bhr,2011,77.5050478420426
bhr,2012,77.4051562162316
bhr,2013,77.2492399713854
bhr,2014,77.0372127444165
bhr,2015,76.8259765062634
bhr,2016,77.3655231547653
bhs,1970,54.4598887537348
bhs,1971,55.1083324226546
bhs,1972,55.3995467810773
bhs,1973,55.4973331570131
bhs,1974,55.6442768464443
bhs,1975,55.9587467307631
bhs,1976,56.2892038444392
bhs,1977,56.9389836183673
bhs,1978,57.7377141921365
bhs,1979,58.4273316766328
bhs,1980,58.8908245949654
bhs,1981,59.6236698917343
bhs,1982,59.9818408807173
bhs,1983,60.1482323579958
bhs,1984,60.3860617785797
bhs,1985,60.8137647164095
bhs,1986,61.0690374731842
bhs,1987,61.6254370503671
bhs,1988,62.3235411727166
bhs,1989,62.9059476114656
bhs,1990,63.248626802322
bhs,1991,63.6556166607945
bhs,1992,63.7453312992703
bhs,1993,63.6822598786717
bhs,1994,63.7238804617699
bhs,1995,63.9839371765126
bhs,1996,64.0269213150569
bhs,1997,64.3178729483918
bhs,1998,64.7448803695787
bhs,1999,65.1162236180562
bhs,2000,65.3425761187015
bhs,2001,65.9831428241543
bhs,2002,66.5257458184676
bhs,2003,67.0405959220386
bhs,2004,67.593310306766
bhs,2005,68.1836543163381
bhs,2006,68.4730369532204
bhs,2007,68.8041877964993
bhs,2008,69.2657366724409
bhs,2009,69.8604504362333
bhs,2010,70.5134245299752
bhs,2011,70.6370987101984
bhs,2012,70.849561470706
bhs,2013,71.0393913688898
bhs,2014,71.1007433883962
bhs,2015,71.0147400203703
bhs,2016,70.8584676100114
bih,1970,60.5507951412129
bih,1971,60.950782924275
bih,1972,61.2226838158254
bih,1973,61.4629527706039
bih,1974,61.8055853258428
bih,1975,62.3032579082649
bih,1976,62.7904249782312
bih,1977,63.4156257975566
bih,1978,64.1267452778421
bih,1979,64.8290490596472
bih,1980,65.4697591184383
bih,1981,66.1591408524454
bih,1982,66.7628613160591
bih,1983,67.2980887656896
bih,1984,67.8050384922494
bih,1985,68.2965895818202
bih,1986,68.610263906875
bih,1987,68.8746659330908
bih,1988,69.0731215406375
bih,1989,69.1923917816615
bih,1990,69.2550245081016
bih,1991,69.2921109259006
bih,1992,69.2547380916098
bih,1993,69.1631529264073
bih,1994,69.0149908225656
bih,1995,68.7814539694962
bih,1996,68.7100073061477
bih,1997,68.605178882703
bih,1998,68.4805298514726
bih,1999,68.378380247707
bih,2000,68.3337112054936
bih,2001,68.2410022687233
bih,2002,68.2594475829935
bih,2003,68.3791506614942
bih,2004,68.568558800218
bih,2005,68.8060917142003
bih,2006,69.1722750397675
bih,2007,69.4941176470588
bih,2008,69.7792724464004
bih,2009,70.0563263216587
bih,2010,70.326301072195
bih,2011,70.2337982008016
bih,2012,70.2121045995285
bih,2013,70.1997975588898
bih,2014,70.084060524924
bih,2015,69.8052099556528
bih,2016,69.6459524751935
blr,1970,62.4274934645958
blr,1971,62.9665311342628
blr,1972,63.4703305483938
blr,1973,63.9324421031436
blr,1974,64.3566543653632
blr,1975,64.7547830809529
blr,1976,65.0197239962424
blr,1977,65.3645700132829
blr,1978,65.757683064414
blr,1979,66.1362041943663
blr,1980,66.4560767158597
blr,1981,66.7401287287074
blr,1982,66.9455405098257
blr,1983,67.0753264248115
blr,1984,67.1533560346408
blr,1985,67.1875429578953
blr,1986,67.0263850653854
blr,1987,66.8666706369524
blr,1988,66.7135163668102
blr,1989,66.5538590025236
blr,1990,66.3861821936046
blr,1991,66.1411786034567
blr,1992,65.9397756420355
blr,1993,65.8099349934464
blr,1994,65.7863703763409
blr,1995,65.8874883310583
blr,1996,66.1989547606348
blr,1997,66.5687421132464
blr,1998,67.0003102742025
blr,1999,67.4785442137241
blr,2000,67.9741672940822
blr,2001,68.2773182229728
blr,2002,68.5782346969532
blr,2003,68.896476343971
blr,2004,69.2559147545361
blr,2005,69.6664453923866
blr,2006,69.9799363825311
blr,2007,70.3658246568264
blr,2008,70.7480364363037
blr,2009,71.0342423377695
blr,2010,71.1688954933411
blr,2011,71.0306489940328
blr,2012,70.7611914613276
blr,2013,70.3850509267846
blr,2014,69.9594437487737
blr,2015,69.5287215421159
blr,2016,68.9812977621829
blz,1970,48.5906270972811
blz,1971,48.2991834477895
blz,1972,48.0684231222965
blz,1973,47.9055485946757
blz,1974,47.8146633462039
blz,1975,47.7952874080744
blz,1976,47.8501187595729
blz,1977,48.0221039645519
blz,1978,48.3222394128018
blz,1979,48.6628215562082
blz,1980,48.9563317262669
blz,1981,49.5486765244026
blz,1982,49.9676567656766
blz,1983,50.2830152353326
blz,1984,50.618970108577
blz,1985,51.0401950024557
blz,1986,51.192441970183
blz,1987,51.4806103717302
blz,1988,51.8265299282794
blz,1989,52.1434138737335
blz,1990,52.4099982938065
blz,1991,52.5328840660088
blz,1992,52.5702846379884
blz,1993,52.5974617439883
blz,1994,52.6775885835557
blz,1995,52.8181365751366
blz,1996,53.3971994983059
blz,1997,54.0206492603991
blz,1998,54.5760886557468
blz,1999,55.0086601457582
blz,2000,55.3508683258193
blz,2001,55.7678128823769
blz,2002,56.1806365987049
blz,2003,56.6265373611266
blz,2004,57.1275929138792
blz,2005,57.6862929217692
blz,2006,58.2595865133604
blz,2007,58.8414480893545
blz,2008,59.418614145967
blz,2009,59.9718407665428
blz,2010,60.4885450610682
blz,2011,61.2183771173054
blz,2012,61.8830950903027
blz,2013,62.5182680043349
blz,2014,63.1520583234289
blz,2015,63.7833715570795
blz,2016,64.2423846040648
bol,1970,53.6453416036032
bol,1971,53.6576496367532
bol,1972,53.7053517360166
bol,1973,53.7733908595357
bol,1974,53.8567629669158
bol,1975,53.9546882900997
bol,1976,53.8794917724855
bol,1977,53.828637113066
bol,1978,53.8033224916183
bol,1979,53.8130336436024
bol,1980,53.865275982521
bol,1981,53.7801936025271
bol,1982,53.7585631433604
bol,1983,53.7821394774462
bol,1984,53.8338699097001
bol,1985,53.9097004773366
bol,1986,53.9259971728775
bol,1987,53.9779220546188
bol,1988,54.0599901073704
bol,1989,54.1693452640366
bol,1990,54.3048934664519
bol,1991,54.4473731290904
bol,1992,54.6214251370675
bol,1993,54.8243049564706
bol,1994,55.0534509273054
bol,1995,55.3055394983873
bol,1996,55.5210968192444
bol,1997,55.7686934900973
bol,1998,56.038321239273
bol,1999,56.3228914814551
bol,2000,56.6198357889526
bol,2001,56.8607906312987
bol,2002,57.1315601076809
bol,2003,57.4172173403765
bol,2004,57.7023801200324
bol,2005,57.9814230792285
bol,2006,58.2438486000827
bol,2007,58.5010830970347
bol,2008,58.7635750748319
bol,2009,59.0485070420919
bol,2010,59.3628286141838
bol,2011,59.6836106887809
bol,2012,60.0401367164228
bol,2013,60.4116780112505
bol,2014,60.7675002809558
bol,2015,61.0892980273117
bol,2016,61.3888725098233
bra,1970,54.3585579344938
bra,1971,54.6652081975987
bra,1972,54.9747603436417
bra,1973,55.3015901715466
bra,1974,55.6676885661641
bra,1975,56.0734805844324
bra,1976,56.4192080210587
bra,1977,56.7828228737591
bra,1978,57.1577369327288
bra,1979,57.5319116207545
bra,1980,57.8949565607017
bra,1981,58.1134752315125
bra,1982,58.3579470121337
bra,1983,58.6122710264779
bra,1984,58.8694362447711
bra,1985,59.1345616261401
bra,1986,59.3310000102239
bra,1987,59.5761053199168
bra,1988,59.8585215149988
bra,1989,60.1668751068267
bra,1990,60.4978348319001
bra,1991,60.867700027222
bra,1992,61.2282917013982
bra,1993,61.606548534569
bra,1994,62.0315191767518
bra,1995,62.5074693487748
bra,1996,62.937510936807
bra,1997,63.4019260621572
bra,1998,63.883725770791
bra,1999,64.3586230578702
bra,2000,64.8145136483624
bra,2001,65.1693419777264
bra,2002,65.5430173776256
bra,2003,65.920666026352
bra,2004,66.289581674434
bra,2005,66.6470157365425
bra,2006,67.0291911834869
bra,2007,67.3822426136309
bra,2008,67.7160034834666
bra,2009,68.0432239357036
bra,2010,68.3638397636492
bra,2011,68.6488346919347
bra,2012,68.9090444874814
bra,2013,69.1449211513865
bra,2014,69.3531017909607
bra,2015,69.5292975929339
bra,2016,69.6163989839485
brb,1970,54.6221864951768
brb,1971,55.6148061740996
brb,1972,56.4262076449319
brb,1973,57.1167522718293
brb,1974,57.814091003889
brb,1975,58.5715795377875
brb,1976,58.8670567886067
brb,1977,59.3237507235192
brb,1978,59.706357586229
brb,1979,59.8223563463215
brb,1980,59.6988826062476
brb,1981,60.4899636478584
brb,1982,61.0677550119957
brb,1983,61.5638186690136
brb,1984,62.1384599107342
brb,1985,62.8424844875823
brb,1986,63.351847812539
brb,1987,64.0186172174325
brb,1988,64.7444947723062
brb,1989,65.3743573140932
brb,1990,65.8364506440735
brb,1991,66.1682135680796
brb,1992,66.3198364507369
brb,1993,66.3634739574821
brb,1994,66.3981213188645
brb,1995,66.4695292479214
brb,1996,66.4972061577336
brb,1997,66.5504130064245
brb,1998,66.598619145363
brb,1999,66.5970058232499
brb,2000,66.5314048331091
brb,2001,66.8319264089255
brb,2002,67.0518421382211
brb,2003,67.2189614262942
brb,2004,67.3815687811023
brb,2005,67.5525256469678
brb,2006,67.6351353808005
brb,2007,67.723700887199
brb,2008,67.780786747392
brb,2009,67.7505655905483
brb,2010,67.6140773834009
brb,2011,67.5564235337721
brb,2012,67.3824955164515
brb,2013,67.1143220215993
brb,2014,66.8013479894843
brb,2015,66.4703378052685
brb,2016,66.2412805793766
brn,1970,53.4915845442689
brn,1971,54.152483680356
brn,1972,54.6514819846135
brn,1973,55.0585621970921
brn,1974,55.4867867112805
brn,1975,55.9896332675619
brn,1976,56.1667776298269
brn,1977,56.6048531523748
brn,1978,57.1580683780488
brn,1979,57.7087862898069
brn,1980,58.2318032059975
brn,1981,58.4306669665392
brn,1982,58.566521772879
brn,1983,58.6802805747257
brn,1984,58.8277344233298
brn,1985,59.0409421322691
brn,1986,59.9133228270093
brn,1987,60.7696257080573
brn,1988,61.5389964738319
brn,1989,62.1885859236464
brn,1990,62.725814865622
brn,1991,62.9633385159648
brn,1992,63.2242310092969
brn,1993,63.4968465063123
brn,1994,63.8072705293153
brn,1995,64.1871248216641
brn,1996,64.5745473401619
brn,1997,65.075407482422
brn,1998,65.653996278452
brn,1999,66.2844901299155
brn,2000,66.9551465756014
brn,2001,67.374462317379
brn,2002,67.8657814090127
brn,2003,68.3388560481509
brn,2004,68.7758502237687
brn,2005,69.2010034012674
brn,2006,69.4014854827819
brn,2007,69.6935421913014
brn,2008,70.0196702983768
brn,2009,70.334990567316
brn,2010,70.640556576151
brn,2011,71.0908015725369
brn,2012,71.4512642965068
brn,2013,71.7464926204537
brn,2014,72.0061014709597
brn,2015,72.2382419014135
brn,2016,72.2901445193244
btn,1970,54.6649189912203
btn,1971,54.3455184659782
btn,1972,54.1495700293984
btn,1973,54.0406686322766
btn,1974,53.9834131402625
btn,1975,53.956774919853
btn,1976,53.750536027998
btn,1977,53.6228584286036
btn,1978,53.5637182654184
btn,1979,53.5730642441934
btn,1980,53.6520094239097
btn,1981,53.4271373519197
btn,1982,53.3160886208096
btn,1983,53.2865448899732
btn,1984,53.2894736842105
btn,1985,53.2899665652064
btn,1986,53.2156404777286
btn,1987,53.1287654589888
btn,1988,53.0702356395946
btn,1989,53.1232968164494
btn,1990,53.352255807028
btn,1991,53.0144206788216
btn,1992,52.8072997507173
btn,1993,52.6906982567953
btn,1994,52.5662000027105
btn,1995,52.3610493379972
btn,1996,52.8102264280295
btn,1997,53.2710863653041
btn,1998,53.7682028202267
btn,1999,54.3735640121031
btn,2000,55.1224590872944
btn,2001,56.2969810040705
btn,2002,57.5721595846959
btn,2003,58.8719896572853
btn,2004,60.1177293754939
btn,2005,61.275373530966
btn,2006,62.1797961405951
btn,2007,63.0179719866425
btn,2008,63.7929952207718
btn,2009,64.5328346802751
btn,2010,65.2547066479212
btn,2011,65.8022173907172
btn,2012,66.3771453463432
btn,2013,66.9439357039117
btn,2014,67.4589927464557
btn,2015,67.9026551145182
btn,2016,68.2766228149894
bwa,1970,48.7089507286547
bwa,1971,48.9394536060525
bwa,1972,49.1974664629426
bwa,1973,49.459735176549
bwa,1974,49.7086403004667
bwa,1975,49.933158965417
bwa,1976,50.1541635824236
bwa,1977,50.3584378076208
bwa,1978,50.5444784035964
bwa,1979,50.7217636796983
bwa,1980,50.8971610874607
bwa,1981,50.8616646619742
bwa,1982,50.8621242525948
bwa,1983,50.9025727882005
bwa,1984,50.998443487838
bwa,1985,51.1668351394399
bwa,1986,51.3231877796888
bwa,1987,51.6062465495122
bwa,1988,51.9896022331847
bwa,1989,52.4385200623459
bwa,1990,52.9346576559316
bwa,1991,53.5356394403736
bwa,1992,54.1257822840944
bwa,1993,54.7379963644708
bwa,1994,55.4186224652915
bwa,1995,56.1790434480025
bwa,1996,56.7238133236911
bwa,1997,57.3721861098474
bwa,1998,58.0782511042899
bwa,1999,58.7763594927117
bwa,2000,59.4334448083132
bwa,2001,59.8975460629596
bwa,2002,60.3479979527549
bwa,2003,60.7821479223139
bwa,2004,61.2066166301323
bwa,2005,61.6215086116781
bwa,2006,62.0681145375478
bwa,2007,62.472693994089
bwa,2008,62.8414402129934
bwa,2009,63.1815431424701
bwa,2010,63.4920634920635
bwa,2011,63.7545525142358
bwa,2012,63.9880535007885
bwa,2013,64.1863522177752
bwa,2014,64.3489981660751
bwa,2015,64.4824341152011
bwa,2016,64.5535182601122
caf,1970,55.2900434131401
caf,1971,54.9057759366898
caf,1972,54.6232023393992
caf,1973,54.4214522513722
caf,1974,54.2773273480768
caf,1975,54.1750356404272
caf,1976,53.9596732940426
caf,1977,53.8227976215578
caf,1978,53.7422378273733
caf,1979,53.697846590717
caf,1980,53.6748718430087
caf,1981,53.5872510489829
caf,1982,53.5472729948686
caf,1983,53.5433901493501
caf,1984,53.5755862784477
caf,1985,53.6481221092144
caf,1986,53.3375083704674
caf,1987,53.1051696328891
caf,1988,52.9425967305824
caf,1989,52.8356914199622
caf,1990,52.7758879916184
caf,1991,52.7824697209337
caf,1992,52.8693487675427
caf,1993,53.0190914057554
caf,1994,53.2177667879559
caf,1995,53.4564137621254
caf,1996,53.4583146211633
caf,1997,53.5102545724587
caf,1998,53.611275968516
caf,1999,53.7631633060502
caf,2000,53.9626246276284
caf,2001,53.8634566070743
caf,2002,53.8442148299268
caf,2003,53.8866529454387
caf,2004,53.9693605679456
caf,2005,54.0823564467249
caf,2006,53.9261661428383
caf,2007,53.820361102016
caf,2008,53.7683648817389
caf,2009,53.7798434686654
caf,2010,53.8628196986642
caf,2011,53.4947308548211
caf,2012,53.1771666589465
caf,2013,52.9245255134118
caf,2014,52.7410909174663
caf,2015,52.6217637095533
caf,2016,52.8398098559163
can,1970,61.867606916544
can,1971,62.6321937231649
can,1972,63.3227851986224
can,1973,63.9753834591752
can,1974,64.6445668417681
can,1975,65.3438134022715
can,1976,65.8354843711385
can,1977,66.3890862570319
can,1978,66.9505251127234
can,1979,67.4418045240624
can,1980,67.8251121898625
can,1981,68.1030508521613
can,1982,68.2962961306417
can,1983,68.4062554848748
can,1984,68.4560998414144
can,1985,68.4586531418146
can,1986,68.4150193375478
can,1987,68.3479598578324
can,1988,68.260779471692
can,1989,68.1582773082766
can,1990,68.047668192461
can,1991,67.9222129203741
can,1992,67.7961552757065
can,1993,67.69412380901
can,1994,67.6443871995868
can,1995,67.6570733390265
can,1996,67.6564266204742
can,1997,67.7477422947081
can,1998,67.9051892340328
can,1999,68.0870656760891
can,2000,68.2675948966697
can,2001,68.4889236110081
can,2002,68.685962266269
can,2003,68.8679417092668
can,2004,69.0461800914865
can,2005,69.2107031780867
can,2006,69.3321033111993
can,2007,69.4282713846897
can,2008,69.4763539383919
can,2009,69.4533778520526
can,2010,69.3499963182645
can,2011,69.1172710943708
can,2012,68.8683738623618
can,2013,68.5820323895608
can,2014,68.2492504927997
can,2015,67.874374170873
can,2016,67.4563931451634
che,1970,65.0302673308957
che,1971,64.8842466650647
che,1972,64.8002486714371
che,1973,64.778535233744
che,1974,64.8275162740878
che,1975,64.9578953413093
che,1976,65.0722947871281
che,1977,65.2360341078421
che,1978,65.4751575368957
che,1979,65.7984989865281
che,1980,66.1822987145461
che,1981,66.6075405790578
che,1982,67.0723142046705
che,1983,67.5273145530998
che,1984,67.9187682774882
che,1985,68.2195661117086
che,1986,68.3253809697007
che,1987,68.405005045248
che,1988,68.449618442102
che,1989,68.4476643922072
che,1990,68.3921382974101
che,1991,68.2835615538129
che,1992,68.1201301292841
che,1993,67.9321783040223
che,1994,67.7710783229997
che,1995,67.6699306478213
che,1996,67.4721607868834
che,1997,67.3406549709417
che,1998,67.272839964768
che,1999,67.2483043971364
che,2000,67.2531305591405
che,2001,67.3498702220075
che,2002,67.4757182374059
che,2003,67.6199307916339
che,2004,67.7669064344781
che,2005,67.8981224532098
che,2006,68.0040933476818
che,2007,68.0830458028575
che,2008,68.1227572754941
che,2009,68.1124122917954
che,2010,68.0443658435405
che,2011,67.9412101829146
che,2012,67.8050019485362
che,2013,67.6274248789513
che,2014,67.4237319811136
che,2015,67.218645133056
che,2016,66.9424032334258
chi,1970,64.4174360751504
chi,1971,64.3967552465833
chi,1972,64.5218179170644
chi,1973,64.7528562838244
chi,1974,65.0626183542591
chi,1975,65.4305264406914
chi,1976,65.5419142330302
chi,1977,65.7289103103402
chi,1978,65.9886961299945
chi,1979,66.3252200607712
chi,1980,66.7129441861916
chi,1981,67.0928276257743
chi,1982,67.5378330345671
chi,1983,67.9755405776328
chi,1984,68.3570776048863
chi,1985,68.6633086213081
chi,1986,68.8330991643866
chi,1987,68.9882676497264
chi,1988,69.0969483381215
chi,1989,69.1815380204974
chi,1990,69.2786715101194
chi,1991,69.087646925859
chi,1992,68.9578090511606
chi,1993,68.8416807287546
chi,1994,68.717569603303
chi,1995,68.5885064493287
chi,1996,68.5187358885306
chi,1997,68.4548605153897
chi,1998,68.4191148897873
chi,1999,68.4251152775803
chi,2000,68.4982349974786
chi,2001,68.5145500791092
chi,2002,68.5787370527697
chi,2003,68.678225180547
chi,2004,68.7863158581968
chi,2005,68.863986934035
chi,2006,68.7602550656002
chi,2007,68.7265594551251
chi,2008,68.7563856048635
chi,2009,68.8253059525986
chi,2010,68.8772472913442
chi,2011,68.7595406767728
chi,2012,68.6163685717473
chi,2013,68.43938833395
chi,2014,68.235063110162
chi,2015,68.0040059111616
chi,2016,67.735093380981
chl,1970,56.3040047093931
chl,1971,56.5683641435789
chl,1972,56.9074728512547
chl,1973,57.3030601819776
chl,1974,57.7366871282284
chl,1975,58.1988329490374
chl,1976,58.6901268799102
chl,1977,59.1738998825886
chl,1978,59.6616454649223
chl,1979,60.1667966132426
chl,1980,60.6860274239129
chl,1981,61.1658442275051
chl,1982,61.6401953333363
chl,1983,62.0953836623823
chl,1984,62.5074651721249
chl,1985,62.8603513595076
chl,1986,63.1134676797069
chl,1987,63.3274509702723
chl,1988,63.5011954461796
chl,1989,63.6457638638158
chl,1990,63.7744058132029
chl,1991,63.8396390821181
chl,1992,63.933398449115
chl,1993,64.04603207395
chl,1994,64.1682448763568
chl,1995,64.301250932651
chl,1996,64.4911450861667
chl,1997,64.6712467339715
chl,1998,64.8671364576367
chl,1999,65.1111842765036
chl,2000,65.412755784441
chl,2001,65.7362471883239
chl,2002,66.1105114142772
chl,2003,66.5101494714214
chl,2004,66.8909634276876
chl,2005,67.224375898925
chl,2006,67.5047574135749
chl,2007,67.7410382576385
chl,2008,67.9406098040673
chl,2009,68.1231439521287
chl,2010,68.2979181155174
chl,2011,68.4155585405236
chl,2012,68.5474991949622
chl,2013,68.6669493217138
chl,2014,68.7378099828328
chl,2015,68.7424662977396
chl,2016,68.7031267989499
chn,1970,55.8814249991377
chn,1971,55.8136293301946
chn,1972,55.7615481206575
chn,1973,55.7447285926806
chn,1974,55.8460371362874
chn,1975,56.1216959122415
chn,1976,56.5924946358462
chn,1977,57.1886095344048
chn,1978,57.9094636949656
chn,1979,58.7253186604765
chn,1980,59.5967628036503
chn,1981,60.5781386826616
chn,1982,61.5076508877648
chn,1983,62.3957828164231
chn,1984,63.2321932229451
chn,1985,63.9809309047169
chn,1986,64.4423409693317
chn,1987,64.8180134692594
chn,1988,65.106275237708
chn,1989,65.3467919709492
chn,1990,65.5868651259777
chn,1991,65.5328332913109
chn,1992,65.7110561969849
chn,1993,66.0017220210602
chn,1994,66.2558922315203
chn,1995,66.4235549577445
chn,1996,66.9569341229923
chn,1997,67.2408186762589
chn,1998,67.4515895192364
chn,1999,67.8296060917899
chn,2000,68.4625742023468
chn,2001,69.0651030040569
chn,2002,69.8854987241075
chn,2003,70.8254308998727
chn,2004,71.7024883628554
chn,2005,72.4134661831714
chn,2006,72.9013844679579
chn,2007,73.2913667074869
chn,2008,73.5570733014317
chn,2009,73.706685826964
chn,2010,73.7515311047533
chn,2011,73.7059900266319
chn,2012,73.5597493353795
chn,2013,73.3217109544214
chn,2014,73.0094910994939
chn,2015,72.6382619611355
chn,2016,72.1765545818009
civ,1970,52.4656764703919
civ,1971,52.350101417361
civ,1972,52.3074257649224
civ,1973,52.3109609099777
civ,1974,52.3403454910141
civ,1975,52.3758025327266
civ,1976,52.1815888008953
civ,1977,52.0492002293336
civ,1978,51.9676996074567
civ,1979,51.9368804651311
civ,1980,51.9527109514178
civ,1981,51.7739553190844
civ,1982,51.7149976565799
civ,1983,51.7409645202434
civ,1984,51.8189446324084
civ,1985,51.9316202461263
civ,1986,51.8790817594322
civ,1987,51.8750911439936
civ,1988,51.9272145416858
civ,1989,52.0474408710084
civ,1990,52.2315983838606
civ,1991,52.3360960905768
civ,1992,52.519000390412
civ,1993,52.757116029084
civ,1994,53.0189239109203
civ,1995,53.2829303986983
civ,1996,53.3028227807354
civ,1997,53.3435741816676
civ,1998,53.409828618396
civ,1999,53.5121737216885
civ,2000,53.6538175841026
civ,2001,53.4523283595123
civ,2002,53.3067856957155
civ,2003,53.2102104403696
civ,2004,53.146356503245
civ,2005,53.1055415041952
civ,2006,53.1063532133458
civ,2007,53.129704215265
civ,2008,53.1855238792355
civ,2009,53.2822380969531
civ,2010,53.4136816857684
civ,2011,53.5680612746085
civ,2012,53.7575910062855
civ,2013,53.9714176872294
civ,2014,54.1939386676786
civ,2015,54.4124120365899
civ,2016,54.5129015675653
cmr,1970,54.1597684306797
cmr,1971,53.7887901077153
cmr,1972,53.4725539283934
cmr,1973,53.2023256370596
cmr,1974,52.9770480757514
cmr,1975,52.793722498653
cmr,1976,52.4581244144785
cmr,1977,52.1946797661985
cmr,1978,51.985311471341
cmr,1979,51.8099281097595
cmr,1980,51.6562907487903
cmr,1981,51.3668555814827
cmr,1982,51.1218131746826
cmr,1983,50.9198144246222
cmr,1984,50.7647145226935
cmr,1985,50.6568492430316
cmr,1986,50.4068555115111
cmr,1987,50.2470486451637
cmr,1988,50.1575941660381
cmr,1989,50.121630367494
cmr,1990,50.1355757955166
cmr,1991,50.0527372764946
cmr,1992,50.0416272763544
cmr,1993,50.1016977899551
cmr,1994,50.2380992336949
cmr,1995,50.4512891098532
cmr,1996,50.5655902868075
cmr,1997,50.7662496206432
cmr,1998,51.0352137938537
cmr,1999,51.343868955259
cmr,2000,51.6682276832999
cmr,2001,51.8480656526795
cmr,2002,52.0455849049847
cmr,2003,52.2551169559657
cmr,2004,52.4758269625577
cmr,2005,52.7037256336464
cmr,2006,52.7812803464129
cmr,2007,52.8996315326629
cmr,2008,53.0389155174631
cmr,2009,53.180399825221
cmr,2010,53.3185231512789
cmr,2011,53.3548221439816
cmr,2012,53.4176331015331
cmr,2013,53.5079492872898
cmr,2014,53.634260291771
cmr,2015,53.8015115884624
cmr,2016,53.9314436177805
cod,1970,53.2579890939176
cod,1971,53.0396469558109
cod,1972,52.9029826506832
cod,1973,52.831434058152
cod,1974,52.805146357716
cod,1975,52.8106913540066
cod,1976,52.6345966697923
cod,1977,52.5261644990937
cod,1978,52.4718213896365
cod,1979,52.4650996006373
cod,1980,52.505131184482
cod,1981,52.345027646254
cod,1982,52.2496190741556
cod,1983,52.2064415982664
cod,1984,52.2006715731491
cod,1985,52.2186899061106
cod,1986,52.0692942773836
cod,1987,51.9948209033714
cod,1988,51.9682558547678
cod,1989,51.9561448480538
cod,1990,51.9325136421556
cod,1991,51.7850831794391
cod,1992,51.6704092660482
cod,1993,51.5847142145866
cod,1994,51.5512343899062
cod,1995,51.5987164456056
cod,1996,51.4621698522236
cod,1997,51.4044831153426
cod,1998,51.4149487397885
cod,1999,51.4597907603722
cod,2000,51.5061850434699
cod,2001,51.4057718900918
cod,2002,51.3383101883716
cod,2003,51.2920803144843
cod,2004,51.2651445386664
cod,2005,51.2551369391393
cod,2006,51.1059342064398
cod,2007,51.008862711525
cod,2008,50.9462777179061
cod,2009,50.9016144754395
cod,2010,50.8683744031978
cod,2011,50.7345541569285
cod,2012,50.6440265124231
cod,2013,50.5948697398802
cod,2014,50.5919968378872
cod,2015,50.6382153255383
cod,2016,50.6338111286692
cog,1970,52.7134140086693
cog,1971,52.4772810158654
cog,1972,52.2839427018486
cog,1973,52.1295788167083
cog,1974,52.0155053834536
cog,1975,51.9410530181964
cog,1976,51.7007633364083
cog,1977,51.5234885480432
cog,1978,51.4035777913587
cog,1979,51.3363612811386
cog,1980,51.3193672602565
cog,1981,51.2531430175924
cog,1982,51.2679665538298
cog,1983,51.3469525897574
cog,1984,51.4745673873815
cog,1985,51.6432697143018
cog,1986,51.7509229696268
cog,1987,51.9018329623777
cog,1988,52.0947516341114
cog,1989,52.3315710936552
cog,1990,52.6076058705398
cog,1991,52.8406489904186
cog,1992,53.1176720533481
cog,1993,53.4185486389124
cog,1994,53.7177084125345
cog,1995,53.9984388703423
cog,1996,54.1923130623481
cog,1997,54.3750316458901
cog,1998,54.545567866718
cog,1999,54.7115367446938
cog,2000,54.8763736050819
cog,2001,54.873716978617
cog,2002,54.9094265639033
cog,2003,54.9587311303665
cog,2004,54.9911397752118
cog,2005,54.9912418311552
cog,2006,54.9937343276862
cog,2007,54.9787412549425
cog,2008,54.9567907159268
cog,2009,54.9564709599522
cog,2010,54.9952777639101
cog,2011,54.7091006995765
cog,2012,54.498017962331
cog,2013,54.3511765917911
cog,2014,54.2550236589223
cog,2015,54.2062811471104
cog,2016,54.2339851508666
col,1970,50.6767057027457
col,1971,50.9717014684159
col,1972,51.3979878776348
col,1973,51.9116261105196
col,1974,52.4485665309031
col,1975,52.9714759554813
col,1976,53.5920405019767
col,1977,54.0963763659603
col,1978,54.5551371159625
col,1979,55.0646076391727
col,1980,55.6557706243083
col,1981,56.0863583583742
col,1982,56.6427472310245
col,1983,57.2419550394525
col,1984,57.7708873707969
col,1985,58.185339669353
col,1986,58.5153459879224
col,1987,58.7715412464143
col,1988,58.984128688132
col,1989,59.210382779861
col,1990,59.4812492513838
col,1991,59.7929487513248
col,1992,60.1129085718081
col,1993,60.4579870992725
col,1994,60.8440004011565
col,1995,61.2764812071756
col,1996,61.6991288978186
col,1997,62.1903361307245
col,1998,62.7200645194474
col,1999,63.2405976009762
col,2000,63.72570726858
col,2001,64.2211677310074
col,2002,64.6534267095036
col,2003,65.0491596502394
col,2004,65.4524864536258
col,2005,65.8815624601918
col,2006,66.2411674204887
col,2007,66.6471464783931
col,2008,67.0636092157544
col,2009,67.4376804161495
col,2010,67.7447042284875
col,2011,68.0228969790232
col,2012,68.2339218209325
col,2013,68.3954121942596
col,2014,68.537746900307
col,2015,68.674225223211
col,2016,68.7790882692129
com,1970,52.3790066679997
com,1971,52.2451032201974
com,1972,52.1963759483353
com,1973,52.209182336369
com,1974,52.2398682148226
com,1975,52.2484356173967
com,1976,52.1528239952172
com,1977,52.0909749909388
com,1978,52.0423257533998
com,1979,52.0042226010012
com,1980,51.9931520422052
com,1981,51.8088449210657
com,1982,51.640637903507
com,1983,51.4965962106065
com,1984,51.3868224369402
com,1985,51.3121346777848
com,1986,51.1056430446194
com,1987,50.9796789626554
com,1988,50.9138758077446
com,1989,50.8915702446251
com,1990,50.9081765040307
com,1991,50.8931941718255
com,1992,50.940318205147
com,1993,51.0456870417607
com,1994,51.2145315471027
com,1995,51.4463792138731
com,1996,51.6694738522431
com,1997,51.9381296655265
com,1998,52.2500654850258
com,1999,52.602449096905
com,2000,52.9876077933907
com,2001,53.2968871427338
com,2002,53.643769129327
com,2003,54.0106410887312
com,2004,54.3780599703966
com,2005,54.73139674998
com,2006,54.9912599273656
com,2007,55.2484336523176
com,2008,55.5005941612437
com,2009,55.7526750756032
com,2010,56.0058692865801
com,2011,56.1824818241389
com,2012,56.3711892223444
com,2013,56.5656102494943
com,2014,56.763433567953
com,2015,56.9647965588919
com,2016,57.0987215953725
cpv,1970,47.472964270646
cpv,1971,47.4651271832142
cpv,1972,47.2397323598306
cpv,1973,46.9485906851523
cpv,1974,46.7821309476591
cpv,1975,46.8121267293878
cpv,1976,46.6567026734685
cpv,1977,46.7575888340519
cpv,1978,47.0554891852235
cpv,1979,47.4167448612857
cpv,1980,47.7448658152426
cpv,1981,48.4574865741662
cpv,1982,49.05696553812
cpv,1983,49.535217953113
cpv,1984,49.9086933616034
cpv,1985,50.1918627348295
cpv,1986,50.1641248910779
cpv,1987,50.084181561314
cpv,1988,49.9740650527344
cpv,1989,49.8359110220058
cpv,1990,49.6596788959966
cpv,1991,49.6416467105226
cpv,1992,49.6549611518004
cpv,1993,49.7157289425333
cpv,1994,49.8433362520968
cpv,1995,50.0546094205748
cpv,1996,50.2744669272995
cpv,1997,50.5542965639738
cpv,1998,50.9061326598343
cpv,1999,51.3487455575495
cpv,2000,51.8887374476819
cpv,2001,52.6219473717423
cpv,2002,53.4250817286212
cpv,2003,54.2969963946304
cpv,2004,55.2189178555544
cpv,2005,56.1688865850344
cpv,2006,57.0763007102819
cpv,2007,57.9701832504862
cpv,2008,58.8512231479918
cpv,2009,59.7173230200236
cpv,2010,60.5614430395872
cpv,2011,61.3749761350373
cpv,2012,62.2072108004412
cpv,2013,63.0133088255087
cpv,2014,63.7402006317945
cpv,2015,64.3621003803623
cpv,2016,64.9026984950701
cri,1970,52.951917553787
cri,1971,53.4027265639816
cri,1972,53.972321175441
cri,1973,54.6351910040521
cri,1974,55.3339884042668
cri,1975,56.0211251321274
cri,1976,56.7390984045063
cri,1977,57.3658856968146
cri,1978,57.9318086943782
cri,1979,58.4790330011897
cri,1980,59.0141086757265
cri,1981,59.3122447923479
cri,1982,59.6654011156734
cri,1983,60.0050966628442
cri,1984,60.2493212787068
cri,1985,60.3725030061537
cri,1986,60.3985525097234
cri,1987,60.3452183700988
cri,1988,60.2500817610255
cri,1989,60.1788367166784
cri,1990,60.1687018228389
cri,1991,60.2614457706126
cri,1992,60.4221809222261
cri,1993,60.6507804240881
cri,1994,60.936979119535
cri,1995,61.2711860061989
cri,1996,61.6330046275341
cri,1997,62.0428351288788
cri,1998,62.5000497694282
cri,1999,63.0067167733297
cri,2000,63.5588900412005
cri,2001,64.0273288767659
cri,2002,64.5512014656414
cri,2003,65.102226845511
cri,2004,65.6366147142682
cri,2005,66.1265569968367
cri,2006,66.6042284685692
cri,2007,67.000910179246
cri,2008,67.3389008440666
cri,2009,67.6552376721239
cri,2010,67.9631837862574
cri,2011,68.1435217327606
cri,2012,68.3487025050052
cri,2013,68.5487488210205
cri,2014,68.7014077550012
cri,2015,68.7903038612669
cri,2016,68.8702757966711
cub,1970,56.5610835326134
cub,1971,56.5055923019278
cub,1972,56.1558729349717
cub,1973,55.7312120724686
cub,1974,55.5731584768533
cub,1975,55.84085805687
cub,1976,56.264297189382
cub,1977,57.1396662888648
cub,1978,58.3160683864888
cub,1979,59.5105903578599
cub,1980,60.5589202919276
cub,1981,61.7579770893242
cub,1982,62.6750784308451
cub,1983,63.4150327895811
cub,1984,64.1591608874421
cub,1985,64.9712600103005
cub,1986,65.5895056759448
cub,1987,66.3096701155949
cub,1988,67.0281018017355
cub,1989,67.6022306374791
cub,1990,67.9820254636115
cub,1991,68.1617392274737
cub,1992,68.2700566448745
cub,1993,68.3003501438513
cub,1994,68.2762910939825
cub,1995,68.2245522046814
cub,1996,68.3167302435213
cub,1997,68.2893736080762
cub,1998,68.2285684950159
cub,1999,68.2383102652348
cub,2000,68.3589047395616
cub,2001,68.4900034344841
cub,2002,68.7576517663847
cub,2003,69.1002086726543
cub,2004,69.4125672620457
cub,2005,69.6417299399437
cub,2006,69.8646265529403
cub,2007,70.0009120917803
cub,2008,70.0679077546691
cub,2009,70.1072888683603
cub,2010,70.1334795016805
cub,2011,70.1458283482249
cub,2012,70.1339360784864
cub,2013,70.0842004853241
cub,2014,69.9780249020806
cub,2015,69.8065302834759
cub,2016,69.532777238584
cuw,1970,55.0743203258259
cuw,1971,55.332797062888
cuw,1972,55.8632453076369
cuw,1973,56.5775573782625
cuw,1974,57.3072966075651
cuw,1975,57.9736187091536
cuw,1976,59.1045233087511
cuw,1977,60.1580346527379
cuw,1978,61.151769887737
cuw,1979,62.0912211603957
cuw,1980,62.943342680496
cuw,1981,63.7189876321631
cuw,1982,64.3230094145001
cuw,1983,64.8391539202054
cuw,1984,65.3172108879774
cuw,1985,65.7549459684123
cuw,1986,65.8480997474327
cuw,1987,65.8048055287689
cuw,1988,65.6711085946926
cuw,1989,65.4770545738222
cuw,1990,65.2426469585612
cuw,1991,65.1171378164362
cuw,1992,64.9702772298926
cuw,1993,64.832398018688
cuw,1994,64.7083953475553
cuw,1995,64.6025325604993
cuw,1996,64.6382262415394
cuw,1997,64.6602373036799
cuw,1998,64.7167537163519
cuw,1999,64.7887009351361
cuw,2000,64.8253987479277
cuw,2001,65.459695557722
cuw,2002,65.8916955178463
cuw,2003,66.220090460976
cuw,2004,66.5251591959046
cuw,2005,66.7846489126571
cuw,2006,66.8614787525962
cuw,2007,66.9939437752189
cuw,2008,67.1169979187974
cuw,2009,67.1166479174479
cuw,2010,66.9584363673317
cuw,2011,67.1259921030591
cuw,2012,67.0401457223544
cuw,2013,66.7843996267109
cuw,2014,66.4792023779717
cuw,2015,66.1825792128649
cyp,1970,58.9648985285706
cyp,1971,59.8491767051778
cyp,1972,60.7146155585492
cyp,1973,61.4550842293709
cyp,1974,62.0525921670644
cyp,1975,62.5646589868489
cyp,1976,63.178025775093
cyp,1977,63.8115901960549
cyp,1978,64.4382258622713
cyp,1979,65.0533594309504
cyp,1980,65.6586023466383
cyp,1981,65.5356492491726
cyp,1982,65.4609933179317
cyp,1983,65.390295313056
cyp,1984,65.3100039127612
cyp,1985,65.2248798116208
cyp,1986,65.0813304302293
cyp,1987,65.0192153501617
cyp,1988,64.9313829722232
cyp,1989,64.7798264815377
cyp,1990,64.6030466440738
cyp,1991,64.7201163537553
cyp,1992,64.8622486132432
cyp,1993,65.0189129539994
cyp,1994,65.2223722091481
cyp,1995,65.4911712166699
cyp,1996,65.6694408093215
cyp,1997,66.0168628084633
cyp,1998,66.4539828150861
cyp,1999,66.913341612224
cyp,2000,67.3709776250257
cyp,2001,67.7347904053184
cyp,2002,68.112093972564
cyp,2003,68.4848368950937
cyp,2004,68.8590770083431
cyp,2005,69.2369445866232
cyp,2006,69.5418212564407
cyp,2007,69.872296260642
cyp,2008,70.195078788753
cyp,2009,70.4903850006739
cyp,2010,70.746364169918
cyp,2011,70.7173941066912
cyp,2012,70.6636289471412
cyp,2013,70.5638449649269
cyp,2014,70.4260749503822
cyp,2015,70.2717950705651
cyp,2016,70.0046576220489
cze,1970,66.6516803073433
cze,1971,66.512290672875
cze,1972,66.2119565277831
cze,1973,65.8000562214821
cze,1974,65.364289412238
cze,1975,64.9539569642698
cze,1976,64.3274104249778
cze,1977,63.7796332311563
cze,1978,63.3430474138002
cze,1979,63.0783872336985
cze,1980,63.033570190596
cze,1981,63.1174126095269
cze,1982,63.4743025702784
cze,1983,63.9792986628656
cze,1984,64.4489214037379
cze,1985,64.7791532003984
cze,1986,65.1016584026691
cze,1987,65.1983029768782
cze,1988,65.2241483697706
cze,1989,65.3843735155285
cze,1990,65.7655725382691
cze,1991,65.973054340735
cze,1992,66.4337558259101
cze,1993,67.0381964542428
cze,1994,67.6290255550445
cze,1995,68.1349035029931
cze,1996,68.4928752716034
cze,1997,68.8153020435179
cze,1998,69.1127649879576
cze,1999,69.427112314434
cze,2000,69.7757754096032
cze,2001,70.1865526183688
cze,2002,70.5250136089569
cze,2003,70.8084955607705
cze,2004,71.0473404263631
cze,2005,71.2246699608196
cze,2006,71.1624786566466
cze,2007,71.0920278168887
cze,2008,70.960295262934
cze,2009,70.7070334309318
cze,2010,70.3197027871111
cze,2011,69.7127039569144
cze,2012,69.0429692573409
cze,2013,68.3238565437986
cze,2014,67.5907291259181
cze,2015,66.874737475247
cze,2016,66.2458968082679
deu,1970,63.0686509245977
deu,1971,62.9258007909161
deu,1972,62.9266892793587
deu,1973,63.0435175055692
deu,1974,63.235931270767
deu,1975,63.4822811582175
deu,1976,63.8406405949979
deu,1977,64.1516945717672
deu,1978,64.5075308014852
deu,1979,65.0327893057673
deu,1980,65.7671181529144
deu,1981,66.3935756991031
deu,1982,67.2468935984069
deu,1983,68.1782111549442
deu,1984,68.9641759502327
deu,1985,69.4795547217715
deu,1986,69.6965241689417
deu,1987,69.6946512191559
deu,1988,69.5266944641779
deu,1989,69.3132404106378
deu,1990,69.131366606518
deu,1991,68.8696437230626
deu,1992,68.6547013118943
deu,1993,68.4861099506001
deu,1994,68.3548034430942
deu,1995,68.2590321460436
deu,1996,68.1851315502501
deu,1997,68.1171119962332
deu,1998,68.048306271156
deu,1999,67.9628073632122
deu,2000,67.8446088533275
deu,2001,67.6123684885205
deu,2002,67.380216073476
deu,2003,67.1480567259006
deu,2004,66.9247995662619
deu,2005,66.7260751808893
deu,2006,66.5178699925422
deu,2007,66.3270356577584
deu,2008,66.1555053519407
deu,2009,66.0124251268551
deu,2010,65.8950017606203
deu,2011,65.8610721973638
deu,2012,65.8692075817318
deu,2013,65.8798344023014
deu,2014,65.8508907755905
deu,2015,65.7636764592908
deu,2016,65.640928159976
dji,1970,52.1874745551456
dji,1971,51.7635736721536
dji,1972,51.4562781770299
dji,1973,51.2158389656186
dji,1974,50.9584220761182
dji,1975,50.6171297556014
dji,1976,50.2526593604661
dji,1977,50.0935205907474
dji,1978,50.1535674398068
dji,1979,50.5062707350819
dji,1980,51.1809115221752
dji,1981,51.2502100352859
dji,1982,51.5725294662718
dji,1983,52.0276687269237
dji,1984,52.363570983481
dji,1985,52.3917267564666
dji,1986,52.5606291032901
dji,1987,52.4118450839231
dji,1988,52.1437658672323
dji,1989,52.0804662117106
dji,1990,52.4017696536912
dji,1991,52.3104784755225
dji,1992,52.6015601882111
dji,1993,53.1482065336017
dji,1994,53.6828811342522
dji,1995,54.0341821227561
dji,1996,54.5466550253075
dji,1997,54.864566769498
dji,1998,55.0973241729502
dji,1999,55.450157763402
dji,2000,56.0165778501193
dji,2001,56.3619216853575
dji,2002,56.8985595420124
dji,2003,57.5591044205559
dji,2004,58.221710744831
dji,2005,58.8238298176582
dji,2006,59.3828497076141
dji,2007,59.9346183972859
dji,2008,60.4698554197542
dji,2009,60.9919458916878
dji,2010,61.5007296045567
dji,2011,62.0165208323469
dji,2012,62.4876728496286
dji,2013,62.9374988847849
dji,2014,63.4019759604633
dji,2015,63.8921776035298
dji,2016,64.270061644875
dnk,1970,64.4130148982782
dnk,1971,64.287263274619
dnk,1972,64.1552848125235
dnk,1973,64.0423794079942
dnk,1974,63.9840687711138
dnk,1975,63.99742115369
dnk,1976,64.0049223943556
dnk,1977,64.0926850753721
dnk,1978,64.2526258931559
dnk,1979,64.4709689380541
dnk,1980,64.7395317475109
dnk,1981,65.0313211056216
dnk,1982,65.3828774889238
dnk,1983,65.7691303258238
dnk,1984,66.1476668169125
dnk,1985,66.4844826497294
dnk,1986,66.7594131923216
dnk,1987,66.9587165205245
dnk,1988,67.1060730616517
dnk,1989,67.2389720723356
dnk,1990,67.3697242718749
dnk,1991,67.3761781975546
dnk,1992,67.4103622634942
dnk,1993,67.441148105608
dnk,1994,67.4376081057173
dnk,1995,67.3940662418512
dnk,1996,67.2359872575102
dnk,1997,67.0847456406764
dnk,1998,66.9359115640599
dnk,1999,66.7969177195424
dnk,2000,66.6767767656445
dnk,2001,66.5599054284926
dnk,2002,66.4428665792759
dnk,2003,66.3312646371762
dnk,2004,66.2257316212951
dnk,2005,66.1193477620127
dnk,2006,65.9768018054836
dnk,2007,65.836495606821
dnk,2008,65.6919001163194
dnk,2009,65.5403372184697
dnk,2010,65.3825742001035
dnk,2011,65.1571332537924
dnk,2012,64.941860672363
dnk,2013,64.6884778274995
dnk,2014,64.3967581428673
dnk,2015,64.109395915935
dnk,2016,63.9748103510759
dom,1970,49.5727623151446
dom,1971,49.9491698973508
dom,1972,50.3685345216971
dom,1973,50.81989006503
dom,1974,51.2961221227806
dom,1975,51.7922847569921
dom,1976,52.2746033071608
dom,1977,52.7748382489216
dom,1978,53.2769720017094
dom,1979,53.760977714493
dom,1980,54.2166665031349
dom,1981,54.6436152824109
dom,1982,55.0235407529751
dom,1983,55.3678708938919
dom,1984,55.6966684782917
dom,1985,56.0217086031806
dom,1986,56.304555226542
dom,1987,56.5991103127092
dom,1988,56.8896599836948
dom,1989,57.1525629151588
dom,1990,57.3801440967241
dom,1991,57.6261920148214
dom,1992,57.8244829552613
dom,1993,57.9997149037669
dom,1994,58.1897683647678
dom,1995,58.414849280126
dom,1996,58.652082739401
dom,1997,58.9397623952162
dom,1998,59.2543490379835
dom,1999,59.5544702692288
dom,2000,59.8189666669859
dom,2001,60.1283573447136
dom,2002,60.3729499217926
dom,2003,60.5861329919623
dom,2004,60.816557358356
dom,2005,61.0845324406884
dom,2006,61.3425852316926
dom,2007,61.6468369809076
dom,2008,61.9668822354958
dom,2009,62.2561390239193
dom,2010,62.4936489598641
dom,2011,62.738200844811
dom,2012,62.9303246200129
dom,2013,63.0864435767631
dom,2014,63.2344959236367
dom,2015,63.388480712253
dom,2016,63.5542663951241
dza,1970,49.6252723533155
dza,1971,49.6124125833575
dza,1972,49.5762495551012
dza,1973,49.545152788826
dza,1974,49.5711822771221
dza,1975,49.6736957510396
dza,1976,49.6822411834995
dza,1977,49.7807088948312
dza,1978,49.9375642627965
dza,1979,50.1123115421597
dza,1980,50.2844881104101
dza,1981,50.3812940290209
dza,1982,50.5249274374662
dza,1983,50.7118449348415
dza,1984,50.9504562764717
dza,1985,51.2474372288636
dza,1986,51.5278509713238
dza,1987,51.8762916321615
dza,1988,52.2864818450218
dza,1989,52.7555627454502
dza,1990,53.2833993899515
dza,1991,53.8191531783763
dza,1992,54.4154587743966
dza,1993,55.078691953458
dza,1994,55.8217853849622
dza,1995,56.6516128501028
dza,1996,57.4837592818979
dza,1997,58.4081909766369
dza,1998,59.3971459136045
dza,1999,60.4033795783624
dza,2000,61.3925594365767
dza,2001,62.4665466769549
dza,2002,63.4625029137323
dza,2003,64.3845880419019
dza,2004,65.2312612408675
dza,2005,65.9779220033671
dza,2006,66.5401490885391
dza,2007,66.9544901299927
dza,2008,67.2213091441182
dza,2009,67.3435899865109
dza,2010,67.3223500197424
dza,2011,67.0610060012127
dza,2012,66.7631878498573
dza,2013,66.4007820637613
dza,2014,65.9643661481706
dza,2015,65.4771996698998
dza,2016,64.973928024325
eap,1970,55.0460624110115
eap,1971,55.0044930120878
eap,1972,55.0057840299154
eap,1973,55.055955655277
eap,1974,55.2046702393595
eap,1975,55.4874976347157
eap,1976,55.891101852152
eap,1977,56.3948354416639
eap,1978,56.9978030773803
eap,1979,57.6777246275341
eap,1980,58.4032730004543
eap,1981,59.2088624413876
eap,1982,59.9777488123545
eap,1983,60.7182453655825
eap,1984,61.4263313589343
eap,1985,62.0802726988596
eap,1986,62.5041677867237
eap,1987,62.8875728540203
eap,1988,63.2193258721196
eap,1989,63.5137621360424
eap,1990,63.7997507825153
eap,1991,63.8598284325223
eap,1992,64.0730137089926
eap,1993,64.3622832181903
eap,1994,64.6356191800517
eap,1995,64.8639211955552
eap,1996,65.3420840914189
eap,1997,65.6642719054179
eap,1998,65.9482503300836
eap,1999,66.3483124424694
eap,2000,66.9154266905174
eap,2001,67.4281216457074
eap,2002,68.0769647095161
eap,2003,68.7990282010411
eap,2004,69.4782834808501
eap,2005,70.0495179052856
eap,2006,70.4756351969192
eap,2007,70.839473412901
eap,2008,71.1203107372079
eap,2009,71.3142697187392
eap,2010,71.4229760384457
eap,2011,71.4520491506851
eap,2012,71.3984334201748
eap,2013,71.2727921574281
eap,2014,71.0954796097013
eap,2015,70.8807740764208
eap,2016,70.5879807231601
eas,1970,56.2889382215714
eas,1971,56.2632295759749
eas,1972,56.265319469373
eas,1973,56.299963639495
eas,1974,56.4370211266237
eas,1975,56.698638943908
eas,1976,57.0502877247834
eas,1977,57.5111214752116
eas,1978,58.0690910242875
eas,1979,58.6943291686205
eas,1980,59.3533477392768
eas,1981,60.096882515538
eas,1982,60.7944020688414
eas,1983,61.4623243131838
eas,1984,62.109959255799
eas,1985,62.7221175686074
eas,1986,63.1235539008172
eas,1987,63.5041628677824
eas,1988,63.8459202871735
eas,1989,64.1474764041702
eas,1990,64.4266802128338
eas,1991,64.5036806336242
eas,1992,64.6992267319121
eas,1993,64.9512924251964
eas,1994,65.1890319949268
eas,1995,65.3912561211839
eas,1996,65.803699332351
eas,1997,66.0840976028289
eas,1998,66.3335246799714
eas,1999,66.6825150959121
eas,2000,67.1744676256672
eas,2001,67.6199033007693
eas,2002,68.1815814579006
eas,2003,68.8053492386497
eas,2004,69.3918304005059
eas,2005,69.8834831255953
eas,2006,70.2516763407278
eas,2007,70.5637368536113
eas,2008,70.8000982049729
eas,2009,70.9550028937771
eas,2010,71.0280654965215
eas,2011,71.0244525780291
eas,2012,70.9437058617581
eas,2013,70.7953172643659
eas,2014,70.5984886890602
eas,2015,70.3664958812222
eas,2016,70.0662368736747
eca,1970,62.7369265204573
eca,1971,63.0405706467289
eca,1972,63.2924708214237
eca,1973,63.5026652825399
eca,1974,63.6949354304288
eca,1975,63.8796063010525
eca,1976,63.8904721379141
eca,1977,63.9486441241081
eca,1978,64.0370019094254
eca,1979,64.1334103560518
eca,1980,64.2291289680873
eca,1981,64.3341059767539
eca,1982,64.4265228788555
eca,1983,64.499708492394
eca,1984,64.5613469473225
eca,1985,64.6109039329902
eca,1986,64.5453947878539
eca,1987,64.4926308569162
eca,1988,64.4509657551715
eca,1989,64.4136079934032
eca,1990,64.3846450006761
eca,1991,64.2372392542616
eca,1992,64.158293514464
eca,1993,64.1583083659801
eca,1994,64.2446819689673
eca,1995,64.4257705618426
eca,1996,64.7657115851042
eca,1997,65.1477028950291
eca,1998,65.5664505282054
eca,1999,66.0124098957811
eca,2000,66.460422237332
eca,2001,66.7446811647203
eca,2002,67.0372003268196
eca,2003,67.3530956086044
eca,2004,67.7033642291818
eca,2005,68.0899947765383
eca,2006,68.3842785871587
eca,2007,68.7052353455815
eca,2008,68.9969697588546
eca,2009,69.2036508446565
eca,2010,69.2957038447885
eca,2011,69.2175890902394
eca,2012,69.0579180782052
eca,2013,68.8289719828367
eca,2014,68.5534493403692
eca,2015,68.2482182491265
eca,2016,67.8351062216685
ecs,1970,63.1199148712835
ecs,1971,63.2204482380788
ecs,1972,63.326075001739
ecs,1973,63.43959931309
ecs,1974,63.5694782811008
ecs,1975,63.7185742180165
ecs,1976,63.7728132221279
ecs,1977,63.8632087892434
ecs,1978,63.9974221878323
ecs,1979,64.1865883243053
ecs,1980,64.4328846799846
ecs,1981,64.6821822906844
ecs,1982,64.9789297407602
ecs,1983,65.2830891195145
ecs,1984,65.5473957338938
ecs,1985,65.7443125207183
ecs,1986,65.789572893967
ecs,1987,65.7954615185044
ecs,1988,65.7769010539674
ecs,1989,65.7564013693649
ecs,1990,65.750665215033
ecs,1991,65.6646253159367
ecs,1992,65.619482573156
ecs,1993,65.6185970572842
ecs,1994,65.6658790943721
ecs,1995,65.7658375335453
ecs,1996,65.928125140022
ecs,1997,66.1232780166285
ecs,1998,66.3438927629901
ecs,1999,66.5765886041075
ecs,2000,66.8022584730106
ecs,2001,66.9467181376029
ecs,2002,67.086891511493
ecs,2003,67.2318966706771
ecs,2004,67.3928691825495
ecs,2005,67.5727187449056
ecs,2006,67.675716368076
ecs,2007,67.7974110018575
ecs,2008,67.9005282978478
ecs,2009,67.9456231185425
ecs,2010,67.9097393899999
ecs,2011,67.740309824849
ecs,2012,67.5194058330624
ecs,2013,67.2531355873211
ecs,2014,66.9577684886375
ecs,2015,66.6488427441846
ecs,2016,66.3189795306611
ecu,1970,51.528548164545
ecu,1971,51.65263605136
ecu,1972,51.8339679602956
ecu,1973,52.0548657907935
ecu,1974,52.3067115059473
ecu,1975,52.5870528785351
ecu,1976,52.793653062046
ecu,1977,53.0400174445237
ecu,1978,53.3246152019577
ecu,1979,53.6497512496698
ecu,1980,54.0137743067244
ecu,1981,54.334884398439
ecu,1982,54.6899536991805
ecu,1983,55.0709121421931
ecu,1984,55.4667397119434
ecu,1985,55.8672422299455
ecu,1986,56.1906051889235
ecu,1987,56.5250640011305
ecu,1988,56.8636504772067
ecu,1989,57.2024190325774
ecu,1990,57.5403761818132
ecu,1991,57.804720203346
ecu,1992,58.0897388271091
ecu,1993,58.3852439211695
ecu,1994,58.6812336271072
ecu,1995,58.9749927953846
ecu,1996,59.2179007639762
ecu,1997,59.4538294487888
ecu,1998,59.6960263928835
ecu,1999,59.9642978440224
ecu,2000,60.2664935991301
ecu,2001,60.5289838637708
ecu,2002,60.8337324033091
ecu,2003,61.1617835629527
ecu,2004,61.480296265328
ecu,2005,61.7696037628193
ecu,2006,62.1045242234104
ecu,2007,62.3880421131237
ecu,2008,62.6410878181384
ecu,2009,62.895895693192
ecu,2010,63.165027195074
ecu,2011,63.3950711438192
ecu,2012,63.653084314537
ecu,2013,63.9095933498779
ecu,2014,64.1233992441228
ecu,2015,64.2765204559262
ecu,2016,64.3928178998098
egy,1970,53.7629892913292
egy,1971,53.7002171183967
egy,1972,53.7796846029091
egy,1973,53.9585409938581
egy,1974,54.1632928450383
egy,1975,54.3510308412573
egy,1976,54.4269315357877
egy,1977,54.4758620146692
egy,1978,54.5160078091345
egy,1979,54.5757005189387
egy,1980,54.6620702960616
egy,1981,54.6462767379682
egy,1982,54.6750339912229
egy,1983,54.7212647597763
egy,1984,54.7451755205468
egy,1985,54.7298261318074
egy,1986,54.6541414563636
egy,1987,54.5530152519411
egy,1988,54.4556104119258
egy,1989,54.4200428046187
egy,1990,54.4864607644906
egy,1991,54.4666387188674
egy,1992,54.6292865612127
egy,1993,54.9261605773561
egy,1994,55.2865255066565
egy,1995,55.6756255957642
egy,1996,56.224136599167
egy,1997,56.7403268489027
egy,1998,57.2682209768712
egy,1999,57.8651965364366
egy,2000,58.539909342244
egy,2001,59.1803606893684
egy,2002,59.8560536848831
egy,2003,60.5378999107647
egy,2004,61.1852442189072
egy,2005,61.7741969788826
egy,2006,62.1671556183745
egy,2007,62.5713487992853
egy,2008,62.9215701221292
egy,2009,63.1256413173576
egy,2010,63.1387189881495
egy,2011,63.0839902427497
egy,2012,62.7765600358042
egy,2013,62.3494171133919
egy,2014,61.9930304529339
egy,2015,61.7999154430095
egy,2016,61.4386982719513
emu,1970,63.0373428350677
emu,1971,62.9840701220362
emu,1972,62.9774782882833
emu,1973,63.0202376530532
emu,1974,63.1170278348972
emu,1975,63.2697731221998
emu,1976,63.4060255379895
emu,1977,63.5810872515981
emu,1978,63.8237880099605
emu,1979,64.1700849523756
emu,1980,64.6291051344851
emu,1981,65.0925794718116
emu,1982,65.6602188675373
emu,1983,66.260427312857
emu,1984,66.7931839177729
emu,1985,67.2010243039562
emu,1986,67.40798081898
emu,1987,67.5189389771373
emu,1988,67.5597606481958
emu,1989,67.5781679464384
emu,1990,67.601786951448
emu,1991,67.5665039196048
emu,1992,67.5374105107428
emu,1993,67.5136487320926
emu,1994,67.4932722922639
emu,1995,67.4767979053491
emu,1996,67.4433578378195
emu,1997,67.4176721064168
emu,1998,67.3937554316259
emu,1999,67.3594946783179
emu,2000,67.3045932787828
emu,2001,67.23137600442
emu,2002,67.1450610786028
emu,2003,67.0503974070689
emu,2004,66.9602331986128
emu,2005,66.8833255375284
emu,2006,66.7595987419172
emu,2007,66.6606804242159
emu,2008,66.5638500666413
emu,2009,66.4409583869716
emu,2010,66.2762028814948
emu,2011,66.0384426265507
emu,2012,65.7792546560372
emu,2013,65.4991681636735
emu,2014,65.2124090068082
emu,2015,64.9323221565383
emu,2016,64.7150588607049
eri,1970,53.3727988308264
eri,1971,53.1614835382998
eri,1972,53.0786978207417
eri,1973,53.0845834435873
eri,1974,53.1296216252079
eri,1975,53.1875537400679
eri,1976,53.0942395053154
eri,1977,53.0439548614088
eri,1978,53.0304065293087
eri,1979,53.0470844233005
eri,1980,53.0845427031196
eri,1981,52.976821415972
eri,1982,52.9109835158766
eri,1983,52.8811850323852
eri,1984,52.8785034078217
eri,1985,52.8952825326326
eri,1986,52.6471470450046
eri,1987,52.444971513318
eri,1988,52.3003059180185
eri,1989,52.2454636104058
eri,1990,52.3093902279599
eri,1991,51.5703817066304
eri,1992,50.9004412903044
eri,1993,50.3010764276889
eri,1994,49.7503924071843
eri,1995,49.24115555219
eri,1996,49.7128237611664
eri,1997,50.237240419441
eri,1998,50.8063803279116
eri,1999,51.4072016674626
eri,2000,52.0086500799782
eri,2001,52.8269801128013
eri,2002,53.6205966902919
eri,2003,54.3619299327362
eri,2004,55.0272208505469
eri,2005,55.6046386413529
eri,2006,55.5247220806915
eri,2007,55.4064543840945
eri,2008,55.2438716676794
eri,2009,55.0387510573426
eri,2010,54.8120632954059
eri,2011,54.5900833353819
esp,1970,62.2669486263149
esp,1971,62.209401215816
esp,1972,62.1809965914781
esp,1973,62.1916638488052
esp,1974,62.2429121886258
esp,1975,62.3321567951715
esp,1976,62.3398170626094
esp,1977,62.4118647586852
esp,1978,62.5457567328341
esp,1979,62.7420581100863
esp,1980,63.0025297118446
esp,1981,63.2595131729544
esp,1982,63.6025079907285
esp,1983,63.9953756110009
esp,1984,64.3902184960138
esp,1985,64.7613943846366
esp,1986,65.1869366026668
esp,1987,65.544633202579
esp,1988,65.8730396977845
esp,1989,66.2206597667518
esp,1990,66.598819694713
esp,1991,66.9365686035652
esp,1992,67.3048844034941
esp,1993,67.667668172731
esp,1994,67.9708882496933
esp,1995,68.18741144821
esp,1996,68.3419144997301
esp,1997,68.4454753316343
esp,1998,68.5037407077947
esp,1999,68.5350045435683
esp,2000,68.5465409238785
esp,2001,68.70690769203
esp,2002,68.8362940366107
esp,2003,68.928837711108
esp,2004,68.9826721315544
esp,2005,68.993944321947
esp,2006,68.8719521547558
esp,2007,68.7381319296545
esp,2008,68.5793078913373
esp,2009,68.3907560002059
esp,2010,68.1837446405248
esp,2011,67.7585356610049
esp,2012,67.3497682458038
esp,2013,66.9571701112476
esp,2014,66.5792338723069
esp,2015,66.2145620089839
esp,2016,66.0551114906204
est,1970,66.198035291817
est,1971,66.1408309582861
est,1972,66.0757625167019
est,1973,66.0165280509928
est,1974,65.9909093938391
est,1975,66.0072627953323
est,1976,65.8693477014021
est,1977,65.7990330281621
est,1978,65.7818717668553
est,1979,65.8039109105609
est,1980,65.8624721588458
est,1981,65.9810509389955
est,1982,66.1153619658042
est,1983,66.2500166509038
est,1984,66.3725955350685
est,1985,66.4668282977436
est,1986,66.4186902234522
est,1987,66.344036389704
est,1988,66.2511379677175
est,1989,66.1721777026455
est,1990,66.1550098962333
est,1991,65.9069315308274
est,1992,65.7650857109041
est,1993,65.7213188455565
est,1994,65.7380826069441
est,1995,65.7823595417802
est,1996,66.1365021414424
est,1997,66.4643740325778
est,1998,66.7691541934796
est,1999,67.0780295329284
est,2000,67.399321855577
est,2001,67.547273930485
est,2002,67.6860013364846
est,2003,67.8293317328388
est,2004,67.9688903719295
est,2005,68.0881762817486
est,2006,67.9983724858204
est,2007,67.9173437137296
est,2008,67.8000197057278
est,2009,67.6117470037355
est,2010,67.3427410213332
est,2011,66.9239090096797
est,2012,66.4937272347151
est,2013,66.0397560458852
est,2014,65.5555125728273
est,2015,65.0476955815349
est,2016,64.653523736668
eth,1970,53.3163432919784
eth,1971,53.0339450153319
eth,1972,52.7800108719532
eth,1973,52.5611879279094
eth,1974,52.4073528490215
eth,1975,52.3437672961693
eth,1976,52.223645952195
eth,1977,52.126294412741
eth,1978,52.0235576070153
eth,1979,51.8816471450635
eth,1980,51.6817431316546
eth,1981,51.3605041022929
eth,1982,51.1348270590978
eth,1983,50.9886894864094
eth,1984,50.9107500503368
eth,1985,50.8867633784353
eth,1986,50.7211413477402
eth,1987,50.6268128805085
eth,1988,50.5770066560931
eth,1989,50.5564992448274
eth,1990,50.5633637504534
eth,1991,50.3978867741595
eth,1992,50.2998677503353
eth,1993,50.2589993349144
eth,1994,50.2652995141376
eth,1995,50.3166138194671
eth,1996,50.2428799603375
eth,1997,50.2182153929919
eth,1998,50.2385484915626
eth,1999,50.3072878002237
eth,2000,50.4224763689424
eth,2001,50.3597114634432
eth,2002,50.3859401946109
eth,2003,50.4696358449574
eth,2004,50.585758104202
eth,2005,50.7352651475099
eth,2006,50.9150135644344
eth,2007,51.1497059230899
eth,2008,51.4507814712316
eth,2009,51.8211715515079
eth,2010,52.2480159383973
eth,2011,52.748997420851
eth,2012,53.2627185422797
eth,2013,53.7924979631717
eth,2014,54.3425152403632
eth,2015,54.9088501197315
eth,2016,55.39422421933
euu,1970,63.5986205321302
euu,1971,63.5348200650993
euu,1972,63.5342005956064
euu,1973,63.583005067895
euu,1974,63.6603534850567
euu,1975,63.7562997500036
euu,1976,63.827696840252
euu,1977,63.9014627873435
euu,1978,64.0172095719291
euu,1979,64.2346974367888
euu,1980,64.5767339319184
euu,1981,64.9306992638465
euu,1982,65.4018185410629
euu,1983,65.9157372892522
euu,1984,66.3663315861749
euu,1985,66.6951189407429
euu,1986,66.8426007590493
euu,1987,66.8952815068004
euu,1988,66.8880850176341
euu,1989,66.8795685777845
euu,1990,66.9018427650677
euu,1991,66.8678809538611
euu,1992,66.8668429520357
euu,1993,66.8909281725694
euu,1994,66.9289757456352
euu,1995,66.9797777064965
euu,1996,67.0167784126715
euu,1997,67.0664601597304
euu,1998,67.1258431285488
euu,1999,67.189071578392
euu,2000,67.2471773004837
euu,2001,67.2613662427057
euu,2002,67.2689152133237
euu,2003,67.270104804155
euu,2004,67.2702273285206
euu,2005,67.2731361221434
euu,2006,67.2194569038955
euu,2007,67.1628461586906
euu,2008,67.093976985088
euu,2009,66.9946087866223
euu,2010,66.8477004963836
euu,2011,66.5836000025252
euu,2012,66.299727449058
euu,2013,65.9851144254217
euu,2014,65.6469095860943
euu,2015,65.3041516230281
fin,1970,66.2031157111123
fin,1971,66.4542768146058
fin,1972,66.7017259305827
fin,1973,66.9386044911983
fin,1974,67.1545522783685
fin,1975,67.3446076491884
fin,1976,67.4749077873462
fin,1977,67.5142386703665
fin,1978,67.5219597448811
fin,1979,67.5708002670107
fin,1980,67.684075348724
fin,1981,67.6892428042421
fin,1982,67.8222787532833
fin,1983,67.9961737311962
fin,1984,68.0963192207199
fin,1985,68.0762417484861
fin,1986,68.0213194178658
fin,1987,67.8662931404486
fin,1988,67.6512224034773
fin,1989,67.4387672376467
fin,1990,67.257980129786
fin,1991,67.1084302542774
fin,1992,66.9468822628681
fin,1993,66.803843771892
fin,1994,66.7167409213519
fin,1995,66.7043302360517
fin,1996,66.6064432032913
fin,1997,66.6400672703972
fin,1998,66.7461943108011
fin,1999,66.8377020846125
fin,2000,66.8701187404514
fin,2001,66.9138554352397
fin,2002,66.8596319503707
fin,2003,66.7540126911599
fin,2004,66.6701003493772
fin,2005,66.6336497920583
fin,2006,66.6032094316134
fin,2007,66.6215680064265
fin,2008,66.625569418384
fin,2009,66.5184629488834
fin,2010,66.247846073508
fin,2011,65.7820153557773
fin,2012,65.2138747972466
fin,2013,64.577174477653
fin,2014,63.9384605465814
fin,2015,63.3449751421297
fin,2016,62.8442675916187
fji,1970,53.9766276230527
fji,1971,54.5527566727677
fji,1972,55.2058347795009
fji,1973,55.915554216063
fji,1974,56.646762930943
fji,1975,57.3671294409421
fji,1976,57.5107230392157
fji,1977,57.6705072552189
fji,1978,57.8453913628568
fji,1979,58.0197831830073
fji,1980,58.173489386152
fji,1981,58.2562542725688
fji,1982,58.3181931104254
fji,1983,58.3049675294832
fji,1984,58.230268174069
fji,1985,58.1741868670617
fji,1986,58.1874836475781
fji,1987,58.24157400672
fji,1988,58.3427973059148
fji,1989,58.4788800812559
fji,1990,58.6286829493239
fji,1991,58.8993749600597
fji,1992,59.1753734901569
fji,1993,59.499805304718
fji,1994,59.913513315841
fji,1995,60.4109875202773
fji,1996,60.5257522218653
fji,1997,60.7599071715057
fji,1998,61.0444637424014
fji,1999,61.3054777840877
fji,2000,61.5388123857435
fji,2001,62.4718441498468
fji,2002,63.2702824966807
fji,2003,63.9919277810705
fji,2004,64.6913194045609
fji,2005,65.3572510668434
fji,2006,65.3855218265167
fji,2007,65.5081623167851
fji,2008,65.7048165627149
fji,2009,65.9375304442543
fji,2010,66.1709401709402
fji,2011,66.0010656382412
fji,2012,65.8582456879381
fji,2013,65.7190112706956
fji,2014,65.5722584854923
fji,2015,65.4243853885393
fji,2016,65.3731808269171
fra,1970,62.4165520657384
fra,1971,62.4493856179424
fra,1972,62.4793792837036
fra,1973,62.5244630988774
fra,1974,62.619671034934
fra,1975,62.7858548637229
fra,1976,62.8472406010448
fra,1977,62.9915610807513
fra,1978,63.2259061878817
fra,1979,63.5502243039132
fra,1980,63.9579220709759
fra,1981,64.4608420063743
fra,1982,64.9976658955738
fra,1983,65.5239813205309
fra,1984,65.9812252903635
fra,1985,66.3245524408492
fra,1986,66.3580733719617
fra,1987,66.3416446245275
fra,1988,66.2819144542895
fra,1989,66.1931700861815
fra,1990,66.0978723363167
fra,1991,65.9689097930591
fra,1992,65.8274242397522
fra,1993,65.6830534756191
fra,1994,65.5534517876939
fra,1995,65.4437893230309
fra,1996,65.3673406708197
fra,1997,65.2994691678383
fra,1998,65.2490752041491
fra,1999,65.2208429659755
fra,2000,65.2126122712544
fra,2001,65.1604910543348
fra,2002,65.1358962170508
fra,2003,65.1279171361195
fra,2004,65.1271370730184
fra,2005,65.1268806984367
fra,2006,65.1051670189693
fra,2007,65.0994005095145
fra,2008,65.0728955007822
fra,2009,64.9743878051901
fra,2010,64.7731565998813
fra,2011,64.4722131811407
fra,2012,64.0818202135633
fra,2013,63.6360479003751
fra,2014,63.194198194447
fra,2015,62.796420527165
fra,2016,62.4795270260561
fsm,1970,50.7203203594277
fsm,1971,50.3236298061441
fsm,1972,49.8956627821118
fsm,1973,49.4429282388827
fsm,1974,48.9339906524105
fsm,1975,48.3323831242873
fsm,1976,48.5773304755692
fsm,1977,48.7663565539672
fsm,1978,48.8977162792061
fsm,1979,49.0035435861091
fsm,1980,49.1132613343567
fsm,1981,49.4394529697066
fsm,1982,49.7047105394637
fsm,1983,49.9925630283349
fsm,1984,50.3700144161461
fsm,1985,50.8647853791751
fsm,1986,51.0415245372265
fsm,1987,51.3630304376805
fsm,1988,51.754490822747
fsm,1989,52.0878723788673
fsm,1990,52.3164920949642
fsm,1991,52.3699632587374
fsm,1992,52.3571928648201
fsm,1993,52.387091808263
fsm,1994,52.5755018527773
fsm,1995,52.929636654394
fsm,1996,53.382743852913
fsm,1997,53.8699747470093
fsm,1998,54.4725512296975
fsm,1999,55.1838317132893
fsm,2000,55.9609799687244
fsm,2001,56.0705454206131
fsm,2002,56.2809044427619
fsm,2003,56.5533253445177
fsm,2004,56.8602981881644
fsm,2005,57.1961279144224
fsm,2006,57.6056924416184
fsm,2007,58.0264184700889
fsm,2008,58.4400543655124
fsm,2009,58.8514813389765
fsm,2010,59.2553273625695
fsm,2011,59.809796265512
fsm,2012,60.3354492140324
fsm,2013,60.8223563672832
fsm,2014,61.2430899389511
fsm,2015,61.5791943159729
fsm,2016,61.8685497012493
gab,1970,59.1966352492213
gab,1971,58.5206678731859
gab,1972,57.94563244243
gab,1973,57.4445944020454
gab,1974,56.991405631573
gab,1975,56.5747188002143
gab,1976,56.060984979737
gab,1977,55.6051056758214
gab,1978,55.2043089997294
gab,1979,54.8646373393785
gab,1980,54.58288247145
gab,1981,54.190482177994
gab,1982,53.8756348983837
gab,1983,53.6236377289829
gab,1984,53.4188938512504
gab,1985,53.2496069679611
gab,1986,52.9806207775369
gab,1987,52.7777999527862
gab,1988,52.6255244282041
gab,1989,52.5125671525174
gab,1990,52.4369573162279
gab,1991,52.303718068375
gab,1992,52.228280560101
gab,1993,52.2093952132033
gab,1994,52.2479769293911
gab,1995,52.3445016604719
gab,1996,52.4507313324847
gab,1997,52.6119559774635
gab,1998,52.8239687711317
gab,1999,53.0861370134072
gab,2000,53.3940584280031
gab,2001,53.7555287781667
gab,2002,54.173526296557
gab,2003,54.623061018894
gab,2004,55.0744206332626
gab,2005,55.5078446269259
gab,2006,56.0825251722677
gab,2007,56.6226808748094
gab,2008,57.1230614724836
gab,2009,57.5879436888138
gab,2010,58.0174489851909
gab,2011,58.3762545658744
gab,2012,58.7321843993996
gab,2013,59.0727524953625
gab,2014,59.4000787967029
gab,2015,59.7239110443354
gab,2016,59.657255885232
gbr,1970,62.808138447542
gbr,1971,62.576196811489
gbr,1972,62.4021358374396
gbr,1973,62.3094189559139
gbr,1974,62.3232270291773
gbr,1975,62.4498898783919
gbr,1976,62.5997199337463
gbr,1977,62.8400100103053
gbr,1978,63.1696629197307
gbr,1979,63.5712101677208
gbr,1980,64.0175311769784
gbr,1981,64.3828011837662
gbr,1982,64.773800168537
gbr,1983,65.1496336547361
gbr,1984,65.4643263409755
gbr,1985,65.6905198622516
gbr,1986,65.6706316014981
gbr,1987,65.6127537524417
gbr,1988,65.5167439335174
gbr,1989,65.394926878357
gbr,1990,65.2637391830147
gbr,1991,65.11304163781
gbr,1992,64.9544518472346
gbr,1993,64.8035290187472
gbr,1994,64.6915312719147
gbr,1995,64.6380463483929
gbr,1996,64.6335347688389
gbr,1997,64.6885950120926
gbr,1998,64.7911404398447
gbr,1999,64.9227272708703
gbr,2000,65.0721088863726
gbr,2001,65.2223085554813
gbr,2002,65.4095801824844
gbr,2003,65.6133708263121
gbr,2004,65.8092023983383
gbr,2005,65.9756353775491
gbr,2006,66.0458076594202
gbr,2007,66.0809259548128
gbr,2008,66.0682034752083
gbr,2009,66.0016889922959
gbr,2010,65.879746996703
gbr,2011,65.5636234016731
gbr,2012,65.2484228485675
gbr,2013,64.9284673484103
gbr,2014,64.60664123424
gbr,2015,64.2938109774932
gbr,2016,64.0307889938457
geo,1970,61.499872064756
geo,1971,61.891409362262
geo,1972,62.2839440498169
geo,1973,62.6869286792641
geo,1974,63.1075034659673
geo,1975,63.5391892554588
geo,1976,63.8550959056802
geo,1977,64.190833658735
geo,1978,64.5424145812906
geo,1979,64.8956396699831
geo,1980,65.2317999576708
geo,1981,65.5278670025588
geo,1982,65.8015099358688
geo,1983,66.0267953359217
geo,1984,66.1901107580996
geo,1985,66.2894005707826
geo,1986,66.2437870550499
geo,1987,66.1879123626772
geo,1988,66.109592264058
geo,1989,65.990520952221
geo,1990,65.8299281454214
geo,1991,65.4751781395507
geo,1992,65.0689701903669
geo,1993,64.6635671211463
geo,1994,64.3380528984426
geo,1995,64.1449576011128
geo,1996,64.148188498546
geo,1997,64.2765743514773
geo,1998,64.4968090349263
geo,1999,64.745182917261
geo,2000,64.9812084092977
geo,2001,65.1707068376482
geo,2002,65.3213921226064
geo,2003,65.4981937427633
geo,2004,65.7800040544156
geo,2005,66.1942692230796
geo,2006,66.477948570996
geo,2007,66.8408291927977
geo,2008,67.2137216928686
geo,2009,67.5054154958747
geo,2010,67.6698818738079
geo,2011,67.6027795944435
geo,2012,67.4743087343609
geo,2013,67.2791287992071
geo,2014,67.0127539045965
geo,2015,66.6707326084822
geo,2016,66.3218699726525
gha,1970,51.9042319846393
gha,1971,51.6383372305354
gha,1972,51.4658273787198
gha,1973,51.3692618194586
gha,1974,51.34233959957
gha,1975,51.3950648162567
gha,1976,51.3279330754852
gha,1977,51.3418299903139
gha,1978,51.4282728696
gha,1979,51.5558427592584
gha,1980,51.6825729390814
gha,1981,51.7569476519448
gha,1982,51.8891364686224
gha,1983,52.0542743350743
gha,1984,52.2469697813967
gha,1985,52.4744130098957
gha,1986,52.5866402895661
gha,1987,52.7441722324808
gha,1988,52.9417258893215
gha,1989,53.1696852171095
gha,1990,53.4176313519175
gha,1991,53.5359187803542
gha,1992,53.6959997165002
gha,1993,53.8855763356205
gha,1994,54.0937959387328
gha,1995,54.3164101573065
gha,1996,54.4581489348529
gha,1997,54.6104075618503
gha,1998,54.7819049533684
gha,1999,54.9841072536863
gha,2000,55.2170147129997
gha,2001,55.3088686542642
gha,2002,55.4599252117566
gha,2003,55.6439932699434
gha,2004,55.8299711777113
gha,2005,56.0071950578054
gha,2006,56.1636245855176
gha,2007,56.3179321849505
gha,2008,56.4873271572933
gha,2009,56.6865118817147
gha,2010,56.911964799105
gha,2011,57.0617562534144
gha,2012,57.2346868029513
gha,2013,57.4215321944667
gha,2014,57.6153943525324
gha,2015,57.817392934537
gha,2016,57.9346813994165
gin,1970,55.7501238219145
gin,1971,55.6633457165372
gin,1972,55.6193668305301
gin,1973,55.6174324061827
gin,1974,55.6639961155621
gin,1975,55.7570212857606
gin,1976,55.5111248148793
gin,1977,55.3467512897626
gin,1978,55.2340417639456
gin,1979,55.1318599315516
gin,1980,55.0039650683902
gin,1981,54.6566243640224
gin,1982,54.382131942468
gin,1983,54.1476596176361
gin,1984,53.9406296883117
gin,1985,53.7593167985868
gin,1986,53.4316341532951
gin,1987,53.2040145811108
gin,1988,53.045411225657
gin,1989,52.9064653352862
gin,1990,52.7378981356688
gin,1991,52.5139508801632
gin,1992,52.3525197674511
gin,1993,52.2373268170977
gin,1994,52.1996964327065
gin,1995,52.2899191772306
gin,1996,52.1457471160344
gin,1997,52.080250055529
gin,1998,52.1036487376602
gin,1999,52.2004920630537
gin,2000,52.3482990268769
gin,2001,52.324961189432
gin,2002,52.3689211691142
gin,2003,52.465958627896
gin,2004,52.6034092538757
gin,2005,52.7693756395442
gin,2006,52.8129638752618
gin,2007,52.9072341957943
gin,2008,53.0394912711653
gin,2009,53.2039997256673
gin,2010,53.3974543665701
gin,2011,53.5124062429487
gin,2012,53.6795784307877
gin,2013,53.8800245999368
gin,2014,54.0904758956179
gin,2015,54.294860709556
gin,2016,54.4420327197876
gmb,1970,56.7443576243335
gmb,1971,55.6830380230946
gmb,1972,55.0039090570006
gmb,1973,54.6254958039117
gmb,1974,54.4137428982893
gmb,1975,54.2666052545723
gmb,1976,53.7343706015373
gmb,1977,53.1698008578931
gmb,1978,52.6193532934975
gmb,1979,52.1964190806912
gmb,1980,51.9457483755785
gmb,1981,51.2478993813668
gmb,1982,50.9112787522562
gmb,1983,50.8017966900264
gmb,1984,50.76065747735
gmb,1985,50.7041426261037
gmb,1986,50.7203990665141
gmb,1987,50.7567853256645
gmb,1988,50.8045786133681
gmb,1989,50.9189252988749
gmb,1990,51.1441872234972
gmb,1991,50.7854191658074
gmb,1992,50.5677143831184
gmb,1993,50.4944672427848
gmb,1994,50.5345625942175
gmb,1995,50.6523494616042
gmb,1996,50.6338970810827
gmb,1997,50.7228083735681
gmb,1998,50.8843665155253
gmb,1999,51.080624383062
gmb,2000,51.2768662265676
gmb,2001,51.1880015269639
gmb,2002,51.1543456394903
gmb,2003,51.1541182430287
gmb,2004,51.17373208263
gmb,2005,51.2089012355595
gmb,2006,51.1024995623804
gmb,2007,51.045405284592
gmb,2008,51.044208257479
gmb,2009,51.1051135670546
gmb,2010,51.2239761392171
gmb,2011,51.2787433082355
gmb,2012,51.3958798640494
gmb,2013,51.5634714552171
gmb,2014,51.7686453386393
gmb,2015,52.0011731450907
gmb,2016,52.1388510479024
gnb,1970,56.80481352913
gnb,1971,56.6220451190765
gnb,1972,56.4319141188688
gnb,1973,56.2376368540752
gnb,1974,56.0595361176677
gnb,1975,55.9094120518453
gnb,1976,55.2947372716653
gnb,1977,54.7294325799424
gnb,1978,54.1924806117984
gnb,1979,53.6573362508234
gnb,1980,53.1084317491078
gnb,1981,52.6237343571019
gnb,1982,52.1564417030557
gnb,1983,51.7328503371334
gnb,1984,51.4007159531654
gnb,1985,51.1842571891999
gnb,1986,50.8179022727224
gnb,1987,50.6419447720844
gnb,1988,50.6014028591487
gnb,1989,50.6276049043014
gnb,1990,50.6886434583317
gnb,1991,50.6710183145239
gnb,1992,50.6921339856981
gnb,1993,50.775651336755
gnb,1994,50.9619313523256
gnb,1995,51.2636287047476
gnb,1996,51.2239228340207
gnb,1997,51.3140752055348
gnb,1998,51.4918973427284
gnb,1999,51.704874040993
gnb,2000,51.9317840880481
gnb,2001,52.2198606403726
gnb,2002,52.5428616267357
gnb,2003,52.8957721832089
gnb,2004,53.2694237398591
gnb,2005,53.6472779572984
gnb,2006,53.8822611666286
gnb,2007,54.1307562183687
gnb,2008,54.3812603783931
gnb,2009,54.6262540792172
gnb,2010,54.8611718127362
gnb,2011,54.9344862713748
gnb,2012,55.0466718636208
gnb,2013,55.176256842869
gnb,2014,55.3046106490882
gnb,2015,55.4294034654108
gnb,2016,55.4496397528664
gnq,1970,56.5652578177251
gnq,1971,56.3182460071735
gnq,1972,56.3241451202215
gnq,1973,56.5302948889941
gnq,1974,56.7840520217054
gnq,1975,56.9465672365802
gnq,1976,57.0834357677027
gnq,1977,57.095716260535
gnq,1978,56.9969527782891
gnq,1979,56.8184945644695
gnq,1980,56.4880054832077
gnq,1981,56.1057975361305
gnq,1982,55.8040307346095
gnq,1983,55.5045711105811
gnq,1984,55.2057760451483
gnq,1985,54.9721925014489
gnq,1986,54.3029168350956
gnq,1987,53.819715869627
gnq,1988,53.4720599712671
gnq,1989,53.1904823995866
gnq,1990,52.9427475014408
gnq,1991,52.9478648462181
gnq,1992,52.9269600217951
gnq,1993,52.9376766324558
gnq,1994,53.0666748778585
gnq,1995,53.3332276957876
gnq,1996,53.7277742896456
gnq,1997,54.2402632216747
gnq,1998,54.7751525130013
gnq,1999,55.254280958338
gnq,2000,55.6575286941885
gnq,2001,55.976910163467
gnq,2002,56.3194864399684
gnq,2003,56.6139897007102
gnq,2004,56.8435894853459
gnq,2005,57.0282985856649
gnq,2006,57.3291156337216
gnq,2007,57.639869436302
gnq,2008,57.9097853798516
gnq,2009,58.1543947878752
gnq,2010,58.4075979072741
gnq,2011,58.6116726508363
gnq,2012,58.8991067723353
gnq,2013,59.1838862611719
gnq,2014,59.4387050390287
gnq,2015,59.6837302373938
gnq,2016,59.7814963691884
grc,1970,63.7468438918011
grc,1971,63.537672609
grc,1972,63.4803263670446
grc,1973,63.5209813903324
grc,1974,63.5595034246575
grc,1975,63.5434044508956
grc,1976,63.6372702609549
grc,1977,63.6481592327922
grc,1978,63.640003053626
grc,1979,63.7089263314258
grc,1980,63.8942284937554
grc,1981,63.9963983353146
grc,1982,64.225809722112
grc,1983,64.5285102776776
grc,1984,64.8361575908162
grc,1985,65.1276289033728
grc,1986,65.4617896129587
grc,1987,65.8011134174741
grc,1988,66.1297470415989
grc,1989,66.4330718312228
grc,1990,66.6920166263731
grc,1991,67.0467260729468
grc,1992,67.341758538579
grc,1993,67.5972820462652
grc,1994,67.8417264571095
grc,1995,68.0818305045473
grc,1996,68.086278061986
grc,1997,68.1313675615172
grc,1998,68.1834636354299
grc,1999,68.2003028601839
grc,2000,68.1659835081639
grc,2001,67.960832581244
grc,2002,67.7246333824829
grc,2003,67.4782833597203
grc,2004,67.2640978074041
grc,2005,67.1046996408524
grc,2006,67.0010768363764
grc,2007,66.9299001651627
grc,2008,66.8763053709103
grc,2009,66.8156057570946
grc,2010,66.7316150919032
grc,2011,66.4728497072304
grc,2012,66.2318050998497
grc,2013,65.9980125957266
grc,2014,65.7568413115419
grc,2015,65.5062044251101
grc,2016,65.4626512332753
grd,1970,45.4811174888272
grd,1971,47.0414609545044
grd,1972,48.3073221623693
grd,1973,49.3239346363345
grd,1974,50.2522758502233
grd,1975,51.2125735548633
grd,1976,51.5972746262454
grd,1977,52.1700079836778
grd,1978,52.7668316998417
grd,1979,53.0665703188511
grd,1980,52.912757710241
grd,1981,53.7881464470256
grd,1982,54.3726031517547
grd,1983,54.7460540709486
grd,1984,55.1366836314875
grd,1985,55.6713310511881
grd,1986,55.3069111171026
grd,1987,54.9466693499698
grd,1988,54.5563011156207
grd,1989,53.995602308272
grd,1990,53.1879978812459
grd,1991,53.0086880792917
grd,1992,52.9424473754604
grd,1993,53.0613905701643
grd,1994,53.4107942256426
grd,1995,53.9643908034512
grd,1996,54.5854994245803
grd,1997,55.1264808844762
grd,1998,55.68606935218
grd,1999,56.3642278346247
grd,2000,57.2019012192602
grd,2001,58.0692986676354
grd,2002,59.1243878550441
grd,2003,60.2725274725275
grd,2004,61.3641677057357
grd,2005,62.3065789857114
grd,2006,63.1654383637261
grd,2007,63.8242619659028
grd,2008,64.3288752044646
grd,2009,64.7838843292168
grd,2010,65.2426034372403
grd,2011,65.5074946466809
grd,2012,65.7976318009879
grd,2013,66.0765374047531
grd,2014,66.2702143663031
grd,2015,66.3593046441309
grd,2016,66.404204366503
gtm,1970,51.3790264741207
gtm,1971,51.3660284267051
gtm,1972,51.3843065305836
gtm,1973,51.4200601848136
gtm,1974,51.4608195916638
gtm,1975,51.4995660369851
gtm,1976,51.3250062810511
gtm,1977,51.1569849217709
gtm,1978,51.0089551257257
gtm,1979,50.8917141431817
gtm,1980,50.8073705089848
gtm,1981,50.6327606767733
gtm,1982,50.5041334092942
gtm,1983,50.4240346445327
gtm,1984,50.3931357071961
gtm,1985,50.4107130287886
gtm,1986,50.3906096316405
gtm,1987,50.4394782424297
gtm,1988,50.5419744814152
gtm,1989,50.665761372482
gtm,1990,50.7887842727395
gtm,1991,50.905868967139
gtm,1992,50.9759856884823
gtm,1993,51.0428233413411
gtm,1994,51.1561253077845
gtm,1995,51.331062558648
gtm,1996,51.4333584366348
gtm,1997,51.6234289286359
gtm,1998,51.8648716158556
gtm,1999,52.0955584966738
gtm,2000,52.2861245845007
gtm,2001,52.5424685361259
gtm,2002,52.7514962918696
gtm,2003,52.9563269500574
gtm,2004,53.221879474952
gtm,2005,53.5776725584276
gtm,2006,54.0098132359106
gtm,2007,54.5443795844846
gtm,2008,55.1462242240421
gtm,2009,55.7567059657138
gtm,2010,56.34349998363
gtm,2011,56.9960409846357
gtm,2012,57.5868230723534
gtm,2013,58.1412194010675
gtm,2014,58.6959674027647
gtm,2015,59.2610003095537
gtm,2016,59.7483040673859
gum,1970,59.2403161772596
gum,1971,59.7846627627558
gum,1972,60.3171703563314
gum,1973,60.6925690780649
gum,1974,60.8862186326975
gum,1975,60.9820892964264
gum,1976,61.3880589191173
gum,1977,61.8135560183428
gum,1978,62.198133092442
gum,1979,62.5063823101999
gum,1980,62.7332353816754
gum,1981,63.2389538432643
gum,1982,63.6622408315428
gum,1983,63.9907721584891
gum,1984,64.2500504558577
gum,1985,64.4648800741173
gum,1986,64.8525563607086
gum,1987,65.2433172844266
gum,1988,65.6100358537935
gum,1989,65.9298003481752
gum,1990,66.1616161616162
gum,1991,65.8440527710807
gum,1992,65.473473209844
gum,1993,65.0710208985968
gum,1994,64.7014747692609
gum,1995,64.426597783747
gum,1996,64.1631770903688
gum,1997,64.0286621025528
gum,1998,64.0116366884034
gum,1999,64.0682545971822
gum,2000,64.1605881709146
gum,2001,64.063529005569
gum,2002,63.9891840305392
gum,2003,63.9461303371926
gum,2004,63.97067660137
gum,2005,64.0825242105529
gum,2006,64.2352881851646
gum,2007,64.4776683138711
gum,2008,64.7637312541264
gum,2009,65.028794644259
gum,2010,65.2335616266526
gum,2011,65.4047520635279
gum,2012,65.5110549905296
gum,2013,65.5663289166017
gum,2014,65.6103424925606
gum,2015,65.6495485083159
gum,2016,65.6799430311364
guy,1970,49.4163992657469
guy,1971,50.0486209582953
guy,1972,50.6517089873509
guy,1973,51.1728746869503
guy,1974,51.5849491832318
guy,1975,51.9148183057783
guy,1976,52.3104995219473
guy,1977,52.640132000042
guy,1978,52.9688037656225
guy,1979,53.3620438670847
guy,1980,53.8578971047987
guy,1981,54.5258477329827
guy,1982,55.1123461752124
guy,1983,55.5816306094887
guy,1984,56.0182348471851
guy,1985,56.5553226424033
guy,1986,57.2870487495078
guy,1987,58.142905798766
guy,1988,58.9674597159302
guy,1989,59.5788993717018
guy,1990,59.9142483139583
guy,1991,60.129197126385
guy,1992,60.1798608270711
guy,1993,60.1094382893333
guy,1994,60.0396654807462
guy,1995,60.043662673012
guy,1996,60.1046647616822
guy,1997,60.2082812849272
guy,1998,60.2449759351516
guy,1999,60.107933767434
guy,2000,59.8045137335541
guy,2001,59.7554312786885
guy,2002,59.6010820818105
guy,2003,59.4504008076004
guy,2004,59.4451953829698
guy,2005,59.6438359083077
guy,2006,60.2291085524165
guy,2007,60.9094640906362
guy,2008,61.6347810707021
guy,2009,62.2812605187389
guy,2010,62.768633565332
guy,2011,63.3991456414364
guy,2012,63.9140555391048
guy,2013,64.3451029639313
guy,2014,64.7467294041208
guy,2015,65.1419492683282
guy,2016,65.4112294921913
hic,1970,62.9400168910542
hic,1971,63.0854394426808
hic,1972,63.236552384176
hic,1973,63.3975245418795
hic,1974,63.5962188937349
hic,1975,63.8321266675153
hic,1976,63.9768844737354
hic,1977,64.1779134885489
hic,1978,64.4235739308581
hic,1979,64.6995632099064
hic,1980,64.994769913761
hic,1981,65.3027257807956
hic,1982,65.6189522804318
hic,1983,65.9237547260769
hic,1984,66.1993409531751
hic,1985,66.4335355848018
hic,1986,66.5300109877592
hic,1987,66.6145227823797
hic,1988,66.6846030325028
hic,1989,66.738150666014
hic,1990,66.7750515042676
hic,1991,66.7641400558498
hic,1992,66.7418928220943
hic,1993,66.7178076592351
hic,1994,66.7200742896587
hic,1995,66.7612127150464
hic,1996,66.7735161389159
hic,1997,66.8342325365892
hic,1998,66.9214097104164
hic,1999,67.0028621319799
hic,2000,67.0643469375036
hic,2001,67.148840552625
hic,2002,67.206579842284
hic,2003,67.2498575932986
hic,2004,67.3000515719778
hic,2005,67.3612762546717
hic,2006,67.3695078904599
hic,2007,67.3938623321693
hic,2008,67.4099135624555
hic,2009,67.3829750138344
hic,2010,67.296851750902
hic,2011,67.1390509000951
hic,2012,66.9553846622972
hic,2013,66.7400568327674
hic,2014,66.4986506731567
hic,2015,66.2384205319872
hic,2016,65.994886806473
hkg,1970,59.3300426117293
hkg,1971,60.1496662247142
hkg,1972,60.8438511051664
hkg,1973,61.5127317738222
hkg,1974,62.2936264343712
hkg,1975,63.2190447502149
hkg,1976,64.1549611793668
hkg,1977,65.3092561472188
hkg,1978,66.5128556230208
hkg,1979,67.5522829963335
hkg,1980,68.3431096170516
hkg,1981,68.7487551010977
hkg,1982,68.9649717722066
hkg,1983,69.0419899103226
hkg,1984,69.0883751942932
hkg,1985,69.1631779095635
hkg,1986,69.4428462478779
hkg,1987,69.7309474350554
hkg,1988,70.0010392729296
hkg,1989,70.2291242961099
hkg,1990,70.4205115006437
hkg,1991,70.6712984157396
hkg,1992,70.8521243007395
hkg,1993,70.9978766093605
hkg,1994,71.1539192011476
hkg,1995,71.3348852079143
hkg,1996,71.4064990763897
hkg,1997,71.5962790668406
hkg,1998,71.8107162430435
hkg,1999,71.9835235283067
hkg,2000,72.1244230267658
hkg,2001,72.406076129233
hkg,2002,72.6324215832228
hkg,2003,72.8438080485999
hkg,2004,73.0937170024918
hkg,2005,73.3972967126412
hkg,2006,73.8479348653776
hkg,2007,74.2892587944707
hkg,2008,74.6884691101553
hkg,2009,74.9755988310351
hkg,2010,75.0919152578972
hkg,2011,75.0787842591407
hkg,2012,74.9587238206017
hkg,2013,74.6920608328574
hkg,2014,74.2413403010023
hkg,2015,73.6033959999178
hkg,2016,73.0221230279769
hnd,1970,49.1046171050544
hnd,1971,49.0289390216663
hnd,1972,49.0394373850019
hnd,1973,49.0981457018775
hnd,1974,49.1641426308505
hnd,1975,49.2197125452032
hnd,1976,49.2040682120032
hnd,1977,49.1745045610655
hnd,1978,49.1573417109491
hnd,1979,49.194303361824
hnd,1980,49.3016040623268
hnd,1981,49.3339727672849
hnd,1982,49.4552705593971
hnd,1983,49.6288711297384
hnd,1984,49.8098744923749
hnd,1985,49.9794332836041
hnd,1986,50.1082500899061
hnd,1987,50.2416881045505
hnd,1988,50.3864222629519
hnd,1989,50.5558109376613
hnd,1990,50.7559338150774
hnd,1991,50.9832153289316
hnd,1992,51.2218369628929
hnd,1993,51.4784475453364
hnd,1994,51.7613921343509
hnd,1995,52.0733305763077
hnd,1996,52.3747799236143
hnd,1997,52.7280679900519
hnd,1998,53.1148932514172
hnd,1999,53.5116523399139
hnd,2000,53.9094794017979
hnd,2001,54.3397706968456
hnd,2002,54.7684833670569
hnd,2003,55.2109728126434
hnd,2004,55.6934867985175
hnd,2005,56.2279834486799
hnd,2006,56.7756065646114
hnd,2007,57.3787372346449
hnd,2008,58.0207472495312
hnd,2009,58.6778304624219
hnd,2010,59.3371168810186
hnd,2011,60.0066334594569
hnd,2012,60.67483880707
hnd,2013,61.3357111547584
hnd,2014,61.9793407268025
hnd,2015,62.5944429918259
hnd,2016,63.1740592724551
hpc,1970,52.6165507882866
hpc,1971,52.3897034838159
hpc,1972,52.233590641566
hpc,1973,52.1335649472948
hpc,1974,52.078856258642
hpc,1975,52.0625813637223
hpc,1976,51.8802495487391
hpc,1977,51.7539888019643
hpc,1978,51.6694495815516
hpc,1979,51.6184529154808
hpc,1980,51.5990901416912
hpc,1981,51.3922492216126
hpc,1982,51.2594658324875
hpc,1983,51.1871815802757
hpc,1984,51.1620049215359
hpc,1985,51.1736145454645
hpc,1986,51.0326091400787
hpc,1987,50.961633275519
hpc,1988,50.9455080883248
hpc,1989,50.9722427763299
hpc,1990,51.0337140932904
hpc,1991,51.0077367383003
hpc,1992,51.0386741267217
hpc,1993,51.113704961302
hpc,1994,51.2242809159386
hpc,1995,51.3673874684125
hpc,1996,51.3360797466546
hpc,1997,51.3534186632532
hpc,1998,51.4084833052664
hpc,1999,51.4914662321371
hpc,2000,51.5957190200348
hpc,2001,51.597812389009
hpc,2002,51.6467362630668
hpc,2003,51.7273681833668
hpc,2004,51.8273698357545
hpc,2005,51.9427177820354
hpc,2006,51.966230113883
hpc,2007,52.0214962097059
hpc,2008,52.1090225006987
hpc,2009,52.2307624897067
hpc,2010,52.3851614993003
hpc,2011,52.5194487373401
hpc,2012,52.6960112866023
hpc,2013,52.905911736815
hpc,2014,53.1398433210109
hpc,2015,53.3919712131354
hpc,2016,53.6042892474284
hrv,1970,67.4038767625759
hrv,1971,67.4668729079434
hrv,1972,67.4210319877449
hrv,1973,67.3124136838459
hrv,1974,67.2198435462784
hrv,1975,67.1834414051521
hrv,1976,67.0869243516247
hrv,1977,67.0786416289589
hrv,1978,67.1343366802622
hrv,1979,67.2247118847263
hrv,1980,67.340020256065
hrv,1981,67.5774258945142
hrv,1982,67.8334089993721
hrv,1983,68.0877623049276
hrv,1984,68.3253466387383
hrv,1985,68.5333082279341
hrv,1986,68.5556345161166
hrv,1987,68.5756504995323
hrv,1988,68.5943955641797
hrv,1989,68.6116408531179
hrv,1990,68.6350853744223
hrv,1991,68.4825618807383
hrv,1992,68.3316141480567
hrv,1993,68.1866766293386
hrv,1994,68.0380789050286
hrv,1995,67.871926715753
hrv,1996,67.7682749322551
hrv,1997,67.5995648220732
hrv,1998,67.3991551908301
hrv,1999,67.2254020199563
hrv,2000,67.1123911264316
hrv,2001,66.9025970490554
hrv,2002,66.8454956857869
hrv,2003,66.8906840047702
hrv,2004,66.9625130020621
hrv,2005,67.0216491014164
hrv,2006,67.1405878098675
hrv,2007,67.1636484340937
hrv,2008,67.1169976849703
hrv,2009,67.0558321377794
hrv,2010,66.997308089617
hrv,2011,66.8175540661817
hrv,2012,66.7175527391199
hrv,2013,66.6449577189803
hrv,2014,66.5137533872315
hrv,2015,66.2888667087188
hrv,2016,65.9913629928333
hti,1970,54.4590988229727
hti,1971,54.4360655977117
hti,1972,54.4710205554735
hti,1973,54.5524111019972
hti,1974,54.6674448052514
hti,1975,54.8009797763074
hti,1976,54.8415929380928
hti,1977,54.8660384066481
hti,1978,54.8786736895678
hti,1979,54.8768779645098
hti,1980,54.8506232206378
hti,1981,54.6208403946537
hti,1982,54.3862768873335
hti,1983,54.1476590911924
hti,1984,53.9204743852447
hti,1985,53.7237975970345
hti,1986,53.3837617002293
hti,1987,53.1629390480691
hti,1988,53.0235062116305
hti,1989,52.9252476172678
hti,1990,52.8596149826501
hti,1991,52.8797354719633
hti,1992,52.8974986378051
hti,1993,52.9600216712778
hti,1994,53.1281991413321
hti,1995,53.420609155777
hti,1996,53.7170112357548
hti,1997,54.1204822366407
hti,1998,54.598574580828
hti,1999,55.0985805289088
hti,2000,55.5912249099331
hti,2001,56.0105892770225
hti,2002,56.4495837055857
hti,2003,56.8944178120953
hti,2004,57.3333583355868
hti,2005,57.7606029058001
hti,2006,58.1529837481589
hti,2007,58.516259841461
hti,2008,58.8701486621009
hti,2009,59.2464327652755
hti,2010,59.6596749655512
hti,2011,60.0193848154973
hti,2012,60.4280017610682
hti,2013,60.8567419392441
hti,2014,61.2634460115549
hti,2015,61.6277603124471
hti,2016,61.9499316606274
hun,1970,67.5956702172609
hun,1971,67.5279719788791
hun,1972,67.5757253732008
hun,1973,67.6225409075517
hun,1974,67.5067233203714
hun,1975,67.1594344972628
hun,1976,66.6913993222263
hun,1977,65.9583139083468
hun,1978,65.1483673434464
hun,1979,64.5691421628692
hun,1980,64.385789518805
hun,1981,64.2936241615422
hun,1982,64.6866033539113
hun,1983,65.3470160762826
hun,1984,65.9187253325537
hun,1985,66.2100422482948
hun,1986,66.471352173894
hun,1987,66.3529845512791
hun,1988,66.0725917190406
hun,1989,65.9513353327964
hun,1990,66.1301290629257
hun,1991,66.1254371565612
hun,1992,66.4361521025436
hun,1993,66.9209270753888
hun,1994,67.3597588443156
hun,1995,67.6534550589101
hun,1996,67.7884879196136
hun,1997,67.8568054273237
hun,1998,67.8863381790821
hun,1999,67.9482717930872
hun,2000,68.0743399088802
hun,2001,68.248681455424
hun,2002,68.4057490102157
hun,2003,68.5583136034114
hun,2004,68.713438874093
hun,2005,68.8645427312741
hun,2006,68.818654367681
hun,2007,68.828140221453
hun,2008,68.8902465279199
hun,2009,68.9732905362839
hun,2010,69.0479802253058
hun,2011,68.9249079934097
hun,2012,68.7971772956459
hun,2013,68.6302270838048
hun,2014,68.3898898794345
hun,2015,68.0632466009296
hun,2016,67.6336506658631
idn,1970,53.4620939753618
idn,1971,53.3753549528562
idn,1972,53.4201603801264
idn,1973,53.5651940372191
idn,1974,53.7678631751744
idn,1975,54.0050831478186
idn,1976,54.1762899661214
idn,1977,54.3935762773481
idn,1978,54.6565138024682
idn,1979,54.970442304644
idn,1980,55.3336314545021
idn,1981,55.6468177924801
idn,1982,56.0052940248086
idn,1983,56.4043662100579
idn,1984,56.844098665411
idn,1985,57.3243580129071
idn,1986,57.7341287909097
idn,1987,58.2108445952641
idn,1988,58.7303011602522
idn,1989,59.259711641976
idn,1990,59.7815396027028
idn,1991,60.2700825804466
idn,1992,60.7293262746075
idn,1993,61.1815726299777
idn,1994,61.6620429911795
idn,1995,62.1858598790851
idn,1996,62.6365129458554
idn,1997,63.1421821604986
idn,1998,63.6733085177074
idn,1999,64.1748236860681
idn,2000,64.6045716395895
idn,2001,64.7667696338641
idn,2002,64.8822984531346
idn,2003,64.9714008303077
idn,2004,65.0605180164203
idn,2005,65.1615253364908
idn,2006,65.4209090097216
idn,2007,65.6580715922722
idn,2008,65.8659865640848
idn,2009,66.0370654060447
idn,2010,66.1826386647732
idn,2011,66.4016164324745
idn,2012,66.5550871663383
idn,2013,66.6872534489761
idn,2014,66.8460898356279
idn,2015,67.0462233937479
idn,2016,67.1458306933772
ind,1970,55.8328843590792
ind,1971,55.8907475075465
ind,1972,55.9740223870906
ind,1973,56.0843485222242
ind,1974,56.2382452174408
ind,1975,56.4403874497563
ind,1976,56.4889990846935
ind,1977,56.6086739920825
ind,1978,56.7743934294296
ind,1979,56.953714060072
ind,1980,57.1281685470754
ind,1981,57.1698186984003
ind,1982,57.2188722565651
ind,1983,57.285611282516
ind,1984,57.3917591961539
ind,1985,57.5466100434516
ind,1986,57.561740460648
ind,1987,57.6652927183641
ind,1988,57.8312668930712
ind,1989,58.0281542551571
ind,1990,58.2424870032584
ind,1991,58.384534289055
ind,1992,58.5548987199863
ind,1993,58.759897271666
ind,1994,59.0112725123149
ind,1995,59.3102151298816
ind,1996,59.5526361686905
ind,1997,59.8379423318856
ind,1998,60.159244993781
ind,1999,60.5051537466418
ind,2000,60.8660987513584
ind,2001,61.1395728752602
ind,2002,61.4425992110795
ind,2003,61.7664861253559
ind,2004,62.1025412107123
ind,2005,62.4455265206169
ind,2006,62.7246373215526
ind,2007,63.0148455721944
ind,2008,63.3177464019608
ind,2009,63.6428244123195
ind,2010,63.9949440116766
ind,2011,64.3036515424459
ind,2012,64.6565333633927
ind,2013,65.0297577582003
ind,2014,65.3867869499572
ind,2015,65.7060455215147
ind,2016,65.996647968568
irl,1970,58.2149886203313
irl,1971,58.4126801310976
irl,1972,58.4139361370382
irl,1973,58.3238695870321
irl,1974,58.28878935224
irl,1975,58.3728784602117
irl,1976,58.2434054424366
irl,1977,58.3372174636983
irl,1978,58.566225176458
irl,1979,58.7975810684106
irl,1980,58.9775755301455
irl,1981,59.0790719424295
irl,1982,59.0914199968049
irl,1983,59.0840415700203
irl,1984,59.1694742787445
irl,1985,59.4046102633999
irl,1986,59.5972498884174
irl,1987,59.9255269111026
irl,1988,60.3770909963038
irl,1989,60.8893756575372
irl,1990,61.4162275229831
irl,1991,62.1590577050785
irl,1992,62.8600783482333
irl,1993,63.5397908568877
irl,1994,64.2220867492243
irl,1995,64.9034312873044
irl,1996,65.6610909849834
irl,1997,66.3724146550647
irl,1998,67.0239456935879
irl,1999,67.5863918608931
irl,2000,68.0418657775875
irl,2001,68.4487962401386
irl,2002,68.7817884418835
irl,2003,69.0252514663986
irl,2004,69.1660355231088
irl,2005,69.2001404232684
irl,2006,69.1090238580461
irl,2007,68.9418297513479
irl,2008,68.6983819677035
irl,2009,68.4082140705559
irl,2010,68.1050148176068
irl,2011,67.463757718636
irl,2012,66.8257121401624
irl,2013,66.2069595962552
irl,2014,65.6096528916873
irl,2015,65.0349236730142
irl,2016,64.7179754544889
irn,1970,52.5948542488412
irn,1971,52.7450279817117
irn,1972,52.9260134351266
irn,1973,53.1189976945258
irn,1974,53.3103522046216
irn,1975,53.4849853137225
irn,1976,53.5594678343867
irn,1977,53.6112191637043
irn,1978,53.6327430071044
irn,1979,53.6032286983864
irn,1980,53.4970008963433
irn,1981,53.1149635897233
irn,1982,52.7159897402623
irn,1983,52.315272929199
irn,1984,51.948900914328
irn,1985,51.6535705967944
irn,1986,51.2086625447892
irn,1987,50.9391965800193
irn,1988,50.8565383072883
irn,1989,50.9687220834599
irn,1990,51.2850836314077
irn,1991,51.5844631751374
irn,1992,52.0142896233137
irn,1993,52.5812893030959
irn,1994,53.2819613186243
irn,1995,54.1035948375555
irn,1996,55.3498818482457
irn,1997,56.6578191930268
irn,1998,58.0079069642975
irn,1999,59.402313093255
irn,2000,60.854770531611
irn,2001,62.4386468701591
irn,2002,64.1007023339398
irn,2003,65.8171114398585
irn,2004,67.4968377022312
irn,2005,69.0258008275306
irn,2006,69.874689517644
irn,2007,70.5676824079731
irn,2008,71.0741159699244
irn,2009,71.4096740745878
irn,2010,71.6101453352788
irn,2011,71.7039947579851
irn,2012,71.7172777298809
irn,2013,71.6504718308106
irn,2014,71.5150287665934
irn,2015,71.3332643737431
irn,2016,71.1112966897744
irq,1970,51.3777650153262
irq,1971,50.9282702849276
irq,1972,50.5298426533596
irq,1973,50.1579740458687
irq,1974,49.8194753412324
irq,1975,49.5320203389268
irq,1976,49.3354998041128
irq,1977,49.1257463136332
irq,1978,48.9680532703159
irq,1979,48.941117601798
irq,1980,49.069371662176
irq,1981,49.0296044435142
irq,1982,49.1332953187247
irq,1983,49.3383522455365
irq,1984,49.5739798379547
irq,1985,49.8051442583473
irq,1986,49.8900283157242
irq,1987,49.9644723937148
irq,1988,50.0484181686708
irq,1989,50.1665004908983
irq,1990,50.3235129877174
irq,1991,50.6689037862999
irq,1992,51.0493636238489
irq,1993,51.4402729614273
irq,1994,51.8077725132607
irq,1995,52.1347547431668
irq,1996,52.4725421933231
irq,1997,52.7613392742699
irq,1998,53.0218677121709
irq,1999,53.2891636895911
irq,2000,53.5805334708117
irq,2001,53.7421228552335
irq,2002,53.9580242411785
irq,2003,54.1980049185984
irq,2004,54.4174631313632
irq,2005,54.5975467063501
irq,2006,54.7249590510649
irq,2007,54.7893228680239
irq,2008,54.832542160349
irq,2009,54.9050345192177
irq,2010,55.0204873102658
irq,2011,55.2427324403562
irq,2012,55.5192182855248
irq,2013,55.8079717806597
irq,2014,56.0612642146736
irq,2015,56.2650943916306
irq,2016,56.3474616754992
isl,1970,58.5908837427724
isl,1971,59.0415668701228
isl,1972,59.4577214200992
isl,1973,59.8663621754208
isl,1974,60.3048760687131
isl,1975,60.7864447195855
isl,1976,61.1128007953117
isl,1977,61.5055834000702
isl,1978,61.9321882667856
isl,1979,62.3198276891505
isl,1980,62.6254041408557
isl,1981,62.92355980994
isl,1982,63.1459816778054
isl,1983,63.3114283172118
isl,1984,63.4706542494389
isl,1985,63.642158770107
isl,1986,63.7847837564615
isl,1987,63.9527070785571
isl,1988,64.1317926296065
isl,1989,64.2835353171192
isl,1990,64.3891422230761
isl,1991,64.4140297487812
isl,1992,64.3806866012431
isl,1993,64.324820297271
isl,1994,64.3031176217668
isl,1995,64.3398136973198
isl,1996,64.3790486766611
isl,1997,64.5442577986059
isl,1998,64.7764587934441
isl,1999,65.0005398207795
isl,2000,65.1862285378073
isl,2001,65.4473024704232
isl,2002,65.6004121557921
isl,2003,65.7099099849975
isl,2004,65.8431350994833
isl,2005,66.0114787832354
isl,2006,66.2854321251268
isl,2007,66.5792922673657
isl,2008,66.8535530937585
isl,2009,67.0621286611871
isl,2010,67.1973726929897
isl,2011,66.9962710795317
isl,2012,66.7918998789651
isl,2013,66.5598463744806
isl,2014,66.2883343126539
isl,2015,65.9729350811372
isl,2016,65.7573223770882
isr,1970,60.7000507435723
isr,1971,60.697838502684
isr,1972,60.5219580463835
isr,1973,60.2364080964402
isr,1974,59.9478695120299
isr,1975,59.7120560064254
isr,1976,59.2942307063936
isr,1977,58.9643631801531
isr,1978,58.7045498552228
isr,1979,58.4877162800351
isr,1980,58.3124213715131
isr,1981,58.2749358361432
isr,1982,58.2722088278335
isr,1983,58.3113234701805
isr,1984,58.4021433569133
isr,1985,58.541089701716
isr,1986,58.7652864125009
isr,1987,59.0004836132432
isr,1988,59.2572518813601
isr,1989,59.5417113805794
isr,1990,59.8457496153184
isr,1991,60.1280841351155
isr,1992,60.4452034141994
isr,1993,60.7659997634194
isr,1994,61.0427032375855
isr,1995,61.250752054992
isr,1996,61.4689261830692
isr,1997,61.6204010836105
isr,1998,61.7211341824496
isr,1999,61.8077929043394
isr,2000,61.8991905371382
isr,2001,61.9291854350986
isr,2002,61.9913980528217
isr,2003,62.0628901181334
isr,2004,62.1118944748406
isr,2005,62.1241653377192
isr,2006,62.2664932301893
isr,2007,62.3529309798149
isr,2008,62.3852785734514
isr,2009,62.3637655744889
isr,2010,62.2794712440508
isr,2011,62.0408536441965
isr,2012,61.7665949483739
isr,2013,61.4708279712394
isr,2014,61.1797974872972
isr,2015,60.9170856093963
isr,2016,60.6244662363516
ita,1970,64.2431151209894
ita,1971,64.0902536852226
ita,1972,63.9281618002138
ita,1973,63.7840991070162
ita,1974,63.6994913582001
ita,1975,63.698058802588
ita,1976,63.6804460778357
ita,1977,63.7613566877562
ita,1978,63.9543732475992
ita,1979,64.269416215678
ita,1980,64.7058563918525
ita,1981,65.2438510516663
ita,1982,65.8837331459048
ita,1983,66.5651776717174
ita,1984,67.206719555472
ita,1985,67.7533054591398
ita,1986,68.0615945022817
ita,1987,68.2867067682959
ita,1988,68.4468686198767
ita,1989,68.5715685942009
ita,1990,68.6768876148491
ita,1991,68.6741945009035
ita,1992,68.6536197146134
ita,1993,68.6085749528537
ita,1994,68.5375949189126
ita,1995,68.4415088776314
ita,1996,68.2938622571124
ita,1997,68.1423650624139
ita,1998,67.9750834042621
ita,1999,67.7737818382581
ita,2000,67.5266928464988
ita,2001,67.3225401284696
ita,2002,67.0734645239108
ita,2003,66.8069311941037
ita,2004,66.5641268994198
ita,2005,66.3654646558388
ita,2006,66.1461165392902
ita,2007,65.9866248686577
ita,2008,65.8545233102841
ita,2009,65.6991659866772
ita,2010,65.4910922447816
ita,2011,65.2005008238882
ita,2012,64.8822391008754
ita,2013,64.5451380974727
ita,2014,64.2148595195744
ita,2015,63.9104186439777
ita,2016,63.6824995509839
jam,1970,48.2300929784401
jam,1971,48.2429244292065
jam,1972,48.4106080747229
jam,1973,48.7353434687548
jam,1974,49.1935072175949
jam,1975,49.7528525642132
jam,1976,50.7406749599165
jam,1977,51.6424117223526
jam,1978,52.4149626911036
jam,1979,53.0352278108867
jam,1980,53.525284957086
jam,1981,54.034455126382
jam,1982,54.4986482962
jam,1983,54.9560049717065
jam,1984,55.4562750899003
jam,1985,56.019058956538
jam,1986,56.3921209965618
jam,1987,56.8267529785284
jam,1988,57.2593913435113
jam,1989,57.5949030618178
jam,1990,57.7956738642429
jam,1991,58.1457787795419
jam,1992,58.3914654318514
jam,1993,58.5771674658528
jam,1994,58.7797532001963
jam,1995,59.0318588813923
jam,1996,59.2415748208524
jam,1997,59.4451039826011
jam,1998,59.6383043823407
jam,1999,59.816986111712
jam,2000,59.9950166813205
jam,2001,60.3047951614693
jam,2002,60.6698112297557
jam,2003,61.0679182499168
jam,2004,61.4649346575407
jam,2005,61.84707613621
jam,2006,62.3834764529238
jam,2007,62.8845163714791
jam,2008,63.3969052249328
jam,2009,63.9674232065966
jam,2010,64.5942262025195
jam,2011,65.1100391483563
jam,2012,65.7056760455503
jam,2013,66.3247898613055
jam,2014,66.8610003818892
jam,2015,67.2429449980396
jam,2016,67.5307624364231
jor,1970,50.7275819078685
jor,1971,50.3345224883137
jor,1972,49.9936742975547
jor,1973,49.7399294622913
jor,1974,49.6137583529401
jor,1975,49.6221856612817
jor,1976,48.7680825482567
jor,1977,48.2592302407709
jor,1978,48.0097503170598
jor,1979,47.8943145819699
jor,1980,47.8317670574144
jor,1981,48.1666411370421
jor,1982,48.4153723183569
jor,1983,48.6532557067184
jor,1984,48.9623899629841
jor,1985,49.3433840299587
jor,1986,49.6004051406369
jor,1987,49.9774770238469
jor,1988,50.3888802805816
jor,1989,50.7453410477632
jor,1990,51.0377797786991
jor,1991,52.2792867223153
jor,1992,53.3592073782609
jor,1993,54.358217142137
jor,1994,55.366833994813
jor,1995,56.407613192842
jor,1996,56.5195331242885
jor,1997,56.7100286470098
jor,1998,56.9546290599345
jor,1999,57.2147116023673
jor,2000,57.4782143508004
jor,2001,57.7320957307641
jor,2002,58.035422491739
jor,2003,58.360216677593
jor,2004,58.6528096798989
jor,2005,58.8536519504084
jor,2006,59.017527457639
jor,2007,59.1356701254652
jor,2008,59.2109922275218
jor,2009,59.2707263738074
jor,2010,59.3312532457859
jor,2011,59.4273910707975
jor,2012,59.5602942882098
jor,2013,59.724448812047
jor,2014,59.931769880624
jor,2015,60.2096207767797
jor,2016,60.4335941044451
jpn,1970,69.0110925694095
jpn,1971,68.9206329372773
jpn,1972,68.6871669077719
jpn,1973,68.3735234273676
jpn,1974,68.0871593237011
jpn,1975,67.8922566194274
jpn,1976,67.5930521589442
jpn,1977,67.475462194416
jpn,1978,67.4778508610782
jpn,1979,67.5012563952783
jpn,1980,67.5017155396555
jpn,1981,67.6939450333063
jpn,1982,67.7805049948993
jpn,1983,67.8391064115789
jpn,1984,67.9814832036149
jpn,1985,68.2461934684615
jpn,1986,68.4399340278897
jpn,1987,68.7645735256894
jpn,1988,69.148294937056
jpn,1989,69.4676731364345
jpn,1990,69.6566086225961
jpn,1991,69.7716948409203
jpn,1992,69.7842843337827
jpn,1993,69.7101089900562
jpn,1994,69.5933064480829
jpn,1995,69.4567844363082
jpn,1996,69.2714469760103
jpn,1997,69.0432384111068
jpn,1998,68.7870568127144
jpn,1999,68.515615609234
jpn,2000,68.232188305271
jpn,2001,67.9139924690296
jpn,2002,67.6033720248273
jpn,2003,67.2819569297805
jpn,2004,66.924656654294
jpn,2005,66.5176871541976
jpn,2006,66.1349590588848
jpn,2007,65.7143629095748
jpn,2008,65.2491377163597
jpn,2009,64.7290748995818
jpn,2010,64.1463637017564
jpn,2011,63.53694524539
jpn,2012,62.8870380715539
jpn,2013,62.222578988928
jpn,2014,61.5826784719472
jpn,2015,60.9934148210465
jpn,2016,60.4996889474557
kaz,1970,57.0450822410625
kaz,1971,57.6639421464096
kaz,1972,58.168764337089
kaz,1973,58.6202938701088
kaz,1974,59.1251309707253
kaz,1975,59.7248095922519
kaz,1976,60.0729717322844
kaz,1977,60.5161622758136
kaz,1978,60.9720502600178
kaz,1979,61.3296463055823
kaz,1980,61.5577910180332
kaz,1981,61.8721825487789
kaz,1982,62.0743510006694
kaz,1983,62.1838756529474
kaz,1984,62.2656135844529
kaz,1985,62.3611912191676
kaz,1986,62.4629153091161
kaz,1987,62.5508429088522
kaz,1988,62.6168359801657
kaz,1989,62.6625604575976
kaz,1990,62.7167484328237
kaz,1991,62.5815318085828
kaz,1992,62.5606717216246
kaz,1993,62.6440562003665
kaz,1994,62.8245824215349
kaz,1995,63.1017447132378
kaz,1996,63.5514032278485
kaz,1997,64.0703625625668
kaz,1998,64.620268836948
kaz,1999,65.1465087968316
kaz,2000,65.6021509211141
kaz,2001,66.1293828292621
kaz,2002,66.5476184565439
kaz,2003,66.9304718747795
kaz,2004,67.3501272202448
kaz,2005,67.8217171015562
kaz,2006,68.1315448527649
kaz,2007,68.4966658470819
kaz,2008,68.852514340196
kaz,2009,69.0920006181351
kaz,2010,69.1386157282016
kaz,2011,68.7714162829226
kaz,2012,68.291577082188
kaz,2013,67.7158015365261
kaz,2014,67.0944206236824
kaz,2015,66.470157605379
kaz,2016,65.757108065184
ken,1970,47.4925909745148
ken,1971,47.3520769522558
ken,1972,47.2394288659582
ken,1973,47.1542999869432
ken,1974,47.1067070484963
ken,1975,47.0991676274331
ken,1976,46.9800890266737
ken,1977,46.9337932543073
ken,1978,46.9367951747511
ken,1979,46.962366751598
ken,1980,46.9979820505145
ken,1981,46.9576362156252
ken,1982,46.9473040981399
ken,1983,46.9740897235458
ken,1984,47.054310287744
ken,1985,47.1959076342569
ken,1986,47.2678923495627
ken,1987,47.419258519617
ken,1988,47.6417147072424
ken,1989,47.9333603793607
ken,1990,48.2953984374409
ken,1991,48.6380005159722
ken,1992,49.0866851095257
ken,1993,49.6027314315686
ken,1994,50.1300111802986
ken,1995,50.6346526218973
ken,1996,50.990907474115
ken,1997,51.2678509174896
ken,1998,51.5192592977521
ken,1999,51.8182100709347
ken,2000,52.1887915044103
ken,2001,52.3603465954934
ken,2002,52.6634168130683
ken,2003,53.0232119608383
ken,2004,53.3399680814768
ken,2005,53.5727272263249
ken,2006,53.7648713094148
ken,2007,53.8770730140641
ken,2008,53.956550885737
ken,2009,54.0829601380851
ken,2010,54.2946613594069
ken,2011,54.5345606906647
ken,2012,54.8752000985002
ken,2013,55.2793884754202
ken,2014,55.6886076361918
ken,2015,56.0747391109021
ken,2016,56.4827092776426
kgz,1970,52.063629849717
kgz,1971,52.4702386728983
kgz,1972,52.8557881331236
kgz,1973,53.2478845864319
kgz,1974,53.7047231806912
kgz,1975,54.2569803137392
kgz,1976,54.8113146203952
kgz,1977,55.4466189460859
kgz,1978,56.1161488069954
kgz,1979,56.7363872405027
kgz,1980,57.2582907525684
kgz,1981,57.6457257122003
kgz,1982,57.9212782764964
kgz,1983,58.0813099478166
kgz,1984,58.1660941391618
kgz,1985,58.2122538194579
kgz,1986,58.0514710122505
kgz,1987,57.9181442247368
kgz,1988,57.796260934896
kgz,1989,57.6659118507338
kgz,1990,57.534856810942
kgz,1991,57.2389866936855
kgz,1992,57.0181462888081
kgz,1993,56.886307272338
kgz,1994,56.8642876727698
kgz,1995,56.9610259287657
kgz,1996,57.3158972289702
kgz,1997,57.7576090638506
kgz,1998,58.2747500247035
kgz,1999,58.8694930745512
kgz,2000,59.5530367722759
kgz,2001,60.1409143209493
kgz,2002,60.8180597180308
kgz,2003,61.612315699736
kgz,2004,62.4965734927983
kgz,2005,63.4006911797737
kgz,2006,64.0009518738065
kgz,2007,64.5743893697541
kgz,2008,65.0487411003642
kgz,2009,65.3841825755447
kgz,2010,65.5791405071282
kgz,2011,65.5624949038436
kgz,2012,65.4383862449563
kgz,2013,65.2281885665385
kgz,2014,64.9515998258571
kgz,2015,64.6215322703426
kgz,2016,64.1285859979643
khm,1970,51.8958953789989
khm,1971,52.1485835380314
khm,1972,52.3108559931355
khm,1973,52.4453811019721
khm,1974,52.7209064315062
khm,1975,53.274662074633
khm,1976,53.6748908160386
khm,1977,54.3981127226231
khm,1978,55.3039249429881
khm,1979,56.0199824959623
khm,1980,56.2229802960413
khm,1981,56.693028785632
khm,1982,56.4024289324484
khm,1983,55.6809792534732
khm,1984,55.0560238967964
khm,1985,54.7561266219092
khm,1986,53.8170613908121
khm,1987,53.5647167039387
khm,1988,53.6028370610726
khm,1989,53.4155231718815
khm,1990,52.8144363604998
khm,1991,52.431889562329
khm,1992,51.7047542671083
khm,1993,50.9085774619982
khm,1994,50.4465275914324
khm,1995,50.4916479546082
khm,1996,50.6807435479974
khm,1997,51.398695807675
khm,1998,52.5706088057336
khm,1999,53.9486652065075
khm,2000,55.3291732614109
khm,2001,56.5078190454436
khm,2002,57.4490200779138
khm,2003,58.1877137418109
khm,2004,58.8524008761288
khm,2005,59.5471538072407
khm,2006,60.2995334368524
khm,2007,61.0424318217862
khm,2008,61.7702852251311
khm,2009,62.419199205576
khm,2010,62.9400003075044
khm,2011,63.2826533376311
khm,2012,63.6440974696529
khm,2013,63.9594221861169
khm,2014,64.1739425399734
khm,2015,64.2785256902872
khm,2016,64.3503737064921
kir,1970,51.6979952323264
kir,1971,52.3075444497837
kir,1972,52.9532030895048
kir,1973,53.6471158868741
kir,1974,54.3416697315189
kir,1975,55.0218419764723
kir,1976,55.6603605052075
kir,1977,56.1520859003697
kir,1978,56.5381013492421
kir,1979,56.8847639558336
kir,1980,57.2254335260116
kir,1981,57.0418904761113
kir,1982,57.0682862770847
kir,1983,57.2108535163839
kir,1984,57.2851111288138
kir,1985,57.1582582066466
kir,1986,57.2453371592539
kir,1987,57.0642720149864
kir,1988,56.7252308315725
kir,1989,56.4338131526955
kir,1990,56.2876318842181
kir,1991,55.8358208955224
kir,1992,55.555109737993
kir,1993,55.4378689628759
kir,1994,55.4081725815497
kir,1995,55.4136112183198
kir,1996,55.5311949510183
kir,1997,55.6544946622768
kir,1998,55.8503985285101
kir,1999,56.2049514258853
kir,2000,56.7151624292112
kir,2001,57.0150713969578
kir,2002,57.6497257937098
kir,2003,58.4577310309916
kir,2004,59.1427182964812
kir,2005,59.5353371242892
kir,2006,60.2408232548271
kir,2007,60.3337105834225
kir,2008,60.1605038602194
kir,2009,60.1284702887598
kir,2010,60.3953162140046
kir,2011,60.2851245986852
kir,2012,60.57141249191
kir,2013,61.0356106325149
kir,2014,61.3409621756686
kir,2015,61.3520510288505
kir,2016,61.3829275755059
kor,1970,54.6653865400548
kor,1971,55.2017082432339
kor,1972,55.8344144564244
kor,1973,56.5419810666872
kor,1974,57.2922915780096
kor,1975,58.0737878423547
kor,1976,58.791738235784
kor,1977,59.6166531689892
kor,1978,60.4789744255064
kor,1979,61.2905307471886
kor,1980,62.0122156851656
kor,1981,62.820261735614
kor,1982,63.4754640463538
kor,1983,64.0593092819626
kor,1984,64.7060980857238
kor,1985,65.4781180883848
kor,1986,66.0948415456044
kor,1987,66.9303657233234
kor,1988,67.8676043677339
kor,1989,68.7061038229537
kor,1990,69.3370061937001
kor,1991,70.023892931597
kor,1992,70.3694952333053
kor,1993,70.514850083754
kor,1994,70.6890315718251
kor,1995,70.9954793095091
kor,1996,71.0404081214386
kor,1997,71.3383492410947
kor,1998,71.7500715565739
kor,1999,72.0654824740111
kor,2000,72.1995921522654
kor,2001,72.3769694615205
kor,2002,72.3731900398431
kor,2003,72.2771992291064
kor,2004,72.2340984075597
kor,2005,72.3077844097715
kor,2006,72.442805723063
kor,2007,72.6172750232158
kor,2008,72.8265607265164
kor,2009,73.0303167276397
kor,2010,73.1933023838889
kor,2011,73.2698640069078
kor,2012,73.3358765624223
kor,2013,73.3552482216096
kor,2014,73.2917367595001
kor,2015,73.1299307806579
kor,2016,72.9130769798243
kwt,1970,54.0914368203201
kwt,1971,53.7576359746462
kwt,1972,53.4041497582506
kwt,1973,53.0956940958922
kwt,1974,52.9538760035405
kwt,1975,53.0299334595196
kwt,1976,53.8389785615066
kwt,1977,54.8685301110686
kwt,1978,56.0164092404617
kwt,1979,57.1105415705214
kwt,1980,58.0352367308452
kwt,1981,58.9381361352912
kwt,1982,59.5760378055123
kwt,1983,60.0241801095507
kwt,1984,60.4724027121092
kwt,1985,61.0293077491929
kwt,1986,61.1677436747898
kwt,1987,61.6153921381916
kwt,1988,62.2466691353362
kwt,1989,62.9601246010839
kwt,1990,63.7844080938648
kwt,1991,64.9151307609666
kwt,1992,65.9274434405546
kwt,1993,66.8160642651636
kwt,1994,67.5377359170928
kwt,1995,67.9250812249208
kwt,1996,68.5225587409759
kwt,1997,69.0393712171649
kwt,1998,69.4023970336858
kwt,1999,69.6872256735337
kwt,2000,70.0302963660452
kwt,2001,70.3415973129227
kwt,2002,70.7825656196169
kwt,2003,71.2713185728024
kwt,2004,71.663483456744
kwt,2005,71.8643359045393
kwt,2006,72.6992190161943
kwt,2007,73.3554232027515
kwt,2008,73.8498457965419
kwt,2009,74.3046231223876
kwt,2010,74.7958278673406
kwt,2011,75.2036868103957
kwt,2012,75.7111353781236
kwt,2013,76.2476499874249
kwt,2014,76.7069491995929
kwt,2015,77.04999296203
kwt,2016,76.8268344345238
lac,1970,53.330674137707
lac,1971,53.4800821210879
lac,1972,53.6339076982095
lac,1973,53.8053091490571
lac,1974,54.0183201791975
lac,1975,54.2800647781685
lac,1976,54.4908631615161
lac,1977,54.7433413615971
lac,1978,55.0275236904122
lac,1979,55.3287500690388
lac,1980,55.6385291230011
lac,1981,55.8957356397732
lac,1982,56.1748801301782
lac,1983,56.4674413493715
lac,1984,56.7693263763291
lac,1985,57.0805079634684
lac,1986,57.365289901463
lac,1987,57.6666624358646
lac,1988,57.9818721101605
lac,1989,58.308031406396
lac,1990,58.6436301680785
lac,1991,58.9678128923634
lac,1992,59.3010752375666
lac,1993,59.6469541728784
lac,1994,60.0090082051976
lac,1995,60.3865823334841
lac,1996,60.7281653403408
lac,1997,61.0785060924787
lac,1998,61.4348699856534
lac,1999,61.7940648351378
lac,2000,62.1543039851538
lac,2001,62.4861836281771
lac,2002,62.8272198541084
lac,2003,63.1718833163004
lac,2004,63.5137333218429
lac,2005,63.8494100960352
lac,2006,64.2043584716854
lac,2007,64.5506429824564
lac,2008,64.8884600908696
lac,2009,65.2171440942079
lac,2010,65.5324031801123
lac,2011,65.8227664916137
lac,2012,66.0916612427469
lac,2013,66.338198273334
lac,2014,66.5611210793052
lac,2015,66.7582452916949
lac,2016,66.8927551192946
lao,1970,54.7191890576947
lao,1971,54.5779278961287
lao,1972,54.459858893898
lao,1973,54.3643362231942
lao,1974,54.3079574652328
lao,1975,54.3067404165125
lao,1976,53.7485483093915
lao,1977,53.2609742455137
lao,1978,52.8348359322314
lao,1979,52.4441528898822
lao,1980,52.0708108665547
lao,1981,51.9824864888937
lao,1982,51.9283544070078
lao,1983,51.906531189174
lao,1984,51.9191073117998
lao,1985,51.9603850214946
lao,1986,51.9575292109236
lao,1987,51.990147402298
lao,1988,52.0489914297334
lao,1989,52.1232802565624
lao,1990,52.2075993454929
lao,1991,52.0465298181103
lao,1992,51.9339067063229
lao,1993,51.875227111488
lao,1994,51.8917048844185
lao,1995,52.0036282521384
lao,1996,51.9736220996615
lao,1997,52.092773704598
lao,1998,52.3335280617648
lao,1999,52.6591575652073
lao,2000,53.0537195851466
lao,2001,53.5695737868654
lao,2002,54.0990960427106
lao,2003,54.675951348972
lao,2004,55.3335139872948
lao,2005,56.0683597884333
lao,2006,56.8820738556518
lao,2007,57.7055279457903
lao,2008,58.5181397147149
lao,2009,59.293703742956
lao,2010,60.0216224904639
lao,2011,60.5697461761586
lao,2012,61.1099567291212
lao,2013,61.6151648218655
lao,2014,62.0495538818596
lao,2015,62.4025449105615
lao,2016,62.7756644259334
lbn,1970,53.0553162742574
lbn,1971,53.50641901294
lbn,1972,53.93785417102
lbn,1973,54.3520268148244
lbn,1974,54.7866946795835
lbn,1975,55.2705100380869
lbn,1976,55.3438830890633
lbn,1977,55.3880887307715
lbn,1978,55.4285922686973
lbn,1979,55.4798226058436
lbn,1980,55.5517172156836
lbn,1981,56.0961362088918
lbn,1982,56.6327391200619
lbn,1983,57.1408581174763
lbn,1984,57.6159821836969
lbn,1985,58.0696731616393
lbn,1986,58.4318039203968
lbn,1987,58.8268050010235
lbn,1988,59.2465670008637
lbn,1989,59.6440266681113
lbn,1990,59.9602814041796
lbn,1991,60.4389452061463
lbn,1992,60.8897245861066
lbn,1993,61.299706913895
lbn,1994,61.7136191270204
lbn,1995,62.186151881358
lbn,1996,62.4844999609243
lbn,1997,62.8745064943884
lbn,1998,63.3469184325636
lbn,1999,63.8349374621037
lbn,2000,64.2541523895597
lbn,2001,64.0902192621774
lbn,2002,64.0380182222453
lbn,2003,64.073269387464
lbn,2004,64.247332633235
lbn,2005,64.6281326720932
lbn,2006,65.1757427877802
lbn,2007,65.8841649483931
lbn,2008,66.6900913562895
lbn,2009,67.4174953073708
lbn,2010,67.8823907269789
lbn,2011,68.0517125043152
lbn,2012,68.0518728729372
lbn,2013,67.9209575554074
lbn,2014,67.8134356686505
lbn,2015,67.8664317175196
lbn,2016,68.1127040815308
lbr,1970,54.0791611043615
lbr,1971,53.8086285361416
lbr,1972,53.6009977833731
lbr,1973,53.4439487529222
lbr,1974,53.3268269079744
lbr,1975,53.2420356021767
lbr,1976,52.9709980266699
lbr,1977,52.779936401802
lbr,1978,52.6472740247598
lbr,1979,52.5420648635571
lbr,1980,52.4424433648217
lbr,1981,52.1965755552104
lbr,1982,51.9757856140955
lbr,1983,51.7977698533129
lbr,1984,51.7265383687286
lbr,1985,51.8352333236795
lbr,1986,51.6593220285099
lbr,1987,51.5878199361668
lbr,1988,51.6342969576322
lbr,1989,51.7801573990453
lbr,1990,51.9932940180199
lbr,1991,52.0879089943197
lbr,1992,52.3251508234667
lbr,1993,52.640672556603
lbr,1994,52.9019790002906
lbr,1995,52.9458177114631
lbr,1996,53.1192568019317
lbr,1997,53.2632398390651
lbr,1998,53.3483702081721
lbr,1999,53.4509555248859
lbr,2000,53.6710761783062
lbr,2001,53.5759371368432
lbr,2002,53.553260462515
lbr,2003,53.6035976770672
lbr,2004,53.6627467326363
lbr,2005,53.6607966932722
lbr,2006,53.5808294118379
lbr,2007,53.5160088495877
lbr,2008,53.466359340572
lbr,2009,53.473803681883
lbr,2010,53.5806490422669
lbr,2011,53.6751686110177
lbr,2012,53.8268585215624
lbr,2013,54.0401713276117
lbr,2014,54.301316612678
lbr,2015,54.5913311365557
lbr,2016,54.84900482745
lby,1970,50.7320745095209
lby,1971,50.2603958627487
lby,1972,49.8861864068159
lby,1973,49.5862808057579
lby,1974,49.3497545023667
lby,1975,49.179797356585
lby,1976,49.0219973456236
lby,1977,48.9511756024926
lby,1978,48.971817932505
lby,1979,49.1021978351997
lby,1980,49.3494883934168
lby,1981,49.795491401618
lby,1982,50.3528849971872
lby,1983,50.9898085284792
lby,1984,51.6697426946005
lby,1985,52.3724753670897
lby,1986,52.8508926195448
lby,1987,53.343270791101
lby,1988,53.8701142872578
lby,1989,54.4646532594549
lby,1990,55.1403183610377
lby,1991,55.7695553521747
lby,1992,56.517668013186
lby,1993,57.3343071262335
lby,1994,58.1507776617234
lby,1995,58.9348160906951
lby,1996,59.673177539435
lby,1997,60.3543413488718
lby,1998,61.0089650624713
lby,1999,61.687475339689
lby,2000,62.4067100953722
lby,2001,63.1366479149412
lby,2002,63.8910613539719
lby,2003,64.6345624036673
lby,2004,65.317588350358
lby,2005,65.9165485867701
lby,2006,66.3159075973806
lby,2007,66.6444513749752
lby,2008,66.9131803687314
lby,2009,67.1503579531169
lby,2010,67.3792619392654
lby,2011,67.3514866631975
lby,2012,67.2973600001807
lby,2013,67.229360374566
lby,2014,67.1541017661201
lby,2015,67.0749027057934
lby,2016,67.2203548784706
lca,1970,45.3004992319509
lca,1971,45.9047347945725
lca,1972,46.5022779578226
lca,1973,47.1293246236019
lca,1974,47.7886706224892
lca,1975,48.4335285918611
lca,1976,48.9551111430832
lca,1977,49.4633567016157
lca,1978,49.9895238594102
lca,1979,50.5322899647433
lca,1980,51.0776610982566
lca,1981,51.8888907470274
lca,1982,52.5900919490896
lca,1983,53.1635978491119
lca,1984,53.5840537326863
lca,1985,53.8515084877154
lca,1986,54.6956514978347
lca,1987,55.2871773738114
lca,1988,55.6723806100365
lca,1989,55.8938185883668
lca,1990,55.9887107862648
lca,1991,56.3964439624418
lca,1992,56.6919147437027
lca,1993,56.9191655347752
lca,1994,57.1261368565272
lca,1995,57.3440602812763
lca,1996,57.7286515798233
lca,1997,58.2105555776181
lca,1998,58.7832853515077
lca,1999,59.4398473951486
lca,2000,60.1819699392796
lca,2001,60.9974505250404
lca,2002,61.9148363513454
lca,2003,62.9074441055332
lca,2004,63.9379726473181
lca,2005,64.9565706048353
lca,2006,65.7777482210547
lca,2007,66.4787671560423
lca,2008,67.1019973998345
lca,2009,67.6550385330542
lca,2010,68.1208714798934
lca,2011,68.7594919232362
lca,2012,69.3356593359453
lca,2013,69.8736194922009
lca,2014,70.3873121680525
lca,2015,70.8610317935059
lca,2016,71.1293992079319
lcn,1970,53.569510081576
lcn,1971,53.725992915611
lcn,1972,53.8871937392987
lcn,1973,54.0655955979309
lcn,1974,54.2845338072971
lcn,1975,54.5510952055824
lcn,1976,54.7659693133705
lcn,1977,55.0212931014955
lcn,1978,55.3075411392064
lcn,1979,55.6100015740161
lcn,1980,55.9198147679877
lcn,1981,56.1789076800182
lcn,1982,56.4575541378333
lcn,1983,56.7479916796629
lcn,1984,57.0467172034784
lcn,1985,57.3536949413321
lcn,1986,57.6325212748854
lcn,1987,57.926807513307
lcn,1988,58.233752169705
lcn,1989,58.5504027978566
lcn,1990,58.8753892888647
lcn,1991,59.1882309287043
lcn,1992,59.5103122396495
lcn,1993,59.8449661876381
lcn,1994,60.1956902145148
lcn,1995,60.5621191458062
lcn,1996,60.8948671468128
lcn,1997,61.2365710659993
lcn,1998,61.5850626379697
lcn,1999,61.9377151196562
lcn,2000,62.2927136859615
lcn,2001,62.6214648380711
lcn,2002,62.9600719927418
lcn,2003,63.3027584553036
lcn,2004,63.6423961273492
lcn,2005,63.9749400707954
lcn,2006,64.3235191069857
lcn,2007,64.6628355916423
lcn,2008,64.993342090543
lcn,2009,65.3146996420918
lcn,2010,65.6227595519166
lcn,2011,65.9040527622158
lcn,2012,66.1652829076054
lcn,2013,66.4047895491218
lcn,2014,66.6202806382545
lcn,2015,66.8090797882541
lcn,2016,66.9364512157175
ldc,1970,52.8462054167889
ldc,1971,52.6374075956756
ldc,1972,52.5028738570244
ldc,1973,52.4268223175146
ldc,1974,52.3900916082281
ldc,1975,52.3809095206408
ldc,1976,52.2306528403546
ldc,1977,52.140855676067
ldc,1978,52.0969104733801
ldc,1979,52.0922631507318
ldc,1980,52.1235224997415
ldc,1981,51.9833646622876
ldc,1982,51.91921753306
ldc,1983,51.9145912908373
ldc,1984,51.9533478089922
ldc,1985,52.0257463228883
ldc,1986,51.9486542862205
ldc,1987,51.9415040243521
ldc,1988,51.9888597218888
ldc,1989,52.0791618638797
ldc,1990,52.2056477770239
ldc,1991,52.2537513310546
ldc,1992,52.3502894114652
ldc,1993,52.4897911620603
ldc,1994,52.6707960273581
ldc,1995,52.8917719933106
ldc,1996,52.9682917591272
ldc,1997,53.0994752992723
ldc,1998,53.2721118442085
ldc,1999,53.4704397559663
ldc,2000,53.6830876987657
ldc,2001,53.7958330861523
ldc,2002,53.9360585441947
ldc,2003,54.0935967131811
ldc,2004,54.2635565400939
ldc,2005,54.4465880880504
ldc,2006,54.5323269953331
ldc,2007,54.6464998254582
ldc,2008,54.7867591329092
ldc,2009,54.9503783118933
ldc,2010,55.1355264038523
ldc,2011,55.32657195368
ldc,2012,55.5436558557182
ldc,2013,55.7823982318665
ldc,2014,56.0393667348635
ldc,2015,56.3110750085875
ldc,2016,56.5480914155343
lic,1970,53.1647589593131
lic,1971,52.8997252417251
lic,1972,52.7710019924184
lic,1973,52.7357163549501
lic,1974,52.7405003243742
lic,1975,52.7598887211175
lic,1976,52.6195868345569
lic,1977,52.5182591004955
lic,1978,52.4490368440242
lic,1979,52.4174153176267
lic,1980,52.4271083920172
lic,1981,52.2763676615273
lic,1982,52.1837291519236
lic,1983,52.1450610555763
lic,1984,52.1555792832121
lic,1985,52.2059929773284
lic,1986,52.0654796826059
lic,1987,52.0128592511907
lic,1988,52.0178326390254
lic,1989,52.0489123063003
lic,1990,52.0915972237465
lic,1991,52.0370414955039
lic,1992,52.01716245434
lic,1993,52.0294884174084
lic,1994,52.0807986400543
lic,1995,52.1738070137654
lic,1996,52.0915442948491
lic,1997,52.0679426316046
lic,1998,52.0877160550259
lic,1999,52.1351392006307
lic,2000,52.2021261415391
lic,2001,52.1789242078379
lic,2002,52.1991718309238
lic,2003,52.2495356941926
lic,2004,52.3196761061299
lic,2005,52.4065284432879
lic,2006,52.4140636017278
lic,2007,52.4528066736838
lic,2008,52.5231768384686
lic,2009,52.6280535027213
lic,2010,52.7674103560666
lic,2011,52.896238799728
lic,2012,53.067566978806
lic,2013,53.2731275522868
lic,2014,53.5042757240664
lic,2015,53.7553393690718
lic,2016,53.9752489302317
lka,1970,56.0355656477669
lka,1971,56.3345466628783
lka,1972,56.7929381588991
lka,1973,57.3417379466344
lka,1974,57.8691682838362
lka,1975,58.3160168027114
lka,1976,58.7072178277929
lka,1977,58.9855010119614
lka,1978,59.2037390348946
lka,1979,59.444855083376
lka,1980,59.7442074465198
lka,1981,59.8924364602465
lka,1982,60.1237863662767
lka,1983,60.4002708242909
lka,1984,60.6683404150426
lka,1985,60.9093155439043
lka,1986,61.1768585945369
lka,1987,61.4592611880926
lka,1988,61.7580516365502
lka,1989,62.0799670942993
lka,1990,62.4265502838968
lka,1991,62.8331961107738
lka,1992,63.2035027829046
lka,1993,63.5714068981273
lka,1994,63.981010863533
lka,1995,64.4502823212495
lka,1996,64.9028582439044
lka,1997,65.4368128604409
lka,1998,66.0162801608835
lka,1999,66.5646442681258
lka,2000,67.0275878878953
lka,2001,67.2814924548939
lka,2002,67.4354094851333
lka,2003,67.5093143190478
lka,2004,67.545976681011
lka,2005,67.5667792325952
lka,2006,67.490127554181
lka,2007,67.4406910295193
lka,2008,67.4023274637027
lka,2009,67.3451610618256
lka,2010,67.2542261242785
lka,2011,67.0294935022698
lka,2012,66.7799225001475
lka,2013,66.5293417773355
lka,2014,66.306880808768
lka,2015,66.1259561147898
lka,2016,66.0176035839521
lmc,1970,54.6702306376861
lmc,1971,54.6693870173126
lmc,1972,54.712741895584
lmc,1973,54.7949400945987
lmc,1974,54.9161235717842
lmc,1975,55.0728578879229
lmc,1976,55.1022262661261
lmc,1977,55.1916446846857
lmc,1978,55.3233066263696
lmc,1979,55.4765033073424
lmc,1980,55.6381503312465
lmc,1981,55.6923186627949
lmc,1982,55.768884387475
lmc,1983,55.8676658871845
lmc,1984,55.995688926825
lmc,1985,56.1560395321984
lmc,1986,56.200550074725
lmc,1987,56.309356813837
lmc,1988,56.4666243684742
lmc,1989,56.6544484078004
lmc,1990,56.8575632848846
lmc,1991,57.0019502100038
lmc,1992,57.1810290428674
lmc,1993,57.3987955202457
lmc,1994,57.6632670766664
lmc,1995,57.9767615807277
lmc,1996,58.2431192772176
lmc,1997,58.5576153844451
lmc,1998,58.9114608919707
lmc,1999,59.2880739943016
lmc,2000,59.6728404537648
lmc,2001,59.9575519445653
lmc,2002,60.2568519439614
lmc,2003,60.5673053510495
lmc,2004,60.8858425973914
lmc,2005,61.2092990568686
lmc,2006,61.4817412867548
lmc,2007,61.7597964270589
lmc,2008,62.0399138646915
lmc,2009,62.319733188322
lmc,2010,62.5976080224255
lmc,2011,62.8140337609272
lmc,2012,63.0381498884361
lmc,2013,63.2634423037267
lmc,2014,63.4807654544147
lmc,2015,63.6853042144125
lmc,2016,63.8461178926739
lmy,1970,55.4350051319431
lmy,1971,55.4310023542556
lmy,1972,55.4575693588327
lmy,1973,55.5168237572581
lmy,1974,55.6328195233787
lmy,1975,55.8195980333214
lmy,1976,55.9761545503152
lmy,1977,56.2031608836383
lmy,1978,56.4900476007439
lmy,1979,56.816794652203
lmy,1980,57.1649039047682
lmy,1981,57.4768031038993
lmy,1982,57.7892291585243
lmy,1983,58.1020874099089
lmy,1984,58.4147674523874
lmy,1985,58.7205360390477
lmy,1986,58.8694860410405
lmy,1987,59.0362119532562
lmy,1988,59.2100301948011
lmy,1989,59.3901462826951
lmy,1990,59.580382310664
lmy,1991,59.6477469101622
lmy,1992,59.8020846449871
lmy,1993,60.0143241006247
lmy,1994,60.2497572427267
lmy,1995,60.4964942689958
lmy,1996,60.8142750002408
lmy,1997,61.0961458615902
lmy,1998,61.3820541246013
lmy,1999,61.7241359365227
lmy,2000,62.1350304839804
lmy,2001,62.4667149957771
lmy,2002,62.8632453396768
lmy,2003,63.2963323048189
lmy,2004,63.7164865609695
lmy,2005,64.095504384043
lmy,2006,64.3705940065228
lmy,2007,64.6235642888829
lmy,2008,64.8443757886949
lmy,2009,65.0317443610139
lmy,2010,65.1857995024064
lmy,2011,65.2736216352777
lmy,2012,65.3385115957958
lmy,2013,65.3803397382379
lmy,2014,65.4009941154486
lmy,2015,65.4029081478289
lmy,2016,65.3504753794233
lso,1970,51.7581917622574
lso,1971,51.6016361089589
lso,1972,51.4753702361707
lso,1973,51.381096853721
lso,1974,51.3174742293267
lso,1975,51.2819443177028
lso,1976,51.2466909605051
lso,1977,51.2634219222183
lso,1978,51.3207040323255
lso,1979,51.407849996436
lso,1980,51.5217713213619
lso,1981,51.3776243032247
lso,1982,51.2712128978485
lso,1983,51.2085953380472
lso,1984,51.2005169836335
lso,1985,51.2581239403556
lso,1986,51.3059543517699
lso,1987,51.3912524746634
lso,1988,51.4925864144254
lso,1989,51.5988355492499
lso,1990,51.7168369350935
lso,1991,52.0788098257773
lso,1992,52.4351261846021
lso,1993,52.7816429677916
lso,1994,53.1261816231656
lso,1995,53.4779110902434
lso,1996,53.5711667999237
lso,1997,53.6784440137358
lso,1998,53.8120502506965
lso,1999,53.9913765105832
lso,2000,54.2358079069984
lso,2001,54.4693272108825
lso,2002,54.801735992834
lso,2003,55.2011186087044
lso,2004,55.6244208078903
lso,2005,56.0468786787468
lso,2006,56.5805311391277
lso,2007,57.0624233524207
lso,2008,57.5026125914407
lso,2009,57.9222358854383
lso,2010,58.3241487225754
lso,2011,58.6721707459575
lso,2012,59.0147603171018
lso,2013,59.3439191521899
lso,2014,59.6436735274037
lso,2015,59.9077090743547
lso,2016,59.9923496509018
ltu,1970,62.8210981387371
ltu,1971,62.8860678514772
ltu,1972,62.9630219238938
ltu,1973,63.0803115859798
ltu,1974,63.2741670699942
ltu,1975,63.5545836411405
ltu,1976,63.7832905603625
ltu,1977,64.1265724962747
ltu,1978,64.5362533500523
ltu,1979,64.9478029916809
ltu,1980,65.3260692459016
ltu,1981,65.7340468071046
ltu,1982,66.0886171509727
ltu,1983,66.3843179842004
ltu,1984,66.6270173466483
ltu,1985,66.8115784994144
ltu,1986,66.81629334657
ltu,1987,66.7935461033576
ltu,1988,66.738709139563
ltu,1989,66.6528447489068
ltu,1990,66.5564223705734
ltu,1991,66.3602755734826
ltu,1992,66.1820178411648
ltu,1993,66.0414907780563
ltu,1994,65.9615678678832
ltu,1995,65.951488473232
ltu,1996,65.8565464537585
ltu,1997,65.811764784754
ltu,1998,65.827776344795
ltu,1999,65.9082653241067
ltu,2000,66.0519698957832
ltu,2001,66.3081162949168
ltu,2002,66.5514286361232
ltu,2003,66.7879000173386
ltu,2004,67.0191634837944
ltu,2005,67.241463860977
ltu,2006,67.3833138953607
ltu,2007,67.5440041397618
ltu,2008,67.7125215460456
ltu,2009,67.8605781671891
ltu,2010,67.9635687653799
ltu,2011,67.7933011048154
ltu,2012,67.5910347729489
ltu,2013,67.3495513012564
ltu,2014,67.0619606826283
ltu,2015,66.7187029959146
ltu,2016,66.4645633850471
lux,1970,65.2387036753536
lux,1971,65.2752859221684
lux,1972,65.4236561258523
lux,1973,65.6547176260078
lux,1974,65.9377144500539
lux,1975,66.2551591460607
lux,1976,66.4710963529689
lux,1977,66.6675023957567
lux,1978,66.8848127663935
lux,1979,67.1867118352541
lux,1980,67.6022832781193
lux,1981,67.9391196361653
lux,1982,68.3832833924042
lux,1983,68.8564350337389
lux,1984,69.2554572916524
lux,1985,69.5208839851288
lux,1986,69.6364731220129
lux,1987,69.6627124216472
lux,1988,69.595956356016
lux,1989,69.4524312560563
lux,1990,69.2470487779963
lux,1991,68.9705242887315
lux,1992,68.6459169021498
lux,1993,68.2898616466319
lux,1994,67.9477080656904
lux,1995,67.6561745833017
lux,1996,67.3842207348327
lux,1997,67.2060651373656
lux,1998,67.0946122071328
lux,1999,67.0228306690597
lux,2000,66.9823413276221
lux,2001,66.8942157847151
lux,2002,66.8439532504293
lux,2003,66.8379824824176
lux,2004,66.8787722517203
lux,2005,66.9567230616676
lux,2006,67.2547115909218
lux,2007,67.5698619402514
lux,2008,67.8745838529803
lux,2009,68.1413076112429
lux,2010,68.3629690739512
lux,2011,68.645480929567
lux,2012,68.9164085524252
lux,2013,69.1752291540073
lux,2014,69.4172017342661
lux,2015,69.6279252780371
lux,2016,69.435185941047
lva,1970,66.3836297217387
lva,1971,66.3177917057209
lva,1972,66.2190320589083
lva,1973,66.1315119911275
lva,1974,66.1218883854379
lva,1975,66.2112320384088
lva,1976,66.0617819570773
lva,1977,66.0859421944357
lva,1978,66.2327428468903
lva,1979,66.4199845923236
lva,1980,66.6011339006141
lva,1981,66.7976814026637
lva,1982,66.9068610895269
lva,1983,66.9557380513045
lva,1984,66.9949810986827
lva,1985,67.0345569952312
lva,1986,66.9184455475489
lva,1987,66.8466126790562
lva,1988,66.7917568771627
lva,1989,66.7271663906328
lva,1990,66.6680553303668
lva,1991,66.2885708332327
lva,1992,65.9638064517606
lva,1993,65.7177705070374
lva,1994,65.5746018866011
lva,1995,65.5396330755803
lva,1996,65.7652315108973
lva,1997,66.0494712840082
lva,1998,66.3847273885261
lva,1999,66.7589251232304
lva,2000,67.1550141496198
lva,2001,67.4446734334544
lva,2002,67.6947659413194
lva,2003,67.9387624551398
lva,2004,68.1975377985875
lva,2005,68.4626393716116
lva,2006,68.3338703581619
lva,2007,68.249657269124
lva,2008,68.1566807757884
lva,2009,67.9907649667251
lva,2010,67.7325603346724
lva,2011,67.3592695411645
lva,2012,66.9324623712842
lva,2013,66.4732279359305
lva,2014,66.0188232376465
lva,2015,65.5854000400469
lva,2016,65.2335666039086
mac,1970,57.093767135807
mac,1971,59.438206312641
mac,1972,61.4888630726744
mac,1973,63.2892887947616
mac,1974,64.976830246762
mac,1975,66.5845845680136
mac,1976,67.5207562164084
mac,1977,68.4294133800883
mac,1978,69.0996522079269
mac,1979,69.231651230046
mac,1980,68.7440680670928
mac,1981,69.3768563059973
mac,1982,69.3709472611546
mac,1983,69.0781886381836
mac,1984,68.9264061942771
mac,1985,69.0360073488703
mac,1986,68.3837430709862
mac,1987,68.2309626145487
mac,1988,68.2710197365346
mac,1989,68.1908435240507
mac,1990,67.9392908543765
mac,1991,67.7349871665857
mac,1992,67.4650098355952
mac,1993,67.2281251265712
mac,1994,67.1756270504815
mac,1995,67.3563468728448
mac,1996,67.6347356358638
mac,1997,68.0033568746202
mac,1998,68.4647799003018
mac,1999,69.0375629473202
mac,2000,69.7534224810096
mac,2001,70.7912463676809
mac,2002,72.0373984174508
mac,2003,73.3917639363073
mac,2004,74.7294003856164
mac,2005,75.9600380471611
mac,2006,77.2097218843753
mac,2007,78.3017051623288
mac,2008,79.2115454906017
mac,2009,79.9348198121882
mac,2010,80.4528753056508
mac,2011,80.4726275346308
mac,2012,80.3667708979594
mac,2013,80.0965891626334
mac,2014,79.6318155647006
mac,2015,78.975674857141
mac,2016,78.0211935631943
mar,1970,48.9625005187497
mar,1971,49.1567973912104
mar,1972,49.4383978247863
mar,1973,49.7980399626609
mar,1974,50.2298735876126
mar,1975,50.7205806344277
mar,1976,51.2372579411045
mar,1977,51.7885008926072
mar,1978,52.3538184559692
mar,1979,52.9048990431373
mar,1980,53.4207029654123
mar,1981,53.7659980807934
mar,1982,54.0947920850816
mar,1983,54.4050672917233
mar,1984,54.7088182429946
mar,1985,55.0207619556066
mar,1986,55.2138068492636
mar,1987,55.4804018390514
mar,1988,55.7904324462833
mar,1989,56.0999584336407
mar,1990,56.3921351609638
mar,1991,56.7555642841643
mar,1992,57.0478817551244
mar,1993,57.3340889463319
mar,1994,57.7042873286912
mar,1995,58.1969048316927
mar,1996,58.661184534076
mar,1997,59.2696782756468
mar,1998,59.9586168902842
mar,1999,60.6226107581053
mar,2000,61.2070259085899
mar,2001,61.8163965853823
mar,2002,62.2932256740632
mar,2003,62.6876273060086
mar,2004,63.0772962315045
mar,2005,63.4940911311432
mar,2006,63.8752793790967
mar,2007,64.3017758249959
mar,2008,64.732591265808
mar,2009,65.0984996919496
mar,2010,65.3634247515068
mar,2011,65.6375762455034
mar,2012,65.8041994565934
mar,2013,65.8833708516975
mar,2014,65.921268560405
mar,2015,65.9443946184218
mar,2016,65.8717832174394
mda,1970,61.5537604763699
mda,1971,62.278940880281
mda,1972,62.8898135646033
mda,1973,63.3972326568794
mda,1974,63.8617386784303
mda,1975,64.3276607161929
mda,1976,64.4967547918504
mda,1977,64.7776683328884
mda,1978,65.1105237256921
mda,1979,65.3816096893551
mda,1980,65.5247917746303
mda,1981,65.6036616948454
mda,1982,65.5767586927266
mda,1983,65.4806862570013
mda,1984,65.3676594586722
mda,1985,65.2486312894492
mda,1986,64.9108369884545
mda,1987,64.5491594973305
mda,1988,64.2197545944402
mda,1989,63.9601992705316
mda,1990,63.7924381478402
mda,1991,63.6269205670963
mda,1992,63.620522691748
mda,1993,63.7609107733825
mda,1994,64.0218227735036
mda,1995,64.3879742304939
mda,1996,64.8003105662039
mda,1997,65.2518558641901
mda,1998,65.7653474350643
mda,1999,66.3834700077386
mda,2000,67.122358036214
mda,2001,67.9126174738771
mda,2002,68.8029495649109
mda,2003,69.7521553842296
mda,2004,70.6872727770221
mda,2005,71.5577053557749
mda,2006,72.0356935192401
mda,2007,72.4526110114955
mda,2008,72.7974383670928
mda,2009,73.0877872286403
mda,2010,73.3369062066882
mda,2011,73.6087593761466
mda,2012,73.8954459861212
mda,2013,74.166323670838
mda,2014,74.3375269260792
mda,2015,74.3347483263567
mda,2016,73.9568943602436
mdg,1970,51.1061454722675
mdg,1971,50.8617977611223
mdg,1972,50.6768471573225
mdg,1973,50.5505467386159
mdg,1974,50.4918061798747
mdg,1975,50.4993100870749
mdg,1976,50.3436634111834
mdg,1977,50.275900819238
mdg,1978,50.2820216912845
mdg,1979,50.3500725884072
mdg,1980,50.4695376716002
mdg,1981,50.4251146288544
mdg,1982,50.4659508222162
mdg,1983,50.5672128170453
mdg,1984,50.7027900988787
mdg,1985,50.8588417840919
mdg,1986,50.9009652129226
mdg,1987,50.9753794086528
mdg,1988,51.0857214335312
mdg,1989,51.2342463494766
mdg,1990,51.4122483227118
mdg,1991,51.4381319854215
mdg,1992,51.5139168623636
mdg,1993,51.620580239297
mdg,1994,51.7328875740125
mdg,1995,51.8343425798121
mdg,1996,51.7869134371713
mdg,1997,51.7653859594613
mdg,1998,51.7683921665178
mdg,1999,51.8051701024981
mdg,2000,51.8820171948586
mdg,2001,51.8616522103407
mdg,2002,51.91802121035
mdg,2003,52.0330437722569
mdg,2004,52.188168093271
mdg,2005,52.3756969892768
mdg,2006,52.5636712360227
mdg,2007,52.7702105274478
mdg,2008,53.0084786469051
mdg,2009,53.2985147979829
mdg,2010,53.6440011270994
mdg,2011,53.9693272827305
mdg,2012,54.3519715528641
mdg,2013,54.7630331691632
mdg,2014,55.1609316246458
mdg,2015,55.5225680454738
mdg,2016,55.8286711015595
mdv,1970,51.3656623592012
mdv,1971,51.1543165407361
mdv,1972,51.1402208342447
mdv,1973,51.2790415600473
mdv,1974,51.5125382956995
mdv,1975,51.8037782286715
mdv,1976,51.758433156791
mdv,1977,51.8267742648685
mdv,1978,51.9430191010934
mdv,1979,52.0321280951325
mdv,1980,52.0352306089592
mdv,1981,51.9504681733614
mdv,1982,51.7351141445046
mdv,1983,51.4640840118851
mdv,1984,51.2333768782146
mdv,1985,51.0781123936784
mdv,1986,50.5339763797573
mdv,1987,50.1920009452354
mdv,1988,49.9792743645329
mdv,1989,49.8155543756781
mdv,1990,49.6875209999328
mdv,1991,49.6374383035769
mdv,1992,49.638003302426
mdv,1993,49.7370689477396
mdv,1994,50.007849198778
mdv,1995,50.4880314229264
mdv,1996,51.2511230994073
mdv,1997,52.1668716299309
mdv,1998,53.2205820078305
mdv,1999,54.3707465644628
mdv,2000,55.5780643688655
mdv,2001,57.3893745187735
mdv,2002,59.1905307109781
mdv,2003,60.9409382248709
mdv,2004,62.6068300351456
mdv,2005,64.1574351704325
mdv,2006,65.5494836133928
mdv,2007,66.8807093760229
mdv,2008,68.0971673998852
mdv,2009,69.1617230981013
mdv,2010,70.0560476912905
mdv,2011,70.8176610304133
mdv,2012,71.4246134804753
mdv,2013,71.8747247714502
mdv,2014,72.2148601214461
mdv,2015,72.4870519570844
mdv,2016,72.4642085675011
mea,1970,51.9807755274981
mea,1971,51.9729521351938
mea,1972,52.018476933922
mea,1973,52.1058562966364
mea,1974,52.2170707891686
mea,1975,52.341882780276
mea,1976,52.4109269762769
mea,1977,52.4906138523007
mea,1978,52.579594568185
mea,1979,52.6765163484236
mea,1980,52.7730456931609
mea,1981,52.7750279483393
mea,1982,52.8021748628266
mea,1983,52.8445225911979
mea,1984,52.8974174228519
mea,1985,52.9674382086028
mea,1986,52.9273542287066
mea,1987,52.9456211960223
mea,1988,53.0233035323936
mea,1989,53.1727346614346
mea,1990,53.3787083282902
mea,1991,53.6375541641647
mea,1992,53.8888076678669
mea,1993,54.3104730488625
mea,1994,54.8048374083431
mea,1995,55.4317982519171
mea,1996,56.1010385702047
mea,1997,56.8006962659763
mea,1998,57.520959088458
mea,1999,58.2592395884141
mea,2000,59.0167996563161
mea,2001,59.8346176212115
mea,2002,60.6630348016303
mea,2003,61.4904918590223
mea,2004,62.2902708653363
mea,2005,63.0302206800003
mea,2006,63.6214820587217
mea,2007,64.1633342827203
mea,2008,64.6249899269323
mea,2009,64.9826437246575
mea,2010,65.2321101661176
mea,2011,65.3373577536976
mea,2012,65.3511508821742
mea,2013,65.2978415127266
mea,2014,65.2213743088015
mea,2015,65.1540048718941
mea,2016,65.0443464662093
mex,1970,49.7484742463563
mex,1971,49.7570995915688
mex,1972,49.7209847530787
mex,1973,49.6767726908944
mex,1974,49.6896850441847
mex,1975,49.796043030931
mex,1976,49.8055027450203
mex,1977,49.9876542219857
mex,1978,50.2774521813373
mex,1979,50.5918923951932
mex,1980,50.9016892247504
mex,1981,51.3924425072362
mex,1982,51.8076139299438
mex,1983,52.2113023371384
mex,1984,52.6903354756801
mex,1985,53.2737388245431
mex,1986,53.9132472805647
mex,1987,54.6169019778281
mex,1988,55.350465174549
mex,1989,56.0501709654787
mex,1990,56.6807498040544
mex,1991,57.2390416282193
mex,1992,57.7719490554306
mex,1993,58.2684823882724
mex,1994,58.7260334954691
mex,1995,59.1475480203062
mex,1996,59.5150898155382
mex,1997,59.831398573169
mex,1998,60.116386060938
mex,1999,60.4005615959605
mex,2000,60.7016373322396
mex,2001,61.0186194488428
mex,2002,61.3512692101799
mex,2003,61.6901519723699
mex,2004,62.0175040309841
mex,2005,62.3252958351699
mex,2006,62.731357297051
mex,2007,63.1252786102293
mex,2008,63.5142301843885
mex,2009,63.9063714068423
mex,2010,64.3006034294155
mex,2011,64.6882609816069
mex,2012,65.0640739342644
mex,2013,65.4210503693001
mex,2014,65.7502930247236
mex,2015,66.0458322543903
mex,2016,66.2635414028696
mic,1970,55.6034372599324
mic,1971,55.6190735083101
mic,1972,55.6576392724981
mic,1973,55.7245025991439
mic,1974,55.8495171765276
mic,1975,56.0497718155213
mic,1976,56.2298218827824
mic,1977,56.4830603786286
mic,1978,56.7985236445355
mic,1979,57.1541994253028
mic,1980,57.5299210467412
mic,1981,57.8791515705564
mic,1982,58.2244287613831
mic,1983,58.5662962260841
mic,1984,58.9047311076943
mic,1985,59.2330942807484
mic,1986,59.4077556137504
mic,1987,59.5950910242159
mic,1988,59.7861683943987
mic,1989,59.9828137728582
mic,1990,60.1901853127034
mic,1991,60.2740053039804
mic,1992,60.45019058683
mic,1993,60.6873087392611
mic,1994,60.9469410635418
mic,1995,61.21566733343
mic,1996,61.5772640758137
mic,1997,61.8953561348294
mic,1998,62.2149073101182
mic,1999,62.5944612029971
mic,2000,63.0489413168556
mic,2001,63.4271072255423
mic,2002,63.8739371686529
mic,2003,64.3595937849608
mic,2004,64.8306372408899
mic,2005,65.2560802566351
mic,2006,65.5762548802963
mic,2007,65.8700060474798
mic,2008,66.1259092206491
mic,2009,66.3419990075951
mic,2010,66.5182721483608
mic,2011,66.6228077014703
mic,2012,66.6974238818294
mic,2013,66.7424840971348
mic,2014,66.7607223430244
mic,2015,66.755208715
mic,2016,66.6918507325134
mkd,1970,61.2776615527662
mkd,1971,61.6609974814906
mkd,1972,62.0646329594588
mkd,1973,62.4263422333171
mkd,1974,62.6909467506689
mkd,1975,62.8470723956051
mkd,1976,63.1226609814456
mkd,1977,63.2552865398319
mkd,1978,63.340501723396
mkd,1979,63.5141079686491
mkd,1980,63.8395652835962
mkd,1981,64.2542736913671
mkd,1982,64.7839680285264
mkd,1983,65.3641725524507
mkd,1984,65.888275767759
mkd,1985,66.2980297082967
mkd,1986,66.4623267580293
mkd,1987,66.5660948243063
mkd,1988,66.6138481683657
mkd,1989,66.6221636861688
mkd,1990,66.6046163063538
mkd,1991,66.5249420308613
mkd,1992,66.4132463132191
mkd,1993,66.2986107050909
mkd,1994,66.2199633345663
mkd,1995,66.1937060948382
mkd,1996,66.3270071070144
mkd,1997,66.5536440056231
mkd,1998,66.8420924456911
mkd,1999,67.1423151817284
mkd,2000,67.4292406351621
mkd,2001,67.7211453455529
mkd,2002,67.9654433928376
mkd,2003,68.1952989783903
mkd,2004,68.4630929677348
mkd,2005,68.7898491073023
mkd,2006,69.0854496412031
mkd,2007,69.461882061993
mkd,2008,69.8685968410228
mkd,2009,70.228452756836
mkd,2010,70.4977305203601
mkd,2011,70.7210491496987
mkd,2012,70.8291466493349
mkd,2013,70.8311594087696
mkd,2014,70.7598333569997
mkd,2015,70.6346053590906
mkd,2016,70.3479136615981
mli,1970,55.338529125263
mli,1971,54.9468031426761
mli,1972,54.6625613383613
mli,1973,54.456380539776
mli,1974,54.3148709838093
mli,1975,54.2329409506967
mli,1976,53.7258292804679
mli,1977,53.3415837343448
mli,1978,53.0543915904671
mli,1979,52.8404119323593
mli,1980,52.6866941433763
mli,1981,52.2132539928173
mli,1982,51.8443197680022
mli,1983,51.5674380741762
mli,1984,51.3812464199451
mli,1985,51.287537399981
mli,1986,50.7430519345673
mli,1987,50.3174735781614
mli,1988,49.9882895507588
mli,1989,49.7230228757796
mli,1990,49.5018066934839
mli,1991,49.4258316137945
mli,1992,49.4158777203608
mli,1993,49.4595447660484
mli,1994,49.5579407882814
mli,1995,49.7115920224479
mli,1996,49.6818037478657
mli,1997,49.7468384217113
mli,1998,49.8708726224817
mli,1999,50.0104513217382
mli,2000,50.1405765480242
mli,2001,50.1255793500866
mli,2002,50.130617688277
mli,2003,50.1475702716373
mli,2004,50.1757598871392
mli,2005,50.2125713242756
mli,2006,50.0330307617775
mli,2007,49.9045307388938
mli,2008,49.8191002315992
mli,2009,49.7774806821877
mli,2010,49.7845285781142
mli,2011,49.5892507227178
mli,2012,49.4856581662519
mli,2013,49.4544362609175
mli,2014,49.4743629695159
mli,2015,49.5364326746682
mli,2016,49.6376321719391
mlt,1970,63.0061920858769
mlt,1971,63.7213429226626
mlt,1972,64.1093042205066
mlt,1973,64.311493701185
mlt,1974,64.5306093265731
mlt,1975,64.8635002059965
mlt,1976,65.0674265061876
mlt,1977,65.4629706298167
mlt,1978,65.9272823665985
mlt,1979,66.2694223725163
mlt,1980,66.4105210727509
mlt,1981,66.3922211348838
mlt,1982,66.2956545314167
mlt,1983,66.1717664639201
mlt,1984,66.0850763698591
mlt,1985,66.062326028935
mlt,1986,66.0074474365378
mlt,1987,65.9528907922912
mlt,1988,65.923689512191
mlt,1989,65.9500637830987
mlt,1990,66.0443266352204
mlt,1991,66.09863738273
mlt,1992,66.2323751760459
mlt,1993,66.4126875414678
mlt,1994,66.595757096704
mlt,1995,66.7551044556343
mlt,1996,66.9917385525527
mlt,1997,67.1987995371709
mlt,1998,67.3928905159944
mlt,1999,67.6073183428347
mlt,2000,67.8622928998558
mlt,2001,67.9781037441595
mlt,2002,68.1547359476505
mlt,2003,68.365694388298
mlt,2004,68.5654815842689
mlt,2005,68.7236809435896
mlt,2006,69.0904462714441
mlt,2007,69.359579259317
mlt,2008,69.492002484665
mlt,2009,69.4707097054668
mlt,2010,69.2888899569825
mlt,2011,69.0293450487252
mlt,2012,68.6655307054129
mlt,2013,68.2066694073895
mlt,2014,67.7068402377987
mlt,2015,67.2198888722592
mlt,2016,66.6533135209916
mmr,1970,54.1309150364133
mmr,1971,54.1256433629843
mmr,1972,54.184631409432
mmr,1973,54.2834511356815
mmr,1974,54.4061689417438
mmr,1975,54.5473588608722
mmr,1976,54.6007638876702
mmr,1977,54.6839032370714
mmr,1978,54.797621628609
mmr,1979,54.9467975115386
mmr,1980,55.1317044630173
mmr,1981,55.2254319310422
mmr,1982,55.3584515905097
mmr,1983,55.5394774427199
mmr,1984,55.7866529958358
mmr,1985,56.1109986337221
mmr,1986,56.3315856867917
mmr,1987,56.6748051966992
mmr,1988,57.1034167805197
mmr,1989,57.570592146488
mmr,1990,58.0562321159349
mmr,1991,58.4986543872279
mmr,1992,58.9304811039363
mmr,1993,59.3760052469359
mmr,1994,59.8653458051106
mmr,1995,60.4029942139506
mmr,1996,60.9208369954224
mmr,1997,61.4623883222405
mmr,1998,62.0123627847772
mmr,1999,62.5433187741569
mmr,2000,63.0374005146103
mmr,2001,63.3305541731004
mmr,2002,63.5920027526388
mmr,2003,63.8241672516898
mmr,2004,64.0452149862294
mmr,2005,64.2743314129061
mmr,2006,64.366863000183
mmr,2007,64.5182850111851
mmr,2008,64.7125414048155
mmr,2009,64.9185121732249
mmr,2010,65.1202482754969
mmr,2011,65.4845186236212
mmr,2012,65.8134796193362
mmr,2013,66.1280620995924
mmr,2014,66.4567618994942
mmr,2015,66.8042327341622
mmr,2016,67.1156761502169
mna,1970,51.7008357415563
mna,1971,51.6790320954349
mna,1972,51.7184981422477
mna,1973,51.8023183995111
mna,1974,51.913814800158
mna,1975,52.0401201149769
mna,1976,52.0926129260992
mna,1977,52.1514669273857
mna,1978,52.2207249888988
mna,1979,52.3034867478339
mna,1980,52.3930797552651
mna,1981,52.3604823079759
mna,1982,52.3607485591204
mna,1983,52.381603474401
mna,1984,52.4126246578068
mna,1985,52.4555567027491
mna,1986,52.4048739289574
mna,1987,52.4066437506239
mna,1988,52.4713781577883
mna,1989,52.6175025771756
mna,1990,52.8280179468295
mna,1991,53.0958350896224
mna,1992,53.4545208064466
mna,1993,53.8964825393611
mna,1994,54.4068568524117
mna,1995,54.9746299040455
mna,1996,55.6454559695767
mna,1997,56.3478272139859
mna,1998,57.0838548263737
mna,1999,57.8555406872828
mna,2000,58.6592580174692
mna,2001,59.4647848438082
mna,2002,60.2866069763789
mna,2003,61.1097785411133
mna,2004,61.9003472015856
mna,2005,62.6206263614618
mna,2006,63.1154967735419
mna,2007,63.5519347107861
mna,2008,63.9076165709454
mna,2009,64.1657355026665
mna,2010,64.3234343665237
mna,2011,64.3308015436763
mna,2012,64.2483741515953
mna,2013,64.1065199447531
mna,2014,63.9551735885148
mna,2015,63.8273987213625
mna,2016,63.6705484819052
mne,1970,59.8540300483359
mne,1971,60.3772863083556
mne,1972,60.7979818975454
mne,1973,61.1618981028641
mne,1974,61.5728153918774
mne,1975,62.0870635186969
mne,1976,62.4594279678029
mne,1977,62.9581950356052
mne,1978,63.5320038733037
mne,1979,64.0852248021567
mne,1980,64.5605540383708
mne,1981,65.0951952314753
mne,1982,65.5154748267417
mne,1983,65.8538526984064
mne,1984,66.1751699536125
mne,1985,66.5078760162602
mne,1986,66.4386061973823
mne,1987,66.4288250429234
mne,1988,66.4447701739948
mne,1989,66.4158009632593
mne,1990,66.3163697028628
mne,1991,66.5404772461148
mne,1992,66.6439825526757
mne,1993,66.6771699857155
mne,1994,66.7124131569271
mne,1995,66.7787960942209
mne,1996,66.7437998925299
mne,1997,66.7732637136535
mne,1998,66.8530356621345
mne,1999,66.9374440738632
mne,2000,66.9870917269705
mne,2001,66.9334203123089
mne,2002,66.8552386604106
mne,2003,66.7676279154596
mne,2004,66.7234554454641
mne,2005,66.7577889251575
mne,2006,66.86429320592
mne,2007,67.0598433535007
mne,2008,67.3122399207991
mne,2009,67.5678973496111
mne,2010,67.7877892308801
mne,2011,67.8199934129113
mne,2012,67.8465035936307
mne,2013,67.8464472630897
mne,2014,67.7870996727601
mne,2015,67.6480233309667
mne,2016,67.4369844817575
mng,1970,50.9488788536352
mng,1971,50.6349796894575
mng,1972,50.2293851857858
mng,1973,49.8554358965551
mng,1974,49.6929627891618
mng,1975,49.8104620616618
mng,1976,49.8800353746059
mng,1977,50.2443655106327
mng,1978,50.7864550665687
mng,1979,51.3384328772981
mng,1980,51.8156723811598
mng,1981,52.1852925482052
mng,1982,52.4954619016306
mng,1983,52.7866692701249
mng,1984,53.1226183668343
mng,1985,53.5228247742706
mng,1986,53.7748904650032
mng,1987,54.0836937004726
mng,1988,54.4494605481898
mng,1989,54.886436669083
mng,1990,55.4075851191198
mng,1991,55.5920011470217
mng,1992,55.9806053215018
mng,1993,56.493769883351
mng,1994,57.0364517192751
mng,1995,57.5761769056139
mng,1996,58.3835477238517
mng,1997,59.0717109896626
mng,1998,59.7401500261081
mng,1999,60.5408637963236
mng,2000,61.5373257096331
mng,2001,62.5925292258457
mng,2002,63.8220389997131
mng,2003,65.1298391518844
mng,2004,66.3409071976008
mng,2005,67.3452351643376
mng,2006,68.1105092548432
mng,2007,68.6533393526182
mng,2008,68.9920707909918
mng,2009,69.1777015158403
mng,2010,69.2339225480619
mng,2011,68.9999623395266
mng,2012,68.6674773099246
mng,2013,68.249772490186
mng,2014,67.7899966346272
mng,2015,67.3351972553787
mng,2016,66.748772378128
moz,1970,53.1906665412146
moz,1971,52.9973726270231
moz,1972,52.8781143175498
moz,1973,52.8182319553746
moz,1974,52.8086956038464
moz,1975,52.8405545984173
moz,1976,52.6829288478474
moz,1977,52.6356101928364
moz,1978,52.6618756715611
moz,1979,52.7299011101621
moz,1980,52.8312468650648
moz,1981,52.4732973688284
moz,1982,52.1681056612398
moz,1983,51.9387475204832
moz,1984,51.8254552357361
moz,1985,51.8521256846194
moz,1986,51.2065279643036
moz,1987,50.7153712799791
moz,1988,50.3495659660068
moz,1989,50.0290858542286
moz,1990,49.6841816989566
moz,1991,50.3953216494739
moz,1992,50.9879768159587
moz,1993,51.4551859859213
moz,1994,51.8425260517089
moz,1995,52.19864266636
moz,1996,52.0362215409037
moz,1997,51.9602276486495
moz,1998,51.9492109952978
moz,1999,51.9593577865152
moz,2000,51.9605027472526
moz,2001,51.7740615053464
moz,2002,51.620917155364
moz,2003,51.4959984476024
moz,2004,51.4083820938669
moz,2005,51.3643934661596
moz,2006,51.2061350331591
moz,2007,51.1154235772073
moz,2008,51.0815057436158
moz,2009,51.0930573515298
moz,2010,51.1437796444921
moz,2011,51.1563472560353
moz,2012,51.2180737594369
moz,2013,51.3249945941595
moz,2014,51.4760155873161
moz,2015,51.6682897969208
moz,2016,51.8356767913506
mrt,1970,51.5012516232806
mrt,1971,51.3610842010763
mrt,1972,51.3127483186788
mrt,1973,51.3362586671388
mrt,1974,51.4082848488135
mrt,1975,51.515632737908
mrt,1976,51.4730217181951
mrt,1977,51.4963380217644
mrt,1978,51.5678528376555
mrt,1979,51.6700288406772
mrt,1980,51.7932187590649
mrt,1981,51.7734705225918
mrt,1982,51.7920478683473
mrt,1983,51.8417981268714
mrt,1984,51.9198494664147
mrt,1985,52.0231171416916
mrt,1986,51.9758191690559
mrt,1987,51.9691305830427
mrt,1988,51.997449820645
mrt,1989,52.0551813484613
mrt,1990,52.1392120740442
mrt,1991,52.1460270995328
mrt,1992,52.1964841497213
mrt,1993,52.2821031634369
mrt,1994,52.3922096150045
mrt,1995,52.5191495761847
mrt,1996,52.7176404581092
mrt,1997,52.9385037534421
mrt,1998,53.176360012443
mrt,1999,53.431048275584
mrt,2000,53.702148737026
mrt,2001,53.875206084145
mrt,2002,54.0790358440054
mrt,2003,54.3039385996564
mrt,2004,54.5384992817525
mrt,2005,54.7758023713395
mrt,2006,54.9401317062099
mrt,2007,55.1207260619471
mrt,2008,55.3120857533335
mrt,2009,55.5086747009943
mrt,2010,55.7048911732039
mrt,2011,55.8771725961839
mrt,2012,56.0597654611109
mrt,2013,56.2490718848909
mrt,2014,56.4483306758007
mrt,2015,56.6607074841578
mrt,2016,56.7773024897827
mus,1970,53.6478708098945
mus,1971,54.5873144052272
mus,1972,55.3458470201783
mus,1973,56.0119467988335
mus,1974,56.7310483802107
mus,1975,57.5658672668237
mus,1976,58.5799990958498
mus,1977,59.5115578107382
mus,1978,60.2029598398842
mus,1979,60.5815945613423
mus,1980,60.7449450379957
mus,1981,61.3234853573725
mus,1982,61.9355804273874
mus,1983,62.5808732154319
mus,1984,63.2449992605466
mus,1985,63.8989251419132
mus,1986,64.4220198010513
mus,1987,64.9657631982046
mus,1988,65.4952470933035
mus,1989,65.9532590149886
mus,1990,66.3048790189683
mus,1991,66.6871950574623
mus,1992,66.8884054384481
mus,1993,66.9825558533104
mus,1994,67.1002758188625
mus,1995,67.3148024272752
mus,1996,67.2502600818951
mus,1997,67.4240560070702
mus,1998,67.7178848399917
mus,1999,67.9667124315441
mus,2000,68.1025528521826
mus,2001,68.3647188204875
mus,2002,68.4133624893078
mus,2003,68.3728786081651
mus,2004,68.4349543505388
mus,2005,68.6847740962993
mus,2006,68.88513783102
mus,2007,69.2810907755908
mus,2008,69.7664716899071
mus,2009,70.1749323164183
mus,2010,70.427779847831
mus,2011,70.6815142487388
mus,2012,70.7798409249935
mus,2013,70.7598244230417
mus,2014,70.7018427179354
mus,2015,70.6456597134001
mus,2016,70.6504549444907
mwi,1970,51.8639805218516
mwi,1971,51.5231343562918
mwi,1972,51.3075123312365
mwi,1973,51.1798420633428
mwi,1974,51.0971753298158
mwi,1975,51.0387491856875
mwi,1976,50.7785847263967
mwi,1977,50.5905340759441
mwi,1978,50.4601724344287
mwi,1979,50.3848266350747
mwi,1980,50.3650772016589
mwi,1981,50.1304213355872
mwi,1982,50.0128923770274
mwi,1983,49.9730685544899
mwi,1984,49.9516526274636
mwi,1985,49.9054721849148
mwi,1986,50.1496399160427
mwi,1987,50.407021200373
mwi,1988,50.7000805262515
mwi,1989,51.0999573266587
mwi,1990,51.6637416499807
mwi,1991,51.3768736996498
mwi,1992,51.2320553619391
mwi,1993,51.1745303359818
mwi,1994,51.0967465879267
mwi,1995,50.9179149483787
mwi,1996,50.7328491227661
mwi,1997,50.5509608969952
mwi,1998,50.3823258174133
mwi,1999,50.2833755087214
mwi,2000,50.2887350859322
mwi,2001,50.1739803210759
mwi,2002,50.1794408072577
mwi,2003,50.2658777028225
mwi,2004,50.3708887587746
mwi,2005,50.4583805576673
mwi,2006,50.5270952342727
mwi,2007,50.5724635319969
mwi,2008,50.6187972252434
mwi,2009,50.7147797813356
mwi,2010,50.885960693198
mwi,2011,51.0408560024951
mwi,2012,51.3201681896442
mwi,2013,51.6710505130949
mwi,2014,52.0222173296155
mwi,2015,52.3428058906746
mwi,2016,52.7276480903404
mys,1970,52.4407861622821
mys,1971,52.9961839893158
mys,1972,53.3748677947884
mys,1973,53.6695944291829
mys,1974,54.0147177635213
mys,1975,54.4619966718655
mys,1976,54.8832602862178
mys,1977,55.4079708559744
mys,1978,55.9791920624665
mys,1979,56.4998397869393
mys,1980,56.9198568646102
mys,1981,57.2338939736123
mys,1982,57.468266937597
mys,1983,57.6458045983644
mys,1984,57.8094048530029
mys,1985,57.9797976042221
mys,1986,58.1653578203915
mys,1987,58.40038685375
mys,1988,58.6818344441973
mys,1989,58.9820660629514
mys,1990,59.2771744110774
mys,1991,59.5451058622666
mys,1992,59.7975334833662
mys,1993,60.0479395528087
mys,1994,60.3175110650009
mys,1995,60.6170144738892
mys,1996,60.9827676607326
mys,1997,61.3704639276245
mys,1998,61.786868850579
mys,1999,62.237482348166
mys,2000,62.7199424746593
mys,2001,63.042135234338
mys,2002,63.4871151314005
mys,2003,64.0266481394345
mys,2004,64.5976348159929
mys,2005,65.1395455847299
mys,2006,65.4637358958606
mys,2007,65.8060166728981
mys,2008,66.1965413462671
mys,2009,66.6485011274794
mys,2010,67.13254477428
mys,2011,67.6603226638274
mys,2012,68.1293052120954
mys,2013,68.5319592964879
mys,2014,68.8766616744988
mys,2015,69.1735728313059
mys,2016,69.3022167862427
nac,1970,61.8262432803664
nac,1971,62.3298918947763
nac,1972,62.8264705394511
nac,1973,63.323883366262
nac,1974,63.8351746835188
nac,1975,64.3608469332054
nac,1976,64.6774296949387
nac,1977,65.0329213010689
nac,1978,65.3898796868827
nac,1979,65.7028346591658
nac,1980,65.9521334608896
nac,1981,66.1542194886055
nac,1982,66.3084269699703
nac,1983,66.407944022385
nac,1984,66.4607176444943
nac,1985,66.4746450974944
nac,1986,66.3774660440289
nac,1987,66.2680501664332
nac,1988,66.1503555919556
nac,1989,66.0345245219644
nac,1990,65.9277450745986
nac,1991,65.7634832814169
nac,1992,65.6311262309366
nac,1993,65.5440576908269
nac,1994,65.5179425001238
nac,1995,65.556262744037
nac,1996,65.576660336001
nac,1997,65.6841556248005
nac,1998,65.8480591602942
nac,1999,66.028105812767
nac,2000,66.20438959001
nac,2001,66.4027376866502
nac,2002,66.562141589299
nac,2003,66.7082985186732
nac,2004,66.8731569273847
nac,2005,67.0608007175857
nac,2006,67.0718648793912
nac,2007,67.1188843546449
nac,2008,67.1657714482797
nac,2009,67.1664028197658
nac,2010,67.1027287654606
nac,2011,67.0020786243861
nac,2012,66.8821171590351
nac,2013,66.7307188747556
nac,2014,66.5438820412668
nac,2015,66.3203970974461
nac,2016,66.0933569033276
nam,1970,53.3084994054209
nam,1971,53.0764514889505
nam,1972,52.8330526221877
nam,1973,52.5932334167271
nam,1974,52.3865642580198
nam,1975,52.2281864508493
nam,1976,51.6084584092989
nam,1977,51.0723319704212
nam,1978,50.6097347303501
nam,1979,50.2047968878944
nam,1980,49.8582956771788
nam,1981,49.6317187874663
nam,1982,49.4883402154178
nam,1983,49.420626206547
nam,1984,49.4136610231728
nam,1985,49.4478804356345
nam,1986,50.1759395170209
nam,1987,50.8881291182112
nam,1988,51.5796309473641
nam,1989,52.2633100307148
nam,1990,52.9438916739474
nam,1991,53.2168733881862
nam,1992,53.5352287508728
nam,1993,53.8807794700327
nam,1994,54.2324166406302
nam,1995,54.583748902806
nam,1996,54.8230899818282
nam,1997,55.1085449978795
nam,1998,55.4302908593225
nam,1999,55.7903427371394
nam,2000,56.1968706710045
nam,2001,56.2457204090203
nam,2002,56.322181773333
nam,2003,56.44647589899
nam,2004,56.6342396184007
nam,2005,56.8832927532581
nam,2006,57.107631629384
nam,2007,57.3754696706356
nam,2008,57.6676042964809
nam,2009,57.9433234754614
nam,2010,58.1722092611255
nam,2011,58.5338828256277
nam,2012,58.8267590839662
nam,2013,59.0642429160983
nam,2014,59.2802928057117
nam,2015,59.4961742871031
nam,2016,59.5939126826371
ncl,1970,58.6086741863203
ncl,1971,58.3019211508695
ncl,1972,57.9698044945384
ncl,1973,57.7047628537266
ncl,1974,57.6327979497302
ncl,1975,57.8148989743905
ncl,1976,57.4729263402673
ncl,1977,57.5025278794183
ncl,1978,57.7478344562079
ncl,1979,58.0162510507145
ncl,1980,58.2283800914954
ncl,1981,58.5517077637961
ncl,1982,58.6961754479808
ncl,1983,58.8236457749497
ncl,1984,59.1363725043897
ncl,1985,59.6927850649434
ncl,1986,60.2079424936676
ncl,1987,60.9442246933851
ncl,1988,61.7932030045754
ncl,1989,62.5693088637251
ncl,1990,63.174447984828
ncl,1991,63.7813566356175
ncl,1992,64.2010984368399
ncl,1993,64.4795820156744
ncl,1994,64.7103036550273
ncl,1995,64.945578088627
ncl,1996,64.9065650356528
ncl,1997,64.9440452645019
ncl,1998,65.0161622098149
ncl,1999,65.0775234679886
ncl,2000,65.1215994663435
ncl,2001,65.2142462218946
ncl,2002,65.2839593284122
ncl,2003,65.3702238852399
ncl,2004,65.5142583765504
ncl,2005,65.7263436562578
ncl,2006,65.8992957895405
ncl,2007,66.0944742201067
ncl,2008,66.2991312052374
ncl,2009,66.4722548936394
ncl,2010,66.577436792186
ncl,2011,66.8220390564563
ncl,2012,67.0134546510502
ncl,2013,67.1608964103113
ncl,2014,67.2926624406302
ncl,2015,67.4262610046415
ncl,2016,67.4600351331429
ner,1970,49.5985459637436
ner,1971,49.4850068857649
ner,1972,49.4530290821585
ner,1973,49.4893723100298
ner,1974,49.5815227224393
ner,1975,49.7264413302626
ner,1976,49.7645137188613
ner,1977,49.7962181572089
ner,1978,49.8280805080361
ner,1979,49.8724930420283
ner,1980,49.9462839945339
ner,1981,49.6061489881742
ner,1982,49.4349331424243
ner,1983,49.373818319256
ner,1984,49.3729785260993
ner,1985,49.4182052528895
ner,1986,49.3494918462713
ner,1987,49.298542907541
ner,1988,49.2566761354029
ner,1989,49.2259680949724
ner,1990,49.2236792825933
ner,1991,49.1161100914592
ner,1992,49.1278944640013
ner,1993,49.2163622720716
ner,1994,49.3454430583485
ner,1995,49.496192652511
ner,1996,49.4708330906305
ner,1997,49.4637605806095
ner,1998,49.4507627445295
ner,1999,49.420866913431
ner,2000,49.3836900695527
ner,2001,49.0980783515019
ner,2002,48.8891448649607
ner,2003,48.7213505392723
ner,2004,48.5675872011087
ner,2005,48.4236273895801
ner,2006,48.1712862324994
ner,2007,47.9634434385136
ner,2008,47.7920218799917
ner,2009,47.6585776082112
ner,2010,47.5671480175614
ner,2011,47.4133758258893
ner,2012,47.3175004627323
ner,2013,47.2647952619213
ner,2014,47.2444408537421
ner,2015,47.2554884626877
ner,2016,47.2190932060277
nga,1970,54.5555898923571
nga,1971,54.3149680400857
nga,1972,54.1172712707617
nga,1973,53.9602251742223
nga,1974,53.8429702102971
nga,1975,53.7580365518926
nga,1976,53.5146190959468
nga,1977,53.3608293466098
nga,1978,53.2661481479878
nga,1979,53.2029481467557
nga,1980,53.1622952695103
nga,1981,52.8266399895965
nga,1982,52.55087175185
nga,1983,52.3347927721729
nga,1984,52.1848882212548
nga,1985,52.1043446437349
nga,1986,51.9441145686742
nga,1987,51.8825736114661
nga,1988,51.9052483651212
nga,1989,51.9971139224806
nga,1990,52.1480846622968
nga,1991,52.1755791425817
nga,1992,52.2757313214124
nga,1993,52.4369084963988
nga,1994,52.6456720463081
nga,1995,52.8887484305485
nga,1996,52.9605238204536
nga,1997,53.0846943789791
nga,1998,53.2431238360366
nga,1999,53.4145222853157
nga,2000,53.5834773256563
nga,2001,53.5455764744969
nga,2002,53.5365099488438
nga,2003,53.5457419764763
nga,2004,53.5656791971639
nga,2005,53.5911218840192
nga,2006,53.450388290515
nga,2007,53.3535355834032
nga,2008,53.2901868133527
nga,2009,53.251052846203
nga,2010,53.2320732158868
nga,2011,53.1294004811334
nga,2012,53.061118433937
nga,2013,53.0350123110259
nga,2014,53.0633739214909
nga,2015,53.1488409781506
nga,2016,53.1654897552358
nic,1970,49.4392217826142
nic,1971,49.6183051746786
nic,1972,49.8341421631878
nic,1973,50.0545920239741
nic,1974,50.2468796186217
nic,1975,50.3999648162543
nic,1976,50.3850867931855
nic,1977,50.3739988418881
nic,1978,50.358371311764
nic,1979,50.3386853869774
nic,1980,50.3243166733848
nic,1981,50.2440115967211
nic,1982,50.1585638294002
nic,1983,50.0903785467946
nic,1984,50.0734267540844
nic,1985,50.1275110262865
nic,1986,50.1942760402716
nic,1987,50.340965602637
nic,1988,50.5480723727678
nic,1989,50.7889373444152
nic,1990,51.0536570182878
nic,1991,51.4473537935815
nic,1992,51.8612640105909
nic,1993,52.3038779373693
nic,1994,52.7927710710119
nic,1995,53.3361750546591
nic,1996,53.9308697558426
nic,1997,54.5567663329601
nic,1998,55.2067037591799
nic,1999,55.8678777936262
nic,2000,56.5320733127026
nic,2001,57.2144880654806
nic,2002,57.8922272491199
nic,2003,58.553708261534
nic,2004,59.1816717432218
nic,2005,59.7659967936515
nic,2006,60.3951663522752
nic,2007,60.9556933532243
nic,2008,61.4692342809178
nic,2009,61.9705074364948
nic,2010,62.4766305379329
nic,2011,62.9962533274103
nic,2012,63.5359431883845
nic,2013,64.0597724726598
nic,2014,64.5157954019598
nic,2015,64.8803895406718
nic,2016,65.2453817345504
nld,1970,62.4943056587773
nld,1971,62.651350797981
nld,1972,62.8732384066565
nld,1973,63.1618200095866
nld,1974,63.5144802136607
nld,1975,63.9259663483003
nld,1976,64.3277766943061
nld,1977,64.7712499829949
nld,1978,65.2533312929149
nld,1979,65.7660293392523
nld,1980,66.296019730832
nld,1981,66.8156169362496
nld,1982,67.324910143022
nld,1983,67.8071349984703
nld,1984,68.2380183945897
nld,1985,68.5962793447875
nld,1986,68.77898402652
nld,1987,68.9263224912616
nld,1988,69.0254485605087
nld,1989,69.0709684231694
nld,1990,69.0666460502886
nld,1991,69.0000722890654
nld,1992,68.9016819485763
nld,1993,68.7738464341709
nld,1994,68.634157323256
nld,1995,68.4982225391232
nld,1996,68.3413848838177
nld,1997,68.2108463652492
nld,1998,68.1081126739346
nld,1999,68.0245230927958
nld,2000,67.9500706634883
nld,2001,67.8734587605008
nld,2002,67.7787236842391
nld,2003,67.6776628730005
nld,2004,67.5957265044377
nld,2005,67.5459783549471
nld,2006,67.4203243727487
nld,2007,67.3671549911747
nld,2008,67.3322053453209
nld,2009,67.2366738145103
nld,2010,67.0402783877664
nld,2011,66.7788592007099
nld,2012,66.4184221960743
nld,2013,66.0086501546138
nld,2014,65.630335460985
nld,2015,65.3242002139623
nld,2016,65.040274133722
nor,1970,62.6558412408477
nor,1971,62.5088310177865
nor,1972,62.4568824714488
nor,1973,62.4671720525288
nor,1974,62.4957065699954
nor,1975,62.5281091887762
nor,1976,62.5854164209585
nor,1977,62.6610835416497
nor,1978,62.7644774822914
nor,1979,62.9089378786644
nor,1980,63.0942498377416
nor,1981,63.3374506248272
nor,1982,63.5804980814304
nor,1983,63.8258879378168
nor,1984,64.0675036029566
nor,1985,64.2905970352303
nor,1986,64.4008786080806
nor,1987,64.5131751663734
nor,1988,64.612077225541
nor,1989,64.6818998599662
nor,1990,64.7187556285957
nor,1991,64.6829080230314
nor,1992,64.6416006027
nor,1993,64.5935589146375
nor,1994,64.552522506026
nor,1995,64.5314226373055
nor,1996,64.5119091761853
nor,1997,64.5237092280955
nor,1998,64.5671284856209
nor,1999,64.6452484173014
nor,2000,64.7600651380516
nor,2001,64.8879043232087
nor,2002,65.0521258270148
nor,2003,65.2391432496314
nor,2004,65.4210308611126
nor,2005,65.5727831405304
nor,2006,65.7857468430818
nor,2007,65.9679493046939
nor,2008,66.1196724070395
nor,2009,66.2355246748619
nor,2010,66.301102892868
nor,2011,66.2151206798455
nor,2012,66.1212963190195
nor,2013,66.0103669397162
nor,2014,65.8787182331964
nor,2015,65.7346500928106
nor,2016,65.5807169741949
npl,1970,56.1464316049878
npl,1971,56.0599400446006
npl,1972,56.013726707036
npl,1973,55.9881635323958
npl,1974,55.9771461068231
npl,1975,55.9789518298845
npl,1976,55.7792646854772
npl,1977,55.6132515118919
npl,1978,55.478333138947
npl,1979,55.3792759110494
npl,1980,55.3185064476882
npl,1981,55.0718833550506
npl,1982,54.8971195155888
npl,1983,54.7762297473085
npl,1984,54.6906933903591
npl,1985,54.6325582296438
npl,1986,54.4155604633517
npl,1987,54.2503738790422
npl,1988,54.1333404051894
npl,1989,54.0638009733942
npl,1990,54.0409333501019
npl,1991,54.0741688747665
npl,1992,54.1798145543501
npl,1993,54.3441114994581
npl,1994,54.5540522343035
npl,1995,54.7989043382284
npl,1996,54.83250324071
npl,1997,54.8879907518615
npl,1998,54.9662817327648
npl,1999,55.0796760695982
npl,2000,55.2422735589211
npl,2001,55.3760677453484
npl,2002,55.5213104173181
npl,2003,55.6798882336525
npl,2004,55.850168844055
npl,2005,56.0408898699145
npl,2006,56.4597188856488
npl,2007,56.8511118909067
npl,2008,57.2281261960188
npl,2009,57.627888423301
npl,2010,58.0798705938544
npl,2011,58.8288232210995
npl,2012,59.6482449771564
npl,2013,60.4891173261972
npl,2014,61.2764266631774
npl,2015,61.968914878769
npl,2016,62.6801729896703
nzl,1970,59.7982108205864
nzl,1971,60.0428379049624
nzl,1972,60.2874164671572
nzl,1973,60.5620375131004
nzl,1974,60.9048717415193
nzl,1975,61.3401919722523
nzl,1976,61.4966367172044
nzl,1977,61.7976970323526
nzl,1978,62.2102388144799
nzl,1979,62.6453570427299
nzl,1980,63.0357536136405
nzl,1981,63.56585571159
nzl,1982,63.9829087867515
nzl,1983,64.3325354841779
nzl,1984,64.6775120596873
nzl,1985,65.0317174157558
nzl,1986,65.2049172356111
nzl,1987,65.3768655555566
nzl,1988,65.5345128048795
nzl,1989,65.6331515101205
nzl,1990,65.6457942682124
nzl,1991,65.6256946116994
nzl,1992,65.5770855117106
nzl,1993,65.5134685046616
nzl,1994,65.4604296274176
nzl,1995,65.4371940082766
nzl,1996,65.3545308767081
nzl,1997,65.3111560131992
nzl,1998,65.3251317265922
nzl,1999,65.3859440653032
nzl,2000,65.4683248168761
nzl,2001,65.6743603331992
nzl,2002,65.8571368735312
nzl,2003,66.0313137342994
nzl,2004,66.2100000049014
nzl,2005,66.3920509847401
nzl,2006,66.4657947111708
nzl,2007,66.5205422627258
nzl,2008,66.5447809598383
nzl,2009,66.5238573908715
nzl,2010,66.4497666165835
nzl,2011,66.215194987286
nzl,2012,66.0102651383484
nzl,2013,65.8158324233591
nzl,2014,65.6095429960365
nzl,2015,65.38199323355
nzl,2016,65.1796363439754
oed,1970,62.1051245871096
oed,1971,62.2146701374804
oed,1972,62.3255861220702
oed,1973,62.4437703451777
oed,1974,62.6006287017567
oed,1975,62.7963241100589
oed,1976,62.8966890215367
oed,1977,63.0593266476734
oed,1978,63.2703055482007
oed,1979,63.5143779465714
oed,1980,63.7832383161453
oed,1981,64.0947265561953
oed,1982,64.4112652266611
oed,1983,64.7184130397531
oed,1984,65.0041792962014
oed,1985,65.2597710939696
oed,1986,65.4002688549886
oed,1987,65.536532362708
oed,1988,65.6651215057322
oed,1989,65.779101191368
oed,1990,65.8745321454961
oed,1991,65.924651865697
oed,1992,65.9598045158948
oed,1993,65.9920107402429
oed,1994,66.0420105274111
oed,1995,66.119142307699
oed,1996,66.1534876284318
oed,1997,66.2225892762481
oed,1998,66.3120065879027
oed,1999,66.3997205109015
oed,2000,66.4742869987507
oed,2001,66.5434864833078
oed,2002,66.5953812427083
oed,2003,66.6398332702849
oed,2004,66.690358356616
oed,2005,66.7488426005906
oed,2006,66.7366522936554
oed,2007,66.7276846656963
oed,2008,66.7138839428691
oed,2009,66.6747787550977
oed,2010,66.5967313921038
oed,2011,66.459341949065
oed,2012,66.2967207241071
oed,2013,66.0980438504556
oed,2014,65.8708292025128
oed,2015,65.6316502156744
omn,1970,50.5277321883479
omn,1971,50.6091674866784
omn,1972,50.7634762739524
omn,1973,50.9433190704729
omn,1974,51.0766698180886
omn,1975,51.1206923917628
omn,1976,51.5050585537162
omn,1977,51.7691612259257
omn,1978,51.9486831913246
omn,1979,52.0872315229248
omn,1980,52.1939501671462
omn,1981,52.0681442617364
omn,1982,52.0113385592403
omn,1983,51.987404277579
omn,1984,51.9739329190533
omn,1985,51.9877310521704
omn,1986,51.9618110601883
omn,1987,51.9629425680181
omn,1988,52.0102305204169
omn,1989,52.1609731443405
omn,1990,52.464683030196
omn,1991,53.4996575615531
omn,1992,54.6125427764251
omn,1993,55.8064215671844
omn,1994,57.0628850489754
omn,1995,58.3569804784594
omn,1996,58.6383930367788
omn,1997,59.0720041533079
omn,1998,59.5475770191507
omn,1999,60.0085679390559
omn,2000,60.4631147125363
omn,2001,61.1664612009742
omn,2002,61.9856187226495
omn,2003,62.91574695368
omn,2004,63.9184931307933
omn,2005,64.9354967548279
omn,2006,66.8136667917155
omn,2007,68.451029419828
omn,2008,69.7797111576817
omn,2009,70.8200164970367
omn,2010,71.6222800891677
omn,2011,72.8628584349519
omn,2012,73.8763636321654
omn,2013,74.6203200285816
omn,2014,75.1343183726024
omn,2015,75.5133446513056
omn,2016,75.6396389229522
pak,1970,53.7947283491338
pak,1971,53.5058741296701
pak,1972,53.3188151519327
pak,1973,53.2110500560574
pak,1974,53.1469096442773
pak,1975,53.1049912767883
pak,1976,53.0704768647652
pak,1977,53.0752126917073
pak,1978,53.1089124374818
pak,1979,53.1658070443394
pak,1980,53.2385565615598
pak,1981,53.2515561772506
pak,1982,53.311117412735
pak,1983,53.3919560256804
pak,1984,53.466928093034
pak,1985,53.523599046657
pak,1986,53.3973970985612
pak,1987,53.2631658806444
pak,1988,53.1434872498191
pak,1989,53.0778625831581
pak,1990,53.0889207024897
pak,1991,52.9540455098066
pak,1992,52.9461704683815
pak,1993,53.0303369023403
pak,1994,53.1604467165262
pak,1995,53.3184810497912
pak,1996,53.5277760015558
pak,1997,53.7466902066589
pak,1998,54.0059820376153
pak,1999,54.3552679481815
pak,2000,54.8131355677856
pak,2001,55.2510939560592
pak,2002,55.8112580294365
pak,2003,56.4395866551509
pak,2004,57.0502379952819
pak,2005,57.5935818248505
pak,2006,58.0762276505378
pak,2007,58.4519501272396
pak,2008,58.76217622649
pak,2009,59.0700168177615
pak,2010,59.3996241162547
pak,2011,59.5806354839227
pak,2012,59.8219352086635
pak,2013,60.0827416503518
pak,2014,60.3124163264582
pak,2015,60.4957501620032
pak,2016,60.6166521558857
pan,1970,52.1397039029184
pan,1971,52.2588549147056
pan,1972,52.4162320239527
pan,1973,52.6138117750669
pan,1974,52.8598745345365
pan,1975,53.1565059692128
pan,1976,53.4283623405136
pan,1977,53.7643710994673
pan,1978,54.1454963213347
pan,1979,54.5479962866103
pan,1980,54.9599257648675
pan,1981,55.3818855762278
pan,1982,55.8053546939885
pan,1983,56.2351226873157
pan,1984,56.6794092726302
pan,1985,57.1384541625287
pan,1986,57.587497696791
pan,1987,58.0404359686188
pan,1988,58.4921671624551
pan,1989,58.9366523785375
pan,1990,59.3692293310142
pan,1991,59.7641231445544
pan,1992,60.1666215065267
pan,1993,60.5611253842725
pan,1994,60.9269934277954
pan,1995,61.2532986827169
pan,1996,61.5576981944997
pan,1997,61.8138216592424
pan,1998,62.0393376020833
pan,1999,62.2626167164278
pan,2000,62.4972321651613
pan,2001,62.6730435863344
pan,2002,62.8853081592054
pan,2003,63.1106945276261
pan,2004,63.315737591301
pan,2005,63.4853391343251
pan,2006,63.6474193705307
pan,2007,63.7709634614789
pan,2008,63.8732599449189
pan,2009,63.9790634424629
pan,2010,64.0966155781888
pan,2011,64.1830614636999
pan,2012,64.2851539039338
pan,2013,64.3937597923335
pan,2014,64.4956206297871
pan,2015,64.5841064644722
pan,2016,64.6335420447438
per,1970,52.1427031072248
per,1971,52.1975783575051
per,1972,52.3091529877187
per,1973,52.4686786389037
per,1974,52.6700043504815
per,1975,52.9059227848922
per,1976,53.0535263618357
per,1977,53.2246440719734
per,1978,53.4335131294894
per,1979,53.7065326743616
per,1980,54.0542204904396
per,1981,54.2926142847773
per,1982,54.6557805915044
per,1983,55.0889236850216
per,1984,55.5179788209
per,1985,55.907160906374
per,1986,56.2622207270532
per,1987,56.5528016972664
per,1988,56.8199314248111
per,1989,57.128019797407
per,1990,57.5033200226989
per,1991,57.7725577845265
per,1992,58.1282906634878
per,1993,58.5343536131546
per,1994,58.9373943980522
per,1995,59.3138206796024
per,1996,59.605412593571
per,1997,59.8825104805553
per,1998,60.1554229828012
per,1999,60.4444868001426
per,2000,60.7609203963484
per,2001,61.119455224011
per,2002,61.480740892974
per,2003,61.8555648584896
per,2004,62.2464680887761
per,2005,62.643242168443
per,2006,63.014287255817
per,2007,63.4019933888303
per,2008,63.7872172245075
per,2009,64.1399083157989
per,2010,64.4400460194829
per,2011,64.6780212183546
per,2012,64.8651648070428
per,2013,65.0134222277011
per,2014,65.1470034533554
per,2015,65.2792324590458
per,2016,65.3633198053279
phl,1970,51.0136105205544
phl,1971,51.3011391397071
phl,1972,51.5741903842807
phl,1973,51.8386626666751
phl,1974,52.1128924633326
phl,1975,52.4045647616895
phl,1976,52.640730089708
phl,1977,52.8819722864428
phl,1978,53.1324855086581
phl,1979,53.3969438128273
phl,1980,53.6758553838296
phl,1981,53.9052322303709
phl,1982,54.1687324202069
phl,1983,54.4479973416789
phl,1984,54.7192102488835
phl,1985,54.9711278594545
phl,1986,55.1576666304925
phl,1987,55.3232982823135
phl,1988,55.4874199180715
phl,1989,55.6809031918155
phl,1990,55.9188409486069
phl,1991,56.0989426621106
phl,1992,56.3391996795844
phl,1993,56.6152125437735
phl,1994,56.8917978030146
phl,1995,57.1532030566308
phl,1996,57.3821691922277
phl,1997,57.5870073295522
phl,1998,57.7886781474661
phl,1999,58.0114009922368
phl,2000,58.2605845511327
phl,2001,58.4613266137214
phl,2002,58.6804980722062
phl,2003,58.9115378399983
phl,2004,59.1594881122884
phl,2005,59.4489685257952
phl,2006,59.8436040215686
phl,2007,60.2896650136533
phl,2008,60.8161051105242
phl,2009,61.3956867619967
phl,2010,61.9610666868786
phl,2011,62.2464087699629
phl,2012,62.5290737341757
phl,2013,62.7829285948181
phl,2014,63.0027892779911
phl,2015,63.1989068739671
phl,2016,63.3477481300805
png,1970,53.8046974464964
png,1971,53.7463145503327
png,1972,53.7113545082037
png,1973,53.6958066808813
png,1974,53.7019095060635
png,1975,53.7298186755687
png,1976,53.6586099868835
png,1977,53.6250764888178
png,1978,53.6218165946355
png,1979,53.6436004680459
png,1980,53.6898621958781
png,1981,53.6641058076446
png,1982,53.6820078055642
png,1983,53.7417320626243
png,1984,53.84845484931
png,1985,54.0062244381667
png,1986,54.1130155868344
png,1987,54.2882385930717
png,1988,54.5152581406867
png,1989,54.7719332118144
png,1990,55.0446214624006
png,1991,55.2895575340487
png,1992,55.5333897766959
png,1993,55.7818905311761
png,1994,56.0397777556981
png,1995,56.3019331153372
png,1996,56.4619128124454
png,1997,56.6286511306696
png,1998,56.7954999812896
png,1999,56.957922128048
png,2000,57.1166583097371
png,2001,57.160096512479
png,2002,57.2453617307562
png,2003,57.3543220417374
png,2004,57.4690453665875
png,2005,57.5859790213611
png,2006,57.6951633563473
png,2007,57.7987942525576
png,2008,57.9188697762416
png,2009,58.0879566263694
png,2010,58.3185089865436
png,2011,58.5225662604129
png,2012,58.792873372525
png,2013,59.1066349790231
png,2014,59.4284782262531
png,2015,59.738744227303
png,2016,60.0015386535371
pol,1970,64.5623085274751
pol,1971,64.9727870893053
pol,1972,65.4457400249409
pol,1973,65.9154098949704
pol,1974,66.2799405731061
pol,1975,66.4883433041168
pol,1976,66.4689103623253
pol,1977,66.3405251278868
pol,1978,66.1338914916784
pol,1979,65.9257463414717
pol,1980,65.7638440271519
pol,1981,65.6033825977008
pol,1982,65.4879713118053
pol,1983,65.3936300133792
pol,1984,65.2939649981368
pol,1985,65.1882530710663
pol,1986,65.0262560379651
pol,1987,64.9182083421298
pol,1988,64.870847439703
pol,1989,64.8764145246659
pol,1990,64.9287504453023
pol,1991,65.0648643849013
pol,1992,65.1953036906348
pol,1993,65.3620738576052
pol,1994,65.6247853896449
pol,1995,66.0063191513132
pol,1996,66.3231421409428
pol,1997,66.7864223859997
pol,1998,67.3413471540861
pol,1999,67.9007696083061
pol,2000,68.4178374363287
pol,2001,68.867107664429
pol,2002,69.2462248150371
pol,2003,69.5850180231831
pol,2004,69.9358939533024
pol,2005,70.3121571373585
pol,2006,70.6300502678123
pol,2007,70.9271989247992
pol,2008,71.167185017861
pol,2009,71.3030389926959
pol,2010,71.3103523533741
pol,2011,71.0657046131976
pol,2012,70.7832320790834
pol,2013,70.4397799905825
pol,2014,70.0125035711432
pol,2015,69.5045470265875
pol,2016,69.00863872065
pri,1970,56.9706488314259
pri,1971,57.6775574104752
pri,1972,58.3813359508752
pri,1973,59.023293638776
pri,1974,59.5950724386224
pri,1975,60.1138993808081
pri,1976,60.2476417623905
pri,1977,60.2990503650947
pri,1978,60.3488620475377
pri,1979,60.4319797335765
pri,1980,60.5432618359925
pri,1981,60.7096181051054
pri,1982,60.8956541448459
pri,1983,61.1293310521254
pri,1984,61.4127499094479
pri,1985,61.7373346244553
pri,1986,62.0397232957453
pri,1987,62.3383922077119
pri,1988,62.623737675405
pri,1989,62.8801163300952
pri,1990,63.1002778587114
pri,1991,63.3696429230088
pri,1992,63.6104915692747
pri,1993,63.8279783123444
pri,1994,64.0402557874257
pri,1995,64.2594225291837
pri,1996,64.3867810387049
pri,1997,64.560951046069
pri,1998,64.768861146897
pri,1999,64.9662029670613
pri,2000,65.1210423450024
pri,2001,65.2167539889792
pri,2002,65.2919578043155
pri,2003,65.364373474494
pri,2004,65.4624732447312
pri,2005,65.5918270547159
pri,2006,65.6944278374579
pri,2007,65.824971203586
pri,2008,65.9996766411798
pri,2009,66.20420998564
pri,2010,66.4076909230867
pri,2011,66.4682933619352
pri,2012,66.542567346824
pri,2013,66.6346049838928
pri,2014,66.7361096960781
pri,2015,66.8284913853176
pri,2016,66.8812397710627
prk,1970,55.2340046077833
prk,1971,54.5699958830539
prk,1972,54.857105620541
prk,1973,55.6955076557951
prk,1974,56.5004195691621
prk,1975,57.0242596809534
prk,1976,57.6446053596956
prk,1977,58.1176237207365
prk,1978,58.5375937434822
prk,1979,59.0786163992735
prk,1980,59.7990858589732
prk,1981,60.9035019003194
prk,1982,61.8388950945783
prk,1983,62.7254933186375
prk,1984,63.6992743141552
prk,1985,64.795003379202
prk,1986,65.391757859287
prk,1987,66.3273789925538
prk,1988,67.3597190384996
prk,1989,68.1450382882055
prk,1990,68.5345389609666
prk,1991,68.8532811882101
prk,1992,68.7493540268889
prk,1993,68.3951638106458
prk,1994,68.0828216466211
prk,1995,67.9549803979902
prk,1996,67.7867658324209
prk,1997,67.8204714814952
prk,1998,67.9827686821548
prk,1999,68.1238440021846
prk,2000,68.1669496043778
prk,2001,68.1473607123697
prk,2002,68.0508852137114
prk,2003,67.9255000522547
prk,2004,67.8523751324196
prk,2005,67.8694555639609
prk,2006,67.8610829755601
prk,2007,67.9592017432011
prk,2008,68.1317999900227
prk,2009,68.3184018850329
prk,2010,68.4851033883563
prk,2011,68.6123636241259
prk,2012,68.6848501132653
prk,2013,68.7576262780369
prk,2014,68.9168730361159
prk,2015,69.1961077197331
prk,2016,69.4828532257569
prt,1970,61.6091741358595
prt,1971,61.7770675204382
prt,1972,61.874301171656
prt,1973,61.9191040212024
prt,1974,61.9757573091053
prt,1975,62.0835903152831
prt,1976,62.0808779181429
prt,1977,62.1723287572721
prt,1978,62.3331636058284
prt,1979,62.5234091264711
prt,1980,62.7308359912863
prt,1981,63.0124967886912
prt,1982,63.2969628729537
prt,1983,63.5811093269141
prt,1984,63.8742877738453
prt,1985,64.1864289237225
prt,1986,64.4547085554853
prt,1987,64.7584406060915
prt,1988,65.1027371394779
prt,1989,65.4666688914411
prt,1990,65.8191276143143
prt,1991,66.156827693864
prt,1992,66.4691191714814
prt,1993,66.7466700135932
prt,1994,66.99217286622
prt,1995,67.2088975722026
prt,1996,67.3247423519931
prt,1997,67.4479354989268
prt,1998,67.5611835573893
prt,1999,67.6373616730041
prt,2000,67.6591196410432
prt,2001,67.6421863292495
prt,2002,67.5786897860024
prt,2003,67.4793434570601
prt,2004,67.3818238669456
prt,2005,67.3164250094385
prt,2006,67.0401495252195
prt,2007,66.8250217307048
prt,2008,66.6610496203612
prt,2009,66.5132671507913
prt,2010,66.3506291258027
prt,2011,66.1473102482464
prt,2012,65.9274807237809
prt,2013,65.6866084569108
prt,2014,65.4351453438623
prt,2015,65.1844948871106
prt,2016,65.0184585311446
pry,1970,50.3878976891047
pry,1971,50.7663017347839
pry,1972,51.1790749859728
pry,1973,51.5899436197674
pry,1974,51.9527097806775
pry,1975,52.2491169711376
pry,1976,52.7093239716087
pry,1977,53.0280458203807
pry,1978,53.2563912522085
pry,1979,53.4644893717268
pry,1980,53.6806230212254
pry,1981,53.8526270871441
pry,1982,54.0710109753739
pry,1983,54.2918171973918
pry,1984,54.4573445687929
pry,1985,54.5509781781599
pry,1986,54.5682458110792
pry,1987,54.5718421304585
pry,1988,54.5722675461798
pry,1989,54.5940932929588
pry,1990,54.6552684051373
pry,1991,54.7155370413632
pry,1992,54.8095126802047
pry,1993,54.9522424746284
pry,1994,55.1577057656854
pry,1995,55.4285894325593
pry,1996,55.7152225124387
pry,1997,56.050224643117
pry,1998,56.4323650946789
pry,1999,56.8617629961649
pry,2000,57.3367529748996
pry,2001,57.7678788094012
pry,2002,58.2766871721383
pry,2003,58.8297862855411
pry,2004,59.3763565660426
pry,2005,59.8893209103486
pry,2006,60.3927282197105
pry,2007,60.8049668136568
pry,2008,61.1682558812737
pry,2009,61.5456808005827
pry,2010,61.960985700683
pry,2011,62.3265371557933
pry,2012,62.7543277633202
pry,2013,63.1944526071262
pry,2014,63.5700206208726
pry,2015,63.8457301337723
pry,2016,64.084157930016
pse,1990,49.3089810332132
pse,1991,49.2801539810783
pse,1992,49.2637249479118
pse,1993,49.256525247438
pse,1994,49.2610786228978
pse,1995,49.2831498772588
pse,1996,49.248352591099
pse,1997,49.3087605754773
pse,1998,49.4367740916082
pse,1999,49.6256263072782
pse,2000,49.9007914653667
pse,2001,50.2262788061957
pse,2002,50.565380969616
pse,2003,50.9561006033773
pse,2004,51.4194611307345
pse,2005,51.9371003056342
pse,2006,52.5279946263872
pse,2007,53.1329210584813
pse,2008,53.7366930491056
pse,2009,54.3213161043602
pse,2010,54.8723587837109
pse,2011,55.3151745386019
pse,2012,55.7668988768231
pse,2013,56.1978950058034
pse,2014,56.5768029223623
pse,2015,56.8944884753728
pse,2016,57.1608562831567
pyf,1970,51.5706593058509
pyf,1971,51.7981331956995
pyf,1972,52.3161338868269
pyf,1973,52.9610317434372
pyf,1974,53.5814240311181
pyf,1975,54.1100452460974
pyf,1976,54.7444117908986
pyf,1977,55.19789146215
pyf,1978,55.5875608255495
pyf,1979,56.0904573104497
pyf,1980,56.7827668942969
pyf,1981,57.3299283807914
pyf,1982,58.1155835115111
pyf,1983,59.0642038970371
pyf,1984,59.9867367778586
pyf,1985,60.7280655692792
pyf,1986,61.0340136054422
pyf,1987,61.1262503379292
pyf,1988,61.0578798132161
pyf,1989,60.9924222144431
pyf,1990,61.0399495904222
pyf,1991,61.0139790907651
pyf,1992,61.2108191322479
pyf,1993,61.5330341500876
pyf,1994,61.849710982659
pyf,1995,62.1061729771929
pyf,1996,62.546572237702
pyf,1997,62.8075680169489
pyf,1998,63.0328931236207
pyf,1999,63.3954634431128
pyf,2000,63.9531649090863
pyf,2001,64.4850439129119
pyf,2002,65.2102397492306
pyf,2003,66.0063018362247
pyf,2004,66.7032072286764
pyf,2005,67.2245631380303
pyf,2006,67.5874212665612
pyf,2007,67.8549774745389
pyf,2008,68.077620174862
pyf,2009,68.2996901133741
pyf,2010,68.5191546561123
pyf,2011,68.6929066160693
pyf,2012,68.7780407282952
pyf,2013,68.8112368752011
pyf,2014,68.8283167080484
pyf,2015,68.8407936908063
pyf,2016,68.8806172557529
qat,1970,61.921763427507
qat,1971,62.2722400857449
qat,1972,62.8303736957421
qat,1973,63.4999753938738
qat,1974,64.16944256493
qat,1975,64.7454884954353
qat,1976,64.8053337628569
qat,1977,64.8854710786382
qat,1978,64.9227197243002
qat,1979,64.8848343748326
qat,1980,64.7565635124567
qat,1981,66.330840157328
qat,1982,67.4973683831057
qat,1983,68.3623121439581
qat,1984,69.0940241027368
qat,1985,69.8017413987782
qat,1986,69.5339907320849
qat,1987,69.6029985248886
qat,1988,69.8497501092849
qat,1989,70.1316387728149
qat,1990,70.4127443881246
qat,1991,70.7393572394157
qat,1992,70.9279399092261
qat,1993,71.0209623459325
qat,1994,71.1316420000197
qat,1995,71.3133575483733
qat,1996,71.5271183065801
qat,1997,71.8496543261605
qat,1998,72.1862907181658
qat,1999,72.4432651326638
qat,2000,72.5887142116647
qat,2001,73.8888546668266
qat,2002,74.9609313894796
qat,2003,75.804765127377
qat,2004,76.4803552720876
qat,2005,77.0476942590907
qat,2006,80.2244101735779
qat,2007,82.572776646243
qat,2008,84.1681889700304
qat,2009,85.1968216849596
qat,2010,85.8716979944664
qat,2011,85.6769843457199
qat,2012,85.6155383471877
qat,2013,85.4797191523738
qat,2014,85.2672169486515
qat,2015,85.0838935031849
qat,2016,84.929979095682
rou,1970,65.5940210164909
rou,1971,65.2341483355168
rou,1972,65.2872608523326
rou,1973,65.5039172596692
rou,1974,65.5338775938325
rou,1975,65.2363375506556
rou,1976,65.0191873788305
rou,1977,64.3907377425616
rou,1978,63.6117492718803
rou,1979,63.0886347185692
rou,1980,63.0119594616498
rou,1981,63.034368306482
rou,1982,63.5092271944217
rou,1983,64.2497674880091
rou,1984,64.9245403532352
rou,1985,65.3493911740164
rou,1986,65.6856847185594
rou,1987,65.7451798255076
rou,1988,65.6577662518217
rou,1989,65.6516639563412
rou,1990,65.8457252136956
rou,1991,65.8068723090389
rou,1992,66.0593612607996
rou,1993,66.4867188008941
rou,1994,66.8843915569942
rou,1995,67.1456454096826
rou,1996,67.4880663247262
rou,1997,67.5952627171047
rou,1998,67.5831728602587
rou,1999,67.6427738855837
rou,2000,67.8562054594044
rou,2001,67.8734141688995
rou,2002,68.0646420930697
rou,2003,68.368145695605
rou,2004,68.6572525686897
rou,2005,68.8654687332165
rou,2006,68.9294895735354
rou,2007,68.9022129613216
rou,2008,68.8029595385139
rou,2009,68.6755645746632
rou,2010,68.5340126564388
rou,2011,68.3876586405526
rou,2012,68.2428535061403
rou,2013,68.0817378697772
rou,2014,67.8671765350526
rou,2015,67.5835696620668
rou,2016,67.2701039832829
rus,1970,66.0672926769046
rus,1971,66.5900349023583
rus,1972,67.0130462590174
rus,1973,67.3589289983772
rus,1974,67.663694397003
rus,1975,67.9397215746795
rus,1976,67.9310225759916
rus,1977,68.0012028111501
rus,1978,68.098846022224
rus,1979,68.1576840847422
rus,1980,68.151896392484
rus,1981,68.1503992804033
rus,1982,68.0616926462907
rus,1983,67.9091902585897
rus,1984,67.753318655601
rus,1985,67.6245709904251
rus,1986,67.3854679937985
rus,1987,67.206782041513
rus,1988,67.0680428299466
rus,1989,66.9326406742697
rus,1990,66.7916259504533
rus,1991,66.5196849753294
rus,1992,66.3346555484406
rus,1993,66.2520887683226
rus,1994,66.2955112312288
rus,1995,66.4820121762502
rus,1996,66.9766426936859
rus,1997,67.511316071827
rus,1998,68.0891982813986
rus,1999,68.7004796367148
rus,2000,69.3134093343234
rus,2001,69.6069640746639
rus,2002,69.9062732803488
rus,2003,70.2267318127966
rus,2004,70.5894501138804
rus,2005,71.0077738414533
rus,2006,71.268337775365
rus,2007,71.6041937282885
rus,2008,71.9044691113848
rus,2009,72.0583315305984
rus,2010,72.0224844219893
rus,2011,71.7919642164366
rus,2012,71.3715171608162
rus,2013,70.8289261568625
rus,2014,70.2513709906147
rus,2015,69.6787370822101
rus,2016,68.9174213370207
rwa,1970,49.4316349188889
rwa,1971,49.5524562622129
rwa,1972,49.7294977031403
rwa,1973,49.9291254877422
rwa,1974,50.1076346426693
rwa,1975,50.2426422750426
rwa,1976,50.1140013277004
rwa,1977,49.9940291956197
rwa,1978,49.8760232944226
rwa,1979,49.7582966759352
rwa,1980,49.638455032334
rwa,1981,49.2693364781247
rwa,1982,48.9663932995732
rwa,1983,48.7141352936594
rwa,1984,48.4842328320106
rwa,1985,48.2589601783106
rwa,1986,48.0147079937925
rwa,1987,47.7973913460686
rwa,1988,47.6641775408564
rwa,1989,47.7993572087026
rwa,1990,48.4025673464074
rwa,1991,48.8696224587369
rwa,1992,49.8756239134532
rwa,1993,51.432250846798
rwa,1994,53.2181256083376
rwa,1995,54.6996851256006
rwa,1996,54.7887645932213
rwa,1997,54.4029313217165
rwa,1998,53.6194938874443
rwa,1999,52.8599060295613
rwa,2000,52.4808979350469
rwa,2001,52.8497830457538
rwa,2002,53.504748304428
rwa,2003,54.3434558945001
rwa,2004,55.0914232203027
rwa,2005,55.5645489997203
rwa,2006,55.8053913613959
rwa,2007,55.8101052543334
rwa,2008,55.6687053964553
rwa,2009,55.5580656612925
rwa,2010,55.5749078594166
rwa,2011,55.5827932314265
rwa,2012,55.7168774104161
rwa,2013,55.9363265806314
rwa,2014,56.1712337478671
rwa,2015,56.3906282554454
rwa,2016,56.6432848209542
sas,1970,55.3147514162536
sas,1971,55.312546816508
sas,1972,55.3540781148589
sas,1973,55.434614492651
sas,1974,55.5549459465982
sas,1975,55.7117196983463
sas,1976,55.7345468055045
sas,1977,55.8208741802097
sas,1978,55.951097404204
sas,1979,56.1038912957614
sas,1980,56.2663255286961
sas,1981,56.2944757843195
sas,1982,56.3505702998589
sas,1983,56.4333120687421
sas,1984,56.5485299071983
sas,1985,56.697913766341
sas,1986,56.7122711197386
sas,1987,56.7968001176036
sas,1988,56.9339650821354
sas,1989,57.1055493122368
sas,1990,57.3036583452493
sas,1991,57.4283652888557
sas,1992,57.5934549277263
sas,1993,57.7993172423907
sas,1994,58.0499218932273
sas,1995,58.3446160745424
sas,1996,58.5893450552702
sas,1997,58.872322407153
sas,1998,59.190449195745
sas,1999,59.5382199670288
sas,2000,59.9083927968248
sas,2001,60.1986274245233
sas,2002,60.5256062748999
sas,2003,60.8766642820622
sas,2004,61.2367671680981
sas,2005,61.597789601288
sas,2006,61.8889738509936
sas,2007,62.180729291076
sas,2008,62.4780792477562
sas,2009,62.794095596089
sas,2010,63.1349483333801
sas,2011,63.4405978014135
sas,2012,63.7865953181329
sas,2013,64.1515269570582
sas,2014,64.5035848352666
sas,2015,64.8249608005838
sas,2016,65.1156557066665
sau,1970,52.3347569875826
sau,1971,52.3513381589951
sau,1972,52.3849941835132
sau,1973,52.4258742242998
sau,1974,52.4791148853419
sau,1975,52.5437212929363
sau,1976,52.7232003937271
sau,1977,52.9469104684822
sau,1978,53.1662680418072
sau,1979,53.3315373259964
sau,1980,53.4259238061232
sau,1981,53.8359940582604
sau,1982,54.1910992679271
sau,1983,54.5077936731017
sau,1984,54.8384789483224
sau,1985,55.2103685501264
sau,1986,55.1329395345537
sau,1987,55.1624573341246
sau,1988,55.1937374989467
sau,1989,55.191139293209
sau,1990,55.2022118214728
sau,1991,55.0209158511152
sau,1992,54.8807103445899
sau,1993,54.8589985862064
sau,1994,55.0188219270399
sau,1995,55.3644642906609
sau,1996,56.2189067728757
sau,1997,57.072572478762
sau,1998,57.8082297470464
sau,1999,58.3690205074245
sau,2000,58.8011873449021
sau,2001,59.7629967753794
sau,2002,60.6691049902156
sau,2003,61.531386290159
sau,2004,62.369966881758
sau,2005,63.186282207548
sau,2006,64.0443047711068
sau,2007,64.9166189784493
sau,2008,65.7608274542352
sau,2009,66.536002561297
sau,2010,67.232278978283
sau,2011,68.203804657692
sau,2012,69.0728715184236
sau,2013,69.8254896829719
sau,2014,70.4495852417291
sau,2015,70.9481726229725
sau,2016,71.3014970060901
sdn,1970,50.7116430162327
sdn,1971,50.5196454879324
sdn,1972,50.3789378805028
sdn,1973,50.2780871454909
sdn,1974,50.2071259438583
sdn,1975,50.1591673676223
sdn,1976,50.0224630988646
sdn,1977,49.9398563441603
sdn,1978,49.905461865326
sdn,1979,49.9197739114773
sdn,1980,49.983380973165
sdn,1981,49.9632601264235
sdn,1982,50.0157689847588
sdn,1983,50.1284166049468
sdn,1984,50.2913785727913
sdn,1985,50.500404208275
sdn,1986,50.6315561900661
sdn,1987,50.822039529166
sdn,1988,51.0568330790972
sdn,1989,51.310457095334
sdn,1990,51.5602610535553
sdn,1991,51.8133066904379
sdn,1992,52.0484274894482
sdn,1993,52.2767702092884
sdn,1994,52.5232456815682
sdn,1995,52.8046317580734
sdn,1996,52.7999825709397
sdn,1997,52.8591050981346
sdn,1998,52.9570548504508
sdn,1999,53.0544282224232
sdn,2000,53.1308577978377
sdn,2001,53.1650182206087
sdn,2002,53.1907788699027
sdn,2003,53.2241262586992
sdn,2004,53.2953430824889
sdn,2005,53.4193321060611
sdn,2006,53.3993097239275
sdn,2007,53.4282571320472
sdn,2008,53.498952041262
sdn,2009,53.597037843494
sdn,2010,53.7158229362371
sdn,2011,53.9213287656828
sdn,2012,54.1659738853297
sdn,2013,54.4424467918762
sdn,2014,54.7425052360473
sdn,2015,55.0566949433063
sdn,2016,55.3343014603666
sen,1970,52.9564850775278
sen,1971,52.7753256382994
sen,1972,52.6825622514703
sen,1973,52.6538854362921
sen,1974,52.6801889409097
sen,1975,52.7545733983306
sen,1976,52.224032583341
sen,1977,51.8093225621775
sen,1978,51.4764927054437
sen,1979,51.190045722278
sen,1980,50.9342626012803
sen,1981,50.5834787450755
sen,1982,50.2968467037237
sen,1983,50.0764774006044
sen,1984,49.9393814314314
sen,1985,49.8911135654208
sen,1986,49.7406657544339
sen,1987,49.7250901377102
sen,1988,49.8022784545136
sen,1989,49.9250334306689
sen,1990,50.0726413210198
sen,1991,50.1562136336497
sen,1992,50.2651709740994
sen,1993,50.4135311532524
sen,1994,50.6292576525407
sen,1995,50.9240612873154
sen,1996,51.016555797326
sen,1997,51.2005182825519
sen,1998,51.4525567153547
sen,1999,51.7340373795985
sen,2000,52.0203556193351
sen,2001,52.234846978592
sen,2002,52.4663357526853
sen,2003,52.7048849263283
sen,2004,52.942840890753
sen,2005,53.1717586269847
sen,2006,53.2794693462174
sen,2007,53.3833711330143
sen,2008,53.4812602174852
sen,2009,53.5726911428065
sen,2010,53.656303244546
sen,2011,53.6883942527241
sen,2012,53.7361259116549
sen,2013,53.7932001541041
sen,2014,53.8605198324143
sen,2015,53.9449304713616
sen,2016,54.0058685612032
sgp,1970,57.895323530973
sgp,1971,58.9282677435782
sgp,1972,59.9282779452822
sgp,1973,60.9330778874105
sgp,1974,61.9867283745448
sgp,1975,63.1031867270156
sgp,1976,64.0318792356812
sgp,1977,65.1481307896493
sgp,1978,66.3314582675793
sgp,1979,67.3955108603798
sgp,1980,68.2329062487042
sgp,1981,69.0222310555209
sgp,1982,69.5080472152016
sgp,1983,69.7954974322365
sgp,1984,70.0742562929494
sgp,1985,70.4452908574459
sgp,1986,70.8926689171219
sgp,1987,71.5071033100073
sgp,1988,72.160303549803
sgp,1989,72.6709914483869
sgp,1990,72.9410316058697
sgp,1991,72.8771834642847
sgp,1992,72.5648728159519
sgp,1993,72.0999407468332
sgp,1994,71.6710532145864
sgp,1995,71.4039034960255
sgp,1996,71.012298195272
sgp,1997,70.8943078291157
sgp,1998,70.9780674484917
sgp,1999,71.1140506308561
sgp,2000,71.1986836860878
sgp,2001,71.5978659189769
sgp,2002,71.9409189757572
sgp,2003,72.2220980186125
sgp,2004,72.4565450201829
sgp,2005,72.6263303705465
sgp,2006,72.6937330181199
sgp,2007,72.8030769178756
sgp,2008,73.0250959110587
sgp,2009,73.3332151852032
sgp,2010,73.6399177652194
sgp,2011,73.6326793362541
sgp,2012,73.5270324673428
sgp,2013,73.3420919158706
sgp,2014,73.1005322353112
sgp,2015,72.8109527606823
sgp,2016,72.4719361915747
slb,1970,53.2422484247302
slb,1971,52.5497557336414
slb,1972,51.7364048250849
slb,1973,50.86563069769
slb,1974,50.049374235236
slb,1975,49.3716560262607
slb,1976,49.2399322169059
slb,1977,49.2654025017192
slb,1978,49.3649783837249
slb,1979,49.4416703679278
slb,1980,49.4555672637864
slb,1981,49.3913510204253
slb,1982,49.3113394700864
slb,1983,49.2627535389401
slb,1984,49.3252990951966
slb,1985,49.5323133961839
slb,1986,49.816380837619
slb,1987,50.1922520506305
slb,1988,50.6594025033564
slb,1989,51.1958661579605
slb,1990,51.7688558234992
slb,1991,52.1688027859443
slb,1992,52.6399214433571
slb,1993,53.132953902715
slb,1994,53.5975374042523
slb,1995,54.0109958939383
slb,1996,54.2754601874582
slb,1997,54.5220780793111
slb,1998,54.7548528963785
slb,1999,54.9923045888558
slb,2000,55.241402877785
slb,2001,55.3373457307133
slb,2002,55.4211026921716
slb,2003,55.4982552504762
slb,2004,55.5798954451436
slb,2005,55.6817093544165
slb,2006,55.7330159402769
slb,2007,55.7773765569846
slb,2008,55.8136446260186
slb,2009,55.8550144454628
slb,2010,55.9228102086057
slb,2011,56.0198586396943
slb,2012,56.2001047991863
slb,2013,56.4395142614279
slb,2014,56.7122035641803
slb,2015,57.0051507961095
slb,2016,57.3226741227756
sle,1970,56.8488024369126
sle,1971,56.3735464507522
sle,1972,55.9679504079691
sle,1973,55.6207461643676
sle,1974,55.3371035994245
sle,1975,55.1189160806927
sle,1976,54.6108399859482
sle,1977,54.2381651142018
sle,1978,53.9629503720948
sle,1979,53.7432075367775
sle,1980,53.5594592209461
sle,1981,53.1741279438489
sle,1982,52.8630376306342
sle,1983,52.6274603041329
sle,1984,52.4718290499685
sle,1985,52.3880985906226
sle,1986,52.1243531526889
sle,1987,51.9768169276877
sle,1988,51.9276260154145
sle,1989,51.9830011662636
sle,1990,52.1755716162761
sle,1991,52.0782691477228
sle,1992,52.0718799667169
sle,1993,52.1732528900362
sle,1994,52.3641563994574
sle,1995,52.5960046495536
sle,1996,52.5865237544806
sle,1997,52.6874163125616
sle,1998,52.8472227645518
sle,1999,52.9986797521206
sle,2000,53.0768045988243
sle,2001,53.0089275559505
sle,2002,53.0073533208962
sle,2003,53.0381385000891
sle,2004,53.1087496633543
sle,2005,53.2510989454753
sle,2006,53.1943210550325
sle,2007,53.1875845016231
sle,2008,53.252585569857
sle,2009,53.3988615366086
sle,2010,53.6187356008621
sle,2011,53.7031368067357
sle,2012,53.8836461697376
sle,2013,54.1371024514456
sle,2014,54.4358357670018
sle,2015,54.7648239435403
sle,2016,55.0596861356996
slv,1970,51.1521713353477
slv,1971,51.2842196067849
slv,1972,51.423264682875
slv,1973,51.5726230527423
slv,1974,51.746879959188
slv,1975,51.9548164266641
slv,1976,52.0911154746531
slv,1977,52.2388407848195
slv,1978,52.3905968874816
slv,1979,52.5477438153642
slv,1980,52.7218960229694
slv,1981,52.9048426718083
slv,1982,53.1111238075891
slv,1983,53.3273884324385
slv,1984,53.5412960128697
slv,1985,53.7537216736463
slv,1986,54.1942050650809
slv,1987,54.6012694822065
slv,1988,54.98493368379
slv,1989,55.3557954647785
slv,1990,55.7103694321429
slv,1991,56.1535124187647
slv,1992,56.5520706045611
slv,1993,56.8943551333577
slv,1994,57.1741829720584
slv,1995,57.3970414079911
slv,1996,57.5167866288782
slv,1997,57.6235191623943
slv,1998,57.7138376653874
slv,1999,57.7942133016502
slv,2000,57.8815009681939
slv,2001,58.0173560209158
slv,2002,58.1811230841255
slv,2003,58.3807178556267
slv,2004,58.618678420704
slv,2005,58.896466571935
slv,2006,59.3731703475188
slv,2007,59.8135440681518
slv,2008,60.2489468194775
slv,2009,60.7150957525782
slv,2010,61.2214106743864
slv,2011,61.739587505006
slv,2012,62.3178700858317
slv,2013,62.8971086314549
slv,2014,63.3915330361815
slv,2015,63.7610776623697
slv,2016,64.1158903416099
som,1970,53.5265388571463
som,1971,53.3509263112032
som,1972,53.352669421949
som,1973,53.4633976876265
som,1974,53.4984937301241
som,1975,53.2375164934851
som,1976,53.1043586047597
som,1977,52.99770350763
som,1978,52.8675979282874
som,1979,52.8299025046127
som,1980,53.0451354478587
som,1981,52.9412379225517
som,1982,52.8823270871746
som,1983,52.9428119556928
som,1984,53.1007425682416
som,1985,53.278479253255
som,1986,53.1625270132062
som,1987,53.0708628207399
som,1988,52.9815590286234
som,1989,52.9125562433607
som,1990,52.9021553267678
som,1991,52.6250493566468
som,1992,52.4342649251977
som,1993,52.3016735394015
som,1994,52.154390704374
som,1995,51.917871939575
som,1996,51.5253492953781
som,1997,51.1413184065082
som,1998,50.7627423723388
som,1999,50.4375514822945
som,2000,50.2071524552185
som,2001,49.8411604655476
som,2002,49.637265848662
som,2003,49.5482238059322
som,2004,49.5058731376952
som,2005,49.4754381035406
som,2006,49.450403454199
som,2007,49.4256787729164
som,2008,49.4318547636631
som,2009,49.5200457123725
som,2010,49.7053277783046
som,2011,49.7712121792301
som,2012,49.9532426767753
som,2013,50.1995492200215
som,2014,50.4412635863281
som,2015,50.6462803156341
som,2016,50.7487360661366
srb,1990,66.6412928200735
srb,1991,66.5247969346058
srb,1992,66.472250044865
srb,1993,66.4646226236923
srb,1994,66.4748911388775
srb,1995,66.4936691046784
srb,1996,66.4791132997129
srb,1997,66.3904025934561
srb,1998,66.2475117755647
srb,1999,66.0939290642315
srb,2000,65.9654612882163
srb,2001,65.9877952939092
srb,2002,66.0780276935924
srb,2003,66.2436287128197
srb,2004,66.4829980915592
srb,2005,66.7802208272481
srb,2006,67.0730203746987
srb,2007,67.4346216738874
srb,2008,67.7916890853528
srb,2009,68.0519916917786
srb,2010,68.167836064833
srb,2011,68.1131310579596
srb,2012,67.9307007805306
srb,2013,67.6582907474764
srb,2014,67.3482832082796
srb,2015,67.0271870283168
srb,2016,66.6033074745442
ssa,1970,52.8649232216303
ssa,1971,52.6554886160229
ssa,1972,52.5011815328761
ssa,1973,52.393819037791
ssa,1974,52.3305678456073
ssa,1975,52.3065430217674
ssa,1976,52.1186687097122
ssa,1977,51.9994789388847
ssa,1978,51.927461374537
ssa,1979,51.8844547306612
ssa,1980,51.8631737896787
ssa,1981,51.6596391237838
ssa,1982,51.5232442578027
ssa,1983,51.4455520544318
ssa,1984,51.422265052167
ssa,1985,51.4495462106716
ssa,1986,51.3374340619729
ssa,1987,51.3004801503247
ssa,1988,51.3269828406424
ssa,1989,51.4081618148314
ssa,1990,51.5388952575991
ssa,1991,51.5688169967664
ssa,1992,51.6647919485262
ssa,1993,51.8123464506244
ssa,1994,51.9957567766245
ssa,1995,52.2034179163839
ssa,1996,52.2352481244262
ssa,1997,52.3085175992705
ssa,1998,52.4132391731622
ssa,1999,52.5431462903937
ssa,2000,52.6929239846825
ssa,2001,52.6907428749
ssa,2002,52.7359511077839
ssa,2003,52.8105105957886
ssa,2004,52.8978644557194
ssa,2005,52.9906388241758
ssa,2006,52.9874498528946
ssa,2007,53.0115718190974
ssa,2008,53.062081886787
ssa,2009,53.1413272165859
ssa,2010,53.24883270831
ssa,2011,53.3141322274447
ssa,2012,53.4175614724096
ssa,2013,53.553345742176
ssa,2014,53.7165678937056
ssa,2015,53.9039723476387
ssa,2016,54.0489503073685
ssd,1970,54.0016621438914
ssd,1971,53.5685770126906
ssd,1972,53.329201107332
ssd,1973,53.225184750284
ssd,1974,53.1847539057762
ssd,1975,53.1718488261358
ssd,1976,52.9687431905214
ssd,1977,52.8336628966106
ssd,1978,52.7680570108257
ssd,1979,52.7819414828845
ssd,1980,52.8671278098252
ssd,1981,52.7598775019032
ssd,1982,52.7784396097976
ssd,1983,52.8810561668941
ssd,1984,53.0262733523033
ssd,1985,53.2069693752345
ssd,1986,53.1069440577402
ssd,1987,52.9864122047584
ssd,1988,52.8871158134807
ssd,1989,52.8821990866884
ssd,1990,53.0265229018828
ssd,1991,52.8075461686423
ssd,1992,52.7465218946724
ssd,1993,52.7959627829768
ssd,1994,52.8174508889147
ssd,1995,52.6564750289348
ssd,1996,52.5045650934785
ssd,1997,52.3766086540079
ssd,1998,52.2386342448522
ssd,1999,52.1395451624277
ssd,2000,52.1331767717282
ssd,2001,52.0395268704675
ssd,2002,52.0701727317935
ssd,2003,52.1954826162931
ssd,2004,52.3582154664507
ssd,2005,52.5150409115758
ssd,2006,52.6027868281208
ssd,2007,52.7183782646352
ssd,2008,52.8631720051196
ssd,2009,53.0489206474037
ssd,2010,53.2765109046659
ssd,2011,53.4188566031869
ssd,2012,53.6187063338756
ssd,2013,53.8609685336146
ssd,2014,54.1360287944507
ssd,2015,54.4495977734507
ssf,1970,52.8644744845948
ssf,1971,52.655157803435
ssf,1972,52.5009576687133
ssf,1973,52.3936962428794
ssf,1974,52.330544104235
ssf,1975,52.3066234812087
ssf,1976,52.1188501414068
ssf,1977,51.9997595993743
ssf,1978,51.9278302891186
ssf,1979,51.8849061995136
ssf,1980,51.8637036350218
ssf,1981,51.6602952368936
ssf,1982,51.5240029172851
ssf,1983,51.4463876945383
ssf,1984,51.423166847246
ssf,1985,51.4505003664815
ssf,1986,51.3383663454728
ssf,1987,51.3014176778063
ssf,1988,51.3278813827629
ssf,1989,51.4090172214077
ssf,1990,51.5397016355934
ssf,1991,51.5697412255938
ssf,1992,51.665802580297
ssf,1993,51.8134374783385
ssf,1994,51.9969215108352
ssf,1995,52.2046351307895
ssf,1996,52.2364833570102
ssf,1997,52.3097714680212
ssf,1998,52.4145263308712
ssf,1999,52.5444632181533
ssf,2000,52.6942474751738
ssf,2001,52.6921656775184
ssf,2002,52.737485911939
ssf,2003,52.8120701232044
ssf,2004,52.8994501038021
ssf,2005,52.9922635773779
ssf,2006,52.9890838977504
ssf,2007,53.0131970752462
ssf,2008,53.0637313969978
ssf,2009,53.1429691678919
ssf,2010,53.2504991094353
ssf,2011,53.3157387326254
ssf,2012,53.4191554118261
ssf,2013,53.5549242348643
ssf,2014,53.7181099680598
ssf,2015,53.9054724094991
ssf,2016,54.0503740245288
stp,1970,47.9913269497528
stp,1971,47.8496604727062
stp,1972,47.9138991707185
stp,1973,48.1245729037483
stp,1974,48.358745506384
stp,1975,48.5297856113889
stp,1976,48.311244625081
stp,1977,48.0030651691562
stp,1978,47.749447768318
stp,1979,47.7177303586655
stp,1980,47.9478456855786
stp,1981,47.5461578133058
stp,1982,47.5513140032014
stp,1983,47.7391893777787
stp,1984,47.8231859883236
stp,1985,47.7073161317714
stp,1986,47.8772019644652
stp,1987,47.6879393008425
stp,1988,47.382844614963
stp,1989,47.2681340535892
stp,1990,47.4594575610441
stp,1991,47.6086470497188
stp,1992,48.0793832480474
stp,1993,48.699004176036
stp,1994,49.2147483726295
stp,1995,49.5429167918769
stp,1996,49.8870525768314
stp,1997,50.0141106119429
stp,1998,50.039724774768
stp,1999,50.1155380245206
stp,2000,50.3145606972281
stp,2001,50.4271935151318
stp,2002,50.6988108137954
stp,2003,51.0278219610169
stp,2004,51.3091485763544
stp,2005,51.5099916468547
stp,2006,51.6726501305483
stp,2007,51.8188116565809
stp,2008,51.9510163977641
stp,2009,52.0832723504651
stp,2010,52.2291390122213
stp,2011,52.4837807606264
stp,2012,52.7095670051233
stp,2013,52.9407361864792
stp,2014,53.2138487760501
stp,2015,53.5481429586864
stp,2016,53.8812465609524
sur,1970,47.880131331931
sur,1971,48.1231700673335
sur,1972,48.3119862976807
sur,1973,48.4557913255001
sur,1974,48.5624447067782
sur,1975,48.6620856243141
sur,1976,50.0918741213845
sur,1977,51.5608944086992
sur,1978,53.087642513494
sur,1979,54.6131860545392
sur,1980,56.0324937909514
sur,1981,57.337920594509
sur,1982,58.323444092827
sur,1983,59.0626882014783
sur,1984,59.6733394984496
sur,1985,60.2115917839933
sur,1986,60.3716961156058
sur,1987,60.7140809166593
sur,1988,61.099769795422
sur,1989,61.3574239283891
sur,1990,61.4245886833942
sur,1991,61.4357346537706
sur,1992,61.2884760492285
sur,1993,61.0602759284623
sur,1994,60.8795136338571
sur,1995,60.8170844939647
sur,1996,60.9540125678835
sur,1997,61.175030814512
sur,1998,61.471747985094
sur,1999,61.8098813069723
sur,2000,62.1632549376575
sur,2001,62.3328588772135
sur,2002,62.5299144591383
sur,2003,62.7444033976885
sur,2004,62.9773311994814
sur,2005,63.2377050823135
sur,2006,63.5743703736018
sur,2007,63.9422803386273
sur,2008,64.3298624861205
sur,2009,64.7171924190243
sur,2010,65.0859242391699
sur,2011,65.3862288346824
sur,2012,65.6652584266316
sur,2013,65.9226969440041
sur,2014,66.1592399001328
sur,2015,66.378649621842
sur,2016,66.5057811335893
svk,1970,63.3100168082557
svk,1971,63.6096803825016
svk,1972,63.8181943836332
svk,1973,63.9437853058842
svk,1974,64.0151664892001
svk,1975,64.0431642868866
svk,1976,63.8556306972825
svk,1977,63.6662526530155
svk,1978,63.4924484041245
svk,1979,63.3764409946468
svk,1980,63.3529401522715
svk,1981,63.4279474032034
svk,1982,63.6207919367586
svk,1983,63.8617784373532
svk,1984,64.0579755278885
svk,1985,64.1647302642759
svk,1986,64.2100792675672
svk,1987,64.1570939541863
svk,1988,64.1002083128339
svk,1989,64.1558713785438
svk,1990,64.3743521263492
svk,1991,64.5739922983255
svk,1992,64.9402058497292
svk,1993,65.4247239777574
svk,1994,65.9534885628959
svk,1995,66.4874513298372
svk,1996,66.9210189890484
svk,1997,67.3909390184456
svk,1998,67.8930778791879
svk,1999,68.4294704344881
svk,2000,68.9949883418151
svk,2001,69.5632560408266
svk,2002,70.1011119312523
svk,2003,70.6106573360993
svk,2004,71.0939454782079
svk,2005,71.5398864559731
svk,2006,71.7928973772729
svk,2007,72.0033951265633
svk,2008,72.1547120352904
svk,2009,72.2273645416471
svk,2010,72.2125591242816
svk,2011,72.015493229291
svk,2012,71.7865008205543
svk,2013,71.4975493674806
svk,2014,71.1226778033813
svk,2015,70.65913410468
svk,2016,70.1544096874886
svn,1970,66.0182405046535
svn,1971,65.9935875895891
svn,1972,65.8367822534256
svn,1973,65.6095959185416
svn,1974,65.4108081049199
svn,1975,65.2886482044596
svn,1976,65.1375693216747
svn,1977,65.0593956402874
svn,1978,65.0457662080764
svn,1979,65.1013910520682
svn,1980,65.2358569960187
svn,1981,65.523340370126
svn,1982,65.9906077724086
svn,1983,66.5752058787065
svn,1984,67.1630186037187
svn,1985,67.6730406886926
svn,1986,67.9589704296296
svn,1987,68.1144631048195
svn,1988,68.2162247392324
svn,1989,68.370756164934
svn,1990,68.6295246548805
svn,1991,68.68818118975
svn,1992,68.8478553107635
svn,1993,69.0761747488964
svn,1994,69.3032746427528
svn,1995,69.4842307599605
svn,1996,69.6659458649595
svn,1997,69.7837224685669
svn,1998,69.8646764347256
svn,1999,69.9591815796065
svn,2000,70.0899522705317
svn,2001,70.1691705027638
svn,2002,70.2976566492176
svn,2003,70.4338185940929
svn,2004,70.5105878690187
svn,2005,70.4872710805743
svn,2006,70.390874098147
svn,2007,70.175347981837
svn,2008,69.876534794605
svn,2009,69.5640809973745
svn,2010,69.2759714605353
svn,2011,68.8621900073828
svn,2012,68.5227554006766
svn,2013,68.1921999652489
svn,2014,67.7821372434924
svn,2015,67.2556907018934
svn,2016,66.6676612787567
swe,1970,65.4610302577954
swe,1971,65.1504676564729
swe,1972,64.8520112011344
swe,1973,64.5798529319036
swe,1974,64.3502519217105
swe,1975,64.1719631002252
swe,1976,64.0451359310657
swe,1977,63.9836401660709
swe,1978,63.9771551839741
swe,1979,64.0145069827083
swe,1980,64.0893864583186
swe,1981,64.177953185475
swe,1982,64.2886753887573
swe,1983,64.4089494521595
swe,1984,64.512807477783
swe,1985,64.5733753929931
swe,1986,64.5635313296177
swe,1987,64.5165523183791
swe,1988,64.4377230047253
swe,1989,64.3448373224702
swe,1990,64.251339732175
swe,1991,64.0589361073337
swe,1992,63.8997285287066
swe,1993,63.7672440679857
swe,1994,63.6761991099578
swe,1995,63.65018865106
swe,1996,63.6274237681522
swe,1997,63.7195926012079
swe,1998,63.8947933726291
swe,1999,64.0934960723986
swe,2000,64.2740192126679
swe,2001,64.6093025540154
swe,2002,64.827052693434
swe,2003,64.9763356034382
swe,2004,65.1254821820785
swe,2005,65.2888166704154
swe,2006,65.2599462812425
swe,2007,65.3323392165852
swe,2008,65.4291433588578
swe,2009,65.4301003341609
swe,2010,65.2735073536491
swe,2011,64.9883708793635
swe,2012,64.5697206774995
swe,2013,64.0538511387175
swe,2014,63.5409648670874
swe,2015,63.1051772585116
swe,2016,62.766569626755
swz,1970,50.0844683653072
swz,1971,49.8721121662433
swz,1972,49.6829934565784
swz,1973,49.5187653757699
swz,1974,49.3798752572222
swz,1975,49.2644442037507
swz,1976,49.0154046968009
swz,1977,48.824615809699
swz,1978,48.6807538951898
swz,1979,48.5678506997595
swz,1980,48.483191132502
swz,1981,48.4332245250098
swz,1982,48.3970733859273
swz,1983,48.3869546724997
swz,1984,48.3970022471381
swz,1985,48.4059368728593
swz,1986,48.523717624819
swz,1987,48.6715264110018
swz,1988,48.8496556962531
swz,1989,49.0877669986862
swz,1990,49.4164548923637
swz,1991,49.3232447666784
swz,1992,49.3410843301686
swz,1993,49.4678174291821
swz,1994,49.6808151424864
swz,1995,49.9659655783978
swz,1996,50.3548714354977
swz,1997,50.7985597537836
swz,1998,51.3124153881691
swz,1999,51.9141110279076
swz,2000,52.6027162382662
swz,2001,53.0565453194859
swz,2002,53.5243725310612
swz,2003,53.9914768547129
swz,2004,54.4321599045891
swz,2005,54.8343254605185
swz,2006,55.3992185729049
swz,2007,55.9537048261032
swz,2008,56.4894032860556
swz,2009,57.0015457259618
swz,2010,57.4840606795733
swz,2011,57.8718931033301
swz,2012,58.2592107729951
swz,2013,58.6264094077971
swz,2014,58.9554295933046
swz,2015,59.2440093372989
swz,2016,59.4670679280291
syc,1970,50.415353766829
syc,1971,50.8388105833504
syc,1972,51.2688882036026
syc,1973,51.7100660707345
syc,1974,52.1971874623475
syc,1975,52.7605302903172
syc,1976,53.1501285599646
syc,1977,53.6064
syc,1978,54.0874792573343
syc,1979,54.5807560664897
syc,1980,55.0894500256433
syc,1981,55.720823798627
syc,1982,56.3270156084966
syc,1983,56.8967769086767
syc,1984,57.4396406513195
syc,1985,57.9471905607423
syc,1986,57.8281241071939
syc,1987,57.7355957379953
syc,1988,57.6468066866695
syc,1989,57.5587363138686
syc,1990,57.4719642048029
syc,1991,58.4685314685315
syc,1992,59.3863461326879
syc,1993,60.204549747686
syc,1994,60.96090924746
syc,1995,61.6885910590198
syc,1996,61.9774702285163
syc,1997,62.3446640920736
syc,1998,62.7860281860888
syc,1999,63.2271926646763
syc,2000,63.6196719695383
syc,2001,64.7377281480494
syc,2002,65.6769948814175
syc,2003,66.4672331509719
syc,2004,67.2122902473595
syc,2005,67.9888217795006
syc,2006,68.1671667094213
syc,2007,68.4485107608467
syc,2008,68.8088569349183
syc,2009,69.1895335808599
syc,2010,69.5290192002626
syc,2011,69.8760807544047
syc,2012,70.1424933629517
syc,2013,70.2646472268636
syc,2014,70.2350569412572
syc,2015,70.0507776663609
syc,2016,69.5844122766057
syr,1970,48.59891464365
syr,1971,48.6253010832529
syr,1972,48.613712568607
syr,1973,48.5808949351158
syr,1974,48.5603741334311
syr,1975,48.5663203247894
syr,1976,48.4041001393004
syr,1977,48.2878984061953
syr,1978,48.205272336392
syr,1979,48.1387344084937
syr,1980,48.0830440900195
syr,1981,48.0814075575193
syr,1982,48.1086735486032
syr,1983,48.172207500528
syr,1984,48.2873927832268
syr,1985,48.4637932834941
syr,1986,48.6199541414462
syr,1987,48.8392683928987
syr,1988,49.1236378719781
syr,1989,49.4770722003264
syr,1990,49.9008570587693
syr,1991,50.4198484629877
syr,1992,51.0132375729739
syr,1993,51.6543773016065
syr,1994,52.2982828946034
syr,1995,52.9152363683309
syr,1996,53.5334049099421
syr,1997,54.0627296168739
syr,1998,54.5518102884143
syr,1999,55.0702755703451
syr,2000,55.6452780502263
syr,2001,55.9275093146324
syr,2002,56.344474374003
syr,2003,56.8162266370206
syr,2004,57.2275574985014
syr,2005,57.5250274520732
syr,2006,58.1677947586191
syr,2007,58.6544175091426
syr,2008,59.0631013552817
syr,2009,59.536627631172
syr,2010,60.1641936940936
syr,2011,59.5780443369589
syr,2012,59.0725068644803
syr,2013,58.6602316576978
syr,2014,58.276006621851
syr,2015,57.868094597557
syr,2016,58.457081874222
tcd,1970,53.6322415315397
tcd,1971,53.4207564978955
tcd,1972,53.21206268874
tcd,1973,53.0100582654661
tcd,1974,52.8423717693558
tcd,1975,52.7277499615944
tcd,1976,52.3495109330023
tcd,1977,52.0608539420295
tcd,1978,51.8356092346122
tcd,1979,51.637381817787
tcd,1980,51.4452436391328
tcd,1981,51.0844184169467
tcd,1982,50.7792569430291
tcd,1983,50.5230173610205
tcd,1984,50.3142683778067
tcd,1985,50.1443081506854
tcd,1986,49.8547207460758
tcd,1987,49.6446710269269
tcd,1988,49.4946671396561
tcd,1989,49.3886186856437
tcd,1990,49.3189279786545
tcd,1991,49.0949956594068
tcd,1992,48.9360757110193
tcd,1993,48.8301838900251
tcd,1994,48.7633807546308
tcd,1995,48.7238459118931
tcd,1996,48.5296087601749
tcd,1997,48.4061590890256
tcd,1998,48.3362455533764
tcd,1999,48.3024420015006
tcd,2000,48.2929038919593
tcd,2001,48.1580771214446
tcd,2002,48.0863535720907
tcd,2003,48.0710400642518
tcd,2004,48.1152761115476
tcd,2005,48.2242044285448
tcd,2006,48.2169191535616
tcd,2007,48.2875371158907
tcd,2008,48.4265611004125
tcd,2009,48.6187954813729
tcd,2010,48.8494432920379
tcd,2011,48.984929265222
tcd,2012,49.1749674442656
tcd,2013,49.405847860779
tcd,2014,49.6681513265325
tcd,2015,49.9576606100484
tcd,2016,50.1439089300755
tgo,1970,52.4048438163252
tgo,1971,52.0930958217693
tgo,1972,51.8318797712386
tgo,1973,51.6342536615227
tgo,1974,51.500961970142
tgo,1975,51.4250059947412
tgo,1976,51.1498485466361
tgo,1977,50.9616186353663
tgo,1978,50.8395016590535
tgo,1979,50.7532031756674
tgo,1980,50.6733400984035
tgo,1981,50.5077632280349
tgo,1982,50.4199218817001
tgo,1983,50.3865525447767
tgo,1984,50.4023103988648
tgo,1985,50.4747318931421
tgo,1986,50.4015731178768
tgo,1987,50.3928809929535
tgo,1988,50.45190746436
tgo,1989,50.5870675593598
tgo,1990,50.8012537827375
tgo,1991,50.7889068022299
tgo,1992,50.8840072815552
tgo,1993,51.0606343141302
tgo,1994,51.2796008878765
tgo,1995,51.5148019758429
tgo,1996,51.9646503895424
tgo,1997,52.4148917941379
tgo,1998,52.8626595765825
tgo,1999,53.313526896801
tgo,2000,53.7641586627305
tgo,2001,53.9393399937791
tgo,2002,54.1252243180579
tgo,2003,54.3133037219825
tgo,2004,54.4895040254052
tgo,2005,54.6450387347561
tgo,2006,54.630706267027
tgo,2007,54.642815160274
tgo,2008,54.6707972805332
tgo,2009,54.7097436020568
tgo,2010,54.7626216524434
tgo,2011,54.7657517679296
tgo,2012,54.8033801969303
tgo,2013,54.8802007341244
tgo,2014,55.0048105421076
tgo,2015,55.1804133371769
tgo,2016,55.3587031087349
tha,1970,52.5083467053318
tha,1971,52.5731553532636
tha,1972,52.7933366637658
tha,1973,53.1277506870042
tha,1974,53.5311570154352
tha,1975,53.9832900255425
tha,1976,54.4587862481161
tha,1977,54.9546638700775
tha,1978,55.4921340604881
tha,1979,56.1081546754399
tha,1980,56.8175719726549
tha,1981,57.6223620818808
tha,1982,58.4836289842647
tha,1983,59.3867270163257
tha,1984,60.2990736377076
tha,1985,61.1968140253689
tha,1986,62.0948581345998
tha,1987,62.9636949955495
tha,1988,63.7923585619216
tha,1989,64.5653366085549
tha,1990,65.271765082197
tha,1991,65.7807663891976
tha,1992,66.239210919875
tha,1993,66.6593209263425
tha,1994,67.0578859348393
tha,1995,67.4427967287587
tha,1996,67.9041138012383
tha,1997,68.3408247957323
tha,1998,68.7564725866237
tha,1999,69.1378999009271
tha,2000,69.477984385818
tha,2001,69.8368114905922
tha,2002,70.1449674000803
tha,2003,70.4180385727806
tha,2004,70.6812140032548
tha,2005,70.9453703580578
tha,2006,71.1856454416953
tha,2007,71.4071755357209
tha,2008,71.6071797812513
tha,2009,71.7741536730725
tha,2010,71.8982398854626
tha,2011,71.8066158024574
tha,2012,71.7298243960603
tha,2013,71.6542351008133
tha,2014,71.5617568160041
tha,2015,71.4433726200741
tha,2016,71.3945442865434
tjk,1970,48.8938352856698
tjk,1971,49.245511591049
tjk,1972,49.6030552212863
tjk,1973,49.9648300556444
tjk,1974,50.3672679337216
tjk,1975,50.8326759433607
tjk,1976,51.0795539911757
tjk,1977,51.4367632613309
tjk,1978,51.857574521098
tjk,1979,52.2681727378624
tjk,1980,52.6197869469887
tjk,1981,52.8617098481936
tjk,1982,53.008749696275
tjk,1983,53.0748395110529
tjk,1984,53.0947521617274
tjk,1985,53.0899960311068
tjk,1986,52.9151322845239
tjk,1987,52.7534031620056
tjk,1988,52.5973833808894
tjk,1989,52.4534433647268
tjk,1990,52.3479634076546
tjk,1991,52.0226214533856
tjk,1992,51.8275020643375
tjk,1993,51.7478192257076
tjk,1994,51.761953522569
tjk,1995,51.8635102672952
tjk,1996,52.1232609743672
tjk,1997,52.4069971733733
tjk,1998,52.7603957094444
tjk,1999,53.2448029284602
tjk,2000,53.8752341661834
tjk,2001,54.5739494636189
tjk,2002,55.4226259086978
tjk,2003,56.3494801560072
tjk,2004,57.2380457097077
tjk,2005,58.0224522976941
tjk,2006,58.813177294321
tjk,2007,59.4253665036208
tjk,2008,59.9136794146102
tjk,2009,60.3679682326041
tjk,2010,60.8193670722084
tjk,2011,61.0023299793793
tjk,2012,61.2356226881042
tjk,2013,61.4514719040271
tjk,2014,61.565371178961
tjk,2015,61.5569169919324
tjk,2016,61.448289749994
tkm,1970,50.5882224316717
tkm,1971,50.904839563623
tkm,1972,51.2310387248264
tkm,1973,51.5621829518959
tkm,1974,51.9266438836127
tkm,1975,52.3416652114292
tkm,1976,52.6839303383442
tkm,1977,53.0434563932834
tkm,1978,53.412890289064
tkm,1979,53.7933322831346
tkm,1980,54.1916248842467
tkm,1981,54.4751489172017
tkm,1982,54.8003587864591
tkm,1983,55.1150877354148
tkm,1984,55.3669816478382
tkm,1985,55.5404131543043
tkm,1986,55.6544589550892
tkm,1987,55.6775576340225
tkm,1988,55.6460499374051
tkm,1989,55.6211928663277
tkm,1990,55.6385428095699
tkm,1991,55.5574351740546
tkm,1992,55.6198031561783
tkm,1993,55.7923391133266
tkm,1994,56.0557352326153
tkm,1995,56.4232480322446
tkm,1996,56.8253911979072
tkm,1997,57.3729872513096
tkm,1998,58.0329069348271
tkm,1999,58.7428898205427
tkm,2000,59.455051237442
tkm,2001,60.2158375839161
tkm,2002,60.8191493192411
tkm,2003,61.3684695948507
tkm,2004,62.0107845434301
tkm,2005,62.8000515706654
tkm,2006,63.4536044431462
tkm,2007,64.3262807596583
tkm,2008,65.249398167902
tkm,2009,65.9653950219152
tkm,2010,66.3441650728002
tkm,2011,66.5911940350143
tkm,2012,66.4565298977437
tkm,2013,66.0851834521401
tkm,2014,65.7189831183806
tkm,2015,65.4812404901529
tkm,2016,65.0137817913645
tls,1970,55.6646973765751
tls,1971,55.5385742698629
tls,1972,55.4788652762181
tls,1973,55.51153128567
tls,1974,55.7251103921424
tls,1975,56.1989461400575
tls,1976,56.2552389735353
tls,1977,56.6928576818593
tls,1978,57.3759035084718
tls,1979,58.0037323452016
tls,1980,58.3254902027527
tls,1981,58.9873182121978
tls,1982,58.9715930711579
tls,1983,58.5761901102701
tls,1984,58.2863761195507
tls,1985,58.3359947222035
tls,1986,58.0504659565263
tls,1987,58.4339020073707
tls,1988,59.1212556370141
tls,1989,59.5680598924867
tls,1990,59.5124831600688
tls,1991,59.185391197808
tls,1992,58.3094849367112
tls,1993,57.1767886940072
tls,1994,56.2007694785942
tls,1995,55.5550710484975
tls,1996,53.5942944300595
tls,1997,51.8799441280559
tls,1998,50.3500948920127
tls,1999,48.8699350955496
tls,2000,47.3739885062878
tls,2001,47.3318013604009
tls,2002,47.4458907260574
tls,2003,47.6595771253013
tls,2004,47.9349813082799
tls,2005,48.2771285280628
tls,2006,49.2777657514011
tls,2007,49.9515950169629
tls,2008,50.4143361994602
tls,2009,50.8440771743401
tls,2010,51.3208921124991
tls,2011,51.2797353655206
tls,2012,51.5377433521215
tls,2013,51.9497351325519
tls,2014,52.3145346277335
tls,2015,52.5471463210035
tls,2016,52.7397568006205
ton,1970,49.0180042432647
ton,1971,49.2995626651699
ton,1972,49.6739898317255
ton,1973,50.1540442359866
ton,1974,50.7230992249655
ton,1975,51.3729795807489
ton,1976,52.2979362269478
ton,1977,53.0804584971483
ton,1978,53.7421741605009
ton,1979,54.3596966413868
ton,1980,55.0023116539616
ton,1981,54.8960440007276
ton,1982,54.9673893318816
ton,1983,55.1336191268369
ton,1984,55.2897423328574
ton,1985,55.3851393781997
ton,1986,55.6301449891126
ton,1987,55.9014239701644
ton,1988,56.1156474801145
ton,1989,56.1956830894669
ton,1990,56.1274999211796
ton,1991,56.0089370941857
ton,1992,55.6557342715925
ton,1993,55.2549036008532
ton,1994,55.0248870430854
ton,1995,55.0220658645239
ton,1996,54.9585447602445
ton,1997,55.2070302403722
ton,1998,55.5721418644155
ton,1999,55.8186718037524
ton,2000,55.8440896392814
ton,2001,56.1793309062883
ton,2002,56.1854734634619
ton,2003,56.010181482929
ton,2004,55.8502479931478
ton,2005,55.8129868073356
ton,2006,55.8437982475981
ton,2007,55.9922623758023
ton,2008,56.2448424833746
ton,2009,56.520018532103
ton,2010,56.7809712206036
ton,2011,56.8442391730495
ton,2012,56.928471381883
ton,2013,57.0484581497797
ton,2014,57.2091660206841
ton,2015,57.4216840284307
ton,2016,57.8695319355501
tto,1970,54.3472308991715
tto,1971,55.1802343454284
tto,1972,55.7653696911765
tto,1973,56.239415749365
tto,1974,56.7982845445528
tto,1975,57.5145577316632
tto,1976,58.0570716554641
tto,1977,58.803513499737
tto,1978,59.6045406767376
tto,1979,60.2260377365549
tto,1980,60.5618865796622
tto,1981,60.7294323372237
tto,1982,60.6372773424498
tto,1983,60.3940014543206
tto,1984,60.1973704134741
tto,1985,60.1576698140278
tto,1986,59.9296820829508
tto,1987,59.9579835799629
tto,1988,60.1645955283996
tto,1989,60.4150873746729
tto,1990,60.6515263114821
tto,1991,61.149501547678
tto,1992,61.5425454974477
tto,1993,61.9272472752082
tto,1994,62.448593077921
tto,1995,63.1675990696422
tto,1996,63.9790235575716
tto,1997,64.9340275629463
tto,1998,65.9777654921579
tto,1999,66.9899389219426
tto,2000,67.8906831631945
tto,2001,68.7261667112026
tto,2002,69.4476682080735
tto,2003,70.047941983658
tto,2004,70.5371028294467
tto,2005,70.9198000823481
tto,2006,71.1086418692025
tto,2007,71.2119059621465
tto,2008,71.2227415514394
tto,2009,71.1432501675976
tto,2010,70.985091484075
tto,2011,70.792515365736
tto,2012,70.5628702701575
tto,2013,70.3087265844266
tto,2014,70.0520416126181
tto,2015,69.8082923802213
tto,2016,69.554903359947
tun,1970,51.025107318655
tun,1971,51.4201602222131
tun,1972,51.7456973872364
tun,1973,52.0297556774717
tun,1974,52.3329745941748
tun,1975,52.6796221691167
tun,1976,53.0016624592082
tun,1977,53.3322535936566
tun,1978,53.6733405329987
tun,1979,54.0182188779368
tun,1980,54.3633356348852
tun,1981,54.7400742915534
tun,1982,55.1536012756831
tun,1983,55.5764923372966
tun,1984,55.9707775358971
tun,1985,56.316564224797
tun,1986,56.659843542187
tun,1987,56.9579085662018
tun,1988,57.2372669412367
tun,1989,57.5511878624736
tun,1990,57.9353893943942
tun,1991,58.3412729677189
tun,1992,58.8565450746668
tun,1993,59.4474169733296
tun,1994,60.0583525258926
tun,1995,60.6603595028514
tun,1996,61.2718704560062
tun,1997,61.8452045533789
tun,1998,62.4215226338099
tun,1999,63.0475391779579
tun,2000,63.7343483177009
tun,2001,64.3995151701447
tun,2002,65.1096080968938
tun,2003,65.8301808167226
tun,2004,66.5120321721738
tun,2005,67.1232475346158
tun,2006,67.6987046857751
tun,2007,68.2083769538944
tun,2008,68.6361716389285
tun,2009,68.9666839450233
tun,2010,69.1877043187592
tun,2011,69.2755457968695
tun,2012,69.2443913968902
tun,2013,69.1141759841838
tun,2014,68.9233884558272
tun,2015,68.6982427447481
tun,2016,68.3150975932471
tur,1970,54.4905078287192
tur,1971,54.5745493184767
tur,1972,54.6571050414455
tur,1973,54.7431998966277
tur,1974,54.8442189873136
tur,1975,54.9621127630472
tur,1976,54.9992484357424
tur,1977,55.0847557405025
tur,1978,55.2178731960456
tur,1979,55.4024770577823
tur,1980,55.6404219481839
tur,1981,55.9280516940872
tur,1982,56.2694777142087
tur,1983,56.6530536063429
tur,1984,57.0698467736228
tur,1985,57.5132724600659
tur,1986,57.8551350310998
tur,1987,58.2506410163833
tur,1988,58.6854376395578
tur,1989,59.1396952194813
tur,1990,59.6003846243792
tur,1991,60.0421647996078
tur,1992,60.4832599760982
tur,1993,60.9216455990037
tur,1994,61.3507939284136
tur,1995,61.7598633774246
tur,1996,62.1009993267277
tur,1997,62.4099376770871
tur,1998,62.7001990393218
tur,1999,62.9944974680724
tur,2000,63.3046163842729
tur,2001,63.5469049986296
tur,2002,63.8413390934972
tur,2003,64.1563907455282
tur,2004,64.4547046014232
tur,2005,64.7222659199157
tur,2006,65.0017912870952
tur,2007,65.2425387135454
tur,2008,65.4608561222687
tur,2009,65.6760783011469
tur,2010,65.8864209248579
tur,2011,66.053702482875
tur,2012,66.2119056749826
tur,2013,66.3562801451266
tur,2014,66.4878118350535
tur,2015,66.6147942126347
tur,2016,66.7337392019708
tza,1970,51.2550155161185
tza,1971,51.0808977814331
tza,1972,50.9876630781663
tza,1973,50.9546963586771
tza,1974,50.9609496337021
tza,1975,50.995854208253
tza,1976,50.8609159898516
tza,1977,50.7844082062938
tza,1978,50.7548349251807
tza,1979,50.7650076610099
tza,1980,50.8106954301139
tza,1981,50.7231219537702
tza,1982,50.7032383804418
tza,1983,50.7369376924331
tza,1984,50.8114089038129
tza,1985,50.9189060273346
tza,1986,50.8901485360004
tza,1987,50.9177627740513
tza,1988,50.9918421423981
tza,1989,51.1010834094501
tza,1990,51.2336484102424
tza,1991,51.2186142564322
tza,1992,51.2606109585884
tza,1993,51.3485082130557
tza,1994,51.482333621081
tza,1995,51.6676036695445
tza,1996,51.6647099522152
tza,1997,51.7305046828931
tza,1998,51.8436946610492
tza,1999,51.9675419040393
tza,2000,52.0734979493559
tza,2001,52.063097952591
tza,2002,52.0084912654496
tza,2003,51.9240211437852
tza,2004,51.8433079605994
tza,2005,51.7867311908526
tza,2006,51.6818798439216
tza,2007,51.6497953485277
tza,2008,51.6600684296313
tza,2009,51.6720124432457
tza,2010,51.6688785563967
tza,2011,51.6405553966582
tza,2012,51.6067672069821
tza,2013,51.5860416759855
tza,2014,51.6109535950018
tza,2015,51.6969900328614
tza,2016,51.8070896634092
uga,1970,50.5354081869443
uga,1971,50.3705866394991
uga,1972,50.2719960594211
uga,1973,50.2241959652819
uga,1974,50.2075146130767
uga,1975,50.2075385140702
uga,1976,50.0834976610511
uga,1977,49.9971449411801
uga,1978,49.9447340469325
uga,1979,49.9301476432651
uga,1980,49.953408650835
uga,1981,49.8250724330906
uga,1982,49.7663722558291
uga,1983,49.7554143635026
uga,1984,49.7639417911216
uga,1985,49.7722137196941
uga,1986,49.5863115699929
uga,1987,49.4542130817728
uga,1988,49.3611112118881
uga,1989,49.2980923169709
uga,1990,49.2621985999467
uga,1991,48.9820812554551
uga,1992,48.7538364700503
uga,1993,48.5749417055564
uga,1994,48.4475503216505
uga,1995,48.3731057628332
uga,1996,48.1153486646947
uga,1997,47.9441602555135
uga,1998,47.8418630114001
uga,1999,47.7859424624979
uga,2000,47.761288464868
uga,2001,47.7024844847445
uga,2002,47.6775492447949
uga,2003,47.6843937348684
uga,2004,47.7301614063271
uga,2005,47.8178170217566
uga,2006,47.8608533372281
uga,2007,47.962721221143
uga,2008,48.1084766069216
uga,2009,48.2810225041915
uga,2010,48.4728749257743
uga,2011,48.6377164323299
uga,2012,48.8333368772061
uga,2013,49.0578458180155
uga,2014,49.3128533014597
uga,2015,49.5975899286758
uga,2016,49.8428038106955
ukr,1970,66.3407088034788
ukr,1971,66.6288715400335
ukr,1972,66.7452664295266
ukr,1973,66.743979887287
ukr,1974,66.7314241825663
ukr,1975,66.7615243934416
ukr,1976,66.6159989212923
ukr,1977,66.5652213121264
ukr,1978,66.585843894113
ukr,1979,66.6306481462368
ukr,1980,66.6767262747812
ukr,1981,66.7513620729616
ukr,1982,66.8206350856369
ukr,1983,66.8754115085393
ukr,1984,66.9254461864488
ukr,1985,66.9734032736106
ukr,1986,66.9077380259008
ukr,1987,66.8835185156443
ukr,1988,66.8795992175627
ukr,1989,66.852560808153
ukr,1990,66.7846583813711
ukr,1991,66.6400441019218
ukr,1992,66.469358096297
ukr,1993,66.3438725041816
ukr,1994,66.370211718632
ukr,1995,66.6052255822077
ukr,1996,66.9264833641134
ukr,1997,67.4414358403066
ukr,1998,68.0610829884776
ukr,1999,68.6385704656561
ukr,2000,69.0801328433695
ukr,2001,69.2416144202975
ukr,2002,69.2768667144981
ukr,2003,69.2618386429634
ukr,2004,69.3113765796934
ukr,2005,69.4835339542772
ukr,2006,69.620980295149
ukr,2007,69.8100400430256
ukr,2008,69.9900273738412
ukr,2009,70.11264332949
ukr,2010,70.1626692108387
ukr,2011,69.9841871786584
ukr,2012,69.833243192353
ukr,2013,69.6625759698075
ukr,2014,69.4093271756929
ukr,2015,69.0533328807052
ukr,2016,68.6060763581231
umc,1970,56.3821034351356
umc,1971,56.4106743186864
umc,1972,56.4457876407517
umc,1973,56.5012821559031
umc,1974,56.6319914385425
umc,1975,56.8728936109807
umc,1976,57.1859930421738
umc,1977,57.58651204024
umc,1978,58.0690335112722
umc,1979,58.6108928748036
umc,1980,59.1867947679095
umc,1981,59.8107893151539
umc,1982,60.4099125796879
umc,1983,60.9868843495836
umc,1984,61.5358784838382
umc,1985,62.0382808593059
umc,1986,62.3525090340201
umc,1987,62.6311629324003
umc,1988,62.8725397936797
umc,1989,63.097563723408
umc,1990,63.3336215359658
umc,1991,63.3838198060996
umc,1992,63.5830339965794
umc,1993,63.8650498349204
umc,1994,64.1458009198269
umc,1995,64.3960537999349
umc,1996,64.8774487307481
umc,1997,65.224840344091
umc,1998,65.5364567736158
umc,1999,65.9464254684944
umc,2000,66.5013097409857
umc,2001,67.0075005907447
umc,2002,67.6414089872672
umc,2003,68.3463458149112
umc,2004,69.0161136046951
umc,2005,69.5886719267937
umc,2006,69.9993487390723
umc,2007,70.3499942149488
umc,2008,70.618418330502
umc,2009,70.8013637352073
umc,2010,70.901098633379
umc,2011,70.9146864648043
umc,2012,70.8515760144899
umc,2013,70.7203506631169
umc,2014,70.5370381886527
umc,2015,70.3143537832969
umc,2016,70.0134760252092
ury,1970,63.1943591774939
ury,1971,63.1152799412406
ury,1972,62.9781469668492
ury,1973,62.8291675540142
ury,1974,62.7155002232594
ury,1975,62.64488518719
ury,1976,62.530543610275
ury,1977,62.5145033171689
ury,1978,62.5469842133043
ury,1979,62.5662158069877
ury,1980,62.5473544282178
ury,1981,62.4878877124505
ury,1982,62.4275881584764
ury,1983,62.360184068206
ury,1984,62.2875082076224
ury,1985,62.2137196753686
ury,1986,62.2683714291936
ury,1987,62.2629891611906
ury,1988,62.2479105431268
ury,1989,62.2729350491942
ury,1990,62.3485484996892
ury,1991,62.3066043006976
ury,1992,62.351613624081
ury,1993,62.4398117775879
ury,1994,62.5111077031003
ury,1995,62.5408241865242
ury,1996,62.4851641069139
ury,1997,62.4192527690224
ury,1998,62.3551928868109
ury,1999,62.3256816056964
ury,2000,62.3519493442971
ury,2001,62.3653370514829
ury,2002,62.3985470162779
ury,2003,62.4629206374598
ury,2004,62.5618213192399
ury,2005,62.6874692537794
ury,2006,62.8234159691124
ury,2007,62.99335786817
ury,2008,63.184637569744
ury,2009,63.3752979327962
ury,2010,63.5498893882347
ury,2011,63.6862805792965
ury,2012,63.8189672150983
ury,2013,63.9420423385529
ury,2014,64.0534737652308
ury,2015,64.1504485433996
ury,2016,64.2223039100397
usa,1970,61.8219417462294
usa,1971,62.2983814772836
usa,1972,62.7744649677694
usa,1973,63.2551101126937
usa,1974,63.7489795811168
usa,1975,64.2552148922533
usa,1976,64.552517961158
usa,1977,64.8863927512113
usa,1978,65.221352277329
usa,1979,65.5152495292638
usa,1980,65.7494173606294
usa,1981,65.9427463250321
usa,1982,66.0921729184679
usa,1983,66.1903616560545
usa,1984,66.2432457342844
usa,1985,66.2583191417869
usa,1986,66.1551223990348
usa,1987,66.0401339081357
usa,1988,65.9182080157058
usa,1989,65.79894206058
usa,1990,65.691730030438
usa,1991,65.5230895565416
usa,1992,65.3904151748144
usa,1993,65.3055459317301
usa,1994,65.2826755245875
usa,1995,65.3246732240416
usa,1996,65.3475883551245
usa,1997,65.457199463074
usa,1998,65.6224910526813
usa,1999,65.8030605552289
usa,2000,65.9793978623758
usa,2001,66.175194927537
usa,2002,66.3305649899879
usa,2003,66.4724936683962
usa,2004,66.6357094610638
usa,2005,66.8257288179402
usa,2006,66.8251421471169
usa,2007,66.8667492750008
usa,2008,66.9131616975027
usa,2009,66.9157025592195
usa,2010,66.8556966165306
usa,2011,66.7690015308179
usa,2012,66.6622959511348
usa,2013,66.5248910716167
usa,2014,66.3536010252639
usa,2015,66.146796271107
usa,2016,65.9402912856634
uzb,1970,48.8916788631702
uzb,1971,49.2418405043881
uzb,1972,49.6227538025314
uzb,1973,50.0572053631546
uzb,1974,50.5856225472444
uzb,1975,51.2090072454202
uzb,1976,51.6913577307285
uzb,1977,52.2985488022682
uzb,1978,52.9600201695653
uzb,1979,53.578726162545
uzb,1980,54.1063896634726
uzb,1981,54.473744775129
uzb,1982,54.7333784036266
uzb,1983,54.9059206750373
uzb,1984,55.0409499447196
uzb,1985,55.1687623907269
uzb,1986,55.1444274768701
uzb,1987,55.1469880756455
uzb,1988,55.1694983263872
uzb,1989,55.194323555779
uzb,1990,55.2170185964417
uzb,1991,55.1021982263612
uzb,1992,55.0362761072109
uzb,1993,55.0322934529897
uzb,1994,55.1248757205175
uzb,1995,55.3440838543438
uzb,1996,55.6649450268298
uzb,1997,56.1283743241232
uzb,1998,56.711714009508
uzb,1999,57.3805984041744
uzb,2000,58.1134632813016
uzb,2001,58.9677911693685
uzb,2002,59.8319386626056
uzb,2003,60.7207117712328
uzb,2004,61.6377601716431
uzb,2005,62.561401957681
uzb,2006,63.4496509015178
uzb,2007,64.2749742373099
uzb,2008,65.033680216988
uzb,2009,65.7289890580482
uzb,2010,66.3576099721271
uzb,2011,66.7200273398196
uzb,2012,67.1077095052781
uzb,2013,67.4466869026888
uzb,2014,67.655522767531
uzb,2015,67.7138196671548
uzb,2016,67.6914579053287
vct,1970,45.4882147437315
vct,1971,45.754593175853
vct,1972,46.0205703903183
vct,1973,46.3220590908605
vct,1974,46.6954995347263
vct,1975,47.1357898149794
vct,1976,47.6867995985141
vct,1977,48.3384366455366
vct,1978,49.0677562276317
vct,1979,49.8112260267095
vct,1980,50.5417640913387
vct,1981,51.3567898677241
vct,1982,52.1153770889593
vct,1983,52.852870348792
vct,1984,53.6166644174972
vct,1985,54.4100615446462
vct,1986,54.8850738607198
vct,1987,55.2806527158722
vct,1988,55.5765187354509
vct,1989,55.7552949086698
vct,1990,55.8550765080694
vct,1991,56.5390394568423
vct,1992,57.1576715461608
vct,1993,57.7434037671613
vct,1994,58.3247787365092
vct,1995,58.911229906957
vct,1996,59.4938699976868
vct,1997,60.086663456909
vct,1998,60.6623302014418
vct,1999,61.1763070077864
vct,2000,61.6257947320618
vct,2001,62.2133940808238
vct,2002,62.760527435134
vct,2003,63.2718043377942
vct,2004,63.7809854549139
vct,2005,64.3005591113073
vct,2006,64.7919784770492
vct,2007,65.2736893266206
vct,2008,65.7582558512344
vct,2009,66.2526429480197
vct,2010,66.7575355623656
vct,2011,67.0672483331961
vct,2012,67.4054222157178
vct,2013,67.7314306622759
vct,2014,67.9865029216237
vct,2015,68.1421588780777
vct,2016,68.3636894284177
ven,1970,51.1136793380533
ven,1971,51.4133460883303
ven,1972,51.7374318140512
ven,1973,52.108088577253
ven,1974,52.5497526747871
ven,1975,53.05874483674
ven,1976,53.6052105728291
ven,1977,54.1524868686086
ven,1978,54.7028689589673
ven,1979,55.2542406480585
ven,1980,55.7970403383334
ven,1981,56.1768425038284
ven,1982,56.6083282146788
ven,1983,57.0375738700994
ven,1984,57.3978215811725
ven,1985,57.6642733497757
ven,1986,57.8834510426884
ven,1987,58.0091468643158
ven,1988,58.0908970065659
ven,1989,58.2083140476891
ven,1990,58.4016549024678
ven,1991,58.5539826005988
ven,1992,58.8083893153902
ven,1993,59.1299772101818
ven,1994,59.4651186724766
ven,1995,59.7900450712069
ven,1996,60.1351508262524
ven,1997,60.4535326383034
ven,1998,60.7686966359085
ven,1999,61.1147366383576
ven,2000,61.5017718636706
ven,2001,61.8662318291506
ven,2002,62.2602573134399
ven,2003,62.666987210673
ven,2004,63.0587728102753
ven,2005,63.4199144785607
ven,2006,63.7261461143013
ven,2007,64.0150419083658
ven,2008,64.2820311394823
ven,2009,64.5272311786591
ven,2010,64.7520105823223
ven,2011,64.9404949365636
ven,2012,65.1108249802295
ven,2013,65.2658691342473
ven,2014,65.4112816232529
ven,2015,65.5503198927021
ven,2016,65.6723563307215
vir,1970,60.1149460804005
vir,1971,59.2286661625269
vir,1972,57.9618964434861
vir,1973,56.4674352102381
vir,1974,55.1875068200832
vir,1975,54.5275818202845
vir,1976,54.1970884159915
vir,1977,54.7088588475191
vir,1978,56.0010518012096
vir,1979,57.6940493588292
vir,1980,59.3712151796528
vir,1981,60.3011737647712
vir,1982,60.8388469270254
vir,1983,60.9366120534381
vir,1984,60.8994855446641
vir,1985,61.0771276595745
vir,1986,61.0865229366511
vir,1987,61.6932024025169
vir,1988,62.8047435983472
vir,1989,64.0300030811893
vir,1990,64.9938316820232
vir,1991,65.6150025458982
vir,1992,65.7327709601695
vir,1993,65.4219044105824
vir,1994,65.0844851189918
vir,1995,65.0169472586413
vir,1996,64.5430877134466
vir,1997,64.5511536224391
vir,1998,64.8890895021924
vir,1999,65.2524360283766
vir,2000,65.4623719210463
vir,2001,66.1744410709357
vir,2002,66.6626749081128
vir,2003,66.9050871234495
vir,2004,67.0031271395
vir,2005,67.0386759808151
vir,2006,66.9048682447521
vir,2007,66.7223565208464
vir,2008,66.4937545646922
vir,2009,66.1723130676535
vir,2010,65.7424940413947
vir,2011,65.0595693621685
vir,2012,64.3614350540467
vir,2013,63.638176448804
vir,2014,62.9083816953668
vir,2015,62.1888604170437
vir,2016,61.7197106173687
vnm,1970,50.8345338422095
vnm,1971,51.0250482017811
vnm,1972,51.3002771074262
vnm,1973,51.6411490113685
vnm,1974,52.0325691618732
vnm,1975,52.4626902794108
vnm,1976,52.6624811468808
vnm,1977,52.9227436086607
vnm,1978,53.2195875285188
vnm,1979,53.5203705315246
vnm,1980,53.8071349800011
vnm,1981,54.1679093019516
vnm,1982,54.4924750698309
vnm,1983,54.7953376838944
vnm,1984,55.1029728719837
vnm,1985,55.4248411363701
vnm,1986,55.6875392654063
vnm,1987,55.9823620988785
vnm,1988,56.2945377408369
vnm,1989,56.6014731969348
vnm,1990,56.8953947175035
vnm,1991,57.1500882821927
vnm,1992,57.4075760073942
vnm,1993,57.6898823927814
vnm,1994,58.0436244899938
vnm,1995,58.500363641915
vnm,1996,58.9641636302094
vnm,1997,59.5973330263958
vnm,1998,60.350853582883
vnm,1999,61.1408337636278
vnm,2000,61.919216558514
vnm,2001,62.9017771141724
vnm,2002,63.7482732302269
vnm,2003,64.5327816029412
vnm,2004,65.360242625205
vnm,2005,66.2590103389273
vnm,2006,66.9815400896628
vnm,2007,67.7843461588302
vnm,2008,68.5886613593164
vnm,2009,69.2715640549698
vnm,2010,69.7713477379279
vnm,2011,70.0772649742984
vnm,2012,70.2534710140522
vnm,2013,70.3026703669408
vnm,2014,70.2620570779064
vnm,2015,70.1617319286745
vnm,2016,69.9991377730766
vut,1970,51.7373432175105
vut,1971,51.7768285201427
vut,1972,51.838190766656
vut,1973,51.9010291686663
vut,1974,51.9742551345097
vut,1975,52.0776594040372
vut,1976,52.1304887991614
vut,1977,52.2236448193406
vut,1978,52.3243381553336
vut,1979,52.4169479481258
vut,1980,52.4915248374153
vut,1981,52.5923427222128
vut,1982,52.6199201218759
vut,1983,52.57587586218
vut,1984,52.4856009819658
vut,1985,52.3760449752744
vut,1986,52.5286008508847
vut,1987,52.6280991735537
vut,1988,52.6606202373606
vut,1989,52.6310999726985
vut,1990,52.5723911234775
vut,1991,52.8485588083142
vut,1992,53.0851632601792
vut,1993,53.3019635326066
vut,1994,53.5254068011303
vut,1995,53.7848842393081
vut,1996,54.0177298153096
vut,1997,54.3008817193241
vut,1998,54.6103392895248
vut,1999,54.9074967603187
vut,2000,55.1790471352999
vut,2001,55.556553436526
vut,2002,55.9699107013962
vut,2003,56.3780382380732
vut,2004,56.7342500110217
vut,2005,57.0267946697234
vut,2006,57.5472665094999
vut,2007,57.7850722654385
vut,2008,57.8015443330079
vut,2009,57.7745520722751
vut,2010,57.8518377451914
vut,2011,57.9614753318918
vut,2012,58.3344445117886
vut,2013,58.7843976898341
vut,2014,59.1149314274676
vut,2015,59.2733264551045
vut,2016,59.5868373754632
wld,1970,57.1598949208195
wld,1971,57.1718392697371
wld,1972,57.2094044333807
wld,1973,57.2733008227089
wld,1974,57.3918378042604
wld,1975,57.573793499865
wld,1976,57.7106957814235
wld,1977,57.9162075478471
wld,1978,58.1786151923547
wld,1979,58.4795277687949
wld,1980,58.8014459018355
wld,1981,59.0974159894249
wld,1982,59.3942920837037
wld,1983,59.688791126356
wld,1984,59.9774014853928
wld,1985,60.2524931170251
wld,1986,60.3750022323466
wld,1987,60.5095883794181
wld,1988,60.6479727761101
wld,1989,60.7898312593928
wld,1990,60.9380332832095
wld,1991,60.9797112946305
wld,1992,61.0890973906449
wld,1993,61.2480195898125
wld,1994,61.4312991543923
wld,1995,61.633237618827
wld,1996,61.8875386369293
wld,1997,62.121823272671
wld,1998,62.3648429210124
wld,1999,62.6539819210548
wld,2000,62.9973281587262
wld,2001,63.280640903377
wld,2002,63.6137180881467
wld,2003,63.975369490063
wld,2004,64.328514889653
wld,2005,64.6502087079444
wld,2006,64.8774478996222
wld,2007,65.089669933488
wld,2008,65.2742512823522
wld,2009,65.4237749323348
wld,2010,65.5358385239478
wld,2011,65.580767401433
wld,2012,65.6031316044933
wld,2013,65.6015392372882
wld,2014,65.5785203048508
wld,2015,65.5372428486254
wld,2016,65.4534889626719
wsm,1970,46.7773928591384
wsm,1971,46.915201562167
wsm,1972,46.9763305978102
wsm,1973,47.0585469712336
wsm,1974,47.2577069783852
wsm,1975,47.5892910223467
wsm,1976,48.1822954262091
wsm,1977,48.834887469249
wsm,1978,49.5503451141831
wsm,1979,50.2914189713104
wsm,1980,51.0018835539384
wsm,1981,51.6307822129031
wsm,1982,52.2467805569144
wsm,1983,52.8797100717244
wsm,1984,53.5141854435188
wsm,1985,54.1126406758691
wsm,1986,54.517036963236
wsm,1987,54.8427165170947
wsm,1988,55.1644457660404
wsm,1989,55.4963641526439
wsm,1990,55.7826679601636
wsm,1991,55.8430239645042
wsm,1992,55.7576855710576
wsm,1993,55.5802089625434
wsm,1994,55.3605706566818
wsm,1995,55.134963592447
wsm,1996,55.1963709183048
wsm,1997,55.2021510122069
wsm,1998,55.1459408836809
wsm,1999,55.0096400103594
wsm,2000,54.8044212817135
wsm,2001,55.0989371518403
wsm,2002,55.2638434268498
wsm,2003,55.3635555155295
wsm,2004,55.4661848854185
wsm,2005,55.594706801016
wsm,2006,55.8251515787381
wsm,2007,56.0454450698353
wsm,2008,56.2546996065952
wsm,2009,56.4563427223443
wsm,2010,56.6574474369647
wsm,2011,56.6829190312525
wsm,2012,56.8479972937831
wsm,2013,57.0778529752512
wsm,2014,57.2806698216236
wsm,2015,57.420300476365
wsm,2016,57.6784112748239
yem,1970,52.2050401933544
yem,1971,51.4929004655781
yem,1972,50.9167597246576
yem,1973,50.4161753623695
yem,1974,49.9056828379393
yem,1975,49.3470354101751
yem,1976,48.9975789169036
yem,1977,48.5987789664064
yem,1978,48.2017746608491
yem,1979,47.8822361597801
yem,1980,47.66618348606
yem,1981,47.298114291209
yem,1982,47.0931144655314
yem,1983,46.9744093384145
yem,1984,46.8477022688571
yem,1985,46.6770526383343
yem,1986,46.4224464764203
yem,1987,46.1575647181633
yem,1988,45.9128639866574
yem,1989,45.7328724570905
yem,1990,45.633169138791
yem,1991,45.7510314245877
yem,1992,45.9080852222375
yem,1993,46.1200882713065
yem,1994,46.4009439798822
yem,1995,46.7600826152776
yem,1996,46.8867233848071
yem,1997,47.1787964059135
yem,1998,47.5918327246169
yem,1999,48.0664167045208
yem,2000,48.5711752208775
yem,2001,49.1614063735802
yem,2002,49.7117290343307
yem,2003,50.2665849899132
yem,2004,50.8859289482356
yem,2005,51.5826733486447
yem,2006,52.1977469944756
yem,2007,52.8946254770625
yem,2008,53.6150401019556
yem,2009,54.2762765447501
yem,2010,54.8394086291908
yem,2011,55.262630541733
yem,2012,55.6193586591778
yem,2013,55.9309583293485
yem,2014,56.2402464923949
yem,2015,56.5719530987408
yem,2016,56.8504274528333
zaf,1970,54.7186007229333
zaf,1971,54.7743662567172
zaf,1972,54.8229869658268
zaf,1973,54.8750723579224
zaf,1974,54.959406893618
zaf,1975,55.089538712682
zaf,1976,55.0603027042208
zaf,1977,55.1047988504091
zaf,1978,55.1990642497831
zaf,1979,55.3109484014036
zaf,1980,55.4259003494938
zaf,1981,55.4845463036429
zaf,1982,55.5547434191336
zaf,1983,55.6537508057012
zaf,1984,55.8117143538481
zaf,1985,56.043145734196
zaf,1986,56.1729360260889
zaf,1987,56.3898938097202
zaf,1988,56.6763237368405
zaf,1989,57.0085291635479
zaf,1990,57.3755265667879
zaf,1991,57.8606818720764
zaf,1992,58.3740057380261
zaf,1993,58.9121616660539
zaf,1994,59.4735191993595
zaf,1995,60.0524589275869
zaf,1996,60.4816320003581
zaf,1997,60.9272542260325
zaf,1998,61.3908123192333
zaf,1999,61.8723744708994
zaf,2000,62.3664200178817
zaf,2001,62.6609835945693
zaf,2002,62.9885936072238
zaf,2003,63.3336395324895
zaf,2004,63.6743931978089
zaf,2005,63.9979843748701
zaf,2006,64.1905040338436
zaf,2007,64.3741505458086
zaf,2008,64.5492456785549
zaf,2009,64.7202169680698
zaf,2010,64.8862957581016
zaf,2011,65.0423500018636
zaf,2012,65.1915565530483
zaf,2013,65.3293698657082
zaf,2014,65.4560337484136
zaf,2015,65.5734829532172
zaf,2016,65.6131047933845
zmb,1970,50.1459776019136
zmb,1971,49.9671124854901
zmb,1972,49.8155325796244
zmb,1973,49.7005660774329
zmb,1974,49.6426094018588
zmb,1975,49.6471078270338
zmb,1976,49.4859730338216
zmb,1977,49.4285707300864
zmb,1978,49.4422465370462
zmb,1979,49.4904993175208
zmb,1980,49.5581086152179
zmb,1981,49.5355260389951
zmb,1982,49.5665435877235
zmb,1983,49.6463413100767
zmb,1984,49.7787651001333
zmb,1985,49.9648177510621
zmb,1986,49.9270080729016
zmb,1987,49.9552648190026
zmb,1988,50.0448811537575
zmb,1989,50.1908288506705
zmb,1990,50.3866889457701
zmb,1991,50.3474020756986
zmb,1992,50.3851684901402
zmb,1993,50.478096629342
zmb,1994,50.5967384167618
zmb,1995,50.7211660796992
zmb,1996,50.7246092951644
zmb,1997,50.7510206817759
zmb,1998,50.7959418803034
zmb,1999,50.8623092402776
zmb,2000,50.9493723472331
zmb,2001,50.7617844398508
zmb,2002,50.6247566973481
zmb,2003,50.5277366874266
zmb,2004,50.4640570977244
zmb,2005,50.434702305546
zmb,2006,50.3810247971364
zmb,2007,50.3857229316986
zmb,2008,50.4398733057255
zmb,2009,50.5349901091799
zmb,2010,50.666247510024
zmb,2011,50.9114561791313
zmb,2012,51.174756735352
zmb,2013,51.461063365452
zmb,2014,51.7769314512655
zmb,2015,52.1198140167188
zmb,2016,52.4164883111059
zwe,1970,48.5869513553744
zwe,1971,48.5241147070888
zwe,1972,48.4583283506814
zwe,1973,48.4017933160632
zwe,1974,48.382428271983
zwe,1975,48.4097282748223
zwe,1976,48.208725013078
zwe,1977,48.0677857971517
zwe,1978,47.9728881000098
zwe,1979,47.8998062639866
zwe,1980,47.835102228143
zwe,1981,47.9418967322126
zwe,1982,48.0896028976618
zwe,1983,48.2768934290784
zwe,1984,48.5181178334959
zwe,1985,48.8238459186934
zwe,1986,49.0422622923608
zwe,1987,49.3556367539867
zwe,1988,49.7438335445928
zwe,1989,50.1867500661446
zwe,1990,50.6761930266314
zwe,1991,50.8669264313093
zwe,1992,51.0975049022416
zwe,1993,51.3877717418215
zwe,1994,51.7583243170698
zwe,1995,52.2115843455668
zwe,1996,52.4833347253257
zwe,1997,52.8342150728134
zwe,1998,53.24337995465
zwe,1999,53.6764983189989
zwe,2000,54.1113744104912
zwe,2001,54.3401127188583
zwe,2002,54.5521088114299
zwe,2003,54.7466866320028
zwe,2004,54.918137029974
zwe,2005,55.0583027924506
zwe,2006,55.2097347608061
zwe,2007,55.3114128536061
zwe,2008,55.3743272931479
zwe,2009,55.4113474730531
zwe,2010,55.428313873669
zwe,2011,55.4888911239859
zwe,2012,55.5446716588178
zwe,2013,55.5936607949806
zwe,2014,55.6428811274569
zwe,2015,55.7058488091644
zwe,2016,55.8050339676597
