country,year,se_pre_enrr_ma
abw,1999,95.0447387695313
abw,2000,98.3827514648438
abw,2001,97.4000015258789
abw,2002,100
abw,2003,100.473609924316
abw,2004,96.9697036743164
abw,2005,101.056343078613
abw,2006,109.949531555176
abw,2007,106.163887023926
abw,2008,101.019660949707
abw,2009,101.823486328125
abw,2010,105.732948303223
abw,2011,100.286743164063
abw,2012,107.267440795898
abw,2013,107.137603759766
abw,2014,108.458076477051
afg,1970,0.0735900029540062
afg,1975,0.15234999358654
afg,1977,0.311729997396469
afg,1980,0.275830000638962
afg,1981,0.312599986791611
afg,1982,0.299089998006821
afg,1984,0.836040019989014
afg,1985,1.15102005004883
afg,1986,1.02723002433777
afg,1988,1.23177003860474
afg,2003,0.845589995384216
ago,1981,51.8898811340332
ago,1982,38.1303100585938
ago,1986,23.7387294769287
ago,1987,22.2113304138184
ago,1988,20.5036506652832
ago,1989,19.7297801971436
ago,1990,17.5734596252441
ago,1991,17.808219909668
ago,1992,20.0879192352295
ago,1998,26.9928092956543
ago,1999,30.2806797027588
ago,2007,129.544708251953
ago,2008,116.643478393555
ago,2009,104.400833129883
ago,2010,91.2297210693359
ago,2011,64.2084732055664
alb,1991,56.66796875
alb,1992,47.0083808898926
alb,1993,35.115161895752
alb,1994,35.3427696228027
alb,1995,36.3646202087402
alb,1996,39.1904716491699
alb,1997,40.5588989257813
alb,1999,41.1988716125488
alb,2001,43.5439605712891
alb,2003,47.7035217285156
alb,2004,50.1792106628417
alb,2005,52.7420692443848
alb,2006,55.9450607299805
alb,2007,57.8691482543945
alb,2008,62.073371887207
alb,2009,66.3859176635742
alb,2010,71.5261688232422
alb,2011,77.9515686035156
alb,2012,85.4406661987305
alb,2013,89.1413116455078
alb,2014,89.5812835693359
alb,2015,89.7223205566406
and,1975,126.315788269043
and,1983,163.77294921875
arb,1970,11.4809198379517
arb,1971,11.3991603851318
arb,1972,11.3178596496582
arb,1973,11.2352304458618
arb,1974,11.0458402633667
arb,1975,11.4898500442505
arb,1976,12.0811195373535
arb,1977,12.4616899490356
arb,1978,12.5538702011108
arb,1979,12.9931497573853
arb,1980,13.3435697555542
arb,1981,14.0378999710083
arb,1982,13.9216499328613
arb,1983,14.0809602737427
arb,1984,14.2720899581909
arb,1985,14.7652597427368
arb,1986,14.5368995666504
arb,1987,14.5918703079224
arb,1988,14.6360397338867
arb,1989,14.8675804138184
arb,1990,14.8171796798706
arb,1991,14.9198198318481
arb,1992,14.9254598617554
arb,1993,15.0174903869629
arb,1994,15.2128601074219
arb,1995,15.3478698730469
arb,1996,15.6459302902222
arb,1997,16.086820602417
arb,1998,16.0954399108887
arb,1999,15.7593803405762
arb,2000,16.1268692016602
arb,2001,15.9465703964233
arb,2002,16.2174205780029
arb,2003,16.3942909240723
arb,2004,16.8786792755127
arb,2005,17.5981197357178
arb,2006,19.5104808807373
arb,2007,19.2993507385254
arb,2008,20.834379196167
arb,2009,24.046329498291
arb,2010,24.3897590637207
arb,2011,23.9442501068115
arb,2012,24.497350692749
arb,2013,23.5202808380127
arb,2014,25.6278305053711
are,1973,22.8881702423096
are,1976,31.0917301177979
are,1977,31.8006801605225
are,1978,32.3686904907227
are,1979,27.3907604217529
are,1980,33.9450798034667
are,1981,38.7985916137695
are,1982,48.4046401977539
are,1983,56.5124588012695
are,1984,52.6910209655762
are,1985,53.7279891967773
are,1986,53.2550811767578
are,1987,53.5469589233398
are,1988,57.4834289550781
are,1989,60.7680015563965
are,1990,60.5023307800292
are,1991,56.3585510253906
are,1992,57.3358993530273
are,1993,60.3028717041016
are,1994,64.8245697021484
are,1995,65.8771667480469
are,1996,66.208740234375
are,1997,62.5906295776367
are,1998,63.9679489135742
are,1999,66.209129333496
are,2000,64.7907104492188
are,2001,63.1214408874512
are,2002,69.487419128418
are,2003,77.6950988769531
are,2004,82.1027297973633
are,2005,83.6163787841797
are,2006,82.2253723144531
are,2007,88.6053466796875
are,2009,87.6137237548828
are,2010,86.4488830566406
are,2011,85.5209426879883
are,2012,82.0595626831055
are,2013,83.3270034790039
are,2014,91.7104721069335
are,2015,83.1006393432617
arg,1970,22.9051399230957
arg,1971,24.5063304901123
arg,1972,26.1560001373291
arg,1973,28.7214107513428
arg,1974,30.8492603302002
arg,1975,35.0880699157715
arg,1976,37.1637916564941
arg,1977,38.7521591186523
arg,1981,41.3308906555176
arg,1982,43.0660285949707
arg,1983,43.9418296813965
arg,1984,46.9301490783691
arg,1985,49.3753204345703
arg,1986,51.9305000305176
arg,1987,57.0185699462891
arg,1988,59.7983512878417
arg,1996,51.8102607727051
arg,1997,53.5011405944824
arg,1998,55.0738487243652
arg,1999,55.7068099975586
arg,2000,59.0351715087891
arg,2001,59.8720588684082
arg,2002,60.4676513671875
arg,2003,60.843090057373
arg,2004,62.2105903625488
arg,2005,63.2464790344238
arg,2006,62.9541206359863
arg,2007,63.4728088378906
arg,2008,65.0392532348633
arg,2009,66.4204635620117
arg,2010,67.304588317871
arg,2011,67.3762283325195
arg,2012,69.2039337158203
arg,2013,71.1707229614258
arg,2014,72.2476119995117
arm,2001,23.0342807769775
arm,2002,23.7697906494141
arm,2003,26.0869102478027
arm,2004,28.0133399963379
arm,2005,28.3285503387451
arm,2006,29.6132202148438
arm,2007,28.2557106018066
arm,2008,28.8291091918945
arm,2009,29.6596393585205
arm,2011,41.3762092590332
arm,2012,46.1789207458496
arm,2013,44.1350517272949
arm,2014,47.4683685302734
arm,2015,51.6709213256836
atg,1975,14.9156198501587
atg,1976,26.7293891906738
atg,1977,20.5665702819824
atg,1978,28.6047897338867
atg,1979,24.7272701263428
atg,1984,27.7580108642578
atg,2007,75.722541809082
atg,2008,79.0407409667969
atg,2010,86.9594573974609
atg,2011,81.3778991699219
atg,2012,91.438362121582
atg,2014,77.9149475097656
atg,2015,96.7586212158203
aus,1971,73.9271011352539
aus,1974,73.3600921630859
aus,1975,75.3762893676758
aus,1976,80.8440399169922
aus,1977,79.9464721679688
aus,1978,76.1542510986328
aus,1979,67.5157318115234
aus,1980,65.0767135620117
aus,1981,64.4908218383789
aus,1982,65.7724914550781
aus,1983,68.4172515869141
aus,1984,69.36181640625
aus,1985,72.1007690429688
aus,1986,73.2388000488281
aus,1987,72.7289886474609
aus,1988,71.3915405273438
aus,1989,70.7522811889648
aus,1990,70.3165130615234
aus,1991,70.1657867431641
aus,1992,70.2739868164063
aus,1993,70.6977310180664
aus,1994,72.248680114746
aus,2001,101.989463806152
aus,2002,100.007400512695
aus,2003,81.6167297363281
aus,2004,83.3582763671875
aus,2005,86.0012588500977
aus,2006,83.5326690673828
aus,2007,82.4633865356445
aus,2008,82.6085662841797
aus,2009,82.2088012695313
aus,2010,79.5197067260742
aus,2013,110.414237976074
aus,2014,115.409683227539
aus,2015,126.665267944336
aut,1971,30.811939239502
aut,1972,33.119758605957
aut,1973,35.4730796813965
aut,1974,38.8256607055664
aut,1975,41.8199310302734
aut,1976,45.1583518981934
aut,1977,48.1597518920898
aut,1978,53.5738983154297
aut,1979,58.1937789916992
aut,1980,60.9187202453613
aut,1981,61.8652992248535
aut,1982,63.0169792175292
aut,1983,64.1872177124023
aut,1984,65.9456176757813
aut,1985,68.4306411743164
aut,1986,72.114402770996
aut,1987,74.1163024902344
aut,1988,72.9254913330078
aut,1989,71.1620025634766
aut,1990,71.8020782470703
aut,1991,72.4949493408203
aut,1992,73.5373382568359
aut,1993,76.0587005615234
aut,1994,79.1559982299805
aut,1995,79.2158737182617
aut,1996,79.9169921875
aut,1997,80.7803573608398
aut,1998,80.435203552246
aut,1999,79.4047775268555
aut,2000,80.0311279296875
aut,2001,81.6346893310547
aut,2002,83.7987670898438
aut,2003,86.4618377685547
aut,2004,88.744140625
aut,2005,89.4646911621094
aut,2006,90.4852600097656
aut,2007,91.6551971435547
aut,2008,94.256591796875
aut,2009,96.8090209960938
aut,2010,101.040542602539
aut,2011,101.072616577148
aut,2012,104.456237792969
aut,2013,100.999076843262
aut,2014,102.201553344727
aut,2015,102.557250976563
aze,1981,22.5921993255615
aze,1986,23.287670135498
aze,1991,20.3551902770996
aze,1992,19.3101692199707
aze,1993,18.0579605102539
aze,1994,17.7621803283691
aze,1995,20.7294101715088
aze,1996,19.669900894165
aze,1997,18.7116508483887
aze,1998,18.4289207458496
aze,1999,19.0538196563721
aze,2000,19.8411197662354
aze,2001,21.6105098724365
aze,2002,23.1741600036621
aze,2003,24.6700096130371
aze,2004,25.3368091583252
aze,2005,26.2348308563232
aze,2006,27.2137908935547
aze,2007,26.1121101379395
aze,2008,24.026309967041
aze,2009,23.4403896331787
aze,2010,25.9862499237061
aze,2011,26.9152603149414
aze,2012,24.9830093383789
aze,2013,25.5487804412842
aze,2014,22.7179698944092
aze,2015,23.7171592712402
bdi,1971,0.305350005626678
bdi,1972,0.198780000209808
bdi,1973,0.213640004396439
bdi,1974,0.141369998455048
bdi,1982,0.263200014829636
bdi,1983,0.346850007772446
bdi,1984,0.327719986438751
bdi,1985,0.331690013408661
bdi,1986,0.375690013170242
bdi,1987,0.397850006818771
bdi,1988,0.423090010881424
bdi,1989,0.446119993925095
bdi,1998,0.694930016994476
bdi,1999,0.728079974651337
bdi,2000,0.794900000095367
bdi,2001,1.14795994758606
bdi,2002,1.24515998363495
bdi,2003,1.21513998508453
bdi,2004,1.29010999202728
bdi,2005,1.72116994857788
bdi,2006,1.60615003108978
bdi,2007,3.17389988899231
bdi,2009,11.2446403503418
bdi,2010,10.2470302581787
bdi,2011,7.66598987579346
bdi,2012,7.90888023376465
bdi,2013,8.38492965698242
bdi,2014,10.2551298141479
bdi,2015,12.5071802139282
bel,1971,100.614448547363
bel,1972,101.007431030273
bel,1973,102.236389160156
bel,1974,105.276229858398
bel,1975,107.687980651855
bel,1976,109.784339904785
bel,1977,108.162101745605
bel,1978,103.989753723145
bel,1979,101.525382995605
bel,1980,101.368278503418
bel,1981,102.570732116699
bel,1982,104.50464630127
bel,1983,106.705726623535
bel,1984,109.174858093262
bel,1985,110.76432800293
bel,1986,110.497360229492
bel,1987,106.934799194336
bel,1988,103.95002746582
bel,1989,101.994941711426
bel,1990,102.548332214355
bel,1991,103.694770812988
bel,1992,110.292938232422
bel,1993,113.564346313477
bel,1994,116.660911560059
bel,1995,118.495422363281
bel,1996,117.224189758301
bel,1999,109.92977142334
bel,2000,110.790153503418
bel,2001,111.485412597656
bel,2002,113.382507324219
bel,2003,116.31770324707
bel,2004,117.335868835449
bel,2005,121.073432922363
bel,2006,120.710289001465
bel,2007,119.479400634766
bel,2008,119.01936340332
bel,2009,118.938842773438
bel,2010,120.13623046875
bel,2011,121.131462097168
bel,2012,120.582473754883
bel,2013,119.10417175293
bel,2014,118.266899108887
bel,2015,116.670700073242
ben,1976,0
ben,1978,0
ben,1979,0
ben,1980,0
ben,1982,1.46963000297546
ben,1983,1.60213005542755
ben,1984,2.11043000221252
ben,1985,2.66771006584167
ben,1986,2.90085005760193
ben,1987,3.26446008682251
ben,1988,3.17161011695862
ben,1989,3.09223008155823
ben,1990,2.94771003723145
ben,1991,2.94624996185303
ben,1992,2.87130999565125
ben,1993,2.94366002082825
ben,1994,2.73849010467529
ben,1995,2.88406991958618
ben,1996,2.94896006584167
ben,1999,4.29297018051147
ben,2000,6.47633981704712
ben,2001,5.6768798828125
ben,2002,5.15162992477416
ben,2003,4.67139005661011
ben,2004,4.52211999893188
ben,2005,5.48442983627319
ben,2006,5.94120979309082
ben,2008,12.4922399520874
ben,2009,12.8728399276733
ben,2010,16.5240097045898
ben,2011,18.3422908782958
ben,2012,18.2285099029541
ben,2013,19.1655101776123
ben,2014,20.4651107788086
ben,2015,23.6475200653076
bfa,1971,0.0730499997735024
bfa,1972,0.089879997074604
bfa,1973,0.119039997458458
bfa,1974,0.109769999980927
bfa,1975,0.0884499996900558
bfa,1976,0.0897200033068657
bfa,1977,0.126010000705719
bfa,1978,0.106650002300739
bfa,1979,0.137280002236366
bfa,1980,0.146520003676414
bfa,1981,0.062449999153614
bfa,1982,0.0816600024700165
bfa,1983,0.0994300022721291
bfa,1984,0.230690002441406
bfa,1985,0.375510007143021
bfa,1986,0.456990003585815
bfa,1987,0.584500014781952
bfa,1988,0.678860008716583
bfa,1989,0.740779995918274
bfa,1990,0.631399989128113
bfa,1991,0.75915002822876
bfa,1992,0.824729979038239
bfa,1993,0.856199979782104
bfa,1994,1.03554999828339
bfa,1995,1.01819002628326
bfa,1996,1.34332001209259
bfa,1997,1.6167299747467
bfa,1998,1.67567002773285
bfa,1999,1.81115996837616
bfa,2007,2.98276996612549
bfa,2009,2.88001990318298
bfa,2010,2.82083988189697
bfa,2011,3.08166003227234
bfa,2012,3.63513994216919
bfa,2013,4.00263023376465
bfa,2014,4.09251022338867
bfa,2015,4.14801979064941
bgd,1973,0.269270002841949
bgd,1988,82.3314590454102
bgd,1998,20.4438591003418
bgd,1999,18.192850112915
bgd,2000,16.9631900787354
bgd,2001,16.8175506591797
bgd,2002,14.2005100250244
bgd,2003,11.5464401245117
bgd,2004,11.0087795257568
bgd,2005,10.9222402572632
bgd,2009,10.8150501251221
bgd,2010,12.7748899459839
bgd,2011,25.1144790649414
bgd,2013,31.8053607940674
bgd,2015,30.9720401763916
bgr,1971,64.5490570068359
bgr,1972,62.5792388916016
bgr,1973,64.972297668457
bgr,1974,70.4174118041992
bgr,1975,72.6253662109375
bgr,1976,74.905632019043
bgr,1977,74.7211303710938
bgr,1978,74.3038864135742
bgr,1979,76.2554702758789
bgr,1980,77.8099822998047
bgr,1981,78.2608108520508
bgr,1982,75.3876571655273
bgr,1983,74.9167633056641
bgr,1984,72.8757095336914
bgr,1985,71.8447494506835
bgr,1986,69.182746887207
bgr,1987,69.0872497558594
bgr,1988,70.69580078125
bgr,1989,72.5364532470703
bgr,1990,69.0545272827148
bgr,1991,67.722282409668
bgr,1992,58.9205513000488
bgr,1993,60.9381294250488
bgr,1994,58.5922813415527
bgr,1995,60.9692115783691
bgr,1996,65.8455123901367
bgr,1997,68.1737594604492
bgr,1998,64.635986328125
bgr,1999,68.9807434082031
bgr,2000,70.6471786499023
bgr,2001,70.7677307128906
bgr,2002,73.1117095947266
bgr,2003,76.2385787963867
bgr,2004,77.5592498779297
bgr,2005,79.818962097168
bgr,2006,82.0183029174805
bgr,2007,82.839500427246
bgr,2008,82.8057098388672
bgr,2009,83.4827499389648
bgr,2010,83.9572982788085
bgr,2011,84.1082611083984
bgr,2012,83.632568359375
bgr,2013,83.6342926025391
bgr,2014,83.4896087646484
bgr,2015,83.5917587280273
bhr,1974,6.29468011856079
bhr,1975,6.66129016876221
bhr,1976,8.68564987182617
bhr,1977,11.3119096755981
bhr,1978,10.1010904312134
bhr,1979,10.6804504394531
bhr,1980,11.6169204711914
bhr,1981,14.2235803604126
bhr,1982,16.010009765625
bhr,1983,17.8180294036865
bhr,1984,17.872989654541
bhr,1985,23.1621208190918
bhr,1986,25.1995697021484
bhr,1987,26.6274700164795
bhr,1988,26.4877109527588
bhr,1989,26.3143100738525
bhr,1991,24.9008007049561
bhr,1992,27.4076404571533
bhr,1993,31.1873397827148
bhr,1994,32.7693710327148
bhr,1995,36.7909812927246
bhr,1996,35.3418083190917
bhr,1997,33.4285888671875
bhr,1998,35.2857894897461
bhr,1999,35.1659393310547
bhr,2000,34.0728607177734
bhr,2001,33.8207702636719
bhr,2002,35.1038589477539
bhr,2003,36.6530113220215
bhr,2004,39.0892181396484
bhr,2005,38.4980888366699
bhr,2006,37.7154006958008
bhr,2008,43.67333984375
bhr,2009,48.5364112854004
bhr,2010,50.3428993225098
bhr,2011,50.913501739502
bhr,2012,51.3594017028809
bhr,2013,54.4578704833984
bhr,2014,58.1533699035645
bhr,2015,56.3376083374023
bhs,1993,6.91812992095947
bhs,1997,9.11804008483887
bhs,1999,11.0220098495483
bhs,2000,15.2545099258423
bhs,2002,33.2360000610352
blr,1995,88.9921112060547
blr,1996,87.4766998291016
blr,1999,87.4511184692383
blr,2000,86.6847076416016
blr,2001,87.9141693115234
blr,2002,92.4877471923828
blr,2003,93.655029296875
blr,2004,97.2869186401367
blr,2005,104.238250732422
blr,2006,106.388031005859
blr,2007,105.878356933594
blr,2008,103.81566619873
blr,2009,100.573806762695
blr,2010,102.590049743652
blr,2011,105.844566345215
blr,2012,104.671226501465
blr,2013,107.464256286621
blr,2014,107.114433288574
blr,2015,105.600242614746
blz,1986,19.8946990966797
blz,1987,17.9953193664551
blz,1990,21.0255603790283
blz,1991,21.6385898590088
blz,1992,26.3607997894287
blz,1993,28.3449001312256
blz,1994,26.5380802154541
blz,1995,26.73876953125
blz,1996,26.2976894378662
blz,1997,25.8803100585938
blz,1999,26.0944499969482
blz,2000,26.3567008972168
blz,2001,24.632999420166
blz,2003,24.0239505767822
blz,2004,24.4244403839111
blz,2005,27.2079391479492
blz,2006,29.8039207458496
blz,2007,30.947229385376
blz,2008,36.7425193786621
blz,2009,38.2858581542969
blz,2010,41.0514297485352
blz,2011,43.0986289978027
blz,2012,46.3959884643555
blz,2013,48.9403190612792
blz,2014,49.6788597106934
blz,2015,49.0526885986328
bmu,1971,117.636016845703
bmu,1977,121.327011108398
bmu,1979,130.593612670898
bmu,1980,131.80778503418
bmu,1981,125.480766296387
bmu,1982,136.75
bmu,1983,128.346466064453
bmu,1984,181.643844604492
bmu,1985,182.584274291992
bmu,2001,50.75
bmu,2002,50.1246910095215
bmu,2003,46.5517196655273
bmu,2004,52.078239440918
bmu,2005,51.0948905944824
bmu,2006,51.2195091247559
bmu,2010,48.8943481445313
bmu,2011,43.5
bmu,2012,56.1538505554199
bmu,2013,55.1451187133789
bmu,2014,53.5135116577148
bmu,2015,66.6666717529297
bol,1971,27.1314296722412
bol,1972,28.1157207489014
bol,1980,27.0692195892333
bol,1984,36.0298614501953
bol,1986,35.5659294128417
bol,1989,28.677770614624
bol,1990,30.7101593017578
bol,1991,31.7525405883789
bol,1992,32.9357299804688
bol,1993,35.4119300842285
bol,1994,36.4602508544922
bol,1995,37.7351989746094
bol,1996,37.7897186279297
bol,1997,37.83203125
bol,1998,46.6126518249512
bol,1999,47.2932586669922
bol,2000,48.7656211853027
bol,2001,48.7218704223633
bol,2002,48.8208999633789
bol,2003,48.7643013000488
bol,2004,50.9928817749023
bol,2005,52.218448638916
bol,2006,51.7860908508301
bol,2007,51.0749092102051
bol,2008,49.3523902893066
bol,2009,47.2278289794922
bol,2010,48.2204513549805
bol,2011,55.3684997558594
bol,2012,61.7276306152344
bol,2013,63.8620185852051
bol,2014,67.4093322753906
bol,2015,70.60302734375
bra,2013,85.7042694091797
bra,2014,89.319236755371
bra,2015,92.7980422973633
brb,1974,18.9039306640625
brb,1978,30.6555690765381
brb,1979,28.3619995117188
brb,1980,35.3737411499023
brb,1981,40.2939414978027
brb,1982,37.4432182312012
brb,1983,36.2335586547852
brb,1999,73.6031799316406
brb,2000,67.9909973144531
brb,2001,67.4547271728516
brb,2002,77.5032196044922
brb,2003,78.5827178955078
brb,2004,79.9463806152344
brb,2005,83.6451110839844
brb,2006,86.8575973510742
brb,2007,83.9242935180664
brb,2008,78.2574234008789
brb,2009,81.1678085327148
brb,2010,76.6710662841797
brb,2011,75.1258316040039
brb,2014,82.792121887207
brn,1978,17.4563007354736
brn,1979,40.8058013916016
brn,1980,42.008861541748
brn,1981,40.7197418212891
brn,1982,42.0969696044922
brn,1983,41.2495918273926
brn,1984,42.4209594726563
brn,1986,44.6589393615723
brn,1987,47.6651611328125
brn,1988,41.9071083068848
brn,1989,46.5138206481934
brn,1991,48.3752403259277
brn,1992,50.1302490234375
brn,1993,57.012939453125
brn,1994,50.8435707092285
brn,1995,51.8973617553711
brn,1996,53.8378982543945
brn,1997,82.1997299194335
brn,1998,78.8396377563477
brn,1999,52.3157005310059
brn,2000,46.5988006591797
brn,2001,48.4740982055664
brn,2002,53.8461494445801
brn,2003,56.0848083496094
brn,2004,59.1499214172363
brn,2005,59.9280395507813
brn,2006,58.9313583374023
brn,2007,58.6464004516602
brn,2008,59.5603485107422
brn,2009,66.8515472412109
brn,2010,68.8344879150391
brn,2011,69.120719909668
brn,2012,71.4300918579102
brn,2013,71.2104873657227
brn,2014,72.9483032226563
brn,2015,71.2490768432617
btn,1995,1.30774998664856
btn,1998,1.19656002521515
btn,1999,0.979939997196198
btn,2000,1.19791996479034
btn,2005,1.48344004154205
btn,2007,0.732879996299744
btn,2008,0.988319993019104
btn,2010,2.41535997390747
btn,2011,5.14226007461548
btn,2012,9.22791004180908
btn,2013,13.3907804489136
btn,2014,16.4244594573975
btn,2016,24.9750499725342
bwa,2005,15.8933200836182
bwa,2006,16.5054206848145
bwa,2007,15.6721000671387
bwa,2008,18.7962799072266
bwa,2009,17.8845195770264
bwa,2012,15.5044898986816
bwa,2013,18.4515590667725
caf,1971,5.2066798210144
caf,1972,5.57439994812012
caf,1973,5.17315006256104
caf,1987,5.51875019073486
caf,2003,1.67430996894836
caf,2005,3.32605004310608
caf,2006,3.2852098941803
caf,2007,3.23217010498047
caf,2008,4.10911989212036
caf,2009,4.47948980331421
caf,2011,5.54132986068726
can,1971,40.6381607055664
can,1972,40.644718170166
can,1973,43.2725601196289
can,1974,46.8094215393066
can,1975,53.8044281005859
can,1976,56.5152702331542
can,1977,56.1475105285645
can,1978,53.667610168457
can,1980,52.6373481750488
can,1981,55.3914794921875
can,1982,54.6939811706542
can,1983,55.7707405090332
can,1984,55.7853202819824
can,1985,57.228199005127
can,1986,57.589111328125
can,1987,58.0081100463867
can,1988,58.7823295593262
can,1989,59.5950088500977
can,1990,62.0627899169922
can,1991,60.9206390380859
can,1992,62.1769599914551
can,1993,61.4338607788086
can,1994,62.4305191040039
can,1995,63.7560005187988
can,1996,64.2351531982422
can,1998,65.5029602050781
can,1999,63.7166786193848
can,2000,63.5048217773438
can,2005,67.567283630371
can,2006,69.4433822631835
can,2007,69.8498001098633
can,2008,70.0509567260742
can,2009,71.5062408447266
can,2010,71.264892578125
can,2011,71.3797912597656
can,2012,72.9109268188477
can,2013,73.9211120605469
che,1977,71.2231826782227
che,1978,70.39306640625
che,1979,72.3082122802734
che,1980,74.548728942871
che,1981,77.0407104492188
che,1982,78.442527770996
che,1983,81.9049530029297
che,1984,83.4216537475585
che,1985,85.5668411254883
che,1986,87.8108291625977
che,1987,90.3397369384766
che,1988,92.2873001098633
che,1989,91.256721496582
che,1990,90.783203125
che,1991,90.7273635864258
che,1992,90.3179168701172
che,1993,93.129753112793
che,1994,95.14794921875
che,1995,97.6057662963867
che,1996,97.8724365234375
che,1998,94.8061676025391
che,1999,92.5852890014648
che,2000,92.1546173095703
che,2001,91.5647735595703
che,2002,92.5485382080078
che,2003,93.548240661621
che,2004,94.4926528930664
che,2005,98.2948989868164
che,2006,100.500061035156
che,2007,100.259788513184
che,2008,100.148986816406
che,2009,101.940238952637
che,2010,98.4882965087891
che,2011,99.1656112670898
che,2012,99.0836334228516
che,2013,102.992706298828
che,2014,105.929710388184
che,2015,105.365547180176
chl,1970,22.5457096099854
chl,1971,25.3934593200684
chl,1972,29.1726703643799
chl,1973,29.7268009185791
chl,1976,49.7122917175292
chl,1977,56.8344383239746
chl,1978,62.2109298706055
chl,1979,65.3393020629883
chl,1984,73.3008728027344
chl,1985,84.052360534668
chl,1986,86.5005416870117
chl,1988,86.4384307861328
chl,1989,83.4906463623047
chl,1990,84.7514266967773
chl,1991,77.1503372192383
chl,1992,89.265510559082
chl,1993,92.7935180664063
chl,1994,93.9048919677734
chl,1995,100.687019348145
chl,1996,103.29280090332
chl,1998,80.8811187744141
chl,1999,84.9838104248047
chl,2000,85.6299896240234
chl,2002,81.7426834106445
chl,2003,77.4258880615234
chl,2004,78.3675537109375
chl,2005,81.4736175537109
chl,2006,80.2083282470703
chl,2007,81.2785415649414
chl,2008,80.4551696777344
chl,2009,83.1594619750977
chl,2010,108.964736938477
chl,2011,114.916877746582
chl,2012,117.440200805664
chl,2013,83.3111877441406
chl,2014,86.621208190918
chl,2015,88.0478134155273
chn,1984,15.0125398635864
chn,1985,17.8558292388916
chn,1986,20.3348808288574
chn,1987,21.7925605773926
chn,1988,23.4766407012939
chn,1989,22.9517707824707
chn,1990,21.9470405578613
chn,1991,21.9933204650879
chn,1992,23.3539505004883
chn,1993,24.0841407775879
chn,1994,24.1210994720458
chn,1995,24.8804702758789
chn,1996,26.0158195495605
chn,1997,36.9465103149414
chn,1998,38.5497283935547
chn,1999,41.3466110229492
chn,2000,42.4687881469727
chn,2001,43.3706893920898
chn,2002,41.9145011901855
chn,2003,44.3488311767578
chn,2006,52.2511901855469
chn,2007,53.6604385375977
chn,2008,54.0162887573242
chn,2009,54.9039916992188
chn,2010,58.6007804870605
chn,2011,64.7362899780273
chn,2012,72.8809127807617
chn,2013,77.5351791381835
chn,2014,81.5323028564453
chn,2015,83.3510665893555
civ,1971,1.14838004112244
civ,1972,1.09202003479004
civ,1973,1.16509997844696
civ,1976,0.699400007724761
civ,1977,0.677900016307831
civ,1978,0.722209990024567
civ,1979,0.727259993553162
civ,1980,0.774609982967377
civ,1981,0.775680005550385
civ,1982,0.785139977931976
civ,1983,0.770190000534058
civ,1984,0.764819979667664
civ,1985,0.877269983291625
civ,1986,0.856090009212494
civ,1987,0.921169996261597
civ,1988,1.03136003017426
civ,1989,1.08996999263763
civ,1990,1.10318005084991
civ,1991,1.00167000293732
civ,1992,0.938700020313263
civ,1993,1.47125995159149
civ,1994,1.75402998924255
civ,1995,1.98172998428345
civ,1996,2.30908989906311
civ,1997,2.32864999771118
civ,1998,2.33167004585266
civ,1999,2.40387010574341
civ,2000,2.56844997406006
civ,2001,2.66601991653442
civ,2002,2.74682998657227
civ,2003,2.96001005172729
civ,2006,3.06592011451721
civ,2007,2.92683005332947
civ,2008,2.93916010856628
civ,2009,3.55255007743835
civ,2011,3.99911999702454
civ,2012,4.78559017181396
civ,2013,5.75568008422852
civ,2014,6.55125999450684
civ,2015,7.12679004669189
cmr,1971,3.09652996063232
cmr,1976,4.57392978668213
cmr,1977,4.78010988235474
cmr,1978,4.8931097984314
cmr,1979,6.14130020141602
cmr,1980,6.73469018936157
cmr,1981,7.14465999603271
cmr,1983,6.94194984436035
cmr,1984,8.73141956329346
cmr,1985,10.0571804046631
cmr,1986,10.9813604354858
cmr,1987,11.8401203155518
cmr,1988,12.8655700683594
cmr,1989,12.1135702133179
cmr,1990,11.6998500823975
cmr,1991,11.4317903518677
cmr,1992,11.1153602600098
cmr,1994,10.3122396469116
cmr,1995,10.0991401672363
cmr,1997,9.12010955810547
cmr,1998,9.47115039825439
cmr,1999,10.8295402526855
cmr,2000,12.2865104675293
cmr,2001,12.3070001602173
cmr,2002,12.723349571228
cmr,2003,13.0409803390503
cmr,2004,16.2995090484619
cmr,2005,17.4752101898193
cmr,2006,17.273120880127
cmr,2007,18.6885395050049
cmr,2008,21.9512805938721
cmr,2009,23.2470607757568
cmr,2010,25.0713195800781
cmr,2011,26.3259296417236
cmr,2012,29.4633407592773
cmr,2014,34.098388671875
cmr,2015,37.5963287353516
cod,1973,0.987349987030029
cod,1993,0.816100001335144
cod,2001,0.820620000362396
cod,2002,1.33281004428864
cod,2007,2.79672002792358
cod,2008,3.1538200378418
cod,2009,3.75535988807678
cod,2010,3.19660997390747
cod,2011,3.49573993682861
cod,2012,3.78484988212585
cod,2013,3.77827000617981
cod,2014,4.02595996856689
cog,1971,0.311179995536804
cog,1973,1.25470995903015
cog,1978,2.01471996307373
cog,1981,1.95270001888275
cog,1982,1.95866000652313
cog,1983,2.36525988578796
cog,1984,2.98813009262085
cog,1985,2.75574994087219
cog,1986,2.76468992233276
cog,1987,2.81807994842529
cog,1988,2.51464009284973
cog,1989,2.46835994720458
cog,1990,2.6784999370575
cog,1991,2.59925007820129
cog,1992,2.90680003166199
cog,1993,1.91428995132446
cog,1994,1.77644002437592
cog,1995,1.08678996562958
cog,1996,0.884280025959015
cog,1997,1.41989004611968
cog,1998,0.469099998474121
cog,1999,1.75998997688293
cog,2000,2.36295008659363
cog,2001,3.35116004943848
cog,2002,5.092209815979
cog,2003,5.95764017105103
cog,2004,6.83441019058228
cog,2005,7.30776977539063
cog,2006,8.12687015533447
cog,2007,9.20209026336669
cog,2008,11.0724401473999
cog,2009,10.541410446167
cog,2010,11.5465602874756
cog,2011,12.176609992981
cog,2012,13.9865303039551
col,1983,8.70586967468262
col,1984,10.3304901123047
col,1985,11.1941404342651
col,1986,10.7045097351074
col,1987,11.3559904098511
col,1988,11.8928003311157
col,1989,12.4315900802612
col,1992,17.4194602966309
col,1993,19.4479293823242
col,1996,34.9701309204102
col,1998,37.6835899353027
col,1999,39.7311401367188
col,2000,41.5753898620605
col,2001,41.7768592834473
col,2002,42.8295516967773
col,2004,43.5217514038086
col,2005,45.8105583190917
col,2006,45.1224212646484
col,2007,43.6550216674805
col,2008,53.3985900878906
col,2009,56.3418998718262
col,2010,53.8586807250977
col,2011,54.7685890197754
col,2015,84.7732772827148
com,1999,2.56533002853394
com,2003,3.19690990447998
com,2004,4.29346990585327
com,2008,24.6712799072266
com,2013,22.4810695648193
com,2014,19.7956504821777
cpv,1999,51.993221282959
cpv,2001,50.3700294494629
cpv,2002,54.521541595459
cpv,2003,56.7141799926758
cpv,2004,56.5343589782715
cpv,2005,61.0660781860352
cpv,2006,62.2792816162109
cpv,2007,65.0651626586914
cpv,2008,69.0409622192383
cpv,2009,70.5882415771484
cpv,2010,71.2486114501953
cpv,2011,75.4922790527344
cpv,2012,72.1558074951172
cpv,2013,71.692527770996
cpv,2014,70.4380722045898
cpv,2015,74.0891723632813
cri,1970,6.06744003295898
cri,1971,7.78904008865356
cri,1972,11.000189781189
cri,1973,12.9335803985596
cri,1974,13.9911603927612
cri,1975,13.6702995300293
cri,1976,15.7854795455933
cri,1977,18.6937408447266
cri,1980,19.2669296264648
cri,1981,20.2585792541504
cri,1982,22.3418807983398
cri,1983,23.6972103118896
cri,1984,21.4650707244873
cri,1985,25.9140396118164
cri,1986,27.0214996337891
cri,1987,26.4606094360352
cri,1988,27.3617000579833
cri,1989,28.5291805267333
cri,1990,29.8812408447266
cri,1991,32.7907104492188
cri,1992,32.8178482055664
cri,1993,33.3633193969727
cri,1994,33.9202003479004
cri,1995,35.7961502075195
cri,1996,37.4552116394042
cri,1997,87.5260467529297
cri,1998,41.3467712402344
cri,1999,46.8684883117676
cri,2000,46.2014503479004
cri,2001,58.6390113830566
cri,2002,61.3584785461426
cri,2004,65.8165130615234
cri,2005,71.4672698974609
cri,2006,74.0255279541016
cri,2008,75.9344863891602
cri,2009,77.5155181884766
cri,2010,76.7996215820313
cri,2011,77.043586730957
cri,2012,76.210823059082
cri,2013,51.650089263916
cri,2014,52.8193817138672
cri,2015,52.5971603393555
cub,1971,50.5179710388184
cub,1972,48.282299041748
cub,1973,46.3285789489746
cub,1974,47.5979385375977
cub,1975,51.0508308410645
cub,1976,53.9673309326172
cub,1977,65.449363708496
cub,1978,65.723876953125
cub,1979,59.8678092956542
cub,1980,55.5608787536621
cub,1981,59.3089408874512
cub,1982,63.5860214233398
cub,1983,67.3610610961914
cub,1984,68.516960144043
cub,1985,76.124870300293
cub,1986,86.875617980957
cub,1987,89.6895599365234
cub,1988,103.429496765137
cub,1989,103.853553771973
cub,1990,99.1144638061523
cub,1991,111.210380554199
cub,1992,96.9759521484375
cub,1993,102.552879333496
cub,1994,104.572250366211
cub,1995,87.4522323608398
cub,1996,93.1873016357422
cub,1997,86.9309997558594
cub,1998,87.7726135253906
cub,1999,102.479682922363
cub,2000,101.93106842041
cub,2001,104.318168640137
cub,2002,104.093879699707
cub,2003,108.094856262207
cub,2004,109.61107635498
cub,2005,108.018508911133
cub,2006,109.59895324707
cub,2007,109.43293762207
cub,2008,108.72501373291
cub,2009,103.107048034668
cub,2010,99.1607666015625
cub,2011,101.428771972656
cub,2012,104.401428222656
cub,2013,92.1476287841797
cub,2014,97.5441589355469
cub,2015,101.513519287109
cyp,1971,9.04607963562012
cyp,1972,8.94826984405518
cyp,1973,11.6437501907349
cyp,1974,13.5240802764893
cyp,1975,6.86338996887207
cyp,1976,8.88286018371582
cyp,1977,11.3768997192383
cyp,1978,12.5263996124268
cyp,1979,14.8069400787354
cyp,1980,19.8561496734619
cyp,1981,23.1997604370117
cyp,1982,25.463249206543
cyp,1983,26.9053497314453
cyp,1984,29.4475803375244
cyp,1985,33.1777801513672
cyp,1986,35.2154808044434
cyp,1987,34.4575691223145
cyp,1988,37.5786895751953
cyp,1989,37.4718704223633
cyp,1990,39.9958000183105
cyp,1991,42.3483810424805
cyp,1992,43.6483116149902
cyp,1993,59.6553916931152
cyp,1994,59.385139465332
cyp,1995,60.2160110473633
cyp,1996,60.202808380127
cyp,1997,60.0484390258789
cyp,1999,59.2347984313965
cyp,2000,56.7307090759277
cyp,2001,59.8133316040039
cyp,2002,59.2319297790527
cyp,2003,59.5170783996582
cyp,2004,60.5461502075195
cyp,2005,65.5912322998047
cyp,2006,79.5026168823242
cyp,2007,80.0460510253906
cyp,2008,83.3176422119141
cyp,2009,80.8384170532227
cyp,2010,79.1113433837891
cyp,2011,79.7688674926758
cyp,2012,78.5403137207031
cyp,2013,78.6782989501953
cyp,2014,76.8960723876953
cyp,2015,80.813102722168
cze,1971,60.5709114074707
cze,1972,61.6365013122559
cze,1973,63.1508293151855
cze,1974,65.0198516845703
cze,1975,65.7237930297852
cze,1976,67.6816482543945
cze,1977,70.6987991333008
cze,1978,75.8030014038085
cze,1979,77.7051315307617
cze,1980,80.3607482910156
cze,1981,82.6942291259766
cze,1982,83.7656784057617
cze,1983,85.1183395385742
cze,1984,86.090446472168
cze,1985,86.0368499755859
cze,1986,85.8472900390625
cze,1987,90.008171081543
cze,1988,96.266990661621
cze,1989,102.150550842285
cze,1990,102.77774810791
cze,1991,97.7004165649414
cze,1992,71.5980911254883
cze,1993,82.8043212890625
cze,1994,85.8286819458008
cze,1995,88.3880386352539
cze,1996,90.4178924560547
cze,1997,88.2762985229492
cze,1998,88.3340225219727
cze,1999,87.590461730957
cze,2000,90.4443435668945
cze,2001,91.4986114501953
cze,2002,97.4337463378906
cze,2003,106.842880249023
cze,2004,117.701301574707
cze,2005,118.597312927246
cze,2006,116.120910644531
cze,2007,112.125831604004
cze,2008,106.848030090332
cze,2009,103.503021240234
cze,2010,103.966903686523
cze,2011,105.240760803223
cze,2012,105.660850524902
cze,2013,105.60791015625
cze,2014,105.978622436523
cze,2015,107.353286743164
deu,1993,89.7582092285156
deu,1994,90.5340728759766
deu,1995,85.0628509521484
deu,1996,89.8799591064453
deu,1997,92.2728805541992
deu,1998,93.4119186401367
deu,1999,99.7798309326172
deu,2000,100.647346496582
deu,2001,105.033599853516
deu,2002,102.8427734375
deu,2003,101.197479248047
deu,2004,95.9805374145508
deu,2005,97.5382995605469
deu,2006,108.730728149414
deu,2007,110.302459716797
deu,2008,112.874336242676
deu,2009,114.571922302246
deu,2010,114.731101989746
deu,2011,116.034622192383
deu,2012,116.86385345459
deu,2013,110.337562561035
deu,2014,111.287979125977
deu,2015,111.541610717773
dji,1972,1.07007002830505
dji,1973,2.07825994491577
dji,1974,1.75197994709015
dji,1975,1.01853001117706
dji,1976,0.881290018558502
dji,1985,0.568459987640381
dji,1986,0.825519979000092
dji,1987,0.765320003032684
dji,1988,0.702470004558563
dji,1989,0.697040021419525
dji,1990,0.555249989032745
dji,1991,0.504880011081696
dji,1992,0.45592999458313
dji,1993,0.372330009937286
dji,1994,0.398420006036758
dji,1995,0.498030006885529
dji,1996,0.374920010566711
dji,1997,0.521899998188019
dji,1998,0.522520005702972
dji,1999,0.327569991350174
dji,2000,0.466610014438629
dji,2001,0.430929988622665
dji,2002,0.783259987831116
dji,2004,2.06311011314392
dji,2006,2.00611996650696
dji,2007,3.12419009208679
dji,2008,3.535640001297
dji,2009,3.23501992225647
dji,2011,4.86556005477905
dji,2012,4.0806999206543
dji,2015,5.06150007247925
dji,2016,5.39754009246826
dma,1974,44.3804016113281
dma,1975,47.6128997802734
dma,1976,45.1598815917969
dma,1977,47.656608581543
dma,1979,57.7708015441895
dma,1990,65.9709014892578
dma,1991,70.9008407592773
dma,1992,66.5502777099609
dma,1999,78.3048706054688
dma,2000,61.0033416748047
dma,2001,79.2099761962891
dma,2002,79.6572265625
dma,2003,69.0805511474609
dma,2004,77.491096496582
dma,2005,97.8022003173828
dma,2006,96.0614776611328
dma,2007,93.2932891845703
dma,2008,105.699478149414
dma,2009,101.165252685547
dma,2010,103.804351806641
dma,2011,97.0427169799805
dma,2012,92.9032287597656
dma,2013,102.612327575684
dma,2014,88.0081329345703
dma,2015,86.653190612793
dnk,1971,26.386100769043
dnk,1972,39.2588386535645
dnk,1973,47.7654304504395
dnk,1974,52.9933280944824
dnk,1975,55.6759986877441
dnk,1976,58.8551788330078
dnk,1977,64.7542724609375
dnk,1978,74.3285903930664
dnk,1979,81.6053314208984
dnk,1980,85.6140365600585
dnk,1981,88.1704483032227
dnk,1982,94.5743713378906
dnk,1983,92.007568359375
dnk,1984,91.2455978393555
dnk,1985,93.7835006713867
dnk,1986,93.5980606079102
dnk,1987,95.6929168701172
dnk,1988,92.0563735961914
dnk,1989,95.8121185302734
dnk,1990,95.9638824462891
dnk,1991,99.3258972167969
dnk,1992,101.078559875488
dnk,1993,79.9563827514648
dnk,1994,81.2884063720703
dnk,1995,80.6507720947266
dnk,1996,81.5386734008789
dnk,1998,89.757209777832
dnk,1999,90.7155838012695
dnk,2000,91.2185134887695
dnk,2001,88.8404998779297
dnk,2002,89.47412109375
dnk,2003,90.9385833740234
dnk,2004,92.720359802246
dnk,2005,94.4131622314453
dnk,2006,94.6296920776367
dnk,2007,95.6686172485352
dnk,2008,96.3119888305664
dnk,2009,96.9095001220703
dnk,2010,101.632736206055
dnk,2011,101.38166809082
dnk,2012,103.077430725098
dnk,2013,98.8027572631835
dnk,2014,96.2128601074219
dnk,2015,95.8318405151367
dom,1994,18.1903495788574
dom,1997,30.994649887085
dom,1998,30.7753295898438
dom,1999,31.4113502502441
dom,2000,33.3823318481445
dom,2002,32.4869117736816
dom,2003,30.9628791809082
dom,2004,29.9733695983887
dom,2005,32.3268814086914
dom,2006,34.3255615234375
dom,2007,33.7289695739746
dom,2008,35.2883605957031
dom,2009,39.5976791381836
dom,2010,37.9499893188477
dom,2011,36.9165382385254
dom,2012,37.875659942627
dom,2013,40.9945182800292
dom,2014,42.6570014953613
dom,2015,42.9309616088867
dza,1993,1.31737995147705
dza,1994,1.77266001701355
dza,1995,1.78276002407074
dza,1996,2.04027009010315
dza,1997,2.18167996406555
dza,1999,2.42289996147156
dza,2000,2.7318000793457
dza,2001,3.3971700668335
dza,2003,4.0035400390625
dza,2004,4.80676984786987
dza,2005,6.29937982559204
dza,2006,30.183349609375
dza,2007,29.7166805267333
dza,2008,37.4753913879395
dza,2009,83.1059722900391
dza,2010,86.1674575805664
dza,2011,78.9567794799805
eap,1983,14.7272996902466
eap,1984,15.8470001220703
eap,1985,18.1874008178711
eap,1986,20.2866096496582
eap,1987,21.7189693450928
eap,1988,23.5195598602295
eap,1989,23.3633003234863
eap,1990,22.5415096282959
eap,1991,22.6369800567627
eap,1992,23.71755027771
eap,1993,24.491189956665
eap,1994,24.9316005706787
eap,1995,25.8152198791504
eap,1996,26.6855506896973
eap,1997,27.8814601898193
eap,1998,36.5411186218262
eap,1999,38.9750595092773
eap,2000,39.6855201721191
eap,2001,40.416561126709
eap,2002,39.621768951416
eap,2003,41.7609786987305
eap,2004,43.7323303222656
eap,2005,46.3492393493652
eap,2006,49.4814414978027
eap,2007,51.4779014587402
eap,2008,52.0950584411621
eap,2009,53.3815612792969
eap,2010,55.650218963623
eap,2011,60.4067687988281
eap,2012,67.4994964599609
eap,2013,71.7366027832031
eap,2014,75.0894165039063
eas,1983,16.4202194213867
eas,1984,17.6151599884033
eas,1985,19.8838195800781
eas,1986,21.8996295928955
eas,1987,23.2292804718018
eas,1988,24.9184894561768
eas,1989,24.7404098510742
eas,1990,23.951000213623
eas,1991,24.0066795349121
eas,1992,24.9926795959473
eas,1993,25.7077102661133
eas,1994,26.1049709320068
eas,1995,26.9968490600586
eas,1996,27.8107395172119
eas,1997,29.0229797363281
eas,1998,38.8432807922363
eas,1999,41.4041290283203
eas,2000,42.2244415283203
eas,2001,43.0561599731445
eas,2002,42.4021682739258
eas,2003,44.4666213989258
eas,2004,46.3933982849121
eas,2005,48.933479309082
eas,2006,51.903751373291
eas,2007,53.7418098449707
eas,2008,54.2770118713379
eas,2009,55.4163589477539
eas,2010,57.8301887512207
eas,2011,62.2911415100098
eas,2012,68.9856262207031
eas,2013,73.0540084838867
eas,2014,76.1875915527344
eca,1985,57.6899795532227
eca,1986,58.4687385559082
eca,1987,59.2481498718262
eca,1988,59.9861297607422
eca,1989,60.6535911560059
eca,1990,61.2861595153809
eca,1991,59.8926315307617
eca,1992,58.1048889160156
eca,1993,55.0205917358398
eca,1994,49.4157218933105
eca,1995,48.3246116638184
eca,1996,46.604808807373
eca,1997,44.7212600708008
eca,1998,42.6053504943848
eca,1999,39.4931106567383
eca,2000,39.0710792541504
eca,2001,39.780200958252
eca,2002,40.7835311889648
eca,2003,43.2214889526367
eca,2004,43.8895988464355
eca,2005,45.183219909668
eca,2006,46.9596481323242
eca,2007,48.6735000610352
eca,2008,50.8530387878418
eca,2009,52.1884613037109
eca,2010,53.7404098510742
eca,2011,55.3086700439453
eca,2012,56.643180847168
eca,2013,55.2605590820313
eca,2014,56.4851608276367
ecs,1970,54.4990005493164
ecs,1971,54.6088905334473
ecs,1972,55.2390403747559
ecs,1973,56.5800285339355
ecs,1974,57.8127288818359
ecs,1975,59.4709510803223
ecs,1976,60.261058807373
ecs,1977,61.0853805541992
ecs,1978,61.8406105041504
ecs,1979,62.0709114074707
ecs,1980,62.806339263916
ecs,1981,61.6588516235352
ecs,1982,62.2067604064941
ecs,1983,62.8987998962402
ecs,1984,63.6539306640625
ecs,1985,64.5834732055664
ecs,1986,65.3889007568359
ecs,1987,65.7658996582031
ecs,1988,66.143928527832
ecs,1989,66.4624862670898
ecs,1990,67.1403121948242
ecs,1991,66.5187225341797
ecs,1992,65.2519683837891
ecs,1993,63.8824882507324
ecs,1994,61.0435485839844
ecs,1995,60.8790893554688
ecs,1996,60.9168395996094
ecs,1997,60.6902313232422
ecs,1998,60.4275817871094
ecs,1999,59.195140838623
ecs,2000,59.7658386230469
ecs,2001,61.1355018615723
ecs,2002,62.1430206298828
ecs,2003,64.1512680053711
ecs,2004,63.9895095825195
ecs,2005,66.1865997314453
ecs,2006,68.1777420043945
ecs,2007,69.2258224487305
ecs,2008,70.7978668212891
ecs,2009,71.624641418457
ecs,2010,72.7869033813477
ecs,2011,74.145149230957
ecs,2012,74.8703002929688
ecs,2013,74.0204162597656
ecs,2014,74.9150314331055
ecu,1971,7.1369800567627
ecu,1973,7.90616989135742
ecu,1974,8.84844017028809
ecu,1975,9.90709018707275
ecu,1976,10.9345903396606
ecu,1977,12.5537204742432
ecu,1978,14.2492704391479
ecu,1979,17.0585098266602
ecu,1980,17.3210506439208
ecu,1981,21.3039608001708
ecu,1982,23.738000869751
ecu,1983,27.1774406433105
ecu,1984,32.4667205810547
ecu,1985,33.7506408691406
ecu,1986,36.9721908569336
ecu,1987,39.9031600952148
ecu,1988,41.6791801452637
ecu,1993,45.5922088623047
ecu,1994,43.2576293945313
ecu,1995,47.2090492248535
ecu,1996,49.6160087585449
ecu,1997,52.8629684448242
ecu,1998,56.1166915893555
ecu,1999,60.2560882568359
ecu,2000,62.9109382629395
ecu,2001,65.901741027832
ecu,2002,68.652732849121
ecu,2003,69.5459899902344
ecu,2004,72.8679580688477
ecu,2005,75.4231567382813
ecu,2006,85.178108215332
ecu,2007,94.7737579345703
ecu,2010,137.699981689453
ecu,2011,145.571655273438
ecu,2012,157.250671386719
ecu,2013,54.617618560791
ecu,2014,61.7600288391113
ecu,2015,69.9001617431641
ecu,2016,69.965087890625
egy,1971,1.15898001194
egy,1972,1.28805005550385
egy,1973,1.47859001159668
egy,1974,1.59009003639221
egy,1975,1.613450050354
egy,1976,1.90513002872467
egy,1977,2.14473009109497
egy,1979,2.53960990905762
egy,1980,2.92477989196777
egy,1981,3.13440990447998
egy,1982,3.08410000801086
egy,1983,3.2703800201416
egy,1986,4.45776987075806
egy,1987,4.55874013900757
egy,1988,4.95204019546509
egy,1989,5.1842999458313
egy,1990,5.45460987091064
egy,1991,5.94372987747192
egy,1992,6.53383016586304
egy,1993,6.78130006790161
egy,1994,7.00764989852905
egy,1995,7.31070995330811
egy,1996,7.67643976211548
egy,1997,8.53291988372803
egy,1998,9.6016902923584
egy,1999,10.3065700531006
egy,2000,11.4205799102783
egy,2001,12.436559677124
egy,2002,13.4824695587158
egy,2003,14.4644203186035
egy,2004,15.0995101928711
egy,2005,17.2356796264648
egy,2006,18.4687900543213
egy,2007,17.8673992156982
egy,2008,22.4240493774414
egy,2009,23.5586891174316
egy,2010,29.6476097106934
egy,2011,25.1939392089844
egy,2012,25.4557304382324
egy,2013,24.9405002593994
egy,2014,30.6032600402832
emu,1970,67.8874282836914
emu,1971,68.6413116455078
emu,1972,69.4604263305664
emu,1973,71.7421264648438
emu,1974,73.2026519775391
emu,1975,74.7908020019531
emu,1976,75.4564971923828
emu,1977,76.2569122314453
emu,1978,76.4586868286133
emu,1979,76.7780838012695
emu,1980,77.6304321289063
emu,1981,78.5789489746094
emu,1982,79.8515701293945
emu,1983,81.6650238037109
emu,1984,83.4772872924805
emu,1985,84.7511215209961
emu,1986,86.2433929443359
emu,1987,85.9375228881836
emu,1988,85.5932388305664
emu,1989,85.2793502807617
emu,1990,86.4567031860352
emu,1991,87.6969604492188
emu,1992,88.2648696899414
emu,1993,89.3124771118164
emu,1994,90.4664916992188
emu,1995,90.2631072998047
emu,1996,92.3540420532227
emu,1997,93.4482803344727
emu,1998,94.2254409790039
emu,1999,96.0877304077148
emu,2000,97.0602188110352
emu,2001,98.8451538085938
emu,2002,98.9512023925781
emu,2003,99.4193267822266
emu,2004,98.8011016845703
emu,2005,101.051147460938
emu,2006,103.638999938965
emu,2007,103.01065826416
emu,2008,102.967140197754
emu,2009,102.918060302734
emu,2010,103.316146850586
emu,2011,103.665397644043
emu,2012,103.939811706543
emu,2013,102.749008178711
emu,2014,103.058418273926
eri,1992,2.93190002441406
eri,1993,3.12523007392883
eri,1994,3.511470079422
eri,1995,3.6505401134491
eri,1996,3.72545003890991
eri,1997,3.39695000648499
eri,1999,5.66317987442017
eri,2000,5.71992015838623
eri,2001,6.04744005203247
eri,2002,6.18165016174316
eri,2003,6.9023699760437
eri,2004,8.81867027282715
eri,2005,13.6953201293945
eri,2006,15.2001495361328
eri,2007,15.8101196289063
eri,2008,14.5481796264648
eri,2009,14.3359804153442
eri,2010,15.1612195968628
eri,2011,16.5347499847412
eri,2012,15.8239603042603
eri,2013,15.1959400177002
eri,2014,14.4992303848267
eri,2015,13.350830078125
esp,1971,39.8558616638184
esp,1972,37.3784294128417
esp,1973,39.3890190124512
esp,1974,40.7345886230469
esp,1975,41.5889091491699
esp,1976,44.6906700134277
esp,1977,46.2726287841797
esp,1978,48.5859298706055
esp,1979,51.8867683410645
esp,1980,56.3915214538574
esp,1981,58.2722816467285
esp,1982,59.9856109619141
esp,1983,60.6298713684082
esp,1984,61.062198638916
esp,1985,62.0068817138672
esp,1986,63.74169921875
esp,1987,64.6347885131835
esp,1988,67.8269424438477
esp,1989,69.8151321411133
esp,1990,72.3311386108398
esp,1991,74.4894180297852
esp,1992,79.9315032958984
esp,1993,84.0209121704102
esp,1994,87.7727203369141
esp,1995,90.73388671875
esp,1996,92.9017028808594
esp,1997,95.2656707763672
esp,1998,96.3852005004883
esp,2013,99.1940231323242
esp,2014,98.282470703125
esp,2015,96.8498001098633
est,1991,100.93962097168
est,1992,91.5802001953125
est,1993,82.47265625
est,1994,63.1734085083008
est,1995,64.6118698120117
est,1996,67.9694137573242
est,1997,70.2684326171875
est,1998,82.0183181762695
est,1999,90.2387619018555
est,2000,92.2124328613281
est,2001,97.8347778320313
est,2002,100.323303222656
est,2003,106.900650024414
est,2004,114.695930480957
est,2005,119.249313354492
est,2006,97.8011016845703
est,2007,98.5044479370117
est,2008,96.9645614624023
est,2009,95.8340911865234
est,2010,87.9207229614258
est,2011,88.27294921875
est,2012,89.5328216552734
eth,1991,1.53910994529724
eth,1992,1.17683005332947
eth,1993,1.0984400510788
eth,1994,1.22861003875732
eth,1995,1.28385996818542
eth,1997,1.41496002674103
eth,1998,1.4619699716568
eth,1999,1.4869099855423
eth,2000,1.62172996997833
eth,2001,1.69432997703552
eth,2002,1.78277003765106
eth,2003,1.76397001743317
eth,2004,1.94187998771667
eth,2005,2.08195996284485
eth,2006,2.50200009346008
eth,2007,2.85719990730286
eth,2008,3.38921999931335
eth,2009,3.72669005393982
eth,2010,4.33056020736694
eth,2011,4.83908987045288
eth,2012,18.0804500579833
eth,2014,25.9293994903564
eth,2015,31.1710605621338
euu,1970,58.0597305297852
euu,1971,58.5020713806152
euu,1972,59.2114601135254
euu,1973,61.2173194885254
euu,1974,62.8880195617676
euu,1975,64.5182723999023
euu,1976,65.4517517089844
euu,1977,66.5789413452148
euu,1978,67.3992462158203
euu,1979,68.3022232055664
euu,1980,69.4005813598633
euu,1981,70.2715911865234
euu,1982,70.5065536499023
euu,1983,71.0414962768555
euu,1984,71.6605224609375
euu,1985,72.5470962524414
euu,1986,73.3459625244141
euu,1987,73.276008605957
euu,1988,73.5138931274414
euu,1989,73.7714080810547
euu,1990,74.5475692749023
euu,1991,74.6216888427734
euu,1992,73.8918533325195
euu,1993,74.9011993408203
euu,1994,75.9057235717773
euu,1995,76.8843307495117
euu,1996,79.2117462158203
euu,1997,80.7853698730469
euu,1998,82.0839004516602
euu,1999,84.2207565307617
euu,2000,85.5598220825195
euu,2001,87.2208099365234
euu,2002,87.9758377075195
euu,2003,88.6821899414063
euu,2004,87.5499267578125
euu,2005,90.646110534668
euu,2006,92.8147430419922
euu,2007,93.1021728515625
euu,2008,93.9978485107422
euu,2009,94.389030456543
euu,2010,95.3386383056641
euu,2011,96.4714279174805
euu,2012,96.754508972168
euu,2013,96.1007766723633
euu,2014,96.8764801025391
fin,1971,16.5203800201416
fin,1973,23.3632202148438
fin,1974,28.6764106750488
fin,1975,32.5557403564453
fin,1993,35.7423706054688
fin,1994,36.8715209960938
fin,1995,38.4567909240723
fin,1996,41.6543884277344
fin,1997,45.1613388061523
fin,1998,46.1220703125
fin,1999,47.6420783996582
fin,2000,48.7101898193359
fin,2001,53.6953506469727
fin,2002,56.0697288513184
fin,2003,57.2543716430664
fin,2004,59.8885307312012
fin,2005,60.285041809082
fin,2006,62.1511306762695
fin,2007,63.8413314819336
fin,2008,65.0044021606445
fin,2009,66.3549575805664
fin,2010,68.1399917602539
fin,2011,69.6310882568359
fin,2012,70.4794082641602
fin,2013,81.0687408447266
fin,2014,80.1296768188477
fin,2015,79.4570236206055
fji,1974,7.35818004608154
fji,1975,7.54717016220093
fji,1977,8.00722980499268
fji,1978,7.53641986846924
fji,1979,8.25681018829346
fji,1980,8.93428039550781
fji,1981,8.40629005432129
fji,1983,9.09881973266602
fji,1990,12.1813201904297
fji,1992,14.181830406189
fji,1994,11.4169502258301
fji,1995,13.2442598342896
fji,1996,14.6015195846558
fji,1997,14.3550901412964
fji,1998,13.4771604537964
fji,1999,15.3141098022461
fji,2000,10.7983503341675
fji,2001,12.1727895736694
fji,2004,16.176139831543
fji,2006,16.817850112915
fji,2009,17.2467193603516
fra,1971,86.0145721435547
fra,1972,90.0457305908203
fra,1973,96.4114608764648
fra,1974,98.3727264404297
fra,1975,104.246856689453
fra,1976,103.998199462891
fra,1977,105.130882263184
fra,1978,104.126243591309
fra,1979,101.822601318359
fra,1980,100.406150817871
fra,1981,101.330039978027
fra,1982,104.451332092285
fra,1983,110.174041748047
fra,1984,116.529151916504
fra,1985,119.354988098145
fra,1986,120.673606872559
fra,1987,116.195281982422
fra,1988,111.145027160645
fra,1989,106.895668029785
fra,1990,108.370788574219
fra,1991,109.30786895752
fra,1992,110.008666992188
fra,1993,111.006393432617
fra,1994,112.836891174316
fra,1995,112.652389526367
fra,1996,112.209953308105
fra,1997,111.189002990723
fra,1998,110.234710693359
fra,1999,110.809310913086
fra,2000,112.188430786133
fra,2001,113.29541015625
fra,2002,112.640571594238
fra,2003,111.705711364746
fra,2004,111.642677307129
fra,2005,116.716400146484
fra,2006,116.146293640137
fra,2007,113.273101806641
fra,2008,111.077972412109
fra,2009,109.41268157959
fra,2010,108.794593811035
fra,2011,108.710670471191
fra,2012,108.399589538574
fra,2013,107.915870666504
fra,2014,108.91455078125
fsm,1971,10.7885799407959
fsm,1975,15.9151201248169
fsm,1976,14.1484699249268
fsm,2015,34.3388786315917
gab,1992,1.02596998214722
gab,2011,36.428050994873
gbr,1976,34.1330604553223
gbr,1983,45.3092498779297
gbr,1984,48.7412910461426
gbr,1985,52.4481582641602
gbr,1986,50.3813896179199
gbr,1987,48.1349487304688
gbr,1988,47.7898216247559
gbr,1989,47.7002906799316
gbr,1990,50.3827285766602
gbr,1991,51.8238906860352
gbr,1992,52.7383613586426
gbr,1998,75.7832565307617
gbr,1999,76.9867782592773
gbr,2000,79.8434677124023
gbr,2001,81.3489532470703
gbr,2002,82.208396911621
gbr,2003,76.7619781494141
gbr,2004,59.2532691955566
gbr,2005,70.0879516601563
gbr,2006,71.0648803710938
gbr,2007,72.1858901977539
gbr,2008,79.7913208007813
gbr,2009,80.2719116210938
gbr,2010,81.0238189697266
gbr,2011,85.4212188720703
gbr,2012,83.3576202392578
gbr,2013,79.8577728271484
gbr,2014,88.3554763793945
geo,1998,31.5659294128418
geo,1999,35.8378295898438
geo,2000,38.0522003173828
geo,2002,42.231689453125
geo,2003,44.8291206359863
geo,2004,48.1147003173828
geo,2005,52.0793609619141
geo,2006,60.2295303344727
geo,2007,54.8853912353516
gha,1971,3.19495010375977
gha,1973,3.97400999069214
gha,1978,19.9829692840576
gha,1979,21.828800201416
gha,1980,25.91455078125
gha,1981,23.9970798492432
gha,1982,21.1237907409668
gha,1984,20.9474697113037
gha,1987,27.5570697784424
gha,1988,32.8239212036133
gha,1989,32.3500518798828
gha,1990,36.7762184143066
gha,1999,46.9354515075684
gha,2000,61.6196594238281
gha,2001,58.7001304626465
gha,2002,62.7817687988281
gha,2003,67.882682800293
gha,2004,71.1111068725585
gha,2005,62.6008682250977
gha,2006,82.9346008300781
gha,2007,89.6562118530273
gha,2008,99.7426071166992
gha,2009,119.232330322266
gha,2011,110.27433013916
gha,2012,111.574508666992
gha,2013,113.331901550293
gha,2014,113.720748901367
gha,2015,119.22981262207
gha,2016,116.985549926758
gin,1994,1.68860995769501
gin,1996,3.12309002876282
gin,1997,3.26844000816345
gin,2004,7.89693021774291
gin,2005,8.73668956756592
gin,2006,8.98635959625244
gin,2007,9.43537998199463
gin,2008,10.4805698394775
gin,2009,11.510760307312
gin,2010,12.4855499267578
gin,2011,15.4536695480347
gmb,1998,19.6449394226074
gmb,1999,19.5527496337891
gmb,2003,16.5181007385254
gmb,2007,20.9543991088867
gmb,2009,28.0078506469727
gmb,2010,28.7139205932617
gmb,2013,30.2248497009277
gmb,2014,37.4170608520508
gmb,2015,37.048770904541
gnb,1971,0.192739993333817
gnb,1980,0.573019981384277
gnb,1981,0.626020014286041
gnb,1982,0.660839974880219
gnb,1983,2.5280499458313
gnb,2000,3.41044998168945
gnb,2010,6.30540990829468
gnq,1999,26.0133094787598
gnq,2000,25.5248699188232
gnq,2001,25.2948608398438
gnq,2005,38.6052093505859
gnq,2008,60.2109909057617
gnq,2011,69.5639266967773
gnq,2012,67.5865631103516
gnq,2015,57.5541915893555
grc,1971,30.9219799041748
grc,1972,31.7510795593262
grc,1973,34.2490005493164
grc,1974,35.5869216918945
grc,1975,35.4561386108398
grc,1976,35.8545799255371
grc,1977,39.9451713562012
grc,1978,44.2922897338867
grc,1979,49.8923988342285
grc,1980,53.0735893249512
grc,1981,53.645320892334
grc,1982,54.9519004821777
grc,1983,54.418701171875
grc,1984,55.442928314209
grc,1985,56.087100982666
grc,1986,56.1509208679199
grc,1987,55.1633796691895
grc,1988,56.5216789245605
grc,1989,55.8028182983398
grc,1990,55.8033714294434
grc,1991,56.6608085632324
grc,1992,57.4020805358887
grc,1993,58.7341384887695
grc,1994,59.8267288208008
grc,1995,60.88671875
grc,1996,60.5578689575195
grc,1997,62.8876495361328
grc,1998,66.0342864990234
grc,1999,66.5884475708008
grc,2000,68.7559661865234
grc,2001,68.8080215454102
grc,2002,66.9555511474609
grc,2003,66.6685104370117
grc,2004,66.2216186523438
grc,2005,67.1500930786133
grc,2006,67.9548416137695
grc,2007,67.7581405639648
grc,2010,74.4147491455078
grc,2011,76.8654022216797
grc,2012,76.2964096069335
grc,2013,51.022029876709
grc,2014,49.2988586425781
grd,1971,31.4146308898926
grd,1972,46.3741798400879
grd,1977,50.0209503173828
grd,1978,52.6967582702637
grd,1984,54.9307594299316
grd,1987,59.3761291503906
grd,1988,60.7977981567383
grd,1994,62.9834289550781
grd,1995,69.7077713012695
grd,1996,64.6688919067383
grd,1997,70.0513610839844
grd,1998,68.195457458496
grd,1999,72.1783599853516
grd,2001,88.3765563964844
grd,2002,73.1660232543945
grd,2003,81.5953903198242
grd,2004,78.198371887207
grd,2005,82.1999969482422
grd,2007,90.3513412475585
grd,2008,102.630172729492
grd,2009,99.5084686279297
grd,2010,95.0890426635742
grd,2013,95.3628997802734
grd,2014,94.1580810546875
grd,2015,88.8067092895508
gtm,1985,26.5287208557129
gtm,1986,25.1554298400879
gtm,1991,24.939489364624
gtm,1992,32.7024307250977
gtm,1993,32.7973709106445
gtm,1994,33.5967292785645
gtm,1995,34.5898704528809
gtm,1996,35.2571716308594
gtm,1998,37.4415512084961
gtm,1999,45.6344184875488
gtm,2000,50.5113983154297
gtm,2001,54.423511505127
gtm,2002,54.2118110656738
gtm,2004,56.7400588989258
gtm,2005,57.5495910644531
gtm,2006,58.5701789855957
gtm,2007,58.6605186462402
gtm,2008,61.0028686523438
gtm,2009,73.4806289672852
gtm,2010,69.0651473999023
gtm,2011,67.424072265625
gtm,2012,62.8371200561523
gtm,2013,42.4485893249512
gtm,2014,43.2628593444824
gtm,2015,44.4982604980469
guy,1977,55.4746398925781
guy,1978,55.6305198669434
guy,1979,56.389331817627
guy,1980,57.1325798034667
guy,1981,60.7136611938477
guy,1982,66.1311721801758
guy,1983,68.6069717407227
guy,1985,70.0034484863281
guy,1986,66.6614227294922
guy,1987,69.1957321166992
guy,1988,72.5619735717773
guy,1991,91.1476974487305
guy,1992,86.7683029174805
guy,1993,92.1267471313477
guy,1994,86.686882019043
guy,1995,84.2852401733398
guy,1996,84.1240921020508
guy,1997,89.0709075927734
guy,1999,105.489822387695
guy,2000,102.119102478027
guy,2001,93.8750228881835
guy,2003,84.8134231567383
guy,2005,83.2315979003906
guy,2007,76.3409881591797
guy,2008,76.3295135498047
guy,2009,77.2866287231445
guy,2010,77.834861755371
guy,2011,85.875602722168
guy,2012,95.3549270629883
hic,1970,46.9362983703613
hic,1971,47.1125297546387
hic,1972,47.594181060791
hic,1973,49.7043113708496
hic,1974,51.950309753418
hic,1975,54.3535614013672
hic,1976,56.097038269043
hic,1977,56.1965599060059
hic,1978,55.726390838623
hic,1979,55.9318618774414
hic,1980,56.59375
hic,1981,58.0716209411621
hic,1982,58.7915000915527
hic,1983,59.7220001220703
hic,1984,61.1869888305664
hic,1985,62.0836906433105
hic,1986,63.8106803894042
hic,1987,64.5746765136719
hic,1988,65.0571365356445
hic,1989,64.1278228759766
hic,1990,65.1321411132813
hic,1991,66.7266464233398
hic,1992,67.3848266601563
hic,1993,68.7875671386719
hic,1994,70.1987991333008
hic,1995,71.3310699462891
hic,1996,72.4822616577148
hic,1997,70.8645477294922
hic,1998,71.3109893798828
hic,1999,72.578727722168
hic,2000,72.5796279907227
hic,2001,74.5234603881835
hic,2002,75.415901184082
hic,2003,75.254508972168
hic,2004,76.11181640625
hic,2005,79.8844375610352
hic,2006,80.622459411621
hic,2007,80.6557006835938
hic,2008,80.8611831665039
hic,2009,80.8583831787109
hic,2010,81.3098373413085
hic,2011,82.5679016113281
hic,2012,83.5081481933594
hic,2013,82.0824890136719
hic,2014,82.7098770141602
hic,2015,82.8046875
hkg,1971,48.2536201477051
hkg,1972,51.9913787841797
hkg,1973,57.2474899291992
hkg,1974,60.993350982666
hkg,1975,65.3631286621094
hkg,1976,69.6693115234375
hkg,1977,74.0002136230469
hkg,1978,77.0783767700195
hkg,1979,79.1427536010742
hkg,1980,76.9348526000977
hkg,1981,79.014762878418
hkg,1982,80.2707901000977
hkg,1983,82.4019317626953
hkg,1984,85.3191299438477
hkg,1985,91.5691986083984
hkg,1986,92.2593231201172
hkg,1987,91.3651809692383
hkg,1988,87.3720321655273
hkg,1995,81.3354187011719
hkg,1996,81.5561828613281
hkg,1998,75.7051620483398
hkg,2002,86.904670715332
hkg,2003,86.6279678344727
hkg,2004,89.1650695800781
hkg,2005,92.7479629516602
hkg,2006,99.1216125488281
hkg,2007,99.7106399536133
hkg,2008,102.777221679688
hkg,2009,107.069000244141
hkg,2010,107.655250549316
hkg,2011,110.35871887207
hnd,1970,3.4410400390625
hnd,1971,3.48945999145508
hnd,1972,3.83088994026184
hnd,1973,4.06825017929077
hnd,1974,4.12019014358521
hnd,1975,5.05434989929199
hnd,1976,5.92481994628906
hnd,1977,7.1208701133728
hnd,1978,8.79605007171631
hnd,1979,7.99115991592407
hnd,1980,10.6804599761963
hnd,1981,10.4770698547363
hnd,1982,10.1768999099731
hnd,1983,11.3296804428101
hnd,1984,10.6657400131226
hnd,1986,11.9365301132202
hnd,1990,11.6002998352051
hnd,1991,12.1296701431274
hnd,1992,12.6198701858521
hnd,1993,12.9490699768066
hnd,1994,13.3967599868774
hnd,1995,13.7005596160889
hnd,1996,14.9007396697998
hnd,1997,15.6541996002197
hnd,1998,12.4207201004028
hnd,1999,16.5296497344971
hnd,2000,21.0712795257568
hnd,2003,32.4261093139648
hnd,2004,32.9941902160645
hnd,2005,33.2330513000488
hnd,2006,37.0537796020508
hnd,2007,38.4210891723633
hnd,2008,41.4566192626953
hnd,2009,42.5098991394042
hnd,2010,46.1376113891602
hnd,2011,47.3730888366699
hnd,2012,46.4875183105469
hnd,2013,46.1181983947754
hnd,2014,46.5810203552246
hnd,2015,45.0852584838867
hpc,1972,5.46417999267578
hpc,1973,5.4099497795105
hpc,1974,5.51651000976563
hpc,1975,5.74676990509033
hpc,1976,5.85858011245728
hpc,1977,6.03258991241455
hpc,1978,6.21177005767822
hpc,1979,6.40219020843506
hpc,1980,6.57588005065918
hpc,1981,6.59852981567383
hpc,1982,6.61023998260498
hpc,1983,6.59713983535767
hpc,1984,6.6907000541687
hpc,1985,6.74261999130249
hpc,1986,6.83859014511108
hpc,1987,7.14092016220093
hpc,1988,7.28274011611938
hpc,1989,7.23309993743896
hpc,1990,7.38157987594604
hpc,1991,7.42065000534058
hpc,1992,7.38380002975464
hpc,1993,7.46048021316528
hpc,1994,7.42906999588013
hpc,1995,7.50020980834961
hpc,1996,7.65291023254395
hpc,1997,7.7742600440979
hpc,1998,8.5997896194458
hpc,1999,8.40406036376953
hpc,2000,8.76387977600098
hpc,2001,8.79821968078613
hpc,2002,9.09603977203369
hpc,2003,9.43527984619141
hpc,2004,9.84762001037598
hpc,2005,10.4731397628784
hpc,2006,11.3596096038818
hpc,2007,11.9871501922607
hpc,2008,13.0716600418091
hpc,2009,13.8889102935791
hpc,2010,13.9060096740723
hpc,2011,14.5930595397949
hpc,2012,16.9717102050781
hpc,2013,17.3465595245361
hpc,2014,17.9514694213867
hrv,1981,23.9428596496582
hrv,1983,25.7844390869141
hrv,1985,27.2472801208496
hrv,1986,27.2366695404053
hrv,1987,27.9078006744385
hrv,1988,28.6217098236083
hrv,1989,29.2267608642578
hrv,1990,28.86549949646
hrv,1991,28.1023807525635
hrv,1995,36.7844886779785
hrv,1996,38.316478729248
hrv,1997,40.6667900085449
hrv,1998,43.7369194030762
hrv,1999,43.3311004638672
hrv,2000,45.9914207458496
hrv,2001,46.2757415771484
hrv,2002,47.8245391845703
hrv,2003,46.4931106567383
hrv,2004,46.52587890625
hrv,2005,46.8204307556152
hrv,2006,47.9931297302246
hrv,2007,51.1532707214355
hrv,2008,55.5081481933594
hrv,2009,59.9961585998535
hrv,2010,62.2067108154297
hrv,2011,64.1893463134766
hrv,2012,63.4032402038574
hrv,2013,62.3259315490723
hrv,2014,62.173828125
hrv,2015,63.8949890136719
hun,1971,46.4388389587402
hun,1972,48.112621307373
hun,1973,49.2112808227539
hun,1974,51.0035591125488
hun,1975,52.6657218933105
hun,1976,54.1874084472656
hun,1977,57.0397300720215
hun,1978,62.4685707092285
hun,1979,67.6569900512695
hun,1980,71.8813400268555
hun,1981,73.426170349121
hun,1982,71.0643005371094
hun,1983,67.4512710571289
hun,1984,64.589500427246
hun,1985,64.2787322998047
hun,1986,64.4070587158203
hun,1987,67.2349090576172
hun,1988,74.0194473266602
hun,1989,83.0843505859375
hun,1990,85.89208984375
hun,1991,89.1056671142578
hun,1992,87.8906326293945
hun,1994,80.5100936889648
hun,1995,80.7694702148438
hun,1996,81.196418762207
hun,1997,80.7339630126953
hun,1998,80.1497573852539
hun,1999,80.3600387573242
hun,2000,80.2331695556641
hun,2001,79.6486587524414
hun,2002,80.7770462036133
hun,2003,82.5576400756835
hun,2004,85.5769195556641
hun,2005,87.137580871582
hun,2006,88.7047576904297
hun,2007,88.8961715698242
hun,2008,86.698356628418
hun,2009,85.5115280151367
hun,2010,85.8509674072266
hun,2011,87.6287384033203
hun,2012,87.9145126342773
hun,2013,87.2427368164063
hun,2014,84.696159362793
hun,2015,80.437156677246
idn,1971,5.81597995758057
idn,1972,5.19540023803711
idn,1973,5.33520984649658
idn,1974,4.84990978240967
idn,1975,5.96037006378174
idn,1977,6.52278995513916
idn,1979,8.24892997741699
idn,1995,18.1101703643799
idn,1996,18.3110008239746
idn,1999,22.7380104064941
idn,2000,23.6980094909668
idn,2001,24.0368595123291
idn,2002,24.0852794647217
idn,2003,24.9682006835938
idn,2004,25.8534507751465
idn,2005,30.9778709411621
idn,2006,34.0165596008301
idn,2007,39.8447799682617
idn,2008,42.6765899658203
idn,2009,44.0913391113281
idn,2010,40.386661529541
idn,2011,41.652889251709
idn,2012,49.0324401855469
idn,2013,53.4859886169434
idn,2014,57.2347183227539
ind,1971,1.15676999092102
ind,1972,1.35878002643585
ind,1973,1.44910001754761
ind,1975,1.62509000301361
ind,1976,1.74459004402161
ind,1977,2.01476001739502
ind,1978,2.02436995506287
ind,1981,2.52612996101379
ind,1982,2.24515008926392
ind,1983,2.72258996963501
ind,1984,2.56922006607056
ind,1985,2.67899990081787
ind,1986,3.08950996398926
ind,1987,3.10213994979858
ind,1988,3.35864996910095
ind,1989,3.29294991493225
ind,1990,3.04979991912842
ind,1991,3.39258003234863
ind,1992,3.244460105896
ind,1993,3.27597999572754
ind,1994,4.24406003952026
ind,1995,4.5076699256897
ind,1996,4.58982992172241
ind,1997,4.9807300567627
ind,2001,3.6670401096344
ind,2002,6.26134014129639
ind,2003,7.1743597984314
ind,2004,6.58539009094238
ind,2005,6.18833017349243
ind,2006,6.81686019897461
ind,2007,7.05352020263672
ind,2008,8.63158988952637
ind,2009,7.50699996948242
ind,2010,7.22309017181396
ind,2011,7.82075977325439
ind,2012,8.04555988311768
ind,2013,10.0033302307129
ind,2014,12.0997104644775
ind,2015,12.5787897109985
irl,1971,103.630920410156
irl,1972,106.409301757813
irl,1973,108.835632324219
irl,1974,110.871612548828
irl,1975,107.436447143555
irl,1976,107.852981567383
irl,1977,107.467948913574
irl,1978,101.932266235352
irl,1979,95.7070770263672
irl,1980,91.633689880371
irl,1981,92.4227981567383
irl,1982,94.1086807250977
irl,1983,96.4868621826172
irl,1984,100.656173706055
irl,1985,103.468841552734
irl,1986,104.756088256836
irl,1987,104.221641540527
irl,1988,103.076118469238
irl,1989,100.616996765137
irl,1990,98.9705429077148
irl,1991,100.520919799805
irl,1992,103.404350280762
irl,1993,106.67147064209
irl,1994,107.408447265625
irl,1995,108.532409667969
irl,1996,113.0078125
irl,1997,114.308517456055
irl,2012,101.125663757324
irl,2013,106.530540466309
irl,2014,105.09423828125
irl,2015,94.9750137329102
irn,1971,2.35218000411987
irn,1972,2.54203009605408
irn,1973,2.48907995223999
irn,1974,4.64097023010254
irn,1975,9.78143978118896
irn,1976,18.9011001586914
irn,1977,22.0391502380371
irn,1978,23.7224006652832
irn,1982,16.3871994018555
irn,1983,13.8543300628662
irn,1984,14.475079536438
irn,1985,5.59475994110107
irn,1986,7.20876979827881
irn,1987,7.81498003005981
irn,1988,8.81124019622803
irn,1989,10.0973501205444
irn,1990,12.0570001602173
irn,1991,12.4828596115112
irn,1992,13.7461099624634
irn,1993,9.12742042541504
irn,1994,7.32964992523193
irn,1995,8.0485496520996
irn,1997,11.6855897903442
irn,1998,16.2590503692627
irn,1999,14.287540435791
irn,2000,17.0499591827393
irn,2001,20.1382007598877
irn,2002,24.1132297515869
irn,2003,31.0999794006348
irn,2004,35.663200378418
irn,2005,43.2310218811035
irn,2006,50.4175491333008
irn,2007,51.4684181213379
irn,2008,54.3753204345703
irn,2009,41.2186317443848
irn,2010,40.3760604858398
irn,2011,40.0619506835938
irn,2012,35.0698699951172
irn,2013,38.2897796630859
irn,2014,42.9412117004395
irn,2015,51.3723106384277
irq,1971,2.32181000709534
irq,1972,2.23176002502441
irq,1973,2.33864998817444
irq,1974,2.3962800502777
irq,1975,4.54803991317749
irq,1976,5.6257700920105
irq,1977,6.36928987503052
irq,1978,6.78803014755249
irq,1979,7.99764013290405
irq,1980,8.26665019989014
irq,1981,8.626540184021
irq,1982,8.86188030242919
irq,1983,8.43953990936279
irq,1984,7.91053009033203
irq,1985,8.16792964935303
irq,1986,8.1861400604248
irq,1987,7.89764976501465
irq,1988,7.2797999382019
irq,1989,8.03958034515381
irq,1991,7.85171985626221
irq,1992,6.94919013977051
irq,1993,7.79738998413086
irq,1996,6.74736976623535
irq,1998,5.28103017807007
irq,1999,5.06069993972778
irq,2000,5.19612979888916
irq,2003,3.5393500328064
irq,2004,5.80112981796265
irq,2007,6.59551000595093
isl,1983,101.671310424805
isl,1984,95.002342224121
isl,1986,108.722297668457
isl,1987,109.736587524414
isl,1988,106.694763183594
isl,1989,107.488372802734
isl,1998,87.3706893920898
isl,1999,87.1463088989258
isl,2000,87.2938537597656
isl,2001,89.0627288818359
isl,2002,91.5469970703125
isl,2003,91.7339019775391
isl,2004,96.0269012451172
isl,2005,96.0799713134766
isl,2006,95.9293212890625
isl,2007,95.648078918457
isl,2008,96.96875
isl,2009,97.2294464111328
isl,2010,98.074607849121
isl,2011,97.9878692626953
isl,2012,98.2904815673828
isl,2013,97.2987976074219
isr,1973,46.1233291625977
isr,1974,47.5873908996582
isr,1975,63.1897392272949
isr,1976,64.8339080810547
isr,1977,60.4558486938477
isr,1978,58.0696487426758
isr,1981,75.1881408691406
isr,1984,77.8582534790039
isr,1999,89.4314880371094
isr,2000,88.2095413208008
isr,2001,93.5732727050781
isr,2002,95.5987396240234
isr,2003,100.381126403809
isr,2004,93.8763580322266
isr,2005,93.8337326049805
isr,2006,92.006477355957
isr,2007,99.8611297607422
isr,2008,99.0305480957031
isr,2009,102.97688293457
isr,2010,98.1287231445313
isr,2011,104.174209594727
isr,2012,102.007026672363
isr,2013,113.069221496582
isr,2014,110.696517944336
isr,2015,111.156799316406
ita,1971,56.580020904541
ita,1972,58.2894515991211
ita,1973,61.7877502441406
ita,1974,64.3935394287109
ita,1975,66.1098175048828
ita,1976,69.0406265258789
ita,1977,71.3068237304688
ita,1978,73.4689102172852
ita,1979,75.9455795288085
ita,1980,77.7910308837891
ita,1981,79.254150390625
ita,1982,79.7330093383789
ita,1983,81.6259002685547
ita,1984,82.6951370239258
ita,1985,83.410057067871
ita,1986,87.830207824707
ita,1987,87.9384689331055
ita,1988,87.3197708129883
ita,1989,86.8255615234375
ita,1990,89.6963806152344
ita,1991,90.5507278442383
ita,1992,91.2299270629883
ita,1993,92.6315994262695
ita,1994,93.4485092163085
ita,1995,95.7117004394531
ita,1996,97.0244064331055
ita,1997,96.983772277832
ita,1998,98.6356506347656
ita,1999,97.6093902587891
ita,2000,97.4057998657227
ita,2001,98.5602569580078
ita,2002,100.366790771484
ita,2003,102.612106323242
ita,2004,103.995651245117
ita,2005,104.203971862793
ita,2006,103.651779174805
ita,2007,101.700981140137
ita,2008,100.510429382324
ita,2009,99.4061279296875
ita,2010,100.862022399902
ita,2011,101.251922607422
ita,2012,101.342193603516
ita,2013,100.779151916504
ita,2014,100.141876220703
ita,2015,99.8580093383789
jam,1975,49.7531394958496
jam,1976,62.5084190368652
jam,1977,67.6063995361328
jam,1979,74.2075500488281
jam,1980,72.3499603271484
jam,1981,66.4707870483398
jam,1987,68.911506652832
jam,1990,75.1929779052734
jam,1991,74.2796173095703
jam,1995,76.4191207885742
jam,1996,78.0811767578125
jam,1999,76.2598571777344
jam,2000,81.0420379638672
jam,2001,77.1736221313477
jam,2002,80.2416305541992
jam,2003,78.794807434082
jam,2004,89.2572174072266
jam,2005,91.5211868286133
jam,2007,89.3059768676758
jam,2008,87.3093872070313
jam,2009,92.4634017944335
jam,2013,110.387832641602
jam,2014,90.237548828125
jam,2015,96.3587493896484
jor,1971,10.5181999206543
jor,1972,12.5869197845459
jor,1973,12.6008596420288
jor,1974,12.3113203048706
jor,1975,12.6817798614502
jor,1976,12.1187000274658
jor,1977,10.6703100204468
jor,1978,10.2931699752808
jor,1979,10.4377498626709
jor,1980,11.0870504379272
jor,1981,13.0144500732422
jor,1982,13.5538196563721
jor,1983,14.4956703186035
jor,1984,15.3697900772095
jor,1985,16.2836303710938
jor,1986,16.4891109466553
jor,1987,18.2763595581055
jor,1988,18.2861099243164
jor,1989,19.4440307617188
jor,1990,20.6329708099365
jor,1991,20.9576206207275
jor,1992,22.9734191894531
jor,1993,24.2943096160889
jor,1994,25.9725799560547
jor,1995,26.9022598266602
jor,1996,28.64035987854
jor,1997,30.5170402526855
jor,1998,29.4709300994873
jor,1999,30.6395301818848
jor,2000,32.4276008605957
jor,2002,34.1495704650879
jor,2003,33.317798614502
jor,2004,33.0904693603516
jor,2005,34.337028503418
jor,2006,34.7102699279785
jor,2007,32.9781112670898
jor,2008,36.0632514953613
jor,2010,31.8303909301758
jor,2011,31.9493503570557
jor,2012,32.9349403381348
jor,2013,32.5646705627441
jor,2014,33.1626396179199
jor,2015,32.8310508728027
jpn,1971,32.5333518981934
jpn,1972,32.8050003051758
jpn,1973,34.7727203369141
jpn,1974,39.2141609191895
jpn,1975,40.1192283630371
jpn,1976,40.4525299072266
jpn,1977,40.5935211181641
jpn,1978,40.8925704956055
jpn,1979,40.9118118286133
jpn,1980,41.4868698120117
jpn,1981,41.1027984619141
jpn,1982,41.3331489562988
jpn,1983,43.1518096923828
jpn,1984,45.7264785766602
jpn,1985,45.6397018432617
jpn,1986,45.5732116699219
jpn,1987,45.1596412658691
jpn,1988,45.4162712097167
jpn,1989,46.2611312866211
jpn,1990,47.7079010009766
jpn,1991,48.3544006347656
jpn,1992,49.0478782653809
jpn,1993,49.739200592041
jpn,1994,50.0506401062012
jpn,1995,49.3020210266113
jpn,1996,48.8216094970703
jpn,1997,49.1907196044922
jpn,1998,81.3064498901367
jpn,1999,82.6370010375977
kaz,1990,84.7737274169922
kaz,1991,78.6891174316406
kaz,1992,76.9588928222656
kaz,1993,64.2329864501953
kaz,1994,54.5807304382324
kaz,1995,40.1974792480469
kaz,1996,30.1438598632813
kaz,1997,26.2938995361328
kaz,1998,15.2067499160767
kaz,1999,15.1845703125
kaz,2000,21.0342197418213
kaz,2001,27.023380279541
kaz,2002,27.2540893554688
kaz,2003,29.3912906646729
kaz,2004,30.4849605560303
kaz,2005,32.6462097167969
kaz,2006,33.8824005126953
kaz,2007,36.497428894043
kaz,2008,37.9498901367188
kaz,2009,38.2421417236328
kaz,2011,48.2884483337402
kaz,2012,53.6262016296387
kaz,2013,57.3187217712402
kaz,2014,57.2591400146484
kaz,2015,57.2925186157227
kaz,2016,59.313060760498
ken,1983,26.0581493377686
ken,1985,26.5461902618408
ken,1986,29.987850189209
ken,1987,27.231050491333
ken,1990,31.3648204803467
ken,1993,34.9108695983887
ken,1994,35.6520690917969
ken,1995,37.0664405822754
ken,1996,38.5125885009766
ken,1997,39.4139099121094
ken,1998,40.38037109375
ken,1999,43.065601348877
ken,2000,43.3740386962891
ken,2001,43.2017097473145
ken,2002,53.4069595336914
ken,2003,52.1462707519531
ken,2004,51.6694984436035
ken,2005,50.6892395019531
ken,2006,51.0792808532715
ken,2007,49.908748626709
ken,2008,48.8327903747559
ken,2009,52.0554389953613
ken,2012,60.2683181762695
ken,2014,74.8860778808594
ken,2015,76.7999801635742
kgz,1986,29.923490524292
kgz,1989,32.3545684814453
kgz,1990,33.5431900024414
kgz,1991,33.1513900756836
kgz,1992,31.2602596282958
kgz,1993,24.7537002563477
kgz,1994,15.1066799163818
kgz,1995,10.2161798477173
kgz,1999,11.209620475769
kgz,2000,9.87446022033691
kgz,2001,10.327449798584
kgz,2002,10.4203701019287
kgz,2003,11.0756902694702
kgz,2004,11.832799911499
kgz,2005,13.1757202148438
kgz,2006,14.6142301559448
kgz,2007,15.7489795684814
kgz,2008,17.0804996490479
kgz,2009,18.2800598144531
kgz,2010,18.4453792572021
kgz,2011,20.1581192016602
kgz,2012,23.7496204376221
kgz,2013,26.0365600585938
kgz,2014,25.3133506774902
kgz,2015,27.5400905609131
khm,1991,4.87800979614258
khm,1994,5.0045599937439
khm,1995,4.63522005081177
khm,1997,4.18126010894775
khm,1998,4.37639999389648
khm,1999,5.19927978515625
khm,2000,6.20620012283325
khm,2001,7.62286996841431
khm,2002,8.81373023986816
khm,2003,8.72395038604736
khm,2004,10.2718000411987
khm,2005,10.0718097686768
khm,2006,11.0502004623413
khm,2007,12.0955295562744
khm,2008,12.9105796813965
khm,2010,12.3730697631836
khm,2011,12.2586603164673
khm,2012,14.2248096466064
khm,2013,14.3117399215698
khm,2014,17.6434803009033
khm,2015,17.3822994232178
kna,1985,56.9607810974121
kna,1986,75.6461181640625
kna,1989,79.6938781738281
kna,1990,77.950309753418
kna,1991,73.5966720581055
kna,1992,90.220817565918
kna,1993,101.800849914551
kna,1994,101.165252685547
kna,1995,99.6868515014648
kna,1996,124.301963806152
kna,1997,129.864715576172
kna,2002,114.669418334961
kna,2004,95.6167221069335
kna,2005,93.844596862793
kna,2007,89.8876419067383
kna,2008,83.0897674560547
kna,2009,87.539939880371
kna,2010,91.8861999511719
kna,2011,88.142707824707
kna,2013,84.3137283325195
kna,2014,96.5092391967773
kna,2015,90.9465026855469
kor,1971,2.72388005256653
kor,1972,2.72758007049561
kor,1973,2.79460000991821
kor,1974,3.16059994697571
kor,1975,3.45653009414673
kor,1976,3.97131991386414
kor,1977,4.605140209198
kor,1978,5.20169019699097
kor,1979,5.84497976303101
kor,1980,7.13425016403198
kor,1981,8.38661003112792
kor,1982,19.9576206207275
kor,1983,22.702449798584
kor,1984,28.5063095092773
kor,1985,35.2492713928223
kor,1986,43.2472114562988
kor,1987,48.1927299499512
kor,1988,53.3830909729004
kor,1989,53.8210105895996
kor,1990,55.8089714050292
kor,1991,58.5825996398926
kor,1992,62.7260704040527
kor,1993,70.5966110229492
kor,1994,77.0969314575195
kor,1995,84.8345413208008
kor,1996,86.158576965332
kor,2013,91.7764663696289
kor,2014,93.041748046875
kor,2015,93.6528015136719
kwt,1971,40.339298248291
kwt,1972,37.6530990600586
kwt,1973,36.3339004516602
kwt,1974,35.8149909973145
kwt,1975,36.1562805175781
kwt,1976,37.1930389404297
kwt,1977,37.4113311767578
kwt,1978,35.9497909545898
kwt,1979,35.6170082092285
kwt,1980,34.2420310974121
kwt,1981,37.5328598022461
kwt,1982,39.9352188110352
kwt,1983,41.9486618041992
kwt,1984,41.4378814697266
kwt,1985,46.0714302062988
kwt,1986,48.9531288146973
kwt,1987,49.1371994018555
kwt,1988,49.9355697631836
kwt,1989,49.7416687011719
kwt,1990,49.5073318481445
kwt,1991,35.3618087768555
kwt,1992,40.1449203491211
kwt,1993,54.0627593994141
kwt,1994,58.4510498046875
kwt,1995,65.235252380371
kwt,1996,65.3170013427734
kwt,1997,69.0303268432617
kwt,1998,79.1878662109375
kwt,1999,84.9627532958984
kwt,2000,88.5182800292969
kwt,2001,86.9152679443359
kwt,2002,85.1007232666016
kwt,2003,80.1417007446289
kwt,2004,75.8707733154297
kwt,2005,74.6362915039063
kwt,2006,77.5218887329102
kwt,2007,80.7667236328125
kwt,2008,82.2661285400391
kwt,2010,83.3964767456055
kwt,2011,81.5498428344727
lac,1970,7.89391994476318
lac,1971,8.24011039733887
lac,1972,8.67858028411865
lac,1973,9.16765975952148
lac,1974,9.64087009429932
lac,1975,10.6827898025513
lac,1976,12.1379499435425
lac,1977,13.3346395492554
lac,1978,14.2936601638794
lac,1979,15.721830368042
lac,1980,16.8098106384277
lac,1981,19.061939239502
lac,1982,21.8180103302002
lac,1983,24.0522499084473
lac,1984,26.7233200073242
lac,1985,28.4752006530762
lac,1986,30.9414501190186
lac,1987,37.9029083251953
lac,1988,38.3776092529297
lac,1989,38.8482398986816
lac,1990,42.8348083496094
lac,1991,41.0076484680176
lac,1992,43.1565818786621
lac,1993,44.9809684753418
lac,1994,45.8779907226563
lac,1995,47.7372398376465
lac,1996,49.3321685791016
lac,1997,50.4390411376953
lac,1998,51.6371116638184
lac,1999,53.2364692687988
lac,2000,54.4020385742188
lac,2001,55.267650604248
lac,2002,55.6695899963379
lac,2003,56.9040985107422
lac,2004,58.0754203796387
lac,2005,60.1166687011719
lac,2006,62.4022483825684
lac,2007,64.0427322387695
lac,2008,67.8153076171875
lac,2009,68.7317886352539
lac,2010,64.2519989013672
lac,2011,68.1141510009766
lac,2012,69.9167709350586
lac,2013,77.672721862793
lac,2014,71.5458526611328
lao,1972,0.865450024604797
lao,1973,0.465059995651245
lao,1978,0.902459979057312
lao,1979,1.13573002815247
lao,1980,1.41383004188538
lao,1981,1.60706996917725
lao,1982,3.03865003585815
lao,1985,4.27887010574341
lao,1986,6.79406976699829
lao,1988,7.38427019119263
lao,1990,7.04993009567261
lao,1991,7.53689002990723
lao,1992,5.59557008743286
lao,1993,5.76285982131958
lao,1994,6.20143985748291
lao,1995,6.43517017364502
lao,1996,6.94098997116089
lao,1997,7.46930980682373
lao,1998,7.30008983612061
lao,1999,6.96472978591919
lao,2000,7.18048000335693
lao,2001,6.64523983001708
lao,2002,7.22545003890991
lao,2003,7.44532012939453
lao,2004,8.10173988342285
lao,2005,9.0310001373291
lao,2006,9.88391971588135
lao,2007,10.2976398468018
lao,2008,14.1299800872803
lao,2009,17.45871925354
lao,2010,19.5578002929688
lao,2011,20.6714401245117
lao,2012,23.7730197906494
lao,2013,28.1419506072998
lao,2014,31.788610458374
lao,2015,34.6268692016602
lbn,1971,71.063377380371
lbn,1974,68.2676162719727
lbn,1982,58.601318359375
lbn,1983,58.8613014221191
lbn,1985,56.0587005615234
lbn,1989,67.757957458496
lbn,1992,70.5096130371094
lbn,1994,79.8560104370117
lbn,1995,83.5024795532227
lbn,1996,85.4719161987305
lbn,1998,84.8927307128906
lbn,1999,76.5282897949219
lbn,2000,80.9614868164063
lbn,2001,84.0922012329102
lbn,2002,80.2536315917969
lbn,2003,77.8947982788085
lbn,2004,77.2357177734375
lbn,2005,74.9071426391602
lbn,2006,74.9436874389648
lbn,2007,76.8128814697266
lbn,2008,78.3344116210938
lbn,2009,81.7326126098633
lbn,2010,86.8535614013672
lbn,2011,87.074363708496
lbn,2012,85.3042297363281
lbn,2013,86.8983535766602
lbn,2014,97.7391891479492
lbn,2015,79.9042587280273
lbr,1970,57.4327812194824
lbr,1971,61.2817306518555
lbr,1972,65.892822265625
lbr,1975,63.8015518188477
lbr,1976,58.1720199584961
lbr,1978,65.8976821899414
lbr,1979,74.8390274047852
lbr,1980,77.7857818603516
lbr,1998,36.2754898071289
lbr,1999,53.7412986755371
lbr,2000,64.0139236450195
lbr,2014,157.431213378906
lbr,2015,158.81755065918
lby,1971,1.01797997951508
lby,1972,1.89635002613068
lby,1973,2.84138989448547
lby,1974,3.44059991836548
lby,1975,3.65781998634338
lby,1976,4.51133012771606
lby,1977,4.65358018875122
lby,1980,3.70034003257751
lby,1981,4.25714015960693
lby,1983,5.50054979324341
lby,1984,5.47586011886597
lby,1985,6.03652000427246
lby,1986,6.28421020507813
lby,1999,4.70305013656616
lby,2001,7.91613006591797
lby,2002,7.89607000350952
lby,2006,9.99948024749756
lca,2000,62.6865692138672
lca,2001,63.7207908630371
lca,2002,66.1828308105469
lca,2003,61.3810691833496
lca,2004,63.0794715881348
lca,2005,69.5872802734375
lca,2006,65.0258178710938
lca,2007,66.5396575927734
lca,2008,67.2431716918945
lca,2009,65.6325378417969
lca,2010,61.132209777832
lca,2011,60.7192306518555
lca,2012,60.5071182250977
lca,2013,58.0069885253906
lca,2014,62.539680480957
lca,2015,55.6227798461914
lcn,1970,8.2577600479126
lcn,1971,8.62067985534668
lcn,1972,9.08736038208008
lcn,1973,9.56602001190186
lcn,1974,10.1513004302979
lcn,1975,11.228630065918
lcn,1976,12.6731796264648
lcn,1977,13.9131803512573
lcn,1978,14.894700050354
lcn,1979,16.3190994262695
lcn,1980,17.4318809509277
lcn,1981,19.6436500549316
lcn,1982,22.3904800415039
lcn,1983,24.5771598815918
lcn,1984,27.1818695068359
lcn,1985,28.9999008178711
lcn,1986,31.4453392028809
lcn,1987,38.2790412902832
lcn,1988,38.7687911987305
lcn,1989,39.2333717346191
lcn,1990,43.1612281799316
lcn,1991,41.3274803161621
lcn,1992,43.5706405639648
lcn,1993,45.4136085510254
lcn,1994,46.3416290283203
lcn,1995,48.2432518005371
lcn,1996,49.8677597045898
lcn,1997,50.8973007202148
lcn,1998,52.2653312683105
lcn,1999,53.9326095581055
lcn,2000,55.0877304077148
lcn,2001,55.9109306335449
lcn,2002,56.2980194091797
lcn,2003,57.4334716796875
lcn,2004,58.599178314209
lcn,2005,60.6908493041992
lcn,2006,62.9191398620605
lcn,2007,64.5443267822266
lcn,2008,68.2379913330078
lcn,2009,69.1983032226563
lcn,2010,65.2464599609375
lcn,2011,69.144287109375
lcn,2012,70.8820266723633
lcn,2013,78.5126495361328
lcn,2014,72.5753707885742
ldc,1972,5.68039989471436
ldc,1973,5.66237020492554
ldc,1974,6.0646800994873
ldc,1975,6.59290981292725
ldc,1976,7.03694009780884
ldc,1977,7.50383996963501
ldc,1978,7.98824977874756
ldc,1979,8.53022003173828
ldc,1980,8.98108005523682
ldc,1981,9.54981994628906
ldc,1982,9.65460968017578
ldc,1983,10.0587997436523
ldc,1984,10.5294599533081
ldc,1985,10.9841403961182
ldc,1986,11.7357501983643
ldc,1987,12.2850198745728
ldc,1988,12.8463697433472
ldc,1989,12.1564903259277
ldc,1990,11.4516696929932
ldc,1991,10.851110458374
ldc,1992,10.2727098464966
ldc,1993,9.73538970947266
ldc,1994,9.13681030273438
ldc,1995,8.71181964874268
ldc,1996,8.37164974212646
ldc,1997,8.02544021606445
ldc,1998,9.29654026031494
ldc,1999,9.12464046478271
ldc,2000,9.5571403503418
ldc,2001,10.0704498291016
ldc,2002,10.1914396286011
ldc,2003,10.442910194397
ldc,2004,10.9850702285767
ldc,2005,12.0884103775024
ldc,2006,12.7886800765991
ldc,2007,10.9753904342651
ldc,2008,11.98766040802
ldc,2009,12.5470104217529
ldc,2010,12.7694301605225
ldc,2011,14.817850112915
ldc,2012,17.2412300109863
ldc,2013,17.9356307983398
ldc,2014,18.4811000823975
lic,1972,10.1760301589966
lic,1973,10.5114898681641
lic,1974,10.9320297241211
lic,1975,11.4271898269653
lic,1976,11.3847703933716
lic,1977,11.3351402282715
lic,1978,11.181960105896
lic,1979,11.0275402069092
lic,1980,10.6319999694824
lic,1981,10.4216995239258
lic,1982,10.2031803131104
lic,1983,9.8856897354126
lic,1984,9.5671501159668
lic,1985,9.51004981994629
lic,1986,9.62967967987061
lic,1987,10.1892099380493
lic,1988,10.5202198028564
lic,1989,10.7814903259277
lic,1990,10.9074697494507
lic,1991,10.8589601516724
lic,1992,10.7054004669189
lic,1993,10.5341196060181
lic,1994,10.1823196411133
lic,1995,10.1183795928955
lic,1996,10.4451704025269
lic,1997,9.86684036254883
lic,1998,10.5814504623413
lic,1999,10.8364000320435
lic,2000,11.1017303466797
lic,2001,11.1084203720093
lic,2002,11.1457195281982
lic,2003,11.608229637146
lic,2004,11.7605600357056
lic,2005,12.7156000137329
lic,2006,12.9535398483276
lic,2007,13.4197597503662
lic,2008,14.7216997146606
lic,2009,15.1287298202515
lic,2010,15.2071895599365
lic,2011,15.6447896957397
lic,2012,17.7406597137451
lic,2013,19.155029296875
lic,2014,19.8892097473145
lic,2015,20.8674697875977
lie,2003,96.3592224121094
lie,2004,99.2555770874023
lie,2006,103
lie,2007,99.7641525268555
lie,2008,94.0740737915039
lie,2009,96.2666702270508
lie,2010,102.150543212891
lie,2011,96.8421096801758
lie,2012,101.587303161621
lie,2014,108.695648193359
lie,2015,101.860473632813
lka,2010,90.3409576416016
lka,2011,91.2284469604492
lka,2012,95.1446304321289
lka,2013,95.4573516845703
lka,2014,93.8833084106445
lka,2015,93.4495010375977
lmc,1970,13.5550899505615
lmc,1971,13.6149501800537
lmc,1972,13.778920173645
lmc,1973,13.9416103363037
lmc,1974,14.1823196411133
lmc,1975,14.8843698501587
lmc,1976,15.2947101593018
lmc,1977,15.8321399688721
lmc,1978,16.5230598449707
lmc,1979,16.8821296691895
lmc,1980,17.8313694000244
lmc,1981,17.7537097930908
lmc,1982,18.0322608947754
lmc,1983,18.4032592773438
lmc,1984,18.8703498840332
lmc,1985,19.2883892059326
lmc,1986,19.790599822998
lmc,1987,19.9860191345215
lmc,1988,20.7307605743408
lmc,1989,20.5448799133301
lmc,1990,20.2816390991211
lmc,1991,20.3539695739746
lmc,1992,20.0830497741699
lmc,1993,19.7329692840576
lmc,1994,19.9854698181152
lmc,1995,20.0551795959473
lmc,1996,19.9309997558594
lmc,1997,20.1203193664551
lmc,1998,17.1731300354004
lmc,1999,16.5170803070068
lmc,2000,16.349910736084
lmc,2001,15.9891700744629
lmc,2002,16.5771503448486
lmc,2003,17.1583499908447
lmc,2004,17.5835800170898
lmc,2005,18.1999206542969
lmc,2006,20.6185207366943
lmc,2007,21.9426403045654
lmc,2008,23.1903896331787
lmc,2009,23.5370693206787
lmc,2010,23.4984302520752
lmc,2011,25.6237297058105
lmc,2012,27.7651290893555
lmc,2013,30.2424297332764
lmc,2014,31.7520999908447
lmc,2015,32.4550704956055
lmy,1972,10.2386999130249
lmy,1973,10.1877899169922
lmy,1974,10.2385196685791
lmy,1975,10.7034397125244
lmy,1976,12.4954700469971
lmy,1977,16.0521106719971
lmy,1978,14.6347599029541
lmy,1979,14.7929096221924
lmy,1980,15.8275699615479
lmy,1981,17.3126602172852
lmy,1982,17.6076793670654
lmy,1983,18.5410003662109
lmy,1984,19.4353809356689
lmy,1985,20.7180194854736
lmy,1986,22.0555400848389
lmy,1987,23.4351692199707
lmy,1988,24.3450508117676
lmy,1989,24.2629795074463
lmy,1990,24.2206993103027
lmy,1991,23.9451007843018
lmy,1992,24.2841396331787
lmy,1993,24.3633098602295
lmy,1994,24.1543197631836
lmy,1995,24.49169921875
lmy,1996,24.7844505310059
lmy,1997,25.1041793823242
lmy,1998,25.3077201843262
lmy,1999,25.232629776001
lmy,2000,25.3679599761963
lmy,2001,25.2631301879883
lmy,2002,25.1122093200684
lmy,2003,25.9366397857666
lmy,2004,26.6437492370605
lmy,2005,27.6585903167725
lmy,2006,29.6474990844727
lmy,2007,30.3432693481445
lmy,2008,31.6420001983643
lmy,2009,32.124210357666
lmy,2010,32.5053291320801
lmy,2011,34.4146499633789
lmy,2012,36.9237785339355
lmy,2013,38.9266090393066
lmy,2014,39.7460403442383
lso,1998,21.4821395874023
lso,1999,20.2750091552734
lso,2000,19.0927906036377
lso,2001,26.3576393127441
lso,2002,26.9314308166504
lso,2003,26.844030380249
lso,2005,27.7809391021729
lso,2010,34.7955207824707
lso,2011,39.4435691833496
lso,2012,39.5225410461426
lso,2013,35.6530113220215
lso,2014,30.4484596252441
lso,2015,33.3207397460938
ltu,1991,58.218189239502
ltu,1992,48.6027717590332
ltu,1993,40.0262718200684
ltu,1994,30.0679302215576
ltu,1995,33.8316383361816
ltu,1996,38.1454010009766
ltu,1997,41.7733192443848
ltu,1998,47.7727012634277
ltu,1999,51.8972206115723
ltu,2000,54.7294502258301
ltu,2001,54.0786018371582
ltu,2002,57.2720718383789
ltu,2003,61.0661582946777
ltu,2004,63.4985084533691
ltu,2005,66.8742904663085
ltu,2006,72.4679565429688
ltu,2007,73.435791015625
ltu,2008,75.6140213012695
ltu,2009,79.7002868652344
ltu,2010,79.9828186035156
ltu,2011,80.1003570556641
ltu,2012,81.8911895751953
ltu,2013,84.8328323364258
ltu,2014,88.6907196044922
ltu,2015,92.0762786865234
lux,1971,75.5003814697266
lux,1972,81.7969207763672
lux,1973,86.1721115112305
lux,1974,88.8911209106445
lux,1975,88.3282089233398
lux,1976,92.0611572265625
lux,1977,93.9237213134766
lux,1978,81.876953125
lux,1979,82.4031372070313
lux,1980,92.1819534301758
lux,1981,93.7769317626953
lux,1982,94.1787414550781
lux,1983,94.2609100341797
lux,1984,96.9617233276367
lux,1999,71.1164169311523
lux,2001,79.293830871582
lux,2002,83.2644424438477
lux,2003,85.1684875488281
lux,2004,83.5002288818359
lux,2005,86.6233291625977
lux,2006,87.4004135131835
lux,2007,85.9337692260742
lux,2008,87.4333724975585
lux,2010,89.375
lux,2011,88.4929428100585
lux,2012,90.8034515380859
lux,2013,93.3237380981445
lux,2014,94.4217834472656
lva,1981,58.0315399169922
lva,1986,66.9699630737305
lva,1990,55.110179901123
lva,1991,46.5322799682617
lva,1992,37.7946891784667
lva,1993,27.8095397949219
lva,1994,31.2804508209229
lva,1995,38.8767700195313
lva,1996,45.4039688110352
lva,1997,49.030101776123
lva,1998,51.5088081359863
lva,1999,55.2045516967773
lva,2000,58.4050903320313
lva,2001,59.1294593811035
lva,2002,62.691219329834
lva,2003,77.5887985229492
lva,2004,82.8821105957031
lva,2005,88.1974792480469
lva,2006,92.6604690551758
lva,2007,94.3648223876953
lva,2008,91.6645126342773
lva,2009,90.3326187133789
lva,2010,88.6546325683594
lva,2011,90.8571166992188
lva,2012,92.8862228393555
lva,2013,93.2892303466797
lva,2014,91.4979782104492
lva,2015,88.6853103637695
mac,1971,46.239070892334
mac,1972,42.0057411193848
mac,1974,36.7839508056641
mac,1990,94.9702682495117
mac,1991,99.6839599609375
mac,1992,97.8421096801758
mac,1993,93.944709777832
mac,1999,92.4773330688477
mac,2000,91.5371322631835
mac,2001,88.9976119995117
mac,2002,86.8395385742188
mac,2003,85.3253784179688
mac,2004,83.8307800292969
mac,2005,80.1111297607422
mac,2006,75.9611129760742
mac,2007,73.2429122924805
mac,2008,74.7568206787109
mac,2009,77.4983673095703
mac,2010,85.1883010864258
mac,2011,93.6877593994141
mac,2012,96.4336395263672
mac,2013,95.2242736816406
mac,2014,92.7642135620117
mac,2015,91.9691009521484
mar,1975,45.214900970459
mar,1977,55.1999588012695
mar,1978,58.4593505859375
mar,1979,62.494571685791
mar,1981,74.0371322631835
mar,1982,73.3491821289063
mar,1983,74.9821624755859
mar,1984,77.6920776367188
mar,1985,81.6262969970703
mar,1986,77.8566131591797
mar,1987,77.5577774047852
mar,1988,77.3150787353516
mar,1989,78.467918395996
mar,1990,77.0316467285156
mar,1991,79.1782379150391
mar,1992,78.5864868164063
mar,1993,77.6927337646484
mar,1994,79.0643463134766
mar,1995,80.9182281494141
mar,1996,82.7775192260742
mar,1997,83.8602294921875
mar,1998,86.2264175415039
mar,1999,78.7354202270508
mar,2000,77.6020202636719
mar,2001,72.3912734985352
mar,2002,72.1720733642578
mar,2003,68.4514923095703
mar,2004,68.0719299316406
mar,2005,69.3328323364258
mar,2006,70.2301330566406
mar,2007,70.1747512817383
mar,2008,66.3032073974609
mar,2009,70.7527465820313
mar,2010,66.1044616699219
mar,2012,64.7676773071289
mar,2013,62.3786201477051
mar,2014,65.035888671875
mar,2015,62.7409515380859
mda,1981,59.9536590576172
mda,1986,67.9752502441406
mda,1989,73.3415832519531
mda,1990,74.132957458496
mda,1991,74.3520965576172
mda,1992,71.4289016723633
mda,1993,61.9992294311523
mda,1994,57.5489311218262
mda,1995,51.5236396789551
mda,1999,49.2700500488281
mda,2000,43.10205078125
mda,2001,45.2146110534667
mda,2002,48.7224998474121
mda,2003,57.8963317871094
mda,2004,61.8277893066406
mda,2005,66.8712768554688
mda,2006,71.0422286987305
mda,2007,70.7808303833008
mda,2008,73.1786727905273
mda,2009,74.904541015625
mda,2010,76.1169281005859
mda,2011,77.3505020141602
mda,2012,80.2895126342773
mda,2013,82.753288269043
mda,2014,84.2927474975585
mda,2015,84.3431167602539
mdg,1995,4.29077005386353
mdg,1999,3.27998995780945
mdg,2000,3.28307008743286
mdg,2001,3.29548001289368
mdg,2005,7.42256021499634
mdg,2006,7.97458982467651
mdg,2007,8.21411991119385
mdg,2008,8.52801036834717
mdg,2009,9.44246006011963
mdg,2010,8.49254035949707
mdg,2013,12.0488004684448
mdg,2014,13.4816398620605
mdg,2015,17.4034595489502
mdv,1970,11.8999500274658
mdv,1971,8.5278902053833
mdv,1977,17.0792598724365
mdv,1992,19.8933506011963
mdv,1993,56.4951515197754
mdv,1995,64.1856689453125
mdv,1996,61.947208404541
mdv,1997,64.4165191650391
mdv,1998,49.4544792175292
mdv,1999,53.613941192627
mdv,2000,58.8551483154297
mdv,2001,60.7032318115234
mdv,2002,64.7110977172852
mdv,2003,58.6481704711914
mdv,2004,70.7202377319335
mdv,2005,75.4927673339844
mdv,2006,80.8461303710938
mdv,2007,81.954231262207
mdv,2016,101.311653137207
mea,1970,10.6070499420166
mea,1971,10.559229850769
mea,1972,10.5770702362061
mea,1973,10.4627895355225
mea,1974,10.5680904388428
mea,1975,12.1206398010254
mea,1976,13.8133096694946
mea,1977,14.4924697875977
mea,1978,14.7658004760742
mea,1979,15.9222297668457
mea,1980,16.0601100921631
mea,1981,16.1621494293213
mea,1982,16.17333984375
mea,1983,16.0441493988037
mea,1984,16.2343597412109
mea,1985,15.6604204177856
mea,1986,15.6070203781128
mea,1987,15.6869201660156
mea,1988,15.8366203308105
mea,1989,16.2849292755127
mea,1990,16.4595794677734
mea,1991,16.6551704406738
mea,1992,16.8439693450928
mea,1993,16.3734302520752
mea,1994,16.4061298370361
mea,1995,16.4486293792725
mea,1996,16.9829406738281
mea,1997,17.8243999481201
mea,1998,18.2319202423096
mea,1999,17.8348693847656
mea,2000,18.540189743042
mea,2001,18.8088798522949
mea,2002,19.5284004211426
mea,2003,20.1701107025146
mea,2004,20.8920497894287
mea,2005,22.1607894897461
mea,2006,24.5243301391602
mea,2007,24.655330657959
mea,2008,26.0791797637939
mea,2009,27.5382804870605
mea,2010,28.583610534668
mea,2011,27.7382698059082
mea,2012,27.3922100067139
mea,2013,27.5386791229248
mea,2014,30.1839504241943
mex,1971,11.9799203872681
mex,1972,12.1486701965332
mex,1976,13.1886701583862
mex,1977,14.6526403427124
mex,1978,14.7756004333496
mex,1981,22.8052101135254
mex,1982,30.0638599395752
mex,1983,36.6254692077637
mex,1984,41.7310981750488
mex,1985,48.0671310424805
mex,1986,53.2595901489258
mex,1987,57.0615081787109
mex,1988,58.7034111022949
mex,1989,59.3875694274902
mex,1990,59.9658889770508
mex,1991,60.4320793151855
mex,1992,61.14794921875
mex,1993,62.0432090759277
mex,1994,63.8093681335449
mex,1995,65.5852584838867
mex,1996,66.8536911010742
mex,1997,67.856590270996
mex,1998,68.8621063232422
mex,1999,69.6315689086914
mex,2000,70.0000305175781
mex,2001,70.4117431640625
mex,2002,70.394432067871
mex,2003,74.5220718383789
mex,2004,76.5474319458008
mex,2005,83.9774322509766
mex,2006,91.5815963745117
mex,2007,97.9571304321289
mex,2008,98.6326675415039
mex,2009,96.9716262817383
mex,2010,96.9877166748047
mex,2011,98.0437393188477
mex,2012,99.761589050293
mex,2013,67.5878982543945
mex,2014,68.1770172119141
mhl,1999,55.850341796875
mhl,2002,56.884880065918
mhl,2007,46.7964782714844
mhl,2008,51.2437782287598
mhl,2009,50.901180267334
mhl,2011,46.4788703918457
mhl,2015,39.9088516235352
mic,1972,10.8711500167847
mic,1973,10.7943601608276
mic,1974,10.8204298019409
mic,1975,11.2922897338867
mic,1976,13.2423801422119
mic,1977,17.1071701049805
mic,1978,15.6243896484375
mic,1979,15.844220161438
mic,1980,17.0403709411621
mic,1981,18.7186603546143
mic,1982,19.1229400634766
mic,1983,20.2192192077637
mic,1984,21.286470413208
mic,1985,22.7402591705322
mic,1986,24.2425403594971
mic,1987,25.7545299530029
mic,1988,26.7362403869629
mic,1989,26.6175308227539
mic,1990,26.5528907775879
mic,1991,26.2517108917236
mic,1992,26.6359596252441
mic,1993,26.7298107147217
mic,1994,26.561990737915
mic,1995,26.9883499145508
mic,1996,27.3384399414063
mic,1997,30.9804191589355
mic,1998,28.1817207336426
mic,1999,28.3139591217041
mic,2000,28.5800495147705
mic,2001,28.5862407684326
mic,2002,28.5768699645996
mic,2003,29.5812702178955
mic,2004,30.5348701477051
mic,2005,31.6144905090332
mic,2006,34.0952491760254
mic,2007,34.9979515075684
mic,2008,36.4422607421875
mic,2009,37.1141204833984
mic,2010,37.5806312561035
mic,2011,40.3509788513184
mic,2012,43.5838508605957
mic,2013,46.2804489135742
mic,2014,48.3208885192871
mic,2015,49.5409088134766
mkd,1993,22.9306507110596
mkd,1994,23.4245891571045
mkd,1995,25.0655097961426
mkd,1996,26.6333503723145
mkd,1997,26.6327495574951
mkd,1998,25.8341197967529
mkd,1999,27.1097507476807
mkd,2000,28.9966506958008
mkd,2001,29.3418502807617
mkd,2002,28.9794292449951
mkd,2003,29.7074394226074
mkd,2004,30.8364105224609
mkd,2005,31.3497695922852
mkd,2006,33.2260818481445
mkd,2007,36.4895401000977
mkd,2008,21.3865299224854
mkd,2009,22.4009704589844
mkd,2010,23.8286800384521
mkd,2011,25.0317001342773
mkd,2012,28.3591804504395
mkd,2013,31.0564403533936
mkd,2014,34.1539001464844
mkd,2015,36.4409294128417
mli,1995,1.32219004631042
mli,1996,1.39577996730804
mli,1997,1.56235003471375
mli,1998,1.73241996765137
mli,1999,1.46847999095917
mli,2000,1.49284994602203
mli,2001,1.54154002666473
mli,2002,1.32573997974396
mli,2003,1.72196996212006
mli,2004,2.11591005325317
mli,2005,2.71023988723755
mli,2006,2.94882988929749
mli,2008,3.22821998596191
mli,2009,3.09466004371643
mli,2010,3.09774994850159
mli,2011,3.363450050354
mli,2013,3.61844992637634
mli,2014,3.84878993034363
mli,2015,3.94029998779297
mlt,1971,46.5454483032227
mlt,1972,43.8146209716797
mlt,1973,58.4964790344238
mlt,1974,57.5471687316895
mlt,1975,81.6538619995117
mlt,1976,70.7814483642578
mlt,1977,72.9489974975585
mlt,1978,66.032096862793
mlt,1979,67.3757629394531
mlt,1980,73.0971603393555
mlt,1981,70.0776519775391
mlt,1982,69.5821380615234
mlt,1983,69.4838790893555
mlt,1984,68.0172729492188
mlt,1985,66.893913269043
mlt,1986,68.1985321044922
mlt,1987,71.5104522705078
mlt,1988,73.907096862793
mlt,1989,103.428573608398
mlt,1990,103.172393798828
mlt,1991,104.533470153809
mlt,1992,105.52417755127
mlt,1993,108.169410705566
mlt,1994,110.921081542969
mlt,1995,103.665580749512
mlt,1996,104.376373291016
mlt,1997,105.408897399902
mlt,1998,102.186096191406
mlt,1999,102.250381469727
mlt,2000,99.9428405761719
mlt,2001,99.0715713500977
mlt,2002,98.0848236083984
mlt,2003,94.4290237426758
mlt,2004,91.6362915039063
mlt,2005,90.8359832763672
mlt,2006,94.4420013427734
mlt,2007,103.538177490234
mlt,2008,106.312950134277
mlt,2009,106.7978515625
mlt,2010,112.02628326416
mlt,2011,115.154556274414
mlt,2012,117.749877929688
mlt,2013,110.016731262207
mlt,2014,105.752731323242
mlt,2015,109.105499267578
mmr,2006,4.38138008117676
mmr,2007,4.53058004379272
mmr,2008,5.1190299987793
mmr,2009,5.51913022994995
mmr,2010,7.27143001556396
mmr,2014,23.0319499969482
mna,1970,9.58570003509521
mna,1971,9.51185035705566
mna,1972,9.49026966094971
mna,1973,9.42794036865234
mna,1974,9.47017955780029
mna,1975,10.6089401245117
mna,1976,12.3240098953247
mna,1977,13.176230430603
mna,1978,13.5607404708862
mna,1979,14.3118095397949
mna,1980,14.446590423584
mna,1981,14.4937601089478
mna,1982,14.4197902679443
mna,1983,14.2494697570801
mna,1984,14.5716400146484
mna,1985,13.9546298980713
mna,1986,13.8281402587891
mna,1987,13.9382295608521
mna,1988,14.0710000991821
mna,1989,14.4760999679565
mna,1990,14.6869096755981
mna,1991,15.0038900375366
mna,1992,15.1519804000854
mna,1993,14.5175304412842
mna,1994,14.4603204727173
mna,1995,14.6742000579834
mna,1996,15.2520999908447
mna,1997,16.0028305053711
mna,1998,17.0778198242188
mna,1999,16.3568992614746
mna,2000,17.0652599334717
mna,2001,17.1216697692871
mna,2002,17.735279083252
mna,2003,18.1816806793213
mna,2004,19.0798091888428
mna,2005,20.4427700042725
mna,2006,23.1072692871094
mna,2007,22.8475704193115
mna,2008,24.4127807617188
mna,2009,26.0060691833496
mna,2010,27.3790302276611
mna,2011,26.0817909240723
mna,2012,25.638879776001
mna,2013,25.557300567627
mna,2014,28.1512203216553
mne,2001,32.5496711730957
mne,2002,35.0274314880371
mne,2003,34.3808517456055
mne,2004,33.003791809082
mne,2005,31.587760925293
mne,2006,30.9368991851807
mne,2007,27.2170505523682
mne,2008,28.4591903686523
mne,2009,30.3268795013428
mne,2010,31.7400798797607
mne,2011,54.5654487609863
mne,2012,60.7583618164063
mne,2015,57.0201301574707
mng,1975,19.1756992340088
mng,1976,19.3475208282471
mng,1980,22.2792301177979
mng,1981,23.0370597839355
mng,1983,23.0830707550049
mng,1986,26.1161193847656
mng,1991,36.5041198730469
mng,1992,35.5330505371094
mng,1993,31.2591304779053
mng,1994,21.7082405090332
mng,1995,20.7618293762207
mng,1996,22.733829498291
mng,1997,24.5598297119141
mng,1998,22.2280902862549
mng,1999,24.4050998687744
mng,2000,29.2016506195068
mng,2001,29.7856903076172
mng,2002,31.8034896850586
mng,2003,34.9253883361816
mng,2004,37.8808212280273
mng,2005,44.4527282714844
mng,2006,51.626091003418
mng,2007,53.3814811706542
mng,2008,55.6466484069824
mng,2009,74.9742202758789
mng,2010,77.2661437988281
mng,2011,82.1628875732422
mng,2012,85.4175186157227
moz,1971,0.146630004048347
moz,1972,0.159030005335808
moz,1973,0.201690003275871
moz,1982,11.9125499725342
moz,1983,16.0302200317383
moz,1984,17.6846809387207
moz,1985,16.6695899963379
moz,1986,11.8505601882935
mrt,2014,2.88628005981445
mrt,2015,9.39470958709717
mus,1970,20.6944103240967
mus,1971,20.8061294555664
mus,1972,20.3386192321777
mus,1973,21.4674396514893
mus,1974,21.5173206329346
mus,1975,22.7491092681885
mus,1976,19.6871700286865
mus,1977,18.6971092224121
mus,1978,27.0530490875244
mus,1979,28.379789352417
mus,1980,27.1499805450439
mus,1981,25.9713001251221
mus,1982,24.9101600646973
mus,1990,53.8794784545898
mus,1993,84.5003128051758
mus,1995,76.5449295043945
mus,1996,80.3524627685547
mus,1997,95.5917434692383
mus,1998,91.297996520996
mus,1999,93.8442993164063
mus,2000,90.0425567626953
mus,2001,92.2966537475585
mus,2002,94.8714065551758
mus,2003,103.736717224121
mus,2004,100.80135345459
mus,2005,100.557647705078
mus,2006,98.4960021972656
mus,2007,95.2880096435547
mus,2008,94.2849807739258
mus,2009,97.8163299560547
mus,2010,105.199310302734
mus,2011,106.300971984863
mus,2012,105.093566894531
mus,2013,103.900688171387
mus,2014,100.912239074707
mus,2015,102.631942749023
mwi,2015,81.260612487793
mys,1974,8.58248043060303
mys,1987,36.7249603271484
mys,1988,32.1779708862305
mys,1989,34.8404693603516
mys,1990,33.9597206115723
mys,1991,37.978759765625
mys,1992,38.8072700500488
mys,1993,39.6875495910645
mys,1994,58.7024192810059
mys,1995,44.2700119018555
mys,1996,38.5026588439941
mys,1998,56.0830383300781
mys,1999,52.6624488830566
mys,2001,50.1156311035156
mys,2002,50.7966384887695
mys,2003,53.0775985717773
mys,2004,57.7052192687988
mys,2005,60.653148651123
mys,2006,55.388858795166
mys,2007,60.043140411377
mys,2008,71.1277618408203
mys,2009,72.5525207519531
mys,2010,74.706443786621
mys,2012,82.0133666992188
mys,2013,86.801872253418
mys,2014,90.1049423217773
mys,2015,92.3875503540039
nac,1980,50.0433616638184
nac,1981,53.8457717895508
nac,1982,54.0198287963867
nac,1983,53.9841117858887
nac,1984,55.5351715087891
nac,1985,56.1956481933594
nac,1986,59.7176399230957
nac,1987,62.3073616027832
nac,1988,63.6447792053223
nac,1989,60.6461181640625
nac,1990,61.9150314331055
nac,1991,65.8921585083008
nac,1992,67.4824371337891
nac,1993,68.9121322631836
nac,1994,70.4539413452148
nac,1995,72.1167221069336
nac,1996,72.8188323974609
nac,1997,66.3342590332031
nac,1998,59.9089508056641
nac,1999,61.087890625
nac,2000,59.3202285766602
nac,2001,62.6957511901855
nac,2002,64.1853179931641
nac,2003,62.8279418945313
nac,2004,66.4329223632813
nac,2005,66.8529205322266
nac,2006,64.354606628418
nac,2007,65.2450790405273
nac,2008,61.0174217224121
nac,2009,60.227611541748
nac,2010,71.514030456543
nac,2011,75.0777435302734
nac,2012,76.1171112060547
nac,2013,71.5714874267578
nac,2014,71.4842300415039
nam,1989,11.5046901702881
nam,1990,12.9261302947998
nam,1991,13.7315101623535
nam,1992,12.6937503814697
nam,1993,10.7877197265625
nam,1994,9.82153987884521
nam,1999,30.475980758667
nam,2001,35.8637084960938
nam,2002,40.0410804748535
nam,2006,30.0595207214355
nam,2012,15.3812303543091
nam,2013,21.0656204223633
ner,1973,0.19684000313282
ner,1974,0.228229999542236
ner,1975,0.229220002889633
ner,1976,0.268779993057251
ner,1977,0.343400001525879
ner,1978,0.42315000295639
ner,1979,0.463470011949539
ner,1980,0.610050022602081
ner,1981,0.434769988059998
ner,1982,0.437900006771088
ner,1983,0.451799988746643
ner,1984,0.451539993286133
ner,1985,0.559870004653931
ner,1986,0.580449998378754
ner,1987,0.687470018863677
ner,1989,1.31947994232178
ner,1990,1.49404001235962
ner,1991,1.55655002593994
ner,1992,1.67409002780914
ner,1993,1.46929001808167
ner,1995,1.11837005615234
ner,1996,1.01259994506836
ner,1997,1.10918998718262
ner,1998,1.13512003421783
ner,1999,1.07499003410339
ner,2000,0.929549992084503
ner,2001,1.0945600271225
ner,2002,1.32361996173859
ner,2003,1.360720038414
ner,2004,1.38773000240326
ner,2005,1.40541005134583
ner,2006,1.63740003108978
ner,2007,1.87523996829987
ner,2008,2.33238005638123
ner,2009,3.06498003005981
ner,2010,3.9724600315094
ner,2011,5.36930990219116
ner,2012,5.92032003402709
ner,2013,6.79101991653442
ner,2014,6.91239023208618
ner,2015,7.14772987365723
nga,2001,26.2340393066406
nga,2003,36.6855888366699
nga,2004,44.4303283691406
nga,2005,44.0039100646973
nga,2008,37.3408889770508
nga,2009,43.8686904907227
nga,2010,42.0068511962891
nic,1970,2.97973990440369
nic,1971,2.34523010253906
nic,1972,2.38610005378723
nic,1973,2.21182990074158
nic,1978,2.00757002830505
nic,1980,6.59750986099243
nic,1982,7.68753004074097
nic,1983,9.90760040283203
nic,1984,11.8537101745605
nic,1985,11.9170904159546
nic,1986,13.6477298736572
nic,1987,13.9489498138428
nic,1988,13.2926597595215
nic,1989,11.4925899505615
nic,1990,11.1035099029541
nic,1991,12.028510093689
nic,1992,11.6312398910522
nic,1993,14.0165500640869
nic,1994,17.1687507629395
nic,1995,17.462890625
nic,1996,20.4726009368896
nic,1997,23.6810398101807
nic,1998,26.2603092193604
nic,1999,29.0568695068359
nic,2000,30.4811401367188
nic,2001,30.4873008728027
nic,2002,32.9314498901367
nic,2003,34.3177909851074
nic,2004,37.6506004333496
nic,2005,40.9069404602051
nic,2006,54.3312606811523
nic,2007,56.1199607849121
nic,2008,58.2919311523438
nic,2010,57.4480094909667
nld,1971,99.8696365356445
nld,1972,99.8328094482422
nld,1973,101.501068115234
nld,1974,104.641212463379
nld,1975,108.003402709961
nld,1976,111.670501708984
nld,1977,111.105270385742
nld,1978,108.25244140625
nld,1979,107.12825012207
nld,1980,107.177421569824
nld,1981,108.642723083496
nld,1982,109.872497558594
nld,1983,112.982650756836
nld,1984,115.258239746094
nld,1985,117.971771240234
nld,1986,106.309303283691
nld,1987,103.189971923828
nld,1988,98.014060974121
nld,1989,97.1448287963867
nld,1990,97.7076263427734
nld,1991,99.2916564941406
nld,1992,98.7225875854492
nld,1993,98.5835113525391
nld,1994,98.3361663818359
nld,1995,100.210777282715
nld,1996,101.572509765625
nld,1997,100.636070251465
nld,2011,91.7408065795898
nld,2012,92.1938705444335
nld,2013,94.1725997924805
nld,2014,94.5024490356445
nld,2015,94.6610794067383
nor,1994,67.4529724121094
nor,1995,70.8732376098633
nor,1996,72.7635498046875
nor,1997,74.0546493530273
nor,1998,70.9447784423828
nor,1999,72.9482879638672
nor,2000,74.3140487670898
nor,2001,75.5238494873047
nor,2002,77.1896667480469
nor,2008,94.6244812011719
nor,2009,97.4307632446289
nor,2010,99.0019683837891
nor,2011,98.9744262695313
nor,2012,99.1456604003906
nor,2013,98.908447265625
nor,2014,97.9994277954102
nor,2015,97.2571411132813
npl,1983,1.27691996097565
npl,1984,1.33348000049591
npl,1997,8.95934963226318
npl,1999,11.9816999435425
npl,2000,13.8992795944214
npl,2001,13.7769899368286
npl,2002,13.1997003555298
npl,2003,18.5318508148193
npl,2004,19.2719898223877
npl,2005,37.4270401000977
npl,2007,40.1776390075684
npl,2008,63.1602516174316
npl,2009,67.7935180664063
npl,2010,73.1492233276367
npl,2011,79.411018371582
npl,2012,84.2579498291016
npl,2013,85.9061889648438
npl,2014,87.7702331542969
npl,2015,86.6816177368164
npl,2016,85.3349075317383
nru,1998,44.922550201416
nru,2000,78.8888931274414
nru,2001,78.0600509643555
nru,2002,77.1362609863281
nru,2003,76.5151519775391
nru,2004,69.4285736083984
nru,2005,107.432426452637
nru,2006,92.613639831543
nru,2007,78.2857131958008
nru,2008,95.6772308349609
nru,2012,73.1501083374023
nru,2014,85.2575531005859
nzl,1970,20.019229888916
nzl,1971,21.0868301391602
nzl,1972,22.4417190551758
nzl,1973,24.1777896881104
nzl,1975,46.1179809570313
nzl,1976,48.7395401000977
nzl,1977,49.3003311157227
nzl,1978,48.2652587890625
nzl,1980,52.3405914306641
nzl,1981,53.5127601623535
nzl,1982,57.0753517150879
nzl,1984,62.1914291381836
nzl,1985,62.6835594177246
nzl,1986,63.4492301940917
nzl,1987,61.2151794433594
nzl,1988,59.6985092163086
nzl,2014,90.8431777954102
nzl,2015,93.0981521606445
oed,1970,43.1992797851563
oed,1971,43.2485198974609
oed,1972,43.5272407531738
oed,1973,45.2478408813477
oed,1974,47.0881500244141
oed,1975,49.125431060791
oed,1976,50.5970306396484
oed,1977,50.6154098510742
oed,1978,50.0186614990234
oed,1979,50.1532516479492
oed,1980,50.7500114440918
oed,1981,52.468448638916
oed,1982,53.7962608337402
oed,1983,55.2359580993652
oed,1984,57.0291481018066
oed,1985,58.6036605834961
oed,1986,60.7606315612793
oed,1987,61.8278617858887
oed,1988,62.4811592102051
oed,1989,61.7971305847168
oed,1990,62.8384208679199
oed,1991,64.4406890869141
oed,1992,65.1767578125
oed,1993,66.5104904174805
oed,1994,67.9782867431641
oed,1995,69.1506729125977
oed,1996,70.2836990356445
oed,1997,68.9355621337891
oed,1998,70.1992797851563
oed,1999,69.3758087158203
oed,2000,69.2754135131836
oed,2001,70.9468688964844
oed,2002,71.5749893188477
oed,2003,71.8242874145508
oed,2004,72.7422332763672
oed,2005,75.1391372680664
oed,2006,76.3269729614258
oed,2007,77.7681732177734
oed,2008,77.0083236694336
oed,2009,77.0038986206055
oed,2010,81.6666107177734
oed,2011,83.8463668823242
oed,2012,84.7417602539063
oed,2013,83.1959228515625
oed,2014,79.3111419677734
omn,1974,0.0367599986493587
omn,1975,0.0741100013256073
omn,1976,0.310479998588562
omn,1977,0.100670002400875
omn,1978,0.0901300013065338
omn,1979,0.34281998872757
omn,1981,0.57710999250412
omn,1982,0.955079972743988
omn,1983,1.06622004508972
omn,1984,1.02464997768402
omn,1985,1.72279000282288
omn,1986,1.74379003047943
omn,1987,2.58201003074645
omn,1988,2.72935009002686
omn,1989,2.95305991172791
omn,1990,2.93159008026123
omn,1991,3.18758010864258
omn,1992,3.72704005241394
omn,1993,3.82427000999451
omn,1994,4.10059976577759
omn,1995,4.58180999755859
omn,1996,4.69743013381958
omn,1997,5.72669982910156
omn,1998,6.14138984680176
omn,2009,46.6779899597167
omn,2011,54.6758193969727
omn,2012,52.7939987182617
omn,2013,49.6349105834961
omn,2014,53.3710784912109
omn,2015,54.8039093017578
pak,2000,76.7783126831055
pak,2001,68.2648468017578
pak,2002,46.652099609375
pak,2003,42.0022010803223
pak,2004,47.9444313049316
pak,2005,53.0567207336426
pak,2006,74.1080627441406
pak,2007,84.9903030395508
pak,2008,91.1968383789063
pak,2009,87.8014984130859
pak,2012,82.8121337890625
pak,2013,82.665412902832
pak,2014,74.4154510498047
pak,2015,77.0315017700195
pan,1970,14.0797700881958
pan,1971,15.3452701568604
pan,1972,18.3082904815674
pan,1973,19.9968795776367
pan,1974,21.6343593597412
pan,1975,22.9957408905029
pan,1976,22.5452098846436
pan,1977,24.2492504119873
pan,1978,27.9265804290771
pan,1979,32.5725593566895
pan,1980,31.6529407501221
pan,1981,38.880241394043
pan,1982,42.2448997497559
pan,1983,45.1796112060547
pan,1984,45.3142585754395
pan,1985,46.6262397766113
pan,1986,50.1160507202148
pan,1987,55.7678184509277
pan,1988,55.1211891174316
pan,1989,53.395881652832
pan,1990,51.281551361084
pan,1999,37.9449501037598
pan,2000,43.4838218688965
pan,2001,48.4735984802246
pan,2002,53.3681793212891
pan,2003,50.6268196105957
pan,2004,52.1783981323242
pan,2005,60.1733589172363
pan,2006,66.1472473144531
pan,2007,70.841453552246
pan,2008,69.2531280517578
pan,2009,66.173942565918
pan,2010,67.1480407714844
pan,2011,65.2711029052734
pan,2012,68.1161193847656
pan,2013,47.0898399353027
pan,2014,47.9357299804688
per,1970,5.38283014297485
per,1971,5.82601022720337
per,1972,6.25579977035522
per,1973,8.3244104385376
per,1974,9.59957981109619
per,1975,12.032190322876
per,1976,13.2342100143433
per,1977,13.0905799865723
per,1979,13.4018898010254
per,1980,14.387809753418
per,1981,15.4983596801758
per,1982,16.8634605407715
per,1985,19.9854297637939
per,1991,29.1491203308105
per,1993,32.0402984619141
per,1995,34.0564994812012
per,1998,56.0932197570801
per,1999,55.1743011474609
per,2000,57.9656410217285
per,2001,61.2987785339355
per,2002,59.1464805603027
per,2003,58.6851806640625
per,2004,61.5787506103516
per,2005,63.3595390319824
per,2006,64.3051605224609
per,2007,68.2456283569335
per,2008,72.3435363769531
per,2009,76.6201477050781
per,2010,78.4412384033203
per,2011,76.7222595214844
per,2012,77.8208923339844
per,2013,84.8578491210938
per,2014,86.9381866455078
per,2015,88.1684875488281
phl,1972,4.60836982727051
phl,1982,10.358229637146
phl,1983,11.0932197570801
phl,1984,12.1617097854614
phl,1986,11.5952196121216
phl,1987,11.8267202377319
phl,1989,13.1071500778198
phl,1991,22.1768608093262
phl,1992,20.9019203186035
phl,1993,22.3387298583984
phl,1994,23.975830078125
phl,1995,28.2630996704102
phl,1996,28.2344207763672
phl,1997,27.9950504302979
phl,1998,28.0750503540039
phl,1999,28.7898807525635
phl,2001,28.2929401397705
phl,2002,30.4705505371094
phl,2003,35.246509552002
phl,2004,35.9549407958984
phl,2005,36.7206687927246
phl,2006,41.1910400390625
phl,2007,43.3090705871582
phl,2008,45.3636093139648
phl,2009,53.2882385253906
plw,2003,79.3427200317383
plw,2004,79.5865631103516
plw,2013,82.5214920043945
plw,2014,70.9401702880859
png,1970,0
png,1971,0
png,1972,0
png,1975,0.0339599996805191
png,1976,0.0474199987947941
png,1978,0.1083599999547
png,1979,0.128780007362366
png,1981,0.169259995222092
png,1982,0.184269994497299
png,1984,0.568499982357025
png,1986,0.562849998474121
png,1987,0.576699972152709
png,1988,0.455339998006821
png,1989,0.488599985837936
png,1990,0.405970007181168
png,1991,0.296440005302429
png,1992,0.352519989013672
png,1993,0.621969997882843
png,1994,0.634530007839203
png,1995,1.0062700510025
png,1998,37.062068939209
png,2002,62.7410011291504
png,2008,101.590759277344
pol,1993,41.5265502929688
pol,1994,42.2818908691406
pol,1997,47.034481048584
pol,1998,47.7454299926758
pol,1999,47.8532218933105
pol,2000,47.9577484130859
pol,2001,48.524299621582
pol,2002,48.9209899902344
pol,2003,51.1950988769531
pol,2004,53.2874717712402
pol,2005,55.4157409667969
pol,2006,57.5876007080078
pol,2007,60.4718017578125
pol,2008,61.5600814819336
pol,2009,64.9338226318359
pol,2010,69.4143524169922
pol,2011,72.9960098266602
pol,2012,77.4763488769531
pol,2013,77.5255126953125
pol,2014,79.4110412597656
pri,2010,96.3386001586914
pri,2011,105.106048583984
pri,2012,96.4350662231445
pri,2013,79.4486389160156
prk,2009,84.3009796142578
prk,2015,50.5766105651855
prt,1971,3.38559007644653
prt,1972,3.71701002120972
prt,1973,3.92458009719849
prt,1974,8.60111045837402
prt,1975,9.11806964874268
prt,1976,9.41265964508057
prt,1977,12.8100900650024
prt,1978,13.1090097427368
prt,1979,13.5290699005127
prt,1980,15.9475698471069
prt,1981,20.2075805664063
prt,1982,23.0957508087158
prt,1983,23.9173698425293
prt,1984,25.2823009490967
prt,1985,25.638599395752
prt,1986,28.9173393249512
prt,1987,31.499870300293
prt,1988,30.8558292388916
prt,1991,50.8350486755371
prt,1993,54.0851097106934
prt,1994,56.2960205078125
prt,1995,57.3074493408203
prt,1996,61.3879318237305
prt,1998,65.6761016845703
prt,1999,68.4563369750977
prt,2000,72.590721130371
prt,2001,74.808967590332
prt,2003,78.2553863525391
prt,2004,78.8136520385742
prt,2005,80.0974273681641
prt,2006,80.9893493652344
prt,2007,80.7269592285156
prt,2008,82.0891876220703
prt,2009,85.5656509399414
prt,2010,88.602897644043
prt,2011,92.3768920898438
prt,2012,92.8979415893555
prt,2013,92.4529190063477
prt,2014,93.2730178833008
prt,2015,94.4410934448242
pry,1970,3.03045010566711
pry,1971,3.1603000164032
pry,1973,3.03909993171692
pry,1977,3.03179001808167
pry,1978,3.27651000022888
pry,1982,4.49653005599976
pry,1985,5.81556987762451
pry,1986,6.40599012374878
pry,1987,6.85634994506836
pry,1988,8.35276031494141
pry,1989,8.21352958679199
pry,1990,9.03824043273926
pry,1991,10.121919631958
pry,1992,10.6012201309204
pry,1993,13.8918304443359
pry,1994,12.816969871521
pry,1995,15.5587301254272
pry,1996,18.061580657959
pry,1997,17.9918804168701
pry,1998,26.9962005615234
pry,1999,29.2321491241455
pry,2000,31.1594200134277
pry,2001,32.7778701782227
pry,2002,32.7934913635254
pry,2003,34.3853797912598
pry,2004,34.8933601379395
pry,2005,35.4918403625488
pry,2006,35.8342514038086
pry,2007,37.7921485900879
pry,2008,40.0093688964844
pry,2009,39.2084083557129
pry,2010,39.4800682067871
pry,2011,38.3640098571777
pry,2012,37.6484413146973
pse,1995,21.1226806640625
pse,1996,24.4769401550293
pse,1997,36.0378684997559
pse,1999,36.2286109924316
pse,2000,35.2791900634766
pse,2001,31.2083492279053
pse,2002,29.6279296875
pse,2003,27.4771099090576
pse,2004,31.5065307617188
pse,2005,33.0533485412598
pse,2006,34.526538848877
pse,2007,35.0259590148926
pse,2008,37.7461318969727
pse,2009,40.3115615844727
pse,2010,40.0095481872559
pse,2011,41.3821792602539
pse,2012,40.8578186035156
pse,2013,45.8368682861328
pse,2014,50.1206893920898
pse,2015,52.7024917602539
qat,1971,12.4215402603149
qat,1972,17.5667304992676
qat,1973,17.5942001342773
qat,1974,15.8437299728394
qat,1975,17.7737903594971
qat,1976,19.6266307830811
qat,1977,26.3390808105469
qat,1978,21.9982109069824
qat,1979,23.6976890563965
qat,1980,23.6345806121826
qat,1981,23.9156703948975
qat,1982,30.0760593414307
qat,1983,26.6850891113281
qat,1984,25.484619140625
qat,1985,24.2310695648193
qat,1986,20.126220703125
qat,1987,17.9187107086182
qat,1988,18.6203308105469
qat,1989,19.2472705841064
qat,1990,20.0433807373047
qat,1991,16.4909992218018
qat,1992,18.6476898193359
qat,1993,20.4782905578613
qat,1994,23.3515396118164
qat,1995,23.3376598358154
qat,1996,25.4461708068848
qat,1997,26.1159801483154
qat,1998,28.4541702270508
qat,1999,26.4003601074219
qat,2000,29.1523895263672
qat,2001,29.3941192626953
qat,2002,33.4284706115723
qat,2003,39.2834396362305
qat,2004,37.962028503418
qat,2005,41.1019897460938
qat,2006,40.372859954834
qat,2007,44.7002792358398
qat,2008,53.6560211181641
qat,2009,56.8799896240234
qat,2011,55.5588417053223
qat,2013,52.5779609680176
qat,2014,55.7397384643555
qat,2015,58.0704689025879
rou,1971,35.848560333252
rou,1972,36.6435203552246
rou,1973,38.0509605407715
rou,1974,40.6732788085938
rou,1975,43.467601776123
rou,1976,45.3193588256836
rou,1977,46.9679298400879
rou,1978,49.7614402770996
rou,1979,54.3402481079102
rou,1980,56.6571006774902
rou,1981,58.5679397583008
rou,1982,57.8289413452148
rou,1983,55.2083206176758
rou,1984,53.9835586547852
rou,1985,54.5366287231445
rou,1986,54.1379203796387
rou,1987,53.9550094604492
rou,1988,55.6994705200195
rou,1989,58.2406311035156
rou,1990,59.4547691345215
rou,1991,53.8502502441406
rou,1992,52.6318817138672
rou,1993,52.2462005615234
rou,1994,49.1576690673828
rou,1995,51.3530616760254
rou,1996,52.7654914855957
rou,1997,54.3613815307617
rou,1998,57.438419342041
rou,1999,64.8559799194335
rou,2000,67.6460418701172
rou,2001,70.52783203125
rou,2002,71.4683685302734
rou,2003,71.4726715087891
rou,2004,70.3197708129883
rou,2005,72.2531814575195
rou,2006,73.5741806030273
rou,2007,74.2882995605469
rou,2008,75.6836090087891
rou,2009,77.0594787597656
rou,2010,78.9950637817383
rou,2011,80.2668762207031
rou,2012,80.1459197998047
rou,2013,92.0213012695313
rou,2014,90.3645935058594
rou,2015,90.9379119873047
rus,1992,75.8390502929688
rus,1994,63.9633483886719
rus,2008,76.0983505249023
rus,2009,76.0429000854492
rus,2011,75.0281982421875
rus,2012,76.8596572875977
rus,2013,80.1934432983398
rus,2014,84.3965072631835
rus,2015,87.7188720703125
rwa,2001,2.92041993141174
rwa,2008,16.2937507629395
rwa,2009,16.8479194641113
rwa,2010,10.3102197647095
rwa,2011,11.5839595794678
rwa,2012,13.054349899292
rwa,2013,13.9563703536987
rwa,2014,15.3472299575806
rwa,2015,17.6418399810791
sas,1970,8.58098030090332
sas,1971,8.67080020904541
sas,1972,8.88700008392334
sas,1973,9.02056980133057
sas,1974,9.35690021514893
sas,1975,9.76434993743896
sas,1976,10.1495199203491
sas,1977,10.6136198043823
sas,1978,10.8819904327393
sas,1979,11.3110103607178
sas,1980,11.7045803070068
sas,1981,12.2758798599243
sas,1982,12.4269504547119
sas,1983,13.2719802856445
sas,1984,13.6383895874023
sas,1985,14.1695899963379
sas,1986,14.9534301757813
sas,1987,15.393759727478
sas,1988,15.9981098175049
sas,1989,15.6218700408936
sas,1990,15.1489295959473
sas,1991,15.1998500823975
sas,1992,14.8928499221802
sas,1993,14.7474203109741
sas,1994,15.2917003631592
sas,1995,15.1871900558472
sas,1996,14.9647102355957
sas,1997,14.945650100708
sas,1998,12.4013004302979
sas,1999,11.5579900741577
sas,2000,11.1147499084473
sas,2001,10.4898796081543
sas,2002,10.4878396987915
sas,2003,10.6033897399902
sas,2004,10.5756101608276
sas,2005,10.8901100158691
sas,2006,13.0407104492188
sas,2007,14.0619602203369
sas,2008,16.0410900115967
sas,2009,14.9594202041626
sas,2010,14.9964399337769
sas,2011,16.6648101806641
sas,2012,17.2493305206299
sas,2013,19.2596702575684
sas,2014,18.72705078125
sau,1979,4.32597017288208
sau,2005,10.7963600158691
sau,2007,10.9630002975464
sau,2008,11.1240701675415
sau,2013,10.4159297943115
sau,2014,14.303370475769
sau,2015,16.9030303955078
sdn,2001,18.7856292724609
sdn,2002,19.034460067749
sdn,2003,21.3894691467285
sdn,2004,21.4944400787354
sdn,2005,21.5770606994629
sdn,2006,23.9644393920898
sdn,2007,23.101749420166
sdn,2008,26.4516696929932
sdn,2009,36.3711395263672
sdn,2010,30.1633605957031
sdn,2011,33.90576171875
sdn,2012,38.3846092224121
sdn,2013,35.9478302001953
sen,1980,1.05401003360748
sen,1981,1.39909994602203
sen,1982,1.35088002681732
sen,1983,1.43739998340607
sen,1986,1.90193998813629
sen,1987,1.94517004489899
sen,1988,2.05375003814697
sen,1989,2.13617992401123
sen,1990,2.15755009651184
sen,1991,2.25573992729187
sen,1992,2.28540992736816
sen,1993,2.2328200340271
sen,1994,2.14855003356934
sen,1996,2.27983999252319
sen,1997,2.10430002212524
sen,1998,2.21188998222351
sen,1999,2.71877002716064
sen,2000,2.72081995010376
sen,2001,3.24377989768982
sen,2002,2.86229991912842
sen,2003,2.95063996315002
sen,2004,5.14523983001708
sen,2005,7.22349977493286
sen,2006,8.4849100112915
sen,2007,8.53205013275146
sen,2008,9.51712989807129
sen,2009,10.1354598999023
sen,2010,11.5812702178955
sen,2011,12.1739301681519
sen,2012,12.9872102737427
sen,2013,13.7882795333862
sen,2014,13.8302097320557
sen,2015,14.0469598770142
slb,1970,0.281239986419678
slb,1990,35.4007186889648
slb,1991,37.9580688476563
slb,1992,42.1414413452148
slb,1993,40.8359909057617
slb,1994,39.4645118713379
slb,2000,35.4001693725586
slb,2002,41.4057006835938
slb,2006,48.7174682617188
slb,2007,50.6832618713379
slb,2008,44.3067016601563
slb,2009,49.2942504882813
slb,2010,102.869476318359
slb,2011,102.263580322266
slb,2012,94.0057525634766
slb,2013,93.3685989379883
slb,2014,97.6312637329102
slb,2015,99.6054534912109
sle,2011,6.70441007614136
sle,2012,8.50113010406494
sle,2013,9.09517002105713
sle,2015,9.6318302154541
slv,1970,6.38177013397217
slv,1972,6.64045000076294
slv,1974,9.24752998352051
slv,1975,10.2737102508545
slv,1976,9.46850967407227
slv,1978,11.0343399047852
slv,1980,10.9086303710938
slv,1981,9.89330959320068
slv,1982,12.1375303268433
slv,1983,13.3072500228882
slv,1984,13.3009595870972
slv,1987,15.0185499191284
slv,1988,15.9848098754883
slv,1991,18.8213291168213
slv,1992,21.9769496917725
slv,1993,25.2545890808105
slv,1995,29.6935806274414
slv,1996,33.1225814819336
slv,1997,39.2443695068359
slv,1998,39.8723297119141
slv,1999,43.3769111633301
slv,2000,45.0927886962891
slv,2001,47.473331451416
slv,2002,51.1835594177246
slv,2003,54.2933807373047
slv,2004,58.0204811096191
slv,2005,58.5307884216309
slv,2006,59.6260681152344
slv,2007,59.2438316345215
slv,2008,59.9097099304199
slv,2009,60.1064186096191
slv,2010,65.0143280029297
slv,2011,65.3102874755859
slv,2012,66.449851989746
slv,2013,68.4137878417969
slv,2014,70.6897583007813
slv,2015,71.3321304321289
smr,2009,107.434936523438
smr,2010,96.0548934936523
smr,2011,103.571426391602
smr,2012,105.961540222168
som,1971,0.304349988698959
som,1972,0.368019998073578
som,1973,0.609160006046295
som,1974,0.680630028247833
som,1976,0.481680005788803
som,1977,0.464789986610413
som,1978,0.59197998046875
som,1979,1.54506003856659
som,1980,0.558040022850037
som,1981,0.530619978904724
som,1982,0.476630002260208
som,1983,0.468459993600845
som,1984,0.28218999505043
som,1985,0.313659995794296
som,1986,0.354600012302399
srb,1999,56.6767387390137
srb,2000,51.6197395324707
srb,2001,53.7053489685059
srb,2002,55.6208381652832
srb,2003,55.955020904541
srb,2004,56.7415504455566
srb,2005,56.5728492736816
srb,2006,57.0847396850586
srb,2007,49.6300811767578
srb,2008,49.7165298461914
srb,2009,51.2473793029785
srb,2010,52.5291481018066
srb,2011,55.7225914001465
srb,2012,57.3819999694824
srb,2013,58.2093811035156
srb,2014,58.9934997558594
srb,2015,58.5211296081542
ssa,1983,9.68286037445068
ssa,1984,9.57306003570557
ssa,1985,9.48933029174805
ssa,1986,9.77562046051025
ssa,1987,9.90437030792236
ssa,1988,10.0944299697876
ssa,1989,10.1044902801514
ssa,1990,10.1392498016357
ssa,1991,10.2559995651245
ssa,1992,10.3019304275513
ssa,1993,10.2944803237915
ssa,1994,10.203929901123
ssa,1995,10.3351898193359
ssa,1996,10.6686296463013
ssa,1997,10.8144102096558
ssa,1998,11.0436401367188
ssa,1999,10.97523021698
ssa,2000,11.8350896835327
ssa,2001,12.296199798584
ssa,2002,13.4846200942993
ssa,2003,14.6450099945068
ssa,2004,15.7283201217651
ssa,2005,16.4749202728271
ssa,2006,17.7087001800537
ssa,2007,16.1940994262695
ssa,2008,16.1818294525146
ssa,2009,17.3887805938721
ssa,2010,17.3630104064941
ssa,2011,17.6094303131104
ssa,2012,19.5254497528076
ssa,2013,20.169469833374
ssa,2014,21.7230892181396
ssd,2011,5.93524980545044
ssd,2015,10.2233600616455
ssf,1983,9.69015979766846
ssf,1984,9.58073043823242
ssf,1985,9.49703979492188
ssf,1986,9.78351020812988
ssf,1987,9.91182994842529
ssf,1988,10.1018695831299
ssf,1989,10.1118297576904
ssf,1990,10.1463603973389
ssf,1991,10.2625198364258
ssf,1992,10.308159828186
ssf,1993,10.3005599975586
ssf,1994,10.209939956665
ssf,1995,10.3412303924561
ssf,1996,10.6746397018433
ssf,1997,10.8202295303345
ssf,1998,11.0491199493408
ssf,1999,10.980429649353
ssf,2000,11.8399496078491
ssf,2001,12.3004903793335
ssf,2002,13.4887599945068
ssf,2003,14.6487503051758
ssf,2004,15.7324600219727
ssf,2005,16.4783897399902
ssf,2006,17.7121295928955
ssf,2007,16.1976890563965
ssf,2008,16.1854190826416
ssf,2009,17.3921794891357
ssf,2010,17.3664608001709
ssf,2011,17.6127300262451
ssf,2012,19.5284805297852
ssf,2013,20.1723098754883
ssf,2014,21.7259502410889
stp,1971,2.06883001327515
stp,1972,1.5648900270462
stp,1977,14.6057996749878
stp,1978,11.0907897949219
stp,1983,20.0692005157471
stp,1984,19.1339492797852
stp,1987,21.2021999359131
stp,1988,23.6063804626465
stp,1990,24.2796001434326
stp,1999,22.6493091583252
stp,2001,26.3061103820801
stp,2002,26.554479598999
stp,2003,24.0202293395996
stp,2004,28.6092700958252
stp,2005,28.7937297821045
stp,2007,38.892578125
stp,2008,40.4543685913086
stp,2009,42.8841094970703
stp,2010,37.670051574707
stp,2011,51.4926300048828
stp,2012,50.8818588256836
stp,2013,45.9114990234375
stp,2014,39.8491706848145
stp,2015,48.791130065918
stp,2016,51.8854713439941
sur,1971,74.4646835327148
sur,1972,77.9658432006835
sur,1973,66.2407073974609
sur,1974,77.6650924682617
sur,1975,79.3967437744141
sur,1976,71.5358505249023
sur,1977,89.3565826416016
sur,1978,96.4507904052734
sur,1979,96.5293273925781
sur,1981,92.2715911865234
sur,1985,103.922996520996
sur,1986,105.411567687988
sur,1987,95.2953262329102
sur,1988,91.7140731811523
sur,1989,94.0378036499023
sur,1990,81.3314208984375
sur,1991,82.0922317504883
sur,1992,83.7812805175781
sur,1993,88.3037185668945
sur,1994,96.5626983642578
sur,2001,71.1075592041016
sur,2002,79.3358306884766
sur,2005,82.6091079711914
sur,2006,82
sur,2007,79.0094985961914
sur,2008,86.1455764770508
sur,2009,88.8767318725585
sur,2010,80.5734405517578
sur,2011,81.0710678100585
sur,2012,87.3565521240234
sur,2013,92.3290710449219
sur,2014,91.7891998291016
sur,2015,90.0827331542969
svk,2000,85.8092193603516
svk,2001,82.5574264526367
svk,2002,85.206428527832
svk,2003,90.2303924560547
svk,2004,95.9630966186523
svk,2005,98.2930221557617
svk,2006,95.4502182006835
svk,2007,95.5650787353516
svk,2008,94.7395935058594
svk,2009,92.9249572753906
svk,2010,92.7278366088867
svk,2011,92.0239791870117
svk,2012,92.6989593505859
svk,2013,93.415657043457
svk,2014,92.8850173950195
svk,2015,94.5776062011719
svn,1981,53.3974800109863
svn,1982,55.690299987793
svn,1983,58.2835502624512
svn,1984,59.350830078125
svn,1985,59.8848304748535
svn,1986,57.5796203613281
svn,1987,59.3773918151855
svn,1988,62.6637802124023
svn,1989,63.2347106933594
svn,1990,63.9318084716797
svn,1991,64.6690521240234
svn,1992,49.4217681884766
svn,1993,54.4717407226563
svn,1994,58.0505714416504
svn,1995,60.5079612731934
svn,1996,62.3515586853027
svn,1997,64.3176498413085
svn,1998,64.2857131958008
svn,1999,78.3844375610352
svn,2000,82.3078308105469
svn,2001,76.1892166137695
svn,2002,74.9009170532227
svn,2003,68.4641418457031
svn,2004,59.1821212768555
svn,2005,79.8467025756835
svn,2006,83.145408630371
svn,2007,82.8741226196289
svn,2008,85.2613220214844
svn,2009,86.6192092895508
svn,2010,89.5480117797852
svn,2011,92.7310485839844
svn,2012,95.727668762207
svn,2013,95.419578552246
svn,2014,94.5895690917969
swe,1994,62.9172286987305
swe,1995,64.9329299926758
swe,1996,69.4765777587891
swe,1997,70.1290817260742
swe,1998,70.682243347168
swe,1999,75.4580764770508
swe,2000,73.9872436523438
swe,2001,74.0245971679688
swe,2002,75.949607849121
swe,2003,82.4792709350585
swe,2004,91.4507675170898
swe,2005,94.7617874145508
swe,2006,92.0588912963867
swe,2007,96.7334899902344
swe,2008,97.2310104370117
swe,2009,94.9899291992188
swe,2010,95.3858032226563
swe,2011,95.2113800048828
swe,2012,95.135612487793
swe,2013,95.4411468505859
swe,2014,95.8992691040039
swe,2015,93.9702987670898
swz,1976,2.6434600353241
swz,1990,9.15762042999268
swz,2010,21.9287395477295
swz,2011,25.0981006622314
syc,1973,41.26416015625
syc,1974,41.4183616638184
syc,1976,51.7383613586426
syc,1978,58.6107902526855
syc,1979,51.6847496032715
syc,1986,99.0058517456055
syc,1987,96.3688812255859
syc,1988,98.0011367797852
syc,1989,98.917381286621
syc,1990,98.7951812744141
syc,1991,95.7008209228516
syc,1992,95.6860427856445
syc,1993,96.7878799438477
syc,1994,99.3296813964844
syc,1995,101.463409423828
syc,1996,103.050636291504
syc,1997,103.19017791748
syc,1998,105.263160705566
syc,1999,102.695922851563
syc,2000,101.084182739258
syc,2001,95.5263214111328
syc,2002,98.8474578857422
syc,2003,95.7756195068359
syc,2004,109.07820892334
syc,2005,95.7300262451172
syc,2007,99.8634796142578
syc,2008,102.322402954102
syc,2009,101.864639282227
syc,2010,107.436256408691
syc,2011,102.301963806152
syc,2012,95.6746292114258
syc,2013,90.222770690918
syc,2014,93.0497283935547
syc,2015,88.2178802490234
syr,1971,4.40650987625122
syr,1972,4.58451986312866
syr,1973,4.60571002960205
syr,1974,4.19378995895386
syr,1975,4.73067998886108
syr,1976,4.56771993637084
syr,1977,4.83163022994995
syr,1978,4.03341007232666
syr,1979,4.02000999450684
syr,1980,3.74201011657715
syr,1981,3.74800992012024
syr,1982,4.10870981216431
syr,1983,4.73885011672974
syr,1984,5.23300981521606
syr,1985,5.77717018127441
syr,1986,5.83540010452271
syr,1987,6.51492977142333
syr,1988,6.74663019180298
syr,1989,6.61093997955322
syr,1990,7.32941007614136
syr,1991,7.04232978820801
syr,1992,7.15616989135742
syr,1993,7.47324991226196
syr,1994,7.41677999496459
syr,1995,7.40431976318359
syr,1996,7.56594991683959
syr,1997,7.89495992660522
syr,1998,8.17389011383057
syr,1999,8.68700981140137
syr,2000,9.03250980377197
syr,2001,9.29594039916992
syr,2002,9.51556968688965
syr,2003,9.97474002838135
syr,2004,10.4080400466919
syr,2005,10.5505399703979
syr,2006,10.7639904022217
syr,2007,10.0234804153442
syr,2008,10.4305801391602
syr,2009,10.0350198745728
syr,2010,10.2707300186157
syr,2011,11.963399887085
syr,2012,11.6337900161743
syr,2013,5.98077011108398
tcd,1995,0.255870014429092
tcd,2010,1.77574002742767
tcd,2011,1.86145997047424
tcd,2012,1.49644005298615
tcd,2013,0.848659992218018
tgo,1971,5.18591022491455
tgo,1972,2.96444010734558
tgo,1973,3.19809007644653
tgo,1974,3.32915997505187
tgo,1975,2.82181000709534
tgo,1976,2.83010005950928
tgo,1977,2.28166007995605
tgo,1978,2.50673007965088
tgo,1979,2.69176006317139
tgo,1980,2.47913002967834
tgo,1981,2.79668998718262
tgo,1982,3.17265009880066
tgo,1983,3.16342997550964
tgo,1984,2.96930003166199
tgo,1985,2.86104989051819
tgo,1986,2.99761009216309
tgo,1987,2.9470100402832
tgo,1988,3.00944995880127
tgo,1989,2.64839005470276
tgo,1990,2.84429001808167
tgo,1991,2.90689992904663
tgo,1994,2.5868399143219
tgo,1995,2.48545002937317
tgo,1996,2.51237010955811
tgo,1997,2.51969003677368
tgo,1998,2.47952008247375
tgo,1999,2.55880999565125
tgo,2000,2.05393004417419
tgo,2001,2.30487990379334
tgo,2002,2.5552499294281
tgo,2003,2.68499994277954
tgo,2004,3.06392002105713
tgo,2006,3.85975003242493
tgo,2007,4.19600009918213
tgo,2008,4.64094018936157
tgo,2009,7.04717016220093
tgo,2010,7.23548984527588
tgo,2011,9.0817699432373
tgo,2012,10.5391798019409
tgo,2013,13.4762802124023
tgo,2014,14.8126802444458
tgo,2015,17.291919708252
tha,1971,3.96899008750916
tha,1973,4.32321977615356
tha,1974,4.56222009658813
tha,1975,5.04568004608154
tha,1976,5.64963006973267
tha,1977,6.34274005889893
tha,1978,6.85881996154785
tha,1981,9.77093029022217
tha,1991,44.3649597167969
tha,1992,46.9801712036133
tha,1993,52.1262893676758
tha,2014,72.970703125
tha,2015,73.7329711914063
tjk,1991,23.296329498291
tjk,1992,20.4098892211914
tjk,1993,15.8442001342773
tjk,1994,15.6374197006226
tjk,1995,15.9859800338745
tjk,1996,10.6804800033569
tjk,1997,10.1618604660034
tjk,1998,9.25586032867432
tjk,1999,8.78964996337891
tjk,2000,7.81657981872559
tjk,2001,8.18632030487061
tjk,2002,8.71012020111083
tjk,2003,8.75885963439941
tjk,2004,9.28164005279541
tjk,2005,9.25699043273926
tjk,2006,9.42395973205566
tjk,2007,9.32546043395996
tjk,2008,9.54557991027832
tjk,2009,9.38090991973876
tjk,2010,9.15130996704102
tjk,2011,9.73525047302246
tjk,2013,10.8259696960449
tjk,2015,11.1159000396729
tjk,2016,11.7555999755859
tkm,2014,63.7690582275391
tls,2005,9.44509029388428
tls,2013,14.1586198806763
tls,2014,16.6044998168945
tls,2015,18.2158908843994
ton,1975,5.55822992324829
ton,1998,19.2673492431641
ton,1999,25.9113693237305
ton,2004,17.9393501281738
ton,2012,35.6810913085938
ton,2014,38.8303718566895
tto,2000,59.9453506469727
tto,2001,62.4367713928223
tto,2003,78.6797790527344
tto,2004,85.7449111938477
tto,2005,88.9197769165039
tto,2007,83.016471862793
tun,1996,11.3213901519775
tun,1998,13.1855602264404
tun,1999,14.5308799743652
tun,2000,16.1176300048828
tun,2001,17.434850692749
tun,2002,20.5874900817871
tun,2013,40.0396690368652
tun,2014,42.4665107727051
tun,2015,43.9548301696777
tur,1971,0.224559992551804
tur,1972,0.277330011129379
tur,1973,0.293410003185272
tur,1974,0.28914999961853
tur,1975,0.247370004653931
tur,1978,0.222010001540184
tur,1979,0.239549994468689
tur,1981,0.206929996609688
tur,1982,0.236780002713203
tur,1983,0.243249997496605
tur,1984,0.249129995703697
tur,1985,3.16160011291504
tur,1986,4.53493976593018
tur,1987,4.03589010238647
tur,1988,3.9698600769043
tur,1989,4.09385013580322
tur,1990,4.35222005844116
tur,1991,4.64203977584839
tur,1992,5.18675994873047
tur,1993,5.34068012237549
tur,1994,5.73644018173218
tur,1995,5.91344976425171
tur,1997,7.1128101348877
tur,1998,7.43171977996826
tur,1999,7.01498985290527
tur,2000,6.71846008300781
tur,2001,6.87814998626708
tur,2002,7.60767984390259
tur,2003,8.30088043212891
tur,2004,9.1717700958252
tur,2005,11.1539697647095
tur,2006,14.1153697967529
tur,2007,16.5994091033936
tur,2008,18.3841705322266
tur,2009,21.36669921875
tur,2010,26.0411796569824
tur,2011,29.5457496643066
tur,2012,30.7047996520996
tur,2013,28.1764907836914
tur,2014,27.5344104766846
tur,2015,29.7338790893555
tuv,2001,91.6883087158203
tuv,2005,87.365592956543
tuv,2006,94.1988983154297
tuv,2014,92.8571395874023
tuv,2015,96.3768081665039
tza,2004,23.8313999176025
tza,2005,26.304370880127
tza,2006,26.4685497283936
tza,2007,29.9419498443604
tza,2008,33.322811126709
tza,2009,32.179370880127
tza,2010,32.2712707519531
tza,2011,35.7677993774414
tza,2012,34.4804611206055
tza,2013,32.1542205810547
tza,2014,31.6774196624756
tza,2015,31.4109497070313
uga,2007,10.3490695953369
uga,2008,11.9520998001099
uga,2010,13.5426197052002
uga,2012,9.20308017730713
uga,2013,10.8186597824097
uga,2014,10.6363801956177
uga,2015,11.4109497070313
ukr,1986,66.7719497680664
ukr,1989,68.1826705932617
ukr,1990,69.5779571533203
ukr,1991,68.5832214355469
ukr,1992,66.9867782592773
ukr,1993,62.4974517822266
ukr,1994,61.2622489929199
ukr,1999,51.3880615234375
ukr,2000,52.108211517334
ukr,2001,51.3017082214355
ukr,2002,53.1676406860352
ukr,2003,76.626220703125
ukr,2004,80.3990783691406
ukr,2005,84.749153137207
ukr,2006,89.138671875
ukr,2007,95.1593322753906
ukr,2008,101.263191223145
ukr,2009,106.043579101563
ukr,2010,105.31031036377
ukr,2011,107.098098754883
ukr,2012,105.17756652832
ukr,2013,85.722770690918
umc,1983,21.5204792022705
umc,1984,23.106840133667
umc,1985,25.4231300354004
umc,1986,27.7745990753174
umc,1987,30.3752098083496
umc,1988,31.5323791503906
umc,1989,31.4124202728271
umc,1990,31.4418106079102
umc,1991,30.7607898712158
umc,1992,31.5148792266846
umc,1993,31.7831192016602
umc,1994,31.2007808685303
umc,1995,31.925479888916
umc,1996,32.7117881774902
umc,1997,41.1169013977051
umc,1998,42.1678199768066
umc,1999,43.605640411377
umc,2000,44.8899917602539
umc,2001,46.0586090087891
umc,2002,45.8582305908203
umc,2003,47.9910011291504
umc,2004,50.0852012634277
umc,2005,52.3235816955566
umc,2006,55.3940200805664
umc,2007,55.9745597839355
umc,2008,57.6575813293457
umc,2009,58.5472183227539
umc,2010,59.5206108093262
umc,2011,63.5700416564941
umc,2012,68.5680389404297
umc,2013,71.5279693603516
umc,2014,74.3177871704102
umc,2015,76.0960235595703
ury,1974,25.1273002624512
ury,1978,23.9307594299316
ury,1979,25.4437294006348
ury,1985,32.6836395263672
ury,1986,33.8118209838867
ury,1989,42.0322685241699
ury,1991,42.2064018249512
ury,1992,41.6983184814453
ury,1993,40.2609710693359
ury,1994,42.0901489257813
ury,1995,40.9591407775879
ury,1996,44.3467407226563
ury,1997,50.922908782959
ury,1998,55.6665992736816
ury,1999,58.8244895935059
ury,2000,62.6426086425781
ury,2001,63.8257713317871
ury,2002,65.9678573608398
ury,2003,65.2318115234375
ury,2004,67.0183334350585
ury,2005,75.4966583251953
ury,2006,78.9310684204102
ury,2007,80.1568222045898
ury,2008,85.666648864746
ury,2009,88.6092987060547
ury,2010,88.5630111694335
ury,2013,87.6835708618164
ury,2014,88.0081405639648
usa,1981,53.727481842041
usa,1982,53.9646797180176
usa,1983,53.8509292602539
usa,1986,59.8600082397461
usa,1987,62.6017417907715
usa,1988,63.9776992797852
usa,1989,60.7130889892578
usa,1990,61.899169921875
usa,1991,66.233772277832
usa,1995,72.6855926513672
usa,1996,73.4049987792969
usa,1998,59.5296096801758
usa,1999,60.9107208251953
usa,2000,59.0397682189941
usa,2002,64.121452331543
usa,2004,66.4106216430664
usa,2005,73.2387771606445
usa,2010,69.367561340332
usa,2011,70.8767318725585
usa,2012,72.7259521484375
usa,2013,71.4266204833984
usa,2014,71.3213119506835
usa,2015,71.506233215332
uzb,1991,59.3907814025879
uzb,1992,57.1136283874512
uzb,1993,50.1192398071289
uzb,1994,47.1502799987792
uzb,1995,43.0137405395508
uzb,1996,38.3729705810547
uzb,1997,30.7788906097412
uzb,1998,28.1626091003418
uzb,1999,25.5374393463135
uzb,2000,25.6975803375244
uzb,2001,27.4472103118896
uzb,2002,28.6892795562744
uzb,2003,29.3013000488281
uzb,2004,27.5802593231201
uzb,2005,27.9180507659912
uzb,2006,28.0457000732422
uzb,2007,28.6187496185303
uzb,2008,27.2867908477783
uzb,2009,26.2398891448975
uzb,2010,25.9840793609619
uzb,2011,25.2783794403076
uzb,2012,25.1428909301758
uzb,2013,24.9258804321289
uzb,2014,25.0336608886719
uzb,2015,26.4447803497314
uzb,2016,26.4231395721436
vct,1982,16.8070106506348
vct,1987,38.0559501647949
vct,1991,43.459300994873
vct,2004,93.5897369384766
vct,2009,79.139778137207
vct,2013,77.1721496582031
vct,2014,68.0279388427734
vct,2015,92.8807907104492
ven,1971,4.21859979629517
ven,1972,5.91152000427246
ven,1973,7.05453014373779
ven,1974,7.58835983276367
ven,1975,12.4811096191406
ven,1976,18.2595806121826
ven,1979,26.5533103942871
ven,1982,35.4244804382324
ven,1984,37.8245391845703
ven,1985,38.341178894043
ven,1986,38.8563385009766
ven,1987,36.5277900695801
ven,1988,36.2402992248535
ven,1989,35.8410301208496
ven,1990,36.0646781921387
ven,1991,39.5244293212891
ven,1992,41.1652297973633
ven,1993,40.8837203979492
ven,1994,40.9068183898926
ven,1995,42.2781181335449
ven,1996,40.6223907470703
ven,1997,43.2596015930176
ven,1999,43.5506210327148
ven,2000,47.3709907531738
ven,2001,49.365291595459
ven,2002,51.051830291748
ven,2003,52.1807594299316
ven,2004,53.7985916137695
ven,2005,57.1536407470703
ven,2006,59.1818618774414
ven,2007,61.1123313903809
ven,2008,68.3840408325195
ven,2009,79.6088027954102
ven,2010,70.3234481811523
ven,2011,71.2549514770508
ven,2012,72.0025329589844
ven,2013,75.3241577148438
ven,2014,72.7349624633789
ven,2015,75.0426635742188
vnm,1977,20.7208099365234
vnm,1979,24.5088691711426
vnm,1980,31.8524894714355
vnm,1981,32.2971496582031
vnm,1985,32.8003387451172
vnm,1986,32.4435501098633
vnm,1996,33.739200592041
vnm,1997,36.6084594726563
vnm,1998,37.0192108154297
vnm,1999,41.0430107116699
vnm,2000,40.9446487426758
vnm,2001,41.5981903076172
vnm,2002,44.9388084411621
vnm,2003,50.1244316101074
vnm,2004,54.144588470459
vnm,2005,61.4701194763184
vnm,2006,71.6414413452148
vnm,2007,73.613410949707
vnm,2008,67.5430221557617
vnm,2009,69.8264389038085
vnm,2010,72.0513229370117
vnm,2011,76.7079620361328
vnm,2012,80.1921997070313
vnm,2013,84.7234268188477
vnm,2014,82.7106170654297
vnm,2015,84.1234512329102
vut,1970,2.65610003471375
vut,1971,4.21076011657715
vut,1972,5.4172101020813
vut,1973,5.14455986022949
vut,1974,5.97045993804932
vut,1976,10.8372497558594
vut,1977,12.5070600509644
vut,1978,12.8522100448608
vut,1980,10.905309677124
vut,1981,9.51819038391113
vut,1998,76.8530578613281
vut,1999,74.2695388793945
vut,2001,79.0228424072266
vut,2007,97.1835708618164
vut,2008,101.825416564941
vut,2009,95.3292617797852
vut,2010,93.3861618041992
vut,2013,97.7771530151367
vut,2015,103.044006347656
wld,1970,16.5812797546387
wld,1971,16.3368701934814
wld,1972,16.1425590515137
wld,1973,16.2334098815918
wld,1974,16.4414100646973
wld,1975,17.0896701812744
wld,1976,18.8246994018555
wld,1977,21.9036693572998
wld,1978,20.616849899292
wld,1979,20.7952499389648
wld,1980,21.7586002349854
wld,1981,23.2281303405762
wld,1982,23.579080581665
wld,1983,24.5315494537354
wld,1984,25.5070705413818
wld,1985,26.7207202911377
wld,1986,28.0579299926758
wld,1987,29.2812595367432
wld,1988,30.0427494049072
wld,1989,29.7514801025391
wld,1990,29.7110404968262
wld,1991,29.534610748291
wld,1992,29.7641105651855
wld,1993,29.8553009033203
wld,1994,29.6838607788086
wld,1995,30.081729888916
wld,1996,30.4685592651367
wld,1997,33.3720512390137
wld,1998,30.9359493255615
wld,1999,31.2613906860352
wld,2000,31.4297199249268
wld,2001,31.5778102874756
wld,2002,31.5603904724121
wld,2003,32.2916984558105
wld,2004,33.0038604736328
wld,2005,34.2722206115723
wld,2006,36.1831016540527
wld,2007,36.8862609863281
wld,2008,38.1172409057617
wld,2009,38.6222381591797
wld,2010,39.0666389465332
wld,2011,41.2602386474609
wld,2012,44.0223388671875
wld,2013,46.2241897583008
wld,2014,47.8591918945313
wld,2015,48.8442497253417
wsm,1970,0.736349999904633
wsm,1973,12.9388704299927
wsm,1974,16.4246807098389
wsm,1975,17.4041309356689
wsm,1976,19.2834396362305
wsm,1998,48.5494995117188
wsm,2000,45.9992599487305
wsm,2001,46.2246398925781
wsm,2007,42.8176803588867
wsm,2008,40.1422386169434
wsm,2009,39.3251800537109
wsm,2010,32.8557395935059
wsm,2011,36.8461418151855
wsm,2012,32.3496513366699
wsm,2014,34.9785003662109
wsm,2015,39.488151550293
yem,1991,0.745310008525848
yem,1992,0.730270028114319
yem,1994,0.771210014820099
yem,1996,0.696550011634827
yem,1999,0.713240027427673
yem,2001,0.601320028305054
yem,2003,0.819230020046234
yem,2004,0.881089985370635
yem,2005,1.03618001937866
yem,2008,1.26974999904633
yem,2010,1.31629002094269
yem,2011,1.5218700170517
yem,2013,1.42822003364563
zaf,1994,28.0496597290039
zaf,1996,31.4409503936768
zaf,1998,23.9013500213623
zaf,1999,19.5792999267578
zaf,2000,29.820930480957
zaf,2001,33.0343894958496
zaf,2002,28.2930698394775
zaf,2003,30.0298500061035
zaf,2004,33.0833892822266
zaf,2005,37.6004905700684
zaf,2006,41.1514587402344
zaf,2007,46.9326286315917
zaf,2008,54.6243095397949
zaf,2009,65.1287231445313
zaf,2010,75.5898284912109
zaf,2011,74.9694976806641
zaf,2012,78.9912872314453
zaf,2013,76.6066436767578
zaf,2014,76.5833892822266
zwe,1995,31.3866996765137
zwe,2000,60.0250015258789
zwe,2002,54.9095497131348
zwe,2003,68.2001495361328
zwe,2012,41.039680480957
zwe,2013,41.9995613098145
