country,year,uis_sle_1_m
abw,1999,6.85110998153687
abw,2000,6.82374000549316
abw,2001,6.75194978713989
abw,2002,6.92975997924805
abw,2003,6.85516023635864
abw,2004,6.9636402130127
abw,2005,6.90792989730835
abw,2006,6.98513984680176
abw,2007,7.02394008636475
abw,2008,6.87090015411377
abw,2009,6.89003992080688
abw,2010,6.82790994644165
abw,2011,6.40281009674072
abw,2012,6.16659021377563
abw,2013,7.00479984283447
abw,2014,7.10956001281738
afg,1970,3.17722010612488
afg,1971,3.27725005149841
afg,1972,3.2964301109314
afg,1973,3.31159996986389
afg,1974,3.48590993881226
afg,1975,3.33491992950439
afg,1976,3.41511988639832
afg,1977,3.47056007385254
afg,1978,3.59870004653931
afg,1980,4.30597019195557
afg,1981,4.63819980621338
afg,1982,1.39855003356934
afg,1984,1.82197999954224
afg,1985,1.97108995914459
afg,1986,2.05318999290466
afg,1988,2.64422988891602
afg,1989,2.42010998725891
afg,1990,2.30687999725342
afg,1991,2.20040011405945
afg,1993,2.75804996490479
afg,1994,3.39644002914429
afg,1995,3.62067008018494
afg,1999,2.90570998191834
afg,2002,6.02948999404907
afg,2003,7.5538501739502
afg,2004,9.20322036743164
afg,2005,7.82215976715088
afg,2006,7.89914989471436
afg,2007,7.93346977233887
afg,2008,7.73821020126343
afg,2009,7.33896017074585
afg,2010,7.47824001312256
afg,2011,7.1512598991394
afg,2012,7.5453200340271
afg,2013,7.72218990325928
afg,2014,7.86070013046265
ago,1971,3.04365992546082
ago,1972,3.27116990089417
ago,1982,5.89429998397827
ago,1983,5.40592002868652
ago,1986,3.56514000892639
ago,1987,3.59701991081238
ago,1988,3.60843992233276
ago,1989,3.57684993743896
ago,1990,3.26928997039795
ago,1991,3.00588989257813
ago,1992,2.98657989501953
ago,1998,3.66584992408752
ago,2008,7.71029996871948
ago,2009,7.68611001968384
ago,2010,7.99035978317261
ago,2011,9.92442989349365
alb,1976,4.88743019104004
alb,1978,4.68618011474609
alb,1979,4.57462978363037
alb,1980,4.35918998718262
alb,1981,4.26824998855591
alb,1982,4.1965799331665
alb,1983,4.12855005264282
alb,1984,4.20160007476807
alb,1985,4.19027996063232
alb,1986,4.17622995376587
alb,1987,4.12515020370483
alb,1988,3.99062991142273
alb,1989,3.99743008613586
alb,1990,4.00637006759644
alb,1991,4.08403015136719
alb,1992,3.99617004394531
alb,1993,3.92074990272522
alb,1994,4.13215017318726
alb,1995,4.27123022079468
alb,1996,4.35028982162476
alb,1997,4.43696022033691
alb,1998,4.39660978317261
alb,1999,4.31176996231079
alb,2000,4.21283006668091
alb,2001,4.12270021438599
alb,2002,4.10556983947754
alb,2003,3.99552989006042
alb,2004,3.91503000259399
alb,2005,4.07602977752686
alb,2006,3.99253010749817
alb,2007,3.9792799949646
alb,2008,3.9653000831604
alb,2009,4.86425018310547
alb,2010,4.92637014389038
alb,2011,5.06532001495361
alb,2012,5.23009014129639
alb,2013,5.38763999938965
alb,2014,5.60584020614624
and,1975,4.27181005477905
and,1983,5.82905006408691
arb,1970,4.76500177383423
arb,1971,4.77559947967529
arb,1972,4.86642980575562
arb,1973,4.96590232849121
arb,1974,4.97504186630249
arb,1975,5.0769510269165
arb,1976,5.18179130554199
arb,1977,5.22249555587769
arb,1978,5.20917987823486
arb,1979,5.24669599533081
arb,1980,5.27969455718994
arb,1981,5.24452018737793
arb,1982,5.26539373397827
arb,1983,5.31346225738525
arb,1984,5.34509944915771
arb,1985,5.32088279724121
arb,1986,5.33285284042358
arb,1987,5.37306261062622
arb,1988,5.40846872329712
arb,1989,5.35326671600342
arb,1990,5.1499285697937
arb,1991,5.26161003112793
arb,1992,5.07437705993652
arb,1993,5.09976243972778
arb,1994,5.25573968887329
arb,1995,5.14048910140991
arb,1996,5.34638071060181
arb,1997,5.30291700363159
arb,1998,5.32005310058594
arb,1999,5.37733745574951
arb,2000,5.39685916900635
arb,2001,5.43481302261353
arb,2002,5.50155448913574
arb,2003,5.44511604309082
arb,2004,5.46707010269165
arb,2005,5.71335554122925
arb,2006,5.77794027328491
arb,2007,5.82146406173706
arb,2008,5.86766147613525
arb,2009,5.8210597038269
arb,2010,5.85528421401978
arb,2011,5.868492603302
arb,2012,5.93433332443237
arb,2013,5.84771347045898
arb,2014,5.82290077209473
are,1971,5.59665012359619
are,1972,6.17101001739502
are,1973,6.13025999069214
are,1974,5.81605005264282
are,1975,5.61305999755859
are,1976,5.99874019622803
are,1977,6.14411020278931
are,1978,6.1824197769165
are,1979,5.63411998748779
are,1980,5.85095977783203
are,1981,5.81690979003906
are,1982,5.95171022415161
are,1983,5.58690023422241
are,1984,5.6350998878479
are,1985,5.62330007553101
are,1986,5.62237977981567
are,1987,6.01112985610962
are,1988,6.190269947052
are,1989,6.49015998840332
are,1990,6.76041984558105
are,1991,6.82797002792358
are,1992,6.52529001235962
are,1993,6.30341005325317
are,1994,6.36738014221191
are,1995,6.40032005310059
are,1996,6.24085998535156
are,1997,6.03076982498169
are,1998,5.82580995559692
are,1999,5.69715023040771
are,2003,5.0388298034668
are,2004,5.26559019088745
are,2005,5.29157018661499
are,2006,5.09557008743286
are,2007,5.07000017166138
are,2009,4.78237009048462
are,2010,4.86990976333618
are,2011,4.87961006164551
are,2012,4.95972013473511
are,2013,4.93314981460571
are,2014,5.24494981765747
arg,1970,7.39160013198853
arg,1971,7.43054008483887
arg,1972,7.41700983047485
arg,1973,7.37399005889893
arg,1974,7.46471977233887
arg,1975,7.45793008804321
arg,1976,7.43367004394531
arg,1977,7.49838018417358
arg,1978,7.4293098449707
arg,1979,7.51401996612549
arg,1980,7.51799011230469
arg,1981,7.58310985565186
arg,1982,7.60906982421875
arg,1984,7.42712020874023
arg,1985,7.39677000045776
arg,1986,7.48320007324219
arg,1987,7.46679019927979
arg,1988,7.31969022750854
arg,1990,7.50362014770508
arg,1991,7.75017976760864
arg,1996,7.84050989151001
arg,1997,7.58276987075806
arg,1998,6.83136987686157
arg,1999,7.02133989334106
arg,2000,7.12075996398926
arg,2001,7.15701007843018
arg,2002,7.19666004180908
arg,2003,7.05841016769409
arg,2004,7.13747978210449
arg,2005,7.09242010116577
arg,2006,7.18134021759033
arg,2007,7.20046997070313
arg,2008,7.21208000183105
arg,2009,7.14427995681763
arg,2010,7.08702993392944
arg,2011,6.96860980987549
arg,2012,6.85998010635376
arg,2013,6.69996976852417
arm,1991,2.99809002876282
arm,1992,2.92758989334106
arm,1993,3.03156995773315
arm,1994,3.72102999687195
arm,1995,3.59519004821777
arm,1996,3.63726997375488
arm,1997,3.69484996795654
arm,1999,3.78636002540588
arm,2000,2.96145009994507
arm,2001,3.0414400100708
arm,2002,2.8622899055481
arm,2003,2.8149299621582
arm,2004,2.79267001152039
arm,2005,2.76928997039795
arm,2006,2.853600025177
arm,2007,3.15640997886658
arm,2008,3.04590010643005
arm,2009,2.85667991638184
atg,1971,5.88287019729614
atg,1974,5.76199007034302
atg,1975,6.35400009155273
atg,1976,6.56340980529785
atg,1977,6.01695013046265
atg,1978,5.93278980255127
atg,1979,5.44443988800049
atg,1984,8.4736795425415
atg,1992,7.31228017807007
atg,2007,7.43403005599976
atg,2008,7.50794982910156
atg,2009,7.34170007705688
atg,2010,7.52754020690918
atg,2011,7.29551982879639
atg,2012,7.02909994125366
atg,2014,7.03453016281128
aus,1971,6.66447019577026
aus,1972,6.61951017379761
aus,1973,6.57994985580444
aus,1974,6.27729988098145
aus,1975,6.46186017990112
aus,1976,6.5221700668335
aus,1977,6.64277982711792
aus,1978,6.71216011047363
aus,1979,6.69717979431152
aus,1980,6.66156005859375
aus,1981,6.58966016769409
aus,1982,6.51633977890015
aus,1983,6.43212985992432
aus,1984,6.3815598487854
aus,1985,6.25620985031128
aus,1986,6.27701997756958
aus,1987,6.29982995986938
aus,1988,6.33581018447876
aus,1989,6.3609299659729
aus,1990,6.36393976211548
aus,1991,6.35699987411499
aus,1992,6.34762001037598
aus,1993,6.34159994125366
aus,1994,6.33302021026611
aus,1995,7.06759977340698
aus,1996,7.08153009414673
aus,1997,7.04693984985352
aus,1998,7.01283979415894
aus,1999,6.97391986846924
aus,2000,6.96266984939575
aus,2001,6.94213008880615
aus,2002,6.99853992462158
aus,2003,6.99858999252319
aus,2004,7.03763008117676
aus,2005,7.07872009277344
aus,2006,7.13111019134521
aus,2007,7.28871011734009
aus,2008,7.30636978149414
aus,2009,7.34274005889893
aus,2010,7.38794994354248
aus,2011,7.42291021347046
aus,2012,7.4764199256897
aus,2013,7.49813985824585
aut,1971,4.16121006011963
aut,1972,4.13345003128052
aut,1973,4.06287002563477
aut,1974,4.01039981842041
aut,1975,4.0033597946167
aut,1976,3.98723006248474
aut,1977,3.99488997459412
aut,1978,3.90922999382019
aut,1979,3.88618993759155
aut,1980,3.86494994163513
aut,1981,3.87292003631592
aut,1982,3.91231989860535
aut,1983,3.90161991119385
aut,1984,3.90191006660461
aut,1985,3.88228988647461
aut,1986,4.00759983062744
aut,1987,4.0732798576355
aut,1988,4.18900012969971
aut,1989,4.2581901550293
aut,1990,4.22712993621826
aut,1991,4.17611980438232
aut,1992,4.17424011230469
aut,1993,4.14875984191895
aut,1994,4.11452007293701
aut,1995,4.1185998916626
aut,1996,4.11623001098633
aut,1997,4.13618993759155
aut,1998,4.16870021820068
aut,1999,4.18591022491455
aut,2000,4.18708992004395
aut,2001,4.14981985092163
aut,2002,4.06607007980347
aut,2003,4.00852012634277
aut,2004,3.98583006858826
aut,2005,3.98196005821228
aut,2006,4.02234983444214
aut,2007,4.03915023803711
aut,2008,4.01768016815186
aut,2009,3.99703001976013
aut,2010,3.99360990524292
aut,2011,3.9894700050354
aut,2012,4.02873992919922
aut,2013,4.07010984420776
aut,2014,4.09324979782104
aze,1991,3.24823999404907
aze,1992,3.21079993247986
aze,1993,3.21774005889893
aze,1994,3.32340002059937
aze,1995,3.09845995903015
aze,1996,3.57146000862122
aze,1997,3.81609010696411
aze,1998,3.74292993545532
aze,1999,3.81810998916626
aze,2000,3.91441011428833
aze,2001,3.97197008132935
aze,2002,3.93445992469788
aze,2003,3.90451002120972
aze,2004,3.89148998260498
aze,2005,3.85431003570557
aze,2006,3.83393001556396
aze,2007,3.74408006668091
aze,2008,3.74861001968384
aze,2009,3.80014991760254
aze,2010,3.76654005050659
aze,2011,3.85211992263794
aze,2012,3.95951008796692
aze,2013,4.08022022247314
aze,2014,4.24457979202271
bdi,1971,2.68565988540649
bdi,1972,2.57255005836487
bdi,1973,1.8620799779892
bdi,1974,1.63789999485016
bdi,1975,1.64620995521545
bdi,1976,1.61544001102448
bdi,1977,1.61734998226166
bdi,1978,1.77796995639801
bdi,1979,1.75269997119904
bdi,1980,1.94467997550964
bdi,1981,2.12322998046875
bdi,1982,2.50190997123718
bdi,1983,3.01473999023438
bdi,1984,3.36189007759094
bdi,1985,3.65116000175476
bdi,1986,3.91100001335144
bdi,1987,4.32902002334595
bdi,1988,4.7716498374939
bdi,1989,4.49699020385742
bdi,1990,4.48647022247314
bdi,1991,4.48793983459473
bdi,1992,4.30899000167847
bdi,1993,4.53759002685547
bdi,1995,3.21407008171082
bdi,1996,2.44713997840881
bdi,1997,2.54573011398315
bdi,1998,3.08893990516663
bdi,1999,3.7121000289917
bdi,2000,3.9506299495697
bdi,2001,4.08795022964478
bdi,2002,4.46749019622803
bdi,2003,4.77648019790649
bdi,2004,5.04813003540039
bdi,2005,5.2568302154541
bdi,2006,6.44343996047974
bdi,2007,7.0745701789856
bdi,2008,7.4020299911499
bdi,2009,7.93572998046875
bdi,2010,8.22171020507813
bdi,2011,8.41788959503174
bdi,2012,8.29096984863281
bdi,2013,8.12621021270752
bdi,2014,7.86333990097046
bel,1971,6.5084400177002
bel,1972,6.46800994873047
bel,1973,6.06665992736816
bel,1974,6.26362991333008
bel,1975,6.30637979507446
bel,1976,6.37173986434937
bel,1977,6.37140989303589
bel,1978,6.41546010971069
bel,1979,6.32808017730713
bel,1980,6.33315992355347
bel,1981,6.28144979476929
bel,1982,6.22875022888184
bel,1983,6.00832986831665
bel,1984,5.93914985656738
bel,1985,5.88955020904541
bel,1986,5.91302013397217
bel,1987,5.95724010467529
bel,1988,6.01679992675781
bel,1989,6.03888988494873
bel,1990,6.00424003601074
bel,1991,5.93875980377197
bel,1992,5.86195993423462
bel,1993,6.13326978683472
bel,1994,6.09673976898193
bel,1995,6.09407997131348
bel,1996,6.10478019714355
bel,1999,6.24873018264771
bel,2000,6.31268978118896
bel,2001,6.27679014205933
bel,2002,6.22674989700317
bel,2003,6.18622016906738
bel,2004,6.08272981643677
bel,2005,6.07474994659424
bel,2006,6.1099100112915
bel,2007,6.15823984146118
bel,2008,6.20106983184814
bel,2009,6.20690011978149
bel,2010,6.19331979751587
bel,2011,6.19195985794067
bel,2012,6.22479009628296
bel,2013,6.29406023025513
bel,2014,6.28805017471313
ben,1971,2.87090992927551
ben,1972,3.09483003616333
ben,1973,3.40022993087769
ben,1974,3.28293991088867
ben,1975,3.84735989570618
ben,1976,3.95487999916077
ben,1977,4.14507007598877
ben,1978,4.17271995544434
ben,1979,4.66791009902954
ben,1980,4.66995000839233
ben,1981,4.96209001541138
ben,1982,5.29631996154785
ben,1983,5.40713977813721
ben,1984,5.35691976547241
ben,1985,5.34421014785767
ben,1986,5.17117023468018
ben,1987,5.0402398109436
ben,1988,5.0886402130127
ben,1989,5.01910018920898
ben,1990,4.24987983703613
ben,1991,4.67733001708984
ben,1992,5.01955986022949
ben,1993,5.39482021331787
ben,1994,5.33506011962891
ben,1995,5.54077005386353
ben,1996,5.65544986724854
ben,1997,5.86935997009277
ben,1998,5.81554985046387
ben,1999,5.73575019836426
ben,2000,5.85204982757568
ben,2001,6.37877988815308
ben,2002,6.67652988433838
ben,2003,6.97037982940674
ben,2004,7.10769987106323
ben,2005,6.82133007049561
ben,2006,6.67189979553223
ben,2008,7.20577001571655
ben,2009,7.42967987060547
ben,2010,7.45126008987427
ben,2011,7.57735013961792
ben,2012,7.77126979827881
ben,2013,7.833740234375
ben,2014,7.83403015136719
bfa,1971,0.921750009059906
bfa,1972,0.951969981193542
bfa,1973,0.971509993076324
bfa,1974,1.00396001338959
bfa,1975,1.04507994651794
bfa,1976,1.08858001232147
bfa,1977,1.13653004169464
bfa,1978,1.1884800195694
bfa,1979,1.23591005802155
bfa,1980,1.30131995677948
bfa,1981,1.39047002792358
bfa,1982,1.50738000869751
bfa,1983,1.64128994941711
bfa,1984,1.76266002655029
bfa,1985,1.92876994609833
bfa,1986,2.08979988098145
bfa,1987,2.26075005531311
bfa,1988,2.28526997566223
bfa,1989,2.35640001296997
bfa,1990,2.38480997085571
bfa,1991,2.49221992492676
bfa,1992,2.52378010749817
bfa,1993,2.58958005905151
bfa,1994,2.67512011528015
bfa,1995,2.8122398853302
bfa,1996,2.94260001182556
bfa,1998,3.14119005203247
bfa,1999,3.16226005554199
bfa,2000,3.16053009033203
bfa,2001,3.21522998809814
bfa,2002,3.21853995323181
bfa,2003,3.37151002883911
bfa,2004,3.57213997840881
bfa,2005,3.82995009422302
bfa,2006,4.03439998626709
bfa,2007,4.35662984848022
bfa,2008,4.66016006469727
bfa,2009,4.92490005493164
bfa,2010,5.12448978424072
bfa,2011,5.28528022766113
bfa,2012,5.38228988647461
bfa,2013,5.42580986022949
bfa,2014,5.51929998397827
bgd,1970,3.71714997291565
bgd,1971,3.4307599067688
bgd,1972,4.07125997543335
bgd,1973,4.78981018066406
bgd,1974,4.83208990097046
bgd,1975,5.07232999801636
bgd,1976,5.09572982788086
bgd,1977,4.54303979873657
bgd,1978,4.44145011901855
bgd,1979,4.4225001335144
bgd,1980,4.34835004806519
bgd,1981,3.98804998397827
bgd,1982,4.08638000488281
bgd,1983,4.36336994171143
bgd,1984,4.0582799911499
bgd,1985,3.95938992500305
bgd,1986,3.94318008422852
bgd,1987,3.87699007987976
bgd,1988,4.27715015411377
bgd,1989,4.26016998291016
bgd,1990,4.36207008361816
bgd,2005,4.82017993927002
bgd,2006,4.83289003372192
bgd,2007,4.75971984863281
bgd,2008,4.68345022201538
bgd,2009,4.88104009628296
bgd,2010,4.98408985137939
bgd,2011,5.4405198097229
bgr,1971,4.27892017364502
bgr,1972,4.19259977340698
bgr,1973,4.09740018844604
bgr,1974,4.00462007522583
bgr,1975,3.8725700378418
bgr,1976,3.94213008880615
bgr,1977,4.01943016052246
bgr,1978,4.12831020355225
bgr,1979,4.14955997467041
bgr,1980,4.07037019729614
bgr,1981,4.04104995727539
bgr,1982,4.14468002319336
bgr,1983,4.19277000427246
bgr,1984,4.26927995681763
bgr,1985,4.30260992050171
bgr,1986,4.21044015884399
bgr,1987,4.25619983673096
bgr,1988,4.1698899269104
bgr,1989,4.09629011154175
bgr,1990,3.83706998825073
bgr,1991,3.79720997810364
bgr,1992,3.80155992507935
bgr,1993,3.83256006240845
bgr,1994,3.84254002571106
bgr,1995,3.94394993782043
bgr,1996,4.10078001022339
bgr,1997,4.15243005752563
bgr,1998,4.19885015487671
bgr,1999,4.20739984512329
bgr,2000,4.21471977233887
bgr,2001,4.25888013839722
bgr,2002,4.21281003952026
bgr,2003,4.24065017700195
bgr,2004,4.20017004013062
bgr,2005,4.03369998931885
bgr,2006,3.93759989738464
bgr,2007,4.01142978668213
bgr,2008,4.05141019821167
bgr,2009,4.09908008575439
bgr,2010,4.13529014587402
bgr,2011,4.05881977081299
bgr,2012,4.01008987426758
bgr,2013,3.97057008743286
bgr,2014,3.95976996421814
bhr,1971,7.57280015945435
bhr,1972,7.62743997573853
bhr,1973,7.69442987442017
bhr,1974,7.78815984725952
bhr,1975,8.00382041931152
bhr,1976,7.87264013290405
bhr,1977,7.64382982254028
bhr,1978,7.43459987640381
bhr,1979,7.36775016784668
bhr,1980,7.26298999786377
bhr,1981,6.99193000793457
bhr,1982,7.05779981613159
bhr,1983,6.75959014892578
bhr,1984,6.98530006408691
bhr,1985,6.88005018234253
bhr,1986,6.82033014297485
bhr,1987,6.74000978469849
bhr,1988,6.76487016677856
bhr,1989,6.84393978118896
bhr,1990,6.51406002044678
bhr,1991,6.73277997970581
bhr,1992,6.5261697769165
bhr,1993,6.46956014633179
bhr,1994,6.40879011154175
bhr,1995,6.47163009643555
bhr,1996,6.49152994155884
bhr,1997,6.48450994491577
bhr,1998,6.41247987747192
bhr,1999,6.33898019790649
bhs,1976,6.13867998123169
bhs,1977,6.19871997833252
bhs,1978,6.20995998382568
bhs,1979,6.07542991638184
bhs,1980,5.89593982696533
bhs,1982,5.89529991149902
bhs,1983,5.99818992614746
bhs,1985,6.29478979110718
bhs,1986,6.34565019607544
bhs,1992,5.7031397819519
bhs,1993,5.70550012588501
bhs,1995,5.74758005142212
bhs,1996,5.96136999130249
bhs,1997,5.92443990707397
bhs,1998,5.97637987136841
bhs,1999,5.92466020584106
bhs,2002,5.67793989181519
bhs,2004,6.23960018157959
bhs,2005,6.55712985992432
bhs,2006,6.46576023101807
bhs,2007,6.65256023406982
bhs,2008,6.63172006607056
bhs,2009,6.28898000717163
bhs,2010,6.33158016204834
bih,2011,4.84236001968384
bih,2012,5.02161979675293
bih,2013,5.03790998458862
bih,2014,4.99718999862671
blr,1993,3.87607002258301
blr,1994,3.89311003684998
blr,1995,3.97676992416382
blr,1996,4.03302001953125
blr,1997,4.09085988998413
blr,1998,4.175950050354
blr,1999,4.48102998733521
blr,2000,4.55074977874756
blr,2001,4.47391986846924
blr,2002,4.36591005325317
blr,2003,4.01300001144409
blr,2004,3.9607400894165
blr,2005,3.91858005523682
blr,2006,3.95054006576538
blr,2007,4.04725980758667
blr,2008,4.15522003173828
blr,2009,4.20680999755859
blr,2010,4.14196014404297
blr,2011,4.05735015869141
blr,2012,3.97179007530212
blr,2013,3.92921996116638
blr,2014,3.9721999168396
blz,1971,6.91927003860474
blz,1974,6.75464010238647
blz,1976,6.36706018447876
blz,1977,6.50896978378296
blz,1986,6.95133018493652
blz,1987,7.01071977615356
blz,1991,7.04045009613037
blz,1992,6.98805999755859
blz,1993,7.07498979568481
blz,1994,7.24423980712891
blz,1995,7.33736991882324
blz,1996,7.55859994888306
blz,1997,7.49873018264771
blz,1999,7.36038017272949
blz,2000,7.24059009552002
blz,2001,7.02201986312866
blz,2002,6.55630016326904
blz,2003,6.86745023727417
blz,2004,6.98043012619019
blz,2005,7.04145002365112
blz,2006,7.02794981002808
blz,2007,6.92681980133057
blz,2008,6.92512989044189
blz,2009,6.95144987106323
blz,2010,6.92209005355835
blz,2011,6.85803985595703
blz,2012,6.96621990203857
blz,2013,6.88913011550903
blz,2014,6.87207984924316
bmu,1971,6.96500015258789
bmu,1972,6.60100984573364
bmu,1973,6.8755202293396
bmu,1974,6.89162015914917
bmu,1975,7.03322982788086
bmu,1976,7.22581005096436
bmu,1977,7.33936977386475
bmu,1978,7.35597991943359
bmu,1979,6.92387008666992
bmu,1980,7.02506017684937
bmu,1981,6.97711992263794
bmu,1982,6.94231986999512
bmu,1983,6.86614990234375
bmu,1984,6.6414098739624
bmu,1985,6.73766994476318
bmu,1995,7.26701021194458
bmu,1997,6.93717002868652
bmu,2001,6.03383016586304
bmu,2002,5.97066020965576
bmu,2003,5.99260997772217
bmu,2004,5.84463977813721
bmu,2005,5.80539989471436
bmu,2006,5.61979007720947
bmu,2011,5.44945001602173
bmu,2012,5.34847021102905
bmu,2013,5.26021003723145
bmu,2014,5.3305401802063
bol,1970,6.00659990310669
bol,1971,5.76237010955811
bol,1973,5.92315006256104
bol,1974,6.01603984832764
bol,1975,6.27699995040894
bol,1976,6.38481998443604
bol,1977,6.14790010452271
bol,1978,6.1577000617981
bol,1979,6.24924993515015
bol,1980,6.0936598777771
bol,1981,6.2803201675415
bol,1983,6.30731010437012
bol,1984,6.54565000534058
bol,1986,6.40520000457764
bol,1987,6.79746007919312
bol,1989,6.10240983963013
bol,1990,6.23141002655029
bol,1991,6.33056020736694
bol,1992,6.35139989852905
bol,1993,6.39681005477905
bol,1994,6.55607986450195
bol,1995,6.75812005996704
bol,1996,6.87942981719971
bol,1997,6.98755979537964
bol,1998,7.12002992630005
bol,1999,7.24391984939575
bol,2000,7.39391994476318
bol,2001,7.34464979171753
bol,2002,7.45143985748291
bol,2003,7.27075004577637
bol,2004,6.97192001342773
bol,2006,6.89418983459473
bol,2007,6.84963989257813
bol,2008,6.7996997833252
bra,1999,6.61672019958496
bra,2001,6.14021015167236
bra,2002,6.05738019943237
bra,2003,5.81348991394043
bra,2004,5.55061006546021
bra,2005,5.51121997833252
bra,2007,5.26362991333008
bra,2008,5.45740985870361
bra,2009,5.33064985275269
bra,2011,5.36196994781494
bra,2012,5.22039985656738
bra,2013,5.53886985778809
brb,1971,6.24389982223511
brb,1972,6.02187013626099
brb,1973,6.01949977874756
brb,1974,6.40510988235474
brb,1975,6.52812004089355
brb,1976,6.5227198600769
brb,1977,6.97824001312256
brb,1978,7.07294988632202
brb,1979,6.98475980758667
brb,1980,6.12317991256714
brb,1981,5.89423990249634
brb,1982,5.97691011428833
brb,1983,6.15213012695313
brb,1984,6.3648099899292
brb,1985,6.65497016906738
brb,1989,7.13054990768433
brb,1990,6.89231014251709
brb,1992,6.3729100227356
brb,1999,6.18178987503052
brb,2000,6.0958399772644
brb,2001,5.99097013473511
brb,2002,5.82820987701416
brb,2003,5.85134983062744
brb,2004,5.7474799156189
brb,2005,5.77436017990112
brb,2006,5.94261980056763
brb,2007,5.95449018478394
brb,2008,6.06376981735229
brb,2009,6.00705003738403
brb,2010,5.93461990356445
brb,2011,5.90402984619141
brb,2014,5.58828020095825
brn,1970,7.84562015533447
brn,1971,8.17076015472412
brn,1972,8.20872974395752
brn,1973,8.07143020629883
brn,1974,7.91475009918213
brn,1975,7.61273002624512
brn,1976,7.57870006561279
brn,1977,7.72369003295898
brn,1978,7.73028993606567
brn,1979,6.91200017929077
brn,1980,6.91638994216919
brn,1981,6.99113988876343
brn,1982,6.75963020324707
brn,1983,6.76965999603271
brn,1984,6.91309976577759
brn,1986,7.06558990478516
brn,1987,6.76505994796753
brn,1988,6.92214012145996
brn,1989,7.26051998138428
brn,1991,7.1010799407959
brn,1992,7.1111102104187
brn,1993,7.16531991958618
brn,1994,7.24256992340088
brn,1995,7.21050977706909
brn,1996,6.90742015838623
brn,1997,6.78496980667114
brn,1998,6.93299007415771
brn,1999,6.93377017974854
brn,2000,6.79247999191284
brn,2001,6.61556005477905
brn,2002,6.62067985534668
brn,2003,6.76965999603271
brn,2004,6.81499004364014
brn,2005,6.78621006011963
brn,2006,6.79492998123169
brn,2007,6.74059009552002
brn,2008,6.56122016906738
brn,2009,6.47866010665894
brn,2010,6.42794990539551
brn,2011,6.4514799118042
brn,2012,6.43692016601563
brn,2013,6.45867013931274
brn,2014,6.42700004577637
btn,1970,2.28443002700806
btn,1971,1.93962001800537
btn,1972,2.12188005447388
btn,1974,2.27100992202759
btn,1976,2.63520002365112
btn,1977,2.82406997680664
btn,1978,2.98060011863709
btn,1979,3.27357006072998
btn,1982,4.39016008377075
btn,1983,4.61987018585205
btn,1984,4.7154598236084
btn,1985,4.58519983291626
btn,1986,4.84658002853394
btn,1988,4.87425994873047
btn,1991,4.46997976303101
btn,1992,4.06315994262695
btn,1993,4.46958017349243
btn,1994,4.67327976226807
btn,1995,4.9628701210022
btn,1996,5.23766994476318
btn,1997,5.44884014129639
btn,1998,5.80719995498657
btn,1999,5.8581600189209
btn,2000,5.95531988143921
btn,2001,6.0796799659729
btn,2002,6.22046995162964
btn,2003,6.35444021224976
btn,2004,6.5187201499939
btn,2005,6.67968988418579
btn,2006,6.833899974823
btn,2007,7.06164979934692
btn,2008,7.12419986724854
btn,2009,7.36589002609253
btn,2010,7.52423000335693
btn,2011,7.66063976287842
btn,2012,7.65426015853882
btn,2013,7.2681999206543
btn,2014,7.0805401802063
bwa,1970,4.08879995346069
bwa,1971,3.72561001777649
bwa,1972,3.71153998374939
bwa,1973,4.11834001541138
bwa,1974,4.27023983001709
bwa,1975,4.55608987808228
bwa,1976,4.73448991775513
bwa,1977,5.00767993927002
bwa,1978,5.14092016220093
bwa,1979,5.38374996185303
bwa,1980,5.77502012252808
bwa,1981,5.85789012908936
bwa,1982,6.00217008590698
bwa,1983,6.22359991073608
bwa,1984,6.43210983276367
bwa,1985,6.6800799369812
bwa,1986,6.89300012588501
bwa,1987,7.0353798866272
bwa,1988,7.12589979171753
bwa,1989,7.26600980758667
bwa,1990,7.20100021362305
bwa,1991,7.39955997467041
bwa,1992,7.2956600189209
bwa,1993,7.28136014938354
bwa,1994,7.28870010375977
bwa,1995,7.31697988510132
bwa,1996,7.34222984313965
bwa,1997,7.26883983612061
bwa,1998,7.32707023620605
bwa,1999,7.32097005844116
bwa,2000,7.37460994720459
bwa,2001,7.49442005157471
bwa,2002,7.56064987182617
bwa,2003,7.55826997756958
bwa,2004,7.55486011505127
bwa,2005,7.55708980560303
bwa,2006,7.62026977539063
bwa,2007,7.57846021652222
bwa,2008,7.56092977523804
bwa,2009,7.66146993637085
bwa,2012,7.66547012329102
bwa,2013,7.74099016189575
caf,1971,5.44135999679565
caf,1972,5.28987979888916
caf,1973,5.59110021591187
caf,1974,5.35807991027832
caf,1975,5.67481994628906
caf,1976,5.52731990814209
caf,1977,6.03804016113281
caf,1978,6.01082992553711
caf,1979,5.54630994796753
caf,1980,5.33851003646851
caf,1981,5.45848989486694
caf,1982,5.61202001571655
caf,1983,5.80994987487793
caf,1984,5.7614598274231
caf,1985,5.9272198677063
caf,1986,5.75309991836548
caf,1987,5.01992988586426
caf,1988,5.16205978393555
caf,1989,5.20067977905273
caf,1990,5.34497022628784
caf,1991,4.90265989303589
caf,1992,4.12448978424072
caf,2001,5.55903005599976
caf,2002,4.94238996505737
caf,2003,4.85037994384766
caf,2004,4.22420978546143
caf,2005,4.78322982788086
caf,2006,4.76325988769531
caf,2007,5.4747200012207
caf,2008,6.29410982131958
caf,2009,6.42682981491089
caf,2010,6.62015008926392
caf,2011,6.59557008743286
caf,2012,6.5600700378418
can,1971,6.1773099899292
can,1972,6.04817008972168
can,1973,5.92460012435913
can,1974,5.83587980270386
can,1975,5.9033899307251
can,1976,5.886549949646
can,1977,5.92613983154297
can,1978,5.95387983322144
can,1979,5.95514011383057
can,1980,5.95678997039795
can,1981,5.93645000457764
can,1982,6.31769990921021
can,1983,6.31209993362427
can,1984,6.28483009338379
can,1985,6.26448011398315
can,1986,6.2744197845459
can,1987,6.26327991485596
can,1988,6.26464986801147
can,1989,6.31724977493286
can,1990,6.24851989746094
can,1991,6.28357982635498
can,1992,6.23539018630981
can,1993,6.1725001335144
can,1994,6.12766981124878
can,1995,6.11888980865479
can,1996,6.17951011657715
can,1998,5.96223020553589
can,1999,5.98288011550903
can,2000,6.01539993286133
can,2004,5.91304016113281
can,2005,5.84743022918701
can,2006,5.93879985809326
can,2007,5.94137001037598
can,2008,5.88052988052368
can,2009,5.93552017211914
can,2010,5.90720987319946
can,2011,5.87831020355225
can,2012,5.95266008377075
can,2013,6.00355005264282
che,1973,5.56548023223877
che,1974,5.53451013565063
che,1975,5.48667001724243
che,1976,5.44268989562988
che,1977,4.95636987686157
che,1978,5.02279996871948
che,1979,4.95350980758667
che,1980,4.92121982574463
che,1981,4.97046995162964
che,1982,4.97387981414795
che,1983,4.92845010757446
che,1984,4.89427995681763
che,1985,4.88556003570557
che,1986,4.90710020065308
che,1987,4.96438980102539
che,1988,5.07054996490479
che,1989,5.20761013031006
che,1990,5.3317699432373
che,1991,5.39811992645264
che,1992,5.40529012680054
che,1993,5.72497987747192
che,1994,5.65597009658813
che,1995,5.75180006027222
che,1996,5.8715500831604
che,1998,6.31808996200562
che,1999,6.34125995635986
che,2000,6.38032007217407
che,2001,6.31231021881104
che,2002,6.25833988189697
che,2003,6.22940015792847
che,2004,6.2113299369812
che,2005,6.15924978256226
che,2006,6.1503701210022
che,2007,6.16009998321533
che,2008,6.18802976608276
che,2009,6.20434999465942
che,2010,6.20288991928101
che,2011,6.21710014343262
che,2012,6.20469999313354
che,2013,6.21962976455688
che,2014,6.19419002532959
chl,1970,7.34870004653931
chl,1971,7.7737398147583
chl,1972,7.79171991348267
chl,1973,7.77118015289307
chl,1974,7.72277021408081
chl,1975,7.5165901184082
chl,1976,7.24043989181519
chl,1977,7.15951013565063
chl,1978,7.13606023788452
chl,1979,7.19419002532959
chl,1980,7.0947699546814
chl,1981,7.01922988891602
chl,1982,6.9804801940918
chl,1983,6.89905977249146
chl,1984,6.72872018814087
chl,1985,6.77045011520386
chl,1986,6.70019006729126
chl,1989,6.51852989196777
chl,1990,6.55570983886719
chl,1991,6.53664016723633
chl,1992,6.34217977523804
chl,1993,6.31089019775391
chl,1996,6.27470016479492
chl,1997,6.44451999664307
chl,1998,6.51044988632202
chl,1999,6.63415002822876
chl,2000,6.64216995239258
chl,2002,6.5746898651123
chl,2003,6.48640012741089
chl,2004,6.78430986404419
chl,2005,6.71585988998413
chl,2006,6.67945003509521
chl,2007,6.71167993545532
chl,2008,6.69554996490479
chl,2009,6.56335020065308
chl,2010,6.26481008529663
chl,2011,6.20410013198853
chl,2012,6.17270994186401
chl,2013,6.08308982849121
chl,2014,6.10442018508911
chn,1974,6.98203992843628
chn,1975,6.76891994476318
chn,1976,6.59985017776489
chn,1977,6.30253982543945
chn,1978,5.99733018875122
chn,1979,5.96873998641968
chn,1980,5.99607992172241
chn,1981,6.09869003295898
chn,1982,6.13099002838135
chn,1983,6.15908002853394
chn,1984,6.19345998764038
chn,1985,6.47012996673584
chn,1986,6.62404012680054
chn,1987,6.60979986190796
chn,1988,6.91787004470825
chn,1989,6.72198009490967
chn,1990,6.70536994934082
chn,1991,6.56787014007568
chn,1992,6.43942022323608
chn,1993,6.27667999267578
chn,1994,6.09638023376465
chn,1995,5.92747020721436
chn,1996,5.71517992019653
chn,1997,5.53395986557007
chn,1998,5.34954023361206
chn,2001,5.4550199508667
chn,2002,5.52351999282837
chn,2003,5.68031978607178
chn,2006,6.26492977142334
chn,2007,6.48458003997803
chn,2008,6.65836000442505
chn,2009,6.71712017059326
chn,2010,6.68628978729248
chn,2011,6.6453800201416
chn,2012,6.63057994842529
chn,2013,6.53793001174927
chn,2014,6.24104022979736
civ,1970,4.60491991043091
civ,1971,4.73321008682251
civ,1972,4.66929006576538
civ,1973,4.71724987030029
civ,1974,4.7887601852417
civ,1975,4.81300020217896
civ,1976,4.7777099609375
civ,1977,5.27713012695313
civ,1978,5.11694002151489
civ,1979,5.30816984176636
civ,1980,5.38625001907349
civ,1981,5.46392011642456
civ,1982,5.4615797996521
civ,1983,5.41008996963501
civ,1984,5.24373006820679
civ,1985,5.08912992477417
civ,1986,5.01318979263306
civ,1987,4.93726015090942
civ,1988,4.95262002944946
civ,1989,4.98476982116699
civ,1990,4.9719500541687
civ,1991,4.88193988800049
civ,1992,4.81915998458862
civ,1993,4.72958993911743
civ,1994,4.85982990264893
civ,1995,4.87539005279541
civ,1996,5.01044988632202
civ,1997,5.05151987075806
civ,1998,4.97086000442505
civ,1999,5.24472999572754
civ,2000,5.03717994689941
civ,2001,5.11564016342163
civ,2002,5.21504020690918
civ,2003,4.80967998504639
civ,2006,4.61679983139038
civ,2007,4.64598989486694
civ,2008,4.91309976577759
civ,2009,4.95799016952515
civ,2011,5.32234001159668
civ,2012,5.50897979736328
civ,2013,5.64911985397339
civ,2014,5.80103015899658
cmr,1971,6.44634008407593
cmr,1972,6.20828008651733
cmr,1973,6.13246011734009
cmr,1974,6.43184995651245
cmr,1975,6.32363986968994
cmr,1976,6.34108018875122
cmr,1977,6.20883989334106
cmr,1978,6.25426006317139
cmr,1979,6.25798988342285
cmr,1980,6.26527976989746
cmr,1981,6.16209983825684
cmr,1982,6.21889019012451
cmr,1983,6.39006996154785
cmr,1984,6.28539991378784
cmr,1985,6.36730003356934
cmr,1986,6.42913007736206
cmr,1987,6.51603984832764
cmr,1988,6.84668016433716
cmr,1989,6.31815004348755
cmr,1990,6.5762300491333
cmr,1991,6.39607000350952
cmr,1992,5.55945014953613
cmr,1994,5.18658018112183
cmr,1995,5.04597997665405
cmr,1996,4.73817014694214
cmr,1997,4.92427015304565
cmr,1998,5.15813016891479
cmr,1999,5.33066987991333
cmr,2000,5.3826699256897
cmr,2001,6.30398988723755
cmr,2002,6.31714010238647
cmr,2003,6.34267997741699
cmr,2004,6.6081600189209
cmr,2005,6.5495400428772
cmr,2006,6.48239994049072
cmr,2007,6.53559017181396
cmr,2008,6.63756990432739
cmr,2009,6.75046014785767
cmr,2010,6.88370990753174
cmr,2011,6.86257982254028
cmr,2012,7.18651008605957
cmr,2014,7.24887990951538
cod,1971,7.76372003555298
cod,1972,7.64682006835938
cod,1973,7.14093017578125
cod,1974,6.95475006103516
cod,1975,7.28205013275146
cod,1976,6.90646982192993
cod,1977,6.81014013290405
cod,1978,6.83273983001709
cod,1979,7.08894014358521
cod,1980,6.79450988769531
cod,1981,6.81919002532959
cod,1982,6.8298602104187
cod,1983,7.08736991882324
cod,1984,7.09353017807007
cod,1985,6.86852979660034
cod,1986,6.90285015106201
cod,1987,5.535719871521
cod,1988,6.03486013412476
cod,1990,4.30285978317261
cod,1991,5.66527986526489
cod,1992,5.47208023071289
cod,1993,5.48546981811523
cod,1994,5.34492015838623
cod,1995,5.68596982955933
cod,1998,4.35364007949829
cod,1999,3.48132991790771
cod,2002,4.29675006866455
cod,2007,5.87041997909546
cod,2008,6.31686019897461
cod,2009,6.20423984527588
cod,2010,6.14050006866455
cod,2011,6.49735021591187
cod,2012,6.46635007858276
cod,2013,6.47569990158081
cod,2014,6.72199010848999
cog,1971,7.54533004760742
cog,1972,8.24147987365723
cog,1973,7.89411020278931
cog,1974,8.4489803314209
cog,1975,8.02764987945557
cog,1976,8.38341045379639
cog,1977,7.95719003677368
cog,1978,8.25496959686279
cog,1979,8.23445987701416
cog,1980,8.83286952972412
cog,1981,8.6453104019165
cog,1982,8.6855297088623
cog,1983,8.67356967926025
cog,1984,8.8238000869751
cog,1985,8.15077972412109
cog,1986,8.22784996032715
cog,1987,8.5700798034668
cog,1988,8.01556015014648
cog,1989,7.97614002227783
cog,1990,7.76848983764648
cog,1991,7.74557018280029
cog,1992,7.48097991943359
cog,1993,7.6478099822998
cog,1994,7.41548013687134
cog,1995,7.78588008880615
cog,1996,7.02706003189087
cog,1997,7.06280994415283
cog,1998,5.92684984207153
cog,1999,3.63054990768433
cog,2000,5.50158023834229
cog,2001,6.41060018539429
cog,2002,6.5646800994873
cog,2003,6.23286008834839
cog,2004,6.97033977508545
cog,2005,7.51568984985352
cog,2006,7.68392992019653
cog,2007,6.80702018737793
cog,2008,6.66061019897461
cog,2009,6.89836978912354
cog,2010,7.1072301864624
cog,2011,6.99710988998413
cog,2012,6.57685995101929
col,1970,5.02147006988525
col,1971,5.14108991622925
col,1972,5.14622020721436
col,1973,5.2403302192688
col,1974,5.1907901763916
col,1975,5.27057981491089
col,1976,5.31799983978271
col,1977,5.44807004928589
col,1978,5.62764978408813
col,1979,5.81698989868164
col,1980,5.70074987411499
col,1981,5.81103992462158
col,1982,5.41363000869751
col,1983,5.4032301902771
col,1984,5.33068990707397
col,1985,5.18287992477417
col,1986,5.23311996459961
col,1987,5.10038995742798
col,1988,5.06649017333984
col,1989,5.04809999465942
col,1990,4.73589992523193
col,1991,5.05875015258789
col,1992,5.16584014892578
col,1993,5.30885982513428
col,1994,5.43171977996826
col,1995,5.48693990707397
col,1996,5.73929977416992
col,1998,6.04373979568481
col,1999,5.99647998809814
col,2000,6.06947994232178
col,2001,5.98584985733032
col,2002,6.07912015914917
col,2004,6.27793979644775
col,2005,6.40942001342773
col,2006,6.46015977859497
col,2007,6.47909021377563
col,2008,6.48591995239258
col,2009,6.50183010101318
col,2010,6.27813005447388
col,2011,6.13449001312256
col,2012,5.92666006088257
col,2013,5.91441011428833
col,2014,5.77244997024536
com,1971,3.18807005882263
com,1972,3.0948600769043
com,1973,3.91664004325867
com,1974,4.63135004043579
com,1975,5.27600002288818
com,1981,8.12246036529541
com,1984,7.48258018493652
com,1985,6.7286901473999
com,1986,7.43598985671997
com,1987,6.99364995956421
com,1988,6.59963989257813
com,1989,6.48100996017456
com,1990,6.76494979858398
com,1991,6.9073600769043
com,1992,6.73667001724243
com,1993,6.25146007537842
com,1994,6.92070007324219
com,1998,6.41315984725952
com,1999,6.22722005844116
com,2000,6.88821983337402
com,2002,7.30835008621216
com,2003,7.20076990127563
com,2004,6.82366991043091
com,2007,6.62693023681641
com,2008,6.69317007064819
com,2011,6.90418004989624
com,2013,6.58669996261597
cpv,1974,5.94488000869751
cpv,1975,6.3390097618103
cpv,1977,7.28599977493286
cpv,1978,7.1171498298645
cpv,1979,6.97615003585815
cpv,1980,6.90099000930786
cpv,1981,6.90088987350464
cpv,1982,6.87883996963501
cpv,1983,6.57175016403198
cpv,1984,6.87861013412476
cpv,1985,6.99992990493774
cpv,1986,7.07716989517212
cpv,1987,7.3530101776123
cpv,1988,7.46000003814697
cpv,1989,7.55745983123779
cpv,1990,7.7042498588562
cpv,1991,7.53739976882935
cpv,1994,7.55597019195557
cpv,1998,7.59678983688354
cpv,1999,7.3322901725769
cpv,2000,7.23330020904541
cpv,2001,7.0636100769043
cpv,2002,7.00444984436035
cpv,2003,6.91704988479614
cpv,2004,6.76632022857666
cpv,2005,6.69533014297485
cpv,2006,6.69694995880127
cpv,2007,6.70968008041382
cpv,2008,6.73609018325806
cpv,2009,6.78144979476929
cpv,2010,6.80170011520386
cpv,2011,6.8547101020813
cpv,2012,6.9124698638916
cpv,2013,6.97433996200562
cpv,2014,6.94053983688354
cri,1970,6.76765012741089
cri,1971,6.47595977783203
cri,1972,6.64427995681763
cri,1973,6.68821001052856
cri,1974,6.45550012588501
cri,1975,6.36659002304077
cri,1976,6.44364023208618
cri,1977,6.494460105896
cri,1978,6.4190502166748
cri,1979,6.36528015136719
cri,1980,6.33882999420166
cri,1981,6.39602994918823
cri,1982,6.26634979248047
cri,1983,6.17000007629395
cri,1984,6.10809993743896
cri,1985,6.23315000534058
cri,1986,6.32254981994629
cri,1987,6.31627988815308
cri,1988,6.18167018890381
cri,1989,6.36290979385376
cri,1990,6.35739994049072
cri,1991,6.42082977294922
cri,1992,6.3585901260376
cri,1993,6.40445995330811
cri,1994,6.43135976791382
cri,1995,6.47670984268188
cri,1996,6.52150011062622
cri,1997,6.55448007583618
cri,1998,6.59690999984741
cri,1999,7.08560991287231
cri,2000,6.87001991271973
cri,2001,6.85188007354736
cri,2002,6.79243993759155
cri,2004,6.98099994659424
cri,2005,6.82582998275757
cri,2006,6.91276979446411
cri,2007,6.84682989120483
cri,2008,6.91154003143311
cri,2009,6.98878002166748
cri,2010,6.97058010101318
cri,2011,6.94444990158081
cri,2012,6.85061979293823
cri,2013,6.69642019271851
cri,2014,6.63384008407593
cub,1971,7.01284980773926
cub,1972,7.61731004714966
cub,1973,7.72301006317139
cub,1974,7.65310001373291
cub,1975,7.34343004226685
cub,1976,7.45637989044189
cub,1977,7.40383005142212
cub,1978,7.30591011047363
cub,1979,7.04922008514404
cub,1980,6.80381011962891
cub,1981,6.51047992706299
cub,1982,6.36442995071411
cub,1983,6.38756990432739
cub,1984,6.32504987716675
cub,1985,6.23928022384644
cub,1986,6.20245981216431
cub,1987,6.21810007095337
cub,1988,6.17224979400635
cub,1989,6.12083005905151
cub,1990,6.02508020401001
cub,1991,5.92895984649658
cub,1992,5.99526977539063
cub,1993,6.02813005447388
cub,1994,6.12596988677979
cub,1995,6.09832000732422
cub,1996,6.43761014938354
cub,1997,6.41885995864868
cub,1998,6.28142023086548
cub,1999,6.25651979446411
cub,2000,6.20161008834839
cub,2001,6.13579988479614
cub,2002,6.09559011459351
cub,2003,5.96405982971191
cub,2004,5.97819995880127
cub,2005,5.97715997695923
cub,2006,5.99331998825073
cub,2007,6.05516004562378
cub,2008,6.07292985916138
cub,2009,6.1632399559021
cub,2010,6.16976976394653
cub,2011,6.10229015350342
cub,2012,6.00577020645142
cub,2013,5.864990234375
cub,2014,5.99409008026123
cuw,2013,10.7444200515747
cyp,1971,5.28150987625122
cyp,1972,5.1966700553894
cyp,1973,5.16916990280151
cyp,1974,5.22487020492554
cyp,1975,4.70665979385376
cyp,1976,4.72946977615356
cyp,1977,4.67617988586426
cyp,1978,4.71639013290405
cyp,1979,4.71892976760864
cyp,1980,4.4804801940918
cyp,1981,4.44756984710693
cyp,1982,4.21346998214722
cyp,1983,4.23901987075806
cyp,1984,4.27963018417358
cyp,1985,4.32252979278564
cyp,1986,4.63346004486084
cyp,1987,4.86862993240356
cyp,1988,4.96015977859497
cyp,1989,4.970290184021
cyp,1990,4.92891979217529
cyp,1991,4.90725994110107
cyp,1992,4.8325400352478
cyp,1993,6.0638599395752
cyp,1994,6.04993009567261
cyp,1995,6.0081000328064
cyp,1996,6.00665998458862
cyp,1997,5.98362016677856
cyp,1999,5.85332012176514
cyp,2000,5.80046987533569
cyp,2001,5.79390001296997
cyp,2002,5.86087989807129
cyp,2003,5.84736013412476
cyp,2004,5.88582992553711
cyp,2005,6.04591989517212
cyp,2006,6.14281988143921
cyp,2007,6.16272020339966
cyp,2008,6.22159004211426
cyp,2009,6.33311986923218
cyp,2010,6.07881021499634
cyp,2011,6.07305002212524
cyp,2012,6.00459003448486
cyp,2013,5.96987009048462
cyp,2014,5.91737985610962
cze,1971,4.91363000869751
cze,1972,5.05105018615723
cze,1973,5.13478994369507
cze,1974,5.18460988998413
cze,1975,5.13570976257324
cze,1976,4.99471998214722
cze,1977,4.88123989105225
cze,1978,4.78677988052368
cze,1979,4.66809988021851
cze,1981,3.88547992706299
cze,1982,3.95419001579285
cze,1983,4.01308012008667
cze,1984,4.07815980911255
cze,1985,3.98644995689392
cze,1986,3.92482995986938
cze,1987,3.81916999816895
cze,1988,3.73616003990173
cze,1989,3.67507004737854
cze,1990,3.72992992401123
cze,1991,3.84977006912231
cze,1992,3.73158001899719
cze,1993,4.09128999710083
cze,1994,4.22140979766846
cze,1995,4.19093990325928
cze,1996,4.19053983688354
cze,1997,5.09656000137329
cze,1998,5.16558980941772
cze,1999,5.13951015472412
cze,2000,5.13607978820801
cze,2001,5.13372993469238
cze,2002,5.02162981033325
cze,2003,4.86894989013672
cze,2004,4.79088020324707
cze,2005,4.79721021652222
cze,2006,4.84047985076904
cze,2007,5.03067016601563
cze,2008,5.21075010299683
cze,2009,5.28087997436523
cze,2010,5.2538800239563
cze,2011,5.15452003479004
cze,2012,5.08219003677368
cze,2013,5.05478000640869
cze,2014,5.05769014358521
deu,1992,3.94761991500854
deu,1993,4.04862022399902
deu,1994,4.03662014007568
deu,1995,4.08327007293701
deu,1996,4.14746999740601
deu,1997,4.21206998825073
deu,1998,4.28020000457764
deu,1999,4.27412986755371
deu,2000,4.28831005096436
deu,2001,4.26978015899658
deu,2002,4.1940598487854
deu,2003,4.16875982284546
deu,2004,4.19310998916626
deu,2005,4.18680000305176
deu,2006,4.22319984436035
deu,2007,4.23919010162354
deu,2008,4.20488023757935
deu,2009,4.16969013214111
deu,2010,4.14754009246826
deu,2011,4.12655019760132
deu,2012,4.12503004074097
deu,2013,4.13222980499268
deu,2014,4.14341020584106
dji,1971,2.05907988548279
dji,1972,2.00806999206543
dji,1973,2.0604100227356
dji,1974,2.03537011146545
dji,1975,1.99954998493195
dji,1976,1.96424996852875
dji,1982,2.08869004249573
dji,1983,2.17583990097046
dji,1984,2.23497009277344
dji,1985,2.30302000045776
dji,1986,2.47967004776001
dji,1987,2.48341989517212
dji,1988,2.4481999874115
dji,1989,2.36862993240356
dji,1990,2.38128995895386
dji,1991,2.32771992683411
dji,1992,2.40851998329163
dji,1993,2.10895991325378
dji,1994,2.23298001289368
dji,1995,2.28860998153687
dji,1996,2.30486989021301
dji,1997,2.27619004249573
dji,1998,2.10677003860474
dji,1999,2.24924993515015
dji,2000,2.18734002113342
dji,2001,2.41168999671936
dji,2002,2.50870990753174
dji,2004,2.74870991706848
dji,2005,2.84999990463257
dji,2006,3.07441997528076
dji,2007,3.20515990257263
dji,2008,3.1805100440979
dji,2009,3.13651990890503
dji,2011,3.44093990325928
dji,2012,3.58428001403809
dji,2013,3.58505010604858
dji,2014,3.64214992523193
dji,2015,3.52040004730225
dma,1971,9.26152038574219
dma,1972,9.3417501449585
dma,1973,9.1269998550415
dma,1974,8.56029033660889
dma,1975,8.84634971618652
dma,1976,8.21533012390137
dma,1977,7.97437000274658
dma,1978,7.65613985061646
dma,1979,7.47049999237061
dma,1980,7.13480997085571
dma,1981,6.72535991668701
dma,1982,7.39399003982544
dma,1984,7.18065023422241
dma,1986,6.77966022491455
dma,1987,7.13564014434814
dma,1988,7.16312980651855
dma,1990,7.48034000396729
dma,1991,7.61400985717773
dma,1992,7.48441982269287
dma,1993,8.11503028869629
dma,1994,8.49297046661377
dma,1995,8.76688003540039
dma,1999,8.81881999969482
dma,2000,8.36279010772705
dma,2001,7.90219020843506
dma,2002,7.61429977416992
dma,2003,7.3066201210022
dma,2004,7.07625007629395
dma,2005,7.01482009887695
dma,2006,7.00036001205444
dma,2007,7.18146991729736
dma,2008,7.28604984283447
dma,2009,7.5110502243042
dma,2010,7.7394700050354
dma,2011,8.03388023376465
dma,2012,8.39113998413086
dma,2013,8.31103038787842
dma,2014,8.1932201385498
dnk,1971,5.69728994369507
dnk,1972,5.73435020446777
dnk,1973,5.8882999420166
dnk,1974,6.05704021453857
dnk,1975,6.08696985244751
dnk,1976,6.27865982055664
dnk,1977,5.96853017807007
dnk,1978,5.88608980178833
dnk,1979,5.75454998016357
dnk,1980,5.83713006973267
dnk,1981,5.73147010803223
dnk,1982,5.78182983398438
dnk,1983,5.8816499710083
dnk,1984,5.94668006896973
dnk,1985,5.91627979278564
dnk,1986,5.92886018753052
dnk,1987,5.92694997787476
dnk,1988,5.93171977996826
dnk,1989,5.8630199432373
dnk,1990,5.85851001739502
dnk,1991,5.89625978469849
dnk,1992,5.85642004013062
dnk,1993,5.92685985565186
dnk,1994,6.02610015869141
dnk,1995,6.01551008224487
dnk,1996,6.06032991409302
dnk,1998,6.10718011856079
dnk,1999,6.09158992767334
dnk,2000,6.09969997406006
dnk,2001,6.07745981216431
dnk,2002,6.19856977462769
dnk,2004,6.06754016876221
dnk,2005,5.93938016891479
dnk,2006,5.95839023590088
dnk,2007,5.99271011352539
dnk,2008,5.94964981079102
dnk,2009,5.95087003707886
dnk,2010,5.9558801651001
dnk,2011,7.06365013122559
dnk,2012,7.11613988876343
dnk,2013,7.13827991485596
dnk,2014,7.12914991378784
dom,1971,5.63977003097534
dom,1972,5.94020986557007
dom,1973,5.86752986907959
dom,1983,6.39623022079468
dom,1985,7.12719011306763
dom,1986,7.11276006698608
dom,1998,6.57276010513306
dom,1999,6.85960006713867
dom,2000,7.08897018432617
dom,2002,6.97870016098022
dom,2003,6.80904006958008
dom,2004,6.53971004486084
dom,2005,6.56344985961914
dom,2006,6.27833986282349
dom,2007,6.94841003417969
dom,2008,6.70568990707397
dom,2009,7.04266977310181
dom,2010,6.8786997795105
dom,2011,6.71289014816284
dom,2012,6.53682994842529
dom,2013,6.52514982223511
dom,2014,6.38254022598267
dza,1971,5.43130016326904
dza,1972,5.63750982284546
dza,1973,6.08837985992432
dza,1974,6.31716012954712
dza,1975,6.43523979187012
dza,1976,6.58390998840332
dza,1977,6.65194988250732
dza,1978,6.70570993423462
dza,1979,6.63181018829346
dza,1980,6.58141994476318
dza,1981,6.47522020339966
dza,1982,6.37802982330322
dza,1983,6.25566005706787
dza,1984,6.18878984451294
dza,1985,6.07944011688232
dza,1986,5.92466020584106
dza,1987,5.94774007797241
dza,1988,6.01641988754272
dza,1989,6.00583982467651
dza,1990,6.02851009368896
dza,1991,6.12812995910645
dza,1992,6.22442007064819
dza,1993,6.21930980682373
dza,1994,6.22243976593018
dza,1995,6.19415998458862
dza,1996,6.23564004898071
dza,1997,6.28375005722046
dza,1998,6.31520986557007
dza,1999,6.42523002624512
dza,2000,6.56012010574341
dza,2001,6.47097015380859
dza,2002,6.51583003997803
dza,2003,6.55622005462646
dza,2004,6.59568977355957
dza,2005,6.62216997146606
dza,2006,6.62421989440918
dza,2007,6.67821979522705
dza,2008,6.67549991607666
dza,2009,5.74666976928711
dza,2010,5.91149997711182
dza,2011,6.0024299621582
dza,2012,6.07817983627319
dza,2013,6.16706991195679
dza,2014,6.13963985443115
eap,1973,6.42662239074707
eap,1974,6.59533786773682
eap,1975,6.44059562683105
eap,1976,6.32426643371582
eap,1977,6.12604904174805
eap,1978,5.98154497146606
eap,1979,5.96343088150024
eap,1980,6.02817106246948
eap,1981,6.1453070640564
eap,1982,6.19543981552124
eap,1983,6.21004343032837
eap,1984,6.25577020645142
eap,1985,6.42979526519775
eap,1986,6.51798868179321
eap,1987,6.51492834091187
eap,1988,6.69654512405396
eap,1989,6.55351829528809
eap,1990,6.5027871131897
eap,1991,6.40753269195557
eap,1992,6.3189525604248
eap,1993,6.22570180892944
eap,1994,6.10403776168823
eap,1995,5.9811635017395
eap,1996,5.8429708480835
eap,1997,5.72087669372559
eap,1998,5.62171411514282
eap,1999,5.64905643463135
eap,2000,5.6642279624939
eap,2001,5.69699573516846
eap,2002,5.74923849105835
eap,2003,5.8447380065918
eap,2004,5.97760343551636
eap,2005,6.10394906997681
eap,2006,6.13888549804688
eap,2007,6.30265474319458
eap,2008,6.38875579833984
eap,2009,6.4551043510437
eap,2010,6.44134187698364
eap,2011,6.43835306167603
eap,2012,6.46833276748657
eap,2013,6.41364717483521
eap,2014,6.25258922576904
eas,1973,6.40494966506958
eas,1974,6.55207252502441
eas,1975,6.41230392456055
eas,1976,6.30976057052612
eas,1977,6.12826108932495
eas,1978,5.99543476104736
eas,1979,5.98159646987915
eas,1980,6.04562520980835
eas,1981,6.14905881881714
eas,1982,6.18954801559448
eas,1983,6.20012712478638
eas,1984,6.24014949798584
eas,1985,6.39955520629883
eas,1986,6.4841890335083
eas,1987,6.48536682128906
eas,1988,6.65361499786377
eas,1989,6.52448987960815
eas,1990,6.48005485534668
eas,1991,6.39087724685669
eas,1992,6.30831289291382
eas,1993,6.22029495239258
eas,1994,6.10734844207764
eas,1995,5.9963173866272
eas,1996,5.86520528793335
eas,1997,5.74888038635254
eas,1998,5.65726947784424
eas,1999,5.68498468399048
eas,2000,5.69912672042847
eas,2001,5.72969627380371
eas,2002,5.78314352035522
eas,2003,5.8778018951416
eas,2004,6.00584697723389
eas,2005,6.12545204162598
eas,2006,6.15383195877075
eas,2007,6.30381202697754
eas,2008,6.3801326751709
eas,2009,6.44214057922363
eas,2010,6.43236827850342
eas,2011,6.43147230148315
eas,2012,6.4584789276123
eas,2013,6.40486526489258
eas,2014,6.25527286529541
eca,1980,3.83006358146667
eca,1981,3.77856874465942
eca,1982,3.77921748161316
eca,1983,3.77921533584595
eca,1984,3.84771800041199
eca,1985,3.84987664222717
eca,1986,3.8658185005188
eca,1987,3.89102101325989
eca,1988,3.90715193748474
eca,1989,3.85222363471985
eca,1990,3.84551382064819
eca,1991,3.84034299850464
eca,1992,3.80932140350342
eca,1993,3.76459002494812
eca,1994,3.74391484260559
eca,1995,3.77744388580322
eca,1996,3.90395379066467
eca,1997,3.89798665046692
eca,1998,3.93121719360352
eca,1999,3.97194266319275
eca,2000,4.01854467391968
eca,2001,4.10384368896484
eca,2002,4.20729875564575
eca,2003,4.22344732284546
eca,2004,4.29231309890747
eca,2005,4.3518967628479
eca,2006,4.30216646194458
eca,2007,4.29697370529175
eca,2008,4.29760599136353
eca,2009,4.27392721176147
eca,2010,4.29857206344604
eca,2011,4.31166791915894
eca,2012,4.29359197616577
eca,2013,4.1274471282959
eca,2014,4.10357236862183
ecs,1970,4.68113327026367
ecs,1971,4.69453239440918
ecs,1972,4.68721103668213
ecs,1973,4.65214538574219
ecs,1974,4.68705654144287
ecs,1975,4.67388772964478
ecs,1976,4.66052055358887
ecs,1977,4.65699672698975
ecs,1978,4.63570928573608
ecs,1979,4.61968421936035
ecs,1980,4.58725500106812
ecs,1981,4.54140281677246
ecs,1982,4.52821159362793
ecs,1983,4.51073694229126
ecs,1984,4.54109573364258
ecs,1985,4.53628396987915
ecs,1986,4.54744243621826
ecs,1987,4.56230449676514
ecs,1988,4.57206678390503
ecs,1989,4.52814292907715
ecs,1990,4.50237131118774
ecs,1991,4.48316335678101
ecs,1992,4.43979644775391
ecs,1993,4.41915988922119
ecs,1994,4.41083812713623
ecs,1995,4.43082046508789
ecs,1996,4.54941987991333
ecs,1997,4.57720327377319
ecs,1998,4.65436410903931
ecs,1999,4.70092678070068
ecs,2000,4.74169111251831
ecs,2001,4.78823280334473
ecs,2002,4.83074569702148
ecs,2003,4.8313946723938
ecs,2004,4.8808012008667
ecs,2005,4.93150806427002
ecs,2006,4.91553783416748
ecs,2007,4.93054389953613
ecs,2008,4.95159864425659
ecs,2009,4.93542861938477
ecs,2010,4.94527387619019
ecs,2011,4.94831848144531
ecs,2012,4.93723011016846
ecs,2013,4.86444854736328
ecs,2014,4.84321260452271
ecu,1971,6.1012601852417
ecu,1972,6.0011100769043
ecu,1973,6.2659797668457
ecu,1974,6.46958017349243
ecu,1975,6.48138999938965
ecu,1976,6.61003017425537
ecu,1977,6.61468982696533
ecu,1978,6.69564008712769
ecu,1979,7.05182981491089
ecu,1980,7.14064979553223
ecu,1981,7.18587017059326
ecu,1983,7.34167003631592
ecu,1984,7.37944984436035
ecu,1985,7.3982400894165
ecu,1986,7.47376012802124
ecu,1987,7.58431005477905
ecu,1988,7.60308980941772
ecu,1993,7.66057014465332
ecu,1994,6.69279003143311
ecu,1995,6.67112016677856
ecu,1996,6.69546985626221
ecu,1997,6.86642980575562
ecu,1998,6.73231983184814
ecu,1999,6.70239019393921
ecu,2000,6.73788022994995
ecu,2001,6.76840019226074
ecu,2002,6.81265020370483
ecu,2003,6.78127002716064
ecu,2004,6.72662019729614
ecu,2005,6.73794984817505
ecu,2006,6.73440980911255
ecu,2007,6.80139017105103
ecu,2009,6.61659002304077
ecu,2010,6.94556999206543
ecu,2011,7.03890991210938
ecu,2012,7.01939010620117
ecu,2013,6.93883991241455
ecu,2014,6.80290985107422
egy,1971,4.98843002319336
egy,1972,5.06966018676758
egy,1973,5.12526988983154
egy,1974,4.92601013183594
egy,1975,5.02994012832642
egy,1976,4.98564004898071
egy,1977,4.92601013183594
egy,1978,4.89863014221191
egy,1979,4.90252017974854
egy,1980,5.00122022628784
egy,1981,5.05013990402222
egy,1982,5.16856002807617
egy,1983,5.31669998168945
egy,1984,5.42025995254517
egy,1985,5.50029993057251
egy,1986,5.56999015808105
egy,1987,5.67118978500366
egy,1988,5.89998006820679
egy,1989,5.78586006164551
egy,1990,4.87315988540649
egy,1991,5.02087020874023
egy,1992,4.525710105896
egy,1993,4.54179000854492
egy,1994,5.07461023330688
egy,1995,4.58505010604858
egy,1996,5.38124990463257
egy,1997,5.0480899810791
egy,1999,4.84895992279053
egy,2000,4.82887983322144
egy,2001,4.85734987258911
egy,2002,4.92457008361816
egy,2003,4.99040985107422
egy,2004,5.05310010910034
egy,2005,6.15857982635498
egy,2006,6.31829023361206
egy,2007,6.43692016601563
egy,2009,6.57855987548828
egy,2010,6.54463005065918
egy,2011,6.28051996231079
egy,2012,6.43628978729248
egy,2013,6.39075994491577
egy,2014,6.25575017929077
emu,1970,5.20836400985718
emu,1971,5.20795583724976
emu,1972,5.20072984695435
emu,1973,5.11006689071655
emu,1974,5.15938520431519
emu,1975,5.15675020217896
emu,1976,5.12102079391479
emu,1977,5.16159677505493
emu,1978,5.1821813583374
emu,1979,5.20339679718018
emu,1980,5.20891857147217
emu,1981,5.20301485061646
emu,1982,5.17992258071899
emu,1983,5.14000272750854
emu,1984,5.11620187759399
emu,1985,5.12153816223145
emu,1986,5.14062070846558
emu,1987,5.1579761505127
emu,1988,5.17532730102539
emu,1989,5.15738391876221
emu,1990,5.09582853317261
emu,1991,5.05471467971802
emu,1992,4.98484802246094
emu,1993,4.97778558731079
emu,1994,4.99334001541138
emu,1995,5.01554441452026
emu,1996,5.1637544631958
emu,1997,5.18203258514404
emu,1998,5.27429628372192
emu,1999,5.30728578567505
emu,2000,5.31417560577393
emu,2001,5.30151987075806
emu,2002,5.27483654022217
emu,2003,5.26176118850708
emu,2004,5.25729751586914
emu,2005,5.32435750961304
emu,2006,5.36494970321655
emu,2007,5.43159103393555
emu,2008,5.45582485198975
emu,2009,5.44462490081787
emu,2010,5.42250537872314
emu,2011,5.39499568939209
emu,2012,5.35944223403931
emu,2013,5.36789560317993
emu,2014,5.35469007492065
eri,1989,1.59227001667023
eri,1990,1.36544001102448
eri,1991,1.24442005157471
eri,1992,1.87019002437592
eri,1993,2.09963989257813
eri,1994,2.59602999687195
eri,1995,2.72264003753662
eri,1996,2.81085991859436
eri,1997,2.69917988777161
eri,1999,2.74641990661621
eri,2000,3.05383992195129
eri,2001,3.03421998023987
eri,2002,3.387619972229
eri,2003,3.67186999320984
eri,2004,3.84567999839783
eri,2005,3.85922002792358
eri,2006,3.72036004066467
eri,2007,3.32151007652283
eri,2008,3.1154899597168
eri,2009,2.90120005607605
eri,2010,2.65772008895874
eri,2011,2.79914999008179
eri,2012,2.88236999511719
eri,2013,2.89165997505188
esp,1971,5.45517015457153
esp,1972,5.64923000335693
esp,1973,5.47813987731934
esp,1974,5.58916997909546
esp,1975,5.62693023681641
esp,1976,5.57934999465942
esp,1977,5.54720020294189
esp,1978,5.51912021636963
esp,1979,5.49727010726929
esp,1980,5.46291017532349
esp,1981,5.44344997406006
esp,1982,5.49126005172729
esp,1983,5.50473022460938
esp,1984,5.48821020126343
esp,1985,5.46292018890381
esp,1986,5.3920202255249
esp,1987,5.33395004272461
esp,1988,5.24246978759766
esp,1989,5.23247003555298
esp,1990,5.22789001464844
esp,1991,5.24134016036987
esp,1992,5.2253999710083
esp,1993,5.31574010848999
esp,1994,5.30657005310059
esp,1995,5.25313997268677
esp,1996,6.29518985748291
esp,1997,6.26024007797241
esp,1998,6.29223012924194
esp,1999,6.28046989440918
esp,2000,6.27269983291626
esp,2001,6.24850988388062
esp,2002,6.22935009002686
esp,2003,6.22684001922607
esp,2004,6.24258995056152
esp,2005,6.2182297706604
esp,2006,6.26119995117188
esp,2007,6.35954999923706
esp,2008,6.44225978851318
esp,2009,6.45207977294922
esp,2010,6.37455987930298
esp,2011,6.32304000854492
esp,2012,6.25109004974365
esp,2013,6.28227996826172
esp,2014,6.23619985580444
est,1981,6.23094987869263
est,1982,6.17834997177124
est,1983,6.16631984710693
est,1984,6.20469999313354
est,1985,6.24501991271973
est,1986,6.35439014434814
est,1987,6.72559976577759
est,1988,6.92414999008179
est,1989,6.87941980361938
est,1990,5.69345998764038
est,1991,5.61270999908447
est,1992,5.5738000869751
est,1993,5.43936014175415
est,1994,5.49020004272461
est,1995,5.57067012786865
est,1996,5.79588985443115
est,1997,5.8792200088501
est,1998,6.04005002975464
est,1999,6.14247989654541
est,2000,6.20995998382568
est,2001,6.24962997436523
est,2002,6.13609981536865
est,2003,6.06625986099243
est,2004,5.99140977859497
est,2005,5.97299003601074
est,2006,5.92532014846802
est,2007,5.99070978164673
est,2008,6.15923976898193
est,2009,6.2335000038147
est,2010,6.21339988708496
est,2011,6.10023021697998
est,2012,6.10501003265381
est,2013,6.05127000808716
eth,1971,1.2360999584198
eth,1972,1.29656004905701
eth,1973,1.32863998413086
eth,1974,1.44465005397797
eth,1975,1.56432998180389
eth,1976,1.72758996486664
eth,1977,1.8566700220108
eth,1978,1.77225005626678
eth,1979,2.12402009963989
eth,1980,2.65310001373291
eth,1981,3.00716996192932
eth,1982,3.17441010475159
eth,1983,3.1591100692749
eth,1984,2.98235988616943
eth,1985,2.71724009513855
eth,1986,2.67631006240845
eth,1987,3.12248992919922
eth,1988,3.21884989738464
eth,1989,3.03943991661072
eth,1990,2.55610990524292
eth,1991,2.2737500667572
eth,1992,1.75431001186371
eth,1993,1.52912998199463
eth,1994,1.98853003978729
eth,1995,2.30816006660461
eth,1996,2.79536008834839
eth,1997,3.09423995018005
eth,1998,4.01452016830444
eth,1999,3.89705991744995
eth,2000,4.12774991989136
eth,2001,4.50197982788086
eth,2002,4.69643020629883
eth,2003,4.77707004547119
eth,2004,4.85129976272583
eth,2005,5.43560981750488
eth,2006,5.62685012817383
eth,2007,5.95006990432739
eth,2008,6.23231983184814
eth,2009,6.03660011291504
eth,2010,5.93180990219116
eth,2011,6.05054998397827
eth,2012,5.99035978317261
eth,2014,6.31312990188599
euu,1970,5.33772230148315
euu,1971,5.33584451675415
euu,1972,5.33086585998535
euu,1973,5.25296926498413
euu,1974,5.279456615448
euu,1975,5.26281213760376
euu,1976,5.23169040679932
euu,1977,5.24684000015259
euu,1978,5.24995088577271
euu,1979,5.25226306915283
euu,1980,5.24300003051758
euu,1981,5.21808004379272
euu,1982,5.21149730682373
euu,1983,5.19160461425781
euu,1984,5.19252920150757
euu,1985,5.19316911697388
euu,1986,5.21359872817993
euu,1987,5.23062753677368
euu,1988,5.24405956268311
euu,1989,5.22616100311279
euu,1990,5.18405532836914
euu,1991,5.14298629760742
euu,1992,5.0940146446228
euu,1993,5.10772657394409
euu,1994,5.12085723876953
euu,1995,5.13360118865967
euu,1996,5.23486471176147
euu,1997,5.28299903869629
euu,1998,5.3584508895874
euu,1999,5.37541961669922
euu,2000,5.38347291946411
euu,2001,5.37612390518188
euu,2002,5.3548583984375
euu,2003,5.34153032302856
euu,2004,5.38133716583252
euu,2005,5.41703987121582
euu,2006,5.42424297332764
euu,2007,5.45534467697144
euu,2008,5.48911952972412
euu,2009,5.4849910736084
euu,2010,5.48432397842407
euu,2011,5.47993850708008
euu,2012,5.48120498657227
euu,2013,5.51260614395142
euu,2014,5.51018285751343
fin,1972,5.04477977752686
fin,1973,5.13239002227783
fin,1974,5.3322901725769
fin,1975,5.50687980651855
fin,1976,6.2048602104187
fin,1977,6.08029985427856
fin,1978,5.97990989685059
fin,1979,5.90975999832153
fin,1980,5.85803985595703
fin,1981,5.79571008682251
fin,1982,5.83899021148682
fin,1983,6.02595996856689
fin,1984,6.13387012481689
fin,1985,6.17392015457153
fin,1986,6.15258979797363
fin,1987,6.1195502281189
fin,1988,6.05141019821167
fin,1989,5.9696102142334
fin,1990,5.93193006515503
fin,1991,5.94766998291016
fin,1992,5.96712017059326
fin,1993,5.97532987594604
fin,1994,5.97047996520996
fin,1995,5.95159006118774
fin,1996,5.94305992126465
fin,1997,5.95651006698608
fin,1998,6.01049995422363
fin,1999,6.04156017303467
fin,2000,6.10053014755249
fin,2001,6.10218000411987
fin,2002,6.05530977249146
fin,2003,6.01775979995728
fin,2004,5.96106004714966
fin,2005,5.93106985092163
fin,2006,5.88958978652954
fin,2007,5.91556978225708
fin,2008,5.94554996490479
fin,2009,5.94941997528076
fin,2010,5.9613299369812
fin,2011,5.98182010650635
fin,2012,6.04050016403198
fin,2013,6.06125020980835
fin,2014,6.08705997467041
fji,1970,6.53169012069702
fji,1971,6.71448993682861
fji,1972,6.82332992553711
fji,1973,7.08468008041382
fji,1974,7.06426000595093
fji,1975,7.08482980728149
fji,1976,6.96724987030029
fji,1977,6.79712009429932
fji,1978,6.6741099357605
fji,1979,6.45076990127563
fji,1980,6.37743997573853
fji,1981,6.37169981002808
fji,1983,6.20033979415894
fji,1984,6.14098978042603
fji,1985,6.16296005249023
fji,1986,6.2463002204895
fji,1987,6.31406021118164
fji,1991,6.53008985519409
fji,1992,6.48739004135132
fji,1994,6.5144100189209
fji,1995,6.41027021408081
fji,1996,6.33108997344971
fji,1997,6.35102987289429
fji,1998,6.3274998664856
fji,1999,6.2551097869873
fji,2000,6.15698003768921
fji,2001,6.27214002609253
fji,2002,6.34361982345581
fji,2003,6.53852987289429
fji,2004,6.8119797706604
fji,2006,6.83393001556396
fji,2007,6.50287008285522
fji,2008,6.4069299697876
fji,2009,6.35457992553711
fji,2011,6.29660987854004
fji,2012,6.27485990524292
fji,2013,6.33614015579224
fra,1971,5.8189001083374
fra,1972,5.66915988922119
fra,1973,5.31816005706787
fra,1974,5.50402021408081
fra,1975,5.4816198348999
fra,1976,5.22712993621826
fra,1977,5.46390008926392
fra,1978,5.54648017883301
fra,1979,5.61649990081787
fra,1980,5.62404012680054
fra,1981,5.59858989715576
fra,1982,5.53544998168945
fra,1983,5.40696001052856
fra,1985,5.35707998275757
fra,1986,5.52222013473511
fra,1987,5.6467399597168
fra,1988,5.74735021591187
fra,1989,5.76337003707886
fra,1990,5.67447996139526
fra,1991,5.53589010238647
fra,1992,5.40161991119385
fra,1993,5.27816009521484
fra,1994,5.29717016220093
fra,1995,5.29922008514404
fra,1996,5.32043981552124
fra,1997,5.25719022750854
fra,1998,5.26738977432251
fra,1999,5.26788997650146
fra,2000,5.24019002914429
fra,2001,5.23187017440796
fra,2002,5.21536016464233
fra,2003,5.2031397819519
fra,2004,5.17516994476318
fra,2005,5.47439002990723
fra,2006,5.49037981033325
fra,2007,5.52220010757446
fra,2008,5.52394008636475
fra,2009,5.48858976364136
fra,2010,5.44921016693115
fra,2011,5.39947986602783
fra,2012,5.31830978393555
fra,2013,5.30046987533569
fra,2014,5.29036998748779
fsm,1971,12.9890403747559
fsm,1972,13.072850227356
fsm,1973,13.2219696044922
fsm,1974,12.7270202636719
fsm,1975,12.4460601806641
fsm,1976,11.9368000030518
fsm,1977,12.3341903686523
fsm,1978,11.7926502227783
fsm,1979,11.4517402648926
fsm,2004,6.85327005386353
fsm,2005,6.76778984069824
fsm,2007,6.65694999694824
fsm,2014,5.88260984420776
gab,1971,8.77040958404541
gab,1972,8.80955982208252
gab,1973,8.74917030334473
gab,1974,8.63827037811279
gab,1975,9.33786964416504
gab,1976,8.90750026702881
gab,1977,8.6526403427124
gab,1978,8.96872997283936
gab,1979,8.67292022705078
gab,1980,8.75741004943848
gab,1981,8.89216041564941
gab,1982,8.87539958953857
gab,1983,8.84965991973877
gab,1984,8.88376045227051
gab,1985,8.90520000457764
gab,1986,8.87176990509033
gab,1987,9.22821044921875
gab,1988,8.74806976318359
gab,1989,8.9197301864624
gab,1992,8.16903972625732
gab,1994,8.38597965240479
gab,1995,8.76416969299316
gab,1996,8.64293003082275
gab,1997,9.17691040039063
gab,1999,8.49127960205078
gab,2001,8.2061595916748
gab,2002,8.56719017028809
gab,2003,8.35731029510498
gab,2011,8.70351982116699
gbr,1971,6.28181982040405
gbr,1972,6.24130010604858
gbr,1973,6.18525981903076
gbr,1974,6.17303991317749
gbr,1975,6.16162014007568
gbr,1976,6.17045021057129
gbr,1977,6.19363021850586
gbr,1978,6.19543981552124
gbr,1979,6.19939994812012
gbr,1980,6.23993015289307
gbr,1981,6.21305990219116
gbr,1982,6.15400981903076
gbr,1983,6.08714008331299
gbr,1984,6.14213991165161
gbr,1985,6.14844989776611
gbr,1986,6.29170989990234
gbr,1987,6.39132022857666
gbr,1988,6.45103979110718
gbr,1989,6.43028020858765
gbr,1990,6.40477991104126
gbr,1991,6.31961011886597
gbr,1992,6.25477981567383
gbr,1998,6.05243015289307
gbr,1999,6.03991985321045
gbr,2000,6.0210599899292
gbr,2001,6.0100998878479
gbr,2002,5.98265981674194
gbr,2003,5.99004983901978
gbr,2004,6.35875988006592
gbr,2005,6.39471006393433
gbr,2006,6.29846000671387
gbr,2007,6.18612003326416
gbr,2008,6.3287501335144
gbr,2009,6.30536985397339
gbr,2010,6.36274003982544
gbr,2011,6.36827993392944
gbr,2012,6.46846008300781
gbr,2013,6.49899005889893
gbr,2014,6.47391986846924
geo,1981,3.7600998878479
geo,1986,3.60677003860474
geo,1991,3.90546989440918
geo,1992,3.85280990600586
geo,1993,3.49634003639221
geo,1994,3.56767988204956
geo,1995,3.38768005371094
geo,1996,3.34125995635986
geo,1997,3.47638988494873
geo,1998,3.62457990646362
geo,1999,3.76504993438721
geo,2000,3.88817000389099
geo,2001,3.75918006896973
geo,2002,3.63876008987427
geo,2003,3.67249989509583
geo,2004,5.86595010757446
geo,2005,5.79821014404297
geo,2006,5.95519018173218
geo,2007,6.47024011611938
geo,2008,6.56528997421265
geo,2009,6.55349016189575
geo,2010,6.55634021759033
geo,2011,6.57392978668213
geo,2012,6.83874988555908
geo,2013,6.9724497795105
geo,2014,6.97896003723145
gha,1971,4.3737998008728
gha,1972,4.28936004638672
gha,1973,4.36565017700195
gha,1974,4.22763013839722
gha,1975,4.29807996749878
gha,1976,4.64058017730713
gha,1977,4.75525999069214
gha,1978,4.80149984359741
gha,1979,4.87687015533447
gha,1980,4.95568990707397
gha,1981,5.09602022171021
gha,1982,5.18757009506226
gha,1983,5.03220987319946
gha,1984,4.79734992980957
gha,1985,4.92312002182007
gha,1987,4.74862003326416
gha,1988,4.57764005661011
gha,1989,4.79481983184814
gha,1990,4.65214014053345
gha,1991,5.16398000717163
gha,1992,5.15917015075684
gha,1993,5.08820009231567
gha,1994,5.16672992706299
gha,1995,5.06006002426147
gha,1999,5.22417020797729
gha,2000,5.49295997619629
gha,2001,5.20808982849121
gha,2002,5.33501005172729
gha,2003,4.96215009689331
gha,2004,5.32912015914917
gha,2005,5.64506006240845
gha,2006,5.916259765625
gha,2007,6.25710010528564
gha,2008,6.61212015151978
gha,2009,6.55994987487793
gha,2011,6.58479022979736
gha,2012,6.90311002731323
gha,2013,6.67520999908447
gha,2014,6.51635980606079
gha,2015,6.72489976882935
gin,1971,2.52098989486694
gin,1972,2.00955009460449
gin,1973,2.48094010353088
gin,1974,2.55011010169983
gin,1975,2.64203000068665
gin,1976,2.50500988960266
gin,1977,2.80873990058899
gin,1978,2.97603011131287
gin,1979,3.10080003738403
gin,1981,3.16146993637085
gin,1982,3.01718997955322
gin,1983,2.92196011543274
gin,1984,2.88023996353149
gin,1985,3.28937005996704
gin,1986,3.09200000762939
gin,1987,2.98492002487183
gin,1988,3.06644010543823
gin,1989,3.08523011207581
gin,1990,3.00450992584229
gin,1991,3.17313003540039
gin,1992,2.98557996749878
gin,1993,3.27539992332459
gin,1994,3.38977003097534
gin,1995,3.65614008903503
gin,1996,3.70171999931335
gin,1997,3.87807989120483
gin,1998,4.02060985565186
gin,1999,4.13995981216431
gin,2000,4.29136991500854
gin,2001,4.41225004196167
gin,2002,4.96476984024048
gin,2003,5.15350008010864
gin,2004,5.32793998718262
gin,2005,5.41426992416382
gin,2006,5.44210004806519
gin,2007,5.52291011810303
gin,2008,5.5886697769165
gin,2009,5.50372982025146
gin,2010,5.64199018478394
gin,2011,5.69020986557007
gin,2012,5.80951976776123
gin,2013,5.90274000167847
gin,2014,5.94124984741211
gmb,1971,2.43879008293152
gmb,1972,2.30331993103027
gmb,1973,2.39918994903564
gmb,1974,2.3995099067688
gmb,1975,2.42600011825562
gmb,1976,2.57396006584167
gmb,1977,2.6495099067688
gmb,1978,2.76143002510071
gmb,1979,3.09406995773315
gmb,1980,3.43737006187439
gmb,1981,4.14147996902466
gmb,1982,4.4469199180603
gmb,1983,4.6780800819397
gmb,1984,4.85934019088745
gmb,1985,4.96882009506226
gmb,1986,4.93658018112183
gmb,1987,4.72735023498535
gmb,1989,4.17440986633301
gmb,1992,4.31612014770508
gmb,1993,4.3175802230835
gmb,1994,4.38152980804443
gmb,1995,4.5273699760437
gmb,1996,4.82239007949829
gmb,1997,4.9479398727417
gmb,1998,5.15693998336792
gmb,1999,5.98431015014648
gmb,2000,5.95523023605347
gmb,2001,5.954430103302
gmb,2002,5.79653978347778
gmb,2003,5.79148006439209
gmb,2004,5.76605987548828
gmb,2005,5.53534984588623
gmb,2006,5.29680013656616
gmb,2007,5.38286018371582
gmb,2008,5.22028017044067
gmb,2010,5.08954000473022
gmb,2011,4.90016984939575
gmb,2012,5.05596017837524
gmb,2013,5.1643500328064
gmb,2014,5.13541984558105
gnb,1971,2.3206000328064
gnb,1972,2.31605005264282
gnb,1973,2.66899991035461
gnb,1976,5.76796007156372
gnb,1978,5.84332990646362
gnb,1979,5.61460018157959
gnb,1980,5.22455978393555
gnb,1981,5.19774007797241
gnb,1982,5.0176100730896
gnb,1983,4.59071016311646
gnb,1984,4.59993982315063
gnb,1985,4.52268981933594
gnb,1987,4.2681999206543
gnb,1988,4.08880996704102
gnb,1989,3.91297006607056
gnb,1992,3.56029009819031
gnb,1993,3.41917991638184
gnb,1994,3.77296996116638
gnb,1995,4.02136993408203
gnb,1996,4.1861400604248
gnb,1997,4.52798986434937
gnb,1998,4.75533008575439
gnb,2000,5.41283988952637
gnb,2010,7.3193998336792
gnq,1971,5.12531995773315
gnq,1974,5.47824001312256
gnq,1993,7.72221994400024
gnq,1994,9.32075023651123
gnq,2000,6.30216979980469
gnq,2001,5.97064018249512
gnq,2002,5.78816986083984
gnq,2003,5.18106985092163
gnq,2005,4.91731023788452
gnq,2008,5.17346000671387
gnq,2009,5.1260199546814
gnq,2010,5.13948011398315
gnq,2011,5.09534978866577
gnq,2012,5.26689004898071
grc,1971,6.47165012359619
grc,1972,6.48912000656128
grc,1973,6.48541021347046
grc,1974,6.48293018341064
grc,1975,6.38792991638184
grc,1976,6.29804992675781
grc,1977,6.20900011062622
grc,1978,6.13388013839722
grc,1979,6.11324977874756
grc,1980,6.0802001953125
grc,1981,6.22713994979858
grc,1982,6.28626012802124
grc,1983,6.33529996871948
grc,1984,6.3412299156189
grc,1985,6.3304500579834
grc,1986,6.27710008621216
grc,1987,6.07186985015869
grc,1988,6.0745701789856
grc,1989,6.01364994049072
grc,1990,5.98470020294189
grc,1991,5.97916984558105
grc,1992,5.86046981811523
grc,1993,5.70663022994995
grc,1994,5.64891004562378
grc,1995,5.68022012710571
grc,1996,5.61736011505127
grc,1997,5.56237983703613
grc,1998,5.65058994293213
grc,1999,5.72454023361206
grc,2000,5.79030990600586
grc,2001,5.75653982162476
grc,2002,5.88461017608643
grc,2003,5.96288013458252
grc,2004,6.06113004684448
grc,2005,6.01302003860474
grc,2006,6.00166988372803
grc,2007,5.9818000793457
grc,2010,6.06659984588623
grc,2011,6.00461006164551
grc,2012,6.00203990936279
grc,2013,5.95783996582031
grd,1971,8.74431037902832
grd,1972,9.40629959106445
grd,1973,9.09480953216553
grd,1974,9.5915002822876
grd,1975,8.31700038909912
grd,1976,8.69598960876465
grd,1977,8.49363040924072
grd,1978,8.54784965515137
grd,1979,8.44797039031982
grd,1980,8.2521800994873
grd,1981,7.81309986114502
grd,1982,7.77033996582031
grd,1983,7.60218000411987
grd,1984,7.42372989654541
grd,1985,7.48206996917725
grd,1986,7.78201007843018
grd,1988,8.39111995697021
grd,1993,8.62477016448975
grd,1994,8.68889999389648
grd,1995,8.61627006530762
grd,1996,7.74889993667603
grd,1997,8.46590042114258
grd,1998,8.46008968353271
grd,1999,7.73435020446777
grd,2000,6.49552011489868
grd,2001,6.77883005142212
grd,2002,7.63415002822876
grd,2003,7.42991018295288
grd,2004,7.37056016921997
grd,2005,6.85411977767944
grd,2007,6.79475021362305
grd,2008,7.12895011901855
grd,2009,7.48444986343384
grd,2010,7.31829977035522
grd,2013,7.31481981277466
grd,2014,7.26583003997803
gtm,1970,3.94973993301392
gtm,1971,4.0405797958374
gtm,1972,4.10708999633789
gtm,1973,3.97146010398865
gtm,1974,4.14629983901978
gtm,1975,4.20176982879639
gtm,1976,4.05059003829956
gtm,1977,4.18317985534668
gtm,1978,4.39740991592407
gtm,1979,4.37871980667114
gtm,1980,4.5116400718689
gtm,1981,4.9040699005127
gtm,1982,4.54928016662598
gtm,1983,4.87340021133423
gtm,1985,4.87720012664795
gtm,1986,4.84424018859863
gtm,1991,4.98064994812012
gtm,1992,5.22275018692017
gtm,1993,5.32485008239746
gtm,1994,5.33287000656128
gtm,1995,5.48227977752686
gtm,1996,5.58233976364136
gtm,1997,5.68928003311157
gtm,1998,6.01409006118774
gtm,1999,6.44815015792847
gtm,2000,6.51272010803223
gtm,2001,6.55479001998901
gtm,2002,6.71643018722534
gtm,2004,7.01955986022949
gtm,2005,7.03433990478516
gtm,2006,7.0469799041748
gtm,2007,7.0187201499939
gtm,2008,7.03235006332397
gtm,2009,7.23355007171631
gtm,2010,7.19319009780884
gtm,2011,7.06043004989624
gtm,2012,6.79098987579346
gtm,2013,6.62138986587524
gtm,2014,6.36438989639282
guy,1971,6.04277992248535
guy,1972,5.99503993988037
guy,1973,5.98344993591309
guy,1974,6.18201017379761
guy,1976,6.31340980529785
guy,1977,6.79069995880127
guy,1978,6.56124019622803
guy,1979,6.55004978179932
guy,1980,6.20260000228882
guy,1981,6.17146015167236
guy,1982,6.1950101852417
guy,1984,5.87694978713989
guy,1985,5.7681999206543
guy,1986,5.91645002365112
guy,1987,6.08362007141113
guy,1988,6.43860006332397
guy,1989,6.87905979156494
guy,1991,6.74823999404907
guy,1992,6.66045999526978
guy,1993,6.4546799659729
guy,1995,6.10712003707886
guy,1996,5.94479990005493
guy,1997,6.0373101234436
guy,1999,6.39355993270874
guy,2000,6.47976016998291
guy,2001,6.3267297744751
guy,2003,6.17398023605347
guy,2005,6.16825008392334
guy,2006,5.67588996887207
guy,2007,5.62925004959106
guy,2008,5.53715991973877
guy,2009,5.24205017089844
guy,2010,5.24948978424072
guy,2011,5.33720016479492
guy,2012,5.25419998168945
hic,1970,5.57995939254761
hic,1971,5.58666658401489
hic,1972,5.57748365402222
hic,1973,5.5710768699646
hic,1974,5.55306005477905
hic,1975,5.5416202545166
hic,1976,5.56451320648193
hic,1977,5.58204126358032
hic,1978,5.59395217895508
hic,1979,5.59980201721191
hic,1980,5.72647333145142
hic,1981,5.70918130874634
hic,1982,5.73271179199219
hic,1983,5.70406150817871
hic,1984,5.66713380813599
hic,1985,5.66511106491089
hic,1986,5.70554351806641
hic,1987,5.75016164779663
hic,1988,5.78253650665283
hic,1989,5.80635499954224
hic,1990,5.8163046836853
hic,1991,5.79783487319946
hic,1992,5.76222610473633
hic,1993,5.75683975219727
hic,1994,5.74978637695313
hic,1995,5.79358577728271
hic,1996,5.83895540237427
hic,1997,5.84131574630737
hic,1998,5.86212682723999
hic,1999,5.86733436584473
hic,2000,5.88799571990967
hic,2001,5.87657833099365
hic,2002,5.82058382034302
hic,2003,5.82860565185547
hic,2004,5.85058784484863
hic,2005,5.88858127593994
hic,2006,5.88400077819824
hic,2007,5.92989921569824
hic,2008,5.94594192504883
hic,2009,5.92482376098633
hic,2010,5.90723419189453
hic,2011,5.88198947906494
hic,2012,5.90232801437378
hic,2013,5.91878223419189
hic,2014,5.91345739364624
hkg,1971,7.17452001571655
hkg,1972,7.11094999313354
hkg,1973,6.99773979187012
hkg,1974,6.91821002960205
hkg,1975,6.84764003753662
hkg,1976,6.72207021713257
hkg,1977,6.58211994171143
hkg,1978,6.4411301612854
hkg,1979,6.38188982009888
hkg,1980,6.44666004180908
hkg,1981,6.45774984359741
hkg,1982,6.37568998336792
hkg,1983,6.4011697769165
hkg,1984,6.46289014816284
hkg,1985,6.47638988494873
hkg,1986,6.52827978134155
hkg,1987,6.48681020736694
hkg,1988,6.42209005355835
hkg,1995,5.79598999023438
hkg,1996,5.88425016403198
hkg,1998,5.76149988174438
hkg,1999,5.91115999221802
hkg,2000,6.01875019073486
hkg,2012,6.26892995834351
hkg,2013,6.46115016937256
hkg,2014,6.73368978500366
hnd,1970,5.00451993942261
hnd,1971,5.02593994140625
hnd,1972,5.08315992355347
hnd,1973,5.01030015945435
hnd,1974,5.06808996200562
hnd,1975,5.19129991531372
hnd,1976,5.20775985717773
hnd,1977,5.13811016082764
hnd,1978,5.32641983032227
hnd,1979,5.7681999206543
hnd,1980,5.88859987258911
hnd,1981,5.82650995254517
hnd,1982,6.30049991607666
hnd,1983,6.38218021392822
hnd,1984,6.47974014282227
hnd,1985,6.43169021606445
hnd,1986,6.62958002090454
hnd,1988,6.58345985412598
hnd,1990,6.39029979705811
hnd,1991,6.38895988464355
hnd,1992,6.54383993148804
hnd,1993,6.65750980377197
hnd,1994,6.589280128479
hnd,1995,6.4594898223877
hnd,1996,6.46003007888794
hnd,1997,6.49426984786987
hnd,1998,6.3824200630188
hnd,1999,6.41906023025513
hnd,2000,6.39401006698608
hnd,2003,7.10587978363037
hnd,2004,7.00868988037109
hnd,2005,6.80157995223999
hnd,2006,7.08812999725342
hnd,2007,6.83018016815186
hnd,2008,6.96052980422974
hnd,2009,6.92129993438721
hnd,2010,7.00327014923096
hnd,2011,6.9799599647522
hnd,2012,6.80724000930786
hnd,2013,6.67378997802734
hnd,2014,6.59281015396118
hpc,1970,3.64246535301209
hpc,1971,3.66968655586243
hpc,1972,3.68498635292053
hpc,1973,3.69037628173828
hpc,1974,3.74467468261719
hpc,1975,3.89767694473267
hpc,1976,4.05810356140137
hpc,1977,4.19964742660522
hpc,1978,4.31118297576904
hpc,1979,4.48594999313354
hpc,1980,4.5816535949707
hpc,1981,4.72179937362671
hpc,1982,4.6110954284668
hpc,1983,4.59570455551147
hpc,1984,4.50585126876831
hpc,1985,4.4617772102356
hpc,1986,4.46008396148682
hpc,1987,4.36646366119385
hpc,1988,4.42479801177979
hpc,1989,4.28785991668701
hpc,1990,4.14380264282227
hpc,1991,4.27235412597656
hpc,1992,4.15590190887451
hpc,1993,4.16756582260132
hpc,1994,4.24354553222656
hpc,1995,4.43947315216064
hpc,1996,4.48685359954834
hpc,1997,4.74594211578369
hpc,1998,4.86238479614258
hpc,1999,4.84289169311523
hpc,2000,4.96190214157104
hpc,2001,5.17268705368042
hpc,2002,5.5814356803894
hpc,2003,5.78793478012085
hpc,2004,6.00325298309326
hpc,2005,6.11385440826416
hpc,2006,6.23838901519775
hpc,2007,6.37895202636719
hpc,2008,6.56711435317993
hpc,2009,6.51362705230713
hpc,2010,6.4881706237793
hpc,2011,6.50597047805786
hpc,2012,6.51990985870361
hpc,2013,6.51703977584839
hpc,2014,6.56171035766602
hrv,1993,3.20176005363464
hrv,1994,3.35438990592957
hrv,1995,3.38722991943359
hrv,1996,3.45362997055054
hrv,1997,3.49564003944397
hrv,1998,3.67914009094238
hrv,1999,3.77657008171082
hrv,2000,3.85391998291016
hrv,2001,3.93005990982056
hrv,2002,4.0275502204895
hrv,2003,4.0896201133728
hrv,2005,4.12352991104126
hrv,2006,4.02961015701294
hrv,2007,3.91045999526978
hrv,2008,3.75641989707947
hrv,2009,3.68709993362427
hrv,2010,3.69277000427246
hrv,2011,3.76260995864868
hrv,2012,3.84737992286682
hrv,2014,3.95169997215271
hti,1978,3.99196004867554
hti,1979,4.02370023727417
hti,1980,4.36976003646851
hti,1981,5.02932977676392
hti,1982,5.03292989730835
hti,1983,5.41520977020264
hti,1984,5.69262981414795
hti,1985,5.95018005371094
hti,1986,6.09160995483398
hti,1987,5.08491992950439
hti,1992,4.58383989334106
hti,1993,4.80934000015259
hti,1994,5.16144990921021
hti,1995,5.5897798538208
hti,1996,6.09597015380859
hti,1997,7.06980991363525
hti,1998,6.77796983718872
hun,1971,3.9587299823761
hun,1972,4.06113004684448
hun,1973,4.17507982254028
hun,1974,4.23668003082275
hun,1975,4.24317979812622
hun,1976,4.18656015396118
hun,1977,4.14905977249146
hun,1978,4.06618022918701
hun,1979,3.93963003158569
hun,1980,3.91002011299133
hun,1981,3.98190999031067
hun,1982,4.21702003479004
hun,1983,4.34991979598999
hun,1984,4.37791013717651
hun,1985,4.22778987884521
hun,1986,3.92755007743835
hun,1987,3.66773009300232
hun,1988,3.41581988334656
hun,1989,3.34752988815308
hun,1990,3.41763997077942
hun,1991,3.58703994750977
hun,1992,3.8199200630188
hun,1994,4.25900983810425
hun,1995,4.2268500328064
hun,1996,4.10897016525269
hun,1997,4.06079006195068
hun,1998,4.0630202293396
hun,1999,4.07712984085083
hun,2000,4.09183979034424
hun,2001,4.05325984954834
hun,2002,4.00469017028809
hun,2003,3.9712700843811
hun,2004,3.94913005828857
hun,2005,3.9785099029541
hun,2006,4.01679992675781
hun,2007,4.01842021942139
hun,2008,4.0868501663208
hun,2009,4.10128021240234
hun,2010,4.09592008590698
hun,2011,4.05869007110596
hun,2012,4.03035020828247
hun,2013,4.02405023574829
hun,2014,4.07844018936157
idn,1970,5.39118003845215
idn,1971,5.65775012969971
idn,1972,5.68998003005981
idn,1973,5.64210987091064
idn,1974,5.70902013778687
idn,1975,5.69135999679565
idn,1976,5.76777982711792
idn,1977,5.88709020614624
idn,1978,6.45998001098633
idn,1981,7.07983016967773
idn,1982,7.24822998046875
idn,1983,7.20886993408203
idn,1984,7.3875298500061
idn,1985,7.46997022628784
idn,1986,7.40081977844238
idn,1987,7.27289009094238
idn,1988,7.20141983032227
idn,1989,7.09421014785767
idn,1990,6.96771001815796
idn,1991,6.81200981140137
idn,1992,6.67971992492676
idn,1993,6.70718002319336
idn,1994,6.77245998382568
idn,1995,6.76494979858398
idn,1996,6.73741006851196
idn,1997,6.72865009307861
idn,1998,6.83576011657715
idn,1999,6.77908992767334
idn,2000,6.61813020706177
idn,2001,6.66232013702393
idn,2002,6.66796016693115
idn,2003,6.62872982025146
idn,2004,6.57837009429932
idn,2005,6.56916999816895
idn,2006,6.46053981781006
idn,2007,6.66044998168945
idn,2008,6.50730991363525
idn,2009,6.55622005462646
idn,2010,6.41375017166138
idn,2011,6.39557981491089
idn,2012,6.52796983718872
idn,2013,6.39703989028931
idn,2014,6.4354100227356
ind,1971,4.77039003372192
ind,1972,4.7993597984314
ind,1973,4.9613299369812
ind,1974,4.92043018341064
ind,1975,4.96389007568359
ind,1976,4.93756008148193
ind,1977,5.08520984649658
ind,1978,4.88915014266968
ind,1979,4.83949995040894
ind,1980,4.91043996810913
ind,1981,4.98452997207642
ind,1982,5.0250301361084
ind,1983,5.11741018295288
ind,1984,5.20414018630981
ind,1985,5.15088987350464
ind,1986,5.2158899307251
ind,1987,5.05528020858765
ind,1988,5.11653995513916
ind,1989,5.33324003219604
ind,1990,5.23759984970093
ind,1991,5.17574977874756
ind,1992,5.16210985183716
ind,1993,5.17276000976563
ind,1994,5.21063995361328
ind,1995,5.19105005264282
ind,1996,5.15613985061646
ind,1997,5.11299991607666
ind,1998,5.00874996185303
ind,1999,5.02737998962402
ind,2000,5.10137987136841
ind,2001,5.06310987472534
ind,2002,5.04814004898071
ind,2003,5.20178985595703
ind,2007,5.55212020874023
ind,2008,5.51222991943359
ind,2009,5.41466999053955
ind,2010,5.40277004241943
ind,2011,5.34348011016846
ind,2012,5.39991998672485
ind,2013,5.24434995651245
irl,1971,6.61747980117798
irl,1972,6.47439002990723
irl,1973,6.43580007553101
irl,1974,6.31607007980347
irl,1975,6.32102012634277
irl,1976,6.40106010437012
irl,1977,6.46198987960815
irl,1978,6.4778299331665
irl,1979,6.433030128479
irl,1980,6.30579996109009
irl,1981,6.12723016738892
irl,1982,5.96444988250732
irl,1983,5.84328985214233
irl,1984,5.70487022399902
irl,1985,5.69856023788452
irl,1986,5.71926021575928
irl,1987,5.78493022918701
irl,1988,5.85255002975464
irl,1989,5.89650011062622
irl,1990,5.91563987731934
irl,1991,5.89086008071899
irl,1992,5.85371017456055
irl,1993,5.86580991744995
irl,1994,5.84802007675171
irl,1995,5.8467698097229
irl,1996,5.83847999572754
irl,1997,5.93527984619141
irl,1998,8.27157020568848
irl,1999,8.33528995513916
irl,2000,8.38313961029053
irl,2001,8.39136981964111
irl,2002,8.52528953552246
irl,2003,8.57787036895752
irl,2004,8.569580078125
irl,2005,8.52505970001221
irl,2006,8.53888988494873
irl,2007,8.62464046478271
irl,2008,8.58771991729736
irl,2009,8.56336975097656
irl,2010,8.47126960754395
irl,2011,8.35865020751953
irl,2012,8.20884037017822
irl,2013,8.15001964569092
irn,1971,5.39598989486694
irn,1972,4.90604019165039
irn,1973,5.09552001953125
irn,1974,5.27523994445801
irn,1975,5.73702001571655
irn,1976,5.98507022857666
irn,1977,6.16219997406006
irn,1978,6.26492023468018
irn,1982,5.71045017242432
irn,1983,5.69653987884521
irn,1984,5.87693023681641
irn,1985,5.84117984771729
irn,1986,5.86527013778687
irn,1987,5.88048982620239
irn,1988,5.89131021499634
irn,1989,5.86006021499634
irn,1990,5.79658985137939
irn,1991,5.71856021881104
irn,1992,5.87565994262695
irn,1993,5.6715202331543
irn,1994,5.5451397895813
irn,1995,5.47770023345947
irn,1996,5.44368982315063
irn,1997,5.29576015472412
irn,1998,5.31190013885498
irn,1999,5.1038498878479
irn,2000,5.02194976806641
irn,2001,5.15572023391724
irn,2002,5.05966997146606
irn,2003,5.00822019577026
irn,2004,5.08002996444702
irn,2005,5.04698991775513
irn,2006,5.22919988632202
irn,2007,5.23435020446777
irn,2008,5.32367992401123
irn,2009,5.35122013092041
irn,2010,5.29791021347046
irn,2011,5.31245994567871
irn,2012,5.32030010223389
irn,2013,6.89659976959229
irn,2014,6.39028978347778
irq,1971,6.1346001625061
irq,1972,6.40055990219116
irq,1973,6.519700050354
irq,1974,6.59884977340698
irq,1975,6.58477020263672
irq,1976,7.08867979049683
irq,1977,7.18416023254395
irq,1978,6.94415998458862
irq,1979,7.22368001937866
irq,1980,7.17222023010254
irq,1981,6.82963991165161
irq,1982,6.51199007034302
irq,1983,6.49572992324829
irq,1984,6.50020980834961
irq,1985,6.69597005844116
irq,1986,6.69975996017456
irq,1987,6.80320978164673
irq,1988,6.7608699798584
irq,1989,6.79444980621338
irq,1991,7.01476001739502
irq,1992,5.80600023269653
irq,1993,5.84759998321533
irq,1996,5.48060989379883
irq,1999,6.44052982330322
irq,2000,6.3635401725769
irq,2003,6.96134996414185
irq,2004,6.89003992080688
irq,2007,7.16829013824463
isl,1971,5.90093994140625
isl,1972,5.943039894104
isl,1973,5.9372501373291
isl,1974,5.93154001235962
isl,1975,5.97818994522095
isl,1976,5.99422979354858
isl,1977,5.97736978530884
isl,1983,5.96333980560303
isl,1984,6.01343011856079
isl,1986,5.86191987991333
isl,1987,5.87765979766846
isl,1988,6.00328016281128
isl,1989,6.06091022491455
isl,1993,6.9404501914978
isl,1994,6.83022022247314
isl,1995,6.86866998672485
isl,1996,6.83772993087769
isl,1997,6.85608005523682
isl,1998,6.9475998878479
isl,1999,7.09400987625122
isl,2000,7.21745014190674
isl,2001,7.21928977966309
isl,2002,7.04825019836426
isl,2003,7.01828002929688
isl,2004,6.92111015319824
isl,2005,6.93472003936768
isl,2006,6.89195013046265
isl,2007,6.84902000427246
isl,2008,6.89133977890015
isl,2009,6.92776012420654
isl,2010,6.88582992553711
isl,2011,6.87793016433716
isl,2012,6.89308977127075
isr,1973,6.11269998550415
isr,1974,6.16641998291016
isr,1975,6.16802978515625
isr,1976,6.16588020324707
isr,1977,6.16505002975464
isr,1978,6.1461501121521
isr,1979,6.05756998062134
isr,1980,6.08924007415771
isr,1983,5.95787000656128
isr,1984,5.91118001937866
isr,1985,5.86860990524292
isr,1986,5.85882997512817
isr,1987,5.80811023712158
isr,1988,5.78024005889893
isr,1989,5.7887601852417
isr,1990,5.6411600112915
isr,1991,5.80418014526367
isr,1992,6.02328014373779
isr,1993,6.06564998626709
isr,1994,6.07239007949829
isr,1999,6.32461977005005
isr,2000,6.39626979827881
isr,2001,6.379310131073
isr,2002,6.37559986114502
isr,2003,6.3507399559021
isr,2004,6.32093000411987
isr,2005,6.22231006622314
isr,2006,6.15936994552612
isr,2007,6.18639993667603
isr,2008,6.1530499458313
isr,2009,6.17841005325317
isr,2010,6.2560601234436
isr,2011,6.29875993728638
isr,2012,6.33735990524292
isr,2013,6.27936983108521
isr,2014,6.26012992858887
ita,1971,5.46680021286011
ita,1972,5.45160007476807
ita,1973,5.46605014801025
ita,1974,5.42346000671387
ita,1975,5.39791011810303
ita,1976,5.32955980300903
ita,1977,5.25857019424438
ita,1978,5.19786977767944
ita,1979,5.14275979995728
ita,1980,5.13118982315063
ita,1981,5.10726976394653
ita,1982,5.09012985229492
ita,1983,5.0658597946167
ita,1984,5.05186986923218
ita,1985,5.03821992874146
ita,1986,5.00302982330322
ita,1987,4.967209815979
ita,1988,4.94461011886597
ita,1989,4.92635011672974
ita,1990,4.91976022720337
ita,1991,4.93252992630005
ita,1992,4.97686004638672
ita,1993,4.941969871521
ita,1994,4.83699989318848
ita,1995,4.94469022750854
ita,1996,4.98743009567261
ita,1997,5.00770998001099
ita,1998,5.08061981201172
ita,1999,5.20362997055054
ita,2000,5.14415979385376
ita,2001,5.12705993652344
ita,2002,5.12303018569946
ita,2003,5.07880020141602
ita,2004,5.06640005111694
ita,2005,5.10022020339966
ita,2006,5.15377998352051
ita,2007,5.20484018325806
ita,2008,5.2096700668335
ita,2009,5.16449022293091
ita,2010,5.1321702003479
ita,2011,5.11476993560791
ita,2012,5.06904983520508
ita,2013,5.10666990280151
jam,1971,6.34935998916626
jam,1972,6.39132976531982
jam,1973,6.16697978973389
jam,1974,6.33406019210815
jam,1975,5.90564012527466
jam,1976,5.88105010986328
jam,1977,5.92365980148315
jam,1978,6.00487995147705
jam,1979,6.14985990524292
jam,1980,6.07415008544922
jam,1981,6.1053900718689
jam,1983,6.19622993469238
jam,1984,6.14328002929688
jam,1985,6.11066007614136
jam,1986,6.08656978607178
jam,1987,6.34556007385254
jam,1988,6.20871019363403
jam,1989,6.28983020782471
jam,1990,6.25268983840942
jam,1991,6.1557297706604
jam,1993,6.0411901473999
jam,1999,5.71800994873047
jam,2000,5.82661008834839
jam,2001,5.83663988113403
jam,2002,5.83695983886719
jam,2003,5.738609790802
jam,2004,5.83072996139526
jor,1971,6.64500999450684
jor,1972,6.90488004684448
jor,1973,7.05630016326904
jor,1974,7.26494979858398
jor,1975,7.30032014846802
jor,1976,7.24475002288818
jor,1977,7.12220001220703
jor,1978,6.88323020935059
jor,1979,6.71718978881836
jor,1980,6.5409197807312
jor,1981,6.29931020736694
jor,1982,6.2140998840332
jor,1983,6.0105299949646
jor,1984,6.01066017150879
jor,1985,5.98193979263306
jor,1986,6.29656982421875
jor,1987,6.25134992599487
jor,1988,6.30949020385742
jor,1989,6.20873022079468
jor,1990,6.08758020401001
jor,1991,6.01425981521606
jor,1992,6.07179021835327
jor,1993,6.05123996734619
jor,1994,5.96877002716064
jor,1995,5.96916007995605
jor,1996,6.02459001541138
jor,1998,5.99298000335693
jor,1999,6.01215982437134
jor,2000,6.08100986480713
jor,2002,6.27760982513428
jor,2003,6.34923982620239
jor,2004,6.36260986328125
jor,2005,6.27430009841919
jor,2006,6.09124994277954
jor,2007,5.91000986099243
jor,2008,5.79952001571655
jor,2010,5.47168016433716
jor,2011,5.40136003494263
jor,2012,5.35908985137939
jpn,1971,6.01599979400635
jpn,1972,5.97380018234253
jpn,1973,5.93607997894287
jpn,1974,5.84596014022827
jpn,1975,5.91902017593384
jpn,1976,5.99831008911133
jpn,1977,6.04413986206055
jpn,1978,6.0287299156189
jpn,1979,6.04672002792358
jpn,1980,6.1297402381897
jpn,1981,6.05782985687256
jpn,1982,5.98536014556885
jpn,1983,5.95759010314941
jpn,1984,5.96537017822266
jpn,1985,6.02040004730225
jpn,1986,6.09897994995117
jpn,1987,6.13452005386353
jpn,1988,6.12200021743774
jpn,1989,6.10830020904541
jpn,1990,6.09456014633179
jpn,1991,6.06226015090942
jpn,1992,6.05932998657227
jpn,1993,6.06751012802124
jpn,1994,6.13529014587402
jpn,1995,6.17120981216431
jpn,1996,6.15869998931885
jpn,1997,6.11565017700195
jpn,1998,6.09266996383667
jpn,1999,6.07634019851685
jpn,2000,6.06202983856201
jpn,2001,6.04582977294922
jpn,2002,6.06968021392822
jpn,2003,6.08080005645752
jpn,2004,6.11398983001709
jpn,2005,6.11463022232056
jpn,2006,6.1239800453186
jpn,2007,6.1190299987793
jpn,2008,6.09085988998413
jpn,2009,6.11995983123779
jpn,2010,6.13439989089966
jpn,2011,6.16160011291504
jpn,2012,6.14268016815186
jpn,2013,6.09784984588623
kaz,1990,3.36188006401062
kaz,1991,3.46721005439758
kaz,1992,3.56323003768921
kaz,1993,3.61278009414673
kaz,1994,3.65637993812561
kaz,1995,4.03645992279053
kaz,1996,4.04226016998291
kaz,1997,3.94467997550964
kaz,1998,3.82539010047913
kaz,1999,3.83078002929688
kaz,2000,3.8738899230957
kaz,2001,4.0136399269104
kaz,2002,4.0845799446106
kaz,2003,4.11661005020142
kaz,2004,4.13955020904541
kaz,2005,4.10665988922119
kaz,2006,4.059889793396
kaz,2007,4.10868978500366
kaz,2008,4.25685977935791
kaz,2009,4.26786994934082
kaz,2010,4.24646997451782
kaz,2011,4.26598978042603
kaz,2012,4.26005983352661
kaz,2013,4.29055023193359
kaz,2014,4.29933977127075
kaz,2015,4.25044012069702
ken,1970,4.35362005233765
ken,1971,4.42283010482788
ken,1972,4.65961980819702
ken,1973,4.81386995315552
ken,1974,6.97726011276245
ken,1975,7.0549201965332
ken,1976,6.71435022354126
ken,1977,6.61987018585205
ken,1978,6.32025003433228
ken,1979,7.51044988632202
ken,1980,7.48866987228394
ken,1981,7.20641994476318
ken,1982,7.26604986190796
ken,1983,7.20623016357422
ken,1984,6.88083982467651
ken,1985,6.54008007049561
ken,1986,6.51893997192383
ken,1987,6.46600008010864
ken,1988,6.31046009063721
ken,1989,6.3530797958374
ken,1990,6.13046979904175
ken,1991,5.98254013061523
ken,1992,5.8963098526001
ken,1993,5.82539987564087
ken,1994,5.59909009933472
ken,1995,5.47813987731934
ken,1998,5.57541990280151
ken,1999,5.65529012680054
ken,2000,5.86786985397339
ken,2001,5.96732997894287
ken,2002,5.74832010269165
ken,2003,6.72822999954224
ken,2004,6.80978012084961
ken,2005,6.81507015228271
ken,2006,6.67818021774292
ken,2007,7.05048990249634
ken,2008,7.13489007949829
ken,2009,7.22683000564575
ken,2012,7.3347601890564
ken,2014,6.67301988601685
kgz,1981,3.51606011390686
kgz,1986,3.67920994758606
kgz,1989,3.23494005203247
kgz,1990,3.26533007621765
kgz,1992,3.29813003540039
kgz,1993,3.30724000930786
kgz,1994,3.32186007499695
kgz,1995,3.32452988624573
kgz,1996,4.09249019622803
kgz,1997,4.10415983200073
kgz,1998,4.02609014511108
kgz,1999,3.88247990608215
kgz,2000,3.87444996833801
kgz,2001,3.87539005279541
kgz,2002,3.86091995239258
kgz,2003,3.87495994567871
kgz,2004,3.91635990142822
kgz,2005,3.96253991127014
kgz,2006,4.00633001327515
kgz,2007,3.93989992141724
kgz,2008,3.9382700920105
kgz,2009,3.9135799407959
kgz,2010,3.94272994995117
kgz,2011,3.95338988304138
kgz,2012,4.12461996078491
kgz,2013,4.22655010223389
kgz,2014,4.27048015594482
khm,1971,1.9012199640274
khm,1972,2.76469993591309
khm,1973,2.66588997840881
khm,1986,8.88177013397217
khm,1987,8.87660026550293
khm,1988,8.26669025421143
khm,1989,7.49318981170654
khm,1994,5.38027000427246
khm,1995,5.57288980484009
khm,1997,6.10215997695923
khm,1998,6.245689868927
khm,1999,6.46661996841431
khm,2000,6.79189014434814
khm,2001,7.30114984512329
khm,2002,8.12110996246338
khm,2003,8.21751976013184
khm,2004,8.21352005004883
khm,2005,8.11476039886475
khm,2006,7.85873985290527
khm,2007,7.72040987014771
khm,2008,7.46291017532349
khm,2009,7.61381006240845
khm,2010,7.45402002334595
khm,2011,7.44892978668213
khm,2012,7.45248985290527
khm,2013,7.65953016281128
khm,2014,7.17019987106323
kir,1971,7.35683012008667
kir,1972,8.98579978942871
kir,1973,7.53543996810913
kir,1977,9.22883033752441
kir,1978,9.23188018798828
kir,1979,9.0485200881958
kir,1980,9.31227016448975
kir,1981,9.33780002593994
kir,1982,9.64747047424316
kir,1983,9.44227027893066
kir,1984,9.07573986053467
kir,1985,9.08024024963379
kir,1986,8.74339962005615
kir,1987,8.41664028167725
kir,1988,7.96931982040405
kir,1989,8.28756999969482
kir,1990,8.1401195526123
kir,1991,8.62211990356445
kir,1992,8.62071990966797
kir,1993,8.52457046508789
kir,1994,8.52017021179199
kir,1995,8.38132953643799
kir,1996,8.27501010894775
kir,1997,8.30869007110596
kir,1998,8.00179004669189
kir,1999,6.42095994949341
kir,2000,6.61007976531982
kir,2001,6.93056011199951
kir,2002,6.55770015716553
kir,2003,6.9701099395752
kir,2004,6.59389019012451
kir,2005,6.67148017883301
kir,2006,6.54538011550903
kir,2007,6.28756999969482
kir,2008,6.50108003616333
kir,2009,6.48140001296997
kir,2014,6.70280981063843
kna,1976,6.83065986633301
kna,1977,7.08059978485107
kna,1978,6.94166994094849
kna,1979,6.84338998794556
kna,1980,7.5629301071167
kna,1981,6.81569004058838
kna,1982,7.69016981124878
kna,1984,7.87245988845825
kna,1985,7.98839998245239
kna,1986,8.82011985778809
kna,1987,7.85127019882202
kna,1988,7.84993982315063
kna,1989,7.82240009307861
kna,1990,8.17181015014648
kna,1991,7.54129981994629
kna,1992,7.73985004425049
kna,1993,7.54743003845215
kna,1994,7.56548976898193
kna,1995,7.29174995422363
kna,1998,6.86033010482788
kna,2000,7.30519008636475
kna,2001,6.90378999710083
kna,2002,6.80771017074585
kna,2003,6.92379999160767
kna,2004,6.83758020401001
kna,2005,6.863609790802
kna,2007,6.53167009353638
kna,2008,6.72485017776489
kna,2009,6.55646991729736
kna,2010,6.55063009262085
kna,2011,6.25623989105225
kna,2012,6.11198997497559
kna,2013,5.82838010787964
kna,2014,5.8060998916626
kor,1971,6.36990022659302
kor,1972,6.44551992416382
kor,1973,6.40759992599487
kor,1974,6.30463981628418
kor,1975,6.21971988677979
kor,1976,6.26215982437134
kor,1977,6.18230009078979
kor,1978,6.1989598274231
kor,1979,6.2772798538208
kor,1980,6.29369020462036
kor,1981,6.33590984344482
kor,1982,6.30503988265991
kor,1983,6.26122999191284
kor,1984,6.1511697769165
kor,1985,6.059889793396
kor,1986,6.02706003189087
kor,1987,6.09278011322021
kor,1988,6.13539981842041
kor,1989,6.22060012817383
kor,1990,6.31984996795654
kor,1991,6.3345799446106
kor,1992,6.30578994750977
kor,1993,6.23649978637695
kor,1994,6.19668006896973
kor,1995,6.1494197845459
kor,1996,6.11458015441895
kor,1997,6.08732986450195
kor,1998,6.13590002059937
kor,1999,6.15117979049683
kor,2000,6.07580995559692
kor,2001,6.08488988876343
kor,2002,6.22700977325439
kor,2003,6.475830078125
kor,2004,6.62666988372803
kor,2005,6.71371984481812
kor,2006,6.4718599319458
kor,2007,6.33409023284912
kor,2008,6.1801700592041
kor,2009,6.06106996536255
kor,2010,6.12720012664795
kor,2011,6.13885021209717
kor,2012,6.06561994552612
kor,2013,5.941969871521
kwt,1971,4.3755898475647
kwt,1972,4.10458993911743
kwt,1973,4.14539003372192
kwt,1974,4.1628999710083
kwt,1975,4.26356983184814
kwt,1976,4.37796020507813
kwt,1977,4.65242004394531
kwt,1978,4.54894018173218
kwt,1979,4.38299989700317
kwt,1980,4.30720996856689
kwt,1981,4.17158985137939
kwt,1982,4.11608982086182
kwt,1983,4.12952995300293
kwt,1984,4.17208003997803
kwt,1985,4.25543022155762
kwt,1986,4.26848983764648
kwt,1987,4.16556978225708
kwt,1988,4.05466985702515
kwt,1989,3.88827991485596
kwt,1990,3.78881001472473
kwt,1991,2.48326992988586
kwt,1992,2.43493008613586
kwt,1993,2.81807994842529
kwt,1994,3.30076003074646
kwt,1995,3.53449010848999
kwt,1996,4.09613990783691
kwt,1997,4.09564018249512
kwt,1998,4.08180999755859
kwt,1999,4.05463981628418
kwt,2000,4.11344003677368
kwt,2001,4.19149017333984
kwt,2002,4.39444017410278
kwt,2003,4.41277980804443
kwt,2004,4.37243986129761
kwt,2005,5.47670984268188
kwt,2006,5.25544023513794
kwt,2007,5.2177300453186
kwt,2008,4.99138021469116
kwt,2009,5.02172994613647
kwt,2010,5.03889989852905
kwt,2011,5.22257995605469
kwt,2012,5.17793989181519
kwt,2013,5.09040021896362
kwt,2014,5.05316019058228
lac,1970,6.27133846282959
lac,1971,6.25325059890747
lac,1972,6.26391220092773
lac,1973,6.31079435348511
lac,1974,6.32619476318359
lac,1975,6.34622287750244
lac,1976,6.40185928344727
lac,1977,6.45372581481934
lac,1978,6.49106931686401
lac,1979,6.58109283447266
lac,1980,6.57418966293335
lac,1981,6.61482524871826
lac,1982,6.58902168273926
lac,1983,6.58018445968628
lac,1984,6.57280492782593
lac,1985,6.57140970230103
lac,1986,6.55571556091309
lac,1987,6.53191661834717
lac,1988,6.50077486038208
lac,1989,6.47170448303223
lac,1990,6.44030618667603
lac,1991,6.47536897659302
lac,1992,6.51383113861084
lac,1993,6.54335117340088
lac,1994,6.53788042068481
lac,1995,6.54740762710571
lac,1996,6.57931995391846
lac,1997,6.59973096847534
lac,1998,6.56679391860962
lac,1999,6.59036493301392
lac,2000,6.53841686248779
lac,2001,6.46827173233032
lac,2002,6.4718770980835
lac,2003,6.375
lac,2004,6.27475214004517
lac,2005,6.24895763397217
lac,2006,6.21671104431152
lac,2007,6.21429681777954
lac,2008,6.25332736968994
lac,2009,6.23015832901001
lac,2010,6.20181608200073
lac,2011,6.24427127838135
lac,2012,6.18739366531372
lac,2013,6.24436044692993
lac,2014,6.20098781585693
lao,1971,4.37236022949219
lao,1972,4.43428993225098
lao,1973,4.33772993087769
lao,1977,5.73970985412598
lao,1978,5.32941007614136
lao,1979,5.67309999465942
lao,1980,5.56874990463257
lao,1981,5.60071992874146
lao,1982,5.46002006530762
lao,1984,5.56863021850586
lao,1985,5.44917011260986
lao,1986,5.4868597984314
lao,1988,5.66972017288208
lao,1990,5.48016977310181
lao,1991,5.47427988052368
lao,1992,5.68002986907959
lao,1993,6.05938005447388
lao,1994,6.27468013763428
lao,1995,5.8648099899292
lao,1996,6.5136399269104
lao,1997,6.48997020721436
lao,1998,6.49133014678955
lao,1999,6.24025011062622
lao,2000,6.05272006988525
lao,2001,5.8570499420166
lao,2002,5.88617992401123
lao,2003,5.93570995330811
lao,2004,5.93985986709595
lao,2005,5.98613023757935
lao,2006,6.02264976501465
lao,2007,6.05663013458252
lao,2008,6.15810012817383
lao,2009,6.24466991424561
lao,2010,6.33115005493164
lao,2011,6.23788022994995
lao,2012,6.15055990219116
lao,2013,6.09420013427734
lao,2014,5.97972011566162
lbn,1971,7.29070997238159
lbn,1974,7.03188991546631
lbn,1982,6.23575019836426
lbn,1983,6.06956005096436
lbn,1985,5.25279998779297
lbn,1989,5.50896978378296
lbn,1992,5.57463979721069
lbn,1994,5.76351976394653
lbn,1995,5.84737014770508
lbn,1996,5.90614986419678
lbn,1997,6.20546007156372
lbn,1998,6.51163005828857
lbn,1999,6.80748987197876
lbn,2000,6.64569997787476
lbn,2001,7.72179985046387
lbn,2002,7.38489007949829
lbn,2003,6.9689998626709
lbn,2004,6.70713996887207
lbn,2005,6.47130012512207
lbn,2006,6.30296993255615
lbn,2007,6.37845993041992
lbn,2008,6.41087007522583
lbn,2009,6.48307991027832
lbn,2010,6.55915021896362
lbn,2011,6.52549982070923
lbn,2012,6.22177982330322
lbn,2013,6.10113000869751
lbr,1970,3.08418989181519
lbr,1971,3.14924001693726
lbr,1972,3.17597007751465
lbr,1975,3.26236009597778
lbr,1976,3.08939003944397
lbr,1978,3.56574010848999
lbr,1979,3.51528000831604
lbr,1980,3.79439997673035
lbr,1998,5.53364992141724
lbr,1999,7.08136987686157
lbr,2000,8.27007961273193
lbr,2006,6.7321400642395
lbr,2008,6.72997999191284
lbr,2009,7.44199991226196
lbr,2011,7.53939008712769
lbr,2014,6.93338012695313
lby,1971,8.25994968414307
lby,1972,8.7850399017334
lby,1973,8.81317043304443
lby,1974,8.50193977355957
lby,1975,8.35686016082764
lby,1976,8.20143985748291
lby,1977,7.78243017196655
lby,1978,7.33514022827148
lby,1979,7.28161001205444
lby,1980,7.36484003067017
lby,1981,7.18556022644043
lby,1983,7.23281002044678
lby,1986,6.78064012527466
lby,1999,6.63092994689941
lby,2001,6.42732000350952
lby,2002,6.52117013931274
lby,2003,6.66814994812012
lby,2004,6.82018995285034
lby,2005,6.52421998977661
lby,2006,7.01003980636597
lca,1971,6.24170017242432
lca,1972,6.55553007125854
lca,1973,7.52681016921997
lca,1974,7.93807983398438
lca,1975,8.26817035675049
lca,1976,8.43566036224365
lca,1977,8.67255020141602
lca,1978,8.69546031951904
lca,1979,8.78372955322266
lca,1980,8.54778957366943
lca,1981,8.09078025817871
lca,1982,8.8725004196167
lca,1983,9.10955047607422
lca,1984,9.26064014434814
lca,1985,9.40106010437012
lca,1986,9.32057952880859
lca,1987,9.58366966247559
lca,1988,9.83784961700439
lca,1989,10.1848201751709
lca,1990,10.3760099411011
lca,1991,10.0751695632935
lca,1992,9.97198009490967
lca,1993,10.1083898544312
lca,1997,9.41384983062744
lca,1999,7.51487016677856
lca,2000,7.3799901008606
lca,2001,7.5138201713562
lca,2002,7.37178993225098
lca,2003,7.43018007278442
lca,2004,7.33206987380981
lca,2005,7.36795997619629
lca,2006,7.76703977584839
lca,2007,7.18262004852295
lcn,1970,6.3195858001709
lcn,1971,6.31365966796875
lcn,1972,6.32355070114136
lcn,1973,6.36663722991943
lcn,1974,6.37665367126465
lcn,1975,6.38632440567017
lcn,1976,6.43066263198853
lcn,1977,6.47871017456055
lcn,1978,6.51237630844116
lcn,1979,6.60046672821045
lcn,1980,6.59083652496338
lcn,1981,6.63378858566284
lcn,1982,6.60541152954102
lcn,1983,6.59289169311523
lcn,1984,6.58106660842896
lcn,1985,6.5801568031311
lcn,1986,6.56247806549072
lcn,1987,6.53746032714844
lcn,1988,6.50511264801025
lcn,1989,6.47727203369141
lcn,1990,6.44719409942627
lcn,1991,6.47968816757202
lcn,1992,6.51157474517822
lcn,1993,6.5389256477356
lcn,1994,6.53281736373901
lcn,1995,6.54162216186523
lcn,1996,6.57188844680786
lcn,1997,6.59701251983643
lcn,1998,6.56670618057251
lcn,1999,6.59201192855835
lcn,2000,6.54126834869385
lcn,2001,6.47185945510864
lcn,2002,6.47391605377197
lcn,2003,6.37903165817261
lcn,2004,6.28917980194092
lcn,2005,6.26239919662476
lcn,2006,6.23104763031006
lcn,2007,6.22956943511963
lcn,2008,6.26682233810425
lcn,2009,6.24088478088379
lcn,2010,6.20636034011841
lcn,2011,6.24404191970825
lcn,2012,6.18854999542236
lcn,2013,6.24176359176636
lcn,2014,6.20042943954468
ldc,1970,3.61882352828979
ldc,1971,3.57193231582642
ldc,1972,3.71584987640381
ldc,1973,3.88024687767029
ldc,1974,3.94508600234985
ldc,1975,4.11387586593628
ldc,1976,4.23516654968262
ldc,1977,4.25983047485352
ldc,1978,4.35682487487793
ldc,1979,4.48692607879639
ldc,1980,4.55124950408936
ldc,1981,4.61213779449463
ldc,1982,4.5803074836731
ldc,1983,4.63541507720947
ldc,1984,4.493248462677
ldc,1985,4.40511083602905
ldc,1986,4.41416931152344
ldc,1987,4.35357284545898
ldc,1988,4.48783254623413
ldc,1989,4.41555213928223
ldc,1990,4.28530645370483
ldc,1991,4.38394069671631
ldc,1992,4.35719633102417
ldc,1993,4.38053464889526
ldc,1994,4.444007396698
ldc,1995,4.58467054367065
ldc,1996,4.64904737472534
ldc,1997,4.82237672805786
ldc,1998,4.91513586044312
ldc,1999,4.90435457229614
ldc,2000,5.00828742980957
ldc,2001,5.1230092048645
ldc,2002,5.4511194229126
ldc,2003,5.65122222900391
ldc,2004,5.82083225250244
ldc,2005,5.90242290496826
ldc,2006,6.02057790756226
ldc,2007,6.12349414825439
ldc,2008,6.26647329330444
ldc,2009,6.2727255821228
ldc,2010,6.27706098556519
ldc,2011,6.42843627929688
ldc,2012,6.42416954040527
ldc,2013,6.43639659881592
ldc,2014,6.47080945968628
lic,1970,3.414963722229
lic,1971,3.42126226425171
lic,1972,3.43737649917603
lic,1973,3.45231914520264
lic,1974,3.51171827316284
lic,1975,3.69473695755005
lic,1976,3.8530011177063
lic,1977,4.01581573486328
lic,1978,4.13637733459473
lic,1979,4.31904983520508
lic,1980,4.46686935424805
lic,1981,4.75453233718872
lic,1982,4.63885116577148
lic,1983,4.64716958999634
lic,1984,4.56938123703003
lic,1985,4.51071405410767
lic,1986,4.51044416427612
lic,1987,4.36539077758789
lic,1988,4.43139219284058
lic,1989,4.32238340377808
lic,1990,4.15099239349365
lic,1991,4.28473091125488
lic,1992,4.17813777923584
lic,1993,4.1999979019165
lic,1994,4.27787780761719
lic,1995,4.50664472579956
lic,1996,4.58469676971436
lic,1997,4.84732294082642
lic,1998,4.97761058807373
lic,1999,4.94751453399658
lic,2000,5.07047700881958
lic,2001,5.2284083366394
lic,2002,5.66352128982544
lic,2003,5.89832544326782
lic,2004,6.09926223754883
lic,2005,6.18042325973511
lic,2006,6.31801986694336
lic,2007,6.46337985992432
lic,2008,6.62844610214233
lic,2009,6.60440826416016
lic,2010,6.57823657989502
lic,2011,6.59014177322388
lic,2012,6.57494688034058
lic,2013,6.5836353302002
lic,2014,6.628662109375
lie,2003,5.3011999130249
lie,2004,5.41660976409912
lie,2006,5.34757995605469
lie,2007,5.39153003692627
lie,2008,5.35978984832764
lie,2009,5.2878098487854
lie,2010,5.41649007797241
lie,2011,5.22848987579346
lie,2012,5.16509008407593
lie,2014,5.13392019271851
lka,1970,5.30164003372192
lka,1971,5.16607999801636
lka,1975,4.30107021331787
lka,1976,4.2574200630188
lka,1977,4.50906991958618
lka,1978,5.71776008605957
lka,1980,6.08259010314941
lka,1981,6.20101022720337
lka,1982,6.16647005081177
lka,1983,6.11630010604858
lka,1984,6.09582996368408
lka,1985,6.14449977874756
lka,1986,6.22482013702393
lka,1987,5.41533994674683
lka,1988,5.50205993652344
lka,1989,5.56962013244629
lka,1990,5.58314990997314
lka,1991,5.61386013031006
lka,1992,5.54228019714355
lka,1993,5.51889991760254
lka,1994,5.51366996765137
lka,1995,5.64868021011353
lka,1996,5.39648008346558
lka,1998,5.40364980697632
lka,2001,5.42163991928101
lka,2002,5.326819896698
lka,2003,5.15039014816284
lka,2004,4.73050022125244
lka,2005,4.99566984176636
lka,2006,4.97298002243042
lka,2007,4.95100021362305
lka,2008,4.90803003311157
lka,2009,4.80132007598877
lka,2010,5.05232000350952
lka,2011,5.09219980239868
lka,2012,5.06773996353149
lka,2013,5.09493017196655
lka,2014,5.12234020233154
lmc,1970,4.62485647201538
lmc,1971,4.64326810836792
lmc,1972,4.7054328918457
lmc,1973,4.82712173461914
lmc,1974,4.85615301132202
lmc,1975,4.90159702301025
lmc,1976,4.90819931030273
lmc,1977,5.00830364227295
lmc,1978,5.01626968383789
lmc,1979,5.07381391525269
lmc,1980,5.15315198898315
lmc,1981,5.22970104217529
lmc,1982,5.31856060028076
lmc,1983,5.39239263534546
lmc,1984,5.420334815979
lmc,1985,5.35602617263794
lmc,1986,5.33245801925659
lmc,1987,5.25091791152954
lmc,1988,5.29193735122681
lmc,1989,5.33865642547607
lmc,1990,5.264564037323
lmc,1991,5.24183034896851
lmc,1992,5.2249960899353
lmc,1993,5.25928783416748
lmc,1994,5.2991795539856
lmc,1995,5.2589111328125
lmc,1996,5.25128269195557
lmc,1997,5.26046657562256
lmc,1998,5.26506757736206
lmc,1999,5.30910778045654
lmc,2000,5.36160182952881
lmc,2001,5.33303594589233
lmc,2002,5.34980392456055
lmc,2003,5.44012689590454
lmc,2004,5.52764129638672
lmc,2005,5.62583303451538
lmc,2006,5.64651346206665
lmc,2007,5.65931177139282
lmc,2008,5.60294723510742
lmc,2009,5.59714317321777
lmc,2010,5.61181735992432
lmc,2011,5.60908985137939
lmc,2012,5.65819120407104
lmc,2013,5.55208873748779
lmc,2014,5.5567102432251
lmy,1970,5.21990251541138
lmy,1971,5.22141456604004
lmy,1972,5.28244543075562
lmy,1973,5.47695541381836
lmy,1974,5.56947565078735
lmy,1975,5.54615163803101
lmy,1976,5.51422595977783
lmy,1977,5.47579526901245
lmy,1978,5.38857221603394
lmy,1979,5.40552186965942
lmy,1980,5.45761394500732
lmy,1981,5.52699995040894
lmy,1982,5.55388593673706
lmy,1983,5.57966709136963
lmy,1984,5.58275890350342
lmy,1985,5.58747720718384
lmy,1986,5.59688997268677
lmy,1987,5.537917137146
lmy,1988,5.62359046936035
lmy,1989,5.61335563659668
lmy,1990,5.55866003036499
lmy,1991,5.54160022735596
lmy,1992,5.50319385528564
lmy,1993,5.4913215637207
lmy,1994,5.47739458084106
lmy,1995,5.44278192520142
lmy,1996,5.39399290084839
lmy,1997,5.37902688980103
lmy,1998,5.35515451431274
lmy,1999,5.38319444656372
lmy,2000,5.43098545074463
lmy,2001,5.44039630889893
lmy,2002,5.52020597457886
lmy,2003,5.61709022521973
lmy,2004,5.72182750701904
lmy,2005,5.81759881973267
lmy,2006,5.86069440841675
lmy,2007,5.92189502716064
lmy,2008,5.95093488693237
lmy,2009,5.94709300994873
lmy,2010,5.9483814239502
lmy,2011,5.96054315567017
lmy,2012,5.9799108505249
lmy,2013,5.93127679824829
lmy,2014,5.89420366287231
lso,1970,5.33363008499146
lso,1972,5.11769008636475
lso,1973,5.35531997680664
lso,1974,6.05438995361328
lso,1975,5.71932983398438
lso,1976,5.83881998062134
lso,1977,5.74513006210327
lso,1978,5.7947998046875
lso,1979,5.85330009460449
lso,1980,6.01180982589722
lso,1981,6.32807016372681
lso,1982,6.72224998474121
lso,1983,6.89168977737427
lso,1984,6.99711990356445
lso,1985,7.20111989974976
lso,1986,7.17179012298584
lso,1987,7.26861000061035
lso,1988,7.42052984237671
lso,1989,7.38055992126465
lso,1990,7.31162023544312
lso,1991,7.34598016738892
lso,1992,7.32659006118774
lso,1993,7.11910009384155
lso,1994,7.39472007751465
lso,1995,7.634850025177
lso,1996,7.50401020050049
lso,1997,7.13427019119263
lso,1998,7.44939994812012
lso,1999,7.34750986099243
lso,2000,8.23902988433838
lso,2001,8.3650598526001
lso,2002,8.41606044769287
lso,2003,8.59379959106445
lso,2004,8.53705024719238
lso,2005,8.39157962799072
lso,2006,8.39846038818359
lso,2007,7.91868019104004
lso,2008,7.83078002929688
lso,2009,7.69962978363037
lso,2010,7.80491018295288
lso,2011,7.83307981491089
lso,2012,7.79611015319824
lso,2013,7.56635999679565
lso,2014,7.53744983673096
ltu,1981,3.19063997268677
ltu,1986,3.24913001060486
ltu,1991,3.80494999885559
ltu,1992,3.75755000114441
ltu,1993,3.87629008293152
ltu,1994,3.99902009963989
ltu,1995,4.00676012039185
ltu,1996,4.05468988418579
ltu,1997,4.13056993484497
ltu,1998,4.11668014526367
ltu,1999,4.18362998962402
ltu,2000,4.30049991607666
ltu,2001,4.3726601600647
ltu,2002,4.20300006866455
ltu,2003,4.0368800163269
ltu,2004,3.89774990081787
ltu,2005,3.79817008972168
ltu,2006,3.85244989395142
ltu,2007,3.95108008384705
ltu,2008,4.00462007522583
ltu,2009,4.04766988754272
ltu,2010,4.01784992218018
ltu,2011,3.97112989425659
ltu,2012,3.98881006240845
ltu,2013,4.04355001449585
ltu,2014,4.08987998962402
lux,1970,6.85291004180908
lux,1971,6.62944984436035
lux,1972,6.62233018875122
lux,1973,6.43565988540649
lux,1974,6.60414981842041
lux,1975,5.71677017211914
lux,1976,5.70109987258911
lux,1977,5.63522005081177
lux,1978,5.62884998321533
lux,1979,5.60249996185303
lux,1980,5.37587022781372
lux,1981,5.30374002456665
lux,1982,5.31693983078003
lux,1983,5.27687978744507
lux,1984,5.22317981719971
lux,1986,5.33830976486206
lux,1987,5.30481004714966
lux,1988,5.58635997772217
lux,1991,5.23804998397827
lux,1999,5.96195983886719
lux,2000,5.99046993255615
lux,2001,6.03843021392822
lux,2002,6.05796003341675
lux,2003,5.98628997802734
lux,2004,6.02559995651245
lux,2005,6.05077981948853
lux,2006,6.07476997375488
lux,2007,6.09385013580322
lux,2008,6.00798988342285
lux,2010,5.82786989212036
lux,2011,5.73557996749878
lux,2012,5.81080007553101
lux,2013,5.77222013473511
lva,1989,4.68896007537842
lva,1990,3.65456008911133
lva,1991,3.9305100440979
lva,1992,3.92511010169983
lva,1993,3.62298989295959
lva,1994,3.46170997619629
lva,1995,3.48808002471924
lva,1996,3.68580007553101
lva,1997,3.89785003662109
lva,1998,3.96627998352051
lva,1999,3.99205994606018
lva,2000,3.99603009223938
lva,2001,3.99130988121033
lva,2002,3.91420006752014
lva,2003,3.87443995475769
lva,2004,3.76893997192383
lva,2005,3.77262997627258
lva,2006,3.80537009239197
lva,2007,5.88021993637085
lva,2008,6.11623001098633
lva,2009,6.22520017623901
lva,2010,6.31457996368408
lva,2011,6.30685997009277
lva,2012,6.30748987197876
lva,2013,6.23674011230469
lva,2014,6.09340000152588
mac,1971,3.58757996559143
mac,1972,3.50819993019104
mac,1973,3.86917996406555
mac,1974,3.74421000480652
mac,1990,6.8574800491333
mac,1991,6.46436977386475
mac,1992,6.87953996658325
mac,1993,6.62763023376465
mar,1971,3.14161992073059
mar,1972,3.18491005897522
mar,1973,3.18590998649597
mar,1974,3.2561399936676
mar,1975,3.45076990127563
mar,1976,3.71012997627258
mar,1977,3.95772004127502
mar,1978,4.2008900642395
mar,1979,4.45026016235352
mar,1980,4.68868017196655
mar,1981,4.89795017242432
mar,1982,5.14346981048584
mar,1983,5.35051012039185
mar,1984,5.36591005325317
mar,1985,4.84603023529053
mar,1986,4.72546005249023
mar,1987,4.52430009841919
mar,1988,4.30329990386963
mar,1989,4.05037021636963
mar,1990,4.01445007324219
mar,1991,4.52156019210815
mar,1992,4.57932996749878
mar,1993,4.73983001708984
mar,1994,4.90228986740112
mar,1995,5.07242012023926
mar,1996,5.20641994476318
mar,1997,5.30247020721436
mar,1998,5.43259000778198
mar,1999,5.69478988647461
mar,2000,5.95685005187988
mar,2001,6.15895986557007
mar,2002,6.42924022674561
mar,2003,6.54949998855591
mar,2004,6.55132007598877
mar,2005,6.56719017028809
mar,2006,6.54570007324219
mar,2007,6.64715003967285
mar,2008,6.63702011108398
mar,2009,6.64820003509521
mar,2010,6.87852001190186
mar,2011,7.02526998519897
mar,2012,7.10050010681152
mar,2013,7.12320995330811
mar,2014,7.11054992675781
mda,1981,3.32904005050659
mda,1986,3.40235996246338
mda,1989,3.53964996337891
mda,1990,3.61812996864319
mda,1991,3.72129988670349
mda,1992,3.74168992042542
mda,1993,3.71110010147095
mda,1994,3.65939998626709
mda,1995,3.82245993614197
mda,1999,3.98374009132385
mda,2000,4.06516981124878
mda,2001,3.95699000358582
mda,2002,3.99814009666443
mda,2003,4.00230979919434
mda,2004,4.01260995864868
mda,2005,3.91851997375488
mda,2006,3.85467004776001
mda,2007,3.793790102005
mda,2008,3.78972005844116
mda,2009,3.76840996742249
mda,2010,3.74603009223938
mda,2011,3.75339007377625
mda,2012,3.75300002098084
mda,2013,3.74540996551514
mda,2014,3.72761011123657
mdg,1971,5.57454013824463
mdg,1972,6.02381992340088
mdg,1973,5.71920013427734
mdg,1974,5.58382987976074
mdg,1975,5.8797402381897
mdg,1976,6.51014995574951
mdg,1977,6.49001979827881
mdg,1978,6.40863990783691
mdg,1979,6.4821400642395
mdg,1980,6.78736019134521
mdg,1981,6.9293098449707
mdg,1982,6.72173976898193
mdg,1983,6.65361976623535
mdg,1985,5.79482984542847
mdg,1988,4.9137601852417
mdg,1989,5.21144008636475
mdg,1990,5.05079984664917
mdg,1991,5.05485010147095
mdg,1992,4.89554977416992
mdg,1993,4.63640022277832
mdg,1994,4.46344995498657
mdg,1995,4.36711978912354
mdg,1996,4.69845008850098
mdg,1998,4.65039014816284
mdg,1999,5.10375022888184
mdg,2000,5.46393013000488
mdg,2001,5.49386978149414
mdg,2002,5.53223991394043
mdg,2003,6.33993005752563
mdg,2004,7.18597984313965
mdg,2005,7.44764995574951
mdg,2006,7.38721990585327
mdg,2007,7.39801979064941
mdg,2008,7.52871990203857
mdg,2009,7.86425018310547
mdg,2010,7.50744009017944
mdg,2011,7.46625995635986
mdg,2012,7.44702005386353
mdg,2013,7.43610000610352
mdg,2014,7.48994016647339
mdv,1992,5.95018005371094
mdv,1993,6.1431999206543
mdv,1994,6.35021018981934
mdv,1995,6.2378101348877
mdv,1996,6.21885013580322
mdv,1997,6.20504999160767
mdv,1998,8.80749034881592
mdv,1999,9.12273025512695
mdv,2000,9.07304954528809
mdv,2001,8.85264015197754
mdv,2002,8.68729019165039
mdv,2003,8.7583703994751
mdv,2004,8.54358005523682
mdv,2005,8.06601047515869
mdv,2006,7.97360992431641
mdv,2007,7.59008979797363
mdv,2008,7.34216976165771
mdv,2009,7.17373991012573
mea,1970,5.23214054107666
mea,1971,5.23770809173584
mea,1972,5.21904182434082
mea,1973,5.34166479110718
mea,1974,5.37676811218262
mea,1975,5.54877471923828
mea,1976,5.6821117401123
mea,1977,5.74579334259033
mea,1978,5.76088047027588
mea,1979,5.59907913208008
mea,1980,5.72949981689453
mea,1981,5.64403247833252
mea,1982,5.71790409088135
mea,1983,5.75195598602295
mea,1984,5.80633544921875
mea,1985,5.76764822006226
mea,1986,5.77369213104248
mea,1987,5.80372142791748
mea,1988,5.83076095581055
mea,1989,5.76780080795288
mea,1990,5.56498241424561
mea,1991,5.64010906219482
mea,1992,5.50695943832397
mea,1993,5.47451162338257
mea,1994,5.57389879226685
mea,1995,5.45415496826172
mea,1996,5.63228368759155
mea,1997,5.56542158126831
mea,1998,5.59162712097168
mea,1999,5.60783576965332
mea,2000,5.62348937988281
mea,2001,5.69623279571533
mea,2002,5.75684642791748
mea,2003,5.7005410194397
mea,2004,5.73422431945801
mea,2005,5.98653984069824
mea,2006,6.04885911941528
mea,2007,6.09503030776978
mea,2008,6.12315130233765
mea,2009,6.08688831329346
mea,2010,6.12092781066895
mea,2011,6.12598371505737
mea,2012,6.18407964706421
mea,2013,6.33711290359497
mea,2014,6.23234605789185
mex,1971,6.56631994247437
mex,1972,6.53205013275146
mex,1974,6.72576999664307
mex,1975,6.72585010528564
mex,1976,6.79351997375488
mex,1977,6.88477993011475
mex,1978,6.91161012649536
mex,1979,7.06618976593018
mex,1980,7.03397989273071
mex,1981,7.06299018859863
mex,1982,6.98852014541626
mex,1983,7.01047992706299
mex,1984,7.00219011306763
mex,1985,6.89269018173218
mex,1986,6.89199018478394
mex,1987,6.89361000061035
mex,1988,6.8391900062561
mex,1989,6.81417989730835
mex,1990,6.77334976196289
mex,1991,6.70156002044678
mex,1992,6.69350004196167
mex,1993,6.68364000320435
mex,1994,6.67969989776611
mex,1995,6.66094017028809
mex,1996,6.62231016159058
mex,1997,6.59631013870239
mex,1998,6.52194023132324
mex,1999,6.47526979446411
mex,2000,6.44351005554199
mex,2001,6.40807008743286
mex,2002,6.39483022689819
mex,2003,6.37081003189087
mex,2004,6.30763006210327
mex,2005,6.24761009216309
mex,2006,6.16999006271362
mex,2007,6.15789985656738
mex,2008,6.1654200553894
mex,2009,6.22323989868164
mex,2010,6.24376010894775
mex,2011,6.27334976196289
mex,2012,6.30207014083862
mex,2013,6.27998018264771
mex,2014,6.21808004379272
mhl,1999,5.41388988494873
mhl,2002,7.21820020675659
mhl,2003,6.53682994842529
mhl,2004,7.42717981338501
mhl,2005,6.18145990371704
mhl,2006,6.93720006942749
mhl,2007,6.77133989334106
mhl,2008,6.57951021194458
mhl,2009,6.44548988342285
mhl,2011,6.33825016021729
mic,1970,5.36282300949097
mic,1971,5.36454010009766
mic,1972,5.430504322052
mic,1973,5.64132308959961
mic,1974,5.73862934112549
mic,1975,5.70005464553833
mic,1976,5.6538872718811
mic,1977,5.60072135925293
mic,1978,5.49773120880127
mic,1979,5.50199842453003
mic,1980,5.54713582992554
mic,1981,5.5980749130249
mic,1982,5.63999462127686
mic,1983,5.66940402984619
mic,1984,5.68230295181274
mic,1985,5.69499826431274
mic,1986,5.70675230026245
mic,1987,5.65807628631592
mic,1988,5.74693536758423
mic,1989,5.74780797958374
mic,1990,5.70600366592407
mic,1991,5.67424392700195
mic,1992,5.64418458938599
mic,1993,5.62957286834717
mic,1994,5.60666704177856
mic,1995,5.54476118087769
mic,1996,5.48410606384277
mic,1997,5.4404468536377
mic,1998,5.40084648132324
mic,1999,5.43870306015015
mic,2000,5.47894430160522
mic,2001,5.46969366073608
mic,2002,5.49959707260132
mic,2003,5.57506799697876
mic,2004,5.66347646713257
mic,2005,5.75974369049072
mic,2006,5.78553581237793
mic,2007,5.8306360244751
mic,2008,5.83457374572754
mic,2009,5.83276319503784
mic,2010,5.83821058273315
mic,2011,5.84806299209595
mic,2012,5.87186622619629
mic,2013,5.81118822097778
mic,2014,5.75701856613159
mkd,1993,3.84404993057251
mkd,1994,3.88316011428833
mkd,1995,3.96577000617981
mkd,1996,4.11527013778687
mkd,1997,4.15839004516602
mkd,1998,4.18765020370483
mkd,1999,4.14621019363403
mkd,2000,4.04819011688232
mkd,2001,3.96317005157471
mkd,2002,3.90369009971619
mkd,2003,3.8450300693512
mkd,2004,3.82442998886108
mkd,2005,3.82234001159668
mkd,2006,3.75909996032715
mkd,2007,3.70020008087158
mkd,2008,4.33901977539063
mkd,2009,4.32984018325806
mkd,2010,4.32419013977051
mkd,2012,4.33130979537964
mli,1971,1.82544994354248
mli,1972,1.87095999717712
mli,1973,1.82904994487762
mli,1974,1.92716002464294
mli,1975,1.92198002338409
mli,1976,2.00073003768921
mli,1977,2.03928995132446
mli,1978,2.1041100025177
mli,1979,2.12647008895874
mli,1980,2.11597990989685
mli,1981,2.01495003700256
mli,1982,1.94712996482849
mli,1983,1.91831994056702
mli,1984,1.84042000770569
mli,1985,1.78259003162384
mli,1986,1.73512995243073
mli,1987,1.73228001594543
mli,1988,1.73528003692627
mli,1989,2.00048995018005
mli,1990,2.02363991737366
mli,1991,2.07082009315491
mli,1992,2.20531988143921
mli,1993,2.44265007972717
mli,1994,2.64599990844727
mli,1995,2.75897002220154
mli,1996,3.0489399433136
mli,1997,3.40457010269165
mli,1998,3.6013400554657
mli,1999,3.90848994255066
mli,2000,3.92247009277344
mli,2001,4.26319980621338
mli,2002,4.4521598815918
mli,2003,4.55004978179932
mli,2004,4.79273986816406
mli,2005,4.92008018493652
mli,2006,4.99981021881104
mli,2007,5.13088989257813
mli,2008,5.18947982788086
mli,2009,5.24093008041382
mli,2010,5.24313020706177
mli,2011,5.27063989639282
mli,2012,5.07951021194458
mli,2014,4.82648992538452
mlt,1971,6.18418979644775
mlt,1972,6.03117990493774
mlt,1973,5.86305999755859
mlt,1974,5.85447978973389
mlt,1975,5.82646989822388
mlt,1976,6.21693992614746
mlt,1977,6.64439010620117
mlt,1978,7.02802991867065
mlt,1979,7.20401000976563
mlt,1980,7.12373018264771
mlt,1981,7.0128002166748
mlt,1982,6.70437002182007
mlt,1983,6.53911018371582
mlt,1984,6.36999988555908
mlt,1985,6.59188985824585
mlt,1986,6.57308006286621
mlt,1987,6.43934011459351
mlt,1988,6.40477991104126
mlt,1989,6.38996982574463
mlt,1990,6.57200002670288
mlt,1991,6.66110992431641
mlt,1992,6.49499988555908
mlt,1993,6.45630979537964
mlt,1994,6.38642978668213
mlt,1995,6.28725004196167
mlt,1996,6.1687798500061
mlt,1997,6.14597988128662
mlt,1998,6.09404993057251
mlt,1999,6.08636999130249
mlt,2000,6.05676984786987
mlt,2001,6.05423021316528
mlt,2002,6.03327989578247
mlt,2003,5.96093988418579
mlt,2004,5.92550992965698
mlt,2005,5.77121019363403
mlt,2006,5.68234014511108
mlt,2007,5.66235017776489
mlt,2008,5.6604700088501
mlt,2009,5.4193902015686
mlt,2010,5.69715976715088
mlt,2011,5.70515012741089
mlt,2012,5.74649000167847
mlt,2013,5.85702991485596
mlt,2014,5.99931001663208
mmr,1971,4.75049018859863
mmr,1972,4.41900014877319
mmr,1973,4.57662010192871
mmr,1974,4.6036901473999
mmr,1976,4.30660009384155
mmr,1977,4.3312201499939
mmr,1978,4.52643013000488
mmr,1981,4.64101982116699
mmr,1982,4.8452000617981
mmr,1983,4.89176988601685
mmr,1984,4.93139982223511
mmr,1985,4.80778980255127
mmr,1986,4.80070018768311
mmr,1987,5.04103994369507
mmr,1988,4.98266983032227
mmr,1989,5.04316997528076
mmr,1990,4.63381004333496
mmr,1991,5.08577013015747
mmr,1992,5.52885007858276
mmr,1993,5.61763000488281
mmr,1994,5.66042995452881
mmr,1995,5.43045997619629
mmr,1999,4.82833003997803
mmr,2000,4.96259021759033
mmr,2001,4.91239023208618
mmr,2002,4.88304996490479
mmr,2003,4.97019004821777
mmr,2004,4.97102022171021
mmr,2005,4.91752004623413
mmr,2006,4.9244499206543
mmr,2008,4.94892978668213
mmr,2009,4.90562009811401
mmr,2010,4.87251996994019
mmr,2014,5.05318021774292
mna,1970,5.27894830703735
mna,1971,5.28652000427246
mna,1972,5.26263666152954
mna,1973,5.39158296585083
mna,1974,5.42661666870117
mna,1975,5.60994815826416
mna,1976,5.75405359268188
mna,1977,5.82279300689697
mna,1978,5.84083318710327
mna,1979,5.67083358764648
mna,1980,5.81385517120361
mna,1981,5.72052907943726
mna,1982,5.79876327514648
mna,1983,5.83378553390503
mna,1984,5.88919830322266
mna,1985,5.84118604660034
mna,1986,5.84505605697632
mna,1987,5.87454032897949
mna,1988,5.90179347991943
mna,1989,5.82903242111206
mna,1990,5.60325050354004
mna,1991,5.6909556388855
mna,1992,5.5368275642395
mna,1993,5.4941143989563
mna,1994,5.59722900390625
mna,1995,5.45759868621826
mna,1996,5.64845037460327
mna,1997,5.57105398178101
mna,1998,5.59656000137329
mna,1999,5.61121368408203
mna,2000,5.62489318847656
mna,2001,5.70483207702637
mna,2002,5.7696852684021
mna,2003,5.70535516738892
mna,2004,5.74140501022339
mna,2005,6.02153396606445
mna,2006,6.09649705886841
mna,2007,6.13994026184082
mna,2008,6.16611385345459
mna,2009,6.11517381668091
mna,2010,6.14898300170898
mna,2011,6.15303182601929
mna,2012,6.20674228668213
mna,2013,6.3498649597168
mna,2014,6.23921012878418
mne,2003,4.30313014984131
mne,2004,4.33163022994995
mne,2005,4.52409982681274
mne,2006,4.72164011001587
mne,2007,4.76087999343872
mne,2008,4.82065010070801
mne,2009,4.54611015319824
mne,2010,4.30870008468628
mne,2011,4.77117013931274
mne,2012,4.75417995452881
mne,2015,4.76020002365112
mng,1975,3.12101006507874
mng,1976,3.19589996337891
mng,1978,3.21846008300781
mng,1979,3.16411995887756
mng,1980,3.17688989639282
mng,1981,3.16785001754761
mng,1982,3.08064007759094
mng,1983,3.06507992744446
mng,1984,3.09447002410889
mng,1985,3.0775899887085
mng,1986,3.02052998542786
mng,1987,3.03484010696411
mng,1991,3.01133990287781
mng,1992,2.73842000961304
mng,1993,2.40023994445801
mng,1994,2.3773500919342
mng,1995,2.58126997947693
mng,1996,2.7989399433136
mng,1997,3.65518999099731
mng,1998,3.76075005531311
mng,1999,3.86313009262085
mng,2000,3.95507001876831
mng,2001,4.04597997665405
mng,2002,4.06245994567871
mng,2003,4.20324993133545
mng,2004,4.37433004379272
mng,2005,4.87550020217896
mng,2006,5.04892015457153
mng,2007,5.04244995117188
mng,2008,5.26066017150879
mng,2009,5.71221017837524
mng,2010,6.28305006027222
mng,2011,6.14238023757935
mng,2012,5.93246984481812
mng,2013,5.55639982223511
mng,2014,5.15123987197876
moz,1973,2.93603992462158
moz,1977,4.9997501373291
moz,1978,5.16854000091553
moz,1979,5.72638988494873
moz,1981,5.20185995101929
moz,1982,4.73069000244141
moz,1983,4.10499000549316
moz,1984,3.95686006546021
moz,1985,4.13261985778809
moz,1986,4.07688999176025
moz,1987,4.12410020828247
moz,1988,3.54011988639832
moz,1989,3.70033001899719
moz,1990,3.60571002960205
moz,1991,3.64517998695374
moz,1992,3.53557991981506
moz,1993,3.56500005722046
moz,1994,3.73850011825562
moz,1995,4.00762987136841
moz,1998,5.44486999511719
moz,1999,5.8609299659729
moz,2000,6.25671005249023
moz,2001,6.69080018997192
moz,2002,6.96716976165771
moz,2004,7.39413022994995
moz,2005,7.81988000869751
moz,2006,7.87141990661621
moz,2007,8.265700340271
moz,2008,8.52186012268066
moz,2009,8.43225955963135
moz,2010,8.45355033874512
moz,2011,8.09782981872559
moz,2012,7.96127986907959
moz,2013,7.90853023529053
moz,2014,7.83845996856689
mrt,1971,1.40376996994019
mrt,1972,1.48836994171143
mrt,1976,1.71060001850128
mrt,1977,2.23166990280151
mrt,1978,2.39702010154724
mrt,1979,2.56767988204956
mrt,1981,2.65262007713318
mrt,1982,2.76621007919312
mrt,1983,2.79734992980957
mrt,1984,2.9881899356842
mrt,1985,3.08324003219604
mrt,1986,3.34131002426147
mrt,1987,3.4855101108551
mrt,1988,3.47479009628296
mrt,1989,3.41777992248535
mrt,1990,3.22584009170532
mrt,1991,3.35886001586914
mrt,1992,3.63994002342224
mrt,1993,4.02871990203857
mrt,1994,4.7188401222229
mrt,1995,4.83136987686157
mrt,1996,4.995530128479
mrt,1997,4.92359018325806
mrt,1998,5.21363019943237
mrt,1999,5.25782012939453
mrt,2000,5.26185989379883
mrt,2001,5.16259002685547
mrt,2002,5.16395998001099
mrt,2003,5.22812986373901
mrt,2004,5.57859992980957
mrt,2005,5.51421022415161
mrt,2006,5.65922021865845
mrt,2007,5.73179006576538
mrt,2008,5.44250011444092
mrt,2009,5.77701997756958
mrt,2010,5.87559986114502
mrt,2011,5.74776983261108
mrt,2012,5.81158018112183
mrt,2013,5.83323001861572
mrt,2014,5.88584995269775
mus,1970,5.79982995986938
mus,1971,5.7859902381897
mus,1972,5.93529987335205
mus,1973,5.93349981307983
mus,1974,5.95841979980469
mus,1975,6.07845020294189
mus,1976,6.06719017028809
mus,1977,6.11898994445801
mus,1978,6.06829023361206
mus,1979,5.67349004745483
mus,1980,5.59432983398438
mus,1981,5.94756984710693
mus,1982,6.11770009994507
mus,1983,6.29403018951416
mus,1984,6.20651006698608
mus,1985,6.54975986480713
mus,1986,6.80857992172241
mus,1987,6.84848022460938
mus,1988,6.71832990646362
mus,1989,6.64759016036987
mus,1990,6.65207004547119
mus,1991,6.582200050354
mus,1992,6.40264987945557
mus,1993,6.24517011642456
mus,1994,6.22548007965088
mus,1995,6.27483987808228
mus,1996,6.3728199005127
mus,1997,6.41057014465332
mus,1998,6.42590999603271
mus,1999,6.40525007247925
mus,2000,6.37415981292725
mus,2001,6.20277976989746
mus,2002,6.10029983520508
mus,2003,6.06567001342773
mus,2004,6.08475017547607
mus,2005,6.15437984466553
mus,2006,6.21001005172729
mus,2007,6.19605016708374
mus,2008,6.23057985305786
mus,2009,6.15436983108521
mus,2010,6.14129018783569
mus,2011,6.13884019851685
mus,2012,6.11969995498657
mus,2013,6.04136991500854
mus,2014,6.04947996139526
mwi,1972,3.46135997772217
mwi,1973,3.71717000007629
mwi,1974,4.01042985916138
mwi,1975,4.38678979873657
mwi,1976,4.38199996948242
mwi,1977,4.25226020812988
mwi,1978,4.0913200378418
mwi,1979,4.1180100440979
mwi,1980,4.35091018676758
mwi,1981,4.32496023178101
mwi,1982,4.53786993026733
mwi,1983,4.24916982650757
mwi,1984,3.91519999504089
mwi,1985,4.01798009872437
mwi,1986,3.94447994232178
mwi,1987,4.00198984146118
mwi,1988,3.93996000289917
mwi,1989,4.35521984100342
mwi,1990,4.72344017028809
mwi,1991,4.90020990371704
mwi,1992,5.88224983215332
mwi,1993,6.02495002746582
mwi,1994,6.37460994720459
mwi,1995,9.59844017028809
mwi,1996,9.34183979034424
mwi,1999,8.68325042724609
mwi,2000,8.35986995697021
mwi,2001,8.59650039672852
mwi,2002,8.64470958709717
mwi,2004,7.93619012832642
mwi,2005,7.80528020858765
mwi,2006,7.75078010559082
mwi,2007,7.64975023269653
mwi,2008,8.1223201751709
mwi,2009,8.01945018768311
mwi,2010,8.36693954467773
mwi,2011,8.48281002044678
mwi,2012,8.56340980529785
mwi,2013,8.91073989868164
mwi,2014,8.97906970977783
nac,1980,5.87716436386108
nac,1981,5.86711692810059
nac,1982,6.03388690948486
nac,1983,6.00488042831421
nac,1984,5.90317440032959
nac,1985,5.89446401596069
nac,1986,5.97477912902832
nac,1987,6.07165956497192
nac,1988,6.15121555328369
nac,1989,6.23568058013916
nac,1990,6.3085618019104
nac,1991,6.31312561035156
nac,1992,6.2765097618103
nac,1993,6.23844051361084
nac,1994,6.17763042449951
nac,1995,6.25349473953247
nac,1996,6.26091861724854
nac,1997,6.19592189788818
nac,1998,6.13101243972778
nac,1999,6.10983848571777
nac,2000,6.1751275062561
nac,2001,6.16107797622681
nac,2002,5.99539995193481
nac,2003,6.00660037994385
nac,2004,5.98543643951416
nac,2005,6.02878284454346
nac,2006,6.0347261428833
nac,2007,6.12886428833008
nac,2008,6.14748764038086
nac,2009,6.09053230285645
nac,2010,6.03876352310181
nac,2011,5.965003490448
nac,2012,6.01158571243286
nac,2013,5.99423313140869
nac,2014,5.99063587188721
nam,1989,8.16481971740723
nam,1990,8.16983032226563
nam,1991,8.6527099609375
nam,1992,9.01383972167969
nam,1993,8.7030200958252
nam,1994,8.9044303894043
nam,1995,8.71074962615967
nam,1996,8.56916999816895
nam,1997,8.42504024505615
nam,1998,8.61203956604004
nam,1999,8.29226970672607
nam,2000,8.22667026519775
nam,2001,8.17704010009766
nam,2002,8.12419986724854
nam,2003,8.09364986419678
nam,2004,7.86794996261597
nam,2005,7.81354999542236
nam,2006,7.72625017166138
nam,2007,7.84363985061646
nam,2008,7.7668399810791
nam,2009,7.72785997390747
nam,2010,7.68426990509033
nam,2012,7.82175016403198
nam,2013,7.96466016769409
ner,1971,0.897599995136261
ner,1972,0.929199993610382
ner,1973,0.959860026836395
ner,1974,1.00829005241394
ner,1975,1.07529997825623
ner,1976,1.2501699924469
ner,1977,1.38681995868683
ner,1978,1.49592995643616
ner,1979,1.49617004394531
ner,1980,1.65363001823425
ner,1981,1.764240026474
ner,1982,1.76570999622345
ner,1983,1.742840051651
ner,1984,1.76613998413086
ner,1985,1.71617996692657
ner,1986,1.8344099521637
ner,1987,1.91429996490479
ner,1988,1.9083399772644
ner,1989,1.98040997982025
ner,1990,2.03474998474121
ner,1991,2.11668992042542
ner,1992,2.09590005874634
ner,1993,2.07121992111206
ner,1994,2.17820000648499
ner,1995,2.12894010543823
ner,1996,2.13212990760803
ner,1997,2.18933010101318
ner,1998,2.18138003349304
ner,1999,2.26138997077942
ner,2000,2.39898991584778
ner,2001,2.54450988769531
ner,2002,2.80944991111755
ner,2003,2.99981999397278
ner,2004,3.26272988319397
ner,2005,3.41790008544922
ner,2006,3.46005988121033
ner,2007,3.63660001754761
ner,2008,3.79428005218506
ner,2009,3.97649002075195
ner,2010,4.14891004562378
ner,2011,4.36349010467529
ner,2012,4.49935007095337
ner,2013,4.56954002380371
ner,2014,4.58973979949951
nga,1970,3.05503988265991
nga,1971,3.23865008354187
nga,1972,3.5124499797821
nga,1973,3.57532000541687
nga,1976,3.47160005569458
nga,1977,4.07764005661011
nga,1978,5.10643005371094
nga,1979,6.02088022232056
nga,1980,6.32034015655518
nga,1981,6.84232997894287
nga,1982,7.52032995223999
nga,1983,7.59140014648438
nga,1984,7.49752998352051
nga,1985,7.00063991546631
nga,1986,6.12789011001587
nga,1987,5.87051010131836
nga,1988,5.7820200920105
nga,1989,5.36896991729736
nga,1990,5.77281999588013
nga,1991,5.65428018569946
nga,1992,5.88767004013062
nga,1993,6.19974994659424
nga,1994,6.14841985702515
nga,1995,5.81597995758057
nga,1996,5.05536985397339
nga,1999,6.49432992935181
nga,2000,6.79209995269775
nga,2001,6.28186988830566
nga,2002,6.38821983337402
nga,2004,6.85686016082764
nga,2005,6.89659023284912
nga,2006,6.89663982391357
nga,2007,5.92292022705078
nga,2008,5.32640981674194
nga,2009,5.38409996032715
nga,2010,5.33512020111084
nic,1970,3.94932007789612
nic,1971,4.17017984390259
nic,1972,4.08904981613159
nic,1973,4.25612020492554
nic,1975,4.23327016830444
nic,1976,4.38558006286621
nic,1977,4.31406021118164
nic,1978,4.12974977493286
nic,1979,4.50610017776489
nic,1980,5.198890209198
nic,1982,5.24882984161377
nic,1983,5.36571979522705
nic,1984,5.15573978424072
nic,1985,5.10121011734009
nic,1986,4.94599008560181
nic,1987,5.04156017303467
nic,1988,5.02940988540649
nic,1989,4.88019990921021
nic,1990,5.13229990005493
nic,1991,5.38016986846924
nic,1992,5.53625011444092
nic,1993,5.72949981689453
nic,1994,5.8869800567627
nic,1995,5.78466987609863
nic,1996,5.65850019454956
nic,1997,5.74841022491455
nic,1998,5.77195978164673
nic,1999,6.2097601890564
nic,2000,6.24105978012085
nic,2001,6.50326013565063
nic,2002,6.99748992919922
nic,2003,7.06867980957031
nic,2004,7.24777984619141
nic,2005,7.32742977142334
nic,2006,7.54480981826782
nic,2007,7.48294019699097
nic,2008,7.47868013381958
nic,2010,7.41295003890991
nld,1971,6.1007399559021
nld,1972,6.02691984176636
nld,1973,5.93969011306763
nld,1974,5.87091016769409
nld,1975,5.81799983978271
nld,1976,5.83378982543945
nld,1977,5.82350015640259
nld,1978,5.82273006439209
nld,1979,5.82844018936157
nld,1980,5.82783985137939
nld,1981,5.80467987060547
nld,1982,5.7283501625061
nld,1983,5.63360023498535
nld,1984,5.55944013595581
nld,1985,5.55676984786987
nld,1986,5.87692022323608
nld,1987,5.98566007614136
nld,1988,6.08516979217529
nld,1989,6.1244797706604
nld,1990,6.11496019363403
nld,1991,6.09315013885498
nld,1992,5.83693981170654
nld,1993,5.77663993835449
nld,1994,6.55071020126343
nld,1995,6.54823017120361
nld,1996,6.5595498085022
nld,1997,6.58199977874756
nld,1998,6.59060001373291
nld,1999,6.6155800819397
nld,2000,6.60245990753174
nld,2001,6.56701993942261
nld,2002,6.55285978317261
nld,2003,6.5556001663208
nld,2004,6.51531982421875
nld,2005,6.48966979980469
nld,2006,6.49812984466553
nld,2007,6.53090000152588
nld,2008,6.56748008728027
nld,2009,6.58529996871948
nld,2010,6.58554983139038
nld,2011,6.56418991088867
nld,2012,6.48250007629395
nld,2013,6.38996982574463
nld,2014,6.27593994140625
nor,1971,5.93528985977173
nor,1972,6.23901987075806
nor,1973,6.01574993133545
nor,1974,6.05862998962402
nor,1975,6.07260990142822
nor,1976,6.04367017745972
nor,1977,6.05808019638062
nor,1978,5.99924993515015
nor,1979,5.96713018417358
nor,1980,5.95770978927612
nor,1981,5.96731996536255
nor,1982,5.94578981399536
nor,1983,5.90077018737793
nor,1984,5.85992002487183
nor,1985,5.80654001235962
nor,1986,5.81469011306763
nor,1987,5.8484902381897
nor,1988,5.90753984451294
nor,1989,5.96086978912354
nor,1990,6.01349020004272
nor,1991,6.02707004547119
nor,1992,6.00095987319946
nor,1993,5.93336009979248
nor,1994,5.92115020751953
nor,1995,5.91590976715088
nor,1996,5.91399002075195
nor,1997,5.95570993423462
nor,1998,7.01002979278564
nor,1999,7.06127977371216
nor,2000,7.05640983581543
nor,2001,7.06323003768921
nor,2002,7.01427984237671
nor,2003,7.00453996658325
nor,2004,6.9557900428772
nor,2005,6.89089012145996
nor,2006,6.88288021087646
nor,2007,6.93837022781372
nor,2008,6.94570016860962
nor,2009,6.93121004104614
nor,2010,6.92292022705078
nor,2011,6.94505977630615
nor,2012,6.97541999816895
nor,2013,7.02664995193481
nor,2014,7.01186990737915
npl,1970,2.14823007583618
npl,1972,1.99387001991272
npl,1973,2.14608001708984
npl,1974,2.33522009849548
npl,1975,2.60858011245728
npl,1976,2.86954998970032
npl,1977,3.24991989135742
npl,1978,3.52029991149902
npl,1979,3.81276988983154
npl,1980,3.8555600643158
npl,1981,5.13306999206543
npl,1982,5.25122022628784
npl,1983,5.70075988769531
npl,1984,5.83575010299683
npl,1985,5.71487998962402
npl,1986,5.69645977020264
npl,1987,5.78336000442505
npl,1988,6.11268997192383
npl,1989,6.6690502166748
npl,1990,7.02231979370117
npl,1991,6.93758010864258
npl,1992,7.002769947052
npl,1993,6.90536022186279
npl,1994,6.86242008209229
npl,1995,6.8053297996521
npl,1996,6.97420978546143
npl,1999,6.95639991760254
npl,2000,7.12438011169434
npl,2001,6.18583011627197
npl,2002,6.38866996765137
npl,2003,6.28330993652344
npl,2004,6.31346988677979
npl,2005,6.01406002044678
npl,2006,6.5201301574707
npl,2007,6.40961980819702
npl,2008,6.22670984268188
npl,2009,6.72469997406006
npl,2010,6.89011001586914
npl,2011,6.97422981262207
npl,2012,6.83364009857178
npl,2013,6.63959980010986
npl,2014,6.4471001625061
npl,2015,6.44477987289429
nru,1998,5.1592698097229
nru,2000,5.15580987930298
nru,2001,5.94286012649536
nru,2002,5.9087700843811
nru,2003,5.28520011901855
nru,2004,6.00746011734009
nru,2005,7.33767986297607
nru,2006,6.28125
nru,2007,5.42735004425049
nru,2008,5.40856981277466
nru,2012,5.62723016738892
nru,2014,6.63382005691528
nzl,1970,6.67103004455566
nzl,1971,6.55445003509521
nzl,1972,6.44240999221802
nzl,1973,6.37606000900269
nzl,1974,6.37054014205933
nzl,1975,6.45921993255615
nzl,1976,6.54933977127075
nzl,1977,6.60417985916138
nzl,1978,6.62005996704102
nzl,1979,6.59376001358032
nzl,1980,6.48650979995728
nzl,1981,6.34336996078491
nzl,1982,6.31862020492554
nzl,1983,6.27349996566772
nzl,1984,6.30591011047363
nzl,1985,6.35429000854492
nzl,1986,6.3224401473999
nzl,1987,6.35963010787964
nzl,1988,6.28939008712769
nzl,1989,6.26989984512329
nzl,1990,6.3386697769165
nzl,1991,6.18384981155396
nzl,1992,6.08640003204346
nzl,1993,6.02051019668579
nzl,1994,6.01768016815186
nzl,1995,6.10250997543335
nzl,1996,6.01663017272949
nzl,1997,6.09995985031128
nzl,1998,6.11543989181519
nzl,1999,6.03164005279541
nzl,2000,5.96226978302002
nzl,2001,5.87882995605469
nzl,2002,5.85025978088379
nzl,2003,5.91531991958618
nzl,2004,5.9285101890564
nzl,2005,6.00186014175415
nzl,2006,6.02267980575562
nzl,2007,6.02824020385742
nzl,2008,6.04672002792358
nzl,2009,6.04423999786377
nzl,2010,6.05586004257202
nzl,2011,5.96835994720459
nzl,2012,5.89851999282837
nzl,2013,5.90249013900757
nzl,2014,5.92805004119873
oed,1970,5.71923780441284
oed,1971,5.72928524017334
oed,1972,5.7182936668396
oed,1973,5.72603416442871
oed,1974,5.73417520523071
oed,1975,5.71828126907349
oed,1976,5.75055837631226
oed,1977,5.77575778961182
oed,1978,5.78448867797852
oed,1979,5.81628942489624
oed,1980,5.91794204711914
oed,1981,5.89980602264404
oed,1982,5.91277742385864
oed,1983,5.89314794540405
oed,1984,5.87910985946655
oed,1985,5.85069847106934
oed,1986,5.88345575332642
oed,1987,5.91666746139526
oed,1988,5.94059276580811
oed,1989,5.94452047348022
oed,1990,5.95060968399048
oed,1991,5.9296989440918
oed,1992,5.89828157424927
oed,1993,5.87855434417725
oed,1994,5.85866832733154
oed,1995,5.89036512374878
oed,1996,5.92123889923096
oed,1997,5.9190354347229
oed,1998,5.93357276916504
oed,1999,5.93819332122803
oed,2000,5.95007705688477
oed,2001,5.94321060180664
oed,2002,5.89650726318359
oed,2003,5.88477897644043
oed,2004,5.89018392562866
oed,2005,5.90783023834229
oed,2006,5.88821983337402
oed,2007,5.92041206359863
oed,2008,5.93009042739868
oed,2009,5.90598583221436
oed,2010,5.89683198928833
oed,2011,5.87847709655762
oed,2012,5.88377332687378
oed,2013,5.82072257995605
oed,2014,5.80853366851807
omn,1971,0.28889000415802
omn,1972,1.24926996231079
omn,1973,1.95729005336761
omn,1974,2.55083990097046
omn,1975,3.20094990730286
omn,1976,3.39007997512817
omn,1977,3.47007989883423
omn,1978,3.87288999557495
omn,1979,3.98783993721008
omn,1980,3.88228988647461
omn,1981,4.13732004165649
omn,1982,4.29125022888184
omn,1983,4.50130987167358
omn,1984,4.70212984085083
omn,1985,5.00870990753174
omn,1986,5.04193019866943
omn,1987,5.23450994491577
omn,1988,5.37842988967896
omn,1989,5.45462989807129
omn,1990,5.46395015716553
omn,1991,5.45512008666992
omn,1992,5.51113986968994
omn,1993,5.46673011779785
omn,1994,5.32941007614136
omn,1995,5.28604984283447
omn,1996,5.43210983276367
omn,1997,5.46921014785767
omn,1998,5.53268003463745
omn,1999,5.6490797996521
omn,2000,5.72475004196167
omn,2001,5.73966979980469
omn,2002,5.72235012054443
omn,2003,5.60628986358643
omn,2005,5.379310131073
omn,2006,5.18580007553101
omn,2007,5.40288019180298
omn,2008,5.70561981201172
omn,2009,6.41368007659912
omn,2011,6.23398017883301
omn,2012,6.4077000617981
omn,2013,6.42219018936157
omn,2014,4.15919017791748
pak,1971,3.51899003982544
pak,1972,3.48329997062683
pak,1973,3.57957005500793
pak,1974,3.74050998687744
pak,1975,3.75164008140564
pak,1976,3.78470993041992
pak,1977,3.92196011543274
pak,1978,3.30567002296448
pak,1979,3.29524993896484
pak,1980,3.23988008499146
pak,1981,3.2908399105072
pak,1982,3.32283997535706
pak,1983,3.48673009872437
pak,1984,3.49412989616394
pak,1985,3.58153009414673
pak,1986,3.58735990524292
pak,1987,3.73674988746643
pak,1988,3.73436999320984
pak,1989,3.77110004425049
pak,1990,3.79239010810852
pak,2000,4.38095998764038
pak,2001,4.42718982696533
pak,2002,4.46677017211914
pak,2003,4.49643993377686
pak,2004,4.7738299369812
pak,2005,4.95204019546509
pak,2006,4.72122001647949
pak,2007,4.95499992370605
pak,2008,4.98590993881226
pak,2009,5.0539698600769
pak,2010,5.15151977539063
pak,2011,4.93209981918335
pak,2012,4.8708701133728
pak,2013,4.78923988342285
pak,2014,5.02605009078979
pan,1970,6.4579701423645
pan,1971,7.00364017486572
pan,1972,7.22767019271851
pan,1973,7.34372997283936
pan,1974,7.08241987228394
pan,1975,7.32281017303467
pan,1976,7.21445989608765
pan,1977,6.89956998825073
pan,1978,6.98311996459961
pan,1979,6.78167009353638
pan,1980,6.59126996994019
pan,1981,6.43409013748169
pan,1982,6.36122989654541
pan,1983,6.28007984161377
pan,1984,6.29821014404297
pan,1985,6.24919986724854
pan,1986,6.25860977172852
pan,1987,6.26078987121582
pan,1988,6.18025016784668
pan,1989,6.20408010482788
pan,1990,6.1881799697876
pan,1999,6.40846014022827
pan,2000,6.48644018173218
pan,2001,6.56765985488892
pan,2002,6.69192981719971
pan,2003,6.59000015258789
pan,2004,6.66662979125977
pan,2005,6.58539009094238
pan,2006,6.58785009384155
pan,2007,6.66427993774414
pan,2008,6.62178993225098
pan,2009,6.54631996154785
pan,2010,6.54528999328613
pan,2011,6.52265977859497
pan,2012,6.47411012649536
pan,2013,6.41724014282227
per,1970,7.20247983932495
per,1973,6.88666009902954
per,1977,7.02012014389038
per,1978,7.00002002716064
per,1979,6.99751996994019
per,1980,6.95187997817993
per,1981,7.13499021530151
per,1982,7.28562021255493
per,1985,7.34586000442505
per,1991,7.13113021850586
per,1992,7.01306009292603
per,1993,7.15394020080566
per,1995,7.43839979171753
per,1998,7.39025020599365
per,1999,7.41840982437134
per,2000,7.35982990264893
per,2001,7.30515003204346
per,2002,7.26103019714355
per,2003,7.15265989303589
per,2004,7.07596015930176
per,2005,7.02050018310547
per,2006,6.9765100479126
per,2007,6.95207977294922
per,2008,6.73042011260986
per,2009,6.63452005386353
per,2010,6.59238004684448
per,2011,6.44055986404419
per,2012,6.11045980453491
per,2013,6.20508003234863
per,2014,6.09720993041992
phl,1976,6.45371007919312
phl,1981,6.82561016082764
phl,1982,6.68409013748169
phl,1983,6.61429023742676
phl,1984,6.52156019210815
phl,1985,6.33486986160278
phl,1986,6.34078979492188
phl,1987,6.44897985458374
phl,1988,6.46819019317627
phl,1989,6.56787014007568
phl,1990,6.72798013687134
phl,1991,6.57717990875244
phl,1992,6.48707008361816
phl,1993,6.44087982177734
phl,1994,6.2546501159668
phl,1995,6.31156015396118
phl,1996,6.57155990600586
phl,1997,6.53843021392822
phl,1998,6.60371017456055
phl,1999,6.65709018707275
phl,2001,6.5974497795105
phl,2002,6.58616018295288
phl,2003,6.58922004699707
phl,2004,6.53809976577759
phl,2005,6.47875022888184
phl,2006,6.36788988113403
phl,2007,6.38557004928589
phl,2008,6.47508001327515
phl,2009,6.60051012039185
phl,2013,7.02172994613647
plw,2004,5.22751998901367
plw,2013,6.96787023544312
plw,2014,6.98488998413086
png,1970,3.72529006004334
png,1971,3.72930002212524
png,1972,3.82790994644165
png,1973,3.99393010139465
png,1974,4.04390001296997
png,1975,3.97724008560181
png,1976,4.05797004699707
png,1977,3.89549994468689
png,1978,3.7851300239563
png,1979,3.73523998260498
png,1981,3.57178997993469
png,1982,3.52275991439819
png,1984,3.68056011199951
png,1986,3.82649993896484
png,1987,3.88233995437622
png,1988,3.96314001083374
png,1989,4.08681011199951
png,1990,4.01933002471924
png,1991,4.00637006759644
png,1992,4.14362001419067
png,1993,4.37196016311646
png,1994,4.57241010665894
png,1995,4.59913015365601
png,1996,4.66695022583008
png,1997,4.67770004272461
png,1998,4.94327020645142
png,2000,4.56184005737305
png,2001,4.14035987854004
png,2002,3.9951798915863
png,2003,3.71966004371643
png,2004,3.67377996444702
png,2005,3.75922989845276
png,2006,3.64722990989685
png,2008,3.82719993591309
png,2012,8.64920043945313
pol,1972,6.09248018264771
pol,1973,6.14064979553223
pol,1974,6.19357013702393
pol,1989,6.07333993911743
pol,1990,5.97357988357544
pol,1991,5.9298300743103
pol,1992,5.91681003570557
pol,1993,5.96718978881836
pol,1994,5.930419921875
pol,1995,5.82335996627808
pol,1996,5.82602977752686
pol,1997,5.94925022125244
pol,1998,6.00688982009888
pol,1999,5.92152976989746
pol,2000,5.89378976821899
pol,2001,5.87904977798462
pol,2002,5.8513298034668
pol,2003,5.81472015380859
pol,2004,5.79243993759155
pol,2005,5.7761402130127
pol,2006,5.7890100479126
pol,2007,5.80257987976074
pol,2008,5.82067012786865
pol,2009,5.86728000640869
pol,2010,5.92337989807129
pol,2011,5.96599006652832
pol,2012,6.07145977020264
pol,2013,6.05440998077393
pri,2009,5.5315899848938
pri,2010,5.56257009506226
pri,2011,5.16380977630615
pri,2012,5.23862981796265
pri,2013,5.32736015319824
prk,2009,3.99307990074158
prt,1971,6.83603000640869
prt,1972,6.90903997421265
prt,1973,7.07424020767212
prt,1974,7.16040992736816
prt,1975,7.09847021102905
prt,1976,7.31539011001587
prt,1977,7.39181995391846
prt,1978,7.45538997650146
prt,1979,7.52514982223511
prt,1980,7.43965005874634
prt,1981,7.43758010864258
prt,1982,7.15430021286011
prt,1983,7.17309999465942
prt,1984,7.12833976745605
prt,1985,7.85352993011475
prt,1986,7.71107006072998
prt,1987,7.83770990371704
prt,1988,8.07861042022705
prt,1990,7.353759765625
prt,1991,7.19596004486084
prt,1992,7.32714986801147
prt,1993,7.21459007263184
prt,1994,7.22886991500854
prt,1995,7.25311994552612
prt,1996,7.29004001617432
prt,1998,7.51690006256104
prt,1999,7.34473991394043
prt,2000,7.40284013748169
prt,2001,7.3280200958252
prt,2002,7.22498989105225
prt,2003,7.31135988235474
prt,2004,7.26763010025024
prt,2005,7.23696994781494
prt,2006,7.24588012695313
prt,2007,7.21379995346069
prt,2008,7.14387989044189
prt,2009,6.91756010055542
prt,2010,6.80416011810303
prt,2011,6.74221992492676
prt,2012,6.66987991333008
prt,2013,6.66851997375488
prt,2014,6.59952020645142
pry,1970,6.30868005752563
pry,1971,6.24001979827881
pry,1972,6.25373983383179
pry,1973,6.14978981018066
pry,1974,6.03465986251831
pry,1975,5.97107982635498
pry,1976,6.0556001663208
pry,1977,6.09059000015259
pry,1978,6.1882700920105
pry,1979,6.26098012924194
pry,1980,6.3749098777771
pry,1981,6.46301984786987
pry,1982,6.53952980041504
pry,1983,6.53500986099243
pry,1984,6.49075984954834
pry,1985,6.4284200668335
pry,1986,6.30924987792969
pry,1987,6.2965202331543
pry,1988,6.33621978759766
pry,1989,6.3881402015686
pry,1990,6.47028017044067
pry,1991,6.56507015228271
pry,1992,6.64376020431519
pry,1993,6.88009023666382
pry,1994,7.01321983337402
pry,1995,6.93893003463745
pry,1996,7.21709012985229
pry,1997,7.06479978561401
pry,1998,7.50543022155762
pry,1999,7.40253019332886
pry,2000,7.44179010391235
pry,2001,7.37194013595581
pry,2002,7.30113983154297
pry,2003,6.9829797744751
pry,2004,6.88126993179321
pry,2005,6.85508012771606
pry,2006,6.67784023284912
pry,2007,6.53943014144897
pry,2008,6.41738986968994
pry,2009,6.32322978973389
pry,2010,6.32193994522095
pry,2011,6.25103998184204
pry,2012,6.43970012664795
pse,1995,3.70824003219604
pse,1996,3.75665998458862
pse,1997,3.81522011756897
pse,1999,3.84439992904663
pse,2000,3.85469007492065
pse,2001,3.79799008369446
pse,2002,3.72508001327515
pse,2003,3.66508007049561
pse,2004,3.5353000164032
pse,2005,3.54311990737915
pse,2006,3.47548007965088
pse,2007,3.48151993751526
pse,2008,3.5422101020813
pse,2009,3.57607007026672
pse,2010,3.65994000434875
pse,2011,3.6993100643158
pse,2012,3.79385995864868
pse,2013,3.75507998466492
pse,2014,3.80759000778198
qat,1971,7.1597900390625
qat,1972,7.14541006088257
qat,1973,7.08749008178711
qat,1974,7.04336977005005
qat,1975,7.1739501953125
qat,1976,7.56904983520508
qat,1977,7.63531017303467
qat,1978,7.53508996963501
qat,1979,7.53036022186279
qat,1980,7.57017993927002
qat,1981,7.29465007781982
qat,1982,7.75947999954224
qat,1983,7.54385995864868
qat,1984,7.26477003097534
qat,1985,6.97855997085571
qat,1986,6.9532299041748
qat,1987,6.54185009002686
qat,1988,6.42784976959229
qat,1989,6.3809700012207
qat,1990,6.2500901222229
qat,1991,5.83465003967285
qat,1992,5.75055980682373
qat,1993,5.66704988479614
qat,1994,6.01327991485596
qat,1995,5.86127996444702
qat,1996,5.94221019744873
qat,1997,5.92249011993408
qat,1998,6.44076013565063
qat,1999,6.27194023132324
qat,2000,6.1594500541687
qat,2001,6.1940598487854
qat,2002,6.83997011184692
qat,2003,7.22905015945435
qat,2004,6.87171983718872
qat,2005,6.51749992370605
qat,2006,5.39076995849609
qat,2007,5.93520021438599
qat,2008,5.84082984924316
qat,2009,5.90539979934692
qat,2010,5.97066020965576
qat,2011,6.17405986785889
rou,1971,4.62335014343262
rou,1972,4.65483999252319
rou,1973,4.39457988739014
rou,1974,4.30555009841919
rou,1989,3.63954997062683
rou,1990,3.59306001663208
rou,1991,3.38382005691528
rou,1992,3.39400005340576
rou,1993,3.46727991104126
rou,1994,3.56469988822937
rou,1995,3.80932998657227
rou,1996,3.93394994735718
rou,1997,3.97373008728027
rou,1998,3.96475005149841
rou,1999,3.88901996612549
rou,2000,3.8887300491333
rou,2001,3.91313004493713
rou,2002,4.06363010406494
rou,2003,4.20205020904541
rou,2004,4.45800018310547
rou,2005,4.36197996139526
rou,2006,4.21147012710571
rou,2007,4.14587020874023
rou,2008,3.94829988479614
rou,2009,3.93605995178223
rou,2010,3.92098999023438
rou,2011,3.89559006690979
rou,2012,3.85583996772766
rus,1981,3.09594011306763
rus,1986,3.14104008674622
rus,1989,3.24148011207581
rus,1990,3.24089002609253
rus,1991,3.31143999099731
rus,1992,3.31055998802185
rus,1993,3.27764010429382
rus,1994,3.21017003059387
rus,1995,3.25065994262695
rus,1999,3.06018996238709
rus,2000,3.0963499546051
rus,2001,3.1413300037384
rus,2002,3.37218999862671
rus,2003,3.56145000457764
rus,2005,3.83555006980896
rus,2006,3.80841994285584
rus,2007,3.83523011207581
rus,2008,3.89558005332947
rus,2009,3.95198011398315
rus,2011,4.00964021682739
rus,2012,4.02605009078979
rus,2013,3.99195003509521
rus,2014,3.92574000358582
rwa,1971,4.38890981674194
rwa,1972,4.17645978927612
rwa,1973,4.00610017776489
rwa,1974,3.91831994056702
rwa,1975,3.70842003822327
rwa,1976,3.7037398815155
rwa,1977,3.87220001220703
rwa,1978,3.96095991134644
rwa,1979,4.22562980651855
rwa,1980,4.37472009658813
rwa,1981,4.62090015411377
rwa,1982,4.66517019271851
rwa,1983,4.43875980377197
rwa,1984,4.32529020309448
rwa,1985,4.25409984588623
rwa,1986,4.26655006408691
rwa,1987,4.34355020523071
rwa,1988,4.40215015411377
rwa,1989,4.44558000564575
rwa,1990,4.41111993789673
rwa,1991,4.52788019180298
rwa,1992,4.89766979217529
rwa,1997,5.99011993408203
rwa,1998,6.25930023193359
rwa,1999,6.12717008590698
rwa,2000,6.43675994873047
rwa,2001,6.46114015579224
rwa,2002,6.8060998916626
rwa,2003,7.28724002838135
rwa,2004,7.72697019577026
rwa,2005,8.16631984710693
rwa,2006,8.68225955963135
rwa,2007,8.92440986633301
rwa,2008,8.47994995117188
rwa,2009,8.82732009887695
rwa,2010,8.60274982452393
rwa,2011,8.48015975952148
rwa,2012,8.4670295715332
rwa,2013,8.32950973510742
rwa,2014,7.92229986190796
sas,1970,4.49858379364014
sas,1971,4.46408367156982
sas,1972,4.5387864112854
sas,1973,4.74349784851074
sas,1974,4.73155784606934
sas,1975,4.78844833374023
sas,1976,4.77765607833862
sas,1977,4.85745191574097
sas,1978,4.66717863082886
sas,1979,4.63940334320068
sas,1980,4.68971586227417
sas,1981,4.74090051651001
sas,1982,4.73128080368042
sas,1983,4.85473203659058
sas,1984,4.89356136322021
sas,1985,4.8518853187561
sas,1986,4.90055465698242
sas,1987,4.78232526779175
sas,1988,4.88066482543945
sas,1989,5.05276870727539
sas,1990,4.99691867828369
sas,1991,4.95581817626953
sas,1992,4.95658588409424
sas,1993,4.97384023666382
sas,1994,5.01887369155884
sas,1995,5.01684999465942
sas,1996,5.0002760887146
sas,1997,4.97366809844971
sas,1998,4.90613317489624
sas,1999,4.92310905456543
sas,2000,4.97377014160156
sas,2001,4.92672109603882
sas,2002,5.00826120376587
sas,2003,5.15739631652832
sas,2004,5.29262256622314
sas,2005,5.34537696838379
sas,2006,5.39899063110352
sas,2007,5.48316955566406
sas,2008,5.44256925582886
sas,2009,5.39581918716431
sas,2010,5.41743659973145
sas,2011,5.38326597213745
sas,2012,5.42450857162476
sas,2013,5.29981660842896
sas,2014,5.32790613174438
sau,1979,4.45306015014648
sau,2005,5.6736102104187
sau,2007,5.79525995254517
sau,2008,5.87541007995605
sau,2009,5.94253015518188
sau,2010,5.97905015945435
sau,2011,5.98165988922119
sau,2012,6.10789012908936
sau,2013,6.51162004470825
sau,2014,6.60580015182495
sdn,2001,3.77887988090515
sdn,2002,3.79558992385864
sdn,2003,3.85443997383118
sdn,2004,3.93548011779785
sdn,2005,3.96069002151489
sdn,2006,4.260009765625
sdn,2007,4.28473997116089
sdn,2008,4.56234979629517
sdn,2009,4.47322988510132
sdn,2010,4.41465997695923
sdn,2011,4.49571990966797
sdn,2012,4.54923009872437
sdn,2013,4.44324016571045
sen,1971,2.85791993141174
sen,1972,2.82710003852844
sen,1973,2.86006999015808
sen,1974,2.78242993354797
sen,1975,2.7901599407196
sen,1976,2.76483011245728
sen,1977,3.0831298828125
sen,1978,3.13187003135681
sen,1979,3.17702007293701
sen,1980,3.2350800037384
sen,1981,3.32746005058289
sen,1982,3.45047998428345
sen,1983,3.61402010917664
sen,1984,3.74008011817932
sen,1985,3.83612990379334
sen,1986,3.83091998100281
sen,1987,3.79912996292114
sen,1988,3.91898989677429
sen,1989,3.77148008346558
sen,1990,3.8643798828125
sen,1991,3.79341006278992
sen,1992,3.82104992866516
sen,1993,3.70163011550903
sen,1994,3.76354002952576
sen,1995,3.79298996925354
sen,1996,3.99695992469788
sen,1997,4.17326021194458
sen,1998,4.34385013580322
sen,1999,4.30328989028931
sen,2000,4.41012001037598
sen,2001,4.44852018356323
sen,2002,4.56140995025635
sen,2003,4.68379020690918
sen,2004,4.84942007064819
sen,2005,4.92784023284912
sen,2006,4.86569976806641
sen,2007,5.0413498878479
sen,2008,5.01200008392334
sen,2009,4.94139003753662
sen,2010,4.88962984085083
sen,2011,4.80708980560303
sen,2012,4.7650899887085
sen,2014,4.72799015045166
slb,1970,6.37679004669189
slb,1971,7.50031995773315
slb,1972,6.92083978652954
slb,1973,6.56082010269165
slb,1974,6.26012992858887
slb,1975,6.52820014953613
slb,1976,5.9388599395752
slb,1977,5.47128009796143
slb,1978,5.40153980255127
slb,1979,5.1346697807312
slb,1980,5.11766004562378
slb,1981,4.8590202331543
slb,1982,4.75097990036011
slb,1983,5.12453985214233
slb,1986,5.07049989700317
slb,1990,5.70578002929688
slb,1991,5.79657983779907
slb,1992,6.22805976867676
slb,1993,6.54476022720337
slb,1994,6.7123498916626
slb,1999,5.54975986480713
slb,2000,5.39122009277344
slb,2002,5.87414979934692
slb,2005,6.37575006484985
slb,2006,6.70074987411499
slb,2007,6.78874015808105
slb,2010,7.36214017868042
slb,2011,7.41876983642578
slb,2012,7.18283987045288
slb,2013,7.23675012588501
slb,2014,7.26392984390259
sle,1971,3.44534993171692
sle,1972,3.55724000930786
sle,1973,3.37901997566223
sle,1974,3.50275993347168
sle,1975,3.62692999839783
sle,1976,3.79909992218018
sle,1977,3.88220000267029
sle,1978,3.90442991256714
sle,1980,4.82847023010254
sle,1981,4.73150014877319
sle,1982,5.09873008728027
sle,1983,5.12126016616821
sle,1984,5.21396017074585
sle,1985,5.50263023376465
sle,1988,4.99921989440918
sle,1989,4.43513011932373
sle,1990,4.34173011779785
sle,1991,3.99118995666504
sle,2000,4.23391008377075
sle,2001,5.89537000656128
sle,2011,7.86747980117798
sle,2012,7.83751010894775
sle,2013,7.83232021331787
slv,1970,5.37296009063721
slv,1971,5.25283002853394
slv,1972,5.16393995285034
slv,1973,5.47637987136841
slv,1974,5.57319021224976
slv,1975,5.7062201499939
slv,1976,5.83311986923218
slv,1977,5.95445013046265
slv,1978,6.07082986831665
slv,1979,6.19554996490479
slv,1980,5.54254007339478
slv,1981,4.661789894104
slv,1982,5.25102996826172
slv,1983,5.4240198135376
slv,1984,5.53610992431641
slv,1987,6.20530986785889
slv,1988,6.29805994033813
slv,1989,6.16976976394653
slv,1991,6.05902004241943
slv,1992,6.21680021286011
slv,1993,6.2803201675415
slv,1995,6.27861022949219
slv,1996,6.77112007141113
slv,1997,6.96417999267578
slv,1998,7.24707984924316
slv,1999,6.96672010421753
slv,2000,7.19994020462036
slv,2001,7.25654983520508
slv,2002,7.39138984680176
slv,2003,7.48819017410278
slv,2004,7.48627996444702
slv,2005,7.66513013839722
slv,2006,7.63052988052368
slv,2007,7.97286987304688
slv,2008,7.48895978927612
slv,2009,7.38642978668213
slv,2010,7.38502979278564
slv,2011,7.28170013427734
slv,2012,7.15644979476929
slv,2013,6.99908018112183
slv,2014,6.80242013931274
smr,2009,4.61913013458252
smr,2010,4.44286012649536
smr,2011,4.62046003341675
smr,2012,4.6935601234436
som,1971,0.717329978942871
som,1972,0.842930018901825
som,1973,1.08705997467041
som,1974,1.27400004863739
som,1976,2.68466997146606
som,1977,2.90318989753723
som,1978,2.57854008674622
som,1979,2.69647002220154
som,1980,2.49921989440918
som,1981,1.67948997020721
som,1982,1.51084995269775
som,1983,1.42452001571655
som,1984,1.43967998027802
som,1985,1.33555996417999
som,1986,1.26470005512238
som,2007,2.25444006919861
srb,1999,4.40963983535767
srb,2000,4.16307020187378
srb,2001,4.10588979721069
srb,2002,4.09592008590698
srb,2003,4.04196977615356
srb,2004,4.06005001068115
srb,2005,4.10910987854004
srb,2006,4.08174991607666
srb,2007,4.04312992095947
srb,2008,4.01918983459473
srb,2009,3.91833996772766
srb,2010,3.84250998497009
srb,2011,4.06181001663208
srb,2012,4.03189992904663
srb,2013,4.03852987289429
srb,2014,4.04552984237671
ssa,1970,3.91996955871582
ssa,1971,3.95822310447693
ssa,1972,4.02919387817383
ssa,1973,4.04699039459229
ssa,1974,4.16965341567993
ssa,1975,4.28658676147461
ssa,1976,4.35686683654785
ssa,1977,4.53781080245972
ssa,1978,4.75130939483643
ssa,1979,5.08061647415161
ssa,1980,5.23006153106689
ssa,1981,5.41552114486694
ssa,1982,5.57000827789307
ssa,1983,5.54914045333862
ssa,1984,5.417724609375
ssa,1985,5.24858617782593
ssa,1986,5.08619165420532
ssa,1987,4.95782947540283
ssa,1988,4.96430444717407
ssa,1989,4.90826559066772
ssa,1990,4.85275411605835
ssa,1991,4.93355417251587
ssa,1992,4.88183307647705
ssa,1993,4.94064617156982
ssa,1994,4.95806503295898
ssa,1995,5.02166080474854
ssa,1996,4.90226936340332
ssa,1997,5.14980459213257
ssa,1998,5.32749843597412
ssa,1999,5.40694618225098
ssa,2000,5.56061363220215
ssa,2001,5.6329197883606
ssa,2002,5.79256391525269
ssa,2003,5.97501468658447
ssa,2004,6.122642993927
ssa,2005,6.26107835769653
ssa,2006,6.34267139434814
ssa,2007,6.29607009887695
ssa,2008,6.35718774795532
ssa,2009,6.34748697280884
ssa,2010,6.31586217880249
ssa,2011,6.39366579055786
ssa,2012,6.39341640472412
ssa,2013,6.37703657150269
ssa,2014,6.39617347717285
ssd,2011,6.68670988082886
ssf,1970,3.92032694816589
ssf,1971,3.95860195159912
ssf,1972,4.02956342697144
ssf,1973,4.04733896255493
ssf,1974,4.16996383666992
ssf,1975,4.28684425354004
ssf,1976,4.35710334777832
ssf,1977,4.53800773620605
ssf,1978,4.75147819519043
ssf,1979,5.08073091506958
ssf,1980,5.23012256622314
ssf,1981,5.41557931900024
ssf,1982,5.57005596160889
ssf,1983,5.54918336868286
ssf,1984,5.41776704788208
ssf,1985,5.24866056442261
ssf,1986,5.08630132675171
ssf,1987,4.95792531967163
ssf,1988,4.96438312530518
ssf,1989,4.90836048126221
ssf,1990,4.85286378860474
ssf,1991,4.93366098403931
ssf,1992,4.88194227218628
ssf,1993,4.94075059890747
ssf,1994,4.95816707611084
ssf,1995,5.02175903320313
ssf,1996,4.90237331390381
ssf,1997,5.14988040924072
ssf,1998,5.32755661010742
ssf,1999,5.40700626373291
ssf,2000,5.56066560745239
ssf,2001,5.63296508789063
ssf,2002,5.79259967803955
ssf,2003,5.97504234313965
ssf,2004,6.12264442443848
ssf,2005,6.26109743118286
ssf,2006,6.34267902374268
ssf,2007,6.29607439041138
ssf,2008,6.35718727111816
ssf,2009,6.34748840332031
ssf,2010,6.31587362289429
ssf,2011,6.39367008209229
ssf,2012,6.3934178352356
ssf,2013,6.37702798843384
ssf,2014,6.39616823196411
stp,1971,4.87587976455688
stp,1972,4.95814990997314
stp,1973,6.3698902130127
stp,1977,5.33519983291626
stp,1978,5.84603023529053
stp,1983,6.19168996810913
stp,1984,5.80614995956421
stp,1987,4.97045993804932
stp,1988,5.36366987228394
stp,1990,5.88445997238159
stp,1991,6.18468999862671
stp,1992,6.45512008666992
stp,1996,5.87794017791748
stp,1998,5.71135997772217
stp,1999,6.51387977600098
stp,2002,7.69161987304688
stp,2003,7.7999701499939
stp,2004,7.83929014205933
stp,2005,7.92873001098633
stp,2007,7.75750017166138
stp,2008,7.8985800743103
stp,2009,7.81970977783203
stp,2010,7.6640100479126
stp,2011,7.77276992797852
stp,2012,7.21216011047363
stp,2013,7.15774011611938
stp,2014,6.99211978912354
stp,2015,7.1076397895813
sur,1971,7.84202003479004
sur,1972,7.7719202041626
sur,1973,7.92834997177124
sur,1974,8.12868022918701
sur,1975,8.14603042602539
sur,1976,6.86961984634399
sur,1977,7.95804023742676
sur,1978,7.91919994354248
sur,1979,8.11804008483887
sur,1982,8.11826038360596
sur,1985,8.43264961242676
sur,1986,8.76543998718262
sur,1987,7.80989980697632
sur,1988,7.80725002288818
sur,1989,8.10509967803955
sur,1990,6.99547004699707
sur,1991,6.78103017807007
sur,1992,7.99539995193481
sur,1993,8.4676399230957
sur,1994,8.87767028808594
sur,2001,5.90300989151001
sur,2002,6.04413986206055
sur,2005,6.87072992324829
sur,2006,7.03690004348755
sur,2007,6.91837978363037
sur,2008,7.27084016799927
sur,2009,7.37936019897461
sur,2011,7.410560131073
sur,2013,7.2473201751709
sur,2014,7.29754018783569
svk,1991,4.02547979354858
svk,1992,4.10260009765625
svk,1993,4.05154991149902
svk,1994,4.04916000366211
svk,1995,4.01419019699097
svk,1996,3.96954011917114
svk,1997,3.93329000473022
svk,1998,4.08569002151489
svk,1999,4.09459018707275
svk,2000,4.10522985458374
svk,2001,4.02847003936768
svk,2002,3.92617988586426
svk,2003,3.8856999874115
svk,2004,3.84072995185852
svk,2005,3.8514199256897
svk,2006,3.9413800239563
svk,2007,4.0377402305603
svk,2008,4.09390020370483
svk,2009,4.08080005645752
svk,2010,4.05683994293213
svk,2011,4.03793001174927
svk,2012,4.07376003265381
svk,2013,4.11496019363403
svk,2014,4.10003995895386
svn,1993,3.75882005691528
svn,1994,3.7582700252533
svn,1995,3.86394000053406
svn,1996,3.91132998466492
svn,1997,3.96539998054504
svn,1998,3.96702003479004
svn,1999,3.94169998168945
svn,2000,3.84254002571106
svn,2001,4.07247018814087
svn,2002,4.24581003189087
svn,2003,4.47814989089966
svn,2004,4.9532299041748
svn,2005,5.04304981231689
svn,2006,5.09482002258301
svn,2007,5.90819978713989
svn,2008,5.90642976760864
svn,2009,5.91483020782471
svn,2010,5.91017007827759
svn,2011,5.90049982070923
svn,2012,5.92679977416992
svn,2013,5.9284200668335
svn,2014,5.95872020721436
swe,1971,5.59027004241943
swe,1972,5.69970989227295
swe,1973,5.78045988082886
swe,1974,5.8959698677063
swe,1975,5.99616003036499
swe,1976,6.0447301864624
swe,1977,6.00484991073608
swe,1978,5.91965007781982
swe,1979,5.90417003631592
swe,1980,5.83893013000488
swe,1981,5.78945016860962
swe,1982,5.82174015045166
swe,1983,5.86500978469849
swe,1984,5.89661979675293
swe,1985,5.83936023712158
swe,1986,5.87184000015259
swe,1987,5.8985800743103
swe,1988,5.92199993133545
swe,1989,5.93446016311646
swe,1990,5.97444009780884
swe,1991,5.98056983947754
swe,1992,6.01338005065918
swe,1993,6.18959999084473
swe,1994,6.18054008483887
swe,1995,6.16493988037109
swe,1996,6.20483016967773
swe,1997,6.24779987335205
swe,1998,6.50248003005981
swe,1999,6.48701000213623
swe,2000,6.49504995346069
swe,2001,6.51560020446777
swe,2002,6.45170021057129
swe,2003,6.3886399269104
swe,2004,5.84777021408081
swe,2005,5.75474977493286
swe,2006,5.75897979736328
swe,2007,5.83135986328125
swe,2008,5.96422004699707
swe,2009,6.02760982513428
swe,2010,6.10909986495972
swe,2011,6.04309988021851
swe,2012,6.12421989440918
swe,2013,6.89390993118286
swe,2014,6.93392992019653
swz,1970,6.06008005142212
swz,1971,6.13906002044678
swz,1972,6.37560987472534
swz,1973,6.51802015304565
swz,1974,6.5901198387146
swz,1975,6.57420015335083
swz,1976,6.55079984664917
swz,1977,6.54518985748291
swz,1978,6.51421022415161
swz,1979,6.55858993530273
swz,1980,6.29689979553223
swz,1981,6.98961019515991
swz,1982,7.0910701751709
swz,1983,7.18233013153076
swz,1984,7.16000986099243
swz,1985,7.16305017471313
swz,1986,7.02813005447388
swz,1987,7.01401996612549
swz,1988,6.93273019790649
swz,1989,6.82100009918213
swz,1990,6.96295022964478
swz,1991,7.02783012390137
swz,1992,7.09994983673096
swz,1993,7.15186977386475
swz,1994,7.12659978866577
swz,1995,7.22266006469727
swz,1996,7.06411981582642
swz,1997,6.62607002258301
swz,1998,6.97350978851318
swz,1999,7.00460004806519
swz,2000,6.9900598526001
swz,2001,6.88323020935059
swz,2002,6.88032007217407
swz,2003,6.84530019760132
swz,2004,7.27686977386475
swz,2005,7.43598985671997
swz,2006,7.79384994506836
swz,2007,7.95114994049072
swz,2009,8.00125026702881
swz,2010,8.38967990875244
swz,2011,8.46527004241943
swz,2012,8.37541961669922
swz,2013,8.34576034545898
syc,1970,6.05003023147583
syc,1971,6.22731018066406
syc,1972,6.28070020675659
syc,1973,6.21214008331299
syc,1974,6.14622020721436
syc,1975,5.96753978729248
syc,1976,5.91993999481201
syc,1977,5.86137008666992
syc,1978,5.91312980651855
syc,1979,5.88544988632202
syc,1980,5.67156982421875
syc,1981,5.84722995758057
syc,1982,5.93671989440918
syc,1983,5.89274978637695
syc,1984,5.77032995223999
syc,1985,5.89258003234863
syc,1986,6.04078006744385
syc,1987,5.80537986755371
syc,1988,5.6699800491333
syc,1989,5.77653980255127
syc,1991,5.98147010803223
syc,1992,6.00235986709595
syc,1993,6.06024980545044
syc,1994,6.08291006088257
syc,1995,6.12489986419678
syc,1996,6.08809995651245
syc,1997,6.04019021987915
syc,1998,6.03341007232666
syc,1999,6.15445995330811
syc,2000,6.23740005493164
syc,2001,6.25470018386841
syc,2002,6.31786012649536
syc,2003,6.39392995834351
syc,2004,6.14963006973267
syc,2005,6.57385015487671
syc,2007,6.36650991439819
syc,2008,6.3425498008728
syc,2009,6.37380981445313
syc,2010,6.53257989883423
syc,2011,6.47698020935059
syc,2012,6.41733980178833
syc,2013,6.21987009048462
syc,2014,6.29691982269287
syr,1971,6.22250986099243
syr,1972,6.35304021835327
syr,1973,6.70382976531982
syr,1974,6.74582004547119
syr,1975,6.82633018493652
syr,1976,6.91033983230591
syr,1977,6.84707021713257
syr,1978,6.71799993515015
syr,1979,6.63178014755249
syr,1980,6.54968976974487
syr,1981,6.52292013168335
syr,1982,6.52222013473511
syr,1983,6.47932004928589
syr,1984,6.52045011520386
syr,1985,6.55059003829956
syr,1986,6.59740018844604
syr,1987,6.70873022079468
syr,1988,6.66399002075195
syr,1989,6.70561981201172
syr,1990,6.65539979934692
syr,1991,6.7387900352478
syr,1992,6.80218982696533
syr,1993,6.73648023605347
syr,1994,6.7463698387146
syr,1995,6.71008014678955
syr,1996,6.68508005142212
syr,1997,6.63841009140015
syr,1998,6.55821990966797
syr,1999,6.65326976776123
syr,2000,6.70482015609741
syr,2001,6.80668020248413
syr,2002,6.90948009490967
syr,2003,4.97319984436035
syr,2004,4.94308996200562
syr,2005,4.92024993896484
syr,2006,4.81806993484497
syr,2007,4.7905101776123
syr,2008,4.80985021591187
syr,2009,4.84021997451782
syr,2010,4.97677993774414
syr,2011,5.22861003875732
syr,2012,5.32797002792358
syr,2013,3.25451993942261
tcd,1971,2.93322992324829
tcd,1972,2.87597990036011
tcd,1973,2.8283998966217
tcd,1974,2.92179989814758
tcd,1975,2.97464990615845
tcd,1976,2.9675600528717
tcd,1977,3.12428998947144
tcd,1985,3.00541996955872
tcd,1986,3.38001990318298
tcd,1987,3.29278993606567
tcd,1988,4.15727996826172
tcd,1989,3.73095989227295
tcd,1990,4.11688995361328
tcd,1991,4.21870994567871
tcd,1992,4.3347601890564
tcd,1993,4.0601601600647
tcd,1994,3.82678008079529
tcd,1995,3.72463011741638
tcd,1996,3.87130999565125
tcd,1997,4.39293003082275
tcd,1998,4.78858995437622
tcd,1999,4.81296014785767
tcd,2000,4.95809984207153
tcd,2001,5.07472991943359
tcd,2002,5.31271982192993
tcd,2003,5.40706014633179
tcd,2004,5.44375991821289
tcd,2005,5.13656997680664
tcd,2006,5.08102989196777
tcd,2007,4.94610977172852
tcd,2008,5.49059009552002
tcd,2009,5.78477001190186
tcd,2010,5.70600986480713
tcd,2011,6.3451099395752
tcd,2012,6.3950400352478
tcd,2013,7.06516981124878
tgo,1971,5.71670007705688
tgo,1972,6.26408004760742
tgo,1973,6.42416000366211
tgo,1974,6.61734008789063
tgo,1975,6.738450050354
tgo,1976,7.13375997543335
tgo,1977,7.44512987136841
tgo,1978,8.07266044616699
tgo,1979,8.40462017059326
tgo,1980,8.58895015716553
tgo,1981,8.03569984436035
tgo,1982,8.13943958282471
tgo,1983,7.68680000305176
tgo,1984,6.88203001022339
tgo,1985,6.60415983200073
tgo,1986,6.69754981994629
tgo,1987,6.86518001556396
tgo,1988,6.80324983596802
tgo,1989,7.13604021072388
tgo,1990,7.20460987091064
tgo,1991,7.5971097946167
tgo,1992,6.94279003143311
tgo,1994,7.07079982757568
tgo,1995,7.80663013458252
tgo,1996,8.12613010406494
tgo,1997,8.24020004272461
tgo,1998,7.90059995651245
tgo,1999,8.45827960968018
tgo,2000,7.80678987503052
tgo,2001,7.85221004486084
tgo,2002,7.86645984649658
tgo,2003,7.63446998596191
tgo,2004,7.5185399055481
tgo,2005,7.41052007675171
tgo,2006,7.60899019241333
tgo,2007,7.22133016586304
tgo,2008,7.21502017974854
tgo,2009,8.23653030395508
tgo,2010,8.2114200592041
tgo,2011,8.0007495880127
tgo,2012,8.07765960693359
tgo,2013,8.16522026062012
tgo,2014,7.88919019699097
tha,1971,6.10456991195679
tha,1972,6.18424987792969
tha,1973,6.06049013137817
tha,1974,6.09124994277954
tha,1975,6.15022993087769
tha,1976,6.09002017974854
tha,1977,5.99991989135742
tha,1978,5.9588098526001
tha,1981,5.94762992858887
tha,1991,6.21039009094238
tha,1992,6.08689022064209
tha,1993,6.05012989044189
tha,1998,5.68055009841919
tha,1999,5.9011402130127
tha,2000,5.93721008300781
tha,2001,5.89068984985352
tha,2002,5.94200992584229
tha,2004,5.98056983947754
tha,2005,5.95753002166748
tha,2006,5.84245014190674
tha,2007,5.87546014785767
tha,2008,5.91330003738403
tha,2009,5.88855981826782
tha,2010,5.81208992004395
tha,2011,5.84708023071289
tha,2012,5.86901998519897
tha,2013,5.88578987121582
tha,2014,6.14744997024536
tjk,1991,3.65949010848999
tjk,1992,3.72164011001587
tjk,1993,3.47554993629456
tjk,1994,3.64984011650085
tjk,1995,3.63211989402771
tjk,1996,3.6524600982666
tjk,1997,3.64415001869202
tjk,1998,3.86266994476318
tjk,1999,3.88593006134033
tjk,2000,3.95391011238098
tjk,2001,3.93235993385315
tjk,2002,3.94920992851257
tjk,2003,4.03915977478027
tjk,2004,4.02446985244751
tjk,2005,4.02530002593994
tjk,2006,4.01024007797241
tjk,2007,3.94946002960205
tjk,2008,4.03790998458862
tjk,2009,4.03582000732422
tjk,2010,4.05841016769409
tjk,2011,4.03518009185791
tjk,2012,4.0002498626709
tjk,2013,3.99486994743347
tjk,2014,3.90122008323669
tjk,2015,3.9167799949646
tkm,2014,3.60303997993469
tls,2004,6.37458992004395
tls,2005,5.90582990646362
tls,2008,6.98833990097046
tls,2009,7.4979100227356
tls,2010,8.2418098449707
tls,2011,8.49664974212646
tls,2012,8.49485015869141
tls,2013,8.46485996246338
tls,2014,8.3367395401001
ton,1970,6.66775989532471
ton,1971,6.10011005401611
ton,1972,6.02452993392944
ton,1973,5.96811008453369
ton,1974,6.08085012435913
ton,1975,6.97090005874634
ton,1976,7.10722017288208
ton,1977,7.18084001541138
ton,1978,7.4268798828125
ton,1979,7.67937994003296
ton,1981,7.32743978500366
ton,1982,7.15046977996826
ton,1983,7.00984001159668
ton,1984,7.23543977737427
ton,1985,7.20602989196777
ton,1986,7.28452014923096
ton,1990,6.65145015716553
ton,1991,6.42158985137939
ton,1992,6.36672019958496
ton,1993,6.56659984588623
ton,1994,6.69168996810913
ton,1995,6.92416000366211
ton,1996,7.19091987609863
ton,1997,7.16453981399536
ton,1998,7.04790019989014
ton,1999,7.07882022857666
ton,2000,6.7280101776123
ton,2001,6.81337022781372
ton,2002,6.79338979721069
ton,2003,7.16768980026245
ton,2004,6.93061017990112
ton,2005,6.85385990142822
ton,2006,6.84777021408081
ton,2007,6.75746011734009
ton,2008,6.65243005752563
ton,2009,6.53364992141724
ton,2010,6.55991983413696
ton,2011,6.56414985656738
ton,2012,6.63668012619019
ton,2013,6.58800983428955
ton,2014,6.50703001022339
tto,1971,8.30593967437744
tto,1972,8.21852016448975
tto,1973,8.05836009979248
tto,1974,7.84732007980347
tto,1975,7.71852016448975
tto,1976,7.81986999511719
tto,1977,7.82335996627808
tto,1978,7.6412501335144
tto,1979,7.30627012252808
tto,1980,7.14914989471436
tto,1981,7.04107999801636
tto,1982,7.0463399887085
tto,1983,6.95092010498047
tto,1984,6.74245977401733
tto,1985,6.70358991622925
tto,1986,6.57923984527588
tto,1987,6.80762004852295
tto,1988,6.85737991333008
tto,1989,6.79444980621338
tto,1990,6.64921998977661
tto,1991,6.70728015899658
tto,1992,6.66553020477295
tto,1993,6.67398977279663
tto,1994,6.66054010391235
tto,1995,6.75481986999512
tto,1996,6.78111982345581
tto,1997,6.85235023498535
tto,1998,7.06682014465332
tto,1999,7.17253017425537
tto,2000,7.32106018066406
tto,2001,7.112380027771
tto,2002,6.74707984924316
tto,2003,7.08031988143921
tto,2004,7.17189979553223
tto,2005,6.97578001022339
tto,2007,7.4164400100708
tto,2008,7.50781011581421
tto,2009,7.55049991607666
tto,2010,7.53613996505737
tun,1971,7.76610994338989
tun,1972,7.3927001953125
tun,1973,6.87659978866577
tun,1974,6.68446016311646
tun,1975,6.98929977416992
tun,1976,6.94891977310181
tun,1977,7.14330005645752
tun,1978,7.28126001358032
tun,1979,7.19704008102417
tun,1980,7.26741981506348
tun,1981,7.20702981948853
tun,1982,7.24886989593506
tun,1983,7.4633002281189
tun,1984,7.53225994110107
tun,1985,7.61813020706177
tun,1986,7.68756008148193
tun,1987,7.74558019638062
tun,1988,7.67366981506348
tun,1989,7.3899998664856
tun,1990,7.45340013504028
tun,1991,7.43814992904663
tun,1992,7.38176012039185
tun,1993,7.2910099029541
tun,1994,7.34105014801025
tun,1995,7.26414012908936
tun,1996,7.13619995117188
tun,1997,7.01013994216919
tun,1998,7.02666997909546
tun,1999,7.07334995269775
tun,2000,7.05838012695313
tun,2001,7.01886987686157
tun,2002,6.96295022964478
tun,2003,6.88924980163574
tun,2004,6.81340980529785
tun,2005,6.7554497718811
tun,2006,6.64530992507935
tun,2007,6.44114017486572
tun,2008,6.38309001922607
tun,2009,6.40592002868652
tun,2010,6.51480007171631
tun,2011,6.54638004302979
tun,2012,6.66286993026733
tun,2013,6.77163982391357
tun,2014,6.87462997436523
tur,1971,6.18408012390137
tur,1972,6.11208009719849
tur,1973,6.10493993759155
tur,1974,6.16906023025513
tur,1975,5.94488000869751
tur,1976,5.92262983322144
tur,1977,5.8280200958252
tur,1978,5.63361978530884
tur,1979,5.6113600730896
tur,1981,5.40989017486572
tur,1982,5.42125988006592
tur,1984,5.69042015075684
tur,1985,5.5691499710083
tur,1986,5.55855989456177
tur,1987,5.52709007263184
tur,1988,5.58772993087769
tur,1989,5.43772983551025
tur,1990,5.45638990402222
tur,1991,5.4426097869873
tur,1992,5.43010997772217
tur,1993,5.28094005584717
tur,1994,5.13695001602173
tur,1995,5.11429977416992
tur,1997,5.14090013504028
tur,1999,5.37033987045288
tur,2000,5.37484979629517
tur,2001,5.47257995605469
tur,2002,5.50554990768433
tur,2003,5.33087015151978
tur,2004,5.30533981323242
tur,2005,5.29337978363037
tur,2006,5.24527978897095
tur,2007,5.24196004867554
tur,2008,5.21066999435425
tur,2009,5.0689902305603
tur,2010,5.11075019836426
tur,2011,5.08104991912842
tur,2012,4.96230983734131
tur,2013,4.28834009170532
tuv,2000,6.18063020706177
tuv,2001,5.69518995285034
tuv,2002,5.14636993408203
tuv,2003,5.4433798789978
tuv,2004,5.73097991943359
tuv,2005,6.08119010925293
tuv,2006,6.14554977416992
tuv,2014,5.90771007537842
tza,1970,2.87427997589111
tza,1971,2.99394011497498
tza,1972,3.18530988693237
tza,1973,3.37100005149841
tza,1974,3.60442996025085
tza,1975,4.32531976699829
tza,1976,5.02386999130249
tza,1977,5.5477499961853
tza,1978,6.88921022415161
tza,1979,7.04629993438721
tza,1980,7.07166004180908
tza,1981,7.72563982009888
tza,1982,7.36736011505127
tza,1983,7.10068988800049
tza,1984,6.12156009674072
tza,1985,5.74063014984131
tza,1986,5.51131010055542
tza,1987,5.35207986831665
tza,1988,5.20217990875244
tza,1989,5.20204019546509
tza,1990,5.24702978134155
tza,1991,5.31337976455688
tza,1992,5.29129981994629
tza,1993,5.31609010696411
tza,1994,5.20884990692139
tza,1995,5.15342998504639
tza,1996,5.08420991897583
tza,1997,5.07261991500854
tza,1998,4.89739990234375
tza,1999,4.93100023269653
tza,2000,5.01774978637695
tza,2001,5.49687004089355
tza,2002,6.51011991500854
tza,2003,6.9577898979187
tza,2004,7.32146978378296
tza,2005,7.58715009689331
tza,2006,7.71181011199951
tza,2007,7.78144979476929
tza,2008,7.83603000640869
tza,2009,7.32126998901367
tza,2010,6.99096012115479
tza,2012,6.32230997085571
tza,2013,6.0706901550293
uga,1970,3.39485001564026
uga,1971,3.56661009788513
uga,1972,3.36123991012573
uga,1974,3.48263001441956
uga,1975,3.80311989784241
uga,1976,3.85105991363525
uga,1977,4.08080005645752
uga,1978,4.17988014221191
uga,1979,4.35973978042603
uga,1980,4.16335010528564
uga,1981,4.67055988311768
uga,1982,5.30650997161865
uga,1983,4.99029016494751
uga,1984,5.38773012161255
uga,1985,5.68322992324829
uga,1986,5.87409019470215
uga,1987,5.64143991470337
uga,1988,5.78464984893799
uga,1989,5.40813016891479
uga,1990,5.47392988204956
uga,1991,5.45691013336182
uga,1992,4.98872995376587
uga,1993,5.3214898109436
uga,1994,4.99386978149414
uga,1995,5.28719997406006
uga,1996,5.31621980667114
uga,1997,8.8259801864624
uga,1998,9.20886993408203
uga,1999,9.58940029144287
uga,2000,10.0026998519897
uga,2001,10.0412998199463
uga,2002,10.2259798049927
uga,2003,10.2737798690796
uga,2004,9.56474018096924
uga,2005,9.02272033691406
uga,2006,8.85350036621094
uga,2007,8.76305961608887
uga,2008,8.93719005584717
uga,2009,8.99055004119873
uga,2010,8.72284984588623
uga,2011,8.07625007629395
uga,2013,7.83429002761841
ukr,1993,3.54392004013062
ukr,1994,3.57120990753174
ukr,1998,3.57877993583679
ukr,1999,3.50758004188538
ukr,2000,3.45953989028931
ukr,2001,3.62425994873047
ukr,2002,3.7694399356842
ukr,2003,3.80272006988525
ukr,2004,3.78919005393982
ukr,2005,4.14669990539551
ukr,2006,3.93726992607117
ukr,2007,3.87588000297546
ukr,2008,3.86018991470337
ukr,2009,3.91564011573792
ukr,2010,4.06841993331909
ukr,2011,4.22516012191772
ukr,2012,4.28980016708374
ukr,2013,4.31772994995117
ukr,2014,4.19367980957031
umc,1973,6.34385824203491
umc,1974,6.49720478057861
umc,1975,6.38680505752563
umc,1976,6.30094385147095
umc,1977,6.12520503997803
umc,1978,5.9358286857605
umc,1979,5.90444755554199
umc,1980,5.93037939071655
umc,1981,5.96795225143433
umc,1982,5.97665214538574
umc,1983,5.97328519821167
umc,1984,5.98300170898438
umc,1985,6.09899759292603
umc,1986,6.16251659393311
umc,1987,6.16043949127197
umc,1988,6.30975246429443
umc,1989,6.25105857849121
umc,1990,6.24329805374146
umc,1991,6.19512224197388
umc,1992,6.13899374008179
umc,1993,6.0553412437439
umc,1994,5.95183563232422
umc,1995,5.86191987991333
umc,1996,5.74567031860352
umc,1997,5.64952182769775
umc,1998,5.56727123260498
umc,1999,5.60920763015747
umc,2000,5.64194583892822
umc,2001,5.66736364364624
umc,2002,5.72543573379517
umc,2003,5.78625535964966
umc,2004,5.88230180740356
umc,2005,5.98120880126953
umc,2006,6.02276086807251
umc,2007,6.1281213760376
umc,2008,6.23909187316895
umc,2009,6.24120187759399
umc,2010,6.22176885604858
umc,2011,6.25789737701416
umc,2012,6.23774147033691
umc,2013,6.25176095962524
umc,2014,6.09698963165283
ury,1970,6.89462995529175
ury,1971,6.80792999267578
ury,1972,6.68233013153076
ury,1973,6.73001003265381
ury,1974,6.47228002548218
ury,1975,6.43975019454956
ury,1976,6.56092977523804
ury,1977,6.62817001342773
ury,1978,6.36700010299683
ury,1979,6.52499008178711
ury,1980,6.44366979598999
ury,1981,7.41177988052368
ury,1983,6.47059011459351
ury,1984,6.49981021881104
ury,1985,6.44188976287842
ury,1986,6.382239818573
ury,1987,6.3930401802063
ury,1988,6.42389011383057
ury,1989,6.50581979751587
ury,1990,6.55339002609253
ury,1991,6.49545001983643
ury,1992,6.53824996948242
ury,1993,6.57594013214111
ury,1994,6.5619101524353
ury,1995,6.57791996002197
ury,1996,6.59360980987549
ury,1997,6.88758993148804
ury,1998,6.82314014434814
ury,1999,6.79325008392334
ury,2000,6.65838003158569
ury,2001,6.62267017364502
ury,2002,6.72285985946655
ury,2003,6.76760005950928
ury,2004,6.8371000289917
ury,2005,6.89968013763428
ury,2006,6.98507022857666
ury,2007,6.94055986404419
ury,2008,6.91139984130859
ury,2009,6.88934993743896
ury,2010,6.80983018875122
ury,2013,6.65126991271973
usa,1981,5.85928010940552
usa,1982,6.00281000137329
usa,1983,5.97147989273071
usa,1984,5.86206007003784
usa,1985,5.85479021072388
usa,1986,5.94262981414795
usa,1987,6.05114984512329
usa,1990,6.31474018096924
usa,1991,6.31608009338379
usa,1993,6.24507999420166
usa,1994,6.18254995346069
usa,1995,6.26708984375
usa,1996,6.26910018920898
usa,1998,6.14801979064941
usa,1999,6.1225700378418
usa,2000,6.19111013412476
usa,2001,6.17807006835938
usa,2002,5.99843978881836
usa,2003,6.01315021514893
usa,2004,5.99235010147095
usa,2005,6.04584980010986
usa,2006,6.04373979568481
usa,2007,6.14603996276855
usa,2008,6.17146015167236
usa,2009,6.10434007644653
usa,2010,6.05048990249634
usa,2011,5.9728798866272
usa,2012,6.01705980300903
usa,2013,5.9935097694397
usa,2014,5.98954010009766
uzb,1981,3.35835003852844
uzb,1986,3.57025003433228
uzb,1989,3.33741998672485
uzb,1990,3.32736992835999
uzb,1991,3.34667992591858
uzb,1992,3.11785006523132
uzb,1993,3.08699989318848
uzb,1994,3.13919997215271
uzb,1995,3.1485800743103
uzb,1996,3.99870991706848
uzb,1997,3.91266989707947
uzb,1998,3.89928007125854
uzb,1999,3.93337988853455
uzb,2000,4.01617002487183
uzb,2001,4.08479976654053
uzb,2002,4.11346006393433
uzb,2003,4.08134984970093
uzb,2004,4.09877014160156
uzb,2005,4.10765981674194
uzb,2006,4.05315017700195
uzb,2007,3.99163007736206
uzb,2008,3.92475008964539
uzb,2009,3.87760996818542
uzb,2010,3.91101002693176
uzb,2011,3.92112994194031
vct,1971,9.46387958526611
vct,1972,11.4701404571533
vct,1974,7.24904012680054
vct,1975,6.89722013473511
vct,1976,7.38676977157593
vct,1982,7.43417978286743
vct,1984,8.07703971862793
vct,1986,9.00687026977539
vct,1987,8.19602012634277
vct,1991,7.98603010177612
vct,1994,8.35589981079102
vct,1998,8.77033042907715
vct,1999,8.7714900970459
vct,2000,8.47089958190918
vct,2001,8.49213981628418
vct,2002,8.19981002807617
vct,2003,8.50117015838623
vct,2004,8.16942024230957
vct,2005,8.66794967651367
vct,2007,7.81850004196167
vct,2008,7.89359998703003
vct,2009,7.67809009552002
vct,2010,7.6351900100708
vct,2011,7.083899974823
vct,2012,7.48509979248047
vct,2013,7.54947996139526
vct,2014,7.43520021438599
ven,1971,5.21218013763428
ven,1972,5.1829400062561
ven,1973,5.14444017410278
ven,1974,5.07641983032227
ven,1975,5.14666986465454
ven,1976,5.39249992370605
ven,1977,5.58575010299683
ven,1978,5.80638980865479
ven,1979,5.94820022583008
ven,1980,6.12696981430054
ven,1983,6.39838981628418
ven,1984,6.47281980514526
ven,1985,6.54015016555786
ven,1986,6.52406978607178
ven,1987,6.43114995956421
ven,1988,6.37140989303589
ven,1989,6.31934022903442
ven,1991,6.58319997787476
ven,1992,6.69484996795654
ven,1993,6.58610010147095
ven,1996,5.96113014221191
ven,1997,6.02931976318359
ven,1999,5.95702981948853
ven,2000,6.04000997543335
ven,2001,6.20373010635376
ven,2002,6.35043001174927
ven,2003,6.24529981613159
ven,2004,6.24813985824585
ven,2005,6.23031997680664
ven,2006,6.23766994476318
ven,2007,6.36350011825562
ven,2008,6.20264005661011
ven,2009,6.22491979598999
ven,2010,6.19785022735596
ven,2011,6.17821979522705
ven,2012,6.16969013214111
ven,2013,6.18673992156982
ven,2014,6.1263599395752
vnm,1976,5.49665021896362
vnm,1977,5.60916996002197
vnm,1978,5.88462018966675
vnm,1979,5.32640981674194
vnm,1980,5.6657600402832
vnm,1981,5.58320999145508
vnm,1985,5.3468599319458
vnm,1986,5.41311979293823
vnm,1991,5.33130979537964
vnm,1995,5.6910400390625
vnm,1998,5.84180021286011
vnm,1999,5.74706983566284
vnm,2000,5.56950998306274
vnm,2001,5.42015981674194
vnm,2002,5.2534499168396
vnm,2003,5.10789012908936
vnm,2004,5.05744981765747
vnm,2005,4.97954988479614
vnm,2006,4.95728015899658
vnm,2007,5.04659986495972
vnm,2009,5.15124988555908
vnm,2010,5.38516998291016
vnm,2011,5.44604015350342
vnm,2012,5.34014987945557
vnm,2013,5.44401979446411
vnm,2014,5.50167989730835
vut,1970,8.00234031677246
vut,1971,7.76846981048584
vut,1972,7.36267995834351
vut,1973,7.38536977767944
vut,1974,7.44372987747192
vut,1975,7.34144020080566
vut,1976,7.39558982849121
vut,1977,7.38446998596191
vut,1978,7.35146999359131
vut,1979,7.44931983947754
vut,1980,7.30177021026611
vut,1981,7.28170013427734
vut,1989,6.57996988296509
vut,1990,5.8993501663208
vut,1991,5.91901016235352
vut,1992,6.06859016418457
vut,1993,6.77005004882813
vut,1994,6.70700979232788
vut,1997,6.78906011581421
vut,1998,7.25650978088379
vut,1999,7.26188993453979
vut,2000,7.4255199432373
vut,2001,7.42500019073486
vut,2002,7.44783020019531
vut,2003,7.68867015838623
vut,2004,7.48566007614136
vut,2005,7.25274991989136
vut,2006,6.89583015441895
vut,2007,6.99609994888306
vut,2008,6.99251985549927
vut,2009,6.95916986465454
vut,2010,7.4346399307251
vut,2013,7.73135995864868
wld,1970,5.2777886390686
wld,1971,5.27896976470947
wld,1972,5.3276252746582
wld,1973,5.49094915390015
wld,1974,5.56710290908813
wld,1975,5.54551267623901
wld,1976,5.52119493484497
wld,1977,5.49031114578247
wld,1978,5.41634178161621
wld,1979,5.43157196044922
wld,1980,5.4933500289917
wld,1981,5.55090618133545
wld,1982,5.5770320892334
wld,1983,5.5955696105957
wld,1984,5.59342479705811
wld,1985,5.59719038009644
wld,1986,5.61030864715576
wld,1987,5.56372690200806
wld,1988,5.64260101318359
wld,1989,5.63603782653809
wld,1990,5.58838653564453
wld,1991,5.57063245773315
wld,1992,5.53188562393188
wld,1993,5.52001714706421
wld,1994,5.50618743896484
wld,1995,5.47930574417114
wld,1996,5.44014978408813
wld,1997,5.4272255897522
wld,1998,5.40872430801392
wld,1999,5.4352855682373
wld,2000,5.48060417175293
wld,2001,5.48774862289429
wld,2002,5.55259418487549
wld,2003,5.63967084884644
wld,2004,5.73541688919067
wld,2005,5.82503080368042
wld,2006,5.86312770843506
wld,2007,5.92272710800171
wld,2008,5.95041847229004
wld,2009,5.94480657577515
wld,2010,5.94420289993286
wld,2011,5.95257520675659
wld,2012,5.97204828262329
wld,2013,5.93001079559326
wld,2014,5.89615726470947
wsm,1970,5.04231977462769
wsm,1971,5.23084020614624
wsm,1972,5.05879020690918
wsm,1973,5.38181018829346
wsm,1975,5.23315000534058
wsm,1976,5.62568998336792
wsm,1977,5.79383993148804
wsm,1978,5.87142992019653
wsm,1979,5.95254993438721
wsm,1980,5.89809989929199
wsm,1981,5.78938007354736
wsm,1982,5.66937017440796
wsm,1983,5.71861982345581
wsm,1986,5.80901002883911
wsm,1994,5.93093013763428
wsm,1995,5.92768001556396
wsm,1996,5.89422988891602
wsm,1997,5.88014984130859
wsm,1998,5.8014497756958
wsm,1999,5.81312990188599
wsm,2000,5.80911016464233
wsm,2001,6.02701997756958
wsm,2002,6.2617301940918
wsm,2003,6.42859983444214
wsm,2004,6.50701999664307
wsm,2005,6.53982019424438
wsm,2006,6.50783014297485
wsm,2007,6.49484014511108
wsm,2009,6.50709009170532
wsm,2010,6.71826982498169
wsm,2011,6.42596006393433
wsm,2012,6.36870002746582
wsm,2014,6.42749977111816
yem,1999,5.76977014541626
yem,2001,5.64810991287231
yem,2002,5.66955995559692
yem,2003,5.91057014465332
yem,2004,6.06117010116577
yem,2005,6.10051012039185
yem,2008,5.93274021148682
yem,2010,6.01597023010254
yem,2011,6.33175992965698
yem,2012,6.23162984848022
yem,2013,6.41318988800049
zaf,1970,7.18168020248413
zaf,1986,5.52356004714966
zaf,1987,5.6503701210022
zaf,1988,5.7084698677063
zaf,1989,7.4459400177002
zaf,1990,7.510009765625
zaf,1991,7.78909015655518
zaf,1994,8.34652996063232
zaf,1995,8.42203044891357
zaf,1997,8.04615020751953
zaf,1998,8.04065036773682
zaf,1999,7.8902702331543
zaf,2000,7.38404989242554
zaf,2001,7.23132991790771
zaf,2002,7.16626977920532
zaf,2003,7.08090019226074
zaf,2004,6.96016979217529
zaf,2005,6.75937986373901
zaf,2006,6.59696006774902
zaf,2007,6.57128000259399
zaf,2008,6.50967979431152
zaf,2009,6.50469017028809
zaf,2010,6.54860019683838
zaf,2011,6.6734299659729
zaf,2012,6.88360977172852
zaf,2013,7.03281021118164
zaf,2014,7.15094995498657
zmb,1970,6.92270994186401
zmb,1971,6.94881010055542
zmb,1972,7.32503986358643
zmb,1973,7.08407020568848
zmb,1974,7.18695020675659
zmb,1975,7.00062990188599
zmb,1976,7.24617004394531
zmb,1977,7.13255977630615
zmb,1978,7.02323007583618
zmb,1979,6.97071981430054
zmb,1980,7.02018022537231
zmb,1981,6.9202299118042
zmb,1982,6.97690010070801
zmb,1983,7.16952991485596
zmb,1984,7.34895992279053
zmb,1985,7.22944021224976
zmb,1986,7.39580011367798
zmb,1988,7.14286994934082
zmb,1994,6.39679002761841
zmb,1995,6.21971988677979
zmb,1996,5.90666007995605
zmb,1998,5.88808012008667
zmb,1999,5.74908018112183
zmb,2000,5.71239995956421
zmb,2001,5.70700979232788
zmb,2002,5.96444988250732
zmb,2004,7.36478996276855
zmb,2005,8.23198986053467
zmb,2006,8.24330997467041
zmb,2007,8.40993022918701
zmb,2008,8.47636032104492
zmb,2009,7.97991991043091
zmb,2010,7.80715990066528
zmb,2011,7.95670986175537
zmb,2012,7.88651990890503
zmb,2013,7.46399021148682
zwe,1970,5.5567798614502
zwe,1971,5.04005002975464
zwe,1972,5.27227020263672
zwe,1973,5.30854988098145
zwe,1974,5.39442014694214
zwe,1975,5.37192010879517
zwe,1976,5.29860019683838
zwe,1977,5.13401985168457
zwe,1978,4.59706020355225
zwe,1979,4.46822023391724
zwe,1981,8.31653022766113
zwe,1982,8.94561004638672
zwe,1983,9.1292200088501
zwe,1984,9.34809017181396
zwe,1985,9.07732963562012
zwe,1986,9.05965995788574
zwe,1987,8.09486961364746
zwe,1988,7.64604997634888
zwe,1989,7.4415397644043
zwe,1990,6.84970998764038
zwe,1991,7.27447986602783
zwe,1992,7.06340980529785
zwe,1995,7.36134004592896
zwe,1996,7.31371021270752
zwe,1998,7.24385976791382
zwe,1999,7.1449499130249
zwe,2000,7.14233016967773
zwe,2001,7.3297700881958
zwe,2002,6.91322994232178
zwe,2003,6.80037021636963
zwe,2012,7.37556982040405
zwe,2013,7.23668003082275
