country,year,uis_sle_123
abw,1999,11.8920602798462
abw,2000,11.6522102355957
abw,2001,11.6410903930664
abw,2002,11.8498697280884
abw,2003,11.6776304244995
abw,2004,11.6606502532959
abw,2005,11.594090461731
abw,2006,11.8524103164673
abw,2007,12.1674203872681
abw,2008,11.630729675293
abw,2009,11.7743501663208
abw,2010,11.5780000686646
abw,2011,11.2100296020508
abw,2012,11.802490234375
afg,1970,2.38039994239807
afg,1971,2.49363994598389
afg,1972,2.57136011123657
afg,1973,2.62232995033264
afg,1974,2.75903010368347
afg,1975,2.66143989562988
afg,1976,2.77371001243591
afg,1977,2.87399005889893
afg,1978,3.00447988510132
afg,1980,3.70299005508423
afg,1981,4.08771991729736
afg,1982,1.70729994773865
afg,1984,2.11980009078979
afg,1985,2.28949999809265
afg,1986,2.34799003601074
afg,1988,2.82259011268616
afg,1989,2.65175008773804
afg,1990,2.47884011268616
afg,1991,2.69942998886108
afg,1993,2.89337992668152
afg,1994,3.97699999809265
afg,1995,4.12856006622314
afg,2001,2.115070104599
afg,2003,6.75393009185791
afg,2004,7.79551982879639
afg,2005,7.43730020523071
afg,2006,8.26486968994141
afg,2007,8.26109027862549
afg,2008,8.80062961578369
afg,2009,8.93747997283936
afg,2010,9.52606964111328
afg,2011,9.44554996490479
afg,2012,9.93634986877441
afg,2013,10.0951299667358
afg,2014,10.1015596389771
ago,1971,2.723140001297
ago,1972,3.02113008499146
ago,1973,3.13148999214172
ago,1980,6.69283008575439
ago,1981,6.17234992980957
ago,1982,6.22594022750854
ago,1983,5.52027988433838
ago,1984,4.53730010986328
ago,1985,3.64549994468689
ago,1986,3.97960996627808
ago,1987,3.98305988311768
ago,1988,3.8470299243927
ago,1989,3.95135998725891
ago,1990,3.75254011154175
ago,1991,3.53754997253418
ago,1992,3.52029991149902
ago,1998,4.17647981643677
ago,2008,8.73425006866455
ago,2009,8.78413963317871
ago,2010,9.18216991424561
ago,2011,9.85387992858887
alb,1976,11.5721702575684
alb,1978,11.5209703445435
alb,1979,11.5494003295898
alb,1980,11.5173797607422
alb,1981,11.4985704421997
alb,1982,11.1117696762085
alb,1983,10.6716403961182
alb,1984,10.7308597564697
alb,1985,10.9838895797729
alb,1986,11.2312097549438
alb,1987,11.1048898696899
alb,1988,11.0945796966553
alb,1989,11.1076498031616
alb,1990,11.2137603759766
alb,1991,11.3536500930786
alb,1992,10.232569694519
alb,1993,9.6017599105835
alb,1994,9.59640026092529
alb,1995,9.69589996337891
alb,1996,9.72404003143311
alb,1997,9.91635036468506
alb,1998,10.0417499542236
alb,1999,9.99964046478271
alb,2000,9.8643102645874
alb,2001,9.9385404586792
alb,2002,9.90260028839111
alb,2003,9.98233985900879
alb,2004,9.84523963928223
alb,2005,10.2098598480225
alb,2006,10.2202196121216
alb,2007,10.4661903381348
alb,2008,10.6282501220703
alb,2009,10.784779548645
alb,2010,11.0593395233154
alb,2011,11.3574695587158
alb,2012,11.6544904708862
alb,2013,12.0054998397827
alb,2014,12.2414999008179
and,1975,6.24601984024048
and,1983,9.17617988586426
arb,1970,5.54028797149658
arb,1971,5.54762554168701
arb,1972,5.68905544281006
arb,1973,5.84832763671875
arb,1974,5.935875415802
arb,1975,6.12665128707886
arb,1976,6.35091114044189
arb,1977,6.52850580215454
arb,1978,6.66918706893921
arb,1979,6.86741161346436
arb,1980,7.00544309616089
arb,1981,7.09094190597534
arb,1982,7.23138618469238
arb,1983,7.35676717758179
arb,1984,7.48034381866455
arb,1985,7.60970067977905
arb,1986,7.76706314086914
arb,1987,7.90401363372803
arb,1988,7.96757745742798
arb,1989,7.93220520019531
arb,1990,7.92705345153809
arb,1991,7.97761726379395
arb,1992,7.75035381317139
arb,1993,7.81613397598267
arb,1994,8.08971500396729
arb,1995,7.98572540283203
arb,1996,8.09278011322021
arb,1997,8.18885707855225
arb,1998,8.29426860809326
arb,1999,8.44486141204834
arb,2000,8.52488994598389
arb,2001,8.64576816558838
arb,2002,8.77496719360352
arb,2003,8.92636966705322
arb,2004,9.06730937957764
arb,2005,9.32240962982178
arb,2006,9.38417148590088
arb,2007,9.43063354492188
arb,2008,9.51858043670654
arb,2009,9.580810546875
arb,2010,9.70128726959229
arb,2011,9.87264919281006
arb,2012,10.0567445755005
arb,2013,9.9417085647583
arb,2014,9.94467639923096
are,1971,5.89632987976074
are,1972,6.3507399559021
are,1973,6.45542001724243
are,1974,6.23021984100342
are,1975,6.36718988418579
are,1976,7.47400999069214
are,1977,7.82857990264893
are,1978,8.01288032531738
are,1979,7.877610206604
are,1980,8.39433002471924
are,1981,8.75137042999268
are,1982,9.16279029846191
are,1983,8.98795032501221
are,1984,9.28242969512939
are,1985,9.42759037017822
are,1986,9.55253028869629
are,1987,9.4937801361084
are,1988,9.64000034332275
are,1989,9.93601036071777
are,1990,10.3415603637695
are,1991,10.6945104598999
are,1992,10.5577898025513
are,1993,10.619589805603
are,1994,10.9603204727173
are,1995,11.2523498535156
are,1997,10.7857303619385
are,1998,10.6244297027588
are,1999,10.6308898925781
arg,1970,9.6399097442627
arg,1971,9.72280025482178
arg,1972,9.77826976776123
arg,1973,9.86643028259277
arg,1974,10.0812101364136
arg,1975,10.1513004302979
arg,1976,10.1812896728516
arg,1977,10.2498302459717
arg,1978,10.2260503768921
arg,1979,10.2545604705811
arg,1980,10.3049297332764
arg,1981,10.4142303466797
arg,1982,10.5059700012207
arg,1984,10.6503400802612
arg,1985,10.8933095932007
arg,1986,10.9354496002197
arg,1987,11.0726804733276
arg,1988,11.0140495300293
arg,1990,11.016900062561
arg,1991,11.2962598800659
arg,1994,11.2725496292114
arg,1996,11.7145099639893
arg,1997,11.351490020752
arg,1998,11.6758403778076
arg,1999,12.6487503051758
arg,2000,12.9494199752808
arg,2001,13.0594596862793
arg,2002,13.0521898269653
arg,2003,12.8610401153564
arg,2004,12.9156198501587
arg,2005,12.7636804580688
arg,2006,12.8083600997925
arg,2007,12.8507404327393
arg,2008,12.9427499771118
arg,2009,13.0834102630615
arg,2010,13.1687803268433
arg,2011,13.1535501480103
arg,2012,13.1368598937988
arg,2013,13.0592603683472
arm,1991,9.46617984771729
arm,1992,9.36398029327393
arm,1993,9.61341953277588
arm,1994,9.49254989624023
arm,1996,9.16590023040771
arm,1997,9.25965023040771
arm,1998,9.42718029022217
arm,1999,9.50051975250244
arm,2000,9.30828952789307
arm,2001,9.166259765625
arm,2004,9.04959011077881
arm,2005,9.30329990386963
arm,2006,9.61203002929688
arm,2007,9.99188041687012
arm,2008,9.59409999847412
arm,2009,9.83759021759033
atg,1972,11.3508396148682
atg,1974,10.6511297225952
atg,1975,10.1272001266479
atg,1976,10.5244598388672
atg,1977,10.3223896026611
atg,1978,9.14560031890869
atg,1992,13.0083599090576
atg,2000,12.6341896057129
atg,2007,12.4330101013184
atg,2008,12.8667898178101
atg,2009,12.667010307312
atg,2010,12.5860795974731
atg,2011,12.372389793396
atg,2012,12.1048603057861
atg,2014,11.9072704315186
aus,1993,14.0867004394531
aus,1994,13.9904003143311
aus,1995,15.313570022583
aus,1996,15.6271295547485
aus,1997,16.183629989624
aus,1998,15.9936199188232
aus,1999,16.4780693054199
aus,2000,16.7870502471924
aus,2001,16.3168106079102
aus,2002,16.2666893005371
aus,2003,16.4618492126465
aus,2004,16.184700012207
aus,2005,16.115270614624
aus,2006,14.8824195861816
aus,2007,14.8975400924683
aus,2008,14.9110298156738
aus,2009,14.969630241394
aus,2010,15.0429000854492
aus,2011,15.1358404159546
aus,2012,15.2763700485229
aus,2013,15.3715000152588
aut,1971,11.2044496536255
aut,1976,11.210470199585
aut,1981,11.2606897354126
aut,1982,11.2002601623535
aut,1983,11.2662000656128
aut,1984,11.2566900253296
aut,1985,11.383620262146
aut,1986,11.7505798339844
aut,1987,11.8871297836304
aut,1988,12.0550098419189
aut,1989,12.3451099395752
aut,1990,12.3279695510864
aut,1991,12.4111099243164
aut,1992,12.5626697540283
aut,1993,12.4487104415894
aut,1994,12.6634101867676
aut,1995,12.641900062561
aut,1996,12.5679998397827
aut,1997,12.5415802001953
aut,1998,11.9820995330811
aut,1999,12.0387001037598
aut,2000,12.0600996017456
aut,2001,12.0570497512817
aut,2002,11.9582099914551
aut,2003,11.9397497177124
aut,2004,11.9376096725464
aut,2005,11.9916095733643
aut,2006,12.0085802078247
aut,2007,11.95631980896
aut,2008,11.890700340271
aut,2009,11.8759002685547
aut,2010,11.7845697402954
aut,2011,11.7246503829956
aut,2012,11.7086095809937
aut,2013,11.8039703369141
aut,2014,11.8520603179932
aze,1981,10.0689001083374
aze,1986,10.3396501541138
aze,1989,9.83596038818359
aze,1990,9.51718044281006
aze,1991,9.37738037109375
aze,1992,9.41065979003906
aze,1993,9.3636999130249
aze,1994,9.20075988769531
aze,1995,9.10081958770752
aze,1996,8.88370990753174
aze,1997,8.85783958435059
aze,2006,10.4215602874756
aze,2007,10.4066801071167
aze,2008,10.4798097610474
aze,2009,10.5578002929688
aze,2010,10.480299949646
aze,2011,10.5686197280884
aze,2012,10.708740234375
aze,2013,10.9244403839111
aze,2014,11.2501096725464
bdi,1971,2.09648990631104
bdi,1972,2.03472995758057
bdi,1973,1.53795003890991
bdi,1974,1.41971004009247
bdi,1975,1.46019995212555
bdi,1976,1.4710099697113
bdi,1977,1.47827994823456
bdi,1978,1.61177003383636
bdi,1979,1.61566996574402
bdi,1980,1.77486002445221
bdi,1981,1.94525003433228
bdi,1982,2.2396399974823
bdi,1983,2.66894006729126
bdi,1984,2.99827003479004
bdi,1985,3.30318999290466
bdi,1986,3.58732008934021
bdi,1987,4.0298900604248
bdi,1988,4.51809978485107
bdi,1989,4.37827014923096
bdi,1990,4.40486001968384
bdi,1991,4.52730989456177
bdi,1992,4.3438401222229
bdi,1993,4.62889003753662
bdi,2001,4.32505989074707
bdi,2002,4.65396022796631
bdi,2003,5.05121994018555
bdi,2004,5.48046016693115
bdi,2005,5.78750991821289
bdi,2006,7.12462997436523
bdi,2007,7.77613019943237
bdi,2009,9.17002964019775
bdi,2010,9.73742961883545
bdi,2011,10.1784296035767
bdi,2012,10.2728395462036
bdi,2013,10.427020072937
bdi,2014,10.6469402313232
bel,1971,11.3079395294189
bel,1972,11.3503704071045
bel,1973,11.0390996932983
bel,1974,11.2238597869873
bel,1975,11.2276802062988
bel,1976,11.293740272522
bel,1977,11.4007596969604
bel,1978,11.596960067749
bel,1979,11.6317701339722
bel,1980,11.7015600204468
bel,1981,11.7471904754639
bel,1982,11.8194198608398
bel,1983,11.6397104263306
bel,1984,11.7539701461792
bel,1985,11.8535499572754
bel,1986,11.9740400314331
bel,1987,12.0602598190308
bel,1988,12.182430267334
bel,1989,12.227840423584
bel,1990,12.2037000656128
bel,1991,12.1557102203369
bel,1992,12.1100902557373
bel,1993,14.3273401260376
bel,1994,14.4595603942871
bel,1995,14.5770702362061
bel,1996,14.7575101852417
bel,1999,14.7043399810791
bel,2000,14.9738798141479
bel,2001,15.4832201004028
bel,2002,15.31715965271
bel,2003,15.4859304428101
bel,2004,12.513090133667
bel,2005,12.5370197296143
bel,2006,12.607629776001
bel,2007,12.6254100799561
bel,2008,12.5823497772217
bel,2009,12.5415897369385
bel,2010,12.5358896255493
bel,2011,12.5778398513794
bel,2012,12.5923700332642
bel,2013,15.6051998138428
bel,2014,15.7974996566772
ben,1971,2.3707799911499
ben,1972,2.60617995262146
ben,1973,2.91388988494873
ben,1974,2.8598198890686
ben,1975,3.32622003555298
ben,1976,3.45542001724243
ben,1977,3.61455011367798
ben,1978,3.72386002540588
ben,1979,4.13585996627808
ben,1980,4.32217979431152
ben,1981,4.65520000457764
ben,1982,5.11694002151489
ben,1983,5.40019989013672
ben,1984,5.40420007705688
ben,1985,5.30823993682861
ben,1986,4.99497985839844
ben,1987,4.81990003585815
ben,1999,6.21122980117798
ben,2000,6.44926977157593
ben,2001,7.05386018753052
ben,2002,7.48266983032227
ben,2003,7.84221982955933
ben,2004,8.20777034759521
ben,2005,8.43764019012451
ben,2011,10.4517698287964
ben,2013,11.2716197967529
ben,2014,11.2987003326416
bfa,1971,0.824240028858185
bfa,1972,0.857200026512146
bfa,1973,0.881160020828247
bfa,1974,0.925530016422272
bfa,1975,0.966350018978119
bfa,1976,0.998830020427704
bfa,1977,1.04592001438141
bfa,1978,1.09326004981995
bfa,1979,1.14587998390198
bfa,1980,1.22420001029968
bfa,1981,1.30787003040314
bfa,1982,1.42402005195618
bfa,1983,1.53698003292084
bfa,1984,1.64601004123688
bfa,1985,1.82669997215271
bfa,1986,2.01144003868103
bfa,1987,2.18438005447388
bfa,1988,2.26618003845215
bfa,1989,2.40145993232727
bfa,1990,2.4339599609375
bfa,1991,2.55667996406555
bfa,1992,2.61969995498657
bfa,1993,2.7122700214386
bfa,1994,2.83643007278442
bfa,1999,3.38954997062683
bfa,2000,3.43688988685608
bfa,2001,3.54064011573792
bfa,2003,3.83418011665344
bfa,2004,4.11526012420654
bfa,2005,4.48553991317749
bfa,2006,4.73015022277832
bfa,2007,5.15198993682861
bfa,2008,5.69499015808105
bfa,2009,6.08702993392944
bfa,2010,6.49583005905151
bfa,2011,6.83747005462646
bfa,2012,7.13067007064819
bfa,2013,7.37847995758057
bfa,2014,7.54626989364624
bgd,1973,5.14309978485107
bgd,1976,5.12884998321533
bgd,1977,4.85856008529663
bgd,1979,4.7546501159668
bgd,1980,4.82285976409912
bgd,1981,4.57232999801636
bgd,1983,4.92505979537964
bgd,1984,4.89230012893677
bgd,1985,4.77031993865967
bgd,1986,4.72476005554199
bgd,1987,4.70714998245239
bgd,1988,5.26445007324219
bgd,1989,5.25234985351563
bgd,1990,5.44983005523682
bgd,2005,8.09313011169434
bgd,2006,8.17107009887695
bgd,2007,8.18597984313965
bgd,2008,7.95067977905273
bgd,2009,8.37154006958008
bgd,2010,8.61983013153076
bgd,2011,9.14083003997803
bgr,1971,10.5652503967285
bgr,1972,10.5285301208496
bgr,1973,10.5239601135254
bgr,1974,10.5390701293945
bgr,1975,10.5321502685547
bgr,1976,10.2757701873779
bgr,1977,10.559760093689
bgr,1978,10.569109916687
bgr,1979,10.4120798110962
bgr,1980,10.3442497253418
bgr,1981,10.3564500808716
bgr,1982,10.5321502685547
bgr,1983,10.6480798721313
bgr,1984,10.749340057373
bgr,1985,10.8790302276611
bgr,1986,11.1393098831177
bgr,1987,11.2585496902466
bgr,1988,11.2914800643921
bgr,1989,11.3114204406738
bgr,1990,10.7991695404053
bgr,1991,10.6510896682739
bgr,1992,10.4939403533936
bgr,1993,10.2995195388794
bgr,1994,10.1248798370361
bgr,1995,10.3034400939941
bgr,1996,10.5857400894165
bgr,1997,10.5822696685791
bgr,1998,10.5662899017334
bgr,1999,10.5747203826904
bgr,2000,10.630410194397
bgr,2001,10.754150390625
bgr,2002,10.8473596572876
bgr,2003,11.1903095245361
bgr,2004,11.3505001068115
bgr,2005,11.2748804092407
bgr,2006,11.2283897399902
bgr,2007,11.3162403106689
bgr,2008,11.2638502120972
bgr,2009,11.2127895355225
bgr,2010,11.2984600067139
bgr,2011,11.3937301635742
bgr,2012,11.3275098800659
bgr,2013,11.6477298736572
bgr,2014,11.7454795837402
bhr,1971,9.32011985778809
bhr,1972,9.32859039306641
bhr,1973,9.43758964538574
bhr,1974,9.64072036743164
bhr,1975,9.96366024017334
bhr,1976,9.92080974578857
bhr,1977,9.81851959228516
bhr,1978,9.89628028869629
bhr,1979,10.068039894104
bhr,1980,10.2042303085327
bhr,1981,10.3959302902222
bhr,1982,10.7606201171875
bhr,1983,11.5740203857422
bhr,1984,11.9383296966553
bhr,1985,12.4310998916626
bhr,1986,12.8464498519897
bhr,1987,12.5769195556641
bhr,1988,12.4105701446533
bhr,1989,12.3436403274536
bhr,1990,11.8363103866577
bhr,1991,12.7421798706055
bhr,1992,12.4727201461792
bhr,1993,12.6351203918457
bhr,1994,12.7751302719116
bhr,1995,12.8794898986816
bhr,1996,12.7292203903198
bhr,1997,12.3535404205322
bhr,1998,12.2359504699707
bhr,1999,12.0873003005981
bhs,1971,11.4883804321289
bhs,1972,11.3688297271729
bhs,1973,11.1256904602051
bhs,1974,11.8238296508789
bhs,1975,12.5014095306396
bhs,1976,12.5694904327393
bhs,1980,11.8365898132324
bhs,1981,11.562159538269
bhs,1982,11.3965101242065
bhs,1983,11.4091501235962
bhs,1984,11.429479598999
bhs,1985,11.4948596954346
bhs,1986,11.57310962677
bhs,1990,11.0378799438477
bhs,1991,10.9319896697998
bhs,1992,11.4498500823975
bhs,1993,11.4951400756836
bhs,1994,11.0651302337646
bhs,1995,10.9622898101807
bhs,1997,10.8608102798462
bhs,1999,10.5120801925659
bhs,2002,11.1646003723145
bhs,2004,11.3939304351807
bhs,2005,11.8704996109009
bhs,2006,11.9190702438354
bhs,2007,12.308349609375
bhs,2008,12.263970375061
bhs,2009,11.9293804168701
bhs,2010,11.9088497161865
bih,2011,11.9050703048706
bih,2012,12.1579599380493
bih,2013,12.2680196762085
bih,2014,12.166130065918
blr,1971,9.42821025848389
blr,1972,9.42018032073975
blr,1973,9.44192028045654
blr,1974,9.48064994812012
blr,1975,9.47937965393066
blr,1976,9.49050998687744
blr,1977,9.56344985961914
blr,1978,9.65554046630859
blr,1979,9.75512981414795
blr,1980,9.92807960510254
blr,1981,10.0503396987915
blr,1982,10.1319599151611
blr,1983,10.1970300674438
blr,1984,10.2607002258301
blr,1985,10.3152103424072
blr,1986,10.3691501617432
blr,1987,10.6247100830078
blr,1988,10.5981798171997
blr,1989,10.5167598724365
blr,1990,10.4391498565674
blr,1991,10.3393001556396
blr,1992,10.2675399780273
blr,1993,10.266300201416
blr,1994,10.3237104415894
blr,1995,10.4129400253296
blr,1996,10.5901002883911
blr,1997,10.624719619751
blr,1998,10.1095199584961
blr,2008,11.6213302612305
blr,2009,11.5955095291138
blr,2010,11.4233102798462
blr,2011,11.3259696960449
blr,2012,11.327260017395
blr,2013,11.2744197845459
blr,2014,11.4005098342896
blz,1980,9.80877017974854
blz,1981,9.59006023406982
blz,1982,9.60293006896973
blz,1986,10.2211999893188
blz,1987,10.4707803726196
blz,1991,10.5297203063965
blz,1994,11.1741104125977
blz,1995,11.2136697769165
blz,1999,11.0880298614502
blz,2000,11.1563100814819
blz,2001,11.1311702728271
blz,2003,11.4061899185181
blz,2004,11.5520896911621
blz,2005,11.5088596343994
blz,2006,11.5545301437378
blz,2007,11.4239101409912
blz,2008,11.318920135498
blz,2009,11.3220701217651
blz,2010,11.3397397994995
blz,2011,11.2940702438354
blz,2012,11.5679502487183
blz,2013,11.5598297119141
blz,2014,11.5157499313354
bmu,1971,11.1333103179932
bmu,1972,10.9215097427368
bmu,1973,10.9970598220825
bmu,1974,10.7856702804565
bmu,1975,10.9211196899414
bmu,1976,11.2193202972412
bmu,1977,11.8528900146484
bmu,1978,11.8969297409058
bmu,1979,11.5542297363281
bmu,1980,11.9057302474976
bmu,2001,11.6194295883179
bmu,2002,11.5557498931885
bmu,2003,11.6193599700928
bmu,2004,11.7202701568604
bmu,2005,11.6290903091431
bmu,2006,11.2618198394775
bmu,2010,11.0571298599243
bmu,2011,10.7919597625732
bmu,2012,10.5305700302124
bmu,2013,10.3844804763794
bmu,2014,10.3321304321289
bol,1970,6.62949991226196
bol,1971,6.73666000366211
bol,1972,7.01162004470825
bol,1973,7.21687984466553
bol,1975,7.95285987854004
bol,1998,11.1888399124146
bol,1999,11.767749786377
bol,2000,12.0563297271729
bol,2001,12.1922397613525
bol,2002,12.6245698928833
bol,2003,12.6745100021362
bol,2006,12.0989904403687
bol,2007,12.0362501144409
bol,2008,11.9554796218872
bra,2002,13.7045202255249
bra,2003,12.845419883728
bra,2004,12.637809753418
bra,2005,12.4904003143311
bra,2007,11.8558502197266
bra,2008,12.1244401931763
bra,2009,12.071590423584
bra,2011,11.9804801940918
bra,2012,11.8958196640015
bra,2013,12.6297101974487
brb,1971,11.8896799087524
brb,1972,10.7769403457642
brb,1973,10.8553199768066
brb,1974,10.4887104034424
brb,1975,11.1563396453857
brb,1976,11.2165098190308
brb,1977,11.6343402862549
brb,1978,12.0838203430176
brb,1979,12.031379699707
brb,1980,11.4385004043579
brb,1981,11.1894102096558
brb,1982,11.0748500823975
brb,1983,11.2072296142578
brb,1984,11.6470098495483
brb,1985,12.0100002288818
brb,1989,12.3650197982788
brb,1990,11.9691495895386
brb,1999,11.4832801818848
brb,2000,11.2139596939087
brb,2001,11.1232204437256
brb,2002,11.0125703811646
brb,2003,11.0664100646973
brb,2004,11.0895900726318
brb,2005,11.2124795913696
brb,2006,11.1986198425293
brb,2007,11.257550239563
brb,2008,11.2977895736694
brb,2009,11.183910369873
brb,2010,11.0639295578003
brb,2011,11.0745801925659
brb,2014,11.0852603912354
brn,1970,11.5236301422119
brn,1971,11.8249797821045
brn,1972,12.0214595794678
brn,1973,11.8676795959473
brn,1974,11.7635898590088
brn,1975,11.6190004348755
brn,1976,11.6956396102905
brn,1977,11.7582998275757
brn,1978,11.7211799621582
brn,1979,10.9484796524048
brn,1980,10.9710702896118
brn,1981,11.1644401550293
brn,1982,11.1481599807739
brn,1983,11.3632202148438
brn,1984,11.4227304458618
brn,1985,10.8912200927734
brn,1986,11.3746404647827
brn,1991,12.1445503234863
brn,1992,12.1888799667358
brn,1993,12.3987903594971
brn,1994,12.4951601028442
brn,1998,12.5811796188354
brn,1999,12.7789697647095
brn,2000,12.7132196426392
brn,2001,12.5673503875732
brn,2002,12.6981601715088
brn,2003,13.0084600448608
brn,2004,13.3403196334839
brn,2005,13.5327997207642
brn,2006,13.5844097137451
brn,2007,13.4158897399902
brn,2008,13.2706699371338
brn,2009,13.3358001708984
brn,2010,13.3431100845337
brn,2011,13.4835796356201
brn,2012,13.792329788208
brn,2013,13.7625102996826
brn,2014,13.3813600540161
btn,1970,1.32839000225067
btn,1971,1.34370005130768
btn,1972,1.45843994617462
btn,1974,1.75063002109528
btn,1977,2.16496992111206
btn,1982,3.71928000450134
btn,1983,4.00707006454468
btn,1984,4.15291976928711
btn,1985,4.11581993103027
btn,1998,6.8146800994873
btn,1999,7.1140398979187
btn,2000,7.48557996749878
btn,2001,7.82972002029419
btn,2005,9.32861995697021
btn,2006,9.70417022705078
btn,2007,10.2083702087402
btn,2008,10.5365600585938
btn,2009,11.1157302856445
btn,2010,11.5465402603149
btn,2011,11.854700088501
btn,2012,12.0956897735596
btn,2013,11.9431600570679
btn,2014,12.1833400726318
bwa,1970,4.64660978317261
bwa,1971,4.34638023376465
bwa,1972,4.41761016845703
bwa,1973,5.10203981399536
bwa,1974,5.37753009796143
bwa,1975,5.83643007278442
bwa,1976,6.13146018981934
bwa,1977,6.49748992919922
bwa,1978,6.69043016433716
bwa,1979,6.94586992263794
bwa,1980,7.34126996994019
bwa,1981,7.41706991195679
bwa,1983,7.72212982177734
bwa,1984,8.09313011169434
bwa,1985,8.46627998352051
bwa,1986,8.68986988067627
bwa,1987,8.86596965789795
bwa,1988,8.93420028686523
bwa,1989,9.35044002532959
bwa,1990,9.50321960449219
bwa,1991,10.0884304046631
bwa,1992,9.90816974639893
bwa,1993,10.0359697341919
bwa,1994,9.94077968597412
bwa,1995,10.3715200424194
bwa,1998,10.9656295776367
bwa,1999,11.1364002227783
bwa,2000,11.1928100585938
bwa,2001,11.2209100723267
bwa,2002,11.3820600509644
bwa,2003,11.3922004699707
bwa,2004,11.3875904083252
bwa,2005,11.4303798675537
bwa,2006,11.5676603317261
bwa,2007,11.5451602935791
bwa,2012,11.7137298583984
bwa,2013,11.8218097686768
caf,1971,4.30968999862671
caf,1972,4.28724002838135
caf,1973,4.59015989303589
caf,1974,4.52931022644043
caf,1975,4.76186990737915
caf,1976,4.83298015594482
caf,1977,5.20293998718262
caf,1978,5.33279991149902
caf,1979,5.00407981872559
caf,1980,5.04301023483276
caf,1981,5.22310018539429
caf,1982,5.55713987350464
caf,1983,5.51411008834839
caf,1985,5.69436979293823
caf,1986,5.8065299987793
caf,1987,4.92035007476807
caf,1988,4.97636985778809
caf,1989,4.92018985748291
caf,1990,5.16029977798462
caf,1991,4.81282997131348
caf,1992,4.08732986450195
caf,2001,5.49955987930298
caf,2002,4.95062017440796
caf,2009,6.46088981628418
caf,2011,6.94518995285034
caf,2012,6.95615005493164
can,1971,11.9044704437256
can,1972,11.7517900466919
can,1973,11.534649848938
can,1974,11.3304901123047
can,1975,11.3528900146484
can,1976,11.3100004196167
can,1977,11.3210897445679
can,1978,11.292989730835
can,1979,11.2294597625732
can,1980,11.1842002868652
can,1981,11.2167797088623
can,1982,11.7895402908325
can,1983,11.8964900970459
can,1984,12.0298204421997
can,1985,12.0648403167725
can,1986,12.0882701873779
can,1987,12.0911598205566
can,1988,12.1204900741577
can,1989,12.1536903381348
can,1990,12.1654996871948
can,1991,12.2692203521729
can,1992,12.3043403625488
can,1993,12.3632001876831
can,1994,12.3895797729492
can,1995,12.3515701293945
can,1996,12.4336500167847
can,1998,12.2667198181152
can,1999,12.1034698486328
can,2000,12.1110496520996
can,2005,11.8867597579956
can,2006,12.0033903121948
can,2007,12.027850151062
can,2008,12.006609916687
can,2009,12.0990104675293
can,2010,12.0652103424072
can,2011,12.1023998260498
can,2012,12.5214796066284
can,2013,12.6305799484253
che,1978,11.4963502883911
che,1979,11.49827003479
che,1980,11.5265998840332
che,1981,11.6382904052734
che,1982,11.6546401977539
che,1983,11.6406602859497
che,1984,11.6611299514771
che,1985,11.6504001617432
che,1986,11.6495399475098
che,1987,11.691309928894
che,1988,11.7944498062134
che,1989,11.9349803924561
che,1990,12.1171998977661
che,1991,12.2492198944092
che,1992,12.3365097045898
che,1993,12.6442499160767
che,1994,12.7246103286743
che,1995,12.8722400665283
che,1996,12.9188003540039
che,1998,13.001259803772
che,1999,12.9765195846558
che,2000,13.0276498794556
che,2001,12.9587802886963
che,2002,12.7982902526855
che,2003,12.7739496231079
che,2004,12.7826404571533
che,2005,12.7996196746826
che,2006,12.827730178833
che,2007,12.8318796157837
che,2008,12.8611097335815
che,2009,12.8661203384399
che,2010,12.9092798233032
che,2011,12.9485197067261
che,2012,12.9521703720093
che,2013,13.120659828186
che,2014,13.1679000854492
chl,1970,10.171950340271
chl,1971,10.9430303573608
chl,1972,11.2207803726196
chl,1973,11.3965396881104
chl,1974,11.3580799102783
chl,1975,11.1059398651123
chl,1976,10.798999786377
chl,1977,10.8123502731323
chl,1978,10.8414697647095
chl,1979,10.9671802520752
chl,1980,10.8152303695679
chl,1981,10.7473802566528
chl,1982,10.672269821167
chl,1983,10.8788404464722
chl,1984,10.8580503463745
chl,1985,11.106240272522
chl,1986,11.1583204269409
chl,1988,11.2466697692871
chl,1989,11.2044897079468
chl,1990,11.0753602981567
chl,1991,12.1817798614502
chl,1992,11.9989204406738
chl,1993,10.8072299957275
chl,1998,11.2542295455933
chl,1999,11.6024904251099
chl,2000,11.8317203521729
chl,2002,11.9576997756958
chl,2003,12.0222301483154
chl,2004,12.348349571228
chl,2005,12.4025201797485
chl,2006,12.3921403884888
chl,2007,12.3846101760864
chl,2008,12.3229398727417
chl,2009,12.0344696044922
chl,2010,11.8258104324341
chl,2011,11.7121801376343
chl,2012,11.5455598831177
chl,2013,11.9756803512573
chl,2014,11.9903697967529
chn,1970,6.58584022521973
chn,1971,6.93456983566284
chn,1972,7.32779979705811
chn,1973,7.94444990158081
chn,1974,7.99168014526367
chn,1975,8.13722038269043
chn,1976,8.45965003967285
chn,1977,8.81832981109619
chn,1978,8.89859008789063
chn,1979,8.57775020599365
chn,1980,8.19571971893311
chn,1981,8.01189041137695
chn,1982,7.63730001449585
chn,1983,7.46742010116577
chn,1984,7.47721004486084
chn,1985,7.81873989105225
chn,1986,8.16397953033447
chn,1987,8.3409595489502
chn,1988,8.5361499786377
chn,1989,8.59943008422852
chn,1990,8.62331962585449
chn,1991,8.66438961029053
chn,1992,8.76128005981445
chn,1993,8.79304981231689
chn,1994,8.74683952331543
chn,1995,8.84426975250244
chn,1996,8.94213962554932
chn,1997,8.9589900970459
chn,2001,9.13284969329834
chn,2002,9.22000026702881
chn,2003,9.42825984954834
chn,2006,10.3947801589966
chn,2007,10.7850799560547
chn,2008,11.1249599456787
chn,2009,11.3687000274658
chn,2010,11.5617399215698
chn,2011,11.7472295761108
chn,2012,11.9103097915649
chn,2013,12.1145696640015
chn,2014,11.7606401443481
civ,1971,4.4520001411438
civ,1972,4.48707008361816
civ,1973,4.61264991760254
civ,1974,4.6429500579834
civ,1975,4.76757001876831
civ,1976,4.86691999435425
civ,1977,5.22777986526489
civ,1978,5.19730997085571
civ,1979,5.49176979064941
civ,1980,5.71953010559082
civ,1981,5.92654991149902
civ,1983,5.8831901550293
civ,1984,5.75215005874634
civ,1985,5.64688014984131
civ,1987,5.49764013290405
civ,1999,6.26828002929688
civ,2014,8.32334995269775
cmr,1971,6.16719007492065
cmr,1972,6.10440015792847
cmr,1973,6.14389991760254
cmr,1974,6.49840021133423
cmr,1975,6.50450992584229
cmr,1976,6.64883995056152
cmr,1977,6.65985012054443
cmr,1978,6.7986798286438
cmr,1979,6.88895988464355
cmr,1980,6.95329999923706
cmr,1981,6.95314979553223
cmr,1982,6.99377012252808
cmr,1983,7.23166990280151
cmr,1984,7.20564985275269
cmr,1985,7.37367010116577
cmr,1986,7.4594202041626
cmr,1987,7.69789981842041
cmr,1988,8.06663990020752
cmr,1989,7.63469982147217
cmr,1990,7.87942981719971
cmr,1991,7.82533979415894
cmr,1992,7.2880802154541
cmr,1994,6.7977499961853
cmr,1995,6.59682989120483
cmr,1997,6.27250003814697
cmr,1998,6.44335985183716
cmr,1999,6.67647981643677
cmr,2000,6.89920997619629
cmr,2001,8.13177967071533
cmr,2002,7.82960987091064
cmr,2003,7.93560981750488
cmr,2004,7.96688985824585
cmr,2005,7.88550996780396
cmr,2006,7.58070993423462
cmr,2007,8.30195045471191
cmr,2008,8.74020004272461
cmr,2009,9.12903022766113
cmr,2011,9.81869029998779
cmr,2012,10.3399095535278
cmr,2014,10.8766803741455
cod,1971,6.66922998428345
cod,1972,6.78322982788086
cod,1973,6.4988899230957
cod,1974,6.44496011734009
cod,1975,6.88233995437622
cod,1976,6.74342012405396
cod,1977,6.86097002029419
cod,1978,7.05858993530273
cod,1979,7.48991012573242
cod,1980,7.2736701965332
cod,1981,7.31902980804443
cod,1982,7.35024976730347
cod,1983,7.61268997192383
cod,1984,7.66198015213013
cod,1985,7.1142201423645
cod,1986,7.13661003112793
cod,1987,6.37947988510132
cod,1988,6.74120998382568
cod,1992,6.24278020858765
cod,1993,6.4156699180603
cod,1994,6.29472017288208
cod,1995,6.45984983444214
cod,2007,7.44040012359619
cod,2008,8.0817403793335
cod,2009,8.14671039581299
cod,2010,8.10669040679932
cod,2011,8.74728965759277
cod,2012,8.56459045410156
cod,2013,8.76408958435059
cod,2014,9.02869987487793
cog,1971,7.98999977111816
cog,1972,8.99174976348877
cog,1973,9.07341003417969
cog,1974,10.1647396087646
cog,1975,10.2250499725342
cog,1976,11.0693998336792
cog,1977,11.0883798599243
cog,1978,12.0683898925781
cog,1979,12.333550453186
cog,1980,12.6832103729248
cog,1981,13.1350402832031
cog,1982,13.49524974823
cog,1983,13.4386701583862
cog,1984,13.1823902130127
cog,1985,12.4634399414063
cog,1986,12.8039703369141
cog,1987,13.0392303466797
cog,1988,12.3767595291138
cog,1989,11.5951795578003
cog,1990,10.9215202331543
cog,1991,10.7261199951172
cog,1992,10.6063203811646
cog,1994,10.6980104446411
cog,1996,10.1936798095703
cog,2002,9.116530418396
cog,2003,8.87687969207764
cog,2004,9.96644973754883
cog,2012,10.6254501342773
col,1970,6.52411985397339
col,1971,6.77707004547119
col,1972,6.88450002670288
col,1973,7.35365009307861
col,1974,7.46228981018066
col,1975,7.60745000839233
col,1976,7.69293022155762
col,1977,7.94419002532959
col,1978,8.09897994995117
col,1979,8.31311988830566
col,1980,8.18418979644775
col,1981,8.33209037780762
col,1982,7.95018005371094
col,1983,7.96701002120972
col,1984,8.12191963195801
col,1985,8.16802978515625
col,1986,8.32021045684814
col,1987,8.42430019378662
col,1988,8.40925979614258
col,1989,8.37695026397705
col,1991,8.32196998596191
col,1992,8.82538986206055
col,1993,8.98583030700684
col,1994,9.08428001403809
col,1995,9.16818046569824
col,1996,9.65886974334717
col,1998,10.1811895370483
col,1999,10.2258100509644
col,2000,10.2545404434204
col,2002,10.41100025177
col,2004,10.9676704406738
col,2005,11.3939399719238
col,2006,11.7218198776245
col,2007,11.9819602966309
col,2008,12.1273899078369
col,2009,12.4466600418091
col,2010,12.3313503265381
col,2011,12.2397804260254
col,2012,11.7963399887085
col,2013,11.8485498428345
col,2014,11.6020097732544
com,1971,2.59711003303528
com,1973,3.49128007888794
com,1974,3.97325992584229
com,1981,8.97791957855225
com,1986,9.5738000869751
com,1987,8.89743041992188
com,1992,7.95814990997314
com,1994,8.27077007293701
com,1999,8.07581043243408
com,2002,9.16611003875732
com,2003,9.33532047271729
com,2004,9.48167991638184
com,2013,10.661600112915
cpv,1972,4.68713998794556
cpv,1980,7.20564985275269
cpv,1981,7.15275001525879
cpv,1982,7.16958999633789
cpv,1984,7.31615018844604
cpv,1987,8.00387001037598
cpv,1988,8.25671005249023
cpv,1989,8.42304992675781
cpv,1990,8.65279006958008
cpv,1994,9.23182964324951
cpv,2000,11.1785802841187
cpv,2001,10.8398303985596
cpv,2002,11.0765399932861
cpv,2003,10.9364795684814
cpv,2004,10.6938800811768
cpv,2005,10.7681303024292
cpv,2006,11.4366903305054
cpv,2007,11.38560962677
cpv,2008,11.5560703277588
cpv,2009,11.5755500793457
cpv,2010,11.7997903823853
cpv,2011,12.0378303527832
cpv,2012,12.1734800338745
cpv,2013,12.3989696502686
cpv,2014,12.2510204315186
cri,1970,8.21765041351318
cri,1971,7.93310022354126
cri,1972,8.25469970703125
cri,1973,8.62133026123047
cri,1974,8.52145004272461
cri,1975,8.45825958251953
cri,1976,8.52894973754883
cri,1977,8.57557010650635
cri,1979,8.6334400177002
cri,1980,8.58944034576416
cri,1981,8.61215019226074
cri,1982,8.43618965148926
cri,1983,8.2220401763916
cri,1984,8.09226036071777
cri,1985,8.14865970611572
cri,1986,8.29199981689453
cri,1987,8.33172035217285
cri,1988,8.22848987579346
cri,1989,8.43710041046143
cri,1990,8.51210021972656
cri,1991,8.66034984588623
cri,1992,8.82205963134766
cri,1993,8.90659046173096
cri,1994,8.97935009002686
cri,1995,9.07098007202148
cri,1996,9.07367038726807
cri,1997,9.05570983886719
cri,1998,9.51725006103516
cri,1999,10.2702703475952
cri,2000,10.0006103515625
cri,2001,10.3238496780396
cri,2002,10.2659702301025
cri,2004,11.0513801574707
cri,2005,10.9737100601196
cri,2006,11.3922500610352
cri,2007,11.3775701522827
cri,2008,11.5047702789307
cri,2009,11.8861703872681
cri,2010,11.9882802963257
cri,2011,12.0894498825073
cri,2012,12.1477098464966
cri,2013,12.3186101913452
cri,2014,12.4905195236206
cub,1971,8.66119956970215
cub,1972,9.08166027069092
cub,1973,9.33942031860352
cub,1974,9.56149959564209
cub,1975,9.70543003082275
cub,1976,10.564359664917
cub,1977,11.1386404037476
cub,1978,10.6876802444458
cub,1979,10.8703498840332
cub,1980,11.2504596710205
cub,1981,11.0915803909302
cub,1982,11.0409698486328
cub,1983,10.9412899017334
cub,1984,11.0592098236084
cub,1985,11.0038604736328
cub,1986,11.0444097518921
cub,1987,11.1405601501465
cub,1988,11.1801700592041
cub,1989,11.2834396362305
cub,1990,11.2343997955322
cub,1991,11.1267404556274
cub,1992,11.0735301971436
cub,1993,11.221209526062
cub,1994,10.6154298782349
cub,1995,10.6446895599365
cub,1996,11.1124897003174
cub,1997,11.1471900939941
cub,1999,10.9254598617554
cub,2000,11.0463600158691
cub,2001,11.1194801330566
cub,2002,11.3493995666504
cub,2003,11.416259765625
cub,2004,11.3825998306274
cub,2005,11.4886703491211
cub,2006,11.5835103988647
cub,2007,11.6156902313232
cub,2008,11.6021995544434
cub,2009,11.5996904373169
cub,2010,11.6403398513794
cub,2011,11.6113796234131
cub,2012,11.4943504333496
cub,2013,11.4421396255493
cub,2014,11.8491697311401
cuw,2013,15.8153800964355
cyp,1971,8.62561988830566
cyp,1972,8.68896961212158
cyp,1973,8.91026973724365
cyp,1974,9.13140964508057
cyp,1975,8.47963047027588
cyp,1976,8.79755020141602
cyp,1977,8.80333042144775
cyp,1978,8.75687980651855
cyp,1979,8.77919006347656
cyp,1980,8.6166296005249
cyp,1981,8.53915023803711
cyp,1982,8.43410015106201
cyp,1983,8.45835018157959
cyp,1984,8.5826997756958
cyp,1985,8.64898014068604
cyp,1986,8.75006008148193
cyp,1987,8.7805004119873
cyp,1988,8.67090034484863
cyp,1989,8.73342990875244
cyp,1990,8.77488040924072
cyp,1991,8.83819961547852
cyp,1992,8.86915016174316
cyp,1993,11.6562795639038
cyp,1994,11.6420402526855
cyp,1995,11.6678495407104
cyp,1996,11.6245098114014
cyp,1997,11.5844297409058
cyp,1999,11.4444999694824
cyp,2000,11.4256896972656
cyp,2001,11.4259796142578
cyp,2002,11.6870899200439
cyp,2003,11.7598304748535
cyp,2004,11.7373199462891
cyp,2005,11.831919670105
cyp,2006,11.9351797103882
cyp,2007,11.9966096878052
cyp,2008,12.0890598297119
cyp,2009,12.2044296264648
cyp,2010,11.5844602584839
cyp,2011,11.6168003082275
cyp,2012,11.7009496688843
cyp,2013,11.8383703231812
cyp,2014,11.8689203262329
cze,1971,11.6915397644043
cze,1972,11.8480396270752
cze,1973,11.9265203475952
cze,1974,11.9891395568848
cze,1975,12.0736904144287
cze,1976,12.1572904586792
cze,1977,12.2640199661255
cze,1978,12.2953300476074
cze,1979,12.270959854126
cze,1982,12.2896099090576
cze,1983,12.0627698898315
cze,1984,11.6649103164673
cze,1985,11.4451398849487
cze,1986,11.2435503005981
cze,1987,11.2638702392578
cze,1988,11.0038499832153
cze,1989,11.1026201248169
cze,1990,11.051830291748
cze,1991,11.0442304611206
cze,1992,10.9337501525879
cze,1993,11.1659097671509
cze,1994,11.1869897842407
cze,1995,11.3548803329468
cze,1996,12.0282602310181
cze,1997,12.130669593811
cze,1998,11.7467803955078
cze,1999,11.7725200653076
cze,2000,12.1914701461792
cze,2001,12.6244201660156
cze,2002,12.5706901550293
cze,2003,12.5628099441528
cze,2004,12.3854598999023
cze,2005,12.4478197097778
cze,2006,12.5362195968628
cze,2007,12.6353998184204
cze,2008,12.5799703598022
cze,2009,12.7946300506592
cze,2010,12.8275899887085
cze,2011,12.8118896484375
cze,2012,12.8365697860718
cze,2013,13.0930299758911
cze,2014,13.1796503067017
deu,1991,13.0284700393677
deu,1992,13.0632801055908
deu,1993,13.3314199447632
deu,1994,13.4212598800659
deu,1995,13.4812097549438
deu,1996,13.5681295394897
deu,1997,13.6531801223755
deu,1998,13.1744499206543
deu,1999,13.1833400726318
deu,2000,13.2948799133301
deu,2001,13.3426599502563
deu,2002,13.3524703979492
deu,2003,13.3473100662231
deu,2004,13.3801202774048
deu,2005,13.3721904754639
deu,2006,13.5184001922607
deu,2007,13.4061603546143
deu,2008,13.3524599075317
deu,2009,13.2819204330444
deu,2010,13.3074903488159
deu,2011,13.2552604675293
deu,2012,13.2089595794678
deu,2013,13.1876802444458
deu,2014,13.2008304595947
dji,1971,1.91108000278473
dji,1972,2.02644991874695
dji,1973,2.00435996055603
dji,1974,2.06364011764526
dji,1975,2.09310007095337
dji,1976,1.9512699842453
dji,1979,2.11974000930786
dji,1980,2.15298008918762
dji,1981,2.26046991348267
dji,1982,2.42455005645752
dji,1983,2.54081988334656
dji,1984,2.63456010818481
dji,1985,2.70619010925293
dji,1986,2.85831999778748
dji,1987,2.91548991203308
dji,1988,2.85395002365112
dji,1989,2.79832005500793
dji,1990,2.78133988380432
dji,1991,2.72140002250671
dji,1992,2.80184006690979
dji,1993,2.55421996116638
dji,1994,2.68826007843018
dji,1995,2.7992799282074
dji,1996,2.81694006919861
dji,1997,2.88951992988586
dji,1999,2.92844009399414
dji,2000,2.88546991348267
dji,2001,3.27423000335693
dji,2002,3.41511988639832
dji,2004,3.89954996109009
dji,2005,4.18031978607178
dji,2006,4.36168003082275
dji,2007,4.81702995300293
dji,2008,5.16840982437134
dji,2009,5.32617998123169
dji,2011,6.0429801940918
dji,2012,6.42377996444702
dji,2013,6.53216981887817
dji,2014,6.65686988830566
dji,2015,6.62216997146606
dma,1973,12.4951000213623
dma,1974,11.9300098419189
dma,1975,12.1367797851563
dma,1976,11.6447095870972
dma,1977,11.4219598770142
dma,1978,11.0107402801514
dma,1979,10.8905897140503
dma,1984,10.9636001586914
dma,1986,10.8639001846313
dma,1987,10.7099103927612
dma,1990,10.7444200515747
dma,1999,14.0637998580933
dma,2000,13.784839630127
dma,2001,13.3165302276611
dma,2002,13.1187295913696
dma,2003,12.9911098480225
dma,2004,12.5008201599121
dma,2005,12.3671102523804
dma,2006,12.1792697906494
dma,2007,12.2107400894165
dma,2008,12.2261600494385
dma,2009,12.4902801513672
dma,2010,12.572380065918
dma,2011,12.8436603546143
dnk,1971,11.3348903656006
dnk,1978,11.739990234375
dnk,1979,11.7762098312378
dnk,1980,11.9890098571777
dnk,1981,12.0653295516968
dnk,1982,12.0957498550415
dnk,1983,12.1725797653198
dnk,1984,12.1305303573608
dnk,1985,12.1239995956421
dnk,1986,12.2232503890991
dnk,1987,12.3069696426392
dnk,1988,12.3588399887085
dnk,1989,12.3662395477295
dnk,1990,12.3655099868774
dnk,1991,12.3863897323608
dnk,1992,12.3524303436279
dnk,1993,12.4675998687744
dnk,1994,12.695369720459
dnk,1995,12.8584403991699
dnk,1996,12.9881200790405
dnk,1998,13.2662601470947
dnk,1999,13.6022100448608
dnk,2000,13.3338403701782
dnk,2001,13.5754299163818
dnk,2002,13.5530700683594
dnk,2004,13.4554796218872
dnk,2005,13.4280500411987
dnk,2006,13.2588796615601
dnk,2007,13.2628402709961
dnk,2008,13.1977500915527
dnk,2009,13.1994695663452
dnk,2010,13.2816095352173
dnk,2011,14.5340003967285
dnk,2012,14.6113195419312
dnk,2013,14.9438695907593
dnk,2014,14.8923597335815
dom,1971,6.8592700958252
dom,1972,7.47966003417969
dom,1973,7.3166298866272
dom,1974,7.29671001434326
dom,1975,7.46457004547119
dom,1976,8.15818977355957
dom,1977,8.32102012634277
dom,1978,8.40396976470947
dom,1979,8.9694299697876
dom,1980,9.19888019561768
dom,1981,9.42910003662109
dom,1982,9.74773979187012
dom,1984,10.0414400100708
dom,1986,10.2851896286011
dom,1994,8.56892013549805
dom,1995,8.51117038726807
dom,1998,9.73120021820068
dom,1999,10.2373399734497
dom,2000,10.6450004577637
dom,2002,11.1434698104858
dom,2004,10.5338697433472
dom,2005,10.6489095687866
dom,2007,11.4905500411987
dom,2008,11.1429395675659
dom,2009,11.311619758606
dom,2010,11.0601902008057
dom,2011,10.9461002349854
dom,2012,10.8133001327515
dom,2013,10.8848600387573
dom,2014,10.7934598922729
dza,1971,5.16113996505737
dza,1972,5.53409004211426
dza,1973,6.0344500541687
dza,1974,6.33751010894775
dza,1975,6.55181980133057
dza,1976,6.88099002838135
dza,1977,7.21350002288818
dza,1978,7.54763984680176
dza,1979,7.71833992004395
dza,1980,7.85119009017944
dza,1981,7.93353986740112
dza,1982,8.06781005859375
dza,1983,8.22642993927002
dza,1984,8.40320014953613
dza,1985,8.58675003051758
dza,1986,8.80183982849121
dza,1987,9.04251003265381
dza,1988,9.20553970336914
dza,1989,9.09286022186279
dza,1990,9.09549045562744
dza,1991,9.11042022705078
dza,1992,9.21243000030518
dza,1993,9.24127006530762
dza,1994,9.34451007843018
dza,1995,9.34072017669678
dza,1996,9.43428039550781
dza,1997,9.53516960144043
dza,1999,10.0668296813965
dza,2000,10.1777000427246
dza,2001,10.3203201293945
dza,2002,10.5750598907471
dza,2003,10.7461004257202
dza,2004,11.00172996521
dza,2005,11.1226997375488
dza,2006,11.1918697357178
dza,2007,11.3987398147583
dza,2008,11.854700088501
dza,2009,12.0828199386597
dza,2010,12.5269002914429
dza,2011,12.7976503372192
eap,1970,6.65683221817017
eap,1971,6.93114137649536
eap,1972,7.23226404190063
eap,1973,7.68065357208252
eap,1974,7.7369704246521
eap,1975,7.88094091415405
eap,1976,8.14329147338867
eap,1977,8.44058990478516
eap,1978,8.56576633453369
eap,1979,8.36089134216309
eap,1980,8.14249801635742
eap,1981,8.06679344177246
eap,1982,7.86579465866089
eap,1983,7.80949592590332
eap,1984,7.85463333129883
eap,1985,8.11782455444336
eap,1986,8.34774017333984
eap,1987,8.52476501464844
eap,1988,8.65157604217529
eap,1989,8.68370819091797
eap,1990,8.62459850311279
eap,1991,8.65844535827637
eap,1992,8.73932456970215
eap,1993,8.78351211547852
eap,1994,8.78573608398438
eap,1995,8.87928104400635
eap,1996,9.0015344619751
eap,1997,9.05450820922852
eap,1998,9.06584167480469
eap,1999,9.16763973236084
eap,2000,9.31586074829102
eap,2001,9.24155330657959
eap,2002,9.33299922943115
eap,2003,9.50198936462402
eap,2004,9.74038887023926
eap,2005,9.91436195373535
eap,2006,10.0407047271729
eap,2007,10.3904886245728
eap,2008,10.5835914611816
eap,2009,10.8200778961182
eap,2010,10.9951372146606
eap,2011,11.1673984527588
eap,2012,11.3078908920288
eap,2013,11.4479827880859
eap,2014,11.2660446166992
eas,1970,6.98347568511963
eas,1971,7.22922897338867
eas,1972,7.50811243057251
eas,1973,7.9217472076416
eas,1974,7.97060966491699
eas,1975,8.11233329772949
eas,1976,8.36938095092773
eas,1977,8.65803050994873
eas,1978,8.78743839263916
eas,1979,8.61785984039307
eas,1980,8.43685913085938
eas,1981,8.37991809844971
eas,1982,8.19644737243652
eas,1983,8.14277076721191
eas,1984,8.18052101135254
eas,1985,8.42375373840332
eas,1986,8.64082431793213
eas,1987,8.80388736724854
eas,1988,8.91312503814697
eas,1989,8.93772125244141
eas,1990,8.87533664703369
eas,1991,8.89949893951416
eas,1992,8.96146678924561
eas,1993,8.98987674713135
eas,1994,8.99066925048828
eas,1995,9.08371543884277
eas,1996,9.2039966583252
eas,1997,9.26289939880371
eas,1998,9.27948093414307
eas,1999,9.39202785491943
eas,2000,9.54392623901367
eas,2001,9.47378921508789
eas,2002,9.56396865844727
eas,2003,9.72844791412354
eas,2004,9.953782081604
eas,2005,10.1244411468506
eas,2006,10.2330846786499
eas,2007,10.5531806945801
eas,2008,10.7249794006348
eas,2009,10.9416007995605
eas,2010,11.1030902862549
eas,2011,11.2658596038818
eas,2012,11.3979043960571
eas,2013,11.5287590026855
eas,2014,11.360369682312
eca,1970,9.5453987121582
eca,1971,9.54004287719727
eca,1972,9.52738189697266
eca,1973,9.52644634246826
eca,1974,9.54435443878174
eca,1975,9.55164337158203
eca,1976,9.59212303161621
eca,1977,9.63731861114502
eca,1978,9.66701221466064
eca,1979,9.69135570526123
eca,1980,9.7115592956543
eca,1981,9.6659049987793
eca,1982,9.70713043212891
eca,1983,9.74049091339111
eca,1984,9.84279537200928
eca,1985,9.9099292755127
eca,1986,9.98991584777832
eca,1987,10.0310955047607
eca,1988,10.0613098144531
eca,1989,9.98884391784668
eca,1990,9.940260887146
eca,1991,9.88356304168701
eca,1992,9.76547145843506
eca,1993,9.63022994995117
eca,1994,9.50314426422119
eca,1995,9.57986545562744
eca,1996,9.67137050628662
eca,1997,9.64072322845459
eca,1998,9.69789981842041
eca,1999,9.79056453704834
eca,2000,9.85901641845703
eca,2001,10.1296663284302
eca,2002,10.3384284973145
eca,2003,10.4502248764038
eca,2004,10.4110698699951
eca,2005,10.4303188323975
eca,2006,10.5037803649902
eca,2007,10.5985631942749
eca,2008,10.5887136459351
eca,2009,10.5778656005859
eca,2010,10.7640714645386
eca,2011,10.9355525970459
eca,2012,10.9706010818481
eca,2013,11.3971529006958
eca,2014,11.431791305542
ecs,1970,10.3590450286865
ecs,1971,10.3631687164307
ecs,1972,10.3968172073364
ecs,1973,10.4379482269287
ecs,1974,10.5196466445923
ecs,1975,10.5358552932739
ecs,1976,10.5723743438721
ecs,1977,10.5940542221069
ecs,1978,10.5928831100464
ecs,1979,10.590744972229
ecs,1980,10.5878639221191
ecs,1981,10.5593519210815
ecs,1982,10.588830947876
ecs,1983,10.6096725463867
ecs,1984,10.6741018295288
ecs,1985,10.73814868927
ecs,1986,10.8362045288086
ecs,1987,10.889196395874
ecs,1988,10.9162130355835
ecs,1989,10.8865232467651
ecs,1990,10.8530750274658
ecs,1991,10.8436326980591
ecs,1992,10.8181886672974
ecs,1993,10.884913444519
ecs,1994,10.9313058853149
ecs,1995,10.9857330322266
ecs,1996,11.0804109573364
ecs,1997,11.0966892242432
ecs,1998,11.133150100708
ecs,1999,11.2378511428833
ecs,2000,11.3292045593262
ecs,2001,11.5147886276245
ecs,2002,11.6383218765259
ecs,2003,11.7067403793335
ecs,2004,11.6268262863159
ecs,2005,11.7052793502808
ecs,2006,11.7286500930786
ecs,2007,11.7717990875244
ecs,2008,11.7865552902222
ecs,2009,11.7820043563843
ecs,2010,11.9119119644165
ecs,2011,11.9673795700073
ecs,2012,11.9790620803833
ecs,2013,12.4533338546753
ecs,2014,12.4749984741211
ecu,1971,7.50524997711182
ecu,1972,7.53975009918213
ecu,1973,7.9320502281189
ecu,1974,8.31503963470459
ecu,1975,8.51893997192383
ecu,1976,8.86800956726074
ecu,1977,9.11131954193115
ecu,1978,9.2959098815918
ecu,1979,9.75992965698242
ecu,1980,9.98703956604004
ecu,1981,10.2641096115112
ecu,1982,10.5237503051758
ecu,1983,10.6986703872681
ecu,1984,10.6057596206665
ecu,1985,10.8171100616455
ecu,1986,10.8816003799438
ecu,1987,11.0203800201416
ecu,1988,11.082010269165
ecu,1990,10.9116697311401
ecu,1991,10.7303304672241
ecu,1992,11.3544702529907
ecu,1993,11.0586004257202
ecu,1996,9.92286014556885
ecu,1998,10.150369644165
ecu,1999,10.2170600891113
ecu,2000,10.2315301895142
ecu,2001,10.2870597839355
ecu,2002,10.3805799484253
ecu,2003,10.3149499893188
ecu,2004,10.3002500534058
ecu,2005,10.4603099822998
ecu,2006,10.5867395401001
ecu,2007,10.764630317688
ecu,2010,11.9992399215698
ecu,2011,12.0778303146362
ecu,2012,12.1790504455566
ecu,2013,13.1635904312134
ecu,2014,13.1337995529175
egy,1971,6.11202001571655
egy,1972,6.29087018966675
egy,1973,6.39628982543945
egy,1974,6.3173999786377
egy,1975,6.50720977783203
egy,1976,6.64970016479492
egy,1977,6.82383012771606
egy,1978,6.95733976364136
egy,1979,7.0700101852417
egy,1980,7.24215984344482
egy,1981,7.37565994262695
egy,1982,7.63177013397217
egy,1983,7.92664003372192
egy,1984,8.19721984863281
egy,1985,8.44843006134033
egy,1986,8.73657035827637
egy,1987,9.03308963775635
egy,1988,9.17535018920898
egy,1989,9.1571102142334
egy,1990,9.03306007385254
egy,1991,9.15297985076904
egy,1992,8.39535999298096
egy,1993,8.44085025787354
egy,1994,9.26115989685059
egy,1995,8.66763019561768
egy,1996,8.94328022003174
egy,1997,9.16390037536621
egy,1999,9.51436042785645
egy,2000,9.52276039123535
egy,2001,9.64066982269287
egy,2002,9.68562984466553
egy,2003,9.74851989746094
egy,2004,9.83327007293701
egy,2009,10.6270503997803
egy,2010,10.7400197982788
egy,2011,11.0433797836304
egy,2012,11.4146900177002
egy,2013,11.5015602111816
egy,2014,11.4052696228027
emu,1970,11.0804386138916
emu,1971,11.0796327590942
emu,1972,11.1647148132324
emu,1973,11.2374076843262
emu,1974,11.3620042800903
emu,1975,11.3910579681396
emu,1976,11.4579648971558
emu,1977,11.4991703033447
emu,1978,11.5090599060059
emu,1979,11.5181531906128
emu,1980,11.5367937088013
emu,1981,11.5413055419922
emu,1982,11.5692672729492
emu,1983,11.612771987915
emu,1984,11.6662912368774
emu,1985,11.7665958404541
emu,1986,11.9584817886353
emu,1987,12.0756416320801
emu,1988,12.1259679794312
emu,1989,12.1778717041016
emu,1990,12.1737051010132
emu,1991,12.251049041748
emu,1992,12.3589973449707
emu,1993,12.5735177993774
emu,1994,12.9103002548218
emu,1995,12.9526042938232
emu,1996,13.0253162384033
emu,1997,13.0193424224854
emu,1998,12.8657159805298
emu,1999,12.8805294036865
emu,2000,12.9341230392456
emu,2001,13.0000438690186
emu,2002,13.0069961547852
emu,2003,13.0339021682739
emu,2004,12.8883485794067
emu,2005,13.0559501647949
emu,2006,13.1155300140381
emu,2007,13.1350975036621
emu,2008,13.1585493087769
emu,2009,13.1420221328735
emu,2010,13.1986789703369
emu,2011,13.2171049118042
emu,2012,13.2013130187988
emu,2013,13.3743658065796
emu,2014,13.3656444549561
eri,1993,2.71230006217957
eri,1994,3.25508999824524
eri,1995,3.44586992263794
eri,1996,3.58224010467529
eri,1997,3.56861996650696
eri,1999,3.8271598815918
eri,2000,4.26026010513306
eri,2001,4.26194000244141
eri,2002,4.59766006469727
eri,2003,4.89597988128662
eri,2004,5.33384990692139
eri,2005,5.54207992553711
eri,2006,5.51315021514893
eri,2007,5.11075019836426
eri,2008,5.02903985977173
eri,2009,4.97526979446411
eri,2010,4.84675979614258
eri,2011,5.04317998886108
eri,2012,5.21026992797852
eri,2013,5.24419021606445
esp,1971,9.52270984649658
esp,1972,9.56618976593018
esp,1973,9.63842964172363
esp,1974,9.91718006134033
esp,1975,10.2986698150635
esp,1976,10.5980796813965
esp,1977,10.8041496276855
esp,1978,10.8973197937012
esp,1979,11.2875995635986
esp,1980,11.4535799026489
esp,1981,11.5101900100708
esp,1982,11.6526298522949
esp,1983,11.8126401901245
esp,1984,11.687970161438
esp,1985,11.8176097869873
esp,1986,12.2378902435303
esp,1987,12.3831901550293
esp,1988,12.4290103912354
esp,1989,12.4926204681396
esp,1990,12.2821998596191
esp,1991,12.4628801345825
esp,1992,12.589150428772
esp,1993,12.9792499542236
esp,1994,13.160249710083
esp,1995,13.2409601211548
esp,1996,13.3001003265381
esp,1997,13.1134004592896
esp,1998,12.6267995834351
esp,1999,12.5566596984863
esp,2000,12.6447095870972
esp,2001,12.6880302429199
esp,2002,12.6767702102661
esp,2003,12.7002696990967
esp,2004,12.8004198074341
esp,2005,12.9314298629761
esp,2006,12.9808502197266
esp,2007,13.0987300872803
esp,2008,13.2133598327637
esp,2009,13.2818403244019
esp,2010,13.5154104232788
esp,2011,13.6715803146362
esp,2012,13.7609195709229
esp,2013,13.7948799133301
esp,2014,13.7587995529175
est,1986,12.2292003631592
est,1989,11.9646997451782
est,1990,11.8933801651001
est,1991,11.6602201461792
est,1992,11.6110801696777
est,1993,11.2150201797485
est,1994,11.3249101638794
est,1995,11.5797300338745
est,1996,11.232250213623
est,1998,11.6234397888184
est,1999,11.713210105896
est,2000,11.8150501251221
est,2001,11.9161796569824
est,2002,11.9834699630737
est,2003,11.9082098007202
est,2004,11.9892597198486
est,2005,12.1185503005981
est,2006,12.09255027771
est,2007,12.146369934082
est,2008,12.2153596878052
est,2009,12.2720603942871
est,2010,12.3640203475952
est,2011,12.3726797103882
est,2012,12.3746299743652
est,2013,12.3825597763062
eth,1971,1.13020002841949
eth,1972,1.19719994068146
eth,1973,1.24749004840851
eth,1974,1.36161005496979
eth,1984,3.17266988754272
eth,1986,2.9994900226593
eth,1987,3.37526988983154
eth,1988,3.4985499382019
eth,1989,3.39891004562378
eth,1991,2.72866988182068
eth,1992,2.24632000923157
eth,1993,1.95102000236511
eth,1994,2.23095011711121
eth,1995,2.45896005630493
eth,1996,2.8416600227356
eth,1999,3.86968994140625
eth,2000,4.23320007324219
eth,2001,4.77698993682861
eth,2002,5.12391996383667
eth,2003,5.2787299156189
eth,2004,5.60518980026245
eth,2005,6.43884992599487
eth,2006,6.98437976837158
eth,2007,7.54086017608643
eth,2008,7.94350004196167
eth,2009,7.85858011245728
eth,2010,7.823890209198
eth,2011,7.96541023254395
eth,2012,7.94429016113281
euu,1970,11.0246429443359
euu,1971,11.0262508392334
euu,1972,11.08544921875
euu,1973,11.1433372497559
euu,1974,11.2640047073364
euu,1975,11.2870206832886
euu,1976,11.328818321228
euu,1977,11.3688840866089
euu,1978,11.3797855377197
euu,1979,11.3936777114868
euu,1980,11.4048500061035
euu,1981,11.4213848114014
euu,1982,11.4696846008301
euu,1983,11.5024099349976
euu,1984,11.5465202331543
euu,1985,11.6280212402344
euu,1986,11.7728796005249
euu,1987,11.862265586853
euu,1988,11.9075374603271
euu,1989,11.9491834640503
euu,1990,11.9384841918945
euu,1991,11.9326276779175
euu,1992,11.9939556121826
euu,1993,12.2799530029297
euu,1994,12.5123291015625
euu,1995,12.5405244827271
euu,1996,12.6314258575439
euu,1997,12.6689472198486
euu,1998,12.6042432785034
euu,1999,12.6569156646729
euu,2000,12.7192516326904
euu,2001,12.788854598999
euu,2002,12.8208541870117
euu,2003,12.8471803665161
euu,2004,12.7470321655273
euu,2005,12.8869123458862
euu,2006,12.8559856414795
euu,2007,12.8596839904785
euu,2008,12.9094753265381
euu,2009,12.9198265075684
euu,2010,12.9970321655273
euu,2011,12.9394054412842
euu,2012,12.9315099716187
euu,2013,13.4480772018433
euu,2014,13.4732542037964
fin,1971,10.9976100921631
fin,1972,11.2856397628784
fin,1973,11.3094902038574
fin,1974,11.5821399688721
fin,1975,11.7717895507813
fin,1976,11.4517002105713
fin,1977,11.5518598556519
fin,1978,11.603630065918
fin,1979,11.6973104476929
fin,1980,11.7340497970581
fin,1981,11.7517404556274
fin,1982,11.8922901153564
fin,1983,12.0712604522705
fin,1984,12.3573398590088
fin,1985,12.4635496139526
fin,1986,12.5517797470093
fin,1987,12.4974002838135
fin,1988,12.550609588623
fin,1989,12.6331100463867
fin,1990,12.791449546814
fin,1991,12.7924499511719
fin,1992,13.1376895904541
fin,1993,12.9253902435303
fin,1994,13.0350103378296
fin,1995,12.9581604003906
fin,1996,13.0234899520874
fin,1997,13.077919960022
fin,1998,13.0989303588867
fin,1999,13.3185396194458
fin,2000,13.6357498168945
fin,2001,13.7904100418091
fin,2002,13.8148002624512
fin,2003,13.9006996154785
fin,2004,12.5638799667358
fin,2005,12.6012001037598
fin,2006,12.5590600967407
fin,2007,12.5195503234863
fin,2008,12.4555902481079
fin,2009,12.390040397644
fin,2010,12.3885803222656
fin,2011,12.4067296981812
fin,2012,12.4385595321655
fin,2013,14.376540184021
fin,2014,14.458930015564
fji,1970,9.52729034423828
fji,1971,9.89997005462646
fji,1972,10.2707901000977
fji,1973,10.6247301101685
fji,1974,10.9036798477173
fji,1975,11.0476503372192
fji,1976,11.1088695526123
fji,1977,11.1453199386597
fji,1978,11.0629997253418
fji,1979,10.8653001785278
fji,1980,10.6340599060059
fji,1981,10.5405797958374
fji,1983,10.4292097091675
fji,1984,10.405969619751
fji,1985,10.3091402053833
fji,1986,10.5076198577881
fji,1987,10.7015199661255
fji,1991,11.8918600082397
fji,1992,12.1054401397705
fji,1998,11.8078498840332
fji,1999,11.6932897567749
fji,2000,11.5858097076416
fji,2001,11.787859916687
fji,2002,12.1264295578003
fji,2003,12.564959526062
fji,2004,13.1107397079468
fji,2006,13.1753902435303
fji,2007,12.666600227356
fji,2008,12.544939994812
fji,2009,12.3907699584961
fji,2011,12.6749401092529
fji,2012,12.513560295105
fra,1971,11.0261001586914
fra,1972,11.1323499679565
fra,1973,11.2144603729248
fra,1974,11.4743499755859
fra,1975,11.3181104660034
fra,1976,11.1572599411011
fra,1977,11.2240295410156
fra,1978,11.3012399673462
fra,1979,11.3845701217651
fra,1980,11.4596099853516
fra,1981,11.4680995941162
fra,1982,11.442440032959
fra,1983,11.4189300537109
fra,1984,11.5365104675293
fra,1985,11.59850025177
fra,1986,11.8120203018188
fra,1987,12.0185604095459
fra,1988,12.1836099624634
fra,1989,12.3025798797607
fra,1990,12.341329574585
fra,1991,12.4676904678345
fra,1992,12.6269798278809
fra,1993,12.5559501647949
fra,1994,13.1382503509521
fra,1995,13.1901197433472
fra,1996,13.1640501022339
fra,1997,13.076470375061
fra,1998,12.9795198440552
fra,1999,12.9634103775024
fra,2000,12.8713798522949
fra,2001,12.7782201766968
fra,2002,12.7314395904541
fra,2003,12.7366304397583
fra,2004,12.6897802352905
fra,2005,13.2722501754761
fra,2006,13.2632503509521
fra,2007,13.2733001708984
fra,2008,13.2583198547363
fra,2009,13.2033796310425
fra,2010,13.1822099685669
fra,2011,13.1594495773315
fra,2012,13.1317300796509
fra,2013,13.0652103424072
fra,2014,13.0391397476196
fsm,1971,20.8746891021729
fsm,1972,21.4949493408203
fsm,1973,22.5823707580566
fsm,1974,22.6708393096924
fsm,1976,22.119779586792
fsm,1977,22.0558300018311
fsm,2004,11.7401504516602
fsm,2005,11.6724996566772
gab,1971,9.35787963867188
gab,1972,9.55333995819092
gab,1973,9.84871006011963
gab,1974,10.0306701660156
gab,1975,10.9547700881958
gab,1976,10.7103996276855
gab,1977,10.4843997955322
gab,1978,10.957200050354
gab,1979,10.5919303894043
gab,1980,10.6838703155518
gab,1981,10.9129295349121
gab,1982,11.0015802383423
gab,1983,10.9552402496338
gab,1984,11.143440246582
gab,1985,11.2924499511719
gab,1986,11.5835695266724
gab,1987,11.9644002914429
gab,1988,11.4199104309082
gab,1989,11.5174198150635
gab,1994,11.1004495620728
gab,1995,11.6590404510498
gab,1996,12.0913696289063
gab,1997,12.6377201080322
gab,1999,11.8552799224854
gab,2001,11.8805799484253
gab,2002,12.2790203094482
gbr,1971,11.6068696975708
gbr,1972,11.6105298995972
gbr,1973,11.5877799987793
gbr,1974,11.9112701416016
gbr,1975,11.9178199768066
gbr,1976,11.9271802902222
gbr,1977,11.9515104293823
gbr,1978,11.9167499542236
gbr,1979,11.9058599472046
gbr,1980,11.9100904464722
gbr,1981,11.9294204711914
gbr,1982,11.9486703872681
gbr,1983,11.9748697280884
gbr,1984,12.0514602661133
gbr,1985,12.1347904205322
gbr,1986,12.2752704620361
gbr,1987,12.3390998840332
gbr,1988,12.4134302139282
gbr,1989,12.3893699645996
gbr,1990,12.3516702651978
gbr,1991,12.4852504730225
gbr,1992,12.6296195983887
gbr,1998,12.9859800338745
gbr,1999,13.143440246582
gbr,2000,13.1769399642944
gbr,2001,13.1565704345703
gbr,2002,13.1933698654175
gbr,2003,13.1478700637817
gbr,2004,13.692440032959
gbr,2005,13.7697200775146
gbr,2006,13.1945495605469
gbr,2007,12.9804601669312
gbr,2008,13.1567401885986
gbr,2009,13.2476902008057
gbr,2010,13.4682598114014
gbr,2011,12.8702602386475
gbr,2012,12.8639297485352
gbr,2013,14.9854698181152
gbr,2014,15.1525402069092
geo,1981,11.3403797149658
geo,1986,11.3406496047974
geo,1991,10.5211296081543
geo,1992,10.0887603759766
geo,1993,9.05012989044189
geo,1994,8.94668960571289
geo,1995,8.73186016082764
geo,1996,8.86744022369385
geo,1997,9.01714992523193
geo,1999,9.27989959716797
geo,2000,9.36983966827393
geo,2001,9.34068965911865
geo,2002,9.29125022888184
geo,2003,9.40079975128174
geo,2004,9.6912899017334
geo,2005,9.82748031616211
geo,2006,10.1918802261353
geo,2007,10.8571996688843
geo,2008,11.0149698257446
geo,2009,11.7995100021362
geo,2013,12.775520324707
geo,2014,12.9227104187012
gha,1971,7.04787015914917
gha,1973,6.80752992630005
gha,1974,6.52905988693237
gha,1975,6.45604991912842
gha,1976,6.74735021591187
gha,1977,6.87905979156494
gha,1978,6.91637992858887
gha,1979,7.03957986831665
gha,1980,7.2539701461792
gha,1981,7.45481014251709
gha,1982,7.44348001480103
gha,1983,7.33158016204834
gha,1984,7.10338020324707
gha,1985,7.0654501914978
gha,1986,6.83420991897583
gha,1987,6.86915016174316
gha,1988,6.94565010070801
gha,1989,6.87692022323608
gha,1990,6.81232976913452
gha,1995,7.31670999526978
gha,1999,7.51187992095947
gha,2000,7.80250978469849
gha,2001,7.42814016342163
gha,2002,7.67305994033813
gha,2003,7.45324993133545
gha,2004,7.87373018264771
gha,2005,8.37100028991699
gha,2006,8.80196952819824
gha,2007,9.4627799987793
gha,2008,9.96278953552246
gha,2009,10.0919198989868
gha,2011,10.6092300415039
gha,2012,10.8793497085571
gha,2013,10.9418201446533
gha,2014,10.590950012207
gha,2015,11.0467195510864
gin,1971,2.51758003234863
gin,1977,3.02681994438171
gin,1978,3.22509002685547
gin,1979,3.35749006271362
gin,1980,3.48210000991821
gin,1981,3.41199994087219
gin,1982,3.23622989654541
gin,1983,3.15104007720947
gin,1984,3.12386989593506
gin,1985,3.4123899936676
gin,1986,3.20742011070251
gin,1987,2.96318006515503
gin,1989,2.98284006118774
gin,1990,2.87305998802185
gin,1991,2.99132990837097
gin,1993,3.15949010848999
gin,1994,3.29759001731873
gin,1996,3.62126994132996
gin,1999,4.29824018478394
gin,2001,5.0203800201416
gin,2002,5.74882984161377
gin,2003,6.065110206604
gin,2004,6.49565982818604
gin,2005,6.99079990386963
gin,2006,7.33420991897583
gin,2008,7.63429021835327
gin,2011,7.96711015701294
gin,2012,7.98756980895996
gin,2014,8.25432968139648
gmb,1971,2.44169998168945
gmb,1972,2.37191009521484
gmb,1973,2.45037007331848
gmb,1974,2.44689989089966
gmb,1975,2.48785996437073
gmb,1976,2.6207799911499
gmb,1977,2.70396995544434
gmb,1978,2.77522993087769
gmb,1979,3.04364991188049
gmb,1980,3.3889799118042
gmb,1981,4.03709983825684
gmb,1982,4.2719898223877
gmb,1983,4.57707977294922
gmb,1984,4.88570022583008
gmb,1985,5.05529022216797
gmb,1986,5.01405000686646
gmb,1987,4.84802007675171
gmb,1988,4.62691020965576
gmb,1989,4.40039014816284
gmb,1990,4.50746011734009
gmb,1991,4.58183002471924
gmb,1992,4.72309017181396
gmb,1993,4.92176008224487
gmb,1994,5.02322006225586
gmb,1995,5.32426023483276
gmb,1996,5.60672998428345
gmb,2008,8.847900390625
gmb,2010,8.60286998748779
gnb,1971,1.91256999969482
gnb,1972,2.15968990325928
gnb,1976,4.55014991760254
gnb,1978,4.52942991256714
gnb,1979,4.33112001419067
gnb,1980,4.03945016860962
gnb,1981,4.0560998916626
gnb,1982,4.02597999572754
gnb,1983,3.87626004219055
gnb,1984,4.02116012573242
gnb,1985,3.95329999923706
gnb,1987,3.62901997566223
gnb,1988,3.40317988395691
gnb,1989,3.33908009529114
gnb,2000,5.44693994522095
gnb,2005,8.17451953887939
gnb,2006,8.63778018951416
gnq,1971,5.52826023101807
gnq,1983,9.19112968444824
gnq,1993,10.4119100570679
gnq,1994,11.8408002853394
gnq,1999,8.04804992675781
gnq,2000,7.88686990737915
gnq,2001,7.96599006652832
gnq,2002,7.51575994491577
gnq,2005,6.85662984848022
grc,1971,10.2376203536987
grc,1972,10.5848503112793
grc,1973,10.7236404418945
grc,1974,10.8703603744507
grc,1975,10.884090423584
grc,1976,10.9717597961426
grc,1977,10.9745597839355
grc,1978,10.9353799819946
grc,1979,10.8797101974487
grc,1980,10.9166803359985
grc,1981,11.0634002685547
grc,1982,11.3408803939819
grc,1983,11.2238597869873
grc,1984,11.5265197753906
grc,1985,11.6713895797729
grc,1986,11.7885999679565
grc,1987,11.784049987793
grc,1988,11.833080291748
grc,1989,11.7950897216797
grc,1990,11.6761703491211
grc,1991,11.6544904708862
grc,1992,11.6270904541016
grc,1993,11.2742795944214
grc,1994,11.2633695602417
grc,1995,11.3185300827026
grc,1996,11.2082500457764
grc,1997,11.12619972229
grc,1998,11.191499710083
grc,1999,11.2038402557373
grc,2000,11.2064504623413
grc,2001,11.3614101409912
grc,2002,11.6785402297974
grc,2003,11.5713596343994
grc,2004,11.6205902099609
grc,2005,11.8394403457642
grc,2006,11.7947797775269
grc,2007,11.6569995880127
grc,2010,12.2501602172852
grc,2011,12.1390399932861
grc,2012,12.2689399719238
grc,2013,12.3356800079346
grd,1971,10.1563196182251
grd,1972,11.4973201751709
grd,1973,10.6852102279663
grd,1974,11.1780996322632
grd,1975,11.4811000823975
grd,1976,11.912859916687
grd,1977,11.9963397979736
grd,1978,12.1507797241211
grd,1979,12.0804796218872
grd,1980,11.7932796478271
grd,1981,11.1731395721436
grd,1982,11.1685600280762
grd,1983,11.0105600357056
grd,1984,11.4105195999146
grd,1985,11.3189496994019
grd,1986,11.1020202636719
grd,1987,12.0149097442627
grd,1988,12.3070802688599
grd,1990,12.7649803161621
grd,1991,13.1547603607178
grd,1992,13.5966396331787
grd,1993,13.7180204391479
grd,2002,13.0081100463867
grd,2003,13.1458597183228
grd,2004,12.481840133667
grd,2005,11.6623001098633
grd,2007,12.1973400115967
grd,2008,12.4348497390747
grd,2009,12.328519821167
grd,2010,12.6336898803711
grd,2013,12.2634601593018
grd,2014,12.2375497817993
gtm,1970,4.19690990447998
gtm,1971,4.18787002563477
gtm,1972,4.31356000900269
gtm,1973,4.19680976867676
gtm,1974,4.47789001464844
gtm,1975,4.58138990402222
gtm,1976,4.52627992630005
gtm,1977,4.68345022201538
gtm,1978,5.12697982788086
gtm,1979,5.30414009094238
gtm,1980,5.42162990570068
gtm,1981,5.66004991531372
gtm,1982,5.3618597984314
gtm,1983,5.59777021408081
gtm,1984,5.59154987335205
gtm,1985,5.63631010055542
gtm,1986,5.68447017669678
gtm,1991,5.99928998947144
gtm,1993,6.41052007675171
gtm,1994,6.4552698135376
gtm,1995,6.60934019088745
gtm,1996,6.67702007293701
gtm,1997,6.77296018600464
gtm,1998,7.10878992080688
gtm,1999,7.65518999099731
gtm,2000,8.02989959716797
gtm,2001,8.2311897277832
gtm,2002,8.60284996032715
gtm,2004,9.10552024841309
gtm,2005,9.26731967926025
gtm,2006,9.41413021087646
gtm,2007,9.51821041107178
gtm,2008,9.68227958679199
gtm,2009,10.0213098526001
gtm,2010,10.355170249939
gtm,2011,10.2568101882935
gtm,2012,9.99123001098633
gtm,2013,9.8048095703125
gtm,2014,9.49899959564209
guy,1971,9.31840038299561
guy,1972,9.39834976196289
guy,1973,9.49792957305908
guy,1974,9.70938968658447
guy,1976,9.93210029602051
guy,1984,9.14465999603271
guy,1985,9.27001953125
guy,1986,9.64581966400146
guy,1987,9.91993999481201
guy,1999,10.6371698379517
guy,2001,11.2905702590942
guy,2003,10.6173000335693
guy,2005,10.8085699081421
guy,2007,9.97404003143311
guy,2008,9.81787014007568
guy,2009,9.57616996765137
guy,2010,9.58113956451416
guy,2011,9.85984992980957
guy,2012,9.65664958953857
hic,1970,10.6755380630493
hic,1971,10.6915092468262
hic,1972,10.7558975219727
hic,1973,10.8418378829956
hic,1974,10.8895845413208
hic,1975,10.9109201431274
hic,1976,10.9889097213745
hic,1977,11.0310020446777
hic,1978,11.0488767623901
hic,1979,10.9761686325073
hic,1980,11.290675163269
hic,1981,11.3020000457764
hic,1982,11.4043130874634
hic,1983,11.4049234390259
hic,1984,11.4385204315186
hic,1985,11.4821462631226
hic,1986,11.5967283248901
hic,1987,11.6648006439209
hic,1988,11.6846590042114
hic,1989,11.7124261856079
hic,1990,11.7205867767334
hic,1991,11.7671937942505
hic,1992,11.84157371521
hic,1993,12.0043067932129
hic,1994,12.1772737503052
hic,1995,12.2336463928223
hic,1996,12.2850255966187
hic,1997,12.3113698959351
hic,1998,12.2685546875
hic,1999,12.2832746505737
hic,2000,12.2830715179443
hic,2001,12.3175716400146
hic,2002,12.2778692245483
hic,2003,12.3330154418945
hic,2004,12.3019695281982
hic,2005,12.3927068710327
hic,2006,12.3692178726196
hic,2007,12.3973226547241
hic,2008,12.4183702468872
hic,2009,12.4004850387573
hic,2010,12.3887968063354
hic,2011,12.3752021789551
hic,2012,12.4021711349487
hic,2013,12.6654949188232
hic,2014,12.7166290283203
hkg,1971,9.62110042572021
hkg,1972,9.68784046173096
hkg,1973,9.71450042724609
hkg,1974,9.79318046569824
hkg,1975,9.96389961242676
hkg,1976,10.0239295959473
hkg,1977,10.0274600982666
hkg,1978,10.0793104171753
hkg,1979,10.255350112915
hkg,1980,10.5602798461914
hkg,1981,10.8040800094604
hkg,1982,10.9301595687866
hkg,1983,11.1696901321411
hkg,1984,11.3691101074219
hkg,1985,11.552339553833
hkg,1986,11.6317195892334
hkg,1987,11.6944704055786
hkg,1988,11.7044200897217
hkg,1996,11.3794202804565
hkg,2012,12.5920000076294
hkg,2013,12.4625196456909
hkg,2014,12.7282104492188
hnd,1970,5.66756010055542
hnd,1971,5.75876998901367
hnd,1972,5.88942003250122
hnd,1974,6.0543098449707
hnd,1975,5.92628002166748
hnd,1976,6.05866003036499
hnd,1977,6.36144018173218
hnd,1978,6.76415014266968
hnd,1979,7.11633014678955
hnd,1980,7.36729001998901
hnd,1982,7.93558979034424
hnd,1983,8.11019992828369
hnd,1984,8.17978954315186
hnd,1985,8.29650020599365
hnd,1986,8.45330047607422
hnd,1991,8.14725971221924
hnd,1993,8.29086971282959
hnd,2006,10.2463703155518
hnd,2007,10.0000896453857
hnd,2008,10.1493701934814
hnd,2010,10.6169395446777
hnd,2011,10.6076402664185
hnd,2012,10.400429725647
hnd,2013,10.2019195556641
hnd,2014,9.95633029937744
hpc,1970,3.70694494247437
hpc,1971,3.73694515228271
hpc,1972,3.79331421852112
hpc,1973,3.82914924621582
hpc,1974,3.90405368804932
hpc,1975,4.07506561279297
hpc,1976,4.28256750106812
hpc,1977,4.44639253616333
hpc,1978,4.61946725845337
hpc,1979,4.82180404663086
hpc,1980,5.02337074279785
hpc,1981,5.1838698387146
hpc,1982,5.14816379547119
hpc,1983,5.17958688735962
hpc,1984,5.1739616394043
hpc,1985,5.08021259307861
hpc,1986,5.08558702468872
hpc,1987,5.03395223617554
hpc,1988,5.09528112411499
hpc,1989,4.96833419799805
hpc,1990,4.85443592071533
hpc,1991,4.9986777305603
hpc,1992,4.88859844207764
hpc,1993,4.89805793762207
hpc,1994,4.99409055709839
hpc,1995,5.16205453872681
hpc,1996,5.1986289024353
hpc,1997,5.45107269287109
hpc,1998,5.59566402435303
hpc,1999,5.67389249801636
hpc,2000,5.87004518508911
hpc,2001,6.14400434494019
hpc,2002,6.55858612060547
hpc,2003,6.8310284614563
hpc,2004,7.10598945617676
hpc,2005,7.3687891960144
hpc,2006,7.64526319503784
hpc,2007,7.90798187255859
hpc,2008,8.26182174682617
hpc,2009,8.36682224273682
hpc,2010,8.46529579162598
hpc,2011,8.58175945281982
hpc,2012,8.6461877822876
hpc,2013,8.71230792999268
hpc,2014,8.7805290222168
hrv,1993,9.66819953918457
hrv,1994,10.1001300811768
hrv,1995,9.9579496383667
hrv,1996,9.9868803024292
hrv,1997,10.1045598983765
hrv,1998,10.3963403701782
hrv,1999,10.6066303253174
hrv,2000,10.7087001800537
hrv,2001,10.8154602050781
hrv,2002,11.020770072937
hrv,2003,11.2226295471191
hrv,2005,11.6981401443481
hrv,2006,11.9661903381348
hrv,2007,11.9473896026611
hrv,2008,11.7448797225952
hrv,2009,11.7709197998047
hrv,2010,11.7687702178955
hrv,2011,11.7609300613403
hrv,2012,11.8486003875732
hrv,2014,11.9310598373413
hti,1979,4.51381015777588
hti,1980,5.01989984512329
hti,1981,5.51426982879639
hti,1982,5.45965003967285
hti,1983,6.03064012527466
hti,1984,6.413489818573
hti,1986,6.80238008499146
hun,1971,9.83308029174805
hun,1972,9.82966995239258
hun,1973,9.97620964050293
hun,1974,9.98995018005371
hun,1975,10.0982799530029
hun,1976,10.1826000213623
hun,1977,10.3132801055908
hun,1978,10.4287700653076
hun,1979,10.5638904571533
hun,1980,10.7023401260376
hun,1981,10.8936195373535
hun,1982,11.21399974823
hun,1983,11.3023796081543
hun,1984,11.2579402923584
hun,1985,11.1509103775024
hun,1986,11.0099897384644
hun,1987,10.7918701171875
hun,1988,10.5742702484131
hun,1989,10.4517002105713
hun,1990,10.4024095535278
hun,1991,10.3993396759033
hun,1992,10.4736204147339
hun,1994,11.5991697311401
hun,1995,11.7145299911499
hun,1996,11.9479198455811
hun,1997,11.7458896636963
hun,1998,11.4622201919556
hun,1999,11.5956802368164
hun,2000,11.7231998443604
hun,2001,11.838399887085
hun,2002,11.9001903533936
hun,2003,12.0352401733398
hun,2004,11.6120700836182
hun,2005,11.6611003875732
hun,2006,11.6892795562744
hun,2007,11.7080497741699
hun,2008,11.8240404129028
hun,2009,11.9335498809814
hun,2010,12.072790145874
hun,2011,12.0917596817017
hun,2012,12.1290798187256
hun,2013,12.4700403213501
hun,2014,12.4411497116089
idn,1970,6.11769008636475
idn,1971,6.31127023696899
idn,1972,6.39765977859497
idn,1973,6.33630990982056
idn,1974,6.3671498298645
idn,1975,6.56784009933472
idn,1976,6.74641990661621
idn,1977,6.9510498046875
idn,1978,7.52405977249146
idn,1981,8.34197998046875
idn,1982,8.71761035919189
idn,1983,9.05212020874023
idn,1984,9.25317001342773
idn,1986,9.70536994934082
idn,1987,9.95759010314941
idn,1988,9.99281024932861
idn,1989,9.92891979217529
idn,1990,9.65590953826904
idn,1991,9.45895957946777
idn,1992,9.31009960174561
idn,1993,9.25160026550293
idn,1994,9.36250019073486
idn,1995,9.49773979187012
idn,1996,9.64192008972168
idn,1997,9.85536003112793
idn,1998,9.9071102142334
idn,1999,9.94838047027588
idn,2000,9.83253955841064
idn,2001,9.92986965179443
idn,2002,10.0324296951294
idn,2003,10.179220199585
idn,2004,10.2399101257324
idn,2005,10.0729198455811
idn,2006,10.116849899292
idn,2007,10.7708301544189
idn,2008,10.6276998519897
idn,2009,10.9726800918579
idn,2010,11.1115503311157
idn,2011,11.2570495605469
idn,2012,11.3416795730591
idn,2013,11.3409099578857
idn,2014,11.3125600814819
ind,1971,5.63615989685059
ind,1972,5.69328022003174
ind,1973,5.88046979904175
ind,1975,5.93847990036011
ind,1976,5.93981981277466
ind,1977,6.10864019393921
ind,1978,5.94408988952637
ind,1980,6.15460014343262
ind,1981,6.33561992645264
ind,1982,6.47508001327515
ind,1983,6.71214008331299
ind,1984,6.89005994796753
ind,1986,7.13806009292603
ind,1987,7.00379991531372
ind,1988,7.07609987258911
ind,1989,7.23701000213623
ind,1993,7.86229991912842
ind,1994,7.9410400390625
ind,1995,7.90642023086548
ind,1996,7.8950400352478
ind,1997,7.91499996185303
ind,1999,7.62316989898682
ind,2000,7.8410701751709
ind,2001,7.85564994812012
ind,2002,8.02138042449951
ind,2003,8.59403991699219
ind,2007,9.50522994995117
ind,2008,9.75109958648682
ind,2009,9.63484954833984
ind,2010,9.8586597442627
ind,2011,10.0397701263428
ind,2012,10.3030996322632
ind,2013,10.3401298522949
irl,1971,10.2861499786377
irl,1972,10.2640600204468
irl,1973,10.4580297470093
irl,1974,10.4856395721436
irl,1975,10.6491298675537
irl,1976,10.8093700408936
irl,1977,10.9143199920654
irl,1978,10.9469804763794
irl,1979,10.9048299789429
irl,1980,10.8214197158813
irl,1981,10.7599401473999
irl,1982,10.7936697006226
irl,1983,10.7977800369263
irl,1984,10.6873502731323
irl,1985,10.6864004135132
irl,1986,10.7709398269653
irl,1987,10.8058099746704
irl,1988,10.795220375061
irl,1989,10.7524900436401
irl,1990,10.7345104217529
irl,1991,10.7257604598999
irl,1992,10.7906103134155
irl,1993,11.2037696838379
irl,1994,11.2979097366333
irl,1995,11.340350151062
irl,1996,11.298680305481
irl,1997,11.4339399337769
irl,1998,13.3304901123047
irl,1999,13.356650352478
irl,2000,13.3802700042725
irl,2001,13.365180015564
irl,2002,13.5968704223633
irl,2003,13.7777099609375
irl,2004,13.926549911499
irl,2005,13.972900390625
irl,2006,14.0210304260254
irl,2007,14.2116098403931
irl,2008,14.2969903945923
irl,2009,14.4571304321289
irl,2010,14.5648097991943
irl,2011,14.4211597442627
irl,2012,14.4742403030396
irn,1971,5.97243022918701
irn,1972,5.98426008224487
irn,1973,6.2850399017334
irn,1974,6.58575010299683
irn,1975,7.25964021682739
irn,1976,7.72996997833252
irn,1977,8.07621002197266
irn,1985,8.34342002868652
irn,1988,8.80955028533936
irn,1990,9.20034980773926
irn,1991,9.27334022521973
irn,1992,9.72644996643066
irn,1993,9.91452980041504
irn,1994,10.1412296295166
irn,1995,10.2553195953369
irn,1997,10.3340101242065
irn,1999,10.4135799407959
irn,2000,10.3882303237915
irn,2001,10.4781103134155
irn,2002,10.384819984436
irn,2003,10.2900104522705
irn,2004,10.3396100997925
irn,2005,10.2954196929932
irn,2006,10.5820398330688
irn,2007,10.6353101730347
irn,2008,10.9784498214722
irn,2009,11.1288795471191
irn,2010,11.0034503936768
irn,2011,11.2035703659058
irn,2012,11.364109992981
irn,2013,12.1041202545166
irn,2014,11.7016401290894
irq,1971,5.82085990905762
irq,1972,6.05590009689331
irq,1973,6.35361003875732
irq,1974,6.60999011993408
irq,1975,7.0764799118042
irq,1976,7.67125988006592
irq,1977,8.13982963562012
irq,1978,8.49812984466553
irq,1979,9.63280963897705
irq,1980,10.0922498703003
irq,1981,9.94559001922607
irq,1982,9.78647041320801
irq,1983,9.34646987915039
irq,1984,9.02910995483398
irq,1985,9.32936000823975
irq,1986,9.31035995483398
irq,1987,9.34251022338867
irq,1988,9.25428009033203
irq,1989,9.11384010314941
irq,1993,7.95060014724731
irq,1996,7.45961999893188
irq,1999,8.00411987304688
irq,2000,8.10727024078369
irq,2003,9.00829982757568
irq,2004,9.25384998321533
irq,2007,9.87823009490967
isl,1971,11.5031003952026
isl,1972,11.6472702026367
isl,1975,11.5867900848389
isl,1976,11.6913299560547
isl,1977,11.8664102554321
isl,1978,11.7002401351929
isl,1979,11.7932596206665
isl,1980,11.5799198150635
isl,1981,11.9463300704956
isl,1982,12.0557498931885
isl,1983,12.1375799179077
isl,1984,12.3046503067017
isl,1985,12.4081201553345
isl,1986,12.3692903518677
isl,1987,12.5836400985718
isl,1988,12.6683597564697
isl,1989,12.8523998260498
isl,1990,12.9674196243286
isl,1991,14.0619297027588
isl,1992,14.1280498504639
isl,1993,14.11256980896
isl,1994,14.0086402893066
isl,1995,14.0601902008057
isl,1996,14.0946502685547
isl,1998,14.7969799041748
isl,1999,14.6733703613281
isl,2000,14.6989698410034
isl,2001,14.7268400192261
isl,2002,14.8466901779175
isl,2003,15.0272102355957
isl,2004,14.4265098571777
isl,2005,14.5000095367432
isl,2006,14.5310096740723
isl,2007,14.5083503723145
isl,2008,14.5700902938843
isl,2009,14.520359992981
isl,2010,14.5746898651123
isl,2011,14.4945201873779
isl,2012,14.691370010376
isr,1973,10.7165498733521
isr,1974,10.7729501724243
isr,1975,10.780590057373
isr,1976,10.8015298843384
isr,1977,10.8451499938965
isr,1978,10.9078302383423
isr,1979,10.9060897827148
isr,1980,11.0504598617554
isr,1981,11.0364904403687
isr,1982,11.12034034729
isr,1983,11.275710105896
isr,1984,11.3473796844482
isr,1985,11.3823204040527
isr,1986,11.268159866333
isr,1987,11.2139701843262
isr,1988,11.24880027771
isr,1989,11.2232904434204
isr,1990,11.046070098877
isr,1991,11.3059101104736
isr,1992,11.5594396591187
isr,1993,11.5560903549194
isr,1994,11.4934501647949
isr,1995,11.5704402923584
isr,1996,11.5749702453613
isr,1999,12.3080101013184
isr,2000,12.5448799133301
isr,2001,12.6069898605347
isr,2002,12.7250604629517
isr,2003,12.6665000915527
isr,2004,12.5956001281738
isr,2005,12.5215301513672
isr,2006,12.4794902801514
isr,2007,12.4743404388428
isr,2008,12.3525104522705
isr,2009,12.3226203918457
isr,2010,12.4037704467773
isr,2011,12.4270696640015
isr,2012,12.4289903640747
isr,2013,12.3917503356934
isr,2014,12.3957004547119
ita,1971,10.2212295532227
ita,1972,10.3974304199219
ita,1973,10.607029914856
ita,1974,10.7160396575928
ita,1975,10.7565603256226
ita,1976,10.9281301498413
ita,1977,10.9815797805786
ita,1978,10.9923496246338
ita,1979,10.9302101135254
ita,1980,10.9041900634766
ita,1981,10.8705501556396
ita,1982,10.8484802246094
ita,1983,10.8631601333618
ita,1984,10.8924398422241
ita,1985,10.9412899017334
ita,1986,10.9925899505615
ita,1987,11.0448198318481
ita,1988,11.1289796829224
ita,1989,11.2046899795532
ita,1990,11.352970123291
ita,1991,11.418140411377
ita,1992,11.5663003921509
ita,1993,11.6957597732544
ita,1994,11.9404401779175
ita,1995,12.0127696990967
ita,1996,12.1343202590942
ita,1997,12.2193603515625
ita,1998,12.2836999893188
ita,1999,12.5272102355957
ita,2000,12.5359201431274
ita,2001,12.7456398010254
ita,2002,12.8328895568848
ita,2003,12.8955602645874
ita,2004,12.8719396591187
ita,2005,12.9204397201538
ita,2006,13.0262203216553
ita,2007,13.1218395233154
ita,2008,13.2043104171753
ita,2009,13.1895399093628
ita,2010,13.2808599472046
ita,2011,13.2952404022217
ita,2012,13.17516040802
ita,2013,13.2597398757935
jam,1973,9.85441017150879
jam,1974,9.6447696685791
jam,1975,9.57719039916992
jam,1976,9.89188003540039
jam,1977,10.0031795501709
jam,1979,10.6746196746826
jam,1980,10.8041400909424
jam,1981,10.703989982605
jam,1982,10.6343097686768
jam,1983,10.5483999252319
jam,1984,10.3729801177979
jam,1985,10.4040098190308
jam,1986,10.2655296325684
jam,1987,10.525050163269
jam,1988,10.7211799621582
jam,1989,10.7887897491455
jam,1991,11.0339803695679
jam,1993,10.591010093689
jam,1999,10.1015901565552
jam,2000,10.1496295928955
jam,2001,10.1030597686768
jam,2002,10.1256999969482
jam,2003,10.0406303405762
jam,2004,10.4031801223755
jor,1971,9.0042896270752
jor,1972,9.36225986480713
jor,1973,9.69449996948242
jor,1974,10.1621398925781
jor,1975,10.5409097671509
jor,1976,10.9058399200439
jor,1977,11.1306400299072
jor,1978,11.2368402481079
jor,1979,11.311429977417
jor,1980,11.1832304000854
jor,1981,11.1239004135132
jor,1982,11.0942296981812
jor,1983,10.9478197097778
jor,1984,10.9532403945923
jor,1985,11.030309677124
jor,1986,11.0185403823853
jor,1987,10.9047403335571
jor,1988,11.0042295455933
jor,1989,10.7623701095581
jor,1990,10.7028503417969
jor,1991,10.7446403503418
jor,1992,10.9876403808594
jor,1993,10.9681701660156
jor,1994,10.9561796188354
jor,1996,11.154109954834
jor,1999,11.205189704895
jor,2000,11.288519859314
jor,2002,11.6924295425415
jor,2003,11.8306798934937
jor,2004,11.829400062561
jor,2005,11.7543201446533
jor,2006,11.7065496444702
jor,2007,11.5724201202393
jor,2008,11.4473495483398
jor,2010,10.8109903335571
jor,2011,10.5844497680664
jor,2012,10.3838901519775
jpn,1971,11.1980495452881
jpn,1972,11.2549495697021
jpn,1973,11.3425598144531
jpn,1974,11.3345098495483
jpn,1975,11.4600496292114
jpn,1976,11.5733499526978
jpn,1977,11.6546497344971
jpn,1978,11.6552600860596
jpn,1979,11.6646995544434
jpn,1980,11.6792097091675
jpn,1981,11.6978101730347
jpn,1982,11.6890296936035
jpn,1983,11.6622400283813
jpn,1984,11.5993404388428
jpn,1985,11.7030601501465
jpn,1986,11.8436698913574
jpn,1987,11.8576202392578
jpn,1988,11.8424100875854
jpn,1989,11.8411903381348
jpn,1990,11.8502597808838
jpn,1991,11.9452104568481
jpn,1992,11.9822397232056
jpn,1993,11.9592399597168
jpn,1994,12.1903400421143
jpn,1995,12.2362699508667
jpn,1996,12.2279996871948
jpn,1998,12.1535501480103
jpn,1999,12.148509979248
jpn,2000,12.1702499389648
jpn,2001,12.1989603042603
jpn,2002,12.2211904525757
jpn,2003,12.1874704360962
jpn,2004,12.1756296157837
jpn,2005,12.1647300720215
jpn,2006,12.1763801574707
jpn,2007,12.1383304595947
jpn,2008,12.1251201629639
jpn,2009,12.1689500808716
jpn,2010,12.2219104766846
jpn,2011,12.2572202682495
jpn,2012,12.2413997650146
jpn,2013,12.2087697982788
kaz,1981,9.88129997253418
kaz,1986,10.5602102279663
kaz,1989,10.48171043396
kaz,1990,10.4374599456787
kaz,1991,10.3851699829102
kaz,1992,10.416729927063
kaz,1993,10.3347997665405
kaz,1994,10.1939897537231
kaz,1997,10.3652200698853
kaz,1998,10.1522598266602
kaz,1999,10.3433198928833
kaz,2000,10.3546304702759
kaz,2006,11.088529586792
kaz,2010,11.2308197021484
kaz,2011,11.3447999954224
kaz,2012,11.482029914856
kaz,2013,11.5266895294189
kaz,2014,11.7385997772217
kaz,2015,11.8671102523804
ken,1970,4.93440008163452
ken,1971,5.09504985809326
ken,1972,5.40633010864258
ken,1973,5.63573980331421
ken,1974,7.79542016983032
ken,1975,8.06717014312744
ken,1976,7.97683000564575
ken,1977,7.95761013031006
ken,1978,7.81590986251831
ken,1979,9.05527019500732
ken,1980,9.29269981384277
ken,1981,9.0164098739624
ken,1982,9.09644985198975
ken,1983,9.12685012817383
ken,1984,8.94402980804443
ken,1985,9.16831016540527
ken,1986,9.09646034240723
ken,1987,9.19709014892578
ken,1988,9.03143978118896
ken,1999,7.90978002548218
ken,2000,8.2083797454834
ken,2001,8.34920978546143
ken,2002,8.07443046569824
ken,2003,9.14797019958496
ken,2004,9.43908023834229
ken,2005,9.54084014892578
ken,2006,9.58576011657715
ken,2007,10.1675996780396
ken,2008,10.6320695877075
ken,2009,10.7831001281738
ken,2012,11.4556398391724
kgz,1981,11.1701097488403
kgz,1986,11.3014602661133
kgz,1989,10.5777597427368
kgz,1990,10.4536399841309
kgz,1991,10.3129196166992
kgz,1992,10.216420173645
kgz,1993,9.96807956695557
kgz,1994,9.62135982513428
kgz,1995,9.43970966339111
kgz,1996,9.2892599105835
kgz,1999,9.67000007629395
kgz,2000,9.72480010986328
kgz,2001,9.79467010498047
kgz,2002,9.72813987731934
kgz,2003,10.1144599914551
kgz,2004,10.0661697387695
kgz,2005,9.98548030853271
kgz,2006,10.031720161438
kgz,2007,9.9608097076416
kgz,2008,9.88504028320313
kgz,2009,9.80517959594727
kgz,2010,9.80850982666016
kgz,2011,10.0839099884033
kgz,2013,10.2908601760864
kgz,2014,10.6273698806763
khm,1971,2.16015005111694
khm,1972,2.91919994354248
khm,1991,6.73535013198853
khm,1998,6.8636999130249
khm,1999,7.07630014419556
khm,2000,7.44411993026733
khm,2001,8.06554985046387
khm,2002,9.10861015319824
khm,2003,9.5164098739624
khm,2004,9.76165962219238
khm,2006,9.99263000488281
khm,2007,10.0774202346802
khm,2008,10.0081596374512
kir,1971,7.94428014755249
kir,1972,9.69715976715088
kir,1973,8.12234973907471
kir,1975,10.4374303817749
kir,1977,9.99567031860352
kir,1978,10.2247104644775
kir,1979,10.4037704467773
kir,1980,10.8708600997925
kir,1981,10.5976400375366
kir,1982,10.9226102828979
kir,1983,10.7164402008057
kir,1984,10.4885997772217
kir,1985,10.5984601974487
kir,1986,10.4375400543213
kir,1987,10.2639102935791
kir,1988,9.94962024688721
kir,1989,10.6687898635864
kir,1990,10.4452695846558
kir,1991,10.8364400863647
kir,1992,10.9775295257568
kir,1994,11.007209777832
kir,1995,10.8742704391479
kir,1996,11.0351295471191
kir,1998,10.9537000656128
kir,1999,10.0053596496582
kir,2000,10.3935098648071
kir,2001,11.7419004440308
kir,2002,11.5876502990723
kir,2003,12.3871803283691
kir,2004,12.1545095443726
kir,2005,12.1248798370361
kir,2006,11.7826900482178
kir,2007,11.6475601196289
kir,2008,11.8686103820801
kna,1984,11.7389402389526
kna,1985,11.5879402160645
kna,1986,11.8394002914429
kna,1987,12.1338901519775
kna,1988,12.3293399810791
kna,1989,12.3661203384399
kna,1992,12.5821504592896
kna,1993,12.4963102340698
kna,2000,12.6528997421265
kna,2001,11.9306201934814
kna,2002,11.5824403762817
kna,2003,11.4157199859619
kna,2004,11.2427101135254
kna,2005,11.2966995239258
kna,2007,11.7506904602051
kna,2008,11.8594999313354
kna,2009,11.5162801742554
kna,2010,11.4129400253296
kna,2011,11.0413904190063
kna,2012,10.1058597564697
kna,2013,11.0114402770996
kna,2014,10.4481296539307
kor,1971,8.77385997772217
kor,1972,9.06348991394043
kor,1973,9.22642040252686
kor,1974,9.36999034881592
kor,1975,9.51716995239258
kor,1976,9.80815029144287
kor,1977,9.98431015014648
kor,1978,10.2177400588989
kor,1979,10.5541095733643
kor,1980,10.9354295730591
kor,1981,11.278829574585
kor,1982,11.2902498245239
kor,1983,11.3504295349121
kor,1984,11.5051097869873
kor,1985,11.5357103347778
kor,1986,11.5827398300171
kor,1987,11.751070022583
kor,1988,11.6836004257202
kor,1989,11.7800397872925
kor,1990,11.8732204437256
kor,1991,11.8975095748901
kor,1992,11.8684797286987
kor,1993,11.9516696929932
kor,1994,12.188570022583
kor,1995,12.2826595306396
kor,1996,12.3900899887085
kor,1997,12.3849897384644
kor,1998,12.1577501296997
kor,1999,12.1038198471069
kor,2000,11.9744501113892
kor,2001,11.778980255127
kor,2002,11.7130498886108
kor,2003,11.8419303894043
kor,2004,12.0134401321411
kor,2005,12.302300453186
kor,2006,12.3232498168945
kor,2007,12.288459777832
kor,2008,12.1292600631714
kor,2009,11.9359397888184
kor,2010,11.8501596450806
kor,2011,11.8363800048828
kor,2012,11.7942304611206
kor,2013,11.781060218811
kwt,1971,9.19651031494141
kwt,1972,9.05541038513184
kwt,1973,8.89482021331787
kwt,1974,8.7963399887085
kwt,1975,8.86128997802734
kwt,1976,9.11754035949707
kwt,1977,10.1431398391724
kwt,1978,10.156439781189
kwt,1979,10.393030166626
kwt,1980,10.5657901763916
kwt,1981,10.6683502197266
kwt,1982,10.8039703369141
kwt,1983,11.0150299072266
kwt,1984,11.2080698013306
kwt,1985,11.3587503433228
kwt,1986,11.3650703430176
kwt,1987,10.8755397796631
kwt,1988,10.4547300338745
kwt,1989,10.1246299743652
kwt,1990,9.983229637146
kwt,1992,6.51593017578125
kwt,1993,7.62494993209839
kwt,1994,9.06752967834473
kwt,1995,10.6031503677368
kwt,1996,12.1113500595093
kwt,1997,12.2493200302124
kwt,1998,12.2722702026367
kwt,1999,12.1855401992798
kwt,2000,12.0988798141479
kwt,2001,12.1110200881958
kwt,2003,12.5645198822021
kwt,2004,12.7216596603394
kwt,2005,13.1012496948242
kwt,2006,12.4985504150391
kwt,2007,12.2037200927734
kwt,2008,11.7469902038574
kwt,2009,11.6036195755005
kwt,2010,11.6391696929932
kwt,2011,11.8043899536133
kwt,2012,11.7086000442505
kwt,2013,11.6117296218872
kwt,2014,11.6153497695923
lac,1970,9.88200569152832
lac,1971,9.87167739868164
lac,1972,9.90202713012695
lac,1973,10.0305166244507
lac,1974,10.1135301589966
lac,1975,10.180811882019
lac,1976,10.3407497406006
lac,1977,10.5666198730469
lac,1978,10.5751523971558
lac,1979,10.7545213699341
lac,1980,10.8478384017944
lac,1981,10.9351978302002
lac,1982,10.9971914291382
lac,1983,11.0404424667358
lac,1984,11.1059894561768
lac,1985,11.1849155426025
lac,1986,11.205267906189
lac,1987,11.208158493042
lac,1988,11.1788291931152
lac,1989,11.142183303833
lac,1990,11.084511756897
lac,1991,11.0818881988525
lac,1992,11.1256465911865
lac,1993,11.140287399292
lac,1994,11.1307544708252
lac,1995,11.1890668869019
lac,1996,11.2882165908813
lac,1997,11.3330383300781
lac,1998,11.4624099731445
lac,1999,11.5523319244385
lac,2000,11.6485176086426
lac,2001,11.6283760070801
lac,2002,11.7246513366699
lac,2003,11.5027828216553
lac,2004,11.4886360168457
lac,2005,11.4914827346802
lac,2006,11.4356927871704
lac,2007,11.4085636138916
lac,2008,11.5090703964233
lac,2009,11.5617713928223
lac,2010,11.6449508666992
lac,2011,11.6366682052612
lac,2012,11.6158180236816
lac,2013,11.9045848846436
lac,2014,11.886381149292
lao,1971,3.75237011909485
lao,1972,4.00056982040405
lao,1973,4.0281400680542
lao,1977,5.66560983657837
lao,1978,5.85551023483276
lao,1979,6.20677995681763
lao,1980,6.24959993362427
lao,1981,6.36812019348145
lao,1984,6.14062023162842
lao,1985,6.15505981445313
lao,1986,6.32356977462769
lao,1988,6.90697002410889
lao,1990,6.61537981033325
lao,1992,6.38209009170532
lao,1993,6.82934999465942
lao,1994,7.11469984054565
lao,1995,6.78125
lao,1996,7.35270023345947
lao,1997,7.56029987335205
lao,1998,7.73535013198853
lao,1999,7.76888990402222
lao,2000,7.7360200881958
lao,2001,7.68970012664795
lao,2002,7.91025018692017
lao,2003,8.13131046295166
lao,2004,8.27073955535889
lao,2005,8.34109020233154
lao,2006,8.32513046264648
lao,2007,8.37979984283447
lao,2008,8.46630954742432
lao,2009,8.6817102432251
lao,2010,8.86579990386963
lao,2011,9.18290996551514
lao,2012,9.31768989562988
lao,2013,9.54586982727051
lao,2014,9.82921981811523
lbn,1971,9.757080078125
lbn,1978,9.85830020904541
lbn,1980,10.2396697998047
lbn,1981,10.806209564209
lbn,1982,10.848090171814
lbn,1985,9.60601043701172
lbn,1992,10.4048700332642
lbn,1994,10.6987895965576
lbn,1995,11.058970451355
lbn,1996,11.3057498931885
lbn,1997,11.7347898483276
lbn,1998,12.7014503479004
lbn,1999,13.0319204330444
lbn,2000,13.0481395721436
lbn,2001,13.0335702896118
lbn,2002,12.5687398910522
lbn,2003,12.0130500793457
lbn,2004,11.5280704498291
lbn,2005,11.0350103378296
lbn,2006,10.6833295822144
lbn,2007,10.707859992981
lbn,2008,10.7179203033447
lbn,2009,10.8733196258545
lbn,2010,10.7995595932007
lbn,2011,10.8009395599365
lbn,2012,10.2208595275879
lbn,2013,9.93653011322021
lbr,1970,2.74575996398926
lbr,1971,2.86864995956421
lbr,1972,3.03820991516113
lbr,1975,3.43171000480652
lbr,1976,3.16531991958618
lbr,1978,4.03185987472534
lbr,1979,4.14938020706177
lbr,1980,4.29413986206055
lbr,1999,8.06781005859375
lbr,2000,9.27993011474609
lbr,2011,9.90291976928711
lbr,2014,9.21984004974365
lby,1971,7.8856201171875
lby,1972,8.72957038879395
lby,1973,9.46280002593994
lby,1974,10.0041399002075
lby,1975,10.3972501754761
lby,1976,10.8999395370483
lby,1977,11.1229696273804
lby,1978,10.9065399169922
lby,1979,11.2241296768188
lby,1980,11.4640998840332
lby,1981,11.2247896194458
lby,1983,11.3061599731445
lby,1986,10.8895998001099
lby,2002,13.0247898101807
lby,2003,12.8705501556396
lby,2005,12.1815795898438
lby,2006,12.9661798477173
lca,1972,8.50918006896973
lca,1973,9.04240989685059
lca,1974,9.50767040252686
lca,1975,9.83512020111084
lca,1976,10.0097703933716
lca,1977,10.2117204666138
lca,1978,10.2103700637817
lca,1980,10.171799659729
lca,1981,9.76383972167969
lca,1982,10.4955701828003
lca,1983,10.7587299346924
lca,1984,10.8657102584839
lca,1985,11.4076204299927
lca,1986,11.4449596405029
lca,1987,11.5714302062988
lca,1990,12.5684204101563
lca,1991,12.4806003570557
lca,1992,12.7298803329468
lca,1993,13.184419631958
lca,1997,12.7846002578735
lca,1999,10.9249200820923
lca,2000,10.9847002029419
lca,2001,11.0951404571533
lca,2002,10.9718503952026
lca,2003,10.9905595779419
lca,2004,10.8440599441528
lca,2005,11.1026201248169
lca,2006,11.5958404541016
lca,2007,11.423620223999
lcn,1970,9.91695499420166
lcn,1971,9.92971038818359
lcn,1972,9.96615695953369
lcn,1973,10.0929889678955
lcn,1974,10.1679773330688
lcn,1975,10.2213230133057
lcn,1976,10.3653545379639
lcn,1977,10.5824842453003
lcn,1978,10.5916509628296
lcn,1979,10.766037940979
lcn,1980,10.8532371520996
lcn,1981,10.942834854126
lcn,1982,10.9993858337402
lcn,1983,11.0453357696533
lcn,1984,11.1078290939331
lcn,1985,11.1891069412231
lcn,1986,11.2094421386719
lcn,1987,11.2135057449341
lcn,1988,11.186993598938
lcn,1989,11.1509399414063
lcn,1990,11.0921049118042
lcn,1991,11.1154232025146
lcn,1992,11.1529912948608
lcn,1993,11.1372938156128
lcn,1994,11.1282901763916
lcn,1995,11.1855707168579
lcn,1996,11.282769203186
lcn,1997,11.33336353302
lcn,1998,11.4608812332153
lcn,1999,11.556453704834
lcn,2000,11.6555089950562
lcn,2001,11.6377458572388
lcn,2002,11.7326784133911
lcn,2003,11.521803855896
lcn,2004,11.5149126052856
lcn,2005,11.5163745880127
lcn,2006,11.4629850387573
lcn,2007,11.4346609115601
lcn,2008,11.5289573669434
lcn,2009,11.5732202529907
lcn,2010,11.6475601196289
lcn,2011,11.6342220306396
lcn,2012,11.6111116409302
lcn,2013,11.9002981185913
lcn,2014,11.8830347061157
ldc,1970,3.75049495697021
ldc,1971,3.71796727180481
ldc,1972,3.88764715194702
ldc,1973,4.03881931304932
ldc,1974,4.07988500595093
ldc,1975,4.24227237701416
ldc,1976,4.37489891052246
ldc,1977,4.45730066299438
ldc,1978,4.60142374038696
ldc,1979,4.76022529602051
ldc,1980,4.9265022277832
ldc,1981,4.9984393119812
ldc,1982,5.05426979064941
ldc,1983,5.10384845733643
ldc,1984,5.08477020263672
ldc,1985,4.96459293365479
ldc,1986,4.97942686080933
ldc,1987,4.95807027816772
ldc,1988,5.11887836456299
ldc,1989,5.07566547393799
ldc,1990,4.97141361236572
ldc,1991,5.13333320617676
ldc,1992,5.15508794784546
ldc,1993,5.2248330116272
ldc,1994,5.34834289550781
ldc,1995,5.51857376098633
ldc,1996,5.62228775024414
ldc,1997,5.83559703826904
ldc,1998,5.98943853378296
ldc,1999,6.09035634994507
ldc,2000,6.28457641601563
ldc,2001,6.48529386520386
ldc,2002,6.85713624954224
ldc,2003,7.10568523406982
ldc,2004,7.29909610748291
ldc,2005,7.49269008636475
ldc,2006,7.73934364318848
ldc,2007,7.92501449584961
ldc,2008,8.18262672424316
ldc,2009,8.33072376251221
ldc,2010,8.45176696777344
ldc,2011,8.64038372039795
ldc,2012,8.69406700134277
ldc,2013,8.78785228729248
ldc,2014,8.83417510986328
lic,1970,3.45933866500854
lic,1971,3.47596025466919
lic,1972,3.55707263946533
lic,1973,3.63591027259827
lic,1974,3.74978756904602
lic,1975,3.97352623939514
lic,1976,4.16765213012695
lic,1977,4.33628463745117
lic,1978,4.50051355361938
lic,1979,4.69203615188599
lic,1980,4.92303133010864
lic,1981,5.15899753570557
lic,1982,5.1195969581604
lic,1983,5.15360832214355
lic,1984,5.1631441116333
lic,1985,5.04314231872559
lic,1986,5.05348110198975
lic,1987,4.96969127655029
lic,1988,5.04696655273438
lic,1989,4.98934268951416
lic,1990,4.86470508575439
lic,1991,5.01208829879761
lic,1992,4.89748859405518
lic,1993,4.91592931747437
lic,1994,5.0092945098877
lic,1995,5.20721197128296
lic,1996,5.28295850753784
lic,1997,5.54691410064697
lic,1998,5.70874309539795
lic,1999,5.78095293045044
lic,2000,5.98194026947021
lic,2001,6.2191948890686
lic,2002,6.67431163787842
lic,2003,6.95279788970947
lic,2004,7.21522283554077
lic,2005,7.46898937225342
lic,2006,7.77786493301392
lic,2007,8.03171443939209
lic,2008,8.37834167480469
lic,2009,8.49877738952637
lic,2010,8.60353755950928
lic,2011,8.72993564605713
lic,2012,8.75357246398926
lic,2013,8.80367374420166
lic,2014,8.86651134490967
lie,2003,13.167329788208
lie,2004,13.1799297332764
lie,2006,12.9238500595093
lie,2007,12.8393602371216
lie,2008,12.8106498718262
lie,2009,12.686559677124
lie,2010,12.9521903991699
lie,2011,13.0182695388794
lie,2012,12.9190101623535
lie,2014,13.2122898101807
lka,1970,8.27840042114258
lka,1971,8.53526973724365
lka,1972,8.3135404586792
lka,1973,8.1839599609375
lka,1974,7.83127021789551
lka,1976,7.44437980651855
lka,1980,9.69163036346436
lka,1981,9.88043022155762
lka,1982,9.90791034698486
lka,1983,10.0025596618652
lka,1984,10.1452398300171
lka,1985,10.3155097961426
lka,1986,10.5724601745605
lka,1987,10.7800598144531
lka,1988,10.9895296096802
lka,1989,11.1644897460938
lka,1990,11.2506504058838
lka,1991,11.257399559021
lka,1992,11.3265600204468
lka,1993,11.4211597442627
lka,1994,11.5604600906372
lka,1995,11.6855897903442
lka,2010,12.7517204284668
lka,2011,12.9234304428101
lka,2012,12.9091501235962
lka,2013,12.9933700561523
lmc,1970,5.74946308135986
lmc,1971,5.76557397842407
lmc,1972,5.84882593154907
lmc,1973,5.97432470321655
lmc,1974,6.0020866394043
lmc,1975,6.08304405212402
lmc,1976,6.12764930725098
lmc,1977,6.28248500823975
lmc,1978,6.33753776550293
lmc,1979,6.47353267669678
lmc,1980,6.62868881225586
lmc,1981,6.77841186523438
lmc,1982,6.9543662071228
lmc,1983,7.14156627655029
lmc,1984,7.25402212142944
lmc,1985,7.29779672622681
lmc,1986,7.32878589630127
lmc,1987,7.31562471389771
lmc,1988,7.37208843231201
lmc,1989,7.41245460510254
lmc,1990,7.42103719711304
lmc,1991,7.51927328109741
lmc,1992,7.60779285430908
lmc,1993,7.74101305007935
lmc,1994,7.8315372467041
lmc,1995,7.81083583831787
lmc,1996,7.83184862136841
lmc,1997,7.91197204589844
lmc,1998,7.89029359817505
lmc,1999,7.90790891647339
lmc,2000,8.05073833465576
lmc,2001,8.08398914337158
lmc,2002,8.20842838287354
lmc,2003,8.54795742034912
lmc,2004,8.72300052642822
lmc,2005,8.8974142074585
lmc,2006,8.99841690063477
lmc,2007,9.16183757781982
lmc,2008,9.26025772094727
lmc,2009,9.31660747528076
lmc,2010,9.51405715942383
lmc,2011,9.66645526885986
lmc,2012,9.84385108947754
lmc,2013,9.85013008117676
lmc,2014,9.85417079925537
lmy,1970,6.52346467971802
lmy,1971,6.62412214279175
lmy,1972,6.78133201599121
lmy,1973,7.0385594367981
lmy,1974,7.08550930023193
lmy,1975,7.19694948196411
lmy,1976,7.34738397598267
lmy,1977,7.54971075057983
lmy,1978,7.5953254699707
lmy,1979,7.58019018173218
lmy,1980,7.57597160339355
lmy,1981,7.61256504058838
lmy,1982,7.60340023040771
lmy,1983,7.65567493438721
lmy,1984,7.72506141662598
lmy,1985,7.81470918655396
lmy,1986,7.90556192398071
lmy,1987,7.92528200149536
lmy,1988,7.99249219894409
lmy,1989,8.02623558044434
lmy,1990,8.01616859436035
lmy,1991,8.0877513885498
lmy,1992,8.14097309112549
lmy,1993,8.21331787109375
lmy,1994,8.2527027130127
lmy,1995,8.29355716705322
lmy,1996,8.33438682556152
lmy,1997,8.38830947875977
lmy,1998,8.38443374633789
lmy,1999,8.41050434112549
lmy,2000,8.54065704345703
lmy,2001,8.5506420135498
lmy,2002,8.68759822845459
lmy,2003,8.90564441680908
lmy,2004,9.07741069793701
lmy,2005,9.24680805206299
lmy,2006,9.36439228057861
lmy,2007,9.53911972045898
lmy,2008,9.70369625091553
lmy,2009,9.79013919830322
lmy,2010,9.96244430541992
lmy,2011,10.0927448272705
lmy,2012,10.2112703323364
lmy,2013,10.3047590255737
lmy,2014,10.2673377990723
lso,1970,7.29155015945435
lso,1971,6.70571994781494
lso,1972,6.78769016265869
lso,1973,7.20510005950928
lso,1975,7.64121007919312
lso,1976,7.77037000656128
lso,1977,7.75719022750854
lso,1978,7.85760021209717
lso,1979,7.98121976852417
lso,1980,8.14122009277344
lso,1981,8.45827007293701
lso,1982,8.77799987792969
lso,1983,9.00580978393555
lso,1984,9.04283046722412
lso,1985,9.27293014526367
lso,1986,9.30072021484375
lso,1987,9.45071983337402
lso,1988,9.76097965240479
lso,1989,9.60519027709961
lso,1990,9.56803035736084
lso,1991,9.62001037597656
lso,1992,9.55150032043457
lso,1993,9.2843599319458
lso,1994,9.6492395401001
lso,1995,9.8075704574585
lso,1996,9.71312046051025
lso,1997,9.17263984680176
lso,1998,9.63115978240967
lso,1999,9.44929981231689
lso,2000,10.158860206604
lso,2001,10.2749700546265
lso,2002,10.342809677124
lso,2003,10.5375099182129
lso,2004,10.5324697494507
lso,2005,10.4550304412842
lso,2006,10.4057197570801
lso,2007,9.99748039245605
lso,2008,10.0010900497437
lso,2009,10.0481996536255
lso,2010,10.3137197494507
lso,2011,10.3283500671387
lso,2012,10.4241695404053
lso,2013,10.1568202972412
lso,2014,10.087420463562
ltu,1986,11.7674503326416
ltu,1989,11.4078702926636
ltu,1990,11.1797504425049
ltu,1991,11.0264701843262
ltu,1992,10.7544498443604
ltu,1993,10.5137195587158
ltu,1994,10.4643602371216
ltu,1995,10.6478204727173
ltu,1996,10.9698495864868
ltu,1997,11.3198003768921
ltu,1998,11.4006395339966
ltu,1999,11.7543296813965
ltu,2000,12.1366701126099
ltu,2001,12.4375095367432
ltu,2002,12.5871801376343
ltu,2003,12.6484403610229
ltu,2004,12.2819299697876
ltu,2005,12.1457395553589
ltu,2006,12.0525598526001
ltu,2007,12.0698699951172
ltu,2008,12.0479803085327
ltu,2009,12.037260055542
ltu,2010,12.055230140686
ltu,2011,12.0212802886963
ltu,2012,12.0843095779419
ltu,2013,12.4093599319458
ltu,2014,12.5440101623535
lux,1971,9.96767997741699
lux,1972,9.93626976013184
lux,1973,9.80729007720947
lux,1974,9.95248031616211
lux,1975,9.80488967895508
lux,1976,9.8969202041626
lux,1977,9.94748020172119
lux,1978,10.0426597595215
lux,1979,9.99693965911865
lux,1980,9.80012989044189
lux,1981,10.3145999908447
lux,1982,10.4608201980591
lux,1983,10.4840202331543
lux,1984,10.5072002410889
lux,1986,10.6111898422241
lux,1987,10.560230255127
lux,1988,10.4666404724121
lux,1994,11.4058198928833
lux,1995,11.4580602645874
lux,1996,11.8454504013062
lux,1997,11.9791898727417
lux,1998,12.0293502807617
lux,1999,12.8018102645874
lux,2000,12.8111000061035
lux,2001,12.8481502532959
lux,2002,12.7958202362061
lux,2003,12.7385101318359
lux,2004,12.7453804016113
lux,2005,12.7549896240234
lux,2006,12.8337802886963
lux,2007,12.8795795440674
lux,2008,12.8769702911377
lux,2010,12.9673004150391
lux,2011,12.881199836731
lux,2012,12.8398399353027
lux,2013,12.9349603652954
lva,1981,12.1452903747559
lva,1982,12.1909503936768
lva,1983,12.2136602401733
lva,1984,12.2396602630615
lva,1985,12.3013801574707
lva,1986,12.2834196090698
lva,1987,12.8634395599365
lva,1988,12.6965999603271
lva,1989,12.5206298828125
lva,1990,11.3944702148438
lva,1991,11.3161897659302
lva,1992,11.1613998413086
lva,1993,10.7669801712036
lva,1994,10.5466403961182
lva,1995,10.600489616394
lva,1996,10.6611499786377
lva,1997,10.7625799179077
lva,1998,10.8596200942993
lva,1999,10.9931297302246
lva,2000,11.2640895843506
lva,2001,11.4627304077148
lva,2002,11.6092100143433
lva,2003,11.6808395385742
lva,2004,11.8056802749634
lva,2005,12.005729675293
lva,2006,11.9975595474243
lva,2007,12.074390411377
lva,2008,12.2762002944946
lva,2009,11.9589595794678
lva,2010,12.0551300048828
lva,2011,12.0471496582031
lva,2012,12.0401000976563
lva,2013,12.526439666748
lva,2014,12.6506996154785
mac,1971,4.83773994445801
mac,1972,4.79154014587402
mac,1973,5.08733987808228
mac,1974,5.01568984985352
mac,1975,5.18892002105713
mac,1976,6.18688011169434
mac,1977,7.97808980941772
mac,1978,7.74074983596802
mac,1979,8.8635196685791
mac,1990,10.1543703079224
mac,1992,10.6976299285889
mac,1993,10.7443199157715
mar,1971,3.27290010452271
mar,1972,3.33147001266479
mar,1973,3.38640999794006
mar,1974,3.43337988853455
mar,1975,3.65814995765686
mar,1976,4.07634019851685
mar,1977,4.33890008926392
mar,1978,4.64400005340576
mar,1979,4.98220014572144
mar,1980,5.22631978988647
mar,1981,5.52917003631592
mar,1982,5.97791004180908
mar,1983,6.24264001846313
mar,1984,6.37997007369995
mar,1985,6.15431976318359
mar,1986,6.27321004867554
mar,1987,6.21673011779785
mar,1988,6.21261978149414
mar,1989,5.98751020431519
mar,1990,6.00127983093262
mar,1991,5.98454999923706
mar,1992,6.09424018859863
mar,1993,6.28540992736816
mar,1994,6.50356006622314
mar,1995,6.72526979446411
mar,1996,6.87961006164551
mar,1997,6.9751501083374
mar,1998,7.05275011062622
mar,1999,7.46052980422974
mar,2000,7.87668991088867
mar,2001,8.2041597366333
mar,2002,8.65489959716797
mar,2003,8.95084953308105
mar,2004,9.15867042541504
mar,2005,9.26008033752441
mar,2006,9.40624046325684
mar,2007,9.70221996307373
mar,2008,9.84496021270752
mar,2009,10.0678300857544
mar,2010,10.4542198181152
mar,2011,10.7939195632935
mar,2012,11.0905504226685
mda,1990,10.1816396713257
mda,1991,10.0540504455566
mda,1992,9.69462013244629
mda,1993,9.62226963043213
mda,1994,9.51434993743896
mda,1995,9.5334997177124
mda,1996,9.3998498916626
mda,1997,9.37753963470459
mda,1999,9.79263019561768
mda,2000,9.7481803894043
mda,2001,9.70689010620117
mda,2002,9.88416957855225
mda,2003,10.0191097259521
mda,2004,10.160719871521
mda,2005,10.0937204360962
mda,2006,10.1019096374512
mda,2007,9.9568395614624
mda,2008,9.93607044219971
mda,2009,9.89958000183105
mda,2010,9.8654899597168
mda,2011,9.84183025360107
mda,2012,9.86441993713379
mda,2013,9.84788036346436
mda,2014,9.77167987823486
mdg,1971,5.94459009170532
mdg,1972,6.36280012130737
mdg,1974,5.97193002700806
mdg,1979,7.04266023635864
mdg,1980,7.68452978134155
mdg,1984,8.25034046173096
mdg,1988,6.2220401763916
mdg,1989,6.38526010513306
mdg,1990,6.21994018554688
mdg,2005,8.83304977416992
mdg,2006,8.8887300491333
mdg,2007,9.18558979034424
mdg,2008,9.48970031738281
mdg,2009,9.95816040039063
mdg,2011,9.93601989746094
mdg,2012,10.1154699325562
mdg,2014,10.2316799163818
mdv,1980,7.01106023788452
mdv,1982,7.55697011947632
mdv,1994,9.80825996398926
mdv,1995,9.85241985321045
mdv,1996,10.0511198043823
mdv,1997,10.6293096542358
mdv,1998,10.5470600128174
mdv,1999,11.2489204406738
mdv,2000,11.7404203414917
mdv,2001,11.9904003143311
mdv,2002,11.7300701141357
mdv,2003,12.1384296417236
mdv,2004,11.9584398269653
mea,1970,5.94312620162964
mea,1971,5.94751119613647
mea,1972,6.08476114273071
mea,1973,6.2918643951416
mea,1974,6.43011903762817
mea,1975,6.73668050765991
mea,1976,7.03657913208008
mea,1977,7.28240633010864
mea,1978,7.46366500854492
mea,1979,7.5049295425415
mea,1980,7.73444604873657
mea,1981,7.76312780380249
mea,1982,7.95094680786133
mea,1983,8.07314014434814
mea,1984,8.22670078277588
mea,1985,8.34167957305908
mea,1986,8.50908660888672
mea,1987,8.64793872833252
mea,1988,8.72992706298828
mea,1989,8.73619079589844
mea,1990,8.76706504821777
mea,1991,8.82170677185059
mea,1992,8.71983623504639
mea,1993,8.80934619903564
mea,1994,9.08831691741943
mea,1995,9.01066589355469
mea,1996,9.11605167388916
mea,1997,9.20000457763672
mea,1998,9.32946968078613
mea,1999,9.455397605896
mea,2000,9.54039478302002
mea,2001,9.68428230285645
mea,2002,9.80769348144531
mea,2003,9.93836116790771
mea,2004,10.0698175430298
mea,2005,10.3280067443848
mea,2006,10.4196128845215
mea,2007,10.4947957992554
mea,2008,10.5857419967651
mea,2009,10.6452159881592
mea,2010,10.753963470459
mea,2011,10.982476234436
mea,2012,11.1574115753174
mea,2013,11.1205816268921
mea,2014,11.0525522232056
mex,1971,7.61251020431519
mex,1972,7.61195993423462
mex,1973,7.90189981460571
mex,1974,8.22760009765625
mex,1975,8.32131004333496
mex,1976,8.60836029052734
mex,1977,9.25827980041504
mex,1978,9.06153011322021
mex,1979,9.50409030914307
mex,1980,9.68000030517578
mex,1981,9.88158988952637
mex,1982,10.0639400482178
mex,1983,10.1432800292969
mex,1984,10.2171297073364
mex,1985,10.2120399475098
mex,1986,10.2991895675659
mex,1987,10.2103500366211
mex,1988,10.0876798629761
mex,1989,10.0413198471069
mex,1990,9.87658977508545
mex,1991,9.76064014434814
mex,1992,9.73684978485107
mex,1993,9.77328968048096
mex,1994,9.86977005004883
mex,1995,10.0070400238037
mex,1996,10.1192398071289
mex,1997,10.2071104049683
mex,1998,10.364520072937
mex,1999,10.4976501464844
mex,2000,10.6459302902222
mex,2001,10.6495704650879
mex,2002,10.8295803070068
mex,2003,11.0204496383667
mex,2004,11.0311002731323
mex,2005,11.0087795257568
mex,2006,11.0394897460938
mex,2007,11.0878000259399
mex,2008,11.1945896148682
mex,2009,11.2145500183105
mex,2010,11.2867403030396
mex,2011,11.3428297042847
mex,2012,11.4812898635864
mex,2013,11.5906896591187
mex,2014,11.7504501342773
mhl,1999,9.45341014862061
mhl,2002,11.4915800094604
mhl,2003,10.8609800338745
mhl,2004,11.9001302719116
mhl,2005,11.5039796829224
mhl,2006,11.9865798950195
mhl,2007,12.1639995574951
mhl,2008,12.6696300506592
mhl,2009,12.6327295303345
mic,1970,6.77066564559937
mic,1971,6.87895631790161
mic,1972,7.04450750350952
mic,1973,7.31923246383667
mic,1974,7.36383676528931
mic,1975,7.46878814697266
mic,1976,7.61865711212158
mic,1977,7.82876014709473
mic,1978,7.86926507949829
mic,1979,7.84078979492188
mic,1980,7.81969881057739
mic,1981,7.84210395812988
mic,1982,7.8410758972168
mic,1983,7.90049695968628
mic,1984,7.98092746734619
mic,1985,8.09614181518555
mic,1986,8.19893741607666
mic,1987,8.23337554931641
mic,1988,8.30247497558594
mic,1989,8.34797668457031
mic,1990,8.35178279876709
mic,1991,8.41818809509277
mic,1992,8.49249935150146
mic,1993,8.57310581207275
mic,1994,8.60919761657715
mic,1995,8.63676452636719
mic,1996,8.6816234588623
mic,1997,8.72411918640137
mic,1998,8.71618843078613
mic,1999,8.75411987304688
mic,2000,8.89032173156738
mic,2001,8.88185405731201
mic,2002,8.9852876663208
mic,2003,9.20540142059326
mic,2004,9.37321758270264
mic,2005,9.53776931762695
mic,2006,9.63216590881348
mic,2007,9.80016040802002
mic,2008,9.9376335144043
mic,2009,10.021430015564
mic,2010,10.2072763442993
mic,2011,10.3436002731323
mic,2012,10.4838047027588
mic,2013,10.5893125534058
mic,2014,10.5365171432495
mkd,1993,9.83944034576416
mkd,1994,9.91742992401123
mkd,1995,10.1010999679565
mkd,1996,10.3155298233032
mkd,1997,10.4243898391724
mkd,1998,10.5443496704102
mkd,1999,10.6100997924805
mkd,2000,10.6488199234009
mkd,2001,10.6242303848267
mkd,2002,10.5574197769165
mkd,2003,10.5613098144531
mkd,2004,10.546199798584
mkd,2005,10.6065702438354
mkd,2007,10.43577003479
mkd,2008,11.0129899978638
mkd,2009,10.9266700744629
mkd,2010,10.9720897674561
mkd,2012,10.8620100021362
mli,1971,1.71549999713898
mli,1972,1.79693996906281
mli,1973,1.8277200460434
mli,1974,1.8874100446701
mli,1975,1.89129996299744
mli,1976,1.9801299571991
mli,1977,2.11686992645264
mli,1978,2.16787004470825
mli,1979,2.23644995689392
mli,1980,2.21362996101379
mli,1981,2.02415990829468
mli,1982,2.0513699054718
mli,1983,1.98327994346619
mli,1984,1.95274996757507
mli,1985,1.85686004161835
mli,1987,1.77309000492096
mli,1988,1.7849600315094
mli,1989,2.03207993507385
mli,1990,2.0376501083374
mli,1991,2.1212899684906
mli,1992,2.28853011131287
mli,1993,2.49110007286072
mli,1994,2.75453996658325
mli,1995,2.98166990280151
mli,1996,3.23198008537292
mli,1997,3.58708000183105
mli,1998,3.88421010971069
mli,1999,4.26628017425537
mli,2000,4.48441982269287
mli,2003,5.34997987747192
mli,2004,5.68572998046875
mli,2005,5.95320987701416
mli,2006,6.18500995635986
mli,2007,6.48832988739014
mli,2008,6.77052021026611
mli,2009,7.02439022064209
mli,2010,7.20663976669312
mli,2011,7.37163019180298
mli,2013,6.97455978393555
mli,2014,7.16814994812012
mlt,1971,9.63589000701904
mlt,1972,10.0632095336914
mlt,1973,9.98742961883545
mlt,1974,10.0979995727539
mlt,1975,10.6684503555298
mlt,1976,11.1867599487305
mlt,1977,11.5364503860474
mlt,1978,11.80774974823
mlt,1979,11.9606704711914
mlt,1980,12.2285804748535
mlt,1981,11.9982500076294
mlt,1982,12.239239692688
mlt,1983,12.2322702407837
mlt,1984,12.2930097579956
mlt,1985,12.2713003158569
mlt,1986,12.1271095275879
mlt,1987,11.8646898269653
mlt,1988,11.9092102050781
mlt,1989,12.0689496994019
mlt,1990,12.3528499603271
mlt,1991,12.4043397903442
mlt,1992,12.4617099761963
mlt,1993,12.4097900390625
mlt,1994,12.3718004226685
mlt,1995,12.3543796539307
mlt,1996,12.2817697525024
mlt,1997,12.3747797012329
mlt,1998,12.4188003540039
mlt,1999,12.3638496398926
mlt,2000,12.4156198501587
mlt,2001,12.3485202789307
mlt,2002,12.366660118103
mlt,2003,12.4526796340942
mlt,2004,13.2644596099854
mlt,2005,12.9182100296021
mlt,2006,12.6555500030518
mlt,2007,12.65149974823
mlt,2008,12.4534702301025
mlt,2010,12.3116102218628
mlt,2011,11.4074802398682
mlt,2012,11.4686603546143
mlt,2013,11.6006603240967
mlt,2014,11.8320903778076
mmr,1971,5.59093999862671
mmr,1972,5.3934497833252
mmr,1973,5.55348014831543
mmr,1976,5.35749006271362
mmr,1977,5.28180980682373
mmr,1978,5.46306991577148
mmr,1979,5.45895004272461
mmr,1980,5.53812980651855
mmr,1981,5.72534990310669
mmr,1982,6.00119018554688
mmr,1983,6.09013986587524
mmr,1984,6.09246015548706
mmr,1985,5.97036981582642
mmr,1986,6.00225019454956
mmr,1987,6.25770998001099
mmr,1988,6.19653987884521
mmr,1989,6.32491016387939
mmr,1990,5.61944007873535
mmr,1991,6.21386003494263
mmr,1992,6.74589014053345
mmr,1993,6.83513021469116
mmr,1994,6.96213006973267
mmr,1995,6.9168701171875
mmr,1999,6.70734977722168
mmr,2000,7.07707023620605
mmr,2001,7.10467004776001
mmr,2002,7.20447015762329
mmr,2003,7.34281015396118
mmr,2004,7.54580020904541
mmr,2005,7.57832002639771
mmr,2006,7.67955017089844
mmr,2007,7.67268991470337
mmr,2008,7.85365009307861
mmr,2009,7.74951982498169
mmr,2010,7.74589014053345
mmr,2014,8.07013034820557
mna,1970,5.89601039886475
mna,1971,5.90055084228516
mna,1972,6.04513931274414
mna,1973,6.26727342605591
mna,1974,6.41442632675171
mna,1975,6.74200344085693
mna,1976,7.06114625930786
mna,1977,7.32008600234985
mna,1978,7.5154275894165
mna,1979,7.560471534729
mna,1980,7.79765653610229
mna,1981,7.81640720367432
mna,1982,8.00570583343506
mna,1983,8.12166404724121
mna,1984,8.27276134490967
mna,1985,8.38040828704834
mna,1986,8.55181884765625
mna,1987,8.69650173187256
mna,1988,8.77454090118408
mna,1989,8.76748085021973
mna,1990,8.78776454925537
mna,1991,8.84188747406006
mna,1992,8.71409034729004
mna,1993,8.78350925445557
mna,1994,9.06371212005615
mna,1995,8.94748783111572
mna,1996,9.03889656066895
mna,1997,9.11305618286133
mna,1998,9.23523807525635
mna,1999,9.35004711151123
mna,2000,9.41891765594482
mna,2001,9.55702209472656
mna,2002,9.67078590393066
mna,2003,9.79574871063232
mna,2004,9.91958141326904
mna,2005,10.1886386871338
mna,2006,10.2884187698364
mna,2007,10.3650331497192
mna,2008,10.455979347229
mna,2009,10.504322052002
mna,2010,10.6041297912598
mna,2011,10.8462505340576
mna,2012,11.0172834396362
mna,2013,10.937066078186
mna,2014,10.8578443527222
mne,2003,11.7361097335815
mne,2004,11.8507099151611
mne,2005,12.0767097473145
mne,2006,12.3421497344971
mne,2007,12.4813003540039
mne,2008,12.5452098846436
mne,2009,12.4291496276855
mne,2010,12.3664503097534
mne,2011,12.1658296585083
mne,2012,12.0712995529175
mne,2015,12.0372295379639
mng,1971,8.19795036315918
mng,1972,8.17335987091064
mng,1973,8.32707023620605
mng,1974,8.32711982727051
mng,1975,8.4215202331543
mng,1976,8.45380020141602
mng,1979,8.81151962280273
mng,1980,8.964599609375
mng,1981,9.06439018249512
mng,1983,8.96611022949219
mng,1986,9.13027000427246
mng,1990,9.25354957580566
mng,1991,8.92605018615723
mng,1992,8.13377952575684
mng,1993,7.12865018844604
mng,1994,7.04385995864868
mng,1995,6.95766019821167
mng,1996,7.21498012542725
mng,1997,7.34215021133423
mng,1998,7.4835000038147
mng,1999,7.48225021362305
mng,2000,7.81297016143799
mng,2001,8.33108043670654
mng,2002,8.63409996032715
mng,2003,9.20608043670654
mng,2004,9.67897033691406
mng,2005,10.3458299636841
mng,2006,10.4816598892212
mng,2009,11.3629903793335
mng,2010,11.5278596878052
mng,2014,11.4532899856567
moz,1971,2.15336990356445
moz,1972,1.92955994606018
moz,1973,2.46111989021301
moz,1977,4.38011980056763
moz,1978,4.59313011169434
moz,1979,5.11765003204346
moz,1981,4.86578989028931
moz,1982,4.48003005981445
moz,1983,3.98315000534058
moz,1985,4.16599988937378
moz,1986,4.13384008407593
moz,1987,4.0372200012207
moz,1990,3.77535009384155
moz,1991,3.63765001296997
moz,1992,3.5207200050354
moz,1993,3.52350997924805
moz,1994,3.65938997268677
moz,1995,3.91508007049561
moz,1999,5.33183002471924
moz,2000,5.76255989074707
moz,2001,6.21192979812622
moz,2002,6.62225008010864
moz,2004,7.28871011734009
moz,2005,7.84354019165039
moz,2006,8.07880020141602
moz,2007,8.61555004119873
moz,2008,9.01214981079102
moz,2009,9.13066005706787
moz,2010,9.26996040344238
moz,2011,8.99328994750977
moz,2012,8.84453010559082
moz,2013,8.81328010559082
moz,2014,8.77009963989258
mrt,1972,1.23260998725891
mrt,1981,2.69932007789612
mrt,1986,3.69368004798889
mrt,1987,3.83149003982544
mrt,1988,3.88951992988586
mrt,1989,3.81073999404907
mrt,1990,3.60805988311768
mrt,1991,3.74089002609253
mrt,1992,4.06064987182617
mrt,1993,4.53365993499756
mrt,1994,5.21778011322021
mrt,1995,5.37941980361938
mrt,1996,5.62147998809814
mrt,1997,5.65250015258789
mrt,1998,6.05391979217529
mrt,1999,6.2251501083374
mrt,2000,6.26641988754272
mrt,2001,6.36289978027344
mrt,2002,6.42087984085083
mrt,2003,6.51214981079102
mrt,2004,6.98153018951416
mrt,2005,7.00186014175415
mrt,2006,7.18203020095825
mrt,2008,6.87607002258301
mrt,2009,7.32723999023438
mrt,2010,7.43065023422241
mrt,2011,7.46781015396118
mrt,2012,7.82093000411987
mrt,2013,8.12489032745361
mrt,2014,8.21815967559814
mus,1971,8.00724029541016
mus,1972,8.34811019897461
mus,1973,8.42617988586426
mus,1974,8.5317497253418
mus,1975,8.64865970611572
mus,1976,8.78415966033936
mus,1977,9.29743957519531
mus,1978,9.3927001953125
mus,1979,9.1629695892334
mus,1980,9.07633972167969
mus,1981,9.31643009185791
mus,1982,9.37639999389648
mus,1983,9.55389976501465
mus,1984,9.37028026580811
mus,1985,9.63659000396729
mus,1986,9.85851955413818
mus,1987,10.0257396697998
mus,1988,10.0790100097656
mus,1989,10.2532901763916
mus,1990,10.3356103897095
mus,1992,10.5180101394653
mus,1996,11.0124797821045
mus,1997,11.1574802398682
mus,1998,11.4319696426392
mus,1999,11.6031799316406
mus,2000,11.6881904602051
mus,2001,11.6878995895386
mus,2002,11.7683696746826
mus,2003,12.0134801864624
mus,2004,12.1257495880127
mus,2005,12.3554096221924
mus,2006,12.361909866333
mus,2007,12.4123401641846
mus,2008,12.3844203948975
mus,2009,12.3887996673584
mus,2010,12.4034004211426
mus,2011,12.4931201934814
mus,2012,12.5380897521973
mus,2013,12.6942501068115
mus,2014,12.9653596878052
mwi,1972,3.43246006965637
mwi,1973,3.69293999671936
mwi,1974,3.95852994918823
mwi,1975,4.36253023147583
mwi,1976,4.42076015472412
mwi,1977,4.42257022857666
mwi,1978,4.35647010803223
mwi,1979,4.40291023254395
mwi,1980,4.73371982574463
mwi,1981,4.78171014785767
mwi,1982,5.05561017990112
mwi,1983,4.82968997955322
mwi,1984,4.59095001220703
mwi,1985,4.64169979095459
mwi,1986,4.60157012939453
mwi,1987,4.69704008102417
mwi,1988,4.63600015640259
mwi,1989,4.98921012878418
mwi,1990,5.35299015045166
mwi,1991,5.55579996109009
mwi,1992,6.62526988983154
mwi,1993,6.91402006149292
mwi,1994,7.19008016586304
mwi,1995,10.5515098571777
mwi,1996,10.3801202774048
mwi,1998,10.0129804611206
mwi,1999,10.6332902908325
mwi,2000,9.97457027435303
mwi,2001,10.2859296798706
mwi,2002,10.2486095428467
mwi,2004,9.61620044708252
mwi,2005,9.50284004211426
mwi,2006,9.60498046875
mwi,2007,9.47342967987061
mwi,2008,10.0606498718262
mwi,2009,10.0139398574829
mwi,2010,10.459400177002
mwi,2011,10.6603202819824
mwi,2012,10.7430696487427
mwi,2013,11.2779397964478
mwi,2014,11.5092601776123
mys,1970,7.35370016098022
mys,1975,8.57981014251709
mys,1977,8.64974975585938
mys,1978,8.79545974731445
mys,1979,8.84951019287109
mys,1980,8.8446798324585
mys,1981,8.99532985687256
mys,1982,9.059889793396
mys,1983,9.34031963348389
mys,1984,9.46487998962402
mys,1985,9.48381042480469
mys,1987,9.70656967163086
mys,1988,9.60669994354248
mys,1989,9.53188037872314
mys,1990,9.38737964630127
mys,1991,9.49195003509521
mys,1992,9.61911964416504
mys,1993,9.59801959991455
mys,1994,9.63074016571045
mys,1995,9.66876029968262
mys,1996,9.80247974395752
mys,1998,10.3569402694702
mys,1999,10.3025703430176
mys,2000,10.4608001708984
mys,2001,10.4003095626831
mys,2002,10.3413095474243
mys,2003,10.7677097320557
mys,2004,11.0231895446777
mys,2005,10.8853597640991
mys,2006,10.8052101135254
mys,2007,10.6593704223633
mys,2008,10.6552600860596
mys,2009,10.6428899765015
mys,2010,10.7798299789429
mys,2011,10.8628902435303
mys,2012,11.212739944458
mys,2013,11.3842601776123
mys,2014,11.9525804519653
nac,1970,10.4994277954102
nac,1971,10.4985961914063
nac,1972,10.510778427124
nac,1973,10.6182680130005
nac,1974,10.5578575134277
nac,1975,10.5012435913086
nac,1976,10.6034784317017
nac,1977,10.6202039718628
nac,1978,10.6266622543335
nac,1979,10.2474575042725
nac,1980,11.3622741699219
nac,1981,11.2864418029785
nac,1982,11.6242551803589
nac,1983,11.5688400268555
nac,1984,11.6263399124146
nac,1985,11.5897264480591
nac,1986,11.7012119293213
nac,1987,11.7645196914673
nac,1988,11.7755451202393
nac,1989,11.7869672775269
nac,1990,11.7964172363281
nac,1991,11.7658271789551
nac,1992,11.8566646575928
nac,1993,11.949818611145
nac,1994,11.9883842468262
nac,1995,11.9824161529541
nac,1996,11.9754419326782
nac,1997,11.9664344787598
nac,1998,11.9575080871582
nac,1999,11.8876085281372
nac,2000,11.7841501235962
nac,2001,11.8456830978394
nac,2002,11.6731605529785
nac,2003,11.7549905776978
nac,2004,11.7407255172729
nac,2005,11.7779121398926
nac,2006,11.818699836731
nac,2007,11.9214267730713
nac,2008,11.9471454620361
nac,2009,11.8656845092773
nac,2010,11.7093391418457
nac,2011,11.6957187652588
nac,2012,11.7256965637207
nac,2013,11.7798328399658
nac,2014,11.8777666091919
nam,1986,10.3955097198486
nam,1987,10.5093698501587
nam,1988,10.4289102554321
nam,1989,10.4643602371216
nam,1990,10.4264602661133
nam,1991,10.9732599258423
nam,1992,11.6522397994995
nam,1993,11.3328695297241
nam,1994,12.0713796615601
nam,1995,11.8792200088501
nam,1996,11.6894302368164
nam,1997,11.5999298095703
nam,1998,11.4459495544434
nam,1999,11.2201499938965
nam,2000,11.2738599777222
nam,2001,11.4414196014404
nam,2002,11.3597297668457
nam,2003,11.3360996246338
nam,2004,11.108570098877
nam,2005,11.0258102416992
nam,2006,10.8648099899292
nam,2007,11.094220161438
ner,1971,0.773840010166168
ner,1972,0.807680010795593
ner,1973,0.84468001127243
ner,1974,0.905550003051758
ner,1975,0.970820009708405
ner,1976,1.11926996707916
ner,1977,1.24980998039246
ner,1978,1.37180995941162
ner,1979,1.44894003868103
ner,1980,1.59443998336792
ner,1981,1.72467994689941
ner,1982,1.76252996921539
ner,1983,1.74289000034332
ner,1984,1.74550998210907
ner,1988,1.89514994621277
ner,1989,2.00511002540588
ner,1990,2.07354998588562
ner,1991,2.18705010414124
ner,1992,2.14433002471924
ner,1993,2.12460994720459
ner,1996,2.2012300491333
ner,1997,2.28604006767273
ner,1998,2.27576994895935
ner,1999,2.38258004188538
ner,2000,2.49940991401672
ner,2001,2.63245010375977
ner,2002,2.85268998146057
ner,2003,3.06878995895386
ner,2004,3.41079998016357
ner,2005,3.62796998023987
ner,2006,3.77540993690491
ner,2007,3.91829991340637
ner,2008,4.15039014816284
ner,2009,4.37616014480591
ner,2010,4.70813989639282
ner,2011,4.9928297996521
ner,2012,5.22705984115601
ner,2013,5.38791990280151
ner,2014,5.58353996276855
nga,1970,2.75896000862122
nga,1971,2.99185991287231
nga,1972,3.28791999816895
nga,1973,3.42809009552002
nga,1977,4.13064002990723
nga,1978,5.19864988327026
nga,1979,6.13587999343872
nga,1980,6.62925004959106
nga,1981,7.36067008972168
nga,1982,8.21360969543457
nga,1983,8.52143001556396
nga,1984,8.7019100189209
nga,1985,8.40369033813477
nga,1986,7.22102022171021
nga,1987,6.99524021148682
nga,1989,6.41753005981445
nga,1990,6.65145015716553
nga,1999,7.29595994949341
nga,2000,7.64111995697021
nga,2001,7.3867301940918
nga,2002,7.63634014129639
nga,2004,8.41604042053223
nga,2005,8.45440006256104
nga,2006,8.48003005981445
nga,2007,7.56886005401611
nga,2008,7.22899007797241
nga,2009,7.54039001464844
nga,2010,7.82726001739502
nic,1970,4.95787000656128
nic,1971,5.22089004516602
nic,1972,5.21112012863159
nic,1973,5.32696008682251
nic,1974,5.41261005401611
nic,1975,5.64642000198364
nic,1976,5.94114017486572
nic,1977,6.09978008270264
nic,1978,5.85965013504028
nic,1979,6.19230985641479
nic,1980,7.3700098991394
nic,1982,7.29356002807617
nic,1983,7.69524002075195
nic,1984,7.21621990203857
nic,1985,7.05524015426636
nic,1986,6.91746997833252
nic,1987,7.15728998184204
nic,1988,7.01818990707397
nic,1989,6.93554019927979
nic,1990,7.28001022338867
nic,1991,7.76875019073486
nic,1992,7.94567012786865
nic,1993,8.14622974395752
nic,1994,8.30276012420654
nic,1995,8.30321025848389
nic,1998,8.23600006103516
nic,1999,8.95855045318604
nic,2000,9.06892013549805
nic,2001,9.45281028747559
nic,2002,10.1213903427124
nic,2004,10.561619758606
nic,2005,10.7865104675293
nic,2006,11.0831604003906
nic,2007,11.1467599868774
nic,2008,11.0901403427124
nic,2010,11.1451797485352
nld,1971,10.63916015625
nld,1972,10.765830039978
nld,1973,10.8358402252197
nld,1974,10.9352798461914
nld,1975,10.9890298843384
nld,1976,11.2421703338623
nld,1977,11.342490196228
nld,1978,11.3927402496338
nld,1979,11.3670196533203
nld,1980,11.3904895782471
nld,1981,11.3721799850464
nld,1982,11.3733196258545
nld,1983,11.4223203659058
nld,1984,11.5324602127075
nld,1985,11.5586500167847
nld,1986,12.6808004379272
nld,1987,12.8271398544312
nld,1988,12.8663501739502
nld,1989,12.8816299438477
nld,1990,12.9272804260254
nld,1991,12.9809703826904
nld,1992,12.7906703948975
nld,1993,12.9141397476196
nld,1994,14.9815196990967
nld,1995,14.4358596801758
nld,1996,14.5834102630615
nld,1997,14.2931604385376
nld,1998,14.246729850769
nld,1999,13.9174299240112
nld,2000,13.9809598922729
nld,2001,13.9750204086304
nld,2002,13.8197803497314
nld,2003,13.8305196762085
nld,2004,13.6316795349121
nld,2005,13.6258296966553
nld,2006,13.6484498977661
nld,2007,13.7466297149658
nld,2008,13.8399600982666
nld,2009,13.8613796234131
nld,2010,13.9419002532959
nld,2011,14.2640600204468
nld,2012,14.2334604263306
nld,2013,14.2550802230835
nld,2014,14.157919883728
nor,1971,11.2101097106934
nor,1972,11.284649848938
nor,1973,11.4554901123047
nor,1974,11.4368696212769
nor,1975,11.4455499649048
nor,1976,11.3444004058838
nor,1977,11.38743019104
nor,1978,11.3818101882935
nor,1979,11.4985399246216
nor,1980,11.8263902664185
nor,1981,11.5957202911377
nor,1982,11.6177997589111
nor,1983,11.6902599334717
nor,1984,11.6637001037598
nor,1985,11.6708402633667
nor,1986,11.6816501617432
nor,1987,11.6276998519897
nor,1988,11.6117696762085
nor,1989,11.7110500335693
nor,1990,12.0375299453735
nor,1991,12.1396703720093
nor,1992,12.2452697753906
nor,1993,12.5685396194458
nor,1994,13.4100904464722
nor,1995,12.8719596862793
nor,1996,12.8467998504639
nor,1997,12.9132099151611
nor,1998,13.9248104095459
nor,1999,14.059009552002
nor,2000,13.9300804138184
nor,2001,13.8386898040771
nor,2002,13.7409400939941
nor,2003,13.8189296722412
nor,2004,13.9162502288818
nor,2005,13.7803201675415
nor,2006,13.8086700439453
nor,2007,13.824520111084
nor,2008,13.7740802764893
nor,2009,13.6846704483032
nor,2010,13.7618503570557
nor,2011,13.7530603408813
nor,2012,13.6335601806641
nor,2013,13.7843904495239
nor,2014,13.7230596542358
npl,1972,2.0037899017334
npl,1973,2.13597011566162
npl,1974,2.27148008346558
npl,1975,2.51078009605408
npl,1976,2.68865990638733
npl,1977,3.11568999290466
npl,1978,3.51563000679016
npl,1979,4.02831983566284
npl,1980,4.26184988021851
npl,1981,4.52689981460571
npl,1982,4.78802013397217
npl,1983,5.23676013946533
npl,1984,5.47570991516113
npl,1985,5.51223993301392
npl,1986,5.58656978607178
npl,1987,5.7394700050354
npl,1988,6.10619020462036
npl,1989,6.81291007995605
npl,1990,7.26063013076782
npl,1991,7.40553998947144
npl,1992,7.67952013015747
npl,1993,7.70072984695435
npl,1994,7.75574016571045
npl,1995,7.84357023239136
npl,1996,8.20732975006104
npl,1999,8.49275016784668
npl,2000,8.81219005584717
npl,2001,8.40240955352783
npl,2002,8.9755802154541
npl,2003,9.04032039642334
npl,2005,9.17854022979736
npl,2006,9.61139011383057
npl,2007,9.59661960601807
npl,2008,9.92415046691895
npl,2009,10.5600500106812
npl,2010,11.2457103729248
npl,2011,11.5765695571899
npl,2012,11.6745300292969
npl,2013,11.5542297363281
npl,2014,11.4260101318359
npl,2015,11.4430904388428
nru,2000,8.77836036682129
nru,2001,8.86320972442627
nru,2002,8.40767955780029
nru,2003,8.19452953338623
nru,2004,8.40487957000732
nru,2005,10.3481197357178
nru,2006,10.0780000686646
nru,2007,8.75706958770752
nru,2008,9.34941959381104
nru,2012,10.4783401489258
nru,2014,11.3052701950073
nzl,1970,11.9827499389648
nzl,1971,11.9124803543091
nzl,1972,11.8767995834351
nzl,1973,11.8410301208496
nzl,1974,11.8362398147583
nzl,1975,12.0411901473999
nzl,1976,12.2611904144287
nzl,1977,12.2631502151489
nzl,1979,12.244589805603
nzl,1980,12.1317901611328
nzl,1981,12.0226697921753
nzl,1982,12.0256004333496
nzl,1983,12.1441497802734
nzl,1984,12.1781797409058
nzl,1985,12.1596202850342
nzl,1986,12.1450901031494
nzl,1987,12.2203102111816
nzl,1988,12.2854099273682
nzl,1989,12.3428401947021
nzl,1990,12.5159797668457
nzl,1991,12.5865001678467
nzl,1992,12.6372995376587
nzl,1993,13.1417503356934
nzl,1994,13.5814304351807
nzl,1995,13.9371900558472
nzl,1996,14.0279903411865
nzl,1997,14.1156997680664
nzl,1998,13.9877796173096
nzl,1999,13.8062896728516
nzl,2000,13.7110900878906
nzl,2001,13.6721801757813
nzl,2002,14.1133804321289
nzl,2003,14.2064304351807
nzl,2004,14.0602598190308
nzl,2005,14.3851804733276
nzl,2006,14.2779302597046
nzl,2007,14.3560800552368
nzl,2008,14.2148599624634
nzl,2009,14.8857698440552
nzl,2010,14.4444198608398
nzl,2011,14.3499603271484
nzl,2012,14.2139196395874
nzl,2013,14.1579904556274
nzl,2014,14.1668996810913
oed,1970,10.2526397705078
oed,1971,10.2584953308105
oed,1972,10.3080968856812
oed,1973,10.4044981002808
oed,1974,10.4744110107422
oed,1975,10.4874677658081
oed,1976,10.5806407928467
oed,1977,10.6849632263184
oed,1978,10.6628580093384
oed,1979,10.6500253677368
oed,1980,10.9294729232788
oed,1981,10.9431962966919
oed,1982,11.0539255142212
oed,1983,11.0624752044678
oed,1984,11.1222877502441
oed,1985,11.1609449386597
oed,1986,11.2772035598755
oed,1987,11.3267965316772
oed,1988,11.3416929244995
oed,1989,11.3566932678223
oed,1990,11.3451595306396
oed,1991,11.3798227310181
oed,1992,11.4441146850586
oed,1993,11.5771045684814
oed,1994,11.715142250061
oed,1995,11.777663230896
oed,1996,11.8223237991333
oed,1997,11.848180770874
oed,1998,11.8583288192749
oed,1999,11.9100799560547
oed,2000,11.929162979126
oed,2001,12.0051364898682
oed,2002,12.0106468200684
oed,2003,12.0665168762207
oed,2004,12.0115041732788
oed,2005,12.0562210083008
oed,2006,12.0574035644531
oed,2007,12.1008081436157
oed,2008,12.1218605041504
oed,2009,12.1180267333984
oed,2010,12.1428155899048
oed,2011,12.159610748291
oed,2012,12.1607360839844
oed,2013,12.504168510437
oed,2014,12.5714693069458
omn,1971,0.16983999311924
omn,1972,0.725489974021912
omn,1973,1.19818997383118
omn,1974,1.67493999004364
omn,1975,2.1970100402832
omn,1976,2.42780995368958
omn,1977,2.59389996528625
omn,1978,3.0807900428772
omn,1979,3.36354994773865
omn,1980,3.45065999031067
omn,1981,3.89859008789063
omn,1982,4.24230003356934
omn,1983,4.76744985580444
omn,1984,5.24739980697632
omn,1985,5.90393018722534
omn,1986,6.18520021438599
omn,1987,6.64475011825562
omn,1988,7.01609992980957
omn,1989,7.37306976318359
omn,1990,7.68730020523071
omn,1991,8.12744998931885
omn,1992,8.53610038757324
omn,1993,8.94530963897705
omn,1994,9.17259979248047
omn,1995,9.35044956207275
omn,1996,9.62150001525879
omn,1997,9.63613986968994
omn,1998,9.74551963806152
omn,1999,10.0981903076172
omn,2000,10.4249601364136
omn,2001,10.6883296966553
omn,2002,10.780969619751
omn,2003,10.7572803497314
omn,2005,10.6334600448608
omn,2006,10.476110458374
omn,2007,10.8089599609375
omn,2008,11.3079996109009
omn,2009,12.2716703414917
omn,2011,12.3082704544067
pak,1971,3.6269199848175
pak,1972,3.61317992210388
pak,1973,3.75902009010315
pak,1974,3.8926899433136
pak,1975,3.97059011459351
pak,1976,4.01859998703003
pak,1977,4.0896201133728
pak,1978,3.75204992294312
pak,1979,3.63948011398315
pak,1980,3.64355993270874
pak,1981,3.69946002960205
pak,1982,3.75165009498596
pak,1983,3.91509008407593
pak,1984,3.97930002212524
pak,1985,4.11943006515503
pak,1986,4.15455007553101
pak,1987,4.2889199256897
pak,1988,4.32929992675781
pak,1989,4.39871978759766
pak,1990,4.47171020507813
pak,2003,5.50078010559082
pak,2004,5.92600011825562
pak,2005,6.25403022766113
pak,2006,6.49060010910034
pak,2007,6.97286987304688
pak,2008,7.05873012542725
pak,2009,7.15572023391724
pak,2010,7.29526996612549
pak,2011,7.15809011459351
pak,2012,7.24212980270386
pak,2013,7.27246999740601
pak,2014,7.58524990081787
pan,1970,8.5263204574585
pan,1971,9.22980976104736
pan,1972,9.69878005981445
pan,1973,10.0618495941162
pan,1974,10.032320022583
pan,1975,10.3740100860596
pan,1976,10.4800596237183
pan,1977,10.3283100128174
pan,1978,10.52184009552
pan,1979,10.3637800216675
pan,1980,10.1164999008179
pan,1981,9.9408597946167
pan,1982,9.81291961669922
pan,1983,9.76615047454834
pan,1984,9.79858016967773
pan,1985,9.73966026306152
pan,1986,9.65865039825439
pan,1987,9.65081024169922
pan,1988,9.55389022827148
pan,1989,9.55000019073486
pan,1990,9.60363006591797
pan,1991,9.5323600769043
pan,1992,9.56118965148926
pan,1993,9.647629737854
pan,1994,9.61876964569092
pan,1995,9.72301006317139
pan,1996,9.86760997772217
pan,1999,10.1806001663208
pan,2000,10.284049987793
pan,2001,10.4888200759888
pan,2002,10.6845502853394
pan,2004,10.6461696624756
pan,2005,10.5711498260498
pan,2006,10.5504999160767
pan,2007,10.6480102539063
pan,2008,10.6541700363159
pan,2009,10.6548500061035
pan,2010,10.7091302871704
pan,2011,10.6821699142456
pan,2012,11.5371999740601
pan,2013,10.8612804412842
per,1970,8.54864978790283
per,1971,8.20736026763916
per,1972,8.33693981170654
per,1973,8.91759014129639
per,1974,8.73851013183594
per,1975,8.95127964019775
per,1976,9.20575046539307
per,1977,9.325119972229
per,1978,9.60486030578613
per,1979,9.60752010345459
per,1980,9.93033981323242
per,1981,9.92403030395508
per,1982,10.0794095993042
per,1983,9.91819000244141
per,1984,9.94559001922607
per,1985,10.5171298980713
per,1986,10.0034399032593
per,1987,10.0661401748657
per,1988,10.2929401397705
per,1989,10.3166198730469
per,1990,10.4207201004028
per,1991,10.349889755249
per,1992,10.1675901412964
per,1993,10.2982597351074
per,1994,10.5489797592163
per,1995,10.8484001159668
per,1996,10.927490234375
per,1997,10.8988103866577
per,1998,11.4184198379517
per,1999,11.5650501251221
per,2000,11.6325302124023
per,2001,11.7458095550537
per,2002,11.7641897201538
per,2003,11.219220161438
per,2004,11.3585796356201
per,2005,11.3499898910522
per,2006,11.4344596862793
per,2007,11.5279102325439
per,2008,11.333740234375
per,2009,11.340539932251
per,2010,11.3606996536255
per,2011,11.2062301635742
per,2012,10.767749786377
per,2013,11.0975503921509
per,2014,10.8872003555298
phl,1971,8.69826030731201
phl,1972,8.61678028106689
phl,1973,8.51325988769531
phl,1974,8.57252025604248
phl,1975,8.73108959197998
phl,1976,8.93385982513428
phl,1977,9.06309986114502
phl,1978,9.09323978424072
phl,1979,9.41917991638184
phl,1980,9.12043952941895
phl,1981,9.36462020874023
phl,1982,9.19034957885742
phl,1983,9.19274997711182
phl,1984,9.1653299331665
phl,1985,9.08312034606934
phl,1986,8.88949966430664
phl,1987,9.05440044403076
phl,1988,9.17014980316162
phl,1989,9.3923397064209
phl,1990,9.54985046386719
phl,1991,9.41765022277832
phl,1992,9.50191020965576
phl,1993,9.54174041748047
phl,1994,9.47877979278564
phl,1995,9.38586044311523
phl,1996,9.67599010467529
phl,1997,9.58413028717041
phl,1998,9.68947982788086
phl,1999,9.74001979827881
phl,2001,9.68898010253906
phl,2002,9.81284999847412
phl,2003,9.87559032440186
phl,2004,9.89023017883301
phl,2005,9.81503009796143
phl,2006,9.62477016448975
phl,2007,9.6502103805542
phl,2008,9.78808975219727
phl,2009,10.0060997009277
phl,2013,10.5688104629517
plw,2003,12.7306203842163
plw,2004,12.0590200424194
plw,2005,12.0147695541382
plw,2006,12.2000503540039
plw,2007,11.7738800048828
plw,2013,13.8183403015137
plw,2014,13.5033597946167
png,1970,3.44689989089966
png,1971,3.46983003616333
png,1972,3.58741998672485
png,1973,3.74934005737305
png,1974,3.84422993659973
png,1975,3.94643998146057
png,1976,4.03144979476929
png,1977,3.93862009048462
png,1978,3.88691997528076
png,1979,3.91864991188049
png,1981,3.86897993087769
png,1982,3.86192989349365
png,1984,4.05613994598389
png,1986,4.17504978179932
png,1987,4.26668977737427
png,1988,4.33906984329224
png,1989,4.44112014770508
png,1990,4.3553900718689
png,1991,4.37320995330811
png,1992,4.50200986862183
png,1993,4.81403017044067
png,1994,5.03719997406006
png,1995,5.03747987747192
png,1998,5.79626989364624
png,2012,10.6883401870728
pol,1971,10.2617998123169
pol,1972,10.3641500473022
pol,1973,10.4415397644043
pol,1974,10.5180997848511
pol,1975,10.5791397094727
pol,1976,10.6129398345947
pol,1977,10.6863098144531
pol,1978,10.7668199539185
pol,1979,10.8384704589844
pol,1980,10.9058504104614
pol,1981,10.9975204467773
pol,1982,11.0145196914673
pol,1983,11.0087003707886
pol,1984,11.1011896133423
pol,1985,11.2232503890991
pol,1986,11.2620401382446
pol,1987,11.3093299865723
pol,1988,11.3489503860474
pol,1989,11.3498697280884
pol,1990,11.321439743042
pol,1991,11.1848497390747
pol,1992,11.2363996505737
pol,1993,11.6590595245361
pol,1994,11.6717100143433
pol,1995,11.4219198226929
pol,1996,11.4166498184204
pol,1997,11.7709703445435
pol,1998,11.7742204666138
pol,1999,11.8320398330688
pol,2000,11.8545503616333
pol,2001,11.8997097015381
pol,2002,11.9655599594116
pol,2003,12.0103702545166
pol,2004,11.5318202972412
pol,2005,11.6422300338745
pol,2006,11.6264495849609
pol,2007,11.6231098175049
pol,2008,11.6048202514648
pol,2009,11.616849899292
pol,2010,11.6768999099731
pol,2011,11.7393598556519
pol,2012,11.8812103271484
pol,2013,12.3860101699829
pri,2009,10.7414598464966
pri,2010,10.63440990448
pri,2011,9.98575973510742
pri,2012,10.1399402618408
pri,2013,10.2469701766968
prk,2009,10.1188898086548
prt,1971,8.72877025604248
prt,1972,8.93136024475098
prt,1973,9.30171966552734
prt,1974,9.54664039611816
prt,1975,9.55056953430176
prt,1976,10.144980430603
prt,1977,10.2222900390625
prt,1978,10.3469104766846
prt,1979,9.82248973846436
prt,1980,9.96243000030518
prt,1986,10.9953298568726
prt,1987,11.5756101608276
prt,1988,11.0910596847534
prt,1990,10.8358602523804
prt,1991,11.1123695373535
prt,1992,11.870659828186
prt,1993,12.6890001296997
prt,1994,13.0084495544434
prt,1995,13.1885499954224
prt,1996,13.4625902175903
prt,1998,13.7121200561523
prt,1999,13.2263202667236
prt,2000,13.325400352478
prt,2001,13.376540184021
prt,2002,13.2657899856567
prt,2003,13.2725296020508
prt,2004,12.8029298782349
prt,2005,12.8507699966431
prt,2006,12.8990602493286
prt,2007,13.151909828186
prt,2008,13.1840496063232
prt,2009,13.1678600311279
prt,2010,13.1223697662354
prt,2011,13.0584802627563
prt,2012,13.113730430603
prt,2013,13.6390600204468
prt,2014,13.4011898040771
pry,1970,6.98456001281738
pry,1971,6.95647001266479
pry,1972,7.03191995620728
pry,1973,7.099289894104
pry,1974,6.96196985244751
pry,1975,6.91356992721558
pry,1976,7.05774021148682
pry,1977,7.22205018997192
pry,1978,7.41716003417969
pry,1979,7.57959985733032
pry,1980,7.77725982666016
pry,1981,7.92684984207153
pry,1982,8.10665035247803
pry,1983,8.12806987762451
pry,1984,8.14863967895508
pry,1985,8.08047008514404
pry,1986,7.95970010757446
pry,1987,7.93565988540649
pry,1988,7.99554014205933
pry,1989,8.06301975250244
pry,1990,8.19437026977539
pry,1991,8.2890796661377
pry,1992,8.56606960296631
pry,1993,8.9605598449707
pry,1994,9.26146030426025
pry,1995,9.45921993255615
pry,1996,9.81359004974365
pry,1997,9.82351016998291
pry,1998,10.5821695327759
pry,1999,10.9247398376465
pry,2000,11.0178298950195
pry,2001,11.3396902084351
pry,2002,11.3749799728394
pry,2003,10.8791303634644
pry,2004,10.8398599624634
pry,2005,10.8051700592041
pry,2006,10.5837802886963
pry,2007,10.4349098205566
pry,2008,10.3680696487427
pry,2009,10.2948999404907
pry,2010,10.3235197067261
pry,2011,10.384539604187
pry,2012,11.0120401382446
pse,1995,9.15888023376465
pse,1996,9.39260959625244
pse,1997,9.65003967285156
pse,1999,9.89733028411865
pse,2000,10.0370903015137
pse,2001,10.1430397033691
pse,2002,10.2227001190186
pse,2003,10.3582201004028
pse,2004,10.5264196395874
pse,2005,10.6400499343872
pse,2006,10.7096395492554
pse,2007,10.6720104217529
pse,2008,10.6253099441528
pse,2009,10.5629901885986
pse,2010,10.4681301116943
pse,2011,10.3863697052002
pse,2012,10.3999395370483
pse,2013,10.3552703857422
pse,2014,10.3595399856567
qat,1971,8.86773014068604
qat,1972,9.38150978088379
qat,1973,9.66767978668213
qat,1974,9.67082023620605
qat,1975,10.0057401657104
qat,1976,10.9371995925903
qat,1977,10.8623199462891
qat,1978,10.9230403900146
qat,1979,11.2155303955078
qat,1980,11.4773797988892
qat,1981,11.5305995941162
qat,1982,11.7821598052979
qat,1983,11.8522796630859
qat,1984,11.6252403259277
qat,1985,11.6592702865601
qat,1986,11.8457098007202
qat,1987,10.9542598724365
qat,1988,10.8826198577881
qat,1989,10.8296403884888
qat,1990,10.7791900634766
qat,1991,10.4842500686646
qat,1992,10.3694496154785
qat,1993,10.9319000244141
qat,1994,11.57785987854
qat,1995,11.9688196182251
qat,1996,12.2990102767944
qat,1998,11.8504104614258
qat,1999,11.6609401702881
qat,2000,11.4825401306152
qat,2001,11.2589101791382
qat,2002,11.9579601287842
qat,2003,12.7882499694824
qat,2004,12.8654098510742
qat,2005,12.7806797027588
qat,2006,11.7228298187256
qat,2007,11.1512804031372
qat,2008,11.2352600097656
qat,2009,11.5225696563721
qat,2010,11.8839302062988
qat,2011,12.4697599411011
rou,1971,10.2002897262573
rou,1972,10.2327899932861
rou,1973,10.1953496932983
rou,1974,10.2042102813721
rou,1989,11.4275302886963
rou,1990,11.4829998016357
rou,1991,10.4772300720215
rou,1992,9.95571041107178
rou,1993,9.68315982818604
rou,1994,9.55904006958008
rou,1995,9.69659042358398
rou,1996,9.95499038696289
rou,1997,10.0713996887207
rou,1998,10.1911096572876
rou,1999,10.199049949646
rou,2000,10.2046203613281
rou,2001,10.2788400650024
rou,2002,10.5884304046631
rou,2003,10.8144702911377
rou,2004,11.1802101135254
rou,2005,11.3086595535278
rou,2006,11.4057397842407
rou,2007,11.7232398986816
rou,2008,11.9663696289063
rou,2009,12.0415601730347
rou,2010,12.0724201202393
rou,2011,11.9353199005127
rou,2012,11.7341604232788
rus,1971,9.63943004608154
rus,1976,9.73917007446289
rus,1981,9.94880962371826
rus,1986,10.1487998962402
rus,1987,10.2419500350952
rus,1988,10.2535200119019
rus,1989,10.1383495330811
rus,1990,10.0701704025269
rus,1991,10.0373201370239
rus,1992,9.9063196182251
rus,1993,9.72245025634766
rus,1994,9.5295295715332
rus,1995,9.61474990844727
rus,1996,9.65102005004883
rus,1997,9.57542037963867
rus,1998,9.55451965332031
rus,1999,9.48727989196777
rus,2003,9.97270965576172
rus,2005,10.04421043396
rus,2006,10.0712203979492
rus,2007,10.1233701705933
rus,2008,10.1693801879883
rus,2009,9.90684986114502
rus,2011,10.4637298583984
rus,2012,10.7684898376465
rus,2013,10.9196796417236
rus,2014,10.978949546814
rwa,1971,4.03164005279541
rwa,1976,3.58867001533508
rwa,1977,3.79182004928589
rwa,1978,3.92828011512756
rwa,1979,4.22403001785278
rwa,1980,4.84014987945557
rwa,1981,5.44229984283447
rwa,1982,5.55576992034912
rwa,1983,5.46561002731323
rwa,1984,5.40174007415771
rwa,1985,5.43944978713989
rwa,1986,5.46992015838623
rwa,1987,5.57129001617432
rwa,1988,5.62622976303101
rwa,1989,5.73822021484375
rwa,1990,5.70332002639771
rwa,1991,5.81063985824585
rwa,1992,5.98467016220093
rwa,1999,6.59162998199463
rwa,2000,6.99877977371216
rwa,2001,7.09242010116577
rwa,2002,7.46427011489868
rwa,2003,8.04885005950928
rwa,2004,8.64447975158691
rwa,2005,9.15507984161377
rwa,2006,9.88062000274658
rwa,2007,10.2242097854614
rwa,2008,9.9632396697998
rwa,2009,10.5559501647949
rwa,2010,10.671290397644
rwa,2011,10.7855100631714
rwa,2012,10.8634700775146
rwa,2013,10.8358898162842
rwa,2014,10.3618898391724
sas,1970,5.25027942657471
sas,1971,5.22854614257813
sas,1972,5.32735538482666
sas,1973,5.53699493408203
sas,1974,5.52537965774536
sas,1975,5.59436082839966
sas,1976,5.59568929672241
sas,1977,5.71567249298096
sas,1978,5.57915592193604
sas,1979,5.63423776626587
sas,1980,5.76533794403076
sas,1981,5.89189672470093
sas,1982,5.98775100708008
sas,1983,6.20471620559692
sas,1984,6.34755039215088
sas,1985,6.40105152130127
sas,1986,6.53912162780762
sas,1987,6.45771932601929
sas,1988,6.58604764938354
sas,1989,6.72312688827515
sas,1990,6.8209662437439
sas,1991,6.98946046829224
sas,1992,7.16364622116089
sas,1993,7.35798358917236
sas,1994,7.45782136917114
sas,1995,7.46167945861816
sas,1996,7.47929525375366
sas,1997,7.51649236679077
sas,1998,7.39674234390259
sas,1999,7.35668802261353
sas,2000,7.5318489074707
sas,2001,7.5411958694458
sas,2002,7.74951457977295
sas,2003,8.21491050720215
sas,2004,8.42968654632568
sas,2005,8.6581392288208
sas,2006,8.83940696716309
sas,2007,9.08834457397461
sas,2008,9.27992534637451
sas,2009,9.26363563537598
sas,2010,9.50012111663818
sas,2011,9.66855430603027
sas,2012,9.89667797088623
sas,2013,9.94995594024658
sas,2014,9.97463130950928
sau,1979,5.37881994247437
sau,2005,11.0537099838257
sau,2007,11.3022298812866
sau,2009,11.7034502029419
sau,2013,12.9454202651978
sau,2014,13.1407403945923
sdn,2001,5.16018009185791
sdn,2002,5.17030000686646
sdn,2003,5.31521987915039
sdn,2004,5.54175996780396
sdn,2005,5.59478998184204
sdn,2006,5.7628698348999
sdn,2007,5.69876003265381
sdn,2008,6.11888980865479
sdn,2009,6.28010988235474
sdn,2010,6.25282001495361
sdn,2011,6.05389022827148
sdn,2012,6.24174976348877
sdn,2013,6.35902976989746
sen,1971,3.00377011299133
sen,1972,3.03911995887756
sen,1978,3.39437007904053
sen,1979,3.39613008499146
sen,1980,3.4558699131012
sen,1981,3.57259011268616
sen,1982,3.71369004249573
sen,1983,3.87911009788513
sen,1984,3.98658990859985
sen,1985,4.10101985931396
sen,1986,4.16799020767212
sen,1987,4.17959976196289
sen,1988,4.31017017364502
sen,1989,4.35245990753174
sen,1990,4.45928001403809
sen,1992,4.41972017288208
sen,1996,4.61679983139038
sen,1997,4.80459976196289
sen,1998,5.00129985809326
sen,1999,4.99499988555908
sen,2000,5.26029014587402
sen,2001,5.32339000701904
sen,2002,5.60973978042603
sen,2004,6.14869022369385
sen,2005,6.37202978134155
sen,2006,6.48336982727051
sen,2008,7.14913988113403
sen,2010,7.51381015777588
sen,2011,7.7632098197937
slb,1970,5.58065986633301
slb,1971,6.37846994400024
slb,1972,6.26814985275269
slb,1973,6.05018997192383
slb,1975,5.93190002441406
slb,1976,5.62382984161377
slb,1977,5.44256019592285
slb,1978,5.36312007904053
slb,1979,5.20530986785889
slb,1980,5.32667016983032
slb,1981,5.27705001831055
slb,1982,5.29625988006592
slb,1983,5.67760992050171
slb,1986,5.57877016067505
slb,1990,5.98439979553223
slb,1991,6.14917993545532
slb,1992,6.5540599822998
slb,1993,6.93110990524292
slb,1994,7.1788501739502
slb,1999,7.18502998352051
slb,2000,6.64659023284912
slb,2002,7.97349977493286
slb,2005,8.40388011932373
slb,2006,9.01883029937744
slb,2007,9.23723030090332
slb,2010,10.7092199325562
slb,2011,10.8080101013184
slb,2012,10.6390800476074
sle,1971,3.42748999595642
sle,1972,3.58299994468689
sle,1973,3.46580004692078
sle,1974,3.64215993881226
sle,1975,3.75670003890991
sle,1976,3.93900990486145
sle,1977,4.07284021377563
sle,1978,4.13024997711182
sle,1980,4.93280982971191
sle,1981,5.06311988830566
sle,1984,5.72467994689941
sle,1985,6.0485200881958
sle,1986,5.83936977386475
sle,1988,5.64118003845215
sle,1989,5.02261018753052
sle,1990,4.86122989654541
sle,1991,4.5638599395752
sle,2001,6.62278985977173
sle,2011,10.2891302108765
sle,2012,10.7137603759766
sle,2013,10.8509101867676
slv,1970,6.20195007324219
slv,1971,6.12245988845825
slv,1972,6.23701000213623
slv,1973,6.76577997207642
slv,1974,7.13555002212524
slv,1975,7.39982986450195
slv,1976,7.69389009475708
slv,1977,7.85727977752686
slv,1978,8.10624027252197
slv,1979,8.37565040588379
slv,1980,7.62244987487793
slv,1983,7.54587984085083
slv,1984,7.71162986755371
slv,1988,8.68194007873535
slv,1989,8.50389003753662
slv,1991,8.38562965393066
slv,1992,8.70753002166748
slv,1993,8.92864036560059
slv,1998,10.363320350647
slv,1999,10.2242202758789
slv,2000,10.5544595718384
slv,2001,10.7317399978638
slv,2002,10.9683103561401
slv,2003,11.2638502120972
slv,2004,11.5194902420044
slv,2005,11.6718397140503
slv,2006,11.656849861145
slv,2007,12.1519804000854
slv,2008,11.4944095611572
slv,2009,11.4811096191406
slv,2010,11.5736303329468
slv,2011,11.6416301727295
slv,2012,11.6476202011108
slv,2013,11.5501899719238
slv,2014,11.5652103424072
smr,2009,12.2924699783325
smr,2010,12.5002298355103
smr,2011,12.1931600570679
smr,2012,12.2400197982788
som,1971,0.667699992656708
som,1972,0.779420018196106
som,1973,0.98989999294281
som,1974,1.1907399892807
som,1976,2.43159008026123
som,1977,2.36911988258362
som,1978,2.14226007461548
som,1979,2.26495003700256
som,1980,2.16132998466492
som,1981,2.07730007171631
som,1982,1.90417003631592
som,1983,1.81353998184204
som,1984,1.84091997146606
som,1985,1.71426999568939
som,1986,1.61398005485535
som,2007,2.19331002235413
srb,1999,11.9213304519653
srb,2000,11.4385299682617
srb,2001,11.2808599472046
srb,2002,11.1815700531006
srb,2003,11.1061601638794
srb,2004,11.115650177002
srb,2005,11.2059202194214
srb,2006,11.197319984436
srb,2007,11.2010698318481
srb,2008,11.2786502838135
srb,2009,11.2547397613525
srb,2010,11.1871299743652
srb,2011,11.5829601287842
srb,2012,11.6001195907593
srb,2013,11.6311502456665
srb,2014,11.6331596374512
ssa,1970,4.14667367935181
ssa,1971,4.19661855697632
ssa,1972,4.30338525772095
ssa,1973,4.36337757110596
ssa,1974,4.50987672805786
ssa,1975,4.65397691726685
ssa,1976,4.77437162399292
ssa,1977,4.98230838775635
ssa,1978,5.25110054016113
ssa,1979,5.60689496994019
ssa,1980,5.87014627456665
ssa,1981,6.12443161010742
ssa,1982,6.33512687683105
ssa,1983,6.39198017120361
ssa,1984,6.39075946807861
ssa,1985,6.25647592544556
ssa,1986,6.04897308349609
ssa,1987,5.96265506744385
ssa,1988,5.92303276062012
ssa,1989,5.90727519989014
ssa,1990,5.84846639633179
ssa,1991,5.95664739608765
ssa,1992,5.91157484054565
ssa,1993,5.96006727218628
ssa,1994,5.98659133911133
ssa,1995,6.04845094680786
ssa,1996,5.95429229736328
ssa,1997,6.18858909606934
ssa,1998,6.36581707000732
ssa,1999,6.48424816131592
ssa,2000,6.68012475967407
ssa,2001,6.84588766098022
ssa,2002,7.0554633140564
ssa,2003,7.31604862213135
ssa,2004,7.57177734375
ssa,2005,7.78975200653076
ssa,2006,7.97684335708618
ssa,2007,8.04829978942871
ssa,2008,8.26470375061035
ssa,2009,8.40175437927246
ssa,2010,8.51606559753418
ssa,2011,8.63052082061768
ssa,2012,8.67239952087402
ssa,2013,8.7083854675293
ssa,2014,8.75024700164795
ssf,1970,4.14732456207275
ssf,1971,4.19731283187866
ssf,1972,4.30408668518066
ssf,1973,4.36407852172852
ssf,1974,4.51058292388916
ssf,1975,4.65461397171021
ssf,1976,4.77489328384399
ssf,1977,4.98284292221069
ssf,1978,5.25164318084717
ssf,1979,5.60739231109619
ssf,1980,5.87061023712158
ssf,1981,6.12493753433228
ssf,1982,6.33569097518921
ssf,1983,6.39254951477051
ssf,1984,6.39133262634277
ssf,1985,6.25706958770752
ssf,1986,6.04960346221924
ssf,1987,5.96327686309814
ssf,1988,5.92363929748535
ssf,1989,5.9078631401062
ssf,1990,5.84905576705933
ssf,1991,5.95720720291138
ssf,1992,5.91212320327759
ssf,1993,5.96060276031494
ssf,1994,5.98712968826294
ssf,1995,6.04896306991577
ssf,1996,5.9548077583313
ssf,1997,6.18903064727783
ssf,1998,6.36619853973389
ssf,1999,6.48463296890259
ssf,2000,6.68048572540283
ssf,2001,6.84620809555054
ssf,2002,7.05575180053711
ssf,2003,7.31632804870605
ssf,2004,7.57201433181763
ssf,2005,7.79002094268799
ssf,2006,7.97708606719971
ssf,2007,8.04852390289307
ssf,2008,8.26490020751953
ssf,2009,8.40193939208984
ssf,2010,8.51624298095703
ssf,2011,8.63070297241211
ssf,2012,8.67258739471436
ssf,2013,8.70854187011719
ssf,2014,8.75040435791016
stp,1971,5.38535022735596
stp,1972,5.99928998947144
stp,1976,8.08926963806152
stp,1977,7.08789014816284
stp,1981,8.00496959686279
stp,1982,8.35534954071045
stp,1983,8.9957103729248
stp,1984,8.55640983581543
stp,1987,7.2175498008728
stp,1988,7.73320007324219
stp,2003,9.67588043212891
stp,2004,9.86818981170654
stp,2005,10.0041198730469
stp,2007,10.1384000778198
stp,2008,10.109959602356
stp,2009,10.4097604751587
stp,2010,10.3368196487427
stp,2011,10.7695503234863
stp,2012,10.6251602172852
stp,2013,11.0068197250366
stp,2014,11.5929002761841
stp,2015,12.2509002685547
sur,1971,10.1918601989746
sur,1972,10.139760017395
sur,1973,10.5739002227783
sur,1974,10.8994703292847
sur,1975,10.787989616394
sur,1976,9.87141036987305
sur,1977,10.9742698669434
sur,1978,11.125789642334
sur,1979,11.3192701339722
sur,1980,11.4099903106689
sur,1981,9.98875999450684
sur,1982,11.0425901412964
sur,1983,11.349760055542
sur,1984,11.6561498641968
sur,1985,12.3038101196289
sur,1986,13.0165596008301
sur,1987,11.9986896514893
sur,1988,11.9004697799683
sur,1989,12.2051496505737
sur,1990,11.3387498855591
sur,1991,10.9690999984741
sur,1992,12.4722099304199
sur,1993,12.1644201278687
sur,2001,10.1646699905396
sur,2002,10.241530418396
sur,2005,11.5603904724121
sur,2006,12.0045003890991
sur,2007,11.9329099655151
sur,2008,12.474760055542
sur,2009,12.4735898971558
sur,2011,13.3795003890991
sur,2013,12.7608404159546
svk,1993,11.0242395401001
svk,1994,11.0605401992798
svk,1995,11.1426696777344
svk,1996,11.2596197128296
svk,1997,11.263560295105
svk,1998,11.6491403579712
svk,1999,11.6953601837158
svk,2000,11.8075799942017
svk,2001,11.6877498626709
svk,2002,11.8493900299072
svk,2003,11.9706802368164
svk,2004,12.1360197067261
svk,2005,12.1909599304199
svk,2006,12.2030200958252
svk,2007,12.2473201751709
svk,2008,12.2310495376587
svk,2009,12.2015695571899
svk,2010,12.2241096496582
svk,2011,12.250340461731
svk,2012,12.3030700683594
svk,2013,12.2094497680664
svk,2014,12.2158403396606
svn,1982,8.89465999603271
svn,1983,9.70359039306641
svn,1984,10.3439102172852
svn,1985,10.6388397216797
svn,1986,10.6129198074341
svn,1987,10.5884704589844
svn,1988,10.6449003219604
svn,1989,10.7171201705933
svn,1990,10.825309753418
svn,1991,10.8848695755005
svn,1992,10.9757499694824
svn,1993,10.8125896453857
svn,1994,10.8387804031372
svn,1995,11.0645599365234
svn,1996,11.1246404647827
svn,1997,11.2985696792603
svn,1998,11.3945302963257
svn,1999,11.88733959198
svn,2000,11.9379501342773
svn,2001,12.5158996582031
svn,2002,12.7323503494263
svn,2003,13.1003198623657
svn,2004,12.7128896713257
svn,2005,12.7614402770996
svn,2006,12.7775297164917
svn,2007,12.7325201034546
svn,2008,12.7091302871704
svn,2009,12.7089099884033
svn,2010,12.7118301391602
svn,2011,12.7159404754639
svn,2012,12.7552900314331
svn,2013,13.687840461731
svn,2014,13.5200796127319
swe,1971,10.7944297790527
swe,1972,10.3677501678467
swe,1973,11.0207004547119
swe,1974,10.8691596984863
swe,1975,10.9719104766846
swe,1976,10.7599601745605
swe,1977,10.6987600326538
swe,1978,10.7437400817871
swe,1979,10.9957704544067
swe,1980,11.0187501907349
swe,1981,11.0664701461792
swe,1982,11.0407600402832
swe,1983,11.0715303421021
swe,1984,11.0606298446655
swe,1985,10.9854803085327
swe,1986,11.243989944458
swe,1987,11.2546997070313
swe,1988,11.3735904693604
swe,1989,11.3314304351807
swe,1990,11.3698701858521
swe,1991,11.4081602096558
swe,1992,11.5240001678467
swe,1993,13.2374897003174
swe,1994,13.549690246582
swe,1995,13.7726802825928
swe,1996,14.0268096923828
swe,1997,14.5631399154663
swe,1998,15.9580898284912
swe,1999,15.4626998901367
swe,2000,15.3095397949219
swe,2001,15.2082099914551
swe,2002,15.0851097106934
swe,2003,14.7274103164673
swe,2004,12.0478601455688
swe,2005,12.0054903030396
swe,2006,11.9849004745483
swe,2007,11.9982500076294
swe,2008,12.0600099563599
swe,2009,12.0010404586792
swe,2010,11.9788198471069
swe,2011,11.8278102874756
swe,2012,11.9887399673462
swe,2013,14.5445995330811
swe,2014,14.7106599807739
swz,1970,6.6533899307251
swz,1971,6.80873012542725
swz,1972,7.17138004302979
swz,1973,7.47416019439697
swz,1974,7.74594020843506
swz,1975,7.87847995758057
swz,1976,7.92050981521606
swz,1977,8.05447959899902
swz,1978,8.09401988983154
swz,1979,8.20703983306885
swz,1980,8.37090015411377
swz,1985,8.98357963562012
swz,1992,9.53219032287598
swz,1993,9.4550199508667
swz,1994,9.47887992858887
swz,1995,9.58294010162354
swz,1996,9.25067043304443
swz,1998,9.15546035766602
swz,1999,9.19052982330322
swz,2000,9.04321002960205
swz,2001,8.97581958770752
swz,2002,8.90104961395264
swz,2003,8.88191032409668
swz,2004,9.40312957763672
swz,2005,9.65161991119385
swz,2006,10.2047901153564
swz,2007,10.5058698654175
swz,2009,10.4320402145386
swz,2010,10.9664096832275
swz,2011,11.0207996368408
swz,2012,11.0376396179199
swz,2013,11.1087102890015
syc,1970,8.08335971832275
syc,1971,8.42691993713379
syc,1972,8.65880966186523
syc,1973,8.80984973907471
syc,1974,9.11011028289795
syc,1975,8.91047954559326
syc,1976,8.29959011077881
syc,1978,9.05340957641602
syc,1979,9.17473983764648
syc,1980,9.29961013793945
syc,1981,9.96844959259033
syc,1982,10.7739696502686
syc,1983,11.0379695892334
syc,1984,11.2399597167969
syc,1985,11.4752101898193
syc,1986,11.6227197647095
syc,1987,11.5320301055908
syc,1988,11.4460897445679
syc,1989,11.3601102828979
syc,1991,11.5355100631714
syc,1992,11.6250801086426
syc,1993,11.7580099105835
syc,1994,11.9917402267456
syc,1995,11.874529838562
syc,1996,11.936710357666
syc,1998,11.0691995620728
syc,1999,11.3780899047852
syc,2000,11.4374198913574
syc,2001,11.2944297790527
syc,2002,11.299220085144
syc,2003,11.6511402130127
syc,2004,11.4156398773193
syc,2005,12.2498302459717
syc,2007,11.9363698959351
syc,2008,11.7775096893311
syc,2009,11.8250799179077
syc,2010,11.9389200210571
syc,2011,12.1102104187012
syc,2012,12.1929502487183
syc,2013,11.5742301940918
syc,2014,11.6143398284912
syr,1971,7.16696977615356
syr,1972,7.40035009384155
syr,1973,7.96603012084961
syr,1974,8.20429039001465
syr,1975,8.33016967773438
syr,1976,8.50903034210205
syr,1977,8.53221035003662
syr,1978,8.5727596282959
syr,1979,8.62899971008301
syr,1980,8.62609958648682
syr,1981,8.73688983917236
syr,1982,8.75450992584229
syr,1983,8.92092990875244
syr,1984,9.17908000946045
syr,1985,9.40194034576416
syr,1986,9.59617042541504
syr,1987,9.76751041412354
syr,1988,9.64064025878906
syr,1989,9.56083965301514
syr,1990,9.34988975524902
syr,1991,9.31091022491455
syr,1992,9.20847034454346
syr,1993,9.10853958129883
syr,1994,9.05644989013672
syr,1995,8.95897006988525
syr,1996,8.8742504119873
syr,1997,8.8306303024292
syr,1998,8.84745979309082
syr,1999,8.93982982635498
syr,2000,9.06871032714844
syr,2001,9.30018997192383
syr,2002,9.53995037078857
syr,2003,9.8792200088501
syr,2004,10.1451797485352
syr,2005,10.4256200790405
syr,2006,10.3915300369263
syr,2007,10.4351596832275
syr,2008,10.4740800857544
syr,2009,10.4468097686768
syr,2010,10.6387701034546
syr,2011,11.0952396392822
syr,2012,11.3399496078491
syr,2013,7.21317005157471
tcd,1971,2.0760600566864
tcd,1972,2.0492000579834
tcd,1974,2.10096001625061
tcd,1975,2.17642998695374
tcd,1976,2.19788002967834
tcd,1977,2.34008002281189
tcd,1985,2.51748991012573
tcd,1987,2.70202994346619
tcd,1989,3.07216000556946
tcd,1990,3.4940299987793
tcd,1994,3.35280990600586
tcd,1995,3.34554004669189
tcd,1996,3.62683010101318
tcd,1997,3.95739006996155
tcd,1998,4.45462989807129
tcd,1999,4.58334016799927
tcd,2000,4.81860017776489
tcd,2001,5.10322999954224
tcd,2002,5.385009765625
tcd,2003,5.52138996124268
tcd,2004,5.58486986160278
tcd,2005,5.41127014160156
tcd,2006,5.40326023101807
tcd,2007,5.50756978988647
tcd,2008,6.16075992584229
tcd,2009,6.5662899017334
tcd,2010,6.54210996627808
tcd,2011,7.17503976821899
tcd,2012,7.20807981491089
tgo,1971,4.60432004928589
tgo,1972,5.12714004516602
tgo,1973,5.39628982543945
tgo,1974,5.70870018005371
tgo,1975,6.04907989501953
tgo,1976,6.71687984466553
tgo,1977,7.33173990249634
tgo,1978,8.14680004119873
tgo,1979,8.83189964294434
tgo,1980,9.2633695602417
tgo,1982,8.9200496673584
tgo,1983,8.26990985870361
tgo,1984,7.21787023544312
tgo,1985,6.70625019073486
tgo,1986,6.68710994720459
tgo,1987,6.8878002166748
tgo,1988,7.03197002410889
tgo,1989,7.20909023284912
tgo,1990,7.46576023101807
tgo,1991,7.73730993270874
tgo,1992,7.17613983154297
tgo,1994,7.32277011871338
tgo,1995,8.14622974395752
tgo,1996,8.57221984863281
tgo,1997,8.66909027099609
tgo,1999,9.5079402923584
tgo,2000,9.25767040252686
tgo,2001,9.57194995880127
tgo,2002,9.83675956726074
tgo,2003,9.82524013519287
tgo,2004,9.93628025054932
tgo,2005,9.98834991455078
tgo,2006,10.3509998321533
tgo,2007,9.80265998840332
tgo,2011,11.4578800201416
tha,1971,6.70031976699829
tha,1972,6.85264015197754
tha,1973,6.80046987533569
tha,1974,6.92070007324219
tha,1975,7.0771598815918
tha,1976,7.12783002853394
tha,1977,7.15549993515015
tha,1978,7.15010023117065
tha,1979,7.15278005599976
tha,1980,7.41625022888184
tha,1981,7.55367994308472
tha,1982,7.61120986938477
tha,1984,7.59218978881836
tha,1985,7.60489988327026
tha,1986,7.55377006530762
tha,1987,7.56603002548218
tha,1988,7.55368995666504
tha,1989,7.53803014755249
tha,1990,7.63653993606567
tha,1991,7.96785020828247
tha,1992,8.03275012969971
tha,1993,8.23744964599609
tha,1994,8.45732975006104
tha,1995,8.60233020782471
tha,1996,8.75102996826172
tha,1997,8.98674011230469
tha,1998,9.29111003875732
tha,2001,9.57975959777832
tha,2002,9.73419952392578
tha,2004,9.92873001098633
tha,2005,10.1544599533081
tha,2006,10.1058502197266
tha,2007,10.4695796966553
tha,2008,10.5539598464966
tha,2009,10.6946601867676
tha,2010,10.7762098312378
tha,2011,11.0364503860474
tha,2012,11.0108098983765
tha,2013,10.996000289917
tjk,1991,10.8619203567505
tjk,1992,10.7970895767212
tjk,1993,10.001669883728
tjk,1994,9.30434036254883
tjk,1995,9.28285980224609
tjk,1999,8.71586036682129
tjk,2000,8.78065967559814
tjk,2001,8.90353012084961
tjk,2002,9.16040992736816
tjk,2003,9.52626037597656
tjk,2004,9.51303958892822
tjk,2005,9.57143974304199
tjk,2006,9.62621974945068
tjk,2007,9.66168975830078
tjk,2008,9.79675960540771
tjk,2009,9.82929992675781
tjk,2010,9.90721988677979
tjk,2011,9.96584033966064
tjk,2012,10.0335998535156
tjk,2013,10.1113004684448
tkm,2014,10.4020004272461
tls,2001,9.32281017303467
tls,2002,9.40081024169922
tls,2003,9.25706958770752
tls,2004,9.42850017547607
tls,2005,8.87394046783447
tls,2008,9.81958961486816
tls,2009,11.3125495910645
tls,2010,12.3898401260376
tls,2011,12.7922201156616
tls,2012,12.8731098175049
tls,2013,12.8200397491455
tls,2014,12.9269304275513
ton,1970,11.8079204559326
ton,1971,11.1622495651245
ton,1972,10.9456796646118
ton,1973,10.6974496841431
ton,1974,10.8570499420166
ton,1975,11.6448402404785
ton,1978,12.4227104187012
ton,1981,13.5290699005127
ton,1982,13.6747703552246
ton,1983,13.4813604354858
ton,1984,13.8976898193359
ton,1985,13.2960500717163
ton,1986,12.880410194397
ton,1990,13.4834699630737
ton,1991,13.3347196578979
ton,1993,14.3279104232788
ton,1998,12.8259401321411
ton,1999,13.3864097595215
ton,2000,12.9420003890991
ton,2001,13.1599397659302
ton,2002,13.2989196777344
ton,2003,14.1793699264526
ton,2004,13.1022996902466
ton,2006,12.8176202774048
ton,2007,12.9317798614502
ton,2008,12.761890411377
ton,2009,12.7158699035645
ton,2010,12.7499399185181
ton,2011,12.7952404022217
ton,2012,12.9872198104858
ton,2013,12.9662303924561
ton,2014,12.64857006073
tto,1971,10.5166797637939
tto,1972,10.4472303390503
tto,1973,10.1506700515747
tto,1977,10.6003398895264
tto,1981,10.6233701705933
tto,1982,10.8784704208374
tto,1983,10.958869934082
tto,1984,10.8497495651245
tto,1985,10.7971801757813
tto,1986,10.7828102111816
tto,1987,11.0318403244019
tto,1988,11.1376495361328
tto,1989,10.978289604187
tto,1990,10.8684101104736
tto,1991,10.693320274353
tto,1992,10.6217203140259
tto,1993,10.6380195617676
tto,2004,11.3524703979492
tun,1971,8.01891040802002
tun,1972,7.72166013717651
tun,1973,7.25504016876221
tun,1974,7.0460901260376
tun,1975,7.26560020446777
tun,1976,7.27991008758545
tun,1977,7.4993200302124
tun,1978,7.80020999908447
tun,1979,7.87482023239136
tun,1980,8.02721977233887
tun,1981,8.05482006072998
tun,1982,8.38753986358643
tun,1983,8.90812969207764
tun,1984,9.21765995025635
tun,1985,9.50512981414795
tun,1986,9.79934978485107
tun,1987,9.84805965423584
tun,1988,9.9011697769165
tun,1989,9.94316005706787
tun,1990,10.0877704620361
tun,1991,10.1480598449707
tun,1992,10.2003402709961
tun,1993,10.3468999862671
tun,1994,10.7467803955078
tun,1995,10.954270362854
tun,1996,11.1122703552246
tun,1997,11.1529598236084
tun,1998,11.5914497375488
tun,1999,11.9249897003174
tun,2000,12.0873603820801
tun,2001,12.219090461731
tun,2002,12.2799196243286
tun,2003,12.1845302581787
tun,2004,12.4024295806885
tun,2005,12.5684204101563
tun,2006,12.6104602813721
tun,2007,12.66565990448
tun,2008,12.7423400878906
tun,2009,12.6609201431274
tun,2010,12.7440595626831
tun,2011,12.8936395645142
tun,2013,12.9784002304077
tun,2014,12.9123802185059
tur,1971,6.90435981750488
tur,1972,7.032790184021
tur,1973,7.13484001159668
tur,1974,7.24834012985229
tur,1976,7.2947301864624
tur,1977,7.35586977005005
tur,1978,7.32143020629883
tur,1979,7.32335996627808
tur,1981,7.22343015670776
tur,1982,7.33665990829468
tur,1983,7.41113996505737
tur,1984,7.77583980560303
tur,1986,8.03345966339111
tur,1987,8.08428001403809
tur,1988,8.25401020050049
tur,1989,8.22066020965576
tur,1990,8.27011013031006
tur,1991,8.35620975494385
tur,1992,8.43805027008057
tur,1993,8.50835990905762
tur,1994,8.45740032196045
tur,1995,8.60017013549805
tur,1997,8.60449028015137
tur,1999,9.38471984863281
tur,2000,9.50718975067139
tur,2001,10.2359504699707
tur,2002,10.5622501373291
tur,2003,10.5201997756958
tur,2004,10.3330898284912
tur,2005,10.1666898727417
tur,2006,10.3844203948975
tur,2007,10.5515804290771
tur,2008,10.4340400695801
tur,2009,10.6057596206665
tur,2010,10.9630002975464
tur,2011,11.2387800216675
tur,2012,10.879940032959
tur,2013,12.3378095626831
tuv,2001,10.9597501754761
tuv,2014,11.5547895431519
tza,1970,2.526859998703
tza,1971,2.62932991981506
tza,1972,2.79060006141663
tza,1973,2.97595000267029
tza,1974,3.22164988517761
tza,1975,3.90455007553101
tza,1976,4.89128017425537
tza,1977,5.17002010345459
tza,1978,6.52931022644043
tza,1979,6.77433013916016
tza,1980,7.35139989852905
tza,1981,7.52558994293213
tza,1982,7.26072978973389
tza,1983,7.11393976211548
tza,1984,6.74479007720947
tza,1985,5.90696001052856
tza,1986,5.71752977371216
tza,1987,5.5567798614502
tza,1988,5.42222023010254
tza,1989,5.42264986038208
tza,1991,5.56189012527466
tza,1992,5.51143980026245
tza,1993,5.54069995880127
tza,1994,5.45182991027832
tza,1995,5.40440988540649
tza,1996,5.33590984344482
tza,1997,5.36812019348145
tza,2010,8.88321018218994
tza,2012,8.42278003692627
tza,2013,8.05025959014893
uga,1970,3.00473999977112
uga,1973,3.05544996261597
uga,1974,3.18336009979248
uga,1975,3.41454005241394
uga,1976,3.55521011352539
uga,1977,3.77063989639282
uga,1978,3.87307000160217
uga,1979,4.04188013076782
uga,1980,3.96803998947144
uga,1981,4.38385009765625
uga,1982,5.06525993347168
uga,1983,4.86555004119873
uga,1984,5.29962015151978
uga,1985,5.6406102180481
uga,1986,5.96625995635986
uga,1987,5.84119987487793
uga,1988,5.9085898399353
uga,1990,5.62342977523804
uga,1991,5.59332990646362
uga,1992,5.07075023651123
uga,1993,5.38835000991821
uga,1994,5.43518018722534
uga,1995,5.50450992584229
uga,1997,8.88339996337891
uga,2000,10.7161798477173
uga,2001,10.8810501098633
uga,2002,11.2958002090454
uga,2003,11.3748302459717
uga,2004,10.6877002716064
uga,2005,10.1901502609253
uga,2006,10.1609401702881
uga,2007,10.2828197479248
uga,2008,10.5821104049683
uga,2009,10.7351598739624
uga,2010,10.4585599899292
uga,2011,9.75084018707275
uga,2013,9.60118007659912
ukr,1981,9.9201602935791
ukr,1982,9.90316963195801
ukr,1983,9.91631984710693
ukr,1984,9.89599990844727
ukr,1985,9.87376022338867
ukr,1986,9.88057994842529
ukr,1988,10.0963001251221
ukr,1990,9.93342018127441
ukr,1991,10.0279197692871
ukr,1992,9.86937046051025
ukr,1993,9.82781982421875
ukr,1994,9.85925960540771
ukr,1999,10.6360397338867
ukr,2000,10.7469997406006
ukr,2001,11.0338697433472
ukr,2002,11.1490497589111
ukr,2003,11.2073602676392
ukr,2004,10.8650197982788
ukr,2005,10.799750328064
ukr,2006,10.6581001281738
ukr,2007,10.5608396530151
ukr,2008,10.4891996383667
ukr,2009,10.4705095291138
ukr,2010,10.6377801895142
ukr,2011,10.7018699645996
ukr,2012,11.0155696868896
ukr,2013,11.1485595703125
ukr,2014,11.1192998886108
umc,1970,7.66879940032959
umc,1971,7.85018825531006
umc,1972,8.07960319519043
umc,1973,8.47530364990234
umc,1974,8.52904033660889
umc,1975,8.65450477600098
umc,1976,8.90595626831055
umc,1977,9.19207954406738
umc,1978,9.25926780700684
umc,1979,9.1244535446167
umc,1980,8.97840595245361
umc,1981,8.91057205200195
umc,1982,8.77047729492188
umc,1983,8.73347949981689
umc,1984,8.81517887115479
umc,1985,9.04669284820557
umc,1986,9.25700187683105
umc,1987,9.36384105682373
umc,1988,9.45115089416504
umc,1989,9.49636363983154
umc,1990,9.48256778717041
umc,1991,9.49960231781006
umc,1992,9.53684425354004
umc,1993,9.53145503997803
umc,1994,9.48492622375488
umc,1995,9.55702209472656
umc,1996,9.64071369171143
umc,1997,9.672438621521
umc,1998,9.73414039611816
umc,1999,9.87335300445557
umc,2000,10.0641250610352
umc,2001,10.0434637069702
umc,2002,10.165319442749
umc,2003,10.2411317825317
umc,2004,10.4298543930054
umc,2005,10.6035747528076
umc,2006,10.7201309204102
umc,2007,10.9137306213379
umc,2008,11.1227350234985
umc,2009,11.2482500076294
umc,2010,11.3858242034912
umc,2011,11.5098743438721
umc,2012,11.5846357345581
umc,2013,11.8559646606445
umc,2014,11.7037839889526
ury,1970,10.2518701553345
ury,1971,10.4080295562744
ury,1972,10.4198198318481
ury,1973,10.6147603988647
ury,1974,10.2461004257202
ury,1975,10.0266799926758
ury,1976,10.1826496124268
ury,1977,10.1859998703003
ury,1978,10.105899810791
ury,1979,9.97084999084473
ury,1981,11.2686195373535
ury,1982,10.7494096755981
ury,1983,10.684009552002
ury,1984,10.7566900253296
ury,1985,10.8011598587036
ury,1986,10.8182697296143
ury,1987,10.7934999465942
ury,1988,10.9799003601074
ury,1989,11.2267198562622
ury,1990,11.386890411377
ury,1991,11.4852304458618
ury,1992,11.4434995651245
ury,1993,11.3980302810669
ury,1994,11.365460395813
ury,1995,11.4713802337646
ury,1996,11.6978797912598
ury,1998,12.1260099411011
ury,1999,12.2684497833252
ury,2000,12.5123796463013
ury,2001,12.6831703186035
ury,2002,13.0116195678711
ury,2003,13.3204898834229
ury,2004,13.2567195892334
ury,2005,12.8878803253174
ury,2006,12.9398202896118
ury,2007,12.3869304656982
ury,2008,12.1354103088379
ury,2009,12.2431497573853
ury,2010,12.155969619751
ury,2013,12.2018995285034
usa,1971,10.3401403427124
usa,1972,10.3718795776367
usa,1974,10.4739999771118
usa,1975,10.4101295471191
usa,1976,10.5281200408936
usa,1977,10.5455503463745
usa,1978,10.5553503036499
usa,1979,10.1415004730225
usa,1980,11.38148021698
usa,1981,11.2938899993896
usa,1982,11.6061697006226
usa,1983,11.5332202911377
usa,1984,11.5827798843384
usa,1985,11.5386695861816
usa,1986,11.6597003936768
usa,1987,11.7297201156616
usa,1990,11.7576103210449
usa,1991,11.7129001617432
usa,1993,11.9068899154663
usa,1994,11.9469003677368
usa,1995,11.944299697876
usa,1996,11.9281396865845
usa,1998,11.9260501861572
usa,1999,11.8658103942871
usa,2000,11.7514200210571
usa,2001,11.8232698440552
usa,2002,11.6379203796387
usa,2003,11.7318897247314
usa,2004,11.7202796936035
usa,2005,11.767749786377
usa,2006,11.8016996383667
usa,2007,11.9119396209717
usa,2008,11.9420299530029
usa,2009,11.8453903198242
usa,2010,11.6783199310303
usa,2011,11.6597995758057
usa,2012,11.6543798446655
usa,2013,11.702130317688
usa,2014,11.8074798583984
uzb,1981,10.6784801483154
uzb,1986,10.9761400222778
uzb,1989,10.4998798370361
uzb,1990,10.3980302810669
uzb,1991,10.274510383606
uzb,1992,9.98289966583252
uzb,1993,9.72817993164063
uzb,1994,9.60988998413086
uzb,1995,9.56453990936279
uzb,1999,9.93006038665771
uzb,2000,10.0790100097656
uzb,2003,10.889289855957
uzb,2004,10.9640102386475
uzb,2005,11.2860803604126
uzb,2006,11.2754001617432
uzb,2007,11.4244604110718
uzb,2008,11.3111095428467
uzb,2009,11.4157600402832
uzb,2010,11.4966096878052
uzb,2011,11.5327596664429
vct,1971,10.8452100753784
vct,1972,13.1995000839233
vct,1974,9.21043014526367
vct,1975,8.81332969665527
vct,1976,9.24590969085693
vct,1982,10.2773599624634
vct,1984,10.6186199188232
vct,1986,11.3511295318604
vct,1987,11.4362096786499
vct,1991,12.1346998214722
vct,2000,12.3839902877808
vct,2001,12.5326795578003
vct,2002,12.4066295623779
vct,2003,12.6801996231079
vct,2004,12.7102603912354
vct,2005,12.7467403411865
vct,2007,12.8369197845459
vct,2008,13.0011796951294
vct,2009,12.9308004379272
vct,2010,12.7653999328613
vct,2011,12.1656799316406
vct,2012,12.4067001342773
vct,2013,12.526909828186
vct,2014,12.5741395950317
ven,1971,7.05271005630493
ven,1972,7.14524984359741
ven,1973,7.18623018264771
ven,1974,7.18110990524292
ven,1975,7.28923988342285
ven,1976,7.66341018676758
ven,1977,7.89871978759766
ven,1978,8.13131999969482
ven,1979,8.30836963653564
ven,1980,8.51228046417236
ven,1981,8.71294021606445
ven,1982,8.90015983581543
ven,1983,9.00897979736328
ven,1984,9.03588962554932
ven,1985,9.19052982330322
ven,1986,9.25835990905762
ven,1987,9.19991016387939
ven,1988,9.16081047058105
ven,1989,9.0965404510498
ven,1990,9.12598037719727
ven,1991,9.33257961273193
ven,1992,9.45691013336182
ven,1993,9.3572301864624
ven,1999,8.75123023986816
ven,2000,8.97216033935547
ven,2001,9.32544994354248
ven,2002,9.66409015655518
ven,2003,9.60793018341064
ven,2004,9.73324012756348
ven,2005,9.83570003509521
ven,2006,9.95514965057373
ven,2007,10.1919403076172
ven,2008,10.1192798614502
ven,2009,10.1874103546143
ven,2010,10.1566801071167
ven,2011,10.2011604309082
ven,2012,10.3254299163818
ven,2013,10.7454099655151
ven,2014,10.6573095321655
vnm,1976,8.00934982299805
vnm,1977,8.33477020263672
vnm,1980,8.53890037536621
vnm,1990,7.66520023345947
vnm,1998,9.77888011932373
vut,1970,7.79300022125244
vut,1971,7.83874988555908
vut,1972,7.53138017654419
vut,1973,7.57449007034302
vut,1974,7.65680980682373
vut,1975,7.64924001693726
vut,1976,7.77121019363403
vut,1977,7.87147998809814
vut,1978,7.92052984237671
vut,1980,7.98688983917236
vut,1981,7.94949007034302
vut,1983,7.36929988861084
vut,1989,7.48125982284546
vut,1991,7.06190013885498
vut,1999,9.25469017028809
vut,2000,9.69789981842041
vut,2001,9.81332015991211
vut,2002,10.1212301254272
vut,2003,10.4482202529907
vut,2004,10.367639541626
vut,2010,11.6907901763916
wld,1970,7.19148969650269
wld,1971,7.26518964767456
wld,1972,7.38976955413818
wld,1973,7.60324811935425
wld,1974,7.63390254974365
wld,1975,7.71898937225342
wld,1976,7.85035276412964
wld,1977,8.02352142333984
wld,1978,8.06058311462402
wld,1979,8.03418636322021
wld,1980,8.06859970092773
wld,1981,8.09573078155518
wld,1982,8.09431648254395
wld,1983,8.13364410400391
wld,1984,8.19278812408447
wld,1985,8.27168369293213
wld,1986,8.35974788665771
wld,1987,8.37868881225586
wld,1988,8.43319511413574
wld,1989,8.458984375
wld,1990,8.44342231750488
wld,1991,8.50464153289795
wld,1992,8.55096340179443
wld,1993,8.62319469451904
wld,1994,8.66780281066895
wld,1995,8.70419502258301
wld,1996,8.74489307403564
wld,1997,8.79829883575439
wld,1998,8.79619026184082
wld,1999,8.82884883880615
wld,2000,8.94904232025146
wld,2001,8.96193981170654
wld,2002,9.07740211486816
wld,2003,9.27418804168701
wld,2004,9.42050743103027
wld,2005,9.57869529724121
wld,2006,9.68061256408691
wld,2007,9.83881759643555
wld,2008,9.98681831359863
wld,2009,10.0607042312622
wld,2010,10.2112684249878
wld,2011,10.3266658782959
wld,2012,10.4356069564819
wld,2013,10.5465621948242
wld,2014,10.5183668136597
wsm,1970,8.89138031005859
wsm,1973,9.11328983306885
wsm,1975,10.2658796310425
wsm,1976,10.4520301818848
wsm,1977,10.7955904006958
wsm,1978,10.8835496902466
wsm,1979,11.0673398971558
wsm,1980,11.265419960022
wsm,1981,11.2112398147583
wsm,1982,11.5590600967407
wsm,1986,11.7252702713013
wsm,1994,11.3283195495605
wsm,1995,11.4119100570679
wsm,1996,11.1693696975708
wsm,1997,11.4359903335571
wsm,1998,11.4154100418091
wsm,1999,11.3628101348877
wsm,2000,11.4322900772095
wsm,2001,11.6904401779175
wsm,2002,12.0008001327515
wsm,2003,12.3063297271729
wsm,2004,12.3899097442627
wsm,2005,12.3687496185303
wsm,2006,12.3778800964355
wsm,2007,12.3797798156738
wsm,2009,12.4837999343872
wsm,2010,12.8607997894287
wsm,2011,12.5094699859619
wsm,2012,12.3838300704956
wsm,2014,12.5436096191406
yem,1999,7.13452005386353
yem,2001,7.48829984664917
yem,2003,7.9260401725769
yem,2004,8.00631046295166
yem,2005,8.05442047119141
yem,2008,7.89971017837524
yem,2010,8.0735502243042
yem,2011,8.49077033996582
yem,2012,8.47428035736084
yem,2013,8.83071041107178
zaf,1989,10.5411195755005
zaf,1990,10.7731399536133
zaf,1991,11.3302602767944
zaf,1994,12.3034496307373
zaf,1998,12.5551204681396
zaf,1999,12.4642400741577
zaf,2000,11.7535104751587
zaf,2001,11.6813201904297
zaf,2002,11.5858001708984
zaf,2003,11.5920600891113
zaf,2004,11.583930015564
zaf,2005,11.4444799423218
zaf,2006,11.4218997955322
zaf,2007,11.4915704727173
zaf,2008,11.3150701522827
zaf,2009,11.2899303436279
zaf,2010,11.2504396438599
zaf,2011,11.2948703765869
zaf,2012,11.4319696426392
zaf,2013,11.5718898773193
zaf,2014,11.671070098877
zmb,1970,6.88733005523682
zmb,1971,6.98010015487671
zmb,1972,7.27762985229492
zmb,1973,7.13558006286621
zmb,1974,7.27425003051758
zmb,1975,7.17012977600098
zmb,1976,7.3972601890564
zmb,1977,7.37125015258789
zmb,1978,7.33034992218018
zmb,1979,7.31953001022339
zmb,1980,7.38804006576538
zmb,1981,7.32705020904541
zmb,1982,7.36181020736694
zmb,1985,7.75840997695923
zmb,1986,8.00210952758789
zmb,1987,7.5346097946167
zmb,1988,7.80415010452271
zmb,1990,7.41659021377563
zmb,1994,7.1359601020813
zwe,1970,5.51167011260986
zwe,1971,5.0726900100708
zwe,1972,5.31798982620239
zwe,1973,5.37092018127441
zwe,1974,5.47509002685547
zwe,1975,5.49817991256714
zwe,1976,5.45476007461548
zwe,1977,5.3446798324585
zwe,1978,4.82823991775513
zwe,1979,4.64667987823486
zwe,1980,6.46114015579224
zwe,1981,8.92191028594971
zwe,1982,9.89597034454346
zwe,1983,10.6028995513916
zwe,1984,11.2514295578003
zwe,1985,11.3244600296021
zwe,1986,11.5296602249146
zwe,1987,10.7346601486206
zwe,1988,10.3694200515747
zwe,1989,10.2262802124023
zwe,1990,9.52458953857422
zwe,1991,9.94997024536133
zwe,1992,9.50590038299561
zwe,1993,9.60507011413574
zwe,1995,9.6951904296875
zwe,1996,9.70158958435059
zwe,1997,9.79078960418701
zwe,1999,9.60225963592529
zwe,2000,9.58644008636475
zwe,2001,9.83092021942139
zwe,2002,9.31919002532959
zwe,2003,9.00226020812988
zwe,2012,10.1136598587036
zwe,2013,10.0207395553589
