country,year,se_sec_enrr
abw,1999,98.7969207763672
abw,2000,96.4860229492188
abw,2001,97.9878005981445
abw,2002,100.505729675293
abw,2003,99.0911712646484
abw,2004,97.25244140625
abw,2005,95.9288177490234
abw,2006,97.3563690185547
abw,2007,102.546356201172
abw,2008,94.6491317749023
abw,2009,96.7234420776367
abw,2010,95.8235397338867
abw,2011,97.0151214599609
abw,2012,111.174522399902
afg,1970,8.33160972595215
afg,1971,9.35029029846191
afg,1972,10.3486099243164
afg,1973,10.8316898345947
afg,1974,10.9764003753662
afg,1975,11.0410299301147
afg,1976,11.9362201690674
afg,1977,12.7769603729248
afg,1978,13.4486303329468
afg,1980,16.9421405792236
afg,1981,19.5852394104004
afg,1982,10.7739696502686
afg,1984,12.6788196563721
afg,1985,13.4631299972534
afg,1986,12.4384202957153
afg,1988,13.5438804626465
afg,1989,13.0111999511719
afg,1990,11.2228298187256
afg,1991,16.3062992095947
afg,1993,16.5285701751708
afg,1994,23.1541004180908
afg,1995,22.5660190582275
afg,2001,13.0487403869629
afg,2003,13.3170795440674
afg,2004,18.6647891998291
afg,2005,19.7837009429932
afg,2006,29.9304599761963
afg,2007,30.0831604003906
afg,2008,40.2233810424805
afg,2009,46.7327613830566
afg,2010,53.2468299865723
afg,2011,54.6161804199219
afg,2012,56.6773414611816
afg,2013,56.6886596679688
afg,2014,55.6561584472656
afg,2015,55.6444091796875
ago,1971,6.23418998718262
ago,1972,7.08835983276367
ago,1973,8.12508964538574
ago,1978,9.50990009307861
ago,1980,12.1899499893188
ago,1981,15.6687498092651
ago,1982,11.0663499832153
ago,1983,10.0453901290894
ago,1984,12.5028896331787
ago,1985,10.7418699264526
ago,1986,12.2790899276733
ago,1987,11.9380798339844
ago,1988,10.0797395706177
ago,1989,11.1814002990723
ago,1990,10.3700199127197
ago,1991,11.0046501159668
ago,1992,12.4260396957397
ago,1998,12.0281200408936
ago,1999,12.0243301391602
ago,2000,13.7794504165649
ago,2001,15.5735902786255
ago,2002,16.8075695037842
ago,2008,23.5545902252197
ago,2009,24.9924507141113
ago,2010,28.7813091278076
ago,2011,28.8987197875977
alb,1976,84.978271484375
alb,1978,86.5127105712891
alb,1979,88.2596130371094
alb,1980,90.202018737793
alb,1981,91.2001724243164
alb,1982,87.0644989013672
alb,1983,82.0288391113281
alb,1984,82.2892913818359
alb,1985,85.3397521972656
alb,1986,88.4709091186523
alb,1987,87.9317932128906
alb,1988,88.7278518676758
alb,1989,88.9528198242188
alb,1990,90.2612762451172
alb,1991,91.1052017211914
alb,1992,77.9227981567383
alb,1993,70.5480117797852
alb,1994,68.9601516723633
alb,1995,68.9317092895508
alb,1996,68.1389236450195
alb,1997,69.6703720092773
alb,1998,71.655158996582
alb,1999,71.9115295410156
alb,2000,71.4527969360352
alb,2001,72.905158996582
alb,2002,73.0028610229492
alb,2003,75.0189895629883
alb,2004,74.170280456543
alb,2005,76.8870620727539
alb,2006,77.9558868408203
alb,2007,81.2808685302734
alb,2008,83.6489181518555
alb,2009,85.409309387207
alb,2010,88.4116363525391
alb,2011,90.8483505249023
alb,2012,92.7414703369141
alb,2013,95.8315734863281
alb,2014,96.4260864257813
alb,2015,95.7654876708984
and,1971,15.3682899475098
and,1972,14.7130603790283
and,1973,13.8190498352051
and,1974,17.3387908935547
and,1975,25.9395599365234
and,1976,34.1449203491211
and,1983,49.3914413452148
arb,1970,25.6551609039307
arb,1971,25.5833606719971
arb,1972,26.4297199249268
arb,1973,27.3790092468262
arb,1974,28.3338603973389
arb,1975,29.8677101135254
arb,1976,31.5784301757813
arb,1977,33.5944709777832
arb,1978,35.5606307983398
arb,1979,37.1554298400879
arb,1980,38.4488410949707
arb,1981,39.4217414855957
arb,1982,41.1222991943359
arb,1983,42.4377098083496
arb,1984,43.9410591125488
arb,1985,45.6487693786621
arb,1986,47.7449798583984
arb,1987,49.0473403930664
arb,1988,49.5960006713867
arb,1989,50.343318939209
arb,1990,53.0998992919922
arb,1991,53.1022186279297
arb,1992,51.853630065918
arb,1993,52.4347610473633
arb,1994,54.4239196777344
arb,1995,54.3593788146973
arb,1996,54.2636108398438
arb,1997,55.574520111084
arb,1998,56.9862594604492
arb,1999,58.4748687744141
arb,2000,59.7451782226563
arb,2001,61.1717987060547
arb,2002,62.2349281311035
arb,2003,64.0377731323242
arb,2004,65.8538589477539
arb,2005,65.9310073852539
arb,2006,65.8479309082031
arb,2007,64.6981582641602
arb,2008,65.3422927856445
arb,2009,66.8289031982422
arb,2010,68.0508804321289
arb,2011,70.6914901733398
arb,2012,71.7165603637695
arb,2013,70.2746887207031
arb,2014,70.7350463867188
are,1971,19.211109161377
are,1972,20.0891304016113
are,1973,19.3626194000244
are,1974,17.1698703765869
are,1975,20.4368896484375
are,1976,29.5534706115723
are,1977,30.9009304046631
are,1978,32.3798904418945
are,1979,37.3787994384766
are,1980,44.7677383422852
are,1981,52.6451110839844
are,1982,55.8899803161621
are,1983,59.4243392944336
are,1984,64.3613662719727
are,1985,67.7546463012695
are,1986,69.6509704589844
are,1987,61.7136497497559
are,1988,59.2821311950684
are,1989,59.7584114074707
are,1990,62.243579864502
are,1991,67.0555572509766
are,1992,69.7159576416016
are,1993,73.7124176025391
are,1994,79.4724884033203
are,1995,83.475212097168
are,1997,80.6161575317383
are,1998,80.9587097167969
arg,1970,44.5037384033203
arg,1971,45.5253715515137
arg,1972,47.2470016479492
arg,1973,49.5871505737305
arg,1974,52.2931518554688
arg,1975,53.8758888244629
arg,1976,55.4216003417969
arg,1977,55.5046501159667
arg,1978,55.5872116088867
arg,1979,55.5336990356445
arg,1980,56.4594917297363
arg,1981,57.6116714477539
arg,1982,59.2336311340332
arg,1983,59.7591094970703
arg,1984,65.2199096679688
arg,1985,70.2080078125
arg,1986,70.1996383666992
arg,1987,69.9851684570313
arg,1988,70.4467926025391
arg,1990,71.1518478393555
arg,1991,71.6371383666992
arg,1994,68.7301483154297
arg,1996,78.3755798339844
arg,1997,75.1673202514648
arg,1998,81.4290771484375
arg,1999,93.0149002075195
arg,2000,96.5234527587891
arg,2001,97.4616165161133
arg,2002,96.5670928955078
arg,2003,95.7509918212891
arg,2004,95.4969329833984
arg,2005,94.005989074707
arg,2006,93.3450698852539
arg,2007,93.7067489624023
arg,2008,95.2462768554688
arg,2009,98.8308181762695
arg,2010,101.801116943359
arg,2011,103.599678039551
arg,2012,105.19255065918
arg,2013,106.323143005371
arg,2014,106.777900695801
arm,1991,91.3158569335938
arm,1992,91.2517013549805
arm,1993,93.3730621337891
arm,1994,95.0588836669922
arm,1996,91.4307403564453
arm,1997,91.3101577758789
arm,1998,78.9229278564453
arm,1999,78.6764907836914
arm,2000,90.7499618530273
arm,2001,87.1364135742188
arm,2004,88.3207397460938
arm,2005,91.0585632324219
arm,2006,93.8858337402344
arm,2007,94.8729705810547
arm,2008,92.7056121826172
arm,2009,96.6328811645508
arm,2015,88.5023574829102
atg,1972,88.8126525878906
atg,1973,61.1655197143555
atg,1974,84.5249786376953
atg,1975,78.7797088623047
atg,1976,83.6334686279297
atg,1977,84.6717987060547
atg,1978,69.3401412963867
atg,1992,119.971260070801
atg,2000,77.8745422363281
atg,2007,102.672256469727
atg,2008,110.871238708496
atg,2009,108.522506713867
atg,2010,106.206718444824
atg,2011,106.116546630859
atg,2012,105.393508911133
atg,2014,102.318222045898
atg,2015,102.705459594727
aus,1970,80.7774200439453
aus,1993,133.60986328125
aus,1994,131.922134399414
aus,1995,142.507705688477
aus,1996,147.878463745117
aus,1997,152.173126220703
aus,1998,155.082626342773
aus,1999,157.537033081055
aus,2000,162.610046386719
aus,2001,154.983963012695
aus,2002,154.311721801758
aus,2003,156.194351196289
aus,2004,149.94206237793
aus,2005,148.366104125977
aus,2006,127.389617919922
aus,2007,126.36637878418
aus,2008,128.034057617188
aus,2009,130.318542480469
aus,2010,132.456695556641
aus,2011,134.268112182617
aus,2012,136.879623413086
aus,2013,137.581512451172
aus,2014,137.564788818359
aut,1971,88.8441619873047
aut,1976,90.8617095947266
aut,1981,92.4954605102539
aut,1982,91.2920303344727
aut,1983,92.2088317871094
aut,1984,92.0856323242188
aut,1985,93.9055709838867
aut,1986,97.2403411865234
aut,1987,98.0310821533203
aut,1988,98.7130737304688
aut,1989,99.2208023071289
aut,1990,101.358589172363
aut,1991,102.993728637695
aut,1992,104.998062133789
aut,1993,106.483467102051
aut,1994,107.011390686035
aut,1995,106.767532348633
aut,1996,105.82804107666
aut,1997,105.28687286377
aut,1998,97.8917007446289
aut,1999,98.5919570922852
aut,2000,98.8461837768555
aut,2001,99.1087112426758
aut,2002,99.1625595092773
aut,2003,99.6250534057617
aut,2004,99.6793823242188
aut,2005,100.512802124023
aut,2006,100.472991943359
aut,2007,99.8067474365234
aut,2008,99.4811630249023
aut,2009,99.6886367797852
aut,2010,98.8622436523438
aut,2011,98.193489074707
aut,2012,97.7844161987305
aut,2013,98.9362335205078
aut,2014,99.2964019775391
aut,2015,100.02188873291
aze,1981,94.3651123046875
aze,1986,96.8935623168945
aze,1989,93.1980667114258
aze,1990,88.764793395996
aze,1991,87.7199172973633
aze,1992,88.5204467773438
aze,1993,88.0362396240234
aze,1994,84.763801574707
aze,1995,82.7584533691406
aze,1996,73.5198516845703
aze,1997,72.3654022216797
bdi,1971,1.81244003772736
bdi,1972,1.88180005550385
bdi,1973,1.41523003578186
bdi,1974,1.75595998764038
bdi,1975,2.1326699256897
bdi,1976,2.30457997322083
bdi,1977,2.28179001808167
bdi,1978,2.43214011192322
bdi,1979,2.55586004257202
bdi,1980,2.60469007492065
bdi,1981,2.98094010353088
bdi,1982,3.1797399520874
bdi,1983,3.08325004577637
bdi,1984,3.29039001464844
bdi,1985,3.6486599445343
bdi,1986,3.9025399684906
bdi,1987,4.2999701499939
bdi,1988,4.50256013870239
bdi,1989,4.92555999755859
bdi,1990,5.21858978271484
bdi,1991,5.8221001625061
bdi,1992,6.15839004516602
bdi,1993,6.79235982894897
bdi,2001,9.73215007781982
bdi,2002,10.0881595611572
bdi,2003,10.2419099807739
bdi,2004,11.6547002792358
bdi,2005,12.6990098953247
bdi,2006,13.8946895599365
bdi,2007,14.8282899856567
bdi,2009,19.7602806091309
bdi,2010,22.8243103027344
bdi,2011,25.5176792144775
bdi,2012,27.8977909088135
bdi,2013,32.2784881591797
bdi,2014,37.8889808654785
bdi,2015,42.4800682067871
bel,1971,80.802619934082
bel,1972,82.1933517456055
bel,1973,82.5696105957031
bel,1974,82.9584274291992
bel,1975,82.4518280029297
bel,1976,82.4680404663085
bel,1977,84.1999969482422
bel,1978,86.8226776123047
bel,1979,88.4797668457031
bel,1980,89.711051940918
bel,1981,91.2878570556641
bel,1982,93.3625030517578
bel,1983,93.6813430786133
bel,1984,96.600227355957
bel,1985,99.0661087036133
bel,1986,100.763359069824
bel,1987,101.286338806152
bel,1988,102.29515838623
bel,1989,102.70384979248
bel,1990,102.881378173828
bel,1991,102.918876647949
bel,1992,103.56379699707
bel,1993,141.956024169922
bel,1994,144.567565917969
bel,1995,146.140747070313
bel,1996,145.691497802734
bel,1999,141.382965087891
bel,2000,144.674713134766
bel,2001,153.783996582031
bel,2002,155.860443115234
bel,2003,158.987564086914
bel,2004,107.916496276855
bel,2005,108.354248046875
bel,2006,108.503578186035
bel,2007,107.870719909668
bel,2008,106.412826538086
bel,2009,105.695953369141
bel,2010,105.78588104248
bel,2011,106.481132507324
bel,2012,106.309463500977
bel,2013,163.101013183594
bel,2014,164.811737060547
bel,2015,166.808471679688
ben,1971,4.28775978088379
ben,1972,5.1736397743225
ben,1973,6.3656702041626
ben,1974,7.09833002090454
ben,1975,8.23569965362549
ben,1976,8.55898952484131
ben,1977,9.12956047058105
ben,1978,9.99868965148926
ben,1979,10.7517595291138
ben,1980,12.2365999221802
ben,1981,15.2180299758911
ben,1982,18.2029895782471
ben,1983,20.9002895355225
ben,1984,19.8416900634766
ben,1985,18.6992893218994
ben,1986,16.0840892791748
ben,1987,14.9032897949219
ben,1999,20.7938899993896
ben,2000,21.6056995391846
ben,2001,23.3758697509766
ben,2002,25.2930603027344
ben,2003,26.5806903839111
ben,2004,28.3475093841553
ben,2011,47.6814994812012
ben,2013,54.1660690307617
ben,2014,54.3636016845703
ben,2015,56.8119583129883
bfa,1971,1.28366994857788
bfa,1972,1.31716001033783
bfa,1973,1.4013500213623
bfa,1974,1.62814998626709
bfa,1975,1.70472002029419
bfa,1976,1.74226999282837
bfa,1977,1.9096599817276
bfa,1978,2.0031099319458
bfa,1979,2.13312005996704
bfa,1980,2.48433995246887
bfa,1981,2.64361000061035
bfa,1982,2.95148992538452
bfa,1983,2.99132990837097
bfa,1984,3.21286988258362
bfa,1985,3.80622005462646
bfa,1986,4.51377010345458
bfa,1987,5.15767002105713
bfa,1988,5.80519008636475
bfa,1989,6.60605001449584
bfa,1990,6.89189004898071
bfa,1991,7.22926998138428
bfa,1992,7.47780990600586
bfa,1993,7.93456983566284
bfa,1994,8.29024982452393
bfa,1999,9.79284000396729
bfa,2000,10.4223098754883
bfa,2001,10.6387195587158
bfa,2003,12.0767602920532
bfa,2004,13.2529497146606
bfa,2005,14.3002996444702
bfa,2006,15.0407495498657
bfa,2007,16.1643295288086
bfa,2008,18.9086399078369
bfa,2009,20.2868595123291
bfa,2010,21.9022006988525
bfa,2011,23.8452091217041
bfa,2012,25.9408397674561
bfa,2013,28.3657302856445
bfa,2014,30.3352699279785
bfa,2015,33.6666603088379
bgd,1973,20.4723892211914
bgd,1976,17.4227600097656
bgd,1977,17.1307201385498
bgd,1979,16.7624607086182
bgd,1980,18.4640102386475
bgd,1981,16.3998508453369
bgd,1983,19.8002605438232
bgd,1984,20.4293403625488
bgd,1985,20.1441192626953
bgd,1986,19.8368396759033
bgd,1987,20.2401905059814
bgd,1988,20.1256198883057
bgd,1989,19.9411392211914
bgd,1990,20.400520324707
bgd,1998,43.6501693725586
bgd,1999,46.7154388427734
bgd,2000,48.1097297668457
bgd,2001,49.3642616271973
bgd,2002,50.5060806274414
bgd,2003,50.2781181335449
bgd,2004,46.8372993469238
bgd,2005,45.516788482666
bgd,2006,46.0980911254883
bgd,2007,46.8709602355957
bgd,2008,44.8864517211914
bgd,2009,48.5376091003417
bgd,2010,50.1194190979004
bgd,2011,50.8635406494141
bgd,2012,53.5320510864258
bgd,2013,58.3092613220215
bgd,2015,63.524528503418
bgr,1971,90.2242965698242
bgr,1972,91.2542419433594
bgr,1973,92.5214767456055
bgr,1974,94.0992279052734
bgr,1975,95.4008178710938
bgr,1976,91.1094818115234
bgr,1977,93.896598815918
bgr,1978,92.3388595581055
bgr,1979,89.661491394043
bgr,1980,89.9067535400391
bgr,1981,90.3371200561523
bgr,1982,91.1250228881835
bgr,1983,91.9409332275391
bgr,1984,92.1476593017578
bgr,1985,93.4381866455078
bgr,1986,99.0995483398438
bgr,1987,100.264137268066
bgr,1988,101.968658447266
bgr,1989,102.533630371094
bgr,1990,99.1099624633789
bgr,1991,98.0315933227539
bgr,1992,96.1351699829102
bgr,1993,93.2293014526367
bgr,1994,90.43505859375
bgr,1995,92.136962890625
bgr,1996,93.0412368774414
bgr,1997,92.5539093017578
bgr,1998,91.8321533203125
bgr,1999,91.8872985839844
bgr,2000,92.5642471313477
bgr,2001,93.579948425293
bgr,2002,95.2842330932617
bgr,2003,86.8954772949219
bgr,2004,89.4008407592773
bgr,2005,90.4507217407227
bgr,2006,91.3714904785156
bgr,2007,91.6947479248047
bgr,2008,90.6111602783203
bgr,2009,89.5244598388672
bgr,2010,90.4246520996094
bgr,2011,93.182861328125
bgr,2012,93.1796417236328
bgr,2013,98.878318786621
bgr,2014,100.879287719727
bgr,2015,99.0163497924805
bhr,1971,50.6267204284667
bhr,1972,50.371711730957
bhr,1973,51.7099189758301
bhr,1974,55.0857391357422
bhr,1975,58.619010925293
bhr,1976,60.3762016296387
bhr,1977,61.651481628418
bhr,1978,65.8705596923828
bhr,1979,68.4262466430664
bhr,1980,58.9955215454102
bhr,1981,64.2822494506835
bhr,1982,70.3331680297852
bhr,1983,84.1166610717773
bhr,1984,85.5004730224609
bhr,1985,92.2691421508789
bhr,1986,97.3994522094727
bhr,1987,94.3107986450195
bhr,1988,91.6904067993164
bhr,1989,90.4000396728516
bhr,1990,86.931541442871
bhr,1991,99.4372863769531
bhr,1992,98.4922180175781
bhr,1993,101.84058380127
bhr,1994,105.163780212402
bhr,1995,106.128356933594
bhr,1996,104.216217041016
bhr,1997,97.3526992797852
bhr,1998,96.0243377685547
bhr,1999,94.6147766113281
bhr,2000,97.5679092407227
bhr,2001,97.9642333984375
bhr,2002,94.2973022460938
bhr,2003,94.2609710693359
bhr,2004,95.3696975708008
bhr,2005,96.196189880371
bhr,2006,96.3959503173828
bhr,2008,91.797721862793
bhr,2009,91.991081237793
bhr,2010,92.8599624633789
bhr,2011,95.2977981567383
bhr,2012,91.6528015136719
bhr,2013,96.6312866210938
bhr,2014,98.8924407958984
bhr,2015,102.130897521973
bhs,1971,90.7634887695313
bhs,1972,90.7502136230469
bhs,1973,90.3444519042969
bhs,1974,98.6337814331055
bhs,1975,106.094352722168
bhs,1976,106.174118041992
bhs,1980,95.9035415649414
bhs,1981,90.3967895507813
bhs,1982,89.4375305175781
bhs,1983,89.253662109375
bhs,1984,94.8180465698242
bhs,1985,86.2055816650391
bhs,1986,86.3947906494141
bhs,1987,92.8792114257813
bhs,1990,85.6882781982422
bhs,1991,87.0922775268555
bhs,1992,95.7345504760742
bhs,1993,95.7331466674805
bhs,1994,89.6640625
bhs,1995,86.7317428588867
bhs,1997,82.0354919433594
bhs,1999,77.6710891723633
bhs,2002,91.6322326660156
bhs,2004,86.3785171508789
bhs,2005,89.2948608398438
bhs,2006,91.601318359375
bhs,2007,95.0630722045898
bhs,2008,94.4456634521484
bhs,2009,92.9817428588867
bhs,2010,92.6336822509766
blr,1971,89.6307067871094
blr,1972,91.0501098632813
blr,1973,92.7991027832031
blr,1974,94.806640625
blr,1975,94.9474182128906
blr,1976,94.7205810546875
blr,1977,94.7347793579102
blr,1978,94.7112274169922
blr,1979,95.1500625610352
blr,1980,96.3480224609375
blr,1981,97.3900985717773
blr,1982,97.7614364624023
blr,1983,98.3184432983398
blr,1984,98.7250289916992
blr,1985,98.9817276000977
blr,1986,99.0357818603516
blr,1987,99.3298034667969
blr,1988,98.8472213745117
blr,1989,98.2354736328125
blr,1990,96.8560180664063
blr,1991,93.3516998291016
blr,1992,92.537986755371
blr,1993,91.5213317871094
blr,1994,92.2591094970703
blr,1995,93.4844589233398
blr,1996,94.7798309326172
blr,1997,94.566780090332
blr,1998,85.9205093383789
blr,2008,110.763786315918
blr,2009,109.52855682373
blr,2010,107.05786895752
blr,2011,106.308082580566
blr,2012,107.004867553711
blr,2013,106.228012084961
blr,2014,107.031799316406
blr,2015,107.119422912598
blz,1980,54.2217712402344
blz,1981,53.0239410400391
blz,1982,52.4579582214355
blz,1986,57.8247108459473
blz,1987,60.578239440918
blz,1991,60.7540092468262
blz,1994,68.3851470947266
blz,1995,67.2094116210938
blz,1999,64.1216201782227
blz,2000,67.9743728637695
blz,2001,70.5914688110352
blz,2003,76.9527969360352
blz,2004,78.288963317871
blz,2005,76.5187072753906
blz,2006,76.7253265380859
blz,2007,75.3678665161133
blz,2008,74.8418731689453
blz,2009,74.4397201538085
blz,2010,75.3597869873047
blz,2011,76.0342864990234
blz,2012,78.3836517333984
blz,2013,80.1630401611328
blz,2014,79.8772583007813
blz,2015,80.7922134399414
bmu,1971,82.1559219360352
bmu,1972,80.8621292114258
bmu,1973,85.6935882568359
bmu,1974,80.6933288574219
bmu,1975,82.4127731323242
bmu,1976,83.8081970214844
bmu,1977,94.1186676025391
bmu,1978,93.3061828613281
bmu,1979,95.5850296020508
bmu,1980,100.776069641113
bmu,2001,79.1746063232422
bmu,2002,78.0742263793945
bmu,2003,79.0366363525391
bmu,2004,81.2965469360352
bmu,2005,80.8843536376953
bmu,2006,77.6422119140625
bmu,2010,78.7241592407227
bmu,2011,77.1428604125977
bmu,2012,75.2807006835938
bmu,2013,74.2486190795898
bmu,2014,72.622428894043
bmu,2015,71.5424118041992
bol,1970,25.4705696105957
bol,1971,27.3916397094727
bol,1972,30.4333591461182
bol,1973,31.4181900024414
bol,1975,36.8412704467773
bol,1998,69.0608596801758
bol,1999,74.7146301269531
bol,2000,71.0725479125977
bol,2001,74.4936904907227
bol,2002,79.6287307739258
bol,2003,82.7161178588867
bol,2004,85.8130493164063
bol,2005,86.9914398193359
bol,2006,86.3924102783203
bol,2007,86.0628280639648
bol,2008,85.5786590576172
bol,2009,84.0427703857422
bol,2010,83.1342163085938
bol,2011,82.3181228637695
bol,2012,82.8828964233398
bol,2013,84.6744995117188
bol,2014,85.3796310424805
bol,2015,86.4050674438477
bra,2002,109.994216918945
bra,2003,101.868667602539
bra,2004,102.371032714844
bra,2005,101.2919921875
bra,2007,95.1699981689453
bra,2008,96.7201232910156
bra,2009,96.6654815673828
bra,2011,95.2633819580078
bra,2012,95.5837326049805
bra,2013,101.868072509766
bra,2014,101.950897216797
bra,2015,99.6509704589844
brb,1971,77.8715362548828
brb,1972,79.3845901489258
brb,1973,79.9966583251953
brb,1974,76.2248229980469
brb,1975,81.3175430297852
brb,1976,78.8594284057617
brb,1977,79.1591873168945
brb,1978,84.7978973388672
brb,1979,85.5292205810547
brb,1980,89.2454071044922
brb,1981,88.1931686401367
brb,1982,86.3567123413085
brb,1983,87.109992980957
brb,1984,88.1884994506835
brb,1985,91.5895309448242
brb,1989,86.8860931396484
brb,1990,85.429573059082
brb,1999,107.000778198242
brb,2000,103.61897277832
brb,2001,103.512252807617
brb,2002,104.339126586914
brb,2003,105.457382202148
brb,2004,107.744453430176
brb,2005,108.550003051758
brb,2006,105.884437561035
brb,2007,105.416030883789
brb,2008,104.495941162109
brb,2009,103.227142333984
brb,2010,101.902473449707
brb,2011,103.608627319336
brb,2014,109.247566223145
brn,1970,53.8284187316895
brn,1971,54.9292488098145
brn,1972,57.0502815246582
brn,1973,56.7769508361816
brn,1974,57.3317184448242
brn,1975,59.3510093688965
brn,1976,60.8672409057617
brn,1977,58.6392593383789
brn,1978,58.6448402404785
brn,1979,59.4711608886719
brn,1980,60.7679214477539
brn,1981,61.5450897216797
brn,1982,63.3997802734375
brn,1983,66.1140594482422
brn,1984,64.5877304077148
brn,1985,64.8496170043945
brn,1986,62.3904800415039
brn,1991,74.578483581543
brn,1992,74.7458419799805
brn,1993,76.2844772338867
brn,1994,76.6620635986328
brn,1998,82.3803863525391
brn,1999,85.7690963745117
brn,2000,86.2226028442383
brn,2001,86.5453033447266
brn,2002,87.948356628418
brn,2003,89.7153091430664
brn,2004,94.0597763061523
brn,2005,97.6358337402344
brn,2006,98.5333862304688
brn,2007,96.697380065918
brn,2008,96.6082077026367
brn,2009,98.4955215454102
brn,2010,99.2443237304688
brn,2011,101.081367492676
brn,2012,105.711692810059
brn,2013,104.346252441406
brn,2014,99.1162109375
brn,2015,96.0794677734375
btn,1970,2.39500999450684
btn,1971,2.72273993492126
btn,1972,3.24587988853455
btn,1974,5.10361003875732
btn,1977,3.97628998756409
btn,1982,9.70263004302979
btn,1983,11.2531900405884
btn,1984,11.9986095428467
btn,1985,11.9448003768921
btn,1998,24.1068706512451
btn,1999,27.128589630127
btn,2000,30.452299118042
btn,2001,33.5588607788086
btn,2005,45.7212295532227
btn,2006,48.6649513244629
btn,2007,52.8779716491699
btn,2008,56.4754104614258
btn,2009,61.7531089782715
btn,2010,66.1123886108398
btn,2011,69.5143737792969
btn,2012,73.6317672729492
btn,2013,77.2370986938477
btn,2014,84.1976928710938
bwa,1970,6.27089023590088
bwa,1971,7.25078010559082
bwa,1972,8.18319988250732
bwa,1973,11.4645395278931
bwa,1974,12.8541603088379
bwa,1975,14.5772495269775
bwa,1976,16.1437492370605
bwa,1977,17.2491607666016
bwa,1978,17.7663993835449
bwa,1979,17.7589092254639
bwa,1980,18.4916706085205
bwa,1981,20.2876796722412
bwa,1983,20.766040802002
bwa,1984,24.8320503234863
bwa,1985,28.0736598968506
bwa,1986,29.8118801116943
bwa,1987,31.1183204650879
bwa,1988,30.8388996124268
bwa,1989,36.1179695129395
bwa,1990,39.7668113708496
bwa,1991,48.0653190612792
bwa,1992,47.44580078125
bwa,1993,51.4152793884277
bwa,1994,50.2178497314453
bwa,1995,56.8917198181152
bwa,1998,72.5607299804688
bwa,1999,73.519287109375
bwa,2000,75.2137603759766
bwa,2001,74.7581329345703
bwa,2002,75.6507720947266
bwa,2003,76.2931823730469
bwa,2004,77.8344573974609
bwa,2005,78.5254898071289
bwa,2006,80.5333633422852
bwa,2007,81.3717575073242
bwa,2008,76.861572265625
caf,1971,4.41293001174927
caf,1972,5.38789987564087
caf,1973,6.08484983444214
caf,1974,6.62594985961914
caf,1975,7.04442977905273
caf,1976,7.85599994659424
caf,1977,8.2709903717041
caf,1978,9.90781021118164
caf,1979,10.2515802383423
caf,1980,11.7791004180908
caf,1981,13.403639793396
caf,1982,15.6550397872925
caf,1983,15.4608297348022
caf,1985,15.3062400817871
caf,1986,15.2078800201416
caf,1987,12.7095499038696
caf,1988,11.3285503387451
caf,1989,10.8292198181152
caf,1990,11.419810295105
caf,1991,11.4814300537109
caf,1992,9.57789039611816
caf,2001,11.8095598220825
caf,2002,11.8713903427124
caf,2009,13.7092800140381
caf,2011,17.7471008300781
caf,2012,17.3780097961426
can,1971,95.9879531860352
can,1972,95.4404983520508
can,1973,93.9246292114258
can,1974,91.8869018554688
can,1975,91.4169387817383
can,1976,90.4314575195313
can,1977,90.0353622436523
can,1978,89.0513763427734
can,1979,87.9325332641602
can,1980,87.1201400756835
can,1981,87.9210662841797
can,1982,91.9649810791016
can,1983,94.5908279418945
can,1984,97.6897811889648
can,1985,98.6762237548828
can,1986,98.7484436035156
can,1987,98.6468124389648
can,1988,98.8957977294922
can,1989,99.1343078613281
can,1990,99.2891006469727
can,1991,100.882308959961
can,1992,102.177200317383
can,1993,104.057159423828
can,1994,105.209648132324
can,1995,104.601043701172
can,1996,104.929359436035
can,1998,105.121612548828
can,1999,101.943717956543
can,2000,101.520088195801
can,2005,101.056846618652
can,2006,101.425109863281
can,2007,101.677612304688
can,2008,102.196853637695
can,2009,102.663208007813
can,2010,102.397277832031
can,2011,103.411331176758
can,2012,110.267601013184
can,2013,109.931549072266
che,1978,92.0681533813477
che,1979,93.1632690429688
che,1980,94.0505599975585
che,1981,94.4496917724609
che,1982,94.3097305297852
che,1983,94.3183975219727
che,1984,94.7893371582031
che,1985,94.693748474121
che,1986,94.3448104858398
che,1987,94.0808181762695
che,1988,94.3068237304688
che,1989,94.6920166015625
che,1990,95.6798706054688
che,1991,96.798828125
che,1992,98.198112487793
che,1993,99.2636413574219
che,1994,101.434112548828
che,1995,101.320541381836
che,1996,100.88175201416
che,1998,95.6572265625
che,1999,95.634521484375
che,2000,95.4123382568359
che,2001,95.1086578369141
che,2002,93.4654312133789
che,2003,93.5237731933594
che,2004,94.1500778198242
che,2005,95.1818237304688
che,2006,95.7537536621094
che,2007,95.6272735595703
che,2008,95.6073303222656
che,2009,95.3374481201172
che,2010,95.861473083496
che,2011,96.187629699707
che,2012,96.2256622314453
che,2013,98.608299255371
che,2014,99.7694091796875
che,2015,101.213966369629
chl,1970,46.8350105285645
chl,1971,53.5481910705566
chl,1972,58.1340484619141
chl,1973,61.3333892822266
chl,1974,61.9615592956542
chl,1975,60.7973785400391
chl,1976,60.7580413818359
chl,1977,62.5227088928223
chl,1978,63.5655097961426
chl,1979,64.8991088867188
chl,1980,64.1172332763672
chl,1981,64.1475830078125
chl,1982,64.0240478515625
chl,1983,68.5044326782227
chl,1984,71.2604904174805
chl,1985,74.7444000244141
chl,1986,76.8792724609375
chl,1988,81.4630889892578
chl,1989,80.0168685913085
chl,1990,77.192268371582
chl,1991,96.1906204223633
chl,1992,96.4576797485352
chl,1993,76.8071670532227
chl,1998,81.2021408081055
chl,1999,83.4033813476563
chl,2000,87.1004791259766
chl,2002,90.6420974731445
chl,2003,93.4507904052734
chl,2004,95.3711395263672
chl,2005,97.6583786010742
chl,2006,98.3335494995117
chl,2007,97.6615829467773
chl,2008,97.0461120605469
chl,2009,94.2128295898438
chl,2010,94.5737075805664
chl,2011,93.7881317138672
chl,2012,91.4658889770508
chl,2013,100.457672119141
chl,2014,100.40454864502
chl,2015,100.646186828613
chn,1970,28.2238807678223
chn,1971,37.988151550293
chn,1972,45.7870101928711
chn,1973,51.9914703369141
chn,1974,48.5934104919434
chn,1975,49.3224411010742
chn,1976,57.4025917053223
chn,1977,58.2737998962402
chn,1978,54.8919715881348
chn,1979,50.6950912475586
chn,1980,43.896800994873
chn,1981,39.558708190918
chn,1982,33.6137809753417
chn,1983,30.7084407806396
chn,1984,30.1341495513916
chn,1985,31.4462890625
chn,1986,33.094799041748
chn,1987,35.2315216064453
chn,1988,36.7969284057617
chn,1989,37.0500602722167
chn,1990,37.3150405883789
chn,1991,39.6374282836914
chn,1992,42.8012504577637
chn,1993,45.7382392883301
chn,1994,47.4017791748047
chn,1995,51.2037315368652
chn,1996,55.7079811096191
chn,1997,58.3916397094727
chn,1999,61.2578201293945
chn,2000,61.0274391174316
chn,2001,60.9014701843262
chn,2002,60.7965202331542
chn,2003,62.2666702270508
chn,2006,68.4451675415039
chn,2007,72.5800399780273
chn,2008,76.6976089477539
chn,2009,80.6078491210938
chn,2010,84.9211578369141
chn,2011,89.0779418945313
chn,2012,92.1432495117188
chn,2013,96.2417526245117
chn,2014,94.3320693969727
chn,2015,94.2992095947266
civ,1971,10.3583698272705
civ,1972,11.2949104309082
civ,1973,12.1809501647949
civ,1974,11.8015203475952
civ,1975,12.447850227356
civ,1976,13.5300998687744
civ,1977,13.9092502593994
civ,1978,14.933970451355
civ,1979,16.2342395782471
civ,1980,18.0371398925781
civ,1981,19.359920501709
civ,1983,18.9673500061035
civ,1984,18.7205600738525
civ,1985,18.9441204071045
civ,1987,18.4260997772217
civ,1999,24.2893905639648
civ,2014,40.1321601867676
civ,2015,43.8677291870117
cmr,1971,7.98241996765137
cmr,1972,8.89883041381835
cmr,1973,9.92354011535645
cmr,1974,10.6979503631592
cmr,1975,11.8070001602173
cmr,1976,12.9429197311401
cmr,1977,14.2616195678711
cmr,1978,15.4016704559326
cmr,1979,16.1082992553711
cmr,1980,16.6416492462158
cmr,1981,17.6427192687988
cmr,1982,18.1324996948242
cmr,1983,19.2908096313477
cmr,1984,20.2084503173828
cmr,1985,21.6165294647217
cmr,1986,21.8384704589844
cmr,1987,23.8100891113281
cmr,1988,24.8239192962646
cmr,1989,25.3054103851318
cmr,1990,25.4520702362061
cmr,1991,26.9225006103516
cmr,1992,27.830099105835
cmr,1994,26.7049293518066
cmr,1995,25.7289295196533
cmr,1997,23.8264904022217
cmr,1998,24.5680408477783
cmr,1999,25.9418697357178
cmr,2000,27.2951202392578
cmr,2001,32.0455017089844
cmr,2002,27.8882503509521
cmr,2003,29.4101104736328
cmr,2004,26.1779193878174
cmr,2005,26.6441898345947
cmr,2006,23.1698303222656
cmr,2007,31.7637805938721
cmr,2008,35.9441909790039
cmr,2009,39.6364402770996
cmr,2011,47.2656517028809
cmr,2012,50.4674301147461
cmr,2013,52.302131652832
cmr,2014,56.4307289123535
cmr,2015,58.0781288146973
cod,1971,9.55529975891113
cod,1972,11.1157102584839
cod,1973,11.8165903091431
cod,1974,11.8329496383666
cod,1975,15.2839498519897
cod,1976,16.9532604217529
cod,1977,19.3018093109131
cod,1978,22.0031795501708
cod,1979,25.1411399841309
cod,1980,24.803129196167
cod,1981,24.5112895965576
cod,1982,24.3753299713135
cod,1983,24.2732696533203
cod,1984,24.1803398132324
cod,1985,24.0759201049805
cod,1986,23.9645004272461
cod,1987,23.9473400115967
cod,1988,25.2894096374512
cod,1992,22.8317108154297
cod,1993,24.3885402679443
cod,1994,25.766450881958
cod,1995,27.9294300079346
cod,2007,35.0657997131348
cod,2008,37.7469902038574
cod,2009,39.6730613708496
cod,2010,39.3679618835449
cod,2011,41.3788604736328
cod,2012,41.2836990356445
cod,2013,40.9936714172363
cod,2014,43.5052108764648
cog,1971,17.5140800476074
cog,1972,20.8028202056885
cog,1973,26.2431201934814
cog,1974,33.4866409301758
cog,1975,39.2101593017578
cog,1976,43.9307518005371
cog,1977,50.7770195007324
cog,1978,54.9862785339355
cog,1979,58.090461730957
cog,1980,59.7889595031738
cog,1981,67.9855270385742
cog,1982,72.3130493164063
cog,1983,71.012321472168
cog,1984,65.8845520019531
cog,1985,64.0011596679688
cog,1986,67.7986068725585
cog,1987,69.1718215942383
cog,1988,64.5538635253906
cog,1989,55.1495513916016
cog,1990,48.3990592956542
cog,1991,47.0919990539551
cog,1992,47.8005790710449
cog,1994,50.2814712524414
cog,1996,48.3140182495117
cog,2002,39.0643501281738
cog,2003,40.4610404968262
cog,2004,45.8933792114258
cog,2012,54.5433807373047
col,1970,23.3021297454833
col,1971,25.3490505218506
col,1972,26.9517192840576
col,1973,33.0995101928711
col,1974,35.5298881530762
col,1975,36.7646408081055
col,1976,37.5337715148926
col,1977,39.6608810424805
col,1978,39.1677207946777
col,1979,39.6686782836914
col,1980,39.9179382324219
col,1981,40.4675483703613
col,1982,41.4833488464355
col,1983,41.6040191650391
col,1984,43.653980255127
col,1985,45.1470985412598
col,1986,50.069408416748
col,1987,51.0940093994141
col,1988,51.6467208862305
col,1989,51.7965507507324
col,1991,51.6307411193848
col,1992,57.2014999389648
col,1993,59.1511497497559
col,1994,60.3403511047363
col,1995,61.2564506530762
col,1996,65.1716766357422
col,1998,70.0101699829102
col,1999,70.5022735595703
col,2000,69.9315795898438
col,2002,72.6684875488281
col,2004,78.7300109863281
col,2005,83.4079437255859
col,2006,87.7769622802734
col,2007,91.6023330688477
col,2008,93.9706573486328
col,2009,99.2359390258789
col,2010,102.020622253418
col,2011,103.872650146484
col,2012,99.8500289916992
col,2013,100.337730407715
col,2014,98.7619094848633
col,2015,98.0918579101563
com,1971,3.58168005943298
com,1973,6.96809005737305
com,1974,8.26568031311035
com,1981,28.2029304504395
com,1986,38.025749206543
com,1987,37.2538299560547
com,1992,24.5987491607666
com,1994,25.2950897216797
com,1999,32.7962112426758
com,2002,35.6264686584473
com,2003,39.4272193908691
com,2004,43.3902206420898
com,2013,59.3322906494141
com,2014,60.3504104614258
cpv,1972,12.3485097885132
cpv,1980,7.45709991455078
cpv,1981,7.80480003356934
cpv,1982,8.77805995941162
cpv,1984,11.0013303756714
cpv,1987,14.8688697814941
cpv,1988,17.0594806671143
cpv,1989,18.4133205413818
cpv,1990,20.921329498291
cpv,1994,29.7367401123047
cpv,2000,67.2982864379883
cpv,2001,64.2571029663085
cpv,2002,66.594139099121
cpv,2003,66.7169570922852
cpv,2004,65.7059478759766
cpv,2005,68.6929397583008
cpv,2006,80.0283813476563
cpv,2007,80.1696166992188
cpv,2008,83.0997619628906
cpv,2009,83.2680206298828
cpv,2010,86.4719696044922
cpv,2011,89.5345001220703
cpv,2012,91.4871292114258
cpv,2013,94.2451705932617
cpv,2014,92.5794677734375
cpv,2015,92.8984298706055
cri,1970,28.4849395751953
cri,1971,29.9199905395508
cri,1972,32.7879104614258
cri,1973,38.1097183227539
cri,1974,41.294059753418
cri,1975,41.7703094482422
cri,1976,42.1736488342285
cri,1977,43.113208770752
cri,1979,46.6762084960938
cri,1980,46.9567794799805
cri,1981,46.3868217468262
cri,1982,45.3532295227051
cri,1983,43.0618209838867
cri,1984,41.6821708679199
cri,1985,40.5466003417969
cri,1986,41.5871696472167
cri,1987,42.2259902954102
cri,1988,42.1059913635254
cri,1989,42.6374092102051
cri,1990,43.7034111022949
cri,1991,44.8684310913086
cri,1992,47.0468597412109
cri,1993,48.057788848877
cri,1994,49.2411308288574
cri,1995,50.4672889709473
cri,1996,49.9680786132813
cri,1997,51.1430892944336
cri,1998,58.9231796264648
cri,1999,64.7040863037109
cri,2000,63.9694404602051
cri,2001,69.2829513549805
cri,2002,70.7593688964844
cri,2004,82.4991912841797
cri,2005,84.3638229370117
cri,2006,91.0060501098633
cri,2007,92.0730590820313
cri,2008,93.1422424316406
cri,2009,99.6457214355469
cri,2010,102.18531036377
cri,2011,104.562889099121
cri,2012,107.950958251953
cri,2013,114.636619567871
cri,2014,120.326652526855
cri,2015,123.085731506348
cub,1971,23.7632904052734
cub,1972,21.9157905578613
cub,1973,24.331729888916
cub,1974,28.8243598937988
cub,1975,35.267448425293
cub,1976,46.2632789611816
cub,1977,55.5859107971191
cub,1978,59.686840057373
cub,1979,65.7069396972656
cub,1980,77.5809020996094
cub,1981,78.815071105957
cub,1982,80.1489715576172
cub,1983,78.2967681884766
cub,1984,81.0279312133789
cub,1985,82.0865097045898
cub,1986,83.4265670776367
cub,1987,84.6651992797852
cub,1988,86.2252883911133
cub,1989,88.4820022583008
cub,1990,89.1097183227539
cub,1991,89.5593109130859
cub,1992,88.1952819824219
cub,1993,84.8870697021484
cub,1994,79.1809234619141
cub,1995,76.1151580810547
cub,1996,80.5476531982422
cub,1997,80.8199920654297
cub,1999,80.50244140625
cub,2000,83.4091262817383
cub,2001,85.3381881713867
cub,2002,89.1032867431641
cub,2003,92.0018310546875
cub,2004,91.1870193481445
cub,2005,92.6437835693359
cub,2006,94.0296936035156
cub,2007,93.9216537475585
cub,2008,93.3292770385742
cub,2009,91.5825119018555
cub,2010,91.8892669677734
cub,2011,92.4431304931641
cub,2012,91.9312591552734
cub,2013,93.294677734375
cub,2014,99.6651306152344
cub,2015,100.399871826172
cuw,2013,88.3455429077148
cyp,1971,55.8039817810059
cyp,1972,58.5404205322266
cyp,1973,62.7237892150879
cyp,1974,65.8866577148438
cyp,1975,63.4163513183594
cyp,1976,68.1269989013672
cyp,1977,68.734130859375
cyp,1978,67.057029724121
cyp,1979,67.2471694946289
cyp,1980,68.3632431030273
cyp,1981,67.9345169067383
cyp,1982,69.5349731445313
cyp,1983,69.7397384643555
cyp,1984,72.0380096435547
cyp,1985,72.3752975463867
cyp,1986,68.9269485473633
cyp,1987,65.6181488037109
cyp,1988,62.4635391235352
cyp,1989,63.2653388977051
cyp,1990,64.1650314331055
cyp,1991,65.5683288574219
cyp,1992,67.5007705688477
cyp,1993,93.2383575439453
cyp,1994,93.7448577880859
cyp,1995,94.8461685180664
cyp,1996,94.2114486694335
cyp,1997,93.3591384887695
cyp,1999,93.2223434448242
cyp,2000,93.3721389770508
cyp,2001,93.4450607299805
cyp,2002,96.9152069091797
cyp,2003,98.4242630004883
cyp,2004,97.7151184082031
cyp,2005,96.5432815551758
cyp,2006,96.5981521606445
cyp,2007,97.7791519165039
cyp,2008,98.3290405273438
cyp,2009,98.3875579833984
cyp,2010,91.440803527832
cyp,2011,92.8256225585938
cyp,2012,95.2998504638672
cyp,2013,98.3116912841797
cyp,2014,99.4167327880859
cyp,2015,99.7783126831055
cze,1971,84.4767379760742
cze,1972,84.7395782470703
cze,1973,84.6814498901367
cze,1974,84.8343887329102
cze,1975,86.4897766113281
cze,1976,89.2879409790039
cze,1977,92.0507965087891
cze,1978,93.6236190795898
cze,1979,94.7993011474609
cze,1980,94.6912689208984
cze,1982,103.973022460938
cze,1983,100.394691467285
cze,1984,95.5837478637695
cze,1985,93.9613037109375
cze,1986,92.1985702514648
cze,1987,93.7490615844727
cze,1988,91.5217819213867
cze,1989,92.7368392944335
cze,1990,91.4458618164063
cze,1991,89.7925872802734
cze,1992,86.2339324951172
cze,1993,88.1637802124023
cze,1994,90.2631607055664
cze,1995,94.1810684204102
cze,1996,98.1731872558594
cze,1997,87.9411010742188
cze,1998,82.3265914916992
cze,1999,83.1165771484375
cze,2000,88.4652709960938
cze,2001,94.9485168457031
cze,2002,95.6342391967773
cze,2003,96.6181030273438
cze,2004,95.5714569091797
cze,2005,95.8069381713867
cze,2006,96.1812362670898
cze,2007,95.0964279174805
cze,2008,94.2965469360352
cze,2009,94.0108108520508
cze,2010,94.8289031982422
cze,2011,95.9841232299805
cze,2012,97.0830688476563
cze,2013,104.379760742188
cze,2014,105.125846862793
cze,2015,105.561729431152
deu,1991,99.4825210571289
deu,1992,101.008239746094
deu,1993,105.693733215332
deu,1994,105.693008422852
deu,1995,104.886703491211
deu,1996,104.434341430664
deu,1997,104.188011169434
deu,1998,98.9832763671875
deu,1999,99.106201171875
deu,2000,99.8445434570313
deu,2001,100.641830444336
deu,2002,101.641189575195
deu,2003,102.03214263916
deu,2004,102.389457702637
deu,2005,102.506103515625
deu,2006,103.197898864746
deu,2007,102.510787963867
deu,2008,103.58659362793
deu,2009,103.326179504395
deu,2010,103.983703613281
deu,2011,103.643310546875
deu,2012,102.883880615234
deu,2013,102.477699279785
deu,2014,102.429862976074
deu,2015,102.665397644043
dji,1971,6.19715023040771
dji,1972,7.72556018829346
dji,1973,6.56188011169434
dji,1974,6.980299949646
dji,1975,7.19236993789673
dji,1976,6.01980018615723
dji,1979,7.45555019378662
dji,1980,7.94400978088379
dji,1981,8.42041015625
dji,1982,8.832200050354
dji,1983,9.29634952545166
dji,1984,9.78001976013184
dji,1985,10.0105895996094
dji,1986,10.3149700164795
dji,1987,11.0454797744751
dji,1988,10.4811601638794
dji,1989,10.6805200576782
dji,1990,10.2479095458984
dji,1991,10.0069398880005
dji,1992,10.1588802337646
dji,1993,9.60599994659424
dji,1994,10.0621099472046
dji,1995,10.9461498260498
dji,1996,11.3869800567627
dji,1997,12.6901998519897
dji,1999,14.2666597366333
dji,2000,14.0574903488159
dji,2001,16.0300006866455
dji,2002,16.7560997009277
dji,2004,20.2244205474854
dji,2005,22.4824504852295
dji,2006,22.3076400756836
dji,2007,25.7852401733398
dji,2008,30.6445503234863
dji,2009,33.4876708984375
dji,2011,39.3688888549805
dji,2012,43.0634307861328
dji,2013,45.057861328125
dji,2014,46.3529090881348
dji,2015,47.069019317627
dji,2016,48.2695617675781
dma,1973,71.41015625
dma,1974,70.7695617675781
dma,1975,69.7082290649414
dma,1976,71.9817962646484
dma,1977,71.0345611572266
dma,1978,66.6806869506835
dma,1979,68.3091506958008
dma,1984,77.1317825317383
dma,1986,83.5316772460938
dma,1987,74.7659072875977
dma,1990,70.013671875
dma,1999,100.607093811035
dma,2000,105.660652160645
dma,2001,107.1572265625
dma,2002,110.342796325684
dma,2003,114.27725982666
dma,2004,109.746070861816
dma,2005,107.352096557617
dma,2006,104.399436950684
dma,2007,102.888191223145
dma,2008,100.564117431641
dma,2009,100.627700805664
dma,2010,96.9340972900391
dma,2011,96.7295989990234
dma,2015,100.487892150879
dnk,1971,93.0070495605469
dnk,1978,96.2646865844727
dnk,1979,98.7167663574219
dnk,1980,102.302528381348
dnk,1981,104.826553344727
dnk,1982,104.73365020752
dnk,1983,104.617561340332
dnk,1984,103.300888061523
dnk,1985,103.589210510254
dnk,1986,105.464157104492
dnk,1987,106.882789611816
dnk,1988,107.775199890137
dnk,1989,109.202072143555
dnk,1990,109.528022766113
dnk,1991,109.63777923584
dnk,1992,110.258811950684
dnk,1993,111.639091491699
dnk,1994,114.40355682373
dnk,1995,117.942459106445
dnk,1996,120.569808959961
dnk,1998,123.529327392578
dnk,1999,125.153411865234
dnk,2000,127.054298400879
dnk,2001,131.037109375
dnk,2002,126.321533203125
dnk,2003,126.465766906738
dnk,2004,123.658248901367
dnk,2005,124.180923461914
dnk,2006,120.0791015625
dnk,2007,118.825103759766
dnk,2008,117.899757385254
dnk,2009,118.034637451172
dnk,2010,119.569389343262
dnk,2011,122.801193237305
dnk,2012,123.682510375977
dnk,2013,129.779083251953
dnk,2014,129.868026733398
dnk,2015,130.824737548828
dom,1971,19.9777507781982
dom,1972,21.4316501617432
dom,1973,23.6619091033936
dom,1974,24.9643993377686
dom,1975,26.1121501922607
dom,1976,34.4388313293457
dom,1977,35.9842414855957
dom,1978,37.4815292358398
dom,1979,39.162410736084
dom,1980,40.5758781433105
dom,1981,41.9756317138672
dom,1982,44.0014991760254
dom,1984,54.1533699035645
dom,1986,50.8118209838867
dom,1994,42.6449317932129
dom,1995,43.9998817443848
dom,1998,54.1726112365723
dom,1999,55.7871017456055
dom,2000,59.0373802185059
dom,2002,67.1963500976563
dom,2004,68.1997833251953
dom,2005,69.7449798583984
dom,2007,78.0825424194335
dom,2008,76.7469635009766
dom,2009,78.5784072875977
dom,2010,76.0154571533203
dom,2011,75.627830505371
dom,2012,76.3887405395508
dom,2013,77.5965728759766
dom,2014,78.3560409545898
dom,2015,77.8207168579102
dza,1971,10.0363597869873
dza,1972,12.071720123291
dza,1973,13.5241203308105
dza,1974,14.7479801177979
dza,1975,16.0282707214355
dza,1976,18.395040512085
dza,1977,21.5101108551025
dza,1978,25.3287105560303
dza,1979,27.9937801361083
dza,1980,30.065149307251
dza,1981,32.1846313476563
dza,1982,35.2346496582031
dza,1983,38.527759552002
dza,1984,41.8904609680176
dza,1985,45.0865097045898
dza,1986,49.426139831543
dza,1987,51.9169883728027
dza,1988,52.9770011901855
dza,1989,59.6512298583984
dza,1990,59.1210517883301
dza,1991,57.5735206604004
dza,1992,57.2787818908691
dza,1993,57.3997497558594
dza,1994,58.4069786071777
dza,1995,58.3371696472167
dza,1996,58.6381988525391
dza,1997,59.1579895019531
dza,1999,65.2788925170898
dza,2000,64.7248306274414
dza,2001,68.4109725952148
dza,2002,71.5598526000977
dza,2003,73.7556610107422
dza,2004,77.2134017944335
dza,2005,78.7822265625
dza,2006,79.7915802001953
dza,2007,70.2812118530273
dza,2008,76.7558517456055
dza,2009,93.0700302124023
dza,2010,97.1719207763672
dza,2011,99.8601913452148
eap,1970,28.5476093292236
eap,1971,35.0229911804199
eap,1972,40.0301704406738
eap,1973,44.046459197998
eap,1974,42.0764617919922
eap,1975,42.922119140625
eap,1976,48.3116111755371
eap,1977,50.493408203125
eap,1978,49.3523597717285
eap,1979,46.6429595947266
eap,1980,42.0828399658203
eap,1981,39.1298484802246
eap,1982,34.9991912841797
eap,1983,33.3028602600098
eap,1984,32.9319686889648
eap,1985,34.2755699157715
eap,1986,35.7782783508301
eap,1987,37.9703216552734
eap,1988,39.2403907775879
eap,1989,39.4780616760254
eap,1990,39.2577705383301
eap,1991,40.9499702453613
eap,1992,43.3903388977051
eap,1993,45.668758392334
eap,1994,47.3522682189941
eap,1995,50.7290992736816
eap,1996,54.4482498168945
eap,1997,57.0703010559082
eap,1998,58.5118217468262
eap,1999,59.5177001953125
eap,2000,59.6681098937988
eap,2001,59.791431427002
eap,2002,60.3026313781738
eap,2003,61.979808807373
eap,2004,63.6750183105469
eap,2005,64.8216018676758
eap,2006,66.9410934448242
eap,2007,70.84326171875
eap,2008,73.5347595214844
eap,2009,76.7915802001953
eap,2010,79.8195877075195
eap,2011,82.78955078125
eap,2012,84.8219680786133
eap,2013,87.4938125610352
eap,2014,86.4609832763672
eas,1970,34.5627403259277
eas,1971,40.0608215332031
eas,1972,44.5403518676758
eas,1973,48.199089050293
eas,1974,46.6573486328125
eas,1975,47.4929008483887
eas,1976,52.2840805053711
eas,1977,53.8968696594238
eas,1978,52.6008110046387
eas,1979,50.1699714660645
eas,1980,46.0285987854004
eas,1981,43.446720123291
eas,1982,39.6620407104492
eas,1983,38.13916015625
eas,1984,37.9008712768555
eas,1985,39.2611999511719
eas,1986,40.8241081237793
eas,1987,42.9716682434082
eas,1988,44.190990447998
eas,1989,44.497859954834
eas,1990,44.3628005981445
eas,1991,46.0425300598145
eas,1992,48.3260917663574
eas,1993,50.4538688659668
eas,1994,52.1905403137207
eas,1995,55.354808807373
eas,1996,58.7717018127441
eas,1997,61.0999488830566
eas,1998,62.1959800720215
eas,1999,62.9635810852051
eas,2000,62.9672889709473
eas,2001,62.8318290710449
eas,2002,63.1449089050293
eas,2003,64.6110687255859
eas,2004,66.109977722168
eas,2005,67.2239685058594
eas,2006,69.1570281982422
eas,2007,72.9048080444336
eas,2008,75.5086135864258
eas,2009,78.6416625976563
eas,2010,81.5026321411133
eas,2011,84.3281326293945
eas,2012,86.3395614624023
eas,2013,88.8673477172852
eas,2014,87.9348220825195
eca,1970,85.1814422607422
eca,1971,85.1907806396484
eca,1972,85.7825088500977
eca,1973,86.3581008911133
eca,1974,86.6951370239258
eca,1975,87.1435623168945
eca,1976,87.4196166992188
eca,1977,87.73486328125
eca,1978,87.9212112426758
eca,1979,87.8389282226563
eca,1980,88.0549697875977
eca,1981,87.880500793457
eca,1982,88.1413497924805
eca,1983,88.4389572143555
eca,1984,88.8264389038086
eca,1985,89.3999404907227
eca,1986,90.10498046875
eca,1987,90.2230911254883
eca,1988,90.291618347168
eca,1989,89.9322204589844
eca,1990,89.2280120849609
eca,1991,87.6445693969727
eca,1992,86.1711807250977
eca,1993,84.7418518066406
eca,1994,83.7363586425781
eca,1995,84.3939590454102
eca,1996,84.2987213134766
eca,1997,84.4204864501953
eca,1998,85.4571762084961
eca,1999,86.8230361938477
eca,2000,87.439323425293
eca,2001,89.642951965332
eca,2002,90.9745407104492
eca,2003,91.8226013183594
eca,2004,89.0821228027344
eca,2005,86.8984680175781
eca,2006,88.0699920654297
eca,2007,89.2442321777344
eca,2008,89.3261032104492
eca,2009,88.2203063964844
eca,2010,90.3195419311523
eca,2011,92.2806625366211
eca,2012,92.9356231689453
eca,2013,97.6857223510742
eca,2014,98.3922882080078
ecs,1970,81.2873764038086
ecs,1971,81.3061676025391
ecs,1972,81.9884567260742
ecs,1973,83.0434112548828
ecs,1974,84.0949783325195
ecs,1975,84.6179275512695
ecs,1976,85.2055282592773
ecs,1977,85.9117965698242
ecs,1978,86.3022308349609
ecs,1979,86.6476211547852
ecs,1980,87.0274124145508
ecs,1981,87.1601104736328
ecs,1982,87.587760925293
ecs,1983,88.0076599121094
ecs,1984,88.3656997680664
ecs,1985,89.0105209350586
ecs,1986,90.2147598266602
ecs,1987,90.697021484375
ecs,1988,90.9022521972656
ecs,1989,91.0032730102539
ecs,1990,90.900146484375
ecs,1991,90.7345581054688
ecs,1992,90.8165664672852
ecs,1993,92.4108123779297
ecs,1994,93.3601913452148
ecs,1995,93.7496032714844
ecs,1996,93.6644668579102
ecs,1997,93.4137268066406
ecs,1998,92.8965530395508
ecs,1999,93.898551940918
ecs,2000,94.5656814575195
ecs,2001,96.2753829956055
ecs,2002,97.452278137207
ecs,2003,98.1852798461914
ecs,2004,95.6700592041016
ecs,2005,95.2415008544922
ecs,2006,95.5912170410156
ecs,2007,96.1650085449219
ecs,2008,96.5070266723633
ecs,2009,96.0488967895508
ecs,2010,97.8580627441406
ecs,2011,98.5292663574219
ecs,2012,98.9272918701172
ecs,2013,105.351951599121
ecs,2014,105.963516235352
ecu,1971,25.4097900390625
ecu,1972,27.411750793457
ecu,1973,29.8548393249512
ecu,1974,32.5624504089355
ecu,1975,35.6312408447266
ecu,1976,39.4811782836914
ecu,1977,42.6437492370605
ecu,1978,44.9097595214844
ecu,1979,47.1639518737792
ecu,1980,49.7373504638672
ecu,1981,52.9132385253906
ecu,1982,55.2378883361816
ecu,1983,57.0227203369141
ecu,1984,54.206958770752
ecu,1985,57.789119720459
ecu,1986,57.7207183837891
ecu,1987,58.1461982727051
ecu,1988,58.7683410644531
ecu,1990,58.3410415649414
ecu,1991,56.9947395324707
ecu,1992,58.059871673584
ecu,1993,57.4141998291016
ecu,1996,54.3139381408691
ecu,1998,56.5203399658203
ecu,1999,57.9560089111328
ecu,2000,57.8469200134277
ecu,2001,58.0689888000488
ecu,2002,59.0177917480469
ecu,2003,58.5680389404297
ecu,2004,59.2243881225586
ecu,2005,61.8786010742188
ecu,2006,64.1969528198242
ecu,2007,65.9154205322266
ecu,2010,88.7389373779297
ecu,2011,92.8492126464844
ecu,2012,97.6955108642578
ecu,2013,101.393699645996
ecu,2014,104.476791381836
ecu,2015,107.700691223145
ecu,2016,107.223258972168
egy,1971,31.6815795898438
egy,1972,33.0948791503906
egy,1973,34.3291091918945
egy,1974,35.446159362793
egy,1975,38.4550094604492
egy,1976,41.1075706481934
egy,1977,44.5374298095703
egy,1978,46.7680511474609
egy,1979,48.1020698547363
egy,1980,49.2282295227051
egy,1981,50.2447319030762
egy,1982,52.3227500915527
egy,1983,54.390510559082
egy,1984,56.44580078125
egy,1985,58.5468215942383
egy,1986,61.5137710571289
egy,1987,64.3463973999023
egy,1988,64.6746978759766
egy,1989,63.9021186828613
egy,1990,75.2567901611328
egy,1991,75.3326568603516
egy,1992,69.5711364746094
egy,1993,69.8263320922852
egy,1994,74.715217590332
egy,1995,72.2041168212891
egy,1996,69.7173919677734
egy,1997,73.6328735351563
egy,1999,79.081428527832
egy,2000,80.5147323608398
egy,2001,81.6510009765625
egy,2002,81.061180114746
egy,2003,80.9899978637695
egy,2004,80.7929534912109
egy,2009,68.7933120727539
egy,2010,71.5056762695313
egy,2011,81.6779174804688
egy,2012,83.6341018676758
egy,2013,85.7250595092773
egy,2014,86.1023178100585
emu,1970,77.6612319946289
emu,1971,77.7231521606445
emu,1972,78.8940811157227
emu,1973,80.7763290405273
emu,1974,82.4989700317383
emu,1975,83.1004486083984
emu,1976,84.145393371582
emu,1977,85.3082504272461
emu,1978,85.8752593994141
emu,1979,86.5016479492188
emu,1980,87.0692291259766
emu,1981,87.1760101318359
emu,1982,87.6615676879883
emu,1983,88.3301315307617
emu,1984,88.864387512207
emu,1985,89.6920013427734
emu,1986,91.7128982543945
emu,1987,92.7318496704102
emu,1988,93.1809234619141
emu,1989,93.8416213989258
emu,1990,94.3553619384766
emu,1991,95.924072265625
emu,1992,98.083381652832
emu,1993,101.788269042969
emu,1994,105.468070983887
emu,1995,105.962600708008
emu,1996,106.094306945801
emu,1997,105.473602294922
emu,1998,102.198356628418
emu,1999,102.379096984863
emu,2000,103.126319885254
emu,2001,104.401802062988
emu,2002,105.365127563477
emu,2003,105.982933044434
emu,2004,104.169418334961
emu,2005,105.78182220459
emu,2006,106.077239990234
emu,2007,106.012969970703
emu,2008,106.53540802002
emu,2009,106.625709533691
emu,2010,107.923141479492
emu,2011,108.545509338379
emu,2012,108.740226745605
emu,2013,111.488388061523
emu,2014,111.419662475586
eri,1993,13.3972902297974
eri,1994,14.3248701095581
eri,1995,15.2148399353027
eri,1996,15.9845504760742
eri,1997,17.1034297943115
eri,1999,20.4622192382813
eri,2000,23.0205307006836
eri,2001,23.278829574585
eri,2002,24.2620792388916
eri,2003,25.0500507354736
eri,2004,25.6971492767333
eri,2005,28.4680995941162
eri,2006,29.9203491210938
eri,2007,29.0290908813477
eri,2008,30.8735599517822
eri,2009,33.0254211425781
eri,2010,34.1042289733887
eri,2011,35.3205986022949
eri,2012,36.5461196899414
eri,2013,35.5193099975586
eri,2014,34.7543716430664
eri,2015,30.5498600006104
esp,1971,57.0564308166504
esp,1972,53.8429794311523
esp,1973,58.7340087890625
esp,1974,61.6384887695313
esp,1975,65.9865112304688
esp,1976,71.0545501708984
esp,1977,74.6000518798828
esp,1978,76.6464309692383
esp,1979,82.1277084350585
esp,1980,84.8491897583008
esp,1981,86.1505584716797
esp,1982,88.2658615112305
esp,1983,90.4884490966797
esp,1984,89.1645965576172
esp,1985,91.3823471069335
esp,1986,98.3496704101563
esp,1987,100.720626831055
esp,1988,103.135276794434
esp,1989,104.087409973145
esp,1990,101.15837097168
esp,1991,103.208633422852
esp,1992,105.366432189941
esp,1993,109.708702087402
esp,1994,112.361968994141
esp,1995,114.151359558105
esp,1996,117.609931945801
esp,1997,115.191818237305
esp,1998,106.092308044434
esp,1999,107.800140380859
esp,2000,110.268508911133
esp,2001,111.803398132324
esp,2002,111.896369934082
esp,2003,112.232818603516
esp,2004,113.957473754883
esp,2005,117.513137817383
esp,2006,117.542671203613
esp,2007,117.50553894043
esp,2008,117.66780090332
esp,2009,118.394638061523
esp,2010,124.384063720703
esp,2011,128.592163085938
esp,2012,131.034164428711
esp,2013,131.086044311523
esp,2014,130.164657592773
esp,2015,129.810485839844
est,1986,99.1165390014648
est,1989,86.1716232299805
est,1990,104.704170227051
est,1991,102.09561920166
est,1992,101.791877746582
est,1993,97.3433303833008
est,1994,99.0345916748047
est,1995,102.443702697754
est,1996,92.8376007080078
est,1998,94.3746490478516
est,1999,93.714111328125
est,2000,93.8263092041016
est,2001,94.9530715942383
est,2002,97.6813735961914
est,2003,97.6677017211914
est,2004,100.085289001465
est,2005,102.789932250977
est,2006,103.11190032959
est,2007,103.234329223633
est,2008,102.266937255859
est,2009,102.746101379395
est,2010,105.296241760254
est,2011,107.366287231445
est,2012,107.529846191406
est,2013,108.582939147949
est,2014,110.406478881836
est,2015,115.17822265625
eth,1971,3.80718994140625
eth,1972,4.10416984558105
eth,1973,4.53500986099243
eth,1974,4.97523021697998
eth,1984,12.4863500595093
eth,1986,12.9845600128174
eth,1987,14.0530700683594
eth,1988,15.2760601043701
eth,1989,15.2135000228882
eth,1991,13.8903102874756
eth,1992,12.1580400466919
eth,1993,10.8330402374268
eth,1994,10.4683504104614
eth,1995,10.5016298294067
eth,1996,10.8595304489136
eth,1999,12.3886404037476
eth,2000,13.5022001266479
eth,2001,16.3887100219727
eth,2002,18.6076698303223
eth,2003,19.4993591308594
eth,2004,21.9114208221436
eth,2005,24.7503604888916
eth,2006,28.8394908905029
eth,2007,31.9898700714111
eth,2008,33.2038688659667
eth,2009,33.4888916015625
eth,2010,34.808219909668
eth,2011,36.0482292175292
eth,2012,37.7033882141113
eth,2015,35.1732482910156
euu,1970,77.2646484375
euu,1971,77.2904891967773
euu,1972,78.0640487670898
euu,1973,79.6641998291016
euu,1974,81.4155120849609
euu,1975,82.1379318237305
euu,1976,83.0196533203125
euu,1977,84.1609802246094
euu,1978,84.7658462524414
euu,1979,85.4402389526367
euu,1980,85.9936828613281
euu,1981,86.4225921630859
euu,1982,87.0397872924805
euu,1983,87.6073837280273
euu,1984,88.0073165893555
euu,1985,88.7730865478516
euu,1986,90.5040969848633
euu,1987,91.4034194946289
euu,1988,91.8670272827148
euu,1989,92.4927520751953
euu,1990,92.9534225463867
euu,1991,93.4591827392578
euu,1992,94.5830612182617
euu,1993,98.7180862426758
euu,1994,101.352157592773
euu,1995,101.641036987305
euu,1996,101.882446289063
euu,1997,101.508491516113
euu,1998,99.4890670776367
euu,1999,100.248779296875
euu,2000,101.109336853027
euu,2001,102.310256958008
euu,2002,103.381080627441
euu,2003,103.726837158203
euu,2004,101.641242980957
euu,2005,103.135749816895
euu,2006,102.514549255371
euu,2007,102.545387268066
euu,2008,103.287353515625
euu,2009,103.677658081055
euu,2010,105.08390045166
euu,2011,104.413101196289
euu,2012,104.458160400391
euu,2013,112.446792602539
euu,2014,112.793739318848
fin,1971,101.836967468262
fin,1972,105.864562988281
fin,1973,106.216148376465
fin,1974,107.155227661133
fin,1975,106.283241271973
fin,1976,88.5755004882813
fin,1977,91.8107376098633
fin,1978,94.1143493652344
fin,1979,96.915916442871
fin,1980,98.2983932495117
fin,1981,99.661750793457
fin,1982,100.717338562012
fin,1983,101.112190246582
fin,1984,103.994110107422
fin,1985,104.938682556152
fin,1986,105.727722167969
fin,1987,105.999938964844
fin,1988,108.268180847168
fin,1989,111.225090026855
fin,1990,114.574981689453
fin,1991,116.41544342041
fin,1992,119.672737121582
fin,1993,116.550422668457
fin,1994,117.339920043945
fin,1995,115.555976867676
fin,1996,115.916450500488
fin,1997,117.749359130859
fin,1998,117.647277832031
fin,1999,120.58487701416
fin,2000,124.759178161621
fin,2001,127.315010070801
fin,2002,128.983474731445
fin,2003,131.743698120117
fin,2004,110.912467956543
fin,2005,111.971076965332
fin,2006,111.613548278809
fin,2007,110.329086303711
fin,2008,108.744270324707
fin,2009,107.423797607422
fin,2010,107.272590637207
fin,2011,107.478218078613
fin,2012,107.485900878906
fin,2013,143.218566894531
fin,2014,145.483688354492
fin,2015,149.456085205078
fji,1970,52.0486907958984
fji,1971,55.0104713439941
fji,1972,58.848690032959
fji,1973,61.4642601013184
fji,1974,64.3569564819335
fji,1975,66.6167984008789
fji,1976,69.7943420410156
fji,1977,72.701789855957
fji,1978,74.0201568603516
fji,1979,74.3273773193359
fji,1980,71.7922134399414
fji,1981,70.3940582275391
fji,1983,71.2334518432617
fji,1984,71.6757965087891
fji,1985,69.7224197387695
fji,1986,71.4453125
fji,1987,73.50048828125
fji,1991,76.6991729736328
fji,1992,80.7527313232422
fji,1998,78.7678070068359
fji,1999,78.3443222045898
fji,2000,78.3434524536133
fji,2001,79.0670776367188
fji,2002,82.3459014892578
fji,2003,86.042106628418
fji,2004,90.8494262695313
fji,2006,91.0083770751953
fji,2007,89.1594009399414
fji,2008,87.869873046875
fji,2009,86.8852005004883
fji,2011,90.9216232299805
fji,2012,88.6682510375977
fra,1971,74.3125762939453
fra,1972,77.8996963500977
fra,1973,80.9454727172852
fra,1974,85.1800231933594
fra,1975,83.3508834838867
fra,1976,81.7129669189453
fra,1977,82.7062377929688
fra,1978,82.4147872924805
fra,1979,82.9970169067383
fra,1980,83.84619140625
fra,1981,84.4345169067383
fra,1982,85.1280364990234
fra,1983,86.5057373046875
fra,1984,88.2686386108398
fra,1985,89.8274383544922
fra,1986,90.7617111206055
fra,1987,91.8898620605469
fra,1988,92.9113235473633
fra,1989,94.6075820922852
fra,1990,96.8509216308594
fra,1991,101.494346618652
fra,1992,105.257797241211
fra,1993,105.877502441406
fra,1994,114.203491210938
fra,1995,114.223121643066
fra,1996,112.675971984863
fra,1997,111.529357910156
fra,1998,110.523750305176
fra,1999,109.556747436523
fra,2000,108.777549743652
fra,2001,107.880676269531
fra,2002,107.709899902344
fra,2003,108.176223754883
fra,2004,107.921203613281
fra,2005,112.273818969727
fra,2006,112.074546813965
fra,2007,111.837348937988
fra,2008,111.625556945801
fra,2009,111.178520202637
fra,2010,111.32689666748
fra,2011,111.222412109375
fra,2012,111.665321350098
fra,2013,110.940650939941
fra,2014,110.644012451172
fsm,1971,133.910858154297
fsm,1972,142.841522216797
fsm,1973,154.381332397461
fsm,1974,162.591125488281
fsm,1976,166.135894775391
fsm,1977,163.000213623047
fsm,2004,82.5146636962891
fsm,2005,83.21533203125
gab,1971,14.5739402770996
gab,1972,16.3929996490479
gab,1973,20.2113494873047
gab,1974,23.8905200958252
gab,1975,27.7614002227783
gab,1976,28.8382606506348
gab,1977,28.9776306152344
gab,1978,31.316650390625
gab,1979,29.7959003448486
gab,1980,29.2592792510986
gab,1981,30.7880802154541
gab,1982,30.352819442749
gab,1983,31.5285892486572
gab,1984,33.5292892456055
gab,1985,35.1168212890625
gab,1986,37.9868507385254
gab,1987,37.4217681884766
gab,1988,38.8488693237305
gab,1989,37.2155990600586
gab,1994,38.9673690795898
gab,1995,41.5926208496094
gab,1996,49.2206192016602
gab,1997,49.6979293823242
gab,1999,47.8727912902832
gab,2001,52.4772415161133
gab,2002,53.303638458252
gbr,1971,76.5586776733398
gbr,1972,77.0176391601563
gbr,1973,77.3618621826172
gbr,1974,81.9564590454102
gbr,1975,82.1373977661133
gbr,1976,82.4143829345703
gbr,1977,82.376708984375
gbr,1978,81.7604522705078
gbr,1979,81.373649597168
gbr,1980,80.7663879394531
gbr,1981,80.9480590820313
gbr,1982,81.9496612548828
gbr,1983,83.1985626220703
gbr,1984,83.4309768676758
gbr,1985,83.5684509277344
gbr,1986,83.9669570922852
gbr,1987,83.6698989868164
gbr,1988,83.2992706298828
gbr,1989,83.383430480957
gbr,1990,84.3638076782227
gbr,1991,87.5600662231445
gbr,1992,91.0834426879883
gbr,1993,101.017478942871
gbr,1994,102.710426330566
gbr,1995,103.12020111084
gbr,1996,102.02693939209
gbr,1997,99.841667175293
gbr,1998,98.9675827026367
gbr,1999,101.197326660156
gbr,2000,101.933380126953
gbr,2001,101.812622070313
gbr,2002,102.751907348633
gbr,2003,102.071769714355
gbr,2004,104.633430480957
gbr,2005,105.387283325195
gbr,2006,98.2945098876953
gbr,2007,96.9335784912109
gbr,2008,97.7837295532227
gbr,2009,99.3622817993164
gbr,2010,101.90885925293
gbr,2011,92.8483276367188
gbr,2012,91.3931427001953
gbr,2013,124.425971984863
gbr,2014,127.81128692627
geo,1981,108.77269744873
geo,1986,110.819442749023
geo,1991,94.6380996704102
geo,1992,89.2240371704102
geo,1993,79.4384002685547
geo,1994,78.5910873413085
geo,1995,77.0542297363281
geo,1996,78.729118347168
geo,1997,79.6031112670898
geo,1999,79.0513610839844
geo,2000,78.8817901611328
geo,2001,79.6818237304688
geo,2002,80.660301208496
geo,2003,82.1224136352539
geo,2004,78.9062423706055
geo,2005,81.6564025878906
geo,2006,83.4852066040039
geo,2007,89.88330078125
geo,2008,90.6510620117188
geo,2009,88.1063232421875
geo,2013,97.69384765625
geo,2014,99.4300384521484
geo,2015,103.681617736816
gha,1971,43.0919189453125
gha,1973,40.2865715026855
gha,1974,37.7788314819336
gha,1975,36.4987907409667
gha,1976,36.5117416381836
gha,1977,36.8928413391113
gha,1978,36.9742889404297
gha,1979,37.4038505554199
gha,1980,39.1526985168457
gha,1981,39.8887596130371
gha,1982,38.730281829834
gha,1983,39.1866607666016
gha,1984,38.9911499023438
gha,1985,37.4695014953613
gha,1986,37.6069602966309
gha,1987,37.3788681030273
gha,1988,39.3818397521973
gha,1989,35.2849311828613
gha,1990,35.9474411010742
gha,1995,35.8397102355957
gha,1999,35.407600402832
gha,2000,35.6556816101074
gha,2001,33.9694213867188
gha,2002,35.3438682556152
gha,2003,36.6552810668945
gha,2004,39.1860694885254
gha,2005,41.0644302368164
gha,2006,42.5409889221191
gha,2007,46.3361511230469
gha,2008,48.350658416748
gha,2009,49.8191719055176
gha,2011,57.0829887390137
gha,2012,58.3562889099121
gha,2013,61.0836982727051
gha,2014,57.9407691955566
gha,2015,61.4125099182129
gha,2016,62.1050415039063
gin,1971,11.411600112915
gin,1977,14.9032402038574
gin,1978,16.3909397125244
gin,1979,16.6574993133545
gin,1980,17.4619808197021
gin,1981,17.5467891693115
gin,1982,16.5963191986083
gin,1983,16.5671901702881
gin,1984,16.7198791503906
gin,1985,16.8647708892822
gin,1986,15.0211095809937
gin,1987,12.9367399215698
gin,1989,11.9926099777222
gin,1990,11.1051301956177
gin,1991,11.5221099853516
gin,1993,12.6680898666382
gin,1994,12.9559297561646
gin,1996,13.255220413208
gin,1999,13.3467903137207
gin,2001,17.8593502044678
gin,2002,20.5325794219971
gin,2003,22.2585391998291
gin,2004,24.5368900299072
gin,2005,29.1943302154541
gin,2006,32.6944389343262
gin,2008,34.0815086364746
gin,2011,37.6401290893555
gin,2012,37.6192398071289
gin,2014,38.8232688903809
gmb,1971,9.42465019226074
gmb,1972,9.66042041778564
gmb,1973,9.56052017211914
gmb,1974,10.8335103988647
gmb,1975,10.6621904373169
gmb,1976,11.1805601119995
gmb,1977,12.2225503921509
gmb,1978,12.1024599075317
gmb,1979,12.8306198120117
gmb,1980,14.0259504318237
gmb,1981,14.8427696228027
gmb,1982,15.3646001815796
gmb,1983,16.6962299346924
gmb,1984,17.861120223999
gmb,1985,18.3348503112793
gmb,1986,17.3078193664551
gmb,1987,16.373420715332
gmb,1988,15.8522396087646
gmb,1989,16.4986000061035
gmb,1990,17.186149597168
gmb,1991,17.9575901031494
gmb,1992,18.3008003234863
gmb,1993,20.6729106903076
gmb,1994,20.5485706329346
gmb,1995,22.8144607543945
gmb,1996,22.1960201263428
gmb,2008,57.8413581848145
gmb,2009,58.834888458252
gmb,2010,57.451831817627
gnb,1971,5.35885000228882
gnb,1972,5.12007999420166
gnb,1976,2.67144989967346
gnb,1977,3.90342998504639
gnb,1978,4.52852010726929
gnb,1979,5.13533020019531
gnb,1980,5.01278018951416
gnb,1981,5.49878978729248
gnb,1982,7.15397977828979
gnb,1983,9.4022102355957
gnb,1984,10.5131101608276
gnb,1985,9.99127006530762
gnb,1987,6.51745986938477
gnb,1988,5.37775993347167
gnb,1989,6.05001020431519
gnb,2000,17.1875801086426
gnb,2005,30.5325794219971
gnb,2006,32.6411781311035
gnq,1971,14.0232200622559
gnq,1976,10.6268501281738
gnq,1980,6.12239980697632
gnq,1983,8.7777795791626
gnq,1993,41.8316688537598
gnq,1994,37.6959495544434
gnq,1999,32.278621673584
gnq,2000,30.5690097808838
gnq,2001,26.9594593048096
gnq,2002,26.7190799713135
gnq,2005,27.3713092803955
grc,1971,63.3133506774902
grc,1972,68.4290771484375
grc,1973,70.6177597045898
grc,1974,73.0714721679688
grc,1975,74.7537536621094
grc,1976,77.7794799804688
grc,1977,79.5117797851563
grc,1978,80.217887878418
grc,1979,79.9059524536133
grc,1980,81.4446487426758
grc,1981,81.2323989868164
grc,1982,84.1814193725585
grc,1983,81.1159591674805
grc,1984,85.4967575073242
grc,1985,87.8996124267578
grc,1986,90.7177429199219
grc,1987,94.4102401733398
grc,1988,95.4685287475585
grc,1989,96.1598205566406
grc,1990,94.929557800293
grc,1991,94.5194778442383
grc,1992,95.5196914672852
grc,1993,91.8495483398438
grc,1994,92.5087280273438
grc,1995,91.9660034179688
grc,1996,92.2855072021484
grc,1997,92.0399475097656
grc,1998,91.9817123413085
grc,1999,91.1024017333984
grc,2000,89.9372863769531
grc,2001,93.5556030273438
grc,2002,98.0181121826172
grc,2003,95.0876998901367
grc,2004,95.0382766723633
grc,2005,99.6430892944335
grc,2006,99.2351531982422
grc,2007,96.9108428955078
grc,2010,104.979263305664
grc,2011,103.001510620117
grc,2012,105.168449401855
grc,2013,108.197830200195
grc,2014,106.499359130859
grd,1971,29.3217391967773
grd,1972,35.4584693908691
grd,1973,32.1349182128906
grd,1974,32.9122505187988
grd,1975,67.7699508666992
grd,1976,70.792839050293
grd,1977,72.911247253418
grd,1978,76.1678009033203
grd,1979,77.2877883911133
grd,1980,77.035758972168
grd,1981,72.1659774780273
grd,1982,72.8613586425781
grd,1983,72.1628723144531
grd,1984,83.6878204345703
grd,1985,80.8709411621094
grd,1986,80.0050201416016
grd,1987,83.3965835571289
grd,1988,85.5767517089844
grd,1989,86.1992416381835
grd,1990,91.1875915527344
grd,1991,99.8978118896484
grd,1992,102.474891662598
grd,1993,102.777496337891
grd,2002,108.051391601563
grd,2003,111.202568054199
grd,2004,103.54759979248
grd,2005,97.794578552246
grd,2007,110.884696960449
grd,2008,110.140449523926
grd,2009,100.785751342773
grd,2010,107.799026489258
grd,2013,101.139801025391
grd,2014,100.849388122559
grd,2015,99.1796264648438
gtm,1970,10.2929496765137
gtm,1971,8.81756019592285
gtm,1972,9.68807983398438
gtm,1973,9.69717979431152
gtm,1974,11.3894596099854
gtm,1975,12.1578397750854
gtm,1976,13.314829826355
gtm,1977,13.8819103240967
gtm,1978,18.0130004882813
gtm,1979,18.4759197235107
gtm,1980,18.3493404388428
gtm,1981,18.9498996734619
gtm,1982,18.0791893005371
gtm,1983,18.3523597717285
gtm,1984,18.5986995697021
gtm,1985,18.8830795288086
gtm,1986,20.1391296386719
gtm,1991,22.6284408569336
gtm,1993,24.1353492736816
gtm,1994,25.0124397277832
gtm,1995,25.147590637207
gtm,1996,24.736400604248
gtm,1997,24.7076301574707
gtm,1998,29.5951900482178
gtm,1999,31.6284198760986
gtm,2000,36.1636695861816
gtm,2001,39.0027809143066
gtm,2002,42.8053894042969
gtm,2004,47.2643508911133
gtm,2005,49.7588195800781
gtm,2006,52.0033798217773
gtm,2007,54.1019401550292
gtm,2008,55.1255798339844
gtm,2009,57.3280982971191
gtm,2010,63.1428718566895
gtm,2011,63.7431488037109
gtm,2012,64.0707092285156
gtm,2013,64.1561279296875
gtm,2014,63.5311584472656
gtm,2015,65.6267013549805
guy,1971,66.3066635131835
guy,1972,70.0230178833008
guy,1973,71.5718231201172
guy,1974,70.5515975952148
guy,1976,73.7351913452148
guy,1984,68.7409362792969
guy,1985,71.984977722168
guy,1986,77.2216873168945
guy,1987,78.848991394043
guy,1999,82.9159469604492
guy,2001,102.167381286621
guy,2003,94.5376663208008
guy,2005,96.8682327270508
guy,2007,88.3274993896484
guy,2008,87.0061187744141
guy,2009,88.0555419921875
guy,2010,88.6422805786133
guy,2011,92.4839401245117
guy,2012,89.3368377685547
hic,1970,77.5547180175781
hic,1971,77.4932403564453
hic,1972,78.4690628051758
hic,1973,79.6361618041992
hic,1974,80.8609390258789
hic,1975,81.4598007202148
hic,1976,82.257438659668
hic,1977,83.1484985351563
hic,1978,83.6685485839844
hic,1979,82.7167587280273
hic,1980,86.185447692871
hic,1981,86.5910568237305
hic,1982,87.8140487670898
hic,1983,88.58740234375
hic,1984,89.5875015258789
hic,1985,90.0034408569335
hic,1986,91.3464508056641
hic,1987,91.9149703979492
hic,1988,91.7691268920898
hic,1989,91.80126953125
hic,1990,91.789192199707
hic,1991,92.9947814941406
hic,1992,94.4799423217773
hic,1993,97.2893295288085
hic,1994,99.6931076049805
hic,1995,99.7927703857422
hic,1996,99.9818115234375
hic,1997,99.9265289306641
hic,1998,98.7810287475585
hic,1999,98.9319305419922
hic,2000,99.3322296142578
hic,2001,99.9538879394531
hic,2002,100.153648376465
hic,2003,100.837783813477
hic,2004,99.8656387329102
hic,2005,100.762702941895
hic,2006,100.170967102051
hic,2007,100.31468963623
hic,2008,100.549156188965
hic,2009,100.63005065918
hic,2010,100.937942504883
hic,2011,100.878776550293
hic,2012,101.438842773438
hic,2013,105.637138366699
hic,2014,106.348480224609
hic,2015,106.634559631348
hkg,1971,35.6613883972167
hkg,1972,37.4738807678223
hkg,1973,39.5931282043457
hkg,1974,42.1723213195801
hkg,1975,45.9585304260254
hkg,1976,48.6300888061523
hkg,1977,50.4886512756348
hkg,1978,53.0868911743164
hkg,1979,56.4572601318359
hkg,1980,58.6376495361328
hkg,1981,61.5071792602539
hkg,1982,64.3598937988281
hkg,1983,67.1927185058594
hkg,1984,69.6248168945313
hkg,1985,72.4062423706055
hkg,1986,73.5655822753906
hkg,1987,75.101921081543
hkg,1988,75.7161712646484
hkg,1996,79.287841796875
hkg,2001,77.0668792724609
hkg,2002,76.8945236206055
hkg,2003,77.3192520141602
hkg,2004,78.9921264648438
hkg,2005,80.4023666381835
hkg,2006,80.9034194946289
hkg,2007,82.9851531982422
hkg,2008,84.6945877075195
hkg,2009,86.1664810180664
hkg,2010,88.0195693969727
hkg,2011,87.2175598144531
hkg,2012,107.229263305664
hkg,2013,101.033821105957
hkg,2014,100.633598327637
hkg,2015,100.841903686523
hnd,1970,12.861909866333
hnd,1971,14.8796100616455
hnd,1972,15.9734897613525
hnd,1974,18.9816799163818
hnd,1975,15.6499700546265
hnd,1976,16.8325099945068
hnd,1977,24.0464992523193
hnd,1978,27.2188892364502
hnd,1979,26.7777805328369
hnd,1980,29.4462108612061
hnd,1982,32.1073799133301
hnd,1983,33.0213813781738
hnd,1984,33.7559700012207
hnd,1985,36.9059600830078
hnd,1986,35.2230796813965
hnd,1991,32.9560890197754
hnd,1993,32.4343795776367
hnd,2006,61.1696510314941
hnd,2007,63.6300888061523
hnd,2008,64.191062927246
hnd,2010,72.6365966796875
hnd,2011,73.0977478027344
hnd,2012,72.510139465332
hnd,2013,70.6631011962891
hnd,2014,68.3800888061523
hnd,2015,70.7755889892578
hpc,1970,11.4496803283691
hpc,1971,11.5115404129028
hpc,1972,11.9051504135132
hpc,1973,12.1761703491211
hpc,1974,12.3498096466064
hpc,1975,12.9238395690918
hpc,1976,13.4811000823975
hpc,1977,14.256420135498
hpc,1978,14.9668703079224
hpc,1979,15.7504596710205
hpc,1980,16.6196804046631
hpc,1981,17.3532199859619
hpc,1982,17.7456703186035
hpc,1983,18.2310390472412
hpc,1984,18.4067306518555
hpc,1985,18.3418502807617
hpc,1986,18.275260925293
hpc,1987,18.3523006439209
hpc,1988,18.7572193145752
hpc,1989,18.4161205291748
hpc,1990,18.3150405883789
hpc,1991,18.5000705718994
hpc,1992,18.3643703460693
hpc,1993,18.3796005249023
hpc,1994,18.7853202819824
hpc,1995,19.3150196075439
hpc,1996,19.453010559082
hpc,1997,19.7174301147461
hpc,1998,20.4447498321533
hpc,1999,21.2157001495361
hpc,2000,21.9567794799805
hpc,2001,23.0010108947754
hpc,2002,24.0806999206543
hpc,2003,25.0528697967529
hpc,2004,26.3936595916748
hpc,2005,27.7786903381348
hpc,2006,29.5113906860352
hpc,2007,31.2964305877686
hpc,2008,33.4192008972168
hpc,2009,35.222110748291
hpc,2010,36.7456817626953
hpc,2011,37.7686805725098
hpc,2012,38.6723594665527
hpc,2013,39.1621704101563
hpc,2014,39.8661804199219
hrv,1993,80.7326278686523
hrv,1994,84.2881164550781
hrv,1995,81.9312210083008
hrv,1996,81.6505126953125
hrv,1997,82.6659469604492
hrv,1998,84.0380706787109
hrv,1999,85.3689727783203
hrv,2000,85.527473449707
hrv,2001,85.7646026611328
hrv,2002,86.8545074462891
hrv,2003,88.3184509277344
hrv,2005,93.1465225219727
hrv,2006,94.9340286254883
hrv,2007,96.9033966064453
hrv,2008,98.9622116088867
hrv,2009,100.628288269043
hrv,2010,100.713912963867
hrv,2011,99.8821716308594
hrv,2012,99.7670593261719
hrv,2013,100.090026855469
hrv,2014,98.9999923706055
hrv,2015,98.2164764404297
hti,1979,11.1706800460815
hti,1980,11.8469495773315
hti,1981,12.746509552002
hti,1982,12.8345499038696
hti,1983,15.0821599960327
hti,1984,17.084379196167
hti,1986,17.5177898406982
hun,1971,74.2574005126953
hun,1972,72.7422866821289
hun,1973,72.671142578125
hun,1974,72.0065383911133
hun,1975,73.1130828857422
hun,1976,74.9346923828125
hun,1977,76.9404678344727
hun,1978,79.5142669677734
hun,1979,82.77783203125
hun,1980,84.9364700317383
hun,1981,86.435417175293
hun,1982,87.504768371582
hun,1983,86.9686584472656
hun,1984,86.0670776367188
hun,1985,86.5548782348633
hun,1986,88.5873718261719
hun,1987,89.0425872802734
hun,1988,89.4100112915039
hun,1989,88.7593765258789
hun,1990,87.3765716552734
hun,1991,85.2787170410156
hun,1992,83.3665313720703
hun,1994,88.5634307861328
hun,1995,89.1346588134766
hun,1996,91.425193786621
hun,1997,94.7594604492188
hun,1998,91.3595962524414
hun,1999,93.9576721191406
hun,2000,96.1834030151367
hun,2001,98.5052337646484
hun,2002,100.142189025879
hun,2003,102.243446350098
hun,2004,95.9393920898438
hun,2005,96.1855010986328
hun,2006,95.9094314575195
hun,2007,96.0706634521484
hun,2008,96.6128463745117
hun,2009,97.8855895996094
hun,2010,99.9341812133789
hun,2011,100.770668029785
hun,2012,101.860229492188
hun,2013,108.198860168457
hun,2014,106.984359741211
hun,2015,105.203773498535
idn,1970,18.2595996856689
idn,1971,18.6133308410645
idn,1972,18.6968898773193
idn,1973,19.0133304595947
idn,1974,19.5835304260254
idn,1975,21.0729904174805
idn,1976,21.8365497589111
idn,1977,22.5767402648926
idn,1978,24.0130596160889
idn,1981,28.3364391326904
idn,1982,30.516170501709
idn,1983,34.0290603637695
idn,1984,34.2844390869141
idn,1986,41.8813095092773
idn,1987,47.3778305053711
idn,1988,49.337158203125
idn,1989,49.1849098205566
idn,1990,46.585880279541
idn,1991,44.8115081787109
idn,1992,44.0668487548828
idn,1993,43.7329597473145
idn,1994,44.7579803466797
idn,1995,47.5897407531738
idn,1996,50.3595581054688
idn,1997,54.098819732666
idn,1998,54.3460884094238
idn,1999,54.4270515441895
idn,2000,55.0976181030273
idn,2001,55.5580711364746
idn,2002,57.1851005554199
idn,2003,60.1617317199707
idn,2004,61.8694496154785
idn,2005,60.1328315734863
idn,2006,62.5893783569336
idn,2007,70.5584869384766
idn,2008,69.7292022705078
idn,2009,74.7339935302734
idn,2010,76.5401916503906
idn,2011,79.2102127075195
idn,2012,80.4074172973633
idn,2013,82.4897079467773
idn,2014,82.4686965942383
idn,2015,85.8420791625977
ind,1971,24.0263900756836
ind,1972,24.4953899383545
ind,1973,24.9664001464844
ind,1975,25.6639003753662
ind,1976,25.8177795410156
ind,1977,26.3872699737549
ind,1978,26.7613296508789
ind,1980,28.9463005065918
ind,1981,30.396110534668
ind,1982,31.9107704162598
ind,1983,33.9095497131348
ind,1984,35.2977600097656
ind,1986,37.4091300964355
ind,1987,37.0304718017578
ind,1988,37.1202583312988
ind,1989,37.2924194335938
ind,1993,45.5136985778809
ind,1994,45.8368186950684
ind,1995,45.5428199768066
ind,1996,45.476921081543
ind,1997,46.0304794311523
ind,1999,43.2216110229492
ind,2000,45.0636215209961
ind,2001,45.3412284851074
ind,2002,47.2662582397461
ind,2003,49.8231811523438
ind,2004,51.5717010498047
ind,2005,54.1727409362792
ind,2006,55.0823287963867
ind,2007,57.4771995544434
ind,2008,60.5557403564453
ind,2009,59.7939300537109
ind,2010,63.2909393310547
ind,2011,66.4216766357422
ind,2012,69.1641464233398
ind,2013,68.8972091674805
ind,2014,74.2754364013672
ind,2015,73.9692001342773
irl,1971,73.3268203735352
irl,1972,75.6362228393555
irl,1973,80.033348083496
irl,1974,82.6963806152344
irl,1975,85.2335968017578
irl,1976,86.7378387451172
irl,1977,87.8472900390625
irl,1978,88.5008163452148
irl,1979,89.0656127929688
irl,1980,90.2518615722656
irl,1981,92.912010192871
irl,1982,96.7657165527344
irl,1983,98.7352676391602
irl,1984,99.6433868408203
irl,1985,99.6046524047852
irl,1986,98.2748107910156
irl,1987,97.3247680664063
irl,1988,96.0796279907227
irl,1989,94.6961288452148
irl,1990,94.4415893554688
irl,1991,95.6404266357422
irl,1992,98.275749206543
irl,1993,106.782508850098
irl,1994,108.55933380127
irl,1995,109.204139709473
irl,1996,108.759132385254
irl,1997,110.313301086426
irl,1998,100.653213500977
irl,1999,99.903938293457
irl,2000,99.4341125488281
irl,2001,98.8448867797852
irl,2002,100.941467285156
irl,2003,104.016006469727
irl,2004,107.532577514648
irl,2005,109.539489746094
irl,2006,110.688217163086
irl,2007,112.889511108398
irl,2008,114.906158447266
irl,2009,118.919776916504
irl,2010,123.462608337402
irl,2011,122.093139648438
irl,2012,126.093330383301
irl,2014,127.203300476074
irl,2015,127.481918334961
irn,1971,26.0985507965088
irn,1972,34.4959182739258
irn,1973,36.823169708252
irn,1974,39.5054588317871
irn,1975,43.3273506164551
irn,1976,46.2995109558105
irn,1977,48.7179183959961
irn,1985,44.3977012634277
irn,1988,48.6524696350098
irn,1990,53.2175598144531
irn,1991,54.7500610351563
irn,1992,58.4780693054199
irn,1993,63.4931488037109
irn,1994,68.1815719604492
irn,1995,70.8059768676758
irn,1997,74.5613708496094
irn,1999,78.0428009033203
irn,2000,78.584129333496
irn,2001,77.9321365356445
irn,2002,77.6800537109375
irn,2003,76.7807922363281
irn,2004,76.3023300170898
irn,2005,75.8452911376953
irn,2006,77.3779602050781
irn,2007,77.5142974853516
irn,2008,81.007698059082
irn,2009,82.8315811157227
irn,2010,81.9550476074219
irn,2011,85.1179428100585
irn,2012,87.6428375244141
irn,2013,86.6217727661133
irn,2014,88.406639099121
irn,2015,89.167236328125
irq,1971,23.5258502960205
irq,1972,24.5545101165771
irq,1973,27.4808807373047
irq,1974,29.9379692077637
irq,1975,34.4262199401855
irq,1976,36.1554412841797
irq,1977,38.7559509277344
irq,1978,44.1707801818848
irq,1979,49.2084693908691
irq,1980,53.152889251709
irq,1981,53.3203392028809
irq,1982,54.4474983215332
irq,1983,49.8923606872559
irq,1984,48.0572204589844
irq,1985,49.2459411621094
irq,1986,50.5084915161133
irq,1987,49.0755996704102
irq,1988,47.5002517700195
irq,1989,46.5544891357422
irq,1993,41.1824913024902
irq,1996,38.8385887145996
irq,1999,34.6199798583984
irq,2000,37.4691314697266
irq,2001,37.5638618469238
irq,2003,42.1826095581055
irq,2004,47.6151084899902
irq,2007,53.459659576416
isl,1971,80.1856994628906
isl,1972,81.5874099731445
isl,1975,79.992332458496
isl,1976,81.5860900878906
isl,1977,83.4230270385742
isl,1978,82.6620864868164
isl,1979,84.4157104492188
isl,1980,81.0474395751953
isl,1981,85.6963729858398
isl,1982,87.3319778442383
isl,1983,88.1396865844727
isl,1984,89.8284072875977
isl,1985,92.0884475708008
isl,1986,93.5630569458008
isl,1987,95.9828567504883
isl,1988,95.2246704101563
isl,1989,96.8229217529297
isl,1990,98.2253875732422
isl,1991,99.6247024536133
isl,1992,101.602737426758
isl,1993,102.686637878418
isl,1994,102.605712890625
isl,1995,102.887359619141
isl,1996,103.330963134766
isl,1998,111.831031799316
isl,1999,108.869079589844
isl,2000,107.40357208252
isl,2001,107.519630432129
isl,2002,111.754096984863
isl,2003,115.121162414551
isl,2004,108.170692443848
isl,2005,109.112640380859
isl,2006,109.397186279297
isl,2007,108.871887207031
isl,2008,109.070838928223
isl,2009,107.943000793457
isl,2010,109.289772033691
isl,2011,108.553726196289
isl,2012,111.170257568359
isl,2013,118.556411743164
isr,1973,75.4241180419922
isr,1974,76.5811920166016
isr,1975,76.5914764404297
isr,1976,76.697021484375
isr,1977,77.3439178466797
isr,1978,78.6488189697266
isr,1979,79.8905410766602
isr,1980,81.8858795166016
isr,1981,83.2452163696289
isr,1982,85.7727279663085
isr,1983,88.1565475463867
isr,1984,89.5146102905273
isr,1985,90.4059524536133
isr,1986,88.6917724609375
isr,1987,89.021873474121
isr,1988,89.4265518188477
isr,1989,89.924201965332
isr,1990,88.7309265136719
isr,1991,90.2247314453125
isr,1992,91.7851867675781
isr,1993,91.2172164916992
isr,1994,90.3551635742188
isr,1995,90.0060424804688
isr,1996,89.5410919189453
isr,1999,100.298973083496
isr,2000,103.003219604492
isr,2001,103.962501525879
isr,2002,106.030433654785
isr,2003,105.423332214355
isr,2004,104.506797790527
isr,2005,104.736122131348
isr,2006,104.887542724609
isr,2007,104.268516540527
isr,2008,102.881622314453
isr,2009,101.991691589355
isr,2010,102.055839538574
isr,2011,101.69799041748
isr,2012,101.063987731934
isr,2013,101.531761169434
isr,2014,101.863647460938
isr,2015,102.478813171387
ita,1971,59.9217987060547
ita,1972,62.2541007995605
ita,1973,64.6669387817383
ita,1974,66.4904022216797
ita,1975,67.2797622680664
ita,1976,70.2168731689453
ita,1977,71.7855606079102
ita,1978,72.6783905029297
ita,1979,72.6220474243164
ita,1980,72.3595428466797
ita,1981,72.1727981567383
ita,1982,72.0507431030273
ita,1983,72.5842895507813
ita,1984,73.0945281982422
ita,1985,73.8626022338867
ita,1986,74.9930572509766
ita,1987,76.2204971313477
ita,1988,77.4367218017578
ita,1989,78.6088104248047
ita,1990,80.3881225585938
ita,1991,81.1351165771484
ita,1992,82.4174575805664
ita,1993,83.5983810424805
ita,1994,87.6487274169922
ita,1995,88.8192901611328
ita,1996,89.6581420898438
ita,1997,90.2709121704102
ita,1998,90.3988571166992
ita,1999,91.6467819213867
ita,2000,92.4845809936523
ita,2001,95.3836364746094
ita,2002,97.2862930297852
ita,2003,98.1809768676758
ita,2004,98.0374908447266
ita,2005,98.2896118164063
ita,2006,99.0232009887695
ita,2007,99.6273880004883
ita,2008,100.36238861084
ita,2009,100.718086242676
ita,2010,102.212699890137
ita,2011,102.667488098145
ita,2012,101.677391052246
ita,2013,102.397987365723
ita,2014,102.624938964844
ita,2015,102.902458190918
jam,1973,52.5698699951172
jam,1974,47.3017692565917
jam,1975,55.3497314453125
jam,1976,57.8912086486816
jam,1977,59.7843704223633
jam,1979,63.7836685180664
jam,1980,68.2156829833984
jam,1981,66.4082565307617
jam,1982,62.4465217590332
jam,1983,62.5065116882324
jam,1984,60.484058380127
jam,1985,61.3341293334961
jam,1986,59.5093307495117
jam,1987,60.2922897338867
jam,1988,64.4491729736328
jam,1989,64.0597991943359
jam,1991,69.516990661621
jam,1993,66.2123336791992
jam,1999,87.5776596069335
jam,2000,86.3706893920898
jam,2001,85.53125
jam,2002,85.5340423583984
jam,2003,85.5838317871094
jam,2004,90.8661270141602
jam,2005,90.5708923339844
jam,2007,93.2789764404297
jam,2008,94.5544586181641
jam,2009,95.5625610351563
jam,2010,92.8252105712891
jam,2011,92.7189025878906
jam,2013,83.2890701293945
jam,2014,83.024658203125
jam,2015,82.107322692871
jor,1971,47.2763710021973
jor,1972,46.9549598693848
jor,1973,49.3627510070801
jor,1974,53.1003494262695
jor,1975,58.2375106811523
jor,1976,64.2737503051758
jor,1977,68.9998626708984
jor,1978,73.6024627685547
jor,1979,76.4114227294922
jor,1980,77.581657409668
jor,1981,78.669548034668
jor,1982,79.8119888305664
jor,1983,80.2255630493164
jor,1984,80.3083419799805
jor,1985,81.4623718261719
jor,1986,78.3396377563477
jor,1987,76.8882217407227
jor,1988,76.4204483032227
jor,1989,75.5231475830078
jor,1990,76.390281677246
jor,1991,78.5137176513672
jor,1992,81.0163116455078
jor,1993,81.1372833251953
jor,1994,82.1969528198242
jor,1996,84.4158935546875
jor,1999,85.8520965576172
jor,2000,86.025749206543
jor,2002,89.8098068237305
jor,2003,90.8607330322266
jor,2004,90.7207794189453
jor,2005,91.0151672363281
jor,2006,92.587890625
jor,2007,93.0758819580078
jor,2008,93.959098815918
jor,2010,88.5193710327148
jor,2011,86.5984420776367
jor,2012,84.2942886352539
jor,2013,82.6304779052734
jor,2014,82.4455413818359
jpn,1971,86.452522277832
jpn,1972,88.1016006469727
jpn,1973,89.8902130126953
jpn,1974,91.4737014770508
jpn,1975,92.2703475952148
jpn,1976,92.8237609863281
jpn,1977,93.4645233154297
jpn,1978,93.7862319946289
jpn,1979,93.6733932495117
jpn,1980,92.4653778076172
jpn,1981,94.0411987304688
jpn,1982,95.0127487182617
jpn,1983,95.1910781860352
jpn,1984,94.7046508789063
jpn,1985,94.9192733764648
jpn,1986,95.8087310791016
jpn,1987,95.474739074707
jpn,1988,95.3525238037109
jpn,1989,95.4113388061523
jpn,1990,95.6246337890625
jpn,1991,97.6811370849609
jpn,1992,98.3803482055664
jpn,1993,98.1779479980469
jpn,1994,101.043479919434
jpn,1995,100.856689453125
jpn,1996,101.097023010254
jpn,1998,101.004920959473
jpn,1999,101.182807922363
jpn,2000,101.834098815918
jpn,2001,102.530860900879
jpn,2002,102.675346374512
jpn,2003,101.9482421875
jpn,2004,101.245269775391
jpn,2005,100.998527526855
jpn,2006,100.980812072754
jpn,2007,100.419090270996
jpn,2008,100.642967224121
jpn,2009,100.92658996582
jpn,2010,101.609497070313
jpn,2011,101.765426635742
jpn,2012,101.807258605957
jpn,2013,101.919982910156
jpn,2014,101.745613098145
kaz,1981,93.3097534179688
kaz,1986,100.824211120605
kaz,1989,101.086860656738
kaz,1990,100.034812927246
kaz,1991,97.7686614990234
kaz,1992,96.5721817016602
kaz,1993,94.5966110229492
kaz,1994,93.1540908813477
kaz,1997,91.5625076293945
kaz,1998,89.9894409179688
kaz,1999,93.0396881103516
kaz,2000,93.3952484130859
kaz,2006,99.3790435791016
kaz,2010,97.7344970703125
kaz,2011,99.089958190918
kaz,2012,101.294570922852
kaz,2013,101.868766784668
kaz,2014,105.482719421387
kaz,2015,109.108100891113
kaz,2016,112.0078125
ken,1970,16.6433296203613
ken,1971,17.3427104949951
ken,1972,18.3623008728027
ken,1973,18.9684391021729
ken,1974,20.215950012207
ken,1975,21.5653495788574
ken,1976,23.9308300018311
ken,1977,24.4740600585938
ken,1978,26.1864395141602
ken,1979,27.0648994445801
ken,1980,30.0022201538086
ken,1981,29.3219699859619
ken,1982,29.2619590759277
ken,1983,30.520679473877
ken,1984,31.9781799316406
ken,1985,39.6268310546875
ken,1986,39.0782699584961
ken,1987,41.1230201721191
ken,1988,40.4599990844727
ken,1999,38.5206108093262
ken,2000,39.3118286132813
ken,2001,40.356330871582
ken,2002,40.9954490661621
ken,2003,43.1381607055664
ken,2004,47.1885299682617
ken,2005,47.8987998962402
ken,2006,50.0987892150879
ken,2007,52.6734199523926
ken,2008,59.4062118530273
ken,2009,60.4318199157715
kgz,1981,109.958808898926
kgz,1986,109.00244140625
kgz,1989,103.584487915039
kgz,1990,102.249519348145
kgz,1991,100.064376831055
kgz,1992,98.5466766357422
kgz,1993,94.9702911376953
kgz,1994,89.5834884643555
kgz,1995,87.1392517089844
kgz,1996,76.7131195068359
kgz,1999,83.4317092895508
kgz,2000,84.369987487793
kgz,2001,85.417610168457
kgz,2002,84.5576782226563
kgz,2003,89.5751190185547
kgz,2004,88.0242614746094
kgz,2005,86.2731781005859
kgz,2006,86.0732421875
kgz,2007,85.6768798828125
kgz,2009,85.9818420410156
kgz,2010,86.5974731445313
kgz,2011,86.4720764160156
kgz,2012,87.4094314575195
kgz,2013,88.3330993652344
kgz,2014,90.7816696166992
kgz,2015,92.0504684448242
khm,1971,8.38780975341797
khm,1972,9.72243976593018
khm,1991,27.7713394165039
khm,1998,17.9469203948975
khm,1999,16.5457897186279
khm,2000,17.2312793731689
khm,2001,18.8681907653809
khm,2002,22.8493995666504
khm,2003,27.4046897888184
khm,2004,31.2058506011963
khm,2006,39.5919494628906
khm,2007,42.5339393615723
khm,2008,45.0513305664063
kir,1970,11.3109102249146
kir,1971,11.9371204376221
kir,1972,11.9731101989746
kir,1973,12.2285003662109
kir,1974,12.8721303939819
kir,1975,13.053279876709
kir,1977,14.966609954834
kir,1978,18.832950592041
kir,1979,23.5092906951904
kir,1980,27.7241191864014
kir,1981,21.6302394866943
kir,1982,21.4552402496338
kir,1983,21.3379707336426
kir,1984,23.1757698059082
kir,1985,24.7297306060791
kir,1986,26.9298095703125
kir,1987,30.2475109100342
kir,1988,32.3910293579102
kir,1989,36.4561080932617
kir,1990,37.3507499694824
kir,1991,36.5575790405273
kir,1992,39.1852493286133
kir,1994,39.9546318054199
kir,1995,39.943790435791
kir,1996,43.8706398010254
kir,1998,47.1089210510254
kir,1999,58.2763481140137
kir,2000,63.5483894348145
kir,2001,77.5405883789063
kir,2002,82.513572692871
kir,2003,88.4086074829102
kir,2004,88.9545974731445
kir,2005,89.0417327880859
kir,2006,87.9679565429688
kir,2007,88.1139678955078
kir,2008,87.1360931396484
kna,1984,66.0055313110352
kna,1985,69.1775207519531
kna,1986,69.8219909667969
kna,1987,71.9632568359375
kna,1988,76.793098449707
kna,1989,77.8230285644531
kna,1992,83.4630737304688
kna,1993,83.6723098754883
kna,2000,105.207412719727
kna,2001,95.3303985595703
kna,2002,91.9739685058594
kna,2003,88.3379974365234
kna,2004,84.5354080200195
kna,2005,86.9536437988281
kna,2007,104.651702880859
kna,2008,102.185028076172
kna,2009,98.6143188476563
kna,2010,97.5107498168945
kna,2011,94.481086730957
kna,2012,78.8028335571289
kna,2013,101.203796386719
kna,2014,91.5183181762695
kna,2015,90.3914566040039
kor,1971,39.7084197998047
kor,1972,43.2925491333008
kor,1973,46.5686683654785
kor,1974,50.5368499755859
kor,1975,54.3863410949707
kor,1976,58.6931686401367
kor,1977,62.9692115783691
kor,1978,66.6191101074219
kor,1979,70.8603668212891
kor,1980,76.8452606201172
kor,1981,81.8404998779297
kor,1982,82.5221710205078
kor,1983,84.3036727905273
kor,1984,88.6758575439453
kor,1985,90.5755767822266
kor,1986,92.0470733642578
kor,1987,93.8544998168945
kor,1988,92.1574478149414
kor,1989,92.4900512695313
kor,1990,92.6181411743164
kor,1991,92.3205032348633
kor,1992,92.414192199707
kor,1993,94.9582977294922
kor,1994,99.0284729003906
kor,1995,101.255981445313
kor,1996,103.633056640625
kor,1997,102.135482788086
kor,1998,100.003273010254
kor,1999,99.0712432861328
kor,2000,98.3932495117188
kor,2001,95.1871871948242
kor,2002,91.8668365478516
kor,2003,90.0078582763672
kor,2004,90.4031066894531
kor,2005,93.2203674316406
kor,2006,97.3012466430664
kor,2007,99.4052200317383
kor,2008,99.1841125488281
kor,2009,98.3680572509766
kor,2010,96.0797882080078
kor,2011,95.7359313964844
kor,2012,96.1991806030273
kor,2013,97.7302932739258
kor,2014,98.4532318115234
kor,2015,98.8820877075195
kwt,1971,63.1931610107422
kwt,1972,61.3621292114258
kwt,1973,59.3353500366211
kwt,1974,57.9024200439453
kwt,1975,58.0200881958008
kwt,1976,60.0489387512207
kwt,1977,70.1291809082031
kwt,1978,73.5871887207031
kwt,1979,76.3195037841797
kwt,1980,78.8075637817383
kwt,1981,81.0894393920898
kwt,1982,82.5618515014648
kwt,1983,84.5132369995117
kwt,1984,86.3217086791992
kwt,1985,87.5041732788085
kwt,1986,87.8248825073242
kwt,1987,83.1023178100585
kwt,1988,80.5593032836914
kwt,1989,78.6343765258789
kwt,1990,78.0645904541016
kwt,1992,51.4301300048828
kwt,1993,60.7078895568848
kwt,1994,72.9210968017578
kwt,1995,87.5594482421875
kwt,1996,101.571670532227
kwt,1997,101.486938476563
kwt,1998,100.533798217773
kwt,1999,100.075340270996
kwt,2000,98.7247924804688
kwt,2001,98.7534103393555
kwt,2003,102.478080749512
kwt,2004,105.046371459961
kwt,2005,110.459770202637
kwt,2006,104.730850219727
kwt,2007,100.452629089355
kwt,2008,95.4851837158203
kwt,2009,93.3765487670898
kwt,2010,93.5052871704102
kwt,2011,93.3080368041992
kwt,2012,92.5220336914063
kwt,2013,92.5478286743164
kwt,2014,93.6036224365234
kwt,2015,94.9726486206055
lac,1970,25.8031902313232
lac,1971,27.0140800476074
lac,1972,30.1570701599121
lac,1973,32.393798828125
lac,1974,37.8334693908691
lac,1975,39.8489608764648
lac,1976,42.8405990600586
lac,1977,45.4477691650391
lac,1978,46.8191184997559
lac,1979,70.98779296875
lac,1980,71.91552734375
lac,1981,72.6174163818359
lac,1982,73.6016616821289
lac,1983,74.1896820068359
lac,1984,74.9761199951172
lac,1985,52.0821304321289
lac,1986,75.8947677612305
lac,1987,75.9674301147461
lac,1988,76.0392608642578
lac,1989,76.0570602416992
lac,1990,75.9587631225586
lac,1991,75.9338531494141
lac,1992,76.5415267944336
lac,1993,76.9434814453125
lac,1994,77.5886383056641
lac,1995,78.5969009399414
lac,1996,80.0022888183594
lac,1997,80.7188186645508
lac,1998,82.5822067260742
lac,1999,83.6228103637695
lac,2000,85.2047882080078
lac,2001,85.9375534057617
lac,2002,87.1634902954102
lac,2003,84.908821105957
lac,2004,86.1564712524414
lac,2005,86.52197265625
lac,2006,86.4775466918945
lac,2007,86.2169189453125
lac,2008,87.5530319213867
lac,2009,88.402702331543
lac,2010,89.7498016357422
lac,2011,89.2155914306641
lac,2012,89.6500473022461
lac,2013,93.4190826416016
lac,2014,94.0217208862305
lao,1971,3.70328998565674
lao,1972,4.24324989318848
lao,1973,4.77909994125366
lao,1977,11.561840057373
lao,1978,14.9541902542114
lao,1979,17.6632308959961
lao,1980,18.4359607696533
lao,1981,19.6231803894043
lao,1984,20.9493598937988
lao,1985,21.3453807830811
lao,1986,21.1889495849609
lao,1988,23.9856605529785
lao,1990,23.2434005737305
lao,1992,20.2820091247559
lao,1993,22.0510692596436
lao,1994,23.9222202301025
lao,1995,24.5784397125244
lao,1996,24.8199100494385
lao,1997,26.7647705078125
lao,1998,29.091480255127
lao,1999,32.1345291137695
lao,2000,34.2149200439453
lao,2001,36.0671081542969
lao,2002,38.7756195068359
lao,2003,41.4804496765137
lao,2004,43.2405090332031
lao,2005,43.5884895324707
lao,2006,42.6912498474121
lao,2007,43.0133514404297
lao,2008,43.5935592651367
lao,2009,44.7047500610352
lao,2010,46.1240196228027
lao,2011,44.8979415893555
lao,2012,47.8338088989258
lao,2013,51.7379608154297
lao,2014,57.235969543457
lao,2015,61.6972389221191
lbn,1971,42.2882308959961
lbn,1973,42.4170112609863
lbn,1978,59.4405899047852
lbn,1980,62.7873497009277
lbn,1981,67.3732833862305
lbn,1982,68.626579284668
lbn,1985,65.0780715942383
lbn,1992,68.8962783813477
lbn,1994,70.3116073608398
lbn,1995,74.658821105957
lbn,1996,77.4839630126953
lbn,1997,80.0144500732422
lbn,1998,89.8107986450195
lbn,1999,90.2867431640625
lbn,2000,92.7490310668945
lbn,2001,89.4156112670898
lbn,2002,89.2191467285156
lbn,2003,87.7015228271484
lbn,2004,84.5082321166992
lbn,2005,80.4894714355469
lbn,2006,77.2925872802734
lbn,2007,76.455322265625
lbn,2008,76.1764297485352
lbn,2009,77.3838195800781
lbn,2010,75.3047790527344
lbn,2011,76.1327667236328
lbn,2012,71.0396728515625
lbn,2013,68.2002716064453
lbn,2014,61.6670913696289
lbn,2015,61.2057495117188
lbr,1970,9.36293983459473
lbr,1971,10.193039894104
lbr,1972,11.9099397659302
lbr,1975,16.4565696716309
lbr,1976,14.5721302032471
lbr,1978,20.9460697174072
lbr,1979,22.8035297393799
lbr,1980,22.6243991851807
lbr,1999,31.497859954834
lbr,2000,35.2045516967773
lbr,2011,45.1567916870117
lbr,2014,37.8734817504883
lbr,2015,37.2998008728027
lby,1971,21.0435009002686
lby,1972,23.4427795410156
lby,1973,28.9402008056641
lby,1974,36.6224212646484
lby,1975,42.2109298706055
lby,1976,51.2765007019042
lby,1977,58.3711395263672
lby,1978,62.0342292785645
lby,1979,67.0675888061523
lby,1980,69.5933303833008
lby,1981,67.9932632446289
lby,1983,69.260398864746
lby,1986,71.6781616210938
lby,2002,108.267471313477
lby,2003,104.94660949707
lby,2005,94.8552322387695
lby,2006,101.563491821289
lca,1972,27.7585506439208
lca,1973,28.1902198791504
lca,1974,30.3382205963135
lca,1975,32.4383697509766
lca,1976,31.3505306243896
lca,1977,30.3933391571045
lca,1978,29.727970123291
lca,1980,31.2970008850098
lca,1981,27.0571899414063
lca,1982,30.4021301269531
lca,1983,31.5302696228027
lca,1984,31.7901401519775
lca,1985,37.996208190918
lca,1986,41.6671714782715
lca,1987,42.8955917358398
lca,1990,49.3766212463379
lca,1991,53.348030090332
lca,1992,61.9508018493652
lca,1993,68.7969207763672
lca,1997,74.0859832763672
lca,1999,71.1873626708984
lca,2000,73.9844131469727
lca,2001,74.2394180297852
lca,2002,73.6376800537109
lca,2003,74.603630065918
lca,2004,73.7402725219727
lca,2005,77.763801574707
lca,2006,82.3095016479492
lca,2007,88.0427780151367
lca,2008,93.7148895263672
lca,2009,95.4548110961914
lca,2010,95.2089385986328
lca,2011,94.6398315429688
lca,2012,91.1065673828125
lca,2013,88.3851089477539
lca,2014,86.4571990966797
lca,2015,85.142707824707
lcn,1970,27.4471492767334
lcn,1971,28.6621894836426
lcn,1972,31.8001708984375
lcn,1973,34.0153694152832
lcn,1974,39.2134017944336
lcn,1975,41.0741882324219
lcn,1976,43.8981781005859
lcn,1977,46.4111213684082
lcn,1978,47.8019104003906
lcn,1979,70.8554611206055
lcn,1980,71.7483291625977
lcn,1981,72.4442291259766
lcn,1982,73.1637268066406
lcn,1983,74.1092987060547
lcn,1984,74.9626998901367
lcn,1985,53.1674499511719
lcn,1986,76.007682800293
lcn,1987,76.1405334472656
lcn,1988,76.2806015014648
lcn,1989,76.260612487793
lcn,1990,76.1074676513672
lcn,1991,76.5390777587891
lcn,1992,77.1191177368164
lcn,1993,77.0417404174805
lcn,1994,77.6789169311523
lcn,1995,78.6774826049805
lcn,1996,80.0674819946289
lcn,1997,80.7853469848633
lcn,1998,82.6054992675781
lcn,1999,83.6732330322266
lcn,2000,85.3131637573242
lcn,2001,86.0826187133789
lcn,2002,87.3313064575195
lcn,2003,85.2488021850586
lcn,2004,86.4842071533203
lcn,2005,86.8664703369141
lcn,2006,86.8373107910156
lcn,2007,86.5289001464844
lcn,2008,87.7789535522461
lcn,2009,88.5381774902344
lcn,2010,89.833251953125
lcn,2011,89.280647277832
lcn,2012,89.6584777832031
lcn,2013,93.5160980224609
lcn,2014,94.0967483520508
ldc,1970,13.4068403244019
ldc,1971,13.3880596160889
ldc,1972,13.6389999389648
ldc,1973,13.9504299163818
ldc,1974,13.8725500106812
ldc,1975,14.0579099655151
ldc,1976,14.0956401824951
ldc,1977,14.4003801345825
ldc,1978,14.8608503341675
ldc,1979,15.5277996063232
ldc,1980,16.488260269165
ldc,1981,16.381290435791
ldc,1982,17.1886005401611
ldc,1983,17.9814300537109
ldc,1984,18.3899002075195
ldc,1985,18.2779197692871
ldc,1986,18.2177906036377
ldc,1987,18.411979675293
ldc,1988,18.5626697540283
ldc,1989,18.5944900512695
ldc,1990,18.1846408843994
ldc,1991,19.1622009277344
ldc,1992,19.9514408111572
ldc,1993,20.7025203704834
ldc,1994,21.7312507629395
ldc,1995,23.0460605621338
ldc,1996,23.9123992919922
ldc,1997,24.686580657959
ldc,1998,25.8552398681641
ldc,1999,26.8101997375488
ldc,2000,27.8594398498535
ldc,2001,28.9514999389648
ldc,2002,30.2632293701172
ldc,2003,30.8993892669678
ldc,2004,31.374210357666
ldc,2005,32.0882987976074
ldc,2006,33.4517707824707
ldc,2007,34.5182418823242
ldc,2008,35.8239517211914
ldc,2009,37.6839981079102
ldc,2010,39.2140197753906
ldc,2011,40.1676902770996
ldc,2012,41.3637084960938
ldc,2013,42.5431785583496
ldc,2014,42.9303512573242
lic,1970,13.2520799636841
lic,1971,13.7773103713989
lic,1972,14.1742897033691
lic,1973,14.437629699707
lic,1974,14.3392896652222
lic,1975,14.613169670105
lic,1976,14.7846002578735
lic,1977,15.5435304641724
lic,1978,16.5224094390869
lic,1979,17.7302894592285
lic,1980,18.8675003051758
lic,1981,19.6996402740479
lic,1982,20.6568508148193
lic,1983,21.3834896087646
lic,1984,21.7463703155518
lic,1985,21.6505107879639
lic,1986,21.3455200195313
lic,1987,21.0623798370361
lic,1988,20.983959197998
lic,1989,20.4446296691895
lic,1990,19.7736301422119
lic,1991,19.6467609405518
lic,1992,19.2000999450684
lic,1993,19.1115207672119
lic,1994,19.5912494659424
lic,1995,20.4226093292236
lic,1996,20.7660007476807
lic,1997,20.8514499664307
lic,1998,21.6772193908691
lic,1999,22.0035095214844
lic,2000,22.596019744873
lic,2001,23.6846599578857
lic,2002,24.8612804412842
lic,2003,25.6007995605469
lic,2004,27.0400905609131
lic,2005,28.5438003540039
lic,2006,30.3471298217773
lic,2007,31.5323390960693
lic,2008,33.7037887573242
lic,2009,35.0434608459473
lic,2010,36.7265701293945
lic,2011,38.0223197937012
lic,2012,39.0049591064453
lic,2013,39.1112899780273
lic,2014,39.255931854248
lic,2015,39.3088493347167
lie,2003,111.66381072998
lie,2004,110.761421203613
lie,2006,107.011070251465
lie,2007,106.342277526855
lie,2008,107.566116333008
lie,2009,105.68448638916
lie,2010,108.879280090332
lie,2011,111.456573486328
lie,2012,110.373863220215
lie,2014,115.557830810547
lie,2015,116.123443603516
lka,1970,45.8947982788086
lka,1971,48.2625007629395
lka,1972,52.0445899963379
lka,1973,52.0559997558594
lka,1974,50.769100189209
lka,1976,47.8458786010742
lka,1980,53.5734596252441
lka,1981,54.3516387939453
lka,1982,55.0299186706542
lka,1983,57.1247291564941
lka,1984,59.3857612609863
lka,1985,61.1250991821289
lka,1986,63.6367111206055
lka,1987,68.2577896118164
lka,1988,69.7307891845703
lka,1989,71.001091003418
lka,1990,71.9604110717773
lka,1991,71.6743087768555
lka,1992,73.3887329101563
lka,1993,74.7077026367188
lka,1994,76.5514678955078
lka,1995,76.472068786621
lka,2010,96.9323577880859
lka,2011,99.1195831298828
lka,2012,99.6474380493164
lka,2013,99.724510192871
lmc,1970,27.3608894348145
lmc,1971,27.4000301361083
lmc,1972,27.7965393066406
lmc,1973,28.1570301055908
lmc,1974,28.3615798950195
lmc,1975,28.7426795959473
lmc,1976,28.9867401123047
lmc,1977,29.5209808349609
lmc,1978,30.0540103912354
lmc,1979,30.8362007141113
lmc,1980,31.8494701385498
lmc,1981,32.6408500671387
lmc,1982,33.8969116210938
lmc,1983,35.6597785949707
lmc,1984,36.6761016845703
lmc,1985,37.7355117797852
lmc,1986,38.5768394470215
lmc,1987,39.1571884155273
lmc,1988,39.2859802246094
lmc,1989,39.2364807128906
lmc,1990,40.2079200744629
lmc,1991,41.4468688964844
lmc,1992,42.6885185241699
lmc,1993,43.8482208251953
lmc,1994,44.4777488708496
lmc,1995,44.8660507202148
lmc,1996,45.2114181518555
lmc,1997,46.1819686889648
lmc,1998,45.918529510498
lmc,1999,45.57080078125
lmc,2000,46.8436584472656
lmc,2001,47.4155387878417
lmc,2002,48.8723907470703
lmc,2003,50.7841911315917
lmc,2004,52.087760925293
lmc,2005,53.0847511291504
lmc,2006,54.0888214111328
lmc,2007,56.0180702209473
lmc,2008,57.6102714538574
lmc,2009,58.1545906066895
lmc,2010,60.5613594055176
lmc,2011,62.764778137207
lmc,2012,64.8192520141602
lmc,2013,65.7060317993164
lmc,2014,67.8562088012695
lmc,2015,68.3248291015625
lmy,1970,31.610330581665
lmy,1971,33.6142997741699
lmy,1972,35.6539993286133
lmy,1973,37.2331809997559
lmy,1974,37.2957611083984
lmy,1975,37.8941192626953
lmy,1976,39.8875312805176
lmy,1977,41.459228515625
lmy,1978,41.7040901184082
lmy,1979,43.373119354248
lmy,1980,42.086009979248
lmy,1981,41.2785491943359
lmy,1982,40.2555999755859
lmy,1983,40.2512817382813
lmy,1984,40.6473388671875
lmy,1985,39.3728408813477
lmy,1986,42.6414489746094
lmy,1987,43.5980606079102
lmy,1988,44.1642417907715
lmy,1989,44.2947807312012
lmy,1990,44.8408012390137
lmy,1991,46.0326614379883
lmy,1992,47.4431991577148
lmy,1993,48.7460098266602
lmy,1994,49.5797882080078
lmy,1995,50.7877197265625
lmy,1996,52.040470123291
lmy,1997,53.1507301330566
lmy,1998,53.6665191650391
lmy,1999,53.9019012451172
lmy,2000,54.7462196350098
lmy,2001,55.2154083251953
lmy,2002,56.1737594604492
lmy,2003,57.2210807800293
lmy,2004,58.2805404663086
lmy,2005,59.1263809204102
lmy,2006,60.2981185913086
lmy,2007,62.073860168457
lmy,2008,63.8784408569336
lmy,2009,64.9372787475586
lmy,2010,67.0498199462891
lmy,2011,68.8129272460938
lmy,2012,70.1740417480469
lmy,2013,71.3023681640625
lmy,2014,71.0858688354492
lso,1970,10.9428195953369
lso,1971,7.29362010955811
lso,1972,8.10268020629883
lso,1973,10.9095802307129
lso,1975,12.3449897766113
lso,1976,13.0379695892334
lso,1977,13.5509004592896
lso,1978,13.5880298614502
lso,1979,15.8376703262329
lso,1980,16.6796398162842
lso,1981,18.1718902587891
lso,1982,18.6902694702148
lso,1983,20.5306396484375
lso,1984,21.1412906646729
lso,1985,21.6004104614258
lso,1986,22.3956909179688
lso,1987,24.17041015625
lso,1988,25.1572608947754
lso,1989,25.3434200286865
lso,1990,25.2908992767333
lso,1991,24.8428897857666
lso,1992,26.3474807739258
lso,1993,27.4649505615234
lso,1994,30.0062999725342
lso,1995,31.6592407226563
lso,1996,31.430549621582
lso,1997,32.699161529541
lso,1998,32.2666397094727
lso,1999,32.4924087524414
lso,2000,32.4483985900879
lso,2001,34.3153305053711
lso,2002,35.3216514587402
lso,2003,35.88330078125
lso,2004,37.9475593566895
lso,2005,39.5876007080078
lso,2006,39.8398513793945
lso,2007,41.8392486572266
lso,2008,43.798641204834
lso,2009,46.871711730957
lso,2010,50.4023818969727
lso,2011,52.0194511413574
lso,2012,53.2792892456055
lso,2013,51.7281608581542
lso,2014,52.1712112426758
lso,2015,53.772159576416
ltu,1986,106.369636535645
ltu,1989,97.4687271118164
ltu,1990,94.9434127807617
ltu,1991,91.874267578125
ltu,1992,88.7487106323242
ltu,1993,84.2692413330078
ltu,1994,82.736961364746
ltu,1995,84.1199264526367
ltu,1996,87.5757217407227
ltu,1997,90.2183990478516
ltu,1998,92.0233993530273
ltu,1999,95.3019866943359
ltu,2000,98.0920562744141
ltu,2001,100.819488525391
ltu,2002,104.654541015625
ltu,2003,107.391899108887
ltu,2004,104.722557067871
ltu,2005,104.166862487793
ltu,2006,102.499649047852
ltu,2007,101.681838989258
ltu,2008,101.061912536621
ltu,2009,100.459136962891
ltu,2010,100.963989257813
ltu,2011,101.127838134766
ltu,2012,101.478462219238
ltu,2013,105.411827087402
ltu,2014,106.821830749512
ltu,2015,108.259651184082
lux,1971,47.3623504638672
lux,1972,47.2577209472656
lux,1973,47.6755409240723
lux,1974,48.1035194396973
lux,1975,58.31494140625
lux,1976,59.6906394958496
lux,1977,60.7657585144042
lux,1978,62.3390083312988
lux,1979,62.6093902587891
lux,1980,63.1349296569824
lux,1981,71.842658996582
lux,1982,73.4158477783203
lux,1983,74.811668395996
lux,1984,75.8380432128906
lux,1986,76.3548736572266
lux,1987,76.1675796508789
lux,1988,70.8446197509766
lux,1992,68.9304580688477
lux,1993,72.2110900878906
lux,1994,75.4294967651367
lux,1995,82.8705520629883
lux,1996,88.0494689941406
lux,1997,90.0888519287109
lux,1998,90.6413421630859
lux,1999,97.3880462646484
lux,2000,97.0613327026367
lux,2001,97.2311401367188
lux,2002,96.2504196166992
lux,2003,96.1023101806641
lux,2004,95.458610534668
lux,2005,95.3651885986328
lux,2006,95.9080505371094
lux,2007,96.7242965698242
lux,2008,97.5192108154297
lux,2010,101.346168518066
lux,2011,101.017730712891
lux,2012,100.226570129395
lux,2013,102.415588378906
lux,2014,102.26245880127
lva,1981,100.733909606934
lva,1982,102.32396697998
lva,1983,103.358940124512
lva,1984,103.888313293457
lva,1985,104.152709960938
lva,1986,103.306503295898
lva,1987,101.911102294922
lva,1988,99.7103729248047
lva,1989,97.7808380126953
lva,1990,95.1936416625977
lva,1991,92.3633270263672
lva,1992,90.2995681762695
lva,1993,89.1127166748047
lva,1994,89.4351119995117
lva,1995,89.0314407348633
lva,1996,87.0658721923828
lva,1997,85.5492401123047
lva,1998,87.2101211547852
lva,1999,88.3106002807617
lva,2000,91.0911178588867
lva,2001,93.3992080688477
lva,2002,96.2077789306641
lva,2003,97.8864212036133
lva,2004,101.124313354492
lva,2005,104.045280456543
lva,2006,104.215278625488
lva,2007,105.813827514648
lva,2008,105.537689208984
lva,2009,98.1160736083984
lva,2010,98.34375
lva,2011,98.6637420654297
lva,2012,98.7889099121094
lva,2013,110.481376647949
lva,2014,115.359802246094
lva,2015,119.492446899414
mac,1971,21.5733203887939
mac,1972,20.4605007171631
mac,1973,22.1091804504395
mac,1974,23.6214694976807
mac,1975,21.9525699615479
mac,1976,28.7558994293213
mac,1977,37.9644393920898
mac,1978,37.9345207214355
mac,1979,47.4470901489258
mac,1990,60.8881301879883
mac,1992,67.6432800292969
mac,1993,70.7620162963867
mac,1999,79.4072875976563
mac,2000,82.7375717163085
mac,2001,86.2333908081055
mac,2002,91.2262802124023
mac,2003,96.6265029907227
mac,2004,102.800498962402
mac,2005,105.182388305664
mac,2006,107.222427368164
mac,2007,102.972862243652
mac,2008,94.2217330932617
mac,2009,92.262939453125
mac,2010,93.7917175292969
mac,2011,96.8064117431641
mac,2012,96.4264526367188
mac,2013,95.9467086791992
mac,2014,96.0649719238281
mac,2015,96.4791870117188
mar,1971,11.2640600204468
mar,1972,11.3704299926758
mar,1973,11.7370300292969
mar,1974,12.2228298187256
mar,1975,13.1402196884155
mar,1976,15.2447299957275
mar,1977,16.1593704223633
mar,1978,17.5806694030762
mar,1979,19.2974891662598
mar,1980,20.7340202331543
mar,1981,22.3125591278076
mar,1982,24.6213092803955
mar,1983,26.6114101409912
mar,1984,28.491340637207
mar,1985,30.4782390594482
mar,1986,33.3177795410156
mar,1987,35.3867492675781
mar,1988,37.2891693115234
mar,1989,36.9148101806641
mar,1990,37.1628189086914
mar,1991,35.523250579834
mar,1992,36.2271995544434
mar,1993,36.7490501403809
mar,1994,37.8060417175292
mar,1995,37.9645004272461
mar,1996,37.9527816772461
mar,1997,37.963981628418
mar,1998,36.4863510131836
mar,1999,36.8129005432129
mar,2000,38.4492301940917
mar,2001,40.2054214477539
mar,2002,42.5495185852051
mar,2003,44.7501602172852
mar,2004,48.0540809631348
mar,2005,49.8387489318848
mar,2006,52.5993118286133
mar,2007,55.5792694091797
mar,2008,57.6738014221191
mar,2009,60.4444618225098
mar,2010,62.692138671875
mar,2011,65.7499237060547
mar,2012,69.0629501342773
mda,1990,94.0150985717773
mda,1991,90.4451370239258
mda,1992,87.1762313842773
mda,1993,84.6668395996094
mda,1994,83.7118530273438
mda,1995,81.7842864990234
mda,1996,80.322509765625
mda,1997,79.8044204711914
mda,1999,82.9105834960938
mda,2000,81.591423034668
mda,2001,81.46826171875
mda,2002,83.4444122314453
mda,2003,85.0727462768555
mda,2004,86.8843383789063
mda,2005,88.0625228881835
mda,2006,89.3221206665039
mda,2007,88.5539093017578
mda,2008,88.2347564697266
mda,2009,88.5966415405273
mda,2010,87.9811325073242
mda,2011,87.719367980957
mda,2012,88.1958694458008
mda,2013,88.336051940918
mda,2014,87.3207626342773
mda,2015,86.1081237792969
mdg,1971,11.1093702316284
mdg,1972,10.9066896438599
mdg,1974,11.1475496292114
mdg,1979,13.2468900680541
mdg,1980,17.0687999725342
mdg,1984,34.0744781494141
mdg,1988,20.4846591949463
mdg,1989,18.6798801422119
mdg,1990,18.2677097320557
mdg,2005,21.1482791900635
mdg,2006,23.8917293548583
mdg,2007,26.4783096313477
mdg,2008,29.0421905517578
mdg,2009,30.3851203918457
mdg,2011,36.5952415466309
mdg,2012,38.0275917053223
mdg,2014,38.434928894043
mdv,1970,1.95854997634888
mdv,1971,1.88151001930237
mdv,1980,3.74553990364075
mdv,1981,4.43013000488281
mdv,1982,6.61666011810303
mdv,1983,9.48546028137207
mdv,1994,50.4049491882324
mdv,1995,52.8845291137695
mdv,1996,56.0156898498535
mdv,1997,64.8119277954102
mdv,1998,34.1794013977051
mdv,1999,39.8882217407227
mdv,2000,51.273509979248
mdv,2001,61.4207611083984
mdv,2002,62.1904602050781
mdv,2003,69.4280700683594
mdv,2004,69.8193969726563
mea,1970,26.2393798828125
mea,1971,26.1668701171875
mea,1972,28.7007007598877
mea,1973,30.0516300201416
mea,1974,31.496789932251
mea,1975,33.7131309509277
mea,1976,35.9116706848145
mea,1977,38.1707000732422
mea,1978,40.148120880127
mea,1979,41.4819412231445
mea,1980,42.557861328125
mea,1981,43.3810615539551
mea,1982,44.8319282531738
mea,1983,45.8975601196289
mea,1984,47.087100982666
mea,1985,48.4554214477539
mea,1986,50.5642318725586
mea,1987,51.9823989868164
mea,1988,52.7342109680176
mea,1989,53.9256896972656
mea,1990,56.7476997375488
mea,1991,57.1303291320801
mea,1992,56.9592781066895
mea,1993,58.6278991699219
mea,1994,61.4006996154785
mea,1995,61.9530296325684
mea,1996,62.3139686584473
mea,1997,63.9157218933105
mea,1998,65.5797500610352
mea,1999,67.256591796875
mea,2000,68.4755935668945
mea,2001,69.4692306518555
mea,2002,70.2991104125977
mea,2003,71.3300476074219
mea,2004,72.5403137207031
mea,2005,72.5532836914063
mea,2006,73.0104217529297
mea,2007,72.0263977050781
mea,2008,73.2738723754883
mea,2009,74.7019424438477
mea,2010,75.7031326293945
mea,2011,79.2240524291992
mea,2012,80.3443374633789
mea,2013,78.4495620727539
mea,2014,79.4149322509766
mex,1971,21.1459102630615
mex,1972,22.8312492370605
mex,1973,25.5461406707764
mex,1974,28.2480697631836
mex,1975,30.6573104858398
mex,1976,34.2835807800292
mex,1977,37.1969184875488
mex,1978,38.8679695129395
mex,1979,42.1930885314941
mex,1980,44.8879013061523
mex,1981,48.2910003662109
mex,1982,52.6202011108398
mex,1983,54.5186882019042
mex,1984,55.7645492553711
mex,1985,55.185791015625
mex,1986,55.4243011474609
mex,1987,54.8602905273438
mex,1988,54.2858505249023
mex,1989,53.784309387207
mex,1990,52.6773681640625
mex,1991,51.836799621582
mex,1992,52.017448425293
mex,1993,52.825008392334
mex,1994,54.4586982727051
mex,1995,56.8006401062012
mex,1996,59.4004402160645
mex,1997,61.8412818908691
mex,1998,65.4121704101563
mex,1999,67.4789428710938
mex,2000,69.9110870361328
mex,2001,71.4640426635742
mex,2002,73.8174896240234
mex,2003,77.3006286621094
mex,2004,78.5518112182617
mex,2005,79.23291015625
mex,2006,80.9089431762695
mex,2007,81.8157119750977
mex,2008,83.2581329345703
mex,2009,82.5707168579102
mex,2010,83.1858901977539
mex,2011,83.5226287841797
mex,2012,85.0917587280273
mex,2013,87.0373764038085
mex,2014,90.549690246582
mhl,1999,67.7624816894531
mhl,2002,73.0062103271484
mhl,2003,71.2560119628906
mhl,2004,77.6155090332031
mhl,2005,75.6834487915039
mhl,2006,83.9824829101563
mhl,2007,93.1148071289063
mhl,2008,100.714286804199
mhl,2009,102.892562866211
mhl,2015,76.6118774414063
mic,1970,33.032299041748
mic,1971,35.1797981262207
mic,1972,37.4017715454102
mic,1973,39.0986595153809
mic,1974,39.1694107055664
mic,1975,39.7927513122559
mic,1976,41.9234313964844
mic,1977,43.4485015869141
mic,1978,43.5490913391113
mic,1979,45.2466316223145
mic,1980,43.7837600708008
mic,1981,42.8363609313965
mic,1982,41.6455307006836
mic,1983,41.59130859375
mic,1984,42.0170516967773
mic,1985,40.6681289672852
mic,1986,44.2252082824707
mic,1987,45.2952194213867
mic,1988,45.9401206970215
mic,1989,46.1633110046387
mic,1990,46.852611541748
mic,1991,48.2062492370605
mic,1992,49.8252105712891
mic,1993,51.3009490966797
mic,1994,52.2304801940917
mic,1995,53.5269393920898
mic,1996,54.9128189086914
mic,1997,56.1138000488281
mic,1998,56.6569595336914
mic,1999,56.9025497436523
mic,2000,57.7764282226563
mic,2001,58.2192306518555
mic,2002,59.1711311340332
mic,2003,60.2797203063965
mic,2004,61.3795394897461
mic,2005,62.2333908081055
mic,2006,63.4234313964844
mic,2007,65.3685302734375
mic,2008,67.2485733032227
mic,2009,68.395751953125
mic,2010,70.7366485595703
mic,2011,72.7770462036133
mic,2012,74.4469833374023
mic,2013,76.1731262207031
mic,2014,77.6374893188477
mic,2015,77.7596588134766
mkd,1993,75.1660385131835
mkd,1994,75.5863189697266
mkd,1995,76.8425903320313
mkd,1996,77.9855499267578
mkd,1997,78.910789489746
mkd,1998,80.2051162719727
mkd,1999,81.3928604125977
mkd,2000,82.8673400878906
mkd,2001,83.4944305419922
mkd,2002,83.1518325805664
mkd,2003,84.2503433227539
mkd,2004,84.3949890136719
mkd,2005,84.8842163085938
mkd,2007,84.7135467529297
mkd,2008,83.8580322265625
mkd,2009,82.9997024536133
mkd,2010,83.5029602050781
mkd,2012,82.0343170166016
mkd,2013,79.7165222167969
mkd,2014,78.5790481567383
mkd,2015,79.2940979003906
mli,1971,4.47285985946655
mli,1972,4.60008001327515
mli,1973,5.02142000198364
mli,1974,5.40518999099731
mli,1975,6.07819986343384
mli,1976,6.74159002304077
mli,1977,7.46583986282349
mli,1978,8.393630027771
mli,1979,9.09714984893799
mli,1980,8.95829963684082
mli,1981,7.09951019287109
mli,1982,8.23717975616455
mli,1983,7.47635984420776
mli,1984,7.56391000747681
mli,1985,6.80735015869141
mli,1987,6.09734010696411
mli,1988,6.2182297706604
mli,1989,6.864990234375
mli,1990,6.77525997161865
mli,1991,7.20157003402709
mli,1992,8.23243999481201
mli,1993,8.3353099822998
mli,1994,9.51846027374268
mli,1995,10.6646203994751
mli,1996,11.1976900100708
mli,1997,12.1909399032593
mli,1998,13.2583999633789
mli,1999,14.9772996902466
mli,2000,17.297119140625
mli,2003,21.909969329834
mli,2004,23.7490196228027
mli,2005,25.5525207519531
mli,2006,27.3869705200195
mli,2007,29.9359798431396
mli,2008,33.3058013916016
mli,2009,36.1991195678711
mli,2010,38.7725791931152
mli,2011,40.6842308044434
mli,2013,41.2895889282227
mli,2014,43.5111503601074
mli,2015,41.3074798583984
mlt,1971,53.8699417114258
mlt,1972,63.7088203430176
mlt,1973,65.1986083984375
mlt,1974,66.428367614746
mlt,1975,74.2362594604492
mlt,1976,75.5120086669922
mlt,1977,71.561912536621
mlt,1978,69.7160415649414
mlt,1979,67.7267303466797
mlt,1980,71.3129806518555
mlt,1981,68.69140625
mlt,1982,75.097038269043
mlt,1983,78.7524185180664
mlt,1984,81.150016784668
mlt,1985,80.2410202026367
mlt,1986,77.9170913696289
mlt,1987,76.191780090332
mlt,1988,76.8180465698242
mlt,1989,78.7292785644531
mlt,1990,81.2334136962891
mlt,1991,81.568000793457
mlt,1992,85.0340270996094
mlt,1993,84.8796234130859
mlt,1994,85.1460266113281
mlt,1995,86.2682723999023
mlt,1996,85.1078262329102
mlt,1997,86.565086364746
mlt,1998,87.6535263061523
mlt,1999,87.6368713378906
mlt,2000,89.7474822998047
mlt,2001,90.592041015625
mlt,2002,91.1941604614258
mlt,2003,93.4519424438477
mlt,2004,104.991493225098
mlt,2005,102.484931945801
mlt,2006,98.6134719848633
mlt,2007,100.203010559082
mlt,2008,100.135200500488
mlt,2010,103.987350463867
mlt,2011,93.3601837158203
mlt,2012,93.854881286621
mlt,2013,93.8434982299805
mlt,2014,94.2566680908203
mlt,2015,94.8015975952148
mmr,1971,20.1484508514404
mmr,1972,20.5916805267333
mmr,1973,21.3479099273682
mmr,1976,21.2957096099854
mmr,1977,19.9582691192627
mmr,1978,19.4303798675537
mmr,1979,20.4803504943848
mmr,1980,20.5028896331787
mmr,1981,21.4082202911377
mmr,1982,22.878719329834
mmr,1983,23.5702209472656
mmr,1984,23.3717002868652
mmr,1985,23.078950881958
mmr,1986,23.1946392059326
mmr,1987,23.9350299835205
mmr,1988,23.7160491943359
mmr,1989,24.6902008056641
mmr,1990,19.2989292144775
mmr,1991,21.3291797637939
mmr,1992,23.0591297149658
mmr,1993,23.2133903503418
mmr,1994,24.3042602539063
mmr,1995,27.4706802368164
mmr,1999,32.5080795288086
mmr,2000,36.3030815124512
mmr,2001,37.3916702270508
mmr,2002,39.2249488830566
mmr,2003,39.983081817627
mmr,2004,43.2043914794922
mmr,2005,44.3096809387207
mmr,2006,46.2938995361328
mmr,2007,46.2593116760254
mmr,2008,48.5845603942871
mmr,2009,47.965030670166
mmr,2010,48.1415710449219
mmr,2014,51.2960891723633
mna,1970,25.0282592773438
mna,1971,24.977710723877
mna,1972,27.7061405181885
mna,1973,29.1795101165771
mna,1974,30.7348403930664
mna,1975,33.1114311218262
mna,1976,35.4501190185547
mna,1977,37.8198013305664
mna,1978,39.9148902893066
mna,1979,41.304328918457
mna,1980,42.2997398376465
mna,1981,43.0208587646484
mna,1982,44.4089012145996
mna,1983,45.3558006286621
mna,1984,46.4756393432617
mna,1985,47.7873992919922
mna,1986,49.9640312194824
mna,1987,51.4286193847656
mna,1988,52.1184692382813
mna,1989,53.2646217346191
mna,1990,56.2267303466797
mna,1991,56.5653686523438
mna,1992,56.3177299499512
mna,1993,57.8801803588867
mna,1994,60.6519203186035
mna,1995,61.0054702758789
mna,1996,61.2016105651855
mna,1997,62.7797508239746
mna,1998,64.412239074707
mna,1999,66.041259765625
mna,2000,67.1780700683594
mna,2001,68.1031112670898
mna,2002,68.833381652832
mna,2003,69.7980575561523
mna,2004,70.9205703735352
mna,2005,70.7323684692383
mna,2006,71.0688629150391
mna,2007,69.9171524047852
mna,2008,70.9321670532227
mna,2009,72.5374526977539
mna,2010,73.3513717651367
mna,2011,76.9768524169922
mna,2012,78.0715713500977
mna,2013,75.5985565185547
mna,2014,76.3391799926758
mne,2003,92.9264526367188
mne,2004,93.401481628418
mne,2005,94.4544830322266
mne,2006,95.5581436157227
mne,2007,96.6789474487305
mne,2008,96.7655792236328
mne,2009,98.7134704589844
mne,2010,100.724853515625
mne,2011,92.4580001831055
mne,2012,91.3880920410156
mne,2015,90.3422317504883
mng,1971,64.0310592651367
mng,1972,64.9855117797852
mng,1973,73.3115310668945
mng,1974,74.2863388061523
mng,1975,76.18115234375
mng,1976,76.4187164306641
mng,1979,81.1701583862305
mng,1980,83.418327331543
mng,1981,85.3004989624023
mng,1983,84.6688919067383
mng,1986,87.5226211547852
mng,1990,88.7091598510742
mng,1991,84.6356201171875
mng,1992,76.9515533447266
mng,1993,67.3137969970703
mng,1994,66.0578002929688
mng,1995,62.6955108642578
mng,1996,63.4088897705078
mng,1997,61.0432510375977
mng,1998,61.8941688537598
mng,1999,61.1235389709473
mng,2000,65.1185302734375
mng,2001,71.6678085327148
mng,2002,75.9817276000977
mng,2003,82.7904434204102
mng,2004,87.8221893310547
mng,2005,90.290153503418
mng,2006,89.8729705810547
mng,2009,97.6740188598633
mng,2010,91.5925521850585
mng,2015,91.4623336791992
moz,1971,2.93594002723694
moz,1972,3.08148002624512
moz,1973,3.55320000648499
moz,1977,2.62978005409241
moz,1978,3.14083003997803
moz,1979,4.16766023635864
moz,1980,5.48441982269287
moz,1981,5.2298002243042
moz,1982,7.38650989532471
moz,1983,8.19032001495361
moz,1985,7.24485015869141
moz,1986,7.32305002212524
moz,1987,5.6563401222229
moz,1990,7.04563999176025
moz,1991,7.01678991317749
moz,1992,6.71902990341187
moz,1993,6.73865985870361
moz,1994,6.80672979354858
moz,1995,7.2744197845459
moz,1999,5.13231992721558
moz,2000,6.03520011901855
moz,2001,6.81867980957031
moz,2002,8.44511985778809
moz,2004,10.7663202285767
moz,2005,13.0960597991943
moz,2006,15.2495203018188
moz,2007,17.7801990509033
moz,2008,19.8082103729248
moz,2009,22.3239593505859
moz,2010,24.1660194396973
moz,2011,24.8808403015137
moz,2012,24.4109306335449
moz,2013,32.6720581054688
moz,2014,32.0876312255859
moz,2015,32.4318084716797
mrt,1972,2.57645010948181
mrt,1981,10.2198696136475
mrt,1986,14.4293298721313
mrt,1987,14.8310203552246
mrt,1988,14.9713096618652
mrt,1989,14.4919300079346
mrt,1990,13.4224004745483
mrt,1991,13.1470899581909
mrt,1992,13.5531301498413
mrt,1993,14.2672395706177
mrt,1994,14.7839097976685
mrt,1995,15.3898801803589
mrt,1996,15.8174104690552
mrt,1997,15.6408996582031
mrt,1998,16.4567699432373
mrt,1999,17.4426898956299
mrt,2000,18.0380001068115
mrt,2001,20.4873695373535
mrt,2002,20.4640197753906
mrt,2003,21.3431396484375
mrt,2004,21.8873195648193
mrt,2005,22.2522792816162
mrt,2006,23.1445598602295
mrt,2008,18.8246593475342
mrt,2009,20.1314601898193
mrt,2010,20.3284797668457
mrt,2011,22.3833103179932
mrt,2012,26.6236705780029
mrt,2013,29.3672294616699
mrt,2014,29.9353199005127
mrt,2015,30.5981101989746
mus,1971,32.114818572998
mus,1972,34.6437911987305
mus,1973,35.9256782531738
mus,1974,37.3399887084961
mus,1975,37.6129989624023
mus,1976,39.8041496276855
mus,1977,46.5918884277344
mus,1978,48.4679489135742
mus,1979,50.2896499633789
mus,1980,50.0448989868164
mus,1981,48.1525192260742
mus,1982,46.9051208496094
mus,1983,46.9809303283691
mus,1984,45.383659362793
mus,1985,44.4550018310547
mus,1986,44.0585899353027
mus,1987,45.5949897766113
mus,1988,48.106128692627
mus,1989,51.4526100158691
mus,1990,52.4091415405273
mus,1992,58.2124290466309
mus,1996,66.7566680908203
mus,1997,68.3711776733398
mus,1998,72.1139678955078
mus,1999,74.981086730957
mus,2000,76.8169326782227
mus,2001,78.6657333374023
mus,2002,81.0256729125977
mus,2003,84.5930404663085
mus,2004,85.91015625
mus,2005,88.6555633544922
mus,2006,87.5545806884766
mus,2007,88.4417037963867
mus,2008,88.1301727294922
mus,2009,88.8661804199219
mus,2010,89.2469635009766
mus,2011,90.4111328125
mus,2012,91.8419189453125
mus,2013,94.3422012329102
mus,2014,97.9381637573242
mus,2015,95.696159362793
mwi,1972,10.2595596313477
mwi,1973,10.7525796890259
mwi,1974,10.2166595458984
mwi,1975,11.3508501052856
mwi,1976,11.727840423584
mwi,1977,12.8250503540039
mwi,1978,13.521710395813
mwi,1979,13.707329750061
mwi,1980,15.5344896316528
mwi,1981,15.9928197860718
mwi,1982,16.813060760498
mwi,1983,16.7579402923583
mwi,1984,17.1387195587158
mwi,1985,16.8115997314453
mwi,1986,16.5480804443359
mwi,1987,16.7143306732178
mwi,1988,16.2674808502197
mwi,1989,15.7689695358276
mwi,1990,16.095329284668
mwi,1991,16.5324096679688
mwi,1992,19.0148506164551
mwi,1993,18.0677394866943
mwi,1994,16.0939807891846
mwi,1995,23.6070709228516
mwi,1996,24.6553192138672
mwi,1998,31.8614902496338
mwi,1999,36.0171508789063
mwi,2000,30.2160091400146
mwi,2001,30.9830894470215
mwi,2002,29.8974704742432
mwi,2004,27.4496002197266
mwi,2005,27.2850494384766
mwi,2006,29.1465797424316
mwi,2007,28.8724002838135
mwi,2008,31.2140197753906
mwi,2009,31.8391799926758
mwi,2010,33.0559616088867
mwi,2011,34.187931060791
mwi,2012,34.4493789672852
mwi,2013,37.6006202697754
mwi,2014,39.4920692443848
mwi,2015,43.395191192627
mys,1970,33.8156318664551
mys,1971,35.2201385498047
mys,1972,36.5864295959473
mys,1974,41.8986892700195
mys,1975,44.3528518676758
mys,1976,44.7727890014648
mys,1977,44.028621673584
mys,1978,45.0459785461426
mys,1979,45.8252792358398
mys,1980,45.6434707641602
mys,1981,47.466251373291
mys,1982,47.5938987731934
mys,1983,50.7214584350586
mys,1984,52.9653511047363
mys,1985,53.6891784667969
mys,1986,56.7458381652832
mys,1987,58.6530494689941
mys,1988,57.3182907104492
mys,1989,56.5107917785645
mys,1990,54.6556510925292
mys,1991,55.3684997558594
mys,1992,56.116138458252
mys,1993,55.082950592041
mys,1994,55.1998901367188
mys,1995,55.1717491149902
mys,1996,56.550708770752
mys,1997,57.0553283691406
mys,1998,66.9731903076172
mys,1999,66.3970718383789
mys,2000,66.1592330932617
mys,2001,65.8648071289063
mys,2002,66.0943603515625
mys,2003,71.1599197387695
mys,2004,72.0288619995117
mys,2005,68.7168197631835
mys,2006,67.992332458496
mys,2007,66.2290267944335
mys,2008,66.1358413696289
mys,2009,65.5722427368164
mys,2010,66.8810424804688
mys,2011,66.5112380981445
mys,2012,69.6057281494141
mys,2013,69.7434921264648
mys,2014,77.749656677246
mys,2015,77.5712814331055
nac,1970,85.0127029418945
nac,1971,85.018440246582
nac,1972,85.8846664428711
nac,1973,85.887321472168
nac,1974,85.831916809082
nac,1975,85.8125762939453
nac,1976,85.8759078979492
nac,1977,85.8794097900391
nac,1978,85.5031967163086
nac,1979,79.5278472900391
nac,1980,90.4710693359375
nac,1981,89.3765335083008
nac,1982,92.6781768798828
nac,1983,93.0857620239258
nac,1984,95.180419921875
nac,1985,94.4092178344727
nac,1986,95.4003524780273
nac,1987,95.5709686279297
nac,1988,94.320182800293
nac,1989,93.068962097168
nac,1990,91.8091888427734
nac,1991,91.8475723266602
nac,1992,93.9983367919922
nac,1993,96.2033233642578
nac,1994,97.3156433105469
nac,1995,95.973762512207
nac,1996,95.6955795288086
nac,1997,95.7468490600586
nac,1998,95.7960586547852
nac,1999,94.7807235717773
nac,2000,93.9440689086914
nac,2001,94.6355895996094
nac,2002,94.0226211547852
nac,2003,95.573127746582
nac,2004,96.0165328979492
nac,2005,96.1630706787109
nac,2006,95.9516296386719
nac,2007,96.5866394042969
nac,2008,96.5448913574219
nac,2009,96.0777282714844
nac,2010,95.039306640625
nac,2011,95.4498062133789
nac,2012,96.3360595703125
nac,2013,97.1710433959961
nac,2014,98.6580581665039
nam,1986,36.1362609863281
nam,1987,35.4867897033691
nam,1988,37.0140495300292
nam,1989,37.2521591186523
nam,1990,37.9743118286133
nam,1991,43.2300796508789
nam,1992,48.446891784668
nam,1993,51.8828315734863
nam,1994,55.888111114502
nam,1995,55.535961151123
nam,1996,55.0528106689453
nam,1997,56.0923118591309
nam,1998,55.5367202758789
nam,1999,57.3730087280273
nam,2000,60.1695709228516
nam,2001,64.3974380493164
nam,2002,63.9095687866211
nam,2003,63.6943588256836
nam,2004,63.5796813964844
nam,2005,63.5293197631836
nam,2006,63.6859397888184
nam,2007,64.8425521850585
ner,1971,1.00428998470306
ner,1972,1.12556004524231
ner,1973,1.28082001209259
ner,1974,1.50049996376038
ner,1975,1.615110039711
ner,1976,1.82362997531891
ner,1977,2.26643991470337
ner,1978,2.76570010185242
ner,1979,3.322429895401
ner,1980,3.89819002151489
ner,1981,4.48537015914916
ner,1982,4.97658014297485
ner,1983,4.82788991928101
ner,1984,4.87009000778198
ner,1988,5.54806995391846
ner,1989,6.16719007492065
ner,1990,6.24449014663696
ner,1991,6.73883008956909
ner,1992,6.45739984512329
ner,1993,6.41819000244141
ner,1996,6.52356004714966
ner,1997,6.76793003082275
ner,1998,6.7581901550293
ner,1999,7.03912019729614
ner,2000,6.94789981842041
ner,2001,6.83341979980469
ner,2002,6.86199998855591
ner,2003,7.45998001098633
ner,2004,9.01072978973389
ner,2005,9.9082202911377
ner,2006,11.3075399398804
ner,2007,10.8976497650146
ner,2008,11.2756900787354
ner,2009,11.8469104766846
ner,2010,13.5184497833252
ner,2011,14.3508100509644
ner,2012,15.5687799453735
ner,2013,16.8073806762695
ner,2014,18.8194599151611
ner,2015,20.7498207092285
nga,1970,4.40687990188599
nga,1971,4.75815010070801
nga,1972,5.29666996002197
nga,1973,5.91393995285034
nga,1977,7.60881996154785
nga,1978,8.97871017456055
nga,1979,10.906060218811
nga,1980,13.6018104553223
nga,1981,17.0085601806641
nga,1982,20.9099998474121
nga,1983,25.040470123291
nga,1984,28.6849193572998
nga,1985,29.1735591888428
nga,1986,27.0830307006836
nga,1987,27.0725898742676
nga,1989,24.1320209503174
nga,1990,24.5958194732666
nga,1999,23.4155597686768
nga,2000,24.4599094390869
nga,2001,26.8612003326416
nga,2002,29.4210090637207
nga,2004,34.7520408630371
nga,2005,34.6991195678711
nga,2006,34.1874008178711
nga,2007,31.6138305664063
nga,2008,35.0979614257813
nga,2009,38.9045181274414
nga,2010,43.8367118835449
nga,2011,45.1510887145996
nga,2012,46.7608299255371
nga,2013,55.7042198181152
nic,1970,16.9448299407958
nic,1971,17.4572792053223
nic,1972,18.9714794158936
nic,1973,19.1624908447266
nic,1974,21.1238708496094
nic,1975,23.4686508178711
nic,1976,26.023509979248
nic,1977,30.1665306091309
nic,1978,27.8228302001953
nic,1979,30.5312099456787
nic,1980,37.6297607421875
nic,1982,35.0519485473633
nic,1983,39.1825981140137
nic,1984,34.6206703186035
nic,1985,30.0269908905029
nic,1986,31.1326599121094
nic,1987,33.9072113037109
nic,1988,33.9423904418945
nic,1989,33.4125785827637
nic,1990,37.0642318725586
nic,1991,43.3347702026367
nic,1992,43.5088310241699
nic,1993,44.1589202880859
nic,1994,44.8535385131836
nic,1995,46.4748497009277
nic,1998,47.1004295349121
nic,1999,51.9361381530762
nic,2000,53.1889305114746
nic,2001,56.0911102294922
nic,2002,60.4542388916016
nic,2004,65.4415130615234
nic,2005,68.7969970703125
nic,2006,70.1664962768555
nic,2007,73.9746170043945
nic,2008,73.0168304443359
nic,2010,74.188346862793
nld,1971,75.545310974121
nld,1972,78.6500091552734
nld,1973,80.875602722168
nld,1974,83.6416778564453
nld,1975,85.360969543457
nld,1976,89.1608200073242
nld,1977,90.8964920043945
nld,1978,91.6791687011719
nld,1979,91.0858001708984
nld,1980,91.4086837768555
nld,1981,91.4883117675781
nld,1982,93.0078582763672
nld,1983,95.7083435058594
nld,1984,99.102912902832
nld,1985,99.9876174926758
nld,1986,115.451431274414
nld,1987,117.199226379395
nld,1988,116.973533630371
nld,1989,117.101631164551
nld,1990,118.482559204102
nld,1991,119.996589660645
nld,1992,121.623069763184
nld,1993,123.902862548828
nld,1994,141.560699462891
nld,1995,140.617858886719
nld,1996,138.331985473633
nld,1997,131.53630065918
nld,1998,128.619171142578
nld,1999,124.344230651855
nld,2000,124.154800415039
nld,2001,124.619529724121
nld,2002,122.313148498535
nld,2003,122.210227966309
nld,2004,119.279891967773
nld,2005,119.330368041992
nld,2006,119.494400024414
nld,2007,120.566360473633
nld,2008,121.62638092041
nld,2009,121.773323059082
nld,2010,123.131759643555
nld,2011,129.081497192383
nld,2012,130.175903320313
nld,2013,132.120910644531
nld,2014,132.317108154297
nld,2015,135.47380065918
nor,1971,83.5728607177734
nor,1972,84.575813293457
nor,1973,90.529182434082
nor,1974,89.564338684082
nor,1975,89.3927001953125
nor,1976,88.0201110839844
nor,1977,88.7616119384766
nor,1978,89.5868835449219
nor,1979,92.1296997070313
nor,1980,93.7224426269531
nor,1981,93.9053802490234
nor,1982,94.4475326538085
nor,1983,96.4871978759766
nor,1984,96.1926727294922
nor,1985,97.2000427246094
nor,1986,97.3032836914063
nor,1987,95.8587112426758
nor,1988,95.0857391357422
nor,1989,96.0288162231445
nor,1990,100.998153686523
nor,1991,102.98844909668
nor,1992,105.512939453125
nor,1993,113.08984375
nor,1994,124.794281005859
nor,1995,115.928916931152
nor,1996,115.695297241211
nor,1997,117.481796264648
nor,1998,117.633163452148
nor,1999,119.291526794434
nor,2000,116.086853027344
nor,2001,113.837020874023
nor,2002,112.424011230469
nor,2003,113.54418182373
nor,2004,115.489669799805
nor,2005,113.876167297363
nor,2006,114.040771484375
nor,2007,113.625671386719
nor,2008,112.737602233887
nor,2009,111.694328308105
nor,2010,113.23055267334
nor,2011,112.98291015625
nor,2012,110.720718383789
nor,2013,113.014617919922
nor,2014,112.595001220703
nor,2015,112.989242553711
npl,1972,11.089280128479
npl,1973,12.3141803741455
npl,1974,12.4720602035522
npl,1975,13.3489904403687
npl,1976,12.2036800384521
npl,1977,14.0751895904541
npl,1978,16.5145206451416
npl,1979,19.5586109161377
npl,1980,21.7703399658203
npl,1981,18.7310104370117
npl,1982,21.5965690612793
npl,1983,23.8116703033447
npl,1984,25.2738494873047
npl,1985,26.8421096801758
npl,1986,28.3767795562744
npl,1987,29.6979598999023
npl,1988,30.5774192810059
npl,1989,32.1771011352539
npl,1990,33.283130645752
npl,1991,35.1763000488281
npl,1992,37.7257385253906
npl,1993,38.9776802062988
npl,1994,39.3040504455566
npl,1995,41.165771484375
npl,1996,44.3001289367676
npl,1999,34.517650604248
npl,2000,36.0210189819336
npl,2001,39.2689018249512
npl,2002,43.8852310180664
npl,2003,45.1618309020996
npl,2005,48.7493782043457
npl,2006,45.8995513916016
npl,2007,45.5957794189453
npl,2008,51.8669586181641
npl,2009,52.8033485412598
npl,2010,58.7936210632324
npl,2011,61.1798400878906
npl,2012,64.6816864013672
npl,2013,65.9423065185547
npl,2014,66.8689498901367
npl,2015,67.1698532104492
npl,2016,69.5714721679688
nru,2000,47.1174392700195
nru,2001,44.6629219055176
nru,2002,42.9213485717773
nru,2003,48.7160110473633
nru,2004,38.9570617675781
nru,2005,47.2440910339355
nru,2006,63.6221694946289
nru,2007,53.5353507995605
nru,2008,62.8659515380859
nru,2012,79.2785186767578
nru,2014,82.6366577148438
nzl,1970,76.8268890380859
nzl,1971,77.519187927246
nzl,1972,78.3736190795898
nzl,1973,78.8560180664063
nzl,1974,79.118797302246
nzl,1975,80.7324371337891
nzl,1976,82.5206832885742
nzl,1977,82.0345001220703
nzl,1979,81.5682907104492
nzl,1980,81.1804428100585
nzl,1981,81.8490371704102
nzl,1982,82.5236129760742
nzl,1983,84.9671173095703
nzl,1984,84.757469177246
nzl,1985,83.7359619140625
nzl,1986,83.8264389038085
nzl,1987,84.2456283569335
nzl,1988,85.767463684082
nzl,1989,86.8974761962891
nzl,1990,88.6515884399414
nzl,1991,91.844482421875
nzl,1992,94.3070220947266
nzl,1993,101.986442565918
nzl,1994,109.487533569336
nzl,1995,113.436470031738
nzl,1996,115.584281921387
nzl,1997,114.709739685059
nzl,1998,112.463401794434
nzl,1999,111.155181884766
nzl,2000,110.645477294922
nzl,2001,111.603012084961
nzl,2002,115.966293334961
nzl,2003,118.660606384277
nzl,2004,116.471557617188
nzl,2005,120.103271484375
nzl,2006,118.213958740234
nzl,2007,119.041481018066
nzl,2008,116.738922119141
nzl,2009,124.333549499512
nzl,2010,118.951629638672
nzl,2011,119.209838867188
nzl,2012,118.57006072998
nzl,2013,117.223487854004
nzl,2014,117.490020751953
nzl,2015,116.591590881348
oed,1970,71.996711730957
oed,1971,71.9172821044922
oed,1972,72.9958114624023
oed,1973,74.1982803344727
oed,1974,75.4378433227539
oed,1975,76.1484832763672
oed,1976,77.1186904907227
oed,1977,78.1790237426758
oed,1978,78.7385787963867
oed,1979,78.0052337646484
oed,1980,81.2985305786133
oed,1981,81.710578918457
oed,1982,83.1436996459961
oed,1983,83.691032409668
oed,1984,84.5436477661133
oed,1985,84.7238616943359
oed,1986,85.8024673461914
oed,1987,86.1423721313477
oed,1988,85.8722991943359
oed,1989,85.7955322265625
oed,1990,85.5108108520508
oed,1991,86.4525909423828
oed,1992,87.811408996582
oed,1993,90.4576034545898
oed,1994,92.7254486083984
oed,1995,93.2152633666992
oed,1996,93.6436920166016
oed,1997,93.7947235107422
oed,1998,93.5209884643555
oed,1999,94.154182434082
oed,2000,94.8239669799805
oed,2001,96.2017135620117
oed,2002,96.9190521240234
oed,2003,97.998420715332
oed,2004,96.9915466308594
oed,2005,97.563606262207
oed,2006,97.5005035400391
oed,2007,97.8160934448242
oed,2008,97.9972991943359
oed,2009,96.9935836791992
oed,2010,97.5742874145508
oed,2011,97.7712936401367
oed,2012,97.9409790039063
oed,2013,102.919563293457
oed,2014,103.943069458008
omn,1971,0.0
omn,1972,0.0
omn,1973,0.18673999607563
omn,1974,0.387939989566803
omn,1975,0.642769992351531
omn,1976,1.17588996887207
omn,1977,2.11748003959656
omn,1978,4.46692991256714
omn,1979,6.50185012817383
omn,1980,8.78094959259033
omn,1981,11.8311595916748
omn,1982,14.396559715271
omn,1983,18.396520614624
omn,1984,21.2558097839355
omn,1985,25.1237201690674
omn,1986,27.6090106964111
omn,1987,30.4954299926758
omn,1988,33.395450592041
omn,1989,37.0994415283203
omn,1990,42.1564712524414
omn,1991,46.7916984558105
omn,1992,51.5953216552734
omn,1993,56.9383506774902
omn,1994,62.2078094482422
omn,1995,65.3936233520508
omn,1996,68.2776489257813
omn,1997,68.4031600952148
omn,1998,71.0627670288085
omn,1999,74.7395095825195
omn,2000,79.4073333740234
omn,2001,83.2175827026367
omn,2002,85.4129028320313
omn,2003,86.9108734130859
omn,2005,88.5339813232422
omn,2006,88.3992309570313
omn,2007,91.0924987792969
omn,2008,94.9884033203125
omn,2009,101.110527038574
omn,2011,101.88939666748
omn,2012,99.6489791870117
omn,2013,97.8823318481445
omn,2015,104.233268737793
pak,1971,16.6674098968506
pak,1972,16.6013107299805
pak,1973,17.0295906066895
pak,1974,17.2569599151611
pak,1975,18.1079597473145
pak,1976,17.9611492156982
pak,1977,17.9916896820068
pak,1978,17.9493408203125
pak,1979,16.5054092407227
pak,1980,16.955099105835
pak,1981,16.981689453125
pak,1982,17.1311893463135
pak,1983,17.9498596191406
pak,1984,18.7339401245117
pak,1985,19.5765800476074
pak,1986,19.7985000610352
pak,1987,20.2008895874023
pak,1988,20.5324592590332
pak,1989,21.303279876709
pak,1990,21.9833602905273
pak,1991,25.2447299957275
pak,1992,28.3193702697754
pak,2003,22.8585891723633
pak,2004,25.2729797363281
pak,2005,26.5000591278076
pak,2006,32.2429504394531
pak,2007,34.7094802856445
pak,2008,35.1726188659667
pak,2009,35.2636604309082
pak,2010,35.848461151123
pak,2011,36.7116012573242
pak,2012,38.2846603393555
pak,2013,39.8273582458496
pak,2014,41.6382598876953
pak,2015,44.5258712768555
pan,1970,37.4968910217285
pan,1971,40.0960006713867
pan,1972,44.1630401611328
pan,1973,48.4080085754395
pan,1974,51.5430183410645
pan,1975,54.0663108825684
pan,1976,56.9193687438965
pan,1977,59.3318481445313
pan,1978,61.5746917724609
pan,1979,62.2555084228516
pan,1980,61.1488418579102
pan,1981,60.8092384338379
pan,1982,59.7786598205566
pan,1983,59.1088218688965
pan,1984,59.6700286865234
pan,1985,59.3905715942383
pan,1986,59.225528717041
pan,1987,59.0839004516602
pan,1988,58.4232711791992
pan,1989,57.5740509033203
pan,1990,58.9231605529785
pan,1991,59.1199111938477
pan,1992,59.5239791870117
pan,1993,60.6692390441895
pan,1994,60.8895416259766
pan,1995,62.6285400390625
pan,1996,63.5082397460938
pan,1999,64.3833465576172
pan,2000,64.8470611572266
pan,2001,66.964500427246
pan,2002,68.2846221923828
pan,2004,67.9556579589844
pan,2005,68.217430114746
pan,2006,67.9933624267578
pan,2007,68.2369995117188
pan,2008,69.0572814941406
pan,2009,70.1822204589844
pan,2010,71.3477172851563
pan,2011,70.8569107055664
pan,2012,85.640510559082
pan,2013,75.4985122680664
pan,2014,75.5586013793945
per,1970,35.7675514221191
per,1971,37.7333297729492
per,1972,39.9269599914551
per,1973,41.8663902282715
per,1974,43.1629600524902
per,1975,45.3320999145508
per,1976,47.9627418518066
per,1977,50.6240501403809
per,1978,55.5568809509277
per,1979,56.8137092590332
per,1980,57.7666282653809
per,1981,57.6365509033203
per,1982,57.5241317749023
per,1983,59.6796607971191
per,1984,61.0308303833008
per,1985,62.4128913879395
per,1986,63.4095916748047
per,1987,64.4160232543945
per,1988,65.3413162231445
per,1989,66.8537063598633
per,1990,67.0895919799805
per,1991,66.3281707763672
per,1992,65.0668411254883
per,1993,64.9126205444335
per,1994,68.7441177368164
per,1995,69.6036529541016
per,1996,71.9076614379883
per,1997,72.6066589355469
per,1998,81.0057220458984
per,1999,82.3837890625
per,2000,84.6955795288085
per,2001,87.5547180175781
per,2002,88.6447219848633
per,2003,81.4019393920898
per,2004,84.5791015625
per,2005,85.4473190307617
per,2006,88.0708618164063
per,2007,90.5189590454102
per,2008,91.0475692749023
per,2009,93.401237487793
per,2010,94.7000274658203
per,2011,95.20703125
per,2012,93.431053161621
per,2013,97.8976669311523
per,2014,95.6218414306641
per,2015,95.7445220947266
phl,1971,47.5049095153809
phl,1972,48.840648651123
phl,1973,49.7939910888672
phl,1974,50.7879600524902
phl,1975,53.4054908752441
phl,1976,56.4218902587891
phl,1977,60.2567405700684
phl,1978,63.2738609313965
phl,1979,64.7132873535156
phl,1980,65.4883193969727
phl,1981,64.2872695922852
phl,1982,63.1442184448242
phl,1983,65.1315536499023
phl,1984,66.0998229980469
phl,1985,67.152473449707
phl,1986,63.6433601379395
phl,1987,66.4132766723633
phl,1988,66.4484329223633
phl,1989,69.5146179199219
phl,1990,71.9857177734375
phl,1991,71.5142974853516
phl,1992,72.9188690185547
phl,1993,74.8711471557617
phl,1994,75.9807891845703
phl,1995,77.2983322143555
phl,1996,76.2951507568359
phl,1997,76.020408630371
phl,1998,74.6789779663085
phl,1999,74.3534088134766
phl,2001,74.6826934814453
phl,2002,79.1337585449219
phl,2003,81.215087890625
phl,2004,83.2618103027344
phl,2005,82.8460693359375
phl,2006,81.2367935180664
phl,2007,81.2447891235352
phl,2008,82.0219268798828
phl,2009,84.2525405883789
phl,2013,88.3889236450195
plw,2003,103.227272033691
plw,2004,98.7831420898438
plw,2005,98.6335372924805
plw,2006,100.726982116699
plw,2007,95.737190246582
plw,2013,115.469612121582
plw,2014,113.597732543945
plw,2016,95.747703552246
png,1970,7.39995002746582
png,1971,7.82089996337891
png,1972,9.00611972808838
png,1973,9.68830013275146
png,1974,10.0705299377441
png,1975,11.3380699157715
png,1976,11.5417499542236
png,1977,11.3212099075317
png,1978,10.9354000091553
png,1979,11.1424198150635
png,1981,11.5037899017334
png,1982,11.3447504043579
png,1984,11.5299396514893
png,1986,10.8863801956177
png,1987,11.3076496124268
png,1988,11.2482099533081
png,1989,11.1475601196289
png,1990,10.6830596923828
png,1991,10.9906101226807
png,1992,11.0539302825928
png,1993,12.2093696594238
png,1994,12.9198503494263
png,1995,12.0340700149536
png,1998,19.3453197479248
png,2012,40.346321105957
pol,1971,72.6074981689453
pol,1972,73.5593719482422
pol,1973,73.677360534668
pol,1974,74.2572479248047
pol,1975,75.3800811767578
pol,1976,76.0205383300781
pol,1977,77.465202331543
pol,1978,78.9552536010742
pol,1979,80.2178497314453
pol,1980,81.2655563354492
pol,1981,82.5586013793945
pol,1982,81.7971496582031
pol,1983,80.7072982788085
pol,1984,81.4884033203125
pol,1985,83.2582931518555
pol,1986,84.1089935302734
pol,1987,85.4479827880859
pol,1988,87.053466796875
pol,1989,87.7983703613281
pol,1990,88.8867721557617
pol,1991,88.4887771606445
pol,1992,88.504768371582
pol,1993,95.7298278808594
pol,1994,96.4653930664063
pol,1995,93.8649063110352
pol,1996,93.6682586669922
pol,1997,96.8639373779297
pol,1998,97.283836364746
pol,1999,98.5149230957031
pol,2000,99.246467590332
pol,2001,100.38069152832
pol,2002,102.367523193359
pol,2003,104.193733215332
pol,2004,96.2513427734375
pol,2005,98.4779434204102
pol,2006,97.9391937255859
pol,2007,97.6943511962891
pol,2008,97.1802215576172
pol,2009,96.6772994995117
pol,2010,96.7339401245117
pol,2011,96.9882278442383
pol,2012,97.44140625
pol,2013,108.702621459961
pol,2014,108.104682922363
pri,2009,85.2310333251953
pri,2010,82.9757614135742
pri,2011,78.318992614746
pri,2012,79.3627395629883
pri,2013,80.803596496582
pri,2014,81.288818359375
prk,2009,102.055442810059
prk,2015,93.3960876464844
prt,1971,37.5350112915039
prt,1972,40.1727905273438
prt,1973,43.5602989196777
prt,1974,46.7167091369629
prt,1975,50.9688606262207
prt,1976,56.0846710205078
prt,1977,57.2315483093262
prt,1978,58.647289276123
prt,1979,51.145450592041
prt,1980,53.8621711730957
prt,1986,58.0657386779785
prt,1987,65.7398223876953
prt,1988,57.7435913085938
prt,1989,58.6361389160156
prt,1990,60.1902198791504
prt,1991,67.6543273925781
prt,1992,78.0236511230469
prt,1993,94.0911483764648
prt,1994,100.358070373535
prt,1995,103.375450134277
prt,1996,106.319633483887
prt,1998,105.98201751709
prt,1999,103.656799316406
prt,2000,104.840591430664
prt,2001,105.880813598633
prt,2002,107.401329040527
prt,2003,106.556777954102
prt,2004,95.1440582275391
prt,2005,98.0207824707031
prt,2006,98.5806121826172
prt,2007,102.078819274902
prt,2008,103.834838867188
prt,2009,106.071563720703
prt,2010,106.947952270508
prt,2011,106.816780090332
prt,2012,108.95246887207
prt,2013,119.739730834961
prt,2014,116.395401000977
prt,2015,119.135192871094
pry,1970,15.7305297851563
pry,1971,16.0427207946777
pry,1972,16.9181995391846
pry,1973,17.6814804077148
pry,1974,18.5534000396729
pry,1975,19.0946407318115
pry,1976,20.2311706542969
pry,1977,22.3089199066162
pry,1978,23.8624000549316
pry,1979,25.375
pry,1980,26.6743297576904
pry,1981,27.6798496246338
pry,1982,29.3239402770996
pry,1983,30.1675300598145
pry,1984,31.1241798400879
pry,1985,30.8285694122314
pry,1986,30.4874305725098
pry,1987,30.0965194702148
pry,1988,30.2670001983643
pry,1989,30.1858692169189
pry,1990,31.0095806121826
pry,1991,31.1098003387451
pry,1992,34.3078918457031
pry,1993,36.8490982055664
pry,1994,38.5556297302246
pry,1995,41.3586502075195
pry,1996,43.9523582458496
pry,1997,47.6312599182129
pry,1998,52.009391784668
pry,1999,58.7380294799805
pry,2000,62.1095809936523
pry,2001,66.2298202514648
pry,2002,68.0774612426758
pry,2003,65.9301681518555
pry,2004,67.0840072631835
pry,2005,66.9193115234375
pry,2006,66.3551483154297
pry,2007,66.2410430908203
pry,2008,67.1824569702148
pry,2009,67.4897537231445
pry,2010,68.3235473632813
pry,2011,70.3903198242188
pry,2012,76.5734786987305
pse,1995,68.4079971313477
pse,1996,70.6281814575195
pse,1997,72.926170349121
pse,1999,76.293586730957
pse,2000,78.2968063354492
pse,2001,80.0991592407227
pse,2002,82.1716079711914
pse,2003,84.7935409545898
pse,2004,88.5054626464844
pse,2005,89.6348876953125
pse,2006,90.8078765869141
pse,2007,90.3061599731445
pse,2008,88.7745666503906
pse,2009,87.5614624023438
pse,2010,85.6314163208008
pse,2011,83.870719909668
pse,2012,83.0920333862305
pse,2013,82.5386199951172
pse,2014,82.2404479980469
pse,2015,82.9962310791016
qat,1971,34.9253692626953
qat,1972,37.4014892578125
qat,1973,41.0113105773926
qat,1974,43.008228302002
qat,1975,45.651668548584
qat,1976,57.3983612060547
qat,1977,55.1663513183594
qat,1978,58.9787101745605
qat,1979,64.8044967651367
qat,1980,70.0658721923828
qat,1981,74.3210983276367
qat,1982,75.4861373901367
qat,1983,79.273826599121
qat,1984,77.412353515625
qat,1985,82.8292770385742
qat,1986,86.3118515014648
qat,1987,76.176902770996
qat,1988,76.6643905639648
qat,1989,77.6031188964844
qat,1990,80.0563812255859
qat,1991,81.4598770141602
qat,1992,80.6949310302734
qat,1993,88.750602722168
qat,1994,90.8867797851563
qat,1995,92.6149215698242
qat,1996,91.7375793457031
qat,1998,87.7543411254883
qat,1999,88.1589126586914
qat,2000,91.3932723999023
qat,2001,88.2858581542969
qat,2002,91.4860305786133
qat,2003,97.6200790405273
qat,2004,100.914627075195
qat,2005,99.0998229980469
qat,2006,93.9825134277344
qat,2007,84.0566177368164
qat,2008,87.8601303100585
qat,2009,91.6693115234375
qat,2010,101.146118164063
qat,2014,83.8015975952148
qat,2015,91.172492980957
rou,1971,70.2373123168945
rou,1972,70.1973571777344
rou,1973,73.0597763061523
rou,1974,74.2260131835938
rou,1989,97.3350067138672
rou,1990,98.6847763061523
rou,1991,88.5301208496094
rou,1992,82.0023193359375
rou,1993,77.7559204101563
rou,1994,74.9810104370117
rou,1995,73.648078918457
rou,1996,74.3504104614258
rou,1997,75.507926940918
rou,1998,76.6110000610352
rou,1999,78.4170303344727
rou,2000,79.2694702148438
rou,2001,80.5028762817383
rou,2002,82.3555603027344
rou,2003,82.7493591308594
rou,2004,82.7507400512695
rou,2005,83.7156295776367
rou,2006,85.0638275146484
rou,2007,89.2293014526367
rou,2008,95.3510894775391
rou,2009,97.9438323974609
rou,2010,100.238693237305
rou,2011,100.419639587402
rou,2012,99.3621368408203
rou,2013,97.8878173828125
rou,2014,94.7750778198242
rou,2015,92.2522125244141
rus,1971,92.8588562011719
rus,1976,96.276237487793
rus,1981,97.9616622924805
rus,1986,100.018096923828
rus,1987,100.216758728027
rus,1988,99.9735565185547
rus,1989,98.5849609375
rus,1990,97.6081085205078
rus,1991,96.1240234375
rus,1992,94.205810546875
rus,1993,91.9903869628906
rus,1994,90.690071105957
rus,1995,91.0644073486328
rus,1996,91.4075164794922
rus,1997,91.2494201660156
rus,1998,92.0470504760742
rus,1999,92.3774795532227
rus,2003,91.527961730957
rus,2004,85.3422088623047
rus,2005,82.9429016113281
rus,2006,82.7454986572266
rus,2007,83.043098449707
rus,2008,83.2717590332031
rus,2009,84.9572296142578
rus,2011,92.0477981567383
rus,2012,96.1664505004883
rus,2013,98.8253173828125
rus,2014,100.586227416992
rus,2015,104.483131408691
rwa,1971,2.53379988670349
rwa,1976,3.22906994819641
rwa,1977,3.49984002113342
rwa,1978,3.77069997787476
rwa,1979,3.97480010986328
rwa,1980,9.52818965911865
rwa,1981,12.6045503616333
rwa,1982,13.3614301681519
rwa,1983,14.6557998657227
rwa,1984,15.0959396362305
rwa,1985,16.2688407897949
rwa,1986,16.2171001434326
rwa,1987,16.1697196960449
rwa,1988,15.9704504013062
rwa,1989,16.6706790924072
rwa,1990,16.257360458374
rwa,1991,16.2522792816162
rwa,1992,15.7000703811646
rwa,1999,9.33335018157958
rwa,2000,10.6570901870728
rwa,2001,10.8465299606323
rwa,2002,11.5630502700806
rwa,2003,12.8532695770264
rwa,2004,14.513090133667
rwa,2005,15.9865703582764
rwa,2006,18.0597496032715
rwa,2007,20.6621398925781
rwa,2008,22.6698093414307
rwa,2009,27.2079296112061
rwa,2010,32.7618598937988
rwa,2011,36.3349418640137
rwa,2012,38.3910713195801
rwa,2013,40.1597900390625
rwa,2014,39.1157684326172
rwa,2015,36.6869697570801
sas,1970,23.1688995361328
sas,1971,23.2172508239746
sas,1972,23.5845203399658
sas,1973,23.9944000244141
sas,1974,24.1449508666992
sas,1975,24.3435096740723
sas,1976,24.2894191741943
sas,1977,24.7387294769287
sas,1978,25.0508193969727
sas,1979,25.8138408660889
sas,1980,26.9300994873047
sas,1981,27.8487300872803
sas,1982,29.1497192382813
sas,1983,30.9896202087402
sas,1984,32.2446403503418
sas,1985,33.1491012573242
sas,1986,33.9865684509277
sas,1987,33.9289703369141
sas,1988,34.0346298217773
sas,1989,34.2268714904785
sas,1990,35.8747215270996
sas,1991,38.0861282348633
sas,1992,40.2754516601563
sas,1993,42.0813484191895
sas,1994,42.6521682739258
sas,1995,42.6657104492188
sas,1996,42.8747406005859
sas,1997,43.459041595459
sas,1998,42.5337181091309
sas,1999,41.635929107666
sas,2000,43.0622291564941
sas,2001,43.3289184570313
sas,2002,44.8567810058594
sas,2003,46.6566886901855
sas,2004,47.9608917236328
sas,2005,49.9256591796875
sas,2006,51.4135818481445
sas,2007,53.5425682067871
sas,2008,55.955249786377
sas,2009,55.8892707824707
sas,2010,58.9243392944336
sas,2011,61.4980812072754
sas,2012,64.0870895385742
sas,2013,64.5729675292969
sas,2014,64.7934265136719
sau,1979,27.2924709320068
sau,2005,86.1668701171875
sau,2007,90.3536529541016
sau,2009,95.677131652832
sau,2013,107.682876586914
sau,2014,108.287879943848
sdn,2001,33.3824310302734
sdn,2002,33.3549003601074
sdn,2003,34.644718170166
sdn,2004,37.7845191955566
sdn,2005,37.5253410339355
sdn,2006,35.7197113037109
sdn,2007,35.0192794799805
sdn,2008,37.0252494812012
sdn,2009,40.9225692749023
sdn,2010,41.180591583252
sdn,2011,36.5056915283203
sdn,2012,40.2119216918945
sdn,2013,42.6984596252441
sen,1971,9.37158012390137
sen,1972,10.0348596572876
sen,1978,11.2145900726318
sen,1979,10.6361703872681
sen,1980,10.8183097839355
sen,1981,11.3939895629883
sen,1982,12.0257701873779
sen,1983,12.3131704330444
sen,1984,12.2408199310303
sen,1985,12.5563497543335
sen,1986,13.4920701980591
sen,1987,13.6635103225708
sen,1988,13.9642896652222
sen,1989,14.8531398773193
sen,1990,15.1707696914673
sen,1992,15.4874897003174
sen,1996,14.7237997055054
sen,1997,14.5393104553223
sen,1998,14.4763202667236
sen,1999,15.2873201370239
sen,2000,15.8472995758057
sen,2001,16.0786800384521
sen,2002,17.3968105316162
sen,2004,20.0019397735596
sen,2005,22.0166893005371
sen,2006,23.7105598449707
sen,2008,29.7436790466309
sen,2010,35.5976982116699
sen,2011,40.0677604675292
sen,2015,49.6467590332031
slb,1970,8.00870037078857
slb,1971,9.67269992828369
slb,1972,10.6846303939819
slb,1973,12.3437004089355
slb,1975,9.91825008392333
slb,1976,12.3152704238892
slb,1977,13.8833103179932
slb,1978,14.7080001831055
slb,1979,15.1304302215576
slb,1980,16.406120300293
slb,1981,19.8429698944092
slb,1982,21.2337207794189
slb,1983,21.3582592010498
slb,1986,18.9075603485107
slb,1990,13.8793802261353
slb,1991,15.3484296798706
slb,1992,15.7760200500488
slb,1993,17.1092700958252
slb,1994,17.9381809234619
slb,1999,25.6463394165039
slb,2000,20.5193901062012
slb,2001,24.5457305908203
slb,2002,31.6612701416016
slb,2005,30.3960494995117
slb,2006,35.0029907226563
slb,2007,35.6903114318848
slb,2010,48.6354713439941
slb,2011,47.8801002502441
slb,2012,48.4367904663086
sle,1971,9.76667022705078
sle,1972,10.4454402923584
sle,1973,11.4362096786499
sle,1974,12.141900062561
sle,1975,12.586950302124
sle,1976,12.9828195571899
sle,1977,13.6419897079468
sle,1978,14.0265102386475
sle,1979,14.6218004226685
sle,1980,14.1718397140503
sle,1981,15.7770500183105
sle,1984,19.8993701934814
sle,1985,20.9953308105469
sle,1986,18.9766101837158
sle,1988,20.9239101409912
sle,1989,17.8445796966553
sle,1990,17.5411396026611
sle,1991,17.206880569458
sle,2001,27.1355895996094
sle,2011,44.3241500854492
sle,2012,49.1665115356445
sle,2013,43.4242897033691
sle,2015,43.2502593994141
slv,1970,20.9278602600098
slv,1971,20.4816608428955
slv,1972,24.0069408416748
slv,1973,23.7697696685791
slv,1974,28.0316104888916
slv,1975,30.1993198394775
slv,1976,32.5732803344727
slv,1977,33.6720390319824
slv,1978,35.6766204833984
slv,1979,37.780158996582
slv,1980,34.1572189331055
slv,1983,36.2424087524414
slv,1984,36.5980110168457
slv,1988,40.0003204345703
slv,1989,39.5223999023438
slv,1991,39.7454681396484
slv,1992,42.2102203369141
slv,1993,45.091381072998
slv,1998,56.0375595092773
slv,1999,56.6089096069336
slv,2000,58.4963417053223
slv,2001,60.1350784301758
slv,2002,63.0610084533691
slv,2003,65.9567108154297
slv,2004,69.2184906005859
slv,2005,68.5339813232422
slv,2006,68.2440185546875
slv,2007,68.3509521484375
slv,2008,68.1611022949219
slv,2009,69.7499694824219
slv,2010,72.0208511352539
slv,2011,74.8348922729492
slv,2012,77.1446685791016
slv,2013,81.2979278564453
slv,2014,81.1161499023438
slv,2015,79.425407409668
smr,2009,95.5685577392578
smr,2010,97.2095031738281
smr,2011,94.947868347168
smr,2012,94.6519927978516
som,1971,3.26490998268127
som,1972,3.70160007476807
som,1973,4.29204988479614
som,1974,4.93529987335205
som,1976,6.23840999603271
som,1977,3.20730996131897
som,1978,2.98182988166809
som,1979,3.83593010902405
som,1980,4.3315601348877
som,1981,12.7377395629883
som,1982,12.3480701446533
som,1983,12.0903396606445
som,1984,12.207989692688
som,1985,11.6306896209717
som,1986,10.9836101531982
som,2007,7.35304021835327
srb,1999,94.1808624267578
srb,2000,91.1882629394531
srb,2001,89.7503128051758
srb,2002,88.7098770141602
srb,2003,88.2943801879883
srb,2004,88.1681365966797
srb,2005,88.5904083251953
srb,2006,88.9565811157227
srb,2007,89.5007400512695
srb,2008,90.4638137817383
srb,2009,91.4844589233398
srb,2010,91.4276275634766
srb,2011,93.6310501098633
srb,2012,94.1696166992188
srb,2013,94.4092102050781
srb,2014,94.3444137573242
srb,2015,96.6696090698242
ssa,1970,13.0739803314209
ssa,1971,13.146430015564
ssa,1972,13.5468702316284
ssa,1973,13.9149103164673
ssa,1974,14.1488399505615
ssa,1975,14.6948099136353
ssa,1976,15.2151298522949
ssa,1977,15.786190032959
ssa,1978,16.613260269165
ssa,1979,17.5326995849609
ssa,1980,18.719669342041
ssa,1981,19.9989395141602
ssa,1982,21.3806896209717
ssa,1983,22.63157081604
ssa,1984,23.694429397583
ssa,1985,24.1572608947754
ssa,1986,23.6999702453613
ssa,1987,23.8718700408936
ssa,1988,23.8152809143066
ssa,1989,23.2191009521484
ssa,1990,23.3473796844482
ssa,1991,23.5397205352783
ssa,1992,23.5344791412354
ssa,1993,23.642599105835
ssa,1994,23.845890045166
ssa,1995,24.3595199584961
ssa,1996,24.5932102203369
ssa,1997,24.9264392852783
ssa,1998,25.4121799468994
ssa,1999,25.7574405670166
ssa,2000,26.323579788208
ssa,2001,27.589599609375
ssa,2002,28.7071094512939
ssa,2003,29.8263301849365
ssa,2004,31.3505706787109
ssa,2005,32.3088607788086
ssa,2006,33.3625984191895
ssa,2007,34.3896903991699
ssa,2008,36.4359893798828
ssa,2009,38.2784118652344
ssa,2010,40.2032318115234
ssa,2011,41.0525894165039
ssa,2012,41.7920112609863
ssa,2013,42.1900405883789
ssa,2014,42.7407188415527
ssd,2011,9.01533031463623
ssd,2015,9.51756000518799
ssf,1970,13.0768995285034
ssf,1971,13.1497898101807
ssf,1972,13.550669670105
ssf,1973,13.9190902709961
ssf,1974,14.1540298461914
ssf,1975,14.6996202468872
ssf,1976,15.2185802459717
ssf,1977,15.7907104492188
ssf,1978,16.6187705993652
ssf,1979,17.5388202667236
ssf,1980,18.7264595031738
ssf,1981,20.0068397521973
ssf,1982,21.3901691436768
ssf,1983,22.6412296295166
ssf,1984,23.7054996490479
ssf,1985,24.1681594848633
ssf,1986,23.7108592987061
ssf,1987,23.8826103210449
ssf,1988,23.8258800506592
ssf,1989,23.2294101715088
ssf,1990,23.3575801849365
ssf,1991,23.549560546875
ssf,1992,23.5442790985107
ssf,1993,23.6520500183105
ssf,1994,23.8552799224854
ssf,1995,24.3681907653809
ssf,1996,24.6018009185791
ssf,1997,24.9341201782227
ssf,1998,25.4190502166748
ssf,1999,25.763500213623
ssf,2000,26.3293399810791
ssf,2001,27.5948104858398
ssf,2002,28.7119197845459
ssf,2003,29.8312892913818
ssf,2004,31.3551406860352
ssf,2005,32.3138084411621
ssf,2006,33.3671913146973
ssf,2007,34.393970489502
ssf,2008,36.4396781921387
ssf,2009,38.2817993164063
ssf,2010,40.206169128418
ssf,2011,41.0554695129395
ssf,2012,41.7950286865234
ssf,2013,42.1923408508301
ssf,2014,42.7429389953613
stp,1971,13.4477500915527
stp,1972,15.189769744873
stp,1976,29.2700691223145
stp,1977,27.5091590881348
stp,1981,24.1532096862793
stp,1982,30.6561107635498
stp,1983,39.1029205322266
stp,1984,40.350658416748
stp,1987,30.0011405944824
stp,1988,35.3980407714844
stp,2003,37.4833488464355
stp,2004,40.1091499328613
stp,2005,43.1704216003417
stp,2007,48.8039093017578
stp,2008,46.1380081176758
stp,2009,52.0747413635254
stp,2010,52.9636993408203
stp,2011,51.4236297607422
stp,2012,59.2291488647461
stp,2013,65.9141998291016
stp,2014,76.898063659668
stp,2015,84.9381866455078
stp,2016,86.1944885253906
sur,1971,36.7795906066895
sur,1972,36.7709503173828
sur,1973,40.718921661377
sur,1974,42.5962295532227
sur,1975,44.9805793762207
sur,1976,45.971851348877
sur,1977,47.4548606872559
sur,1978,49.3513107299805
sur,1979,49.1281204223633
sur,1980,50.9864311218262
sur,1981,34.6780014038086
sur,1982,44.4176788330078
sur,1983,45.6787986755371
sur,1984,47.2154502868652
sur,1985,56.3831901550292
sur,1986,62.622730255127
sur,1987,60.2070808410645
sur,1988,58.9681282043457
sur,1989,58.1637916564941
sur,1990,57.2911109924316
sur,1991,58.9182281494141
sur,1992,63.4882316589355
sur,1993,54.2608184814453
sur,2001,70.7964935302734
sur,2002,70.1772232055664
sur,2005,68.2028579711914
sur,2006,72.1287384033203
sur,2007,74.0848236083984
sur,2008,76.2845077514648
sur,2009,75.0695495605469
sur,2010,79.329490661621
sur,2011,77.4494476318359
sur,2012,78.2933883666992
sur,2013,78.9482498168945
sur,2014,77.4317016601563
sur,2015,81.1426773071289
svk,1993,87.2670364379883
svk,1994,87.6901931762695
svk,1995,89.1266708374023
svk,1996,91.1176681518555
svk,1997,91.5938720703125
svk,1998,84.254280090332
svk,1999,84.7976531982422
svk,2000,85.8776931762695
svk,2001,86.3244094848633
svk,2002,88.2795715332031
svk,2003,90.4693298339844
svk,2004,92.9919815063477
svk,2005,93.7164916992188
svk,2006,93.10498046875
svk,2007,92.6773834228516
svk,2008,92.0393981933594
svk,2009,91.9837799072266
svk,2010,92.6429595947266
svk,2011,93.1305084228516
svk,2012,93.3659210205078
svk,2013,91.8170471191406
svk,2014,91.9221572875977
svk,2015,92.4665374755859
svn,1982,61.4389114379883
svn,1983,71.1175918579102
svn,1984,79.6025924682617
svn,1985,83.8731384277344
svn,1986,84.2525177001953
svn,1987,84.2847137451172
svn,1988,85.2224731445313
svn,1989,85.9716873168945
svn,1990,87.2440872192383
svn,1991,88.0044708251953
svn,1992,88.3008193969727
svn,1993,88.3009414672852
svn,1994,88.4841384887695
svn,1995,89.9899520874023
svn,1996,90.1204071044922
svn,1997,91.7939376831055
svn,1998,92.6980972290039
svn,1999,99.3704528808594
svn,2000,100.932792663574
svn,2001,106.592956542969
svn,2002,107.504753112793
svn,2003,109.022453308105
svn,2004,97.154930114746
svn,2005,97.1232528686523
svn,2006,96.8354721069335
svn,2007,98.2564468383789
svn,2008,98.1013488769531
svn,2009,97.7940368652344
svn,2010,97.8589782714844
svn,2011,97.8459014892578
svn,2012,97.8559494018555
svn,2013,110.947959899902
svn,2014,110.670753479004
swe,1971,85.8515625
swe,1972,76.9471817016602
swe,1973,86.5749130249023
swe,1974,82.3738327026367
swe,1975,82.4629287719727
swe,1976,78.1727294921875
swe,1977,77.8904266357422
swe,1978,80.1998825073242
swe,1979,84.9090423583984
swe,1980,86.3279113769531
swe,1981,87.8982772827148
swe,1982,86.9906921386719
swe,1983,86.7092208862305
swe,1984,86.1608734130859
swe,1985,85.1938629150391
swe,1986,89.6616516113281
swe,1987,88.7597198486328
swe,1988,90.0687026977539
swe,1989,89.7762069702148
swe,1990,89.7153930664063
swe,1991,90.2091522216797
swe,1992,91.6881637573242
swe,1993,120.816848754883
swe,1994,126.803207397461
swe,1995,130.814346313477
swe,1996,135.242401123047
swe,1997,139.221939086914
swe,1998,155.776336669922
swe,1999,156.605773925781
swe,2000,151.907745361328
swe,2001,147.689346313477
swe,2002,143.968795776367
swe,2003,137.063598632813
swe,2004,103.331199645996
swe,2005,104.11051940918
swe,2006,103.63069152832
swe,2007,102.639511108398
swe,2008,101.590461730957
swe,2009,99.6932907104492
swe,2010,98.1906585693359
swe,2011,96.9110412597656
swe,2012,98.0395889282227
swe,2013,128.463043212891
swe,2014,132.910934448242
swe,2015,140.458831787109
swz,1970,16.308780670166
swz,1971,17.9576606750488
swz,1972,20.7417392730713
swz,1973,23.4219799041748
swz,1974,26.0198192596436
swz,1975,28.3616008758545
swz,1976,29.2147006988525
swz,1977,31.315559387207
swz,1978,32.1400108337402
swz,1979,33.2323799133301
swz,1980,33.7180290222167
swz,1985,37.5953216552734
swz,1992,49.2928810119629
swz,1993,46.6754493713379
swz,1994,47.0993118286133
swz,1995,47.1940994262695
swz,1996,47.3368682861328
swz,1998,45.785041809082
swz,1999,44.4861183166504
swz,2000,41.9817199707031
swz,2001,41.8311996459961
swz,2002,42.112190246582
swz,2003,41.4144287109375
swz,2004,44.7565002441406
swz,2005,46.620288848877
swz,2006,50.3387298583984
swz,2007,53.9873809814453
swz,2009,54.0887718200684
swz,2010,57.9735794067383
swz,2011,59.9112586975098
swz,2012,61.4061813354492
swz,2013,62.9931182861328
swz,2014,66.0280914306641
syc,1970,26.8709392547607
syc,1971,28.9372005462646
syc,1972,31.3360595703125
syc,1973,33.5079116821289
syc,1974,38.3203201293945
syc,1975,36.9703483581542
syc,1976,31.2452297210693
syc,1978,42.1561508178711
syc,1979,46.0759696960449
syc,1980,50.8829193115234
syc,1981,58.6261711120605
syc,1982,68.7844314575195
syc,1983,72.6979293823242
syc,1984,107.342216491699
syc,1985,109.628036499023
syc,1986,110.412666320801
syc,1987,112.438957214355
syc,1988,113.706886291504
syc,1989,111.718551635742
syc,1991,111.029052734375
syc,1992,113.162437438965
syc,1993,112.829719543457
syc,1994,115.971008300781
syc,1995,112.993423461914
syc,1996,114.366523742676
syc,1998,99.5658569335938
syc,1999,73.725730895996
syc,2000,72.8680801391602
syc,2001,66.7555084228516
syc,2002,70.6572799682617
syc,2003,74.9677505493164
syc,2004,74.9717483520508
syc,2005,81.7954406738281
syc,2006,74.5623321533203
syc,2007,78.486930847168
syc,2008,75.6526718139648
syc,2009,75.5235977172852
syc,2010,74.1315002441406
syc,2011,71.9065933227539
syc,2012,80.8899993896484
syc,2013,78.3947982788085
syc,2014,79.1494522094727
syc,2015,81.6024703979492
syr,1971,34.6695098876953
syr,1972,37.8759994506836
syr,1973,40.7996711730957
syr,1974,42.7722702026367
syr,1975,43.4212608337402
syr,1976,44.8162612915039
syr,1977,45.6413307189941
syr,1978,47.1337509155273
syr,1979,48.523509979248
syr,1980,47.6923408508301
syr,1981,47.307918548584
syr,1982,48.1073303222656
syr,1983,50.1747703552246
syr,1984,52.9884910583496
syr,1985,54.904239654541
syr,1986,56.2267303466797
syr,1987,56.5800285339355
syr,1988,55.1150093078613
syr,1989,53.4235801696777
syr,1990,50.8008499145508
syr,1991,48.3874282836914
syr,1992,46.1101608276367
syr,1993,45.2392997741699
syr,1994,44.0513496398926
syr,1995,42.9667015075684
syr,1996,42.0290107727051
syr,1997,41.9018402099609
syr,1998,42.7668190002441
syr,1999,43.135440826416
syr,2000,43.9899597167969
syr,2001,45.5889511108398
syr,2002,47.4143600463867
syr,2003,62.9835891723633
syr,2004,66.4533615112305
syr,2005,69.97216796875
syr,2006,71.1070404052734
syr,2007,72.137809753418
syr,2008,72.5715866088867
syr,2009,72.0005493164063
syr,2010,72.8570022583008
syr,2011,75.2968978881835
syr,2012,77.2896423339844
syr,2013,50.4892196655273
tcd,1971,1.90105998516083
tcd,1972,2.05584001541138
tcd,1974,2.17569994926453
tcd,1975,2.38038992881775
tcd,1976,2.69609999656677
tcd,1977,3.17935991287231
tcd,1985,6.24366998672485
tcd,1987,5.65684986114502
tcd,1989,5.83135986328125
tcd,1990,6.63768005371094
tcd,1994,7.22360992431641
tcd,1995,8.11118984222412
tcd,1996,8.46430015563965
tcd,1997,8.76850032806396
tcd,1998,9.57396984100342
tcd,1999,10.0723495483398
tcd,2000,10.772629737854
tcd,2001,12.5079202651978
tcd,2002,13.4091501235962
tcd,2003,14.7922296524048
tcd,2004,15.1948900222778
tcd,2005,15.672739982605
tcd,2006,16.0908203125
tcd,2007,18.541820526123
tcd,2008,20.9977893829346
tcd,2009,23.0561408996582
tcd,2010,22.6520805358887
tcd,2011,23.1282806396484
tcd,2012,22.4027900695801
tgo,1971,6.95066022872925
tgo,1972,8.35087013244629
tgo,1973,9.3282299041748
tgo,1974,10.9055595397949
tgo,1975,13.6900100708008
tgo,1976,17.7046909332275
tgo,1977,21.8035106658936
tgo,1978,25.1870002746582
tgo,1979,29.0316390991211
tgo,1980,31.6697101593018
tgo,1982,30.1140193939208
tgo,1983,26.4411506652832
tgo,1984,21.7029304504395
tgo,1985,18.5923500061035
tgo,1986,18.9823207855225
tgo,1987,18.5379295349121
tgo,1988,20.9249897003174
tgo,1989,19.2830905914307
tgo,1990,21.5273704528809
tgo,1991,20.4284706115723
tgo,1992,20.1700000762939
tgo,1994,19.9312705993652
tgo,1995,21.9885597229004
tgo,1996,23.5215492248535
tgo,1997,24.0545692443848
tgo,1999,29.6095600128174
tgo,2000,32.1236915588379
tgo,2001,34.8647308349609
tgo,2002,38.9412002563477
tgo,2003,41.1047515869141
tgo,2004,42.6063613891602
tgo,2005,45.0299682617188
tgo,2006,47.006721496582
tgo,2007,44.025089263916
tgo,2011,54.7085914611816
tha,1971,18.1247901916504
tha,1972,19.2893009185791
tha,1973,20.7665901184082
tha,1974,22.518440246582
tha,1975,23.5194396972656
tha,1976,25.4131298065186
tha,1977,27.2665100097656
tha,1978,27.670280456543
tha,1979,27.5740795135498
tha,1980,27.7779006958008
tha,1981,28.6184406280518
tha,1982,28.8830795288086
tha,1984,30.3559303283691
tha,1985,30.6358604431152
tha,1986,30.152660369873
tha,1987,29.2714500427246
tha,1988,28.1630001068115
tha,1989,27.8999996185303
tha,1990,28.5046901702881
tha,1991,30.2537307739258
tha,1992,33.4638404846191
tha,1993,37.6019706726074
tha,1994,42.5844917297363
tha,1995,47.8372001647949
tha,1996,54.2181510925292
tha,1997,57.5272789001465
tha,1998,61.170108795166
tha,2001,62.7944107055664
tha,2002,64.5483932495117
tha,2004,66.8892135620117
tha,2005,71.5597534179688
tha,2006,71.7622985839844
tha,2007,77.4421463012695
tha,2008,78.2238006591797
tha,2009,80.8528289794922
tha,2010,83.621452331543
tha,2011,87.4439697265625
tha,2012,87.1241226196289
tha,2013,86.2055892944335
tha,2014,127.73267364502
tha,2015,129.001708984375
tjk,1991,103.449531555176
tjk,1992,101.699226379395
tjk,1993,94.1338882446289
tjk,1994,81.6521377563477
tjk,1995,81.5175476074219
tjk,1999,73.8575592041016
tjk,2000,73.2005920410156
tjk,2001,74.8132019042969
tjk,2002,77.2401504516602
tjk,2003,79.6014785766602
tjk,2004,80.3312225341797
tjk,2005,80.412971496582
tjk,2006,81.4009475708008
tjk,2007,82.4576034545898
tjk,2008,83.2024536132813
tjk,2009,83.6792907714844
tjk,2010,84.4311904907227
tjk,2011,85.6090774536133
tjk,2012,86.8061065673828
tjk,2013,87.8946533203125
tkm,2014,85.341423034668
tls,2001,37.0331192016602
tls,2002,43.3047294616699
tls,2003,46.4428596496582
tls,2004,55.064868927002
tls,2005,53.5517692565917
tls,2008,50.849479675293
tls,2009,61.8581886291504
tls,2010,67.4555206298828
tls,2011,70.6364288330078
tls,2012,71.8170471191406
tls,2013,70.7757263183594
tls,2014,73.0743026733398
tls,2015,76.7647094726563
ton,1970,86.5774688720703
ton,1971,86.0706329345703
ton,1972,82.2834014892578
ton,1973,80.4943237304688
ton,1974,80.7186737060547
ton,1975,79.1286163330078
ton,1978,84.7800216674805
ton,1981,105.368270874023
ton,1982,108.793937683105
ton,1983,107.874816894531
ton,1984,95.8307495117188
ton,1985,87.2944030761719
ton,1986,81.2522430419922
ton,1990,98.4316635131835
ton,1991,98.9652862548828
ton,1993,106.944618225098
ton,1998,95.786003112793
ton,1999,105.327217102051
ton,2000,106.512168884277
ton,2001,106.178131103516
ton,2002,110.893730163574
ton,2003,119.92839050293
ton,2004,105.59903717041
ton,2006,101.514930725098
ton,2007,104.914726257324
ton,2008,104.231369018555
ton,2009,103.871467590332
ton,2010,104.158737182617
ton,2011,104.56974029541
ton,2012,91.14111328125
ton,2013,90.6425628662109
ton,2014,90.0993728637695
tto,1971,44.1191482543945
tto,1972,44.8548393249512
tto,1973,43.4620590209961
tto,1977,55.6681289672852
tto,1981,70.2392272949219
tto,1982,76.4936065673828
tto,1983,78.7842712402344
tto,1984,81.3975524902344
tto,1985,81.4872131347656
tto,1986,82.7964324951172
tto,1987,84.102783203125
tto,1988,85.0734024047852
tto,1989,83.2077713012695
tto,1990,83.168830871582
tto,1991,80.3754425048828
tto,1992,79.6962203979492
tto,1993,79.9199829101563
tto,2004,85.5115432739258
tun,1971,22.4432506561279
tun,1972,22.4909896850586
tun,1973,21.9019794464111
tun,1974,21.4635391235352
tun,1975,20.9512405395508
tun,1976,20.9529304504395
tun,1977,21.619010925293
tun,1978,23.1188907623291
tun,1979,24.3184299468994
tun,1980,25.1647300720215
tun,1981,25.6853694915771
tun,1982,28.6504096984863
tun,1983,32.1081390380859
tun,1984,34.4673385620117
tun,1985,36.7389297485352
tun,1986,39.5578689575195
tun,1987,39.3026390075684
tun,1988,40.6590309143066
tun,1989,44.2454986572266
tun,1990,44.8516998291016
tun,1991,45.3021087646484
tun,1992,46.2434310913086
tun,1993,48.8861885070801
tun,1994,53.4414482116699
tun,1995,56.9998207092285
tun,1996,60.555778503418
tun,1997,61.9033088684082
tun,1998,68.4296722412109
tun,1999,72.3564834594727
tun,2000,74.6360092163085
tun,2001,76.5966186523438
tun,2002,78.0481872558594
tun,2003,77.5476379394531
tun,2004,81.6490478515625
tun,2005,84.8042221069335
tun,2006,86.9571228027344
tun,2007,90.6678314208984
tun,2008,92.5060195922852
tun,2009,90.7847900390625
tun,2010,90.4287872314453
tun,2011,92.0575714111328
tun,2013,90.1417770385742
tun,2014,87.6324081420898
tun,2015,88.2040634155273
tur,1971,26.1173191070557
tur,1972,28.1821308135986
tur,1973,28.928129196167
tur,1974,28.9653301239014
tur,1976,32.1782684326172
tur,1977,34.2598495483398
tur,1978,36.2430114746094
tur,1979,36.4724311828613
tur,1980,38.4641189575195
tur,1981,37.6287498474121
tur,1982,38.4488906860352
tur,1983,38.9827995300292
tur,1984,40.4241790771484
tur,1986,44.3831405639648
tur,1987,45.706958770752
tur,1988,47.5648307800292
tur,1989,49.7296981811523
tur,1990,50.2855796813965
tur,1991,51.9835815429688
tur,1992,53.591609954834
tur,1993,57.0060081481934
tur,1994,58.6400718688965
tur,1995,61.2922210693359
tur,1997,61.0479507446289
tur,1999,70.7724990844727
tur,2000,72.723258972168
tur,2001,82.8629684448242
tur,2002,87.4383316040039
tur,2003,89.3330917358398
tur,2004,86.235481262207
tur,2005,83.426872253418
tur,2006,87.4504318237305
tur,2007,89.9508438110352
tur,2008,88.2860488891602
tur,2009,79.8890380859375
tur,2010,84.204231262207
tur,2011,88.307258605957
tur,2012,85.1072387695313
tur,2013,100.277938842773
tur,2014,102.541236877441
tur,2015,102.488761901855
tuv,2001,70.3703689575195
tuv,2014,80.7666397094727
tuv,2015,86.1631011962891
tza,1970,2.65426993370056
tza,1971,2.72285008430481
tza,1972,2.6765398979187
tza,1973,2.76807999610901
tza,1974,3.04786992073059
tza,1975,3.06903004646301
tza,1976,3.1669099330902
tza,1977,3.29223990440369
tza,1978,3.33136010169983
tza,1979,3.38702011108398
tza,1980,3.31050992012024
tza,1981,3.05819988250732
tza,1982,3.04563999176025
tza,1983,3.07309007644653
tza,1984,3.05709004402161
tza,1985,3.41231989860535
tza,1986,3.60452008247375
tza,1987,3.87729001045227
tza,1988,4.26255989074707
tza,1989,4.55779981613159
tza,1991,5.3446798324585
tza,1992,5.35357999801636
tza,1993,5.34368991851807
tza,1994,5.31187009811401
tza,1995,5.31999015808105
tza,1996,5.21677017211914
tza,1997,5.63570022583008
tza,2010,31.1437091827393
tza,2012,34.2448997497559
tza,2013,32.2560806274414
uga,1970,3.86229991912842
uga,1973,3.91280007362366
uga,1974,3.87437009811401
uga,1975,3.88126993179321
uga,1976,4.57262992858887
uga,1977,4.67749977111816
uga,1978,4.74657011032104
uga,1979,4.83236980438232
uga,1980,5.1850700378418
uga,1981,5.48987007141113
uga,1982,8.1684398651123
uga,1983,7.25583982467651
uga,1984,8.52682018280029
uga,1985,9.13527965545654
uga,1986,10.5284595489502
uga,1987,11.5531902313232
uga,1988,12.06725025177
uga,1990,11.4195404052734
uga,1991,10.5553903579712
uga,1992,10.2058000564575
uga,1993,10.046480178833
uga,1994,10.2088203430176
uga,1995,10.4497804641724
uga,1997,9.85639953613281
uga,2004,19.3740196228027
uga,2007,24.5164108276367
uga,2015,23.2365398406982
ukr,1981,97.3211212158203
ukr,1982,97.7938385009766
ukr,1983,98.5997467041016
ukr,1984,98.0693969726563
ukr,1985,97.3936614990234
ukr,1986,96.7508316040039
ukr,1988,95.8400573730469
ukr,1990,93.7910232543945
ukr,1991,92.2185592651367
ukr,1992,91.0086517333984
ukr,1993,89.848533630371
ukr,1994,89.7784423828125
ukr,1999,101.425926208496
ukr,2000,103.803558349609
ukr,2001,105.415649414063
ukr,2002,106.170066833496
ukr,2003,106.682991027832
ukr,2004,102.294250488281
ukr,2005,96.9960403442383
ukr,2006,97.6786270141602
ukr,2007,97.0634536743164
ukr,2008,96.0510482788085
ukr,2009,94.9358215332031
ukr,2010,95.0912704467773
ukr,2011,93.2495422363281
ukr,2012,97.1062927246094
ukr,2013,98.3499526977539
ukr,2014,99.2369384765625
umc,1970,39.2463111877441
umc,1971,43.9428787231445
umc,1972,48.4286117553711
umc,1973,51.7977714538574
umc,1974,51.7417297363281
umc,1975,52.6157913208008
umc,1976,56.9579582214355
umc,1977,58.0586395263672
umc,1978,56.4111785888672
umc,1979,58.7864112854004
umc,1980,54.8906784057617
umc,1981,52.2349891662598
umc,1982,48.720890045166
umc,1983,47.001350402832
umc,1984,46.9136581420898
umc,1985,43.3839416503906
umc,1986,49.5017700195313
umc,1987,51.1618003845215
umc,1988,52.4773902893066
umc,1989,53.190071105957
umc,1990,53.848258972168
umc,1991,55.5851287841797
umc,1992,57.944091796875
umc,1993,60.0841789245605
umc,1994,61.6357688903809
umc,1995,64.3004608154297
umc,1996,67.2071228027344
umc,1997,68.7542572021484
umc,1998,70.303596496582
umc,1999,71.2694702148438
umc,2000,71.3827972412109
umc,2001,71.446403503418
umc,2002,71.5783004760742
umc,2003,71.6946334838867
umc,2004,72.578498840332
umc,2005,73.4821395874023
umc,2006,75.2481384277344
umc,2007,77.6678314208984
umc,2008,80.471061706543
umc,2009,82.9747772216797
umc,2010,85.8684234619141
umc,2011,88.2616577148438
umc,2012,89.9128036499023
umc,2013,93.476921081543
umc,2014,94.2282333374023
umc,2015,94.0916595458984
ury,1970,58.7700691223145
ury,1971,60.006031036377
ury,1972,62.3220481872559
ury,1973,64.0244598388672
ury,1974,63.435718536377
ury,1975,60.548210144043
ury,1976,61.0968818664551
ury,1977,60.0428581237792
ury,1978,58.889778137207
ury,1979,58.3851699829102
ury,1981,65.3990631103516
ury,1982,66.3613662719727
ury,1983,68.7459411621094
ury,1984,71.2247924804688
ury,1985,71.9220809936523
ury,1986,73.6275405883789
ury,1987,73.6463317871094
ury,1988,76.726806640625
ury,1989,78.4421081542969
ury,1990,81.2108917236328
ury,1991,83.8215408325195
ury,1992,82.5424423217773
ury,1993,81.1142730712891
ury,1994,80.8545684814453
ury,1995,82.3866882324219
ury,1996,85.7995986938477
ury,1998,89.1358032226563
ury,1999,92.1025619506835
ury,2000,98.2441787719727
ury,2001,101.585670471191
ury,2002,106.113319396973
ury,2003,109.130836486816
ury,2004,106.975929260254
ury,2005,101.215507507324
ury,2006,100.812049865723
ury,2007,91.8318862915039
ury,2008,87.6862487792969
ury,2009,90.0737762451172
ury,2010,90.2958526611328
ury,2013,107.967376708984
ury,2014,95.0718612670898
usa,1971,83.8432006835938
usa,1972,84.8490600585938
usa,1974,85.162727355957
usa,1975,85.1871337890625
usa,1976,85.362678527832
usa,1977,85.405647277832
usa,1978,85.0981979370117
usa,1979,78.57421875
usa,1980,90.8430480957031
usa,1981,89.5338973999023
usa,1982,92.7540664672852
usa,1983,92.924217224121
usa,1984,94.9150619506835
usa,1985,93.9609375
usa,1986,95.048942565918
usa,1987,95.2461013793945
usa,1990,91.0075225830078
usa,1991,90.8797378540039
usa,1993,95.3619766235352
usa,1994,96.4733581542969
usa,1995,95.0588836669922
usa,1996,94.7248916625977
usa,1998,94.8289337158203
usa,1999,94.0444412231445
usa,2000,93.1720428466797
usa,2001,93.9505081176758
usa,2002,93.2876434326172
usa,2003,95.005241394043
usa,2004,95.5024871826172
usa,2005,95.6731796264648
usa,2006,95.4037475585938
usa,2007,96.0739364624023
usa,2008,95.9754180908203
usa,2009,95.4182510375977
usa,2010,94.3113098144531
usa,2011,94.6760482788085
usa,2012,94.9803237915039
usa,2013,95.9295806884766
usa,2014,97.5646896362305
uzb,1981,105.457969665527
uzb,1986,106.727676391602
uzb,1989,102.744010925293
uzb,1990,101.306686401367
uzb,1991,99.404930114746
uzb,1992,98.3563537597656
uzb,1993,94.8883895874023
uzb,1994,92.7691192626953
uzb,1995,92.4809036254883
uzb,1999,85.55712890625
uzb,2000,86.4673004150391
uzb,2003,96.8782196044922
uzb,2004,97.9767990112305
uzb,2005,89.748908996582
uzb,2006,90.3904113769531
uzb,2007,92.4736480712891
uzb,2008,91.9651565551758
uzb,2009,94.0329208374023
uzb,2010,94.8977432250977
uzb,2011,95.4134979248047
uzb,2012,97.2519073486328
uzb,2013,96.5903778076172
uzb,2014,96.3335189819335
uzb,2015,95.6401824951172
uzb,2016,95.923942565918
vct,1971,19.7931709289551
vct,1972,24.6313591003418
vct,1974,29.3116607666016
vct,1975,27.9189605712891
vct,1976,28.3832092285156
vct,1982,42.5763511657715
vct,1984,39.6361503601074
vct,1985,32.6599884033203
vct,1986,35.9311294555664
vct,1987,47.4839210510254
vct,1988,39.7637405395508
vct,1991,60.0706100463867
vct,2000,82.500846862793
vct,2001,84.5993804931641
vct,2002,87.640251159668
vct,2003,86.2829513549805
vct,2004,94.3043670654297
vct,2005,89.4703063964844
vct,2007,103.978530883789
vct,2008,108.268226623535
vct,2009,109.475257873535
vct,2010,107.528701782227
vct,2011,103.553833007813
vct,2012,100.978866577148
vct,2013,102.972061157227
vct,2014,104.686706542969
vct,2015,106.436256408691
ven,1971,32.7545318603516
ven,1972,35.4967193603516
ven,1973,37.6775093078613
ven,1974,39.377140045166
ven,1975,40.5470886230469
ven,1976,43.7332382202148
ven,1977,45.1008796691895
ven,1978,45.4247016906738
ven,1979,46.2144584655762
ven,1980,47.0120506286621
ven,1981,47.6377983093262
ven,1982,48.5846900939941
ven,1983,50.212329864502
ven,1984,51.3618316650391
ven,1985,53.5047912597656
ven,1986,55.0688209533691
ven,1987,55.6638984680176
ven,1988,55.921760559082
ven,1989,55.4994010925292
ven,1990,55.4966201782227
ven,1991,55.6672286987305
ven,1992,56.4342994689941
ven,1993,56.8116302490234
ven,1999,56.5487403869629
ven,2000,59.3258285522461
ven,2001,63.0815200805664
ven,2002,66.8951110839844
ven,2003,68.0286407470703
ven,2004,70.5816268920898
ven,2005,72.9543914794922
ven,2006,75.6100921630859
ven,2007,78.145866394043
ven,2008,79.9128112792969
ven,2009,80.8936920166016
ven,2010,80.9477615356445
ven,2011,82.0646820068359
ven,2012,84.3941497802734
ven,2013,92.1246795654297
ven,2014,91.6112823486328
ven,2015,89.6640090942383
vgb,2002,96.4869766235352
vgb,2003,97.086799621582
vgb,2004,99.5915985107422
vgb,2005,106.689338684082
vgb,2006,108.052947998047
vgb,2007,103.224067687988
vgb,2009,97.0029983520508
vgb,2010,101.602401733398
vgb,2011,96.2462463378906
vgb,2012,97.6035919189453
vgb,2013,98.3093032836914
vgb,2014,97.7373275756835
vgb,2015,98.7335586547852
vnm,1976,35.8893699645996
vnm,1977,37.745849609375
vnm,1980,43.4341506958008
vnm,1990,34.8162689208984
vnm,1998,57.838020324707
vut,1970,5.7761697769165
vut,1971,6.22298002243041
vut,1972,6.68896007537842
vut,1973,7.15552997589111
vut,1974,8.17704963684082
vut,1975,9.11623954772949
vut,1976,10.4512500762939
vut,1977,12.0400800704956
vut,1978,12.5563497543335
vut,1980,12.6558504104614
vut,1981,12.7973604202271
vut,1983,14.6866903305054
vut,1989,15.239520072937
vut,1991,17.7400894165039
vut,1999,30.2986392974854
vut,2000,34.6628608703613
vut,2001,35.7250213623047
vut,2002,39.554759979248
vut,2003,40.3505516052246
vut,2004,42.7556190490723
vut,2010,59.5326995849609
vut,2015,54.8158416748047
wld,1970,41.3032493591309
wld,1971,42.8415107727051
wld,1972,44.6166801452637
wld,1973,46.0386085510254
wld,1974,46.2334289550781
wld,1975,46.6982688903809
wld,1976,48.2911186218262
wld,1977,49.3255805969238
wld,1978,49.2161102294922
wld,1979,50.2489814758301
wld,1980,49.6087799072266
wld,1981,48.8220100402832
wld,1982,47.9710693359375
wld,1983,47.8949813842773
wld,1984,48.2004089355469
wld,1985,47.0247917175292
wld,1986,49.8855781555176
wld,1987,50.6780891418457
wld,1988,51.0408706665039
wld,1989,51.0672492980957
wld,1990,51.4323196411133
wld,1991,52.5333404541016
wld,1992,53.8756103515625
wld,1993,55.3024482727051
wld,1994,56.2640686035156
wld,1995,57.2461013793945
wld,1996,58.2498893737792
wld,1997,59.0774192810059
wld,1998,59.2849502563477
wld,1999,59.4004783630371
wld,2000,60.0550918579102
wld,2001,60.4439582824707
wld,2002,61.2307815551758
wld,2003,62.1646690368652
wld,2004,62.9559211730957
wld,2005,63.779411315918
wld,2006,64.7345809936523
wld,2007,66.3256607055664
wld,2008,67.9505386352539
wld,2009,68.885368347168
wld,2010,70.8051376342773
wld,2011,72.3765869140625
wld,2012,73.7062225341797
wld,2013,75.379051208496
wld,2014,76.4463729858398
wld,2015,76.4230728149414
wsm,1970,56.0279197692871
wsm,1973,54.1203308105469
wsm,1975,65.8830108642578
wsm,1976,67.1778030395508
wsm,1977,70.2076797485352
wsm,1978,70.779899597168
wsm,1979,71.8912963867188
wsm,1980,76.0073471069335
wsm,1981,76.7226181030273
wsm,1982,82.7796173095703
wsm,1986,81.5116806030273
wsm,1994,76.4757537841797
wsm,1995,75.8757171630859
wsm,1996,74.4029693603516
wsm,1997,111.666496276855
wsm,1998,77.9048690795898
wsm,1999,78.9802398681641
wsm,2000,78.4719009399414
wsm,2001,80.4066467285156
wsm,2002,81.498191833496
wsm,2003,83.715690612793
wsm,2004,83.596580505371
wsm,2005,82.9532928466797
wsm,2006,83.7396087646484
wsm,2007,83.8857421875
wsm,2009,86.1270065307617
wsm,2010,87.6593170166016
wsm,2011,86.3706817626953
wsm,2012,85.71044921875
wsm,2014,86.851219177246
wsm,2015,84.9560394287109
yem,1999,41.7834510803223
yem,2001,46.0602416992188
yem,2003,46.6096000671387
yem,2004,47.1999893188477
yem,2005,45.6537399291992
yem,2008,42.2962913513184
yem,2010,43.3746185302734
yem,2011,45.4309310913086
yem,2012,46.236141204834
yem,2013,48.6246604919434
zaf,1989,62.730541229248
zaf,1990,66.0701065063477
zaf,1991,69.507698059082
zaf,1994,79.6143569946289
zaf,1998,92.0211486816406
zaf,1999,90.7665634155273
zaf,2000,87.2935104370117
zaf,2001,87.2664413452148
zaf,2002,87.151268005371
zaf,2003,87.0811004638672
zaf,2004,88.501350402832
zaf,2005,88.9131774902344
zaf,2006,90.976692199707
zaf,2007,91.7229919433594
zaf,2008,89.4957580566406
zaf,2009,90.1722717285156
zaf,2010,90.2535171508789
zaf,2011,91.0553131103516
zaf,2012,91.9577331542969
zaf,2014,98.8196716308594
zmb,1970,12.9470100402832
zmb,1971,13.4133100509644
zmb,1972,13.8827199935913
zmb,1973,13.5249395370483
zmb,1974,14.0661602020264
zmb,1975,14.8356399536133
zmb,1976,15.3828802108765
zmb,1977,15.800760269165
zmb,1978,16.1062602996826
zmb,1979,15.9183197021484
zmb,1980,15.9969797134399
zmb,1981,15.7564296722412
zmb,1982,15.9460496902466
zmb,1985,18.0764198303223
zmb,1986,19.3347492218018
zmb,1987,18.9196605682373
zmb,1988,19.6787109375
zmb,1990,20.4336395263672
zmb,1994,19.6864490509033
zwe,1970,7.38136005401611
zwe,1971,7.56797981262207
zwe,1972,8.15913009643555
zwe,1973,8.37639999389648
zwe,1974,8.42243003845215
zwe,1975,8.68478965759277
zwe,1976,8.73626995086669
zwe,1977,8.78563976287842
zwe,1978,8.39733982086182
zwe,1979,7.51336002349854
zwe,1980,7.75239992141724
zwe,1981,14.8928899765015
zwe,1982,21.9211902618408
zwe,1983,29.3686599731445
zwe,1984,37.2317199707031
zwe,1985,41.5060997009277
zwe,1986,44.5189018249512
zwe,1987,46.288028717041
zwe,1988,47.138370513916
zwe,1989,47.4289894104004
zwe,1990,45.0804214477539
zwe,1991,46.6195182800292
zwe,1992,41.5241317749023
zwe,1993,38.9634094238281
zwe,1994,38.9073486328125
zwe,1995,40.5071716308594
zwe,1996,41.4328918457031
zwe,1997,43.1624183654785
zwe,1999,42.7218589782715
zwe,2000,42.5622711181641
zwe,2001,43.3389282226563
zwe,2002,41.2524681091309
zwe,2003,37.6187591552734
zwe,2012,46.6731796264648
zwe,2013,47.5701904296875
