country,year,uis_sle_0_gpi
abw,1999,0.985170006752014
abw,2000,0.949050009250641
abw,2001,1.00325000286102
abw,2002,0.967869997024536
abw,2003,0.982800006866455
abw,2004,1.03637003898621
abw,2005,0.986940026283264
abw,2006,0.983489990234375
abw,2007,1.02243995666504
abw,2008,1.01239001750946
abw,2009,0.981410026550293
abw,2010,0.975880026817322
abw,2011,1.04393994808197
abw,2012,0.997160017490387
abw,2013,0.982770025730133
abw,2014,0.978359997272491
afg,1970,0.883689999580383
afg,1975,0.980920016765594
afg,1977,0.812020003795624
afg,1980,0.853569984436035
afg,1981,0.829020023345947
afg,1982,0.848510026931763
afg,1984,0.864269971847534
afg,1985,0.844039976596832
afg,1986,1.22035002708435
afg,1988,1.00589001178741
afg,2003,0.79066002368927
ago,1981,0.67399001121521
ago,1982,0.909910023212433
ago,1986,0.809440016746521
ago,1987,0.816179990768433
ago,1988,0.839609980583191
ago,1989,0.842729985713959
ago,1990,0.852069973945618
ago,1991,0.510010004043579
ago,1992,0.689329981803894
ago,1998,0.524869978427887
ago,1999,0.654489994049072
ago,2007,1.20120000839233
ago,2008,0.79720002412796
ago,2009,0.888059973716736
ago,2010,1.01670002937317
ago,2011,1.46879994869232
alb,1991,1.05790996551514
alb,1992,1.05613005161285
alb,1993,1.04992997646332
alb,1994,1.03968000411987
alb,1995,1.04200994968414
alb,1996,1.0471099615097
alb,1997,1.03039002418518
alb,1999,1.06526005268097
alb,2001,1.08826994895935
alb,2003,1.04892003536224
alb,2004,1.01543998718262
alb,2005,0.997609972953796
alb,2006,0.995899975299835
alb,2007,0.981000006198883
alb,2008,0.98921000957489
alb,2009,0.976620018482208
alb,2010,0.976109981536865
alb,2011,0.978190004825592
alb,2012,0.986450016498566
alb,2013,0.985920011997223
alb,2014,0.978389978408813
and,1975,0.953540027141571
and,1983,1.07538998126984
arb,1970,0.685339987277985
arb,1971,0.684769988059998
arb,1972,0.681529998779297
arb,1973,0.685899972915649
arb,1974,0.691569983959198
arb,1975,0.68367999792099
arb,1976,0.687370002269745
arb,1977,0.695789992809296
arb,1978,0.67441999912262
arb,1979,0.666949987411499
arb,1980,0.662880003452301
arb,1981,0.650489985942841
arb,1982,0.676909983158112
arb,1983,0.679610013961792
arb,1984,0.689819991588593
arb,1985,0.682919979095459
arb,1986,0.707589983940125
arb,1987,0.71110999584198
arb,1988,0.705739974975586
arb,1989,0.709850013256073
arb,1990,0.729960024356842
arb,1991,0.732140004634857
arb,1992,0.723850011825562
arb,1993,0.738499999046326
arb,1994,0.743229985237122
arb,1995,0.746460020542145
arb,1996,0.755580008029938
arb,1997,0.763549983501434
arb,1998,0.774789988994598
arb,1999,0.792519986629486
arb,2000,0.814339995384216
arb,2001,0.833060026168823
arb,2002,0.838199973106384
arb,2003,0.875959992408752
arb,2004,0.882749974727631
arb,2005,0.888599991798401
arb,2006,0.902779996395111
arb,2007,0.920180022716522
arb,2008,0.931599974632263
arb,2009,0.920669972896576
arb,2010,0.930880010128021
arb,2011,0.972320020198822
arb,2012,0.963519990444183
arb,2013,0.995239973068237
arb,2014,0.990059971809387
are,1973,0.900089979171753
are,1976,1.11246001720428
are,1977,0.982020020484924
are,1978,0.924690008163452
are,1979,0.919459998607636
are,1980,0.927349984645844
are,1981,0.90735000371933
are,1982,0.993470013141632
are,1983,0.951330006122589
are,1984,0.927269995212555
are,1985,0.887340009212494
are,1986,0.932359993457794
are,1987,0.954299986362457
are,1988,0.920310020446777
are,1989,0.922070026397705
are,1990,0.943000018596649
are,1991,0.972840011119843
are,1992,0.979120016098022
are,1993,0.969190001487732
are,1994,0.958779990673065
are,1995,0.967519998550415
are,1996,0.963909983634949
are,1997,0.972479999065399
are,1998,0.968819975852966
are,1999,0.967299997806549
are,2000,0.965939998626709
are,2001,0.992640018463135
are,2002,0.982529997825623
are,2003,0.950630009174347
are,2004,0.947260022163391
are,2005,0.960879981517792
are,2006,0.993489980697632
are,2007,0.981260001659393
are,2009,0.99549001455307
are,2010,1.0062700510025
are,2011,0.995029985904694
are,2012,1.00004994869232
are,2013,1.01392996311188
are,2014,1.01155996322632
arg,1970,1.0540599822998
arg,1971,1.04381000995636
arg,1972,1.03716003894806
arg,1973,1.03324997425079
arg,1974,1.04488003253937
arg,1975,1.04305005073547
arg,1976,1.04618000984192
arg,1977,1.03743004798889
arg,1981,1.03983998298645
arg,1982,1.03559994697571
arg,1983,1.03498995304108
arg,1984,1.02705001831055
arg,1985,1.03910994529724
arg,1986,1.0315899848938
arg,1987,1.01013004779816
arg,1988,1.04585003852844
arg,1996,1.04864001274109
arg,1997,1.0288599729538
arg,1998,1.02374994754791
arg,1999,1.02493000030518
arg,2000,1.01822996139526
arg,2001,1.01628994941711
arg,2002,1.01494002342224
arg,2003,1.00899004936218
arg,2004,1.01058995723724
arg,2005,1.01511001586914
arg,2006,1.01248002052307
arg,2007,1.01640999317169
arg,2008,1.01942002773285
arg,2009,1.01733994483948
arg,2010,1.01384997367859
arg,2011,1.014240026474
arg,2012,1.01622998714447
arg,2013,1.01401996612549
arm,2001,1.17790997028351
arm,2002,1.17262005805969
arm,2003,1.15443003177643
arm,2004,1.197389960289
arm,2005,1.19723999500275
arm,2006,1.27043998241425
arm,2007,1.33194005489349
arm,2008,1.34712994098663
arm,2009,1.35904002189636
arm,2011,1.3672000169754
arm,2012,1.30078995227814
atg,1975,1.15892004966736
atg,1976,1.03135001659393
atg,1977,1.2546900510788
atg,1978,1.15304005146027
atg,1979,1.24433994293213
atg,1984,1.16366004943848
atg,2007,0.99193000793457
atg,2008,0.963180005550385
atg,2010,0.939760029315948
atg,2011,1.03296005725861
atg,2012,0.94116997718811
atg,2014,0.930450022220612
aus,1971,0.9860600233078
aus,1974,0.996550023555756
aus,1975,0.993269979953766
aus,1976,1.00331997871399
aus,1977,0.995589971542358
aus,1978,0.986609995365143
aus,1979,0.979399979114532
aus,1980,0.985549986362457
aus,1981,0.988430023193359
aus,1982,0.990069985389709
aus,1983,0.991909980773926
aus,1984,0.99779999256134
aus,1985,0.988390028476715
aus,1986,1.00127005577087
aus,1987,1.00373005867004
aus,1988,0.993709981441498
aus,1989,1.0001699924469
aus,1990,1.00348997116089
aus,1991,0.997500002384186
aus,1992,0.998120009899139
aus,1993,0.999650001525879
aus,1994,0.999180018901825
aus,2001,1.02206003665924
aus,2002,1.01954996585846
aus,2003,1.01294994354248
aus,2004,1.00915002822876
aus,2005,1.00638997554779
aus,2006,0.977680027484894
aus,2007,0.979770004749298
aus,2008,0.974860012531281
aus,2009,0.980019986629486
aus,2010,0.978209972381592
aus,2013,0.977169990539551
aut,1971,1.00329995155334
aut,1972,0.989579975605011
aut,1973,1.00015997886658
aut,1974,0.987720012664795
aut,1975,1.0019199848175
aut,1976,1.00363004207611
aut,1977,1.002769947052
aut,1978,0.998619973659515
aut,1979,1.00002002716064
aut,1980,1.00291001796722
aut,1981,1.00932002067566
aut,1982,0.998070001602173
aut,1983,0.998950004577637
aut,1984,0.995350003242493
aut,1985,0.995559990406036
aut,1986,1.00015997886658
aut,1987,0.999989986419678
aut,1988,1.00171995162964
aut,1989,0.999199986457825
aut,1990,0.994830012321472
aut,1991,0.991850018501282
aut,1992,0.991079986095428
aut,1993,0.987619996070862
aut,1994,0.988359987735748
aut,1995,0.987789988517761
aut,1996,0.988449990749359
aut,1997,0.987510025501251
aut,1998,0.989030003547668
aut,1999,0.993019998073578
aut,2000,1.0
aut,2001,1.00059998035431
aut,2002,0.99905002117157
aut,2003,0.999610006809235
aut,2004,0.992999970912933
aut,2005,0.99260002374649
aut,2006,0.990800023078918
aut,2007,0.991710007190704
aut,2008,0.993480026721954
aut,2009,1.00880002975464
aut,2010,0.995109975337982
aut,2011,0.997789978981018
aut,2012,0.988370001316071
aut,2013,0.992330014705658
aut,2014,0.989719986915588
aze,1981,0.811230003833771
aze,1986,0.822250008583069
aze,1991,0.833350002765656
aze,1992,0.833100020885468
aze,1993,0.832050025463104
aze,1994,0.851029992103577
aze,1995,0.844640016555786
aze,1996,0.855690002441406
aze,1997,0.848230004310608
aze,1998,0.827359974384308
aze,1999,0.891709983348846
aze,2000,0.960219979286194
aze,2001,0.954180002212524
aze,2002,0.936919987201691
aze,2003,0.924700021743774
aze,2004,0.920390009880066
aze,2005,0.943440020084381
aze,2006,0.958109974861145
aze,2007,0.996410012245178
aze,2008,1.01414000988007
aze,2009,1.00789999961853
aze,2010,0.967809975147247
aze,2011,0.9723100066185
aze,2012,0.985040009021759
aze,2013,1.0074599981308
aze,2014,1.03252005577087
bdi,1971,0.839730024337769
bdi,1972,0.81480997800827
bdi,1973,1.05654001235962
bdi,1974,1.22000002861023
bdi,1982,1.04042994976044
bdi,1983,0.85547000169754
bdi,1984,0.869629979133606
bdi,1985,0.90650999546051
bdi,1986,0.983940005302429
bdi,1987,0.980920016765594
bdi,1988,0.931159973144531
bdi,1989,0.954500019550323
bdi,1998,0.912329971790314
bdi,1999,1.007120013237
bdi,2000,0.940760016441345
bdi,2001,0.947679996490479
bdi,2002,0.948520004749298
bdi,2003,0.976559996604919
bdi,2004,0.968460023403168
bdi,2005,0.972209990024567
bdi,2006,1.08263003826141
bdi,2007,1.0801500082016
bdi,2009,1.04355001449585
bdi,2010,0.989390015602112
bdi,2011,1.01161003112793
bdi,2012,1.00934994220734
bdi,2013,1.03505003452301
bdi,2014,1.00672996044159
bel,1971,1.00551998615265
bel,1972,1.00773000717163
bel,1973,1.00560998916626
bel,1974,1.00875997543335
bel,1975,1.00440001487732
bel,1976,1.00336003303528
bel,1977,1.00414001941681
bel,1978,1.00015997886658
bel,1979,1.00283002853394
bel,1980,1.00197994709015
bel,1981,1.00823998451233
bel,1982,1.01274001598358
bel,1983,1.00846004486084
bel,1984,1.00241994857788
bel,1985,0.998579978942871
bel,1986,0.999499976634979
bel,1987,0.998969972133636
bel,1988,1.00051999092102
bel,1989,1.00271999835968
bel,1990,1.00232005119324
bel,1991,0.998279988765717
bel,1992,0.998090028762817
bel,1993,1.00031995773315
bel,1994,0.998310029506683
bel,1995,0.989750027656555
bel,1996,0.994620025157928
bel,1999,0.984640002250671
bel,2000,0.989369988441467
bel,2001,0.993809998035431
bel,2002,0.996689975261688
bel,2003,0.989839971065521
bel,2004,0.994199991226196
bel,2005,0.994989991188049
bel,2006,0.994480013847351
bel,2007,0.993740022182465
bel,2008,0.993659973144531
bel,2009,0.996349990367889
bel,2010,0.994490027427673
bel,2011,0.997759997844696
bel,2012,0.995299994945526
bel,2013,0.994459986686707
bel,2014,0.993390023708344
ben,1982,0.762430012226105
ben,1983,0.794560015201569
ben,1984,0.779569983482361
ben,1985,0.770799994468689
ben,1986,0.806590020656586
ben,1987,0.787989974021912
ben,1988,0.812820017337799
ben,1989,0.819970011711121
ben,1990,0.818560004234314
ben,1991,0.823849976062775
ben,1992,0.832130014896393
ben,1993,0.846199989318848
ben,1994,0.877449989318848
ben,1995,0.905260026454926
ben,1996,0.897520005702972
ben,1999,0.933910012245178
ben,2000,0.934560000896454
ben,2001,0.940500020980835
ben,2002,0.943889975547791
ben,2003,0.947780013084412
ben,2004,0.973879992961884
ben,2005,0.992439985275269
ben,2006,1.02347004413605
ben,2008,0.980840027332306
ben,2009,1.03902995586395
ben,2010,1.04166996479034
ben,2011,1.03075003623962
ben,2012,1.03886997699738
ben,2013,1.02693998813629
ben,2014,1.01382005214691
bfa,1971,0.934660017490387
bfa,1972,0.784560024738312
bfa,1973,0.827470004558563
bfa,1974,0.782630026340485
bfa,1975,0.930499970912933
bfa,1976,0.952889978885651
bfa,1977,0.981779992580414
bfa,1978,0.812730014324188
bfa,1979,0.86233001947403
bfa,1980,0.801180005073547
bfa,1981,0.907000005245209
bfa,1982,1.00617003440857
bfa,1983,0.996469974517822
bfa,1984,0.959779977798462
bfa,1985,0.937730014324188
bfa,1986,1.0320600271225
bfa,1987,1.04695999622345
bfa,1988,1.01984000205994
bfa,1989,1.01091003417969
bfa,1990,1.06040000915527
bfa,1991,1.0385400056839
bfa,1992,1.04267001152039
bfa,1993,1.0056699514389
bfa,1994,1.03170001506805
bfa,1995,1.04554998874664
bfa,1996,1.0688099861145
bfa,1997,1.06976997852325
bfa,1998,1.05464994907379
bfa,1999,1.03005003929138
bfa,2007,1.00814998149872
bfa,2009,1.00478994846344
bfa,2010,0.966859996318817
bfa,2011,0.992890000343323
bfa,2012,0.996710002422333
bfa,2013,0.9930300116539
bfa,2014,1.03954005241394
bgd,1973,1.63777005672455
bgd,1988,0.835910022258759
bgd,1998,1.07140004634857
bgd,1999,1.03290998935699
bgd,2000,1.02147996425629
bgd,2001,0.963519990444183
bgd,2002,1.00398004055023
bgd,2003,1.00907003879547
bgd,2004,1.00870001316071
bgd,2005,1.01915001869202
bgd,2009,1.00906002521515
bgd,2010,0.98717999458313
bgd,2011,0.973619997501373
bgd,2013,1.00044000148773
bgr,1971,1.04077994823456
bgr,1972,1.03373003005981
bgr,1973,1.02651000022888
bgr,1974,0.986989974975586
bgr,1975,1.01617002487183
bgr,1976,1.00888001918793
bgr,1977,1.00589001178741
bgr,1978,1.00791001319885
bgr,1979,0.973760008811951
bgr,1980,0.999729990959167
bgr,1981,0.992410004138947
bgr,1982,0.994449973106384
bgr,1983,0.986940026283264
bgr,1984,0.992229998111725
bgr,1985,0.987720012664795
bgr,1986,0.989939987659454
bgr,1987,0.990520000457764
bgr,1988,0.993570029735565
bgr,1989,0.995940029621124
bgr,1990,1.00592005252838
bgr,1991,1.00923001766205
bgr,1992,1.00177001953125
bgr,1993,0.992139995098114
bgr,1994,0.984160006046295
bgr,1995,0.984939992427826
bgr,1996,0.986880004405975
bgr,1997,0.972809970378876
bgr,1998,0.98701000213623
bgr,1999,0.991349995136261
bgr,2000,0.997829973697662
bgr,2001,0.990469992160797
bgr,2002,0.993170022964478
bgr,2003,0.987580001354218
bgr,2004,0.991890013217926
bgr,2005,0.995940029621124
bgr,2006,1.00102996826172
bgr,2007,0.9930300116539
bgr,2008,0.990459978580475
bgr,2009,0.991840004920959
bgr,2010,0.989139974117279
bgr,2011,0.993160009384155
bgr,2012,0.988960027694702
bgr,2013,0.98811000585556
bgr,2014,0.988439977169037
bhr,1974,0.898899972438812
bhr,1975,0.904550015926361
bhr,1976,0.97978001832962
bhr,1977,1.00363004207611
bhr,1978,0.982609987258911
bhr,1979,0.986190021038055
bhr,1980,0.941209971904755
bhr,1981,0.943199992179871
bhr,1982,0.953809976577759
bhr,1983,0.968519985675812
bhr,1984,0.980139970779419
bhr,1985,0.925750017166138
bhr,1986,0.946690022945404
bhr,1987,0.919080018997192
bhr,1988,0.952700018882751
bhr,1989,0.96739000082016
bhr,1991,1.00820994377136
bhr,1992,1.00836002826691
bhr,1993,0.977140009403229
bhr,1994,0.967729985713959
bhr,1995,0.920239984989166
bhr,1996,0.937529981136322
bhr,1997,0.979849994182587
bhr,1998,0.978429973125458
bhr,1999,0.927320003509521
bhr,2000,0.939890027046204
bhr,2001,0.936309993267059
bhr,2002,0.931389987468719
bhr,2003,0.933390021324158
bhr,2004,0.964410006999969
bhr,2005,0.987839996814728
bhr,2006,1.00815999507904
bhr,2008,1.00139999389648
bhr,2009,0.995689988136292
bhr,2010,0.994840025901794
bhr,2011,1.02305996417999
bhr,2012,0.990220010280609
bhr,2013,0.995940029621124
bhr,2014,0.998019993305206
bhs,1993,1.0168399810791
bhs,1997,1.02301001548767
bhs,1999,1.07732999324799
bhs,2000,1.07232999801636
bhs,2002,0.97817999124527
bih,2005,0.962019979953766
bih,2006,0.944980025291443
bih,2007,0.945150017738342
bih,2008,0.962230026721954
bih,2009,0.970659971237183
bih,2010,0.986559987068176
bih,2011,0.956560015678406
bih,2012,0.96220999956131
bih,2013,0.96017998456955
bih,2014,0.944079995155334
blr,1995,0.863610029220581
blr,1996,0.884310007095337
blr,1997,0.895340025424957
blr,1999,0.912500023841858
blr,2000,0.945280015468597
blr,2001,0.969749987125397
blr,2002,0.972630023956299
blr,2003,0.978720009326935
blr,2004,0.974860012531281
blr,2005,0.975820004940033
blr,2006,0.977270007133484
blr,2007,0.978969991207123
blr,2008,0.97681999206543
blr,2009,0.976019978523254
blr,2010,0.978720009326935
blr,2011,0.97409999370575
blr,2012,0.972890019416809
blr,2013,0.962490022182465
blr,2014,0.959089994430542
blz,1986,1.12767994403839
blz,1987,1.12697005271912
blz,1990,1.1517299413681
blz,1991,1.12683999538422
blz,1992,1.05236995220184
blz,1993,0.9930499792099
blz,1994,1.00768005847931
blz,1995,1.08898997306824
blz,1996,1.08719003200531
blz,1997,1.07394003868103
blz,1999,1.02206003665924
blz,2000,0.963609993457794
blz,2001,1.05272996425629
blz,2003,1.06763005256653
blz,2004,1.00577998161316
blz,2005,1.08752000331879
blz,2006,1.08700001239777
blz,2007,1.07058000564575
blz,2008,1.04082000255585
blz,2009,1.04548001289368
blz,2010,1.07267999649048
blz,2011,1.01660001277924
blz,2012,1.00454998016357
blz,2013,1.00592994689941
blz,2014,1.02269005775452
bmu,1971,0.935899972915649
bmu,1977,0.991859972476959
bmu,1979,0.984769999980927
bmu,1980,0.997979998588562
bmu,1981,1.06453001499176
bmu,1982,1.00618994235992
bmu,1983,1.07993996143341
bmu,1984,0.957639992237091
bmu,1985,0.996800005435944
bmu,2001,1.19142997264862
bmu,2002,1.09238994121552
bmu,2003,1.10414004325867
bmu,2004,1.04693996906281
bmu,2005,0.914960026741028
bmu,2006,0.919640004634857
bmu,2010,0.822250008583069
bmu,2011,0.994830012321472
bmu,2012,0.953130006790161
bmu,2013,0.889400005340576
bmu,2014,1.02830004692078
bol,1971,0.890420019626617
bol,1972,0.896780014038086
bol,1980,0.992060005664825
bol,1984,1.00806999206543
bol,1986,0.987269997596741
bol,1989,0.98921000957489
bol,1990,0.992640018463135
bol,1991,0.985329985618591
bol,1992,0.986590027809143
bol,1993,0.98005998134613
bol,1994,0.989839971065521
bol,1995,0.999710023403168
bol,1996,1.00107002258301
bol,1997,1.00224995613098
bol,1998,0.997929990291595
bol,1999,1.00396001338959
bol,2000,0.996089994907379
bol,2001,0.999199986457825
bol,2002,1.00889003276825
bol,2003,1.0001699924469
bol,2004,1.00303995609283
bol,2006,1.0048600435257
bol,2007,0.998340010643005
bol,2008,0.994880020618439
bol,2009,1.00075995922089
bol,2010,1.00155997276306
bol,2011,0.991320013999939
bol,2012,0.932889997959137
bol,2013,0.983399987220764
bra,2013,1.00908005237579
brb,1974,1.06139004230499
brb,1978,1.16112005710602
brb,1979,1.18798005580902
brb,1980,1.02213001251221
brb,1981,1.00769996643066
brb,1982,1.10754001140594
brb,1983,0.972909986972809
brb,1999,0.98088002204895
brb,2000,1.03554999828339
brb,2001,1.06386995315552
brb,2002,1.01778995990753
brb,2003,1.00637996196747
brb,2004,1.01679003238678
brb,2005,0.999599993228912
brb,2006,1.01008999347687
brb,2007,0.99481999874115
brb,2008,1.0563999414444
brb,2009,1.01947999000549
brb,2010,1.05691003799438
brb,2011,1.03417003154755
brb,2014,1.03602004051208
brn,1978,0.988669991493225
brn,1979,0.970059990882874
brn,1980,0.993690013885498
brn,1981,1.02515995502472
brn,1982,0.9932000041008
brn,1983,1.0141099691391
brn,1984,1.00494003295898
brn,1986,0.954439997673035
brn,1987,0.999490022659302
brn,1988,1.16364002227783
brn,1989,0.987959980964661
brn,1991,0.971780002117157
brn,1992,0.98403000831604
brn,1993,1.03128004074097
brn,1994,1.02959001064301
brn,1995,1.02626001834869
brn,1996,1.02321004867554
brn,1997,1.02860999107361
brn,1998,1.0137300491333
brn,1999,1.03104996681213
brn,2000,1.03840005397797
brn,2001,0.996209979057312
brn,2002,1.009889960289
brn,2003,0.967429995536804
brn,2004,0.987600028514862
brn,2005,0.997210025787354
brn,2006,0.992760002613068
brn,2007,1.02546000480652
brn,2008,1.03354001045227
brn,2009,1.01753997802734
brn,2010,0.991270005702972
brn,2011,1.02546000480652
brn,2012,1.01165997982025
brn,2013,1.03997004032135
brn,2014,1.01707994937897
btn,1995,1.17539000511169
btn,1998,0.944199979305267
btn,1999,0.923039972782135
btn,2000,0.971499979496002
btn,2005,0.927630007266998
btn,2007,1.0456600189209
btn,2008,1.09170997142792
btn,2010,0.931349992752075
btn,2011,1.08345997333527
btn,2012,0.95780998468399
btn,2013,0.989629983901978
btn,2014,1.07706999778748
bwa,2005,0.997910022735596
bwa,2006,1.04446995258331
bwa,2007,1.03601002693176
bwa,2008,1.03127002716064
bwa,2009,1.02593994140625
bwa,2012,1.00231003761292
bwa,2013,0.986720025539398
caf,1971,0.834810018539429
caf,1972,0.866810023784637
caf,1973,0.898050010204315
caf,1987,0.644140005111694
caf,2003,1.04847002029419
caf,2005,1.03242003917694
caf,2006,1.04929995536804
caf,2007,1.0675300359726
caf,2008,1.00819003582001
caf,2009,1.02269995212555
caf,2011,1.01657998561859
can,1971,0.990880012512207
can,1972,0.99371999502182
can,1973,0.996230006217957
can,1974,0.990909993648529
can,1975,0.991859972476959
can,1976,0.99235999584198
can,1977,0.992420017719269
can,1978,0.993089973926544
can,1980,0.998499989509583
can,1981,1.00464999675751
can,1982,0.999080002307892
can,1983,0.995559990406036
can,1984,0.996510028839111
can,1985,0.98879998922348
can,1986,1.00023996829987
can,1987,1.00232005119324
can,1988,1.00010001659393
can,1989,0.999549984931946
can,1990,0.992110013961792
can,1991,0.997940003871918
can,1992,1.0001300573349
can,1993,0.99905002117157
can,1994,0.997910022735596
can,1995,0.994639992713928
can,1996,0.995609998703003
can,1998,1.00677001476288
can,1999,0.993669986724854
can,2000,0.993730008602142
can,2005,0.998969972133636
can,2006,1.00108003616333
can,2007,1.00441002845764
can,2008,1.00416994094849
can,2009,1.00552999973297
can,2010,1.00104999542236
can,2011,1.00512003898621
can,2012,0.998950004577637
can,2013,0.993099987506866
che,1977,0.911509990692139
che,1978,0.989149987697601
che,1979,0.992129981517792
che,1980,0.995970010757446
che,1981,0.998600006103516
che,1982,1.00838005542755
che,1983,0.999289989471436
che,1984,0.988340020179749
che,1985,0.986689984798431
che,1986,0.986689984798431
che,1987,0.98555999994278
che,1988,0.991609990596771
che,1989,0.995880007743835
che,1990,0.988699972629547
che,1991,0.999559998512268
che,1992,0.996190011501312
che,1993,0.986360013484955
che,1994,0.982249975204468
che,1995,0.979380011558533
che,1996,0.984380006790161
che,1998,0.999289989471436
che,1999,0.996370017528534
che,2000,1.00048005580902
che,2001,1.00214004516602
che,2002,1.00142002105713
che,2003,1.00593996047974
che,2004,1.0001699924469
che,2005,0.996829986572266
che,2006,0.991100013256073
che,2007,0.99084997177124
che,2008,1.00152003765106
che,2009,1.00274002552032
che,2010,1.00638997554779
che,2011,1.01003003120422
che,2012,1.00121998786926
che,2013,0.990230023860931
che,2014,0.983529984951019
chl,1970,1.11270999908447
chl,1971,1.10818994045258
chl,1972,1.0565299987793
chl,1973,1.0402899980545
chl,1976,1.04990994930267
chl,1977,1.05200004577637
chl,1978,1.03683996200562
chl,1979,1.0375599861145
chl,1984,0.995760023593903
chl,1985,0.990670025348663
chl,1986,0.987569987773895
chl,1988,0.993399977684021
chl,1989,0.990809977054596
chl,1990,0.993809998035431
chl,1991,0.998560011386871
chl,1992,0.990440011024475
chl,1993,0.990769982337952
chl,1994,0.993330001831055
chl,1995,0.991110026836395
chl,1996,0.994840025901794
chl,1998,0.984099984169006
chl,1999,0.985790014266968
chl,2000,0.99260002374649
chl,2002,0.991299986839294
chl,2003,0.986299991607666
chl,2004,0.991169989109039
chl,2005,1.00514996051788
chl,2006,1.02251005172729
chl,2007,1.03717005252838
chl,2008,1.04539000988007
chl,2009,1.04762995243073
chl,2010,0.961979985237122
chl,2011,0.969430029392242
chl,2012,0.973119974136353
chl,2013,0.970359981060028
chl,2014,0.97613000869751
chn,1984,0.964049994945526
chn,1985,0.922590017318726
chn,1986,0.946430027484894
chn,1987,0.958459973335266
chn,1988,0.936209976673126
chn,1989,0.931439995765686
chn,1990,0.925000011920929
chn,1991,0.968540012836456
chn,1992,0.953530013561249
chn,1993,0.957799971103668
chn,1994,0.95999002456665
chn,1995,0.958169996738434
chn,1996,0.96152001619339
chn,1997,0.959450006484985
chn,1998,0.971000015735626
chn,1999,0.972609996795654
chn,2000,0.963789999485016
chn,2001,0.969359993934631
chn,2002,0.944419980049133
chn,2003,0.942210018634796
chn,2006,0.942359983921051
chn,2007,0.936439990997314
chn,2008,0.937189996242523
chn,2009,0.944850027561188
chn,2010,0.953320026397705
chn,2011,0.969020009040833
chn,2012,0.997240006923676
chn,2013,1.00720000267029
chn,2014,1.0020899772644
civ,1971,1.06981003284454
civ,1972,1.02628004550934
civ,1973,1.02383005619049
civ,1976,0.944819986820221
civ,1977,0.914030015468597
civ,1978,0.855780005455017
civ,1979,0.898660004138947
civ,1980,0.9028400182724
civ,1981,0.884310007095337
civ,1982,0.945720016956329
civ,1983,0.987789988517761
civ,1984,1.00240004062653
civ,1985,0.926349997520447
civ,1986,0.921909987926483
civ,1987,0.907519996166229
civ,1988,0.923539996147156
civ,1989,0.934119999408722
civ,1990,0.94471001625061
civ,1991,0.940379977226257
civ,1992,0.938950002193451
civ,1993,0.922110021114349
civ,1994,0.960590004920959
civ,1995,0.929340004920959
civ,1996,0.943490028381348
civ,1997,0.943480014801025
civ,1998,1.04637002944946
civ,1999,0.965640008449554
civ,2000,0.964630007743835
civ,2001,0.976180016994476
civ,2002,0.989409983158112
civ,2003,0.969669997692108
civ,2006,0.991199970245361
civ,2007,1.00334000587463
civ,2008,0.982940018177032
civ,2009,0.977129995822906
civ,2011,1.00628995895386
civ,2012,1.00021004676819
civ,2013,0.99439001083374
civ,2014,1.0001300573349
cmr,1971,0.961459994316101
cmr,1976,0.949199974536896
cmr,1977,0.949289977550507
cmr,1978,0.974479973316193
cmr,1979,0.965309977531433
cmr,1980,0.944679975509644
cmr,1981,0.971220016479492
cmr,1983,0.910600006580353
cmr,1984,0.9862300157547
cmr,1985,1.03534996509552
cmr,1986,0.958019971847534
cmr,1987,0.993229985237122
cmr,1988,0.910189986228943
cmr,1989,0.967989981174469
cmr,1990,0.99575001001358
cmr,1991,1.00943005084991
cmr,1992,1.01032996177673
cmr,1994,0.993809998035431
cmr,1995,0.993969976902008
cmr,1997,1.02603995800018
cmr,1998,1.00648999214172
cmr,1999,0.950689971446991
cmr,2000,0.990729987621307
cmr,2001,1.00919997692108
cmr,2002,1.00300002098083
cmr,2003,1.00688004493713
cmr,2004,0.996860027313232
cmr,2005,1.00898003578186
cmr,2006,1.00892996788025
cmr,2007,1.01191997528076
cmr,2008,1.02242004871368
cmr,2009,1.02874004840851
cmr,2010,1.0220799446106
cmr,2011,1.02930998802185
cmr,2012,1.02651000022888
cmr,2014,1.02029001712799
cod,1973,0.92330002784729
cod,1993,1.09345996379852
cod,2001,0.992079973220825
cod,2002,1.0179899930954
cod,2007,1.06063997745514
cod,2008,1.05672001838684
cod,2009,1.06498003005981
cod,2010,1.07219994068146
cod,2011,1.06068003177643
cod,2012,1.06836998462677
cod,2013,1.07798004150391
cod,2014,1.07405996322632
cog,1971,0.766730010509491
cog,1973,0.809300005435944
cog,1978,0.949530005455017
cog,1981,1.0006799697876
cog,1982,0.992699980735779
cog,1983,1.02794003486633
cog,1984,0.954219996929169
cog,1985,0.951250016689301
cog,1986,0.988489985466003
cog,1987,1.01979994773865
cog,1988,1.08668994903564
cog,1989,1.06038999557495
cog,1990,1.00496995449066
cog,1991,1.01060998439789
cog,1992,1.07263994216919
cog,1993,1.10854995250702
cog,1994,1.10459995269775
cog,1995,1.05563998222351
cog,1996,1.05525004863739
cog,1997,1.0765700340271
cog,1998,1.09661996364594
cog,1999,1.61577999591827
cog,2000,1.50383996963501
cog,2001,1.07351994514465
cog,2002,1.07986998558044
cog,2003,1.07627999782562
cog,2004,1.0728600025177
cog,2005,1.03847002983093
cog,2006,1.11289000511169
cog,2007,1.07052004337311
cog,2008,1.01383996009827
cog,2009,1.12583994865417
cog,2010,1.06804001331329
cog,2011,0.978720009326935
cog,2012,0.988290011882782
col,1983,1.08167004585266
col,1984,1.03289997577667
col,1985,1.03324997425079
col,1986,1.03409004211426
col,1987,1.0348299741745
col,1988,1.03540003299713
col,1989,1.03553998470306
col,1992,1.07016003131866
col,1993,1.00963997840881
col,1996,1.02691996097565
col,1998,1.02593004703522
col,1999,1.02119994163513
col,2000,1.01686000823975
col,2001,1.00858998298645
col,2002,1.00871002674103
col,2004,1.00350999832153
col,2005,0.986329972743988
col,2006,1.00573003292084
col,2007,0.990390002727509
col,2008,0.993759989738464
col,2009,0.992860019207001
col,2010,0.996450006961823
col,2011,0.998920023441315
com,1999,1.07983005046844
com,2003,0.913269996643066
com,2004,0.968519985675812
com,2008,0.964349985122681
com,2013,1.05109000205994
cpv,1999,0.801519989967346
cpv,2001,1.05816996097565
cpv,2002,1.01098001003265
cpv,2003,1.021360039711
cpv,2004,1.05034005641937
cpv,2005,1.00206005573273
cpv,2006,1.00343000888824
cpv,2007,1.00950002670288
cpv,2008,1.01910996437073
cpv,2009,1.04778003692627
cpv,2010,1.02445995807648
cpv,2011,1.02445995807648
cpv,2012,1.0237900018692
cpv,2013,1.0009800195694
cpv,2014,0.997479975223541
cri,1970,1.10853004455566
cri,1971,1.00528001785278
cri,1972,1.04439997673035
cri,1973,1.02251994609833
cri,1974,0.953270018100739
cri,1975,1.01906001567841
cri,1976,1.04701995849609
cri,1977,0.832849979400635
cri,1980,1.0056699514389
cri,1981,1.01298999786377
cri,1982,1.00106000900269
cri,1983,1.01783001422882
cri,1984,1.01331996917725
cri,1985,1.02648997306824
cri,1986,1.01068997383118
cri,1987,1.01604998111725
cri,1988,1.01566004753113
cri,1989,1.00848996639252
cri,1990,1.00783002376556
cri,1991,1.01182997226715
cri,1992,1.01031994819641
cri,1993,1.00226998329163
cri,1994,1.00592005252838
cri,1995,1.00229001045227
cri,1996,0.985080003738403
cri,1997,0.988879978656769
cri,1998,1.00325000286102
cri,1999,0.99005001783371
cri,2000,1.00253999233246
cri,2001,1.00085997581482
cri,2002,1.00527000427246
cri,2004,1.00473999977112
cri,2005,1.0019199848175
cri,2006,0.997929990291595
cri,2008,0.989560008049011
cri,2009,0.998700022697449
cri,2010,1.00916004180908
cri,2011,1.00547003746033
cri,2012,1.00451004505157
cri,2013,0.996370017528534
cri,2014,1.0056300163269
cub,1971,1.01882994174957
cub,1972,1.0140700340271
cub,1973,1.01082003116608
cub,1974,1.02112996578217
cub,1975,1.01690995693207
cub,1976,1.00258994102478
cub,1977,1.00123000144958
cub,1978,1.01245999336243
cub,1979,0.992550015449524
cub,1980,1.00417995452881
cub,1981,0.997699975967407
cub,1982,0.998019993305206
cub,1983,0.990299999713898
cub,1984,0.988120019435883
cub,1985,0.990649998188019
cub,1986,0.808449983596802
cub,1987,0.792540013790131
cub,1988,0.826929986476898
cub,1989,0.813009977340698
cub,1990,0.816609978675842
cub,1991,0.820789992809296
cub,1992,0.792620003223419
cub,1993,0.799470007419586
cub,1994,0.755270004272461
cub,1995,1.01170003414154
cub,1996,0.996280014514923
cub,1997,0.995419979095459
cub,1998,1.02504003047943
cub,1999,1.04072999954224
cub,2000,1.03136003017426
cub,2001,1.02202999591827
cub,2002,1.02366995811462
cub,2003,0.986180007457733
cub,2004,0.986940026283264
cub,2005,0.984070003032684
cub,2006,0.984470009803772
cub,2007,0.989740014076233
cub,2008,1.00127995014191
cub,2009,0.990559995174408
cub,2010,0.988430023193359
cub,2011,0.990000009536743
cub,2012,0.986660003662109
cub,2013,0.966329991817474
cub,2014,1.01115000247955
cyp,1971,0.994859993457794
cyp,1972,0.96586000919342
cyp,1973,1.03908002376556
cyp,1974,0.985379993915558
cyp,1975,0.989849984645844
cyp,1976,1.01751005649567
cyp,1977,1.03866994380951
cyp,1978,1.02656996250153
cyp,1979,1.01415002346039
cyp,1980,0.982230007648468
cyp,1981,0.986299991607666
cyp,1982,0.96288001537323
cyp,1983,0.967710018157959
cyp,1984,1.00285005569458
cyp,1985,0.975929975509644
cyp,1986,0.974669992923737
cyp,1987,0.989109992980957
cyp,1988,0.984510004520416
cyp,1989,1.00839996337891
cyp,1990,1.00013995170593
cyp,1991,0.995329976081848
cyp,1992,1.02648997306824
cyp,1993,0.980000019073486
cyp,1994,0.988870024681091
cyp,1995,0.972289979457855
cyp,1996,0.999260008335114
cyp,1997,1.0020899772644
cyp,1999,1.01586997509003
cyp,2000,1.00506997108459
cyp,2001,1.00443994998932
cyp,2002,0.998340010643005
cyp,2003,1.0092099905014
cyp,2004,1.00417995452881
cyp,2005,0.974420011043549
cyp,2006,0.977880001068115
cyp,2007,0.98649001121521
cyp,2008,0.98649001121521
cyp,2009,0.995819985866547
cyp,2010,0.996900022029877
cyp,2011,0.986940026283264
cyp,2012,0.984950006008148
cyp,2013,0.998369991779327
cyp,2014,1.00514996051788
cze,1971,1.09227001667023
cze,1972,1.09158003330231
cze,1973,1.09158003330231
cze,1974,1.09207999706268
cze,1975,1.09253001213074
cze,1976,1.09309995174408
cze,1977,1.09323000907898
cze,1978,1.05063998699188
cze,1979,1.05094003677368
cze,1980,1.05111002922058
cze,1981,1.05130004882813
cze,1982,1.05137002468109
cze,1983,1.05157005786896
cze,1984,1.0518000125885
cze,1985,1.05194997787476
cze,1986,1.05203998088837
cze,1987,1.05236005783081
cze,1988,1.0524799823761
cze,1989,1.07360994815826
cze,1990,1.0654000043869
cze,1991,0.97504997253418
cze,1992,1.45204997062683
cze,1993,1.06169998645782
cze,1994,1.00599002838135
cze,1995,1.02898001670837
cze,1996,1.00296998023987
cze,1997,0.997680008411407
cze,1998,0.997900009155273
cze,1999,1.06554996967316
cze,2000,0.99975997209549
cze,2001,0.998960018157959
cze,2002,0.999419987201691
cze,2003,0.99906998872757
cze,2004,0.970269978046417
cze,2005,0.96916002035141
cze,2006,0.964309990406036
cze,2007,0.964619994163513
cze,2008,0.968800008296967
cze,2009,0.963859975337982
cze,2010,0.969950020313263
cze,2011,0.968190014362335
cze,2012,0.967670023441315
cze,2013,0.975179970264435
cze,2014,0.975950002670288
deu,1993,1.00283002853394
deu,1994,0.995350003242493
deu,1995,0.97367000579834
deu,1996,0.972500026226044
deu,1997,0.992410004138947
deu,1998,0.994549989700317
deu,1999,0.982969999313354
deu,2000,0.960120022296906
deu,2001,0.987349987030029
deu,2002,0.982500016689301
deu,2003,0.964600026607513
deu,2004,0.988229990005493
deu,2005,0.989530026912689
deu,2006,0.989319980144501
deu,2007,0.988319993019104
deu,2008,0.987550020217896
deu,2009,0.989170014858246
deu,2010,0.988340020179749
deu,2011,0.989480018615723
deu,2012,0.990790009498596
deu,2013,0.988300025463104
deu,2014,0.992380023002625
dji,1972,3.33289003372192
dji,1973,0.884769976139069
dji,1974,0.92246001958847
dji,1975,1.17984998226166
dji,1976,1.35811996459961
dji,1985,1.02445995807648
dji,1986,1.00584995746613
dji,1987,1.00531005859375
dji,1988,1.07997000217438
dji,1989,0.93791002035141
dji,1990,1.42062997817993
dji,1991,1.47616004943848
dji,1992,1.44599997997284
dji,1993,1.91264998912811
dji,1994,1.78673005104065
dji,1995,1.36662995815277
dji,1996,1.5188399553299
dji,1997,1.17715001106262
dji,1998,1.27109003067017
dji,1999,1.51403999328613
dji,2000,1.25990998744965
dji,2001,1.45765995979309
dji,2002,1.02667999267578
dji,2004,0.996730029582977
dji,2006,0.924780011177063
dji,2007,0.90667998790741
dji,2008,0.914759993553162
dji,2009,0.962000012397766
dji,2011,0.980570018291473
dji,2012,1.01816999912262
dji,2015,0.87117999792099
dma,1974,1.11275994777679
dma,1975,1.18423998355865
dma,1976,1.26978003978729
dma,1977,1.39584994316101
dma,1979,1.15857994556427
dma,1990,1.2815899848938
dma,1991,1.28341996669769
dma,1992,1.35043001174927
dma,1999,1.09775996208191
dma,2000,1.33188998699188
dma,2001,1.07192003726959
dma,2002,1.04695999622345
dma,2003,0.909529983997345
dma,2004,1.07558000087738
dma,2005,1.01216995716095
dma,2006,1.01698005199432
dma,2007,1.03275001049042
dma,2008,0.995549976825714
dma,2009,1.03146004676819
dma,2010,1.01979994773865
dma,2011,1.10214996337891
dma,2012,1.04631996154785
dma,2013,0.931439995765686
dma,2014,0.927940011024475
dnk,1971,0.982379972934723
dnk,1972,1.00331997871399
dnk,1973,0.994159996509552
dnk,1974,0.999870002269745
dnk,1975,1.00274002552032
dnk,1976,1.00157999992371
dnk,1977,1.00627994537354
dnk,1978,0.995609998703003
dnk,1979,1.01037001609802
dnk,1980,0.996270000934601
dnk,1981,1.00197005271912
dnk,1982,1.00808000564575
dnk,1983,0.984879970550537
dnk,1984,1.00002002716064
dnk,1985,1.00753998756409
dnk,1986,1.00511002540588
dnk,1987,1.01043999195099
dnk,1988,1.00873005390167
dnk,1989,0.99057000875473
dnk,1990,0.996829986572266
dnk,1991,0.988550007343292
dnk,1992,0.997680008411407
dnk,1993,1.01321995258331
dnk,1994,1.0176500082016
dnk,1995,1.01803994178772
dnk,1996,1.00707995891571
dnk,1998,1.00330996513367
dnk,1999,0.998099982738495
dnk,2000,0.997680008411407
dnk,2001,1.00181996822357
dnk,2002,0.995559990406036
dnk,2003,0.996890008449554
dnk,2004,0.997990012168884
dnk,2005,1.00786995887756
dnk,2006,1.01269996166229
dnk,2007,1.00023996829987
dnk,2008,0.990490019321442
dnk,2009,0.991360008716583
dnk,2010,0.965319991111755
dnk,2011,0.968590021133423
dnk,2012,0.968879997730255
dnk,2013,0.9721599817276
dnk,2014,1.00469994544983
dom,1994,1.06825995445251
dom,1997,1.00334000587463
dom,1998,1.01670002937317
dom,1999,1.0119800567627
dom,2000,1.01584005355835
dom,2002,0.942910015583038
dom,2003,1.01208996772766
dom,2004,1.01284003257751
dom,2005,0.998220026493073
dom,2006,1.00153994560242
dom,2007,1.00624001026154
dom,2008,0.999989986419678
dom,2009,0.899699985980988
dom,2010,0.99329000711441
dom,2011,1.02539002895355
dom,2012,1.03886997699738
dom,2013,1.0401599407196
dom,2014,1.04491996765137
dza,1993,1.01212000846863
dza,1994,0.946370005607605
dza,1995,0.968670010566711
dza,1996,1.00797998905182
dza,1997,1.00121998786926
dza,1999,1.00350999832153
dza,2000,0.986450016498566
dza,2001,0.992879986763
dza,2003,0.988829970359802
dza,2004,0.962930023670197
dza,2005,0.960210025310516
dza,2006,0.92058002948761
dza,2007,1.02516996860504
dza,2008,0.933319985866547
dza,2009,0.935459971427917
dza,2010,0.948490023612976
dza,2011,1.00776994228363
eap,1983,0.993680000305176
eap,1984,0.99251002073288
eap,1985,0.95524001121521
eap,1986,0.975920021533966
eap,1987,0.981959998607636
eap,1988,0.963800013065338
eap,1989,0.958710014820099
eap,1990,0.952449977397919
eap,1991,0.984260022640228
eap,1992,0.969089984893799
eap,1993,0.970619976520538
eap,1994,0.971920013427734
eap,1995,0.970629990100861
eap,1996,0.971549987792969
eap,1997,0.969089984893799
eap,1998,0.979839980602264
eap,1999,0.966820001602173
eap,2000,0.963630020618439
eap,2001,0.970000028610229
eap,2002,0.952509999275208
eap,2003,0.950760006904602
eap,2004,0.954360008239746
eap,2005,0.945559978485107
eap,2006,0.93614000082016
eap,2007,0.937560021877289
eap,2008,0.952170014381409
eap,2009,0.958090007305145
eap,2010,0.958809971809387
eap,2011,0.966170012950897
eap,2012,0.98360002040863
eap,2013,0.987569987773895
eap,2014,0.98555999994278
eas,1981,0.998080015182495
eas,1982,1.00088000297546
eas,1983,0.994629979133606
eas,1984,0.993600010871887
eas,1985,0.961709976196289
eas,1986,0.979170024394989
eas,1987,0.984579980373383
eas,1988,0.96807998418808
eas,1989,0.963800013065338
eas,1990,0.958259999752045
eas,1991,0.987119972705841
eas,1992,0.973469972610474
eas,1993,0.974780023097992
eas,1994,0.975899994373322
eas,1995,0.974960029125214
eas,1996,0.975539982318878
eas,1997,0.973760008811951
eas,1998,0.986249983310699
eas,1999,0.975260019302368
eas,2000,0.972109973430634
eas,2001,0.978240013122559
eas,2002,0.963460028171539
eas,2003,0.961499989032745
eas,2004,0.964349985122681
eas,2005,0.956459999084473
eas,2006,0.94734001159668
eas,2007,0.94811999797821
eas,2008,0.960900008678436
eas,2009,0.965709984302521
eas,2010,0.966189980506897
eas,2011,0.972130000591278
eas,2012,0.987249970436096
eas,2013,0.990610003471375
eas,2014,0.988399982452393
eca,1985,0.920679986476898
eca,1986,0.920830011367798
eca,1987,0.920970022678375
eca,1988,0.920989990234375
eca,1989,0.921190023422241
eca,1990,0.921999990940094
eca,1991,0.923629999160767
eca,1992,0.922399997711182
eca,1993,0.920520007610321
eca,1994,0.919470012187958
eca,1995,0.922039985656738
eca,1996,0.929790019989014
eca,1997,0.93367999792099
eca,1998,0.940439999103546
eca,1999,0.953390002250671
eca,2000,0.959819972515106
eca,2001,0.962260007858276
eca,2002,0.966769993305206
eca,2003,0.967830002307892
eca,2004,0.974229991436005
eca,2005,0.974849998950958
eca,2006,0.977270007133484
eca,2007,0.981750011444092
eca,2008,0.98895001411438
eca,2009,0.987709999084473
eca,2010,0.987429976463318
eca,2011,0.988430023193359
eca,2012,0.990079998970032
eca,2013,0.988039970397949
eca,2014,0.987749993801117
ecs,1970,0.967339992523193
ecs,1971,0.968200027942657
ecs,1972,0.968379974365234
ecs,1973,0.964119970798492
ecs,1974,0.971119999885559
ecs,1975,0.964370012283325
ecs,1976,0.969349980354309
ecs,1977,0.965759992599487
ecs,1978,0.963190019130707
ecs,1979,0.960860013961792
ecs,1980,0.963129997253418
ecs,1981,0.963590025901794
ecs,1982,0.963190019130707
ecs,1983,0.962599992752075
ecs,1984,0.962960004806519
ecs,1985,0.958310008049011
ecs,1986,0.957849979400635
ecs,1987,0.960110008716583
ecs,1988,0.958819985389709
ecs,1989,0.958400011062622
ecs,1990,0.958700001239777
ecs,1991,0.959219992160797
ecs,1992,0.964119970798492
ecs,1993,0.960189998149872
ecs,1994,0.960749983787537
ecs,1995,0.959839999675751
ecs,1996,0.962970018386841
ecs,1997,0.969229996204376
ecs,1998,0.973959982395172
ecs,1999,0.980159997940063
ecs,2000,0.978429973125458
ecs,2001,0.982469975948334
ecs,2002,0.983250021934509
ecs,2003,0.980960011482239
ecs,2004,0.985570013523102
ecs,2005,0.98701000213623
ecs,2006,0.988860011100769
ecs,2007,0.990450024604797
ecs,2008,0.992429971694946
ecs,2009,0.991530001163483
ecs,2010,0.991959989070892
ecs,2011,0.990679979324341
ecs,2012,0.991089999675751
ecs,2013,0.98785001039505
ecs,2014,0.990339994430542
ecu,1971,1.06067001819611
ecu,1973,1.03760004043579
ecu,1974,1.0543600320816
ecu,1975,1.05113005638123
ecu,1976,1.05202996730804
ecu,1977,1.06433999538422
ecu,1978,1.04786002635956
ecu,1979,1.07248997688293
ecu,1980,1.06939995288849
ecu,1981,1.05843997001648
ecu,1982,1.07102000713348
ecu,1983,1.03507995605469
ecu,1984,1.04298996925354
ecu,1985,1.09961998462677
ecu,1986,1.0492000579834
ecu,1987,1.03710997104645
ecu,1988,1.03457999229431
ecu,1993,1.06218004226685
ecu,1994,1.04018998146057
ecu,1995,1.01681995391846
ecu,1996,1.03568994998932
ecu,1997,1.03375005722046
ecu,1998,1.04039001464844
ecu,1999,1.03711998462677
ecu,2000,1.03137004375458
ecu,2001,1.03371000289917
ecu,2002,1.03536999225616
ecu,2003,1.03259003162384
ecu,2004,1.00551998615265
ecu,2005,1.02243995666504
ecu,2006,1.01381003856659
ecu,2007,1.01348996162415
ecu,2010,1.01440000534058
ecu,2011,1.01960003376007
ecu,2012,1.02804005146027
ecu,2013,1.03214001655579
ecu,2014,1.02090001106262
egy,1971,1.10778999328613
egy,1972,1.04976999759674
egy,1973,1.05077004432678
egy,1974,1.07264995574951
egy,1975,1.07055997848511
egy,1976,1.04183995723724
egy,1977,1.01101005077362
egy,1979,1.06217002868652
egy,1980,1.01835000514984
egy,1981,1.02295994758606
egy,1982,1.02127003669739
egy,1983,1.00701999664307
egy,1986,0.998979985713959
egy,1987,0.99466997385025
egy,1988,0.990149974822998
egy,1989,0.98716002702713
egy,1990,0.99031001329422
egy,1991,0.999400019645691
egy,1992,0.992410004138947
egy,1993,0.987049996852875
egy,1994,0.978860020637512
egy,1995,0.979820013046265
egy,1996,0.97052001953125
egy,1997,0.966600000858307
egy,1998,0.965839982032776
egy,1999,0.958580017089844
egy,2000,0.95813000202179
egy,2001,0.957170009613037
egy,2002,0.954460024833679
egy,2003,0.959800004959106
egy,2004,0.961359977722168
egy,2005,0.958270013332367
egy,2006,0.955799996852875
egy,2007,0.95388001203537
egy,2008,0.963909983634949
egy,2009,0.962320029735565
egy,2010,0.87388002872467
egy,2011,0.967960000038147
egy,2012,0.965969979763031
egy,2013,0.969489991664886
egy,2014,0.980970025062561
emu,1970,1.00946998596191
emu,1971,1.00959002971649
emu,1972,1.00800001621246
emu,1973,0.995159983634949
emu,1974,1.01101994514465
emu,1975,0.999430000782013
emu,1976,1.01402997970581
emu,1977,1.01133000850677
emu,1978,1.01166999340057
emu,1979,1.00958001613617
emu,1980,1.01010000705719
emu,1981,1.00996994972229
emu,1982,1.00799000263214
emu,1983,1.00516998767853
emu,1984,1.00485002994537
emu,1985,1.0042599439621
emu,1986,1.00068998336792
emu,1987,1.00490999221802
emu,1988,1.00299000740051
emu,1989,1.00271999835968
emu,1990,1.00211000442505
emu,1991,1.00321996212006
emu,1992,1.00442004203796
emu,1993,1.00197994709015
emu,1994,0.999480009078979
emu,1995,0.989369988441467
emu,1996,0.985570013523102
emu,1997,0.992900013923645
emu,1998,0.991760015487671
emu,1999,0.990769982337952
emu,2000,0.986620008945465
emu,2001,0.993520021438599
emu,2002,0.99251002073288
emu,2003,0.987200021743774
emu,2004,0.993439972400665
emu,2005,0.99210000038147
emu,2006,0.991710007190704
emu,2007,0.992190003395081
emu,2008,0.992079973220825
emu,2009,0.992250025272369
emu,2010,0.991180002689362
emu,2011,0.991550028324127
emu,2012,0.991890013217926
emu,2013,0.992039978504181
emu,2014,0.992810010910034
eri,1992,1.07607996463776
eri,1993,1.07305002212524
eri,1994,1.00265002250671
eri,1995,0.979049980640411
eri,1996,0.968450009822845
eri,1997,0.986159980297089
eri,1999,0.90131002664566
eri,2000,0.949840009212494
eri,2001,0.930400013923645
eri,2002,0.932200014591217
eri,2003,1.01347994804382
eri,2004,0.923449993133545
eri,2005,1.04728996753693
eri,2006,1.05569005012512
eri,2007,0.987119972705841
eri,2008,0.983820021152496
eri,2009,1.01707005500793
eri,2010,0.971539974212646
eri,2011,0.991469979286194
eri,2012,1.00925004482269
eri,2013,0.995949983596802
esp,1971,1.10063004493713
esp,1972,1.08211994171143
esp,1973,1.09086000919342
esp,1974,1.09978997707367
esp,1975,1.10852003097534
esp,1976,1.1089700460434
esp,1977,1.10362994670868
esp,1978,1.09122002124786
esp,1979,1.0803200006485
esp,1980,1.07374000549316
esp,1981,1.06793999671936
esp,1982,1.05613005161285
esp,1983,1.04763996601105
esp,1984,1.04953002929688
esp,1985,1.04404997825623
esp,1986,1.03521001338959
esp,1987,1.0456999540329
esp,1988,1.02658998966217
esp,1989,1.02373003959656
esp,1990,1.02014994621277
esp,1991,1.0338100194931
esp,1992,1.01071000099182
esp,1993,1.00752997398376
esp,1994,1.00559997558594
esp,1995,1.00864994525909
esp,1996,1.0068199634552
esp,1997,1.00726997852325
esp,1998,1.00601005554199
esp,2013,0.997420012950897
esp,2014,0.995090007781982
est,1991,0.979610025882721
est,1992,0.989970028400421
est,1993,0.996540009975433
est,1994,1.01023995876312
est,1995,0.999249994754791
est,1996,0.994120001792908
est,1997,0.991029977798462
est,1998,0.99752002954483
est,1999,0.992150008678436
est,2000,0.995710015296936
est,2001,0.989199995994568
est,2002,0.991919994354248
est,2003,0.997699975967407
est,2004,0.981750011444092
est,2005,0.997160017490387
est,2006,0.982389986515045
est,2007,0.993420004844666
est,2008,0.995940029621124
est,2009,0.990040004253387
est,2010,0.978229999542236
est,2011,0.974229991436005
est,2012,0.971599996089935
eth,1991,1.02375996112823
eth,1992,1.01207995414734
eth,1993,1.02354001998901
eth,1994,1.02805995941162
eth,1995,1.0062700510025
eth,1997,0.981750011444092
eth,1998,0.977720022201538
eth,1999,0.976970016956329
eth,2000,0.94200998544693
eth,2001,0.983829975128174
eth,2002,0.975120007991791
eth,2003,0.986720025539398
eth,2004,0.965889990329742
eth,2005,0.965369999408722
eth,2006,0.955150008201599
eth,2007,0.97188001871109
eth,2008,0.972000002861023
eth,2009,0.972850024700165
eth,2010,0.965160012245178
eth,2011,0.957220017910004
eth,2012,0.942139983177185
eth,2014,0.942340016365051
euu,1970,1.01208996772766
euu,1971,1.01216995716095
euu,1972,1.01166999340057
euu,1973,1.00286996364594
euu,1974,1.01467001438141
euu,1975,1.00645995140076
euu,1976,1.01645004749298
euu,1977,1.01349997520447
euu,1978,1.01216995716095
euu,1979,1.01016998291016
euu,1980,1.01104998588562
euu,1981,1.01047003269196
euu,1982,1.00929999351501
euu,1983,1.00740003585815
euu,1984,1.00769996643066
euu,1985,1.00212001800537
euu,1986,1.00165998935699
euu,1987,1.00718998908997
euu,1988,1.00552999973297
euu,1989,1.00551998615265
euu,1990,1.00574004650116
euu,1991,1.00457000732422
euu,1992,1.01510000228882
euu,1993,1.00592005252838
euu,1994,1.00220000743866
euu,1995,0.994960010051727
euu,1996,0.991079986095428
euu,1997,0.994750022888184
euu,1998,0.995029985904694
euu,1999,0.995639979839325
euu,2000,0.991770029067993
euu,2001,0.995840013027191
euu,2002,0.995310008525848
euu,2003,0.991599977016449
euu,2004,0.994920015335083
euu,2005,0.995670020580292
euu,2006,0.997060000896454
euu,2007,0.996580004692078
euu,2008,0.994880020618439
euu,2009,0.994289994239807
euu,2010,0.99507999420166
euu,2011,0.992200016975403
euu,2012,0.991859972476959
euu,2013,0.98786997795105
euu,2014,0.992519974708557
fin,1971,1.0432300567627
fin,1973,1.04155004024506
fin,1974,1.03954005241394
fin,1975,1.00092005729675
fin,1993,0.993439972400665
fin,1994,1.00449001789093
fin,1995,1.00169003009796
fin,1996,1.00028002262115
fin,1997,0.993529975414276
fin,1998,0.989709973335266
fin,1999,0.989090025424957
fin,2000,0.992640018463135
fin,2001,0.993889987468719
fin,2002,0.989139974117279
fin,2003,0.99210000038147
fin,2004,0.994019985198975
fin,2005,0.991299986839294
fin,2006,0.989080011844635
fin,2007,0.989359974861145
fin,2008,0.994109988212585
fin,2009,0.996249973773956
fin,2010,1.00042998790741
fin,2011,0.996900022029877
fin,2012,0.998059988021851
fin,2013,0.995739996433258
fin,2014,0.99151998758316
fji,1974,0.956520020961761
fji,1975,0.958599984645844
fji,1977,0.873820006847382
fji,1978,1.12135994434357
fji,1979,1.0127899646759
fji,1980,1.00475001335144
fji,1981,1.05031001567841
fji,1983,1.03489995002747
fji,1990,1.06239998340607
fji,1992,0.996410012245178
fji,1994,0.955299973487854
fji,1995,0.869870007038116
fji,1996,1.00934994220734
fji,1997,1.01056003570557
fji,1998,1.10116004943848
fji,1999,1.01319003105164
fji,2000,1.02793002128601
fji,2001,1.03034996986389
fji,2004,1.06800997257233
fji,2006,1.01996004581451
fji,2009,1.07495999336243
fra,1971,1.00592005252838
fra,1972,1.00700998306274
fra,1973,0.955079972743988
fra,1974,1.0081399679184
fra,1975,0.959969997406006
fra,1976,1.014240026474
fra,1977,0.999199986457825
fra,1978,1.0032399892807
fra,1979,1.00069999694824
fra,1980,1.00005996227264
fra,1981,0.999430000782013
fra,1982,0.997650027275085
fra,1983,0.994289994239807
fra,1984,0.993529975414276
fra,1985,0.994180023670197
fra,1986,0.993089973926544
fra,1987,0.995320022106171
fra,1988,0.996339976787567
fra,1989,0.998250007629395
fra,1990,0.997500002384186
fra,1991,0.997449994087219
fra,1992,1.00146996974945
fra,1993,1.0032000541687
fra,1994,1.00100994110107
fra,1995,1.00075995922089
fra,1996,0.999629974365234
fra,1997,1.0003000497818
fra,1998,1.00104999542236
fra,1999,1.00154995918274
fra,2000,1.00010001659393
fra,2001,0.999140024185181
fra,2002,1.00124001502991
fra,2003,0.999989986419678
fra,2004,1.00086998939514
fra,2005,0.998279988765717
fra,2006,0.996909976005554
fra,2007,0.997839987277985
fra,2008,0.997030019760132
fra,2009,0.997030019760132
fra,2010,0.996469974517822
fra,2011,0.997479975223541
fra,2012,0.997370004653931
fra,2013,0.998700022697449
fra,2014,0.998090028762817
fsm,1971,1.16763997077942
fsm,1975,1.0119800567627
fsm,1976,1.22412002086639
gab,1992,1.06130003929138
gab,2011,1.03759002685547
gbr,1976,1.00519001483917
gbr,1983,0.995819985866547
gbr,1984,0.998820006847382
gbr,1985,0.908540010452271
gbr,1986,0.945649981498718
gbr,1987,1.00337994098663
gbr,1988,1.00338995456696
gbr,1989,1.00090003013611
gbr,1990,1.00538003444672
gbr,1991,1.00250005722046
gbr,1992,1.00063002109528
gbr,1998,0.999239981174469
gbr,1999,0.999819993972778
gbr,2000,1.0008100271225
gbr,2001,0.997420012950897
gbr,2002,1.0023900270462
gbr,2003,1.00519001483917
gbr,2004,1.00244998931885
gbr,2005,1.02631998062134
gbr,2006,1.0273699760437
gbr,2007,1.02897000312805
gbr,2008,1.01938998699188
gbr,2009,1.01312005519867
gbr,2010,1.03743994235992
gbr,2011,1.00152003765106
gbr,2012,1.00576996803284
gbr,2013,0.953909993171692
gbr,2014,0.996810019016266
geo,1998,1.04015004634857
geo,1999,0.98335999250412
geo,2000,0.980710029602051
geo,2002,1.03889000415802
geo,2003,1.10784995555878
geo,2004,1.16735005378723
geo,2005,1.17972004413605
geo,2006,1.01310002803802
geo,2007,1.22798001766205
gha,1971,1.06523001194
gha,1973,1.09832000732422
gha,1978,1.21202003955841
gha,1979,1.16814994812012
gha,1980,1.15916001796722
gha,1981,0.873660027980804
gha,1982,0.867330014705658
gha,1984,0.87611997127533
gha,1987,1.066890001297
gha,1988,1.01804995536804
gha,1989,1.0229400396347
gha,1990,0.969910025596619
gha,1999,1.02288997173309
gha,2000,1.02063000202179
gha,2001,1.0220400094986
gha,2004,1.02972996234894
gha,2005,1.02251005172729
gha,2006,1.04426002502441
gha,2007,1.0376900434494
gha,2008,1.02907001972198
gha,2009,1.03174996376038
gha,2011,1.03031003475189
gha,2012,1.02616000175476
gha,2013,1.02605998516083
gha,2014,1.02459001541138
gha,2015,1.02646994590759
gin,1994,0.814620018005371
gin,1996,0.911419987678528
gin,1997,0.911199986934662
gin,2004,0.980570018291473
gin,2005,0.970669984817505
gin,2006,0.990390002727509
gin,2007,0.989030003547668
gin,2008,1.01087999343872
gin,2009,0.969340026378632
gin,2010,0.970969974994659
gin,2011,0.960789978504181
gmb,1998,1.0309499502182
gmb,1999,0.909929990768433
gmb,2003,1.03561997413635
gmb,2007,1.01602005958557
gmb,2010,1.04241001605988
gmb,2013,1.06862998008728
gmb,2014,1.06377005577087
gnb,1971,2.83422994613647
gnb,1980,0.827960014343262
gnb,1981,0.960640013217926
gnb,1982,0.877820014953613
gnb,1983,0.636020004749298
gnb,2000,1.0472400188446
gnb,2010,1.05189001560211
gnq,1999,1.04446995258331
gnq,2000,1.04603004455566
gnq,2001,1.43982994556427
gnq,2005,0.833959996700287
gnq,2008,1.33767998218536
gnq,2011,1.00334000587463
gnq,2012,1.01206994056702
grc,1971,0.989910006523132
grc,1972,0.978479981422424
grc,1973,0.978039979934692
grc,1974,0.986959993839264
grc,1975,1.00207996368408
grc,1976,1.00250995159149
grc,1977,1.0100200176239
grc,1978,1.0091700553894
grc,1979,1.0064799785614
grc,1980,1.0066100358963
grc,1981,1.02174997329712
grc,1982,1.02262997627258
grc,1983,1.02751994132996
grc,1984,1.02058005332947
grc,1985,1.02657997608185
grc,1986,1.03382003307343
grc,1987,1.03571999073029
grc,1988,1.02957999706268
grc,1989,1.02281999588013
grc,1990,1.02436995506287
grc,1991,1.01425004005432
grc,1992,1.02565002441406
grc,1993,1.03996002674103
grc,1994,1.02769994735718
grc,1995,1.01812994480133
grc,1996,1.01886999607086
grc,1997,1.01668000221252
grc,1998,1.02797996997833
grc,1999,1.0163300037384
grc,2000,1.01889002323151
grc,2001,1.02348005771637
grc,2002,1.02593004703522
grc,2003,1.01414000988007
grc,2004,1.00731003284454
grc,2005,1.00404000282288
grc,2006,1.00068998336792
grc,2007,0.99702000617981
grc,2010,0.992569983005524
grc,2011,0.991869986057281
grc,2012,0.993019998073578
grc,2013,0.985010027885437
grd,1971,1.2255699634552
grd,1972,1.08020997047424
grd,1977,1.11418998241425
grd,1978,1.2148699760437
grd,1984,1.15713000297546
grd,1987,1.03747999668121
grd,1988,1.06639003753662
grd,1994,0.97732001543045
grd,1995,0.952679991722107
grd,1996,0.997070014476776
grd,1997,1.03593003749847
grd,1998,1.08668005466461
grd,1999,1.07016003131866
grd,2001,1.01898002624512
grd,2002,1.09610998630524
grd,2003,1.02409994602203
grd,2004,1.11906003952026
grd,2005,1.12138998508453
grd,2007,1.04709994792938
grd,2008,1.04352998733521
grd,2009,1.05645000934601
grd,2010,1.07404005527496
grd,2013,0.975189983844757
grd,2014,0.933489978313446
gtm,1985,0.936710000038147
gtm,1986,0.934099972248077
gtm,1991,0.966329991817474
gtm,1992,0.936330020427704
gtm,1993,0.952709972858429
gtm,1994,0.94937002658844
gtm,1995,0.958739995956421
gtm,1996,0.961709976196289
gtm,1998,0.973909974098206
gtm,1999,0.975759983062744
gtm,2000,0.995580017566681
gtm,2001,1.0013200044632
gtm,2002,1.00547003746033
gtm,2004,1.01183998584747
gtm,2005,1.00556004047394
gtm,2006,1.01515996456146
gtm,2007,1.01658999919891
gtm,2008,1.01402997970581
gtm,2009,1.02467000484467
gtm,2010,1.0246000289917
gtm,2011,1.01981997489929
gtm,2012,1.02003002166748
gtm,2013,1.01610994338989
gtm,2014,1.02083003520966
guy,1977,1.03729999065399
guy,1978,1.04430997371674
guy,1979,1.03357994556427
guy,1980,0.990949988365173
guy,1981,0.972699999809265
guy,1982,0.975520014762878
guy,1983,0.999230027198792
guy,1985,1.03039002418518
guy,1986,1.03296005725861
guy,1987,0.979920029640198
guy,1988,0.958970010280609
guy,1991,0.911419987678528
guy,1992,0.953019976615906
guy,1993,0.974510014057159
guy,1994,1.03254997730255
guy,1995,1.08052003383636
guy,1996,1.09525001049042
guy,1997,1.03248000144958
guy,1999,0.897040009498596
guy,2000,0.893739998340607
guy,2001,0.91812002658844
guy,2003,0.989139974117279
guy,2005,1.03959000110626
guy,2007,1.01048004627228
guy,2008,0.980949997901917
guy,2009,0.971769988536835
guy,2010,0.971689999103546
guy,2011,0.976779997348785
guy,2012,0.980279982089996
hic,1970,0.994490027427673
hic,1971,0.994799971580505
hic,1972,0.994750022888184
hic,1973,0.98869001865387
hic,1974,0.997569978237152
hic,1975,0.991320013999939
hic,1976,0.997829973697662
hic,1977,0.996930003166199
hic,1978,0.996710002422333
hic,1979,0.995169997215271
hic,1980,0.994570016860962
hic,1981,0.993619978427887
hic,1982,0.991840004920959
hic,1983,1.00823998451233
hic,1984,1.00945997238159
hic,1985,1.00646996498108
hic,1986,1.00764000415802
hic,1987,0.993439972400665
hic,1988,0.976830005645752
hic,1989,0.997470021247864
hic,1990,0.992799997329712
hic,1991,0.992550015449524
hic,1992,0.99822998046875
hic,1993,0.992479979991913
hic,1994,0.989300012588501
hic,1995,0.985300004482269
hic,1996,0.992519974708557
hic,1997,0.998390018939972
hic,1998,1.00165998935699
hic,1999,0.990819990634918
hic,2000,1.00088000297546
hic,2001,1.00522005558014
hic,2002,1.00635004043579
hic,2003,0.993170022964478
hic,2004,0.984690010547638
hic,2005,0.976189970970154
hic,2006,0.998459994792938
hic,2007,0.991310000419617
hic,2008,0.994140028953552
hic,2009,0.993960022926331
hic,2010,1.00829994678497
hic,2011,0.989409983158112
hic,2012,0.989830017089844
hic,2013,0.996689975261688
hic,2014,1.00038003921509
hkg,1971,0.974479973316193
hkg,1972,0.963530004024506
hkg,1973,0.959349989891052
hkg,1974,0.969770014286041
hkg,1975,0.981060028076172
hkg,1976,0.987820029258728
hkg,1977,0.984040021896362
hkg,1978,0.987820029258728
hkg,1979,0.986590027809143
hkg,1980,0.98445999622345
hkg,1981,0.982909977436066
hkg,1982,0.99058997631073
hkg,1983,1.01054000854492
hkg,1984,1.01240003108978
hkg,1985,1.00800001621246
hkg,1986,1.00723004341125
hkg,1987,1.01382994651794
hkg,1988,1.01085996627808
hkg,1995,1.0093400478363
hkg,1996,1.00522994995117
hkg,1998,1.00934994220734
hkg,2002,0.996789991855621
hkg,2003,0.995700001716614
hkg,2004,1.00103998184204
hkg,2005,1.00582003593445
hkg,2006,0.99005001783371
hkg,2007,0.997640013694763
hkg,2008,1.00408005714417
hkg,2009,0.98566997051239
hkg,2010,0.982169985771179
hkg,2011,0.982900023460388
hnd,1970,1.07685005664825
hnd,1971,1.13735997676849
hnd,1972,1.0736700296402
hnd,1973,1.11556005477905
hnd,1974,1.08650994300842
hnd,1975,1.02612996101379
hnd,1976,1.11164999008179
hnd,1977,1.11053001880646
hnd,1978,0.943570017814636
hnd,1979,1.07311999797821
hnd,1980,0.742229998111725
hnd,1981,0.873749971389771
hnd,1982,0.961510002613068
hnd,1983,1.0715399980545
hnd,1984,1.06421005725861
hnd,1986,1.0610100030899
hnd,1990,1.02888000011444
hnd,1991,1.05601000785828
hnd,1992,1.03471994400024
hnd,1993,1.00325000286102
hnd,1994,1.04904997348785
hnd,1995,1.04171001911163
hnd,1996,1.05210995674133
hnd,1997,1.05251002311707
hnd,1998,1.06900000572205
hnd,1999,1.04904997348785
hnd,2000,1.04702997207642
hnd,2003,0.970480024814606
hnd,2004,1.03966999053955
hnd,2005,1.03850996494293
hnd,2006,1.04753005504608
hnd,2007,1.03114998340607
hnd,2008,1.02591001987457
hnd,2009,1.06282997131348
hnd,2010,1.02727997303009
hnd,2011,1.02293002605438
hnd,2012,1.02482998371124
hnd,2013,1.0223799943924
hnd,2014,1.02288997173309
hpc,1972,0.982540011405945
hpc,1973,0.985520005226135
hpc,1974,0.988049983978271
hpc,1975,0.990469992160797
hpc,1976,0.996770024299622
hpc,1977,1.00171005725861
hpc,1978,1.00364995002747
hpc,1979,1.00040996074677
hpc,1980,0.995150029659271
hpc,1981,0.968930006027222
hpc,1982,0.969519972801209
hpc,1983,0.972410023212433
hpc,1984,0.975279986858368
hpc,1985,0.982360005378723
hpc,1986,0.988259971141815
hpc,1987,0.996429979801178
hpc,1988,0.988550007343292
hpc,1989,0.992609977722168
hpc,1990,0.986150026321411
hpc,1991,0.987929999828339
hpc,1992,0.989069998264313
hpc,1993,0.989239990711212
hpc,1994,0.992820024490356
hpc,1995,0.99456000328064
hpc,1996,0.995700001716614
hpc,1997,0.99711000919342
hpc,1998,0.996169984340668
hpc,1999,0.994750022888184
hpc,2000,0.998109996318817
hpc,2001,0.998920023441315
hpc,2002,0.997699975967407
hpc,2003,1.0058399438858
hpc,2004,1.00592994689941
hpc,2005,1.00837004184723
hpc,2006,1.01690995693207
hpc,2007,1.02215003967285
hpc,2008,1.01575005054474
hpc,2009,1.00162994861603
hpc,2010,1.01384997367859
hpc,2011,1.01004004478455
hpc,2012,0.989289999008179
hpc,2013,1.00645005702972
hpc,2014,1.00543999671936
hrv,1981,0.974309980869293
hrv,1983,1.00648999214172
hrv,1985,0.956839978694916
hrv,1986,0.970839977264404
hrv,1987,0.979830026626587
hrv,1988,0.966459989547729
hrv,1989,0.968450009822845
hrv,1990,0.954739987850189
hrv,1991,0.993539988994598
hrv,1995,0.960510015487671
hrv,1996,0.964890003204346
hrv,1997,0.96450001001358
hrv,1998,0.964460015296936
hrv,1999,0.980490028858185
hrv,2000,0.972000002861023
hrv,2001,0.968620002269745
hrv,2002,0.95456999540329
hrv,2003,0.974839985370636
hrv,2004,0.970290005207062
hrv,2005,0.982309997081757
hrv,2006,0.983950018882751
hrv,2007,0.968450009822845
hrv,2008,0.965309977531433
hrv,2009,0.964540004730225
hrv,2010,0.985379993915558
hrv,2011,0.973980009555817
hrv,2012,0.97614997625351
hrv,2014,0.974940001964569
hun,1971,0.985350012779236
hun,1972,0.99074000120163
hun,1973,1.00253999233246
hun,1974,0.989220023155212
hun,1975,1.00765001773834
hun,1976,0.990069985389709
hun,1977,0.977050006389618
hun,1978,0.974640011787415
hun,1979,0.993269979953766
hun,1980,0.974680006504059
hun,1981,0.982150018215179
hun,1982,0.986479997634888
hun,1983,0.992760002613068
hun,1984,1.0022200345993
hun,1985,1.0022599697113
hun,1986,0.99728000164032
hun,1987,0.980120003223419
hun,1988,0.969950020313263
hun,1989,0.953909993171692
hun,1990,0.973980009555817
hun,1991,0.963029980659485
hun,1992,0.969460010528564
hun,1994,0.97503000497818
hun,1995,0.967469990253448
hun,1996,0.981710016727448
hun,1997,0.987659990787506
hun,1998,0.982179999351501
hun,1999,0.980170011520386
hun,2000,0.984759986400604
hun,2001,0.98309999704361
hun,2002,0.981850028038025
hun,2003,0.979619979858398
hun,2004,0.984220027923584
hun,2005,0.988150000572205
hun,2006,0.989839971065521
hun,2007,0.986540019512177
hun,2008,0.983030021190643
hun,2009,0.980809986591339
hun,2010,0.977949976921082
hun,2011,0.982919991016388
hun,2012,0.983319997787476
hun,2013,0.985310018062592
hun,2014,0.982729971408844
idn,1971,0.974240005016327
idn,1972,1.11765003204346
idn,1973,1.12732005119324
idn,1974,1.18118000030518
idn,1975,1.26902997493744
idn,1977,1.26774001121521
idn,1979,1.26226997375488
idn,1995,1.05509996414185
idn,1996,1.06336998939514
idn,1999,1.00408005714417
idn,2000,1.03532004356384
idn,2001,1.03539001941681
idn,2002,1.02630996704102
idn,2003,1.06002998352051
idn,2004,1.08880996704102
idn,2005,1.03327000141144
idn,2006,1.03559005260468
idn,2007,1.04955005645752
idn,2008,1.03217995166779
idn,2009,1.05989003181458
idn,2010,1.04761004447937
idn,2011,1.06488001346588
idn,2012,1.03824996948242
idn,2013,1.03604996204376
idn,2014,1.03228998184204
ind,1971,0.940919995307922
ind,1972,0.874710023403168
ind,1973,0.908330023288727
ind,1975,0.870039999485016
ind,1976,0.874319970607758
ind,1977,0.869449973106384
ind,1978,0.869279980659485
ind,1981,0.889310002326965
ind,1982,0.895619988441467
ind,1983,0.86940997838974
ind,1984,0.865390002727509
ind,1985,0.851740002632141
ind,1986,0.886740028858185
ind,1987,0.884299993515015
ind,1988,0.895709991455078
ind,1989,0.915319979190826
ind,1990,0.909680008888245
ind,1991,0.898509979248047
ind,1992,0.863499999046326
ind,1993,0.865559995174408
ind,1994,0.900070011615753
ind,1995,0.943620026111603
ind,1996,0.920130014419556
ind,1997,0.959450006484985
ind,2001,0.90531998872757
ind,2002,0.958159983158112
ind,2003,1.02344000339508
ind,2004,1.00713002681732
ind,2005,1.00966000556946
ind,2006,1.01314997673035
ind,2007,0.972880005836487
ind,2008,0.969500005245209
ind,2009,1.01010000705719
ind,2010,0.993950009346008
ind,2011,0.965489983558655
ind,2012,0.957740008831024
ind,2013,0.916220009326935
irl,1971,0.996930003166199
irl,1972,0.997749984264374
irl,1973,1.0020500421524
irl,1974,1.00513005256653
irl,1975,1.00573003292084
irl,1976,1.00187003612518
irl,1977,1.00143003463745
irl,1978,1.00186002254486
irl,1979,0.998070001602173
irl,1980,0.991980016231537
irl,1981,0.986689984798431
irl,1982,0.985769987106323
irl,1983,0.997099995613098
irl,1984,1.00501000881195
irl,1985,0.998470008373261
irl,1986,0.990230023860931
irl,1987,0.994799971580505
irl,1988,0.996819972991943
irl,1989,0.99345999956131
irl,1990,0.985780000686646
irl,1991,0.98580002784729
irl,1992,0.997210025787354
irl,1993,0.997039973735809
irl,1994,0.994830012321472
irl,1995,0.993889987468719
irl,1996,0.985610008239746
irl,1997,0.99888002872467
irl,2012,1.02143001556396
irl,2013,1.02881002426147
irn,1971,0.868939995765686
irn,1972,0.857789993286133
irn,1973,0.902880012989044
irn,1974,0.8784099817276
irn,1975,0.890739977359772
irn,1976,0.889890015125275
irn,1977,0.904330015182495
irn,1978,0.907410025596619
irn,1982,0.949750006198883
irn,1983,0.975189983844757
irn,1984,1.03863000869751
irn,1985,0.906059980392456
irn,1986,0.927569985389709
irn,1987,0.937940001487732
irn,1988,0.932420015335083
irn,1989,0.961049973964691
irn,1990,0.947440028190613
irn,1991,0.947809994220734
irn,1992,0.946640014648438
irn,1993,0.971249997615814
irn,1994,0.960870027542114
irn,1995,0.957120001316071
irn,1997,0.993529975414276
irn,1998,0.940779983997345
irn,1999,1.03018999099731
irn,2000,1.04138994216919
irn,2001,1.05428004264832
irn,2002,1.08942997455597
irn,2003,1.10985004901886
irn,2004,1.10934996604919
irn,2005,1.10490000247955
irn,2006,1.0960099697113
irn,2007,1.10151994228363
irn,2008,0.950250029563904
irn,2009,1.0823700428009
irn,2010,1.05573999881744
irn,2011,1.07234001159668
irn,2012,1.00023996829987
irn,2013,0.991219997406006
irn,2014,0.97393000125885
irq,1971,0.807430028915405
irq,1972,0.792089998722076
irq,1973,0.813899993896484
irq,1974,0.818849980831146
irq,1975,0.930190026760101
irq,1976,0.909449994564056
irq,1977,0.92536997795105
irq,1978,0.93725997209549
irq,1979,0.943170011043549
irq,1980,0.940540015697479
irq,1981,0.971300005912781
irq,1982,0.986289978027344
irq,1983,0.975950002670288
irq,1984,0.978559970855713
irq,1985,0.973569989204407
irq,1986,0.952560007572174
irq,1987,0.954739987850189
irq,1988,0.987739980220795
irq,1989,0.96613997220993
irq,1991,0.966250002384186
irq,1992,0.98497998714447
irq,1993,0.983609974384308
irq,1996,0.995779991149902
irq,1998,1.0254100561142
irq,1999,0.995209991931915
irq,2000,1.00950002670288
irq,2003,1.00592005252838
irq,2004,1.02148997783661
irq,2007,1.00485002994537
isl,1983,0.984040021896362
isl,1984,1.0077600479126
isl,1986,0.999379992485046
isl,1987,0.998799979686737
isl,1988,0.977310001850128
isl,1989,0.964510023593903
isl,1998,0.986400008201599
isl,1999,0.984300017356873
isl,2000,0.983780026435852
isl,2001,0.977310001850128
isl,2002,0.977959990501404
isl,2003,1.00972998142242
isl,2004,1.00490999221802
isl,2005,1.0037499666214
isl,2006,0.996900022029877
isl,2007,0.989629983901978
isl,2008,0.995109975337982
isl,2009,0.999700009822845
isl,2010,0.980740010738373
isl,2011,0.976279973983765
isl,2012,0.982840001583099
isr,1973,1.02629995346069
isr,1974,1.0616899728775
isr,1975,0.991209983825684
isr,1976,0.97706001996994
isr,1977,1.01210999488831
isr,1978,1.0200400352478
isr,1981,0.947109997272491
isr,1984,0.988810002803802
isr,1999,0.988330006599426
isr,2000,0.99592000246048
isr,2001,0.990719974040985
isr,2002,0.993520021438599
isr,2003,0.995829999446869
isr,2004,0.991029977798462
isr,2005,0.992990016937256
isr,2006,0.999469995498657
isr,2007,0.986679971218109
isr,2008,1.00051999092102
isr,2009,1.05335998535156
isr,2010,0.98377001285553
isr,2011,0.99220997095108
isr,2012,0.996710002422333
isr,2013,0.992349982261658
isr,2014,0.999430000782013
ita,1971,1.01201999187469
ita,1972,1.01072001457214
ita,1973,1.00373005867004
ita,1974,1.01199996471405
ita,1975,1.01142001152039
ita,1976,1.00969004631042
ita,1977,1.01549994945526
ita,1978,1.01443004608154
ita,1979,1.01098001003265
ita,1980,1.01594996452332
ita,1981,1.01775002479553
ita,1982,1.01766002178192
ita,1983,1.0117199420929
ita,1984,1.0113400220871
ita,1985,1.01206994056702
ita,1986,0.994539976119995
ita,1987,1.01192998886108
ita,1988,1.01259005069733
ita,1989,1.01321995258331
ita,1990,1.01400995254517
ita,1991,1.01344001293182
ita,1992,1.0135999917984
ita,1993,1.01383996009827
ita,1994,1.01304996013641
ita,1995,0.985949993133545
ita,1996,0.974129974842072
ita,1997,0.98691999912262
ita,1998,0.972890019416809
ita,1999,0.985689997673035
ita,2000,0.99795001745224
ita,2001,0.982959985733032
ita,2002,0.982309997081757
ita,2003,0.97995001077652
ita,2004,0.981400012969971
ita,2005,0.974150002002716
ita,2006,0.977450013160706
ita,2007,0.980120003223419
ita,2008,0.982770025730133
ita,2009,0.980080008506775
ita,2010,0.980449974536896
ita,2011,0.980120003223419
ita,2012,0.981930017471313
ita,2013,0.982789993286133
jam,1975,1.10153996944427
jam,1976,1.19277000427246
jam,1977,1.10611999034882
jam,1979,1.06110000610352
jam,1980,1.12016999721527
jam,1981,1.09599995613098
jam,1987,1.07992994785309
jam,1990,1.04051005840302
jam,1991,1.03469002246857
jam,1995,1.03733003139496
jam,1996,1.01794004440308
jam,1999,1.08377003669739
jam,2000,1.06418001651764
jam,2001,1.02367997169495
jam,2002,1.05058002471924
jam,2003,1.04628002643585
jam,2004,1.0288599729538
jam,2005,1.03011000156403
jam,2007,1.03542995452881
jam,2008,1.05606997013092
jam,2009,1.03961002826691
jam,2013,0.998160004615784
jam,2014,1.06429004669189
jor,1971,0.8299800157547
jor,1972,0.753159999847412
jor,1973,0.77292001247406
jor,1974,0.788839995861053
jor,1975,0.77632999420166
jor,1976,0.785650014877319
jor,1977,0.844619989395142
jor,1978,0.788349986076355
jor,1979,0.83924001455307
jor,1980,0.895110011100769
jor,1981,0.81538999080658
jor,1982,0.860170006752014
jor,1983,0.858650028705597
jor,1984,0.854019999504089
jor,1985,0.903649985790253
jor,1986,0.868600010871887
jor,1987,0.847840011119843
jor,1988,0.925409972667694
jor,1989,0.868920028209686
jor,1990,0.877099990844727
jor,1991,0.894620001316071
jor,1992,0.895070016384125
jor,1993,0.893610000610352
jor,1994,0.895749986171722
jor,1995,0.876479983329773
jor,1996,0.896920025348663
jor,1997,0.896929979324341
jor,1998,0.901709973812103
jor,1999,0.913190007209778
jor,2000,0.917420029640198
jor,2002,0.920379996299744
jor,2003,0.929210007190704
jor,2004,0.950100004673004
jor,2005,0.938419997692108
jor,2006,0.952880024909973
jor,2007,0.950240015983582
jor,2008,0.938970029354095
jor,2010,0.942049980163574
jor,2011,0.952329993247986
jor,2012,0.95608001947403
jpn,1971,1.00309002399445
jpn,1972,1.0058000087738
jpn,1973,1.00530004501343
jpn,1974,1.00811004638672
jpn,1975,1.00908005237579
jpn,1976,1.00803995132446
jpn,1977,1.00873994827271
jpn,1978,1.00636005401611
jpn,1979,1.00622999668121
jpn,1980,1.00562000274658
jpn,1981,1.00637996196747
jpn,1982,1.00760996341705
jpn,1983,1.00773000717163
jpn,1984,1.01033997535706
jpn,1985,1.00950002670288
jpn,1986,1.0077999830246
jpn,1987,1.0092099905014
jpn,1988,1.00943005084991
jpn,1989,1.01028001308441
jpn,1990,1.01160001754761
jpn,1991,1.01293003559113
jpn,1992,1.01431000232697
jpn,1993,1.01682996749878
jpn,1994,1.01733994483948
jpn,1995,1.01944994926453
jpn,1996,1.01950001716614
jpn,1997,1.02032995223999
jpn,1998,1.01926004886627
jpn,1999,1.01937997341156
kaz,1990,0.902610003948212
kaz,1991,0.91499000787735
kaz,1992,0.871140003204346
kaz,1993,0.904389977455139
kaz,1994,0.902499973773956
kaz,1995,0.917110025882721
kaz,1996,0.933870017528534
kaz,1997,0.929030001163483
kaz,1998,0.921419978141785
kaz,1999,0.957880020141602
kaz,2000,0.947109997272491
kaz,2001,0.988240003585815
kaz,2002,1.00031995773315
kaz,2003,0.989220023155212
kaz,2004,0.98157000541687
kaz,2005,0.984359979629517
kaz,2006,0.982439994812012
kaz,2007,0.978969991207123
kaz,2008,0.973140001296997
kaz,2009,0.981079995632172
kaz,2011,0.989149987697601
kaz,2012,0.993730008602142
kaz,2013,0.994740009307861
kaz,2014,0.996890008449554
kaz,2015,1.11423003673553
ken,1983,1.0160299539566
ken,1985,1.00423002243042
ken,1986,0.932389974594116
ken,1987,1.06886005401611
ken,1990,1.14006996154785
ken,1993,0.97026002407074
ken,1994,0.973850011825562
ken,1995,0.962149977684021
ken,1996,0.966359972953796
ken,1997,0.979979991912842
ken,1998,0.954959988594055
ken,1999,0.995970010757446
ken,2000,1.00847005844116
ken,2001,0.999750018119812
ken,2002,0.976760029792786
ken,2003,0.979099988937378
ken,2004,0.988210022449493
ken,2005,0.989369988441467
ken,2006,0.9410600066185
ken,2007,0.941200017929077
ken,2008,0.954370021820068
ken,2009,0.987839996814728
ken,2012,1.021399974823
ken,2014,0.970749974250793
kgz,1986,1.02532994747162
kgz,1989,1.02438998222351
kgz,1990,1.02248001098633
kgz,1991,1.02368998527527
kgz,1992,0.957090020179749
kgz,1993,0.874790012836456
kgz,1994,0.842299997806549
kgz,1995,0.810280025005341
kgz,1999,0.797800004482269
kgz,2000,0.990059971809387
kgz,2001,0.990899980068207
kgz,2002,1.00277996063232
kgz,2003,0.983030021190643
kgz,2004,1.00046002864838
kgz,2005,1.00390005111694
kgz,2006,1.00718998908997
kgz,2007,1.04156994819641
kgz,2008,1.01982998847961
kgz,2009,0.991739988327026
kgz,2010,1.01859998703003
kgz,2011,1.00018000602722
kgz,2012,1.01944994926453
kgz,2013,1.01785004138947
kgz,2014,0.999790012836456
khm,1991,0.911870002746582
khm,1994,1.03989994525909
khm,1995,1.01924002170563
khm,1997,1.01254999637604
khm,1998,1.00286996364594
khm,1999,1.01837003231049
khm,2000,1.04756999015808
khm,2001,1.07140004634857
khm,2002,1.0742199420929
khm,2003,1.05211997032166
khm,2004,0.991919994354248
khm,2005,1.08387994766235
khm,2006,1.05084002017975
khm,2007,1.0477499961853
khm,2008,1.04589998722076
khm,2010,1.01584005355835
khm,2011,1.02268004417419
khm,2012,1.03433001041412
khm,2013,1.03726994991302
khm,2014,0.988860011100769
kna,1985,0.994719982147217
kna,1986,0.981180012226105
kna,1989,1.11021995544434
kna,1990,1.00143003463745
kna,1991,1.04519999027252
kna,1992,0.999960005283356
kna,1993,1.00171995162964
kna,1994,0.950460016727448
kna,1995,0.948920011520386
kna,1996,0.998499989509583
kna,1997,0.968370020389557
kna,2002,1.04593002796173
kna,2004,1.03835999965668
kna,2005,1.10494005680084
kna,2007,1.01368999481201
kna,2008,1.0451899766922
kna,2009,0.978609979152679
kna,2010,0.958599984645844
kna,2011,1.17209994792938
kna,2013,0.935689985752106
kna,2014,0.950269997119904
kor,1971,0.847199976444244
kor,1972,0.845809996128082
kor,1973,0.823880016803741
kor,1974,0.820949971675873
kor,1975,0.832759976387024
kor,1976,0.844550013542175
kor,1977,0.844449996948242
kor,1978,0.834169983863831
kor,1979,0.860119998455048
kor,1980,0.861810028553009
kor,1981,0.881919980049133
kor,1982,0.897379994392395
kor,1983,0.90022999048233
kor,1984,0.912609994411469
kor,1985,0.93367999792099
kor,1986,0.958540022373199
kor,1987,0.9653400182724
kor,1988,0.96586000919342
kor,1989,0.988889992237091
kor,1990,0.989189982414246
kor,1991,0.990920007228851
kor,1992,1.01917004585266
kor,1993,1.0188000202179
kor,1994,1.02042996883392
kor,1995,1.01480996608734
kor,1996,1.00277996063232
kor,1997,1.01078999042511
kor,2013,0.997200012207031
kwt,1971,0.902710020542145
kwt,1972,0.89139997959137
kwt,1973,0.890519976615906
kwt,1974,0.876649975776672
kwt,1975,0.875460028648376
kwt,1976,0.898039996623993
kwt,1977,0.88510000705719
kwt,1978,0.88798999786377
kwt,1979,0.915589988231659
kwt,1980,0.940090000629425
kwt,1981,0.942499995231628
kwt,1982,0.979870021343231
kwt,1983,0.980480015277863
kwt,1984,1.09807002544403
kwt,1985,0.961269974708557
kwt,1986,0.964950025081635
kwt,1987,0.973950028419495
kwt,1988,0.953890025615692
kwt,1989,0.955049991607666
kwt,1990,0.968020021915436
kwt,1991,1.00373995304108
kwt,1992,0.983039975166321
kwt,1993,0.983709990978241
kwt,1994,0.989530026912689
kwt,1995,1.02445995807648
kwt,1996,1.04629004001617
kwt,1997,1.0621600151062
kwt,1998,1.03852999210358
kwt,1999,1.00178003311157
kwt,2000,0.970390021800995
kwt,2001,0.965900003910065
kwt,2002,0.96917998790741
kwt,2003,1.00083005428314
kwt,2004,1.00396001338959
kwt,2005,1.06843996047974
kwt,2006,0.990429997444153
kwt,2007,1.0092099905014
kwt,2008,1.00918996334076
kwt,2010,0.96644002199173
kwt,2011,0.984210014343262
lac,1970,1.02559995651245
lac,1971,1.02500998973846
lac,1972,1.02439999580383
lac,1973,1.02276003360748
lac,1974,1.02414000034332
lac,1975,1.02214002609253
lac,1976,1.0220799446106
lac,1977,1.02146005630493
lac,1978,1.02023994922638
lac,1979,1.02101004123688
lac,1980,1.02005004882813
lac,1981,1.01882004737854
lac,1982,1.02008998394012
lac,1983,1.01980996131897
lac,1984,1.01955997943878
lac,1985,1.02090001106262
lac,1986,1.01704001426697
lac,1987,1.01593995094299
lac,1988,1.01847994327545
lac,1989,1.01870000362396
lac,1990,1.01180005073547
lac,1991,1.01882994174957
lac,1992,1.01891994476318
lac,1993,1.01564002037048
lac,1994,1.01559996604919
lac,1995,1.01862001419067
lac,1996,1.01979005336761
lac,1997,1.01932001113892
lac,1998,1.01809000968933
lac,1999,1.01637005805969
lac,2000,1.01512002944946
lac,2001,1.01348996162415
lac,2002,1.0129200220108
lac,2003,1.01127004623413
lac,2004,1.0116800069809
lac,2005,1.01047003269196
lac,2006,1.01165997982025
lac,2007,1.01085996627808
lac,2008,1.01181995868683
lac,2009,1.00548005104065
lac,2010,1.01634001731873
lac,2011,1.01665997505188
lac,2012,1.01293003559113
lac,2013,1.0152200460434
lac,2014,1.0139000415802
lao,1972,0.861710011959076
lao,1973,0.865499973297119
lao,1978,0.741569995880127
lao,1979,0.965219974517822
lao,1980,0.777710020542145
lao,1981,1.08635997772217
lao,1982,0.991230010986328
lao,1985,1.20985996723175
lao,1986,0.813920021057129
lao,1988,0.98539000749588
lao,1990,1.02303004264832
lao,1991,0.874970018863678
lao,1992,1.16949999332428
lao,1993,1.16262996196747
lao,1994,1.10531997680664
lao,1995,1.11220002174377
lao,1996,1.12410998344421
lao,1997,1.07938003540039
lao,1998,1.11807000637054
lao,1999,1.10750997066498
lao,2000,1.09952998161316
lao,2001,1.09488999843597
lao,2002,0.933099985122681
lao,2003,1.05522000789642
lao,2004,1.05560004711151
lao,2005,1.04778003692627
lao,2006,1.06436002254486
lao,2007,1.21786999702454
lao,2008,1.05535995960236
lao,2009,1.0463000535965
lao,2010,1.03602004051208
lao,2011,1.05558001995087
lao,2012,1.04261994361877
lao,2013,1.0355099439621
lao,2014,1.03840005397797
lbn,1971,0.905929982662201
lbn,1974,0.922760009765625
lbn,1982,0.947849988937378
lbn,1983,0.956070005893707
lbn,1985,0.997269988059998
lbn,1989,0.984679996967316
lbn,1992,0.997669994831085
lbn,1994,0.979529976844788
lbn,1995,0.977020025253296
lbn,1996,0.97545999288559
lbn,1998,0.97504997253418
lbn,1999,0.978330016136169
lbn,2000,0.986890017986298
lbn,2001,0.997730016708374
lbn,2002,0.978540003299713
lbn,2003,0.957910001277924
lbn,2004,0.947679996490479
lbn,2005,0.940829992294312
lbn,2006,0.925270020961761
lbn,2007,0.939409971237183
lbn,2008,0.945900022983551
lbn,2009,0.95414000749588
lbn,2010,0.950020015239716
lbn,2011,0.952250003814697
lbn,2012,0.951470017433167
lbn,2013,0.945209980010986
lbr,1970,0.616639971733093
lbr,1971,0.621290028095245
lbr,1972,0.623910009860992
lbr,1975,0.679270029067993
lbr,1976,0.660239994525909
lbr,1978,0.702480018138886
lbr,1979,0.674799978733063
lbr,1980,0.732190012931824
lbr,1998,0.64368999004364
lbr,1999,0.753650009632111
lbr,2000,0.90776002407074
lby,1971,0.847599983215332
lby,1972,0.799520015716553
lby,1973,0.75330001115799
lby,1974,0.759880006313324
lby,1975,0.812470018863678
lby,1976,0.791190028190613
lby,1977,0.777249991893768
lby,1980,0.890230000019073
lby,1981,0.884350001811981
lby,1983,0.942520022392273
lby,1984,1.01493000984192
lby,1985,0.964160025119781
lby,1986,0.970300018787384
lby,1999,0.979849994182587
lby,2001,1.01408994197845
lby,2002,0.970059990882874
lby,2006,0.977259993553162
lca,2000,1.03025996685028
lca,2001,1.0362800359726
lca,2002,0.977289974689484
lca,2003,1.06019997596741
lca,2004,1.07810997962952
lca,2005,1.00384998321533
lca,2006,1.02100002765656
lca,2007,1.00019001960754
lca,2008,1.0161600112915
lca,2009,1.02222001552582
lca,2010,0.953199982643127
lca,2011,0.973659992218018
lca,2012,1.0271999835968
lca,2013,1.06798994541168
lca,2014,1.07200002670288
lcn,1970,1.02640998363495
lcn,1971,1.02585995197296
lcn,1972,1.0247700214386
lcn,1973,1.02295994758606
lcn,1974,1.02450001239777
lcn,1975,1.02275002002716
lcn,1976,1.02287995815277
lcn,1977,1.02251994609833
lcn,1978,1.0211900472641
lcn,1979,1.02149999141693
lcn,1980,1.02034997940063
lcn,1981,1.01895999908447
lcn,1982,1.0200400352478
lcn,1983,1.01955997943878
lcn,1984,1.01917004585266
lcn,1985,1.02032005786896
lcn,1986,1.01647996902466
lcn,1987,1.01547002792358
lcn,1988,1.0179899930954
lcn,1989,1.01819002628326
lcn,1990,1.01148998737335
lcn,1991,1.01836001873016
lcn,1992,1.01833999156952
lcn,1993,1.01515996456146
lcn,1994,1.01495003700256
lcn,1995,1.01811003684998
lcn,1996,1.01932001113892
lcn,1997,1.01856005191803
lcn,1998,1.01716995239258
lcn,1999,1.01559996604919
lcn,2000,1.01463997364044
lcn,2001,1.01306998729706
lcn,2002,1.01247000694275
lcn,2003,1.01073002815247
lcn,2004,1.01126003265381
lcn,2005,1.01031005382538
lcn,2006,1.01194000244141
lcn,2007,1.01143002510071
lcn,2008,1.01252996921539
lcn,2009,1.00642001628876
lcn,2010,1.01479005813599
lcn,2011,1.01520001888275
lcn,2012,1.01188004016876
lcn,2013,1.0139399766922
lcn,2014,1.012619972229
ldc,1972,0.913179993629456
ldc,1973,0.914830029010773
ldc,1974,0.951399981975555
ldc,1975,0.975859999656677
ldc,1976,0.990909993648529
ldc,1977,0.998030006885529
ldc,1978,0.999100029468536
ldc,1979,0.997269988059998
ldc,1980,0.991320013999939
ldc,1981,0.983479976654053
ldc,1982,1.01126003265381
ldc,1983,0.994679987430573
ldc,1984,0.973420023918152
ldc,1985,0.952570021152496
ldc,1986,0.928080022335052
ldc,1987,0.906120002269745
ldc,1988,0.885930001735687
ldc,1989,0.900690019130707
ldc,1990,0.913429975509644
ldc,1991,0.908869981765747
ldc,1992,0.930280029773712
ldc,1993,0.940850019454956
ldc,1994,0.948930025100708
ldc,1995,0.955789983272552
ldc,1996,0.961430013179779
ldc,1997,0.96627002954483
ldc,1998,0.97036999464035
ldc,1999,0.960049986839294
ldc,2000,0.958609998226166
ldc,2001,0.95033997297287
ldc,2002,0.968699991703033
ldc,2003,0.985759973526001
ldc,2004,0.991020023822784
ldc,2005,1.00459003448486
ldc,2006,1.0218700170517
ldc,2007,1.04454004764557
ldc,2008,0.981429994106293
ldc,2009,0.98114001750946
ldc,2010,1.00336003303528
ldc,2011,1.01927995681763
ldc,2012,1.00545001029968
ldc,2013,1.02079999446869
ldc,2014,1.01841998100281
lic,1980,0.997810006141663
lic,1981,0.997959971427917
lic,1982,0.996569991111755
lic,1983,0.997789978981018
lic,1984,0.999689996242523
lic,1985,0.997560024261475
lic,1986,1.00065004825592
lic,1987,0.998359978199005
lic,1988,0.997510015964508
lic,1989,0.997240006923676
lic,1990,0.996290028095245
lic,1991,0.995480000972748
lic,1992,0.994930028915405
lic,1993,0.995500028133392
lic,1994,0.995130002498627
lic,1995,0.993380010128021
lic,1996,0.989109992980957
lic,1997,0.98497998714447
lic,1998,0.980289995670319
lic,1999,0.975839972496033
lic,2000,0.973469972610474
lic,2001,0.979759991168976
lic,2002,0.987249970436096
lic,2003,0.965330004692078
lic,2004,0.969990015029907
lic,2005,0.978919982910156
lic,2006,0.991010010242462
lic,2007,1.00441002845764
lic,2008,0.988749980926514
lic,2009,0.993420004844666
lic,2010,0.994880020618439
lic,2011,0.994799971580505
lic,2012,0.986010015010834
lic,2013,0.993740022182465
lic,2014,0.992280006408691
lie,2003,0.993330001831055
lie,2004,1.01900005340576
lie,2006,1.00883996486664
lie,2007,0.975920021533966
lie,2008,1.0215300321579
lie,2009,1.0409699678421
lie,2010,0.98879998922348
lie,2011,0.971400022506714
lie,2012,0.993799984455109
lie,2014,0.969470024108887
lka,2010,0.990130007266998
lka,2011,0.988330006599426
lka,2012,0.988449990749359
lka,2013,0.990069985389709
lmc,1970,0.848219990730286
lmc,1971,0.848429977893829
lmc,1972,0.850799977779388
lmc,1973,0.854809999465942
lmc,1974,0.864040017127991
lmc,1975,0.876150012016296
lmc,1976,0.881370007991791
lmc,1977,0.886120021343231
lmc,1978,0.893899977207184
lmc,1979,0.899649977684021
lmc,1980,0.91091001033783
lmc,1981,0.902220010757446
lmc,1982,0.905489981174469
lmc,1983,0.894969999790192
lmc,1984,0.891579985618591
lmc,1985,0.886170029640198
lmc,1986,0.891099989414215
lmc,1987,0.890240013599396
lmc,1988,0.888170003890991
lmc,1989,0.89205002784729
lmc,1990,0.894550025463104
lmc,1991,0.893130004405975
lmc,1992,0.88919997215271
lmc,1993,0.885540008544922
lmc,1994,0.889020025730133
lmc,1995,0.898129999637604
lmc,1996,0.901579976081848
lmc,1997,0.910610020160675
lmc,1998,0.917869985103607
lmc,1999,0.905879974365234
lmc,2000,0.910640001296997
lmc,2001,0.923500001430511
lmc,2002,0.977639973163605
lmc,2003,0.98225998878479
lmc,2004,0.986039996147156
lmc,2005,0.987479984760284
lmc,2006,0.977379977703094
lmc,2007,0.970409989356995
lmc,2008,0.986840009689331
lmc,2009,0.981270015239716
lmc,2010,0.984350025653839
lmc,2011,0.982129991054535
lmc,2012,0.979610025882721
lmc,2013,0.970579981803894
lmc,2014,0.974950015544891
lmy,1970,0.93256002664566
lmy,1971,0.932500004768372
lmy,1972,0.932290017604828
lmy,1973,0.932630002498627
lmy,1974,0.936039984226227
lmy,1975,0.93980997800827
lmy,1976,0.942359983921051
lmy,1977,0.944149971008301
lmy,1978,0.944060027599335
lmy,1979,0.944830000400543
lmy,1980,0.949190020561218
lmy,1981,0.946250021457672
lmy,1982,0.950030028820038
lmy,1983,0.946269989013672
lmy,1984,0.945479989051819
lmy,1985,0.933650016784668
lmy,1986,0.939740002155304
lmy,1987,0.942759990692139
lmy,1988,0.935970008373261
lmy,1989,0.935970008373261
lmy,1990,0.933600008487701
lmy,1991,0.946120023727417
lmy,1992,0.939760029315948
lmy,1993,0.93996000289917
lmy,1994,0.941550016403198
lmy,1995,0.944369971752167
lmy,1996,0.946590006351471
lmy,1997,0.947830021381378
lmy,1998,0.952960014343262
lmy,1999,0.948469996452332
lmy,2000,0.950209975242615
lmy,2001,0.957189977169037
lmy,2002,0.969839990139008
lmy,2003,0.971249997615814
lmy,2004,0.971530020236969
lmy,2005,0.975449979305267
lmy,2006,0.968800008296967
lmy,2007,0.96764999628067
lmy,2008,0.968349993228912
lmy,2009,0.96670001745224
lmy,2010,0.972459971904755
lmy,2011,0.975969970226288
lmy,2012,0.97859001159668
lmy,2013,0.977419972419739
lmy,2014,0.978110015392303
lso,1998,1.14271998405457
lso,1999,1.08657002449036
lso,2000,1.02622997760773
lso,2001,0.981480002403259
lso,2002,0.940949976444244
lso,2003,0.941209971904755
lso,2005,1.06650996208191
lso,2010,1.04901003837585
lso,2011,1.04867994785309
lso,2012,1.04831004142761
lso,2013,1.04770994186401
lso,2014,1.04744005203247
ltu,1991,1.00268995761871
ltu,1992,1.00069999694824
ltu,1993,1.00196003913879
ltu,1994,1.03529000282288
ltu,1995,0.999230027198792
ltu,1996,0.962589979171753
ltu,1997,0.956950008869171
ltu,1998,0.961880028247833
ltu,1999,0.970319986343384
ltu,2000,0.958930015563965
ltu,2001,0.965839982032776
ltu,2002,0.955569982528687
ltu,2003,0.973990023136139
ltu,2004,0.963599979877472
ltu,2005,0.972360014915466
ltu,2006,0.980459988117218
ltu,2007,0.983919978141785
ltu,2008,0.996079981327057
ltu,2009,0.974300026893616
ltu,2010,0.981169998645782
ltu,2011,0.988319993019104
ltu,2012,0.981649994850159
ltu,2013,0.991079986095428
ltu,2014,0.989220023155212
lux,1971,1.03031003475189
lux,1972,1.00706005096436
lux,1973,0.99686998128891
lux,1974,0.99058997631073
lux,1975,1.0175199508667
lux,1976,1.0100599527359
lux,1977,0.972150027751923
lux,1978,0.97776997089386
lux,1979,1.00011003017426
lux,1980,1.01362001895905
lux,1981,1.00119996070862
lux,1982,0.987200021743774
lux,1983,0.983940005302429
lux,1984,0.970399975776672
lux,1999,0.996930003166199
lux,2001,0.998149991035461
lux,2002,1.00250005722046
lux,2003,1.01611995697021
lux,2004,1.02240002155304
lux,2005,1.00750994682312
lux,2006,0.999440014362335
lux,2007,1.00373995304108
lux,2008,0.988319993019104
lux,2010,0.996699988842011
lux,2011,1.00334000587463
lux,2012,1.02839994430542
lux,2013,1.00417995452881
lva,1981,1.00875997543335
lva,1986,1.0014899969101
lva,1990,1.01048004627228
lva,1991,1.01012003421783
lva,1992,1.00194001197815
lva,1993,0.996320009231567
lva,1994,0.990369975566864
lva,1995,0.948000013828278
lva,1996,0.964680016040802
lva,1997,0.956040024757385
lva,1998,0.962589979171753
lva,1999,0.949880003929138
lva,2000,0.947740018367767
lva,2001,0.94116997718811
lva,2002,0.943589985370636
lva,2003,0.947160005569458
lva,2004,0.965799987316132
lva,2005,0.989319980144501
lva,2006,0.992290019989014
lva,2007,0.978489995002747
lva,2008,0.980050027370453
lva,2009,0.970139980316162
lva,2010,0.961899995803833
lva,2011,0.971000015735626
lva,2012,0.985499978065491
lva,2013,0.986710011959076
lva,2014,0.986729979515076
mac,1971,0.922710001468658
mac,1972,1.00785005092621
mac,1974,1.0179500579834
mac,1990,0.971050024032593
mac,1991,0.979200005531311
mac,1992,0.983630001544952
mac,1993,0.984480023384094
mac,1999,0.958570003509521
mac,2000,0.959070026874542
mac,2001,0.950800001621246
mac,2002,0.973599970340729
mac,2003,1.00251996517181
mac,2004,1.03610002994537
mar,1975,0.276380002498627
mar,1977,0.367529988288879
mar,1978,0.339989989995956
mar,1979,0.333819985389709
mar,1981,0.341890007257462
mar,1982,0.386009991168976
mar,1983,0.39640998840332
mar,1984,0.418020009994507
mar,1985,0.412779986858368
mar,1986,0.442669987678528
mar,1987,0.44650000333786
mar,1988,0.428200006484985
mar,1989,0.437599986791611
mar,1990,0.459030002355576
mar,1991,0.45813000202179
mar,1992,0.423539996147156
mar,1993,0.436030000448227
mar,1994,0.440349996089935
mar,1995,0.454349994659424
mar,1996,0.473399996757507
mar,1997,0.481889992952347
mar,1998,0.509419977664948
mar,1999,0.528869986534119
mar,2000,0.555410027503967
mar,2001,0.573610007762909
mar,2002,0.588100016117096
mar,2003,0.624239981174469
mar,2004,0.647639989852905
mar,2005,0.667159974575043
mar,2006,0.705749988555908
mar,2007,0.728720009326935
mar,2008,0.748480021953583
mar,2009,0.772440016269684
mar,2010,0.766349971294403
mar,2012,0.776510000228882
mar,2013,0.787339985370636
mar,2014,0.815460026264191
mda,1981,0.945360004901886
mda,1986,0.95058000087738
mda,1989,0.954800009727478
mda,1990,0.954919993877411
mda,1991,0.9549800157547
mda,1992,0.956709980964661
mda,1993,0.959169983863831
mda,1994,0.961690008640289
mda,1995,0.924480020999908
mda,1999,0.964230000972748
mda,2000,0.969749987125397
mda,2001,0.948899984359741
mda,2002,0.954240024089813
mda,2003,0.969340026378632
mda,2004,0.975329995155334
mda,2005,0.975189983844757
mda,2006,0.990859985351563
mda,2007,0.981599986553192
mda,2008,0.984070003032684
mda,2009,0.985199987888336
mda,2010,0.984080016613007
mda,2011,0.994459986686707
mda,2012,0.98360002040863
mda,2013,0.981249988079071
mda,2014,0.98539000749588
mdg,1995,1.02172005176544
mdg,1999,1.02384996414185
mdg,2000,1.02067005634308
mdg,2001,1.02140998840332
mdg,2005,1.02483999729156
mdg,2006,1.04372000694275
mdg,2007,1.03643000125885
mdg,2008,1.03472995758057
mdg,2009,1.02950000762939
mdg,2010,1.02408003807068
mdg,2013,1.05050003528595
mdg,2014,1.06064999103546
mdv,1970,0.833429992198944
mdv,1971,1.33631002902985
mdv,1977,0.550249993801117
mdv,1992,0.956390023231506
mdv,1993,0.994069993495941
mdv,1995,1.06471002101898
mdv,1996,1.04466998577118
mdv,1997,1.04597997665405
mdv,1998,1.01157999038696
mdv,1999,1.0079300403595
mdv,2000,1.03430998325348
mdv,2001,1.04648995399475
mdv,2002,1.01947999000549
mdv,2003,1.02120995521545
mdv,2004,1.01673996448517
mdv,2005,0.999040007591248
mdv,2006,0.999059975147247
mdv,2007,1.04126000404358
mea,1970,0.608959972858429
mea,1971,0.611590027809143
mea,1972,0.612580001354218
mea,1973,0.619249999523163
mea,1974,0.639270007610321
mea,1975,0.654250025749207
mea,1976,0.677309989929199
mea,1977,0.698189973831177
mea,1978,0.6841099858284
mea,1979,0.68928998708725
mea,1980,0.680480003356934
mea,1981,0.658119976520538
mea,1982,0.689909994602203
mea,1983,0.69336998462677
mea,1984,0.712800025939941
mea,1985,0.679340004920959
mea,1986,0.708459973335266
mea,1987,0.714309990406036
mea,1988,0.711709976196289
mea,1989,0.721750020980835
mea,1990,0.743300020694733
mea,1991,0.746879994869232
mea,1992,0.741980016231537
mea,1993,0.750209987163544
mea,1994,0.751630008220673
mea,1995,0.750620007514954
mea,1996,0.762229979038239
mea,1997,0.771719992160797
mea,1998,0.78150999546051
mea,1999,0.801609992980957
mea,2000,0.826259970664978
mea,2001,0.847209990024567
mea,2002,0.861999988555908
mea,2003,0.891129970550537
mea,2004,0.903450012207031
mea,2005,0.914189994335175
mea,2006,0.926720023155212
mea,2007,0.940339982509613
mea,2008,0.92629998922348
mea,2009,0.954789996147156
mea,2010,0.931360006332397
mea,2011,0.971149981021881
mea,2012,0.97163999080658
mea,2013,0.981890022754669
mea,2014,0.97750997543335
mex,1971,1.04783999919891
mex,1972,1.04591000080109
mex,1976,1.00867998600006
mex,1977,1.0320600271225
mex,1978,1.03101003170013
mex,1981,1.01639997959137
mex,1982,1.02584004402161
mex,1983,1.02541995048523
mex,1984,1.03220999240875
mex,1985,1.03112995624542
mex,1986,1.02857005596161
mex,1987,1.02969002723694
mex,1988,1.0307799577713
mex,1989,1.0320999622345
mex,1990,0.997820019721985
mex,1991,1.02937996387482
mex,1992,1.02872002124786
mex,1993,1.02295994758606
mex,1994,1.02454996109009
mex,1995,1.02271997928619
mex,1996,1.02251994609833
mex,1997,1.01988995075226
mex,1998,1.02189004421234
mex,1999,1.01653003692627
mex,2000,1.01529002189636
mex,2001,1.01223003864288
mex,2002,1.01153004169464
mex,2003,1.00942003726959
mex,2004,1.01291000843048
mex,2005,1.01012003421783
mex,2006,1.01054000854492
mex,2007,1.01250004768372
mex,2008,1.01577997207642
mex,2009,1.01733005046844
mex,2010,1.01874005794525
mex,2011,1.01988995075226
mex,2012,1.02161002159119
mex,2013,1.02346003055573
mex,2014,1.02323997020721
mhl,1999,1.05165994167328
mhl,2002,0.99592000246048
mhl,2007,1.00780999660492
mhl,2008,0.942659974098206
mhl,2009,0.912410020828247
mhl,2011,1.05528998374939
mic,1970,0.929610013961792
mic,1971,0.929470002651215
mic,1972,0.928870022296906
mic,1973,0.928870022296906
mic,1974,0.932349979877472
mic,1975,0.936860024929047
mic,1976,0.940169990062714
mic,1977,0.943080008029938
mic,1978,0.942820012569427
mic,1979,0.943870007991791
mic,1980,0.948450028896332
mic,1981,0.945699989795685
mic,1982,0.949779987335205
mic,1983,0.946039974689484
mic,1984,0.945309996604919
mic,1985,0.933210015296936
mic,1986,0.939580023288727
mic,1987,0.942759990692139
mic,1988,0.935750007629395
mic,1989,0.935720026493073
mic,1990,0.933510005474091
mic,1991,0.946619987487793
mic,1992,0.940249979496002
mic,1993,0.940620005130768
mic,1994,0.94243997335434
mic,1995,0.945500016212463
mic,1996,0.948180019855499
mic,1997,0.949869990348816
mic,1998,0.955749988555908
mic,1999,0.951539993286133
mic,2000,0.953419983386993
mic,2001,0.960590004920959
mic,2002,0.973569989204407
mic,2003,0.976220011711121
mic,2004,0.97639000415802
mic,2005,0.979979991912842
mic,2006,0.972790002822876
mic,2007,0.97079998254776
mic,2008,0.972490012645721
mic,2009,0.97052001953125
mic,2010,0.97654002904892
mic,2011,0.980390012264252
mic,2012,0.983550012111664
mic,2013,0.981760025024414
mic,2014,0.982190012931824
mkd,1993,0.984200000762939
mkd,1994,0.9755499958992
mkd,1995,0.992609977722168
mkd,1996,0.967010021209717
mkd,1997,0.967040002346039
mkd,1998,1.01071000099182
mkd,1999,0.999010026454926
mkd,2000,0.991850018501282
mkd,2001,0.984830021858215
mkd,2002,0.985249996185303
mkd,2003,0.988189995288849
mkd,2004,0.977370023727417
mkd,2005,0.997409999370575
mkd,2006,0.992879986763
mkd,2007,0.99142998456955
mkd,2008,1.0001300573349
mkd,2009,1.05632996559143
mkd,2010,1.02316999435425
mkd,2011,1.02657997608185
mkd,2012,1.02161002159119
mli,1995,0.946690022945404
mli,1996,0.946850001811981
mli,1997,0.99005001783371
mli,1998,1.01026999950409
mli,1999,1.08961999416351
mli,2000,1.04410004615784
mli,2001,1.01145994663239
mli,2002,1.00593996047974
mli,2003,1.02696001529694
mli,2004,1.0392199754715
mli,2005,1.01177000999451
mli,2006,1.01156997680664
mli,2008,1.03959000110626
mli,2009,1.06986999511719
mli,2010,1.06960999965668
mli,2011,1.04051005840302
mli,2013,1.05079996585846
mli,2014,1.0514999628067
mlt,1971,0.932179987430573
mlt,1972,1.02749001979828
mlt,1973,0.853129982948303
mlt,1974,0.875999987125397
mlt,1975,0.935479998588562
mlt,1976,0.926789999008179
mlt,1977,1.00177001953125
mlt,1978,1.01131999492645
mlt,1979,0.933860003948212
mlt,1980,0.9028400182724
mlt,1981,0.940670013427734
mlt,1982,0.894429981708527
mlt,1983,0.884419977664948
mlt,1984,0.941139996051788
mlt,1985,0.994069993495941
mlt,1986,0.987569987773895
mlt,1987,0.989929974079132
mlt,1988,0.95770001411438
mlt,1989,0.945969998836517
mlt,1990,0.960860013961792
mlt,1991,0.953490018844604
mlt,1992,1.0249400138855
mlt,1993,1.02768003940582
mlt,1994,1.02199995517731
mlt,1995,0.993170022964478
mlt,1996,1.00750994682312
mlt,1997,1.01479995250702
mlt,1998,1.00288999080658
mlt,1999,0.987460017204285
mlt,2000,0.97053998708725
mlt,2001,0.978550016880035
mlt,2002,0.970889985561371
mlt,2003,1.0249799489975
mlt,2004,1.07392001152039
mlt,2005,1.03301000595093
mlt,2006,0.951950013637543
mlt,2007,0.957319974899292
mlt,2008,0.955749988555908
mlt,2009,0.915040016174316
mlt,2010,0.917150020599365
mlt,2011,0.928269982337952
mlt,2012,0.958090007305145
mlt,2013,1.01219999790192
mlt,2014,1.05245995521545
mmr,2006,0.997900009155273
mmr,2007,1.02496004104614
mmr,2008,1.02787005901337
mmr,2009,1.01425004005432
mmr,2010,1.05378997325897
mmr,2014,1.03747999668121
mna,1970,0.532790005207062
mna,1971,0.533550024032593
mna,1972,0.532270014286041
mna,1973,0.542150020599365
mna,1974,0.557299971580505
mna,1975,0.574100017547607
mna,1976,0.610780000686646
mna,1977,0.636609971523285
mna,1978,0.62133002281189
mna,1979,0.622039973735809
mna,1980,0.616360008716583
mna,1981,0.591170012950897
mna,1982,0.625970005989075
mna,1983,0.627799987792969
mna,1984,0.651390016078949
mna,1985,0.60877001285553
mna,1986,0.6423299908638
mna,1987,0.649730026721954
mna,1988,0.646849989891052
mna,1989,0.658810019493103
mna,1990,0.683730006217957
mna,1991,0.688740015029907
mna,1992,0.680880010128021
mna,1993,0.686950027942657
mna,1994,0.68682998418808
mna,1995,0.690609991550446
mna,1996,0.706690013408661
mna,1997,0.719560027122498
mna,1998,0.733560025691986
mna,1999,0.755750000476837
mna,2000,0.787190020084381
mna,2001,0.811649978160858
mna,2002,0.829450011253357
mna,2003,0.86624002456665
mna,2004,0.883700013160706
mna,2005,0.895799994468689
mna,2006,0.913169980049133
mna,2007,0.930130004882813
mna,2008,0.910120010375977
mna,2009,0.935119986534119
mna,2010,0.909609973430634
mna,2011,0.949689984321594
mna,2012,0.941150009632111
mna,2013,0.946709990501404
mna,2014,0.952870011329651
mne,2001,0.973869979381561
mne,2002,0.974489986896515
mne,2003,0.957750022411346
mne,2004,0.934650003910065
mne,2005,0.991859972476959
mne,2006,0.991320013999939
mne,2007,0.960489988327026
mne,2008,0.989509999752045
mne,2009,0.981920003890991
mne,2010,0.961030006408691
mne,2011,0.982370018959045
mne,2012,0.962329983711243
mne,2015,0.939589977264404
mng,1975,1.106330037117
mng,1976,1.10801994800568
mng,1980,1.08176004886627
mng,1981,1.10530996322632
mng,1983,1.21613001823425
mng,1986,1.21302998065948
mng,1991,1.20107996463776
mng,1992,1.17273998260498
mng,1993,1.15222001075745
mng,1994,1.11879003047943
mng,1995,1.22854995727539
mng,1996,1.15487003326416
mng,1997,1.16419005393982
mng,1998,1.11969995498657
mng,1999,1.18067002296448
mng,2000,1.01786994934082
mng,2001,1.08329999446869
mng,2002,1.13979995250702
mng,2003,1.10970997810364
mng,2004,1.05131995677948
mng,2005,1.08808994293213
mng,2006,1.10322999954224
mng,2007,1.03999996185303
mng,2008,1.06867003440857
mng,2009,1.03699004650116
mng,2010,1.03440999984741
mng,2011,1.04173004627228
mng,2012,1.00953996181488
moz,1971,1.4412499666214
moz,1972,1.28208994865417
moz,1973,1.12378001213074
moz,1982,0.871290028095245
moz,1983,0.852970004081726
moz,1984,0.877990007400513
moz,1985,0.884980022907257
moz,1986,0.854430019855499
mrt,2014,1.30273997783661
mus,1970,0.989040017127991
mus,1971,0.949530005455017
mus,1972,0.984099984169006
mus,1973,0.949729979038239
mus,1974,0.923979997634888
mus,1975,0.978680014610291
mus,1976,0.962830007076263
mus,1977,0.991069972515106
mus,1978,0.981010019779205
mus,1979,0.968349993228912
mus,1980,0.96613997220993
mus,1981,0.96943998336792
mus,1982,0.982070028781891
mus,1990,0.999260008335114
mus,1993,0.988659977912903
mus,1995,0.99413001537323
mus,1996,0.999300003051758
mus,1997,1.01021003723145
mus,1998,1.01934003829956
mus,1999,1.01173996925354
mus,2000,1.02037000656128
mus,2001,1.01466000080109
mus,2002,1.00202000141144
mus,2003,1.01777005195618
mus,2004,0.992900013923645
mus,2005,1.00812995433807
mus,2006,1.01999998092651
mus,2007,1.0259200334549
mus,2008,1.02577996253967
mus,2009,1.02939999103546
mus,2010,0.990190029144287
mus,2011,1.00413000583649
mus,2012,1.01500999927521
mus,2013,1.01236999034882
mus,2014,1.02648997306824
nac,1980,0.957679986953735
nac,1981,0.958010017871857
nac,1982,0.954379975795746
nac,1983,1.02015995979309
nac,1984,1.02319002151489
nac,1985,1.02604997158051
nac,1986,1.02998995780945
nac,1987,0.970040023326874
nac,1988,0.919820010662079
nac,1989,0.983759999275208
nac,1990,0.967350006103516
nac,1991,0.969340026378632
nac,1992,0.967480003833771
nac,1993,0.965349972248077
nac,1994,0.96331000328064
nac,1995,0.961560010910034
nac,1996,0.989199995994568
nac,1997,0.997730016708374
nac,1998,1.00628995895386
nac,1999,0.969210028648376
nac,2000,1.01289999485016
nac,2001,1.02048003673553
nac,2002,1.02805995941162
nac,2003,0.991450011730194
nac,2004,0.95608001947403
nac,2005,0.925700008869171
nac,2006,0.998030006885529
nac,2007,0.974960029125214
nac,2008,0.985930025577545
nac,2009,0.982100009918213
nac,2010,1.03208005428314
nac,2011,0.971949994564056
nac,2012,0.970120012760162
nac,2013,0.995320022106171
nac,2014,1.0038800239563
nam,1989,1.05333995819092
nam,1990,1.12604999542236
nam,1991,0.989459991455078
nam,1992,0.981260001659393
nam,1993,1.02281999588013
nam,1994,1.01657998561859
nam,1999,1.1438000202179
nam,2001,1.18316996097565
nam,2002,1.29474997520447
nam,2006,1.00072002410889
nam,2012,1.01757001876831
nam,2013,1.03506994247437
ner,1973,1.23547995090485
ner,1974,1.15195000171661
ner,1975,1.07927000522614
ner,1976,0.984319984912872
ner,1977,1.12553000450134
ner,1978,0.996940016746521
ner,1979,0.980570018291473
ner,1980,0.973919987678528
ner,1981,1.0150899887085
ner,1982,1.03751003742218
ner,1983,0.982309997081757
ner,1984,1.13926005363464
ner,1985,1.01540005207062
ner,1986,1.01807999610901
ner,1987,0.955510020256042
ner,1989,0.967249989509583
ner,1990,0.942210018634796
ner,1991,0.945420026779175
ner,1992,0.961130023002625
ner,1993,1.05414998531342
ner,1995,0.982890009880066
ner,1996,0.977989971637726
ner,1997,0.989920020103455
ner,1998,1.05259001255035
ner,1999,1.03637003898621
ner,2000,1.03004002571106
ner,2001,0.980679988861084
ner,2002,0.9723299741745
ner,2003,1.02235996723175
ner,2004,0.996379971504211
ner,2005,1.03280997276306
ner,2006,1.08934998512268
ner,2007,1.04351997375488
ner,2008,1.05645000934601
ner,2009,0.94352000951767
ner,2010,1.02962005138397
ner,2011,1.05901002883911
ner,2012,1.04857003688812
ner,2013,1.0605800151825
ner,2014,1.06222999095917
nga,2001,0.941240012645721
nga,2002,0.973890006542206
nga,2003,0.951499998569489
nga,2004,0.998319983482361
nga,2005,0.987569987773895
nga,2006,1.01187002658844
nga,2008,1.04866003990173
nga,2009,0.843919992446899
nga,2010,0.986819982528687
nic,1970,1.14309000968933
nic,1971,1.16813004016876
nic,1972,1.15843999385834
nic,1973,1.10376000404358
nic,1978,1.15547001361847
nic,1980,1.08378005027771
nic,1982,1.13715004920959
nic,1983,1.10818994045258
nic,1984,1.08042001724243
nic,1985,1.10371994972229
nic,1986,1.07726001739502
nic,1987,1.1029200553894
nic,1988,1.09937000274658
nic,1989,1.10000002384186
nic,1990,1.09644997119904
nic,1991,1.0903400182724
nic,1992,1.09519994258881
nic,1993,1.07044994831085
nic,1994,1.06163001060486
nic,1995,1.06909000873566
nic,1996,1.06095004081726
nic,1997,1.06003999710083
nic,1998,1.02581000328064
nic,1999,1.04770994186401
nic,2000,1.04176998138428
nic,2001,1.02223002910614
nic,2002,1.04167997837067
nic,2003,1.04322004318237
nic,2004,1.03886997699738
nic,2005,1.02611994743347
nic,2006,1.02339005470276
nic,2007,1.02118003368378
nic,2008,1.01455998420715
nic,2010,1.0315500497818
nld,1971,0.997250020503998
nld,1972,1.00230002403259
nld,1973,0.99728000164032
nld,1974,1.00302004814148
nld,1975,1.00155997276306
nld,1976,0.995400011539459
nld,1977,0.997579991817474
nld,1978,1.00186002254486
nld,1979,0.996339976787567
nld,1980,0.994520008563995
nld,1981,0.989099979400635
nld,1982,0.989619970321655
nld,1983,0.991869986057281
nld,1984,0.993659973144531
nld,1985,0.99617999792099
nld,1986,1.01226997375488
nld,1987,1.01183998584747
nld,1988,1.01033997535706
nld,1989,1.00680005550385
nld,1990,1.00565004348755
nld,1991,1.01473999023438
nld,1992,1.03042995929718
nld,1993,1.00381994247437
nld,1994,1.00195002555847
nld,1995,0.999140024185181
nld,1996,0.993369996547699
nld,1997,0.991599977016449
nld,2011,0.998420000076294
nld,2012,1.00066995620728
nld,2013,1.00443005561829
nld,2014,1.00751996040344
nor,1994,1.0514600276947
nor,1995,1.05236995220184
nor,1996,1.05350995063782
nor,1997,1.05475997924805
nor,1998,1.05727994441986
nor,1999,1.05905997753143
nor,2000,1.05897998809814
nor,2001,1.05840003490448
nor,2002,1.05640995502472
nor,2008,1.00170004367828
nor,2009,0.997500002384186
nor,2010,0.992330014705658
nor,2011,0.9964399933815
nor,2012,0.998520016670227
nor,2013,0.999549984931946
nor,2014,1.00409996509552
npl,1983,0.632340013980865
npl,1984,0.714860022068024
npl,1997,0.71425998210907
npl,1999,0.761759996414185
npl,2000,0.745199978351593
npl,2001,0.790319979190826
npl,2002,0.852379977703094
npl,2003,0.863259971141815
npl,2004,0.850859999656677
npl,2005,0.916570007801056
npl,2007,0.983009994029999
npl,2008,0.908919990062714
npl,2009,0.946009993553162
npl,2010,0.964709997177124
npl,2011,0.97978001832962
npl,2012,0.974269986152649
npl,2013,0.967880010604858
npl,2014,0.953939974308014
npl,2015,0.969789981842041
nru,1998,1.07989001274109
nru,2000,0.879440009593964
nru,2001,0.935429990291595
nru,2002,0.999800026416779
nru,2003,1.00669002532959
nru,2004,0.982230007648468
nru,2005,0.878620028495789
nru,2006,1.00083005428314
nru,2007,1.48532998561859
nru,2008,0.969060003757477
nru,2012,0.829230010509491
nru,2014,1.12247002124786
nzl,1970,1.02513003349304
nzl,1971,1.02083003520966
nzl,1972,1.00483000278473
nzl,1973,0.986630022525787
nzl,1975,1.0003000497818
nzl,1976,0.995970010757446
nzl,1977,0.988359987735748
nzl,1978,1.00402998924255
nzl,1980,0.973969995975494
nzl,1981,0.985729992389679
nzl,1982,1.01022005081177
nzl,1984,1.00573003292084
nzl,1985,0.999650001525879
nzl,1986,0.990490019321442
nzl,1987,0.998499989509583
nzl,1988,1.01934003829956
nzl,1998,1.01221001148224
nzl,1999,1.00564002990723
nzl,2000,1.00270998477936
nzl,2001,1.01344001293182
nzl,2002,0.998399972915649
nzl,2003,0.998000025749207
nzl,2004,0.999440014362335
nzl,2005,1.01253998279572
nzl,2006,1.01454997062683
nzl,2007,1.01032996177673
nzl,2008,1.02774000167847
nzl,2009,1.03132998943329
nzl,2010,1.04167997837067
nzl,2011,1.03990995883942
nzl,2012,1.03794002532959
nzl,2013,1.0231499671936
nzl,2014,1.02213001251221
oed,1970,0.99329000711441
oed,1971,0.993560016155243
oed,1972,0.993489980697632
oed,1973,0.986989974975586
oed,1974,0.995150029659271
oed,1975,0.98853999376297
oed,1976,0.994329988956451
oed,1977,0.993939995765686
oed,1978,0.993499994277954
oed,1979,0.992150008678436
oed,1980,0.992030024528503
oed,1981,0.991280019283295
oed,1982,0.990809977054596
oed,1983,1.00716996192932
oed,1984,1.00934994220734
oed,1985,1.00736999511719
oed,1986,1.00841999053955
oed,1987,0.995500028133392
oed,1988,0.980499982833862
oed,1989,0.999830007553101
oed,1990,0.991919994354248
oed,1991,0.994729995727539
oed,1992,0.999790012836456
oed,1993,0.994050025939941
oed,1994,0.991490006446838
oed,1995,0.987649977207184
oed,1996,0.994520008563995
oed,1997,0.999480009078979
oed,1998,1.00267994403839
oed,1999,0.992229998111725
oed,2000,1.00170004367828
oed,2001,1.00508999824524
oed,2002,1.00646996498108
oed,2003,0.994629979133606
oed,2004,0.987429976463318
oed,2005,0.979589998722076
oed,2006,0.999629974365234
oed,2007,0.993759989738464
oed,2008,0.996529996395111
oed,2009,0.995859980583191
oed,2010,1.00768995285034
oed,2011,0.990490019321442
oed,2012,0.990239977836609
oed,2013,0.995329976081848
oed,2014,0.999679982662201
omn,1974,0.819369971752167
omn,1975,1.02762997150421
omn,1976,0.764569997787476
omn,1977,0.764119982719421
omn,1978,0.603640019893646
omn,1979,0.978609979152679
omn,1981,0.821009993553162
omn,1982,0.73716002702713
omn,1983,0.851779997348785
omn,1984,0.805169999599457
omn,1985,0.902589976787567
omn,1986,0.816089987754822
omn,1987,0.793210029602051
omn,1988,0.760990023612976
omn,1989,0.713819980621338
omn,1990,0.74234002828598
omn,1991,0.894330024719238
omn,1992,0.832759976387024
omn,1993,0.857490003108978
omn,1994,0.840569972991943
omn,1995,0.840830028057098
omn,1996,0.84909999370575
omn,1997,0.86242002248764
omn,1998,0.901939988136292
omn,2009,0.95686000585556
omn,2011,0.988610029220581
omn,2012,0.981549978256226
omn,2013,1.02126002311707
omn,2014,1.04166996479034
pak,2000,0.706770002841949
pak,2001,0.737469971179962
pak,2002,0.941359996795654
pak,2003,0.856119990348816
pak,2004,0.847809970378876
pak,2005,0.918330013751984
pak,2006,0.928380012512207
pak,2007,0.911849975585938
pak,2008,0.917320013046265
pak,2009,0.898859977722168
pak,2012,0.88561999797821
pak,2013,0.883729994297028
pak,2014,0.885609984397888
pan,1970,1.08007001876831
pan,1971,1.09204995632172
pan,1972,1.04647994041443
pan,1973,1.03394997119904
pan,1974,1.04967999458313
pan,1975,1.06757998466492
pan,1976,1.09635996818542
pan,1977,1.00750994682312
pan,1978,1.04378998279572
pan,1979,1.05656003952026
pan,1980,1.03609001636505
pan,1981,1.05039000511169
pan,1982,1.04570996761322
pan,1983,0.996070027351379
pan,1984,1.03243005275726
pan,1985,1.04094994068146
pan,1986,1.0229400396347
pan,1987,1.0239599943161
pan,1988,1.02316999435425
pan,1989,1.0244300365448
pan,1990,1.00548005104065
pan,1999,1.01098001003265
pan,2000,1.00935995578766
pan,2001,1.01951003074646
pan,2002,1.00628995895386
pan,2003,1.00585997104645
pan,2004,1.01760005950928
pan,2005,1.00380003452301
pan,2006,1.0029000043869
pan,2007,0.982330024242401
pan,2008,1.00187003612518
pan,2009,1.00619995594025
pan,2010,1.00332999229431
pan,2011,1.01279997825623
pan,2012,1.00106000900269
pan,2013,1.00882995128632
per,1970,1.11444997787476
per,1971,1.13300001621246
per,1972,1.15148997306824
per,1973,1.03875005245209
per,1974,1.04624998569489
per,1975,1.00582003593445
per,1976,0.990299999713898
per,1977,1.03104996681213
per,1979,1.04602003097534
per,1980,1.05046999454498
per,1981,1.0361499786377
per,1982,1.03893995285034
per,1985,1.04133999347687
per,1991,1.03068995475769
per,1993,1.03076994419098
per,1995,1.03066003322601
per,1998,1.02437996864319
per,1999,1.02424001693726
per,2000,1.01907002925873
per,2001,1.02385997772217
per,2002,1.02754998207092
per,2003,1.02376997470856
per,2004,1.02152001857758
per,2005,1.01787996292114
per,2006,1.01584994792938
per,2007,1.01789999008179
per,2008,1.01280999183655
per,2009,1.01719999313354
per,2010,1.00394999980927
per,2011,1.00560998916626
per,2012,0.99278998374939
per,2013,1.00871002674103
per,2014,1.0144100189209
phl,1972,1.0179500579834
phl,1982,1.09019994735718
phl,1983,0.994589984416962
phl,1984,1.02095997333527
phl,1986,1.11563003063202
phl,1987,1.11574995517731
phl,1989,1.01406002044678
phl,1991,1.06831002235413
phl,1992,1.07006001472473
phl,1993,1.07167994976044
phl,1994,1.07341003417969
phl,1995,1.06405997276306
phl,1996,1.05288004875183
phl,1997,1.04860997200012
phl,1998,1.05542004108429
phl,1999,1.05754995346069
phl,2001,1.04868996143341
phl,2002,1.05041003227234
phl,2003,1.03872001171112
phl,2004,1.03991997241974
phl,2005,1.03575003147125
phl,2006,1.02564001083374
phl,2007,1.03576004505157
phl,2008,1.04083001613617
phl,2009,1.04368996620178
plw,2003,1.00313997268677
plw,2004,1.21240997314453
plw,2013,1.05988001823425
plw,2014,1.09203994274139
png,1975,0.749000012874603
png,1976,0.779229998588562
png,1978,0.852720022201538
png,1979,0.741280019283295
png,1981,0.797540009021759
png,1982,0.825360000133514
png,1984,0.886099994182587
png,1986,0.887750029563904
png,1987,0.813229978084564
png,1988,0.83925998210907
png,1989,0.911509990692139
png,1990,0.916980028152466
png,1991,0.936850011348724
png,1992,0.977330029010773
png,1993,0.814360022544861
png,1994,0.909070014953613
png,1995,0.963100016117096
png,1998,0.940199971199036
png,2002,0.948499977588654
png,2008,0.975310027599335
pol,1993,1.00866997241974
pol,1994,1.00854003429413
pol,1997,0.984470009803772
pol,1998,0.998809993267059
pol,1999,1.00546002388
pol,2000,1.01116001605988
pol,2001,1.00743997097015
pol,2002,1.00802004337311
pol,2003,1.00479996204376
pol,2004,1.0082700252533
pol,2005,1.00618004798889
pol,2006,1.0102299451828
pol,2007,1.00601994991302
pol,2008,1.01095998287201
pol,2009,1.00786995887756
pol,2010,1.00889003276825
pol,2011,1.00167000293732
pol,2012,0.988629996776581
pol,2013,0.992410004138947
pri,2010,1.02775001525879
pri,2011,1.03042995929718
pri,2012,1.03878998756409
pri,2013,1.03024995326996
prk,2009,1.00495994091034
prt,1971,0.972559988498688
prt,1972,1.00119996070862
prt,1973,0.961560010910034
prt,1974,0.968959987163544
prt,1975,0.914210021495819
prt,1976,0.947799980640411
prt,1977,0.942659974098206
prt,1978,0.951510012149811
prt,1979,0.961189985275269
prt,1980,0.984679996967316
prt,1981,0.97680002450943
prt,1982,0.970839977264404
prt,1983,0.984009981155396
prt,1984,0.981850028038025
prt,1985,0.977240025997162
prt,1986,0.992399990558624
prt,1987,0.985310018062592
prt,1988,0.993160009384155
prt,1991,0.993499994277954
prt,1993,0.965730011463165
prt,1994,0.979990005493164
prt,1995,0.994520008563995
prt,1996,0.96136999130249
prt,1998,0.994549989700317
prt,1999,0.994599997997284
prt,2000,0.99507999420166
prt,2001,1.02082002162933
prt,2003,1.01268994808197
prt,2004,1.01930999755859
prt,2005,1.01961994171143
prt,2006,1.00867998600006
prt,2007,1.01235997676849
prt,2008,0.994620025157928
prt,2009,0.993960022926331
prt,2010,0.981559991836548
prt,2011,0.971140027046204
prt,2012,0.96109002828598
prt,2013,0.958949983119965
prt,2014,0.968930006027222
pry,1970,1.07648003101349
pry,1971,1.07828998565674
pry,1973,1.03896999359131
pry,1977,1.09300994873047
pry,1978,1.02707004547119
pry,1982,1.0927699804306
pry,1985,1.03217995166779
pry,1986,1.05569005012512
pry,1987,1.03732001781464
pry,1988,1.0324399471283
pry,1989,1.00786995887756
pry,1990,1.03193998336792
pry,1991,1.04936003684998
pry,1992,1.03665995597839
pry,1993,1.03925001621246
pry,1994,1.017009973526
pry,1995,1.02567994594574
pry,1996,1.0341500043869
pry,1997,1.38666999340057
pry,1998,1.0275399684906
pry,1999,1.02534997463226
pry,2000,1.02274000644684
pry,2001,1.02166998386383
pry,2002,1.00707995891571
pry,2003,1.01209998130798
pry,2004,1.01154005527496
pry,2005,1.00701999664307
pry,2006,1.00619995594025
pry,2007,1.00981998443604
pry,2008,1.00130999088287
pry,2009,1.00811004638672
pry,2010,1.00699996948242
pry,2011,1.00829994678497
pry,2012,1.00291001796722
pse,1995,0.964950025081635
pse,1996,0.970319986343384
pse,1997,0.950709998607636
pse,1999,0.958119988441467
pse,2000,0.946250021457672
pse,2001,0.932460010051727
pse,2002,0.941860020160675
pse,2003,0.95797997713089
pse,2004,0.957790017127991
pse,2005,0.959039986133575
pse,2006,0.977219998836517
pse,2007,0.975080013275146
pse,2008,0.972549974918365
pse,2009,0.977389991283417
pse,2010,0.977970004081726
pse,2011,0.9825199842453
pse,2012,0.986519992351532
pse,2013,0.989189982414246
pse,2014,1.02225995063782
qat,1971,0.872609972953796
qat,1972,0.777440011501312
qat,1973,0.757929980754852
qat,1974,0.845329999923706
qat,1975,0.843460023403168
qat,1976,0.834699988365173
qat,1977,0.901109993457794
qat,1978,0.810350000858307
qat,1979,0.790149986743927
qat,1980,0.899850010871887
qat,1981,0.927259981632233
qat,1982,0.840969979763031
qat,1983,0.849640011787415
qat,1984,0.829370021820068
qat,1985,0.876079976558685
qat,1986,0.890529990196228
qat,1987,0.840699970722198
qat,1988,0.853670001029968
qat,1989,0.886659979820251
qat,1990,0.886950016021729
qat,1991,0.963750004768372
qat,1992,0.923680007457733
qat,1993,0.888650000095367
qat,1994,0.980289995670319
qat,1995,1.00425004959106
qat,1996,0.899399995803833
qat,1997,1.01303005218506
qat,1998,0.937799990177155
qat,1999,0.965590000152588
qat,2000,0.911289989948273
qat,2001,0.914380013942719
qat,2002,0.928300023078918
qat,2003,0.817189991474152
qat,2004,0.858640015125275
qat,2005,0.865899980068207
qat,2006,0.983870029449463
qat,2007,0.958000004291534
qat,2008,0.984120011329651
qat,2009,0.981840014457703
qat,2011,1.06186997890472
qat,2013,1.04365003108978
qat,2014,1.00336003303528
rou,1971,1.05202996730804
rou,1972,1.05434000492096
rou,1973,1.05343997478485
rou,1974,1.06217002868652
rou,1975,1.05025005340576
rou,1976,1.03987002372742
rou,1977,1.02673995494843
rou,1978,1.02023994922638
rou,1979,1.01907002925873
rou,1980,1.02780997753143
rou,1981,1.0212299823761
rou,1982,1.02043998241425
rou,1983,1.02285003662109
rou,1984,1.02451002597809
rou,1985,1.02357995510101
rou,1986,1.02564001083374
rou,1987,1.03038001060486
rou,1988,1.03044998645782
rou,1989,1.03317999839783
rou,1990,1.02953994274139
rou,1991,1.04737997055054
rou,1992,1.04677999019623
rou,1993,1.05242002010345
rou,1994,1.04410004615784
rou,1995,1.04370999336243
rou,1996,1.0335099697113
rou,1997,1.02346003055573
rou,1998,1.0236200094223
rou,1999,1.02843999862671
rou,2000,1.03336000442505
rou,2001,1.03096997737885
rou,2002,1.03070998191833
rou,2003,1.02839004993439
rou,2004,1.02165997028351
rou,2005,1.01735997200012
rou,2006,1.01148998737335
rou,2007,1.01121997833252
rou,2008,1.00592994689941
rou,2009,1.00805997848511
rou,2010,1.00507998466492
rou,2011,1.0048600435257
rou,2012,1.00722002983093
rou,2013,1.00552999973297
rou,2014,1.00209999084473
rus,1992,0.913179993629456
rus,1994,0.915380001068115
rus,2008,0.991060018539429
rus,2009,0.988839983940125
rus,2011,0.990029990673065
rus,2012,0.990549981594086
rus,2013,0.987580001354218
rus,2014,0.985220015048981
rwa,2001,0.934840023517609
rwa,2008,1.04095995426178
rwa,2009,0.996159970760345
rwa,2010,1.05409002304077
rwa,2011,1.05104005336761
rwa,2012,1.06019997596741
rwa,2013,1.05201005935669
sas,1970,0.758419990539551
sas,1971,0.758300006389618
sas,1972,0.752489984035492
sas,1973,0.757619976997375
sas,1974,0.77402001619339
sas,1975,0.787829995155334
sas,1976,0.800339996814728
sas,1977,0.809040009975433
sas,1978,0.814920008182526
sas,1979,0.821889996528625
sas,1980,0.825789988040924
sas,1981,0.828909993171692
sas,1982,0.827809989452362
sas,1983,0.822430014610291
sas,1984,0.814159989356995
sas,1985,0.808149993419647
sas,1986,0.807519972324371
sas,1987,0.797969996929169
sas,1988,0.791310012340546
sas,1989,0.799480020999908
sas,1990,0.80129998922348
sas,1991,0.805930018424988
sas,1992,0.803449988365173
sas,1993,0.807659983634949
sas,1994,0.82015997171402
sas,1995,0.837130010128021
sas,1996,0.836679995059967
sas,1997,0.852159976959229
sas,1998,0.855250000953674
sas,1999,0.842320024967194
sas,2000,0.832090020179749
sas,2001,0.843389987945557
sas,2002,0.966400027275085
sas,2003,0.969309985637665
sas,2004,0.950290024280548
sas,2005,0.978079974651337
sas,2006,0.979610025882721
sas,2007,0.955169975757599
sas,2008,0.95278000831604
sas,2009,0.962180018424988
sas,2010,0.95508998632431
sas,2011,0.949119985103607
sas,2012,0.948490023612976
sas,2013,0.9340900182724
sas,2014,0.935270011425018
sau,1979,0.809260010719299
sau,2005,0.937919974327087
sau,2007,0.946129977703094
sau,2008,0.949660003185272
sau,2013,1.61391997337341
sau,2014,1.29031002521515
sdn,2001,1.02259004116058
sdn,2002,0.989329993724823
sdn,2003,1.0735399723053
sdn,2004,1.03203999996185
sdn,2005,1.0038800239563
sdn,2006,1.00260996818542
sdn,2007,1.02717995643616
sdn,2008,1.03917002677917
sdn,2009,0.895789980888367
sdn,2010,1.04439997673035
sdn,2011,1.04900002479553
sdn,2012,0.945580005645752
sdn,2013,1.07039999961853
sen,1980,1.03795003890991
sen,1981,1.06164002418518
sen,1982,1.07504999637604
sen,1983,1.02730000019073
sen,1986,1.05873000621796
sen,1987,1.01321005821228
sen,1988,1.04438996315002
sen,1989,1.02270996570587
sen,1990,1.04094004631042
sen,1991,1.03861999511719
sen,1992,0.997070014476776
sen,1993,1.00310003757477
sen,1994,0.992829978466034
sen,1996,1.0064400434494
sen,1997,1.04393005371094
sen,1998,1.04649996757507
sen,1999,0.999769985675812
sen,2000,1.05621004104614
sen,2001,1.12371003627777
sen,2002,1.13166999816895
sen,2003,1.1057300567627
sen,2004,1.10632002353668
sen,2005,1.11035001277924
sen,2006,1.11057996749878
sen,2007,1.12302994728088
sen,2008,1.13170003890991
sen,2009,1.13848996162415
sen,2010,1.11878001689911
sen,2011,1.14385998249054
sen,2012,1.12090003490448
sen,2014,1.13115000724792
slb,1970,0.829100012779236
slb,1990,0.930079996585846
slb,1991,0.951359987258911
slb,1992,0.926999986171722
slb,1993,0.956019997596741
slb,1994,0.954349994659424
slb,2000,0.997120022773743
slb,2002,0.98047000169754
slb,2006,0.994499981403351
slb,2007,0.966849982738495
slb,2008,1.01216995716095
slb,2009,0.997929990291595
slb,2010,0.989459991455078
slb,2011,0.982389986515045
slb,2012,1.00282001495361
slb,2013,1.00638997554779
slb,2014,1.0030699968338
sle,2011,1.04527997970581
sle,2012,1.07179999351501
sle,2013,1.09685003757477
slv,1970,1.14323997497559
slv,1972,1.12258005142212
slv,1974,1.14674997329712
slv,1975,1.1188600063324
slv,1976,1.13512003421783
slv,1978,1.1085000038147
slv,1980,1.10968995094299
slv,1981,1.11705994606018
slv,1982,1.12416005134583
slv,1983,1.09502005577087
slv,1984,1.09944999217987
slv,1987,1.09895002841949
slv,1988,1.09505999088287
slv,1991,1.07818996906281
slv,1992,1.06699001789093
slv,1993,1.07762002944946
slv,1995,1.06642997264862
slv,1996,1.07345998287201
slv,1997,1.06854999065399
slv,1998,1.05095994472504
slv,1999,1.0182900428772
slv,2000,1.04030001163483
slv,2001,1.06059002876282
slv,2002,1.06499004364014
slv,2003,1.05428004264832
slv,2004,1.04272997379303
slv,2005,1.04015004634857
slv,2006,1.03714001178741
slv,2007,1.03145003318787
slv,2008,1.0315899848938
slv,2009,1.01967000961304
slv,2010,1.019739985466
slv,2011,1.02781999111176
slv,2012,1.0183299779892
slv,2013,1.02436995506287
slv,2014,1.02892005443573
smr,2009,0.970200002193451
smr,2010,0.934379994869232
smr,2011,1.09791994094849
smr,2012,1.03032994270325
som,1971,0.842530012130737
som,1972,0.904670000076294
som,1973,0.705799996852875
som,1974,0.635969996452332
som,1976,0.856339991092682
som,1977,0.949509978294373
som,1978,0.872259974479675
som,1979,1.08457005023956
som,1980,1.08236002922058
som,1981,1.08408999443054
som,1982,0.885969996452332
som,1983,1.10741996765137
som,1984,1.18537998199463
som,1985,1.27067995071411
som,1986,1.3074699640274
srb,1999,0.899839997291565
srb,2000,0.992039978504181
srb,2001,1.0009800195694
srb,2002,0.994949996471405
srb,2003,0.988160014152527
srb,2004,0.993950009346008
srb,2005,0.991129994392395
srb,2006,0.991219997406006
srb,2007,0.995360016822815
srb,2008,0.995140016078949
srb,2009,1.00362002849579
srb,2010,1.00774002075195
srb,2011,0.997810006141663
srb,2012,0.995620012283325
srb,2013,1.00339996814728
srb,2014,1.00633001327515
ssa,1983,0.980979979038239
ssa,1984,0.980679988861084
ssa,1985,0.983739972114563
ssa,1986,0.971369981765747
ssa,1991,0.987269997596741
ssa,1992,0.98429000377655
ssa,1993,0.972209990024567
ssa,1994,0.970489978790283
ssa,1995,0.966279983520508
ssa,1996,0.964119970798492
ssa,1997,0.961899995803833
ssa,1998,0.952480018138886
ssa,1999,0.967260003089905
ssa,2000,0.975040018558502
ssa,2001,0.980009973049164
ssa,2002,0.985040009021759
ssa,2003,0.980040013790131
ssa,2004,0.995959997177124
ssa,2005,1.00260996818542
ssa,2006,1.01121997833252
ssa,2007,1.02179002761841
ssa,2008,0.996249973773956
ssa,2009,0.964730024337769
ssa,2010,1.00487995147705
ssa,2011,1.02166998386383
ssa,2012,1.01077997684479
ssa,2013,1.01797997951508
ssa,2014,1.01320004463196
ssd,2011,0.94047999382019
ssf,1983,0.981000006198883
ssf,1984,0.980690002441406
ssf,1985,0.983749985694885
ssf,1986,0.971379995346069
ssf,1991,0.987299978733063
ssf,1992,0.984319984912872
ssf,1993,0.972209990024567
ssf,1994,0.970489978790283
ssf,1995,0.966279983520508
ssf,1996,0.964110016822815
ssf,1997,0.961889982223511
ssf,1998,0.952480018138886
ssf,1999,0.967270016670227
ssf,2000,0.975040018558502
ssf,2001,0.980000019073486
ssf,2002,0.985029995441437
ssf,2003,0.980030000209808
ssf,2004,0.995899975299835
ssf,2005,1.00262999534607
ssf,2006,1.01121997833252
ssf,2007,1.02177000045776
ssf,2008,0.996249973773956
ssf,2009,0.964739978313446
ssf,2010,1.00487005710602
ssf,2011,1.02164995670319
ssf,2012,1.01078999042511
ssf,2013,1.0179899930954
ssf,2014,1.01319003105164
stp,1971,1.19324994087219
stp,1972,1.48027002811432
stp,1977,0.899619996547699
stp,1978,1.0003000497818
stp,1983,0.975799977779388
stp,1984,1.0631799697876
stp,1987,1.01816999912262
stp,1988,1.00302004814148
stp,1990,1.0390499830246
stp,1999,1.11675000190735
stp,2001,1.08516001701355
stp,2002,1.12211000919342
stp,2003,1.11519002914429
stp,2004,1.02192997932434
stp,2005,1.03983998298645
stp,2007,1.06648004055023
stp,2008,1.05382001399994
stp,2009,1.07977998256683
stp,2010,1.08941996097565
stp,2011,1.05095994472504
stp,2012,1.03797996044159
stp,2013,1.08218002319336
stp,2015,1.09970998764038
sur,1971,1.08151996135712
sur,1972,1.03759002685547
sur,1973,1.25659000873566
sur,1974,1.07477998733521
sur,1975,1.0735399723053
sur,1976,1.0168000459671
sur,1977,0.990689992904663
sur,1978,1.02066004276276
sur,1979,1.01722002029419
sur,1981,0.992560029029846
sur,1985,1.03055000305176
sur,1986,1.0082700252533
sur,1987,1.04620003700256
sur,1988,1.06395995616913
sur,1989,1.0395200252533
sur,1990,1.03734004497528
sur,1991,1.01996004581451
sur,1992,1.03666996955872
sur,1993,0.998989999294281
sur,1994,1.0283499956131
sur,2001,1.01839005947113
sur,2002,1.00350999832153
sur,2005,0.986199975013733
sur,2006,0.894699990749359
sur,2007,1.00062000751495
sur,2008,0.998589992523193
sur,2009,0.996209979057312
sur,2011,0.990649998188019
sur,2013,1.03734004497528
sur,2014,1.04811000823975
svk,2000,0.899680018424988
svk,2001,0.973150014877319
svk,2002,0.974889993667603
svk,2003,0.982850015163422
svk,2004,0.975510001182556
svk,2005,0.97351998090744
svk,2006,0.976549983024597
svk,2007,0.970009982585907
svk,2008,0.970009982585907
svk,2009,0.967790007591248
svk,2010,0.970969974994659
svk,2011,0.970179975032806
svk,2012,0.975130021572113
svk,2013,0.975629985332489
svk,2014,0.981119990348816
svn,1981,0.960910022258759
svn,1982,0.976559996604919
svn,1983,0.960650026798248
svn,1984,0.959119975566864
svn,1985,0.975610017776489
svn,1986,0.963750004768372
svn,1987,0.962750017642975
svn,1988,0.957210004329681
svn,1989,0.944199979305267
svn,1990,0.945879995822906
svn,1991,0.94293999671936
svn,1992,1.2090300321579
svn,1993,0.964410006999969
svn,1994,0.970009982585907
svn,1995,0.955720007419586
svn,1996,0.953000009059906
svn,1997,0.962779998779297
svn,1998,0.98523998260498
svn,1999,0.910610020160675
svn,2000,0.861379981040955
svn,2001,0.973110020160675
svn,2002,0.950259983539581
svn,2003,0.95959997177124
svn,2004,0.941890001296997
svn,2005,0.958000004291534
svn,2006,0.966899991035461
svn,2007,0.960929989814758
svn,2008,0.968620002269745
svn,2009,0.982060015201569
svn,2010,0.976310014724731
svn,2011,0.968909978866577
svn,2012,0.98487001657486
svn,2013,0.977330029010773
svn,2014,0.973959982395172
swe,1994,1.05370998382568
swe,1995,1.05317997932434
swe,1996,1.05274999141693
swe,1997,1.04649996757507
swe,1998,1.04514002799988
swe,1999,1.01031994819641
swe,2000,0.993260025978088
swe,2001,0.990670025348663
swe,2002,0.985480010509491
swe,2003,0.992820024490356
swe,2004,0.987460017204285
swe,2005,0.986109972000122
swe,2006,1.0543999671936
swe,2007,1.03714001178741
swe,2008,0.997409999370575
swe,2009,0.996119976043701
swe,2010,0.997709989547729
swe,2011,0.995429992675781
swe,2012,0.995700001716614
swe,2013,0.993059992790222
swe,2014,0.99497002363205
swz,1976,1.12213003635406
swz,1990,1.83938002586365
swz,2004,0.992959976196289
swz,2010,1.02909994125366
swz,2011,1.02213001251221
syc,1973,1.29879999160767
syc,1974,1.31845998764038
syc,1976,1.09601998329163
syc,1978,1.14744997024536
syc,1979,1.05088996887207
syc,1986,1.01499998569489
syc,1987,0.96754002571106
syc,1988,0.929679989814758
syc,1989,1.0331699848175
syc,1990,1.02432000637054
syc,1991,1.04749000072479
syc,1992,1.04901003837585
syc,1993,1.00235998630524
syc,1994,0.988740026950836
syc,1995,0.998160004615784
syc,1996,0.979740023612976
syc,1997,0.976599991321564
syc,1998,0.994430005550385
syc,1999,1.01262998580933
syc,2000,0.983200013637543
syc,2001,0.955869972705841
syc,2002,0.966340005397797
syc,2003,0.96900999546051
syc,2004,0.859409987926483
syc,2005,1.10888004302979
syc,2007,0.987259984016418
syc,2008,0.998179972171783
syc,2009,1.02917003631592
syc,2010,0.971800029277802
syc,2011,0.971300005912781
syc,2012,1.07639002799988
syc,2013,1.06971001625061
syc,2014,0.998759984970093
syr,1971,0.794790029525757
syr,1972,0.730239987373352
syr,1973,0.805499970912933
syr,1974,0.833280026912689
syr,1975,0.806550025939941
syr,1976,0.831690013408661
syr,1977,0.815310001373291
syr,1978,0.852259993553162
syr,1979,0.824940025806427
syr,1980,0.842840015888214
syr,1981,0.834540009498596
syr,1982,0.811360001564026
syr,1983,0.819779992103577
syr,1984,0.84510999917984
syr,1985,0.864239990711212
syr,1986,0.860260009765625
syr,1987,0.855650007724762
syr,1988,0.865459978580475
syr,1989,0.866580009460449
syr,1990,0.863399982452393
syr,1991,0.886529982089996
syr,1992,0.890590012073517
syr,1993,0.887109994888306
syr,1994,0.890439987182617
syr,1995,0.888589978218079
syr,1996,0.875060021877289
syr,1997,0.903540015220642
syr,1998,0.895510017871857
syr,1999,0.900150001049042
syr,2000,0.919690012931824
syr,2001,0.928030014038086
syr,2002,0.910780012607574
syr,2003,0.940530002117157
syr,2004,0.917010009288788
syr,2005,0.926739990711212
syr,2006,0.942139983177185
syr,2007,0.956179976463318
syr,2008,0.938109993934631
syr,2009,0.954450011253357
syr,2010,0.938989996910095
syr,2011,0.93902999162674
syr,2012,0.943059980869293
syr,2013,0.964810013771057
tcd,1995,0.794420003890991
tcd,2010,0.921220004558563
tcd,2011,0.882910013198853
tcd,2012,0.938120007514954
tcd,2013,0.89749002456665
tgo,1971,0.72885000705719
tgo,1972,0.88740998506546
tgo,1973,0.959219992160797
tgo,1974,0.869830012321472
tgo,1975,0.848469972610474
tgo,1976,0.940060019493103
tgo,1977,0.893599987030029
tgo,1978,0.878040015697479
tgo,1979,0.937049984931946
tgo,1980,0.914659976959229
tgo,1981,0.965579986572266
tgo,1982,0.943040013313293
tgo,1983,0.956019997596741
tgo,1984,0.976450026035309
tgo,1985,0.995190024375916
tgo,1986,0.94038999080658
tgo,1987,0.927730023860931
tgo,1988,0.949859976768494
tgo,1989,1.01142001152039
tgo,1990,0.914200007915497
tgo,1991,0.972220003604889
tgo,1994,0.985350012779236
tgo,1995,0.955950021743774
tgo,1996,0.95591002702713
tgo,1997,0.94379997253418
tgo,1998,0.95304000377655
tgo,1999,0.988740026950836
tgo,2000,1.04580998420715
tgo,2001,0.989019989967346
tgo,2002,1.02109003067017
tgo,2003,0.982280015945435
tgo,2004,1.00005996227264
tgo,2006,1.00001001358032
tgo,2007,1.0110399723053
tgo,2008,1.0309100151062
tgo,2009,1.04199004173279
tgo,2010,1.02576005458832
tgo,2011,1.02249002456665
tgo,2012,1.03430998325348
tgo,2013,1.03889000415802
tgo,2014,1.03046000003815
tha,1971,0.955860018730164
tha,1973,0.939209997653961
tha,1974,0.947440028190613
tha,1975,0.955340027809143
tha,1976,0.968180000782013
tha,1977,0.975319981575012
tha,1978,0.975239992141724
tha,1981,0.984300017356873
tha,1991,1.01301002502441
tha,1992,1.00663995742798
tha,1993,1.00946998596191
tha,2014,0.993619978427887
tjk,1991,0.903230011463165
tjk,1992,0.955850005149841
tjk,1993,0.979839980602264
tjk,1994,0.933390021324158
tjk,1995,0.783460021018982
tjk,1996,0.913399994373322
tjk,1997,0.854759991168976
tjk,1998,0.79680997133255
tjk,1999,0.765259981155396
tjk,2000,0.852569997310638
tjk,2001,0.847350001335144
tjk,2002,0.892430007457733
tjk,2003,0.947679996490479
tjk,2004,0.933650016784668
tjk,2005,0.917400002479553
tjk,2006,0.890550017356873
tjk,2007,0.904579997062683
tjk,2008,0.863889992237091
tjk,2009,0.864239990711212
tjk,2010,0.841679990291595
tjk,2011,0.827530026435852
tjk,2013,0.825519979000092
tjk,2015,0.909749984741211
tkm,2014,0.970889985561371
tls,2005,1.08443999290466
tls,2013,1.04411995410919
tls,2014,1.04858994483948
ton,1975,1.56063997745514
ton,1998,1.10283005237579
ton,1999,1.21106994152069
ton,2004,1.39577996730804
ton,2012,0.991490006446838
ton,2014,0.984499990940094
tto,2000,1.01301002502441
tto,2001,1.01099002361298
tto,2003,1.00387001037598
tto,2004,0.997049987316132
tto,2005,0.973129987716675
tto,2007,0.997850000858307
tun,1996,0.953509986400604
tun,1998,0.974210023880005
tun,1999,0.936370015144348
tun,2000,0.973360002040863
tun,2001,0.967209994792938
tun,2002,0.968859970569611
tun,2013,1.06184005737305
tun,2014,1.01611995697021
tur,1971,0.831499993801117
tur,1972,0.939419984817505
tur,1973,0.894680023193359
tur,1974,0.83186000585556
tur,1975,0.815729975700378
tur,1978,0.854460000991821
tur,1979,0.762049973011017
tur,1981,0.808780014514923
tur,1982,0.84868997335434
tur,1983,0.816969990730286
tur,1984,0.867219984531403
tur,1985,0.97299998998642
tur,1986,0.949339985847473
tur,1987,0.923359990119934
tur,1988,0.924619972705841
tur,1989,0.911610007286072
tur,1990,0.904980003833771
tur,1991,0.919960021972656
tur,1992,0.915499985218048
tur,1993,0.925809979438782
tur,1994,0.907949984073639
tur,1995,0.930750012397766
tur,1997,0.911729991436005
tur,1998,0.915199995040894
tur,1999,0.933260023593903
tur,2000,0.93996000289917
tur,2001,0.941739976406097
tur,2002,0.941240012645721
tur,2003,0.945819973945618
tur,2004,0.952719986438751
tur,2005,0.950999975204468
tur,2006,0.957480013370514
tur,2007,0.954039990901947
tur,2008,0.953610002994537
tur,2009,0.949100017547607
tur,2010,0.957040011882782
tur,2011,0.962000012397766
tur,2012,0.965990006923676
tur,2013,0.956539988517761
tuv,2001,1.09373998641968
tuv,2005,1.09265995025635
tuv,2006,1.2317099571228
tuv,2014,1.00400996208191
tza,2004,1.0022200345993
tza,2005,1.02559995651245
tza,2006,1.03419005870819
tza,2007,1.05334997177124
tza,2008,0.998279988765717
tza,2009,0.994080007076263
tza,2010,0.989009976387024
tza,2012,0.949540019035339
tza,2013,1.01101005077362
uga,2007,1.04504001140594
uga,2008,1.0532900094986
uga,2010,1.04768002033234
uga,2013,1.03532004356384
ukr,1986,0.907100021839142
ukr,1989,0.924870014190674
ukr,1990,0.928059995174408
ukr,1991,0.930410027503967
ukr,1992,0.955569982528687
ukr,1993,0.918340027332306
ukr,1994,0.913999974727631
ukr,1999,0.985040009021759
ukr,2000,0.974940001964569
ukr,2001,0.969900012016296
ukr,2002,0.970319986343384
ukr,2003,0.971669971942902
ukr,2004,0.964760005474091
ukr,2005,0.956319987773895
ukr,2006,0.964020013809204
ukr,2007,0.967610001564026
ukr,2008,0.968479990959167
ukr,2009,0.972989976406097
ukr,2010,0.978240013122559
ukr,2011,0.980400025844574
ukr,2012,0.979900002479553
umc,1983,0.973559975624084
umc,1984,0.973770022392273
umc,1985,0.957149982452393
umc,1986,0.963220000267029
umc,1987,0.967410027980804
umc,1988,0.95780998468399
umc,1989,0.95591002702713
umc,1990,0.952279984951019
umc,1991,0.972790002822876
umc,1992,0.965139985084534
umc,1993,0.967369973659515
umc,1994,0.969579994678497
umc,1995,0.970610022544861
umc,1996,0.973550021648407
umc,1997,0.973349988460541
umc,1998,0.980149984359741
umc,1999,0.983139991760254
umc,2000,0.980669975280762
umc,2001,0.985639989376068
umc,2002,0.977630019187927
umc,2003,0.977970004081726
umc,2004,0.976549983024597
umc,2005,0.978169977664948
umc,2006,0.975730001926422
umc,2007,0.974529981613159
umc,2008,0.96627002954483
umc,2009,0.969190001487732
umc,2010,0.976109981536865
umc,2011,0.98404997587204
umc,2012,0.994069993495941
umc,2013,0.99879002571106
umc,2014,0.992919981479645
ury,1974,1.03719997406006
ury,1978,1.13382995128632
ury,1979,1.04111003875732
ury,1985,1.02950000762939
ury,1986,1.0251100063324
ury,1989,1.03208994865417
ury,1991,1.01727998256683
ury,1992,1.02911996841431
ury,1993,1.0263500213623
ury,1994,0.978860020637512
ury,1995,1.03683996200562
ury,1996,1.03120994567871
ury,1997,1.01391994953156
ury,1998,1.01477003097534
ury,1999,1.02295005321503
ury,2000,1.0237900018692
ury,2001,1.02478003501892
ury,2002,1.01978003978729
ury,2003,1.00885999202728
ury,2004,1.00852000713348
ury,2005,1.01131999492645
ury,2006,1.01196002960205
ury,2007,1.00575995445251
ury,2008,1.01042997837067
ury,2009,1.00539994239807
ury,2010,1.00051999092102
ury,2013,1.00528001785278
usa,1981,0.954599976539612
usa,1982,0.951340019702911
usa,1983,1.02235996723175
usa,1986,1.03198003768921
usa,1987,0.967769980430603
usa,1988,0.914420008659363
usa,1989,0.982290029525757
usa,1990,0.965430021286011
usa,1991,0.967310011386871
usa,1995,0.959550023078918
usa,1996,0.988849997520447
usa,1998,1.00616002082825
usa,1999,0.967360019683838
usa,2000,1.01423001289368
usa,2002,1.03006994724274
usa,2004,0.953419983386993
usa,2005,0.921050012111664
usa,2006,0.997550010681152
usa,2007,0.972800016403198
usa,2008,0.984420001506805
usa,2009,0.98021000623703
usa,2010,1.03337001800537
usa,2011,0.969529986381531
usa,2012,0.96806001663208
usa,2013,0.995329976081848
usa,2014,1.00460004806519
uzb,1991,0.875400006771088
uzb,1992,0.877740025520325
uzb,1993,0.881560027599335
uzb,1994,0.885469973087311
uzb,1995,0.887030005455017
uzb,1996,0.891849994659424
uzb,1997,0.892989993095398
uzb,1998,0.903249979019165
uzb,1999,0.956019997596741
uzb,2000,0.96790999174118
uzb,2001,0.941900014877319
uzb,2002,0.966359972953796
uzb,2003,0.94870001077652
uzb,2004,1.00075995922089
uzb,2005,0.972150027751923
uzb,2006,0.970910012722015
uzb,2007,0.944530010223389
uzb,2008,1.02250003814697
uzb,2009,1.00941002368927
uzb,2010,0.99497002363205
uzb,2011,1.00083005428314
vct,1982,0.95754998922348
vct,1987,1.04399001598358
vct,1991,1.09395003318787
vct,2004,0.97842001914978
vct,2009,1.0093400478363
vct,2013,1.02869999408722
vct,2014,1.02478003501892
ven,1971,1.00791001319885
ven,1972,1.02576994895935
ven,1973,1.02927994728088
ven,1974,1.0391800403595
ven,1975,1.03041994571686
ven,1976,1.03926002979279
ven,1979,1.03538000583649
ven,1982,1.03742003440857
ven,1984,1.03021001815796
ven,1985,1.03059005737305
ven,1986,1.02234995365143
ven,1987,1.02444005012512
ven,1988,1.02425003051758
ven,1989,1.02980005741119
ven,1990,1.02873003482819
ven,1991,1.02259004116058
ven,1992,1.02117002010345
ven,1993,1.02067995071411
ven,1994,1.02049005031586
ven,1995,1.00329995155334
ven,1996,1.01944994926453
ven,1997,1.01566994190216
ven,1999,1.0254100561142
ven,2000,1.01870000362396
ven,2001,1.01856994628906
ven,2002,1.01300001144409
ven,2003,1.00999999046326
ven,2004,1.00961995124817
ven,2005,1.01161003112793
ven,2006,1.00820994377136
ven,2007,1.00261998176575
ven,2008,1.0077999830246
ven,2009,0.921440005302429
ven,2010,1.07395994663239
ven,2011,1.06950998306274
ven,2012,1.0124499797821
ven,2013,1.00672996044159
ven,2014,1.00979995727539
vnm,1977,0.965839982032776
vnm,1979,1.08390998840332
vnm,1980,1.13370001316071
vnm,1981,1.10348999500275
vnm,1985,1.04331994056702
vnm,1986,1.1254700422287
vnm,1996,1.05833995342255
vnm,1997,1.05920994281769
vnm,1998,1.1227799654007
vnm,1999,0.951489984989166
vnm,2000,0.978150010108948
vnm,2001,1.01977002620697
vnm,2002,1.00251996517181
vnm,2003,0.963370025157928
vnm,2004,0.993099987506866
vnm,2005,0.930779993534088
vnm,2006,0.815349996089935
vnm,2007,0.830160021781921
vnm,2008,1.00653004646301
vnm,2009,0.971029996871948
vnm,2010,0.962710022926331
vnm,2011,0.925999999046326
vnm,2012,0.949660003185272
vnm,2013,0.926429986953735
vnm,2014,0.965499997138977
vut,1970,2.04655003547668
vut,1971,0.877680003643036
vut,1972,1.03710997104645
vut,1973,1.02375996112823
vut,1974,1.08980000019073
vut,1976,1.02070999145508
vut,1977,0.999639987945557
vut,1978,0.92960000038147
vut,1980,0.967530012130737
vut,1981,1.01946997642517
vut,1998,1.04364001750946
vut,1999,1.07802999019623
vut,2001,1.01455998420715
vut,2007,0.994750022888184
vut,2008,0.964800000190735
vut,2009,0.970470011234283
vut,2010,1.00800001621246
vut,2013,0.992460012435913
wld,1970,0.957080006599426
wld,1971,0.956700026988983
wld,1972,0.955569982528687
wld,1973,0.952660024166107
wld,1974,0.957599997520447
wld,1975,0.958400011062622
wld,1976,0.961009979248047
wld,1977,0.959670007228851
wld,1978,0.960560023784637
wld,1979,0.960870027542114
wld,1980,0.962719976902008
wld,1981,0.959869980812073
wld,1982,0.961440026760101
wld,1983,0.963060021400452
wld,1984,0.962490022182465
wld,1985,0.953350007534027
wld,1986,0.957620024681091
wld,1987,0.955850005149841
wld,1988,0.946359992027283
wld,1989,0.9514399766922
wld,1990,0.948539972305298
wld,1991,0.958000004291534
wld,1992,0.954379975795746
wld,1993,0.953130006790161
wld,1994,0.95388001203537
wld,1995,0.955630004405975
wld,1996,0.959460020065308
wld,1997,0.962239980697632
wld,1998,0.967779994010925
wld,1999,0.962390005588531
wld,2000,0.965610027313232
wld,2001,0.972760021686554
wld,2002,0.982680022716522
wld,2003,0.979730010032654
wld,2004,0.977500021457672
wld,2005,0.978209972381592
wld,2006,0.978900015354156
wld,2007,0.97597998380661
wld,2008,0.976840019226074
wld,2009,0.975730001926422
wld,2010,0.983659982681274
wld,2011,0.981859982013702
wld,2012,0.98377001285553
wld,2013,0.983810007572174
wld,2014,0.98445999622345
wsm,1970,0.99686998128891
wsm,1973,1.18675994873047
wsm,1974,1.1214200258255
wsm,1975,1.13367998600006
wsm,1976,1.14292001724243
wsm,1998,1.1791900396347
wsm,2000,1.28039002418518
wsm,2001,1.29172003269196
wsm,2007,1.18497002124786
wsm,2008,1.07714998722076
wsm,2009,1.11048996448517
wsm,2010,1.16758000850677
wsm,2011,1.11307001113892
wsm,2012,1.09903001785278
wsm,2014,1.11141002178192
yem,1991,0.923940002918243
yem,1992,0.918039977550507
yem,1994,0.939629971981049
yem,1996,0.866840004920959
yem,1999,0.86438000202179
yem,2001,0.890489995479584
yem,2003,0.925450026988983
yem,2004,0.869000017642975
yem,2005,0.849669992923737
yem,2008,0.889129996299744
yem,2010,0.894450008869171
yem,2011,0.884530007839203
yem,2013,0.880389988422394
zaf,1994,1.00331997871399
zaf,1996,1.04341995716095
zaf,1998,1.03296005725861
zaf,1999,1.07308995723724
zaf,2000,1.09465003013611
zaf,2001,1.1109299659729
zaf,2002,1.15789997577667
zaf,2003,1.18534004688263
zaf,2004,1.20301997661591
zaf,2005,1.18207001686096
zaf,2006,1.17058002948761
zaf,2007,1.11740005016327
zaf,2008,1.06166005134583
zaf,2009,1.0022200345993
zaf,2010,0.966019988059998
zaf,2011,0.955810010433197
zaf,2012,0.966470003128052
zaf,2013,0.988579988479614
zwe,1995,1.16374003887177
zwe,2000,1.02842998504639
zwe,2002,1.04539000988007
zwe,2003,0.82532000541687
zwe,2012,1.0153900384903
zwe,2013,1.01965999603271
