country,year,se_sch_life_fe
abw,1999,13.4820404052734
abw,2000,13.3135795593262
abw,2001,13.2742500305176
abw,2002,13.322319984436
abw,2003,13.0665903091431
abw,2004,12.9308795928955
abw,2005,13.1820402145386
abw,2006,13.4416599273682
abw,2007,13.985179901123
abw,2008,13.6370000839233
abw,2009,13.8335399627686
abw,2010,13.8526401519775
abw,2011,13.6952495574951
abw,2012,14.2091999053955
afg,1970,0.683790028095245
afg,1972,0.712189972400665
afg,1973,0.761420011520386
afg,1974,0.771839976310729
afg,1975,0.789170026779175
afg,1976,0.850939989089966
afg,1977,0.940829992294312
afg,1978,1.01408994197845
afg,1986,1.64454996585846
afg,2003,4.69513988494873
afg,2004,4.40648984909058
afg,2009,6.77903985977173
afg,2011,7.63689994812012
afg,2014,8.29856967926025
ago,1998,3.77168011665344
ago,2010,8.20312023162842
ago,2011,7.94359016418457
alb,1978,11.3725299835205
alb,1981,11.2805995941162
alb,1983,10.7281303405762
alb,1984,10.7592697143555
alb,1985,10.9514999389648
alb,1986,11.1986303329468
alb,1987,11.1141996383666
alb,1988,11.2172203063965
alb,1989,11.2450304031372
alb,1990,11.3092403411865
alb,1991,11.4796304702759
alb,1992,10.7512102127075
alb,1993,10.3408603668213
alb,1994,10.1411304473877
alb,1995,10.086389541626
alb,1996,10.1845998764038
alb,1997,10.4189100265503
alb,1999,10.6508502960205
alb,2000,10.605640411377
alb,2001,10.7717895507813
alb,2004,10.8990697860718
alb,2005,11.4071998596191
alb,2006,11.6032600402832
alb,2007,12.1660203933716
alb,2008,12.4019899368286
alb,2009,12.7508497238159
alb,2010,13.5879001617432
alb,2011,14.4132699966431
alb,2012,15.2517595291138
alb,2013,15.7544603347778
alb,2014,16.0232791900635
alb,2015,15.6983804702759
arb,1970,4.42155504226685
arb,1971,4.38405609130859
arb,1972,4.52713918685913
arb,1973,4.68859624862671
arb,1974,4.80863571166992
arb,1975,4.99473714828491
arb,1976,5.23564195632935
arb,1977,5.44835138320923
arb,1978,5.61659622192383
arb,1979,5.88298654556274
arb,1980,6.07122993469238
arb,1981,6.22507095336914
arb,1982,6.40492582321167
arb,1983,6.55949354171753
arb,1984,6.71628904342651
arb,1985,6.87420034408569
arb,1986,7.06010007858276
arb,1987,7.22274494171143
arb,1988,7.32065868377686
arb,1989,7.34352254867554
arb,1990,7.41269445419312
arb,1991,7.49872064590454
arb,1992,7.407555103302
arb,1993,7.54316902160645
arb,1994,7.82332324981689
arb,1995,7.83629322052002
arb,1996,7.910071849823
arb,1997,8.14068508148193
arb,1998,8.34144115447998
arb,1999,8.59100437164307
arb,2000,8.72517871856689
arb,2001,8.9204216003418
arb,2002,9.14404201507568
arb,2003,9.35060787200928
arb,2004,9.573561668396
arb,2005,9.91293048858643
arb,2006,10.0212593078613
arb,2007,10.0820331573486
arb,2008,10.2515897750854
arb,2009,10.3486814498901
arb,2010,10.514835357666
arb,2011,10.6545057296753
arb,2012,10.9506702423096
arb,2013,10.9398937225342
arb,2014,10.993670463562
are,1978,8.08683967590332
are,1979,7.94268989562988
are,1980,8.45040988922119
are,1981,8.73132038116455
are,1982,9.34325981140137
are,1983,9.11958980560303
are,1984,9.6051197052002
are,1985,9.93892955780029
are,1986,10.2539701461791
are,1987,10.2616701126099
are,1988,10.544150352478
are,1989,10.8261003494263
are,1990,11.2863702774048
are,1991,11.7030296325684
are,1992,11.5380802154541
are,1993,11.5103302001953
arg,1970,10.3806295394897
arg,1971,10.5724601745605
arg,1972,10.6592798233032
arg,1973,10.9122295379639
arg,1974,11.2486600875854
arg,1975,11.5941095352173
arg,1976,11.6218099594116
arg,1977,11.5555000305176
arg,1978,11.4981698989868
arg,1979,11.4917898178101
arg,1980,11.5478897094727
arg,1981,11.798529624939
arg,1982,11.8649501800537
arg,1984,12.308970451355
arg,1985,12.9513397216797
arg,1986,13.0437297821045
arg,1987,13.1631097793579
arg,1999,15.8212404251099
arg,2000,16.3354606628418
arg,2001,17.0099601745605
arg,2002,17.1645202636719
arg,2003,17.1334495544434
arg,2004,17.1286697387695
arg,2005,16.931640625
arg,2006,17.253999710083
arg,2007,17.2987594604492
arg,2008,17.5132999420166
arg,2009,17.8267707824707
arg,2010,18.0711803436279
arg,2011,18.3824100494385
arg,2012,18.4262104034424
arg,2013,18.2882308959961
arg,2014,18.4887104034424
arm,2000,11.5008401870728
arm,2007,13.3912696838379
arm,2008,13.2138595581055
arm,2009,13.7779102325439
arm,2015,13.3517999649048
atg,2007,14.8821096420288
atg,2009,14.2657699584961
atg,2010,14.1527700424194
atg,2011,13.7331199645996
atg,2012,14.6240701675415
aus,1993,17.29833984375
aus,1994,17.2848300933838
aus,1995,18.8267402648926
aus,1996,19.423849105835
aus,1997,20.497730255127
aus,1998,20.3702602386475
aus,1999,20.8469791412354
aus,2000,20.9624099731445
aus,2001,20.487850189209
aus,2002,20.7999095916748
aus,2003,20.9771099090576
aus,2004,20.588659286499
aus,2005,20.569450378418
aus,2006,19.4391593933105
aus,2007,19.6052398681641
aus,2008,19.6592407226563
aus,2009,19.9864292144775
aus,2010,20.3213005065918
aus,2011,20.6534805297852
aus,2012,20.9397296905518
aus,2013,20.9122905731201
aus,2014,20.945499420166
aut,1971,11.2061996459961
aut,1976,11.5053901672363
aut,1981,11.7950801849365
aut,1982,11.8201904296875
aut,1983,11.9046497344971
aut,1984,11.9501104354858
aut,1985,12.2501497268677
aut,1986,12.5827903747559
aut,1987,12.7354097366333
aut,1988,13.0083599090576
aut,1989,13.2515201568604
aut,1990,13.4731702804565
aut,1991,13.6821899414063
aut,1992,13.9766798019409
aut,1993,14.2160701751709
aut,1994,14.3868398666382
aut,1995,14.5325498580933
aut,1996,14.6437501907349
aut,1997,14.7758302688599
aut,1998,15.6759300231934
aut,1999,15.2797203063965
aut,2000,15.4818601608276
aut,2001,16.2421798706055
aut,2002,14.770359992981
aut,2003,14.8022699356079
aut,2004,15.069580078125
aut,2005,15.2236299514771
aut,2006,15.4167203903198
aut,2007,15.2731199264526
aut,2008,15.4417896270752
aut,2009,15.5819597244263
aut,2010,15.9045600891113
aut,2011,15.945050239563
aut,2012,16.0359306335449
aut,2013,16.1923007965088
aut,2014,16.1999607086182
aut,2015,16.3245697021484
aze,1991,10.3236904144287
aze,1992,10.3157300949097
aze,1993,10.1108703613281
aze,1994,9.7849702835083
aze,1995,10.2541599273682
aze,1996,10.0533800125122
aze,1997,9.89523983001708
bdi,1971,1.34360003471375
bdi,1972,1.32942998409271
bdi,1973,1.07369995117188
bdi,1974,1.03407001495361
bdi,1975,1.07279002666473
bdi,1976,1.10184001922607
bdi,1979,1.24593997001648
bdi,1980,1.36414003372192
bdi,1981,1.4988499879837
bdi,1982,1.70465004444122
bdi,1984,2.34202003479004
bdi,1985,2.63539004325867
bdi,1986,2.91504001617432
bdi,1987,3.35499000549316
bdi,1988,3.877769947052
bdi,1989,3.84854006767273
bdi,1990,3.89315009117126
bdi,1991,4.07178020477295
bdi,1992,3.86297988891602
bdi,1993,4.08693981170654
bdi,2004,4.92201995849609
bdi,2005,5.26302003860474
bdi,2006,6.65666007995605
bdi,2010,9.35667991638184
bdi,2011,9.83843994140625
bdi,2012,10.0082101821899
bdi,2013,10.2422399520874
bdi,2014,10.5522603988647
bel,1971,11.8199996948242
bel,1972,11.8825597763062
bel,1973,11.7763500213623
bel,1974,11.991979598999
bel,1975,12.0512399673462
bel,1978,12.6480102539063
bel,1979,12.7492704391479
bel,1980,12.8403596878052
bel,1981,12.9260101318359
bel,1982,13.0783004760742
bel,1983,13.0122604370117
bel,1984,13.1606101989746
bel,1985,13.3798303604126
bel,1986,13.5146999359131
bel,1987,13.7129802703857
bel,1988,13.8963098526001
bel,1989,13.9949903488159
bel,1990,14.1472501754761
bel,1991,14.1955995559692
bel,1993,16.7765598297119
bel,1994,17.0878391265869
bel,1995,17.5377502441406
bel,1996,17.8731803894043
bel,1999,18.5029392242432
bel,2000,18.8577709197998
bel,2001,19.5039405822754
bel,2002,19.2623405456543
bel,2003,19.3972797393799
bel,2004,15.8838195800781
bel,2005,15.9610300064087
bel,2006,16.0964393615723
bel,2007,16.1000900268555
bel,2008,16.1132507324219
bel,2009,16.2484397888184
bel,2010,16.3571891784668
bel,2011,16.5384502410889
bel,2012,16.6655101776123
bel,2013,20.5923500061035
bel,2014,20.9202404022217
bel,2015,21.02121925354
ben,1971,1.45702004432678
ben,1973,1.82104003429413
ben,1974,1.7708899974823
ben,1975,2.05445003509521
ben,1985,3.35808992385864
ben,1986,3.185879945755
ben,1987,3.10116004943848
ben,1999,4.67835998535156
ben,2000,4.94067001342773
ben,2001,5.48000001907349
ben,2002,5.90163993835449
ben,2003,6.24095010757446
ben,2004,6.63853979110718
ben,2011,9.43791961669922
ben,2013,10.5354499816895
bfa,1971,0.592859983444214
bfa,1972,0.624549984931946
bfa,1973,0.648100018501282
bfa,1974,0.684140026569366
bfa,1975,0.719380021095276
bfa,1976,0.740890026092529
bfa,1977,0.764429986476898
bfa,1979,0.843620002269745
bfa,1980,0.917949974536896
bfa,1981,0.966099977493286
bfa,1982,1.05921995639801
bfa,1983,1.14362001419067
bfa,1984,1.22115004062653
bfa,1985,1.35283994674683
bfa,1986,1.492879986763
bfa,1994,2.21904993057251
bfa,1999,2.7627899646759
bfa,2003,3.27335000038147
bfa,2005,4.01300001144409
bfa,2006,4.29469013214111
bfa,2007,4.75143003463745
bfa,2008,5.27442979812622
bfa,2009,5.70017004013062
bfa,2010,6.15586996078491
bfa,2011,6.60353994369507
bfa,2012,6.97353982925415
bfa,2013,7.29340982437134
bgd,1976,3.3762800693512
bgd,1977,3.28966999053955
bgd,1979,3.22743010520935
bgd,1980,3.34446001052856
bgd,1981,3.30172991752625
bgd,1984,3.76292991638184
bgd,1985,3.63985991477966
bgd,1986,3.68332004547119
bgd,1987,3.62667989730835
bgd,1988,4.38375997543334
bgd,1989,4.41513013839722
bgd,1990,4.69220018386841
bgd,2005,8.53250026702881
bgd,2006,8.66617012023926
bgd,2007,8.73490047454833
bgd,2008,8.59844970703125
bgd,2009,9.02933979034424
bgd,2011,10.1165704727173
bgr,1971,11.227370262146
bgr,1972,11.3576898574829
bgr,1973,11.4676704406738
bgr,1974,11.5710601806641
bgr,1975,11.6380996704102
bgr,1976,11.363450050354
bgr,1977,11.7463302612305
bgr,1978,11.9275398254395
bgr,1979,11.4312896728516
bgr,1980,11.2739896774291
bgr,1981,11.2528800964355
bgr,1982,11.3678197860718
bgr,1983,11.4432497024536
bgr,1984,11.5763902664185
bgr,1985,11.7501697540283
bgr,1986,12.157039642334
bgr,1987,12.3940696716309
bgr,1988,12.5383701324463
bgr,1989,12.5718002319336
bgr,1990,12.0973100662231
bgr,1991,12.2160797119141
bgr,1992,12.1183700561523
bgr,1993,12.14391040802
bgr,1994,12.1784896850586
bgr,1995,12.5952396392822
bgr,1996,13.1088695526123
bgr,1997,13.2349700927734
bgr,1998,13.2512102127075
bgr,1999,13.3300399780273
bgr,2000,13.1963300704956
bgr,2001,13.1481800079346
bgr,2002,12.997540473938
bgr,2003,13.3404102325439
bgr,2004,13.4448204040527
bgr,2005,13.4812898635864
bgr,2006,13.5978202819824
bgr,2007,13.9207696914673
bgr,2008,14.0994596481323
bgr,2009,14.2320804595947
bgr,2010,14.4971704483032
bgr,2011,14.5701999664307
bgr,2012,14.6374797821045
bgr,2013,15.0435695648193
bgr,2014,15.2859296798706
bgr,2015,15.210129737854
bhr,1971,7.92515993118286
bhr,1972,8.22577953338623
bhr,1973,8.47375011444092
bhr,1974,8.80132961273193
bhr,1975,9.12316036224365
bhr,1976,9.18760967254639
bhr,1977,9.24538040161133
bhr,1978,9.30840015411376
bhr,1979,9.37930965423583
bhr,1980,9.54644966125488
bhr,1981,9.82106971740723
bhr,1982,10.2566795349121
bhr,1985,12.8956003189087
bhr,1986,13.5416603088379
bhr,1987,13.0956697463989
bhr,1988,13.3312997817993
bhr,1991,13.9187097549438
bhr,1992,13.8760499954224
bhr,1993,14.0697002410889
bhr,1994,14.0748195648193
bhr,1995,14.0878095626831
bhr,1996,13.9923801422119
bhr,1999,13.7650804519653
bhr,2003,14.2524299621582
bhr,2005,14.002799987793
bhr,2006,14.124719619751
bhr,2011,15.3517904281616
bhr,2012,15.3642997741699
bhr,2013,15.6045503616333
bhr,2014,15.4745502471924
bhr,2015,16.5445899963379
bhs,1995,12.0788402557373
blr,1998,12.9178304672241
blr,2008,15.9490003585815
blr,2009,16.0509204864502
blr,2010,16.055419921875
blr,2011,16.1821308135986
blr,2012,16.2936401367188
blr,2013,16.1861896514893
blr,2014,16.1318607330322
blr,2015,16.1658592224121
blz,2001,11.980299949646
blz,2003,12.765040397644
blz,2004,12.9422397613525
blz,2005,12.3831100463867
blz,2006,13.0853204727173
blz,2007,13.1184597015381
blz,2008,13.0125598907471
blz,2009,12.7213897705078
blz,2010,12.7066402435303
blz,2011,12.8050003051758
blz,2012,13.1856098175049
blz,2013,12.9997997283936
blz,2015,12.9781904220581
bmu,1979,11.8389797210693
bmu,1980,12.2276697158813
bmu,2006,13.7920398712158
bmu,2011,13.3121204376221
bmu,2012,12.9274196624756
bmu,2013,12.7739696502686
bmu,2014,12.3213796615601
bmu,2015,12.3263597488403
bol,2007,13.6362400054932
bra,2002,14.9478797912598
bra,2003,14.3797798156738
bra,2004,14.1447401046753
bra,2005,14.0843200683594
bra,2007,13.7023696899414
bra,2008,14.1961402893066
bra,2009,14.2306499481201
bra,2011,14.3049097061157
bra,2012,14.3897895812988
bra,2013,15.4472398757935
bra,2014,15.7417097091675
bra,2015,15.8553495407104
brb,1971,10.9223604202271
brb,1972,10.9758501052856
brb,1973,11.1094198226929
brb,1974,10.2219200134277
brb,1981,11.9614400863647
brb,1984,12.6212100982666
brb,1985,12.8999500274658
brb,1989,13.5078496932983
brb,1990,12.6265497207642
brb,1999,14.6577301025391
brb,2000,14.8979902267456
brb,2001,14.7831296920776
brb,2007,16.3867301940918
brb,2009,17.3331508636475
brb,2010,16.8465690612793
brb,2011,16.7010192871094
brn,1977,11.8560400009155
brn,1979,11.1590700149536
brn,1983,11.5082302093506
brn,1984,11.6763000488281
brn,1992,12.5980796813965
brn,1993,12.8570499420166
brn,1994,12.9095296859741
brn,1998,13.2505598068237
brn,1999,13.5630397796631
brn,2000,13.5127401351929
brn,2001,13.3922901153564
brn,2002,13.5073099136353
brn,2003,13.9082098007202
brn,2004,14.2869300842285
brn,2005,14.480429649353
brn,2006,14.5358400344849
brn,2007,14.396900177002
brn,2008,14.33899974823
brn,2009,14.4448699951172
brn,2010,14.4051303863525
brn,2011,14.5995998382568
brn,2012,15.2743301391602
brn,2013,15.4050798416138
brn,2014,15.365460395813
brn,2015,15.1336297988892
btn,1983,2.45584011077881
btn,1999,6.52817010879517
btn,2005,9.31367015838623
btn,2006,9.81198978424072
btn,2007,10.2676095962524
btn,2008,10.7245798110962
btn,2009,11.4275102615356
btn,2010,11.9419002532959
btn,2011,12.375280380249
btn,2012,12.7249898910522
btn,2013,12.6291103363037
bwa,1970,4.84458017349243
bwa,1971,4.56605005264282
bwa,1972,4.68068981170654
bwa,1973,5.47066020965576
bwa,1974,5.83484983444214
bwa,1975,6.39495992660522
bwa,1976,6.75770998001099
bwa,1977,7.19105005264282
bwa,1978,7.39321994781494
bwa,1979,7.68390989303589
bwa,1980,8.06729030609131
bwa,1981,8.09372043609619
bwa,1983,8.31828022003174
bwa,1984,8.62003040313721
bwa,1985,8.97630977630615
bwa,1987,9.25193023681641
bwa,1991,10.6732997894287
bwa,1993,10.5232601165771
bwa,1994,10.350959777832
bwa,1995,10.7696504592896
bwa,1998,11.3672504425049
bwa,1999,11.7404899597168
bwa,2000,11.9387998580933
bwa,2001,11.9896898269653
bwa,2002,11.8342399597168
bwa,2003,11.9077396392822
bwa,2004,11.8621997833252
bwa,2005,11.8685598373413
bwa,2006,12.0472002029419
caf,1979,3.36138010025024
caf,1980,3.54752993583679
caf,1981,3.61114001274109
caf,1982,3.75511002540588
caf,1986,4.19166994094849
caf,1988,3.56209993362427
caf,1990,3.78928995132446
caf,1991,3.61619997024536
caf,1992,3.13012003898621
caf,2009,5.31085014343262
caf,2012,5.77772998809814
can,1976,13.522029876709
can,1989,16.0621204376221
can,1990,17.1577301025391
can,1991,17.5103607177734
can,1992,17.6508598327637
can,1993,17.0522403717041
can,1994,17.1412200927734
can,1995,17.1739692687988
can,1996,17.2220802307129
can,1998,16.3572006225586
can,1999,16.3128299713135
can,2000,16.2330703735352
che,1978,11.5071296691895
che,1979,11.5974903106689
che,1980,11.6937303543091
che,1981,11.860710144043
che,1982,11.9254102706909
che,1983,11.9567003250122
che,1984,12.0201101303101
che,1985,12.0639896392822
che,1986,12.0977802276611
che,1987,12.2042303085327
che,1988,12.3401498794556
che,1989,12.5473299026489
che,1990,12.8217096328735
che,1991,13.0270204544067
che,1992,13.1806201934814
che,1993,13.426079750061
che,1994,13.6008100509644
che,1995,13.7537498474121
che,1996,13.9256200790405
che,1998,14.4976596832275
che,1999,14.6136503219604
che,2000,14.798210144043
che,2001,14.8509197235107
che,2002,14.6776304244995
che,2003,14.8252296447754
che,2004,14.9272899627686
che,2005,14.9581804275513
che,2006,15.0424995422363
che,2007,15.0968399047852
che,2008,15.1686296463013
che,2009,15.2764701843262
che,2010,15.4741201400757
che,2011,15.6063995361328
che,2012,15.7056102752686
che,2013,15.9129495620728
che,2014,16.0006198883057
che,2015,16.1241798400879
chl,1970,10.5684499740601
chl,1971,11.4087896347046
chl,1972,11.7767601013184
chl,1975,11.7907495498657
chl,1976,11.4533004760742
chl,1977,11.3950901031494
chl,1978,11.3943300247192
chl,1979,11.478289604187
chl,1980,11.4067497253418
chl,1983,11.4736499786377
chl,1984,11.4738302230835
chl,1985,11.7644701004028
chl,1986,11.8613300323486
chl,1993,11.993860244751
chl,1998,12.748140335083
chl,1999,13.2920703887939
chl,2000,13.4896001815796
chl,2002,13.8570699691772
chl,2003,14.0670299530029
chl,2004,14.343620300293
chl,2005,14.6694498062134
chl,2006,14.6799898147583
chl,2007,15.089599609375
chl,2008,15.2137603759766
chl,2009,15.2355098724365
chl,2010,15.5246496200562
chl,2011,15.7203998565674
chl,2012,15.8196496963501
chl,2013,16.4099292755127
chl,2014,16.5600204467773
chl,2015,16.7057399749756
chn,1976,7.57947015762329
chn,1977,7.92971992492676
chn,1978,8.03551959991455
chn,1979,7.69300985336304
chn,1980,7.33086013793945
chn,1994,8.39628028869629
chn,2003,10.009129524231
chn,2006,11.3837003707886
chn,2007,11.8163995742798
chn,2008,12.1970996856689
chn,2009,12.5361795425415
chn,2010,12.7378902435303
chn,2011,13.0000295639038
chn,2012,13.3217096328735
chn,2013,13.7735204696655
chn,2014,13.9809904098511
chn,2015,14.2834796905518
civ,1971,3.04855990409851
civ,1972,3.10143995285034
civ,1973,3.21175003051758
civ,1974,3.25603008270264
civ,1999,5.27094984054565
civ,2014,7.79711008071899
civ,2015,8.24184036254883
cmr,1971,5.0631799697876
cmr,1972,5.09420013427734
cmr,1973,5.157790184021
cmr,1974,5.5076699256897
cmr,1975,5.51609992980957
cmr,2001,7.65103006362915
cmr,2002,7.12060022354125
cmr,2003,7.51593017578125
cmr,2004,7.46492004394531
cmr,2005,7.39534997940063
cmr,2006,7.21044015884399
cmr,2007,7.95473003387451
cmr,2008,8.33393955230713
cmr,2009,8.86357975006104
cmr,2011,9.58697986602783
cmr,2012,10.2310600280762
cmr,2014,10.9668302536011
cmr,2015,11.3599195480347
cod,1971,4.6795802116394
cod,1972,4.89160013198853
cod,1974,4.90701007843018
cod,2007,6.3750901222229
cod,2008,7.07374000549316
cod,2009,7.18919992446899
cod,2011,7.8377799987793
cod,2012,7.82634019851685
cod,2013,8.19071960449219
cog,1971,6.7237401008606
cog,1972,7.64505004882813
cog,1975,8.90367984771729
cog,1976,9.6514196395874
cog,1977,9.79281997680664
cog,1978,10.5441703796387
cog,1980,11.505539894104
cog,1981,12.1126003265381
cog,1982,12.4619703292847
cog,1984,12.2272796630859
cog,1985,11.7419900894165
cog,1986,12.130069732666
cog,1988,11.8664598464966
cog,1989,11.0119104385376
cog,1990,10.3041400909424
cog,1992,10.0325698852539
cog,2002,8.6709098815918
cog,2003,8.3869104385376
cog,2012,10.9863700866699
col,1970,6.71982002258301
col,1974,7.83793020248413
col,1975,8.01718997955322
col,1977,8.4253101348877
col,1978,8.61536979675292
col,1979,8.84552001953125
col,1980,8.71594047546387
col,1981,8.9299898147583
col,1982,8.57198047637939
col,1984,8.59475994110107
col,1985,8.6411600112915
col,1986,9.02134990692139
col,1987,8.8912296295166
col,1988,8.91742038726807
col,1989,8.98517990112305
col,1991,9.2852897644043
col,1995,10.2203598022461
col,1996,10.6330404281616
col,1998,11.450909614563
col,1999,11.6269102096558
col,2000,11.6744899749756
col,2002,11.852370262146
col,2004,12.5643396377563
col,2005,13.1074600219727
col,2006,13.5977602005005
col,2007,13.952540397644
col,2008,14.1324996948242
col,2009,14.6176300048828
col,2010,14.6157503128052
col,2011,14.6709804534912
col,2012,14.3957195281982
col,2013,14.79421043396
col,2014,14.6708402633666
col,2015,14.7055196762085
com,1999,7.44449996948242
com,2003,8.63076972961426
com,2013,10.9352197647095
com,2014,10.9563302993774
cpv,2001,11.0533800125122
cpv,2002,11.374340057373
cpv,2003,11.3815002441406
cpv,2004,11.2655000686646
cpv,2005,11.3860301971436
cpv,2006,12.2498998641968
cpv,2007,12.2735004425049
cpv,2008,12.4001903533936
cpv,2009,12.7246103286743
cpv,2010,13.1187000274658
cpv,2011,13.542010307312
cpv,2012,13.5843896865845
cpv,2013,14.0330696105957
cpv,2014,13.9107999801636
cpv,2015,13.4978303909302
cri,1970,8.61701011657715
cri,1971,8.39832019805908
cri,1972,8.77861022949219
cri,2004,12.5633401870728
cri,2011,14.7641296386719
cri,2012,14.944299697876
cri,2013,15.1926403045654
cri,2014,15.5504703521729
cri,2015,15.6720199584961
cub,1972,9.16287040710449
cub,1973,9.40355014801025
cub,1974,9.63329029083251
cub,1975,9.87637042999268
cub,1979,11.5924301147461
cub,1980,11.9976902008057
cub,1981,11.83251953125
cub,1982,11.8467702865601
cub,1983,11.7885704040527
cub,1984,11.9263200759888
cub,1985,11.9533195495605
cub,1986,12.1484003067017
cub,1987,12.3849697113037
cub,1988,12.5179796218872
cub,1989,12.6937799453735
cub,1990,12.6813201904297
cub,1991,12.6429004669189
cub,1992,12.582010269165
cub,1993,12.4149503707886
cub,1994,11.7828502655029
cub,1995,11.6830501556396
cub,1996,11.9057102203369
cub,1997,12.049280166626
cub,1999,12.2433204650879
cub,2000,12.4300498962402
cub,2001,12.7014398574829
cub,2002,12.9316902160645
cub,2003,13.4150400161743
cub,2004,14.9849004745483
cub,2005,15.5671300888062
cub,2006,17.0621891021729
cub,2007,18.6798496246338
cub,2008,19.2420597076416
cub,2009,19.141170501709
cub,2010,17.6909103393555
cub,2011,16.7566394805908
cub,2012,15.4389600753784
cub,2013,14.7079601287842
cub,2015,14.1982097625732
cuw,2013,19.0099697113037
cyp,1971,8.5024299621582
cyp,1972,8.61651039123535
cyp,1973,8.86285018920898
cyp,1974,9.09974002838135
cyp,1978,8.81060981750488
cyp,1979,8.88236045837402
cyp,1980,8.77618026733398
cyp,1981,8.71288013458251
cyp,1982,8.64859008789063
cyp,1983,8.69015026092529
cyp,1984,8.83611011505126
cyp,1985,8.92306041717529
cyp,1986,9.06272029876708
cyp,1987,9.13134956359863
cyp,1988,9.07746028900146
cyp,1989,9.22041034698486
cyp,1990,9.35573959350585
cyp,1991,9.45596027374268
cyp,1992,9.51753044128417
cyp,1993,12.4183902740479
cyp,1994,12.4937400817871
cyp,1995,12.6450004577637
cyp,1996,12.7996501922607
cyp,1997,12.8112001419067
cyp,1999,12.6820402145386
cyp,2000,12.6020698547363
cyp,2001,12.7055397033691
cyp,2002,13.1611995697021
cyp,2003,13.4444303512573
cyp,2004,13.5510702133179
cyp,2005,13.6122903823853
cyp,2006,13.6406097412109
cyp,2007,13.7915802001953
cyp,2008,14.0954704284668
cyp,2009,14.5000095367432
cyp,2010,13.7746000289916
cyp,2011,13.8672399520874
cyp,2012,14.0336503982544
cyp,2013,14.3168296813965
cyp,2014,14.6970195770264
cyp,2015,14.9570798873901
cze,1971,12.1909103393555
cze,1972,12.3281497955322
cze,1973,12.4180498123169
cze,1974,12.5181102752686
cze,1975,12.6529598236084
cze,1976,12.7938995361328
cze,1977,12.9792995452881
cze,1978,13.0748100280762
cze,1979,13.0885200500488
cze,1982,13.3192901611328
cze,1983,13.0953598022461
cze,1984,12.572790145874
cze,1985,12.3206100463867
cze,1986,12.1056299209595
cze,1987,12.5501203536987
cze,1988,12.2808103561401
cze,1989,11.6288499832153
cze,1990,11.4388904571533
cze,1991,11.6653900146484
cze,1992,12.0599403381348
cze,1993,12.0775203704834
cze,1994,12.4548101425171
cze,1995,12.849100112915
cze,1996,13.1811504364014
cze,1997,13.4063596725464
cze,1998,13.0770902633666
cze,1999,13.5186796188354
cze,2000,13.9561996459961
cze,2001,14.448390007019
cze,2002,14.7336397171021
cze,2003,15.0055799484253
cze,2004,14.7572002410889
cze,2005,15.082480430603
cze,2006,15.3139295578003
cze,2007,15.6564998626709
cze,2008,15.894359588623
cze,2009,16.3657302856445
cze,2010,16.5606803894043
cze,2011,16.6336898803711
cze,2012,16.6604804992676
cze,2013,17.4218006134033
cze,2014,17.5793304443359
cze,2015,17.7256298065186
deu,1992,14.477689743042
deu,1993,15.0614404678345
deu,1994,15.2257499694824
deu,1995,15.3800802230835
deu,1996,15.5383596420288
deu,1997,15.7040395736694
deu,2013,16.7744407653809
deu,2014,16.8982601165771
deu,2015,17.123420715332
dji,1976,1.31615996360779
dji,1986,2.34693002700806
dji,1992,2.32893991470337
dji,1993,2.23792004585266
dji,1994,2.33518004417419
dji,1996,2.40823006629944
dji,1997,2.44993996620178
dji,1999,2.4555299282074
dji,2000,2.40216994285584
dji,2001,2.72820997238159
dji,2002,2.88753008842468
dji,2004,3.43902993202209
dji,2005,3.71630001068115
dji,2006,3.88932991027832
dji,2007,4.39371013641357
dji,2008,4.72411012649536
dji,2009,4.95169019699097
dji,2011,5.78189992904663
dnk,1978,13.2118701934814
dnk,1979,13.0743398666382
dnk,1980,13.3204298019409
dnk,1981,13.4575595855713
dnk,1982,13.5088596343994
dnk,1983,13.5723600387573
dnk,1984,13.5529098510742
dnk,1985,13.5714597702026
dnk,1986,13.7006797790527
dnk,1987,13.8438100814819
dnk,1988,13.9906797409058
dnk,1989,14.0888795852661
dnk,1990,14.2647104263306
dnk,1991,14.3999395370483
dnk,1992,14.495530128479
dnk,1993,14.7674503326416
dnk,1994,15.1102600097656
dnk,1995,15.3545904159546
dnk,1996,15.6772203445435
dnk,1998,16.2420997619629
dnk,1999,17.031810760498
dnk,2000,16.7757396697998
dnk,2001,17.1575393676758
dnk,2002,16.9089794158936
dnk,2004,17.2886505126953
dnk,2005,17.5136909484863
dnk,2006,17.3552303314208
dnk,2007,17.4796600341797
dnk,2008,17.457799911499
dnk,2009,17.4867095947266
dnk,2010,17.5884895324707
dnk,2011,19.0723896026611
dnk,2012,19.3319606781006
dnk,2013,19.8509197235107
dnk,2014,19.9647102355957
dnk,2015,20.0788898468018
dom,2012,13.6271295547485
dom,2014,13.6598997116089
dom,2015,14.4740295410156
dza,2004,12.0442199707031
dza,2005,12.3799295425415
dza,2006,12.4562196731567
dza,2007,12.7577295303345
dza,2009,13.6900796890259
dza,2010,14.2173099517822
dza,2011,14.5745401382446
eap,1975,7.18669366836548
eap,1976,7.49169540405273
eap,1977,7.779221534729
eap,1978,7.93600797653198
eap,1979,7.74333095550537
eap,1980,7.55387401580811
eap,1981,7.4931902885437
eap,1982,7.32918453216553
eap,1983,7.34355735778809
eap,1984,7.4395055770874
eap,1985,7.71857500076294
eap,1986,8.00232410430908
eap,1987,8.24485683441162
eap,1988,8.47836875915527
eap,1989,8.45606422424316
eap,1990,8.41002178192139
eap,1991,8.48686695098877
eap,1992,8.59408664703369
eap,1993,8.63974761962891
eap,1994,8.69797325134277
eap,1995,8.89506912231445
eap,1996,9.07807731628418
eap,1997,9.21334648132324
eap,1998,9.29268646240234
eap,1999,9.52791881561279
eap,2000,9.76102638244629
eap,2001,9.78067111968994
eap,2002,9.98958206176758
eap,2003,10.2531089782715
eap,2004,10.6301507949829
eap,2005,10.8698205947876
eap,2006,11.0875930786133
eap,2007,11.4863433837891
eap,2008,11.7416334152222
eap,2009,12.0147047042847
eap,2010,12.2904901504517
eap,2011,12.5328598022461
eap,2012,12.8107795715332
eap,2013,13.0900115966797
eap,2014,13.2571811676025
eas,1975,7.50904989242554
eas,1976,7.81167364120483
eas,1977,8.09881496429443
eas,1978,8.26666641235352
eas,1979,8.11602401733398
eas,1980,7.9699444770813
eas,1981,7.9327278137207
eas,1982,7.78516674041748
eas,1983,7.7979564666748
eas,1984,7.88556909561157
eas,1985,8.14819526672363
eas,1986,8.41492557525635
eas,1987,8.64106559753418
eas,1988,8.8483943939209
eas,1989,8.82235527038574
eas,1990,8.77120304107666
eas,1991,8.83304691314697
eas,1992,8.91905117034912
eas,1993,8.96050930023193
eas,1994,9.01624965667725
eas,1995,9.20959568023682
eas,1996,9.39702987670898
eas,1997,9.55193519592285
eas,1998,9.64352321624756
eas,1999,9.8972864151001
eas,2000,10.1450204849243
eas,2001,10.1720952987671
eas,2002,10.3832359313965
eas,2003,10.6426849365234
eas,2004,11.0037403106689
eas,2005,11.2405309677124
eas,2006,11.4413595199585
eas,2007,11.811749458313
eas,2008,12.0424699783325
eas,2009,12.2940511703491
eas,2010,12.5499505996704
eas,2011,12.7847490310669
eas,2012,13.0495796203613
eas,2013,13.3122634887695
eas,2014,13.4696073532104
eca,1993,11.2429351806641
eca,1994,11.0823354721069
eca,1995,11.1418571472168
eca,1996,11.2504167556763
eca,1997,11.2362432479858
eca,1998,11.3081340789795
eca,1999,11.4292678833008
eca,2000,11.5387716293335
eca,2001,11.9116897583008
eca,2002,12.2576522827148
eca,2003,12.5034494400024
eca,2004,12.5835914611816
eca,2005,12.7413997650146
eca,2006,12.9563369750977
eca,2007,13.152494430542
eca,2008,13.2509660720825
eca,2009,13.3930883407593
eca,2010,13.7025585174561
eca,2011,13.9502897262573
eca,2012,14.0713958740234
eca,2013,14.6429214477539
eca,2014,14.6830339431763
ecs,1970,11.5235939025879
ecs,1971,11.4451951980591
ecs,1972,11.4674110412598
ecs,1973,11.5376348495483
ecs,1974,11.5982646942139
ecs,1975,11.6889162063599
ecs,1976,11.7644338607788
ecs,1977,11.8115205764771
ecs,1978,11.8456649780273
ecs,1979,11.8565711975098
ecs,1980,11.8914880752563
ecs,1981,11.9057302474976
ecs,1982,11.9594955444336
ecs,1983,12.0405426025391
ecs,1984,12.1498413085938
ecs,1985,12.2600784301758
ecs,1986,12.4156198501587
ecs,1987,12.5142707824707
ecs,1988,12.5707769393921
ecs,1989,12.5422077178955
ecs,1990,12.548680305481
ecs,1991,12.5629901885986
ecs,1992,12.5285701751709
ecs,1993,12.6140384674072
ecs,1994,12.7042922973633
ecs,1995,12.8186855316162
ecs,1996,12.9918174743652
ecs,1997,13.102198600769
ecs,1998,13.2913217544556
ecs,1999,13.4919080734253
ecs,2000,13.6772270202637
ecs,2001,13.9850130081177
ecs,2002,14.1750183105469
ecs,2003,14.3736009597778
ecs,2004,14.3711967468262
ecs,2005,14.5521202087402
ecs,2006,14.6745681762695
ecs,2007,14.7769994735718
ecs,2008,14.8577423095703
ecs,2009,14.9579267501831
ecs,2010,15.1951169967651
ecs,2011,15.3361597061157
ecs,2012,15.4040927886963
ecs,2013,15.9926805496216
ecs,2014,16.0367488861084
ecu,1971,7.47280979156494
ecu,1972,7.53396987915039
ecu,1973,7.98768997192383
ecu,1979,10.7873697280884
ecu,1980,11.033260345459
ecu,1984,11.8477602005005
ecu,1988,12.2482299804688
ecu,2012,15.6411600112915
egy,1971,4.77858018875122
egy,1972,4.95457983016968
egy,1973,5.09667015075684
egy,1974,5.10596990585327
egy,1975,5.27364015579224
egy,1976,5.51014995574951
egy,1977,5.72779989242554
egy,1978,5.88160991668701
egy,1979,6.05950021743774
egy,1980,6.24561023712158
egy,1981,6.48190021514893
egy,1982,6.79646015167236
egy,1983,7.14893007278442
egy,1984,7.48410987854004
egy,1985,7.7802300453186
egy,1986,8.0563497543335
egy,1987,8.36555957794189
egy,1988,8.51303958892822
egy,1989,8.6193504333496
egy,1990,8.5915002822876
egy,1991,8.69775009155273
egy,2001,10.7521200180054
egy,2003,10.8796796798706
egy,2004,11.010479927063
egy,2009,11.9652500152588
egy,2010,12.1230802536011
egy,2011,12.1798295974731
egy,2012,12.6483898162842
egy,2013,12.9287099838257
egy,2014,12.9671297073364
emu,1970,12.023777961731
emu,1971,11.8909940719604
emu,1972,12.0506038665771
emu,1973,12.2400159835815
emu,1974,12.3378887176514
emu,1975,12.4859972000122
emu,1976,12.6302785873413
emu,1977,12.6854829788208
emu,1978,12.7381429672241
emu,1979,12.7149887084961
emu,1980,12.7831163406372
emu,1981,12.8496551513672
emu,1982,12.8680181503296
emu,1983,12.9785795211792
emu,1984,13.078444480896
emu,1985,13.2247009277344
emu,1986,13.4782257080078
emu,1987,13.6353054046631
emu,1988,13.7215948104858
emu,1989,13.8618421554565
emu,1990,13.9429798126221
emu,1991,14.1505537033081
emu,1992,14.2576551437378
emu,1993,14.6133127212524
emu,1994,15.0701150894165
emu,1995,15.2194061279297
emu,1996,15.4217472076416
emu,1997,15.5581150054932
emu,1998,15.7465467453003
emu,1999,15.7969636917114
emu,2000,15.9269418716431
emu,2001,16.1080684661865
emu,2002,16.042350769043
emu,2003,16.1779842376709
emu,2004,16.1166019439697
emu,2005,16.3621234893799
emu,2006,16.47629737854
emu,2007,16.5184078216553
emu,2008,16.5887870788574
emu,2009,16.6265754699707
emu,2010,16.7623081207275
emu,2011,16.9245738983154
emu,2012,16.9540863037109
emu,2013,17.157543182373
emu,2014,17.231725692749
eri,1995,2.98308992385864
eri,1996,3.06827998161316
eri,1999,3.35553002357483
eri,2000,3.72900009155273
eri,2001,3.77069997787476
eri,2002,3.96148991584778
eri,2004,4.48250007629395
eri,2009,4.47266006469727
eri,2010,4.42465019226074
eri,2014,4.81187009811401
esp,1971,9.3588695526123
esp,1972,9.47838020324707
esp,1973,9.81387042999268
esp,1974,10.1564702987671
esp,1975,10.7685403823853
esp,1976,11.2314300537109
esp,1977,11.5505504608154
esp,1978,11.7742395401001
esp,1979,11.9828500747681
esp,1980,12.5109300613403
esp,1981,12.618109703064
esp,1982,12.6784896850586
esp,1983,13.1084203720093
esp,1984,13.0193796157837
esp,1985,13.2355699539185
esp,1986,13.9178695678711
esp,1987,14.1855001449585
esp,1988,14.2949695587158
esp,1989,14.4349498748779
esp,1990,14.2892303466797
esp,1991,14.6113796234131
esp,1992,14.8908596038818
esp,1993,15.4134798049927
esp,1994,15.7172002792358
esp,1995,15.9681301116943
esp,1996,16.2010898590088
esp,1997,16.0612506866455
esp,1998,16.0533695220947
esp,1999,16.065710067749
esp,2000,16.1298809051514
esp,2001,16.071720123291
esp,2002,16.0640392303467
esp,2003,16.0743503570557
esp,2004,16.2763996124268
esp,2005,16.3766098022461
esp,2006,16.4578495025635
esp,2007,16.626350402832
esp,2008,16.7995204925537
esp,2009,16.940990447998
esp,2010,17.3095703125
esp,2011,17.6263809204102
esp,2012,17.8365306854248
esp,2013,17.9620800018311
esp,2014,18.03125
esp,2015,18.1893501281738
est,1992,13.0175304412842
est,1993,12.5579500198364
est,1994,12.9388704299927
est,1995,13.2383403778076
est,1996,13.6637496948242
est,1998,14.7708396911621
est,1999,15.0475101470947
est,2000,15.8118095397949
est,2001,16.4008808135986
est,2002,16.6986503601074
est,2003,16.8646697998047
est,2004,17.0145797729492
est,2005,17.2239608764648
est,2006,17.2157096862793
est,2007,17.2465705871582
est,2008,17.2538604736328
est,2009,17.3133106231689
est,2010,17.404369354248
est,2011,17.4301109313965
est,2012,17.4512405395508
est,2013,17.3495998382568
est,2014,17.1929798126221
est,2015,17.1580390930176
eth,1971,0.681800007820129
eth,1972,0.730599999427795
eth,1974,0.845120012760162
eth,1984,2.39203000068665
eth,1991,2.2536199092865
eth,1994,1.8158700466156
eth,1995,1.92911005020142
eth,1996,2.15413999557495
eth,1999,2.95161008834839
eth,2000,3.35536003112793
eth,2001,3.88100004196166
eth,2002,4.20604991912842
eth,2003,4.34906005859375
eth,2004,4.75425004959106
eth,2005,5.63134002685547
eth,2008,7.36268997192383
eth,2009,7.50339984893799
eth,2010,7.58121013641357
eth,2011,7.8110499382019
eth,2012,7.94937992095947
euu,1970,11.8806638717651
euu,1971,11.7625904083252
euu,1972,11.8491125106812
euu,1973,11.9962940216064
euu,1974,12.1124258041382
euu,1975,12.2776679992676
euu,1976,12.3887252807617
euu,1977,12.4543571472168
euu,1978,12.5046281814575
euu,1979,12.4991054534912
euu,1980,12.5558986663818
euu,1981,12.6173009872437
euu,1982,12.6573400497437
euu,1983,12.7510461807251
euu,1984,12.8239307403564
euu,1985,12.9351806640625
euu,1986,13.1296701431274
euu,1987,13.2617387771606
euu,1988,13.3441076278687
euu,1989,13.3864660263062
euu,1990,13.4564323425293
euu,1991,13.5778846740723
euu,1992,13.679404258728
euu,1993,14.0964508056641
euu,1994,14.4706001281738
euu,1995,14.6513452529907
euu,1996,14.9004564285278
euu,1997,15.1020021438599
euu,1998,15.3215675354004
euu,1999,15.5378541946411
euu,2000,15.7184572219849
euu,2001,15.9245290756226
euu,2002,15.9407587051392
euu,2003,16.0870990753174
euu,2004,16.0261325836182
euu,2005,16.23996925354
euu,2006,16.2735366821289
euu,2007,16.3096618652344
euu,2008,16.4107303619385
euu,2009,16.4897689819336
euu,2010,16.6475505828857
euu,2011,16.6701068878174
euu,2012,16.6706523895264
euu,2013,17.2661247253418
euu,2014,17.3512229919434
fin,1972,11.98703956604
fin,1973,12.1541996002197
fin,1974,12.5368204116821
fin,1977,13.2386903762817
fin,1978,13.3701601028442
fin,1979,13.5159797668457
fin,1980,13.5958795547485
fin,1981,13.6453695297241
fin,1982,13.886830329895
fin,1983,14.104040145874
fin,1984,14.3674898147583
fin,1985,14.5500202178955
fin,1986,14.6950902938843
fin,1987,14.8489198684692
fin,1988,15.0301704406738
fin,1989,15.2621402740479
fin,1990,15.69993019104
fin,1991,15.9525003433228
fin,1992,16.6833801269531
fin,1993,16.7181396484375
fin,1994,17.0707607269287
fin,1995,17.1286392211914
fin,1996,17.4379291534424
fin,1997,17.5255107879639
fin,1998,17.7673397064208
fin,1999,18.0056591033936
fin,2000,18.4366302490234
fin,2001,18.8101100921631
fin,2002,18.9273204803467
fin,2003,19.0584392547607
fin,2004,17.5840892791748
fin,2005,17.7166404724121
fin,2006,17.7421894073486
fin,2007,17.7158393859863
fin,2008,17.6805191040039
fin,2009,17.4090003967285
fin,2010,17.5133209228516
fin,2011,17.633150100708
fin,2012,17.6368808746338
fin,2013,20.0920104980469
fin,2014,20.0792694091797
fin,2015,20.1588802337646
fji,1970,9.18043994903564
fji,1972,10.1180095672607
fji,1973,10.4324703216553
fji,1974,10.8264102935791
fji,1975,11.083930015564
fji,1985,10.4491701126099
fji,1986,10.6491298675537
fji,2003,13.6950902938843
fji,2004,14.1411895751953
fra,1979,12.8460702896118
fra,1980,12.9324598312378
fra,1982,13.0478200912476
fra,1983,13.0725402832031
fra,1985,13.3096103668213
fra,1986,13.539870262146
fra,1987,13.7718200683594
fra,1988,13.9947700500488
fra,1989,14.3418302536011
fra,1990,14.493109703064
fra,1991,14.8892698287964
fra,1992,15.1018695831299
fra,1993,15.1903896331787
fra,1994,15.8273096084595
fra,1995,15.915940284729
fra,1996,16.0105209350586
fra,1997,15.9931297302246
fra,1998,15.9165296554565
fra,1999,15.9548196792603
fra,2000,15.8711099624634
fra,2001,15.7820596694946
fra,2002,15.6855802536011
fra,2003,15.8240604400635
fra,2004,15.7955598831177
fra,2005,16.4093494415283
fra,2006,16.4058094024658
fra,2007,16.3838596343994
fra,2008,16.3469905853271
fra,2009,16.325870513916
fra,2010,16.4367904663086
fra,2011,16.4573307037354
fra,2012,16.4991607666016
fra,2013,16.4841804504395
fra,2014,16.6130409240723
gab,1971,8.4931001663208
gab,1972,8.69013023376465
gab,1973,8.99542999267578
gab,1976,9.92354011535645
gab,1977,9.78960037231445
gab,1978,10.2557897567749
gab,1979,9.97220993041992
gab,1980,10.1896696090698
gab,1983,10.5370998382568
gab,1984,10.761890411377
gab,1987,11.5302000045776
gab,1988,11.187029838562
gab,1989,11.5094203948975
gab,1999,11.9050197601318
gbr,1971,12.0905504226685
gbr,1972,12.1249904632568
gbr,1973,12.1466503143311
gbr,1974,12.5314502716064
gbr,1975,12.6303796768188
gbr,1976,12.6795597076416
gbr,1977,12.7167596817017
gbr,1978,12.6770496368408
gbr,1979,12.6837501525879
gbr,1980,12.7290601730347
gbr,1981,12.7649297714233
gbr,1982,12.7940902709961
gbr,1983,13.0357704162598
gbr,1984,13.1026000976563
gbr,1985,13.0711002349854
gbr,1986,13.3903999328613
gbr,1987,13.4717102050781
gbr,1988,13.4589004516602
gbr,1989,13.5183801651001
gbr,1990,13.7149496078491
gbr,1991,14.0208797454834
gbr,1992,14.3667697906494
gbr,1998,15.7028903961182
gbr,1999,16.0955295562744
gbr,2000,16.3848094940186
gbr,2001,16.4446392059326
gbr,2002,16.4547100067139
gbr,2003,16.5377006530762
gbr,2004,17.0344791412354
gbr,2005,17.1392593383789
gbr,2006,16.6206607818604
gbr,2007,16.3606796264648
gbr,2008,16.4190902709961
gbr,2009,16.5561103820801
gbr,2010,16.7720108032227
gbr,2011,16.1717796325684
gbr,2012,16.1584606170654
gbr,2013,18.3071308135986
gbr,2014,18.4142093658447
geo,1981,11.6562995910645
geo,1991,12.1823701858521
geo,1995,10.988109588623
geo,1996,10.9805297851563
geo,1997,11.1539897918701
geo,1999,11.4611196517944
geo,2000,11.6805095672607
geo,2001,11.7783699035645
geo,2002,11.8059797286987
geo,2003,11.870189666748
geo,2004,12.1516799926758
geo,2005,12.5699501037598
geo,2006,12.8221197128296
geo,2008,12.8258800506592
geo,2013,14.7058095932007
geo,2014,15.1999597549438
geo,2015,15.7676696777344
gha,1971,6.03011989593506
gha,1973,5.86510992050171
gha,1974,5.63851022720337
gha,1975,5.53636980056763
gha,1976,5.74849987030029
gha,1982,6.42194986343384
gha,1999,7.05565023422241
gha,2000,7.40693998336791
gha,2001,7.08406019210815
gha,2002,7.36196994781494
gha,2003,7.24977016448975
gha,2004,7.58522987365723
gha,2005,8.21732997894287
gha,2006,8.69565010070801
gha,2007,9.38097953796387
gha,2008,9.91777992248535
gha,2009,10.0577201843262
gha,2011,10.7843704223633
gha,2012,11.0848302841187
gha,2013,11.313850402832
gha,2014,11.0758399963379
gha,2015,11.6161003112793
gin,1971,1.43891000747681
gin,1981,2.23837995529175
gin,1982,2.09664988517761
gin,1983,2.01046991348267
gin,1985,2.10280990600586
gin,1986,1.94292998313904
gin,1987,1.71226000785828
gin,1989,1.72837996482849
gin,1990,1.66855001449585
gin,1991,1.77180004119873
gin,1993,1.90707004070282
gin,1994,2.0392599105835
gin,1996,2.36285996437073
gin,2004,5.22133016586304
gin,2005,5.754310131073
gin,2006,6.18943977355957
gin,2008,6.70944976806641
gin,2011,7.18312978744507
gin,2014,7.54567003250122
gmb,1995,4.40267992019653
gmb,2008,8.90727996826172
gmb,2009,8.83397006988525
gmb,2010,8.67796039581299
gnb,1989,2.36090993881226
gnq,2000,6.59856986999512
grc,1971,10.1646003723145
grc,1972,10.4960699081421
grc,1973,10.6743402481079
grc,1974,10.831919670105
grc,1975,10.9110403060913
grc,1976,11.0744199752808
grc,1977,11.1360301971436
grc,1978,11.126350402832
grc,1979,11.1570196151733
grc,1980,11.2062501907349
grc,1981,11.573260307312
grc,1982,11.8992795944214
grc,1983,12.0393800735474
grc,1984,12.4998197555541
grc,1985,12.7998600006104
grc,1986,12.9877500534058
grc,1987,13.0304698944092
grc,1988,12.9815101623535
grc,1989,12.9254598617554
grc,1990,12.9015703201294
grc,1992,13.3719797134399
grc,1993,13.243390083313
grc,1994,13.1259698867798
grc,1995,13.3170003890991
grc,1996,13.3819999694824
grc,1997,13.5023698806763
grc,1998,14.2494297027588
grc,1999,14.2324600219727
grc,2000,14.5832996368408
grc,2001,15.0558004379272
grc,2002,15.5543003082275
grc,2003,15.5687599182129
grc,2004,15.8756198883057
grc,2005,16.4288501739502
grc,2006,16.4790992736816
grc,2007,15.8862400054932
grc,2010,16.635929107666
grc,2011,16.7504100799561
grc,2012,16.9904003143311
grc,2013,17.1355800628662
grc,2014,17.5677890777588
grd,1979,12.1182203292847
grd,1980,12.1729803085327
grd,1982,12.1201000213623
grd,1983,11.5819997787476
grd,1984,11.7956800460815
grd,2009,16.2191600799561
grd,2015,16.8682308197021
gtm,1970,3.77080988883972
gtm,1971,3.81532001495361
gtm,1972,3.94927000999451
gtm,1973,3.86732006072998
gtm,1974,4.13443994522095
gtm,1975,4.25240993499756
gtm,1976,4.25021982192993
gtm,1977,4.42381000518799
gtm,1978,4.80262994766235
gtm,2002,8.53302955627441
gtm,2007,10.0744104385376
gtm,2013,10.4871501922607
gtm,2015,10.6731395721436
guy,1971,9.23299026489258
guy,1972,9.29732036590576
guy,1973,9.42173004150391
guy,1976,9.98414993286133
guy,1984,9.01718997955322
guy,1985,9.21792030334473
guy,1986,9.63094043731689
guy,2005,11.6617603302002
guy,2007,10.6407299041748
guy,2008,10.4897203445435
guy,2009,10.3020095825195
guy,2010,10.4705896377563
guy,2011,10.6918697357178
guy,2012,10.4697303771973
hic,1970,11.4953899383545
hic,1971,11.4567203521729
hic,1972,11.5615997314453
hic,1973,11.7785396575928
hic,1974,11.920280456543
hic,1975,12.1032304763794
hic,1976,12.3071403503418
hic,1977,12.4537296295166
hic,1978,12.5779495239258
hic,1979,12.5261697769165
hic,1980,12.9101600646973
hic,1981,12.8822402954102
hic,1982,13.0031404495239
hic,1983,13.0600595474243
hic,1984,13.1477003097534
hic,1985,13.2287702560425
hic,1986,13.4231595993041
hic,1987,13.5605096817017
hic,1988,13.7896203994751
hic,1989,13.8715000152588
hic,1990,13.8896398544312
hic,1991,14.0692501068115
hic,1992,14.3909902572632
hic,1993,14.559760093689
hic,1994,14.8325901031494
hic,1995,15.0085601806641
hic,1996,15.131950378418
hic,1997,15.4252901077271
hic,1998,15.4827098846436
hic,1999,15.6097297668457
hic,2000,15.497260093689
hic,2001,15.6569900512695
hic,2002,15.7312602996826
hic,2003,15.9066200256348
hic,2004,15.9472904205322
hic,2005,16.0973091125488
hic,2006,16.1122493743896
hic,2007,16.1984691619873
hic,2008,16.2779006958008
hic,2009,16.4018497467041
hic,2010,16.5673007965088
hic,2011,16.6698303222656
hic,2012,16.6924591064453
hic,2013,16.9427299499512
hic,2014,16.9893608093262
hic,2015,17.012170791626
hnd,1980,7.67354011535645
hnd,1991,8.68157958984375
hnd,2008,11.8476295471191
hnd,2010,12.0668497085571
hnd,2012,12.0623798370361
hnd,2013,11.8448095321655
hnd,2014,11.6146202087402
hnd,2015,11.9787302017212
hpc,1970,2.95020270347595
hpc,1971,2.96406316757202
hpc,1972,3.02732014656067
hpc,1973,3.07688474655151
hpc,1974,3.16991400718689
hpc,1975,3.29844808578491
hpc,1976,3.47668480873108
hpc,1977,3.6419472694397
hpc,1978,3.83473491668701
hpc,1979,4.00586557388306
hpc,1980,4.20346164703369
hpc,1981,4.39028644561768
hpc,1982,4.41628837585449
hpc,1983,4.46853351593018
hpc,1984,4.46859121322632
hpc,1985,4.38728618621826
hpc,1986,4.41742658615112
hpc,1987,4.42045402526855
hpc,1988,4.47647476196289
hpc,1989,4.39666891098022
hpc,1990,4.31297636032104
hpc,1991,4.43775129318237
hpc,1992,4.35474586486816
hpc,1993,4.37482261657715
hpc,1994,4.43725204467773
hpc,1995,4.58252239227295
hpc,1996,4.60060214996338
hpc,1997,4.84346866607666
hpc,1998,4.99496984481812
hpc,1999,5.11875867843628
hpc,2000,5.35769176483154
hpc,2001,5.64007377624512
hpc,2002,5.98606634140015
hpc,2003,6.27861309051514
hpc,2004,6.50346803665161
hpc,2005,6.85248327255249
hpc,2006,7.17305088043213
hpc,2007,7.4554648399353
hpc,2008,7.83477020263672
hpc,2009,8.00460052490234
hpc,2010,8.14162731170654
hpc,2011,8.31730556488037
hpc,2012,8.44191741943359
hpc,2013,8.52587985992432
hpc,2014,8.62003326416016
hrv,1993,11.018349647522
hrv,1994,11.4975004196166
hrv,1995,11.3900899887085
hrv,1996,11.4913902282715
hrv,1997,11.6249303817749
hrv,1998,11.9667901992798
hrv,1999,12.3695497512817
hrv,2000,12.4994897842407
hrv,2001,12.7273902893066
hrv,2002,13.0829296112061
hrv,2003,13.4709701538086
hrv,2005,14.2966403961182
hrv,2006,14.6400604248047
hrv,2007,14.7172002792358
hrv,2008,14.6520004272461
hrv,2009,14.6866502761841
hrv,2010,15.1830902099609
hrv,2011,15.2797002792358
hrv,2012,15.5020904541016
hrv,2013,15.872540473938
hrv,2014,15.951189994812
hrv,2015,15.8555603027344
hun,1971,9.90359020233154
hun,1972,10.0076599121094
hun,1973,10.2529096603394
hun,1974,10.2606897354126
hun,1975,10.4397897720337
hun,1976,10.5760202407837
hun,1977,10.7808599472046
hun,1978,10.9202699661255
hun,1979,11.0867500305176
hun,1980,11.2419099807739
hun,1981,11.4746103286743
hun,1982,11.9309196472168
hun,1983,12.0601797103882
hun,1984,12.0709800720215
hun,1985,12.0102300643921
hun,1986,11.8999900817871
hun,1987,11.6776895523071
hun,1988,11.447039604187
hun,1989,11.3090496063232
hun,1990,11.1835899353027
hun,1991,11.1565999984741
hun,1992,11.2452402114868
hun,1994,12.4229803085327
hun,1995,12.6031398773193
hun,1996,12.824649810791
hun,1997,13.2365303039551
hun,1998,13.6757402420044
hun,1999,14.1223297119141
hun,2000,14.4688301086426
hun,2001,14.865870475769
hun,2002,15.2322797775269
hun,2003,15.6853904724121
hun,2004,15.3825397491455
hun,2005,15.6704998016357
hun,2006,15.8063297271729
hun,2007,15.7835597991943
hun,2008,15.7352800369263
hun,2009,15.632399559021
hun,2010,15.7193899154663
hun,2011,15.6709995269775
hun,2012,15.7135400772095
hun,2013,16.1523609161377
hun,2014,15.9594497680664
hun,2015,15.6968803405762
idn,1970,5.47184991836548
idn,1972,5.67611980438232
idn,1976,6.16873979568481
idn,1982,8.13599014282227
idn,1983,8.6671895980835
idn,1984,8.91147041320801
idn,1993,9.2709903717041
idn,1995,9.59689044952393
idn,1996,9.70263004302979
idn,1999,10.4419097900391
idn,2000,10.3830795288086
idn,2001,10.4370698928833
idn,2002,10.6147403717041
idn,2003,10.7989196777344
idn,2004,10.9057197570801
idn,2006,10.8562498092651
idn,2007,11.5464000701904
idn,2008,11.5388603210449
idn,2009,12.0052003860474
idn,2010,12.3606004714966
idn,2011,12.6051397323608
idn,2012,12.9540500640869
idn,2013,12.8945503234863
idn,2014,12.8546304702759
idn,2015,12.752329826355
ind,1971,4.14120006561279
ind,1973,4.40108013153076
ind,1976,4.52041006088257
ind,1977,4.66987991333008
ind,1978,4.51848983764648
ind,1980,4.73296022415161
ind,1981,4.92178010940552
ind,1982,5.00860023498535
ind,1983,5.3369698524475
ind,1984,5.40861988067627
ind,1986,5.77116012573242
ind,1987,5.723219871521
ind,1988,5.8113899230957
ind,1989,5.93458986282349
ind,1995,6.87339019775391
ind,1996,6.94271993637084
ind,1997,7.04055976867676
ind,2000,7.25379991531372
ind,2001,7.33047008514404
ind,2002,7.60873985290527
ind,2003,8.56931018829346
ind,2007,9.70884990692139
ind,2009,10.1878499984741
ind,2010,10.4961595535278
ind,2011,10.98118019104
ind,2013,11.8652200698853
ind,2014,12.2214097976685
ind,2015,12.3209400177002
irl,1971,10.7969903945923
irl,1972,10.7621603012085
irl,1973,11.0343503952026
irl,1974,11.0905895233154
irl,1976,11.6046800613403
irl,1977,11.7871704101563
irl,1978,11.8321895599365
irl,1979,11.8022804260254
irl,1980,11.7475004196166
irl,1981,11.7217397689819
irl,1982,11.8447198867798
irl,1983,11.9274101257324
irl,1984,11.8327903747559
irl,1985,11.8841800689697
irl,1986,12.110650062561
irl,1987,12.2131395339966
irl,1988,12.2488899230957
irl,1989,12.2286901473999
irl,1990,12.2718000411987
irl,1991,12.2895603179932
irl,1992,12.4789199829102
irl,1993,12.8888902664185
irl,1994,13.1203899383545
irl,1995,13.2701396942139
irl,1996,13.4099998474121
irl,1997,13.6941995620728
irl,1998,16.3481101989746
irl,1999,16.6960906982422
irl,2000,16.9208202362061
irl,2001,17.0939407348633
irl,2002,17.4240894317627
irl,2003,17.7638607025146
irl,2004,17.7862396240234
irl,2005,17.8679790496826
irl,2006,17.8665790557861
irl,2007,18.152229309082
irl,2008,18.1204299926758
irl,2009,18.3770294189453
irl,2010,18.5976905822754
irl,2011,18.4460601806641
irl,2012,18.5946998596191
irl,2014,19.3224201202393
irl,2015,19.8864192962646
irn,1971,4.28533983230591
irn,1972,4.42859983444214
irn,1973,4.69720983505249
irn,1974,4.92369985580444
irn,1975,5.5423698425293
irn,1976,6.03107023239136
irn,1977,6.39269018173218
irn,1999,10.9279899597168
irn,2000,11.0107402801514
irn,2001,11.2629404067993
irn,2002,11.1927795410156
irn,2003,11.202730178833
irn,2004,11.2720499038696
irn,2005,11.3058996200562
irn,2006,11.7386798858643
irn,2007,12.1999797821045
irn,2008,12.8172903060913
irn,2009,12.913200378418
irn,2010,13.0542297363281
irn,2011,13.5505695343018
irn,2012,14.9648895263672
irn,2013,14.6953897476196
irn,2014,14.6366300582886
irn,2015,14.6694097518921
irq,1971,3.55329990386963
irq,1972,3.66864991188049
irq,1973,3.89938998222351
irq,1974,4.17453002929688
irq,1975,4.70185995101929
irq,1976,5.25659990310669
irq,1977,5.89071989059448
irq,1978,6.36557006835938
irq,1979,7.92599010467529
irq,1980,8.58553981781006
irq,1981,8.77700042724609
irq,1982,8.74277019500732
irq,1983,8.36518001556396
irq,1984,8.13031005859375
irq,1985,8.25874996185303
irq,1986,8.2956199645996
irq,1987,8.4229097366333
irq,1988,8.50788974761963
irq,1989,8.32106018066406
irq,1999,7.36304998397827
irq,2000,7.43019008636475
irq,2004,8.74120044708251
isl,1971,11.2231702804565
isl,1975,11.6213998794556
isl,1976,11.7889404296875
isl,1977,12.1143798828125
isl,1983,13.0911502838135
isl,1984,13.2766704559326
isl,1986,13.3719902038574
isl,1989,14.0238304138184
isl,1993,15.6377401351929
isl,1994,15.9316501617432
isl,1995,16.0219097137451
isl,1996,16.1655502319336
isl,1998,17.2017993927002
isl,1999,17.39919090271
isl,2000,17.7688503265381
isl,2001,17.9459495544434
isl,2002,18.5401000976563
isl,2003,19.3567600250244
isl,2004,18.9816303253174
isl,2005,19.1895503997803
isl,2006,19.4141902923583
isl,2007,19.5155391693115
isl,2008,19.7206192016602
isl,2009,19.6778793334961
isl,2010,19.8917007446289
isl,2011,19.8409595489502
isl,2012,20.0916500091553
isl,2013,20.8138694763184
isr,1973,11.9791803359985
isr,1975,12.1066904067993
isr,1977,12.3470096588135
isr,1978,12.3986902236938
isr,1979,12.6258201599121
isr,1980,12.8630800247192
isr,1983,13.1396799087524
isr,1984,13.3067598342896
isr,1986,13.2450799942017
isr,1987,13.1492900848389
isr,1988,13.1753702163696
isr,1989,13.0810699462891
isr,1990,12.9548501968384
isr,1991,13.3023300170898
isr,1993,13.7187595367432
isr,1999,15.5627098083496
isr,2000,15.5496397018433
isr,2001,15.7240896224976
isr,2002,16.4257392883301
isr,2003,16.2276496887207
isr,2004,16.1743106842041
isr,2005,16.152530670166
isr,2006,15.9940795898438
isr,2007,16.2037601470947
isr,2008,16.0133590698242
isr,2009,16.1420497894287
isr,2011,16.4301300048828
isr,2012,16.4305400848389
isr,2013,16.4717102050781
isr,2014,16.4970798492432
isr,2015,16.5436706542969
ita,1971,10.3815002441406
ita,1972,10.6624298095703
ita,1973,10.9500703811646
ita,1974,11.1684598922729
ita,1975,11.343150138855
ita,1976,11.5793504714966
ita,1977,11.7158603668213
ita,1978,11.8263702392578
ita,1979,11.851770401001
ita,1980,11.8955602645874
ita,1981,11.9096698760986
ita,1983,11.9051399230957
ita,1984,11.9632701873779
ita,1985,12.0840902328491
ita,1986,12.148889541626
ita,1987,12.1749897003174
ita,1988,12.3600797653198
ita,1989,12.5298004150391
ita,1990,12.8196802139282
ita,1991,12.9420795440674
ita,1992,13.2626104354858
ita,1993,13.6122798919678
ita,1994,14.1316204071045
ita,1995,14.1823997497559
ita,1996,14.3902797698975
ita,1997,14.7800703048706
ita,1998,15.0447902679443
ita,1999,15.0965995788574
ita,2000,15.0544395446777
ita,2001,15.4889402389526
ita,2002,15.6361598968506
ita,2003,15.9456701278687
ita,2004,16.2098293304443
ita,2005,16.400749206543
ita,2006,16.6184101104736
ita,2007,16.7304592132568
ita,2008,16.8228302001953
ita,2009,16.8813896179199
ita,2010,16.8772392272949
ita,2011,17.133810043335
ita,2012,16.9399604797363
ita,2013,16.6542701721191
ita,2014,16.8242893218994
ita,2015,16.5600891113281
jam,1973,10.2963800430298
jam,1974,10.0526504516602
jam,2000,11.1757202148438
jam,2001,11.3106899261475
jam,2002,12.4656000137329
jor,1971,7.81535005569458
jor,1972,8.38255023956299
jor,1973,8.83718013763428
jor,1974,9.42136001586914
jor,1975,9.92673015594482
jor,1976,10.4308996200562
jor,1977,10.8779096603394
jor,1978,11.1088895797729
jor,1979,11.4715404510498
jor,1980,11.7771396636963
jor,1981,11.9237403869629
jor,1982,12.0900497436523
jor,1983,12.1455097198486
jor,1984,12.1297197341919
jor,1985,12.3208904266357
jor,1986,12.2083101272583
jor,1987,12.2318696975708
jor,1988,12.344090461731
jor,1989,12.0421800613403
jor,1990,11.9258899688721
jor,1991,12.0144500732422
jor,1992,12.3351202011108
jor,1993,12.3087501525879
jor,1994,12.1530199050903
jor,1996,12.2920198440552
jor,2000,12.9755802154541
jor,2002,13.3978996276855
jor,2003,13.7979803085327
jor,2004,14.0100297927856
jor,2005,13.9098100662231
jor,2006,13.9788303375244
jor,2007,13.9129104614258
jor,2008,13.9299898147583
jor,2010,13.0942497253418
jor,2011,12.9170999526978
jor,2012,13.0551204681396
jpn,1971,11.6703701019287
jpn,1972,11.8079996109009
jpn,1973,11.8784399032593
jpn,1974,12.0449104309082
jpn,1975,12.2766895294189
jpn,1976,12.4892997741699
jpn,1977,12.6500301361084
jpn,1978,12.7132701873779
jpn,1979,12.8061895370483
jpn,1980,12.8143997192383
jpn,1981,12.8409404754639
jpn,1982,12.7773399353027
jpn,1983,12.8487396240234
jpn,1984,12.743709564209
jpn,1985,12.8018398284912
jpn,1986,12.9168796539307
jpn,1987,12.9728403091431
jpn,1988,13.0171003341675
jpn,1989,13.037449836731
jpn,1990,13.0731401443481
jpn,1991,13.1444597244263
jpn,1992,13.2501697540283
jpn,1994,13.9674797058105
jpn,1995,14.0572004318237
jpn,1998,14.2655200958252
jpn,1999,14.3303003311157
jpn,2000,14.4562301635742
jpn,2001,14.5320796966553
jpn,2002,14.6093397140503
jpn,2003,14.6458301544189
jpn,2004,14.7236299514771
jpn,2005,14.7768297195435
jpn,2006,14.868390083313
jpn,2007,14.8599500656128
jpn,2008,14.8445701599121
jpn,2009,14.8976497650146
jpn,2010,14.9766101837158
jpn,2011,15.1068801879883
jpn,2012,15.1743698120117
jpn,2013,15.2073001861572
jpn,2014,15.2468595504761
kaz,1999,12.2898797988892
kaz,2000,12.6020803451538
kaz,2006,15.108790397644
kaz,2010,14.7244100570679
kaz,2011,14.9828901290894
kaz,2012,15.2930402755737
kaz,2013,15.2677698135376
kaz,2014,15.326319694519
kaz,2015,15.3696603775024
kaz,2016,15.3303298950195
ken,1984,8.48939037322998
ken,1985,8.65870952606201
ken,1987,8.7535400390625
ken,2000,8.18336009979248
ken,2001,8.29432964324951
ken,2002,8.02929019927979
ken,2004,9.25877952575684
ken,2005,9.44159030914307
ken,2007,10.1019897460938
ken,2009,10.7480497360229
kgz,1999,11.6007900238037
kgz,2000,11.9068403244019
kgz,2001,12.1920003890991
kgz,2002,12.4034299850464
kgz,2003,12.7319202423096
kgz,2004,12.6697797775269
kgz,2005,12.7641496658325
kgz,2006,12.9219999313354
kgz,2007,12.9277400970459
kgz,2009,12.8181800842285
kgz,2010,12.5263700485229
kgz,2011,12.4250001907349
kgz,2012,12.8148002624512
kgz,2013,13.2140798568726
kgz,2014,13.3932504653931
kgz,2015,13.4674501419067
khm,2000,6.77662992477416
khm,2001,7.43135976791382
khm,2002,8.46438980102539
khm,2004,9.20790958404541
khm,2006,9.65240001678467
khm,2007,9.82660961151123
khm,2008,9.87633991241455
kir,1971,7.64481019973755
kir,1972,9.5162296295166
kir,1973,7.81010007858276
kir,1977,9.69678020477294
kir,1978,9.99240016937256
kir,1979,10.2705297470093
kir,1980,10.6189804077148
kir,1981,10.5221395492554
kir,1982,10.8915300369263
kir,1983,10.7032699584961
kir,1984,10.4533500671387
kir,1985,10.6072998046875
kir,1986,10.5080699920654
kir,1987,10.2752504348755
kir,1988,9.98976039886475
kir,1989,10.7285604476929
kir,1990,10.5085000991821
kir,1991,10.9840297698975
kir,1992,11.1190004348755
kir,1995,11.2005500793457
kir,1996,11.3901300430298
kir,1999,10.4353704452515
kir,2000,10.7952604293823
kir,2001,12.3035202026367
kir,2002,12.0478601455688
kir,2003,12.8436803817749
kir,2004,12.747989654541
kir,2005,12.5403995513916
kir,2006,12.2173204421997
kir,2007,12.1682395935059
kir,2008,12.278639793396
kna,1984,11.6923704147339
kna,1985,11.0669002532959
kna,1986,10.8397302627563
kna,1987,12.453049659729
kna,1988,12.6218700408936
kna,1992,12.8762903213501
kna,1993,13.127420425415
kna,2008,13.3778696060181
kna,2014,14.6050395965576
kna,2015,15.9362497329712
kor,1971,8.36205959320068
kor,1972,8.68504047393799
kor,1973,8.8692102432251
kor,1974,9.03143978118896
kor,1975,9.19256973266602
kor,1976,9.48840045928955
kor,1977,9.67660045623779
kor,1978,9.94130039215088
kor,1979,10.3487195968628
kor,1980,10.8854503631592
kor,1982,11.5709199905396
kor,1983,11.7867803573608
kor,1984,12.1371898651123
kor,1985,12.4100399017334
kor,1986,12.5219297409058
kor,1987,12.7756395339966
kor,1988,12.5939998626709
kor,1989,12.7933301925659
kor,1990,12.8584604263306
kor,1991,13.0845499038696
kor,1992,13.1799402236938
kor,1993,13.5091104507446
kor,1994,13.7961702346802
kor,1995,14.1451997756958
kor,1996,14.4879398345947
kor,1997,15.0551700592041
kor,1998,14.6765804290771
kor,1999,14.8284902572632
kor,2000,14.9353399276733
kor,2001,14.8990602493286
kor,2002,14.9406499862671
kor,2003,15.1548595428467
kor,2004,15.4136295318604
kor,2005,15.6858797073364
kor,2006,15.7417802810669
kor,2007,15.8520498275757
kor,2008,15.827130317688
kor,2009,15.7837495803833
kor,2010,15.8317499160767
kor,2011,15.8799495697021
kor,2012,15.8069896697998
kor,2013,15.7625398635864
kor,2014,15.8001203536987
kor,2015,15.7981195449829
kwt,1971,8.29347991943359
kwt,1972,8.47762966156006
kwt,1973,8.42397022247314
kwt,1974,8.64389038085938
kwt,1975,8.78345966339111
kwt,1976,9.24075984954833
kwt,1977,10.2307796478271
kwt,1978,10.3718900680541
kwt,1979,10.5004396438599
kwt,1980,10.6969404220581
kwt,1981,10.8619899749756
kwt,1982,11.0795202255249
kwt,1983,11.7171497344971
kwt,1984,11.5914602279663
kwt,1985,11.7668600082397
kwt,1986,11.7360601425171
kwt,1987,11.1584701538086
kwt,1988,10.8096103668213
kwt,1989,10.4598197937012
kwt,1990,10.3365697860718
kwt,1992,7.06855010986328
kwt,1993,8.27929019927979
kwt,1994,9.91123962402344
kwt,1995,11.8382902145386
kwt,1996,13.3922901153564
kwt,1997,13.9185199737549
kwt,1999,14.7219200134277
kwt,2001,14.651780128479
kwt,2003,15.4873695373535
kwt,2004,15.1805696487427
kwt,2013,13.7463598251343
lac,1970,10.2430124282837
lac,1971,10.2955007553101
lac,1972,10.3122138977051
lac,1973,10.4505062103271
lac,1974,10.5788278579712
lac,1975,10.7328023910522
lac,1976,10.9321842193604
lac,1977,11.0839223861694
lac,1978,11.1927146911621
lac,1979,11.3949480056763
lac,1980,11.4694309234619
lac,1981,11.6679487228394
lac,1982,11.7292957305908
lac,1983,11.7989683151245
lac,1984,11.8797311782837
lac,1985,11.9830760955811
lac,1986,12.0539770126343
lac,1987,12.0859832763672
lac,1988,12.0993432998657
lac,1989,12.0767974853516
lac,1990,12.0749998092651
lac,1991,12.0796680450439
lac,1992,12.1374702453613
lac,1993,12.1451587677002
lac,1994,12.1375694274902
lac,1995,12.2226858139038
lac,1996,12.3376846313477
lac,1997,12.4363346099854
lac,1998,12.6384172439575
lac,1999,12.8196487426758
lac,2000,12.9630794525146
lac,2001,13.0432386398315
lac,2002,13.1833381652832
lac,2003,13.1284198760986
lac,2004,13.1504611968994
lac,2005,13.2647285461426
lac,2006,13.3716058731079
lac,2007,13.4970293045044
lac,2008,13.7598009109497
lac,2009,13.8695945739746
lac,2010,14.0294075012207
lac,2011,14.1183109283447
lac,2012,14.1762437820435
lac,2013,14.5895690917969
lac,2014,14.5686092376709
lao,1971,2.74344992637634
lao,1972,3.13642001152039
lao,1973,3.26021003723145
lao,1980,5.57151985168457
lao,1981,5.70312023162842
lao,1986,5.71183013916016
lao,1988,5.83645009994507
lao,1990,5.52181005477905
lao,1993,5.87409019470215
lao,1994,6.11283016204833
lao,1995,5.95013999938965
lao,1996,6.4550199508667
lao,1997,6.63849020004272
lao,1998,6.8845100402832
lao,1999,7.01268005371094
lao,2000,7.01975011825562
lao,2001,7.05599021911621
lao,2002,7.31202983856201
lao,2003,7.61313009262084
lao,2004,7.82077980041504
lao,2005,8.04693031311035
lao,2006,8.16423034667969
lao,2007,8.36275959014893
lao,2008,8.62197971343994
lao,2009,8.9412202835083
lao,2010,9.18245983123779
lao,2011,9.58364963531494
lao,2012,9.81441974639893
lao,2013,10.1331195831299
lao,2014,10.4473695755005
lao,2015,10.5668096542358
lbn,1971,9.18647003173828
lbn,1982,11.6464099884033
lbn,1985,10.2629699707031
lbn,1992,12.2082099914551
lbn,1996,13.0282897949219
lbn,1999,15.2637300491333
lbn,2000,15.3606004714966
lbn,2001,15.6491298675537
lbn,2002,15.0217304229736
lbn,2003,14.2181797027588
lbn,2004,13.570520401001
lbn,2005,13.0510997772217
lbn,2006,12.6482696533203
lbn,2007,12.8965101242065
lbn,2008,13.0266799926758
lbn,2009,13.1509399414063
lbn,2010,13.0377502441406
lbn,2011,13.0250902175903
lbn,2012,12.3408699035645
lbn,2013,12.087140083313
lbn,2014,11.3783903121948
lbr,1970,1.57678997516632
lbr,1971,1.67493999004364
lbr,1972,1.83229994773865
lbr,1975,2.15774989128113
lbr,1979,2.8633599281311
lbr,1999,7.06024980545044
lbr,2000,8.75446033477783
lby,1971,5.23031997680664
lby,1972,6.2342700958252
lby,1973,7.2673602104187
lby,1974,8.12374019622803
lby,1975,8.72605991363525
lby,1976,9.33331966400146
lby,1977,9.85752964019775
lby,1978,9.84235954284667
lby,1979,10.25119972229
lby,1980,10.5391302108765
lby,1981,10.346489906311
lby,1983,10.635199546814
lby,2002,16.3622398376465
lby,2003,16.19407081604
lca,1977,10.5838098526001
lca,1981,10.3818702697754
lca,1982,10.9569997787476
lca,1983,11.1437101364136
lca,1984,11.2621002197266
lca,1985,11.8972902297974
lca,1987,12.0532598495483
lca,1993,14.0268297195435
lca,2004,12.4615497589111
lca,2005,13.0589303970337
lca,2006,13.3042001724243
lca,2007,12.9989795684814
lcn,1970,10.3272409439087
lcn,1971,10.3994941711426
lcn,1972,10.4241323471069
lcn,1973,10.5637817382813
lcn,1974,10.6824769973755
lcn,1975,10.8188972473145
lcn,1976,10.9993391036987
lcn,1977,11.1425361633301
lcn,1978,11.2482738494873
lcn,1979,11.4415683746338
lcn,1980,11.5122966766357
lcn,1981,11.708625793457
lcn,1982,11.7619962692261
lcn,1983,11.8351736068726
lcn,1984,11.9128999710083
lcn,1985,12.0182542800903
lcn,1986,12.089301109314
lcn,1987,12.1217813491821
lcn,1988,12.1383438110352
lcn,1989,12.115818977356
lcn,1990,12.112587928772
lcn,1991,12.1407680511475
lcn,1992,12.1946840286255
lcn,1993,12.1767902374268
lcn,1994,12.1722297668457
lcn,1995,12.2562456130981
lcn,1996,12.3719854354858
lcn,1997,12.4779834747314
lcn,1998,12.6790466308594
lcn,1999,12.8661861419678
lcn,2000,13.0088958740234
lcn,2001,13.0918397903442
lcn,2002,13.2321729660034
lcn,2003,13.1857242584229
lcn,2004,13.2129220962524
lcn,2005,13.3268203735352
lcn,2006,13.4314022064209
lcn,2007,13.5633382797241
lcn,2008,13.8217582702637
lcn,2009,13.9291658401489
lcn,2010,14.0880794525146
lcn,2011,14.1791543960571
lcn,2012,14.2307586669922
lcn,2013,14.6428279876709
lcn,2014,14.6336517333984
ldc,1970,2.78978967666626
ldc,1971,2.76365852355957
ldc,1972,2.92583227157593
ldc,1973,3.04756999015808
ldc,1974,3.07966995239258
ldc,1975,3.22525119781494
ldc,1976,3.34613656997681
ldc,1977,3.46516466140747
ldc,1978,3.62101888656616
ldc,1979,3.75758671760559
ldc,1980,3.92868638038635
ldc,1981,4.05963277816772
ldc,1982,4.17508697509766
ldc,1983,4.17895603179932
ldc,1984,4.22345876693726
ldc,1985,4.11375713348389
ldc,1986,4.16278409957886
ldc,1987,4.17425346374512
ldc,1988,4.35381126403809
ldc,1989,4.35414171218872
ldc,1990,4.29428052902222
ldc,1991,4.46287107467651
ldc,1992,4.49948787689209
ldc,1993,4.58679580688477
ldc,1994,4.70709371566772
ldc,1995,4.87783050537109
ldc,1996,4.98684692382813
ldc,1997,5.21176671981812
ldc,1998,5.39773607254028
ldc,1999,5.56146478652954
ldc,2000,5.80773115158081
ldc,2001,6.04858064651489
ldc,2002,6.39495134353638
ldc,2003,6.64698219299316
ldc,2004,6.80024099349976
ldc,2005,7.09407567977905
ldc,2006,7.38710260391235
ldc,2007,7.60692501068115
ldc,2008,7.91013765335083
ldc,2009,8.1129093170166
ldc,2010,8.28575038909912
ldc,2011,8.50889110565186
ldc,2012,8.61201572418213
ldc,2013,8.70278263092041
ldc,2014,8.76325988769531
lic,1970,2.71006989479065
lic,1971,2.71798992156982
lic,1972,2.8104100227356
lic,1973,2.89938998222351
lic,1974,3.02573990821838
lic,1975,3.21417999267578
lic,1976,3.36964988708496
lic,1977,3.53941988945007
lic,1978,3.69107007980347
lic,1979,3.82895994186401
lic,1980,4.0359001159668
lic,1981,4.28303003311157
lic,1982,4.30930995941162
lic,1983,4.33767986297607
lic,1984,4.33266019821166
lic,1985,4.21329021453857
lic,1986,4.2491397857666
lic,1987,4.23842000961304
lic,1988,4.30672979354858
lic,1989,4.31258010864258
lic,1990,4.23775005340576
lic,1991,4.37355995178223
lic,1992,4.28307008743286
lic,1993,4.30691003799438
lic,1994,4.36540985107422
lic,1995,4.53740978240967
lic,1996,4.58982992172241
lic,1997,4.83870983123779
lic,1998,5.00498008728027
lic,1999,5.12176990509033
lic,2000,5.35915994644165
lic,2001,5.61451005935669
lic,2002,5.99676990509033
lic,2003,6.27496004104614
lic,2004,6.49329996109009
lic,2005,6.85074996948242
lic,2006,7.1988000869751
lic,2007,7.47454977035522
lic,2008,7.84127998352051
lic,2009,8.01667976379395
lic,2010,8.16664981842041
lic,2011,8.35768032073975
lic,2012,8.4677095413208
lic,2013,8.54506015777588
lic,2014,8.56249046325684
lie,2003,13.1775302886963
lie,2004,13.3987503051758
lie,2006,13.391300201416
lie,2007,13.4092102050781
lie,2008,13.536470413208
lie,2009,13.4559097290039
lie,2010,13.3975200653076
lie,2011,13.7126798629761
lie,2012,13.8399200439453
lie,2014,13.4649000167847
lie,2015,13.3551301956177
lka,1981,10.061619758606
lka,1983,10.2550201416016
lka,1984,10.4167699813843
lka,1985,10.5761003494263
lka,1986,10.8670797348022
lka,1994,11.9257698059082
lka,2010,13.8482704162598
lka,2011,13.9280700683594
lka,2012,14.0862903594971
lka,2013,14.3158798217773
lmc,1970,4.80711984634399
lmc,1971,4.81781005859375
lmc,1972,4.90389013290405
lmc,1973,5.01352977752686
lmc,1974,5.04527997970581
lmc,1975,5.14456987380981
lmc,1976,5.2047700881958
lmc,1977,5.35202980041504
lmc,1978,5.44062995910645
lmc,1979,5.60607004165649
lmc,1980,5.75464010238647
lmc,1981,5.91509008407593
lmc,1982,6.0689902305603
lmc,1983,6.28397989273071
lmc,1984,6.36629009246826
lmc,1985,6.4690499305725
lmc,1986,6.55235004425049
lmc,1987,6.58302021026611
lmc,1988,6.66252994537354
lmc,1989,6.72021007537842
lmc,1990,6.75381994247437
lmc,1991,6.90077018737792
lmc,1992,7.01629018783569
lmc,1993,7.18593978881836
lmc,1994,7.31654977798462
lmc,1995,7.32617998123169
lmc,1996,7.39098978042603
lmc,1997,7.54417991638184
lmc,1998,7.59099006652832
lmc,1999,7.70748996734619
lmc,2000,7.885009765625
lmc,2001,7.96931982040405
lmc,2002,8.16985988616943
lmc,2003,8.69445991516113
lmc,2004,8.88862037658691
lmc,2005,9.10904979705811
lmc,2006,9.28378963470458
lmc,2007,9.52379989624023
lmc,2008,9.75574970245361
lmc,2009,9.88516044616699
lmc,2010,10.1622104644775
lmc,2011,10.4692096710205
lmc,2012,10.8215398788452
lmc,2013,11.0785999298096
lmc,2014,11.1683197021484
lmc,2015,11.2326202392578
lmy,1970,5.85473155975342
lmy,1971,5.9277982711792
lmy,1972,6.05331897735596
lmy,1973,6.26156425476074
lmy,1974,6.30520248413086
lmy,1975,6.53601694107056
lmy,1976,6.71015644073486
lmy,1977,6.90459012985229
lmy,1978,6.98696136474609
lmy,1979,6.99079322814941
lmy,1980,6.99379444122314
lmy,1981,7.06257915496826
lmy,1982,7.06462955474854
lmy,1983,7.14541673660278
lmy,1984,7.21552562713623
lmy,1985,7.34142780303955
lmy,1986,7.48849058151245
lmy,1987,7.55732154846191
lmy,1988,7.66782569885254
lmy,1989,7.6904239654541
lmy,1990,7.70653772354126
lmy,1991,7.80733823776245
lmy,1992,7.88286828994751
lmy,1993,7.97268962860107
lmy,1994,8.04006004333496
lmy,1995,8.12999439239502
lmy,1996,8.21279430389404
lmy,1997,8.32105445861816
lmy,1998,8.37345600128174
lmy,1999,8.47436428070068
lmy,2000,8.64619064331055
lmy,2001,8.72056007385254
lmy,2002,8.91479778289795
lmy,2003,9.27337455749512
lmy,2004,9.47012805938721
lmy,2005,9.70997142791748
lmy,2006,9.9022388458252
lmy,2007,10.1473865509033
lmy,2008,10.4109401702881
lmy,2009,10.5686464309692
lmy,2010,10.8180646896362
lmy,2011,11.0433683395386
lmy,2012,11.2732248306274
lmy,2013,11.5016756057739
lmy,2014,11.555682182312
lso,1970,8.71039009094238
lso,1973,8.51352024078369
lso,1975,9.05041980743408
lso,1977,9.21133041381835
lso,1978,9.37096977233887
lso,1979,9.5095100402832
lso,1981,9.87887001037598
lso,1982,10.096019744873
lso,1983,10.2739000320435
lso,1984,10.1952600479126
lso,1985,10.4377403259277
lso,1986,10.5256795883179
lso,1987,10.8204898834229
lso,1988,11.0903596878052
lso,1989,10.9561100006104
lso,1990,10.7728500366211
lso,1991,10.9580698013306
lso,1992,10.8577995300293
lso,1993,10.495189666748
lso,1994,10.8450002670288
lso,1996,10.7603197097778
lso,1999,10.3023099899291
lso,2000,10.8501796722412
lso,2001,10.8358201980591
lso,2002,10.8438301086426
lso,2003,11.1105699539185
lso,2005,11.0080699920654
lso,2006,11.0011701583862
lso,2012,11.6819200515747
lso,2013,11.2853698730469
lso,2014,11.2172698974609
ltu,1993,11.8631896972656
ltu,1995,12.3098297119141
ltu,1996,12.79953956604
ltu,1997,13.2722597122192
ltu,1998,13.8681602478027
ltu,1999,14.4973096847534
ltu,2000,15.2149000167847
ltu,2001,15.8558301925659
ltu,2002,16.3636207580566
ltu,2003,16.8873405456543
ltu,2004,17.0159893035889
ltu,2005,17.2945995330811
ltu,2006,17.3204708099365
ltu,2007,17.4156703948975
ltu,2008,17.5272903442383
ltu,2009,17.6839904785156
ltu,2010,17.5436305999756
ltu,2011,17.2053508758545
ltu,2012,17.035120010376
ltu,2013,17.0771903991699
ltu,2014,17.0997200012207
ltu,2015,13.408860206604
lux,1971,9.92951965332031
lux,1972,9.89684963226318
lux,1973,9.83279991149902
lux,1974,9.98069000244141
lux,1975,9.88976955413818
lux,1976,9.9509801864624
lux,1977,10.0540399551392
lux,1978,10.0457096099854
lux,1979,10.0436401367188
lux,1980,9.90902996063232
lux,1981,9.73861026763916
lux,1982,10.4247102737427
lux,1983,10.3795700073242
lux,1984,10.4282703399658
lux,1986,10.6795196533203
lux,1987,10.6505498886108
lux,2001,13.6674003601074
lux,2003,13.6545600891113
lux,2006,13.5872297286987
lux,2008,13.5724000930786
lux,2010,14.0396499633789
lux,2012,13.9905595779419
lva,1991,12.7870197296143
lva,1992,12.7147102355957
lva,1997,12.9293804168701
lva,1998,13.521430015564
lva,1999,14.4180603027344
lva,2000,15.1053600311279
lva,2001,15.6256504058838
lva,2002,16.0521297454833
lva,2003,16.431339263916
lva,2004,16.9027690887451
lva,2005,17.2744293212891
lva,2006,17.3524799346924
lva,2007,17.4726791381836
lva,2008,17.676290512085
lva,2009,17.2308006286621
lva,2010,16.7326793670654
lva,2011,16.3121891021729
lva,2012,16.0849800109863
lva,2013,16.5813102722168
lva,2014,16.6023902893066
lva,2015,13.4744396209717
mac,1990,10.9236698150635
mac,1992,11.6332302093506
mac,1993,11.8598499298096
mac,1999,12.1240997314453
mac,2000,12.4989700317383
mac,2001,13.3435001373291
mac,2002,13.8832101821899
mac,2003,14.3529100418091
mac,2004,14.665340423584
mac,2005,14.6311597824097
mac,2006,14.7737798690796
mac,2007,14.4712896347046
mac,2008,13.9359197616577
mac,2009,13.8440999984741
mac,2010,13.8679895401001
mac,2011,14.0267696380615
mac,2012,13.8374300003052
mac,2013,14.2286901473999
mac,2014,14.7794904708862
mac,2015,15.3701496124268
mar,1971,2.14439010620117
mar,1972,2.23059010505676
mar,1974,2.45920991897583
mar,1975,2.64350008964539
mar,1976,2.96521997451782
mar,1977,3.17912006378174
mar,1978,3.47167992591858
mar,1979,3.76447010040283
mar,1986,5.14632987976074
mar,1987,5.17737007141113
mar,1988,5.18155002593994
mar,1989,5.06487989425659
mar,1990,5.25885009765625
mar,1991,5.26669979095458
mar,1992,5.38370990753174
mar,1993,5.61808013916016
mar,1994,5.89626979827881
mar,1995,6.1601300239563
mar,1997,6.51318979263306
mar,1998,6.65597009658813
mar,1999,7.14147996902466
mar,2000,7.66262006759644
mar,2001,8.10027027130126
mar,2002,8.58187007904053
mar,2003,8.93986988067626
mar,2004,9.20209026336669
mar,2005,9.36515998840332
mar,2006,9.44379997253417
mar,2007,9.73958015441895
mar,2008,9.9647798538208
mar,2009,10.2007999420166
mar,2010,10.6692304611206
mar,2011,11.0971002578735
mar,2012,11.5228900909424
mda,1995,11.2544097900391
mda,1999,11.5846700668335
mda,2000,11.6591100692749
mda,2001,11.5584802627563
mda,2002,11.796480178833
mda,2003,12.0161399841309
mda,2004,12.2712202072144
mda,2005,12.3567199707031
mda,2006,12.5350503921509
mda,2007,12.4516096115112
mda,2008,12.3915996551514
mda,2009,12.1698303222656
mda,2010,12.0717096328735
mda,2011,12.1010503768921
mda,2012,12.0663900375366
mda,2013,12.0847797393799
mda,2014,12.0573101043701
mda,2015,11.9231195449829
mdg,1971,5.41170978546143
mdg,1989,6.35405015945435
mdg,1990,6.22255992889404
mdg,2005,8.77980041503906
mdg,2006,8.86670017242432
mdg,2007,9.14923000335693
mdg,2008,9.46924018859863
mdg,2009,9.95641994476318
mdg,2011,9.99279975891113
mdg,2012,10.1824598312378
mdg,2014,10.4076995849609
mdv,1998,10.6213598251343
mdv,1999,11.3733596801758
mdv,2000,11.8853197097778
mdv,2001,12.0832595825195
mdv,2002,11.9193000793457
mdv,2003,12.3527297973633
mea,1970,4.53987169265747
mea,1971,4.49258947372437
mea,1972,4.667311668396
mea,1973,4.87676429748535
mea,1974,5.04101371765137
mea,1975,5.33846855163574
mea,1976,5.67015886306763
mea,1977,5.95668029785156
mea,1978,6.18934488296509
mea,1979,6.3530912399292
mea,1980,6.63348340988159
mea,1981,6.76043653488159
mea,1982,6.99067068099976
mea,1983,7.16463232040405
mea,1984,7.3770751953125
mea,1985,7.54830932617188
mea,1986,7.75276136398315
mea,1987,7.91763067245483
mea,1988,8.04096221923828
mea,1989,8.11961650848389
mea,1990,8.24430847167969
mea,1991,8.37893104553223
mea,1992,8.40286731719971
mea,1993,8.58582782745361
mea,1994,8.89353084564209
mea,1995,8.94692611694336
mea,1996,9.05646705627441
mea,1997,9.29816913604736
mea,1998,9.53415203094482
mea,1999,9.7821159362793
mea,2000,9.93428230285645
mea,2001,10.1748447418213
mea,2002,10.3792638778687
mea,2003,10.5883255004883
mea,2004,10.7955007553101
mea,2005,11.1388635635376
mea,2006,11.2873020172119
mea,2007,11.4552040100098
mea,2008,11.6589403152466
mea,2009,11.7456016540527
mea,2010,11.9381284713745
mea,2011,12.1847629547119
mea,2012,12.6625604629517
mea,2013,12.5529470443726
mea,2014,12.5874471664429
mex,1971,7.20766019821166
mex,1972,7.19891023635864
mex,1977,8.82353973388672
mex,1978,8.96656036376953
mex,1980,9.77933979034424
mex,1981,10.0808897018433
mex,1982,10.303879737854
mex,1983,10.3485498428345
mex,1984,10.4858798980713
mex,1993,10.2340698242188
mex,1994,10.3428497314453
mex,1995,10.5275497436523
mex,1996,10.6899795532227
mex,1997,10.8450899124146
mex,1998,11.0889301300049
mex,1999,11.320779800415
mex,2000,11.5770101547241
mex,2001,11.665599822998
mex,2002,11.9810600280762
mex,2003,12.2924098968506
mex,2004,12.3365001678467
mex,2005,12.3530302047729
mex,2006,12.4315900802612
mex,2007,12.5197896957397
mex,2008,12.6750497817993
mex,2009,12.7307100296021
mex,2010,12.8396701812744
mex,2011,12.888819694519
mex,2012,13.1259002685547
mex,2013,13.2739295959473
mex,2014,13.466290473938
mhl,2002,12.2882099151611
mic,1970,6.11062002182007
mic,1971,6.19009017944336
mic,1972,6.32081985473633
mic,1973,6.54166984558105
mic,1974,6.58187007904053
mic,1975,6.81915998458862
mic,1976,6.99832010269165
mic,1977,7.19994020462036
mic,1978,7.28180980682373
mic,1979,7.27972984313965
mic,1980,7.26922988891602
mic,1981,7.32641983032227
mic,1982,7.33168983459473
mic,1983,7.42414999008179
mic,1984,7.50746011734009
mic,1985,7.66335010528564
mic,1986,7.8277702331543
mic,1987,7.90786981582642
mic,1988,8.02791023254395
mic,1989,8.0543098449707
mic,1990,8.08236980438232
mic,1991,8.18358039855957
mic,1992,8.28110980987549
mic,1993,8.38121032714844
mic,1994,8.45425987243652
mic,1995,8.53929042816162
mic,1996,8.63632965087891
mic,1997,8.74258041381835
mic,1998,8.80255031585693
mic,1999,8.92348003387451
mic,2000,9.10706043243408
mic,2001,9.17440032958984
mic,2002,9.35964965820313
mic,2003,9.74322986602783
mic,2004,9.95855045318604
mic,2005,10.1907596588135
mic,2006,10.3665199279785
mic,2007,10.6180000305176
mic,2008,10.8737497329712
mic,2009,11.0295095443726
mic,2010,11.2879600524902
mic,2011,11.5334501266479
mic,2012,11.8402099609375
mic,2013,12.1509895324707
mic,2014,12.2844896316528
mic,2015,12.3872995376587
mkd,1993,10.6028203964233
mkd,1994,10.761269569397
mkd,1995,11.0361795425415
mkd,1996,11.2428197860718
mkd,1997,11.3908395767212
mkd,1998,11.5170202255249
mkd,1999,11.7042303085327
mkd,2000,11.7869100570679
mkd,2001,11.9005403518677
mkd,2002,11.9912099838257
mkd,2003,12.0263395309448
mkd,2004,12.0537300109863
mkd,2005,12.1950902938843
mkd,2007,12.2570199966431
mkd,2008,13.0331296920776
mkd,2009,12.972279548645
mkd,2010,12.9594497680664
mkd,2012,12.9799203872681
mkd,2013,12.931360244751
mkd,2014,12.8698701858521
mkd,2015,13.2533302307129
mli,1971,1.15846002101898
mli,1976,1.35587000846863
mli,1978,1.49804997444153
mli,1979,1.55800998210907
mli,1980,1.53731000423431
mli,1982,1.4439400434494
mli,1983,1.40213000774384
mli,1987,1.28712999820709
mli,1989,1.50905001163483
mli,1990,1.505499958992
mli,1991,1.56507003307343
mli,1992,1.65891003608704
mli,1993,1.87395000457764
mli,1995,2.34733009338379
mli,1996,2.53086996078491
mli,1997,2.80156993865967
mli,1998,3.12521004676819
mli,1999,3.49321007728577
mli,2000,3.76151990890503
mli,2008,6.11273002624512
mli,2009,6.377610206604
mli,2010,6.62035989761353
mli,2011,6.84371995925903
mlt,1972,10.2162599563599
mlt,1973,10.1862096786499
mlt,1974,10.0563297271729
mlt,1975,10.5712699890137
mlt,1976,10.9532499313354
mlt,1977,11.1096200942993
mlt,1978,11.1217803955078
mlt,1979,11.0620603561401
mlt,1980,11.3040103912354
mlt,1981,11.0332403182983
mlt,1982,11.3504104614258
mlt,1983,11.3760299682617
mlt,1984,11.5704298019409
mlt,1985,11.7077598571777
mlt,1986,11.6716299057007
mlt,1987,11.5204601287842
mlt,1988,11.6203203201294
mlt,1989,11.8146200180054
mlt,1990,12.1935997009277
mlt,1991,12.3500900268555
mlt,1992,12.4984302520752
mlt,1993,12.719220161438
mlt,1994,12.7646398544312
mlt,1995,12.979229927063
mlt,1996,13.3927898406982
mlt,1997,13.4904499053955
mlt,1998,13.6790103912354
mlt,1999,13.5405502319336
mlt,2000,13.750940322876
mlt,2001,13.819239616394
mlt,2002,13.8712196350098
mlt,2003,14.1529397964478
mlt,2004,14.4962902069092
mlt,2005,14.4066400527954
mlt,2006,14.4406404495239
mlt,2007,14.5463399887085
mlt,2008,14.5488996505737
mlt,2010,14.8848896026611
mlt,2011,15.0524597167969
mlt,2012,15.2497596740723
mlt,2013,15.4114799499512
mlt,2014,15.6829395294189
mlt,2015,16.1836395263672
mmr,1972,4.91561985015869
mmr,1977,5.00483989715576
mmr,1992,6.80666017532349
mmr,1993,6.95670986175537
mna,1970,4.42868900299072
mna,1971,4.38190174102783
mna,1972,4.56571197509766
mna,1973,4.79030609130859
mna,1974,4.96056032180786
mna,1975,5.27807331085205
mna,1976,5.62172508239746
mna,1977,5.92223644256592
mna,1978,6.17086029052734
mna,1979,6.34245157241821
mna,1980,6.63135099411011
mna,1981,6.7524037361145
mna,1982,6.98830890655518
mna,1983,7.16124629974365
mna,1984,7.37384366989136
mna,1985,7.53703498840332
mna,1986,7.74541616439819
mna,1987,7.91724491119385
mna,1988,8.0372896194458
mna,1989,8.10772323608398
mna,1990,8.22377681732178
mna,1991,8.3513879776001
mna,1992,8.36355876922607
mna,1993,8.51937103271484
mna,1994,8.82444477081299
mna,1995,8.83779335021973
mna,1996,8.92441749572754
mna,1997,9.16402053833008
mna,1998,9.38219165802002
mna,1999,9.60014057159424
mna,2000,9.72978019714355
mna,2001,9.95931529998779
mna,2002,10.142388343811
mna,2003,10.3247776031494
mna,2004,10.5138387680054
mna,2005,10.8642730712891
mna,2006,11.0275068283081
mna,2007,11.2105741500854
mna,2008,11.4338598251343
mna,2009,11.5157890319824
mna,2010,11.6805543899536
mna,2011,11.9284906387329
mna,2012,12.4183578491211
mna,2013,12.2432374954224
mna,2014,12.2717027664185
mne,2003,12.8078002929688
mne,2004,13.0824499130249
mne,2005,13.5382299423218
mne,2006,14.000470161438
mne,2007,14.4821100234985
mne,2008,15.415060043335
mne,2009,15.3005895614624
mne,2010,15.4366302490234
mng,1996,8.97430992126465
mng,1997,9.2227897644043
mng,1998,9.64043045043945
mng,1999,9.79983997344971
mng,2000,10.2984600067139
mng,2001,11.0670204162598
mng,2002,11.4437799453735
mng,2003,12.0896196365356
mng,2004,12.6284103393555
mng,2005,13.5259799957275
mng,2006,13.8041801452637
mng,2009,15.0359897613525
mng,2010,15.3056802749634
mng,2015,15.5969896316528
moz,1973,1.70694994926453
moz,1977,3.51849007606506
moz,1982,3.70582008361816
moz,1985,3.47810006141663
moz,1987,3.41773009300232
moz,1992,2.93969011306763
moz,1993,2.92122006416321
moz,1994,2.99767994880676
moz,1995,3.20166993141174
moz,1999,4.48432016372681
moz,2004,6.52335977554321
moz,2005,7.07575988769531
moz,2006,7.42393016815186
moz,2007,7.96757984161377
moz,2008,8.40799999237061
moz,2009,8.62419986724854
moz,2010,8.83257007598876
moz,2011,8.64221954345703
moz,2012,8.55191993713379
moz,2013,9.0879602432251
moz,2014,9.06867980957031
moz,2015,9.10319042205811
mrt,1988,3.06946992874146
mrt,1989,3.01938009262085
mrt,1990,2.90206003189087
mrt,1991,3.08020997047424
mrt,1992,3.43922996520996
mrt,1993,3.94818997383118
mrt,1994,4.62996006011963
mrt,1995,4.80341005325317
mrt,1996,5.051109790802
mrt,1997,5.21688985824584
mrt,1998,5.80404996871948
mrt,1999,6.04831981658936
mrt,2001,6.15749979019165
mrt,2002,6.30375003814697
mrt,2003,6.47469997406006
mrt,2004,6.99949979782104
mrt,2005,7.09911012649536
mrt,2006,7.23548984527588
mrt,2008,7.04258012771606
mrt,2009,7.48166990280151
mrt,2010,7.58029985427856
mrt,2011,7.65378999710083
mrt,2012,7.99492979049683
mrt,2013,8.42148017883301
mrt,2015,8.79862022399902
mus,1971,7.67811012268066
mus,1972,7.98996019363403
mus,1973,8.10986042022705
mus,1974,8.24446964263916
mus,1975,8.36476039886475
mus,1976,8.52126026153564
mus,1977,9.05315971374512
mus,1978,9.12841987609863
mus,1979,8.92568016052246
mus,1980,8.89966011047363
mus,1981,9.18218994140625
mus,1982,9.20040988922119
mus,1983,9.3605899810791
mus,1984,9.16193008422852
mus,1985,9.50341033935547
mus,1986,9.73544025421143
mus,1987,9.96158027648926
mus,1988,10.1167297363281
mus,1989,10.3115997314453
mus,1990,10.490119934082
mus,1999,11.9977102279663
mus,2000,12.0762195587158
mus,2001,12.538459777832
mus,2002,12.5421600341797
mus,2003,12.7646503448486
mus,2004,12.9249496459961
mus,2005,13.3620100021362
mus,2006,13.6312398910522
mus,2007,13.8328895568848
mus,2008,13.9918804168701
mus,2009,14.2840404510498
mus,2010,14.4077301025391
mus,2011,14.666410446167
mus,2012,15.1722402572632
mus,2013,15.0362901687622
mus,2014,15.5018901824951
mus,2015,15.3668003082275
mwi,1980,3.83153009414673
mwi,1981,3.89270997047424
mwi,1982,4.17475986480713
mwi,1983,4.03464984893799
mwi,1984,3.82165002822876
mwi,1985,3.91689991950989
mwi,1986,3.9486300945282
mwi,1987,4.08481979370117
mwi,1988,4.08358001708984
mwi,1989,4.416100025177
mwi,1990,4.76932001113892
mwi,1991,4.98809003829956
mwi,1993,6.46053981781006
mwi,1994,6.85223007202148
mwi,1995,9.83257961273193
mwi,1996,9.67010974884033
mwi,1999,10.0000200271606
mwi,2000,9.54298973083496
mwi,2002,9.84041023254395
mwi,2004,9.51070022583008
mwi,2005,9.38778972625732
mwi,2006,9.54535007476807
mwi,2007,9.39912986755371
mwi,2010,10.4794998168945
mwi,2011,10.6805400848389
mys,1980,8.84498977661133
mys,1982,9.16779041290283
mys,1983,9.45847988128662
mys,1984,9.64136028289794
mys,1985,9.72686958312988
mys,1988,9.94521999359131
mys,1989,9.86338043212891
mys,1998,11.7281103134155
mys,1999,11.7617797851563
mys,2000,12.1809997558594
mys,2001,12.2670297622681
mys,2002,12.4762201309204
mys,2003,13.2239799499512
mys,2004,13.4296102523804
mys,2005,13.1268501281738
mys,2006,12.6884498596191
mys,2007,12.8684101104736
mys,2008,13.0509004592896
mys,2009,13.157039642334
mys,2010,13.3270702362061
mys,2011,13.1753101348877
mys,2012,13.3615798950195
mys,2013,13.5914497375488
mys,2014,13.5835695266724
mys,2015,13.437840461731
nac,1980,14.7902412414551
nac,1981,14.4219913482666
nac,1982,14.8200807571411
nac,1983,14.7320146560669
nac,1984,14.875599861145
nac,1985,14.8672790527344
nac,1986,15.0960731506348
nac,1987,15.294207572937
nac,1988,15.9489431381226
nac,1989,16.0645923614502
nac,1990,15.8954019546509
nac,1991,15.9989652633667
nac,1992,16.7738380432129
nac,1993,16.3986549377441
nac,1994,16.4383544921875
nac,1995,16.5126609802246
nac,1996,16.4479579925537
nac,1997,16.8338203430176
nac,1998,16.6818313598633
nac,1999,16.660400390625
nac,2000,16.0129661560059
nac,2001,16.2281436920166
nac,2002,16.2952003479004
nac,2003,16.5211505889893
nac,2004,16.6302146911621
nac,2005,16.7265872955322
nac,2006,16.7864799499512
nac,2007,16.9454975128174
nac,2008,17.0385112762451
nac,2009,17.2220516204834
nac,2010,17.3408012390137
nac,2011,17.4717216491699
nac,2012,17.4038753509521
nac,2013,17.2963829040527
nac,2014,17.2917613983154
nam,1991,11.5406904220581
nam,1994,12.3183603286743
nam,1995,12.0815496444702
nam,1997,11.7153196334839
nam,1998,11.9455099105835
nam,1999,11.6467695236206
nam,2001,11.9224300384521
nam,2002,11.8192901611328
nam,2003,11.8128900527954
nam,2005,11.5047197341919
nam,2006,11.3811597824097
ner,1971,0.537769973278046
ner,1972,0.55962997674942
ner,1973,0.588660001754761
ner,1974,0.64012998342514
ner,1975,0.689459979534149
ner,1976,0.790160000324249
ner,1977,0.88306999206543
ner,1978,0.962960004806519
ner,1979,1.04541003704071
ner,1980,1.11758995056152
ner,1981,1.20310997962952
ner,1989,1.41129004955292
ner,1990,1.45640003681183
ner,2003,2.50317001342773
ner,2004,2.78416991233826
ner,2005,3.00425004959106
ner,2006,3.13665008544922
ner,2007,3.26857995986938
ner,2008,3.5429699420929
ner,2009,3.77776002883911
ner,2010,4.16000986099243
ner,2011,4.42538976669312
ner,2012,4.68019008636475
nga,1986,6.50127983093262
nga,1987,6.37930011749268
nga,1989,5.93570995330811
nga,1999,6.85564994812012
nga,2000,7.12314987182617
nga,2001,6.96752977371216
nga,2004,8.03116035461426
nga,2005,8.15818977355957
nga,2010,7.89586019515991
nga,2011,8.17111015319824
nic,1970,5.06891012191772
nic,1971,5.39457988739014
nic,1972,5.38821983337402
nic,1973,5.5676097869873
nic,1975,5.96627998352051
nic,1977,6.34244012832642
nic,1982,7.95067977905273
nic,1983,8.53721046447754
nic,1984,8.13568019866943
nic,1985,8.43165969848633
nic,1986,8.12594985961914
nic,1987,8.3455696105957
nic,2002,11.3209400177002
nld,1971,10.8420400619507
nld,1972,11.0647497177124
nld,1975,11.4825201034546
nld,1976,11.8846998214722
nld,1977,12.0593299865723
nld,1978,12.2016000747681
nld,1979,12.2574501037598
nld,1980,12.4271001815796
nld,1981,12.5036096572876
nld,1982,12.5898303985596
nld,1983,12.6859302520752
nld,1984,12.8087100982666
nld,1985,12.8563804626465
nld,1986,13.9365701675415
nld,1987,14.0904903411865
nld,1988,14.1742000579834
nld,1989,14.2445602416992
nld,1990,14.392840385437
nld,1991,14.6525802612305
nld,1992,14.6108198165894
nld,1993,14.9701595306396
nld,1994,16.9085903167725
nld,1995,16.4641704559326
nld,1996,16.6589298248291
nld,1997,16.4226703643799
nld,1998,16.4315490722656
nld,1999,16.2864799499512
nld,2000,16.5477294921875
nld,2001,16.7342300415039
nld,2002,16.3474102020264
nld,2003,16.4683704376221
nld,2004,16.3436794281006
nld,2005,16.4555606842041
nld,2006,16.5645694732666
nld,2007,16.7215690612793
nld,2008,16.8773193359375
nld,2009,16.9868202209473
nld,2010,17.2410507202148
nld,2011,18.1865692138672
nld,2012,18.1705303192139
nor,1971,12.0160703659058
nor,1972,11.8233499526978
nor,1973,12.06715965271
nor,1974,12.1714200973511
nor,1975,12.2844295501709
nor,1976,12.2090101242065
nor,1977,12.4685001373291
nor,1978,12.5334300994873
nor,1979,12.7315702438354
nor,1980,12.9059495925903
nor,1981,12.9961099624634
nor,1982,13.1242504119873
nor,1983,13.2419996261597
nor,1984,13.3366603851318
nor,1985,13.3705196380615
nor,1986,13.4138298034668
nor,1987,13.4682197570801
nor,1988,13.5164604187012
nor,1989,13.7370100021362
nor,1990,14.2691497802734
nor,1991,14.5312995910645
nor,1992,14.79833984375
nor,1993,15.2489995956421
nor,1994,16.2800197601318
nor,1995,15.6961603164673
nor,1996,15.9350004196166
nor,1997,16.3134307861328
nor,1998,17.3210105895996
nor,1999,17.6642398834229
nor,2000,18.1904201507568
nor,2001,17.7463893890381
nor,2002,17.8134098052979
nor,2003,18.2283496856689
nor,2004,18.3935508728027
nor,2005,18.2113399505615
nor,2006,18.3131999969482
nor,2007,18.2547302246094
nor,2008,18.0687694549561
nor,2009,18.0721702575684
nor,2010,18.2516193389893
nor,2011,18.2567195892333
nor,2012,18.1651191711426
nor,2013,18.3754005432129
nor,2014,18.3066291809082
nor,2015,18.3337898254395
npl,1976,1.08898997306824
npl,1977,1.36415004730225
npl,1978,1.61654996871948
npl,1983,2.90854001045227
npl,1989,4.71008014678955
npl,1990,5.2180700302124
npl,1991,5.52370977401733
npl,2000,7.58029985427856
npl,2002,8.01632976531982
npl,2003,8.2276496887207
npl,2005,8.83388996124268
npl,2006,9.48437023162842
npl,2008,10.1740198135376
npl,2009,10.8635301589966
npl,2010,11.8942098617554
npl,2011,12.3626098632813
npl,2013,12.6634302139282
npl,2015,12.6175298690796
nru,2000,9.9241600036621
nru,2001,9.10161972045898
nru,2002,8.57118988037109
nru,2003,8.30300998687744
nru,2004,8.6932897567749
nru,2005,10.7316303253174
nru,2006,10.3787002563477
nru,2007,9.34523963928223
nru,2008,9.89078044891357
nzl,1970,12.5252704620361
nzl,1971,12.4954595565796
nzl,1972,12.6244602203369
nzl,1973,12.6251802444458
nzl,1974,12.724479675293
nzl,1975,12.9067697525024
nzl,1976,13.16748046875
nzl,1979,13.3004703521729
nzl,1980,13.2296600341797
nzl,1981,13.1744899749756
nzl,1982,13.195050239563
nzl,1983,13.3333501815796
nzl,1984,13.6255598068237
nzl,1985,13.6698398590088
nzl,1986,13.8022899627686
nzl,1987,13.9774703979492
nzl,1988,14.2520999908447
nzl,1989,14.4892501831055
nzl,1990,14.5143098831177
nzl,1991,14.9199304580688
nzl,1992,15.2973098754883
nzl,1993,16.1912498474121
nzl,1994,16.9316291809082
nzl,1995,17.0748691558838
nzl,1996,17.4985694885254
nzl,1997,17.9423694610596
nzl,1998,18.0532093048096
nzl,1999,17.8860893249512
nzl,2000,18.1825408935547
nzl,2002,19.1474208831787
nzl,2003,19.359130859375
nzl,2004,19.7975807189941
nzl,2005,19.996280670166
nzl,2006,19.9553298950195
nzl,2007,20.1626605987549
nzl,2008,20.024730682373
nzl,2009,20.932149887085
nzl,2010,20.5322303771973
nzl,2011,20.324239730835
nzl,2012,20.1383495330811
nzl,2013,20.0146503448486
nzl,2014,19.9599609375
nzl,2015,20.0527992248535
oed,1970,10.8435649871826
oed,1971,10.7993907928467
oed,1972,10.8781566619873
oed,1973,11.0982828140259
oed,1974,11.2390184402466
oed,1975,11.3823471069336
oed,1976,11.5677070617676
oed,1977,11.7501859664917
oed,1978,11.8499984741211
oed,1979,11.8556232452393
oed,1980,12.1971607208252
oed,1981,12.1909046173096
oed,1982,12.3301334381104
oed,1983,12.3713617324829
oed,1984,12.4968481063843
oed,1985,12.5659132003784
oed,1986,12.7430953979492
oed,1987,12.8843173980713
oed,1988,13.08655834198
oed,1989,13.1589670181274
oed,1990,13.1627264022827
oed,1991,13.3001194000244
oed,1992,13.5859069824219
oed,1993,13.7115564346313
oed,1994,13.9522151947021
oed,1995,14.1142463684082
oed,1996,14.2345085144043
oed,1997,14.4856462478638
oed,1998,14.5901546478271
oed,1999,14.737343788147
oed,2000,14.6851739883423
oed,2001,14.8626117706299
oed,2002,14.9674644470215
oed,2003,15.1356134414673
oed,2004,15.1492805480957
oed,2005,15.2659206390381
oed,2006,15.3228120803833
oed,2007,15.4312477111816
oed,2008,15.523962020874
oed,2009,15.6846675872803
oed,2010,15.8959636688232
oed,2011,16.0299034118652
oed,2012,16.0895919799805
oed,2013,16.4740409851074
oed,2014,16.5376815795898
omn,1978,1.79613995552063
omn,1979,2.05648994445801
omn,1980,2.17775988578796
omn,1981,2.5223400592804
omn,1982,2.87527990341187
omn,1983,3.38143992424011
omn,1984,3.93437004089355
omn,1985,4.65131998062134
omn,1986,5.11731004714966
omn,1987,5.67869997024536
omn,1988,6.20783996582031
omn,1989,6.7282600402832
omn,1990,7.1572699546814
omn,1991,7.78239011764526
omn,1992,8.36604022979736
omn,1993,8.89540958404541
omn,1994,9.28483009338379
omn,1995,9.55941963195801
omn,1996,9.70928001403809
omn,1997,9.88782024383544
omn,1998,10.0613698959351
pak,1971,1.8703099489212
pak,1972,1.90495002269745
pak,1973,2.0913999080658
pak,1974,2.1799099445343
pak,1975,2.26016998291016
pak,1976,2.33386993408203
pak,1977,2.35019993782043
pak,1978,2.32500004768372
pak,1979,2.30611991882324
pak,1980,2.3150200843811
pak,1986,2.75342988967896
pak,1987,2.84197998046875
pak,1988,2.92074990272522
pak,1990,3.00625991821289
pak,2006,5.92431020736694
pak,2007,6.46845006942749
pak,2008,6.57011985778809
pak,2009,6.80345010757446
pak,2011,6.83980989456177
pak,2012,6.97862005233765
pak,2013,7.01356983184814
pak,2014,7.38439989089966
pak,2015,7.46119022369385
pan,1970,8.73400020599365
pan,1971,9.614990234375
pan,1972,10.1596803665161
pan,1973,10.6791696548462
pan,1974,10.8193397521973
pan,1975,11.1205797195435
pan,1976,11.3749399185181
pan,1977,11.3666496276855
pan,1978,11.5374402999878
pan,1979,11.4519395828247
pan,1980,11.3127098083496
pan,1981,11.1430797576904
pan,1982,11.0733995437622
pan,1983,10.9551696777344
pan,1984,11.0785703659058
pan,1985,11.1132698059082
pan,1987,11.1082696914673
pan,1988,10.8390102386475
pan,1999,12.5795097351074
pan,2000,12.9186296463013
pan,2001,13.1769695281982
pan,2002,13.3416500091553
pan,2004,13.5398302078247
pan,2005,13.5402202606201
pan,2006,13.5450496673584
pan,2007,13.5032300949097
pan,2008,13.3197498321533
pan,2009,13.3193597793579
pan,2010,13.4047498703003
pan,2011,13.3140802383423
pan,2012,14.2447700500488
pan,2013,13.2312898635864
per,1970,8.09922027587891
per,1980,9.82940959930419
per,2001,13.8564395904541
per,2002,13.2238502502441
per,2003,12.7278604507446
per,2004,13.0107097625732
per,2005,13.016489982605
per,2006,13.219220161438
per,2010,13.5322599411011
phl,1981,10.9416904449463
phl,1982,10.7011499404907
phl,1998,11.459529876709
phl,1999,11.6546697616577
phl,2001,11.5644702911377
phl,2002,11.8669395446777
phl,2003,11.8684301376343
phl,2004,12.0017795562744
phl,2005,11.8171195983887
phl,2006,11.6749496459961
phl,2008,12.0208797454834
phl,2009,11.6913795471191
phl,2013,13.1069097518921
plw,2013,17.6394100189208
png,1984,3.57216000556946
png,1986,3.72322988510132
png,1995,4.68717002868652
png,1998,5.33396005630493
pol,1972,10.920729637146
pol,1973,11.0668601989746
pol,1974,11.2047100067139
pol,1989,12.4341402053833
pol,1990,12.4919996261597
pol,1991,12.4564800262451
pol,1992,12.4078998565674
pol,1993,12.9565801620483
pol,1994,13.2165699005127
pol,1995,13.2466697692871
pol,1996,13.5116996765137
pol,1997,14.0382795333862
pol,1998,14.5239896774291
pol,1999,14.9665298461914
pol,2000,15.1237897872925
pol,2001,15.4755802154541
pol,2002,15.8318500518799
pol,2003,15.9686098098755
pol,2004,15.430290222168
pol,2005,15.5726900100708
pol,2006,15.5689401626587
pol,2007,15.5931997299194
pol,2008,15.6504201889038
pol,2009,15.7570295333862
pol,2010,16.1433200836182
pol,2011,16.120080947876
pol,2012,16.2383995056152
pol,2013,17.2402896881104
pol,2014,16.949089050293
pri,2009,16.9899997711182
pri,2010,17.4424591064453
pri,2011,17.0852203369141
pri,2012,15.5689096450806
pri,2013,15.4906101226807
pri,2014,15.4258298873901
prk,2009,11.5331001281738
prk,2015,10.5831499099731
prt,1971,8.65223026275635
prt,1972,8.93521976470947
prt,1973,9.33040046691895
prt,1974,9.64006042480469
prt,1975,9.76488971710205
prt,1976,10.4079904556274
prt,1977,10.4355201721191
prt,1978,10.6602602005005
prt,1979,10.3097896575928
prt,1980,9.90449047088623
prt,1986,11.7297201156616
prt,1991,12.562219619751
prt,1993,14.628589630127
prt,1994,15.011079788208
prt,1995,15.3450002670288
prt,1996,15.872859954834
prt,1998,16.2709503173828
prt,1999,15.8370304107666
prt,2000,16.097620010376
prt,2001,16.4104690551758
prt,2002,16.2485008239746
prt,2003,16.3726997375488
prt,2004,15.9170904159546
prt,2005,15.9009799957275
prt,2006,15.8520097732544
prt,2007,16.0782108306885
prt,2008,16.2179698944092
prt,2009,16.2942199707031
prt,2010,16.3677501678467
prt,2011,16.4586696624756
prt,2012,16.4754505157471
prt,2013,16.7890205383301
prt,2014,16.5156402587891
prt,2015,16.3824291229248
pry,1970,6.87350988388062
pry,1993,9.36946964263916
pry,1996,10.281379699707
pry,1999,11.599100112915
pry,2000,11.8481502532959
pry,2001,12.2749004364014
pry,2002,12.8044004440308
pry,2003,12.2257499694824
pry,2004,12.3979902267456
pry,2005,12.1373701095581
pry,2007,12.0776395797729
pry,2008,12.3474197387695
pry,2009,12.7491102218628
pry,2010,12.6149797439575
pse,1996,10.0223598480225
pse,1997,10.475359916687
pse,1999,11.2129201889038
pse,2000,11.3076400756836
pse,2001,11.7601003646851
pse,2002,11.9652099609375
pse,2003,12.3708200454712
pse,2004,12.7814798355103
pse,2005,12.85964012146
pse,2006,13.2420902252197
pse,2007,13.7758502960205
pse,2008,13.8628301620483
pse,2009,13.8181295394897
pse,2010,13.9463500976563
pse,2011,13.9720001220703
pse,2012,13.8772096633911
pse,2013,13.6631603240967
pse,2014,13.6582403182983
pse,2015,13.6334295272827
qat,1971,8.18935012817383
qat,1976,12.4586296081543
qat,1977,12.074390411377
qat,1980,12.7438201904297
qat,1981,12.80006980896
qat,1982,12.7958097457886
qat,1983,13.1444997787476
qat,1984,12.2325897216797
qat,1985,13.1576299667358
qat,1986,13.2274198532104
qat,1987,13.0097999572754
qat,1988,12.8456897735596
qat,1989,12.9517002105713
qat,1990,13.0431699752808
qat,1991,12.6115102767944
qat,1992,12.4224996566772
qat,1993,13.0291299819946
qat,1994,13.2797498703003
qat,1995,13.4787197113037
qat,1996,13.8221397399902
qat,1998,13.8051795959473
qat,1999,14.000880241394
qat,2001,13.5719003677368
qat,2002,13.4249496459961
qat,2003,13.625280380249
qat,2004,13.3667602539063
qat,2005,13.5201902389526
qat,2007,13.2277002334595
qat,2008,13.4765195846558
qat,2009,13.6132097244263
qat,2010,13.7086200714111
qat,2014,13.6152896881104
qat,2015,14.0961799621582
rou,1971,10.3812503814697
rou,1972,10.3725204467773
rou,1973,10.3003396987915
rou,1974,10.3431196212769
rou,1989,11.7281904220581
rou,1990,11.7790699005127
rou,1991,10.9242897033691
rou,1992,10.4805402755737
rou,1993,10.2474899291992
rou,1994,10.252799987793
rou,1995,10.4247198104858
rou,1996,10.9219799041748
rou,1997,11.0309400558472
rou,1998,11.202449798584
rou,1999,11.7238798141479
rou,2000,11.8980798721313
rou,2001,12.2437295913696
rou,2002,12.7723703384399
rou,2003,13.2204103469849
rou,2004,13.7569999694824
rou,2005,14.0562696456909
rou,2006,14.4906301498413
rou,2007,15.1770601272583
rou,2008,15.9990301132202
rou,2009,16.4199905395508
rou,2010,16.286979675293
rou,2011,15.8373699188232
rou,2012,15.1175603866577
rou,2015,15.3602895736694
rus,2003,14.0990896224976
rus,2005,14.3359003067017
rus,2006,14.3532199859619
rus,2007,14.4456100463867
rus,2008,14.5171203613281
rus,2009,14.272629737854
rus,2011,14.8654804229736
rus,2012,15.0481100082397
rus,2013,15.2500600814819
rus,2014,15.2643299102783
rus,2015,15.7130298614502
rwa,1971,3.53291988372803
rwa,1977,3.5178599357605
rwa,1978,3.68022990226746
rwa,1980,4.57133007049561
rwa,1981,5.1420202255249
rwa,1984,5.11943006515503
rwa,1985,5.16884994506836
rwa,1986,5.22846984863281
rwa,1987,5.36245012283325
rwa,1988,5.43825006484985
rwa,1989,5.57030010223389
rwa,1990,5.54253005981445
rwa,2001,7.10762977600098
rwa,2002,7.48169994354248
rwa,2003,8.07168960571289
rwa,2004,8.74645042419434
rwa,2009,10.8028898239136
rwa,2010,11.0090503692627
rwa,2011,11.2338695526123
rwa,2012,11.3864698410034
rwa,2013,11.1525297164916
rwa,2014,11.100700378418
rwa,2015,10.6459903717041
sas,1970,3.74258065223694
sas,1971,3.72701692581177
sas,1972,3.84308218955994
sas,1973,4.02669763565063
sas,1974,4.02297782897949
sas,1975,4.10363960266113
sas,1976,4.12589979171753
sas,1977,4.24299335479736
sas,1978,4.14345550537109
sas,1979,4.23084878921509
sas,1980,4.34402704238892
sas,1981,4.49323081970215
sas,1982,4.58934545516968
sas,1983,4.83282518386841
sas,1984,4.92734050750732
sas,1985,5.02499723434448
sas,1986,5.21726322174072
sas,1987,5.19157743453979
sas,1988,5.3547158241272
sas,1989,5.46583843231201
sas,1990,5.60765552520752
sas,1991,5.83321475982666
sas,1992,6.02183389663696
sas,1993,6.28111410140991
sas,1994,6.42983913421631
sas,1995,6.45429372787476
sas,1996,6.54781627655029
sas,1997,6.66088771820068
sas,1998,6.65961170196533
sas,1999,6.72274160385132
sas,2000,6.9578537940979
sas,2001,7.04296970367432
sas,2002,7.32096147537231
sas,2003,8.08730888366699
sas,2004,8.26839065551758
sas,2005,8.58138179779053
sas,2006,8.83169841766357
sas,2007,9.17982292175293
sas,2008,9.52634048461914
sas,2009,9.64571189880371
sas,2010,9.96799087524414
sas,2011,10.3836097717285
sas,2012,10.7404842376709
sas,2013,11.086651802063
sas,2014,11.1140432357788
sau,1979,4.14335012435913
sau,2005,12.4919099807739
sau,2009,13.0012903213501
sau,2013,15.071439743042
sau,2014,15.2788200378418
sdn,2001,5.12569999694824
sdn,2002,5.33429002761841
sdn,2003,5.42040014266968
sdn,2004,5.73074007034302
sdn,2005,5.89924001693726
sdn,2006,6.15487003326416
sdn,2007,5.98137998580933
sdn,2008,6.47064018249512
sdn,2009,6.67068004608154
sdn,2010,6.68807983398438
sdn,2011,6.35425996780396
sdn,2012,6.6451301574707
sdn,2013,6.9655499458313
sen,1971,2.23293995857239
sen,1972,2.2774600982666
sen,1978,2.61944007873535
sen,1980,2.69933009147644
sen,1981,2.79339003562927
sen,1982,2.90425992012024
sen,1984,3.12261009216309
sen,1985,3.23281002044678
sen,1992,3.67487001419067
sen,2006,6.38798999786377
sen,2008,7.23192977905273
sen,2010,7.75122976303101
sen,2011,8.14748954772949
sen,2015,9.09871959686279
slb,1970,4.11971998214722
slb,1971,4.45984983444214
slb,1975,4.52966022491455
slb,1986,4.89925003051758
slb,1990,5.3730001449585
slb,1991,5.50399017333984
slb,1992,5.86782979965209
slb,1993,6.21331977844238
slb,1994,6.51907014846802
slb,1999,6.69563007354736
slb,2000,6.22731018066406
slb,2002,7.50979995727539
slb,2005,7.98251008987427
slb,2006,8.58815956115723
slb,2007,8.77869033813477
sle,1971,2.4801299571991
sle,1972,2.6182599067688
sle,1973,2.47268009185791
sle,1974,2.64172005653381
sle,1975,2.71312999725342
sle,1976,2.87889003753662
sle,1984,4.39157009124756
sle,1985,4.64661979675292
sle,2001,6.07156991958618
slv,1973,6.62591981887817
slv,1974,7.04231023788452
slv,1975,7.35375022888184
slv,1978,8.08185958862305
slv,1983,8.27787971496582
slv,1984,8.3276195526123
slv,1998,11.2477998733521
slv,1999,11.1742095947266
slv,2000,11.3856000900269
slv,2001,11.5527000427246
slv,2002,11.7742795944214
slv,2003,12.2109804153442
slv,2004,12.566969871521
slv,2005,12.7391796112061
slv,2006,12.7635498046875
slv,2007,13.4757404327393
slv,2008,12.7172403335571
slv,2009,12.7192296981812
slv,2010,12.8150901794434
slv,2011,12.9422397613525
slv,2012,13.0195903778076
slv,2013,13.2005100250244
slv,2014,13.0371103286743
slv,2015,12.7749500274658
smr,2010,16.5033206939697
smr,2011,15.8430204391479
smr,2012,15.6333103179932
som,1972,0.360870003700256
som,1976,1.61860001087189
srb,2001,13.4133596420288
srb,2002,13.2486696243286
srb,2003,13.4844303131104
srb,2004,13.5637102127075
srb,2005,13.8282499313354
srb,2006,13.9718399047852
srb,2007,13.9152402877808
srb,2008,14.0096101760864
srb,2009,13.9977102279663
srb,2010,13.8809900283813
srb,2011,14.4598999023438
srb,2012,14.5930500030518
srb,2013,14.7678003311157
srb,2014,14.8176698684692
srb,2015,15.0055198669434
ssa,1970,3.50025153160095
ssa,1971,3.54715466499329
ssa,1972,3.65796613693237
ssa,1973,3.73784780502319
ssa,1974,3.89111971855164
ssa,1975,4.01358318328857
ssa,1976,4.10963916778564
ssa,1977,4.33688831329346
ssa,1978,4.60270261764526
ssa,1979,4.91109371185303
ssa,1980,5.16056966781616
ssa,1981,5.43131637573242
ssa,1982,5.60623121261597
ssa,1983,5.61193561553955
ssa,1984,5.57562589645386
ssa,1985,5.53783988952637
ssa,1986,5.43390226364136
ssa,1987,5.40878486633301
ssa,1988,5.34692192077637
ssa,1989,5.40556287765503
ssa,1990,5.35067367553711
ssa,1991,5.46336698532104
ssa,1992,5.45997285842896
ssa,1993,5.51915597915649
ssa,1994,5.53895235061646
ssa,1995,5.61187887191772
ssa,1996,5.53899812698364
ssa,1997,5.75639867782593
ssa,1998,5.91939449310303
ssa,1999,6.03863334655762
ssa,2000,6.23107147216797
ssa,2001,6.4123363494873
ssa,2002,6.62397003173828
ssa,2003,6.90557432174683
ssa,2004,7.16266822814941
ssa,2005,7.42932844161987
ssa,2006,7.68788480758667
ssa,2007,7.81285858154297
ssa,2008,8.07682037353516
ssa,2009,8.27060031890869
ssa,2010,8.4079008102417
ssa,2011,8.52755165100098
ssa,2012,8.62215995788574
ssa,2013,8.68231201171875
ssa,2014,8.74083232879639
ssf,1970,3.50106763839722
ssf,1971,3.54801797866821
ssf,1972,3.65882277488709
ssf,1973,3.73871731758118
ssf,1974,3.89198756217957
ssf,1975,4.01441335678101
ssf,1976,4.11031913757324
ssf,1977,4.33774375915527
ssf,1978,4.60339689254761
ssf,1979,4.91172981262207
ssf,1980,5.16116523742676
ssf,1981,5.43194818496704
ssf,1982,5.60692691802979
ssf,1983,5.61262321472168
ssf,1984,5.57644414901733
ssf,1985,5.53852033615112
ssf,1986,5.43459129333496
ssf,1987,5.40945100784302
ssf,1988,5.34757804870605
ssf,1989,5.40618848800659
ssf,1990,5.3514199256897
ssf,1991,5.46396636962891
ssf,1992,5.46055555343628
ssf,1993,5.51972675323486
ssf,1994,5.53953313827515
ssf,1995,5.61242532730103
ssf,1996,5.53954935073853
ssf,1997,5.75696659088135
ssf,1998,5.91988515853882
ssf,1999,6.03914356231689
ssf,2000,6.23155498504639
ssf,2001,6.41276073455811
ssf,2002,6.6243577003479
ssf,2003,6.90593576431274
ssf,2004,7.16299629211426
ssf,2005,7.42967987060547
ssf,2006,7.68823575973511
ssf,2007,7.81319284439087
ssf,2008,8.07714080810547
ssf,2009,8.27089786529541
ssf,2010,8.40817928314209
ssf,2011,8.5278434753418
ssf,2012,8.62241077423096
ssf,2013,8.68258190155029
ssf,2014,8.7411642074585
stp,1971,4.79070997238159
stp,1972,5.88050985336304
stp,1977,6.76153993606567
stp,1988,7.47105979919434
stp,2003,9.7348804473877
stp,2004,9.87609004974365
stp,2005,10.0557203292847
stp,2007,10.3854703903198
stp,2008,10.0610904693604
stp,2009,10.7230195999146
stp,2010,10.5115098953247
stp,2012,11.0784797668457
stp,2014,11.9569597244263
stp,2015,13.0722503662109
sur,1986,13.7168397903442
sur,1987,12.9020700454712
sur,1988,12.9162797927856
sur,1989,13.2316198348999
sur,1990,12.7729396820068
sur,2002,11.7319002151489
svk,1993,11.9270095825195
svk,1994,12.0265598297119
svk,1995,12.2444000244141
svk,1996,12.3978500366211
svk,1997,12.4908599853516
svk,1998,13.0314798355103
svk,1999,13.1872396469116
svk,2000,13.3957996368408
svk,2001,13.3976097106934
svk,2002,13.7314395904541
svk,2003,13.9506597518921
svk,2004,14.2230596542358
svk,2005,14.5545301437378
svk,2006,14.9173603057861
svk,2007,15.3229198455811
svk,2008,15.5735597610474
svk,2009,15.6766700744629
svk,2010,15.677339553833
svk,2011,15.6134004592896
svk,2012,15.6304702758789
svk,2013,15.6427698135376
svk,2014,15.5158596038818
svn,1993,12.4114599227905
svn,1994,12.5816402435303
svn,1995,12.9086198806763
svn,1996,13.1620101928711
svn,1997,13.5106801986694
svn,1998,14.0939598083496
svn,1999,15.0516395568848
svn,2000,15.3635196685791
svn,2001,16.145149230957
svn,2002,16.7229309082031
svn,2003,17.0862007141113
svn,2004,16.8509197235107
svn,2005,17.3426303863525
svn,2006,17.5789203643799
svn,2007,17.62327003479
svn,2008,17.6680698394775
svn,2009,17.7136096954346
svn,2010,17.8393898010254
svn,2011,17.8904304504395
svn,2012,17.6805801391602
svn,2013,18.4085693359375
svn,2014,18.0713901519775
swe,1971,11.7372903823853
swe,1972,11.2892599105835
swe,1973,11.9978303909302
swe,1974,11.9567604064941
swe,1975,12.0781402587891
swe,1976,12.2175903320313
swe,1977,12.2503004074097
swe,1978,12.5374002456665
swe,1979,12.8802700042725
swe,1980,12.9807500839233
swe,1985,12.9935703277588
swe,1987,12.8956499099731
swe,1988,12.9901599884033
swe,1989,13.0608396530151
swe,1990,13.1558704376221
swe,1991,13.2932300567627
swe,1992,13.5531597137451
swe,1993,15.7629995346069
swe,1994,16.2101993560791
swe,1995,16.681510925293
swe,1996,17.2029304504395
swe,1997,18.1735897064208
swe,1998,20.1361598968506
swe,1999,20.3589000701904
swe,2000,20.4702796936035
swe,2001,20.5877799987793
swe,2002,20.1891708374023
swe,2003,20.0830993652344
swe,2004,16.8425006866455
swe,2005,16.6691207885742
swe,2006,16.6030807495117
swe,2007,16.5068702697754
swe,2008,16.5419692993164
swe,2009,16.5650100708008
swe,2010,16.7411708831787
swe,2011,16.5806293487549
swe,2012,16.610689163208
swe,2013,19.5033493041992
swe,2014,19.5659294128418
swe,2015,19.8801097869873
swz,1970,6.22122001647949
swz,1972,6.6833701133728
swz,1976,7.63012981414795
swz,1977,7.85749006271362
swz,1999,9.17395973205566
swz,2000,9.01626014709473
swz,2002,8.90764999389648
swz,2004,9.42208003997803
swz,2005,9.66310024261475
swz,2006,10.1685800552368
swz,2011,10.8560304641724
swz,2013,11.0384702682495
syc,1970,8.50971984863281
syc,1971,8.90139961242676
syc,1972,9.085129737854
syc,1973,9.37862014770508
syc,1974,9.68017959594727
syc,1975,9.69641971588135
syc,1976,8.81262016296387
syc,1978,9.57190036773682
syc,1979,9.57365036010742
syc,1980,9.66543006896973
syc,1981,10.3072204589844
syc,1982,11.1986703872681
syc,1983,11.3337497711182
syc,1985,11.6367597579956
syc,1986,11.6400499343872
syc,1987,11.4692096710205
syc,1988,11.4002704620361
syc,1989,11.2842502593994
syc,1991,11.5151100158691
syc,1992,11.6224899291992
syc,1993,11.7869997024536
syc,1994,12.1137800216675
syc,1995,11.9158601760864
syc,1996,12.0549602508545
syc,1998,12.0694599151611
syc,1999,12.6384296417236
syc,2000,12.7054796218872
syc,2001,11.9842300415039
syc,2002,12.3830900192261
syc,2003,12.5639200210571
syc,2004,12.5331296920776
syc,2005,13.3597497940063
syc,2006,11.8146696090698
syc,2007,13.7047996520996
syc,2008,13.8887796401978
syc,2009,13.8471803665161
syc,2010,13.8411502838135
syc,2011,12.2786302566528
syc,2012,13.3876104354858
syc,2013,13.4590501785278
syc,2014,14.8991403579712
syc,2015,14.7820596694946
syr,1971,4.90380001068115
syr,1972,5.29706001281738
syr,1973,5.78176021575928
syr,1974,6.09065008163452
syr,1975,6.30961990356445
syr,1976,6.57936000823975
syr,1977,6.76932001113892
syr,1978,6.96101999282837
syr,1979,7.16505002975464
syr,1980,7.40563011169434
syr,1981,7.68656015396118
syr,1982,7.90317010879517
syr,1983,8.17300033569335
syr,1984,8.50881004333496
syr,1985,8.90773010253906
syr,1986,9.22772026062012
syr,1987,9.47661018371582
syr,1988,9.46592998504639
syr,1989,9.3298397064209
syr,1990,9.27420997619629
syr,1991,9.32231044769287
syr,1992,9.26607036590576
syr,1993,9.28166961669922
syr,1994,9.18795967102051
syr,1995,9.03868007659912
syr,2002,9.88770008087158
syr,2003,10.3345603942871
syr,2004,10.706130027771
syr,2005,11.1763896942139
syr,2006,11.3099002838135
syr,2007,11.4665498733521
syr,2008,11.6230802536011
syr,2009,11.6274700164795
syr,2010,11.8385696411133
syr,2011,12.369779586792
syr,2012,12.9111404418945
syr,2013,8.97463035583496
tcd,1971,0.990429997444153
tcd,1972,0.972739994525909
tcd,1974,1.01783001422882
tcd,1985,1.28203999996185
tcd,1996,2.16825008392333
tcd,1997,2.53971004486083
tcd,1998,2.91820001602173
tcd,2000,3.37401008605957
tcd,2001,3.65091991424561
tcd,2002,3.92201995849609
tcd,2003,4.0691499710083
tcd,2004,4.13395023345947
tcd,2005,4.05503988265991
tcd,2008,4.76222991943359
tcd,2009,5.07971000671387
tcd,2010,5.17440986633301
tcd,2011,5.78886985778809
tgo,1972,3.12875008583069
tgo,1973,3.34859991073608
tgo,1974,3.59978008270264
tgo,1975,3.84594011306763
tgo,1976,4.36732006072998
tgo,1977,4.82342004776
tgo,1978,5.41498994827271
tgo,1979,5.99989986419678
tgo,1980,6.36308002471924
tgo,1982,6.29212999343872
tgo,1983,5.85374021530151
tgo,1984,5.09432983398438
tgo,1987,4.78545999526978
tgo,1988,4.92322015762329
tgo,1990,5.35209989547729
tgo,1991,5.6190299987793
tgo,1992,5.32017993927002
tgo,1994,5.34466981887817
tgo,1995,6.0342698097229
tgo,1996,6.42063999176025
tgo,2000,7.49115991592407
tgo,2001,7.81146001815796
tgo,2003,8.20962047576904
tgo,2004,8.36746978759766
tgo,2005,8.50660037994385
tgo,2006,8.9153299331665
tgo,2007,8.44235038757324
tha,1976,6.87009000778198
tha,1977,6.9923300743103
tha,1978,7.04785013198853
tha,1993,9.16672039031982
tha,2001,11.573450088501
tha,2002,11.7952299118041
tha,2004,12.3084297180176
tha,2005,12.5449104309082
tha,2006,12.5296297073364
tha,2007,13.2801198959351
tha,2008,13.2906799316406
tha,2009,13.4976100921631
tha,2010,13.6917695999146
tha,2011,14.0809803009033
tha,2012,14.0134296417236
tha,2013,14.0767698287964
tha,2014,16.6121807098389
tha,2015,15.9534101486206
tjk,1999,8.72972965240479
tjk,2000,8.78761959075928
tjk,2001,8.77190017700195
tjk,2002,9.05908966064453
tjk,2003,9.50152015686035
tjk,2004,9.56560039520264
tjk,2005,9.70223045349121
tjk,2006,9.7920799255371
tjk,2007,9.85317039489746
tjk,2008,10.1925096511841
tjk,2009,10.2813396453857
tjk,2010,10.2790603637695
tjk,2011,10.3149299621582
tjk,2012,10.4541997909546
tjk,2013,10.5646295547485
tkm,2014,10.5520696640015
tls,2009,11.8940296173096
tls,2010,12.9201202392578
ton,1970,11.7173204421997
ton,1978,12.5144395828247
ton,1981,13.5651597976685
ton,1984,14.3221397399902
ton,1985,13.9169502258301
ton,1999,14.0934801101685
ton,2002,14.0084896087646
tto,1971,10.6104497909546
tto,1972,10.5139598846436
tto,1973,10.2568197250366
tto,1977,10.7425003051758
tto,1982,11.1067304611206
tto,1983,11.2882699966431
tto,1984,11.0838804244995
tto,1985,11.1008396148682
tto,1987,11.3697500228882
tto,1989,11.3416795730591
tto,1991,11.0952501296997
tto,1992,10.9828996658325
tto,1993,11.0214700698853
tto,2004,12.4659700393677
tun,1971,6.02275991439819
tun,1972,5.81239986419678
tun,1973,5.48715019226074
tun,1974,5.33580017089844
tun,1975,5.56398010253906
tun,1976,5.73707008361816
tun,1977,5.98081016540527
tun,1978,6.28365993499756
tun,1979,6.45850992202759
tun,1980,6.64261007308959
tun,1981,6.77421998977661
tun,1982,7.17424011230469
tun,1983,7.69760990142822
tun,1984,8.09393978118896
tun,1985,8.4712495803833
tun,1986,8.81472969055176
tun,1987,8.92088031768799
tun,1988,9.02993011474609
tun,1989,9.21026992797852
tun,1990,9.46063995361328
tun,1991,9.64037990570068
tun,1992,9.84150981903076
tun,1993,10.1356801986694
tun,1994,10.6747703552246
tun,1995,10.9817399978638
tun,1996,11.2645301818848
tun,1997,11.3692302703857
tun,1999,12.5260801315308
tun,2000,12.9623699188232
tun,2001,13.2844495773315
tun,2002,13.4623498916626
tun,2003,13.7317895889282
tun,2005,14.4578199386597
tun,2006,14.6363201141357
tun,2008,14.8484201431274
tun,2009,14.8618402481079
tun,2010,14.9806900024414
tun,2011,15.094820022583
tur,1971,5.47114992141724
tur,1972,5.62425994873047
tur,1973,5.79355001449584
tur,1974,5.95878982543945
tur,1976,6.136549949646
tur,1977,6.21808004379272
tur,1978,6.20295000076294
tur,1979,6.24877023696899
tur,1982,6.37242984771729
tur,1984,6.95901012420654
tur,1986,7.21849012374878
tur,1987,7.29393005371094
tur,1988,7.48287010192871
tur,1989,7.50650978088379
tur,1990,7.63684988021851
tur,1991,7.76126003265381
tur,1992,7.89951992034912
tur,1993,8.04088020324707
tur,1994,8.25988960266113
tur,1995,8.38033008575439
tur,1997,8.49835968017578
tur,1999,9.32966041564941
tur,2001,10.2514600753784
tur,2002,10.6222801208496
tur,2003,10.7718801498413
tur,2004,10.8324203491211
tur,2005,10.9897403717041
tur,2006,11.4126501083374
tur,2007,11.7045803070068
tur,2008,11.7808399200439
tur,2009,12.3499298095703
tur,2010,13.1919803619385
tur,2011,13.7257099151611
tur,2012,13.8759098052979
tur,2013,15.8685398101807
tur,2014,16.354700088501
tur,2015,16.6898498535156
tuv,2001,11.5997104644775
tza,1970,1.95761001110077
tza,1971,2.0381600856781
tza,1972,2.16868996620178
tza,1973,2.34951996803284
tza,1974,2.58975005149841
tza,1975,3.23549008369446
tza,1976,3.94182991981506
tza,1977,4.53390979766846
tza,1978,5.91096019744873
tza,1979,6.24245023727416
tza,1982,6.92118978500366
tza,1983,6.89361000061035
tza,1985,5.82028007507324
tza,1986,5.66134977340698
tza,1987,5.48425006866455
tza,1991,5.45018005371094
tza,1992,5.37417984008789
tza,1993,5.40957021713257
tza,1994,5.34582996368408
tza,1995,5.30896997451782
tza,1996,5.25862979888916
tza,1997,5.30038976669312
tza,2010,8.78491973876953
tza,2012,8.70685958862305
tza,2013,8.22867012023926
uga,1975,2.68883991241455
uga,1976,2.86749005317687
uga,1977,3.06612992286682
uga,1979,3.31994009017944
uga,1981,3.65036010742188
uga,1982,4.18087005615234
uga,1986,5.25128984451294
uga,1990,4.93097019195557
uga,1992,4.41589021682739
uga,1994,5.16750001907349
uga,2004,10.5893898010254
ukr,1994,12.3582000732422
ukr,1999,13.4869298934937
ukr,2000,13.3761596679688
ukr,2001,14.1134595870972
ukr,2002,14.580189704895
ukr,2003,14.8883895874023
ukr,2004,14.7781801223755
ukr,2005,14.7838697433472
ukr,2006,15.147310256958
ukr,2007,15.2796802520752
ukr,2008,15.2961101531982
ukr,2009,15.3204002380371
ukr,2010,15.3030595779419
ukr,2011,15.3032598495483
ukr,2012,15.438159942627
ukr,2013,15.4858198165894
ukr,2014,15.5295696258545
umc,1975,8.24431991577148
umc,1976,8.53872966766357
umc,1977,8.82219982147217
umc,1978,8.94791984558105
umc,1979,8.84924030303955
umc,1980,8.74295997619629
umc,1981,8.74470043182373
umc,1982,8.65622043609619
umc,1983,8.67625999450684
umc,1984,8.81694030761719
umc,1985,9.08388042449951
umc,1986,9.37633991241455
umc,1987,9.53693008422852
umc,1988,9.710280418396
umc,1989,9.68854999542236
umc,1990,9.69334983825684
umc,1991,9.72472953796387
umc,1992,9.77422046661376
umc,1993,9.76025009155273
umc,1994,9.73976039886475
umc,1995,9.89700984954833
umc,1996,10.0487804412842
umc,1997,10.1496095657349
umc,1998,10.3047399520874
umc,1999,10.5409002304077
umc,2000,10.8274297714233
umc,2001,10.9413499832153
umc,2002,11.1818799972534
umc,2003,11.4077100753784
umc,2004,11.7143001556396
umc,2005,12.0042495727539
umc,2006,12.2382097244263
umc,2007,12.5374603271484
umc,2008,12.8345098495483
umc,2009,13.0312900543213
umc,2010,13.2099895477295
umc,2011,13.3755302429199
umc,2012,13.6013498306274
umc,2013,14.0036897659302
umc,2014,14.2093496322632
umc,2015,14.3701400756836
ury,1979,10.9774398803711
ury,1998,15.0902395248413
ury,1999,14.8177099227905
ury,2000,15.0371398925781
ury,2001,15.4982900619507
ury,2002,15.9497699737549
ury,2003,16.5070495605469
ury,2004,16.5211601257324
ury,2005,16.1530799865723
ury,2006,16.2415409088135
ury,2007,16.4358291625977
ury,2008,16.6361808776855
ury,2009,16.6634693145752
ury,2010,16.6284408569336
usa,1981,14.3870000839233
usa,1982,14.7601203918457
usa,1983,14.6448097229004
usa,1984,14.7782897949219
usa,1985,14.7527599334717
usa,1986,15.0124502182007
usa,1987,15.1889400482178
usa,1990,15.7797403335571
usa,1991,15.8567304611206
usa,1993,16.3329792022705
usa,1994,16.3664703369141
usa,1995,16.4457302093506
usa,1996,16.3689098358154
usa,1998,16.7154407501221
usa,2000,15.9914102554321
usa,2001,16.2353992462158
usa,2002,16.3160400390625
usa,2003,16.5704898834229
usa,2004,16.6959800720215
usa,2005,16.8090896606445
usa,2006,16.8619709014893
usa,2007,17.03125
usa,2008,17.132230758667
usa,2009,17.3213806152344
usa,2010,17.4522705078125
usa,2011,17.5916194915771
usa,2012,17.4761390686035
usa,2013,17.3489799499512
usa,2014,17.3453102111816
uzb,1999,10.4682302474976
uzb,2000,10.5809602737427
uzb,2003,11.3877000808716
uzb,2004,11.4383201599121
uzb,2005,11.5762901306152
uzb,2006,11.5953302383423
uzb,2007,11.7945404052734
uzb,2008,11.6901302337646
uzb,2009,11.8120803833008
uzb,2010,11.8380498886108
uzb,2011,11.802209854126
uzb,2012,11.9322900772095
uzb,2013,11.9058704376221
uzb,2014,11.9204301834106
uzb,2015,11.9493503570557
uzb,2016,12.0720500946045
vct,1986,12.1076698303223
vct,1987,12.2455396652222
vct,2000,13.274040222168
vct,2001,13.1267499923706
vct,2002,13.1202602386475
vct,2003,13.5244398117065
vct,2004,13.4305200576782
ven,1986,10.4969301223755
ven,1987,10.6533403396606
ven,1988,10.591139793396
ven,1989,10.6082601547241
ven,2000,10.8865900039673
ven,2002,11.847279548645
ven,2003,11.8408203125
ven,2008,15.1134796142578
vnm,1976,8.11725044250488
vnm,1977,8.37073040008544
vnm,1998,9.75489044189453
vut,1999,9.40511989593506
vut,2000,10.1226902008057
vut,2002,10.1720399856567
vut,2003,10.334810256958
vut,2004,10.2401895523071
wld,1970,6.76092004776
wld,1971,6.79764986038208
wld,1972,6.894859790802
wld,1973,7.07816982269287
wld,1974,7.11162996292114
wld,1975,7.31490993499756
wld,1976,7.47964000701904
wld,1977,7.65578985214233
wld,1978,7.73614978790283
wld,1979,7.72766017913818
wld,1980,7.77578020095825
wld,1981,7.82260990142822
wld,1982,7.82902002334595
wld,1983,7.89666986465454
wld,1984,7.95916986465454
wld,1985,8.07089042663574
wld,1986,8.2160701751709
wld,1987,8.2817497253418
wld,1988,8.3971004486084
wld,1989,8.41499996185303
wld,1990,8.41926002502441
wld,1991,8.51723003387451
wld,1992,8.60459995269775
wld,1993,8.68570041656494
wld,1994,8.76058959960938
wld,1995,8.84862995147705
wld,1996,8.93455982208251
wld,1997,9.06542015075684
wld,1998,9.13031005859375
wld,1999,9.24777030944824
wld,2000,9.39688968658447
wld,2001,9.48225975036621
wld,2002,9.66075038909912
wld,2003,9.98931980133057
wld,2004,10.1666898727416
wld,2005,10.3891000747681
wld,2006,10.5574502944946
wld,2007,10.783109664917
wld,2008,11.0250701904297
wld,2009,11.1713895797729
wld,2010,11.3965396881104
wld,2011,11.6112604141235
wld,2012,11.8538398742676
wld,2013,12.118860244751
wld,2014,12.2208795547485
wld,2015,12.2948598861694
wsm,1970,9.03437995910645
wsm,1975,10.8034801483154
wsm,1977,11.1021499633789
wsm,1998,12.4902000427246
wsm,1999,12.4201498031616
wsm,2000,12.3810596466064
yem,1999,4.77525997161865
yem,2003,6.06280994415283
yem,2004,6.3641300201416
yem,2005,6.60337018966675
yem,2008,6.91463994979858
yem,2010,7.2113299369812
yem,2011,7.56963014602661
zaf,1989,11.2421598434448
zaf,1990,11.506739616394
zaf,1991,12.1121997833252
zaf,1994,13.1448001861572
zaf,2012,13.4074296951294
zaf,2014,14.0866203308105
zmb,1970,5.98258018493652
zmb,1974,6.447509765625
zmb,1979,6.61995983123779
zmb,1981,6.68727016448975
zmb,1982,6.74701023101807
zmb,1988,7.22123003005981
zwe,1983,10.0381898880005
zwe,1984,10.5752696990967
zwe,1986,10.8753595352173
zwe,1992,9.34904956817626
zwe,1999,9.40104961395264
zwe,2000,9.43309020996094
zwe,2001,9.7152795791626
zwe,2002,9.25247955322266
zwe,2003,8.9671802520752
zwe,2012,10.2540702819824
zwe,2013,10.1798095703125
