country,year,sp_pop_0014_ma_in
abw,1970,11227.0
abw,1971,10941.0
abw,1972,10693.0
abw,1973,10442.0
abw,1974,10140.0
abw,1975,9771.0
abw,1976,9537.0
abw,1977,9211.0
abw,1978,8824.0
abw,1979,8455.0
abw,1980,8161.0
abw,1981,8020.0
abw,1982,7958.0
abw,1983,7959.0
abw,1984,7971.0
abw,1985,7931.0
abw,1986,8001.0
abw,1987,7967.0
abw,1988,7882.0
abw,1989,7863.0
abw,1990,8016.0
abw,1991,8160.0
abw,1992,8475.0
abw,1993,8890.0
abw,1994,9269.0
abw,1995,9527.0
abw,1996,9913.0
abw,1997,10181.0
abw,1998,10361.0
abw,1999,10516.0
abw,2000,10675.0
abw,2001,10752.0
abw,2002,10821.0
abw,2003,10863.0
abw,2004,10846.0
abw,2005,10782.0
abw,2006,10795.0
abw,2007,10803.0
abw,2008,10813.0
abw,2009,10818.0
abw,2010,10816.0
abw,2011,10671.0
abw,2012,10502.0
abw,2013,10307.0
abw,2014,10112.0
abw,2015,9940.0
abw,2016,9738.0
afg,1970,2500443.0
afg,1971,2586012.0
afg,1972,2670592.0
afg,1973,2752541.0
afg,1974,2828915.0
afg,1975,2895936.0
afg,1976,2971911.0
afg,1977,3041295.0
afg,1978,3095246.0
afg,1979,3120758.0
afg,1980,3108311.0
afg,1981,3084506.0
afg,1982,3032367.0
afg,1983,2964752.0
afg,1984,2901803.0
afg,1985,2861857.0
afg,1986,2828047.0
afg,1987,2807139.0
afg,1988,2818221.0
afg,1989,2885340.0
afg,1990,3027113.0
afg,1991,3215575.0
afg,1992,3465236.0
afg,1993,3748182.0
afg,1994,4017801.0
afg,1995,4235769.0
afg,1996,4428537.0
afg,1997,4577779.0
afg,1998,4702525.0
afg,1999,4839421.0
afg,2000,5018100.0
afg,2001,5224742.0
afg,2002,5459334.0
afg,2003,5706477.0
afg,2004,5939125.0
afg,2005,6135501.0
afg,2006,6354940.0
afg,2007,6545864.0
afg,2008,6717432.0
afg,2009,6886070.0
afg,2010,7064712.0
afg,2011,7211629.0
afg,2012,7355870.0
afg,2013,7491378.0
afg,2014,7609957.0
afg,2015,7705172.0
afg,2016,7799417.0
ago,1970,1551047.0
ago,1971,1589051.0
ago,1972,1630981.0
ago,1973,1676746.0
ago,1974,1724810.0
ago,1975,1774359.0
ago,1976,1836492.0
ago,1977,1898247.0
ago,1978,1961348.0
ago,1979,2027942.0
ago,1980,2099196.0
ago,1981,2186742.0
ago,1982,2275155.0
ago,1983,2362868.0
ago,1984,2446880.0
ago,1985,2524295.0
ago,1986,2607557.0
ago,1987,2684949.0
ago,1988,2758408.0
ago,1989,2831308.0
ago,1990,2906954.0
ago,1991,3004010.0
ago,1992,3100065.0
ago,1993,3194720.0
ago,1994,3286316.0
ago,1995,3372805.0
ago,1996,3470724.0
ago,1997,3562744.0
ago,1998,3652919.0
ago,1999,3747116.0
ago,2000,3850506.0
ago,2001,3979313.0
ago,2002,4115195.0
ago,2003,4258300.0
ago,2004,4407435.0
ago,2005,4561469.0
ago,2006,4738108.0
ago,2007,4916734.0
ago,2008,5098723.0
ago,2009,5285323.0
ago,2010,5476843.0
ago,2011,5687344.0
ago,2012,5898038.0
ago,2013,6108688.0
ago,2014,6318119.0
ago,2015,6524722.0
ago,2016,6737022.0
alb,1970,447728.0
alb,1971,454771.0
alb,1972,462234.0
alb,1973,468817.0
alb,1974,474279.0
alb,1975,478786.0
alb,1976,483560.0
alb,1977,487125.0
alb,1978,489368.0
alb,1979,491430.0
alb,1980,494493.0
alb,1981,497893.0
alb,1982,502484.0
alb,1983,507727.0
alb,1984,513401.0
alb,1985,519405.0
alb,1986,525846.0
alb,1987,533625.0
alb,1988,540962.0
alb,1989,551301.0
alb,1990,554000.0
alb,1991,552018.0
alb,1992,547633.0
alb,1993,541560.0
alb,1994,536024.0
alb,1995,533026.0
alb,1996,518471.0
alb,1997,507738.0
alb,1998,499236.0
alb,1999,490479.0
alb,2000,479693.0
alb,2001,466692.0
alb,2002,454482.0
alb,2003,440333.0
alb,2004,425658.0
alb,2005,411090.0
alb,2006,395037.0
alb,2007,379817.0
alb,2008,365608.0
alb,2009,352647.0
alb,2010,341151.0
alb,2011,323611.0
alb,2012,308154.0
alb,2013,294065.0
alb,2014,281127.0
alb,2015,269306.0
alb,2016,264717.0
arb,1970,28157005.0
arb,1971,28895200.0
arb,1972,29632144.0
arb,1973,30388598.0
arb,1974,31191868.0
arb,1975,32060428.0
arb,1976,33002357.0
arb,1977,34010222.0
arb,1978,35065209.0
arb,1979,36139291.0
arb,1980,37211399.0
arb,1981,38271554.0
arb,1982,39322560.0
arb,1983,40371016.0
arb,1984,41420407.0
arb,1985,42501205.0
arb,1986,43603381.0
arb,1987,44701649.0
arb,1988,45774897.0
arb,1989,46781481.0
arb,1990,48214419.0
arb,1991,49156341.0
arb,1992,49663184.0
arb,1993,50436656.0
arb,1994,51121597.0
arb,1995,51933944.0
arb,1996,52423002.0
arb,1997,52841556.0
arb,1998,53201091.0
arb,1999,53536869.0
arb,2000,53889162.0
arb,2001,54266882.0
arb,2002,54670193.0
arb,2003,55095809.0
arb,2004,55553964.0
arb,2005,56039926.0
arb,2006,56555594.0
arb,2007,57105782.0
arb,2008,57706323.0
arb,2009,58370063.0
arb,2010,59103458.0
arb,2011,59911888.0
arb,2012,60800893.0
arb,2013,61742343.0
are,1970,43568.0
are,1971,47637.0
are,1972,53078.0
are,1973,60246.0
are,1974,69499.0
are,1975,81016.0
are,1976,91717.0
are,1977,104215.0
are,1978,118922.0
are,1979,134470.0
are,1980,148938.0
are,1981,164563.0
are,1982,178833.0
are,1983,193003.0
are,1984,208552.0
are,1985,226398.0
are,1986,240704.0
are,1987,254549.0
are,1988,268308.0
are,1989,281627.0
are,1990,294010.0
are,1991,303605.0
are,1992,313817.0
are,1993,324175.0
are,1994,333865.0
are,1995,342806.0
are,1996,355659.0
are,1997,368079.0
are,1998,383683.0
are,1999,403297.0
are,2000,425535.0
are,2001,408854.0
are,2002,394308.0
are,2003,390277.0
are,2004,403534.0
are,2005,435947.0
are,2006,449583.0
are,2007,475776.0
are,2008,511135.0
are,2009,544972.0
are,2010,566011.0
are,2011,603813.0
are,2012,620590.0
are,2013,626891.0
are,2014,633314.0
are,2015,643820.0
are,2016,656819.0
arg,1970,3563361.0
arg,1971,3611052.0
arg,1972,3665605.0
arg,1973,3725459.0
arg,1974,3788700.0
arg,1975,3854311.0
arg,1976,3935410.0
arg,1977,4024941.0
arg,1978,4120269.0
arg,1979,4216378.0
arg,1980,4310196.0
arg,1981,4417180.0
arg,1982,4504523.0
arg,1983,4580947.0
arg,1984,4658862.0
arg,1985,4742875.0
arg,1986,4802060.0
arg,1987,4879594.0
arg,1988,4961976.0
arg,1989,5029681.0
arg,1990,5074558.0
arg,1991,5124272.0
arg,1992,5149239.0
arg,1993,5157834.0
arg,1994,5164766.0
arg,1995,5177098.0
arg,1996,5193163.0
arg,1997,5210062.0
arg,1998,5228724.0
arg,1999,5248003.0
arg,2000,5267548.0
arg,2001,5279112.0
arg,2002,5299407.0
arg,2003,5323320.0
arg,2004,5343827.0
arg,2005,5357739.0
arg,2006,5379721.0
arg,2007,5390355.0
arg,2008,5395784.0
arg,2009,5405747.0
arg,2010,5424891.0
arg,2011,5444634.0
arg,2012,5474453.0
arg,2013,5509382.0
arg,2014,5540734.0
arg,2015,5563874.0
arg,2016,5588155.0
arm,1970,509445.0
arm,1971,506918.0
arm,1972,505426.0
arm,1973,504104.0
arm,1974,501467.0
arm,1975,496922.0
arm,1976,493941.0
arm,1977,488673.0
arm,1978,482904.0
arm,1979,479177.0
arm,1980,478618.0
arm,1981,480801.0
arm,1982,485850.0
arm,1983,492971.0
arm,1984,500829.0
arm,1985,508668.0
arm,1986,518016.0
arm,1987,527927.0
arm,1988,536557.0
arm,1989,541158.0
arm,1990,539325.0
arm,1991,532877.0
arm,1992,520698.0
arm,1993,505020.0
arm,1994,489332.0
arm,1995,476157.0
arm,1996,460944.0
arm,1997,447693.0
arm,1998,435494.0
arm,1999,423067.0
arm,2000,409874.0
arm,2001,392426.0
arm,2002,376468.0
arm,2003,361825.0
arm,2004,348314.0
arm,2005,335790.0
arm,2006,325827.0
arm,2007,316223.0
arm,2008,307814.0
arm,2009,301857.0
arm,2010,299090.0
arm,2011,298949.0
arm,2012,300324.0
arm,2013,302975.0
arm,2014,306156.0
arm,2015,309146.0
arm,2016,310873.0
atg,1970,13779.0
atg,1971,13874.0
atg,1972,13914.0
atg,1973,13917.0
atg,1974,13898.0
atg,1975,13862.0
atg,1976,13755.0
atg,1977,13612.0
atg,1978,13420.0
atg,1979,13162.0
atg,1980,12844.0
atg,1981,12407.0
atg,1982,12013.0
atg,1983,11644.0
atg,1984,11274.0
atg,1985,10907.0
atg,1986,10587.0
atg,1987,10274.0
atg,1988,10069.0
atg,1989,10059.0
atg,1990,10257.0
atg,1991,10259.0
atg,1992,10402.0
atg,1993,10623.0
atg,1994,10845.0
atg,1995,11029.0
atg,1996,11125.0
atg,1997,11290.0
atg,1998,11529.0
atg,1999,11820.0
atg,2000,12126.0
atg,2001,12245.0
atg,2002,12319.0
atg,2003,12380.0
atg,2004,12469.0
atg,2005,12590.0
atg,2006,12630.0
atg,2007,12668.0
atg,2008,12691.0
atg,2009,12686.0
atg,2010,12646.0
atg,2011,12605.0
atg,2012,12540.0
atg,2013,12457.0
atg,2014,12377.0
atg,2015,12309.0
atg,2016,12264.0
aus,1970,1865799.0
aus,1971,1912134.0
aus,1972,1929511.0
aus,1973,1939583.0
aus,1974,1965240.0
aus,1975,1959693.0
aus,1976,1956457.0
aus,1977,1942536.0
aus,1978,1923223.0
aus,1979,1905996.0
aus,1980,1899819.0
aus,1981,1890888.0
aus,1982,1897824.0
aus,1983,1904839.0
aus,1984,1907010.0
aus,1985,1906413.0
aus,1986,1921145.0
aus,1987,1922588.0
aus,1988,1921186.0
aus,1989,1925437.0
aus,1990,1934239.0
aus,1991,1940378.0
aus,1992,1954467.0
aus,1993,1969259.0
aus,1994,1984389.0
aus,1995,1998533.0
aus,1996,2018700.0
aus,1997,2031822.0
aus,1998,2041623.0
aus,1999,2054234.0
aus,2000,2068858.0
aus,2001,2073974.0
aus,2002,2076629.0
aus,2003,2079498.0
aus,2004,2080781.0
aus,2005,2086717.0
aus,2006,2092259.0
aus,2007,2083594.0
aus,2008,2108448.0
aus,2009,2137204.0
aus,2010,2154921.0
aus,2011,2183990.0
aus,2012,2213847.0
aus,2013,2241767.0
aus,2014,2269364.0
aus,2015,2301923.0
aus,2016,2340659.0
aut,1970,937875.0
aut,1971,940170.0
aut,1972,939121.0
aut,1973,933505.0
aut,1974,921175.0
aut,1975,902612.0
aut,1976,880818.0
aut,1977,860524.0
aut,1978,838413.0
aut,1979,814757.0
aut,1980,792317.0
aut,1981,773277.0
aut,1982,753777.0
aut,1983,733919.0
aut,1984,716784.0
aut,1985,701623.0
aut,1986,691026.0
aut,1987,679235.0
aut,1988,668760.0
aut,1989,663811.0
aut,1990,665851.0
aut,1991,673540.0
aut,1992,688109.0
aut,1993,704450.0
aut,1994,716378.0
aut,1995,722017.0
aut,1996,722264.0
aut,1997,716691.0
aut,1998,707119.0
aut,1999,698018.0
aut,2000,691415.0
aut,2001,684952.0
aut,2002,681977.0
aut,2003,680364.0
aut,2004,678306.0
aut,2005,673977.0
aut,2006,668196.0
aut,2007,658907.0
aut,2008,648370.0
aut,2009,638588.0
aut,2010,631065.0
aut,2011,624931.0
aut,2012,621423.0
aut,2013,620662.0
aut,2014,621949.0
aut,2015,625795.0
aut,2016,633131.0
aze,1970,1160668.0
aze,1971,1167810.0
aze,1972,1173779.0
aze,1973,1176722.0
aze,1974,1174188.0
aze,1975,1165721.0
aze,1976,1156187.0
aze,1977,1142079.0
aze,1978,1125428.0
aze,1979,1109691.0
aze,1980,1097128.0
aze,1981,1090495.0
aze,1982,1088757.0
aze,1983,1091748.0
aze,1984,1098833.0
aze,1985,1109677.0
aze,1986,1131749.0
aze,1987,1156124.0
aze,1988,1181128.0
aze,1989,1205851.0
aze,1990,1215819.0
aze,1991,1241374.0
aze,1992,1265358.0
aze,1993,1288182.0
aze,1994,1306922.0
aze,1995,1319814.0
aze,1996,1324731.0
aze,1997,1324903.0
aze,1998,1320148.0
aze,1999,1309812.0
aze,2000,1294838.0
aze,2001,1266230.0
aze,2002,1237207.0
aze,2003,1207992.0
aze,2004,1179511.0
aze,2005,1152394.0
aze,2006,1133783.0
aze,2007,1114777.0
aze,2008,1108021.0
aze,2009,1106301.0
aze,2010,1102584.0
aze,2011,1108780.0
aze,2012,1123410.0
aze,2013,1143982.0
aze,2014,1165591.0
aze,2015,1184662.0
aze,2016,1211503.0
bdi,1970,779796.0
bdi,1971,793387.0
bdi,1972,802587.0
bdi,1973,809137.0
bdi,1974,815938.0
bdi,1975,825404.0
bdi,1976,836789.0
bdi,1977,851122.0
bdi,1978,867981.0
bdi,1979,886359.0
bdi,1980,905875.0
bdi,1981,934901.0
bdi,1982,963664.0
bdi,1983,994074.0
bdi,1984,1028246.0
bdi,1985,1066831.0
bdi,1986,1111008.0
bdi,1987,1157698.0
bdi,1988,1204271.0
bdi,1989,1246884.0
bdi,1990,1283169.0
bdi,1991,1334256.0
bdi,1992,1378108.0
bdi,1993,1415382.0
bdi,1994,1447440.0
bdi,1995,1475131.0
bdi,1996,1496064.0
bdi,1997,1513857.0
bdi,1998,1530661.0
bdi,1999,1549530.0
bdi,2000,1573101.0
bdi,2001,1585609.0
bdi,2002,1603806.0
bdi,2003,1627472.0
bdi,2004,1656006.0
bdi,2005,1688879.0
bdi,2006,1728154.0
bdi,2007,1771782.0
bdi,2008,1818976.0
bdi,2009,1868789.0
bdi,2010,1920840.0
bdi,2011,1990840.0
bdi,2012,2059818.0
bdi,2013,2129764.0
bdi,2014,2203309.0
bdi,2015,2281602.0
bdi,2016,2362651.0
bel,1970,1164497.0
bel,1971,1155651.0
bel,1972,1149466.0
bel,1973,1141269.0
bel,1974,1130320.0
bel,1975,1115892.0
bel,1976,1099799.0
bel,1977,1079934.0
bel,1978,1058041.0
bel,1979,1036833.0
bel,1980,1017936.0
bel,1981,998441.0
bel,1982,981771.0
bel,1983,967803.0
bel,1984,955133.0
bel,1985,943412.0
bel,1986,935142.0
bel,1987,927113.0
bel,1988,921912.0
bel,1989,919100.0
bel,1990,918252.0
bel,1991,917381.0
bel,1992,919895.0
bel,1993,924419.0
bel,1994,928291.0
bel,1995,929872.0
bel,1996,930275.0
bel,1997,928775.0
bel,1998,925504.0
bel,1999,922633.0
bel,2000,921162.0
bel,2001,917146.0
bel,2002,916266.0
bel,2003,916613.0
bel,2004,917193.0
bel,2005,918333.0
bel,2006,921844.0
bel,2007,925400.0
bel,2008,929341.0
bel,2009,933966.0
bel,2010,940342.0
bel,2011,955052.0
bel,2012,962390.0
bel,2013,967408.0
bel,2014,971158.0
bel,2015,980023.0
bel,2016,989284.0
ben,1970,616187.0
ben,1971,635852.0
ben,1972,655211.0
ben,1973,674551.0
ben,1974,694165.0
ben,1975,714278.0
ben,1976,737511.0
ben,1977,761049.0
ben,1978,784940.0
ben,1979,809130.0
ben,1980,833638.0
ben,1981,861596.0
ben,1982,889410.0
ben,1983,917410.0
ben,1984,945997.0
ben,1985,975443.0
ben,1986,1008166.0
ben,1987,1041111.0
ben,1988,1074896.0
ben,1989,1110268.0
ben,1990,1147752.0
ben,1991,1187849.0
ben,1992,1229347.0
ben,1993,1271508.0
ben,1994,1313069.0
ben,1995,1353047.0
ben,1996,1398405.0
ben,1997,1441566.0
ben,1998,1483401.0
ben,1999,1525234.0
ben,2000,1567954.0
ben,2001,1614070.0
ben,2002,1660406.0
ben,2003,1706656.0
ben,2004,1752273.0
ben,2005,1796927.0
ben,2006,1847549.0
ben,2007,1897336.0
ben,2008,1946570.0
ben,2009,1995683.0
ben,2010,2045059.0
ben,2011,2098385.0
ben,2012,2151158.0
ben,2013,2203639.0
ben,2014,2256134.0
ben,2015,2308715.0
ben,2016,2364111.0
bfa,1970,1235299.0
bfa,1971,1266603.0
bfa,1972,1295702.0
bfa,1973,1323500.0
bfa,1974,1351503.0
bfa,1975,1380649.0
bfa,1976,1417928.0
bfa,1977,1456323.0
bfa,1978,1495798.0
bfa,1979,1536149.0
bfa,1980,1577532.0
bfa,1981,1627579.0
bfa,1982,1677171.0
bfa,1983,1727033.0
bfa,1984,1777908.0
bfa,1985,1829833.0
bfa,1986,1887327.0
bfa,1987,1944517.0
bfa,1988,2001492.0
bfa,1989,2058136.0
bfa,1990,2114320.0
bfa,1991,2175462.0
bfa,1992,2235978.0
bfa,1993,2295905.0
bfa,1994,2355387.0
bfa,1995,2414698.0
bfa,1996,2483131.0
bfa,1997,2550571.0
bfa,1998,2618013.0
bfa,1999,2686702.0
bfa,2000,2757334.0
bfa,2001,2837974.0
bfa,2002,2919116.0
bfa,2003,3001374.0
bfa,2004,3085400.0
bfa,2005,3171697.0
bfa,2006,3269517.0
bfa,2007,3368212.0
bfa,2008,3467876.0
bfa,2009,3568139.0
bfa,2010,3668599.0
bfa,2011,3777536.0
bfa,2012,3884594.0
bfa,2013,3990371.0
bfa,2014,4095540.0
bfa,2015,4200146.0
bfa,2016,4307075.0
bgd,1970,14825679.0
bgd,1971,15197473.0
bgd,1972,15495328.0
bgd,1973,15749677.0
bgd,1974,16019652.0
bgd,1975,16348802.0
bgd,1976,16769194.0
bgd,1977,17212748.0
bgd,1978,17675946.0
bgd,1979,18138073.0
bgd,1980,18583181.0
bgd,1981,19073571.0
bgd,1982,19525627.0
bgd,1983,19954747.0
bgd,1984,20382275.0
bgd,1985,20816486.0
bgd,1986,21279560.0
bgd,1987,21734523.0
bgd,1988,22169257.0
bgd,1989,22561302.0
bgd,1990,22896895.0
bgd,1991,23233582.0
bgd,1992,23516859.0
bgd,1993,23756526.0
bgd,1994,23969009.0
bgd,1995,24164382.0
bgd,1996,24357080.0
bgd,1997,24526507.0
bgd,1998,24671101.0
bgd,1999,24787559.0
bgd,2000,24874271.0
bgd,2001,25021900.0
bgd,2002,25137166.0
bgd,2003,25212528.0
bgd,2004,25237338.0
bgd,2005,25203673.0
bgd,2006,25220790.0
bgd,2007,25181036.0
bgd,2008,25102237.0
bgd,2009,25013158.0
bgd,2010,24932768.0
bgd,2011,24774253.0
bgd,2012,24642688.0
bgd,2013,24520516.0
bgd,2014,24383577.0
bgd,2015,24221006.0
bgd,2016,24054586.0
bgr,1970,993874.0
bgr,1971,992762.0
bgr,1972,991684.0
bgr,1973,992213.0
bgr,1974,995251.0
bgr,1975,997251.0
bgr,1976,1001804.0
bgr,1977,1007009.0
bgr,1978,1007547.0
bgr,1979,1007261.0
bgr,1980,1008349.0
bgr,1981,1010209.0
bgr,1982,1009389.0
bgr,1983,1006371.0
bgr,1984,1002480.0
bgr,1985,995876.0
bgr,1986,983835.0
bgr,1987,975800.0
bgr,1988,967438.0
bgr,1989,943690.0
bgr,1990,909933.0
bgr,1991,886416.0
bgr,1992,856645.0
bgr,1993,825677.0
bgr,1994,798478.0
bgr,1995,772571.0
bgr,1996,745903.0
bgr,1997,721315.0
bgr,1998,698556.0
bgr,1999,677173.0
bgr,2000,656129.0
bgr,2001,623183.0
bgr,2002,591960.0
bgr,2003,570956.0
bgr,2004,551899.0
bgr,2005,534986.0
bgr,2006,526092.0
bgr,2007,517610.0
bgr,2008,510645.0
bgr,2009,506306.0
bgr,2010,504313.0
bgr,2011,505409.0
bgr,2012,507310.0
bgr,2013,510100.0
bgr,2014,513520.0
bgr,2015,516917.0
bgr,2016,516500.0
bhr,1970,47726.0
bhr,1971,48446.0
bhr,1972,49022.0
bhr,1973,49773.0
bhr,1974,51065.0
bhr,1975,53088.0
bhr,1976,54556.0
bhr,1977,56768.0
bhr,1978,59344.0
bhr,1979,61623.0
bhr,1980,63146.0
bhr,1981,65230.0
bhr,1982,66839.0
bhr,1983,68271.0
bhr,1984,69924.0
bhr,1985,72054.0
bhr,1986,74370.0
bhr,1987,76742.0
bhr,1988,79222.0
bhr,1989,81545.0
bhr,1990,83323.0
bhr,1991,85037.0
bhr,1992,86021.0
bhr,1993,86502.0
bhr,1994,86783.0
bhr,1995,87226.0
bhr,1996,89138.0
bhr,1997,90977.0
bhr,1998,93706.0
bhr,1999,97930.0
bhr,2000,103732.0
bhr,2001,104700.0
bhr,2002,106370.0
bhr,2003,109247.0
bhr,2004,113509.0
bhr,2005,118954.0
bhr,2006,119995.0
bhr,2007,122507.0
bhr,2008,125688.0
bhr,2009,128163.0
bhr,2010,129007.0
bhr,2011,133436.0
bhr,2012,135763.0
bhr,2013,137766.0
bhr,2014,141220.0
bhr,2015,146896.0
bhr,2016,147878.0
bhs,1970,36182.0
bhs,1971,36477.0
bhs,1972,36918.0
bhs,1973,37444.0
bhs,1974,37949.0
bhs,1975,38383.0
bhs,1976,38875.0
bhs,1977,39098.0
bhs,1978,39177.0
bhs,1979,39343.0
bhs,1980,39707.0
bhs,1981,39771.0
bhs,1982,40253.0
bhs,1983,40943.0
bhs,1984,41522.0
bhs,1985,41832.0
bhs,1986,42287.0
bhs,1987,42321.0
bhs,1988,42128.0
bhs,1989,42057.0
bhs,1990,42300.0
bhs,1991,42471.0
bhs,1992,43090.0
bhs,1993,43908.0
bhs,1994,44504.0
bhs,1995,44658.0
bhs,1996,44913.0
bhs,1997,44692.0
bhs,1998,44234.0
bhs,1999,43917.0
bhs,2000,43974.0
bhs,2001,43493.0
bhs,2002,43280.0
bhs,2003,43185.0
bhs,2004,43014.0
bhs,2005,42685.0
bhs,2006,42844.0
bhs,2007,42894.0
bhs,2008,42665.0
bhs,2009,42136.0
bhs,2010,41417.0
bhs,2011,41471.0
bhs,2012,41252.0
bhs,2013,40982.0
bhs,2014,40861.0
bhs,2015,40940.0
bhs,2016,41073.0
bih,1970,675142.0
bih,1971,672786.0
bih,1972,672949.0
bih,1973,673764.0
bih,1974,672542.0
bih,1975,668147.0
bih,1976,660851.0
bih,1977,650589.0
bih,1978,638733.0
bih,1979,627859.0
bih,1980,619402.0
bih,1981,611591.0
bih,1982,606255.0
bih,1983,602445.0
bih,1984,598458.0
bih,1985,593371.0
bih,1986,589512.0
bih,1987,585467.0
bih,1988,579709.0
bih,1989,570173.0
bih,1990,555000.0
bih,1991,532312.0
bih,1992,505651.0
bih,1993,477751.0
bih,1994,452975.0
bih,1995,434872.0
bih,1996,421433.0
bih,1997,413904.0
bih,1998,410262.0
bih,1999,406945.0
bih,2000,401426.0
bih,2001,393571.0
bih,2002,382200.0
bih,2003,368683.0
bih,2004,355689.0
bih,2005,344751.0
bih,2006,332785.0
bih,2007,324661.0
bih,2008,318560.0
bih,2009,311469.0
bih,2010,302029.0
bih,2011,296677.0
bih,2012,287829.0
bih,2013,277467.0
bih,2014,268893.0
bih,2015,263823.0
bih,2016,257682.0
blr,1970,1322142.0
blr,1971,1297686.0
blr,1972,1275348.0
blr,1973,1253967.0
blr,1974,1231970.0
blr,1975,1208401.0
blr,1976,1189932.0
blr,1977,1168079.0
blr,1978,1146417.0
blr,1979,1129180.0
blr,1980,1120008.0
blr,1981,1117262.0
blr,1982,1123603.0
blr,1983,1136177.0
blr,1984,1149402.0
blr,1985,1160140.0
blr,1986,1174529.0
blr,1987,1186096.0
blr,1988,1190153.0
blr,1989,1192069.0
blr,1990,1190238.0
blr,1991,1186464.0
blr,1992,1179198.0
blr,1993,1167476.0
blr,1994,1148770.0
blr,1995,1125663.0
blr,1996,1091526.0
blr,1997,1058784.0
blr,1998,1025322.0
blr,1999,989301.0
blr,2000,949215.0
blr,2001,913505.0
blr,2002,875073.0
blr,2003,836667.0
blr,2004,802615.0
blr,2005,774795.0
blr,2006,754614.0
blr,2007,739275.0
blr,2008,729146.0
blr,2009,724309.0
blr,2010,724282.0
blr,2011,729862.0
blr,2012,740015.0
blr,2013,754292.0
blr,2014,770713.0
blr,2015,787570.0
blr,2016,804667.0
blz,1970,29019.0
blz,1971,29778.0
blz,1972,30450.0
blz,1973,31034.0
blz,1974,31555.0
blz,1975,32029.0
blz,1976,32424.0
blz,1977,32745.0
blz,1978,33017.0
blz,1979,33347.0
blz,1980,33817.0
blz,1981,34238.0
blz,1982,34880.0
blz,1983,35671.0
blz,1984,36492.0
blz,1985,37258.0
blz,1986,38206.0
blz,1987,39068.0
blz,1988,39852.0
blz,1989,40570.0
blz,1990,41215.0
blz,1991,41836.0
blz,1992,42427.0
blz,1993,43028.0
blz,1994,43743.0
blz,1995,44675.0
blz,1996,45624.0
blz,1997,46753.0
blz,1998,48072.0
blz,1999,49493.0
blz,2000,50881.0
blz,2001,52065.0
blz,2002,53132.0
blz,2003,54075.0
blz,2004,54928.0
blz,2005,55732.0
blz,2006,56240.0
blz,2007,56731.0
blz,2008,57184.0
blz,2009,57588.0
blz,2010,57936.0
blz,2011,58179.0
blz,2012,58442.0
blz,2013,58685.0
blz,2014,58877.0
blz,2015,59024.0
blz,2016,59358.0
bol,1970,962004.0
bol,1971,982838.0
bol,1972,1003434.0
bol,1973,1024139.0
bol,1974,1045110.0
bol,1975,1066399.0
bol,1976,1091623.0
bol,1977,1116970.0
bol,1978,1142346.0
bol,1979,1167401.0
bol,1980,1191812.0
bol,1981,1219661.0
bol,1982,1246064.0
bol,1983,1271280.0
bol,1984,1295574.0
bol,1985,1318910.0
bol,1986,1343815.0
bol,1987,1367395.0
bol,1988,1389783.0
bol,1989,1411093.0
bol,1990,1431400.0
bol,1991,1452744.0
bol,1992,1472968.0
bol,1993,1492231.0
bol,1994,1510770.0
bol,1995,1528740.0
bol,1996,1548990.0
bol,1997,1568204.0
bol,1998,1586528.0
bol,1999,1604002.0
bol,2000,1620510.0
bol,2001,1638872.0
bol,2002,1655469.0
bol,2003,1670636.0
bol,2004,1684709.0
bol,2005,1697778.0
bol,2006,1710678.0
bol,2007,1722618.0
bol,2008,1733360.0
bol,2009,1742461.0
bol,2010,1749702.0
bol,2011,1756942.0
bol,2012,1762028.0
bol,2013,1765529.0
bol,2014,1768462.0
bol,2015,1771496.0
bol,2016,1776017.0
bra,1970,20209417.0
bra,1971,20548156.0
bra,1972,20878057.0
bra,1973,21194942.0
bra,1974,21491219.0
bra,1975,21768774.0
bra,1976,22094299.0
bra,1977,22412689.0
bra,1978,22728340.0
bra,1979,23049200.0
bra,1980,23380984.0
bra,1981,23810698.0
bra,1982,24230027.0
bra,1983,24641074.0
bra,1984,25038170.0
bra,1985,25409927.0
bra,1986,25796020.0
bra,1987,26130863.0
bra,1988,26419028.0
bra,1989,26666301.0
bra,1990,26874006.0
bra,1991,27001669.0
bra,1992,27115018.0
bra,1993,27199539.0
bra,1994,27240647.0
bra,1995,27238152.0
bra,1996,27224913.0
bra,1997,27179498.0
bra,1998,27104660.0
bra,1999,27006829.0
bra,2000,26888092.0
bra,2001,26807483.0
bra,2002,26674589.0
bra,2003,26507714.0
bra,2004,26327988.0
bra,2005,26143088.0
bra,2006,25913959.0
bra,2007,25697691.0
bra,2008,25480611.0
bra,2009,25244011.0
bra,2010,24984510.0
bra,2011,24719835.0
bra,2012,24458333.0
bra,2013,24195656.0
bra,2014,23930440.0
bra,2015,23663708.0
bra,2016,23466769.0
brb,1970,44521.0
brb,1971,43344.0
brb,1972,42482.0
brb,1973,41741.0
brb,1974,40835.0
brb,1975,39646.0
brb,1976,39340.0
brb,1977,38637.0
brb,1978,37953.0
brb,1979,37678.0
brb,1980,37827.0
brb,1981,36863.0
brb,1982,36240.0
brb,1983,35797.0
brb,1984,35299.0
brb,1985,34666.0
brb,1986,34196.0
brb,1987,33558.0
brb,1988,32852.0
brb,1989,32248.0
brb,1990,31814.0
brb,1991,31374.0
brb,1992,31118.0
brb,1993,30981.0
brb,1994,30861.0
brb,1995,30709.0
brb,1996,30581.0
brb,1997,30418.0
brb,1998,30245.0
brb,1999,30107.0
brb,2000,30015.0
brb,2001,29626.0
brb,2002,29348.0
brb,2003,29150.0
brb,2004,28978.0
brb,2005,28810.0
brb,2006,28692.0
brb,2007,28569.0
brb,2008,28463.0
brb,2009,28414.0
brb,2010,28434.0
brb,2011,28253.0
brb,2012,28173.0
brb,2013,28159.0
brb,2014,28159.0
brb,2015,28141.0
brb,2016,27972.0
brn,1970,28566.0
brn,1971,29401.0
brn,1972,30356.0
brn,1973,31393.0
brn,1974,32445.0
brn,1975,33472.0
brn,1976,34726.0
brn,1977,35790.0
brn,1978,36747.0
brn,1979,37664.0
brn,1980,38532.0
brn,1981,39632.0
brn,1982,40751.0
brn,1983,41861.0
brn,1984,42925.0
brn,1985,43928.0
brn,1986,44220.0
brn,1987,44502.0
brn,1988,44856.0
brn,1989,45362.0
brn,1990,46022.0
brn,1991,47097.0
brn,1992,48173.0
brn,1993,49221.0
brn,1994,50119.0
brn,1995,50758.0
brn,1996,51471.0
brn,1997,51878.0
brn,1998,52072.0
brn,1999,52197.0
brn,2000,52336.0
brn,2001,52277.0
brn,2002,52219.0
brn,2003,52230.0
brn,2004,52224.0
brn,2005,52081.0
brn,2006,52334.0
brn,2007,52292.0
brn,2008,52149.0
brn,2009,52060.0
brn,2010,52035.0
brn,2011,51687.0
brn,2012,51428.0
brn,2013,51215.0
brn,2014,50989.0
brn,2015,50726.0
brn,2016,50766.0
btn,1970,64646.0
btn,1971,67171.0
btn,1972,69631.0
btn,1973,72056.0
btn,1974,74509.0
btn,1975,77014.0
btn,1976,79935.0
btn,1977,82823.0
btn,1978,85622.0
btn,1979,88240.0
btn,1980,90610.0
btn,1981,93565.0
btn,1982,96129.0
btn,1983,98519.0
btn,1984,101083.0
btn,1985,104026.0
btn,1986,107629.0
btn,1987,111689.0
btn,1988,115559.0
btn,1989,118250.0
btn,1990,119079.0
btn,1991,119832.0
btn,1992,118937.0
btn,1993,117187.0
btn,1994,115868.0
btn,1995,115905.0
btn,1996,115374.0
btn,1997,115891.0
btn,1998,117196.0
btn,1999,118729.0
btn,2000,120096.0
btn,2001,119523.0
btn,2002,118797.0
btn,2003,118003.0
btn,2004,117169.0
btn,2005,116220.0
btn,2006,115880.0
btn,2007,115315.0
btn,2008,114610.0
btn,2009,113796.0
btn,2010,112877.0
btn,2011,112539.0
btn,2012,111879.0
btn,2013,111055.0
btn,2014,110265.0
btn,2015,109601.0
btn,2016,109156.0
bwa,1970,167571.0
bwa,1971,172518.0
bwa,1972,177675.0
bwa,1973,183184.0
bwa,1974,189190.0
bwa,1975,195789.0
bwa,1976,202782.0
bwa,1977,210302.0
bwa,1978,218216.0
bwa,1979,226303.0
bwa,1980,234384.0
bwa,1981,243472.0
bwa,1982,252419.0
bwa,1983,261129.0
bwa,1984,269457.0
bwa,1985,277241.0
bwa,1986,284886.0
bwa,1987,291524.0
bwa,1988,297354.0
bwa,1989,302710.0
bwa,1990,307748.0
bwa,1991,312016.0
bwa,1992,316277.0
bwa,1993,320105.0
bwa,1994,322894.0
bwa,1995,324361.0
bwa,1996,326942.0
bwa,1997,328103.0
bwa,1998,328193.0
bwa,1999,327771.0
bwa,2000,327167.0
bwa,2001,327492.0
bwa,2002,327536.0
bwa,2003,327532.0
bwa,2004,327665.0
bwa,2005,328120.0
bwa,2006,328370.0
bwa,2007,329243.0
bwa,2008,330678.0
bwa,2009,332581.0
bwa,2010,334933.0
bwa,2011,338018.0
bwa,2012,341570.0
bwa,2013,345541.0
bwa,2014,349794.0
bwa,2015,354142.0
bwa,2016,358836.0
caf,1970,369331.0
caf,1971,380008.0
caf,1972,389874.0
caf,1973,399299.0
caf,1974,408762.0
caf,1975,418628.0
caf,1976,430083.0
caf,1977,441528.0
caf,1978,453292.0
caf,1979,465741.0
caf,1980,479095.0
caf,1981,494377.0
caf,1982,510296.0
caf,1983,526318.0
caf,1984,541539.0
caf,1985,555277.0
caf,1986,572639.0
caf,1987,588172.0
caf,1988,602618.0
caf,1989,617139.0
caf,1990,632537.0
caf,1991,648578.0
caf,1992,664806.0
caf,1993,680955.0
caf,1994,696508.0
caf,1995,711049.0
caf,1996,728645.0
caf,1997,745218.0
caf,1998,760729.0
caf,1999,775165.0
caf,2000,788582.0
caf,2001,806835.0
caf,2002,823375.0
caf,2003,838561.0
caf,2004,852887.0
caf,2005,866545.0
caf,2006,885445.0
caf,2007,903507.0
caf,2008,919648.0
caf,2009,932323.0
caf,2010,940523.0
caf,2011,954371.0
caf,2012,964481.0
caf,2013,972244.0
caf,2014,980041.0
caf,2015,989855.0
caf,2016,995665.0
can,1970,3286257.0
can,1971,3241706.0
can,1972,3208084.0
can,1973,3179793.0
can,1974,3148317.0
can,1975,3110659.0
can,1976,3073821.0
can,1977,3020547.0
can,1978,2957961.0
can,1979,2903257.0
can,1980,2871283.0
can,1981,2849517.0
can,1982,2838850.0
can,1983,2832978.0
can,1984,2831291.0
can,1985,2831346.0
can,1986,2841683.0
can,1987,2861725.0
can,1988,2882121.0
can,1989,2918747.0
can,1990,2949304.0
can,1991,2983864.0
can,1992,3017970.0
can,1993,3046585.0
can,1994,3063910.0
can,1995,3067369.0
can,1996,3081207.0
can,1997,3079796.0
can,1998,3061688.0
can,1999,3039149.0
can,2000,3019607.0
can,2001,2998141.0
can,2002,2978968.0
can,2003,2964478.0
can,2004,2947017.0
can,2005,2925761.0
can,2006,2903815.0
can,2007,2887750.0
can,2008,2877778.0
can,2009,2874113.0
can,2010,2874156.0
can,2011,2888521.0
can,2012,2901743.0
can,2013,2912697.0
can,2014,2925675.0
can,2015,2937328.0
can,2016,2970795.0
che,1970,748693.0
che,1971,750044.0
che,1972,751456.0
che,1973,750767.0
che,1974,746311.0
che,1975,734928.0
che,1976,716759.0
che,1977,698821.0
che,1978,681390.0
che,1979,663887.0
che,1980,647635.0
che,1981,634273.0
che,1982,622160.0
che,1983,610432.0
che,1984,599601.0
che,1985,590486.0
che,1986,586909.0
che,1987,583319.0
che,1988,580763.0
che,1989,580800.0
che,1990,585358.0
che,1991,594205.0
che,1992,605912.0
che,1993,618576.0
che,1994,629898.0
che,1995,638010.0
che,1996,643846.0
che,1997,645583.0
che,1998,645168.0
che,1999,644674.0
che,2000,644265.0
che,2001,640284.0
che,2002,636932.0
che,2003,633027.0
che,2004,628051.0
che,2005,622327.0
che,2006,615894.0
che,2007,611223.0
che,2008,609244.0
che,2009,607904.0
che,2010,606417.0
che,2011,608661.0
che,2012,611129.0
che,2013,615348.0
che,2014,621568.0
che,2015,628625.0
che,2016,637065.0
chi,1970,13444.0
chi,1971,13511.0
chi,1972,13499.0
chi,1973,13423.0
chi,1974,13281.0
chi,1975,13067.0
chi,1976,12906.0
chi,1977,12679.0
chi,1978,12420.0
chi,1979,12179.0
chi,1980,11978.0
chi,1981,11750.0
chi,1982,11560.0
chi,1983,11421.0
chi,1984,11331.0
chi,1985,11279.0
chi,1986,11313.0
chi,1987,11349.0
chi,1988,11406.0
chi,1989,11484.0
chi,1990,11564.0
chi,1991,11763.0
chi,1992,11937.0
chi,1993,12106.0
chi,1994,12286.0
chi,1995,12475.0
chi,1996,12614.0
chi,1997,12760.0
chi,1998,12904.0
chi,1999,13024.0
chi,2000,13107.0
chi,2001,13047.0
chi,2002,12981.0
chi,2003,12921.0
chi,2004,12869.0
chi,2005,12825.0
chi,2006,12816.0
chi,2007,12776.0
chi,2008,12705.0
chi,2009,12594.0
chi,2010,12454.0
chi,2011,12466.0
chi,2012,12400.0
chi,2013,12306.0
chi,2014,12236.0
chi,2015,12214.0
chi,2016,12189.0
chl,1970,1864430.0
chl,1971,1884438.0
chl,1972,1899324.0
chl,1973,1910125.0
chl,1974,1918132.0
chl,1975,1924051.0
chl,1976,1925455.0
chl,1977,1926772.0
chl,1978,1927438.0
chl,1979,1926735.0
chl,1980,1924901.0
chl,1981,1923348.0
chl,1982,1922057.0
chl,1983,1922018.0
chl,1984,1924951.0
chl,1985,1932027.0
chl,1986,1944504.0
chl,1987,1960286.0
chl,1988,1978929.0
chl,1989,1998907.0
chl,1990,2018762.0
chl,1991,2040588.0
chl,1992,2059300.0
chl,1993,2075492.0
chl,1994,2089932.0
chl,1995,2102514.0
chl,1996,2107923.0
chl,1997,2112911.0
chl,1998,2115540.0
chl,1999,2113337.0
chl,2000,2105432.0
chl,2001,2094739.0
chl,2002,2078972.0
chl,2003,2059462.0
chl,2004,2038975.0
chl,2005,2019417.0
chl,2006,2002879.0
chl,2007,1987575.0
chl,2008,1973260.0
chl,2009,1958845.0
chl,2010,1943724.0
chl,2011,1933676.0
chl,2012,1921227.0
chl,2013,1907868.0
chl,2014,1895641.0
chl,2015,1885470.0
chl,2016,1875615.0
chn,1970,169439002.0
chn,1971,174058075.0
chn,1972,178324098.0
chn,1973,182278945.0
chn,1974,185346443.0
chn,1975,187005318.0
chn,1976,187204340.0
chn,1977,186321721.0
chn,1978,184669047.0
chn,1979,182474550.0
chn,1980,179817260.0
chn,1981,176403611.0
chn,1982,173592992.0
chn,1983,170924208.0
chn,1984,168252606.0
chn,1985,166086375.0
chn,1986,165692841.0
chn,1987,165999090.0
chn,1988,166818750.0
chn,1989,167758467.0
chn,1990,168528798.0
chn,1991,170926207.0
chn,1992,171614509.0
chn,1993,171403918.0
chn,1994,171322870.0
chn,1995,171655956.0
chn,1996,169358132.0
chn,1997,168585731.0
chn,1998,168171004.0
chn,1999,166500922.0
chn,2000,163004417.0
chn,2001,159378808.0
chn,2002,154219561.0
chn,2003,148149050.0
chn,2004,142406434.0
chn,2005,137720909.0
chn,2006,134489633.0
chn,2007,131807238.0
chn,2008,129866580.0
chn,2009,128576312.0
chn,2010,127822727.0
chn,2011,127522835.0
chn,2012,127866355.0
chn,2013,128646281.0
chn,2014,129522668.0
chn,2015,130249429.0
chn,2016,131061469.0
civ,1970,1184872.0
civ,1971,1241249.0
civ,1972,1300425.0
civ,1973,1362392.0
civ,1974,1426759.0
civ,1975,1493414.0
civ,1976,1571347.0
civ,1977,1650082.0
civ,1978,1729653.0
civ,1979,1809718.0
civ,1980,1890077.0
civ,1981,1982848.0
civ,1982,2072477.0
civ,1983,2159465.0
civ,1984,2244370.0
civ,1985,2327334.0
civ,1986,2420512.0
civ,1987,2511182.0
civ,1988,2599415.0
civ,1989,2685297.0
civ,1990,2769416.0
civ,1991,2862348.0
civ,1992,2951731.0
civ,1993,3037657.0
civ,1994,3120729.0
civ,1995,3201301.0
civ,1996,3302227.0
civ,1997,3400912.0
civ,1998,3494658.0
civ,1999,3579562.0
civ,2000,3653315.0
civ,2001,3748214.0
civ,2002,3832657.0
civ,2003,3910212.0
civ,2004,3986810.0
civ,2005,4066774.0
civ,2006,4144296.0
civ,2007,4225554.0
civ,2008,4309916.0
civ,2009,4396492.0
civ,2010,4485501.0
civ,2011,4573739.0
civ,2012,4664790.0
civ,2013,4758168.0
civ,2014,4853575.0
civ,2015,4951195.0
civ,2016,5062274.0
cmr,1970,1379232.0
cmr,1971,1427270.0
cmr,1972,1475803.0
cmr,1973,1525156.0
cmr,1974,1575430.0
cmr,1975,1626791.0
cmr,1976,1685797.0
cmr,1977,1745093.0
cmr,1978,1805309.0
cmr,1979,1867249.0
cmr,1980,1931416.0
cmr,1981,2004079.0
cmr,1982,2078263.0
cmr,1983,2153856.0
cmr,1984,2230472.0
cmr,1985,2307802.0
cmr,1986,2394882.0
cmr,1987,2480445.0
cmr,1988,2564636.0
cmr,1989,2647404.0
cmr,1990,2728182.0
cmr,1991,2814948.0
cmr,1992,2898511.0
cmr,1993,2978279.0
cmr,1994,3053311.0
cmr,1995,3123088.0
cmr,1996,3198061.0
cmr,1997,3267320.0
cmr,1998,3332509.0
cmr,1999,3396462.0
cmr,2000,3461601.0
cmr,2001,3537855.0
cmr,2002,3615944.0
cmr,2003,3696253.0
cmr,2004,3778779.0
cmr,2005,3863780.0
cmr,2006,3963844.0
cmr,2007,4063940.0
cmr,2008,4165251.0
cmr,2009,4268956.0
cmr,2010,4375186.0
cmr,2011,4493069.0
cmr,2012,4610795.0
cmr,2013,4727890.0
cmr,2014,4843054.0
cmr,2015,4955281.0
cmr,2016,5071160.0
cod,1970,4395915.0
cod,1971,4539255.0
cod,1972,4676787.0
cod,1973,4811168.0
cod,1974,4946250.0
cod,1975,5084626.0
cod,1976,5250657.0
cod,1977,5417145.0
cod,1978,5582116.0
cod,1979,5741690.0
cod,1980,5892793.0
cod,1981,6065729.0
cod,1982,6230676.0
cod,1983,6391701.0
cod,1984,6554658.0
cod,1985,6724802.0
cod,1986,6927890.0
cod,1987,7130090.0
cod,1988,7341432.0
cod,1989,7575398.0
cod,1990,7841185.0
cod,1991,8162815.0
cod,1992,8510794.0
cod,1993,8867786.0
cod,1994,9204108.0
cod,1995,9495800.0
cod,1996,9792667.0
cod,1997,10047814.0
cod,1998,10277521.0
cod,1999,10511335.0
cod,2000,10773328.0
cod,2001,11097787.0
cod,2002,11445625.0
cod,2003,11816337.0
cod,2004,12204046.0
cod,2005,12604775.0
cod,2006,13059458.0
cod,2007,13521186.0
cod,2008,13993765.0
cod,2009,14481441.0
cod,2010,14985483.0
cod,2011,15539755.0
cod,2012,16100607.0
cod,2013,16666625.0
cod,2014,17233781.0
cod,2015,17798426.0
cod,2016,18396174.0
cog,1970,298365.0
cog,1971,309110.0
cog,1972,320165.0
cog,1973,331443.0
cog,1974,342771.0
cog,1975,354016.0
cog,1976,366705.0
cog,1977,379180.0
cog,1978,391504.0
cog,1979,403765.0
cog,1980,416010.0
cog,1981,429122.0
cog,1982,441895.0
cog,1983,454345.0
cog,1984,466480.0
cog,1985,478253.0
cog,1986,490622.0
cog,1987,502646.0
cog,1988,514354.0
cog,1989,525744.0
cog,1990,536887.0
cog,1991,548685.0
cog,1992,560231.0
cog,1993,571786.0
cog,1994,583736.0
cog,1995,596368.0
cog,1996,610698.0
cog,1997,625850.0
cog,1998,641710.0
cog,1999,657979.0
cog,2000,674493.0
cog,2001,693629.0
cog,2002,712464.0
cog,2003,731939.0
cog,2004,753372.0
cog,2005,777575.0
cog,2006,803757.0
cog,2007,832448.0
cog,2008,862501.0
cog,2009,891967.0
cog,2010,919447.0
cog,2011,952414.0
cog,2012,982816.0
cog,2013,1011360.0
cog,2014,1039166.0
cog,2015,1066877.0
cog,2016,1093717.0
col,1970,5147480.0
col,1971,5237992.0
col,1972,5307005.0
col,1973,5361175.0
col,1974,5411292.0
col,1975,5464404.0
col,1976,5503522.0
col,1977,5559257.0
col,1978,5622522.0
col,1979,5679413.0
col,1980,5724198.0
col,1981,5790758.0
col,1982,5838355.0
col,1983,5877016.0
col,1984,5922411.0
col,1985,5981158.0
col,1986,6048472.0
col,1987,6124490.0
col,1988,6204979.0
col,1989,6280924.0
col,1990,6346904.0
col,1991,6402661.0
col,1992,6454827.0
col,1993,6499328.0
col,1994,6532017.0
col,1995,6550824.0
col,1996,6562971.0
col,1997,6556508.0
col,1998,6537339.0
col,1999,6515842.0
col,2000,6497975.0
col,2001,6471439.0
col,2002,6455064.0
col,2003,6442533.0
col,2004,6423122.0
col,2005,6391622.0
col,2006,6368120.0
col,2007,6327824.0
col,2008,6277450.0
col,2009,6228026.0
col,2010,6184711.0
col,2011,6138028.0
col,2012,6099525.0
col,2013,6064711.0
col,2014,6025704.0
col,2015,5978856.0
col,2016,5932510.0
com,1970,51744.0
com,1971,52904.0
com,1972,53964.0
com,1973,55044.0
com,1974,56318.0
com,1975,57924.0
com,1976,59973.0
com,1977,62281.0
com,1978,64767.0
com,1979,67264.0
com,1980,69636.0
com,1981,72129.0
com,1982,74539.0
com,1983,76898.0
com,1984,79275.0
com,1985,81739.0
com,1986,84552.0
com,1987,87360.0
com,1988,90173.0
com,1989,93007.0
com,1990,95846.0
com,1991,98780.0
com,1992,101666.0
com,1993,104479.0
com,1994,107182.0
com,1995,109749.0
com,1996,112287.0
com,1997,114719.0
com,1998,117034.0
com,1999,119208.0
com,2000,121252.0
com,2001,123416.0
com,2002,125456.0
com,2003,127423.0
com,2004,129417.0
com,2005,131499.0
com,2006,133852.0
com,2007,136277.0
com,2008,138785.0
com,2009,141370.0
com,2010,144031.0
com,2011,146970.0
com,2012,149949.0
com,2013,152944.0
com,2014,155920.0
com,2015,158822.0
com,2016,161879.0
cpv,1970,64474.0
cpv,1971,64812.0
cpv,1972,64930.0
cpv,1973,64898.0
cpv,1974,64811.0
cpv,1975,64802.0
cpv,1976,65377.0
cpv,1977,65939.0
cpv,1978,66510.0
cpv,1979,67197.0
cpv,1980,68105.0
cpv,1981,68273.0
cpv,1982,68757.0
cpv,1983,69506.0
cpv,1984,70424.0
cpv,1985,71444.0
cpv,1986,72936.0
cpv,1987,74420.0
cpv,1988,75904.0
cpv,1989,77495.0
cpv,1990,79331.0
cpv,1991,81195.0
cpv,1992,83231.0
cpv,1993,85330.0
cpv,1994,87309.0
cpv,1995,89032.0
cpv,1996,90643.0
cpv,1997,92024.0
cpv,1998,93144.0
cpv,1999,93984.0
cpv,2000,94550.0
cpv,2001,94394.0
cpv,2002,93972.0
cpv,2003,93280.0
cpv,2004,92352.0
cpv,2005,91257.0
cpv,2006,90196.0
cpv,2007,89112.0
cpv,2008,88039.0
cpv,2009,86997.0
cpv,2010,86007.0
cpv,2011,85556.0
cpv,2012,85027.0
cpv,2013,84499.0
cpv,2014,84071.0
cpv,2015,83773.0
cpv,2016,83459.0
cri,1970,409889.0
cri,1971,415765.0
cri,1972,419979.0
cri,1973,422876.0
cri,1974,425241.0
cri,1975,427750.0
cri,1976,430196.0
cri,1977,433761.0
cri,1978,438150.0
cri,1979,442854.0
cri,1980,447766.0
cri,1981,455877.0
cri,1982,463427.0
cri,1983,471176.0
cri,1984,480150.0
cri,1985,490695.0
cri,1986,502354.0
cri,1987,515232.0
cri,1988,528893.0
cri,1989,542405.0
cri,1990,555185.0
cri,1991,566831.0
cri,1992,577404.0
cri,1993,586740.0
cri,1994,594900.0
cri,1995,601892.0
cri,1996,608168.0
cri,1997,613149.0
cri,1998,616469.0
cri,1999,617658.0
cri,2000,616490.0
cri,2001,615372.0
cri,2002,611722.0
cri,2003,606319.0
cri,2004,600411.0
cri,2005,594830.0
cri,2006,589068.0
cri,2007,584692.0
cri,2008,580971.0
cri,2009,576688.0
cri,2010,571289.0
cri,2011,568156.0
cri,2012,563213.0
cri,2013,557451.0
cri,2014,552376.0
cri,2015,548677.0
cri,2016,545186.0
cub,1970,1671034.0
cub,1971,1694461.0
cub,1972,1732502.0
cub,1973,1774152.0
cub,1974,1801050.0
cub,1975,1803524.0
cub,1976,1794331.0
cub,1977,1758550.0
cub,1978,1703924.0
cub,1979,1645868.0
cub,1980,1593741.0
cub,1981,1530715.0
cub,1982,1481937.0
cub,1983,1442993.0
cub,1984,1405251.0
cub,1985,1365816.0
cub,1986,1342568.0
cub,1987,1315533.0
cub,1988,1288863.0
cub,1989,1268702.0
cub,1990,1256792.0
cub,1991,1252937.0
cub,1992,1250623.0
cub,1993,1251114.0
cub,1994,1254257.0
cub,1995,1259142.0
cub,1996,1253014.0
cub,1997,1254503.0
cub,1998,1257822.0
cub,1999,1255700.0
cub,2000,1245072.0
cub,2001,1231959.0
cub,2002,1209234.0
cub,2003,1180412.0
cub,2004,1151914.0
cub,2005,1126970.0
cub,2006,1098404.0
cub,2007,1073696.0
cub,2008,1052410.0
cub,2009,1032876.0
cub,2010,1014618.0
cub,2011,999754.0
cub,2012,987600.0
cub,2013,977592.0
cub,2014,968719.0
cub,2015,960125.0
cub,2016,954651.0
cuw,1998,19186.0
cuw,1999,18194.0
cuw,2000,17077.0
cuw,2001,15986.0
cuw,2002,15443.0
cuw,2003,15169.0
cuw,2004,14874.0
cuw,2005,14791.0
cuw,2006,14828.0
cuw,2007,14891.0
cuw,2008,14944.0
cuw,2009,14924.0
cuw,2010,15160.0
cuw,2011,15171.0
cuw,2012,15194.0
cuw,2013,15218.0
cyp,1970,98015.0
cyp,1971,96435.0
cyp,1972,94891.0
cyp,1973,93749.0
cyp,1974,93101.0
cyp,1975,92746.0
cyp,1976,91967.0
cyp,1977,91119.0
cyp,1978,90236.0
cyp,1979,89240.0
cyp,1980,88065.0
cyp,1981,88707.0
cyp,1982,88957.0
cyp,1983,89181.0
cyp,1984,89656.0
cyp,1985,90517.0
cyp,1986,92268.0
cyp,1987,94000.0
cyp,1988,96055.0
cyp,1989,98478.0
cyp,1990,101060.0
cyp,1991,102660.0
cyp,1992,104214.0
cyp,1993,105681.0
cyp,1994,106839.0
cyp,1995,107548.0
cyp,1996,108986.0
cyp,1997,109469.0
cyp,1998,109384.0
cyp,1999,109096.0
cyp,2000,108726.0
cyp,2001,108768.0
cyp,2002,108483.0
cyp,2003,107910.0
cyp,2004,107002.0
cyp,2005,105804.0
cyp,2006,105426.0
cyp,2007,104811.0
cyp,2008,104063.0
cyp,2009,103205.0
cyp,2010,102256.0
cyp,2011,101966.0
cyp,2012,101626.0
cyp,2013,101414.0
cyp,2014,101324.0
cyp,2015,101254.0
cyp,2016,101963.0
cze,1970,1072098.0
cze,1971,1061066.0
cze,1972,1069591.0
cze,1973,1087871.0
cze,1974,1109508.0
cze,1975,1130342.0
cze,1976,1159655.0
cze,1977,1183471.0
cze,1978,1203706.0
cze,1979,1222515.0
cze,1980,1235626.0
cze,1981,1244751.0
cze,1982,1251002.0
cze,1983,1252173.0
cze,1984,1249833.0
cze,1985,1245304.0
cze,1986,1223822.0
cze,1987,1208035.0
cze,1988,1193362.0
cze,1989,1173064.0
cze,1990,1141725.0
cze,1991,1117775.0
cze,1992,1087388.0
cze,1993,1051775.0
cze,1994,1017669.0
cze,1995,987981.0
cze,1996,958839.0
cze,1997,932367.0
cze,1998,908764.0
cze,1999,886786.0
cze,2000,864557.0
cze,2001,834661.0
cze,2002,813867.0
cze,2003,798804.0
cze,2004,785147.0
cze,2005,772533.0
cze,2006,767968.0
cze,2007,763794.0
cze,2008,762308.0
cze,2009,762877.0
cze,2010,765881.0
cze,2011,775386.0
cze,2012,785048.0
cze,2013,794969.0
cze,2014,806472.0
cze,2015,819268.0
cze,2016,825413.0
deu,1970,9333700.0
deu,1971,9296845.0
deu,1972,9233652.0
deu,1973,9113513.0
deu,1974,8946457.0
deu,1975,8734015.0
deu,1976,8433565.0
deu,1977,8188160.0
deu,1978,7963006.0
deu,1979,7722121.0
deu,1980,7460175.0
deu,1981,7263442.0
deu,1982,7006884.0
deu,1983,6732414.0
deu,1984,6499296.0
deu,1985,6347559.0
deu,1986,6275631.0
deu,1987,6265847.0
deu,1988,6317592.0
deu,1989,6409968.0
deu,1990,6503076.0
deu,1991,6600346.0
deu,1992,6684569.0
deu,1993,6749010.0
deu,1994,6787078.0
deu,1995,6817350.0
deu,1996,6782348.0
deu,1997,6756853.0
deu,1998,6725362.0
deu,1999,6679204.0
deu,2000,6611462.0
deu,2001,6546962.0
deu,2002,6446396.0
deu,2003,6320853.0
deu,2004,6199449.0
deu,2005,6096416.0
deu,2006,5986187.0
deu,2007,5898299.0
deu,2008,5825678.0
deu,2009,5755380.0
deu,2010,5691640.0
deu,2011,5546236.0
deu,2012,5511910.0
deu,2013,5484933.0
deu,2014,5475093.0
deu,2015,5500968.0
deu,2016,5552127.0
dji,1970,36475.0
dji,1971,39037.0
dji,1972,41551.0
dji,1973,44388.0
dji,1974,48074.0
dji,1975,52990.0
dji,1976,59562.0
dji,1977,66999.0
dji,1978,74424.0
dji,1979,80586.0
dji,1980,84661.0
dji,1981,88170.0
dji,1982,89787.0
dji,1983,90658.0
dji,1984,92597.0
dji,1985,96876.0
dji,1986,102989.0
dji,1987,111522.0
dji,1988,121069.0
dji,1989,129227.0
dji,1990,134269.0
dji,1991,138219.0
dji,1992,139086.0
dji,1993,138033.0
dji,1994,137102.0
dji,1995,137658.0
dji,1996,138761.0
dji,1997,141306.0
dji,1998,144598.0
dji,1999,147366.0
dji,2000,148842.0
dji,2001,150516.0
dji,2002,151067.0
dji,2003,150827.0
dji,2004,150426.0
dji,2005,150237.0
dji,2006,150206.0
dji,2007,150163.0
dji,2008,150150.0
dji,2009,150156.0
dji,2010,150174.0
dji,2011,150112.0
dji,2012,150223.0
dji,2013,150390.0
dji,2014,150445.0
dji,2015,150308.0
dji,2016,150630.0
dnk,1970,589228.0
dnk,1971,590721.0
dnk,1972,591406.0
dnk,1973,591688.0
dnk,1974,589917.0
dnk,1975,585580.0
dnk,1976,580452.0
dnk,1977,574325.0
dnk,1978,566850.0
dnk,1979,557837.0
dnk,1980,547079.0
dnk,1981,534485.0
dnk,1982,520581.0
dnk,1983,506204.0
dnk,1984,492519.0
dnk,1985,480784.0
dnk,1986,469884.0
dnk,1987,461995.0
dnk,1988,456103.0
dnk,1989,451508.0
dnk,1990,448217.0
dnk,1991,449963.0
dnk,1992,451827.0
dnk,1993,454374.0
dnk,1994,458624.0
dnk,1995,465556.0
dnk,1996,474053.0
dnk,1997,482448.0
dnk,1998,490988.0
dnk,1999,499123.0
dnk,2000,506418.0
dnk,2001,510765.0
dnk,2002,514760.0
dnk,2003,517732.0
dnk,2004,519397.0
dnk,2005,519897.0
dnk,2006,518686.0
dnk,2007,517368.0
dnk,2008,516113.0
dnk,2009,513770.0
dnk,2010,510074.0
dnk,2011,508583.0
dnk,2012,503685.0
dnk,2013,497606.0
dnk,2014,492838.0
dnk,2015,490924.0
dnk,2016,487552.0
dom,1970,1086874.0
dom,1971,1107858.0
dom,1972,1127676.0
dom,1973,1146470.0
dom,1974,1164309.0
dom,1975,1181210.0
dom,1976,1196846.0
dom,1977,1211585.0
dom,1978,1225857.0
dom,1979,1240283.0
dom,1980,1255209.0
dom,1981,1268888.0
dom,1982,1283876.0
dom,1983,1299832.0
dom,1984,1316050.0
dom,1985,1332052.0
dom,1986,1347377.0
dom,1987,1362054.0
dom,1988,1376610.0
dom,1989,1391931.0
dom,1990,1408321.0
dom,1991,1422616.0
dom,1992,1438675.0
dom,1993,1455357.0
dom,1994,1470805.0
dom,1995,1483890.0
dom,1996,1495252.0
dom,1997,1503624.0
dom,1998,1510089.0
dom,1999,1516695.0
dom,2000,1524570.0
dom,2001,1529739.0
dom,2002,1537718.0
dom,2003,1547019.0
dom,2004,1555388.0
dom,2005,1561758.0
dom,2006,1568294.0
dom,2007,1572293.0
dom,2008,1574941.0
dom,2009,1578294.0
dom,2010,1583262.0
dom,2011,1586460.0
dom,2012,1591558.0
dom,2013,1597558.0
dom,2014,1602727.0
dom,2015,1606109.0
dom,2016,1606972.0
dza,1970,3481233.0
dza,1971,3578471.0
dza,1972,3679027.0
dza,1973,3782180.0
dza,1974,3885636.0
dza,1975,3988674.0
dza,1976,4103955.0
dza,1977,4217228.0
dza,1978,4330834.0
dza,1979,4448177.0
dza,1980,4571075.0
dza,1981,4703834.0
dza,1982,4836670.0
dza,1983,4969023.0
dza,1984,5099026.0
dza,1985,5224461.0
dza,1986,5347524.0
dza,1987,5462560.0
dza,1988,5567188.0
dza,1989,5658035.0
dza,1990,5732242.0
dza,1991,5797483.0
dza,1992,5845212.0
dza,1993,5872898.0
dza,1994,5877204.0
dza,1995,5856024.0
dza,1996,5816732.0
dza,1997,5750870.0
dza,1998,5663311.0
dza,1999,5562786.0
dza,2000,5456153.0
dza,2001,5335098.0
dza,2002,5220303.0
dza,2003,5113681.0
dza,2004,5018572.0
dza,2005,4941359.0
dza,2006,4896343.0
dza,2007,4880173.0
dza,2008,4894018.0
dza,2009,4938671.0
dza,2010,5014760.0
dza,2011,5151743.0
dza,2012,5303253.0
dza,2013,5470493.0
dza,2014,5649008.0
dza,2015,5829467.0
dza,2016,6009841.0
eap,1970,235100134.0
eap,1971,241396510.0
eap,1972,247190660.0
eap,1973,252547652.0
eap,1974,256924113.0
eap,1975,259808921.0
eap,1976,261242091.0
eap,1977,261490647.0
eap,1978,260891466.0
eap,1979,259706407.0
eap,1980,258043954.0
eap,1981,255581440.0
eap,1982,253740198.0
eap,1983,252033163.0
eap,1984,250266753.0
eap,1985,248928207.0
eap,1986,249524315.0
eap,1987,250660121.0
eap,1988,252179416.0
eap,1989,253770749.0
eap,1990,255130607.0
eap,1991,258116676.0
eap,1992,259418072.0
eap,1993,259788501.0
eap,1994,260153395.0
eap,1995,260746168.0
eap,1996,258701632.0
eap,1997,257963587.0
eap,1998,257417753.0
eap,1999,255576134.0
eap,2000,251947336.0
eap,2001,248447480.0
eap,2002,243545016.0
eap,2003,237818605.0
eap,2004,232407351.0
eap,2005,227972624.0
eap,2006,224731138.0
eap,2007,221974844.0
eap,2008,219936809.0
eap,2009,218625619.0
eap,2010,217980261.0
eap,2011,217806545.0
eap,2012,218413456.0
eap,2013,219523389.0
eap,2014,220682132.0
eap,2015,221580951.0
eap,2016,222654607.0
eas,1970,261558039.0
eas,1971,268039543.0
eas,1972,274076114.0
eas,1973,279631334.0
eas,1974,284338978.0
eas,1975,287401157.0
eas,1976,288902413.0
eas,1977,289094293.0
eas,1978,288329788.0
eas,1979,286999230.0
eas,1980,285224854.0
eas,1981,282541967.0
eas,1982,280586752.0
eas,1983,278780838.0
eas,1984,276801350.0
eas,1985,275088835.0
eas,1986,275355720.0
eas,1987,275984956.0
eas,1988,276900845.0
eas,1989,277929777.0
eas,1990,278829809.0
eas,1991,281371148.0
eas,1992,282354093.0
eas,1993,282488349.0
eas,1994,282623830.0
eas,1995,282959104.0
eas,1996,280760763.0
eas,1997,279769518.0
eas,1998,278924880.0
eas,1999,276789114.0
eas,2000,272931221.0
eas,2001,269175610.0
eas,2002,264042576.0
eas,2003,258095263.0
eas,2004,252448735.0
eas,2005,247754839.0
eas,2006,244250061.0
eas,2007,241237641.0
eas,2008,238986296.0
eas,2009,237435087.0
eas,2010,236538033.0
eas,2011,236170146.0
eas,2012,236572226.0
eas,2013,237475066.0
eas,2014,238464062.0
eas,2015,239239316.0
eas,2016,240239840.0
eca,1970,48255389.0
eca,1971,47973198.0
eca,1972,47781090.0
eca,1973,47650683.0
eca,1974,47527134.0
eca,1975,47385755.0
eca,1976,47529981.0
eca,1977,47551156.0
eca,1978,47547665.0
eca,1979,47649927.0
eca,1980,47934622.0
eca,1981,48338303.0
eca,1982,48896774.0
eca,1983,49561206.0
eca,1984,50243262.0
eca,1985,50852925.0
eca,1986,51507168.0
eca,1987,52081614.0
eca,1988,52540539.0
eca,1989,52863877.0
eca,1990,52925455.0
eca,1991,52978724.0
eca,1992,52765463.0
eca,1993,52343555.0
eca,1994,51747408.0
eca,1995,51100376.0
eca,1996,50134393.0
eca,1997,49308487.0
eca,1998,48482708.0
eca,1999,47526818.0
eca,2000,46417035.0
eca,2001,45358494.0
eca,2002,44170383.0
eca,2003,42998269.0
eca,2004,41978898.0
eca,2005,41185159.0
eca,2006,40620411.0
eca,2007,40230350.0
eca,2008,40042474.0
eca,2009,40064130.0
eca,2010,40253527.0
eca,2011,40620600.0
eca,2012,41130774.0
eca,2013,41780710.0
eca,2014,42475470.0
eca,2015,43154807.0
eca,2016,43865340.0
ecs,1970,101443656.0
ecs,1971,101070960.0
ecs,1972,100797314.0
ecs,1973,100500198.0
ecs,1974,100105892.0
ecs,1975,99593087.0
ecs,1976,99276931.0
ecs,1977,98754839.0
ecs,1978,98142225.0
ecs,1979,97592151.0
ecs,1980,97206916.0
ecs,1981,97006143.0
ecs,1982,96918485.0
ecs,1983,96930964.0
ecs,1984,96990104.0
ecs,1985,97027379.0
ecs,1986,97213405.0
ecs,1987,97342906.0
ecs,1988,97395829.0
ecs,1989,97359953.0
ecs,1990,97107121.0
ecs,1991,96891631.0
ecs,1992,96465197.0
ecs,1993,95825813.0
ecs,1994,94970594.0
ecs,1995,94021388.0
ecs,1996,92675135.0
ecs,1997,91434028.0
ecs,1998,90166892.0
ecs,1999,88787028.0
ecs,2000,87254152.0
ecs,2001,85790684.0
ecs,2002,84261260.0
ecs,2003,82796809.0
ecs,2004,81524659.0
ecs,2005,80512799.0
ecs,2006,79833428.0
ecs,2007,79386274.0
ecs,2008,79176331.0
ecs,2009,79154647.0
ecs,2010,79272747.0
ecs,2011,79628353.0
ecs,2012,80157339.0
ecs,2013,80832037.0
ecs,2014,81588361.0
ecs,2015,82378237.0
ecs,2016,83106714.0
ecu,1970,1359363.0
ecu,1971,1396324.0
ecu,1972,1432138.0
ecu,1973,1467069.0
ecu,1974,1501087.0
ecu,1975,1534037.0
ecu,1976,1568783.0
ecu,1977,1602063.0
ecu,1978,1633959.0
ecu,1979,1664483.0
ecu,1980,1693688.0
ecu,1981,1724192.0
ecu,1982,1753475.0
ecu,1983,1781737.0
ecu,1984,1809349.0
ecu,1985,1836679.0
ecu,1986,1867056.0
ecu,1987,1896922.0
ecu,1988,1926380.0
ecu,1989,1955390.0
ecu,1990,1983781.0
ecu,1991,2014669.0
ecu,1992,2043814.0
ecu,1993,2071461.0
ecu,1994,2097898.0
ecu,1995,2123082.0
ecu,1996,2148868.0
ecu,1997,2173967.0
ecu,1998,2197287.0
ecu,1999,2217246.0
ecu,2000,2233063.0
ecu,2001,2249257.0
ecu,2002,2260957.0
ecu,2003,2269628.0
ecu,2004,2277936.0
ecu,2005,2287627.0
ecu,2006,2295757.0
ecu,2007,2306958.0
ecu,2008,2319715.0
ecu,2009,2331629.0
ecu,2010,2341549.0
ecu,2011,2354908.0
ecu,2012,2365240.0
ecu,2013,2373883.0
ecu,2014,2382960.0
ecu,2015,2393354.0
ecu,2016,2404057.0
egy,1970,7631433.0
egy,1971,7807690.0
egy,1972,7956659.0
egy,1973,8087364.0
egy,1974,8216723.0
egy,1975,8355780.0
egy,1976,8517392.0
egy,1977,8697118.0
egy,1978,8890402.0
egy,1979,9089216.0
egy,1980,9290246.0
egy,1981,9522489.0
egy,1982,9753168.0
egy,1983,9990213.0
egy,1984,10246749.0
egy,1985,10528999.0
egy,1986,10831369.0
egy,1987,11158836.0
egy,1988,11495683.0
egy,1989,11813296.0
egy,1990,12089602.0
egy,1991,12364607.0
egy,1992,12568934.0
egy,1993,12717475.0
egy,1994,12837022.0
egy,1995,12942688.0
egy,1996,12988469.0
egy,1997,13041783.0
egy,1998,13090074.0
egy,1999,13115511.0
egy,2000,13115989.0
egy,2001,13123611.0
egy,2002,13123402.0
egy,2003,13122179.0
egy,2004,13131337.0
egy,2005,13157817.0
egy,2006,13250830.0
egy,2007,13336865.0
egy,2008,13445255.0
egy,2009,13619803.0
egy,2010,13886050.0
egy,2011,14184413.0
egy,2012,14615701.0
egy,2013,15120241.0
egy,2014,15602612.0
egy,2015,16007940.0
egy,2016,16489323.0
emu,1970,36891465.0
emu,1971,36876389.0
emu,1972,36870405.0
emu,1973,36799965.0
emu,1974,36632398.0
emu,1975,36364525.0
emu,1976,35997508.0
emu,1977,35543528.0
emu,1978,35025662.0
emu,1979,34463404.0
emu,1980,33884311.0
emu,1981,33344031.0
emu,1982,32762950.0
emu,1983,32168414.0
emu,1984,31589336.0
emu,1985,31052035.0
emu,1986,30620549.0
emu,1987,30212740.0
emu,1988,29846571.0
emu,1989,29536348.0
emu,1990,29266900.0
emu,1991,29033281.0
emu,1992,28850826.0
emu,1993,28671328.0
emu,1994,28466662.0
emu,1995,28250123.0
emu,1996,27988796.0
emu,1997,27736763.0
emu,1998,27485371.0
emu,1999,27255060.0
emu,2000,27057401.0
emu,2001,26887702.0
emu,2002,26753696.0
emu,2003,26649437.0
emu,2004,26571936.0
emu,2005,26511563.0
emu,2006,26502155.0
emu,2007,26520812.0
emu,2008,26545904.0
emu,2009,26533952.0
emu,2010,26493257.0
emu,2011,26416563.0
emu,2012,26408321.0
emu,2013,26410028.0
emu,2014,26414821.0
emu,2015,26429200.0
emu,2016,26388706.0
eri,1970,402623.0
eri,1971,415574.0
eri,1972,427746.0
eri,1973,439434.0
eri,1974,451092.0
eri,1975,462974.0
eri,1976,476661.0
eri,1977,490306.0
eri,1978,504044.0
eri,1979,518036.0
eri,1980,532422.0
eri,1981,549016.0
eri,1982,565482.0
eri,1983,582004.0
eri,1984,598899.0
eri,1985,616253.0
eri,1986,638397.0
eri,1987,660921.0
eri,1988,681612.0
eri,1989,697177.0
eri,1990,705322.0
eri,1991,718793.0
eri,1992,725903.0
eri,1993,729307.0
eri,1994,733410.0
eri,1995,741478.0
eri,1996,739558.0
eri,1997,741296.0
eri,1998,746391.0
eri,1999,754150.0
eri,2000,764294.0
eri,2001,773671.0
eri,2002,785524.0
eri,2003,798777.0
eri,2004,812017.0
eri,2005,824282.0
eri,2006,846043.0
eri,2007,866682.0
eri,2008,887018.0
eri,2009,908125.0
eri,2010,930450.0
eri,2011,952959.0
esp,1970,4865629.0
esp,1971,4908910.0
esp,1972,4946936.0
esp,1973,4981049.0
esp,1974,5007965.0
esp,1975,5026653.0
esp,1976,5050133.0
esp,1977,5058930.0
esp,1978,5052537.0
esp,1979,5032224.0
esp,1980,4998403.0
esp,1981,4956327.0
esp,1982,4894197.0
esp,1983,4815386.0
esp,1984,4726478.0
esp,1985,4630446.0
esp,1986,4504828.0
esp,1987,4385441.0
esp,1988,4264548.0
esp,1989,4133279.0
esp,1990,3990772.0
esp,1991,3867480.0
esp,1992,3745779.0
esp,1993,3623833.0
esp,1994,3508952.0
esp,1995,3406492.0
esp,1996,3321939.0
esp,1997,3243574.0
esp,1998,3174716.0
esp,1999,3118813.0
esp,2000,3080213.0
esp,2001,3055181.0
esp,2002,3070936.0
esp,2003,3113381.0
esp,2004,3160296.0
esp,2005,3209146.0
esp,2006,3281455.0
esp,2007,3358381.0
esp,2008,3427959.0
esp,2009,3473793.0
esp,2010,3500535.0
esp,2011,3547549.0
esp,2012,3571188.0
esp,2013,3569999.0
esp,2014,3564680.0
esp,2015,3566065.0
esp,2016,3532331.0
est,1970,153056.0
est,1971,154349.0
est,1972,155788.0
est,1973,157034.0
est,1974,157815.0
est,1975,158045.0
est,1976,159426.0
est,1977,160295.0
est,1978,160903.0
est,1979,161649.0
est,1980,163015.0
est,1981,164314.0
est,1982,166270.0
est,1983,168497.0
est,1984,170518.0
est,1985,172239.0
est,1986,174192.0
est,1987,176173.0
est,1988,177709.0
est,1989,178327.0
est,1990,177373.0
est,1991,175766.0
est,1992,170547.0
est,1993,163296.0
est,1994,156851.0
est,1995,151554.0
est,1996,144351.0
est,1997,138675.0
est,1998,133885.0
est,1999,130648.0
est,2000,127118.0
est,2001,122353.0
est,2002,117498.0
est,2003,112734.0
est,2004,108599.0
est,2005,105446.0
est,2006,103691.0
est,2007,102661.0
est,2008,102490.0
est,2009,102921.0
est,2010,103628.0
est,2011,104720.0
est,2012,105533.0
est,2013,106311.0
est,2014,107367.0
est,2015,109005.0
est,2016,109504.0
eth,1970,6268892.0
eth,1971,6491497.0
eth,1972,6726174.0
eth,1973,6959297.0
eth,1974,7168958.0
eth,1975,7339951.0
eth,1976,7485952.0
eth,1977,7604307.0
eth,1978,7717569.0
eth,1979,7857635.0
eth,1980,8046481.0
eth,1981,8298505.0
eth,1982,8579082.0
eth,1983,8879692.0
eth,1984,9185960.0
eth,1985,9490602.0
eth,1986,9824072.0
eth,1987,10152296.0
eth,1988,10485663.0
eth,1989,10836455.0
eth,1990,11209705.0
eth,1991,11659321.0
eth,1992,12122610.0
eth,1993,12590488.0
eth,1994,13048502.0
eth,1995,13484489.0
eth,1996,13936882.0
eth,1997,14369280.0
eth,1998,14788245.0
eth,1999,15201281.0
eth,2000,15613976.0
eth,2001,16096571.0
eth,2002,16561447.0
eth,2003,17015198.0
eth,2004,17462253.0
eth,2005,17898707.0
eth,2006,18314479.0
eth,2007,18708464.0
eth,2008,19074217.0
eth,2009,19409780.0
eth,2010,19720461.0
eth,2011,20001902.0
eth,2012,20276759.0
eth,2013,20541604.0
eth,2014,20792337.0
eth,2015,21028447.0
eth,2016,21299802.0
euu,1970,55961613.0
euu,1971,55875126.0
euu,1972,55775505.0
euu,1973,55596568.0
euu,1974,55354789.0
euu,1975,55077357.0
euu,1976,54748025.0
euu,1977,54360124.0
euu,1978,53940519.0
euu,1979,53451146.0
euu,1980,52915571.0
euu,1981,52320439.0
euu,1982,51634362.0
euu,1983,50920212.0
euu,1984,50229998.0
euu,1985,49602676.0
euu,1986,49050202.0
euu,1987,48555756.0
euu,1988,48120769.0
euu,1989,47721049.0
euu,1990,47337790.0
euu,1991,46921474.0
euu,1992,46567717.0
euu,1993,46242298.0
euu,1994,45858822.0
euu,1995,45433708.0
euu,1996,44952687.0
euu,1997,44462231.0
euu,1998,43933413.0
euu,1999,43424092.0
euu,2000,42885514.0
euu,2001,42380630.0
euu,2002,41889956.0
euu,2003,41463972.0
euu,2004,41102291.0
euu,2005,40812127.0
euu,2006,40593227.0
euu,2007,40447303.0
euu,2008,40372589.0
euu,2009,40326718.0
euu,2010,40312699.0
euu,2011,40360819.0
euu,2012,40329850.0
euu,2013,40433780.0
fin,1970,578500.0
fin,1971,566093.0
fin,1972,556370.0
fin,1973,546772.0
fin,1974,537693.0
fin,1975,529233.0
fin,1976,519597.0
fin,1977,512632.0
fin,1978,507210.0
fin,1979,501598.0
fin,1980,495769.0
fin,1981,494455.0
fin,1982,491633.0
fin,1983,488444.0
fin,1984,486547.0
fin,1985,486377.0
fin,1986,485077.0
fin,1987,485697.0
fin,1988,487653.0
fin,1989,489958.0
fin,1990,492140.0
fin,1991,493298.0
fin,1992,495309.0
fin,1993,496945.0
fin,1994,497382.0
fin,1995,496104.0
fin,1996,496086.0
fin,1997,492778.0
fin,1998,487575.0
fin,1999,482655.0
fin,2000,479118.0
fin,2001,473452.0
fin,2002,470464.0
fin,2003,468856.0
fin,2004,467033.0
fin,2005,464284.0
fin,2006,462309.0
fin,2007,459629.0
fin,2008,456713.0
fin,2009,454348.0
fin,2010,452835.0
fin,2011,453877.0
fin,2012,454684.0
fin,2013,455695.0
fin,2014,457221.0
fin,2015,459179.0
fin,2016,459997.0
fji,1970,115923.0
fji,1971,116719.0
fji,1972,117241.0
fji,1973,117548.0
fji,1974,117729.0
fji,1975,117886.0
fji,1976,119594.0
fji,1977,121289.0
fji,1978,123061.0
fji,1979,125075.0
fji,1980,127446.0
fji,1981,130185.0
fji,1982,133290.0
fji,1983,136682.0
fji,1984,139933.0
fji,1985,142499.0
fji,1986,143641.0
fji,1987,143957.0
fji,1988,143762.0
fji,1989,143577.0
fji,1990,143821.0
fji,1991,144104.0
fji,1992,144794.0
fji,1993,145562.0
fji,1994,145980.0
fji,1995,145873.0
fji,1996,146791.0
fji,1997,147062.0
fji,1998,146923.0
fji,1999,146648.0
fji,2000,146252.0
fji,2001,142405.0
fji,2002,138877.0
fji,2003,135571.0
fji,2004,132440.0
fji,2005,129630.0
fji,2006,129788.0
fji,2007,129801.0
fji,2008,129639.0
fji,2009,129300.0
fji,2010,128814.0
fji,2011,129746.0
fji,2012,130425.0
fji,2013,130996.0
fji,2014,131602.0
fji,2015,132263.0
fji,2016,132473.0
fra,1970,6594804.0
fra,1971,6599317.0
fra,1972,6619429.0
fra,1973,6641705.0
fra,1974,6643685.0
fra,1975,6612309.0
fra,1976,6582025.0
fra,1977,6511804.0
fra,1978,6418166.0
fra,1979,6330241.0
fra,1980,6265071.0
fra,1981,6197166.0
fra,1982,6168021.0
fra,1983,6159087.0
fra,1984,6141896.0
fra,1985,6104589.0
fra,1986,6100729.0
fra,1987,6064641.0
fra,1988,6013755.0
fra,1989,5974338.0
fra,1990,5956746.0
fra,1991,5911914.0
fra,1992,5913968.0
fra,1993,5925516.0
fra,1994,5931204.0
fra,1995,5927101.0
fra,1996,5905435.0
fra,1997,5885175.0
fra,1998,5865400.0
fra,1999,5854499.0
fra,2000,5855344.0
fra,2001,5873089.0
fra,2002,5887404.0
fra,2003,5901760.0
fra,2004,5924580.0
fra,2005,5957362.0
fra,2006,5992515.0
fra,2007,6029702.0
fra,2008,6067604.0
fra,2009,6101732.0
fra,2010,6129878.0
fra,2011,6159278.0
fra,2012,6184013.0
fra,2013,6205282.0
fra,2014,6222089.0
fra,2015,6232071.0
fra,2016,6226671.0
fsm,1970,14605.0
fsm,1971,14914.0
fsm,1972,15109.0
fsm,1973,15248.0
fsm,1974,15423.0
fsm,1975,15721.0
fsm,1976,15941.0
fsm,1977,16301.0
fsm,1978,16786.0
fsm,1979,17356.0
fsm,1980,17973.0
fsm,1981,18432.0
fsm,1982,18949.0
fsm,1983,19466.0
fsm,1984,19921.0
fsm,1985,20288.0
fsm,1986,20721.0
fsm,1987,21050.0
fsm,1988,21322.0
fsm,1989,21636.0
fsm,1990,22038.0
fsm,1991,22575.0
fsm,1992,23181.0
fsm,1993,23749.0
fsm,1994,24143.0
fsm,1995,24279.0
fsm,1996,24150.0
fsm,1997,23869.0
fsm,1998,23450.0
fsm,1999,22946.0
fsm,2000,22440.0
fsm,2001,22251.0
fsm,2002,22027.0
fsm,2003,21775.0
fsm,2004,21513.0
fsm,2005,21222.0
fsm,2006,20913.0
fsm,2007,20594.0
fsm,2008,20287.0
fsm,2009,19996.0
fsm,2010,19734.0
fsm,2011,19385.0
fsm,2012,19087.0
fsm,2013,18823.0
fsm,2014,18598.0
fsm,2015,18414.0
fsm,2016,18228.0
gab,1970,101287.0
gab,1971,105218.0
gab,1972,109014.0
gab,1973,112779.0
gab,1974,116640.0
gab,1975,120669.0
gab,1976,125100.0
gab,1977,129648.0
gab,1978,134296.0
gab,1979,138982.0
gab,1980,143692.0
gab,1981,148865.0
gab,1982,154003.0
gab,1983,159155.0
gab,1984,164407.0
gab,1985,169792.0
gab,1986,175728.0
gab,1987,181679.0
gab,1988,187643.0
gab,1989,193570.0
gab,1990,199415.0
gab,1991,205541.0
gab,1992,211506.0
gab,1993,217305.0
gab,1994,222931.0
gab,1995,228369.0
gab,1996,233657.0
gab,1997,238789.0
gab,1998,243778.0
gab,1999,248596.0
gab,2000,253266.0
gab,2001,257555.0
gab,2002,261635.0
gab,2003,265831.0
gab,2004,270575.0
gab,2005,276139.0
gab,2006,280628.0
gab,2007,285926.0
gab,2008,292026.0
gab,2009,298810.0
gab,2010,306172.0
gab,2011,314900.0
gab,2012,323840.0
gab,2013,332716.0
gab,2014,341009.0
gab,2015,348279.0
gab,2016,358413.0
gbr,1970,6891344.0
gbr,1971,6917637.0
gbr,1972,6929011.0
gbr,1973,6913570.0
gbr,1974,6863919.0
gbr,1975,6780574.0
gbr,1976,6666058.0
gbr,1977,6529993.0
gbr,1978,6378506.0
gbr,1979,6225058.0
gbr,1980,6076954.0
gbr,1981,5939206.0
gbr,1982,5810818.0
gbr,1983,5702443.0
gbr,1984,5616896.0
gbr,1985,5551229.0
gbr,1986,5531491.0
gbr,1987,5514346.0
gbr,1988,5508076.0
gbr,1989,5521119.0
gbr,1990,5554117.0
gbr,1991,5583224.0
gbr,1992,5628866.0
gbr,1993,5683393.0
gbr,1994,5735028.0
gbr,1995,5774093.0
gbr,1996,5786406.0
gbr,1997,5786163.0
gbr,1998,5776489.0
gbr,1999,5762020.0
gbr,2000,5743827.0
gbr,2001,5710920.0
gbr,2002,5669848.0
gbr,2003,5625674.0
gbr,2004,5588818.0
gbr,2005,5566236.0
gbr,2006,5558487.0
gbr,2007,5568097.0
gbr,2008,5588993.0
gbr,2009,5610032.0
gbr,2010,5629400.0
gbr,2011,5690601.0
gbr,2012,5726996.0
gbr,2013,5755243.0
gbr,2014,5798686.0
gbr,2015,5861214.0
gbr,2016,5918613.0
geo,1970,646707.0
geo,1971,641629.0
geo,1972,636792.0
geo,1973,631025.0
geo,1974,624422.0
geo,1975,616136.0
geo,1976,608917.0
geo,1977,600224.0
geo,1978,590564.0
geo,1979,582937.0
geo,1980,578124.0
geo,1981,576572.0
geo,1982,577521.0
geo,1983,580798.0
geo,1984,585308.0
geo,1985,590717.0
geo,1986,597932.0
geo,1987,604637.0
geo,1988,611814.0
geo,1989,613456.0
geo,1990,611678.0
geo,1991,614751.0
geo,1992,617758.0
geo,1993,620418.0
geo,1994,612051.0
geo,1995,593896.0
geo,1996,571535.0
geo,1997,554044.0
geo,1998,541190.0
geo,1999,528184.0
geo,2000,513674.0
geo,2001,496968.0
geo,2002,479603.0
geo,2003,458993.0
geo,2004,439370.0
geo,2005,421813.0
geo,2006,407814.0
geo,2007,396114.0
geo,2008,386787.0
geo,2009,379212.0
geo,2010,372938.0
geo,2011,370371.0
geo,2012,367676.0
geo,2013,365024.0
geo,2014,362826.0
geo,2015,365337.0
geo,2016,369522.0
gha,1970,2006732.0
gha,1971,2070600.0
gha,1972,2136628.0
gha,1973,2201741.0
gha,1974,2260878.0
gha,1975,2309981.0
gha,1976,2355712.0
gha,1977,2392012.0
gha,1978,2424594.0
gha,1979,2462622.0
gha,1980,2513639.0
gha,1981,2581471.0
gha,1982,2658290.0
gha,1983,2741162.0
gha,1984,2824106.0
gha,1985,2901985.0
gha,1986,2982618.0
gha,1987,3057970.0
gha,1988,3129057.0
gha,1989,3197982.0
gha,1990,3266491.0
gha,1991,3347033.0
gha,1992,3425499.0
gha,1993,3502243.0
gha,1994,3577559.0
gha,1995,3651366.0
gha,1996,3731592.0
gha,1997,3811377.0
gha,1998,3889975.0
gha,1999,3966332.0
gha,2000,4040374.0
gha,2001,4129041.0
gha,2002,4213809.0
gha,2003,4296940.0
gha,2004,4381747.0
gha,2005,4469672.0
gha,2006,4563488.0
gha,2007,4660429.0
gha,2008,4758689.0
gha,2009,4856449.0
gha,2010,4953841.0
gha,2011,5057573.0
gha,2012,5160342.0
gha,2013,5262654.0
gha,2014,5364534.0
gha,2015,5464785.0
gha,2016,5572296.0
gin,1970,864557.0
gin,1971,874853.0
gin,1972,882477.0
gin,1973,887826.0
gin,1974,891399.0
gin,1975,893881.0
gin,1976,901672.0
gin,1977,908072.0
gin,1978,914965.0
gin,1979,924829.0
gin,1980,939694.0
gin,1981,963198.0
gin,1982,990251.0
gin,1983,1020866.0
gin,1984,1054086.0
gin,1985,1089179.0
gin,1986,1128240.0
gin,1987,1166675.0
gin,1988,1208424.0
gin,1989,1259335.0
gin,1990,1323668.0
gin,1991,1404363.0
gin,1992,1494982.0
gin,1993,1588876.0
gin,1994,1674916.0
gin,1995,1743673.0
gin,1996,1808508.0
gin,1997,1858517.0
gin,1998,1896368.0
gin,1999,1928057.0
gin,2000,1958643.0
gin,2001,1997852.0
gin,2002,2035445.0
gin,2003,2072352.0
gin,2004,2109146.0
gin,2005,2146354.0
gin,2006,2189065.0
gin,2007,2232060.0
gin,2008,2275497.0
gin,2009,2319045.0
gin,2010,2362425.0
gin,2011,2408970.0
gin,2012,2454261.0
gin,2013,2499475.0
gin,2014,2546213.0
gin,2015,2595680.0
gin,2016,2649796.0
gmb,1970,92414.0
gmb,1971,97438.0
gmb,1972,101929.0
gmb,1973,105920.0
gmb,1974,109536.0
gmb,1975,112947.0
gmb,1976,117355.0
gmb,1977,121883.0
gmb,1978,126597.0
gmb,1979,131468.0
gmb,1980,136553.0
gmb,1981,143071.0
gmb,1982,149229.0
gmb,1983,155457.0
gmb,1984,162315.0
gmb,1985,170099.0
gmb,1986,178406.0
gmb,1987,187348.0
gmb,1988,196502.0
gmb,1989,205041.0
gmb,1990,212320.0
gmb,1991,221699.0
gmb,1992,229861.0
gmb,1993,236939.0
gmb,1994,243391.0
gmb,1995,249635.0
gmb,1996,256836.0
gmb,1997,263727.0
gmb,1998,270561.0
gmb,1999,277636.0
gmb,2000,285207.0
gmb,2001,294985.0
gmb,2002,305080.0
gmb,2003,315484.0
gmb,2004,326082.0
gmb,2005,336771.0
gmb,2006,348508.0
gmb,2007,360155.0
gmb,2008,371715.0
gmb,2009,383251.0
gmb,2010,394813.0
gmb,2011,407239.0
gmb,2012,419599.0
gmb,2013,431840.0
gmb,2014,443884.0
gmb,2015,455690.0
gmb,2016,468279.0
gnb,1970,141786.0
gnb,1971,145211.0
gnb,1972,148864.0
gnb,1973,152440.0
gnb,1974,155449.0
gnb,1975,157578.0
gnb,1976,161079.0
gnb,1977,163747.0
gnb,1978,166205.0
gnb,1979,169398.0
gnb,1980,174027.0
gnb,1981,178623.0
gnb,1982,184479.0
gnb,1983,191169.0
gnb,1984,197935.0
gnb,1985,204237.0
gnb,1986,211023.0
gnb,1987,216965.0
gnb,1988,222337.0
gnb,1989,227585.0
gnb,1990,232939.0
gnb,1991,238828.0
gnb,1992,244739.0
gnb,1993,250382.0
gnb,1994,255298.0
gnb,1995,259244.0
gnb,1996,264593.0
gnb,1997,268969.0
gnb,1998,272737.0
gnb,1999,276421.0
gnb,2000,280310.0
gnb,2001,283785.0
gnb,2002,287432.0
gnb,2003,291298.0
gnb,2004,295412.0
gnb,2005,299856.0
gnb,2006,305311.0
gnb,2007,310956.0
gnb,2008,316872.0
gnb,2009,323110.0
gnb,2010,329700.0
gnb,2011,337719.0
gnb,2012,345728.0
gnb,2013,353768.0
gnb,2014,361813.0
gnb,2015,369777.0
gnb,2016,378532.0
gnq,1970,59674.0
gnq,1971,59078.0
gnq,1972,57269.0
gnq,1973,54712.0
gnq,1974,52164.0
gnq,1975,50225.0
gnq,1976,48525.0
gnq,1977,47433.0
gnq,1978,47169.0
gnq,1979,47974.0
gnq,1980,50134.0
gnq,1981,53618.0
gnq,1982,58192.0
gnq,1983,63474.0
gnq,1984,68740.0
gnq,1985,73324.0
gnq,1986,78084.0
gnq,1987,81945.0
gnq,1988,85189.0
gnq,1989,88335.0
gnq,1990,91742.0
gnq,1991,94660.0
gnq,1992,97912.0
gnq,1993,101395.0
gnq,1994,104889.0
gnq,1995,108315.0
gnq,1996,111492.0
gnq,1997,114620.0
gnq,1998,117940.0
gnq,1999,121641.0
gnq,2000,125750.0
gnq,2001,130091.0
gnq,2002,134523.0
gnq,2003,139434.0
gnq,2004,145019.0
gnq,2005,151272.0
gnq,2006,157275.0
gnq,2007,163557.0
gnq,2008,170390.0
gnq,2009,177651.0
gnq,2010,185063.0
gnq,2011,192850.0
gnq,2012,200252.0
gnq,2013,207739.0
gnq,2014,215373.0
gnq,2015,222902.0
gnq,2016,231099.0
grc,1970,1182459.0
grc,1971,1185634.0
grc,1972,1183481.0
grc,1973,1174502.0
grc,1974,1165829.0
grc,1975,1167904.0
grc,1976,1170594.0
grc,1977,1175417.0
grc,1978,1182239.0
grc,1979,1185692.0
grc,1980,1181137.0
grc,1981,1182943.0
grc,1982,1175310.0
grc,1983,1163509.0
grc,1984,1150246.0
grc,1985,1136207.0
grc,1986,1118278.0
grc,1987,1098754.0
grc,1988,1077299.0
grc,1989,1055142.0
grc,1990,1037186.0
grc,1991,1021872.0
grc,1992,1003757.0
grc,1993,984130.0
grc,1994,962046.0
grc,1995,937641.0
grc,1996,924130.0
grc,1997,907563.0
grc,1998,890322.0
grc,1999,873644.0
grc,2000,860810.0
grc,2001,854238.0
grc,2002,849634.0
grc,2003,846803.0
grc,2004,845537.0
grc,2005,845281.0
grc,2006,845301.0
grc,2007,847364.0
grc,2008,850216.0
grc,2009,851419.0
grc,2010,848600.0
grc,2011,849869.0
grc,2012,842135.0
grc,2013,829697.0
grc,2014,818411.0
grc,2015,809425.0
grc,2016,793192.0
grd,1970,23346.0
grd,1971,22444.0
grd,1972,21708.0
grd,1973,21100.0
grd,1974,20498.0
grd,1975,19829.0
grd,1976,19378.0
grd,1977,18784.0
grd,1978,18210.0
grd,1979,17915.0
grd,1980,18028.0
grd,1981,18010.0
grd,1982,18320.0
grd,1983,18805.0
grd,1984,19206.0
grd,1985,19347.0
grd,1986,19493.0
grd,1987,19412.0
grd,1988,19190.0
grd,1989,19024.0
grd,1990,19042.0
grd,1991,19162.0
grd,1992,19327.0
grd,1993,19465.0
grd,1994,19503.0
grd,1995,19407.0
grd,1996,19174.0
grd,1997,18958.0
grd,1998,18720.0
grd,1999,18396.0
grd,2000,17984.0
grd,2001,17603.0
grd,2002,17116.0
grd,2003,16577.0
grd,2004,16083.0
grd,2005,15693.0
grd,2006,15330.0
grd,2007,15098.0
grd,2008,14955.0
grd,2009,14843.0
grd,2010,14721.0
grd,2011,14671.0
grd,2012,14598.0
grd,2013,14525.0
grd,2014,14485.0
grd,2015,14497.0
grd,2016,14511.0
gtm,1970,1311399.0
gtm,1971,1348211.0
gtm,1972,1385021.0
gtm,1973,1421829.0
gtm,1974,1458618.0
gtm,1975,1495379.0
gtm,1976,1538482.0
gtm,1977,1581846.0
gtm,1978,1625269.0
gtm,1979,1668869.0
gtm,1980,1712903.0
gtm,1981,1761384.0
gtm,1982,1809998.0
gtm,1983,1857977.0
gtm,1984,1904494.0
gtm,1985,1949057.0
gtm,1986,1994681.0
gtm,1987,2037706.0
gtm,1988,2078693.0
gtm,1989,2119250.0
gtm,1990,2160609.0
gtm,1991,2201796.0
gtm,1992,2246785.0
gtm,1993,2293164.0
gtm,1994,2337984.0
gtm,1995,2380122.0
gtm,1996,2423875.0
gtm,1997,2463637.0
gtm,1998,2501733.0
gtm,1999,2542534.0
gtm,2000,2588510.0
gtm,2001,2630799.0
gtm,2002,2678511.0
gtm,2003,2728421.0
gtm,2004,2775386.0
gtm,2005,2816464.0
gtm,2006,2851388.0
gtm,2007,2878327.0
gtm,2008,2899325.0
gtm,2009,2918519.0
gtm,2010,2938288.0
gtm,2011,2950908.0
gtm,2012,2966969.0
gtm,2013,2983931.0
gtm,2014,2997870.0
gtm,2015,3007316.0
gtm,2016,3020275.0
gum,1970,16840.0
gum,1971,16936.0
gum,1972,16989.0
gum,1973,17100.0
gum,1974,17290.0
gum,1975,17523.0
gum,1976,17668.0
gum,1977,17766.0
gum,1978,17871.0
gum,1979,18035.0
gum,1980,18285.0
gum,1981,18329.0
gum,1982,18452.0
gum,1983,18645.0
gum,1984,18881.0
gum,1985,19126.0
gum,1986,19303.0
gum,1987,19456.0
gum,1988,19599.0
gum,1989,19735.0
gum,1990,19883.0
gum,1991,20495.0
gum,1992,21140.0
gum,1993,21799.0
gum,1994,22426.0
gum,1995,22971.0
gum,1996,23472.0
gum,1997,23862.0
gum,1998,24143.0
gum,1999,24321.0
gum,2000,24419.0
gum,2001,24507.0
gum,2002,24519.0
gum,2003,24470.0
gum,2004,24368.0
gum,2005,24201.0
gum,2006,23960.0
gum,2007,23681.0
gum,2008,23368.0
gum,2009,23037.0
gum,2010,22700.0
gum,2011,22349.0
gum,2012,22006.0
gum,2013,21684.0
gum,2014,21398.0
gum,2015,21168.0
gum,2016,20996.0
guy,1970,168093.0
guy,1971,167834.0
guy,1972,167634.0
guy,1973,167611.0
guy,1974,167865.0
guy,1975,168399.0
guy,1976,168678.0
guy,1977,169205.0
guy,1978,169501.0
guy,1979,169116.0
guy,1980,167860.0
guy,1981,165304.0
guy,1982,162655.0
guy,1983,159959.0
guy,1984,156989.0
guy,1985,153468.0
guy,1986,149546.0
guy,1987,144866.0
guy,1988,140156.0
guy,1989,136487.0
guy,1990,134463.0
guy,1991,133652.0
guy,1992,134318.0
guy,1993,135979.0
guy,1994,137661.0
guy,1995,138719.0
guy,1996,138499.0
guy,1997,137778.0
guy,1998,137144.0
guy,1999,137269.0
guy,2000,138265.0
guy,2001,138423.0
guy,2002,139076.0
guy,2003,139749.0
guy,2004,139798.0
guy,2005,138945.0
guy,2006,136218.0
guy,2007,133078.0
guy,2008,129793.0
guy,2009,126960.0
guy,2010,124946.0
guy,2011,122699.0
guy,2012,121061.0
guy,2013,119842.0
guy,2014,118728.0
guy,2015,117545.0
guy,2016,116709.0
hic,1970,117832674.0
hic,1971,117687604.0
hic,1972,117589458.0
hic,1973,117347004.0
hic,1974,117091848.0
hic,1975,116571729.0
hic,1976,116132969.0
hic,1977,115420884.0
hic,1978,114513217.0
hic,1979,113639277.0
hic,1980,112836366.0
hic,1981,112020936.0
hic,1982,111351963.0
hic,1983,110758772.0
hic,1984,110120174.0
hic,1985,109420782.0
hic,1986,109032062.0
hic,1987,108509380.0
hic,1988,107951815.0
hic,1989,107517586.0
hic,1990,107278063.0
hic,1991,107319869.0
hic,1992,107193523.0
hic,1993,107407397.0
hic,1994,107459147.0
hic,1995,107574451.0
hic,1996,107473301.0
hic,1997,107125398.0
hic,1998,106622858.0
hic,1999,106145892.0
hic,2000,105755085.0
hic,2001,105102603.0
hic,2002,104598616.0
hic,2003,104161114.0
hic,2004,103727640.0
hic,2005,103244680.0
hic,2006,103035711.0
hic,2007,102812454.0
hic,2008,102636594.0
hic,2009,102420891.0
hic,2010,102176262.0
hic,2011,101985645.0
hic,2012,101767369.0
hic,2013,101537162.0
hic,2014,101433142.0
hic,2015,101468282.0
hic,2016,101434305.0
hkg,1970,744086.0
hkg,1971,736148.0
hkg,1972,728269.0
hkg,1973,727575.0
hkg,1974,727806.0
hkg,1975,716731.0
hkg,1976,700874.0
hkg,1977,681640.0
hkg,1978,662636.0
hkg,1979,669237.0
hkg,1980,660332.0
hkg,1981,663067.0
hkg,1982,664159.0
hkg,1983,667712.0
hkg,1984,667774.0
hkg,1985,667042.0
hkg,1986,658753.0
hkg,1987,648083.0
hkg,1988,636394.0
hkg,1989,627016.0
hkg,1990,614315.0
hkg,1991,605255.0
hkg,1992,598373.0
hkg,1993,597193.0
hkg,1994,597761.0
hkg,1995,594786.0
hkg,1996,613116.0
hkg,1997,605519.0
hkg,1998,596609.0
hkg,1999,589475.0
hkg,2000,582855.0
hkg,2001,566525.0
hkg,2002,550601.0
hkg,2003,532223.0
hkg,2004,519057.0
hkg,2005,504077.0
hkg,2006,486098.0
hkg,2007,471794.0
hkg,2008,458129.0
hkg,2009,444174.0
hkg,2010,434242.0
hkg,2011,426605.0
hkg,2012,420638.0
hkg,2013,413884.0
hkg,2014,414027.0
hkg,2015,421791.0
hkg,2016,425082.0
hnd,1970,654190.0
hnd,1971,674620.0
hnd,1972,694543.0
hnd,1973,714511.0
hnd,1974,735204.0
hnd,1975,756992.0
hnd,1976,780398.0
hnd,1977,805060.0
hnd,1978,830559.0
hnd,1979,856146.0
hnd,1980,881408.0
hnd,1981,908615.0
hnd,1982,935007.0
hnd,1983,961007.0
hnd,1984,987240.0
hnd,1985,1013936.0
hnd,1986,1041341.0
hnd,1987,1068940.0
hnd,1988,1096703.0
hnd,1989,1124469.0
hnd,1990,1152136.0
hnd,1991,1179369.0
hnd,1992,1206874.0
hnd,1993,1234300.0
hnd,1994,1261176.0
hnd,1995,1287208.0
hnd,1996,1313265.0
hnd,1997,1337616.0
hnd,1998,1360721.0
hnd,1999,1383325.0
hnd,2000,1405679.0
hnd,2001,1426641.0
hnd,2002,1447227.0
hnd,2003,1466688.0
hnd,2004,1483806.0
hnd,2005,1497820.0
hnd,2006,1510095.0
hnd,2007,1518817.0
hnd,2008,1524343.0
hnd,2009,1527372.0
hnd,2010,1528277.0
hnd,2011,1526930.0
hnd,2012,1523679.0
hnd,2013,1518781.0
hnd,2014,1512700.0
hnd,2015,1506014.0
hnd,2016,1499436.0
hpc,1970,46590193.0
hpc,1971,48060925.0
hpc,1972,49514621.0
hpc,1973,50960207.0
hpc,1974,52403424.0
hpc,1975,53847602.0
hpc,1976,55507195.0
hpc,1977,57156549.0
hpc,1978,58803122.0
hpc,1979,60447555.0
hpc,1980,62085670.0
hpc,1981,64001212.0
hpc,1982,65870321.0
hpc,1983,67713045.0
hpc,1984,69555581.0
hpc,1985,71421499.0
hpc,1986,73574538.0
hpc,1987,75708386.0
hpc,1988,77856823.0
hpc,1989,80056549.0
hpc,1990,82329489.0
hpc,1991,84863487.0
hpc,1992,87435824.0
hpc,1993,90021745.0
hpc,1994,92573983.0
hpc,1995,95052026.0
hpc,1996,97843230.0
hpc,1997,100553915.0
hpc,1998,103230847.0
hpc,1999,105937206.0
hpc,2000,108717384.0
hpc,2001,111824442.0
hpc,2002,114946873.0
hpc,2003,118100251.0
hpc,2004,121288705.0
hpc,2005,124500809.0
hpc,2006,127976268.0
hpc,2007,131446274.0
hpc,2008,134908578.0
hpc,2009,138362424.0
hpc,2010,141815147.0
hpc,2011,145396835.0
hpc,2012,148933931.0
hpc,2013,152433932.0
hpc,2014,155905867.0
hpc,2015,159349188.0
hpc,2016,162938833.0
hrv,1970,526874.0
hrv,1971,519740.0
hrv,1972,514905.0
hrv,1973,511751.0
hrv,1974,508704.0
hrv,1975,505011.0
hrv,1976,503589.0
hrv,1977,499181.0
hrv,1978,496815.0
hrv,1979,494652.0
hrv,1980,494537.0
hrv,1981,494199.0
hrv,1982,496608.0
hrv,1983,499638.0
hrv,1984,501537.0
hrv,1985,501731.0
hrv,1986,501940.0
hrv,1987,499876.0
hrv,1988,496177.0
hrv,1989,491021.0
hrv,1990,485695.0
hrv,1991,452476.0
hrv,1992,442524.0
hrv,1993,452847.0
hrv,1994,447160.0
hrv,1995,442535.0
hrv,1996,417986.0
hrv,1997,419515.0
hrv,1998,408840.0
hrv,1999,409378.0
hrv,2000,392772.0
hrv,2001,389421.0
hrv,2002,381179.0
hrv,2003,371359.0
hrv,2004,363145.0
hrv,2005,358598.0
hrv,2006,352123.0
hrv,2007,350736.0
hrv,2008,352462.0
hrv,2009,353018.0
hrv,2010,350484.0
hrv,2011,340193.0
hrv,2012,336144.0
hrv,2013,330252.0
hrv,2014,324868.0
hrv,2015,320373.0
hrv,2016,315181.0
hti,1970,992278.0
hti,1971,1008889.0
hti,1972,1024048.0
hti,1973,1038434.0
hti,1974,1052951.0
hti,1975,1068407.0
hti,1976,1086699.0
hti,1977,1106864.0
hti,1978,1128884.0
hti,1979,1152956.0
hti,1980,1179480.0
hti,1981,1212241.0
hti,1982,1247606.0
hti,1983,1285092.0
hti,1984,1323568.0
hti,1985,1361886.0
hti,1986,1404039.0
hti,1987,1442933.0
hti,1988,1479676.0
hti,1989,1515713.0
hti,1990,1551304.0
hti,1991,1582318.0
hti,1992,1613993.0
hti,1993,1644284.0
hti,1994,1670476.0
hti,1995,1691514.0
hti,1996,1710587.0
hti,1997,1725075.0
hti,1998,1735857.0
hti,1999,1744858.0
hti,2000,1753216.0
hti,2001,1762350.0
hti,2002,1769935.0
hti,2003,1776692.0
hti,2004,1783412.0
hti,2005,1790560.0
hti,2006,1796904.0
hti,2007,1804672.0
hti,2008,1812915.0
hti,2009,1820083.0
hti,2010,1825333.0
hti,2011,1831115.0
hti,2012,1834317.0
hti,2013,1835705.0
hti,2014,1836733.0
hti,2015,1838105.0
hti,2016,1839008.0
hun,1970,1105550.0
hun,1971,1100528.0
hun,1972,1090110.0
hun,1973,1080211.0
hun,1974,1080055.0
hun,1975,1093425.0
hun,1976,1108593.0
hun,1977,1137385.0
hun,1978,1172283.0
hun,1979,1199978.0
hun,1980,1213611.0
hun,1981,1229477.0
hun,1982,1225878.0
hun,1983,1209188.0
hun,1984,1192322.0
hun,1985,1182569.0
hun,1986,1154878.0
hun,1987,1143006.0
hun,1988,1138148.0
hun,1989,1116112.0
hun,1990,1083170.0
hun,1991,1070695.0
hun,1992,1043646.0
hun,1993,1008656.0
hun,1994,977514.0
hun,1995,955205.0
hun,1996,934900.0
hun,1997,918938.0
hun,1998,906216.0
hun,1999,893340.0
hun,2000,879586.0
hun,2001,860133.0
hun,2002,844283.0
hun,2003,830380.0
hun,2004,816713.0
hun,2005,802203.0
hun,2006,798269.0
hun,2007,790700.0
hun,2008,780573.0
hun,2009,771113.0
hun,2010,763305.0
hun,2011,753683.0
hun,2012,744349.0
hun,2013,738704.0
hun,2014,734115.0
hun,2015,730202.0
hun,2016,724138.0
idn,1970,25151812.0
idn,1971,25855215.0
idn,1972,26494098.0
idn,1973,27080602.0
idn,1974,27635115.0
idn,1975,28168756.0
idn,1976,28732180.0
idn,1977,29266037.0
idn,1978,29771401.0
idn,1979,30246817.0
idn,1980,30692714.0
idn,1981,31164253.0
idn,1982,31603059.0
idn,1983,32005958.0
idn,1984,32365740.0
idn,1985,32676505.0
idn,1986,33010204.0
idn,1987,33269421.0
idn,1988,33462621.0
idn,1989,33604173.0
idn,1990,33699901.0
idn,1991,33756996.0
idn,1992,33802360.0
idn,1993,33820697.0
idn,1994,33786135.0
idn,1995,33689595.0
idn,1996,33609444.0
idn,1997,33454170.0
idn,1998,33255997.0
idn,1999,33078178.0
idn,2000,32972802.0
idn,2001,33213904.0
idn,2002,33541188.0
idn,2003,33932162.0
idn,2004,34350712.0
idn,2005,34774388.0
idn,2006,34943569.0
idn,2007,35145974.0
idn,2008,35394614.0
idn,2009,35704562.0
idn,2010,36061545.0
idn,2011,36184124.0
idn,2012,36390696.0
idn,2013,36610942.0
idn,2014,36762687.0
idn,2015,36815328.0
idn,2016,36946347.0
ind,1970,116963267.0
ind,1971,119289839.0
ind,1972,121672938.0
ind,1973,124088323.0
ind,1974,126450981.0
ind,1975,128713788.0
ind,1976,131388808.0
ind,1977,133894447.0
ind,1978,136313342.0
ind,1979,138770270.0
ind,1980,141339741.0
ind,1981,144348503.0
ind,1982,147463922.0
ind,1983,150617458.0
ind,1984,153677587.0
ind,1985,156565301.0
ind,1986,159903936.0
ind,1987,162911087.0
ind,1988,165679798.0
ind,1989,168345469.0
ind,1990,170963403.0
ind,1991,173664212.0
ind,1992,176290334.0
ind,1993,178787653.0
ind,1994,181062302.0
ind,1995,183076537.0
ind,1996,185164980.0
ind,1997,187001305.0
ind,1998,188608882.0
ind,1999,190043484.0
ind,2000,191343377.0
ind,2001,192858921.0
ind,2002,194181387.0
ind,2003,195340054.0
ind,2004,196362898.0
ind,2005,197261130.0
ind,2006,198296863.0
ind,2007,199182101.0
ind,2008,199881361.0
ind,2009,200313061.0
ind,2010,200417081.0
ind,2011,200445771.0
ind,2012,200056881.0
ind,2013,199359781.0
ind,2014,198545849.0
ind,2015,197741293.0
ind,2016,196779518.0
irl,1970,465351.0
irl,1971,468858.0
irl,1972,477784.0
irl,1973,489167.0
irl,1974,499703.0
irl,1975,507679.0
irl,1976,518008.0
irl,1977,523207.0
irl,1978,526161.0
irl,1979,528968.0
irl,1980,532404.0
irl,1981,536181.0
irl,1982,541104.0
irl,1983,545534.0
irl,1984,547702.0
irl,1985,544301.0
irl,1986,539371.0
irl,1987,531561.0
irl,1988,519240.0
irl,1989,506567.0
irl,1990,496867.0
irl,1991,486149.0
irl,1992,477424.0
irl,1993,468607.0
irl,1994,459213.0
irl,1995,450101.0
irl,1996,440735.0
irl,1997,432902.0
irl,1998,426013.0
irl,1999,420786.0
irl,2000,418070.0
irl,2001,417021.0
irl,2002,417386.0
irl,2003,418843.0
irl,2004,422853.0
irl,2005,430355.0
irl,2006,442558.0
irl,2007,457622.0
irl,2008,470542.0
irl,2009,479121.0
irl,2010,484691.0
irl,2011,493147.0
irl,2012,499948.0
irl,2013,505736.0
irl,2014,511553.0
irl,2015,521397.0
irl,2016,531285.0
irn,1970,6472617.0
irn,1971,6622284.0
irn,1972,6773449.0
irn,1973,6932702.0
irn,1974,7106836.0
irn,1975,7301726.0
irn,1976,7519441.0
irn,1977,7759146.0
irn,1978,8024544.0
irn,1979,8322385.0
irn,1980,8659590.0
irn,1981,9086398.0
irn,1982,9544513.0
irn,1983,10026004.0
irn,1984,10517501.0
irn,1985,11004761.0
irn,1986,11537979.0
irn,1987,12041667.0
irn,1988,12486065.0
irn,1989,12835665.0
irn,1990,13063385.0
irn,1991,13209009.0
irn,1992,13252345.0
irn,1993,13215828.0
irn,1994,13135431.0
irn,1995,13038506.0
irn,1996,12827401.0
irn,1997,12606284.0
irn,1998,12370513.0
irn,1999,12104419.0
irn,2000,11792899.0
irn,2001,11369559.0
irn,2002,10899928.0
irn,2003,10388891.0
irn,2004,9867758.0
irn,2005,9379262.0
irn,2006,9195982.0
irn,2007,9053452.0
irn,2008,8966817.0
irn,2009,8937267.0
irn,2010,8957138.0
irn,2011,9039363.0
irn,2012,9152551.0
irn,2013,9289550.0
irn,2014,9436875.0
irn,2015,9580920.0
irn,2016,9696203.0
irq,1970,2265180.0
irq,1971,2364909.0
irq,1972,2464431.0
irq,1973,2565646.0
irq,1974,2669314.0
irq,1975,2774838.0
irq,1976,2879404.0
irq,1977,2989328.0
irq,1978,3098330.0
irq,1979,3197944.0
irq,1980,3283818.0
irq,1981,3382378.0
irq,1982,3469123.0
irq,1983,3546642.0
irq,1984,3620778.0
irq,1985,3695061.0
irq,1986,3773673.0
irq,1987,3854140.0
irq,1988,3937408.0
irq,1989,4024802.0
irq,1990,4118301.0
irq,1991,4202028.0
irq,1992,4291127.0
irq,1993,4386422.0
irq,1994,4489275.0
irq,1995,4600056.0
irq,1996,4711280.0
irq,1997,4831789.0
irq,1998,4957717.0
irq,1999,5082898.0
irq,2000,5203493.0
irq,2001,5337530.0
irq,2002,5464575.0
irq,2003,5587450.0
irq,2004,5711344.0
irq,2005,5839151.0
irq,2006,5970687.0
irq,2007,6111008.0
irq,2008,6261100.0
irq,2009,6422452.0
irq,2010,6598222.0
irq,2011,6776116.0
irq,2012,6964247.0
irq,2013,7159599.0
irq,2014,7357324.0
irq,2015,7551842.0
irq,2016,7754678.0
isl,1970,34164.0
isl,1971,33871.0
isl,1972,33841.0
isl,1973,33830.0
isl,1974,33722.0
isl,1975,33525.0
isl,1976,33355.0
isl,1977,32998.0
isl,1978,32596.0
isl,1979,32304.0
isl,1980,32144.0
isl,1981,32059.0
isl,1982,32159.0
isl,1983,32330.0
isl,1984,32417.0
isl,1985,32360.0
isl,1986,32307.0
isl,1987,32310.0
isl,1988,32440.0
isl,1989,32497.0
isl,1990,32476.0
isl,1991,32677.0
isl,1992,33011.0
isl,1993,33311.0
isl,1994,33515.0
isl,1995,33515.0
isl,1996,33518.0
isl,1997,33413.0
isl,1998,33275.0
isl,1999,33208.0
isl,2000,33292.0
isl,2001,33243.0
isl,2002,33265.0
isl,2003,33319.0
isl,2004,33392.0
isl,2005,33617.0
isl,2006,34018.0
isl,2007,34437.0
isl,2008,34609.0
isl,2009,34265.0
isl,2010,33760.0
isl,2011,33811.0
isl,2012,33795.0
isl,2013,33861.0
isl,2014,34040.0
isl,2015,34297.0
isl,2016,34360.0
isr,1970,501677.0
isr,1971,514387.0
isr,1972,526880.0
isr,1973,549492.0
isr,1974,566711.0
isr,1975,579191.0
isr,1976,595625.0
isr,1977,610624.0
isr,1978,623990.0
isr,1979,640589.0
isr,1980,656919.0
isr,1981,669740.0
isr,1982,682719.0
isr,1983,695378.0
isr,1984,703336.0
isr,1985,712854.0
isr,1986,718342.0
isr,1987,723621.0
isr,1988,728288.0
isr,1989,732320.0
isr,1990,746029.0
isr,1991,782391.0
isr,1992,797675.0
isr,1993,805733.0
isr,1994,813817.0
isr,1995,824046.0
isr,1996,837929.0
isr,1997,853153.0
isr,1998,868468.0
isr,1999,886765.0
isr,2000,905940.0
isr,2001,926280.0
isr,2002,942901.0
isr,2003,957625.0
isr,2004,973257.0
isr,2005,990606.0
isr,2006,1001751.0
isr,2007,1015196.0
isr,2008,1029966.0
isr,2009,1051302.0
isr,2010,1066672.0
isr,2011,1092672.0
isr,2012,1119098.0
isr,2013,1145873.0
isr,2014,1172776.0
isr,2015,1199233.0
isr,2016,1224977.0
ita,1970,6797046.0
ita,1971,6811880.0
ita,1972,6841388.0
ita,1973,6874991.0
ita,1974,6885927.0
ita,1975,6861906.0
ita,1976,6823936.0
ita,1977,6742679.0
ita,1978,6627192.0
ita,1979,6495469.0
ita,1980,6357472.0
ita,1981,6197289.0
ita,1982,6040994.0
ita,1983,5884634.0
ita,1984,5721578.0
ita,1985,5551181.0
ita,1986,5393245.0
ita,1987,5231206.0
ita,1988,5072705.0
ita,1989,4925981.0
ita,1990,4795252.0
ita,1991,4690650.0
ita,1992,4598319.0
ita,1993,4518340.0
ita,1994,4446717.0
ita,1995,4382216.0
ita,1996,4331040.0
ita,1997,4286026.0
ita,1998,4245923.0
ita,1999,4213338.0
ita,2000,4191772.0
ita,2001,4167740.0
ita,2002,4158983.0
ita,2003,4169431.0
ita,2004,4189025.0
ita,2005,4199078.0
ita,2006,4215035.0
ita,2007,4234588.0
ita,2008,4256659.0
ita,2009,4267243.0
ita,2010,4268662.0
ita,2011,4269372.0
ita,2012,4265916.0
ita,2013,4295130.0
ita,2014,4313040.0
ita,2015,4288378.0
ita,2016,4242372.0
jam,1970,436416.0
jam,1971,443566.0
jam,1972,448942.0
jam,1973,452513.0
jam,1974,454633.0
jam,1975,455690.0
jam,1976,449452.0
jam,1977,443893.0
jam,1978,439679.0
jam,1979,437371.0
jam,1980,436988.0
jam,1981,437711.0
jam,1982,439567.0
jam,1983,441500.0
jam,1984,442022.0
jam,1985,440248.0
jam,1986,439004.0
jam,1987,435401.0
jam,1988,430821.0
jam,1989,427376.0
jam,1990,426245.0
jam,1991,424638.0
jam,1992,425037.0
jam,1993,426766.0
jam,1994,428582.0
jam,1995,429831.0
jam,1996,430903.0
jam,1997,432041.0
jam,1998,433072.0
jam,1999,433857.0
jam,2000,434097.0
jam,2001,434157.0
jam,2002,432576.0
jam,2003,429651.0
jam,2004,426081.0
jam,2005,422352.0
jam,2006,415674.0
jam,2007,409698.0
jam,2008,403555.0
jam,2009,396275.0
jam,2010,387605.0
jam,2011,379964.0
jam,2012,370716.0
jam,2013,360687.0
jam,2014,351486.0
jam,2015,344165.0
jam,2016,338507.0
jor,1970,410508.0
jor,1971,434648.0
jor,1972,455482.0
jor,1973,473369.0
jor,1974,489211.0
jor,1975,503972.0
jor,1976,528575.0
jor,1977,549601.0
jor,1978,568596.0
jor,1979,587818.0
jor,1980,608797.0
jor,1981,626544.0
jor,1982,647833.0
jor,1983,670717.0
jor,1984,692653.0
jor,1985,712804.0
jor,1986,737123.0
jor,1987,758905.0
jor,1988,781445.0
jor,1989,808977.0
jor,1990,843237.0
jor,1991,864738.0
jor,1992,892645.0
jor,1993,921418.0
jor,1994,943930.0
jor,1995,956351.0
jor,1996,983382.0
jor,1997,1001932.0
jor,1998,1014277.0
jor,1999,1024151.0
jor,2000,1034141.0
jor,2001,1043645.0
jor,2002,1052513.0
jor,2003,1063486.0
jor,2004,1080411.0
jor,2005,1106664.0
jor,2006,1140773.0
jor,2007,1182880.0
jor,2008,1232887.0
jor,2009,1289637.0
jor,2010,1351910.0
jor,2011,1420133.0
jor,2012,1491243.0
jor,2013,1561114.0
jor,2014,1623777.0
jor,2015,1673927.0
jor,2016,1717261.0
jpn,1970,12897263.0
jpn,1971,13021222.0
jpn,1972,13247465.0
jpn,1973,13447189.0
jpn,1974,13775650.0
jpn,1975,14003878.0
jpn,1976,14154833.0
jpn,1977,14216456.0
jpn,1978,14189824.0
jpn,1979,14145280.0
jpn,1980,14116492.0
jpn,1981,13952801.0
jpn,1982,13859434.0
jpn,1983,13787833.0
jpn,1984,13645819.0
jpn,1985,13402220.0
jpn,1986,13185751.0
jpn,1987,12851261.0
jpn,1988,12446636.0
jpn,1989,12054357.0
jpn,1990,11709818.0
jpn,1991,11394497.0
jpn,1992,11116032.0
jpn,1993,10876355.0
jpn,1994,10662963.0
jpn,1995,10458582.0
jpn,1996,10260703.0
jpn,1997,10085952.0
jpn,1998,9930331.0
jpn,1999,9775015.0
jpn,2000,9625475.0
jpn,2001,9514916.0
jpn,2002,9397981.0
jpn,2003,9282611.0
jpn,2004,9167222.0
jpn,2005,9071720.0
jpn,2006,8983777.0
jpn,2007,8928725.0
jpn,2008,8885008.0
jpn,2009,8836034.0
jpn,2010,8781583.0
jpn,2011,8730774.0
jpn,2012,8669464.0
jpn,2013,8601591.0
jpn,2014,8536794.0
jpn,2015,8480885.0
jpn,2016,8434354.0
kaz,1970,2433820.0
kaz,1971,2426568.0
kaz,1972,2428907.0
kaz,1973,2434593.0
kaz,1974,2432808.0
kaz,1975,2418824.0
kaz,1976,2416330.0
kaz,1977,2402339.0
kaz,1978,2386294.0
kaz,1979,2381458.0
kaz,1980,2393005.0
kaz,1981,2400544.0
kaz,1982,2421725.0
kaz,1983,2453165.0
kaz,1984,2486894.0
kaz,1985,2517587.0
kaz,1986,2544126.0
kaz,1987,2569513.0
kaz,1988,2589329.0
kaz,1989,2619352.0
kaz,1990,2615809.0
kaz,1991,2621926.0
kaz,1992,2596832.0
kaz,1993,2547742.0
kaz,1994,2476275.0
kaz,1995,2398514.0
kaz,1996,2325963.0
kaz,1997,2256317.0
kaz,1998,2186412.0
kaz,1999,2134170.0
kaz,2000,2096757.0
kaz,2001,2032714.0
kaz,2002,1978682.0
kaz,2003,1938009.0
kaz,2004,1911866.0
kaz,2005,1897523.0
kaz,2006,1900839.0
kaz,2007,1908796.0
kaz,2008,1922544.0
kaz,2009,1972798.0
kaz,2010,2012998.0
kaz,2011,2075093.0
kaz,2012,2147760.0
kaz,2013,2232279.0
kaz,2014,2323467.0
kaz,2015,2413618.0
kaz,2016,2505587.0
ken,1970,2755548.0
ken,1971,2865478.0
ken,1972,2979740.0
ken,1973,3098413.0
ken,1974,3220904.0
ken,1975,3346961.0
ken,1976,3486163.0
ken,1977,3626698.0
ken,1978,3770119.0
ken,1979,3918583.0
ken,1980,4073117.0
ken,1981,4240299.0
ken,1982,4411811.0
ken,1983,4585832.0
ken,1984,4759252.0
ken,1985,4929730.0
ken,1986,5110164.0
ken,1987,5284838.0
ken,1988,5453046.0
ken,1989,5613376.0
ken,1990,5764248.0
ken,1991,5916457.0
ken,1992,6053838.0
ken,1993,6179729.0
ken,1994,6300488.0
ken,1995,6420597.0
ken,1996,6556846.0
ken,1997,6703594.0
ken,1998,6854929.0
ken,1999,7001486.0
ken,2000,7140081.0
ken,2001,7311531.0
ken,2002,7465225.0
ken,2003,7613092.0
ken,2004,7773162.0
ken,2005,7954021.0
ken,2006,8146125.0
ken,2007,8360084.0
ken,2008,8586082.0
ken,2009,8806024.0
ken,2010,9009457.0
ken,2011,9206702.0
ken,2012,9381221.0
ken,2013,9539168.0
ken,2014,9692678.0
ken,2015,9847938.0
ken,2016,9992496.0
kgz,1970,625382.0
kgz,1971,632495.0
kgz,1972,641266.0
kgz,1973,650004.0
kgz,1974,658145.0
kgz,1975,663593.0
kgz,1976,667971.0
kgz,1977,670150.0
kgz,1978,671008.0
kgz,1979,673259.0
kgz,1980,677851.0
kgz,1981,685365.0
kgz,1982,696375.0
kgz,1983,710718.0
kgz,1984,726058.0
kgz,1985,740901.0
kgz,1986,759623.0
kgz,1987,778192.0
kgz,1988,795570.0
kgz,1989,815439.0
kgz,1990,833426.0
kgz,1991,851947.0
kgz,1992,864224.0
kgz,1993,864873.0
kgz,1994,863524.0
kgz,1995,869974.0
kgz,1996,874072.0
kgz,1997,877187.0
kgz,1998,879671.0
kgz,1999,879200.0
kgz,2000,872654.0
kgz,2001,863727.0
kgz,2002,851699.0
kgz,2003,838077.0
kgz,2004,825069.0
kgz,2005,813083.0
kgz,2006,811108.0
kgz,2007,810132.0
kgz,2008,812247.0
kgz,2009,819890.0
kgz,2010,830848.0
kgz,2011,843566.0
kgz,2012,863641.0
kgz,2013,889556.0
kgz,2014,917639.0
kgz,2015,947095.0
kgz,2016,980845.0
khm,1970,1598215.0
khm,1971,1621768.0
khm,1972,1653997.0
khm,1973,1683252.0
khm,1974,1689994.0
khm,1975,1660840.0
khm,1976,1609576.0
khm,1977,1525734.0
khm,1978,1432187.0
khm,1979,1364322.0
khm,1980,1346974.0
khm,1981,1338402.0
khm,1982,1386478.0
khm,1983,1471791.0
khm,1984,1561486.0
khm,1985,1635383.0
khm,1986,1730136.0
khm,1987,1793207.0
khm,1988,1842499.0
khm,1989,1905813.0
khm,1990,1996433.0
khm,1991,2083788.0
khm,1992,2195392.0
khm,1993,2316350.0
khm,1994,2421713.0
khm,1995,2497489.0
khm,1996,2567463.0
khm,1997,2603514.0
khm,1998,2607138.0
khm,1999,2591086.0
khm,2000,2566917.0
khm,2001,2542067.0
khm,2002,2524715.0
khm,2003,2515372.0
khm,2004,2508842.0
khm,2005,2500089.0
khm,2006,2483153.0
khm,2007,2467233.0
khm,2008,2451111.0
khm,2009,2438178.0
khm,2010,2432298.0
khm,2011,2441226.0
khm,2012,2447610.0
khm,2013,2456452.0
khm,2014,2472448.0
khm,2015,2496438.0
khm,2016,2518073.0
kir,1970,11572.0
kir,1971,11603.0
kir,1972,11599.0
kir,1973,11576.0
kir,1974,11543.0
kir,1975,11513.0
kir,1976,11513.0
kir,1977,11562.0
kir,1978,11646.0
kir,1979,11745.0
kir,1980,11844.0
kir,1981,12053.0
kir,1982,12203.0
kir,1983,12327.0
kir,1984,12502.0
kir,1985,12784.0
kir,1986,13080.0
kir,1987,13516.0
kir,1988,14028.0
kir,1989,14511.0
kir,1990,14904.0
kir,1991,15344.0
kir,1992,15678.0
kir,1993,15934.0
kir,1994,16174.0
kir,1995,16431.0
kir,1996,16627.0
kir,1997,16846.0
kir,1998,17064.0
kir,1999,17243.0
kir,2000,17366.0
kir,2001,17465.0
kir,2002,17434.0
kir,2003,17352.0
kir,2004,17336.0
kir,2005,17471.0
kir,2006,17503.0
kir,2007,17824.0
kir,2008,18288.0
kir,2009,18701.0
kir,2010,18976.0
kir,2011,19363.0
kir,2012,19561.0
kir,2013,19654.0
kir,2014,19807.0
kir,2015,20100.0
kir,2016,20375.0
kor,1970,6932798.0
kor,1971,6971307.0
kor,1972,6985286.0
kor,1973,6977407.0
kor,1974,6956928.0
kor,1975,6927174.0
kor,1976,6895070.0
kor,1977,6837835.0
kor,1978,6767869.0
kor,1979,6705114.0
kor,1980,6660671.0
kor,1981,6589853.0
kor,1982,6547690.0
kor,1983,6513341.0
kor,1984,6446295.0
kor,1985,6331917.0
kor,1986,6239589.0
kor,1987,6095701.0
kor,1988,5925802.0
kor,1989,5776856.0
kor,1990,5674264.0
kor,1991,5555485.0
kor,1992,5516651.0
kor,1993,5520977.0
kor,1994,5513234.0
kor,1995,5466362.0
kor,1996,5469107.0
kor,1997,5402490.0
kor,1998,5287689.0
kor,1999,5187211.0
kor,2000,5130028.0
kor,2001,5041567.0
kor,2002,4984199.0
kor,2003,4943589.0
kor,2004,4881345.0
kor,2005,4779250.0
kor,2006,4672800.0
kor,2007,4552100.0
kor,2008,4429663.0
kor,2009,4292939.0
kor,2010,4160721.0
kor,2011,4060313.0
kor,2012,3947245.0
kor,2013,3838211.0
kor,2014,3752064.0
kor,2015,3682131.0
kor,2016,3629413.0
kwt,1970,167504.0
kwt,1971,179505.0
kwt,1972,192063.0
kwt,1973,205450.0
kwt,1974,219679.0
kwt,1975,234752.0
kwt,1976,244240.0
kwt,1977,253508.0
kwt,1978,262431.0
kwt,1979,271278.0
kwt,1980,280181.0
kwt,1981,288667.0
kwt,1982,297883.0
kwt,1983,307987.0
kwt,1984,318367.0
kwt,1985,328615.0
kwt,1986,346153.0
kwt,1987,361847.0
kwt,1988,373484.0
kwt,1989,377762.0
kwt,1990,371436.0
kwt,1991,348533.0
kwt,1995,254316.0
kwt,1996,254083.0
kwt,1997,261184.0
kwt,1998,274026.0
kwt,1999,288233.0
kwt,2000,299108.0
kwt,2001,302474.0
kwt,2002,302244.0
kwt,2003,300372.0
kwt,2004,300158.0
kwt,2005,304375.0
kwt,2006,308018.0
kwt,2007,315391.0
kwt,2008,326639.0
kwt,2009,340431.0
kwt,2010,355276.0
kwt,2011,373037.0
kwt,2012,389495.0
kwt,2013,403962.0
kwt,2014,416256.0
kwt,2015,425924.0
kwt,2016,439505.0
lac,1970,58486345.0
lac,1971,59732974.0
lac,1972,60989330.0
lac,1973,62230726.0
lac,1974,63412872.0
lac,1975,64516502.0
lac,1976,65689470.0
lac,1977,66791840.0
lac,1978,67840004.0
lac,1979,68863337.0
lac,1980,69877629.0
lac,1981,70967653.0
lac,1982,72026490.0
lac,1983,73054277.0
lac,1984,74039890.0
lac,1985,74969941.0
lac,1986,75878102.0
lac,1987,76723241.0
lac,1988,77507829.0
lac,1989,78236904.0
lac,1990,78912175.0
lac,1991,79546547.0
lac,1992,80128799.0
lac,1993,80647956.0
lac,1994,81094103.0
lac,1995,81464099.0
lac,1996,81798157.0
lac,1997,82075740.0
lac,1998,82292353.0
lac,1999,82444776.0
lac,2000,82531302.0
lac,2001,82593106.0
lac,2002,82577626.0
lac,2003,82504982.0
lac,2004,82401692.0
lac,2005,82281212.0
lac,2006,82070391.0
lac,2007,81844665.0
lac,2008,81597337.0
lac,2009,81324847.0
lac,2010,81032621.0
lac,2011,80730130.0
lac,2012,80451731.0
lac,2013,80177947.0
lac,2014,79882160.0
lac,2015,79553046.0
lac,2016,79334138.0
lao,1970,572340.0
lao,1971,589715.0
lao,1972,608070.0
lao,1973,626309.0
lao,1974,642625.0
lao,1975,655763.0
lao,1976,673921.0
lao,1977,688956.0
lao,1978,702401.0
lao,1979,716746.0
lao,1980,733844.0
lao,1981,749695.0
lao,1982,768001.0
lao,1983,788394.0
lao,1984,810128.0
lao,1985,832704.0
lao,1986,856858.0
lao,1987,881756.0
lao,1988,907129.0
lao,1989,932677.0
lao,1990,958087.0
lao,1991,988854.0
lao,1992,1018683.0
lao,1993,1047037.0
lao,1994,1072994.0
lao,1995,1095688.0
lao,1996,1119764.0
lao,1997,1139069.0
lao,1998,1154088.0
lao,1999,1165647.0
lao,2000,1174146.0
lao,2001,1177550.0
lao,2002,1179465.0
lao,2003,1179668.0
lao,2004,1178181.0
lao,2005,1175681.0
lao,2006,1170579.0
lao,2007,1166201.0
lao,2008,1162204.0
lao,2009,1158105.0
lao,2010,1153444.0
lao,2011,1151581.0
lao,2012,1148247.0
lao,2013,1144932.0
lao,2014,1143730.0
lao,2015,1145613.0
lao,2016,1146781.0
lbn,1970,490763.0
lbn,1971,497828.0
lbn,1972,506539.0
lbn,1973,515212.0
lbn,1974,521107.0
lbn,1975,522365.0
lbn,1976,524427.0
lbn,1977,523345.0
lbn,1978,520406.0
lbn,1979,517866.0
lbn,1980,517340.0
lbn,1981,511921.0
lbn,1982,509113.0
lbn,1983,507823.0
lbn,1984,506168.0
lbn,1985,502763.0
lbn,1986,497755.0
lbn,1987,490382.0
lbn,1988,482288.0
lbn,1989,476301.0
lbn,1990,474642.0
lbn,1991,474805.0
lbn,1992,478814.0
lbn,1993,484807.0
lbn,1994,489361.0
lbn,1995,489945.0
lbn,1996,488840.0
lbn,1997,483333.0
lbn,1998,476410.0
lbn,1999,472878.0
lbn,2000,476244.0
lbn,2001,490446.0
lbn,2002,509733.0
lbn,2003,530196.0
lbn,2004,545247.0
lbn,2005,549954.0
lbn,2006,546254.0
lbn,2007,532724.0
lbn,2008,515741.0
lbn,2009,505507.0
lbn,2010,509802.0
lbn,2011,538378.0
lbn,2012,579265.0
lbn,2013,627141.0
lbn,2014,670619.0
lbn,2015,699666.0
lbn,2016,707256.0
lbr,1970,306386.0
lbr,1971,316663.0
lbr,1972,327007.0
lbr,1973,337518.0
lbr,1974,348294.0
lbr,1975,359406.0
lbr,1976,372145.0
lbr,1977,384519.0
lbr,1978,397054.0
lbr,1979,410537.0
lbr,1980,425375.0
lbr,1981,443348.0
lbr,1982,462500.0
lbr,1983,480626.0
lbr,1984,494253.0
lbr,1985,500604.0
lbr,1986,504201.0
lbr,1987,502150.0
lbr,1988,495459.0
lbr,1989,486152.0
lbr,1990,476252.0
lbr,1991,466358.0
lbr,1992,455040.0
lbr,1993,446589.0
lbr,1994,446884.0
lbr,1995,460492.0
lbr,1996,485038.0
lbr,1997,520695.0
lbr,1998,562393.0
lbr,1999,601479.0
lbr,2000,630984.0
lbr,2001,656323.0
lbr,2002,673112.0
lbr,2003,684818.0
lbr,2004,697928.0
lbr,2005,717510.0
lbr,2006,744382.0
lbr,2007,775955.0
lbr,2008,810215.0
lbr,2009,843230.0
lbr,2010,871738.0
lbr,2011,897166.0
lbr,2012,919177.0
lbr,2013,938316.0
lbr,2014,956010.0
lbr,2015,973539.0
lbr,2016,992091.0
lby,1970,499527.0
lby,1971,527843.0
lby,1972,556639.0
lby,1973,585877.0
lby,1974,615342.0
lby,1975,644684.0
lby,1976,673738.0
lby,1977,701923.0
lby,1978,729584.0
lby,1979,757039.0
lby,1980,784353.0
lby,1981,808329.0
lby,1982,831226.0
lby,1983,852204.0
lby,1984,870162.0
lby,1985,884293.0
lby,1986,902664.0
lby,1987,917720.0
lby,1988,929682.0
lby,1989,938820.0
lby,1990,945442.0
lby,1991,952587.0
lby,1992,956088.0
lby,1993,956571.0
lby,1994,955105.0
lby,1995,952187.0
lby,1996,948466.0
lby,1997,944417.0
lby,1998,939964.0
lby,1999,934547.0
lby,2000,928166.0
lby,2001,921221.0
lby,2002,913515.0
lby,2003,905811.0
lby,2004,899253.0
lby,2005,894355.0
lby,2006,894548.0
lby,2007,896421.0
lby,2008,898943.0
lby,2009,900349.0
lby,2010,899391.0
lby,2011,902260.0
lby,2012,903648.0
lby,2013,904784.0
lby,2014,907799.0
lby,2015,914332.0
lby,2016,916256.0
lca,1970,26689.0
lca,1971,26600.0
lca,1972,26495.0
lca,1973,26371.0
lca,1974,26241.0
lca,1975,26156.0
lca,1976,26159.0
lca,1977,26214.0
lca,1978,26279.0
lca,1979,26323.0
lca,1980,26337.0
lca,1981,26125.0
lca,1982,25966.0
lca,1983,25881.0
lca,1984,25924.0
lca,1985,26103.0
lca,1986,25642.0
lca,1987,25360.0
lca,1988,25219.0
lca,1989,25172.0
lca,1990,25177.0
lca,1991,25182.0
lca,1992,25249.0
lca,1993,25354.0
lca,1994,25481.0
lca,1995,25610.0
lca,1996,25725.0
lca,1997,25761.0
lca,1998,25703.0
lca,1999,25554.0
lca,2000,25309.0
lca,2001,24954.0
lca,2002,24486.0
lca,2003,23940.0
lca,2004,23361.0
lca,2005,22791.0
lca,2006,22191.0
lca,2007,21666.0
lca,2008,21160.0
lca,2009,20640.0
lca,2010,20103.0
lca,2011,19602.0
lca,2012,19113.0
lca,2013,18621.0
lca,2014,18133.0
lca,2015,17668.0
lca,2016,17372.0
lcn,1970,61596891.0
lcn,1971,62860694.0
lcn,1972,64132312.0
lcn,1973,65387930.0
lcn,1974,66580894.0
lcn,1975,67690269.0
lcn,1976,68866762.0
lcn,1977,69968087.0
lcn,1978,71013166.0
lcn,1979,72032305.0
lcn,1980,73044325.0
lcn,1981,74134288.0
lcn,1982,75197333.0
lcn,1983,76231142.0
lcn,1984,77224072.0
lcn,1985,78161249.0
lcn,1986,79081318.0
lcn,1987,79938863.0
lcn,1988,80736062.0
lcn,1989,81478574.0
lcn,1990,82168724.0
lcn,1991,82818356.0
lcn,1992,83414114.0
lcn,1993,83946069.0
lcn,1994,84402722.0
lcn,1995,84779198.0
lcn,1996,85116241.0
lcn,1997,85392497.0
lcn,1998,85600906.0
lcn,1999,85738904.0
lcn,2000,85804721.0
lcn,2001,85841364.0
lcn,2002,85797437.0
lcn,2003,85693521.0
lcn,2004,85557743.0
lcn,2005,85405062.0
lcn,2006,85165806.0
lcn,2007,84912714.0
lcn,2008,84638914.0
lcn,2009,84339866.0
lcn,2010,84020690.0
lcn,2011,83694487.0
lcn,2012,83389349.0
lcn,2013,83088175.0
lcn,2014,82765039.0
lcn,2015,82411236.0
lcn,2016,82167249.0
ldc,1970,68592738.0
ldc,1971,70557661.0
ldc,1972,72428214.0
ldc,1973,74241751.0
ldc,1974,76055290.0
ldc,1975,77909555.0
ldc,1976,80069184.0
ldc,1977,82221735.0
ldc,1978,84388910.0
ldc,1979,86576476.0
ldc,1980,88782055.0
ldc,1981,91338092.0
ldc,1982,93856455.0
ldc,1983,96351011.0
ldc,1984,98834317.0
ldc,1985,101315692.0
ldc,1986,104148841.0
ldc,1987,106899786.0
ldc,1988,109616615.0
ldc,1989,112353249.0
ldc,1990,115137911.0
ldc,1991,118151082.0
ldc,1992,121177431.0
ldc,1993,124176315.0
ldc,1994,127078769.0
ldc,1995,129835783.0
ldc,1996,132961260.0
ldc,1997,135924989.0
ldc,1998,138787297.0
ldc,1999,141639483.0
ldc,2000,144546105.0
ldc,2001,147810967.0
ldc,2002,151094224.0
ldc,2003,154388426.0
ldc,2004,157656735.0
ldc,2005,160857578.0
ldc,2006,164351884.0
ldc,2007,167754378.0
ldc,2008,171096073.0
ldc,2009,174429121.0
ldc,2010,177790318.0
ldc,2011,181151904.0
ldc,2012,184502366.0
ldc,2013,187828258.0
ldc,2014,191107682.0
ldc,2015,194325209.0
ldc,2016,197659785.0
lic,1970,43253146.0
lic,1971,44610770.0
lic,1972,45874420.0
lic,1973,47077492.0
lic,1974,48269889.0
lic,1975,49476579.0
lic,1976,50858335.0
lic,1977,52236525.0
lic,1978,53612024.0
lic,1979,54971183.0
lic,1980,56303995.0
lic,1981,57841077.0
lic,1982,59347951.0
lic,1983,60832856.0
lic,1984,62309376.0
lic,1985,63798150.0
lic,1986,65597510.0
lic,1987,67350505.0
lic,1988,69107223.0
lic,1989,70929237.0
lic,1990,72847168.0
lic,1991,74977132.0
lic,1992,77173915.0
lic,1993,79405734.0
lic,1994,81610397.0
lic,1995,83745084.0
lic,1996,86192694.0
lic,1997,88565764.0
lic,1998,90909390.0
lic,1999,93285553.0
lic,2000,95732856.0
lic,2001,98412784.0
lic,2002,101114776.0
lic,2003,103849432.0
lic,2004,106616250.0
lic,2005,109401727.0
lic,2006,112379637.0
lic,2007,115358800.0
lic,2008,118337630.0
lic,2009,121311409.0
lic,2010,124280204.0
lic,2011,127334320.0
lic,2012,130341720.0
lic,2013,133311514.0
lic,2014,136257305.0
lic,2015,139181773.0
lic,2016,142217658.0
lka,1970,2548844.0
lka,1971,2562706.0
lka,1972,2564839.0
lka,1973,2571946.0
lka,1974,2572114.0
lka,1975,2580408.0
lka,1976,2590388.0
lka,1977,2608418.0
lka,1978,2634462.0
lka,1979,2664412.0
lka,1980,2687752.0
lka,1981,2688538.0
lka,1982,2709497.0
lka,1983,2724752.0
lka,1984,2739270.0
lka,1985,2754848.0
lka,1986,2768816.0
lka,1987,2780555.0
lka,1988,2789046.0
lka,1989,2793352.0
lka,1990,2792684.0
lka,1991,2783121.0
lka,1992,2774671.0
lka,1993,2763585.0
lka,1994,2744809.0
lka,1995,2716251.0
lka,1996,2689955.0
lka,1997,2653680.0
lka,1998,2611765.0
lka,1999,2572936.0
lka,2000,2543305.0
lka,2001,2524827.0
lka,2002,2515660.0
lka,2003,2514268.0
lka,2004,2516236.0
lka,2005,2518725.0
lka,2006,2534791.0
lka,2007,2549291.0
lka,2008,2561626.0
lka,2009,2572825.0
lka,2010,2583024.0
lka,2011,2587728.0
lka,2012,2590309.0
lka,2013,2591252.0
lka,2014,2593510.0
lka,2015,2595323.0
lka,2016,2594647.0
lmc,1970,256187097.0
lmc,1971,261932616.0
lmc,1972,267603897.0
lmc,1973,273230676.0
lmc,1974,278770346.0
lmc,1975,284236084.0
lmc,1976,290521919.0
lmc,1977,296570676.0
lmc,1978,302528154.0
lmc,1979,308593993.0
lmc,1980,314873679.0
lmc,1981,321979903.0
lmc,1982,329243316.0
lmc,1983,336567194.0
lmc,1984,343772319.0
lmc,1985,350738379.0
lmc,1986,358568826.0
lmc,1987,365889732.0
lmc,1988,372775040.0
lmc,1989,379351890.0
lmc,1990,386081027.0
lmc,1991,392541028.0
lmc,1992,398659787.0
lmc,1993,404324375.0
lmc,1994,409379075.0
lmc,1995,413802192.0
lmc,1996,418378380.0
lmc,1997,422365957.0
lmc,1998,425807582.0
lmc,1999,428846172.0
lmc,2000,431649508.0
lmc,2001,435254375.0
lmc,2002,438649935.0
lmc,2003,441895963.0
lmc,2004,445034658.0
lmc,2005,448079823.0
lmc,2006,451377648.0
lmc,2007,454588230.0
lmc,2008,457725544.0
lmc,2009,460792537.0
lmc,2010,463817789.0
lmc,2011,467084495.0
lmc,2012,470118125.0
lmc,2013,472970488.0
lmc,2014,475648389.0
lmc,2015,478178584.0
lmc,2016,480788507.0
lmy,1970,588074417.0
lmy,1971,601428975.0
lmy,1972,614314048.0
lmy,1973,626803502.0
lmy,1974,638260586.0
lmy,1975,648175178.0
lmy,1976,657946071.0
lmy,1977,666245274.0
lmy,1978,673619414.0
lmy,1979,680598869.0
lmy,1980,687432239.0
lmy,1981,694753346.0
lmy,1982,702881658.0
lmy,1983,711219292.0
lmy,1984,719386214.0
lmy,1985,727700018.0
lmy,1986,739002569.0
lmy,1987,750275551.0
lmy,1988,761392862.0
lmy,1989,772101966.0
lmy,1990,782465929.0
lmy,1991,794264186.0
lmy,1992,803657542.0
lmy,1993,811411755.0
lmy,1994,818420839.0
lmy,1995,825019787.0
lmy,1996,829010247.0
lmy,1997,833930693.0
lmy,1998,838561521.0
lmy,1999,841371219.0
lmy,2000,841916791.0
lmy,2001,843300487.0
lmy,2002,842722094.0
lmy,2003,841025262.0
lmy,2004,839681520.0
lmy,2005,839549547.0
lmy,2006,841814814.0
lmy,2007,844724509.0
lmy,2008,848528956.0
lmy,2009,853164366.0
lmy,2010,858487133.0
lmy,2011,864875825.0
lmy,2012,871917767.0
lmy,2013,879361045.0
lmy,2014,886714525.0
lmy,2015,893625380.0
lmy,2016,900936464.0
lso,1970,227655.0
lso,1971,233076.0
lso,1972,238441.0
lso,1973,243942.0
lso,1974,249888.0
lso,1975,256483.0
lso,1976,263012.0
lso,1977,270034.0
lso,1978,277332.0
lso,1979,284610.0
lso,1980,291614.0
lso,1981,299856.0
lso,1982,307918.0
lso,1983,315638.0
lso,1984,322914.0
lso,1985,329693.0
lso,1986,335918.0
lso,1987,341450.0
lso,1988,346631.0
lso,1989,351819.0
lso,1990,357120.0
lso,1991,361880.0
lso,1992,366826.0
lso,1993,371476.0
lso,1994,375127.0
lso,1995,377343.0
lso,1996,381193.0
lso,1997,384027.0
lso,1998,386085.0
lso,1999,387714.0
lso,2000,389112.0
lso,2001,389435.0
lso,2002,389125.0
lso,2003,388406.0
lso,2004,387610.0
lso,2005,386911.0
lso,2006,385021.0
lso,2007,383822.0
lso,2008,383166.0
lso,2009,382796.0
lso,2010,382681.0
lso,2011,383425.0
lso,2012,384461.0
lso,2013,385830.0
lso,2014,387638.0
lso,2015,389921.0
lso,2016,393741.0
ltu,1970,431397.0
ltu,1971,431454.0
ltu,1972,430551.0
ltu,1973,428515.0
ltu,1974,425364.0
ltu,1975,421099.0
ltu,1976,419152.0
ltu,1977,415648.0
ltu,1978,411383.0
ltu,1979,407268.0
ltu,1980,404404.0
ltu,1981,402592.0
ltu,1982,403382.0
ltu,1983,405942.0
ltu,1984,408686.0
ltu,1985,411101.0
ltu,1986,415063.0
ltu,1987,418702.0
ltu,1988,422102.0
ltu,1989,424343.0
ltu,1990,424500.0
ltu,1991,424007.0
ltu,1992,421710.0
ltu,1993,417068.0
ltu,1994,410563.0
ltu,1995,402842.0
ltu,1996,395185.0
ltu,1997,387184.0
ltu,1998,378531.0
ltu,1999,369074.0
ltu,2000,358736.0
ltu,2001,343801.0
ltu,2002,329464.0
ltu,2003,315491.0
ltu,2004,301030.0
ltu,2005,285832.0
ltu,2006,273305.0
ltu,2007,262496.0
ltu,2008,252830.0
ltu,2009,244115.0
ltu,2010,234568.0
ltu,2011,227088.0
ltu,2012,222673.0
ltu,2013,219872.0
ltu,2014,218198.0
ltu,2015,217124.0
ltu,2016,216115.0
lux,1970,38433.0
lux,1971,38394.0
lux,1972,38334.0
lux,1973,38143.0
lux,1974,37970.0
lux,1975,37671.0
lux,1976,37139.0
lux,1977,36555.0
lux,1978,36002.0
lux,1979,35452.0
lux,1980,34910.0
lux,1981,34351.0
lux,1982,33695.0
lux,1983,33069.0
lux,1984,32612.0
lux,1985,32371.0
lux,1986,32319.0
lux,1987,32450.0
lux,1988,32739.0
lux,1989,33226.0
lux,1990,33910.0
lux,1991,34684.0
lux,1992,35566.0
lux,1993,36554.0
lux,1994,37588.0
lux,1995,38612.0
lux,1996,39563.0
lux,1997,40351.0
lux,1998,41053.0
lux,1999,41761.0
lux,2000,42436.0
lux,2001,42911.0
lux,2002,43295.0
lux,2003,43704.0
lux,2004,44140.0
lux,2005,44576.0
lux,2006,44804.0
lux,2007,44960.0
lux,2008,45232.0
lux,2009,45592.0
lux,2010,46008.0
lux,2011,46317.0
lux,2012,46728.0
lux,2013,47104.0
lux,2014,47480.0
lux,2015,47856.0
lux,2016,49138.0
lva,1970,260253.0
lva,1971,260236.0
lva,1972,261577.0
lva,1973,263344.0
lva,1974,264300.0
lva,1975,263555.0
lva,1976,265444.0
lva,1977,264739.0
lva,1978,262620.0
lva,1979,260773.0
lva,1980,260587.0
lva,1981,261053.0
lva,1982,264822.0
lva,1983,270421.0
lva,1984,275658.0
lva,1985,279751.0
lva,1986,284474.0
lva,1987,288519.0
lva,1988,291673.0
lva,1989,292866.0
lva,1990,291430.0
lva,1991,290656.0
lva,1992,285830.0
lva,1993,278084.0
lva,1994,270372.0
lva,1995,262927.0
lva,1996,252887.0
lva,1997,243767.0
lva,1998,234979.0
lva,1999,226136.0
lva,2000,216437.0
lva,2001,205221.0
lva,2002,194859.0
lva,2003,185305.0
lva,2004,176138.0
lva,2005,167960.0
lva,2006,163850.0
lva,2007,160020.0
lva,2008,156524.0
lva,2009,153471.0
lva,2010,151243.0
lva,2011,149727.0
lva,2012,149999.0
lva,2013,151052.0
lva,2014,152244.0
lva,2015,153287.0
lva,2016,153178.0
mac,1970,49658.0
mac,1971,46840.0
mac,1972,43701.0
mac,1973,40480.0
mac,1974,37352.0
mac,1975,34490.0
mac,1976,32530.0
mac,1977,30724.0
mac,1978,29396.0
mac,1979,28942.0
mac,1980,29474.0
mac,1981,29019.0
mac,1982,29792.0
mac,1983,31321.0
mac,1984,32921.0
mac,1985,34288.0
mac,1986,37084.0
mac,1987,39256.0
mac,1988,41136.0
mac,1989,43116.0
mac,1990,45223.0
mac,1991,46574.0
mac,1992,47844.0
mac,1993,48963.0
mac,1994,49767.0
mac,1995,50223.0
mac,1996,50591.0
mac,1997,50836.0
mac,1998,50932.0
mac,1999,50837.0
mac,2000,50494.0
mac,2001,49130.0
mac,2002,47424.0
mac,2003,45516.0
mac,2004,43626.0
mac,2005,41902.0
mac,2006,39888.0
mac,2007,38221.0
mac,2008,36947.0
mac,2009,35999.0
mac,2010,35351.0
mac,2011,35585.0
mac,2012,35890.0
mac,2013,36412.0
mac,2014,37282.0
mac,2015,38526.0
mac,2016,40407.0
mar,1970,3877649.0
mar,1971,3944777.0
mar,1972,4005485.0
mar,1973,4061190.0
mar,1974,4113429.0
mar,1975,4163991.0
mar,1976,4214319.0
mar,1977,4264426.0
mar,1978,4315059.0
mar,1979,4367872.0
mar,1980,4424126.0
mar,1981,4496384.0
mar,1982,4570761.0
mar,1983,4645606.0
mar,1984,4717218.0
mar,1985,4782173.0
mar,1986,4852960.0
mar,1987,4910276.0
mar,1988,4957194.0
mar,1989,4999094.0
mar,1990,5038261.0
mar,1991,5065613.0
mar,1992,5098082.0
mar,1993,5127062.0
mar,1994,5140065.0
mar,1995,5131010.0
mar,1996,5120876.0
mar,1997,5086886.0
mar,1998,5037856.0
mar,1999,4989336.0
mar,2000,4949904.0
mar,2001,4899979.0
mar,2002,4869506.0
mar,2003,4851090.0
mar,2004,4832757.0
mar,2005,4809141.0
mar,2006,4789677.0
mar,2007,4761567.0
mar,2008,4733637.0
mar,2009,4721056.0
mar,2010,4732060.0
mar,2011,4745633.0
mar,2012,4783833.0
mar,2013,4838102.0
mar,2014,4892242.0
mar,2015,4936036.0
mar,2016,4987766.0
mda,1970,496721.0
mda,1971,490700.0
mda,1972,486274.0
mda,1973,483180.0
mda,1974,479741.0
mda,1975,474675.0
mda,1976,472777.0
mda,1977,467861.0
mda,1978,462200.0
mda,1979,458809.0
mda,1980,459575.0
mda,1981,462481.0
mda,1982,469042.0
mda,1983,477748.0
mda,1984,486365.0
mda,1985,493689.0
mda,1986,502412.0
mda,1987,510719.0
mda,1988,517574.0
mda,1989,522338.0
mda,1990,524618.0
mda,1991,525645.0
mda,1992,522715.0
mda,1993,516294.0
mda,1994,507730.0
mda,1995,497520.0
mda,1996,485672.0
mda,1997,473652.0
mda,1998,463010.0
mda,1999,450233.0
mda,2000,435139.0
mda,2001,417016.0
mda,2002,397303.0
mda,2003,376861.0
mda,2004,357807.0
mda,2005,341184.0
mda,2006,329475.0
mda,2007,319675.0
mda,2008,311916.0
mda,2009,305976.0
mda,2010,301443.0
mda,2011,296601.0
mda,2012,293166.0
mda,2013,290823.0
mda,2014,289189.0
mda,2015,288046.0
mda,2016,287947.0
mdg,1970,1491515.0
mdg,1971,1539008.0
mdg,1972,1586429.0
mdg,1973,1634106.0
mdg,1974,1682159.0
mdg,1975,1730728.0
mdg,1976,1787635.0
mdg,1977,1844273.0
mdg,1978,1900648.0
mdg,1979,1956643.0
mdg,1980,2012304.0
mdg,1981,2076192.0
mdg,1982,2138215.0
mdg,1983,2199016.0
mdg,1984,2259374.0
mdg,1985,2319646.0
mdg,1986,2385486.0
mdg,1987,2451291.0
mdg,1988,2517062.0
mdg,1989,2582946.0
mdg,1990,2649647.0
mdg,1991,2726456.0
mdg,1992,2803400.0
mdg,1993,2881686.0
mdg,1994,2963141.0
mdg,1995,3049044.0
mdg,1996,3147943.0
mdg,1997,3249673.0
mdg,1998,3353775.0
mdg,1999,3458808.0
mdg,2000,3563578.0
mdg,2001,3677282.0
mdg,2002,3787528.0
mdg,2003,3895340.0
mdg,2004,4002032.0
mdg,2005,4107980.0
mdg,2006,4214687.0
mdg,2007,4321396.0
mdg,2008,4426525.0
mdg,2009,4527672.0
mdg,2010,4623864.0
mdg,2011,4721601.0
mdg,2012,4813801.0
mdg,2013,4902722.0
mdg,2014,4992247.0
mdg,2015,5084816.0
mdg,2016,5182344.0
mdv,1970,27021.0
mdv,1971,27949.0
mdv,1972,28926.0
mdv,1973,29914.0
mdv,1974,30836.0
mdv,1975,31646.0
mdv,1976,32694.0
mdv,1977,33591.0
mdv,1978,34442.0
mdv,1979,35381.0
mdv,1980,36523.0
mdv,1981,37885.0
mdv,1982,39491.0
mdv,1983,41252.0
mdv,1984,43016.0
mdv,1985,44704.0
mdv,1986,46857.0
mdv,1987,48814.0
mdv,1988,50627.0
mdv,1989,52384.0
mdv,1990,52827.0
mdv,1991,55017.0
mdv,1992,56718.0
mdv,1993,58564.0
mdv,1994,58966.0
mdv,1995,60728.0
mdv,1996,61127.0
mdv,1997,60092.0
mdv,1998,59997.0
mdv,1999,60221.0
mdv,2000,59777.0
mdv,2001,58010.0
mdv,2002,56053.0
mdv,2003,54512.0
mdv,2004,53167.0
mdv,2005,52027.0
mdv,2006,51531.0
mdv,2007,51488.0
mdv,2008,51009.0
mdv,2009,48692.0
mdv,2010,47969.0
mdv,2011,47881.0
mdv,2012,47878.0
mdv,2013,48196.0
mdv,2014,48666.0
mdv,2015,49163.0
mdv,2016,50363.0
mea,1970,31567609.0
mea,1971,32430862.0
mea,1972,33275155.0
mea,1973,34132509.0
mea,1974,35013393.0
mea,1975,35938591.0
mea,1976,36927629.0
mea,1977,37972383.0
mea,1978,39074485.0
mea,1979,40239048.0
mea,1980,41466544.0
mea,1981,42844740.0
mea,1982,44262590.0
mea,1983,45713339.0
mea,1984,47180753.0
mea,1985,48653067.0
mea,1986,50234851.0
mea,1987,51762807.0
mea,1988,53207771.0
mea,1989,54517814.0
mea,1990,56141164.0
mea,1991,57183403.0
mea,1992,57697614.0
mea,1993,58367593.0
mea,1994,58865618.0
mea,1995,59465866.0
mea,1996,59611161.0
mea,1997,59661940.0
mea,1998,59634644.0
mea,1999,59563044.0
mea,2000,59450793.0
mea,2001,59121267.0
mea,2002,58763314.0
mea,2003,58401878.0
mea,2004,58091650.0
mea,2005,57893148.0
mea,2006,58043007.0
mea,2007,58292471.0
mea,2008,58689570.0
mea,2009,59271582.0
mea,2010,60028157.0
mea,2011,61060035.0
mea,2012,62261872.0
mea,2013,63575966.0
mea,2014,64888246.0
mea,2015,66109800.0
mea,2016,67310140.0
mex,1970,12242090.0
mex,1971,12635004.0
mex,1972,13061393.0
mex,1973,13503649.0
mex,1974,13931023.0
mex,1975,14322377.0
mex,1976,14729597.0
mex,1977,15070289.0
mex,1978,15363859.0
mex,1979,15640530.0
mex,1980,15912244.0
mex,1981,16100614.0
mex,1982,16309479.0
mex,1983,16514179.0
mex,1984,16678343.0
mex,1985,16787810.0
mex,1986,16850630.0
mex,1987,16873737.0
mex,1988,16873273.0
mex,1989,16880239.0
mex,1990,16912763.0
mex,1991,16982601.0
mex,1992,17059068.0
mex,1993,17142433.0
mex,1994,17227718.0
mex,1995,17309390.0
mex,1996,17389552.0
mex,1997,17477255.0
mex,1998,17564579.0
mex,1999,17639712.0
mex,2000,17696310.0
mex,2001,17733398.0
mex,2002,17757377.0
mex,2003,17777114.0
mex,2004,17805216.0
mex,2005,17848119.0
mex,2006,17848291.0
mex,2007,17850713.0
mex,2008,17851117.0
mex,2009,17845772.0
mex,2010,17832660.0
mex,2011,17806284.0
mex,2012,17785662.0
mex,2013,17764103.0
mex,2014,17731376.0
mex,2015,17683175.0
mex,2016,17662471.0
mic,1970,544821271.0
mic,1971,556818205.0
mic,1972,568439628.0
mic,1973,579726010.0
mic,1974,589990697.0
mic,1975,598698599.0
mic,1976,607087736.0
mic,1977,614008749.0
mic,1978,620007390.0
mic,1979,625627686.0
mic,1980,631128244.0
mic,1981,636912269.0
mic,1982,643533707.0
mic,1983,650386436.0
mic,1984,657076838.0
mic,1985,663901868.0
mic,1986,673405059.0
mic,1987,682925046.0
mic,1988,692285639.0
mic,1989,701172729.0
mic,1990,709618761.0
mic,1991,719287054.0
mic,1992,726483627.0
mic,1993,732006021.0
mic,1994,736810442.0
mic,1995,741274703.0
mic,1996,742817553.0
mic,1997,745364929.0
mic,1998,747652131.0
mic,1999,748085666.0
mic,2000,746183935.0
mic,2001,744887703.0
mic,2002,741607318.0
mic,2003,737175830.0
mic,2004,733065270.0
mic,2005,730147820.0
mic,2006,729435177.0
mic,2007,729365709.0
mic,2008,730191326.0
mic,2009,731852957.0
mic,2010,734206929.0
mic,2011,737541505.0
mic,2012,741576047.0
mic,2013,746049531.0
mic,2014,750457220.0
mic,2015,754443607.0
mic,2016,758718806.0
mkd,1970,300878.0
mkd,1971,299552.0
mkd,1972,297246.0
mkd,1973,294876.0
mkd,1974,293422.0
mkd,1975,293300.0
mkd,1976,292426.0
mkd,1977,293224.0
mkd,1978,294736.0
mkd,1979,295544.0
mkd,1980,294865.0
mkd,1981,293260.0
mkd,1982,290523.0
mkd,1983,286962.0
mkd,1984,283231.0
mkd,1985,279732.0
mkd,1986,277526.0
mkd,1987,275147.0
mkd,1988,272698.0
mkd,1989,270223.0
mkd,1990,267724.0
mkd,1991,265268.0
mkd,1992,262931.0
mkd,1993,260577.0
mkd,1994,258042.0
mkd,1995,255351.0
mkd,1996,252151.0
mkd,1997,248485.0
mkd,1998,244463.0
mkd,1999,240344.0
mkd,2000,236211.0
mkd,2001,231334.0
mkd,2002,226927.0
mkd,2003,222705.0
mkd,2004,218190.0
mkd,2005,213212.0
mkd,2006,208916.0
mkd,2007,203866.0
mkd,2008,198564.0
mkd,2009,193804.0
mkd,2010,190018.0
mkd,2011,186197.0
mkd,2012,183732.0
mkd,2013,182264.0
mkd,2014,181080.0
mkd,2015,179787.0
mkd,2016,179346.0
mli,1970,1268367.0
mli,1971,1297833.0
mli,1972,1326375.0
mli,1973,1354380.0
mli,1974,1381542.0
mli,1975,1407497.0
mli,1976,1446546.0
mli,1977,1482470.0
mli,1978,1516487.0
mli,1979,1550073.0
mli,1980,1584080.0
mli,1981,1630897.0
mli,1982,1677013.0
mli,1983,1721057.0
mli,1984,1760617.0
mli,1985,1793973.0
mli,1986,1841364.0
mli,1987,1882000.0
mli,1988,1919473.0
mli,1989,1959231.0
mli,1990,2005166.0
mli,1991,2052033.0
mli,1992,2104091.0
mli,1993,2159851.0
mli,1994,2216218.0
mli,1995,2270927.0
mli,1996,2334341.0
mli,1997,2394919.0
mli,1998,2455160.0
mli,1999,2518688.0
mli,2000,2587978.0
mli,2001,2669347.0
mli,2002,2755065.0
mli,2003,2845490.0
mli,2004,2940466.0
mli,2005,3039881.0
mli,2006,3156629.0
mli,2007,3275844.0
mli,2008,3396406.0
mli,2009,3516073.0
mli,2010,3632756.0
mli,2011,3764723.0
mli,2012,3890703.0
mli,2013,4012750.0
mli,2014,4133888.0
mli,2015,4255867.0
mli,2016,4375891.0
mlt,1970,42972.0
mlt,1971,41523.0
mlt,1972,40689.0
mlt,1973,40245.0
mlt,1974,39815.0
mlt,1975,39542.0
mlt,1976,39367.0
mlt,1977,38818.0
mlt,1978,38413.0
mlt,1979,38218.0
mlt,1980,38409.0
mlt,1981,38734.0
mlt,1982,39810.0
mlt,1983,40710.0
mlt,1984,40986.0
mlt,1985,41833.0
mlt,1986,42412.0
mlt,1987,42504.0
mlt,1988,42559.0
mlt,1989,42592.0
mlt,1990,42549.0
mlt,1991,43260.0
mlt,1992,43134.0
mlt,1993,42918.0
mlt,1994,42657.0
mlt,1995,42317.0
mlt,1996,41841.0
mlt,1997,41460.0
mlt,1998,41055.0
mlt,1999,40568.0
mlt,2000,39989.0
mlt,2001,39610.0
mlt,2002,39035.0
mlt,2003,38286.0
mlt,2004,37525.0
mlt,2005,36818.0
mlt,2006,35555.0
mlt,2007,34492.0
mlt,2008,33694.0
mlt,2009,33010.0
mlt,2010,32299.0
mlt,2011,32091.0
mlt,2012,31964.0
mlt,2013,31919.0
mlt,2014,31973.0
mlt,2015,32170.0
mlt,2016,32517.0
mmr,1970,5474289.0
mmr,1971,5611747.0
mmr,1972,5741775.0
mmr,1973,5867917.0
mmr,1974,5993655.0
mmr,1975,6120263.0
mmr,1976,6258794.0
mmr,1977,6396058.0
mmr,1978,6530955.0
mmr,1979,6661399.0
mmr,1980,6786277.0
mmr,1981,6923926.0
mmr,1982,7055140.0
mmr,1983,7176890.0
mmr,1984,7284130.0
mmr,1985,7372761.0
mmr,1986,7471426.0
mmr,1987,7541783.0
mmr,1988,7588028.0
mmr,1989,7616528.0
mmr,1990,7629897.0
mmr,1991,7633557.0
mmr,1992,7629847.0
mmr,1993,7617229.0
mmr,1994,7593814.0
mmr,1995,7561534.0
mmr,1996,7534819.0
mmr,1997,7505397.0
mmr,1998,7475190.0
mmr,1999,7448790.0
mmr,2000,7429050.0
mmr,2001,7443037.0
mmr,2002,7463940.0
mmr,2003,7489249.0
mmr,2004,7512233.0
mmr,2005,7526690.0
mmr,2006,7558019.0
mmr,2007,7568677.0
mmr,2008,7565632.0
mmr,2009,7561213.0
mmr,2010,7562137.0
mmr,2011,7514866.0
mmr,2012,7481181.0
mmr,2013,7450744.0
mmr,2014,7408832.0
mmr,2015,7349569.0
mmr,2016,7283092.0
mna,1970,29274624.0
mna,1971,30042841.0
mna,1972,30783266.0
mna,1973,31516186.0
mna,1974,32267160.0
mna,1975,33055375.0
mna,1976,33917882.0
mna,1977,34829557.0
mna,1978,35787218.0
mna,1979,36787219.0
mna,1980,37832595.0
mna,1981,39035254.0
mna,1982,40263001.0
mna,1983,41513797.0
mna,1984,42784577.0
mna,1985,44062749.0
mna,1986,45429640.0
mna,1987,46765628.0
mna,1988,48033543.0
mna,1989,49181601.0
mna,1990,50656971.0
mna,1991,51523203.0
mna,1992,52216123.0
mna,1993,52745490.0
mna,1994,53138852.0
mna,1995,53417169.0
mna,1996,53536585.0
mna,1997,53574064.0
mna,1998,53516418.0
mna,1999,53372680.0
mna,2000,53147834.0
mna,2001,52828804.0
mna,2002,52460566.0
mna,2003,52061988.0
mna,2004,51685712.0
mna,2005,51393568.0
mna,2006,51519348.0
mna,2007,51728984.0
mna,2008,52063085.0
mna,2009,52555443.0
mna,2010,53219241.0
mna,2011,54158742.0
mna,2012,55278904.0
mna,2013,56508577.0
mna,2014,57726151.0
mna,2015,58846964.0
mna,2016,59946819.0
mne,1970,87611.0
mne,1971,86255.0
mne,1972,85793.0
mne,1973,85865.0
mne,1974,85854.0
mne,1975,85362.0
mne,1976,84946.0
mne,1977,83987.0
mne,1978,82758.0
mne,1979,81737.0
mne,1980,81198.0
mne,1981,80691.0
mne,1982,80736.0
mne,1983,81071.0
mne,1984,81248.0
mne,1985,81015.0
mne,1986,81386.0
mne,1987,81258.0
mne,1988,80815.0
mne,1989,80365.0
mne,1990,80060.0
mne,1991,78703.0
mne,1992,77660.0
mne,1993,76729.0
mne,1994,75632.0
mne,1995,74237.0
mne,1996,73168.0
mne,1997,71782.0
mne,1998,70179.0
mne,1999,68581.0
mne,2000,67163.0
mne,2001,66433.0
mne,2002,65782.0
mne,2003,65241.0
mne,2004,64634.0
mne,2005,64071.0
mne,2006,63698.0
mne,2007,63313.0
mne,2008,62895.0
mne,2009,62424.0
mne,2010,61884.0
mne,2011,61542.0
mne,2012,61097.0
mne,2013,60595.0
mne,2014,60085.0
mne,2015,59582.0
mne,2016,58988.0
mng,1970,281117.0
mng,1971,291491.0
mng,1972,302947.0
mng,1973,314663.0
mng,1974,325293.0
mng,1975,334149.0
mng,1976,343500.0
mng,1977,350719.0
mng,1978,356508.0
mng,1979,362106.0
mng,1980,368208.0
mng,1981,374842.0
mng,1982,381897.0
mng,1983,389273.0
mng,1984,396714.0
mng,1985,404140.0
mng,1986,413438.0
mng,1987,422705.0
mng,1988,431178.0
mng,1989,437692.0
mng,1990,441420.0
mng,1991,447099.0
mng,1992,448945.0
mng,1993,448318.0
mng,1994,446995.0
mng,1995,445831.0
mng,1996,440669.0
mng,1997,436743.0
mng,1998,432939.0
mng,1999,427493.0
mng,2000,419660.0
mng,2001,410552.0
mng,2002,399481.0
mng,2003,387552.0
mng,2004,376852.0
mng,2005,368779.0
mng,2006,363184.0
mng,2007,360529.0
mng,2008,360834.0
mng,2009,363787.0
mng,2010,369293.0
mng,2011,379046.0
mng,2012,391057.0
mng,2013,404837.0
mng,2014,419286.0
mng,2015,433310.0
mng,2016,448828.0
moz,1970,2005209.0
moz,1971,2060174.0
moz,1972,2113962.0
moz,1973,2167861.0
moz,1974,2223250.0
moz,1975,2280980.0
moz,1976,2352893.0
moz,1977,2422704.0
moz,1978,2490220.0
moz,1979,2554666.0
moz,1980,2614316.0
moz,1981,2699854.0
moz,1982,2782133.0
moz,1983,2853817.0
moz,1984,2904630.0
moz,1985,2928628.0
moz,1986,2981126.0
moz,1987,3006620.0
moz,1988,3022016.0
moz,1989,3054440.0
moz,1990,3124532.0
moz,1991,3146862.0
moz,1992,3212848.0
moz,1993,3310058.0
moz,1994,3417109.0
moz,1995,3517502.0
moz,1996,3641442.0
moz,1997,3751347.0
moz,1998,3852401.0
moz,1999,3955027.0
moz,2000,4066903.0
moz,2001,4201148.0
moz,2002,4340735.0
moz,2003,4484757.0
moz,2004,4630168.0
moz,2005,4774693.0
moz,2006,4934171.0
moz,2007,5090725.0
moz,2008,5245458.0
moz,2009,5400008.0
moz,2010,5555153.0
moz,2011,5719158.0
moz,2012,5882144.0
moz,2013,6043676.0
moz,2014,6202723.0
moz,2015,6358758.0
moz,2016,6520115.0
mrt,1970,269700.0
mrt,1971,278106.0
mrt,1972,286232.0
mrt,1973,294162.0
mrt,1974,301997.0
mrt,1975,309793.0
mrt,1976,318769.0
mrt,1977,327549.0
mrt,1978,336241.0
mrt,1979,344954.0
mrt,1980,353762.0
mrt,1981,363957.0
mrt,1982,374161.0
mrt,1983,384374.0
mrt,1984,394548.0
mrt,1985,404655.0
mrt,1986,416300.0
mrt,1987,427853.0
mrt,1988,439311.0
mrt,1989,450670.0
mrt,1990,461926.0
mrt,1991,474126.0
mrt,1992,486114.0
mrt,1993,498192.0
mrt,1994,510763.0
mrt,1995,524097.0
mrt,1996,537275.0
mrt,1997,551087.0
mrt,1998,565310.0
mrt,1999,579579.0
mrt,2000,593611.0
mrt,2001,608942.0
mrt,2002,623951.0
mrt,2003,638795.0
mrt,2004,653712.0
mrt,2005,668874.0
mrt,2006,685452.0
mrt,2007,702065.0
mrt,2008,718959.0
mrt,2009,736448.0
mrt,2010,754758.0
mrt,2011,774310.0
mrt,2012,794445.0
mrt,2013,814923.0
mrt,2014,835238.0
mrt,2015,854988.0
mrt,2016,876530.0
mus,1970,184701.0
mus,1971,183398.0
mus,1972,182557.0
mus,1973,181844.0
mus,1974,180817.0
mus,1975,179402.0
mus,1976,176618.0
mus,1977,174225.0
mus,1978,172257.0
mus,1979,172383.0
mus,1980,173419.0
mus,1981,172626.0
mus,1982,171306.0
mus,1983,169346.0
mus,1984,167441.0
mus,1985,165073.0
mus,1986,163146.0
mus,1987,160926.0
mus,1988,158581.0
mus,1989,156749.0
mus,1990,155481.0
mus,1991,154508.0
mus,1992,155044.0
mus,1993,156031.0
mus,1994,157129.0
mus,1995,156640.0
mus,1996,157523.0
mus,1997,157211.0
mus,1998,155808.0
mus,1999,155096.0
mus,2000,154781.0
mus,2001,153734.0
mus,2002,153980.0
mus,2003,154934.0
mus,2004,155162.0
mus,2005,154151.0
mus,2006,152715.0
mus,2007,149935.0
mus,2008,146269.0
mus,2009,142655.0
mus,2010,139597.0
mus,2011,135805.0
mus,2012,132860.0
mus,2013,130335.0
mus,2014,127752.0
mus,2015,124825.0
mus,2016,121802.0
mwi,1970,1053275.0
mwi,1971,1090168.0
mwi,1972,1126392.0
mwi,1973,1162556.0
mwi,1974,1199409.0
mwi,1975,1237340.0
mwi,1976,1282192.0
mwi,1977,1328100.0
mwi,1978,1374176.0
mwi,1979,1418760.0
mwi,1980,1460933.0
mwi,1981,1506147.0
mwi,1982,1546102.0
mwi,1983,1588469.0
mwi,1984,1644166.0
mwi,1985,1720201.0
mwi,1986,1808178.0
mwi,1987,1913560.0
mwi,1988,2021246.0
mwi,1989,2108856.0
mwi,1990,2160567.0
mwi,1991,2215397.0
mwi,1992,2237958.0
mwi,1993,2242327.0
mwi,1994,2251067.0
mwi,1995,2280828.0
mwi,1996,2339132.0
mwi,1997,2413698.0
mwi,1998,2499784.0
mwi,1999,2586800.0
mwi,2000,2666959.0
mwi,2001,2749295.0
mwi,2002,2824747.0
mwi,2003,2896742.0
mwi,2004,2971449.0
mwi,2005,3052934.0
mwi,2006,3139439.0
mwi,2007,3233045.0
mwi,2008,3330996.0
mwi,2009,3427932.0
mwi,2010,3520452.0
mwi,2011,3615465.0
mwi,2012,3701061.0
mwi,2013,3781586.0
mwi,2014,3863958.0
mwi,2015,3951597.0
mwi,2016,4035718.0
mys,1970,2437577.0
mys,1971,2460841.0
mys,1972,2495123.0
mys,1973,2536264.0
mys,1974,2576975.0
mys,1975,2614006.0
mys,1976,2654398.0
mys,1977,2689623.0
mys,1978,2721690.0
mys,1979,2755606.0
mys,1980,2794386.0
mys,1981,2837240.0
mys,1982,2884947.0
mys,1983,2938929.0
mys,1984,2999742.0
mys,1985,3068052.0
mys,1986,3137167.0
mys,1987,3210590.0
mys,1988,3284825.0
mys,1989,3357177.0
mys,1990,3426138.0
mys,1991,3493289.0
mys,1992,3557924.0
mys,1993,3620647.0
mys,1994,3682149.0
mys,1995,3742879.0
mys,1996,3795618.0
mys,1997,3848398.0
mys,1998,3897879.0
mys,1999,3939646.0
mys,2000,3971233.0
mys,2001,4005172.0
mys,2002,4019978.0
mys,2003,4020930.0
mys,2004,4016252.0
mys,2005,4011606.0
mys,2006,4025510.0
mys,2007,4036151.0
mys,2008,4042718.0
mys,2009,4043671.0
mys,2010,4040073.0
mys,2011,4015088.0
mys,2012,3994149.0
mys,2013,3977413.0
mys,2014,3962022.0
mys,2015,3945413.0
mys,2016,3953084.0
nac,1970,32771035.0
nac,1971,32418985.0
nac,1972,32040638.0
nac,1973,31627937.0
nac,1974,31171548.0
nac,1975,30702656.0
nac,1976,30526025.0
nac,1977,30281763.0
nac,1978,30007307.0
nac,1979,29770924.0
nac,1980,29570092.0
nac,1981,29404092.0
nac,1982,29301043.0
nac,1983,29252914.0
nac,1984,29246482.0
nac,1985,29292280.0
nac,1986,29474085.0
nac,1987,29698007.0
nac,1988,29960126.0
nac,1989,30271978.0
nac,1990,30643715.0
nac,1991,31207965.0
nac,1992,31778740.0
nac,1993,32292916.0
nac,1994,32717961.0
nac,1995,33064661.0
nac,1996,33468695.0
nac,1997,33777278.0
nac,1998,33992750.0
nac,1999,34176192.0
nac,2000,34345797.0
nac,2001,34390089.0
nac,2002,34476158.0
nac,2003,34546440.0
nac,2004,34567734.0
nac,2005,34500798.0
nac,2006,34673952.0
nac,2007,34751526.0
nac,2008,34774482.0
nac,2009,34779265.0
nac,2010,34791814.0
nac,2011,34738597.0
nac,2012,34651462.0
nac,2013,34546508.0
nac,2014,34483254.0
nac,2015,34455190.0
nac,2016,34400738.0
nam,1970,167694.0
nam,1971,173945.0
nam,1972,180673.0
nam,1973,187575.0
nam,1974,194179.0
nam,1975,200170.0
nam,1976,208185.0
nam,1977,215630.0
nam,1978,222641.0
nam,1979,229457.0
nam,1980,236252.0
nam,1981,242201.0
nam,1982,247956.0
nam,1983,254060.0
nam,1984,261282.0
nam,1985,270142.0
nam,1986,276415.0
nam,1987,284286.0
nam,1988,293010.0
nam,1989,301466.0
nam,1990,308911.0
nam,1991,318077.0
nam,1992,326010.0
nam,1993,333178.0
nam,1994,340298.0
nam,1995,347761.0
nam,1996,356587.0
nam,1997,365258.0
nam,1998,373273.0
nam,1999,379842.0
nam,2000,384364.0
nam,2001,390893.0
nam,2002,395912.0
nam,2003,399557.0
nam,2004,402213.0
nam,2005,404330.0
nam,2006,406347.0
nam,2007,408085.0
nam,2008,410080.0
nam,2009,413174.0
nam,2010,417969.0
nam,2011,421937.0
nam,2012,427812.0
nam,2013,435086.0
nam,2014,442828.0
nam,2015,450385.0
nam,2016,459027.0
ncl,1970,21174.0
ncl,1971,22870.0
ncl,1972,24121.0
ncl,1973,24853.0
ncl,1974,25352.0
ncl,1975,25476.0
ncl,1976,26001.0
ncl,1977,26351.0
ncl,1978,26443.0
ncl,1979,26426.0
ncl,1980,26569.0
ncl,1981,26761.0
ncl,1982,27187.0
ncl,1983,27633.0
ncl,1984,27922.0
ncl,1985,27977.0
ncl,1986,28046.0
ncl,1987,27958.0
ncl,1988,27751.0
ncl,1989,27609.0
ncl,1990,27728.0
ncl,1991,27905.0
ncl,1992,28235.0
ncl,1993,28723.0
ncl,1994,29277.0
ncl,1995,29694.0
ncl,1996,30184.0
ncl,1997,30599.0
ncl,1998,30954.0
ncl,1999,31314.0
ncl,2000,31686.0
ncl,2001,31967.0
ncl,2002,32268.0
ncl,2003,32447.0
ncl,2004,32486.0
ncl,2005,32445.0
ncl,2006,32247.0
ncl,2007,31853.0
ncl,2008,31553.0
ncl,2009,31123.0
ncl,2010,30988.0
ncl,2011,31069.0
ncl,2012,31311.0
ncl,2013,31470.0
ncl,2014,31744.0
ncl,2015,31998.0
ncl,2016,32364.0
ner,1970,1124131.0
ner,1971,1155495.0
ner,1972,1187062.0
ner,1973,1218934.0
ner,1974,1251128.0
ner,1975,1283454.0
ner,1976,1314656.0
ner,1977,1350358.0
ner,1978,1389356.0
ner,1979,1429982.0
ner,1980,1470477.0
ner,1981,1525531.0
ner,1982,1574723.0
ner,1983,1620390.0
ner,1984,1665132.0
ner,1985,1710018.0
ner,1986,1753050.0
ner,1987,1801600.0
ner,1988,1855944.0
ner,1989,1915741.0
ner,1990,1979779.0
ner,1991,2047166.0
ner,1992,2112816.0
ner,1993,2179022.0
ner,1994,2248228.0
ner,1995,2321480.0
ner,1996,2400657.0
ner,1997,2487498.0
ner,1998,2581902.0
ner,1999,2682464.0
ner,2000,2786933.0
ner,2001,2907474.0
ner,2002,3027501.0
ner,2003,3149894.0
ner,2004,3277700.0
ner,2005,3411849.0
ner,2006,3556256.0
ner,2007,3705684.0
ner,2008,3860738.0
ner,2009,4021086.0
ner,2010,4185825.0
ner,2011,4358986.0
ner,2012,4535854.0
ner,2013,4717351.0
ner,2014,4904131.0
ner,2015,5095669.0
ner,2016,5299118.0
nga,1970,12055685.0
nga,1971,12408968.0
nga,1972,12766831.0
nga,1973,13135825.0
nga,1974,13524565.0
nga,1975,13940296.0
nga,1976,14433138.0
nga,1977,14934470.0
nga,1978,15439890.0
nga,1979,15939816.0
nga,1980,16423727.0
nga,1981,17003412.0
nga,1982,17558765.0
nga,1983,18095823.0
nga,1984,18622386.0
nga,1985,19143986.0
nga,1986,19713346.0
nga,1987,20263722.0
nga,1988,20795122.0
nga,1989,21306413.0
nga,1990,21795948.0
nga,1991,22338948.0
nga,1992,22856962.0
nga,1993,23354449.0
nga,1994,23838174.0
nga,1995,24315116.0
nga,1996,24885113.0
nga,1997,25444030.0
nga,1998,26000921.0
nga,1999,26567752.0
nga,2000,27153969.0
nga,2001,27871815.0
nga,2002,28599574.0
nga,2003,29344813.0
nga,2004,30113653.0
nga,2005,30910310.0
nga,2006,31828116.0
nga,2007,32752518.0
nga,2008,33689555.0
nga,2009,34644750.0
nga,2010,35619131.0
nga,2011,36669937.0
nga,2012,37730742.0
nga,2013,38790042.0
nga,2014,39830597.0
nga,2015,40842970.0
nga,2016,41915024.0
nic,1970,584324.0
nic,1971,600109.0
nic,1972,615971.0
nic,1973,632244.0
nic,1974,649286.0
nic,1975,667214.0
nic,1976,687945.0
nic,1977,709063.0
nic,1978,730534.0
nic,1979,752179.0
nic,1980,773716.0
nic,1981,796491.0
nic,1982,819462.0
nic,1983,842028.0
nic,1984,863296.0
nic,1985,882691.0
nic,1986,901484.0
nic,1987,918159.0
nic,1988,933430.0
nic,1989,948328.0
nic,1990,963330.0
nic,1991,975100.0
nic,1992,986820.0
nic,1993,997855.0
nic,1994,1007210.0
nic,1995,1014227.0
nic,1996,1018272.0
nic,1997,1020531.0
nic,1998,1021030.0
nic,1999,1019965.0
nic,2000,1017519.0
nic,2001,1012807.0
nic,2002,1006998.0
nic,2003,1000664.0
nic,2004,994646.0
nic,2005,989494.0
nic,2006,982297.0
nic,2007,976748.0
nic,2008,972347.0
nic,2009,968227.0
nic,2010,963899.0
nic,2011,959053.0
nic,2012,953441.0
nic,2013,947581.0
nic,2014,942334.0
nic,2015,938045.0
nic,2016,931947.0
nld,1970,1830225.0
nld,1971,1833742.0
nld,1972,1829565.0
nld,1973,1817134.0
nld,1974,1798990.0
nld,1975,1778031.0
nld,1976,1752271.0
nld,1977,1719940.0
nld,1978,1685176.0
nld,1979,1650006.0
nld,1980,1616060.0
nld,1981,1579381.0
nld,1982,1541760.0
nld,1983,1505599.0
nld,1984,1472301.0
nld,1985,1443097.0
nld,1986,1426143.0
nld,1987,1411223.0
nld,1988,1399432.0
nld,1989,1392211.0
nld,1990,1392197.0
nld,1991,1399555.0
nld,1992,1411325.0
nld,1993,1426195.0
nld,1994,1440946.0
nld,1995,1453121.0
nld,1996,1465074.0
nld,1997,1475468.0
nld,1998,1485144.0
nld,1999,1494743.0
nld,2000,1505465.0
nld,2001,1514031.0
nld,2002,1523492.0
nld,2003,1531396.0
nld,2004,1535219.0
nld,2005,1533147.0
nld,2006,1530171.0
nld,2007,1521057.0
nld,2008,1510307.0
nld,2009,1501492.0
nld,2010,1494848.0
nld,2011,1485549.0
nld,2012,1478498.0
nld,2013,1472299.0
nld,2014,1465785.0
nld,2015,1457881.0
nld,2016,1450010.0
nor,1970,487001.0
nor,1971,490151.0
nor,1972,491677.0
nor,1973,491552.0
nor,1974,490573.0
nor,1975,489032.0
nor,1976,485520.0
nor,1977,481493.0
nor,1978,476748.0
nor,1979,470990.0
nor,1980,464344.0
nor,1981,455977.0
nor,1982,448227.0
nor,1983,440560.0
nor,1984,432846.0
nor,1985,425603.0
nor,1986,420885.0
nor,1987,416782.0
nor,1988,413752.0
nor,1989,411771.0
nor,1990,411404.0
nor,1991,413883.0
nor,1992,418062.0
nor,1993,423484.0
nor,1994,429427.0
nor,1995,435300.0
nor,1996,440740.0
nor,1997,446176.0
nor,1998,451496.0
nor,1999,456615.0
nor,2000,460733.0
nor,2001,462481.0
nor,2002,463553.0
nor,2003,464055.0
nor,2004,464204.0
nor,2005,464843.0
nor,2006,464291.0
nor,2007,465541.0
nor,2008,467988.0
nor,2009,470018.0
nor,2010,471269.0
nor,2011,474048.0
nor,2012,475014.0
nor,2013,474855.0
nor,2014,475424.0
nor,2015,477175.0
nor,2016,477715.0
npl,1970,2506779.0
npl,1971,2558644.0
npl,1972,2611416.0
npl,1973,2666082.0
npl,1974,2722806.0
npl,1975,2781472.0
npl,1976,2853651.0
npl,1977,2926898.0
npl,1978,3001110.0
npl,1979,3075634.0
npl,1980,3149996.0
npl,1981,3240838.0
npl,1982,3330129.0
npl,1983,3417576.0
npl,1984,3502641.0
npl,1985,3584854.0
npl,1986,3678397.0
npl,1987,3767454.0
npl,1988,3856999.0
npl,1989,3953867.0
npl,1990,4062365.0
npl,1991,4161635.0
npl,1992,4267183.0
npl,1993,4372265.0
npl,1994,4467188.0
npl,1995,4545423.0
npl,1996,4648546.0
npl,1997,4740460.0
npl,1998,4823997.0
npl,1999,4902874.0
npl,2000,4978687.0
npl,2001,5033127.0
npl,2002,5089121.0
npl,2003,5141495.0
npl,2004,5184138.0
npl,2005,5211566.0
npl,2006,5194772.0
npl,2007,5174223.0
npl,2008,5154023.0
npl,2009,5135499.0
npl,2010,5117320.0
npl,2011,5058262.0
npl,2012,4991599.0
npl,2013,4920186.0
npl,2014,4850185.0
npl,2015,4785353.0
npl,2016,4713545.0
nzl,1970,454905.0
nzl,1971,457068.0
nzl,1972,460823.0
nzl,1973,465192.0
nzl,1974,468950.0
nzl,1975,470114.0
nzl,1976,468648.0
nzl,1977,461678.0
nzl,1978,451411.0
nzl,1979,439166.0
nzl,1980,430445.0
nzl,1981,421458.0
nzl,1982,417379.0
nzl,1983,416136.0
nzl,1984,412690.0
nzl,1985,407601.0
nzl,1986,402133.0
nzl,1987,400086.0
nzl,1988,395802.0
nzl,1989,393525.0
nzl,1990,394920.0
nzl,1991,413501.0
nzl,1992,417697.0
nzl,1993,422808.0
nzl,1994,428555.0
nzl,1995,434282.0
nzl,1996,441763.0
nzl,1997,447376.0
nzl,1998,449967.0
nzl,1999,450013.0
nzl,2000,449886.0
nzl,2001,447351.0
nzl,2002,450522.0
nzl,2003,454880.0
nzl,2004,456681.0
nzl,2005,456442.0
nzl,2006,457050.0
nzl,2007,456667.0
nzl,2008,456205.0
nzl,2009,456522.0
nzl,2010,457242.0
nzl,2011,461073.0
nzl,2012,461499.0
nzl,2013,461581.0
nzl,2014,465171.0
nzl,2015,471383.0
nzl,2016,477356.0
oed,1970,129494645.0
oed,1971,129956729.0
oed,1972,130307070.0
oed,1973,130424489.0
oed,1974,130555869.0
oed,1975,130512834.0
oed,1976,130161831.0
oed,1977,129724628.0
oed,1978,129225571.0
oed,1979,128697768.0
oed,1980,128160707.0
oed,1981,127660911.0
oed,1982,127146356.0
oed,1983,126620041.0
oed,1984,126052690.0
oed,1985,125473177.0
oed,1986,124897761.0
oed,1987,124305439.0
oed,1988,123750662.0
oed,1989,123323664.0
oed,1990,123072496.0
oed,1991,123044441.0
oed,1992,123128316.0
oed,1993,123225774.0
oed,1994,123263812.0
oed,1995,123218591.0
oed,1996,123073292.0
oed,1997,122860087.0
oed,1998,122552514.0
oed,1999,122221445.0
oed,2000,121863065.0
oed,2001,121515382.0
oed,2002,121141548.0
oed,2003,120752492.0
oed,2004,120386669.0
oed,2005,120047975.0
oed,2006,119767178.0
oed,2007,119537548.0
oed,2008,119397826.0
oed,2009,119249131.0
oed,2010,119117917.0
oed,2011,119081151.0
oed,2012,118929702.0
oed,2013,118938888.0
omn,1970,170490.0
omn,1971,175592.0
omn,1972,181147.0
omn,1973,187595.0
omn,1974,195574.0
omn,1975,205543.0
omn,1976,214192.0
omn,1977,224829.0
omn,1978,237104.0
omn,1979,250509.0
omn,1980,264780.0
omn,1981,281238.0
omn,1982,298063.0
omn,1983,315051.0
omn,1984,331833.0
omn,1985,347981.0
omn,1986,361957.0
omn,1987,374641.0
omn,1988,387460.0
omn,1989,401891.0
omn,1990,418434.0
omn,1991,428081.0
omn,1992,439408.0
omn,1993,448691.0
omn,1994,451645.0
omn,1995,446112.0
omn,1996,451735.0
omn,1997,448566.0
omn,1998,441083.0
omn,1999,434219.0
omn,2000,430858.0
omn,2001,424736.0
omn,2002,420900.0
omn,2003,418804.0
omn,2004,417918.0
omn,2005,418396.0
omn,2006,401861.0
omn,2007,389576.0
omn,2008,384595.0
omn,2009,388354.0
omn,2010,400520.0
omn,2011,405958.0
omn,2012,417396.0
omn,2013,434381.0
omn,2014,454479.0
omn,2015,474464.0
omn,2016,495492.0
pak,1970,12628693.0
pak,1971,13072128.0
pak,1972,13500260.0
pak,1973,13920204.0
pak,1974,14345918.0
pak,1975,14787023.0
pak,1976,15247803.0
pak,1977,15718366.0
pak,1978,16202611.0
pak,1979,16703374.0
pak,1980,17223517.0
pak,1981,17794700.0
pak,1982,18372298.0
pak,1983,18961410.0
pak,1984,19568441.0
pak,1985,20195041.0
pak,1986,20917147.0
pak,1987,21660633.0
pak,1988,22407483.0
pak,1989,23127500.0
pak,1990,23799790.0
pak,1991,24540844.0
pak,1992,25202248.0
pak,1993,25804989.0
pak,1994,26383125.0
pak,1995,26952202.0
pak,1996,27488822.0
pak,1997,28029727.0
pak,1998,28545163.0
pak,1999,28987049.0
pak,2000,29330892.0
pak,2001,29668323.0
pak,2002,29895307.0
pak,2003,30050183.0
pak,2004,30201027.0
pak,2005,30390617.0
pak,2006,30610911.0
pak,2007,30912504.0
pak,2008,31271188.0
pak,2009,31643618.0
pak,2010,32013255.0
pak,2011,32506659.0
pak,2012,32966682.0
pak,2013,33419328.0
pak,2014,33900416.0
pak,2015,34417552.0
pak,2016,34982915.0
pan,1970,340548.0
pan,1971,349207.0
pan,1972,357709.0
pan,1973,365928.0
pan,1974,373677.0
pan,1975,380836.0
pan,1976,388124.0
pan,1977,394653.0
pan,1978,400602.0
pan,1979,406236.0
pan,1980,411696.0
pan,1981,416854.0
pan,1982,421907.0
pan,1983,426743.0
pan,1984,431186.0
pan,1985,435167.0
pan,1986,439150.0
pan,1987,442799.0
pan,1988,446205.0
pan,1989,449501.0
pan,1990,452787.0
pan,1991,456372.0
pan,1992,459767.0
pan,1993,463141.0
pan,1994,466742.0
pan,1995,470712.0
pan,1996,474899.0
pan,1997,479679.0
pan,1998,484764.0
pan,1999,489690.0
pan,2000,494198.0
pan,2001,499428.0
pan,2002,503862.0
pan,2003,507848.0
pan,2004,511945.0
pan,2005,516430.0
pan,2006,520962.0
pan,2007,526049.0
pan,2008,531381.0
pan,2009,536488.0
pan,2010,541176.0
pan,2011,546536.0
pan,2012,551434.0
pan,2013,555933.0
pan,2014,560173.0
pan,2015,564179.0
pan,2016,568814.0
per,1970,2995459.0
per,1971,3070293.0
per,1972,3142763.0
per,1973,3213393.0
per,1974,3282746.0
per,1975,3351448.0
per,1976,3431130.0
per,1977,3510656.0
per,1978,3588025.0
per,1979,3659916.0
per,1980,3724285.0
per,1981,3794181.0
per,1982,3851447.0
per,1983,3900686.0
per,1984,3949129.0
per,1985,4000648.0
per,1986,4051716.0
per,1987,4108983.0
per,1988,4168072.0
per,1989,4221463.0
per,1990,4265361.0
per,1991,4316867.0
per,1992,4356287.0
per,1993,4386303.0
per,1994,4411822.0
per,1995,4434934.0
per,1996,4460894.0
per,1997,4484070.0
per,1998,4503734.0
per,1999,4517909.0
per,2000,4525558.0
per,2001,4520992.0
per,2002,4512646.0
per,2003,4500095.0
per,2004,4484106.0
per,2005,4466555.0
per,2006,4455251.0
per,2007,4441348.0
per,2008,4426977.0
per,2009,4415955.0
per,2010,4411092.0
per,2011,4415215.0
per,2012,4426518.0
per,2013,4442217.0
per,2014,4457358.0
per,2015,4468860.0
per,2016,4485239.0
phl,1970,8432467.0
phl,1971,8619215.0
phl,1972,8811313.0
phl,1973,9007567.0
phl,1974,9204009.0
phl,1975,9398543.0
phl,1976,9604596.0
phl,1977,9812351.0
phl,1978,10021969.0
phl,1979,10234000.0
phl,1980,10449083.0
phl,1981,10680196.0
phl,1982,10909654.0
phl,1983,11140324.0
phl,1984,11376647.0
phl,1985,11620730.0
phl,1986,11883647.0
phl,1987,12156383.0
phl,1988,12432918.0
phl,1989,12703151.0
phl,1990,12960563.0
phl,1991,13233718.0
phl,1992,13487581.0
phl,1993,13727521.0
phl,1994,13963204.0
phl,1995,14199164.0
phl,1996,14434006.0
phl,1997,14674193.0
phl,1998,14912648.0
phl,1999,15140659.0
phl,2000,15355498.0
phl,2001,15582539.0
phl,2002,15800413.0
phl,2003,16009017.0
phl,2004,16202939.0
phl,2005,16369370.0
phl,2006,16435523.0
phl,2007,16466392.0
phl,2008,16452509.0
phl,2009,16405981.0
phl,2010,16352003.0
phl,2011,16446976.0
phl,2012,16539453.0
phl,2013,16638833.0
phl,2014,16743658.0
phl,2015,16847595.0
phl,2016,16969848.0
png,1970,564295.0
png,1971,579566.0
png,1972,595156.0
png,1973,611185.0
png,1974,627723.0
png,1975,644842.0
png,1976,663512.0
png,1977,682485.0
png,1978,701784.0
png,1979,721363.0
png,1980,741117.0
png,1981,762214.0
png,1982,783172.0
png,1983,803817.0
png,1984,823827.0
png,1985,842918.0
png,1986,862538.0
png,1987,880865.0
png,1988,898255.0
png,1989,915267.0
png,1990,932275.0
png,1991,949591.0
png,1992,967359.0
png,1993,985565.0
png,1994,1004193.0
png,1995,1023445.0
png,1996,1045416.0
png,1997,1068085.0
png,1998,1091476.0
png,1999,1115517.0
png,2000,1140032.0
png,2001,1167542.0
png,2002,1194254.0
png,2003,1220658.0
png,2004,1247312.0
png,2005,1274301.0
png,2006,1301080.0
png,2007,1328390.0
png,2008,1355332.0
png,2009,1380548.0
png,2010,1403305.0
png,2011,1426087.0
png,2012,1446130.0
png,2013,1464010.0
png,2014,1480872.0
png,2015,1497376.0
png,2016,1514470.0
pol,1970,4537410.0
pol,1971,4437716.0
pol,1972,4345656.0
pol,1973,4256296.0
pol,1974,4188481.0
pol,1975,4152418.0
pol,1976,4159478.0
pol,1977,4187214.0
pol,1978,4229735.0
pol,1979,4288294.0
pol,1980,4362871.0
pol,1981,4459495.0
pol,1982,4567935.0
pol,1983,4681288.0
pol,1984,4785579.0
pol,1985,4867986.0
pol,1986,4924428.0
pol,1987,4949356.0
pol,1988,4944940.0
pol,1989,4925876.0
pol,1990,4902246.0
pol,1991,4847660.0
pol,1992,4796529.0
pol,1993,4739108.0
pol,1994,4661811.0
pol,1995,4557575.0
pol,1996,4451121.0
pol,1997,4316711.0
pol,1998,4164896.0
pol,1999,4013818.0
pol,2000,3835364.0
pol,2001,3693201.0
pol,2002,3566898.0
pol,2003,3453558.0
pol,2004,3348758.0
pol,2005,3252293.0
pol,2006,3168076.0
pol,2007,3102026.0
pol,2008,3052899.0
pol,2009,3014574.0
pol,2010,2970628.0
pol,2011,2964230.0
pol,2012,2944439.0
pol,2013,2920042.0
pol,2014,2904384.0
pol,2015,2901915.0
pol,2016,2883637.0
pri,1970,502975.0
pri,1971,501869.0
pri,1972,502268.0
pri,1973,504317.0
pri,1974,507015.0
pri,1975,509421.0
pri,1976,511852.0
pri,1977,514504.0
pri,1978,516021.0
pri,1979,516147.0
pri,1980,515279.0
pri,1981,515896.0
pri,1982,516154.0
pri,1983,515070.0
pri,1984,512400.0
pri,1985,508326.0
pri,1986,505347.0
pri,1987,501642.0
pri,1988,497289.0
pri,1989,492943.0
pri,1990,489268.0
pri,1991,484857.0
pri,1992,481150.0
pri,1993,479032.0
pri,1994,477180.0
pri,1995,474573.0
pri,1996,475559.0
pri,1997,474199.0
pri,1998,469817.0
pri,1999,464727.0
pri,2000,459046.0
pri,2001,454493.0
pri,2002,450186.0
pri,2003,445913.0
pri,2004,441200.0
pri,2005,435336.0
pri,2006,428431.0
pri,2007,421205.0
pri,2008,413723.0
pri,2009,405822.0
pri,2010,397489.0
pri,2011,386493.0
pri,2012,374688.0
pri,2013,362798.0
pri,2014,349512.0
pri,2015,336666.0
pri,2016,323412.0
prk,1970,3028392.0
prk,1971,3164612.0
prk,1972,3229792.0
prk,1973,3247172.0
prk,1974,3258092.0
prk,1975,3281627.0
prk,1976,3282707.0
prk,1977,3286614.0
prk,1978,3289488.0
prk,1979,3281111.0
prk,1980,3259162.0
prk,1981,3201885.0
prk,1982,3161532.0
prk,1983,3125834.0
prk,1984,3079355.0
prk,1985,3016517.0
prk,1986,2996437.0
prk,1987,2938806.0
prk,1988,2867810.0
prk,1989,2820112.0
prk,1990,2813049.0
prk,1991,2808736.0
prk,1992,2849912.0
prk,1993,2917673.0
prk,1994,2977562.0
prk,1995,3010919.0
prk,1996,3049319.0
prk,1997,3060387.0
prk,1998,3052069.0
prk,1999,3041728.0
prk,2000,3038854.0
prk,2001,3033902.0
prk,2002,3035683.0
prk,2003,3039443.0
prk,2004,3035858.0
prk,2005,3020000.0
prk,2006,3002758.0
prk,2007,2973114.0
prk,2008,2935268.0
prk,2009,2896944.0
prk,2010,2862745.0
prk,2011,2826394.0
prk,2012,2797091.0
prk,2013,2772445.0
prk,2014,2748067.0
prk,2015,2722206.0
prk,2016,2705137.0
prt,1970,1266387.0
prt,1971,1245626.0
prt,1972,1232512.0
prt,1973,1224752.0
prt,1974,1233114.0
prt,1975,1268618.0
prt,1976,1297025.0
prt,1977,1297185.0
prt,1978,1293706.0
prt,1979,1289198.0
prt,1980,1284943.0
prt,1981,1274904.0
prt,1982,1262936.0
prt,1983,1249375.0
prt,1984,1232798.0
prt,1985,1211254.0
prt,1986,1186211.0
prt,1987,1155974.0
prt,1988,1121328.0
prt,1989,1084780.0
prt,1990,1048297.0
prt,1991,1014080.0
prt,1992,983571.0
prt,1993,957322.0
prt,1994,933975.0
prt,1995,912155.0
prt,1996,897165.0
prt,1997,881521.0
prt,1998,866158.0
prt,1999,853169.0
prt,2000,844676.0
prt,2001,840213.0
prt,2002,838168.0
prt,2003,837524.0
prt,2004,835782.0
prt,2005,831212.0
prt,2006,835391.0
prt,2007,835008.0
prt,2008,829357.0
prt,2009,819976.0
prt,2010,808532.0
prt,2011,797030.0
prt,2012,783998.0
prt,2013,770830.0
prt,2014,758354.0
prt,2015,746841.0
prt,2016,733421.0
pry,1970,581247.0
pry,1971,590276.0
pry,1972,598498.0
pry,1973,606693.0
pry,1974,615846.0
pry,1975,626434.0
pry,1976,634861.0
pry,1977,645845.0
pry,1978,658837.0
pry,1979,672857.0
pry,1980,687421.0
pry,1981,703817.0
pry,1982,720016.0
pry,1983,736658.0
pry,1984,754659.0
pry,1985,774243.0
pry,1986,795716.0
pry,1987,817799.0
pry,1988,840171.0
pry,1989,862156.0
pry,1990,883208.0
pry,1991,903678.0
pry,1992,923140.0
pry,1993,941361.0
pry,1994,958222.0
pry,1995,973673.0
pry,1996,988503.0
pry,1997,1002086.0
pry,1998,1014019.0
pry,1999,1023714.0
pry,2000,1030819.0
pry,2001,1037625.0
pry,2002,1040909.0
pry,2003,1041567.0
pry,2004,1041147.0
pry,2005,1040533.0
pry,2006,1038404.0
pry,2007,1038034.0
pry,2008,1038320.0
pry,2009,1037423.0
pry,2010,1034638.0
pry,2011,1033574.0
pry,2012,1029838.0
pry,2013,1024873.0
pry,2014,1021062.0
pry,2015,1019557.0
pry,2016,1018709.0
pse,1990,489420.0
pse,1991,512316.0
pse,1992,536164.0
pse,1993,560993.0
pse,1994,586740.0
pse,1995,613321.0
pse,1996,641800.0
pse,1997,670163.0
pse,1998,685372.0
pse,1999,699921.0
pse,2000,713337.0
pse,2001,726093.0
pse,2002,738816.0
pse,2003,750886.0
pse,2004,761924.0
pse,2005,772179.0
pse,2006,781097.0
pse,2007,789808.0
pse,2008,801113.0
pse,2009,812794.0
pse,2010,825092.0
pse,2011,840382.0
pse,2012,855649.0
pse,2013,871308.0
pse,2014,888139.0
pse,2015,906420.0
pse,2016,925988.0
pyf,1970,25562.0
pyf,1971,26386.0
pyf,1972,27002.0
pyf,1973,27513.0
pyf,1974,28039.0
pyf,1975,28620.0
pyf,1976,29046.0
pyf,1977,29606.0
pyf,1978,30218.0
pyf,1979,30741.0
pyf,1980,31111.0
pyf,1981,31624.0
pyf,1982,31953.0
pyf,1983,32148.0
pyf,1984,32345.0
pyf,1985,32633.0
pyf,1986,33187.0
pyf,1987,33892.0
pyf,1988,34716.0
pyf,1989,35518.0
pyf,1990,36170.0
pyf,1991,36856.0
pyf,1992,37233.0
pyf,1993,37423.0
pyf,1994,37615.0
pyf,1995,37908.0
pyf,1996,37961.0
pyf,1997,38307.0
pyf,1998,38744.0
pyf,1999,38998.0
pyf,2000,38937.0
pyf,2001,38727.0
pyf,2002,38194.0
pyf,2003,37498.0
pyf,2004,36867.0
pyf,2005,36394.0
pyf,2006,35991.0
pyf,2007,35627.0
pyf,2008,35263.0
pyf,2009,34870.0
pyf,2010,34481.0
pyf,2011,34231.0
pyf,2012,34096.0
pyf,2013,34027.0
pyf,2014,33972.0
pyf,2015,33918.0
pyf,2016,33810.0
qat,1970,20518.0
qat,1971,22452.0
qat,1972,24369.0
qat,1973,26105.0
qat,1974,27471.0
qat,1975,28454.0
qat,1976,30031.0
qat,1977,31259.0
qat,1978,32679.0
qat,1979,34997.0
qat,1980,38723.0
qat,1981,40421.0
qat,1982,43546.0
qat,1983,47585.0
qat,1984,51658.0
qat,1985,55053.0
qat,1986,60244.0
qat,1987,63901.0
qat,1988,66346.0
qat,1989,68026.0
qat,1990,69140.0
qat,1991,69710.0
qat,1992,70242.0
qat,1993,70907.0
qat,1994,71573.0
qat,1995,72155.0
qat,1996,72805.0
qat,1997,73526.0
qat,1998,74589.0
qat,1999,76247.0
qat,2000,78728.0
qat,2001,77012.0
qat,2002,76423.0
qat,2003,78744.0
qat,2004,85700.0
qat,2005,98037.0
qat,2006,96849.0
qat,2007,99031.0
qat,2008,104246.0
qat,2009,111303.0
qat,2010,118590.0
qat,2011,134467.0
qat,2012,145969.0
qat,2013,156613.0
qat,2014,167172.0
qat,2015,176188.0
qat,2016,182622.0
rou,1970,2685949.0
rou,1971,2736944.0
rou,1972,2738406.0
rou,1973,2716750.0
rou,1974,2716455.0
rou,1975,2761841.0
rou,1976,2791020.0
rou,1977,2861248.0
rou,1978,2953699.0
rou,1979,3020591.0
rou,1980,3051055.0
rou,1981,3083297.0
rou,1982,3064200.0
rou,1983,3013801.0
rou,1984,2963579.0
rou,1985,2934372.0
rou,1986,2897687.0
rou,1987,2883788.0
rou,1988,2883724.0
rou,1989,2870222.0
rou,1990,2823119.0
rou,1991,2767121.0
rou,1992,2673261.0
rou,1993,2578570.0
rou,1994,2489168.0
rou,1995,2418413.0
rou,1996,2326615.0
rou,1997,2270481.0
rou,1998,2235246.0
rou,1999,2193039.0
rou,2000,2131712.0
rou,2001,2058740.0
rou,2002,1956662.0
rou,2003,1867622.0
rou,2004,1793241.0
rou,2005,1740530.0
rou,2006,1701901.0
rou,2007,1670271.0
rou,2008,1650121.0
rou,2009,1645222.0
rou,2010,1639315.0
rou,2011,1628498.0
rou,2012,1613384.0
rou,2013,1596381.0
rou,2014,1581102.0
rou,2015,1568428.0
rou,2016,1549156.0
rus,1970,17378288.0
rus,1971,16943585.0
rus,1972,16578842.0
rus,1973,16264580.0
rus,1974,15965124.0
rus,1975,15667890.0
rus,1976,15575798.0
rus,1977,15410328.0
rus,1978,15239373.0
rus,1979,15156409.0
rus,1980,15203181.0
rus,1981,15302191.0
rus,1982,15531806.0
rus,1983,15843757.0
rus,1984,16179992.0
rus,1985,16471146.0
rus,1986,16768426.0
rus,1987,17010065.0
rus,1988,17183448.0
rus,1989,17283126.0
rus,1990,17276042.0
rus,1991,17289107.0
rus,1992,17129530.0
rus,1993,16843898.0
rus,1994,16518829.0
rus,1995,16208191.0
rus,1996,15676310.0
rus,1997,15231717.0
rus,1998,14807848.0
rus,1999,14296248.0
rus,2000,13683044.0
rus,2001,13185155.0
rus,2002,12607514.0
rus,2003,12019406.0
rus,2004,11522748.0
rus,2005,11161633.0
rus,2006,10936640.0
rus,2007,10792735.0
rus,2008,10741741.0
rus,2009,10779091.0
rus,2010,10897760.0
rus,2011,11048528.0
rus,2012,11343290.0
rus,2013,11725217.0
rus,2014,12107545.0
rus,2015,12434741.0
rus,2016,12798611.0
rwa,1970,888066.0
rwa,1971,913384.0
rwa,1972,937767.0
rwa,1973,962313.0
rwa,1974,988674.0
rwa,1975,1017931.0
rwa,1976,1054433.0
rwa,1977,1093054.0
rwa,1978,1133991.0
rwa,1979,1177336.0
rwa,1980,1223178.0
rwa,1981,1275951.0
rwa,1982,1327595.0
rwa,1983,1380778.0
rwa,1984,1439668.0
rwa,1985,1506258.0
rwa,1986,1586026.0
rwa,1987,1675029.0
rwa,1988,1754689.0
rwa,1989,1795176.0
rwa,1990,1774480.0
rwa,1991,1709289.0
rwa,1992,1585445.0
rwa,1993,1435336.0
rwa,1994,1310220.0
rwa,1995,1249210.0
rwa,1996,1278193.0
rwa,1997,1372825.0
rwa,1998,1513764.0
rwa,1999,1657930.0
rwa,2000,1767482.0
rwa,2001,1826275.0
rwa,2002,1847787.0
rwa,2003,1844824.0
rwa,2004,1843612.0
rwa,2005,1862319.0
rwa,2006,1897075.0
rwa,2007,1949260.0
rwa,2008,2013546.0
rwa,2009,2078079.0
rwa,2010,2135337.0
rwa,2011,2191662.0
rwa,2012,2241030.0
rwa,2013,2285061.0
rwa,2014,2327563.0
rwa,2015,2370314.0
rwa,2016,2410213.0
sas,1970,152065372.0
sas,1971,155361922.0
sas,1972,158613930.0
sas,1973,161850743.0
sas,1974,165045731.0
sas,1975,168216089.0
sas,1976,171934384.0
sas,1977,175518586.0
sas,1978,179042781.0
sas,1979,182596142.0
sas,1980,186219631.0
sas,1981,190362106.0
sas,1982,194569460.0
sas,1983,198780466.0
sas,1984,202916116.0
sas,1985,206927117.0
sas,1986,211530389.0
sas,1987,215821894.0
sas,1988,219886990.0
sas,1989,223837464.0
sas,1990,227714156.0
sas,1991,231773818.0
sas,1992,235692186.0
sas,1993,239408951.0
sas,1994,242819068.0
sas,1995,245867197.0
sas,1996,248954421.0
sas,1997,251705441.0
sas,1998,254140626.0
sas,1999,256312273.0
sas,2000,258268505.0
sas,2001,260509373.0
sas,2002,262452825.0
sas,2003,264137520.0
sas,2004,265611098.0
sas,2005,266889459.0
sas,2006,268380478.0
sas,2007,269711822.0
sas,2008,270853486.0
sas,2009,271726719.0
sas,2010,272289006.0
sas,2011,272744722.0
sas,2012,272763786.0
sas,2013,272461692.0
sas,2014,272042425.0
sas,2015,271624463.0
sas,2016,271084147.0
sau,1970,1298530.0
sau,1971,1358479.0
sau,1972,1424641.0
sau,1973,1497417.0
sau,1974,1576419.0
sau,1975,1661630.0
sau,1976,1740019.0
sau,1977,1822805.0
sau,1978,1914384.0
sau,1979,2020145.0
sau,1980,2142853.0
sau,1981,2260893.0
sau,1982,2391896.0
sau,1983,2531557.0
sau,1984,2671520.0
sau,1985,2805530.0
sau,1986,2961029.0
sau,1987,3099374.0
sau,1988,3228561.0
sau,1989,3350450.0
sau,1990,3459272.0
sau,1991,3599583.0
sau,1992,3731194.0
sau,1993,3843177.0
sau,1994,3926426.0
sau,1995,3979719.0
sau,1996,3971386.0
sau,1997,3950931.0
sau,1998,3941616.0
sau,1999,3963105.0
sau,2000,4019069.0
sau,2001,4008797.0
sau,2002,4020567.0
sau,2003,4046535.0
sau,2004,4074337.0
sau,2005,4096447.0
sau,2006,4110047.0
sau,2007,4111518.0
sau,2008,4110522.0
sau,2009,4118604.0
sau,2010,4140541.0
sau,2011,4125819.0
sau,2012,4122693.0
sau,2013,4129984.0
sau,2014,4144905.0
sau,2015,4164141.0
sau,2016,4183511.0
sdn,1970,2404045.0
sdn,1971,2494463.0
sdn,1972,2585962.0
sdn,1973,2679572.0
sdn,1974,2776522.0
sdn,1975,2877635.0
sdn,1976,2989905.0
sdn,1977,3104479.0
sdn,1978,3220828.0
sdn,1979,3337736.0
sdn,1980,3454043.0
sdn,1981,3580007.0
sdn,1982,3703991.0
sdn,1983,3825283.0
sdn,1984,3942717.0
sdn,1985,4055408.0
sdn,1986,4172628.0
sdn,1987,4283208.0
sdn,1988,4392740.0
sdn,1989,4509664.0
sdn,1990,4639886.0
sdn,1991,4784033.0
sdn,1992,4942119.0
sdn,1993,5104666.0
sdn,1994,5257322.0
sdn,1995,5389929.0
sdn,1996,5542423.0
sdn,1997,5673444.0
sdn,1998,5792205.0
sdn,1999,5913438.0
sdn,2000,6046674.0
sdn,2001,6195541.0
sdn,2002,6355332.0
sdn,2003,6518543.0
sdn,2004,6672715.0
sdn,2005,6809917.0
sdn,2006,6964072.0
sdn,2007,7103553.0
sdn,2008,7234017.0
sdn,2009,7364989.0
sdn,2010,7502847.0
sdn,2011,7628050.0
sdn,2012,7756466.0
sdn,2013,7886574.0
sdn,2014,8015754.0
sdn,2015,8142739.0
sdn,2016,8275548.0
sen,1970,956092.0
sen,1971,989663.0
sen,1972,1022832.0
sen,1973,1055072.0
sen,1974,1085209.0
sen,1975,1112493.0
sen,1976,1154788.0
sen,1977,1193342.0
sen,1978,1230123.0
sen,1979,1267864.0
sen,1980,1308344.0
sen,1981,1354122.0
sen,1982,1401858.0
sen,1983,1450939.0
sen,1984,1499919.0
sen,1985,1547806.0
sen,1986,1600038.0
sen,1987,1649339.0
sen,1988,1696818.0
sen,1989,1744030.0
sen,1990,1791561.0
sen,1991,1843206.0
sen,1992,1895221.0
sen,1993,1945679.0
sen,1994,1991607.0
sen,1995,2031214.0
sen,1996,2079206.0
sen,1997,2120985.0
sen,1998,2158677.0
sen,1999,2195907.0
sen,2000,2235298.0
sen,2001,2279657.0
sen,2002,2326154.0
sen,2003,2374969.0
sen,2004,2425981.0
sen,2005,2479372.0
sen,2006,2540744.0
sen,2007,2604836.0
sen,2008,2672570.0
sen,2009,2745073.0
sen,2010,2823062.0
sen,2011,2906231.0
sen,2012,2993363.0
sen,2013,3083392.0
sen,2014,3174226.0
sen,2015,3263899.0
sen,2016,3354308.0
sgp,1970,413240.0
sgp,1971,408131.0
sgp,1972,403161.0
sgp,1973,397776.0
sgp,1974,390531.0
sgp,1975,381317.0
sgp,1976,374278.0
sgp,1977,364788.0
sgp,1978,353619.0
sgp,1979,344050.0
sgp,1980,337329.0
sgp,1981,342225.0
sgp,1982,349651.0
sgp,1983,348922.0
sgp,1984,350071.0
sgp,1985,343432.0
sgp,1986,335825.0
sgp,1987,331248.0
sgp,1988,329330.0
sgp,1989,330691.0
sgp,1990,339033.0
sgp,1991,347609.0
sgp,1992,361163.0
sgp,1993,375930.0
sgp,1994,392586.0
sgp,1995,405952.0
sgp,1996,427498.0
sgp,1997,440885.0
sgp,1998,450024.0
sgp,1999,445843.0
sgp,2000,446382.0
sgp,2001,445604.0
sgp,2002,438180.0
sgp,2003,422231.0
sgp,2004,418671.0
sgp,2005,419487.0
sgp,2006,425454.0
sgp,2007,435706.0
sgp,2008,450023.0
sgp,2009,452981.0
sgp,2010,449804.0
sgp,2011,448573.0
sgp,2012,449426.0
sgp,2013,446815.0
sgp,2014,442957.0
sgp,2015,438784.0
sgp,2016,437380.0
slb,1970,35774.0
slb,1971,37730.0
slb,1972,39941.0
slb,1973,42347.0
slb,1974,44830.0
slb,1975,47280.0
slb,1976,49172.0
slb,1977,50942.0
slb,1978,52663.0
slb,1979,54446.0
slb,1980,56336.0
slb,1981,58414.0
slb,1982,60569.0
slb,1983,62715.0
slb,1984,64718.0
slb,1985,66498.0
slb,1986,68082.0
slb,1987,69500.0
slb,1988,70777.0
slb,1989,71972.0
slb,1990,73157.0
slb,1991,74625.0
slb,1992,76030.0
slb,1993,77434.0
slb,1994,78898.0
slb,1995,80447.0
slb,1996,82226.0
slb,1997,84052.0
slb,1998,85915.0
slb,1999,87777.0
slb,2000,89616.0
slb,2001,91793.0
slb,2002,94029.0
slb,2003,96278.0
slb,2004,98478.0
slb,2005,100590.0
slb,2006,102711.0
slb,2007,104846.0
slb,2008,106994.0
slb,2009,109161.0
slb,2010,111310.0
slb,2011,113363.0
slb,2012,115188.0
slb,2013,116855.0
slb,2014,118417.0
slb,2015,119902.0
slb,2016,121208.0
sle,1970,518755.0
sle,1971,536084.0
sle,1972,553638.0
sle,1973,571468.0
sle,1974,589338.0
sle,1975,607019.0
sle,1976,629571.0
sle,1977,650918.0
sle,1978,671582.0
sle,1979,692188.0
sle,1980,713032.0
sle,1981,737433.0
sle,1982,761068.0
sle,1983,784469.0
sle,1984,808369.0
sle,1985,833241.0
sle,1986,864498.0
sle,1987,895986.0
sle,1988,924908.0
sle,1989,946859.0
sle,1990,958213.0
sle,1991,966508.0
sle,1992,966298.0
sle,1993,960136.0
sle,1994,952696.0
sle,1995,948391.0
sle,1996,950695.0
sle,1997,954540.0
sle,1998,963115.0
sle,1999,980231.0
sle,2000,1008744.0
sle,2001,1048734.0
sle,2002,1097009.0
sle,2003,1150046.0
sle,2004,1201626.0
sle,2005,1246410.0
sle,2006,1289707.0
sle,2007,1326643.0
sle,2008,1357982.0
sle,2009,1385938.0
sle,2010,1412504.0
sle,2011,1443082.0
sle,2012,1471078.0
sle,2013,1496991.0
sle,2014,1521361.0
sle,2015,1544433.0
sle,2016,1567665.0
slv,1970,844714.0
slv,1971,863934.0
slv,1972,882834.0
slv,1973,901245.0
slv,1974,918742.0
slv,1975,935009.0
slv,1976,952140.0
slv,1977,968469.0
slv,1978,983923.0
slv,1979,998203.0
slv,1980,1010897.0
slv,1981,1021034.0
slv,1982,1029733.0
slv,1983,1037583.0
slv,1984,1045224.0
slv,1985,1052842.0
slv,1986,1053470.0
slv,1987,1054683.0
slv,1988,1056402.0
slv,1989,1058569.0
slv,1990,1061378.0
slv,1991,1062130.0
slv,1992,1064350.0
slv,1993,1067894.0
slv,1994,1072270.0
slv,1995,1076789.0
slv,1996,1081721.0
slv,1997,1085922.0
slv,1998,1089476.0
slv,1999,1092259.0
slv,2000,1093815.0
slv,2001,1091562.0
slv,2002,1087834.0
slv,2003,1082564.0
slv,2004,1075934.0
slv,2005,1068088.0
slv,2006,1052273.0
slv,2007,1037935.0
slv,2008,1024086.0
slv,2009,1009569.0
slv,2010,993998.0
slv,2011,977135.0
slv,2012,958626.0
slv,2013,940231.0
slv,2014,924543.0
slv,2015,912731.0
slv,2016,900301.0
som,1970,743087.0
som,1971,750222.0
som,1972,749199.0
som,1973,752531.0
som,1974,778867.0
som,1975,842525.0
som,1976,936831.0
som,1977,1060468.0
som,1978,1196315.0
som,1979,1315464.0
som,1980,1394093.0
som,1981,1452802.0
som,1982,1479314.0
som,1983,1481589.0
som,1984,1477253.0
som,1985,1481343.0
som,1986,1505743.0
som,1987,1538293.0
som,1988,1575609.0
som,1989,1609992.0
som,1990,1635190.0
som,1991,1658853.0
som,1992,1674056.0
som,1993,1687364.0
som,1994,1709504.0
som,1995,1749125.0
som,1996,1808345.0
som,1997,1881817.0
som,1998,1965653.0
som,1999,2051263.0
som,2000,2131702.0
som,2001,2215735.0
som,2002,2291154.0
som,2003,2360938.0
som,2004,2430457.0
som,2005,2502915.0
som,2006,2578771.0
som,2007,2658024.0
som,2008,2738314.0
som,2009,2815588.0
som,2010,2888004.0
som,2011,2967660.0
som,2012,3041160.0
som,2013,3112028.0
som,2014,3185591.0
som,2015,3264759.0
som,2016,3352034.0
srb,1990,922236.0
srb,1991,914132.0
srb,1992,907579.0
srb,1993,898957.0
srb,1994,887664.0
srb,1995,860172.0
srb,1996,841589.0
srb,1997,825806.0
srb,1998,812628.0
srb,1999,801087.0
srb,2000,789938.0
srb,2001,776169.0
srb,2002,761498.0
srb,2003,744699.0
srb,2004,727768.0
srb,2005,711509.0
srb,2006,696803.0
srb,2007,682485.0
srb,2008,669239.0
srb,2009,657848.0
srb,2010,648070.0
srb,2011,635831.0
srb,2012,627715.0
srb,2013,620744.0
srb,2014,613826.0
srb,2015,606283.0
srb,2016,599353.0
ssa,1970,64892553.0
ssa,1971,66921530.0
ssa,1972,68955772.0
ssa,1973,71007512.0
ssa,1974,73083576.0
ssa,1975,75192536.0
ssa,1976,77632263.0
ssa,1977,80063488.0
ssa,1978,82510280.0
ssa,1979,84995837.0
ssa,1980,87523808.0
ssa,1981,90468590.0
ssa,1982,93385735.0
ssa,1983,96276383.0
ssa,1984,99135616.0
ssa,1985,101959079.0
ssa,1986,105132955.0
ssa,1987,108223053.0
ssa,1988,111244545.0
ssa,1989,114211371.0
ssa,1990,117126565.0
ssa,1991,120325218.0
ssa,1992,123436899.0
ssa,1993,126477302.0
ssa,1994,129468013.0
ssa,1995,132424778.0
ssa,1996,135885059.0
ssa,1997,139303374.0
ssa,1998,142711663.0
ssa,1999,146138538.0
ssa,2000,149604779.0
ssa,2001,153563230.0
ssa,2002,157515678.0
ssa,2003,161503898.0
ssa,2004,165596769.0
ssa,2005,169827525.0
ssa,2006,174493048.0
ssa,2007,179233844.0
ssa,2008,184035765.0
ssa,2009,188867608.0
ssa,2010,193712477.0
ssa,2011,198815086.0
ssa,2012,203879116.0
ssa,2013,208908730.0
ssa,2014,213906187.0
ssa,2015,218865149.0
ssa,2016,224051413.0
ssd,1970,792167.0
ssd,1971,815970.0
ssd,1972,839672.0
ssd,1973,863453.0
ssd,1974,887647.0
ssd,1975,912516.0
ssd,1976,937772.0
ssd,1977,963291.0
ssd,1978,989650.0
ssd,1979,1017637.0
ssd,1980,1047646.0
ssd,1981,1079772.0
ssd,1982,1113303.0
ssd,1983,1146810.0
ssd,1984,1178373.0
ssd,1985,1206468.0
ssd,1986,1231798.0
ssd,1987,1254524.0
ssd,1988,1272084.0
ssd,1989,1281189.0
ssd,1990,1280225.0
ssd,1991,1267109.0
ssd,1992,1244469.0
ssd,1993,1221145.0
ssd,1994,1209141.0
ssd,1995,1216837.0
ssd,1996,1247975.0
ssd,1997,1299549.0
ssd,1998,1364865.0
ssd,1999,1433824.0
ssd,2000,1499074.0
ssd,2001,1558535.0
ssd,2002,1614471.0
ssd,2003,1669033.0
ssd,2004,1725923.0
ssd,2005,1787766.0
ssd,2006,1854426.0
ssd,2007,1924498.0
ssd,2008,1997842.0
ssd,2009,2074140.0
ssd,2010,2152876.0
ssd,2011,2234385.0
ssd,2012,2317958.0
ssd,2013,2400757.0
ssf,1970,64904489.0
ssf,1971,66933613.0
ssf,1972,68968043.0
ssf,1973,71019855.0
ssf,1974,73095998.0
ssf,1975,75205058.0
ssf,1976,77644896.0
ssf,1977,80076207.0
ssf,1978,82522879.0
ssf,1979,85008346.0
ssf,1980,87536243.0
ssf,1981,90480946.0
ssf,1982,93397958.0
ssf,1983,96288401.0
ssf,1984,99147511.0
ssf,1985,101970873.0
ssf,1986,105144863.0
ssf,1987,108235498.0
ssf,1988,111257054.0
ssf,1989,114223992.0
ssf,1990,117139303.0
ssf,1991,120337734.0
ssf,1992,123449121.0
ssf,1993,126489461.0
ssf,1994,129480193.0
ssf,1995,132436824.0
ssf,1996,135897132.0
ssf,1997,139315389.0
ssf,1998,142723681.0
ssf,1999,146150556.0
ssf,2000,149616687.0
ssf,2001,153574703.0
ssf,2002,157527140.0
ssf,2003,161514945.0
ssf,2004,165607541.0
ssf,2005,169838122.0
ssf,2006,174503793.0
ssf,2007,179244515.0
ssf,2008,184046471.0
ssf,2009,188878091.0
ssf,2010,193722948.0
ssf,2011,198825130.0
ssf,2012,203889102.0
ssf,2013,208918763.0
ssf,2014,213916280.0
ssf,2015,218875420.0
ssf,2016,224061941.0
stp,1970,17793.0
stp,1971,18270.0
stp,1972,18674.0
stp,1973,19039.0
stp,1974,19443.0
stp,1975,19931.0
stp,1976,20470.0
stp,1977,21114.0
stp,1978,21775.0
stp,1979,22319.0
stp,1980,22686.0
stp,1981,23384.0
stp,1982,23810.0
stp,1983,24098.0
stp,1984,24433.0
stp,1985,24911.0
stp,1986,25236.0
stp,1987,25787.0
stp,1988,26450.0
stp,1989,27033.0
stp,1990,27465.0
stp,1991,27955.0
stp,1992,28277.0
stp,1993,28515.0
stp,1994,28799.0
stp,1995,29171.0
stp,1996,29492.0
stp,1997,29937.0
stp,1998,30456.0
stp,1999,30976.0
stp,2000,31468.0
stp,2001,32089.0
stp,2002,32657.0
stp,2003,33224.0
stp,2004,33874.0
stp,2005,34615.0
stp,2006,35406.0
stp,2007,36241.0
stp,2008,37107.0
stp,2009,38002.0
stp,2010,38891.0
stp,2011,39682.0
stp,2012,40503.0
stp,2013,41325.0
stp,2014,42103.0
stp,2015,42813.0
stp,2016,43489.0
sur,1970,90667.0
sur,1971,90463.0
sur,1972,89778.0
sur,1973,88811.0
sur,1974,87856.0
sur,1975,87110.0
sur,1976,83966.0
sur,1977,81030.0
sur,1978,78200.0
sur,1979,75478.0
sur,1980,72991.0
sur,1981,70873.0
sur,1982,69377.0
sur,1983,68384.0
sur,1984,67726.0
sur,1985,67334.0
sur,1986,68029.0
sur,1987,68510.0
sur,1988,68987.0
sur,1989,69761.0
sur,1990,70927.0
sur,1991,72091.0
sur,1992,73620.0
sur,1993,75317.0
sur,1994,76837.0
sur,1995,77969.0
sur,1996,78441.0
sur,1997,78669.0
sur,1998,78697.0
sur,1999,78622.0
sur,2000,78502.0
sur,2001,78829.0
sur,2002,78980.0
sur,2003,79046.0
sur,2004,79103.0
sur,2005,79166.0
sur,2006,78995.0
sur,2007,78818.0
sur,2008,78623.0
sur,2009,78382.0
sur,2010,78108.0
sur,2011,77912.0
sur,2012,77709.0
sur,2013,77509.0
sur,2014,77315.0
sur,2015,77132.0
sur,2016,77118.0
svk,1970,638196.0
svk,1971,628985.0
svk,1972,625681.0
svk,1973,625628.0
svk,1974,627114.0
svk,1975,629297.0
svk,1976,636329.0
svk,1977,642888.0
svk,1978,649565.0
svk,1979,657307.0
svk,1980,665093.0
svk,1981,672410.0
svk,1982,680339.0
svk,1983,687812.0
svk,1984,694154.0
svk,1985,699014.0
svk,1986,699539.0
svk,1987,699489.0
svk,1988,698004.0
svk,1989,693854.0
svk,1990,686808.0
svk,1991,677337.0
svk,1992,664649.0
svk,1993,652129.0
svk,1994,638758.0
svk,1995,624472.0
svk,1996,609930.0
svk,1997,594299.0
svk,1998,577841.0
svk,1999,561103.0
svk,2000,543339.0
svk,2001,523646.0
svk,2002,506754.0
svk,2003,491166.0
svk,2004,476559.0
svk,2005,462778.0
svk,2006,452127.0
svk,2007,442460.0
svk,2008,434309.0
svk,2009,428126.0
svk,2010,423664.0
svk,2011,422245.0
svk,2012,421468.0
svk,2013,421334.0
svk,2014,422361.0
svk,2015,424431.0
svk,2016,425221.0
svn,1970,212670.0
svn,1971,212287.0
svn,1972,213190.0
svn,1973,214948.0
svn,1974,216061.0
svn,1975,217718.0
svn,1976,220913.0
svn,1977,223054.0
svn,1978,224693.0
svn,1979,226390.0
svn,1980,228141.0
svn,1981,228064.0
svn,1982,227288.0
svn,1983,227078.0
svn,1984,226307.0
svn,1985,225163.0
svn,1986,224601.0
svn,1987,224211.0
svn,1988,221506.0
svn,1989,217527.0
svn,1990,212634.0
svn,1991,208646.0
svn,1992,203151.0
svn,1993,196831.0
svn,1994,190852.0
svn,1995,185681.0
svn,1996,179562.0
svn,1997,174232.0
svn,1998,169407.0
svn,1999,165172.0
svn,2000,161113.0
svn,2001,157367.0
svn,2002,153202.0
svn,2003,149017.0
svn,2004,145670.0
svn,2005,143758.0
svn,2006,142435.0
svn,2007,142955.0
svn,2008,144016.0
svn,2009,146454.0
svn,2010,147963.0
svn,2011,150519.0
svn,2012,152227.0
svn,2013,153351.0
svn,2014,154541.0
svn,2015,156050.0
svn,2016,157249.0
swe,1970,860842.0
swe,1971,867651.0
swe,1972,870261.0
swe,1973,870587.0
swe,1974,870408.0
swe,1975,869458.0
swe,1976,866033.0
swe,1977,860594.0
swe,1978,853077.0
swe,1979,843996.0
swe,1980,834150.0
swe,1981,821070.0
swe,1982,808251.0
swe,1983,796015.0
swe,1984,785148.0
swe,1985,776652.0
swe,1986,772183.0
swe,1987,770558.0
swe,1988,772288.0
swe,1989,778089.0
swe,1990,787038.0
swe,1991,801041.0
swe,1992,814864.0
swe,1993,829065.0
swe,1994,843409.0
swe,1995,853496.0
swe,1996,857750.0
swe,1997,855679.0
swe,1998,849672.0
swe,1999,843110.0
swe,2000,838556.0
swe,2001,825363.0
swe,2002,819829.0
swe,2003,817919.0
swe,2004,814001.0
swe,2005,806121.0
swe,2006,807912.0
swe,2007,803642.0
swe,2008,796215.0
swe,2009,792428.0
swe,2010,795074.0
swe,2011,801812.0
swe,2012,813353.0
swe,2013,830284.0
swe,2014,850280.0
swe,2015,870566.0
swe,2016,884503.0
swz,1970,104714.0
swz,1971,108147.0
swz,1972,111823.0
swz,1973,115687.0
swz,1974,119686.0
swz,1975,123793.0
swz,1976,128389.0
swz,1977,133055.0
swz,1978,137748.0
swz,1979,142424.0
swz,1980,147058.0
swz,1981,151564.0
swz,1982,156095.0
swz,1983,160834.0
swz,1984,166137.0
swz,1985,172279.0
swz,1986,178844.0
swz,1987,186150.0
swz,1988,193734.0
swz,1989,200856.0
swz,1990,206930.0
swz,1991,212764.0
swz,1992,217469.0
swz,1993,221245.0
swz,1994,224528.0
swz,1995,227581.0
swz,1996,230729.0
swz,1997,233639.0
swz,1998,235936.0
swz,1999,237112.0
swz,2000,236919.0
swz,2001,236864.0
swz,2002,236003.0
swz,2003,234832.0
swz,2004,234091.0
swz,2005,234249.0
swz,2006,234094.0
swz,2007,234603.0
swz,2008,235641.0
swz,2009,236971.0
swz,2010,238439.0
swz,2011,240413.0
swz,2012,242395.0
swz,2013,244490.0
swz,2014,246820.0
swz,2015,249400.0
swz,2016,252266.0
syc,1970,11936.0
syc,1971,12083.0
syc,1972,12271.0
syc,1973,12343.0
syc,1974,12422.0
syc,1975,12522.0
syc,1976,12633.0
syc,1977,12719.0
syc,1978,12599.0
syc,1979,12509.0
syc,1980,12435.0
syc,1981,12356.0
syc,1982,12223.0
syc,1983,12018.0
syc,1984,11895.0
syc,1985,11794.0
syc,1986,11908.0
syc,1987,12445.0
syc,1988,12509.0
syc,1989,12621.0
syc,1990,12738.0
syc,1991,12516.0
syc,1992,12222.0
syc,1993,12159.0
syc,1994,12180.0
syc,1995,12046.0
syc,1996,12073.0
syc,1997,12015.0
syc,1998,12018.0
syc,1999,12018.0
syc,2000,11908.0
syc,2001,11473.0
syc,2002,11462.0
syc,2003,11047.0
syc,2004,10772.0
syc,2005,10597.0
syc,2006,10745.0
syc,2007,10671.0
syc,2008,10706.0
syc,2009,10483.0
syc,2010,10471.0
syc,2011,10044.0
syc,2012,9986.0
syc,2013,10033.0
syc,2014,10093.0
syc,2015,10271.0
syc,2016,10528.0
syr,1970,1542404.0
syr,1971,1597603.0
syr,1972,1656463.0
syr,1973,1718309.0
syr,1974,1781765.0
syr,1975,1846100.0
syr,1976,1918301.0
syr,1977,1990790.0
syr,1978,2064704.0
syr,1979,2141763.0
syr,1980,2222817.0
syr,1981,2304639.0
syr,1982,2389245.0
syr,1983,2474841.0
syr,1984,2558648.0
syr,1985,2638567.0
syr,1986,2718022.0
syr,1987,2793117.0
syr,1988,2863609.0
syr,1989,2929331.0
syr,1990,2990099.0
syr,1991,3043385.0
syr,1992,3090425.0
syr,1993,3132909.0
syr,1994,3174157.0
syr,1995,3216559.0
syr,1996,3258160.0
syr,1997,3306375.0
syr,1998,3356779.0
syr,1999,3402567.0
syr,2000,3440556.0
syr,2001,3496745.0
syr,2002,3534869.0
syr,2003,3567534.0
syr,2004,3613140.0
syr,2005,3680583.0
syr,2006,3740408.0
syr,2007,3826232.0
syr,2008,3909368.0
syr,2009,3946836.0
syr,2010,3911249.0
syr,2011,3932632.0
syr,2012,3892323.0
syr,2013,3809400.0
syr,2014,3721085.0
syr,2015,3656259.0
syr,2016,3529619.0
tcd,1970,772488.0
tcd,1971,794966.0
tcd,1972,819064.0
tcd,1973,844106.0
tcd,1974,868731.0
tcd,1975,891950.0
tcd,1976,919150.0
tcd,1977,944522.0
tcd,1978,969009.0
tcd,1979,994046.0
tcd,1980,1020680.0
tcd,1981,1051937.0
tcd,1982,1083925.0
tcd,1983,1117252.0
tcd,1984,1152516.0
tcd,1985,1190315.0
tcd,1986,1234060.0
tcd,1987,1279628.0
tcd,1988,1326770.0
tcd,1989,1374848.0
tcd,1990,1423315.0
tcd,1991,1477238.0
tcd,1992,1531051.0
tcd,1993,1585397.0
tcd,1994,1641263.0
tcd,1995,1699484.0
tcd,1996,1765683.0
tcd,1997,1832855.0
tcd,1998,1901934.0
tcd,1999,1974071.0
tcd,2000,2050020.0
tcd,2001,2135967.0
tcd,2002,2224314.0
tcd,2003,2313724.0
tcd,2004,2401881.0
tcd,2005,2486876.0
tcd,2006,2576708.0
tcd,2007,2662504.0
tcd,2008,2745463.0
tcd,2009,2827728.0
tcd,2010,2910933.0
tcd,2011,3002514.0
tcd,2012,3093986.0
tcd,2013,3184759.0
tcd,2014,3273656.0
tcd,2015,3359769.0
tcd,2016,3451865.0
tgo,1970,471978.0
tgo,1971,490895.0
tgo,1972,507663.0
tgo,1973,522496.0
tgo,1974,536133.0
tgo,1975,549291.0
tgo,1976,564657.0
tgo,1977,579142.0
tgo,1978,593816.0
tgo,1979,610165.0
tgo,1980,629318.0
tgo,1981,652667.0
tgo,1982,677852.0
tgo,1983,704210.0
tgo,1984,730408.0
tgo,1985,755237.0
tgo,1986,782219.0
tgo,1987,807881.0
tgo,1988,831836.0
tgo,1989,853662.0
tgo,1990,873155.0
tgo,1991,895305.0
tgo,1992,914543.0
tgo,1993,932318.0
tgo,1994,950780.0
tgo,1995,971368.0
tgo,1996,990469.0
tgo,1997,1011829.0
tgo,1998,1034524.0
tgo,1999,1057002.0
tgo,2000,1078369.0
tgo,2001,1105088.0
tgo,2002,1130984.0
tgo,2003,1156682.0
tgo,2004,1183241.0
tgo,2005,1211408.0
tgo,2006,1245119.0
tgo,2007,1279264.0
tgo,2008,1314051.0
tgo,2009,1349444.0
tgo,2010,1385159.0
tgo,2011,1422287.0
tgo,2012,1459090.0
tgo,2013,1495162.0
tgo,2014,1529903.0
tgo,2015,1562901.0
tgo,2016,1595243.0
tha,1970,8226949.0
tha,1971,8457063.0
tha,1972,8659145.0
tha,1973,8836420.0
tha,1974,8993388.0
tha,1975,9130941.0
tha,1976,9247810.0
tha,1977,9349493.0
tha,1978,9430723.0
tha,1979,9482772.0
tha,1980,9501422.0
tha,1981,9486886.0
tha,1982,9445901.0
tha,1983,9382149.0
tha,1984,9304229.0
tha,1985,9218528.0
tha,1986,9125289.0
tha,1987,9026717.0
tha,1988,8922465.0
tha,1989,8812778.0
tha,1990,8698315.0
tha,1991,8602250.0
tha,1992,8504949.0
tha,1993,8407403.0
tha,1994,8310223.0
tha,1995,8214616.0
tha,1996,8112987.0
tha,1997,8015109.0
tha,1998,7916951.0
tha,1999,7818406.0
tha,2000,7719046.0
tha,2001,7594005.0
tha,2002,7474712.0
tha,2003,7359569.0
tha,2004,7245103.0
tha,2005,7129836.0
tha,2006,7020337.0
tha,2007,6916751.0
tha,2008,6816172.0
tha,2009,6718111.0
tha,2010,6623694.0
tha,2011,6592187.0
tha,2012,6545367.0
tha,2013,6486395.0
tha,2014,6420226.0
tha,2015,6348885.0
tha,2016,6246677.0
tjk,1970,679861.0
tjk,1971,695772.0
tjk,1972,712183.0
tjk,1973,729009.0
tjk,1974,745387.0
tjk,1975,760745.0
tjk,1976,778335.0
tjk,1977,794205.0
tjk,1978,809441.0
tjk,1979,826037.0
tjk,1980,845326.0
tjk,1981,867494.0
tjk,1982,893092.0
tjk,1983,921889.0
tjk,1984,953050.0
tjk,1985,985922.0
tjk,1986,1024573.0
tjk,1987,1064273.0
tjk,1988,1103623.0
tjk,1989,1140492.0
tjk,1990,1172862.0
tjk,1991,1207056.0
tjk,1992,1234712.0
tjk,1993,1257114.0
tjk,1994,1276370.0
tjk,1995,1293722.0
tjk,1996,1305706.0
tjk,1997,1317979.0
tjk,1998,1329362.0
tjk,1999,1337955.0
tjk,2000,1343304.0
tjk,2001,1343576.0
tjk,2002,1339870.0
tjk,2003,1334720.0
tjk,2004,1332410.0
tjk,2005,1335242.0
tjk,2006,1338831.0
tjk,2007,1350043.0
tjk,2008,1366444.0
tjk,2009,1383977.0
tjk,2010,1400961.0
tjk,2011,1428748.0
tjk,2012,1454086.0
tjk,2013,1479412.0
tjk,2014,1508116.0
tjk,2015,1541102.0
tjk,2016,1576652.0
tkm,1970,494400.0
tkm,1971,505379.0
tkm,1972,516681.0
tkm,1973,528162.0
tkm,1974,539276.0
tkm,1975,549687.0
tkm,1976,560255.0
tkm,1977,570701.0
tkm,1978,581180.0
tkm,1979,591734.0
tkm,1980,602255.0
tkm,1981,614301.0
tkm,1982,625618.0
tkm,1983,637152.0
tkm,1984,650055.0
tkm,1985,664864.0
tkm,1986,680125.0
tkm,1987,697794.0
tkm,1988,717188.0
tkm,1989,737037.0
tkm,1990,756539.0
tkm,1991,778897.0
tkm,1992,798825.0
tkm,1993,816090.0
tkm,1994,830110.0
tkm,1995,839774.0
tkm,1996,845797.0
tkm,1997,846514.0
tkm,1998,842728.0
tkm,1999,836068.0
tkm,2000,828023.0
tkm,2001,816893.0
tkm,2002,808705.0
tkm,2003,801927.0
tkm,2004,794086.0
tkm,2005,784385.0
tkm,2006,779048.0
tkm,2007,769564.0
tkm,2008,759665.0
tkm,2009,755441.0
tkm,2010,760163.0
tkm,2011,767981.0
tkm,2012,786688.0
tkm,2013,812271.0
tkm,2014,837525.0
tkm,2015,858359.0
tkm,2016,884508.0
tls,1970,128271.0
tls,1971,131943.0
tls,1972,135855.0
tls,1973,139161.0
tls,1974,140537.0
tls,1975,139062.0
tls,1976,136822.0
tls,1977,131592.0
tls,1978,125110.0
tls,1979,120034.0
tls,1980,118225.0
tls,1981,116843.0
tls,1982,119601.0
tls,1983,124997.0
tls,1984,130496.0
tls,1985,134488.0
tls,1986,139086.0
tls,1987,140862.0
tls,1988,141344.0
tls,1989,143045.0
tls,1990,147348.0
tls,1991,153254.0
tls,1992,162241.0
tls,1993,172587.0
tls,1994,181528.0
tls,1995,187455.0
tls,1996,196937.0
tls,1997,203535.0
tls,1998,208628.0
tls,1999,214631.0
tls,2000,223284.0
tls,2001,228725.0
tls,2002,235952.0
tls,2003,244035.0
tls,2004,251436.0
tls,2005,256942.0
tls,2006,256668.0
tls,2007,256673.0
tls,2008,256982.0
tls,2009,257472.0
tls,2010,258310.0
tls,2011,263230.0
tls,2012,267015.0
tls,2013,270280.0
tls,2014,273968.0
tls,2015,278446.0
tls,2016,283029.0
ton,1970,20980.0
ton,1971,21142.0
ton,1972,21183.0
ton,1973,21123.0
ton,1974,21003.0
ton,1975,20865.0
ton,1976,20618.0
ton,1977,20457.0
ton,1978,20346.0
ton,1979,20212.0
ton,1980,20001.0
ton,1981,20101.0
ton,1982,20060.0
ton,1983,19939.0
ton,1984,19832.0
ton,1985,19785.0
ton,1986,19640.0
ton,1987,19507.0
ton,1988,19423.0
ton,1989,19405.0
ton,1990,19435.0
ton,1991,19486.0
ton,1992,19646.0
ton,1993,19822.0
ton,1994,19928.0
ton,1995,19936.0
ton,1996,19965.0
ton,1997,19872.0
ton,1998,19726.0
ton,1999,19630.0
ton,2000,19642.0
ton,2001,19492.0
ton,2002,19519.0
ton,2003,19661.0
ton,2004,19830.0
ton,2005,19980.0
ton,2006,20068.0
ton,2007,20135.0
ton,2008,20175.0
ton,2009,20210.0
ton,2010,20241.0
ton,2011,20272.0
ton,2012,20278.0
ton,2013,20267.0
ton,2014,20242.0
ton,2015,20215.0
ton,2016,20090.0
tto,1970,197563.0
tto,1971,194931.0
tto,1972,194039.0
tto,1973,194015.0
tto,1974,193562.0
tto,1975,192112.0
tto,1976,191426.0
tto,1977,189491.0
tto,1978,187166.0
tto,1979,185896.0
tto,1980,186420.0
tto,1981,188278.0
tto,1982,191880.0
tto,1983,196477.0
tto,1984,200677.0
tto,1985,203620.0
tto,1986,207100.0
tto,1987,208654.0
tto,1988,208797.0
tto,1989,208484.0
tto,1990,208173.0
tto,1991,205941.0
tto,1992,204289.0
tto,1993,202572.0
tto,1994,199830.0
tto,1995,195625.0
tto,1996,190344.0
tto,1997,184034.0
tto,1998,177092.0
tto,1999,170350.0
tto,2000,164349.0
tto,2001,158780.0
tto,2002,153945.0
tto,2003,149865.0
tto,2004,146428.0
tto,2005,143569.0
tto,2006,141733.0
tto,2007,140372.0
tto,2008,139556.0
tto,2009,139292.0
tto,2010,139507.0
tto,2011,140101.0
tto,2012,140956.0
tto,2013,141916.0
tto,2014,142759.0
tto,2015,143310.0
tto,2016,143558.0
tun,1970,1170978.0
tun,1971,1185455.0
tun,1972,1202427.0
tun,1973,1221123.0
tun,1974,1239604.0
tun,1975,1256901.0
tun,1976,1274509.0
tun,1977,1291906.0
tun,1978,1309780.0
tun,1979,1329442.0
tun,1980,1351636.0
tun,1981,1373475.0
tun,1982,1395547.0
tun,1983,1417738.0
tun,1984,1439927.0
tun,1985,1461732.0
tun,1986,1484907.0
tun,1987,1507352.0
tun,1988,1527952.0
tun,1989,1545487.0
tun,1990,1559388.0
tun,1991,1572583.0
tun,1992,1580505.0
tun,1993,1582639.0
tun,1994,1579055.0
tun,1995,1569672.0
tun,1996,1555149.0
tun,1997,1538166.0
tun,1998,1517740.0
tun,1999,1492776.0
tun,2000,1463400.0
tun,2001,1435820.0
tun,2002,1404724.0
tun,2003,1372555.0
tun,2004,1342806.0
tun,2005,1317847.0
tun,2006,1298052.0
tun,2007,1282944.0
tun,2008,1272941.0
tun,2009,1268577.0
tun,2010,1270343.0
tun,2011,1280078.0
tun,2012,1297418.0
tun,2013,1319928.0
tun,2014,1343693.0
tun,2015,1366284.0
tun,2016,1394053.0
tur,1970,7223108.0
tur,1971,7374207.0
tur,1972,7528869.0
tur,1973,7684897.0
tur,1974,7838446.0
tur,1975,7987404.0
tur,1976,8157532.0
tur,1977,8317387.0
tur,1978,8470068.0
tur,1979,8619535.0
tur,1980,8767534.0
tur,1981,8916646.0
tur,1982,9059800.0
tur,1983,9193745.0
tur,1984,9313206.0
tur,1985,9414710.0
tur,1986,9523903.0
tur,1987,9609346.0
tur,1988,9673626.0
tur,1989,9721163.0
tur,1990,9754987.0
tur,1991,9777270.0
tur,1992,9789706.0
tur,1993,9793173.0
tur,1994,9790150.0
tur,1995,9784805.0
tur,1996,9789389.0
tur,1997,9798198.0
tur,1998,9809377.0
tur,1999,9818745.0
tur,2000,9823694.0
tur,2001,9853655.0
tur,2002,9867394.0
tur,2003,9872014.0
tur,2004,9876558.0
tur,2005,9883981.0
tur,2006,9877739.0
tur,2007,9879039.0
tur,2008,9886434.0
tur,2009,9898973.0
tur,2010,9921097.0
tur,2011,9972237.0
tur,2012,10034176.0
tur,2013,10102928.0
tur,2014,10169911.0
tur,2015,10225281.0
tur,2016,10277743.0
tza,1970,3144202.0
tza,1971,3257781.0
tza,1972,3371200.0
tza,1973,3484796.0
tza,1974,3598776.0
tza,1975,3713004.0
tza,1976,3843030.0
tza,1977,3971633.0
tza,1978,4099811.0
tza,1979,4228540.0
tza,1980,4358392.0
tza,1981,4505661.0
tza,1982,4651692.0
tza,1983,4796744.0
tza,1984,4940835.0
tza,1985,5083946.0
tza,1986,5244298.0
tza,1987,5401227.0
tza,1988,5557783.0
tza,1989,5718262.0
tza,1990,5885829.0
tza,1991,6084788.0
tza,1992,6287080.0
tza,1993,6488180.0
tza,1994,6680209.0
tza,1995,6856766.0
tza,1996,7051219.0
tza,1997,7230327.0
tza,1998,7399714.0
tza,1999,7569412.0
tza,2000,7748241.0
tza,2001,7941905.0
tza,2002,8151849.0
tza,2003,8381501.0
tza,2004,8631389.0
tza,2005,8900532.0
tza,2006,9191976.0
tza,2007,9497215.0
tza,2008,9813267.0
tza,2009,10136914.0
tza,2010,10465943.0
tza,2011,10817848.0
tza,2012,11169873.0
tza,2013,11523560.0
tza,2014,11879834.0
tza,2015,12237934.0
tza,2016,12595588.0
uga,1970,2217577.0
uga,1971,2290364.0
uga,1972,2358849.0
uga,1973,2425064.0
uga,1974,2492089.0
uga,1975,2562255.0
uga,1976,2643283.0
uga,1977,2727083.0
uga,1978,2813170.0
uga,1979,2900204.0
uga,1980,2987440.0
uga,1981,3086447.0
uga,1982,3184310.0
uga,1983,3283504.0
uga,1984,3387654.0
uga,1985,3499363.0
uga,1986,3635282.0
uga,1987,3775627.0
uga,1988,3919567.0
uga,1989,4065174.0
uga,1990,4210705.0
uga,1991,4381441.0
uga,1992,4551993.0
uga,1993,4721910.0
uga,1994,4890367.0
uga,1995,5057042.0
uga,1996,5243895.0
uga,1997,5426378.0
uga,1998,5609011.0
uga,1999,5798258.0
uga,2000,5998535.0
uga,2001,6213381.0
uga,2002,6438997.0
uga,2003,6673402.0
uga,2004,6912316.0
uga,2005,7152897.0
uga,2006,7404026.0
uga,2007,7654087.0
uga,2008,7904652.0
uga,2009,8158155.0
uga,2010,8415430.0
uga,2011,8684138.0
uga,2012,8953861.0
uga,2013,9223775.0
uga,2014,9492270.0
uga,2015,9758386.0
uga,2016,10034613.0
ukr,1970,5897727.0
ukr,1971,5804401.0
ukr,1972,5756233.0
ukr,1973,5735444.0
ukr,1974,5708118.0
ukr,1975,5657802.0
ukr,1976,5642517.0
ukr,1977,5590446.0
ukr,1978,5521392.0
ukr,1979,5469816.0
ukr,1980,5453163.0
ukr,1981,5463632.0
ukr,1982,5501317.0
ukr,1983,5561833.0
ukr,1984,5616239.0
ukr,1985,5645610.0
ukr,1986,5673650.0
ukr,1987,5677779.0
ukr,1988,5664581.0
ukr,1989,5644191.0
ukr,1990,5604273.0
ukr,1991,5570244.0
ukr,1992,5533782.0
ukr,1993,5474873.0
ukr,1994,5371300.0
ukr,1995,5234777.0
ukr,1996,5068228.0
ukr,1997,4892292.0
ukr,1998,4707892.0
ukr,1999,4514794.0
ukr,2000,4318449.0
ukr,2001,4134549.0
ukr,2002,3954290.0
ukr,2003,3791080.0
ukr,2004,3649530.0
ukr,2005,3535264.0
ukr,2006,3441029.0
ukr,2007,3380385.0
ukr,2008,3348978.0
ukr,2009,3335645.0
ukr,2010,3330005.0
ukr,2011,3363162.0
ukr,2012,3389844.0
ukr,2013,3416467.0
ukr,2014,3446956.0
ukr,2015,3500649.0
ukr,2016,3529917.0
umc,1970,288634174.0
umc,1971,294885589.0
umc,1972,300835731.0
umc,1973,306495334.0
umc,1974,311220351.0
umc,1975,314462515.0
umc,1976,316565817.0
umc,1977,317438073.0
umc,1978,317479236.0
umc,1979,317033693.0
umc,1980,316254565.0
umc,1981,314932366.0
umc,1982,314290391.0
umc,1983,313819242.0
umc,1984,313304519.0
umc,1985,313163489.0
umc,1986,314836233.0
umc,1987,317035314.0
umc,1988,319510599.0
umc,1989,321820839.0
umc,1990,323537734.0
umc,1991,326746026.0
umc,1992,327823840.0
umc,1993,327681646.0
umc,1994,327431367.0
umc,1995,327472511.0
umc,1996,324439173.0
umc,1997,322998972.0
umc,1998,321844549.0
umc,1999,319239494.0
umc,2000,314534427.0
umc,2001,309633328.0
umc,2002,302957383.0
umc,2003,295279867.0
umc,2004,288030612.0
umc,2005,282067997.0
umc,2006,278057529.0
umc,2007,274777479.0
umc,2008,272465782.0
umc,2009,271060420.0
umc,2010,270389140.0
umc,2011,270457010.0
umc,2012,271457922.0
umc,2013,273079043.0
umc,2014,274808831.0
umc,2015,276265023.0
umc,2016,277930299.0
ury,1970,399291.0
ury,1971,399214.0
ury,1972,399695.0
ury,1973,400124.0
ury,1974,399940.0
ury,1975,399225.0
ury,1976,400080.0
ury,1977,399730.0
ury,1978,399054.0
ury,1979,399194.0
ury,1980,400581.0
ury,1981,401989.0
ury,1982,404155.0
ury,1983,406869.0
ury,1984,409656.0
ury,1985,412198.0
ury,1986,411758.0
ury,1987,412242.0
ury,1988,412900.0
ury,1989,413052.0
ury,1990,412608.0
ury,1991,413364.0
ury,1992,412915.0
ury,1993,411943.0
ury,1994,411450.0
ury,1995,411798.0
ury,1996,412898.0
ury,1997,414397.0
ury,1998,415970.0
ury,1999,416871.0
ury,2000,416566.0
ury,2001,414729.0
ury,2002,412460.0
ury,2003,409677.0
ury,2004,406566.0
ury,2005,403456.0
ury,2006,400195.0
ury,2007,396913.0
ury,2008,393664.0
ury,2009,390568.0
ury,2010,387671.0
ury,2011,384932.0
ury,2012,382265.0
ury,2013,379747.0
ury,2014,377446.0
ury,2015,375412.0
ury,2016,373467.0
usa,1970,29484778.0
usa,1971,29177279.0
usa,1972,28832554.0
usa,1973,28448144.0
usa,1974,28023231.0
usa,1975,27591997.0
usa,1976,27452204.0
usa,1977,27261216.0
usa,1978,27049346.0
usa,1979,26867667.0
usa,1980,26698809.0
usa,1981,26554575.0
usa,1982,26462193.0
usa,1983,26419936.0
usa,1984,26415191.0
usa,1985,26460934.0
usa,1986,26632402.0
usa,1987,26836282.0
usa,1988,27078005.0
usa,1989,27353231.0
usa,1990,27694411.0
usa,1991,28224101.0
usa,1992,28760770.0
usa,1993,29246331.0
usa,1994,29654051.0
usa,1995,29997292.0
usa,1996,30387488.0
usa,1997,30697482.0
usa,1998,30931062.0
usa,1999,31137043.0
usa,2000,31326190.0
usa,2001,31391948.0
usa,2002,31497190.0
usa,2003,31581962.0
usa,2004,31620717.0
usa,2005,31575037.0
usa,2006,31770137.0
usa,2007,31863776.0
usa,2008,31896704.0
usa,2009,31905152.0
usa,2010,31917658.0
usa,2011,31850076.0
usa,2012,31749719.0
usa,2013,31633811.0
usa,2014,31557579.0
usa,2015,31517862.0
usa,2016,31429943.0
uzb,1970,2776234.0
uzb,1971,2835444.0
uzb,1972,2889894.0
uzb,1973,2940447.0
uzb,1974,2986753.0
uzb,1975,3029652.0
uzb,1976,3085006.0
uzb,1977,3133295.0
uzb,1978,3178787.0
uzb,1979,3228598.0
uzb,1980,3286465.0
uzb,1981,3354377.0
uzb,1982,3432882.0
uzb,1983,3520159.0
uzb,1984,3611331.0
uzb,1985,3703050.0
uzb,1986,3809833.0
uzb,1987,3915014.0
uzb,1988,4018354.0
uzb,1989,4120709.0
uzb,1990,4232072.0
uzb,1991,4332720.0
uzb,1992,4438241.0
uzb,1993,4535734.0
uzb,1994,4610902.0
uzb,1995,4666392.0
uzb,1996,4717204.0
uzb,1997,4750181.0
uzb,1998,4754844.0
uzb,1999,4722015.0
uzb,2000,4693326.0
uzb,2001,4636537.0
uzb,2002,4575885.0
uzb,2003,4509100.0
uzb,2004,4438790.0
uzb,2005,4369325.0
uzb,2006,4306309.0
uzb,2007,4260833.0
uzb,2008,4232643.0
uzb,2009,4217922.0
uzb,2010,4262094.0
uzb,2011,4338764.0
uzb,2012,4361333.0
uzb,2013,4393616.0
uzb,2014,4445335.0
uzb,2015,4514702.0
uzb,2016,4586042.0
vct,1970,22724.0
vct,1971,22797.0
vct,1972,22870.0
vct,1973,22925.0
vct,1974,22948.0
vct,1975,22939.0
vct,1976,22845.0
vct,1977,22716.0
vct,1978,22557.0
vct,1979,22380.0
vct,1980,22207.0
vct,1981,21954.0
vct,1982,21721.0
vct,1983,21500.0
vct,1984,21273.0
vct,1985,21038.0
vct,1986,20892.0
vct,1987,20780.0
vct,1988,20699.0
vct,1989,20642.0
vct,1990,20579.0
vct,1991,20221.0
vct,1992,19861.0
vct,1993,19495.0
vct,1994,19118.0
vct,1995,18742.0
vct,1996,18397.0
vct,1997,18048.0
vct,1998,17707.0
vct,1999,17398.0
vct,2000,17117.0
vct,2001,16787.0
vct,2002,16482.0
vct,2003,16194.0
vct,2004,15926.0
vct,2005,15664.0
vct,2006,15447.0
vct,2007,15258.0
vct,2008,15071.0
vct,2009,14869.0
vct,2010,14643.0
vct,2011,14442.0
vct,2012,14200.0
vct,2013,13953.0
vct,2014,13738.0
vct,2015,13571.0
vct,2016,13368.0
ven,1970,2733720.0
ven,1971,2794503.0
ven,1972,2852277.0
ven,1973,2906153.0
ven,1974,2955175.0
ven,1975,2999845.0
ven,1976,3042182.0
ven,1977,3084692.0
ven,1978,3126702.0
ven,1979,3167635.0
ven,1980,3207757.0
ven,1981,3260238.0
ven,1982,3307665.0
ven,1983,3354569.0
ven,1984,3407302.0
ven,1985,3468753.0
ven,1986,3535341.0
ven,1987,3612022.0
ven,1988,3693768.0
ven,1989,3771757.0
ven,1990,3840704.0
ven,1991,3911135.0
ven,1992,3969308.0
ven,1993,4018213.0
ven,1994,4063498.0
ven,1995,4107757.0
ven,1996,4144487.0
ven,1997,4182346.0
ven,1998,4218407.0
ven,1999,4248246.0
ven,2000,4270203.0
ven,2001,4291453.0
ven,2002,4306319.0
ven,2003,4316516.0
ven,2004,4325519.0
ven,2005,4335394.0
ven,2006,4350430.0
ven,2007,4365548.0
ven,2008,4380943.0
ven,2009,4396150.0
ven,2010,4410666.0
ven,2011,4427194.0
ven,2012,4443458.0
ven,2013,4459008.0
ven,2014,4473127.0
ven,2015,4485263.0
ven,2016,4496678.0
vir,1970,11287.0
vir,1971,13068.0
vir,1972,14513.0
vir,1973,16720.0
vir,1974,18518.0
vir,1975,19635.0
vir,1976,20187.0
vir,1977,19240.0
vir,1978,19131.0
vir,1979,18209.0
vir,1980,17495.0
vir,1981,17152.0
vir,1982,17548.0
vir,1983,17844.0
vir,1984,18548.0
vir,1985,18241.0
vir,1986,18116.0
vir,1987,17626.0
vir,1988,16666.0
vir,1989,15643.0
vir,1990,15117.0
vir,1991,14726.0
vir,1992,14604.0
vir,1993,14709.0
vir,1994,14828.0
vir,1995,14778.0
vir,1996,15055.0
vir,1997,15035.0
vir,1998,14775.0
vir,1999,14441.0
vir,2000,14159.0
vir,2001,13579.0
vir,2002,13134.0
vir,2003,12830.0
vir,2004,12573.0
vir,2005,12310.0
vir,2006,12109.0
vir,2007,11880.0
vir,2008,11635.0
vir,2009,11416.0
vir,2010,11247.0
vir,2011,11130.0
vir,2012,11027.0
vir,2013,10933.0
vir,2014,10848.0
vir,2015,10761.0
vir,2016,10637.0
vnm,1970,9508848.0
vnm,1971,9694224.0
vnm,1972,9874197.0
vnm,1973,10049382.0
vnm,1974,10217932.0
vnm,1975,10379000.0
vnm,1976,10550051.0
vnm,1977,10705186.0
vnm,1978,10849708.0
vnm,1979,10992299.0
vnm,1980,11136793.0
vnm,1981,11237054.0
vnm,1982,11337194.0
vnm,1983,11443561.0
vnm,1984,11558495.0
vnm,1985,11690652.0
vnm,1986,11873297.0
vnm,1987,12063351.0
vnm,1988,12244884.0
vnm,1989,12424894.0
vnm,1990,12556482.0
vnm,1991,12693863.0
vnm,1992,12828641.0
vnm,1993,12949460.0
vnm,1994,13032130.0
vnm,1995,13060829.0
vnm,1996,13072960.0
vnm,1997,13002726.0
vnm,1998,12873328.0
vnm,1999,12723203.0
vnm,2000,12560248.0
vnm,2001,12299032.0
vnm,2002,12085984.0
vnm,2003,11902783.0
vnm,2004,11706390.0
vnm,2005,11475168.0
vnm,2006,11309810.0
vnm,2007,11107259.0
vnm,2008,10899397.0
vnm,2009,10740225.0
vnm,2010,10655528.0
vnm,2011,10655522.0
vnm,2012,10708658.0
vnm,2013,10806901.0
vnm,2014,10928110.0
vnm,2015,11052738.0
vnm,2016,11177317.0
vut,1970,20039.0
vut,1971,20718.0
vut,1972,21401.0
vut,1973,22090.0
vut,1974,22787.0
vut,1975,23475.0
vut,1976,24202.0
vut,1977,24916.0
vut,1978,25639.0
vut,1979,26348.0
vut,1980,27021.0
vut,1981,27574.0
vut,1982,28145.0
vut,1983,28757.0
vut,1984,29417.0
vut,1985,30119.0
vut,1986,30608.0
vut,1987,31164.0
vut,1988,31819.0
vut,1989,32596.0
vut,1990,33485.0
vut,1991,34164.0
vut,1992,34964.0
vut,1993,35817.0
vut,1994,36619.0
vut,1995,37296.0
vut,1996,37844.0
vut,1997,38269.0
vut,1998,38652.0
vut,1999,39089.0
vut,2000,39651.0
vut,2001,40201.0
vut,2002,40787.0
vut,2003,41429.0
vut,2004,42130.0
vut,2005,42875.0
vut,2006,43318.0
vut,2007,44084.0
vut,2008,45110.0
vut,2009,46190.0
vut,2010,47138.0
vut,2011,48088.0
vut,2012,48660.0
vut,2013,49073.0
vut,2014,49608.0
vut,2015,50356.0
vut,2016,50847.0
wld,1970,705907091.0
wld,1971,719116579.0
wld,1972,731903506.0
wld,1973,744150506.0
wld,1974,755352434.0
wld,1975,764746907.0
wld,1976,774079040.0
wld,1977,781666158.0
wld,1978,788132631.0
wld,1979,794238146.0
wld,1980,800268605.0
wld,1981,806774282.0
wld,1982,814233621.0
wld,1983,821978064.0
wld,1984,829506388.0
wld,1985,837120800.0
wld,1986,848034631.0
wld,1987,858784931.0
wld,1988,869344677.0
wld,1989,879619552.0
wld,1990,889743992.0
wld,1991,901584055.0
wld,1992,910851065.0
wld,1993,918819152.0
wld,1994,925879986.0
wld,1995,932594238.0
wld,1996,936483548.0
wld,1997,941056091.0
wld,1998,945184379.0
wld,1999,947517111.0
wld,2000,947671876.0
wld,2001,948403090.0
wld,2002,947320710.0
wld,2003,945186376.0
wld,2004,943409160.0
wld,2005,942794227.0
wld,2006,944850525.0
wld,2007,947536963.0
wld,2008,951165550.0
wld,2009,955585257.0
wld,2010,960663395.0
wld,2011,966861470.0
wld,2012,973685136.0
wld,2013,980898207.0
wld,2014,988147667.0
wld,2015,995093662.0
wld,2016,1002370769.0
wsm,1970,37667.0
wsm,1971,38209.0
wsm,1972,38620.0
wsm,1973,38881.0
wsm,1974,39017.0
wsm,1975,39071.0
wsm,1976,38844.0
wsm,1977,38611.0
wsm,1978,38354.0
wsm,1979,38100.0
wsm,1980,37868.0
wsm,1981,37634.0
wsm,1982,37414.0
wsm,1983,37152.0
wsm,1984,36835.0
wsm,1985,36481.0
wsm,1986,36179.0
wsm,1987,35891.0
wsm,1988,35579.0
wsm,1989,35278.0
wsm,1990,35061.0
wsm,1991,35176.0
wsm,1992,35436.0
wsm,1993,35778.0
wsm,1994,36143.0
wsm,1995,36506.0
wsm,1996,36495.0
wsm,1997,36560.0
wsm,1998,36688.0
wsm,1999,36895.0
wsm,2000,37182.0
wsm,2001,37038.0
wsm,2002,37017.0
wsm,2003,37051.0
wsm,2004,37080.0
wsm,2005,37097.0
wsm,2006,37014.0
wsm,2007,36978.0
wsm,2008,36963.0
wsm,2009,36952.0
wsm,2010,36946.0
wsm,2011,37166.0
wsm,2012,37248.0
wsm,2013,37256.0
wsm,2014,37284.0
wsm,2015,37355.0
wsm,2016,37234.0
yem,1970,1395857.0
yem,1971,1442296.0
yem,1972,1485114.0
yem,1973,1528826.0
yem,1974,1580119.0
yem,1975,1643354.0
yem,1976,1704259.0
yem,1977,1777747.0
yem,1978,1860555.0
yem,1979,1947111.0
yem,1980,2034136.0
yem,1981,2130693.0
yem,1982,2226015.0
yem,1983,2322328.0
yem,1984,2423150.0
yem,1985,2530259.0
yem,1986,2642675.0
yem,1987,2759151.0
yem,1988,2883960.0
yem,1989,3022566.0
yem,1990,3178683.0
yem,1991,3325830.0
yem,1992,3486696.0
yem,1993,3648435.0
yem,1994,3794405.0
yem,1995,3913192.0
yem,1996,4057269.0
yem,1997,4170760.0
yem,1998,4261807.0
yem,1999,4343524.0
yem,2000,4424710.0
yem,2001,4498541.0
yem,2002,4577615.0
yem,2003,4657402.0
yem,2004,4730737.0
yem,2005,4795019.0
yem,2006,4864491.0
yem,2007,4924747.0
yem,2008,4981115.0
yem,2009,5042338.0
yem,2010,5113050.0
yem,2011,5197499.0
yem,2012,5289550.0
yem,2013,5386527.0
yem,2014,5482533.0
yem,2015,5573563.0
yem,2016,5667945.0
zaf,1970,4678060.0
zaf,1971,4799887.0
zaf,1972,4927621.0
zaf,1973,5058734.0
zaf,1974,5187673.0
zaf,1975,5310908.0
zaf,1976,5452644.0
zaf,1977,5585210.0
zaf,1978,5713438.0
zaf,1979,5844610.0
zaf,1980,5982689.0
zaf,1981,6129374.0
zaf,1982,6282460.0
zaf,1983,6435671.0
zaf,1984,6578788.0
zaf,1985,6705167.0
zaf,1986,6836364.0
zaf,1987,6947421.0
zaf,1988,7045152.0
zaf,1989,7139744.0
zaf,1990,7236811.0
zaf,1991,7313209.0
zaf,1992,7389187.0
zaf,1993,7457955.0
zaf,1994,7510175.0
zaf,1995,7540416.0
zaf,1996,7576659.0
zaf,1997,7595260.0
zaf,1998,7600221.0
zaf,1999,7597449.0
zaf,2000,7591927.0
zaf,2001,7581009.0
zaf,2002,7583109.0
zaf,2003,7583276.0
zaf,2004,7586091.0
zaf,2005,7594353.0
zaf,2006,7627725.0
zaf,2007,7665920.0
zaf,2008,7709858.0
zaf,2009,7759788.0
zaf,2010,7816357.0
zaf,2011,7871979.0
zaf,2012,7933549.0
zaf,2013,8000229.0
zaf,2014,8068969.0
zaf,2015,8137471.0
zaf,2016,8224802.0
zmb,1970,988450.0
zmb,1971,1026273.0
zmb,1972,1065756.0
zmb,1973,1106405.0
zmb,1974,1147324.0
zmb,1975,1187981.0
zmb,1976,1233766.0
zmb,1977,1278234.0
zmb,1978,1322116.0
zmb,1979,1366469.0
zmb,1980,1411742.0
zmb,1981,1461813.0
zmb,1982,1511694.0
zmb,1983,1560862.0
zmb,1984,1608373.0
zmb,1985,1653529.0
zmb,1986,1706179.0
zmb,1987,1756479.0
zmb,1988,1804291.0
zmb,1989,1849531.0
zmb,1990,1892336.0
zmb,1991,1943957.0
zmb,1992,1992499.0
zmb,1993,2039716.0
zmb,1994,2088166.0
zmb,1995,2139663.0
zmb,1996,2199478.0
zmb,1997,2262085.0
zmb,1998,2326751.0
zmb,1999,2391979.0
zmb,2000,2456852.0
zmb,2001,2535130.0
zmb,2002,2612372.0
zmb,2003,2689380.0
zmb,2004,2767015.0
zmb,2005,2845636.0
zmb,2006,2927750.0
zmb,2007,3009148.0
zmb,2008,3090826.0
zmb,2009,3173972.0
zmb,2010,3259263.0
zmb,2011,3340463.0
zmb,2012,3424349.0
zmb,2013,3509673.0
zmb,2014,3594752.0
zmb,2015,3678806.0
zmb,2016,3767861.0
zwe,1970,1253863.0
zwe,1971,1298937.0
zwe,1972,1346722.0
zwe,1973,1396034.0
zwe,1974,1444816.0
zwe,1975,1491935.0
zwe,1976,1545808.0
zwe,1977,1597910.0
zwe,1978,1650414.0
zwe,1979,1706676.0
zwe,1980,1768930.0
zwe,1981,1829765.0
zwe,1982,1894388.0
zwe,1983,1961257.0
zwe,1984,2027551.0
zwe,1985,2090816.0
zwe,1986,2158179.0
zwe,1987,2220312.0
zwe,1988,2276098.0
zwe,1989,2324388.0
zwe,1990,2364132.0
zwe,1991,2414324.0
zwe,1992,2456885.0
zwe,1993,2491600.0
zwe,1994,2518683.0
zwe,1995,2538867.0
zwe,1996,2566864.0
zwe,1997,2588858.0
zwe,1998,2605127.0
zwe,1999,2616585.0
zwe,2000,2624069.0
zwe,2001,2639683.0
zwe,2002,2654468.0
zwe,2003,2670354.0
zwe,2004,2690324.0
zwe,2005,2717058.0
zwe,2006,2744122.0
zwe,2007,2779670.0
zwe,2008,2823520.0
zwe,2009,2875342.0
zwe,2010,2934906.0
zwe,2011,2995416.0
zwe,2012,3062327.0
zwe,2013,3134302.0
zwe,2014,3208790.0
zwe,2015,3283249.0
zwe,2016,3352649.0
