country,year,uis_e_1_g1
abw,1999,1692.0
abw,2000,1791.0
abw,2001,1716.0
abw,2002,1847.0
abw,2003,1776.0
abw,2004,1766.0
abw,2005,1732.0
abw,2006,1749.0
abw,2007,1727.0
abw,2008,1707.0
abw,2009,1643.0
abw,2010,1623.0
abw,2013,1763.0
abw,2014,1765.0
afg,1970,132066.0
afg,1971,143743.0
afg,1972,154080.0
afg,1973,157621.0
afg,1974,168449.0
afg,1975,168884.0
afg,1976,174099.0
afg,1977,187835.0
afg,1978,199875.0
afg,1980,236940.0
afg,1981,244852.0
afg,1982,70835.0
afg,1984,98763.0
afg,1985,108733.0
afg,1986,128146.0
afg,1988,147970.0
afg,1989,140159.0
afg,1993,141442.0
afg,1995,292759.0
afg,2002,1330567.0
afg,2003,1410344.0
afg,2005,903979.0
afg,2007,811282.0
afg,2009,948131.0
afg,2010,1032665.0
afg,2011,1087009.0
afg,2012,1159081.0
afg,2013,1179675.0
afg,2014,1159427.0
ago,1972,165671.0
ago,1981,531432.0
ago,1982,488586.0
ago,1983,446509.0
ago,1985,327924.0
ago,1986,374564.0
ago,1987,392316.0
ago,1988,386996.0
ago,1989,390947.0
ago,1990,373635.0
ago,1991,343169.0
ago,1992,352829.0
ago,2008,1002408.0
ago,2009,1031349.0
ago,2010,1088543.0
ago,2011,1280571.0
alb,1976,76095.0
alb,1978,69636.0
alb,1979,69083.0
alb,1980,67585.0
alb,1981,68523.0
alb,1982,68600.0
alb,1983,68850.0
alb,1984,67865.0
alb,1985,66222.0
alb,1986,66465.0
alb,1987,66131.0
alb,1988,67874.0
alb,1989,70751.0
alb,1990,70179.0
alb,1991,73832.0
alb,1994,80715.0
alb,1995,81670.0
alb,1996,73693.0
alb,2000,69829.0
alb,2001,68747.0
alb,2003,62530.0
alb,2004,58435.0
alb,2005,56435.0
alb,2006,52160.0
alb,2007,50899.0
alb,2008,49336.0
alb,2009,40267.0
alb,2010,42673.0
alb,2011,39932.0
alb,2012,38976.0
alb,2013,38671.0
alb,2014,37151.0
and,2002,688.0
and,2003,657.0
and,2004,757.0
and,2005,794.0
and,2006,855.0
and,2007,781.0
and,2008,774.0
and,2009,747.0
and,2010,701.0
and,2011,719.0
and,2012,708.0
and,2013,694.0
and,2014,679.0
arb,1970,3190269.75
arb,1971,3275620.0
arb,1972,3356612.5
arb,1973,3450311.25
arb,1974,3348832.0
arb,1975,3636824.25
arb,1976,3926469.5
arb,1977,3981312.25
arb,1978,4000982.5
arb,1979,4406396.0
arb,1980,4310748.0
arb,1981,4382718.5
arb,1982,4579632.5
arb,1983,4795085.0
arb,1984,4985081.5
arb,1985,5020039.5
arb,1986,5325393.5
arb,1987,5462995.0
arb,1988,5519764.5
arb,1989,5623677.5
arb,1990,5768625.5
arb,1991,5927474.0
arb,1992,6093204.0
arb,1993,6209640.0
arb,1994,6351520.0
arb,1995,6399390.0
arb,1996,6500762.5
arb,1997,6583575.5
arb,1998,6730121.0
arb,1999,6969398.0
arb,2000,7145275.0
arb,2001,7164821.0
arb,2002,7394308.0
arb,2003,7369295.0
arb,2004,7445234.0
arb,2005,7642470.0
arb,2006,7774676.0
arb,2007,7944244.0
arb,2008,8060303.5
arb,2009,8109695.0
arb,2010,8154101.5
arb,2011,8292270.5
arb,2012,8478885.0
arb,2013,8556751.0
arb,2014,8830561.0
are,1973,7870.0
are,1974,8646.0
are,1975,9574.0
are,1976,10145.0
are,1977,10952.0
are,1978,11129.0
are,1979,10999.0
are,1980,12898.0
are,1981,14897.0
are,1982,23365.0
are,1983,24483.0
are,1984,27816.0
are,1985,30974.0
are,1986,33652.0
are,1987,36450.0
are,1988,38700.0
are,1989,40933.0
are,1990,43237.0
are,1991,43608.0
are,1992,44642.0
are,1993,45450.0
are,1994,46796.0
are,1995,49858.0
are,1996,47889.0
are,1997,46585.0
are,1999,48495.0
are,2000,49514.0
are,2001,52300.0
are,2002,51950.0
are,2003,55857.0
are,2004,55378.0
are,2005,57667.0
are,2006,57864.0
are,2007,62170.0
are,2009,70270.0
are,2010,73895.0
are,2011,76846.0
are,2012,81578.0
are,2013,83289.0
are,2014,91068.0
arg,1970,729670.0
arg,1971,733579.0
arg,1972,719072.0
arg,1973,718483.0
arg,1974,739667.0
arg,1975,704718.0
arg,1976,703742.0
arg,1977,741219.0
arg,1978,751682.0
arg,1979,743321.0
arg,1980,761563.0
arg,1981,795076.0
arg,1987,941271.0
arg,1991,786876.0
arg,1994,858093.0
arg,1996,874581.0
arg,1997,865654.0
arg,1999,846239.0
arg,2000,847219.0
arg,2001,863737.0
arg,2002,864144.0
arg,2003,847768.0
arg,2004,837993.0
arg,2005,824885.0
arg,2006,834100.0
arg,2007,818182.0
arg,2008,808676.0
arg,2009,818582.0
arg,2010,813881.0
arg,2011,813843.0
arg,2012,788556.0
arg,2013,759412.0
arm,1994,64276.0
arm,1995,64317.0
arm,1996,63127.0
arm,1997,65492.0
arm,1999,64694.0
arm,2000,56358.0
arm,2002,52550.0
arm,2003,44232.0
arm,2004,40817.0
arm,2005,41265.0
arm,2006,39984.0
arm,2007,47478.0
arm,2008,33892.0
arm,2009,33857.0
arm,2010,35935.0
arm,2011,36533.0
arm,2012,36051.0
arm,2013,35740.0
arm,2014,36966.0
asm,1972,881.0
asm,1973,788.0
asm,1974,782.0
asm,1975,864.0
asm,1976,800.0
asm,1977,718.0
asm,1978,690.0
asm,1982,752.0
asm,1984,994.0
asm,1985,767.0
asm,1986,1079.0
asm,1987,1054.0
asm,1988,1129.0
asm,1989,1159.0
asm,1990,1205.0
asm,1992,1163.0
atg,1971,1241.0
atg,1974,1935.0
atg,1975,1757.0
atg,1976,2019.0
atg,1979,1634.0
atg,1992,1799.0
atg,1995,1615.0
atg,2007,1676.0
atg,2008,1713.0
atg,2009,1694.0
atg,2010,1587.0
atg,2011,1514.0
atg,2012,1533.0
atg,2014,1669.0
aus,1971,326204.0
aus,1972,324321.0
aus,1973,327782.0
aus,1974,261935.0
aus,1975,279202.0
aus,1976,281236.0
aus,1977,295387.0
aus,1978,290256.0
aus,1979,273997.0
aus,1980,265752.0
aus,1981,257150.0
aus,1982,249628.0
aus,1983,245809.0
aus,1984,245096.0
aus,1985,237574.0
aus,1986,237868.0
aus,1987,245784.0
aus,1988,254216.0
aus,1989,259313.0
aus,1990,260150.0
aus,1991,261330.0
aus,1992,260362.0
aus,1993,257161.0
aus,1994,258743.0
aus,1996,272417.0
aus,1997,268003.0
aus,1999,272622.0
aus,2000,273873.0
aus,2001,270696.0
aus,2002,267016.0
aus,2003,267322.0
aus,2004,270948.0
aus,2005,273194.0
aus,2006,274113.0
aus,2007,248561.0
aus,2008,270341.0
aus,2009,277054.0
aus,2010,280510.0
aus,2011,293708.0
aus,2012,306136.0
aus,2013,314400.0
aus,2014,309320.0
aut,1971,139519.0
aut,1972,137825.0
aut,1973,133503.0
aut,1974,132522.0
aut,1975,130513.0
aut,1976,123883.0
aut,1977,117755.0
aut,1978,110756.0
aut,1979,105356.0
aut,1980,98752.0
aut,1981,95345.0
aut,1982,94127.0
aut,1983,88083.0
aut,1984,85370.0
aut,1985,84354.0
aut,1986,86618.0
aut,1987,89017.0
aut,1988,94219.0
aut,1989,96144.0
aut,1990,93769.0
aut,1991,91791.0
aut,1992,96170.0
aut,1993,97566.0
aut,1994,97354.0
aut,1995,98719.0
aut,1996,99028.0
aut,1997,98271.0
aut,1999,101376.0
aut,2002,94880.0
aut,2003,93699.0
aut,2004,91086.0
aut,2005,88149.0
aut,2006,85869.0
aut,2007,85115.0
aut,2008,83404.0
aut,2009,82914.0
aut,2010,82835.0
aut,2011,82826.0
aut,2012,83483.0
aut,2013,82719.0
aut,2014,82312.5
aze,1991,156156.0
aze,1992,153588.0
aze,1993,159140.0
aze,1994,188994.0
aze,1995,184692.0
aze,1996,172889.0
aze,1997,172611.0
aze,1999,172430.0
aze,2000,166609.0
aze,2001,167021.0
aze,2002,154835.0
aze,2003,143292.0
aze,2004,137242.0
aze,2005,126656.0
aze,2006,124805.0
aze,2007,117819.0
aze,2008,118797.0
aze,2009,120503.0
aze,2010,118947.0
aze,2011,120420.0
aze,2012,125807.0
aze,2013,136056.0
aze,2014,138032.0
bdi,1971,47325.0
bdi,1972,43921.0
bdi,1973,27768.0
bdi,1974,25363.0
bdi,1975,26568.0
bdi,1976,28232.0
bdi,1977,29995.0
bdi,1978,34221.0
bdi,1979,34196.0
bdi,1980,39138.0
bdi,1981,42448.0
bdi,1982,48634.0
bdi,1983,82570.0
bdi,1984,80535.0
bdi,1985,86048.0
bdi,1986,94928.0
bdi,1987,115078.0
bdi,1988,139202.0
bdi,1989,127097.0
bdi,1990,126493.0
bdi,1991,136283.0
bdi,1992,125808.0
bdi,1993,134297.0
bdi,2000,189351.0
bdi,2001,197017.0
bdi,2002,216947.0
bdi,2003,231427.0
bdi,2004,258000.0
bdi,2005,264902.0
bdi,2006,463156.0
bdi,2007,479381.0
bdi,2008,460454.0
bdi,2009,463118.0
bdi,2010,492593.0
bdi,2011,531250.0
bdi,2012,537416.0
bdi,2013,528620.0
bdi,2014,527366.0
bel,1971,190539.0
bel,1972,183629.0
bel,1974,167805.0
bel,1975,161613.0
bel,1976,164344.0
bel,1977,155495.0
bel,1978,157132.0
bel,1979,154825.0
bel,1980,148426.0
bel,1981,144389.0
bel,1982,135711.0
bel,1983,136462.0
bel,1984,132332.0
bel,1985,130847.0
bel,1986,132208.0
bel,1987,132554.0
bel,1988,131535.0
bel,1991,124711.0
bel,1992,123470.0
bel,1993,136745.0
bel,1994,137771.0
bel,2001,123260.0
bel,2002,122305.0
bel,2003,122477.0
bel,2004,122907.0
bel,2005,122187.0
bel,2006,121602.0
bel,2007,123112.0
bel,2008,120666.0
bel,2009,119544.0
bel,2010,122491.0
bel,2012,126201.0
bel,2013,131032.0
bel,2014,131806.0
ben,1971,41977.0
ben,1972,47201.0
ben,1973,58973.0
ben,1974,54564.0
ben,1975,71819.0
ben,1976,67426.0
ben,1977,77765.0
ben,1978,76983.0
ben,1979,106493.0
ben,1980,90396.0
ben,1981,105533.0
ben,1982,104994.0
ben,1983,101560.0
ben,1984,105055.0
ben,1985,110076.0
ben,1986,110720.0
ben,1987,125088.0
ben,1988,127358.0
ben,1989,130386.0
ben,1990,136824.0
ben,1991,154825.0
ben,1992,154778.0
ben,1993,166254.0
ben,1994,162535.0
ben,1995,176230.0
ben,1996,186268.0
ben,1997,210553.0
ben,1998,224974.0
ben,2000,238592.0
ben,2001,250280.0
ben,2002,276577.0
ben,2003,277212.0
ben,2004,308977.0
ben,2005,275672.0
ben,2006,294506.0
ben,2008,411579.0
ben,2009,404755.0
ben,2010,405755.0
ben,2011,412180.0
ben,2012,452523.0
ben,2013,461325.0
ben,2014,480448.0
bfa,1971,24669.0
bfa,1972,28786.0
bfa,1973,30277.0
bfa,1974,31641.0
bfa,1975,31859.0
bfa,1976,33682.0
bfa,1977,34439.0
bfa,1978,38663.0
bfa,1979,40175.0
bfa,1980,44301.0
bfa,1981,49954.0
bfa,1982,54042.0
bfa,1983,61904.0
bfa,1984,65106.0
bfa,1985,80360.0
bfa,1986,82015.0
bfa,1987,88345.0
bfa,1988,83681.0
bfa,1989,95719.0
bfa,1990,100767.0
bfa,1991,103946.0
bfa,1992,101614.0
bfa,1993,119189.0
bfa,1994,117359.0
bfa,1995,153437.0
bfa,1996,156559.0
bfa,1999,174999.0
bfa,2000,181500.0
bfa,2001,194323.0
bfa,2002,208151.0
bfa,2003,234635.0
bfa,2004,289927.0
bfa,2005,314014.0
bfa,2006,326009.0
bfa,2007,365886.0
bfa,2008,407031.0
bfa,2009,393135.0
bfa,2010,445638.0
bfa,2011,453229.0
bfa,2012,478788.0
bfa,2013,506493.0
bfa,2014,549258.0
bgd,1970,2009192.0
bgd,1973,3269085.0
bgd,1974,3049550.0
bgd,1976,3423723.0
bgd,1977,3400327.0
bgd,1978,3396748.0
bgd,1979,3403329.0
bgd,1980,3405367.0
bgd,1981,3800597.0
bgd,1982,3820202.0
bgd,1983,4039835.0
bgd,1984,4101103.0
bgd,1985,3994131.0
bgd,1986,4093955.0
bgd,1987,4134895.0
bgd,1988,3888795.0
bgd,1989,3379893.0
bgd,1990,3542031.0
bgd,2005,4421063.0
bgd,2006,4495879.0
bgd,2007,4035009.0
bgd,2008,4283094.0
bgd,2009,4288329.0
bgd,2010,4160748.0
bgd,2011,4582016.0
bgr,1971,146782.0
bgr,1972,131224.0
bgr,1973,128560.0
bgr,1974,125770.0
bgr,1975,124686.0
bgr,1976,138776.0
bgr,1977,140286.0
bgr,1978,136869.0
bgr,1979,132719.0
bgr,1980,129769.0
bgr,1981,139750.0
bgr,1982,156251.0
bgr,1983,144568.0
bgr,1984,146651.0
bgr,1985,147426.0
bgr,1986,144758.0
bgr,1987,147046.0
bgr,1988,130579.0
bgr,1989,122740.0
bgr,1990,112538.0
bgr,1991,114336.0
bgr,1992,110769.0
bgr,1993,111746.0
bgr,1994,113929.0
bgr,1995,112974.0
bgr,1996,115473.0
bgr,1997,111972.0
bgr,1999,95940.0
bgr,2000,91516.0
bgr,2001,87037.0
bgr,2002,80912.0
bgr,2003,77394.0
bgr,2004,73015.0
bgr,2005,63863.0
bgr,2006,64939.0
bgr,2007,69765.0
bgr,2008,68185.0
bgr,2009,63268.0
bgr,2010,63269.0
bgr,2011,64126.0
bgr,2012,65171.0
bgr,2013,65684.0
bgr,2014,67638.0
bhr,1975,8410.0
bhr,1976,8004.0
bhr,1977,7847.0
bhr,1978,8094.0
bhr,1979,8599.0
bhr,1980,8821.0
bhr,1981,8463.0
bhr,1982,9061.0
bhr,1983,9519.0
bhr,1984,10367.0
bhr,1985,10619.0
bhr,1986,10995.0
bhr,1987,10892.0
bhr,1988,11285.0
bhr,1989,11486.0
bhr,1990,11203.0
bhr,1991,12263.0
bhr,1992,12167.0
bhr,1993,12531.0
bhr,1994,12871.0
bhr,1995,13047.0
bhr,1996,13132.0
bhr,1997,13015.0
bhr,1999,13783.0
bhr,2000,13826.0
bhr,2001,13835.0
bhr,2002,13615.0
bhr,2003,13209.0
bhr,2004,13732.0
bhr,2005,14092.0
bhr,2006,15511.0
bhr,2008,14714.0
bhr,2009,15344.0
bhr,2010,16194.0
bhr,2011,16471.0
bhr,2012,16792.0
bhr,2013,16992.0
bhr,2014,18089.0
bhs,1982,5550.0
bhs,1983,5792.0
bhs,1985,5987.0
bhs,1986,6170.0
bhs,1990,6378.0
bhs,1991,6158.0
bhs,1992,6366.0
bhs,1993,6178.0
bhs,1994,6359.0
bhs,1999,7040.0
bhs,2004,5992.0
bhs,2005,6143.0
bhs,2006,6343.0
bhs,2007,6476.0
bhs,2008,6353.0
bhs,2009,6126.0
bhs,2010,5868.0
bih,2007,38833.0
bih,2008,36104.0
bih,2009,34528.0
bih,2010,36056.0
bih,2011,33551.0
bih,2012,33025.0
bih,2013,31875.0
bih,2014,32038.0
blr,1971,175700.0
blr,1972,167800.0
blr,1973,158300.0
blr,1974,155513.0
blr,1975,148233.0
blr,1976,143782.0
blr,1977,142025.0
blr,1978,144319.0
blr,1979,150300.0
blr,1980,162500.0
blr,1981,176300.0
blr,1982,187600.0
blr,1983,195100.0
blr,1984,205200.0
blr,1985,214400.0
blr,1986,224100.0
blr,1988,154000.0
blr,1989,150100.0
blr,1990,162000.0
blr,1991,164900.0
blr,1992,159700.0
blr,1993,160800.0
blr,1994,160600.0
blr,1995,162600.0
blr,1996,160550.0
blr,1997,155400.0
blr,1999,174846.0
blr,2000,123673.0
blr,2001,112985.0
blr,2002,102892.0
blr,2003,96474.0
blr,2004,90842.0
blr,2005,89062.0
blr,2006,91494.0
blr,2007,91104.0
blr,2008,91909.0
blr,2009,88427.0
blr,2010,86769.0
blr,2011,87755.0
blr,2012,89210.0
blr,2013,93145.0
blr,2014,100337.0
blz,1971,5926.0
blz,1972,6130.0
blz,1973,6124.0
blz,1974,6131.0
blz,1976,6150.0
blz,1977,6281.0
blz,1978,6602.0
blz,1980,6590.0
blz,1981,6609.0
blz,1982,6477.0
blz,1983,6560.0
blz,1984,6991.0
blz,1985,7158.0
blz,1986,7357.0
blz,1987,7627.0
blz,1988,7835.0
blz,1989,8035.0
blz,1990,8427.0
blz,1991,8827.0
blz,1992,8746.0
blz,1993,9110.0
blz,1994,9645.0
blz,1995,9794.0
blz,1996,9943.0
blz,1997,9366.0
blz,1999,9568.0
blz,2000,9422.0
blz,2001,8444.0
blz,2002,8402.0
blz,2003,8877.0
blz,2004,9175.0
blz,2005,10022.0
blz,2006,10408.0
blz,2007,10173.0
blz,2008,9549.0
blz,2009,9434.0
blz,2010,9356.0
blz,2011,9115.0
blz,2012,9281.0
blz,2013,9054.0
blz,2014,8918.0
bmu,1975,698.0
bmu,1976,750.0
bmu,1977,789.0
bmu,1978,726.0
bmu,1979,674.0
bmu,1980,655.0
bmu,1981,834.0
bmu,1982,817.0
bmu,1983,830.0
bmu,1984,762.0
bmu,1985,784.0
bmu,1995,832.0
bmu,1997,902.0
bmu,2001,828.0
bmu,2002,810.0
bmu,2003,861.0
bmu,2004,805.0
bmu,2005,810.0
bmu,2006,793.0
bmu,2010,726.0
bmu,2011,722.0
bmu,2012,689.0
bmu,2013,663.0
bmu,2014,715.0
bol,1970,186080.0
bol,1971,183126.0
bol,1972,190223.0
bol,1973,200958.0
bol,1974,200523.0
bol,1975,237339.0
bol,1976,241094.0
bol,1977,216715.0
bol,1978,215739.0
bol,1979,227897.0
bol,1980,264786.0
bol,1981,233028.0
bol,1983,246231.0
bol,1984,269347.0
bol,1986,276950.0
bol,1987,298875.0
bol,1989,253356.0
bol,1990,261308.0
bol,1991,263822.0
bol,1992,274981.0
bol,1993,274240.0
bol,1994,283685.0
bol,1995,292837.0
bol,1996,298647.0
bol,1997,304457.0
bol,1998,290505.0
bol,1999,290505.0
bol,2000,288679.0
bol,2001,286307.0
bol,2002,287875.0
bol,2003,279656.0
bol,2004,281250.0
bol,2006,287538.0
bol,2007,294024.0
bol,2008,272411.0
bol,2009,248683.0
bol,2010,231859.0
bol,2011,229039.0
bol,2012,232711.0
bol,2013,235122.0
bra,1970,5790816.0
bra,1971,6035369.0
bra,1972,6206757.0
bra,1973,6290187.0
bra,1974,6227846.0
bra,1975,6155651.0
bra,1976,5816655.0
bra,1977,6249135.0
bra,1978,6502323.0
bra,1979,6989094.0
bra,1980,7008788.0
bra,1981,6895475.0
bra,1982,7213626.0
bra,1983,6657198.0
bra,1984,7419093.0
bra,1985,6745223.0
bra,1987,6331325.0
bra,1988,7382790.0
bra,1989,6431357.0
bra,1990,7967026.0
bra,1991,6280311.0
bra,1992,6222374.0
bra,1993,6354979.0
bra,1994,6624625.0
bra,1997,6575734.0
bra,2000,6074649.0
bra,2001,5978272.0
bra,2002,5818388.0
bra,2003,5575157.0
bra,2004,5736505.0
bra,2012,2913705.0
bra,2013,2960651.0
brb,1971,9140.0
brb,1973,8651.0
brb,1974,5253.0
brb,1975,5804.0
brb,1976,5782.0
brb,1977,6391.0
brb,1978,6336.0
brb,1979,5807.0
brb,1981,5044.0
brb,1982,4979.0
brb,1983,5002.0
brb,1984,5119.0
brb,1985,7222.0
brb,1989,4409.0
brb,1990,4236.0
brb,1992,3840.0
brb,1999,3979.0
brb,2000,3621.0
brb,2001,3726.0
brb,2002,3530.0
brb,2003,3722.0
brb,2004,3676.0
brb,2005,3770.0
brb,2006,3839.0
brb,2007,4036.0
brb,2008,3768.0
brb,2009,3654.0
brb,2010,3582.0
brb,2011,3526.0
brb,2014,3377.0
brn,1972,4559.0
brn,1973,4565.0
brn,1974,4618.0
brn,1975,4614.0
brn,1976,4771.0
brn,1977,5164.0
brn,1978,5234.0
brn,1979,2273.0
brn,1980,5394.0
brn,1981,5884.0
brn,1982,5758.0
brn,1983,6104.0
brn,1984,6413.0
brn,1986,6718.0
brn,1991,6917.0
brn,1992,7048.0
brn,1993,7340.0
brn,1994,7484.0
brn,1995,7458.0
brn,1997,7444.0
brn,1999,7724.0
brn,2000,7397.0
brn,2001,7218.0
brn,2002,7343.0
brn,2003,7465.0
brn,2004,7477.0
brn,2005,7522.0
brn,2006,7851.0
brn,2007,7466.0
brn,2008,7362.0
brn,2009,6859.0
brn,2010,6964.0
brn,2011,7095.0
brn,2012,6903.0
brn,2013,6783.0
brn,2014,6380.0
btn,1976,8052.0
btn,1977,9673.0
btn,1978,9797.0
btn,1979,11056.0
btn,1981,16428.0
btn,1982,17366.0
btn,1983,19217.0
btn,1984,20085.0
btn,1985,20204.0
btn,1986,18431.0
btn,1988,14323.0
btn,1993,12815.0
btn,1994,11621.0
btn,1997,14714.0
btn,1999,14632.0
btn,2000,15450.0
btn,2001,15167.0
btn,2003,15991.0
btn,2004,16636.0
btn,2005,15518.0
btn,2006,16869.0
btn,2007,16392.0
btn,2008,16520.0
btn,2009,17305.0
btn,2010,17165.0
btn,2011,15590.0
btn,2012,13464.0
btn,2013,12433.0
btn,2014,13175.0
bwa,1970,12721.0
bwa,1971,10474.0
bwa,1972,13506.0
bwa,1973,21509.0
bwa,1974,20756.0
bwa,1975,25414.0
bwa,1976,23833.0
bwa,1977,25556.0
bwa,1978,24279.0
bwa,1979,27550.0
bwa,1980,32065.0
bwa,1981,29759.0
bwa,1982,30197.0
bwa,1983,32384.0
bwa,1984,36237.0
bwa,1985,38224.0
bwa,1986,39021.0
bwa,1987,41215.0
bwa,1988,45445.0
bwa,1989,46277.0
bwa,1990,46795.0
bwa,1991,49630.0
bwa,1992,49755.0
bwa,1993,47921.0
bwa,1994,48773.0
bwa,1995,51420.0
bwa,1996,51956.0
bwa,1999,52495.0
bwa,2000,52750.0
bwa,2001,54568.0
bwa,2002,52936.0
bwa,2003,52589.0
bwa,2004,50868.0
bwa,2005,53023.0
bwa,2006,53483.0
bwa,2007,52420.0
bwa,2008,50754.0
bwa,2009,51830.0
bwa,2012,56382.0
bwa,2013,55911.0
caf,1971,57579.0
caf,1972,57037.0
caf,1973,60117.0
caf,1974,59248.0
caf,1975,60720.0
caf,1976,59758.0
caf,1977,63110.0
caf,1978,61177.0
caf,1980,62755.0
caf,1981,65721.0
caf,1982,69995.0
caf,1983,70489.0
caf,1984,68563.0
caf,1985,71370.0
caf,1986,72360.0
caf,1987,63125.0
caf,1988,68369.0
caf,1989,73179.0
caf,1990,81944.0
caf,1991,73127.0
caf,1992,72689.0
caf,2004,92830.0
caf,2005,108505.0
caf,2006,105858.0
caf,2007,124572.0
caf,2008,153490.0
caf,2009,156576.0
caf,2010,161972.0
caf,2011,152108.0
caf,2012,156121.0
can,1971,488401.0
can,1972,454836.0
can,1973,415829.0
can,1974,394991.0
can,1975,390084.0
can,1976,392715.0
can,1977,396635.0
can,1978,387336.0
can,1979,369112.0
can,1980,363572.0
can,1981,364463.0
can,1982,395472.0
can,1983,390277.0
can,1984,392810.0
can,1985,391652.0
can,1986,398492.0
can,1987,403638.0
can,1988,406204.0
can,1989,409330.0
can,1990,415137.0
can,1991,418017.0
can,1992,414123.0
can,1993,409950.0
can,1994,404135.0
can,1996,422172.0
can,1999,416283.0
can,2000,409172.0
can,2006,350579.0
can,2007,343272.0
can,2008,343306.0
can,2009,350347.0
can,2010,356287.0
can,2011,358486.0
che,1973,107084.0
che,1974,102237.0
che,1975,98769.0
che,1976,95823.0
che,1977,98765.0
che,1978,94871.0
che,1979,90835.0
che,1980,85627.0
che,1981,75640.0
che,1982,73356.0
che,1983,70037.0
che,1984,69433.0
che,1985,68298.0
che,1986,68441.0
che,1987,69916.0
che,1988,72216.0
che,1989,75413.0
che,1990,77593.0
che,1991,75801.0
che,1992,77135.0
che,1993,81102.0
che,1994,81180.0
che,1996,85705.0
che,1999,83638.0
che,2000,83015.0
che,2001,79543.0
che,2002,77982.0
che,2003,78023.0
che,2004,77564.0
che,2005,75821.0
che,2006,75075.0
che,2007,74718.0
che,2008,73613.0
che,2009,72210.0
che,2010,71997.0
che,2011,73001.0
che,2012,74286.0
che,2013,74145.0
che,2014,75065.0
chl,1970,395449.0
chl,1971,436731.0
chl,1972,402158.0
chl,1973,407248.0
chl,1974,406184.0
chl,1975,375391.0
chl,1976,354745.0
chl,1977,359020.0
chl,1978,361829.0
chl,1979,358693.0
chl,1980,340252.0
chl,1981,322880.0
chl,1982,288660.0
chl,1983,249046.0
chl,1984,243257.0
chl,1985,289446.0
chl,1986,283298.0
chl,1988,290296.0
chl,1989,281146.0
chl,1990,274742.0
chl,1991,270670.0
chl,1992,262832.0
chl,1993,298312.0
chl,1996,314171.0
chl,1997,314513.0
chl,1999,287271.0
chl,2000,284853.0
chl,2002,272955.0
chl,2003,268461.0
chl,2004,266499.0
chl,2005,264232.0
chl,2006,258173.0
chl,2007,262769.0
chl,2008,253404.0
chl,2009,241846.0
chl,2010,241944.0
chl,2011,238445.0
chl,2012,237720.0
chl,2013,246991.0
chl,2014,253303.0
chn,1980,37789400.0
chn,1981,36150000.0
chn,1982,34050000.0
chn,1983,32852400.0
chn,1984,31241400.0
chn,1985,30488200.0
chn,1986,28920800.0
chn,1987,28247000.0
chn,1988,26386500.0
chn,1989,26106800.0
chn,1990,26084000.0
chn,1991,24722800.0
chn,1992,24248500.0
chn,1993,24887800.0
chn,1994,26242400.0
chn,1995,27538172.0
chn,1996,27138312.0
chn,1997,26733308.0
chn,2001,19898596.0
chn,2002,19877676.0
chn,2003,19815252.0
chn,2006,16991664.0
chn,2007,17547112.0
chn,2008,17669088.0
chn,2009,17259014.0
chn,2010,16677290.0
chn,2011,17193820.0
chn,2012,17559258.0
chn,2013,17325976.0
chn,2014,17059332.0
civ,1971,114074.0
civ,1972,114841.0
civ,1973,116225.0
civ,1974,125200.0
civ,1975,129195.0
civ,1976,136764.0
civ,1977,147058.0
civ,1978,172343.0
civ,1979,183922.0
civ,1980,192431.0
civ,1981,202460.0
civ,1982,213485.0
civ,1983,215843.0
civ,1984,219191.0
civ,1985,227317.0
civ,1986,247579.0
civ,1987,258050.0
civ,1988,275838.0
civ,1989,283608.0
civ,1990,293470.0
civ,1991,287785.0
civ,1992,292913.0
civ,1993,318173.0
civ,1994,340219.0
civ,1995,351779.0
civ,1996,355945.0
civ,1997,385887.0
civ,1999,387381.0
civ,2000,388853.0
civ,2001,382355.0
civ,2002,403444.0
civ,2003,407787.0
civ,2006,430088.0
civ,2007,449139.0
civ,2008,496264.0
civ,2009,479882.0
civ,2011,524796.0
civ,2012,597768.0
civ,2013,618268.0
civ,2014,680078.0
cmr,1971,261301.0
cmr,1972,255149.0
cmr,1973,263447.0
cmr,1974,276649.0
cmr,1975,290568.0
cmr,1976,301444.0
cmr,1977,301318.0
cmr,1978,312465.0
cmr,1979,328955.0
cmr,1980,337625.0
cmr,1981,360518.0
cmr,1982,376769.0
cmr,1983,401907.0
cmr,1984,395839.0
cmr,1985,411001.0
cmr,1986,421937.0
cmr,1987,444799.0
cmr,1988,451913.0
cmr,1990,445422.0
cmr,1991,455201.0
cmr,1999,476157.0
cmr,2000,499226.0
cmr,2001,710608.0
cmr,2003,682136.0
cmr,2004,698747.0
cmr,2006,741076.0
cmr,2007,745879.0
cmr,2008,759455.0
cmr,2009,792508.0
cmr,2010,830342.0
cmr,2011,846389.0
cmr,2012,895121.0
cmr,2014,972664.0
cod,1971,930623.0
cod,1972,924572.0
cod,1973,895028.0
cod,1974,898265.0
cod,1975,914781.0
cod,1976,917429.0
cod,1977,914616.0
cod,1978,921444.0
cod,1979,1031312.0
cod,1980,1062644.0
cod,1981,1094969.0
cod,1982,1128255.0
cod,1983,1162554.0
cod,1984,1197896.0
cod,1985,1232338.0
cod,1986,1267263.0
cod,1987,1042308.0
cod,1988,1071691.0
cod,1991,1121418.0
cod,1992,1136542.0
cod,1993,1121976.0
cod,1994,1191209.0
cod,1995,1273251.0
cod,1999,939546.0
cod,2002,1312183.0
cod,2007,2430711.0
cod,2008,2756274.0
cod,2009,2622030.0
cod,2010,2656629.0
cod,2011,2850858.0
cod,2012,2983283.0
cod,2013,3266870.0
cod,2014,3399798.0
cog,1971,57341.0
cog,1972,67453.0
cog,1973,65626.0
cog,1974,72413.0
cog,1975,73967.0
cog,1976,74811.0
cog,1977,76479.0
cog,1978,77251.0
cog,1979,76999.0
cog,1980,79414.0
cog,1981,82504.0
cog,1982,86660.0
cog,1983,94996.0
cog,1984,97068.0
cog,1985,97258.0
cog,1986,99387.0
cog,1987,113243.0
cog,1988,98646.0
cog,1989,94569.0
cog,1990,97962.0
cog,1991,99738.0
cog,1992,104535.0
cog,1993,106821.0
cog,1994,104705.0
cog,1995,104444.0
cog,1996,104612.0
cog,1999,53091.0
cog,2000,90165.0
cog,2001,106570.0
cog,2002,101604.0
cog,2003,94697.0
cog,2004,109502.0
cog,2005,107353.0
cog,2006,121002.0
cog,2007,121922.0
cog,2008,130891.0
cog,2009,141718.0
cog,2010,148433.0
cog,2011,153937.0
cog,2012,153717.0
col,1970,1252641.0
col,1971,1286541.0
col,1972,1307333.0
col,1973,1348198.0
col,1974,1353823.0
col,1975,1379839.0
col,1976,1416257.0
col,1977,1441207.0
col,1978,1478617.0
col,1979,1518162.0
col,1980,1340100.0
col,1981,1353532.0
col,1982,1207279.0
col,1983,1211397.0
col,1984,1199884.0
col,1985,1252170.0
col,1986,1165897.0
col,1987,1231466.0
col,1988,1245121.0
col,1989,1258610.0
col,1990,1273420.0
col,1991,1254438.0
col,1992,1291709.0
col,1993,1361803.0
col,1994,1310831.0
col,1995,1403398.0
col,1996,1430021.0
col,1999,1400312.0
col,2000,1420292.0
col,2001,1385021.0
col,2002,1398344.0
col,2004,1271873.0
col,2005,1243785.0
col,2006,1210920.0
col,2007,1161054.0
col,2008,1164694.0
col,2009,1056346.0
col,2010,996383.0
col,2011,994076.0
col,2012,984535.0
col,2013,971353.0
col,2014,932577.0
com,1981,15235.0
com,1983,13505.0
com,1986,14799.0
com,1987,14822.0
com,1992,18661.0
com,1993,17152.0
com,1994,17817.0
com,1996,19795.0
com,1999,19642.0
com,2002,24267.0
com,2003,24295.0
com,2004,22657.0
com,2007,22169.0
com,2008,21875.0
com,2013,25029.0
cpv,1974,20477.0
cpv,1975,19212.0
cpv,1976,28700.0
cpv,1977,21581.0
cpv,1978,18970.0
cpv,1979,16515.0
cpv,1980,15646.0
cpv,1981,14672.0
cpv,1982,14725.0
cpv,1983,13728.0
cpv,1984,14700.0
cpv,1985,15306.0
cpv,1986,15030.0
cpv,1987,15514.0
cpv,1988,16270.0
cpv,1989,16826.0
cpv,1990,15893.0
cpv,1994,17708.0
cpv,1998,15430.0
cpv,2000,13063.0
cpv,2001,13100.0
cpv,2002,12591.0
cpv,2003,12956.0
cpv,2004,11585.0
cpv,2005,11981.0
cpv,2006,11252.0
cpv,2007,11075.0
cpv,2008,10535.0
cpv,2009,10919.0
cpv,2010,10195.0
cpv,2011,10006.0
cpv,2012,10101.0
cpv,2013,10074.0
cpv,2014,10036.0
cri,1970,77958.0
cri,1971,77293.0
cri,1972,75818.0
cri,1973,71726.0
cri,1974,66892.0
cri,1975,65505.0
cri,1976,68949.0
cri,1977,68292.0
cri,1978,61410.0
cri,1979,58895.0
cri,1980,62427.0
cri,1981,64255.0
cri,1982,63011.0
cri,1983,73487.0
cri,1984,76239.0
cri,1985,81199.0
cri,1986,86918.0
cri,1987,89262.0
cri,1988,91707.0
cri,1989,92636.0
cri,1990,94066.0
cri,1991,102358.0
cri,1992,106860.0
cri,1993,104848.0
cri,1994,103442.0
cri,1995,104128.0
cri,1996,107456.0
cri,1998,102992.0
cri,1999,103331.0
cri,2000,101223.0
cri,2001,98360.0
cri,2002,99564.0
cri,2004,100320.0
cri,2005,95811.0
cri,2006,98948.0
cri,2007,94544.0
cri,2008,88776.0
cri,2009,86458.0
cri,2010,85247.0
cri,2011,83723.0
cri,2012,82078.0
cri,2013,80326.0
cri,2014,79379.0
cub,1971,453821.0
cub,1972,483674.0
cub,1973,465886.0
cub,1974,394715.0
cub,1975,345766.0
cub,1976,310378.0
cub,1977,243747.0
cub,1978,270671.0
cub,1979,267377.0
cub,1980,239193.0
cub,1981,211345.0
cub,1982,200252.0
cub,1983,188570.0
cub,1984,165658.0
cub,1985,144261.0
cub,1986,141092.0
cub,1987,135467.0
cub,1988,133782.0
cub,1989,156681.0
cub,1990,160764.0
cub,1991,160515.0
cub,1992,181823.0
cub,1993,161522.0
cub,1994,176219.0
cub,1995,181003.0
cub,1996,185484.0
cub,1997,189850.0
cub,1998,171312.0
cub,1999,152098.0
cub,2000,146495.0
cub,2001,141633.0
cub,2002,141872.0
cub,2003,134889.0
cub,2004,146792.0
cub,2005,145248.0
cub,2006,144856.0
cub,2007,137923.0
cub,2008,133444.0
cub,2009,135859.0
cub,2010,131711.0
cub,2011,122564.0
cub,2012,116279.0
cub,2013,107379.0
cub,2014,108388.0
cym,1972,254.0
cym,1973,245.0
cym,1974,399.0
cym,1975,330.0
cym,1976,342.0
cym,1978,403.0
cym,1979,363.0
cym,1980,384.0
cym,1981,345.0
cym,1999,618.0
cym,2000,658.0
cym,2001,544.0
cym,2002,599.0
cym,2004,557.0
cym,2005,569.0
cym,2006,642.0
cym,2007,690.0
cym,2008,620.0
cym,2011,728.0
cym,2012,711.0
cym,2013,642.0
cyp,1971,11521.0
cyp,1972,10182.0
cyp,1973,10794.0
cyp,1974,11298.0
cyp,1975,8959.0
cyp,1976,10667.0
cyp,1977,8892.0
cyp,1978,8838.0
cyp,1979,8508.0
cyp,1980,6458.0
cyp,1981,6829.0
cyp,1982,7600.0
cyp,1983,8846.0
cyp,1984,8928.0
cyp,1985,9098.0
cyp,1986,10101.0
cyp,1987,10335.0
cyp,1988,9993.0
cyp,1989,10874.0
cyp,1990,10817.0
cyp,1991,10826.0
cyp,1992,10678.0
cyp,1993,10775.0
cyp,1994,10828.0
cyp,1995,10920.0
cyp,1996,10737.0
cyp,1997,11042.0
cyp,1999,10100.0
cyp,2000,10917.0
cyp,2001,10725.0
cyp,2002,10253.0
cyp,2003,10084.0
cyp,2004,9687.0
cyp,2005,9336.0
cyp,2006,9212.0
cyp,2007,9339.0
cyp,2008,9191.0
cyp,2009,8727.0
cyp,2010,8662.0
cyp,2011,9079.0
cyp,2012,9054.0
cyp,2013,9416.0
cyp,2014,9027.0
cze,1991,136872.0
cze,1992,135926.0
cze,1993,133660.0
cze,1994,135837.0
cze,1995,134798.0
cze,1996,132859.0
cze,1997,130394.0
cze,1999,125885.0
cze,2000,124167.0
cze,2001,117732.0
cze,2002,102789.0
cze,2003,97133.0
cze,2004,93151.0
cze,2005,91728.0
cze,2006,92885.0
cze,2007,92673.0
cze,2008,92437.0
cze,2009,94081.0
cze,2010,95329.0
cze,2011,97053.0
cze,2012,102190.0
cze,2013,107424.0
cze,2014,112779.0
deu,1993,913291.0
deu,1994,944880.0
deu,1995,973150.0
deu,1996,974492.0
deu,1997,973773.0
deu,1999,886078.0
deu,2000,852793.0
deu,2001,827152.0
deu,2002,801883.0
deu,2003,819368.0
deu,2004,856557.0
deu,2005,836640.0
deu,2006,830329.0
deu,2007,803789.0
deu,2008,763134.0
deu,2009,743788.0
deu,2010,734346.0
deu,2011,715545.0
deu,2012,719421.0
deu,2013,696632.0
deu,2014,696739.0
dji,1971,1079.0
dji,1972,1194.0
dji,1973,1345.0
dji,1974,1454.0
dji,1975,1789.0
dji,1976,1949.0
dji,1979,1797.0
dji,1980,2541.0
dji,1981,3597.0
dji,1982,4212.0
dji,1983,4195.0
dji,1984,4134.0
dji,1985,4190.0
dji,1986,4588.0
dji,1987,5098.0
dji,1988,5421.0
dji,1989,5514.0
dji,1990,5766.0
dji,1991,5882.0
dji,1992,6171.0
dji,1993,5547.0
dji,1994,6138.0
dji,1995,6790.0
dji,1996,6954.0
dji,1997,6508.0
dji,1999,6503.0
dji,2000,6635.0
dji,2001,8528.0
dji,2002,8653.0
dji,2004,8653.0
dji,2005,9712.0
dji,2006,10966.0
dji,2007,11674.0
dji,2008,13252.0
dji,2009,12923.0
dji,2011,13273.0
dji,2012,12955.0
dji,2013,13376.0
dji,2014,13000.0
dji,2015,11904.0
dma,1972,3227.0
dma,1973,3337.0
dma,1974,3090.0
dma,1975,2841.0
dma,1976,2814.0
dma,1977,2995.0
dma,1978,2846.0
dma,1979,2664.0
dma,1980,2263.0
dma,1981,1911.0
dma,1982,1876.0
dma,1984,1642.0
dma,1986,1925.0
dma,1987,1924.0
dma,1988,1986.0
dma,1990,1915.0
dma,1991,1830.0
dma,1992,1676.0
dma,1993,1788.0
dma,1994,1836.0
dma,1995,1851.0
dma,1999,1920.0
dma,2000,1772.0
dma,2001,1682.0
dma,2002,1537.0
dma,2003,1396.0
dma,2004,1198.0
dma,2005,1382.0
dma,2006,1385.0
dma,2007,1348.0
dma,2008,1319.0
dma,2009,1312.0
dma,2010,1288.0
dma,2011,1227.0
dma,2012,1242.0
dma,2013,1130.0
dma,2014,1168.0
dnk,1971,80740.0
dnk,1972,82326.0
dnk,1973,88162.0
dnk,1974,88952.0
dnk,1975,79869.0
dnk,1976,72910.0
dnk,1977,70146.0
dnk,1978,70362.0
dnk,1979,73691.0
dnk,1980,74817.0
dnk,1981,71399.0
dnk,1982,70856.0
dnk,1983,71517.0
dnk,1984,66011.0
dnk,1985,62786.0
dnk,1986,62310.0
dnk,1987,59906.0
dnk,1988,58711.0
dnk,1989,54118.0
dnk,1990,53727.0
dnk,1991,52556.0
dnk,1992,52576.0
dnk,1993,54421.0
dnk,1994,56575.0
dnk,1995,57619.0
dnk,1996,60074.0
dnk,1999,66146.0
dnk,2000,69138.0
dnk,2001,69218.0
dnk,2002,71494.0
dnk,2004,69165.0
dnk,2005,67291.0
dnk,2006,66909.0
dnk,2007,66909.0
dnk,2008,67698.0
dnk,2009,66815.0
dnk,2010,65442.0
dnk,2011,66243.0
dnk,2012,67505.0
dnk,2013,68084.0
dnk,2014,66639.0
dom,1971,301315.0
dom,1972,313362.0
dom,1973,309839.0
dom,1974,302342.0
dom,1975,304392.0
dom,1981,380283.0
dom,1991,321021.0
dom,1992,317293.0
dom,1993,334384.0
dom,1994,330504.0
dom,1995,330248.0
dom,1996,352248.0
dom,1997,324816.0
dom,1999,277564.0
dom,2000,269822.0
dom,2002,269286.0
dom,2003,265080.0
dom,2004,220717.0
dom,2005,225672.0
dom,2006,231915.0
dom,2007,273764.0
dom,2008,225689.0
dom,2009,223562.0
dom,2010,235659.0
dom,2011,213823.0
dom,2012,215016.0
dom,2013,217997.0
dom,2014,219014.0
dza,1972,413771.0
dza,1973,446240.0
dza,1974,452503.0
dza,1975,453629.0
dza,1976,494411.0
dza,1977,525409.0
dza,1978,530035.0
dza,1979,539570.0
dza,1980,560725.0
dza,1981,557243.0
dza,1982,558788.0
dza,1983,571055.0
dza,1984,623801.0
dza,1985,624337.0
dza,1986,674941.0
dza,1987,713696.0
dza,1988,728237.0
dza,1989,714202.0
dza,1990,742052.0
dza,1991,801009.0
dza,1992,833068.0
dza,1993,797083.0
dza,1994,805420.0
dza,1995,783415.0
dza,1996,824371.0
dza,1997,822810.0
dza,1999,835463.0
dza,2000,820507.0
dza,2001,709935.0
dza,2002,778786.0
dza,2003,730552.0
dza,2004,705269.0
dza,2005,676724.0
dza,2006,654802.0
dza,2007,658460.0
dza,2008,675568.0
dza,2009,677883.0
dza,2010,662451.0
dza,2011,664468.0
dza,2012,710772.0
dza,2013,754159.0
dza,2014,796795.0
eap,1979,53276248.0
eap,1980,52584964.0
eap,1981,50971396.0
eap,1982,49075104.0
eap,1983,47722212.0
eap,1984,46271052.0
eap,1985,45621296.0
eap,1986,43614252.0
eap,1987,42916224.0
eap,1988,41498328.0
eap,1989,41386784.0
eap,1990,41321680.0
eap,1991,39827628.0
eap,1992,39278584.0
eap,1993,39903252.0
eap,1994,41146444.0
eap,1995,42338812.0
eap,1996,42254900.0
eap,1997,41750372.0
eap,1998,40851624.0
eap,1999,39128392.0
eap,2000,36865040.0
eap,2001,34567684.0
eap,2002,34703388.0
eap,2003,34281576.0
eap,2004,32043268.0
eap,2005,31675966.0
eap,2006,30658876.0
eap,2007,31526010.0
eap,2008,31593642.0
eap,2009,31246144.0
eap,2010,30744692.0
eap,2011,30978892.0
eap,2012,30920924.0
eap,2013,30599784.0
eap,2014,30351424.0
eas,1979,56783264.0
eas,1980,56076396.0
eas,1981,54408936.0
eas,1982,52393992.0
eas,1983,50845272.0
eas,1984,49234476.0
eas,1985,48558152.0
eas,1986,46488604.0
eas,1987,45828032.0
eas,1988,44342428.0
eas,1989,44210836.0
eas,1990,44108756.0
eas,1991,42523780.0
eas,1992,41845456.0
eas,1993,42410608.0
eas,1994,43590268.0
eas,1995,44764188.0
eas,1996,44666244.0
eas,1997,44145888.0
eas,1998,43281616.0
eas,1999,41571472.0
eas,2000,39280344.0
eas,2001,36957944.0
eas,2002,37127776.0
eas,2003,36625276.0
eas,2004,34390668.0
eas,2005,33979204.0
eas,2006,32944880.0
eas,2007,33750116.0
eas,2008,33751612.0
eas,2009,33335242.0
eas,2010,32840224.0
eas,2011,33047892.0
eas,2012,32943652.0
eas,2013,32616234.0
eas,2014,32360904.0
eca,1970,6981274.0
eca,1971,6887759.5
eca,1972,6746855.5
eca,1973,6573490.0
eca,1974,6373237.5
eca,1975,6291659.0
eca,1976,6225571.5
eca,1977,6194455.0
eca,1978,6237908.0
eca,1979,6347303.0
eca,1980,6476431.5
eca,1981,6583296.0
eca,1982,6801150.0
eca,1983,7004913.5
eca,1984,7221143.0
eca,1985,6976960.5
eca,1986,7051205.5
eca,1987,7072322.0
eca,1988,7159585.5
eca,1989,7103850.5
eca,1990,7167411.0
eca,1991,7215933.0
eca,1992,7305244.0
eca,1993,7330510.5
eca,1994,7389426.0
eca,1995,7452976.0
eca,1996,7331253.5
eca,1997,7151814.0
eca,1998,6794764.5
eca,1999,6499715.0
eca,2000,6076353.0
eca,2001,5972803.0
eca,2002,5797160.5
eca,2003,5473956.5
eca,2004,5333845.0
eca,2005,5152765.0
eca,2006,5069932.5
eca,2007,5015335.5
eca,2008,4978635.5
eca,2009,4845968.0
eca,2010,5058366.5
eca,2011,5146954.0
eca,2012,5211211.0
eca,2013,5244567.5
eca,2014,5359654.5
ecs,1970,15223888.0
ecs,1971,15127260.0
ecs,1972,14688862.0
ecs,1973,14351485.0
ecs,1974,14042461.0
ecs,1975,13787134.0
ecs,1976,13546484.0
ecs,1977,13337360.0
ecs,1978,13273086.0
ecs,1979,13205899.0
ecs,1980,13146115.0
ecs,1981,13111390.0
ecs,1982,13214865.0
ecs,1983,13272414.0
ecs,1984,13403231.0
ecs,1985,13102702.0
ecs,1986,13119835.0
ecs,1987,13150705.0
ecs,1988,13189915.0
ecs,1989,13069250.0
ecs,1990,13060159.0
ecs,1991,13084483.0
ecs,1992,13138137.0
ecs,1993,13162795.0
ecs,1994,13198103.0
ecs,1995,13283852.0
ecs,1996,13138715.0
ecs,1997,12938556.0
ecs,1998,12500994.0
ecs,1999,12114741.0
ecs,2000,11547169.0
ecs,2001,11288445.0
ecs,2002,10986798.0
ecs,2003,10650412.0
ecs,2004,10539377.0
ecs,2005,10263475.0
ecs,2006,10181859.0
ecs,2007,10138694.0
ecs,2008,10037516.0
ecs,2009,9873830.0
ecs,2010,10107719.0
ecs,2011,10206205.0
ecs,2012,10316137.0
ecs,2013,10395840.0
ecs,2014,10583146.0
ecu,1971,290878.0
ecu,1972,292327.0
ecu,1973,299509.0
ecu,1974,311760.0
ecu,1975,312292.0
ecu,1976,324637.0
ecu,1977,331651.0
ecu,1978,348807.0
ecu,1979,368865.0
ecu,1980,369231.0
ecu,1981,388615.0
ecu,1982,392269.0
ecu,1983,394936.0
ecu,1984,394802.0
ecu,1985,393382.0
ecu,1987,421861.0
ecu,1988,426996.0
ecu,1993,512598.0
ecu,1994,380935.0
ecu,1995,386166.0
ecu,1996,389396.0
ecu,1997,398419.0
ecu,1999,394365.0
ecu,2000,406637.0
ecu,2001,411531.0
ecu,2002,412883.0
ecu,2003,409651.0
ecu,2004,404303.0
ecu,2005,396616.0
ecu,2006,411120.0
ecu,2007,417386.0
ecu,2009,385773.0
ecu,2010,380215.0
ecu,2011,368354.0
ecu,2012,361676.0
ecu,2013,363282.0
ecu,2014,350819.0
egy,1971,753683.0
egy,1972,732511.0
egy,1973,738910.0
egy,1974,588747.0
egy,1975,759533.0
egy,1976,767503.0
egy,1977,778166.0
egy,1978,800754.0
egy,1979,809428.0
egy,1980,842977.0
egy,1981,883279.0
egy,1982,947050.0
egy,1983,997024.0
egy,1984,1070529.0
egy,1986,1178763.0
egy,1987,1262362.0
egy,1988,1246728.0
egy,1989,1260870.0
egy,1997,1483594.0
egy,1999,1453826.0
egy,2000,1488363.0
egy,2001,1503007.0
egy,2002,1533783.0
egy,2003,1541377.0
egy,2004,1576854.0
egy,2005,1661315.0
egy,2006,1673144.0
egy,2007,1702015.0
egy,2009,1748831.0
egy,2010,1760726.0
egy,2012,1813453.0
egy,2013,1877800.0
egy,2014,1937901.0
emu,1970,5868210.5
emu,1971,5902221.5
emu,1972,5626829.5
emu,1973,5487023.5
emu,1974,5420510.0
emu,1975,5317466.0
emu,1976,5185505.0
emu,1977,5046389.0
emu,1978,4957163.5
emu,1979,4800312.5
emu,1980,4638728.0
emu,1981,4495807.5
emu,1982,4343726.5
emu,1983,4207099.5
emu,1984,4136106.25
emu,1985,4106097.0
emu,1986,4054024.0
emu,1987,4046619.0
emu,1988,4000757.0
emu,1989,3950640.0
emu,1990,3854073.25
emu,1991,3824730.5
emu,1992,3800866.5
emu,1993,3785600.75
emu,1994,3785577.25
emu,1995,3824432.25
emu,1996,3790827.0
emu,1997,3768853.25
emu,1998,3707687.25
emu,1999,3642678.5
emu,2000,3551509.75
emu,2001,3456311.75
emu,2002,3391356.5
emu,2003,3431023.75
emu,2004,3507729.0
emu,2005,3459778.5
emu,2006,3482445.0
emu,2007,3506272.0
emu,2008,3453696.5
emu,2009,3442847.5
emu,2010,3461177.25
emu,2011,3454685.0
emu,2012,3466281.75
emu,2013,3469392.0
emu,2014,3473264.75
eri,1989,31638.0
eri,1990,28497.0
eri,1991,23906.0
eri,1992,67550.0
eri,1993,68770.0
eri,1994,64299.0
eri,1995,62914.0
eri,1996,65110.0
eri,1997,58841.0
eri,1999,75340.0
eri,2000,91035.0
eri,2001,88045.0
eri,2002,97678.0
eri,2003,101496.0
eri,2004,99216.0
eri,2005,89524.0
eri,2006,73222.0
eri,2007,62486.0
eri,2008,60940.0
eri,2009,64665.0
eri,2010,69624.0
eri,2011,87235.0
eri,2012,89836.0
eri,2013,87618.0
esp,1971,1005150.0
esp,1972,819820.0
esp,1973,751198.0
esp,1974,783715.0
esp,1975,783528.0
esp,1976,766478.0
esp,1977,758469.0
esp,1978,753976.0
esp,1979,759334.0
esp,1980,754057.0
esp,1981,755688.0
esp,1982,756265.0
esp,1983,723476.0
esp,1984,696792.0
esp,1985,682714.0
esp,1986,643137.0
esp,1987,623640.0
esp,1988,582757.0
esp,1989,555830.0
esp,1990,523184.0
esp,1991,501936.0
esp,1992,476151.0
esp,1993,458304.0
esp,1994,433211.0
esp,1995,430900.0
esp,1996,424682.0
esp,1997,413687.0
esp,1999,411024.0
esp,2000,396603.0
esp,2001,383315.0
esp,2002,382328.0
esp,2003,387960.0
esp,2004,399047.0
esp,2005,397498.0
esp,2006,413850.0
esp,2007,432624.0
esp,2008,440235.0
esp,2009,448245.0
esp,2010,464274.0
esp,2011,473001.0
esp,2012,476162.0
esp,2013,483905.0
esp,2014,483810.0
est,1993,20551.0
est,1994,21366.0
est,1995,21954.0
est,1996,22905.0
est,1999,18914.0
est,2000,17573.0
est,2001,15161.0
est,2002,13832.0
est,2003,13343.0
est,2004,13017.0
est,2005,12439.0
est,2006,11971.0
est,2007,12078.0
est,2008,12606.0
est,2009,12426.0
est,2010,12548.0
est,2011,12648.0
est,2012,13260.0
est,2013,13698.0
eth,1971,206172.0
eth,1972,225092.0
eth,1973,236322.0
eth,1974,263898.0
eth,1975,327601.0
eth,1976,373611.0
eth,1977,447687.0
eth,1978,490198.0
eth,1979,542293.0
eth,1980,791282.0
eth,1981,841079.0
eth,1982,841507.0
eth,1983,794825.0
eth,1984,756511.0
eth,1985,749462.0
eth,1986,835560.0
eth,1987,998701.0
eth,1988,1009041.0
eth,1989,1002292.0
eth,1990,800360.0
eth,1991,684800.0
eth,1992,598526.0
eth,1993,623663.0
eth,1994,907576.0
eth,1995,1107751.0
eth,1996,1424754.0
eth,1999,1840185.0
eth,2000,1955035.0
eth,2001,2066731.0
eth,2002,2071432.0
eth,2003,2112410.0
eth,2004,2454323.0
eth,2005,3366927.0
eth,2006,2973448.0
eth,2007,3433135.0
eth,2008,4144686.0
eth,2009,3691734.0
eth,2010,3725519.0
eth,2011,4300500.0
eth,2012,4216006.0
eth,2014,4519806.0
euu,1970,8606855.0
euu,1971,8582154.0
euu,1972,8212637.5
euu,1973,8024908.0
euu,1974,8024951.5
euu,1975,7892452.0
euu,1976,7767131.0
euu,1977,7603795.5
euu,1978,7496271.5
euu,1979,7302086.0
euu,1980,7094613.0
euu,1981,6956051.5
euu,1982,6850003.0
euu,1983,6692965.5
euu,1984,6611052.0
euu,1985,6556307.0
euu,1986,6489434.5
euu,1987,6490508.0
euu,1988,6407933.5
euu,1989,6311849.0
euu,1990,6200296.5
euu,1991,6135592.5
euu,1992,6149549.0
euu,1993,6151105.5
euu,1994,6150731.5
euu,1995,6181700.0
euu,1996,6152767.0
euu,1997,6112797.5
euu,1998,5999252.0
euu,1999,5852578.0
euu,2000,5690814.5
euu,2001,5521416.5
euu,2002,5389503.5
euu,2003,5360518.0
euu,2004,5426411.5
euu,2005,5265856.0
euu,2006,5266325.0
euu,2007,5276620.5
euu,2008,5214355.0
euu,2009,5171409.0
euu,2010,5183523.5
euu,2011,5192301.0
euu,2012,5239799.0
euu,2013,5284952.5
euu,2014,5359315.5
fin,1971,78419.0
fin,1972,77095.0
fin,1973,75187.0
fin,1974,75500.0
fin,1976,71520.0
fin,1977,65957.0
fin,1978,63706.0
fin,1979,61089.0
fin,1980,58629.0
fin,1981,56293.0
fin,1982,61932.0
fin,1983,65080.0
fin,1984,66557.0
fin,1985,66633.0
fin,1986,65752.0
fin,1987,65857.0
fin,1988,65695.0
fin,1989,64471.0
fin,1990,66977.0
fin,1991,67427.0
fin,1992,66320.0
fin,1993,63837.0
fin,1994,62060.0
fin,1995,61004.0
fin,1996,64364.0
fin,1997,64337.0
fin,1999,65993.0
fin,2000,67212.0
fin,2001,65306.0
fin,2002,65313.0
fin,2003,63574.0
fin,2004,61300.0
fin,2005,59823.0
fin,2006,57546.0
fin,2007,58011.0
fin,2008,57645.0
fin,2009,57028.0
fin,2010,56770.0
fin,2011,57876.0
fin,2012,59076.0
fin,2013,59115.0
fin,2014,60483.0
fji,1970,17951.0
fji,1971,18441.0
fji,1972,18752.0
fji,1973,19417.0
fji,1974,17833.0
fji,1975,17585.0
fji,1976,17371.0
fji,1977,17107.0
fji,1978,17120.0
fji,1979,16890.0
fji,1980,18218.0
fji,1981,18441.0
fji,1983,19698.0
fji,1984,20316.0
fji,1985,21462.0
fji,1986,21690.0
fji,1987,22317.0
fji,1991,22171.0
fji,1992,21683.0
fji,1994,20595.0
fji,1995,19815.0
fji,1996,20386.0
fji,1997,21072.0
fji,1999,20990.0
fji,2000,20333.0
fji,2001,20498.0
fji,2002,19708.0
fji,2003,19029.0
fji,2004,19823.0
fji,2006,18450.0
fji,2007,17481.0
fji,2008,17562.0
fji,2009,17297.0
fji,2011,17615.0
fji,2012,17956.0
fji,2013,18770.0
fra,1971,1089267.0
fra,1972,1065915.0
fra,1973,1046329.0
fra,1974,1020939.0
fra,1975,1002292.0
fra,1976,1002707.0
fra,1977,1005113.0
fra,1978,1019276.0
fra,1979,1003677.0
fra,1980,984562.0
fra,1981,930103.0
fra,1982,874557.0
fra,1983,840557.0
fra,1985,839844.0
fra,1986,864520.0
fra,1987,903013.0
fra,1988,909366.0
fra,1989,890950.0
fra,1990,833900.0
fra,1991,836717.0
fra,1992,836591.0
fra,1993,834900.0
fra,1994,840945.0
fra,1995,842663.0
fra,1999,781110.0
fra,2000,748173.0
fsm,1971,4160.0
fsm,1972,4174.0
fsm,1973,4571.0
fsm,1974,4443.0
fsm,1975,4435.0
fsm,1976,4414.0
fsm,1977,4856.0
fsm,1978,4838.0
fsm,1979,4791.0
fsm,2004,3276.0
fsm,2005,3469.0
fsm,2007,3496.0
fsm,2014,2381.0
gab,1971,35488.0
gab,1972,37076.0
gab,1973,38460.0
gab,1974,39155.0
gab,1975,41776.0
gab,1976,43973.0
gab,1977,44678.0
gab,1978,49717.0
gab,1979,48484.0
gab,1980,49771.0
gab,1981,51649.0
gab,1982,52662.0
gab,1983,54366.0
gab,1984,56054.0
gab,1985,58056.0
gab,1986,59082.0
gab,1987,60415.0
gab,1988,60528.0
gab,1989,62466.0
gab,1992,62500.0
gab,1995,70195.0
gab,1996,71199.0
gab,1997,70120.0
gab,2001,66055.0
gab,2002,68522.0
gab,2003,68022.0
geo,1995,70712.0
geo,1996,70811.0
geo,1997,79343.0
geo,1999,74245.0
geo,2000,66239.0
geo,2001,60078.0
geo,2002,59729.0
geo,2003,58152.0
geo,2004,57012.0
geo,2005,53757.0
geo,2006,48910.0
geo,2007,50761.0
geo,2008,48735.0
geo,2009,46764.0
geo,2010,45649.0
geo,2011,51595.0
geo,2012,52489.0
geo,2013,45958.0
geo,2014,45689.0
gha,1971,212139.0
gha,1972,218326.0
gha,1973,239131.0
gha,1974,223339.0
gha,1975,228175.0
gha,1976,269451.0
gha,1977,277691.0
gha,1978,278912.0
gha,1979,291727.0
gha,1980,299009.0
gha,1981,311948.0
gha,1982,332385.0
gha,1983,332428.0
gha,1984,320153.0
gha,1985,301629.0
gha,1987,339500.0
gha,1988,334450.0
gha,1989,373629.0
gha,1991,420772.0
gha,1992,418255.0
gha,1993,416184.0
gha,1994,432229.0
gha,1995,424935.0
gha,1999,498123.0
gha,2000,519154.0
gha,2001,502485.0
gha,2002,519933.0
gha,2003,527043.0
gha,2004,541924.0
gha,2005,590950.0
gha,2006,688623.0
gha,2007,713178.0
gha,2008,741603.0
gha,2009,721363.0
gha,2011,726223.0
gha,2012,747398.0
gha,2013,744854.0
gha,2014,750144.0
gha,2015,776568.0
gib,1972,245.0
gib,1973,426.0
gib,1974,324.0
gib,1975,377.0
gib,1976,310.0
gib,1977,255.0
gib,1978,264.0
gib,1979,370.0
gib,1980,318.0
gib,1981,366.0
gib,1982,363.0
gib,1983,359.0
gib,1984,342.0
gib,1985,359.0
gin,1975,53290.0
gin,1976,52317.0
gin,1977,66461.0
gin,1978,58183.0
gin,1979,71114.0
gin,1980,52256.0
gin,1981,54456.0
gin,1982,53545.0
gin,1983,52334.0
gin,1984,59697.0
gin,1985,101614.0
gin,1986,56787.0
gin,1987,56161.0
gin,1988,79988.0
gin,1989,77312.0
gin,1990,71162.0
gin,1991,90025.0
gin,1992,86624.0
gin,1993,119458.0
gin,1994,122577.0
gin,1995,136466.0
gin,1996,134428.0
gin,1998,127359.0
gin,1999,150869.0
gin,2000,179946.0
gin,2001,193214.0
gin,2002,213420.0
gin,2003,242819.0
gin,2004,231324.0
gin,2005,228233.0
gin,2006,238012.0
gin,2007,252932.0
gin,2008,266480.0
gin,2009,305025.0
gin,2010,321293.0
gin,2011,328895.0
gin,2012,345339.0
gin,2013,351877.0
gin,2014,372069.0
gmb,1971,2997.0
gmb,1972,3192.0
gmb,1973,3929.0
gmb,1974,4318.0
gmb,1975,4640.0
gmb,1976,5067.0
gmb,1977,4836.0
gmb,1978,5376.0
gmb,1979,7436.0
gmb,1980,8616.0
gmb,1981,13084.0
gmb,1982,13800.0
gmb,1983,14127.0
gmb,1984,14623.0
gmb,1985,14989.0
gmb,1986,17125.0
gmb,1987,14342.0
gmb,1988,14389.0
gmb,1989,13843.0
gmb,1992,21518.0
gmb,1993,24540.0
gmb,1994,27509.0
gmb,1995,28739.0
gmb,1996,33576.0
gmb,1997,34245.0
gmb,1999,41516.0
gmb,2000,42553.0
gmb,2001,44309.0
gmb,2002,44487.0
gmb,2003,47865.0
gmb,2004,47522.0
gmb,2005,46726.0
gmb,2006,47210.0
gmb,2007,46266.0
gmb,2008,47464.0
gmb,2010,48383.0
gmb,2011,48816.0
gmb,2012,54205.0
gmb,2013,58288.0
gmb,2014,64988.0
gnb,1973,28498.0
gnb,1974,29572.0
gnb,1975,51483.0
gnb,1976,54379.0
gnb,1978,38782.0
gnb,1979,33683.0
gnb,1980,28942.0
gnb,1981,26687.0
gnb,1982,26991.0
gnb,1983,26486.0
gnb,1984,26314.0
gnb,1985,26218.0
gnb,1987,26883.0
gnb,1988,26208.0
gnb,1989,26690.0
gnb,2000,47769.0
gnb,2010,79084.0
gnq,1994,39398.0
gnq,2000,35731.0
gnq,2001,31174.0
gnq,2002,31139.0
gnq,2003,24929.0
gnq,2005,23283.0
gnq,2008,23733.0
gnq,2009,22996.0
gnq,2010,22761.0
gnq,2011,23230.0
gnq,2012,23182.0
grc,1971,165399.0
grc,1972,168661.0
grc,1973,173182.0
grc,1974,175196.0
grc,1975,170036.0
grc,1976,163401.0
grc,1977,158332.0
grc,1978,156112.0
grc,1979,155022.0
grc,1980,152484.0
grc,1981,157543.0
grc,1982,146717.0
grc,1983,147726.0
grc,1984,145641.0
grc,1985,146330.0
grc,1986,148268.0
grc,1987,144751.0
grc,1988,138476.0
grc,1989,135900.0
grc,1990,129054.0
grc,1991,123589.0
grc,1992,116519.0
grc,1996,102615.0
grc,1997,103755.0
grc,1999,113247.0
grc,2000,111163.0
grc,2001,111637.0
grc,2002,107735.0
grc,2003,110620.0
grc,2004,109686.0
grc,2005,106839.0
grc,2006,105370.0
grc,2007,108197.0
grc,2010,110330.0
grc,2011,109181.0
grc,2012,109728.0
grc,2013,109839.0
grd,1975,3350.0
grd,1976,3423.0
grd,1977,3347.0
grd,1978,3523.0
grd,1979,3402.0
grd,1980,3160.0
grd,1981,2819.0
grd,1982,2653.0
grd,1983,2621.0
grd,1984,2500.0
grd,1985,2500.0
grd,1993,3263.0
grd,1999,2626.0
grd,2002,2621.0
grd,2003,2173.0
grd,2005,2020.0
grd,2007,1929.0
grd,2008,1872.0
grd,2009,1996.0
grd,2010,1952.0
grd,2013,1903.0
grd,2014,1941.0
gtm,1970,193102.0
gtm,1971,203173.0
gtm,1972,207469.0
gtm,1973,208622.0
gtm,1974,219766.0
gtm,1975,230872.0
gtm,1976,228558.0
gtm,1977,250241.0
gtm,1978,263219.0
gtm,1979,276712.0
gtm,1980,290843.0
gtm,1981,325638.0
gtm,1982,295867.0
gtm,1983,331230.0
gtm,1984,341456.0
gtm,1985,336279.0
gtm,1986,325521.0
gtm,1987,362551.0
gtm,1991,406134.0
gtm,1993,452588.0
gtm,1995,465325.0
gtm,1996,469157.0
gtm,1997,476522.0
gtm,1999,579661.0
gtm,2000,582893.0
gtm,2001,580888.0
gtm,2002,590474.0
gtm,2004,614414.0
gtm,2005,595764.0
gtm,2006,605245.0
gtm,2007,614950.0
gtm,2008,626282.0
gtm,2009,675881.0
gtm,2010,618821.0
gtm,2011,580944.0
gtm,2012,529135.0
gtm,2013,501487.0
gtm,2014,489157.0
gum,1971,2172.0
gum,1972,8015.0
gum,1973,7958.0
gum,1974,7703.0
gum,1975,7255.0
gum,1976,7201.0
gum,1977,7291.0
guy,1971,23591.0
guy,1972,24647.0
guy,1973,27091.0
guy,1974,25338.0
guy,1976,23180.0
guy,1977,27527.0
guy,1978,25263.0
guy,1979,25471.0
guy,1980,22890.0
guy,1981,22163.0
guy,1982,22246.0
guy,1983,22015.0
guy,1984,21633.0
guy,1987,19272.0
guy,1988,19229.0
guy,1989,18974.0
guy,1991,16957.0
guy,1992,16602.0
guy,1993,16677.0
guy,1995,18817.0
guy,1996,17727.0
guy,1997,17835.0
guy,1999,19393.0
guy,2000,19915.0
guy,2001,24651.0
guy,2003,21780.0
guy,2005,17437.0
guy,2006,16875.0
guy,2007,16627.0
guy,2008,16569.0
guy,2009,14507.0
guy,2010,15559.0
guy,2011,15035.0
guy,2012,14084.0
hic,1970,16644698.0
hic,1971,16648553.0
hic,1972,16200696.0
hic,1973,15765342.0
hic,1974,15289003.0
hic,1975,15317186.0
hic,1976,15307222.0
hic,1977,15229545.0
hic,1978,15134079.0
hic,1979,14778666.0
hic,1980,14719300.0
hic,1981,14461408.0
hic,1982,14360881.0
hic,1983,14137916.0
hic,1984,13932242.0
hic,1985,13982422.0
hic,1986,13978516.0
hic,1987,14194606.0
hic,1988,14208299.0
hic,1989,14237785.0
hic,1990,14246719.0
hic,1991,14095599.0
hic,1992,13892046.0
hic,1993,13822281.0
hic,1994,13839728.0
hic,1995,14065918.0
hic,1996,14126254.0
hic,1997,14147736.0
hic,1998,14131195.0
hic,1999,14042623.0
hic,2000,13809788.0
hic,2001,13565480.0
hic,2002,13403455.0
hic,2003,13297465.0
hic,2004,13300919.0
hic,2005,13199671.0
hic,2006,13189124.0
hic,2007,13219200.0
hic,2008,13231270.0
hic,2009,12953742.0
hic,2010,12982000.0
hic,2011,12954001.0
hic,2012,12984769.0
hic,2013,13088916.0
hic,2014,13301175.0
hkg,1971,134717.0
hkg,1972,125787.0
hkg,1973,116777.0
hkg,1974,110390.0
hkg,1975,103454.0
hkg,1976,95857.0
hkg,1977,90959.0
hkg,1978,89416.0
hkg,1979,91966.0
hkg,1980,90558.0
hkg,1981,92534.0
hkg,1982,88183.0
hkg,1983,86762.0
hkg,1984,86913.0
hkg,1985,86164.0
hkg,1986,87099.0
hkg,1987,87727.0
hkg,1988,89996.0
hkg,1989,89473.0
hkg,1990,87464.0
hkg,1991,80468.0
hkg,1992,78956.0
hkg,1993,74035.0
hkg,1994,72444.0
hkg,1995,77956.0
hkg,1996,74946.0
hkg,1999,76950.0
hkg,2000,78042.0
hkg,2001,79045.0
hkg,2002,78249.0
hkg,2003,72585.0
hkg,2004,68727.0
hkg,2005,61876.0
hkg,2006,58503.0
hkg,2007,60654.0
hkg,2008,54792.0
hkg,2009,52680.0
hkg,2010,50471.0
hkg,2011,50090.0
hkg,2012,51853.0
hkg,2013,55084.0
hkg,2014,59521.0
hnd,1970,135214.0
hnd,1971,135748.0
hnd,1972,147476.0
hnd,1973,146286.0
hnd,1974,158028.0
hnd,1975,166058.0
hnd,1976,172782.0
hnd,1977,175482.0
hnd,1978,187170.0
hnd,1979,204382.0
hnd,1980,209582.0
hnd,1982,230383.0
hnd,1983,236619.0
hnd,1984,244643.0
hnd,1985,244856.0
hnd,1986,259593.0
hnd,1991,267542.0
hnd,1992,269682.0
hnd,1993,271184.0
hnd,1994,269076.0
hnd,1995,260692.0
hnd,1996,271076.0
hnd,1997,275149.0
hnd,2000,285401.0
hnd,2003,298331.0
hnd,2005,285404.0
hnd,2006,298882.0
hnd,2007,289398.0
hnd,2008,261623.0
hnd,2009,244908.0
hnd,2010,232895.0
hnd,2011,241270.0
hnd,2012,235797.0
hnd,2013,222603.0
hnd,2014,210231.0
hpc,1970,4914865.0
hpc,1971,5042652.0
hpc,1972,5194293.0
hpc,1973,5356397.0
hpc,1974,5547921.0
hpc,1975,6095625.5
hpc,1976,6467919.0
hpc,1977,6654713.0
hpc,1978,7170432.5
hpc,1979,7278040.5
hpc,1980,7744270.0
hpc,1981,8046614.0
hpc,1982,8215830.5
hpc,1983,8231762.5
hpc,1984,8263432.5
hpc,1985,8569072.0
hpc,1986,8857500.0
hpc,1987,9003145.0
hpc,1988,9217504.0
hpc,1989,9476395.0
hpc,1990,9452725.0
hpc,1991,9536055.0
hpc,1992,9734880.0
hpc,1993,10022784.0
hpc,1994,10743900.0
hpc,1995,11803902.0
hpc,1996,12429501.0
hpc,1997,14276847.0
hpc,1998,14176169.0
hpc,1999,14569767.0
hpc,2000,15666627.0
hpc,2001,16897846.0
hpc,2002,18207816.0
hpc,2003,19005408.0
hpc,2004,19893042.0
hpc,2005,20644866.0
hpc,2006,21118248.0
hpc,2007,22321838.0
hpc,2008,24154100.0
hpc,2009,23881836.0
hpc,2010,24404520.0
hpc,2011,25526126.0
hpc,2012,26286180.0
hpc,2013,27177572.0
hpc,2014,27988704.0
hrv,1993,52189.0
hrv,1994,53287.0
hrv,1995,52900.0
hrv,1996,50473.0
hrv,1997,49244.0
hrv,1999,50470.0
hrv,2000,47754.0
hrv,2001,47478.0
hrv,2002,48690.0
hrv,2003,48978.0
hrv,2005,48986.0
hrv,2006,46793.0
hrv,2007,44600.0
hrv,2008,43173.0
hrv,2009,40846.0
hrv,2010,39670.0
hrv,2011,39277.0
hrv,2012,40818.0
hrv,2014,40148.0
hti,1978,186412.0
hti,1979,183302.0
hti,1980,203349.0
hti,1981,208315.0
hti,1982,280664.0
hti,1983,300322.0
hti,1984,299722.0
hti,1985,349580.0
hti,1986,333998.0
hti,1987,281919.0
hti,1997,437132.0
hun,1971,138992.0
hun,1972,138714.0
hun,1973,139898.0
hun,1974,145981.0
hun,1975,157617.0
hun,1976,155603.0
hun,1977,156589.0
hun,1978,151034.0
hun,1979,150476.0
hun,1980,155451.0
hun,1981,171347.0
hun,1982,195553.0
hun,1983,187140.0
hun,1984,181234.0
hun,1985,171931.0
hun,1986,162783.0
hun,1987,154492.0
hun,1988,133382.0
hun,1989,132109.0
hun,1990,128542.0
hun,1991,125665.0
hun,1992,126258.0
hun,1993,129852.0
hun,1994,131531.0
hun,1995,131606.0
hun,1996,130271.0
hun,1997,130724.0
hun,1999,131875.0
hun,2000,127382.0
hun,2001,122580.0
hun,2002,117689.0
hun,2003,117262.0
hun,2004,108469.0
hun,2005,104771.0
hun,2006,101192.0
hun,2007,99095.0
hun,2008,101512.0
hun,2009,99956.0
hun,2010,99326.0
hun,2011,97716.0
hun,2012,98506.0
hun,2013,100183.0
hun,2014,107108.0
idn,1971,3616644.0
idn,1972,3738768.0
idn,1973,3861565.0
idn,1974,4247486.0
idn,1975,4824699.0
idn,1976,4978824.0
idn,1977,4962962.0
idn,1978,5692161.0
idn,1981,5895993.0
idn,1982,6167669.0
idn,1983,6095631.0
idn,1984,6263424.0
idn,1985,6315128.0
idn,1986,5778260.0
idn,1987,5848760.0
idn,1988,6071651.0
idn,1989,6099872.0
idn,1990,5955920.0
idn,1991,5795461.0
idn,1992,5714713.0
idn,1993,5668324.0
idn,1994,5668417.0
idn,1995,5542673.0
idn,1996,5460649.0
idn,1997,5498079.0
idn,1999,5659930.0
idn,2001,5475261.0
idn,2002,5611635.0
idn,2003,5407641.0
idn,2004,5201925.0
idn,2005,5503093.0
idn,2006,5479653.0
idn,2007,5650346.0
idn,2008,5523325.0
idn,2009,5598211.0
idn,2010,5708029.0
idn,2011,5635223.0
idn,2012,5286687.0
idn,2013,5179706.0
idn,2014,5271291.0
ind,1971,20438788.0
ind,1972,21118992.0
ind,1973,22183108.0
ind,1974,21763992.0
ind,1975,21975542.0
ind,1976,21987532.0
ind,1977,22724536.0
ind,1978,21127332.0
ind,1979,21552716.0
ind,1980,21602400.0
ind,1981,22400280.0
ind,1982,22165340.0
ind,1983,24979600.0
ind,1984,25552178.0
ind,1986,26030668.0
ind,1987,23422880.0
ind,1988,24281804.0
ind,1993,28864172.0
ind,1994,29024048.0
ind,1995,29237098.0
ind,1996,29572932.0
ind,1998,30580344.0
ind,1999,30863768.0
ind,2000,31100064.0
ind,2001,30520580.0
ind,2002,29699332.0
ind,2003,32351892.0
ind,2004,32941084.0
ind,2007,33195842.0
ind,2008,32793596.0
ind,2009,30149084.0
ind,2010,31583600.0
ind,2011,30540318.0
ind,2013,28004194.0
irl,1975,67611.0
irl,1976,68525.0
irl,1977,69534.0
irl,1978,71706.0
irl,1979,72465.0
irl,1980,71957.0
irl,1981,69631.0
irl,1982,69756.0
irl,1983,69740.0
irl,1986,72777.0
irl,1987,72884.0
irl,1988,72222.0
irl,1989,70209.0
irl,1990,67846.0
irl,1991,64300.0
irl,1992,62365.0
irl,1993,62117.0
irl,1994,61411.0
irl,1995,59501.0
irl,1996,55819.0
irl,1999,51865.0
irl,2000,51946.0
irl,2001,52643.0
irl,2002,55236.0
irl,2003,56520.0
irl,2004,57054.0
irl,2005,56591.0
irl,2006,58458.0
irl,2007,61411.0
irl,2008,63252.0
irl,2009,65360.0
irl,2010,64874.0
irl,2011,63784.0
irl,2013,71435.0
irn,1971,795384.0
irn,1972,821985.0
irn,1973,891561.0
irn,1974,971250.0
irn,1975,1176895.0
irn,1976,1205540.0
irn,1977,1245995.0
irn,1978,1292451.0
irn,1982,1383770.0
irn,1983,1522953.0
irn,1984,1607671.0
irn,1985,1651118.0
irn,1986,1828868.0
irn,1987,1876013.0
irn,1988,1997108.0
irn,1989,2074764.0
irn,1990,2144389.0
irn,1991,2257756.0
irn,1992,2278472.0
irn,1993,2154352.0
irn,1994,2033734.0
irn,1995,1951749.0
irn,1997,1905324.0
irn,1999,1733037.0
irn,2000,1571760.0
irn,2001,1496293.0
irn,2002,1406579.0
irn,2003,1377133.0
irn,2004,1264183.0
irn,2005,1202972.0
irn,2006,1215328.0
irn,2007,1191000.0
irn,2008,1156503.0
irn,2009,1180586.0
irn,2010,1177986.0
irn,2011,1219006.0
irn,2012,1250817.0
irn,2013,1331650.0
irn,2014,1320765.0
irq,1971,271143.0
irq,1972,301245.0
irq,1973,319454.0
irq,1974,344660.0
irq,1975,368505.0
irq,1976,444467.0
irq,1977,442205.0
irq,1978,395812.0
irq,1979,673605.0
irq,1980,426793.0
irq,1981,387490.0
irq,1982,405430.0
irq,1983,460253.0
irq,1984,504880.0
irq,1985,548949.0
irq,1986,562294.0
irq,1987,575092.0
irq,1988,567224.0
irq,1989,609419.0
irq,1993,561193.0
irq,1996,613977.0
irq,1999,787209.0
irq,2000,794963.0
irq,2004,906774.0
irq,2007,1006833.0
isl,1971,4620.0
isl,1972,4581.0
isl,1973,4516.0
isl,1974,4485.0
isl,1975,4192.0
isl,1976,4033.0
isl,1977,4099.0
isl,1994,4127.0
isl,1995,4573.0
isl,1996,4445.0
isl,1997,4630.0
isl,1999,4469.0
isl,2000,4534.0
isl,2001,4435.0
isl,2002,4283.0
isl,2003,4341.0
isl,2004,4178.0
isl,2005,4160.0
isl,2006,4123.0
isl,2007,4276.0
isl,2008,4134.0
isl,2009,4069.0
isl,2010,4182.0
isl,2011,4283.0
isl,2012,4267.0
isr,1973,70822.0
isr,1974,69349.0
isr,1975,73434.0
isr,1976,77533.0
isr,1977,81304.0
isr,1978,84985.0
isr,1979,82515.0
isr,1980,84541.0
isr,1981,86582.0
isr,1982,89946.0
isr,1983,94581.0
isr,1984,91032.0
isr,1985,91521.0
isr,1986,87905.0
isr,1987,88562.0
isr,1988,93011.0
isr,1989,91329.0
isr,1990,90477.0
isr,1991,96730.0
isr,1992,97305.0
isr,1993,101546.0
isr,1994,99804.0
isr,1995,103340.0
isr,1996,108720.0
isr,1999,115573.0
isr,2000,113933.0
isr,2001,115036.0
isr,2002,119867.0
isr,2003,118766.0
isr,2004,125990.0
isr,2005,125258.0
isr,2006,125582.0
isr,2007,134518.0
isr,2008,131194.0
isr,2009,133837.0
isr,2010,144577.0
isr,2011,139162.0
isr,2012,145373.0
isr,2013,143887.0
isr,2014,146030.0
ita,1971,1065496.0
ita,1972,1008997.0
ita,1973,987474.0
ita,1974,945507.0
ita,1975,920757.0
ita,1976,918162.0
ita,1977,875923.0
ita,1978,874795.0
ita,1979,840907.0
ita,1980,828778.0
ita,1981,825417.0
ita,1982,790495.0
ita,1983,744229.0
ita,1984,708211.0
ita,1985,680018.0
ita,1986,638628.0
ita,1987,611353.0
ita,1988,595600.0
ita,1989,585433.0
ita,1990,576729.0
ita,1991,565288.0
ita,1992,558496.0
ita,1994,535155.0
ita,1995,552491.0
ita,1996,548668.0
ita,1997,557906.0
ita,1999,560610.0
ita,2000,561765.0
ita,2001,531468.0
ita,2002,516398.0
ita,2003,534190.0
ita,2004,559133.0
ita,2005,548332.0
ita,2006,557311.0
ita,2007,569591.0
ita,2008,557083.0
ita,2009,558769.0
ita,2010,564236.0
ita,2011,570529.0
ita,2012,565126.0
ita,2013,573672.0
jam,1975,64491.0
jam,1976,64331.0
jam,1977,63095.0
jam,1978,64264.0
jam,1979,65029.0
jam,1980,61400.0
jam,1981,59808.0
jam,1983,63282.0
jam,1984,61308.0
jam,1985,59323.0
jam,1986,58276.0
jam,1987,59043.0
jam,1988,57361.0
jam,1989,58291.0
jam,1990,60281.0
jam,1991,58284.0
jam,1993,55308.0
jam,2000,58595.0
jam,2001,59102.0
jam,2002,56936.0
jam,2003,54162.0
jam,2004,55093.0
jam,2005,54282.0
jam,2007,46030.0
jam,2008,49435.0
jam,2009,41966.0
jam,2010,46075.0
jam,2011,43247.0
jam,2012,45959.0
jam,2013,42869.0
jam,2014,42111.0
jor,1971,57415.0
jor,1972,64805.0
jor,1973,64683.0
jor,1974,68612.0
jor,1975,69302.0
jor,1976,71280.0
jor,1977,74264.0
jor,1978,76071.0
jor,1979,80817.0
jor,1980,81989.0
jor,1981,75048.0
jor,1982,77791.0
jor,1983,79106.0
jor,1984,83533.0
jor,1985,89609.0
jor,1986,101345.0
jor,1987,95970.0
jor,1988,100689.0
jor,1989,100697.0
jor,1990,101435.0
jor,1991,107328.0
jor,1992,110324.0
jor,1993,114257.0
jor,1994,114180.0
jor,1996,117387.0
jor,1999,125986.0
jor,2000,132365.0
jor,2002,139854.0
jor,2003,138962.0
jor,2004,133470.0
jor,2005,132742.0
jor,2006,132833.0
jor,2007,135227.0
jor,2008,140669.0
jor,2010,146591.0
jor,2011,147565.0
jor,2012,149962.0
jpn,1971,1643651.0
jpn,1972,1732309.0
jpn,1973,1686606.0
jpn,1974,1564124.0
jpn,1975,1859908.0
jpn,1976,1891543.0
jpn,1977,1889945.0
jpn,1978,1941181.0
jpn,1979,2012899.0
jpn,1980,2051333.0
jpn,1981,2055669.0
jpn,1982,1987310.0
jpn,1983,1865573.0
jpn,1984,1778059.0
jpn,1985,1735943.0
jpn,1986,1682671.0
jpn,1987,1624306.0
jpn,1988,1546854.0
jpn,1989,1511632.0
jpn,1990,1511870.0
jpn,1991,1501786.0
jpn,1992,1464220.0
jpn,1994,1370374.0
jpn,1995,1330112.0
jpn,1999,1221554.0
jpn,2000,1207700.0
jpn,2001,1196846.0
jpn,2002,1237146.0
jpn,2003,1186593.0
jpn,2004,1206356.0
jpn,2005,1196890.0
jpn,2006,1205074.0
jpn,2007,1187015.0
jpn,2008,1181877.0
jpn,2009,1175203.0
jpn,2010,1148704.0
jpn,2011,1128143.0
jpn,2012,1103151.0
jpn,2013,1067104.0
kaz,1994,354677.0
kaz,1995,346697.0
kaz,1996,348700.0
kaz,1997,330016.0
kaz,2000,302927.0
kaz,2001,298351.0
kaz,2002,283579.0
kaz,2003,259082.0
kaz,2004,241031.0
kaz,2005,239083.0
kaz,2006,232255.0
kaz,2007,235258.0
kaz,2008,250185.0
kaz,2009,236030.0
kaz,2010,241277.0
kaz,2011,260717.0
kaz,2012,272740.0
kaz,2013,285327.0
kaz,2014,308279.0
kaz,2015,335524.0
ken,1970,296459.0
ken,1971,306896.0
ken,1972,357366.0
ken,1973,379370.0
ken,1974,956844.0
ken,1975,668166.0
ken,1976,571872.0
ken,1977,603259.0
ken,1978,599058.0
ken,1979,977368.0
ken,1980,906118.0
ken,1981,844508.0
ken,1982,908764.0
ken,1983,890012.0
ken,1984,864617.0
ken,1985,848576.0
ken,1986,911949.0
ken,1987,918337.0
ken,1988,952774.0
ken,1989,939488.0
ken,1990,941736.0
ken,1991,923988.0
ken,1992,932801.0
ken,1993,954865.0
ken,1994,954469.0
ken,1995,952075.0
ken,1999,956253.0
ken,2000,1024198.0
ken,2001,1047289.0
ken,2002,911543.0
ken,2003,1303950.0
ken,2004,1250658.0
ken,2005,1190123.0
ken,2006,1161277.0
ken,2007,1363239.0
ken,2008,1268098.0
ken,2009,1326657.0
ken,2012,1541506.0
ken,2014,1382573.0
kgz,1995,123482.0
kgz,1996,121592.0
kgz,1999,120820.0
kgz,2000,116211.0
kgz,2001,115675.0
kgz,2002,117147.0
kgz,2003,116178.0
kgz,2004,107817.0
kgz,2005,102289.0
kgz,2006,103319.0
kgz,2007,100137.0
kgz,2008,98710.0
kgz,2009,96994.0
kgz,2010,101028.0
kgz,2011,102471.0
kgz,2012,111917.0
kgz,2013,110021.0
kgz,2014,113934.0
khm,1971,115043.0
khm,1972,190367.0
khm,1973,173542.0
khm,1981,886873.0
khm,1982,832475.0
khm,1983,782840.0
khm,1984,631220.0
khm,1985,554437.0
khm,1986,605775.0
khm,1988,451133.0
khm,1989,506608.0
khm,1994,619570.0
khm,1995,596856.0
khm,1997,678863.0
khm,1998,666737.0
khm,1999,681007.0
khm,2000,729287.0
khm,2001,748066.0
khm,2002,788597.0
khm,2003,661890.0
khm,2004,622457.0
khm,2005,585414.0
khm,2006,564982.0
khm,2007,563448.0
khm,2008,504021.0
khm,2009,510298.0
khm,2010,497555.0
khm,2011,461423.0
khm,2012,439501.0
khm,2013,498224.0
khm,2014,388144.0
kir,1971,1984.0
kir,1972,2186.0
kir,1973,1591.0
kir,1977,1809.0
kir,1978,1494.0
kir,1979,1590.0
kir,1980,1592.0
kir,1981,1340.0
kir,1982,1738.0
kir,1983,1761.0
kir,1984,1618.0
kir,1985,1887.0
kir,1986,1877.0
kir,1987,1841.0
kir,1988,2002.0
kir,1989,2160.0
kir,1990,2151.0
kir,1991,2257.0
kir,1992,2383.0
kir,1993,2309.0
kir,1994,2533.0
kir,1995,2480.0
kir,1996,2472.0
kir,1997,2403.0
kir,1999,2672.0
kir,2000,2598.0
kir,2001,2623.0
kir,2002,2584.0
kir,2003,3001.0
kir,2004,2935.0
kir,2005,3159.0
kir,2006,3017.0
kir,2007,2683.0
kir,2008,2600.0
kir,2014,3049.0
kna,1985,910.0
kna,1986,946.0
kna,1987,870.0
kna,1988,1198.0
kna,1989,1050.0
kna,1992,1025.0
kna,2000,1018.0
kna,2001,998.0
kna,2002,951.0
kna,2003,944.0
kna,2004,949.0
kna,2005,918.0
kna,2007,884.0
kna,2008,763.0
kna,2009,854.0
kna,2010,778.0
kna,2011,781.0
kna,2012,812.0
kna,2013,795.0
kna,2014,793.0
kor,1971,1024429.0
kor,1972,981234.0
kor,1973,942124.0
kor,1974,956660.0
kor,1975,929460.0
kor,1976,979868.0
kor,1977,944446.0
kor,1978,961564.0
kor,1979,1013285.0
kor,1980,970379.0
kor,1981,925393.0
kor,1982,889436.0
kor,1983,818813.0
kor,1984,751017.0
kor,1985,774216.0
kor,1986,762934.0
kor,1987,850788.0
kor,1988,847693.0
kor,1989,857096.0
kor,1990,821378.0
kor,1991,744407.0
kor,1992,653095.0
kor,1993,648865.0
kor,1994,624599.0
kor,1995,620791.0
kor,1996,625629.0
kor,1997,649146.0
kor,1999,720495.0
kor,2000,704794.0
kor,2001,695856.0
kor,2002,694594.0
kor,2003,670319.0
kor,2004,658348.0
kor,2005,627109.0
kor,2006,605970.0
kor,2007,609176.0
kor,2008,535911.0
kor,2009,469268.0
kor,2010,477255.0
kor,2011,458053.0
kor,2012,422634.0
kor,2013,437194.0
kwt,1971,14630.0
kwt,1972,19541.0
kwt,1973,21170.0
kwt,1974,21811.0
kwt,1975,24208.0
kwt,1976,32426.0
kwt,1977,31649.0
kwt,1978,31612.0
kwt,1979,30266.0
kwt,1980,32528.0
kwt,1981,40477.0
kwt,1982,41972.0
kwt,1983,42820.0
kwt,1984,45861.0
kwt,1985,46394.0
kwt,1986,45301.0
kwt,1987,47751.0
kwt,1992,26641.0
kwt,1994,34563.0
kwt,1995,36658.0
kwt,1996,36979.0
kwt,1997,38165.0
kwt,1999,36264.0
kwt,2000,37602.0
kwt,2001,38630.0
kwt,2002,40296.0
kwt,2003,41130.0
kwt,2004,41523.0
kwt,2005,41226.0
kwt,2007,42882.0
kwt,2008,42908.0
kwt,2009,44634.0
kwt,2010,45045.0
kwt,2011,49654.0
kwt,2012,50667.0
kwt,2013,51817.0
kwt,2014,54539.0
lac,1970,13803271.0
lac,1971,14255603.0
lac,1972,14682327.0
lac,1973,14888074.0
lac,1974,14975601.0
lac,1975,14906825.0
lac,1976,14743346.0
lac,1977,15327886.0
lac,1978,15800599.0
lac,1979,16823122.0
lac,1980,16850816.0
lac,1981,16889734.0
lac,1982,17115964.0
lac,1983,16611643.0
lac,1984,17347410.0
lac,1985,16687340.0
lac,1986,15957219.0
lac,1987,16254245.0
lac,1988,17218572.0
lac,1989,16266199.0
lac,1990,17833080.0
lac,1991,16141808.0
lac,1992,16184301.0
lac,1993,16449258.0
lac,1994,16436445.0
lac,1995,16217772.0
lac,1996,16147710.0
lac,1997,16527653.0
lac,1998,16883470.0
lac,1999,15296412.0
lac,2000,15936995.0
lac,2001,15808181.0
lac,2002,15696866.0
lac,2003,15239388.0
lac,2004,15173828.0
lac,2005,14744472.0
lac,2006,14310214.0
lac,2007,14203180.0
lac,2008,13439704.0
lac,2009,12927516.0
lac,2010,12751356.0
lac,2011,11728150.0
lac,2012,11369992.0
lac,2013,11281519.0
lac,2014,11150514.0
lao,1971,101050.0
lao,1972,102931.0
lao,1973,99433.0
lao,1977,202628.0
lao,1978,191550.0
lao,1979,187705.0
lao,1980,194222.0
lao,1981,195410.0
lao,1984,211397.0
lao,1985,224042.0
lao,1986,236238.0
lao,1988,234294.0
lao,1990,233693.0
lao,1992,242043.0
lao,1993,263530.0
lao,1994,272183.0
lao,1996,274058.0
lao,1997,280549.0
lao,1998,292112.0
lao,1999,284159.0
lao,2000,282946.0
lao,2001,281654.0
lao,2002,293212.0
lao,2003,294578.0
lao,2004,288470.0
lao,2005,283096.0
lao,2006,279529.0
lao,2007,278044.0
lao,2008,279454.0
lao,2009,276658.0
lao,2010,267232.0
lao,2011,246197.0
lao,2012,235020.0
lao,2013,232072.0
lao,2014,215663.0
lbn,1974,102113.0
lbn,1997,80668.0
lbn,1999,80872.0
lbn,2000,73630.0
lbn,2001,75215.0
lbn,2002,75969.0
lbn,2003,77740.0
lbn,2004,78946.0
lbn,2005,79993.0
lbn,2006,75399.0
lbn,2007,75617.0
lbn,2008,74331.0
lbn,2009,75678.0
lbn,2010,74662.0
lbn,2011,76404.0
lbn,2012,76693.0
lbn,2013,81307.0
lbr,1970,21421.0
lbr,1971,23074.0
lbr,1972,24452.0
lbr,1975,28154.0
lbr,1976,26805.0
lbr,1978,34722.0
lbr,1979,35313.0
lbr,1980,38729.0
lbr,1984,34464.0
lbr,2000,162879.0
lbr,2006,112922.0
lbr,2008,130406.0
lbr,2009,158354.0
lbr,2011,165336.0
lbr,2014,170994.0
lby,1971,103134.0
lby,1972,85985.0
lby,1973,88823.0
lby,1974,89455.0
lby,1975,88579.0
lby,1976,106406.0
lby,1977,112058.0
lby,1978,113762.0
lby,1979,124746.0
lby,1980,128967.0
lby,1981,123113.0
lby,1983,133012.0
lby,1986,135606.0
lby,2001,113010.0
lby,2002,115831.0
lby,2003,116608.0
lby,2004,113493.0
lby,2005,107890.0
lby,2006,118484.0
lca,1973,3675.0
lca,1974,3444.0
lca,1975,3311.0
lca,1976,3252.0
lca,1977,3307.0
lca,1981,3419.0
lca,1982,3688.0
lca,1983,3840.0
lca,1984,3922.0
lca,1985,3631.0
lca,1986,3630.0
lca,1987,3865.0
lca,1988,4053.0
lca,1989,3923.0
lca,1990,3932.0
lca,1991,4170.0
lca,1992,3904.0
lca,1993,4006.0
lca,1997,4008.0
lca,1999,3709.0
lca,2000,3783.0
lca,2001,3619.0
lca,2002,3399.0
lca,2003,3395.0
lca,2004,3135.0
lca,2005,3165.0
lca,2006,3134.0
lca,2007,3082.0
lca,2008,2851.0
lca,2009,2783.0
lca,2010,2782.0
lca,2011,2657.0
lca,2012,2589.0
lca,2013,2601.0
lca,2014,2619.0
lcn,1970,14390906.0
lcn,1971,14880230.0
lcn,1972,15269218.0
lcn,1973,15475603.0
lcn,1974,15551580.0
lcn,1975,15445597.0
lcn,1976,15260611.0
lcn,1977,15854520.0
lcn,1978,16326483.0
lcn,1979,17343026.0
lcn,1980,17351822.0
lcn,1981,17378306.0
lcn,1982,17575420.0
lcn,1983,17037570.0
lcn,1984,17767316.0
lcn,1985,17155440.0
lcn,1986,16414905.0
lcn,1987,16714147.0
lcn,1988,17682150.0
lcn,1989,16718508.0
lcn,1990,18278564.0
lcn,1991,16580369.0
lcn,1992,16614947.0
lcn,1993,16915148.0
lcn,1994,16907822.0
lcn,1995,16695507.0
lcn,1996,16628065.0
lcn,1997,17012536.0
lcn,1998,17344796.0
lcn,1999,15754591.0
lcn,2000,16390670.0
lcn,2001,16256707.0
lcn,2002,16139474.0
lcn,2003,15674051.0
lcn,2004,15599662.0
lcn,2005,15164755.0
lcn,2006,14722763.0
lcn,2007,14619105.0
lcn,2008,13843270.0
lcn,2009,13317860.0
lcn,2010,13137464.0
lcn,2011,12107343.0
lcn,2012,11747299.0
lcn,2013,11664371.0
lcn,2014,11539533.0
ldc,1970,8219403.0
ldc,1971,8777482.0
ldc,1972,9390773.0
ldc,1973,9775803.0
ldc,1974,10149511.0
ldc,1975,11031794.0
ldc,1976,11840044.0
ldc,1977,12259773.0
ldc,1978,12958037.0
ldc,1979,13180749.0
ldc,1980,13709980.0
ldc,1981,14542151.0
ldc,1982,14633555.0
ldc,1983,14837775.0
ldc,1984,14799739.0
ldc,1985,14928412.0
ldc,1986,15394329.0
ldc,1987,15495914.0
ldc,1988,15471954.0
ldc,1989,15392690.0
ldc,1990,15648968.0
ldc,1991,15906412.0
ldc,1992,16215115.0
ldc,1993,16601876.0
ldc,1994,17363794.0
ldc,1995,18466668.0
ldc,1996,19184618.0
ldc,1997,21129830.0
ldc,1998,21129072.0
ldc,1999,21618836.0
ldc,2000,22949352.0
ldc,2001,23965740.0
ldc,2002,25456844.0
ldc,2003,26280872.0
ldc,2004,27148676.0
ldc,2005,27913574.0
ldc,2006,28519094.0
ldc,2007,29190060.0
ldc,2008,31161122.0
ldc,2009,31076070.0
ldc,2010,31553766.0
ldc,2011,33244962.0
ldc,2012,33734972.0
ldc,2013,34631880.0
ldc,2014,35075736.0
lic,1970,4255679.5
lic,1971,4347335.5
lic,1972,4490503.0
lic,1973,4652260.5
lic,1974,4874317.0
lic,1975,5430061.5
lic,1976,5835075.5
lic,1977,6087830.0
lic,1978,6584761.5
lic,1979,6651793.5
lic,1980,7205112.0
lic,1981,7562098.5
lic,1982,7586056.5
lic,1983,7525923.0
lic,1984,7534056.0
lic,1985,7791726.0
lic,1986,8023311.5
lic,1987,8125785.0
lic,1988,8426687.0
lic,1989,8847969.0
lic,1990,8880198.0
lic,1991,9074928.0
lic,1992,9262285.0
lic,1993,9585883.0
lic,1994,10246816.0
lic,1995,11290620.0
lic,1996,11881884.0
lic,1997,13697904.0
lic,1998,13617222.0
lic,1999,13996128.0
lic,2000,15110882.0
lic,2001,15943907.0
lic,2002,17154432.0
lic,2003,17855008.0
lic,2004,18634266.0
lic,2005,19259544.0
lic,2006,19648964.0
lic,2007,20661408.0
lic,2008,22271110.0
lic,2009,22220878.0
lic,2010,22830906.0
lic,2011,23866444.0
lic,2012,24313114.0
lic,2013,25056480.0
lic,2014,25611486.0
lie,2003,471.0
lie,2004,380.0
lie,2005,368.0
lie,2006,378.0
lie,2007,426.0
lie,2008,470.0
lie,2009,460.0
lie,2010,427.0
lie,2011,440.0
lie,2012,456.0
lie,2014,444.0
lka,1970,417959.0
lka,1971,422610.0
lka,1972,128079.0
lka,1973,330343.0
lka,1974,353395.0
lka,1975,356589.0
lka,1976,362308.0
lka,1977,365636.0
lka,1978,312650.0
lka,1979,317233.0
lka,1980,361866.0
lka,1981,358255.0
lka,1982,370637.0
lka,1983,380173.0
lka,1984,398898.0
lka,1985,402945.0
lka,1986,426948.0
lka,1987,434426.0
lka,1988,425832.0
lka,1989,425998.0
lka,1990,419227.0
lka,1991,416650.0
lka,1992,386279.0
lka,1993,381824.0
lka,1994,366454.0
lka,1995,366817.0
lka,2001,332063.0
lka,2002,326915.0
lka,2003,317806.0
lka,2004,304394.0
lka,2005,320057.0
lka,2006,330407.0
lka,2007,337178.0
lka,2010,347177.0
lka,2011,349166.0
lka,2012,359550.0
lka,2013,362711.0
lka,2014,359521.0
lmc,1970,39600716.0
lmc,1971,40688596.0
lmc,1972,41925068.0
lmc,1973,43646616.0
lmc,1974,44565700.0
lmc,1975,45908124.0
lmc,1976,46762400.0
lmc,1977,48110624.0
lmc,1978,47765524.0
lmc,1979,49228260.0
lmc,1980,50199776.0
lmc,1981,51895472.0
lmc,1982,52638544.0
lmc,1983,55916280.0
lmc,1984,57029084.0
lmc,1985,57339908.0
lmc,1986,57501604.0
lmc,1987,55265656.0
lmc,1988,56639888.0
lmc,1989,57526580.0
lmc,1990,59013040.0
lmc,1991,60088608.0
lmc,1992,61290516.0
lmc,1993,62709780.0
lmc,1994,63193540.0
lmc,1995,63619040.0
lmc,1996,64607196.0
lmc,1997,65202300.0
lmc,1998,65934056.0
lmc,1999,66596984.0
lmc,2000,67395272.0
lmc,2001,67284712.0
lmc,2002,66880600.0
lmc,2003,69517184.0
lmc,2004,69635200.0
lmc,2005,70413376.0
lmc,2006,70373312.0
lmc,2007,70812408.0
lmc,2008,70286224.0
lmc,2009,67899656.0
lmc,2010,69427792.0
lmc,2011,68546208.0
lmc,2012,67261568.0
lmc,2013,65926344.0
lmc,2014,66605680.0
lmy,1970,96495728.0
lmy,1971,99860184.0
lmy,1972,103202976.0
lmy,1973,106961192.0
lmy,1974,109684072.0
lmy,1975,113089680.0
lmy,1976,115433328.0
lmy,1977,118484936.0
lmy,1978,119161936.0
lmy,1979,121593744.0
lmy,1980,121967064.0
lmy,1981,122503848.0
lmy,1982,121508512.0
lmy,1983,123304072.0
lmy,1984,123825848.0
lmy,1985,122780840.0
lmy,1986,121222088.0
lmy,1987,118869968.0
lmy,1988,119861096.0
lmy,1989,119961800.0
lmy,1990,123127888.0
lmy,1991,121517112.0
lmy,1992,122581280.0
lmy,1993,125076864.0
lmy,1994,127462128.0
lmy,1995,129907304.0
lmy,1996,130848448.0
lmy,1997,133097072.0
lmy,1998,132755288.0
lmy,1999,130078808.0
lmy,2000,129749104.0
lmy,2001,128109536.0
lmy,2002,128788488.0
lmy,2003,131384472.0
lmy,2004,130446360.0
lmy,2005,130795768.0
lmy,2006,129789272.0
lmy,2007,131736080.0
lmy,2008,132199360.0
lmy,2009,128778752.0
lmy,2010,130498200.0
lmy,2011,130611256.0
lmy,2012,130099848.0
lmy,2013,129462600.0
lmy,2014,130495528.0
lso,1970,41734.0
lso,1971,38952.0
lso,1972,42467.0
lso,1973,47060.0
lso,1974,58743.0
lso,1975,50206.0
lso,1976,50281.0
lso,1977,56077.0
lso,1978,55987.0
lso,1979,59709.0
lso,1980,64687.0
lso,1981,68916.0
lso,1982,77854.0
lso,1983,80538.0
lso,1984,78680.0
lso,1985,82635.0
lso,1986,78609.0
lso,1987,81135.0
lso,1988,83896.0
lso,1989,80481.0
lso,1990,76555.0
lso,1991,78205.0
lso,1992,76918.0
lso,1993,70559.0
lso,1994,74915.0
lso,1995,76941.0
lso,1996,73790.0
lso,1997,70309.0
lso,1999,67777.0
lso,2000,118843.0
lso,2001,97479.0
lso,2002,86650.0
lso,2003,84412.0
lso,2004,81234.0
lso,2005,78232.0
lso,2006,77550.0
lso,2007,74129.0
lso,2008,72442.0
lso,2009,69297.0
lso,2010,70393.0
lso,2011,70697.0
lso,2012,67471.0
lso,2013,59578.0
lso,2014,55300.0
ltu,1995,58340.0
ltu,1996,56187.0
ltu,1997,58222.0
ltu,1999,55178.0
ltu,2000,54188.0
ltu,2001,48563.0
ltu,2002,42631.0
ltu,2003,41394.0
ltu,2004,40453.0
ltu,2005,36394.0
ltu,2006,35454.0
ltu,2007,34647.0
ltu,2008,31863.0
ltu,2009,29837.0
ltu,2010,28233.0
ltu,2011,28159.0
ltu,2012,27548.0
ltu,2013,27396.0
ltu,2014,27177.0
lux,1971,5735.0
lux,1972,5658.0
lux,1973,5640.0
lux,1974,5559.0
lux,1975,5479.0
lux,1976,5209.0
lux,1977,5039.0
lux,1978,5064.0
lux,1979,4684.0
lux,1980,3430.0
lux,1981,4017.0
lux,1982,4301.0
lux,1983,4070.0
lux,1984,4106.0
lux,1986,3925.0
lux,1987,3914.0
lux,1988,4367.0
lux,1999,5613.0
lux,2000,5927.0
lux,2001,6146.0
lux,2002,6176.0
lux,2003,6093.0
lux,2004,6186.0
lux,2005,6002.0
lux,2006,6018.0
lux,2007,6100.0
lux,2008,5908.0
lux,2010,5860.0
lux,2011,5645.0
lux,2012,5836.0
lux,2013,5844.0
lva,1993,32182.0
lva,1994,37003.0
lva,1995,39244.0
lva,1996,38474.0
lva,1997,37639.0
lva,1999,33797.0
lva,2000,32165.0
lva,2001,28088.0
lva,2002,24724.0
lva,2003,22427.0
lva,2004,20521.0
lva,2005,19539.0
lva,2006,18904.0
lva,2007,19597.0
lva,2008,20472.0
lva,2009,19821.0
lva,2010,20170.0
lva,2011,20273.0
lva,2012,19493.0
lva,2013,20168.0
lva,2014,20730.0
mac,1990,6662.0
mac,1992,7722.0
mac,1993,7924.0
mac,1999,6655.0
mac,2000,6344.0
mac,2001,6052.0
mac,2002,5889.0
mac,2003,5535.0
mac,2004,5107.0
mac,2005,4694.0
mac,2006,4383.0
mac,2007,4102.0
mac,2008,3716.0
mac,2009,3353.0
mac,2010,3172.0
mac,2011,3295.0
mac,2012,3508.0
mac,2013,3895.0
mac,2014,4331.0
mar,1971,290935.0
mar,1972,308746.0
mar,1973,316369.0
mar,1974,335951.0
mar,1975,346686.0
mar,1976,388854.0
mar,1977,420938.0
mar,1978,441913.0
mar,1979,469033.0
mar,1980,504518.0
mar,1981,530023.0
mar,1982,573745.0
mar,1983,619183.0
mar,1984,535080.0
mar,1985,424111.0
mar,1986,540840.0
mar,1987,499736.0
mar,1988,514562.0
mar,1989,495773.0
mar,1990,523370.0
mar,1991,545321.0
mar,1992,566496.0
mar,1993,627392.0
mar,1994,659923.0
mar,1995,659951.0
mar,1996,660921.0
mar,1997,661002.0
mar,1999,846527.0
mar,2000,875070.0
mar,2001,873510.0
mar,2002,867303.0
mar,2003,787410.0
mar,2004,747477.0
mar,2005,746736.0
mar,2006,736009.0
mar,2007,795231.0
mar,2008,748940.0
mar,2009,736912.0
mar,2010,746190.0
mar,2011,703931.0
mar,2012,683243.0
mar,2013,705305.0
mar,2014,723239.0
mco,1991,367.0
mco,1992,369.0
mco,1994,365.0
mco,1995,374.0
mco,1996,409.0
mco,1997,386.0
mco,2004,359.0
mco,2009,333.0
mco,2011,314.0
mco,2012,337.0
mda,1992,85697.0
mda,1994,84528.0
mda,1995,84739.0
mda,1999,63459.0
mda,2000,62556.0
mda,2001,56642.0
mda,2002,53806.0
mda,2003,48633.0
mda,2004,45231.0
mda,2005,41036.0
mda,2006,39739.0
mda,2007,37831.0
mda,2008,36582.0
mda,2009,35041.0
mda,2010,35434.0
mda,2011,34959.0
mda,2012,35867.0
mda,2013,35436.0
mda,2014,35720.0
mdg,1971,336171.0
mdg,1972,350626.0
mdg,1973,381658.0
mdg,1974,381558.0
mdg,1975,418734.0
mdg,1981,577127.0
mdg,1982,582565.0
mdg,1983,511649.0
mdg,1984,482558.0
mdg,1988,546881.0
mdg,1989,588850.0
mdg,1990,560226.0
mdg,1991,598942.0
mdg,1992,578689.0
mdg,1993,552346.0
mdg,1994,554362.0
mdg,1995,568950.0
mdg,1996,644655.0
mdg,1999,801038.0
mdg,2000,796025.0
mdg,2001,850421.0
mdg,2002,907299.0
mdg,2003,1151987.0
mdg,2004,1385424.0
mdg,2005,1164595.0
mdg,2006,1145229.0
mdg,2007,1118864.0
mdg,2008,1205779.0
mdg,2009,1324536.0
mdg,2010,1335784.0
mdg,2011,1362165.0
mdg,2012,1405744.0
mdg,2013,1473394.0
mdg,2014,1548559.0
mdv,1992,10738.0
mdv,1993,10355.0
mdv,1996,9249.0
mdv,1997,8926.0
mdv,1998,8666.0
mdv,1999,8370.0
mdv,2000,8136.0
mdv,2001,7674.0
mdv,2002,7058.0
mdv,2003,7421.0
mdv,2004,6713.0
mdv,2005,6261.0
mdv,2006,5981.0
mdv,2007,6027.0
mdv,2008,5607.0
mdv,2009,5215.0
mdv,2010,5330.0
mdv,2011,5385.0
mdv,2012,5663.0
mdv,2013,5966.0
mdv,2014,6854.0
mea,1970,3486581.25
mea,1971,3588078.75
mea,1972,3692530.75
mea,1973,3848945.0
mea,1974,3821741.5
mea,1975,4268295.0
mea,1976,4528492.5
mea,1977,4689057.0
mea,1978,4785509.0
mea,1979,5177956.5
mea,1980,5115770.0
mea,1981,5197431.5
mea,1982,5448880.5
mea,1983,5816414.5
mea,1984,6081723.0
mea,1985,6168760.0
mea,1986,6643383.0
mea,1987,6826167.5
mea,1988,7003260.5
mea,1989,7176613.5
mea,1990,7386279.5
mea,1991,7653853.0
mea,1992,7825800.5
mea,1993,7806826.5
mea,1994,7819241.5
mea,1995,7784989.5
mea,1996,7864855.5
mea,1997,7912547.5
mea,1998,7969403.0
mea,1999,8114640.5
mea,2000,8103453.5
mea,2001,8025769.5
mea,2002,8121487.5
mea,2003,8041430.5
mea,2004,7977563.0
mea,2005,8074709.0
mea,2006,8103459.5
mea,2007,8232282.0
mea,2008,8231220.5
mea,2009,8370971.0
mea,2010,8446927.0
mea,2011,8579532.0
mea,2012,8762090.0
mea,2013,8888541.0
mea,2014,9129402.0
mex,1971,2693142.0
mex,1972,2858962.0
mex,1973,2889163.0
mex,1974,3044450.0
mex,1975,3032086.0
mex,1976,3130678.0
mex,1977,3243659.0
mex,1978,3254015.0
mex,1979,3618658.0
mex,1980,3649724.0
mex,1981,3695543.0
mex,1982,3576333.0
mex,1983,3492025.0
mex,1984,3425722.0
mex,1985,3293226.0
mex,1986,3238482.0
mex,1987,3206091.0
mex,1988,3142030.0
mex,1989,3132846.0
mex,1990,3117961.0
mex,1991,3069923.0
mex,1992,3000998.0
mex,1993,2974473.0
mex,1994,2793231.0
mex,1995,2817126.0
mex,1996,2777987.0
mex,1997,2810972.0
mex,1999,2821265.0
mex,2000,2800717.0
mex,2001,2751569.0
mex,2002,2738175.0
mex,2003,2661044.0
mex,2004,2564869.0
mex,2005,2551934.0
mex,2006,2524333.0
mex,2007,2655139.0
mex,2008,2720812.0
mex,2009,2729299.0
mex,2010,2563935.0
mex,2011,2509947.0
mex,2012,2473746.0
mex,2013,2420718.0
mex,2014,2380641.0
mhl,1999,1434.0
mhl,2002,1591.0
mhl,2003,1504.0
mhl,2005,1734.0
mhl,2006,1596.0
mhl,2007,1595.0
mhl,2008,1529.0
mhl,2009,1489.0
mhl,2011,1540.0
mic,1970,92240056.0
mic,1971,95512848.0
mic,1972,98712472.0
mic,1973,102308928.0
mic,1974,104809752.0
mic,1975,107659624.0
mic,1976,109598248.0
mic,1977,112397104.0
mic,1978,112577176.0
mic,1979,114941952.0
mic,1980,114761952.0
mic,1981,114941744.0
mic,1982,113922456.0
mic,1983,115778152.0
mic,1984,116291792.0
mic,1985,114989112.0
mic,1986,113198776.0
mic,1987,110744184.0
mic,1988,111434408.0
mic,1989,111113832.0
mic,1990,114247688.0
mic,1991,112442184.0
mic,1992,113318992.0
mic,1993,115490984.0
mic,1994,117215312.0
mic,1995,118616688.0
mic,1996,118966568.0
mic,1997,119399168.0
mic,1998,119138064.0
mic,1999,116082680.0
mic,2000,114638224.0
mic,2001,112165632.0
mic,2002,111634056.0
mic,2003,113529464.0
mic,2004,111812096.0
mic,2005,111536224.0
mic,2006,110140312.0
mic,2007,111074672.0
mic,2008,109928248.0
mic,2009,106557880.0
mic,2010,107667296.0
mic,2011,106744808.0
mic,2012,105786728.0
mic,2013,104406120.0
mic,2014,104884048.0
mkd,1993,34033.0
mkd,1994,34131.0
mkd,1995,34935.0
mkd,1996,34168.0
mkd,1997,32579.0
mkd,1999,32420.0
mkd,2000,31079.0
mkd,2001,30084.0
mkd,2002,29513.0
mkd,2003,28206.0
mkd,2004,27208.0
mkd,2005,26480.0
mkd,2006,25316.0
mkd,2007,24010.0
mkd,2009,23223.0
mkd,2010,23084.0
mkd,2012,21583.0
mli,1971,57368.0
mli,1972,60415.0
mli,1973,57652.0
mli,1974,62141.0
mli,1975,61692.0
mli,1976,65597.0
mli,1977,63665.0
mli,1978,71357.0
mli,1979,66405.0
mli,1980,72071.0
mli,1981,64623.0
mli,1982,68175.0
mli,1983,72525.0
mli,1984,74809.0
mli,1985,71215.0
mli,1986,72589.0
mli,1987,75803.0
mli,1988,80069.0
mli,1999,192444.0
mli,2000,204012.0
mli,2001,231574.0
mli,2002,262070.0
mli,2003,269647.0
mli,2004,290347.0
mli,2005,304585.0
mli,2006,337802.0
mli,2007,350114.0
mli,2008,376507.0
mli,2009,379316.0
mli,2010,392240.0
mli,2011,410951.0
mli,2012,381130.0
mli,2013,357754.0
mli,2014,388125.0
mlt,1971,5052.0
mlt,1972,5470.0
mlt,1973,5595.0
mlt,1974,5456.0
mlt,1975,4862.0
mlt,1976,5941.0
mlt,1977,5146.0
mlt,1978,5429.0
mlt,1979,5553.0
mlt,1980,5407.0
mlt,1981,5633.0
mlt,1982,5787.0
mlt,1983,5674.0
mlt,1984,5839.0
mlt,1985,5886.0
mlt,1986,5716.0
mlt,1987,5665.0
mlt,1988,5957.0
mlt,1989,5910.0
mlt,1990,5907.0
mlt,1991,5720.0
mlt,1992,5669.0
mlt,1993,5712.0
mlt,1994,5869.0
mlt,1995,5902.0
mlt,1996,5775.0
mlt,1997,5833.0
mlt,1999,5417.0
mlt,2000,5224.0
mlt,2001,5126.0
mlt,2002,4988.0
mlt,2003,4840.0
mlt,2004,4644.0
mlt,2005,4410.0
mlt,2006,4402.0
mlt,2007,4097.0
mlt,2008,3981.0
mlt,2009,3815.0
mlt,2010,3949.0
mlt,2011,3926.0
mlt,2012,3890.0
mlt,2013,3941.0
mlt,2014,4296.0
mmr,1971,1184229.0
mmr,1972,1155595.0
mmr,1973,971090.0
mmr,1974,1208918.0
mmr,1976,1300611.0
mmr,1977,1323385.0
mmr,1978,1383613.0
mmr,1999,1260476.0
mmr,2000,1231754.0
mmr,2001,1272885.0
mmr,2002,1274585.0
mmr,2003,1304373.0
mmr,2004,1207440.0
mmr,2005,1174288.0
mmr,2006,1181768.0
mmr,2007,1214460.0
mmr,2008,1237295.0
mmr,2009,1232701.0
mmr,2010,1203093.0
mmr,2014,1207872.0
mna,1970,3266471.25
mna,1971,3359282.25
mna,1972,3442201.0
mna,1973,3586787.25
mna,1974,3551307.5
mna,1975,3978710.0
mna,1976,4223008.5
mna,1977,4368792.0
mna,1978,4446759.0
mna,1979,4828836.5
mna,1980,4741951.0
mna,1981,4791887.0
mna,1982,5011612.0
mna,1983,5350181.0
mna,1984,5590573.5
mna,1985,5652894.5
mna,1986,6111189.5
mna,1987,6267310.0
mna,1988,6415600.5
mna,1989,6563751.0
mna,1990,6749098.0
mna,1991,6988714.5
mna,1992,7141508.5
mna,1993,7097050.5
mna,1994,7094292.0
mna,1995,7046063.0
mna,1996,7115945.0
mna,1997,7152095.0
mna,1998,7200717.0
mna,1999,7328198.5
mna,2000,7305438.0
mna,2001,7212170.5
mna,2002,7294896.5
mna,2003,7205475.0
mna,2004,7122517.0
mna,2005,7206471.0
mna,2006,7219739.0
mna,2007,7326223.5
mna,2008,7320020.5
mna,2009,7415789.0
mna,2010,7492011.0
mna,2011,7627298.5
mna,2012,7779887.5
mna,2013,7870541.5
mna,2014,8065259.5
mne,2001,8905.0
mne,2002,9104.0
mne,2003,9657.0
mne,2004,9094.0
mne,2005,10370.0
mne,2006,10439.0
mne,2007,10005.0
mne,2008,9629.0
mne,2009,8183.0
mne,2010,7832.0
mne,2011,7355.0
mne,2012,7369.0
mne,2015,7891.0
mng,1971,41050.0
mng,1976,45526.0
mng,1978,48317.0
mng,1979,48713.0
mng,1980,49263.0
mng,1981,51200.0
mng,1982,51400.0
mng,1983,52900.0
mng,1984,52500.0
mng,1985,52900.0
mng,1987,55148.0
mng,1995,64762.0
mng,1996,66176.0
mng,1997,66650.0
mng,1999,70878.0
mng,2000,67764.0
mng,2001,62771.0
mng,2002,59068.0
mng,2003,65156.0
mng,2004,62047.0
mng,2014,55972.0
moz,1973,315059.0
moz,1982,562224.0
moz,1983,478082.0
moz,1984,501409.0
moz,1985,492913.0
moz,1986,478106.0
moz,1987,437387.0
moz,1988,391374.0
moz,1989,409821.0
moz,1990,421823.0
moz,1991,376435.0
moz,1992,371321.0
moz,1993,407247.0
moz,1994,439087.0
moz,1995,483361.0
moz,1999,719045.0
moz,2000,786300.0
moz,2001,861618.0
moz,2002,852613.0
moz,2004,987850.0
moz,2005,975933.0
moz,2006,963747.0
moz,2007,1083124.0
moz,2008,1131559.0
moz,2009,1162247.0
moz,2010,1233977.0
moz,2011,1234420.0
moz,2012,1269025.0
moz,2013,1323903.0
moz,2014,1347420.0
mrt,1971,6210.0
mrt,1972,7420.0
mrt,1973,8800.0
mrt,1974,9058.0
mrt,1975,7710.0
mrt,1976,13082.0
mrt,1977,15674.0
mrt,1978,15417.0
mrt,1979,16422.0
mrt,1980,15415.0
mrt,1981,18147.0
mrt,1983,23290.0
mrt,1985,23529.0
mrt,1986,28509.0
mrt,1987,28086.0
mrt,1988,29424.0
mrt,1989,31536.0
mrt,1990,31299.0
mrt,1991,38072.0
mrt,1992,49554.0
mrt,1993,63510.0
mrt,1994,67023.0
mrt,1995,66529.0
mrt,1996,72433.0
mrt,1997,74094.0
mrt,1999,78794.0
mrt,2001,83547.0
mrt,2002,99087.0
mrt,2003,97086.0
mrt,2004,103412.0
mrt,2005,107333.0
mrt,2006,112087.0
mrt,2007,97662.0
mrt,2008,102740.0
mrt,2009,99682.0
mrt,2010,97225.0
mrt,2011,101840.0
mrt,2012,109443.0
mrt,2013,111896.0
mrt,2014,123877.0
mus,1970,25385.0
mus,1971,23981.0
mus,1972,24752.0
mus,1973,21992.0
mus,1974,22580.0
mus,1975,20827.0
mus,1976,20598.0
mus,1977,19677.0
mus,1978,19724.0
mus,1979,19323.0
mus,1980,22082.0
mus,1981,29140.0
mus,1982,22358.0
mus,1983,22916.0
mus,1984,14729.0
mus,1985,24690.0
mus,1986,24424.0
mus,1987,23223.0
mus,1988,21238.0
mus,1989,20013.0
mus,1990,19446.0
mus,1991,18430.0
mus,1992,18275.0
mus,1993,19314.0
mus,1994,20168.0
mus,1995,21000.0
mus,1996,21758.0
mus,1997,21672.0
mus,1999,21516.0
mus,2000,21227.0
mus,2001,20090.0
mus,2002,20021.0
mus,2003,19208.0
mus,2004,18715.0
mus,2005,19525.0
mus,2006,19437.0
mus,2007,18831.0
mus,2008,19048.0
mus,2009,18613.0
mus,2010,18430.0
mus,2011,18112.0
mus,2012,16967.0
mus,2013,16786.0
mus,2014,15923.0
mwi,1971,98158.0
mwi,1972,131669.0
mwi,1973,148940.0
mwi,1974,171989.0
mwi,1975,190286.0
mwi,1976,188424.0
mwi,1977,180980.0
mwi,1978,180524.0
mwi,1979,201745.0
mwi,1980,232975.0
mwi,1981,234814.0
mwi,1982,262677.0
mwi,1983,236476.0
mwi,1984,204200.0
mwi,1985,238584.0
mwi,1986,250741.0
mwi,1987,265990.0
mwi,1988,285075.0
mwi,1989,346743.0
mwi,1990,376651.0
mwi,1991,380159.0
mwi,1992,533553.0
mwi,1993,558247.0
mwi,1994,631948.0
mwi,1995,1006194.0
mwi,1996,881425.0
mwi,1999,751002.0
mwi,2000,804312.0
mwi,2001,851794.0
mwi,2002,806294.0
mwi,2004,873066.0
mwi,2005,863764.0
mwi,2006,886520.0
mwi,2007,846934.0
mwi,2008,880407.0
mwi,2009,874141.0
mwi,2010,905162.0
mwi,2011,935452.0
mwi,2012,960117.0
mwi,2013,1035401.0
mwi,2014,1051942.0
mys,1974,330266.0
mys,1980,350144.0
mys,1981,359497.0
mys,1982,365793.0
mys,1983,376464.0
mys,1984,377561.0
mys,1985,383169.0
mys,1987,411218.0
mys,1988,430522.0
mys,1989,438741.0
mys,1990,438239.0
mys,1991,463877.0
mys,1992,484538.0
mys,1993,482673.0
mys,1994,476036.0
mys,1999,509009.0
mys,2000,533577.0
mys,2001,531091.0
mys,2002,525296.0
mys,2003,524535.0
mys,2004,536886.0
mys,2005,520269.0
mys,2006,521714.0
mys,2007,540079.0
mys,2008,506824.0
mys,2009,508529.0
mys,2010,504187.0
mys,2011,509555.0
mys,2012,511199.0
mys,2013,521756.0
mys,2014,517950.0
nac,1970,4364940.0
nac,1971,4299282.5
nac,1972,4133056.5
nac,1973,3941334.25
nac,1974,3761732.25
nac,1975,3706782.0
nac,1976,3802465.0
nac,1977,3901424.0
nac,1978,3834062.0
nac,1979,3542786.0
nac,1980,3682227.0
nac,1981,3600297.0
nac,1982,3730289.0
nac,1983,3854107.0
nac,1984,3874572.0
nac,1985,3934436.0
nac,1986,4044260.5
nac,1987,4184405.0
nac,1988,4281398.0
nac,1989,4382009.0
nac,1990,4482939.0
nac,1991,4425822.0
nac,1992,4376124.0
nac,1993,4305807.5
nac,1994,4389701.5
nac,1995,4591883.0
nac,1996,4676953.0
nac,1997,4718898.5
nac,1998,4763756.0
nac,1999,4738638.5
nac,2000,4670589.5
nac,2001,4596259.0
nac,2002,4518987.0
nac,2003,4505477.0
nac,2004,4466032.0
nac,2005,4496035.0
nac,2006,4493759.0
nac,2007,4548552.5
nac,2008,4698471.5
nac,2009,4490099.0
nac,2010,4494974.0
nac,2011,4493188.0
nac,2012,4496444.0
nac,2013,4519168.5
nac,2014,4613865.5
nam,1986,68895.0
nam,1987,69902.0
nam,1988,67809.0
nam,1989,69009.0
nam,1990,75056.0
nam,1991,88693.0
nam,1992,86226.0
nam,1993,80442.0
nam,1994,78748.0
nam,1995,65258.0
nam,1996,57377.0
nam,1997,59651.0
nam,1999,63103.0
nam,2000,64805.0
nam,2001,66736.0
nam,2002,68165.0
nam,2003,68298.0
nam,2004,63265.0
nam,2005,66210.0
nam,2006,65993.0
nam,2007,68847.0
nam,2008,66809.0
nam,2009,65276.0
nam,2010,65386.0
nam,2012,71074.0
nam,2013,74886.0
ncl,1970,5287.0
ncl,1971,5677.0
ncl,1972,5422.0
ncl,1973,5484.0
ncl,1974,5484.0
ncl,1975,5325.0
ncl,1976,5351.0
ncl,1977,5469.0
ncl,1978,5484.0
ncl,1979,5442.0
ncl,1981,5207.0
ncl,1982,5020.0
ncl,1983,4536.0
ncl,1984,4552.0
ncl,1985,4330.0
ncl,1986,4499.0
ncl,1987,4712.0
ncl,1988,4928.0
ncl,1989,4951.0
ncl,1990,4756.0
ncl,1991,4685.0
ner,1971,21827.0
ner,1972,23152.0
ner,1973,24918.0
ner,1974,29754.0
ner,1975,30204.0
ner,1976,40820.0
ner,1977,37873.0
ner,1978,37922.0
ner,1979,36503.0
ner,1980,44406.0
ner,1981,47505.0
ner,1982,42293.0
ner,1983,40809.0
ner,1984,39937.0
ner,1985,45584.0
ner,1986,52642.0
ner,1987,60066.0
ner,1988,61192.0
ner,1989,66448.0
ner,1990,65989.0
ner,1991,66489.0
ner,1992,66810.0
ner,1993,72038.0
ner,1995,81190.0
ner,1996,90531.0
ner,1997,93962.0
ner,1999,134469.0
ner,2000,147602.0
ner,2001,160295.0
ner,2002,205928.0
ner,2003,217749.0
ner,2004,242273.0
ner,2005,249671.0
ner,2006,279683.0
ner,2007,279602.0
ner,2008,342882.0
ner,2009,411510.0
ner,2010,464055.0
ner,2011,470559.0
ner,2012,475878.0
ner,2013,497668.0
ner,2014,510864.0
nga,1970,1029822.0
nga,1971,1079594.0
nga,1972,1171487.0
nga,1973,1171950.0
nga,1982,2971696.0
nga,1983,2966426.0
nga,1984,3008423.0
nga,1985,2976480.0
nga,1986,2730281.0
nga,1987,2762509.0
nga,1988,2926973.0
nga,1989,2941890.0
nga,1990,3077149.0
nga,1991,3064348.0
nga,1992,3073648.0
nga,1993,3273809.0
nga,1994,3281333.0
nga,1999,3714493.0
nga,2000,4079975.0
nga,2001,4417499.0
nga,2002,4559619.0
nga,2004,4436086.0
nga,2005,4451794.0
nga,2006,4469939.0
nga,2007,4313195.0
nga,2008,3881288.0
nga,2009,4168379.0
nga,2010,4151599.0
nic,1970,109928.0
nic,1971,113390.0
nic,1972,115153.0
nic,1973,119039.0
nic,1974,123057.0
nic,1975,128402.0
nic,1976,131732.0
nic,1977,130755.0
nic,1978,132493.0
nic,1979,172267.0
nic,1980,203669.0
nic,1982,213500.0
nic,1983,202290.0
nic,1984,173594.0
nic,1985,181301.0
nic,1986,198809.0
nic,1987,208442.0
nic,1988,214760.0
nic,1989,215931.0
nic,1990,225273.0
nic,1991,235600.0
nic,1992,239069.0
nic,1993,227464.0
nic,1994,223267.0
nic,1995,223575.0
nic,1996,217471.0
nic,1998,217684.0
nic,1999,219597.0
nic,2000,223288.0
nic,2001,231304.0
nic,2002,246269.0
nic,2003,241791.0
nic,2004,242914.0
nic,2005,247512.0
nic,2006,272270.0
nic,2007,260334.0
nic,2008,252931.0
nic,2010,221388.0
nld,1971,262099.0
nld,1972,258602.0
nld,1973,253179.0
nld,1974,251160.0
nld,1975,249391.0
nld,1976,258911.0
nld,1977,255219.0
nld,1978,244997.0
nld,1979,231871.0
nld,1980,213755.0
nld,1981,199114.0
nld,1982,191154.0
nld,1983,183444.0
nld,1984,181063.0
nld,1985,185588.0
nld,1999,198771.0
nld,2000,197074.0
nld,2001,197060.0
nld,2002,195002.0
nld,2003,193515.0
nld,2004,196794.0
nld,2005,198861.0
nld,2006,202184.0
nld,2007,203870.0
nld,2008,201953.0
nld,2009,199815.0
nld,2010,198589.0
nld,2011,192397.0
nld,2012,186775.0
nor,1971,63030.0
nor,1972,65066.0
nor,1973,66277.0
nor,1974,66928.0
nor,1975,66502.0
nor,1976,67201.0
nor,1977,67737.0
nor,1978,64670.0
nor,1979,65480.0
nor,1980,64358.0
nor,1981,61485.0
nor,1982,60049.0
nor,1984,53587.0
nor,1985,51289.0
nor,1986,52086.0
nor,1987,51932.0
nor,1988,51529.0
nor,1989,51382.0
nor,1990,51635.0
nor,1991,50448.0
nor,1992,50822.0
nor,1993,51459.0
nor,1994,52841.0
nor,1995,54513.0
nor,1996,57885.0
nor,1997,59875.0
nor,1999,61252.0
nor,2000,60536.0
nor,2001,60930.0
nor,2002,61231.0
nor,2003,62142.0
nor,2004,60902.0
nor,2005,59303.0
nor,2006,60312.0
nor,2007,60413.0
nor,2008,58366.0
nor,2009,57586.0
nor,2010,59137.0
nor,2011,59976.0
nor,2012,59997.0
nor,2013,61946.0
nor,2014,61853.0
npl,1974,276648.0
npl,1975,307517.0
npl,1976,394941.0
npl,1977,453886.0
npl,1978,504557.0
npl,1979,579493.0
npl,1980,587011.0
npl,1982,639611.0
npl,1983,696273.0
npl,1984,729228.0
npl,1988,906190.0
npl,1991,1239578.0
npl,1992,1266187.0
npl,1999,1389387.0
npl,2000,1512023.0
npl,2001,1319368.0
npl,2002,1333055.0
npl,2003,1288098.0
npl,2004,1319904.0
npl,2005,1361731.0
npl,2006,1560108.0
npl,2007,1434635.0
npl,2008,1334195.0
npl,2010,1472015.0
npl,2011,1472744.0
npl,2012,1348680.0
npl,2013,1276240.0
npl,2014,1171916.0
npl,2015,1136433.0
nru,1972,232.0
nru,1973,266.0
nru,1974,211.0
nru,1985,249.0
nru,2001,326.0
nru,2002,267.0
nru,2006,227.0
nru,2007,178.0
nru,2012,221.0
nru,2014,309.0
nzl,1980,56999.0
nzl,1981,53798.0
nzl,1982,54453.0
nzl,1983,52276.0
nzl,1984,52676.0
nzl,1985,52476.0
nzl,1986,52090.0
nzl,1987,50975.0
nzl,1988,51575.0
nzl,1989,51863.0
nzl,1990,52966.0
nzl,1991,53206.0
nzl,1992,53404.0
nzl,1993,56789.0
nzl,1994,57729.0
nzl,1995,62265.0
nzl,1996,64035.0
nzl,1997,63436.0
nzl,1999,59010.0
nzl,2000,59313.0
nzl,2001,57712.0
nzl,2002,57471.0
nzl,2003,59492.0
nzl,2004,57398.0
nzl,2005,59305.0
nzl,2006,58040.0
nzl,2007,56333.0
nzl,2008,57149.0
nzl,2009,58033.0
nzl,2010,58097.0
nzl,2011,59854.0
nzl,2012,61378.0
nzl,2013,64208.0
nzl,2014,62435.0
oed,1970,19818700.0
oed,1971,19908630.0
oed,1972,19681022.0
oed,1973,19324946.0
oed,1974,18847440.0
oed,1975,18913546.0
oed,1976,19012166.0
oed,1977,19054958.0
oed,1978,18955834.0
oed,1979,18973746.0
oed,1980,18931916.0
oed,1981,18685888.0
oed,1982,18546018.0
oed,1983,18365850.0
oed,1984,18232662.0
oed,1985,17839968.0
oed,1986,17780008.0
oed,1987,17977760.0
oed,1988,18004648.0
oed,1989,17891054.0
oed,1990,17875256.0
oed,1991,17626352.0
oed,1992,17342656.0
oed,1993,17186188.0
oed,1994,16930972.0
oed,1995,17171776.0
oed,1996,17175444.0
oed,1997,17211686.0
oed,1998,17172214.0
oed,1999,17095992.0
oed,2000,16814920.0
oed,2001,16565640.0
oed,2002,16347395.0
oed,2003,16124513.0
oed,2004,16094135.0
oed,2005,16005873.0
oed,2006,15965317.0
oed,2007,16160378.0
oed,2008,16209434.0
oed,2009,15800449.0
oed,2010,15777870.0
oed,2011,15696233.0
oed,2012,15676563.0
oed,2013,15699529.0
oed,2014,15836540.0
omn,1971,2289.0
omn,1972,10110.0
omn,1973,10994.0
omn,1974,12936.0
omn,1975,17967.0
omn,1976,12654.0
omn,1977,14995.0
omn,1978,18183.0
omn,1979,18883.0
omn,1981,21389.0
omn,1982,22773.0
omn,1983,28886.0
omn,1984,34455.0
omn,1985,38682.0
omn,1986,40493.0
omn,1987,42052.0
omn,1988,42471.0
omn,1989,45116.0
omn,1990,47778.0
omn,1991,50462.0
omn,1992,53895.0
omn,1993,53293.0
omn,1994,54146.0
omn,1995,51825.0
omn,1996,52413.0
omn,1997,54442.0
omn,1999,56270.0
omn,2000,55884.0
omn,2001,54129.0
omn,2002,52281.0
omn,2003,48702.0
omn,2009,51068.0
omn,2011,52605.0
omn,2012,54674.0
omn,2013,54657.0
omn,2014,58443.0
pak,2001,4180305.0
pak,2003,4317968.0
pak,2004,4422157.0
pak,2005,4780417.0
pak,2006,4535751.0
pak,2007,4845113.0
pak,2008,4923765.0
pak,2009,4817582.0
pak,2010,4849533.0
pak,2011,4553496.0
pak,2012,4593167.0
pak,2013,4647756.0
pak,2014,5071123.0
pan,1970,64603.0
pan,1971,81125.0
pan,1972,74291.0
pan,1973,71613.0
pan,1974,71928.0
pan,1975,70576.0
pan,1976,69368.0
pan,1977,70579.0
pan,1978,73996.0
pan,1979,69639.0
pan,1980,72137.0
pan,1981,70598.0
pan,1982,71120.0
pan,1983,70708.0
pan,1984,72523.0
pan,1985,72420.0
pan,1986,72469.0
pan,1987,72876.0
pan,1988,75174.0
pan,1989,76006.0
pan,1990,66089.0
pan,1999,77259.0
pan,2000,77811.0
pan,2001,82361.0
pan,2002,85396.0
pan,2004,85928.0
pan,2005,81152.0
pan,2006,85294.0
pan,2007,85138.0
pan,2008,80371.0
pan,2009,77903.0
pan,2010,77370.0
pan,2011,76199.0
pan,2012,74899.0
pan,2013,75558.0
per,1970,659032.0
per,1971,670400.0
per,1972,685066.0
per,1973,717070.0
per,1974,718044.0
per,1975,688885.0
per,1976,671739.0
per,1977,661803.0
per,1978,708624.0
per,1979,747469.0
per,1980,800786.0
per,1981,833821.0
per,1982,875036.0
per,1985,952121.0
per,1988,905188.0
per,1992,893840.0
per,1993,917485.0
per,1995,970972.0
per,1999,772880.0
per,2000,753105.0
per,2001,755396.0
per,2002,734903.0
per,2003,705333.0
per,2004,677624.0
per,2005,672771.0
per,2006,650670.0
per,2007,639004.0
per,2008,613090.0
per,2009,619781.0
per,2010,633211.0
per,2011,621589.0
per,2012,538735.0
per,2013,545361.0
per,2014,549966.0
phl,1971,1607998.0
phl,1972,1577511.0
phl,1973,1546325.0
phl,1974,1596237.0
phl,1975,1592856.0
phl,1976,1591952.0
phl,1977,1667708.0
phl,1978,1714284.0
phl,1979,1797626.0
phl,1980,1835317.0
phl,1981,1805859.0
phl,1982,1814422.0
phl,1983,1835966.0
phl,1984,1895178.0
phl,1985,1918597.0
phl,1986,1971136.0
phl,1987,1942475.0
phl,1988,2164362.0
phl,1989,2218766.0
phl,1990,2233316.0
phl,1991,2215647.0
phl,1992,2203316.0
phl,1993,2263588.0
phl,1994,2270541.0
phl,1995,2420526.0
phl,1996,2867066.0
phl,1997,2702346.0
phl,1999,2663919.0
phl,2001,2638886.0
phl,2002,2714701.0
phl,2003,2762992.0
phl,2004,2747018.0
phl,2005,2778892.0
phl,2006,2703058.0
phl,2007,2800383.0
phl,2008,2907459.0
phl,2009,2977577.0
phl,2013,2623425.0
plw,2000,404.0
plw,2003,402.0
plw,2004,346.0
plw,2005,341.0
plw,2006,294.0
plw,2007,283.0
plw,2013,268.0
plw,2014,280.0
png,1970,44298.0
png,1971,41815.0
png,1972,39877.0
png,1973,47970.0
png,1974,45145.0
png,1975,51912.0
png,1976,52462.0
png,1977,59831.0
png,1978,54438.0
png,1979,64053.0
png,1981,68833.0
png,1982,68875.0
png,1984,78833.0
png,1986,83398.0
png,1987,86052.0
png,1988,91882.0
png,1989,101572.0
png,1990,99512.0
png,1991,101211.0
png,1992,102604.0
png,1993,113898.0
png,1994,115549.0
png,1995,118439.0
png,1996,124861.0
png,1997,129864.0
png,2001,76868.0
png,2002,70942.0
png,2003,53843.0
png,2004,51754.0
png,2005,53396.0
png,2006,53396.0
pol,1971,563651.0
pol,1972,547129.0
pol,1973,535304.0
pol,1974,517874.0
pol,1975,499549.0
pol,1976,504396.0
pol,1977,511924.0
pol,1978,531510.0
pol,1979,543439.0
pol,1980,561869.0
pol,1981,585513.0
pol,1982,611622.0
pol,1983,635932.0
pol,1984,656427.0
pol,1985,652887.0
pol,1986,656515.0
pol,1987,674288.0
pol,1988,676666.0
pol,1989,659266.0
pol,1990,680879.0
pol,1991,697060.0
pol,1992,675267.0
pol,1993,658365.0
pol,1994,619247.0
pol,1995,583766.0
pol,1996,571745.0
pol,1997,567303.0
pol,1999,542132.0
pol,2000,510228.0
pol,2001,486995.0
pol,2002,466318.0
pol,2003,437392.0
pol,2004,425265.0
pol,2005,407108.0
pol,2006,389538.0
pol,2007,376017.0
pol,2008,369839.0
pol,2009,359439.0
pol,2010,359023.0
pol,2011,360108.0
pol,2013,351779.0
pri,1971,76809.0
pri,1972,76282.0
pri,1973,75510.0
pri,1974,72896.0
pri,1975,68292.0
pri,1976,63870.0
pri,1977,66461.0
pri,1982,65834.0
pri,2009,50217.0
pri,2010,48205.0
pri,2011,46747.0
pri,2012,46714.0
pri,2013,44104.0
prk,2009,398088.0
prt,1971,279282.0
prt,1972,279569.0
prt,1973,274404.0
prt,1974,273261.0
prt,1975,265987.0
prt,1976,193607.0
prt,1993,125133.0
prt,1994,122479.0
prt,2004,116647.0
prt,2005,115921.0
prt,2006,118803.0
prt,2007,121838.0
prt,2008,115764.0
prt,2009,113756.0
prt,2010,112256.0
prt,2011,107914.0
prt,2012,107885.0
pry,1970,125052.0
pry,1971,126034.0
pry,1972,125983.0
pry,1973,126077.0
pry,1974,124724.0
pry,1975,121736.0
pry,1976,128537.0
pry,1977,129251.0
pry,1978,132476.0
pry,1980,133810.0
pry,1981,133018.0
pry,1982,134421.0
pry,1983,129929.0
pry,1984,133435.0
pry,1985,137733.0
pry,1986,141793.0
pry,1987,151134.0
pry,1988,157224.0
pry,1989,162815.0
pry,1990,165679.0
pry,1991,168770.0
pry,1992,165177.0
pry,1993,190862.0
pry,1994,197622.0
pry,1995,197910.0
pry,1996,201450.0
pry,1997,201677.0
pry,1999,206563.0
pry,2000,204146.0
pry,2001,196706.0
pry,2002,188374.0
pry,2003,188331.0
pry,2004,187399.0
pry,2005,177250.0
pry,2006,165332.0
pry,2007,155749.0
pry,2008,154550.0
pry,2009,156974.0
pry,2010,151652.0
pry,2011,149287.0
pry,2012,143312.0
pse,1995,79438.0
pse,1996,84628.0
pse,1997,89944.0
pse,1999,96576.0
pse,2000,104090.0
pse,2001,101746.0
pse,2002,101461.0
pse,2003,97163.0
pse,2004,93305.0
pse,2005,95300.0
pse,2006,95379.0
pse,2007,99642.0
pse,2008,98280.0
pse,2009,100269.0
pse,2010,102953.0
pse,2011,108471.0
pse,2012,109935.0
pse,2013,109872.0
pse,2014,114334.0
pyf,1972,5567.0
pyf,1973,5681.0
pyf,1974,5969.0
pyf,1975,6182.0
pyf,1976,6010.0
pyf,1977,5896.0
pyf,1978,5876.0
pyf,1979,5835.0
pyf,1980,5804.0
pyf,1982,5698.0
pyf,1983,5031.0
pyf,1984,5452.0
pyf,1985,5379.0
pyf,1988,5916.0
pyf,1989,5983.0
pyf,1990,6131.0
pyf,1991,6294.0
pyf,1993,6244.0
pyf,1995,6492.0
pyf,1996,5993.0
qat,1971,3175.0
qat,1972,3686.0
qat,1973,4098.0
qat,1974,4075.0
qat,1975,4187.0
qat,1976,4383.0
qat,1977,4689.0
qat,1978,4458.0
qat,1979,4738.0
qat,1980,4809.0
qat,1981,4778.0
qat,1982,5032.0
qat,1983,5326.0
qat,1984,5255.0
qat,1985,5608.0
qat,1986,5821.0
qat,1987,5995.0
qat,1988,6502.0
qat,1989,6690.0
qat,1990,6383.0
qat,1992,5802.0
qat,1993,5954.0
qat,1994,5931.0
qat,1995,6032.0
qat,1996,6162.0
qat,1999,11312.0
qat,2000,11326.0
qat,2001,11406.0
qat,2002,11690.0
qat,2003,12109.0
qat,2004,11830.0
qat,2005,12738.0
qat,2006,12921.0
qat,2007,13976.0
qat,2008,14647.0
qat,2009,15939.0
qat,2010,16493.0
qat,2011,17976.0
qat,2012,18804.0
qat,2013,19585.0
qat,2014,22472.0
rou,1971,364838.0
rou,1972,311352.0
rou,1973,292226.0
rou,1974,399638.0
rou,1989,350434.0
rou,1990,324198.0
rou,1991,279120.0
rou,1992,334062.0
rou,1993,339801.0
rou,1994,362167.0
rou,1995,376302.0
rou,1996,373895.0
rou,1997,359700.0
rou,1999,287438.0
rou,2000,273062.0
rou,2001,260286.0
rou,2002,259185.0
rou,2003,248019.0
rou,2004,287552.0
rou,2005,227850.0
rou,2006,226324.0
rou,2007,220489.0
rou,2008,221185.0
rou,2009,212022.0
rou,2010,203895.0
rou,2011,203926.0
rou,2012,206055.0
rus,1994,2471000.0
rus,1995,2515000.0
rus,1999,1906592.0
rus,2000,1689800.0
rus,2001,1538355.0
rus,2002,1512747.0
rus,2003,1417226.0
rus,2005,1293046.0
rus,2006,1299360.0
rus,2007,1254616.0
rus,2008,1283510.0
rus,2009,1330598.0
rus,2011,1452222.0
rus,2012,1476503.0
rus,2013,1453344.0
rus,2014,1480653.0
rwa,1971,120642.0
rwa,1972,101254.0
rwa,1973,101861.0
rwa,1974,105090.0
rwa,1975,95497.0
rwa,1976,114269.0
rwa,1977,132338.0
rwa,1978,139046.0
rwa,1979,149062.0
rwa,1980,146474.0
rwa,1981,148064.0
rwa,1982,160270.0
rwa,1983,160610.0
rwa,1984,166149.0
rwa,1985,176280.0
rwa,1986,202072.0
rwa,1987,223875.0
rwa,1988,229141.0
rwa,1989,233806.0
rwa,1990,235107.0
rwa,1991,253599.0
rwa,1992,278937.0
rwa,1999,430675.0
rwa,2000,527296.0
rwa,2001,494614.0
rwa,2002,495354.0
rwa,2003,499625.0
rwa,2004,565310.0
rwa,2006,628749.0
rwa,2007,662384.0
rwa,2008,680117.0
rwa,2009,649092.0
rwa,2010,642825.0
rwa,2011,662358.0
rwa,2012,672955.0
rwa,2013,664161.0
sas,1970,24793390.0
sas,1971,25593618.0
sas,1972,26481746.0
sas,1973,28240622.0
sas,1974,27701952.0
sas,1975,28169244.0
sas,1976,28543536.0
sas,1977,29397540.0
sas,1978,27869558.0
sas,1979,28471322.0
sas,1980,28656794.0
sas,1981,29951136.0
sas,1982,29692336.0
sas,1983,32901904.0
sas,1984,33698396.0
sas,1985,33991408.0
sas,1986,34494036.0
sas,1987,32101490.0
sas,1988,32872712.0
sas,1989,33604080.0
sas,1990,34963648.0
sas,1991,36136468.0
sas,1992,37244268.0
sas,1993,38264196.0
sas,1994,38686504.0
sas,1995,39147644.0
sas,1996,39734292.0
sas,1997,40457060.0
sas,1998,41109364.0
sas,1999,41703152.0
sas,2000,42251100.0
sas,2001,41718704.0
sas,2002,41229340.0
sas,2003,44039864.0
sas,2004,44567796.0
sas,2005,44865840.0
sas,2006,44909732.0
sas,2007,44681480.0
sas,2008,44578508.0
sas,2009,41976804.0
sas,2010,43468232.0
sas,2011,42605724.0
sas,2012,41297724.0
sas,2013,39954312.0
sas,2014,40133328.0
sau,1979,187567.0
sau,2005,559883.0
sau,2007,577985.0
sau,2008,586161.0
sau,2009,620275.0
sau,2010,604153.0
sau,2011,595593.0
sau,2012,610424.0
sau,2013,643831.0
sau,2014,669205.0
sdn,2001,553346.0
sdn,2002,577188.0
sdn,2003,595201.0
sdn,2004,615841.0
sdn,2005,641610.0
sdn,2006,745552.0
sdn,2007,777264.0
sdn,2008,849037.0
sdn,2009,785777.0
sdn,2010,762667.0
sdn,2011,796576.0
sdn,2012,826944.0
sdn,2013,850466.0
sen,1971,52728.0
sen,1972,55523.0
sen,1973,64639.0
sen,1978,71151.0
sen,1979,75679.0
sen,1980,80456.0
sen,1981,85434.0
sen,1982,94659.0
sen,1983,109204.0
sen,1984,113135.0
sen,1985,113369.0
sen,1986,102664.0
sen,1987,110881.0
sen,1988,121390.0
sen,1989,116675.0
sen,1990,128738.0
sen,1991,139013.0
sen,1992,137398.0
sen,1993,144801.0
sen,1994,154150.0
sen,1995,164239.0
sen,1996,205622.0
sen,1997,219331.0
sen,1998,215979.0
sen,1999,216017.0
sen,2000,267835.0
sen,2001,252538.0
sen,2002,266688.0
sen,2003,294063.0
sen,2004,311946.0
sen,2005,316309.0
sen,2006,329320.0
sen,2007,347654.0
sen,2008,351079.0
sen,2009,356785.0
sen,2010,369206.0
sen,2011,377754.0
sen,2012,389189.0
sen,2014,410203.0
sgp,1970,55625.0
sgp,1971,54219.0
sgp,1972,52161.0
sgp,1973,51084.0
sgp,1974,47471.0
sgp,1975,44463.0
sgp,1976,42706.0
sgp,1977,47345.0
sgp,1978,47409.0
sgp,1979,49378.0
sgp,1980,46391.0
sgp,1981,42606.0
sgp,1982,39606.0
sgp,1983,43208.0
sgp,1984,38713.0
sgp,1985,39413.0
sgp,1986,40159.0
sgp,1987,40218.0
sgp,1988,41147.0
sgp,1989,41396.0
sgp,1990,39332.0
sgp,1991,40495.0
sgp,1992,41628.0
sgp,1993,38063.0
sgp,1994,43690.0
sgp,1995,53123.0
sgp,2007,50620.0
sgp,2008,46640.0
sgp,2009,46461.0
slb,1971,5357.0
slb,1972,5259.0
slb,1973,5025.0
slb,1974,5128.0
slb,1975,5928.0
slb,1976,5569.0
slb,1977,5168.0
slb,1978,5263.0
slb,1979,5110.0
slb,1980,6772.0
slb,1981,6730.0
slb,1982,7240.0
slb,1983,8996.0
slb,1984,8777.0
slb,1986,8719.0
slb,1990,9260.0
slb,1991,10421.0
slb,1992,11956.0
slb,1993,12843.0
slb,1994,12814.0
slb,1995,13473.0
slb,1996,13475.0
slb,1997,13666.0
slb,1999,11524.0
slb,2000,11394.0
slb,2002,13796.0
slb,2005,16134.0
slb,2006,17300.0
slb,2007,17560.0
slb,2010,19736.0
slb,2011,19748.0
slb,2012,19654.0
slb,2013,20696.0
slb,2014,20497.0
sle,1971,38164.0
sle,1972,40917.0
sle,1974,48102.0
sle,1975,51105.0
sle,1976,53591.0
sle,1977,56494.0
sle,1978,58923.0
sle,1982,72190.0
sle,1983,73799.0
sle,2000,98923.0
sle,2001,123802.0
sle,2011,253188.0
sle,2012,345564.0
sle,2013,353313.0
slv,1970,174635.0
slv,1971,181931.0
slv,1972,176879.0
slv,1973,189381.0
slv,1974,201346.0
slv,1975,210480.0
slv,1976,216844.0
slv,1977,222633.0
slv,1978,229303.0
slv,1979,229649.0
slv,1980,202877.0
slv,1981,192232.0
slv,1982,223433.0
slv,1983,229212.0
slv,1984,229428.0
slv,1987,236348.0
slv,1988,239372.0
slv,1989,236742.0
slv,1991,217366.0
slv,1992,227992.0
slv,1993,220353.0
slv,1995,210576.0
slv,1996,237939.0
slv,1997,234496.0
slv,2000,236844.0
slv,2001,233224.0
slv,2002,242447.0
slv,2003,241121.0
slv,2005,231326.0
slv,2006,217202.0
slv,2007,197359.0
slv,2008,185017.0
slv,2009,170283.0
slv,2010,161144.0
slv,2011,150125.0
slv,2012,144833.0
slv,2013,137786.0
slv,2014,131198.0
smr,1971,352.0
smr,1972,327.0
smr,1973,354.0
smr,1974,324.0
smr,1975,335.0
smr,1976,322.0
smr,1977,290.0
smr,1978,307.0
smr,1979,298.0
smr,1980,289.0
smr,1981,300.0
smr,1982,277.0
smr,1983,291.0
smr,1984,277.0
smr,1985,283.0
smr,1986,256.0
smr,1987,248.0
smr,1988,224.0
smr,1989,241.0
smr,1990,249.0
smr,1991,235.0
smr,1992,234.0
smr,1993,213.0
smr,1994,221.0
smr,1996,223.0
smr,1997,268.0
smr,2000,257.0
smr,2004,302.0
smr,2008,336.0
smr,2009,297.0
smr,2010,303.0
smr,2011,306.0
smr,2012,308.0
som,1971,10140.0
som,1972,13899.0
som,1973,21022.0
som,1974,24323.0
som,1976,133605.0
som,1977,68256.0
som,1978,41631.0
som,1979,62963.0
som,1980,48272.0
som,1981,59809.0
som,1982,47507.0
som,1983,37415.0
som,1984,42840.0
som,1985,34223.0
som,1986,33523.0
som,2007,144482.0
srb,1999,94821.0
srb,2000,85229.0
srb,2001,85226.0
srb,2002,84504.0
srb,2003,84096.0
srb,2004,81045.0
srb,2005,80219.0
srb,2006,71633.0
srb,2007,69054.0
srb,2008,72011.0
srb,2009,72328.0
srb,2010,71930.0
srb,2011,74761.0
srb,2012,72735.0
srb,2013,70192.0
srb,2014,68693.0
ssa,1970,7246712.0
ssa,1971,7437951.5
ssa,1972,7761303.5
ssa,1973,8001685.0
ssa,1974,8976279.0
ssa,1975,9400013.0
ssa,1976,9899339.0
ssa,1977,10385226.0
ssa,1978,11141161.0
ssa,1979,11846912.0
ssa,1980,12656108.0
ssa,1981,13316396.0
ssa,1982,13812348.0
ssa,1983,13713222.0
ssa,1984,13697276.0
ssa,1985,13850940.0
ssa,1986,13994190.0
ssa,1987,14258373.0
ssa,1988,14696296.0
ssa,1989,15037141.0
ssa,1990,15092970.0
ssa,1991,15206563.0
ssa,1992,15427371.0
ssa,1993,16032596.0
ssa,1994,16709018.0
ssa,1995,17704038.0
ssa,1996,18264346.0
ssa,1997,20058078.0
ssa,1998,19915352.0
ssa,1999,20122938.0
ssa,2000,21314176.0
ssa,2001,22829994.0
ssa,2002,24066838.0
ssa,2003,25144212.0
ssa,2004,26205108.0
ssa,2005,27150250.0
ssa,2006,27620780.0
ssa,2007,28983850.0
ssa,2008,30288850.0
ssa,2009,30366536.0
ssa,2010,30983546.0
ssa,2011,32524236.0
ssa,2012,33520106.0
ssa,2013,34511876.0
ssa,2014,35435352.0
ssd,2011,417255.0
ssf,1970,7248500.0
ssf,1971,7439772.5
ssf,1972,7763056.5
ssf,1973,8003532.0
ssf,1974,8978067.0
ssf,1975,9401712.0
ssf,1976,9900973.0
ssf,1977,10386818.0
ssf,1978,11142930.0
ssf,1979,11848593.0
ssf,1980,12657677.0
ssf,1981,13318193.0
ssf,1982,13814046.0
ssf,1983,13714745.0
ssf,1984,13698815.0
ssf,1985,13852609.0
ssf,1986,13996019.0
ssf,1987,14260061.0
ssf,1988,14697968.0
ssf,1989,15038730.0
ssf,1990,15094696.0
ssf,1991,15208372.0
ssf,1992,15429026.0
ssf,1993,16034201.0
ssf,1994,16710654.0
ssf,1995,17705596.0
ssf,1996,18266014.0
ssf,1997,20059758.0
ssf,1998,19916992.0
ssf,1999,20124642.0
ssf,2000,21315888.0
ssf,2001,22831510.0
ssf,2002,24068348.0
ssf,2003,25145684.0
ssf,2004,26206430.0
ssf,2005,27151652.0
ssf,2006,27622172.0
ssf,2007,28985228.0
ssf,2008,30290214.0
ssf,2009,30367880.0
ssf,2010,30984858.0
ssf,2011,32525576.0
ssf,2012,33521490.0
ssf,2013,34513312.0
ssf,2014,35436836.0
stp,1977,5355.0
stp,1978,6307.0
stp,1980,5056.0
stp,1981,4908.0
stp,1982,4930.0
stp,1983,4981.0
stp,1984,4864.0
stp,1985,5119.0
stp,1987,5616.0
stp,1988,6078.0
stp,1990,6218.0
stp,1991,6335.0
stp,1992,7098.0
stp,1999,5934.0
stp,2001,6705.0
stp,2002,6749.0
stp,2003,6759.0
stp,2004,6648.0
stp,2005,6550.0
stp,2007,6728.0
stp,2008,6730.0
stp,2009,6037.0
stp,2010,5374.0
stp,2011,5138.0
stp,2012,5365.0
stp,2013,5564.0
stp,2014,5795.0
stp,2015,6719.0
sur,1974,19093.0
sur,1975,18051.0
sur,1976,16622.0
sur,1977,17588.0
sur,1978,18054.0
sur,1979,17501.0
sur,1981,14670.0
sur,1982,14300.0
sur,1983,14067.0
sur,1984,13950.0
sur,1985,13696.0
sur,1987,12151.0
sur,1988,12239.0
sur,1989,13647.0
sur,2005,13704.0
sur,2006,13179.0
sur,2007,12616.0
sur,2008,12989.0
sur,2009,13191.0
sur,2011,12651.0
sur,2013,11768.0
sur,2014,11719.0
svk,1991,93181.0
svk,1992,92642.0
svk,1993,88684.0
svk,1994,86588.0
svk,1995,84806.0
svk,1996,82601.0
svk,1997,80262.0
svk,1999,78839.0
svk,2000,77070.0
svk,2001,72591.0
svk,2002,66063.0
svk,2003,63336.0
svk,2004,61212.0
svk,2005,59711.0
svk,2006,58675.0
svk,2007,57579.0
svk,2008,54951.0
svk,2009,52702.0
svk,2010,52994.0
svk,2011,54231.0
svk,2012,54913.0
svk,2013,54360.0
svk,2014,55093.0
svn,1993,25435.0
svn,1994,25004.0
svn,1995,25669.0
svn,1996,25140.0
svn,1997,23371.0
svn,1999,21461.0
svn,2000,20142.0
svn,2001,21732.0
svn,2002,21897.0
svn,2003,22600.0
svn,2004,25945.0
svn,2005,17783.0
svn,2006,17424.0
svn,2007,18192.0
svn,2008,17608.0
svn,2009,17741.0
svn,2010,17457.0
svn,2011,18053.0
svn,2012,18293.0
svn,2013,19211.0
svn,2014,20214.0
swe,1971,111767.0
swe,1972,121429.0
swe,1973,121177.0
swe,1974,121448.0
swe,1975,119731.0
swe,1976,112446.0
swe,1977,107433.0
swe,1978,109185.0
swe,1979,114021.0
swe,1980,112618.0
swe,1981,110970.0
swe,1982,111026.0
swe,1983,105041.0
swe,1984,99057.0
swe,1987,96498.0
swe,1988,98000.0
swe,1989,95430.0
swe,1990,95320.0
swe,1991,94852.0
swe,1992,98617.0
swe,1993,105386.0
swe,1994,109021.0
swe,1995,113481.0
swe,1996,124586.0
swe,1997,128305.0
swe,1999,127178.0
swe,2000,124075.0
swe,2001,119909.0
swe,2002,114371.0
swe,2003,106551.0
swe,2004,99102.0
swe,2005,94645.0
swe,2006,93885.0
swe,2007,92317.0
swe,2008,95630.0
swe,2009,96082.0
swe,2010,100265.0
swe,2011,102427.0
swe,2012,106352.0
swe,2013,107076.0
swe,2014,111809.0
swz,1970,14245.0
swz,1971,14524.0
swz,1972,15864.0
swz,1973,16241.0
swz,1974,16496.0
swz,1975,17590.0
swz,1976,18357.0
swz,1977,19808.0
swz,1978,20374.0
swz,1979,21754.0
swz,1980,23342.0
swz,1981,25153.0
swz,1982,25470.0
swz,1983,25302.0
swz,1984,25609.0
swz,1985,27088.0
swz,1986,27156.0
swz,1987,29107.0
swz,1988,30658.0
swz,1989,32357.0
swz,1990,35036.0
swz,1991,36171.0
swz,1992,37391.0
swz,1993,36486.0
swz,1994,35747.0
swz,1995,37376.0
swz,1996,37738.0
swz,1997,37813.0
swz,1999,37901.0
swz,2000,37708.0
swz,2001,37907.0
swz,2002,36745.0
swz,2003,37354.0
swz,2004,40219.0
swz,2005,39404.0
swz,2006,40631.0
swz,2007,40275.0
swz,2009,37036.0
swz,2010,41430.0
swz,2011,37702.0
swz,2012,36494.0
swz,2013,36391.0
sxm,2012,614.0
sxm,2014,634.0
syc,1970,1788.0
syc,1971,1821.0
syc,1972,1753.0
syc,1973,1847.0
syc,1974,1788.0
syc,1975,1699.0
syc,1976,1634.0
syc,1977,1592.0
syc,1978,1769.0
syc,1979,1681.0
syc,1980,1569.0
syc,1981,1797.0
syc,1982,1698.0
syc,1983,1523.0
syc,1984,1539.0
syc,1985,1669.0
syc,1986,1829.0
syc,1987,1688.0
syc,1988,1672.0
syc,1989,1589.0
syc,1991,1809.0
syc,1992,1655.0
syc,1993,1605.0
syc,1994,1636.0
syc,1995,1558.0
syc,1996,1668.0
syc,1997,1680.0
syc,1999,1703.0
syc,2000,1711.0
syc,2001,1517.0
syc,2002,1511.0
syc,2003,1471.0
syc,2004,1323.0
syc,2005,1403.0
syc,2014,1486.0
syr,1971,216447.0
syr,1972,230710.0
syr,1973,251246.0
syr,1974,236120.0
syr,1975,241640.0
syr,1976,258328.0
syr,1977,265460.0
syr,1978,282012.0
syr,1979,292347.0
syr,1980,324895.0
syr,1981,328367.0
syr,1982,342209.0
syr,1983,349037.0
syr,1984,390881.0
syr,1985,398568.0
syr,1986,416665.0
syr,1988,422812.0
syr,1989,461092.0
syr,1990,466656.0
syr,1991,482022.0
syr,1992,501347.0
syr,1993,501654.0
syr,1994,503606.0
syr,1995,504374.0
syr,1996,513441.0
syr,1997,502114.0
syr,1999,529572.0
syr,2000,564708.0
syr,2001,576739.0
syr,2002,602160.0
syr,2003,615057.0
syr,2004,615744.0
syr,2005,631950.0
syr,2006,635195.0
syr,2007,639705.0
syr,2008,656477.0
syr,2009,668807.0
syr,2010,692933.0
syr,2011,726204.0
syr,2012,730582.0
syr,2013,469545.0
tca,1973,244.0
tca,1974,275.0
tca,1975,274.0
tca,1978,241.0
tca,1994,187.0
tca,1997,293.0
tca,1999,274.0
tca,2000,328.0
tca,2001,357.0
tca,2002,384.0
tca,2003,318.0
tca,2004,352.0
tca,2005,365.0
tca,2009,467.0
tca,2014,476.0
tca,2015,479.0
tcd,1971,70821.0
tcd,1972,67482.0
tcd,1974,71451.0
tcd,1976,71142.0
tcd,1977,76161.0
tcd,1985,115063.0
tcd,1986,144761.0
tcd,1987,139512.0
tcd,1988,150774.0
tcd,1989,137067.0
tcd,1990,155817.0
tcd,1991,163873.0
tcd,1992,178892.0
tcd,1994,165129.0
tcd,1995,182213.0
tcd,1996,210170.0
tcd,1997,245153.0
tcd,1998,285429.0
tcd,1999,262329.0
tcd,2000,274263.0
tcd,2001,288321.0
tcd,2002,323371.0
tcd,2003,331887.0
tcd,2004,369736.0
tcd,2005,372938.0
tcd,2006,398210.0
tcd,2009,515345.0
tcd,2010,551964.0
tcd,2011,607939.0
tcd,2012,664817.0
tcd,2013,731952.0
tgo,1971,73191.0
tgo,1972,83989.0
tgo,1976,106721.0
tgo,1978,114892.0
tgo,1979,125562.0
tgo,1980,126643.0
tgo,1981,125555.0
tgo,1982,121652.0
tgo,1983,122223.0
tgo,1984,116313.0
tgo,1985,121743.0
tgo,1986,132013.0
tgo,1987,149809.0
tgo,1988,154169.0
tgo,1989,162571.0
tgo,1990,168355.0
tgo,1991,173698.0
tgo,1992,170362.0
tgo,1994,197410.0
tgo,1995,216838.0
tgo,1996,226393.0
tgo,1998,221630.0
tgo,1999,221514.0
tgo,2000,205539.0
tgo,2001,214165.0
tgo,2002,218285.0
tgo,2003,212524.0
tgo,2004,210101.0
tgo,2005,219082.0
tgo,2006,238751.0
tgo,2007,231537.0
tgo,2008,238271.0
tgo,2009,315137.0
tgo,2010,329233.0
tgo,2011,318754.0
tgo,2012,328766.0
tgo,2013,329595.0
tgo,2014,288425.0
tha,1971,1492891.0
tha,1972,1578122.0
tha,1973,1568305.0
tha,1974,1532174.0
tha,1975,1533077.0
tha,1976,1556577.0
tha,1977,1556958.0
tha,1978,1544137.0
tha,1979,1599250.0
tha,1980,1501152.0
tha,1981,1448854.0
tha,1982,1426164.0
tha,1984,1330722.0
tha,1985,1384073.0
tha,1986,1362893.0
tha,1987,1344302.0
tha,1988,1310214.0
tha,1989,1269810.0
tha,1990,1256489.0
tha,1991,1228567.0
tha,1993,1195856.0
tha,1996,1064248.0
tha,1997,1081514.0
tha,1998,1108862.0
tha,1999,1144537.0
tha,2000,1088215.0
tha,2001,1092831.0
tha,2002,1073213.0
tha,2004,1100065.0
tha,2005,988441.0
tha,2006,896942.0
tha,2007,887130.0
tha,2008,881211.0
tha,2009,853390.0
tha,2010,852072.0
tha,2011,853565.0
tha,2012,870190.0
tha,2013,850675.0
tha,2014,845062.0
tjk,1995,178744.0
tjk,1997,174366.0
tjk,1999,178087.0
tjk,2000,171063.0
tjk,2001,162076.0
tjk,2002,178457.0
tjk,2003,184355.0
tjk,2004,164254.0
tjk,2005,167701.0
tjk,2006,172506.0
tjk,2007,176425.0
tjk,2008,174960.0
tjk,2009,162154.0
tjk,2010,167451.0
tjk,2011,161132.0
tjk,2012,165418.0
tjk,2013,162914.0
tjk,2014,167888.0
tjk,2015,180349.0
tls,2001,71928.0
tls,2008,55490.0
tls,2009,61468.0
tls,2010,65276.0
tls,2011,60826.0
tls,2012,55385.0
tls,2013,54213.0
tls,2014,52306.0
ton,1972,2223.0
ton,1973,2753.0
ton,1974,3042.0
ton,1975,3527.0
ton,1976,2968.0
ton,1977,2968.0
ton,1978,2751.0
ton,1979,2756.0
ton,1981,2385.0
ton,1982,2492.0
ton,1983,2520.0
ton,1984,3461.0
ton,1985,2823.0
ton,1986,2700.0
ton,1990,2740.0
ton,1991,2857.0
ton,1992,2853.0
ton,1993,2698.0
ton,1999,2737.0
ton,2000,2841.0
ton,2001,2880.0
ton,2002,2884.0
ton,2004,2919.0
ton,2005,2879.0
ton,2006,2813.0
ton,2012,2778.0
ton,2013,2958.0
ton,2014,2819.0
tto,1971,32425.0
tto,1972,32223.0
tto,1973,31601.0
tto,1974,27672.0
tto,1975,25031.0
tto,1976,24778.0
tto,1977,25559.0
tto,1978,24453.0
tto,1979,23080.0
tto,1980,22428.0
tto,1981,22762.0
tto,1982,22412.0
tto,1983,22929.0
tto,1984,24042.0
tto,1985,24155.0
tto,1986,23787.0
tto,1987,27255.0
tto,1988,27268.0
tto,1989,26814.0
tto,1990,28140.0
tto,1991,27161.0
tto,1992,25929.0
tto,1993,25130.0
tto,1994,23889.0
tto,1995,23159.0
tto,1996,22702.0
tto,1997,21975.0
tto,1999,21908.0
tto,2000,21063.0
tto,2001,20508.0
tto,2003,19105.0
tto,2004,18601.0
tto,2005,19017.0
tto,2007,19846.0
tto,2008,19457.0
tto,2009,20213.0
tto,2010,20045.0
tun,1971,187302.0
tun,1972,192093.0
tun,1973,169696.0
tun,1974,154539.0
tun,1975,155879.0
tun,1976,161087.0
tun,1977,171483.0
tun,1978,174464.0
tun,1979,188792.0
tun,1980,196709.0
tun,1981,201904.0
tun,1982,221742.0
tun,1983,233146.0
tun,1984,240608.0
tun,1985,241148.0
tun,1986,246114.0
tun,1988,248527.0
tun,1989,244411.0
tun,1990,255535.0
tun,1991,239006.0
tun,1992,249971.0
tun,1993,251747.0
tun,1994,252166.0
tun,1995,241514.0
tun,1996,229878.0
tun,1997,234499.0
tun,1999,235691.0
tun,2000,226498.0
tun,2001,217804.0
tun,2002,185803.0
tun,2003,163054.0
tun,2004,163263.0
tun,2005,166995.0
tun,2006,160037.0
tun,2007,162011.0
tun,2008,164348.0
tun,2009,166101.0
tun,2010,172195.0
tun,2011,173331.0
tun,2012,186827.0
tun,2013,189264.0
tun,2014,199172.0
tur,1971,1249516.0
tur,1972,1306067.0
tur,1973,1348748.0
tur,1974,1179006.0
tur,1975,1223000.0
tur,1977,1254893.0
tur,1978,1251101.0
tur,1979,1272070.0
tur,1981,1280045.0
tur,1982,1387175.0
tur,1984,1709943.0
tur,1985,1425239.0
tur,1986,1442153.0
tur,1987,1482550.0
tur,1988,1588036.0
tur,1989,1481359.0
tur,1990,1494158.0
tur,1991,1458870.0
tur,1992,1466225.0
tur,1993,1418427.0
tur,1994,1347734.0
tur,1995,1364525.0
tur,1999,1363025.0
tur,2000,1343743.0
tur,2001,1396494.0
tur,2002,1355653.0
tur,2003,1313585.0
tur,2004,1373690.0
tur,2005,1398425.0
tur,2006,1402355.0
tur,2007,1426003.0
tur,2008,1388147.0
tur,2009,1279796.0
tur,2010,1397438.0
tur,2011,1395387.0
tur,2012,1404857.0
tuv,1984,142.0
tuv,1986,176.0
tuv,1987,152.0
tuv,1990,164.0
tuv,1993,264.0
tuv,1994,240.0
tuv,1999,233.0
tuv,2001,245.0
tuv,2002,202.0
tuv,2003,216.0
tuv,2004,229.0
tuv,2005,241.0
tuv,2006,258.0
tuv,2014,252.0
tza,1970,182351.0
tza,1971,196124.0
tza,1972,212380.0
tza,1973,233157.0
tza,1974,259219.0
tza,1975,466745.0
tza,1976,542574.0
tza,1977,569148.0
tza,1978,904769.0
tza,1979,543183.0
tza,1980,488094.0
tza,1981,499521.0
tza,1982,499221.0
tza,1983,543783.0
tza,1984,534848.0
tza,1985,526763.0
tza,1986,523258.0
tza,1987,549096.0
tza,1988,575888.0
tza,1989,624623.0
tza,1990,618104.0
tza,1991,627131.0
tza,1992,668868.0
tza,1993,668113.0
tza,1994,674334.0
tza,1995,712593.0
tza,1996,723749.0
tza,1997,732369.0
tza,1999,737564.0
tza,2000,897569.0
tza,2001,1140554.0
tza,2002,1632141.0
tza,2003,1481354.0
tza,2004,1368315.0
tza,2005,1348437.0
tza,2006,1316727.0
tza,2007,1379293.0
tza,2008,1416855.0
tza,2009,1358790.0
tza,2010,1356574.0
tza,2012,1404998.0
tza,2013,1430231.0
uga,1970,130808.0
uga,1971,145521.0
uga,1972,139625.0
uga,1974,180025.0
uga,1975,194119.0
uga,1976,208967.0
uga,1977,234743.0
uga,1978,248512.0
uga,1979,251735.0
uga,1980,286539.0
uga,1981,325801.0
uga,1982,383696.0
uga,1983,412092.0
uga,1984,450064.0
uga,1985,495000.0
uga,1986,523508.0
uga,1987,553000.0
uga,1988,583000.0
uga,1989,595019.0
uga,1990,608480.0
uga,1991,614254.0
uga,1992,563027.0
uga,1995,745336.0
uga,1996,797208.0
uga,1997,2159850.0
uga,1999,1610008.0
uga,2000,1637651.0
uga,2001,1704766.0
uga,2002,1847180.0
uga,2003,1914893.0
uga,2004,1837277.0
uga,2005,1712420.0
uga,2006,1763284.0
uga,2007,1832129.0
uga,2008,1897114.0
uga,2009,1946318.0
uga,2010,1943552.0
uga,2011,1839714.0
uga,2013,1883803.0
ukr,1971,795100.0
ukr,1972,761200.0
ukr,1973,706400.0
ukr,1974,721500.0
ukr,1976,691100.0
ukr,1977,686400.0
ukr,1978,717300.0
ukr,1979,742100.0
ukr,1980,775800.0
ukr,1981,780445.0
ukr,1982,798500.0
ukr,1983,807400.0
ukr,1984,827700.0
ukr,1985,840300.0
ukr,1986,863000.0
ukr,1988,783400.0
ukr,1990,744300.0
ukr,1991,783817.0
ukr,1992,757159.0
ukr,1993,751781.0
ukr,1994,772667.0
ukr,1995,762947.0
ukr,1996,740021.0
ukr,1999,631356.0
ukr,2000,604841.0
ukr,2001,680203.0
ukr,2002,604878.0
ukr,2003,501918.0
ukr,2004,457902.0
ukr,2005,426896.0
ukr,2006,396647.0
ukr,2007,391458.0
ukr,2008,384018.0
ukr,2009,383141.0
ukr,2010,404048.0
ukr,2011,412111.0
ukr,2012,404178.0
ukr,2013,431163.0
ukr,2014,451034.0
umc,1979,65713696.0
umc,1980,64562180.0
umc,1981,63046272.0
umc,1982,61283912.0
umc,1983,59861872.0
umc,1984,59262712.0
umc,1985,57649204.0
umc,1986,55697172.0
umc,1987,55478524.0
umc,1988,54794520.0
umc,1989,53587256.0
umc,1990,55234652.0
umc,1991,52353576.0
umc,1992,52028476.0
umc,1993,52781204.0
umc,1994,54021772.0
umc,1995,54997644.0
umc,1996,54359368.0
umc,1997,54196868.0
umc,1998,53204012.0
umc,1999,49485696.0
umc,2000,47242952.0
umc,2001,44880916.0
umc,2002,44753456.0
umc,2003,44012284.0
umc,2004,42176892.0
umc,2005,41122840.0
umc,2006,39767000.0
umc,2007,40262260.0
umc,2008,39642028.0
umc,2009,38658220.0
umc,2010,38239508.0
umc,2011,38198608.0
umc,2012,38525160.0
umc,2013,38479776.0
umc,2014,38278368.0
ury,1970,58288.0
ury,1971,56300.0
ury,1972,54078.0
ury,1973,51648.0
ury,1974,51144.0
ury,1975,51979.0
ury,1976,55350.0
ury,1977,56538.0
ury,1978,54640.0
ury,1979,53951.0
ury,1980,54752.0
ury,1983,70538.0
ury,1984,69196.0
ury,1985,69328.0
ury,1986,67233.0
ury,1987,63958.0
ury,1988,64028.0
ury,1989,63564.0
ury,1990,62902.0
ury,1991,62908.0
ury,1992,64654.0
ury,1993,65816.0
ury,1994,65428.0
ury,1995,67082.0
ury,1996,66965.0
ury,1997,71058.0
ury,1999,70108.0
ury,2000,68841.0
ury,2001,71106.0
ury,2002,72992.0
ury,2003,71365.0
ury,2004,66895.0
ury,2005,64280.0
ury,2006,63078.0
ury,2007,62139.0
ury,2008,61397.0
ury,2009,60498.0
ury,2010,58735.0
ury,2013,53843.0
usa,1971,3810000.0
usa,1974,3366000.0
usa,1975,3316000.0
usa,1976,3409000.0
usa,1977,3504000.0
usa,1978,3446000.0
usa,1979,3173000.0
usa,1980,3318000.0
usa,1981,3235000.0
usa,1982,3334000.0
usa,1983,3463000.0
usa,1984,3481000.0
usa,1985,3542000.0
usa,1986,3645000.0
usa,1987,3780000.0
usa,1990,4067000.0
usa,1991,4007000.0
usa,1993,3895031.0
usa,1994,3984735.0
usa,1995,4178144.0
usa,1996,4253908.0
usa,1999,4321500.0
usa,2000,4260584.0
usa,2001,4190544.0
usa,2002,4120495.0
usa,2003,4118020.0
usa,2004,4091625.0
usa,2005,4134518.0
usa,2006,4142387.0
usa,2007,4204502.0
usa,2008,4354403.0
usa,2009,4139007.0
usa,2010,4137961.0
usa,2011,4133980.0
usa,2012,4133616.0
usa,2013,4149401.75
usa,2014,4235243.0
uzb,1994,631771.0
uzb,1995,635139.0
uzb,1999,677446.0
uzb,2000,647399.0
uzb,2001,629047.0
uzb,2002,630576.0
uzb,2003,621989.0
uzb,2004,587413.0
uzb,2005,559686.0
uzb,2006,523268.0
uzb,2007,504968.0
uzb,2008,494019.0
uzb,2009,484021.0
uzb,2010,491532.0
uzb,2011,482411.0
vct,1971,4272.0
vct,1974,3735.0
vct,1975,3391.0
vct,1976,4299.0
vct,1982,4287.0
vct,1984,4015.0
vct,1987,3503.0
vct,2001,2554.0
vct,2003,2389.0
vct,2004,2068.0
vct,2007,2254.0
vct,2008,2116.0
vct,2009,1998.0
vct,2010,2026.0
vct,2011,1758.0
vct,2012,2020.0
vct,2013,1988.0
vct,2014,2095.0
ven,1971,391241.0
ven,1972,400018.0
ven,1973,408870.0
ven,1974,410595.0
ven,1975,448561.0
ven,1976,491759.0
ven,1977,509492.0
ven,1978,533680.0
ven,1979,531643.0
ven,1980,550411.0
ven,1981,565207.0
ven,1982,574113.0
ven,1983,584019.0
ven,1984,585160.0
ven,1985,598440.0
ven,1986,607652.0
ven,1987,645174.0
ven,1988,643095.0
ven,1989,638337.0
ven,1990,660091.0
ven,1991,695780.0
ven,1992,699283.0
ven,1993,682881.0
ven,1996,651617.0
ven,1997,670701.0
ven,1999,602315.0
ven,2000,625354.0
ven,2001,643335.0
ven,2002,667110.0
ven,2003,640217.0
ven,2004,631282.0
ven,2005,618707.0
ven,2006,623351.0
ven,2007,640054.0
ven,2008,607995.0
ven,2009,593781.0
ven,2010,594579.0
ven,2011,582971.0
ven,2012,590235.0
ven,2013,594023.0
ven,2014,630524.0
vir,1976,2551.0
vir,1977,2645.0
vir,1978,2429.0
vir,1981,2008.0
vir,1982,2614.0
vir,1983,2608.0
vir,1984,2739.0
vir,1985,2688.0
vir,1986,2658.0
vir,1991,1927.0
vir,1993,2632.0
vnm,1977,2156455.0
vnm,1978,2106168.0
vnm,1979,1965630.0
vnm,1980,2145936.0
vnm,1981,2134263.0
vnm,1983,2121681.0
vnm,1984,2272150.0
vnm,1985,2329612.0
vnm,1986,2330973.0
vnm,1987,2330729.0
vnm,1988,2373651.0
vnm,1999,2198108.0
vnm,2000,2138447.0
vnm,2001,1933275.0
vnm,2002,1856850.0
vnm,2003,1748156.0
vnm,2005,1392854.0
vnm,2006,1395024.0
vnm,2008,1462175.0
vnm,2009,1405219.0
vnm,2010,1544140.0
vnm,2011,1501503.0
vnm,2012,1507102.0
vnm,2013,1540781.0
vnm,2014,1594005.0
vut,1970,4360.0
vut,1971,4093.0
vut,1972,3878.0
vut,1973,3820.0
vut,1974,4180.0
vut,1975,3987.0
vut,1976,3994.0
vut,1977,4281.0
vut,1978,3851.0
vut,1979,4332.0
vut,1980,4494.0
vut,1981,4611.0
vut,1989,4284.0
vut,1991,4438.0
vut,1992,5328.0
vut,1993,6508.0
vut,1994,6259.0
vut,1997,6601.0
vut,1999,6613.0
vut,2000,7003.0
vut,2001,7567.0
vut,2004,7961.0
vut,2005,7967.0
vut,2006,7730.0
vut,2007,8146.0
vut,2008,8244.0
vut,2009,7851.0
vut,2010,9216.0
vut,2013,9280.0
wld,1970,113140432.0
wld,1971,116508736.0
wld,1972,119403672.0
wld,1973,122726536.0
wld,1974,124973072.0
wld,1975,128406872.0
wld,1976,130740544.0
wld,1977,133714480.0
wld,1978,134296016.0
wld,1979,136372416.0
wld,1980,136686368.0
wld,1981,136965248.0
wld,1982,135869392.0
wld,1983,137441984.0
wld,1984,137758096.0
wld,1985,136763264.0
wld,1986,135200608.0
wld,1987,133064568.0
wld,1988,134069392.0
wld,1989,134199592.0
wld,1990,137374608.0
wld,1991,135612704.0
wld,1992,136473328.0
wld,1993,138899152.0
wld,1994,141301856.0
wld,1995,143973216.0
wld,1996,144974704.0
wld,1997,147244800.0
wld,1998,146886480.0
wld,1999,144121424.0
wld,2000,143558896.0
wld,2001,141675008.0
wld,2002,142191936.0
wld,2003,144681936.0
wld,2004,143747280.0
wld,2005,143995440.0
wld,2006,142978400.0
wld,2007,144955280.0
wld,2008,145430624.0
wld,2009,141732496.0
wld,2010,143480208.0
wld,2011,143565264.0
wld,2012,143084608.0
wld,2013,142551520.0
wld,2014,143796704.0
wsm,1970,4537.0
wsm,1971,4578.0
wsm,1972,4500.0
wsm,1973,4734.0
wsm,1975,4570.0
wsm,1976,4869.0
wsm,1977,5029.0
wsm,1978,4921.0
wsm,1979,5188.0
wsm,1980,4666.0
wsm,1981,4495.0
wsm,1982,4246.0
wsm,1983,4526.0
wsm,1986,4269.0
wsm,1994,5061.0
wsm,1995,5089.0
wsm,1996,4992.0
wsm,1997,5291.0
wsm,1999,5271.0
wsm,2000,5383.0
wsm,2001,5802.0
wsm,2002,5987.0
wsm,2003,5893.0
wsm,2004,5704.0
wsm,2005,5471.0
wsm,2006,5486.0
wsm,2007,5293.0
wsm,2009,5263.0
wsm,2010,6086.0
wsm,2011,5470.0
wsm,2012,5449.0
wsm,2014,5985.0
yem,1999,474645.0
yem,2001,582430.0
yem,2002,633677.0
yem,2003,676458.0
yem,2004,715086.0
yem,2005,751586.0
yem,2008,725441.0
yem,2010,759874.0
yem,2012,808796.0
yem,2013,892957.0
zaf,1989,1399992.0
zaf,1990,1431756.0
zaf,1991,1508269.0
zaf,1994,1591279.0
zaf,1999,1345845.0
zaf,2000,1080335.0
zaf,2001,1150638.0
zaf,2002,1286591.0
zaf,2003,1277499.0
zaf,2004,1303016.0
zaf,2005,1233581.0
zaf,2006,1185198.0
zaf,2007,1171323.0
zaf,2008,1122114.0
zaf,2009,1106827.0
zaf,2010,1116899.0
zaf,2011,1177089.0
zaf,2012,1208973.0
zaf,2013,1222851.0
zaf,2014,1235901.0
zmb,1970,127467.0
zmb,1971,129453.0
zmb,1972,142738.0
zmb,1973,142426.0
zmb,1974,146696.0
zmb,1975,146844.0
zmb,1976,150761.0
zmb,1977,155497.0
zmb,1978,158917.0
zmb,1979,162643.0
zmb,1980,169147.0
zmb,1981,175649.0
zmb,1982,182592.0
zmb,1983,193450.0
zmb,1984,205606.0
zmb,1985,229396.0
zmb,1986,218924.0
zmb,1988,231034.0
zmb,1994,241575.0
zmb,1995,234894.0
zmb,1999,262891.0
zmb,2000,286833.0
zmb,2001,293072.0
zmb,2002,302242.0
zmb,2004,411339.0
zmb,2005,467709.0
zmb,2006,464669.0
zmb,2007,488604.0
zmb,2008,504969.0
zmb,2009,486316.0
zmb,2010,480347.0
zmb,2012,544817.0
zmb,2013,531792.0
zwe,1970,147829.0
zwe,1971,139609.0
zwe,1972,157509.0
zwe,1973,159131.0
zwe,1974,166120.0
zwe,1975,169002.0
zwe,1976,169805.0
zwe,1977,174457.0
zwe,1978,160454.0
zwe,1979,172794.0
zwe,1980,376205.0
zwe,1981,471448.0
zwe,1982,408780.0
zwe,1983,368329.0
zwe,1984,358248.0
zwe,1985,346959.0
zwe,1986,354681.0
zwe,1987,372993.0
zwe,1988,389019.0
zwe,1989,430408.0
zwe,1990,387392.0
zwe,1991,412724.0
zwe,1992,410265.0
zwe,1993,464137.0
zwe,1995,421031.0
zwe,1996,425507.0
zwe,1998,425534.0
zwe,1999,397990.0
zwe,2000,416139.0
zwe,2001,445894.0
zwe,2002,417829.0
zwe,2003,417034.0
zwe,2012,441491.0
zwe,2013,419532.0
