country,year,uis_sle_23_m
abw,1999,4.98949003219604
abw,2000,4.8863000869751
abw,2001,4.90334987640381
abw,2002,4.99430990219116
abw,2003,4.96787023544312
abw,2004,4.98642015457153
abw,2005,4.91313982009888
abw,2006,5.08840990066528
abw,2007,5.23225021362305
abw,2008,4.73837995529175
abw,2009,4.86795997619629
abw,2010,4.67383003234863
abw,2011,4.75695991516113
abw,2012,5.51318979263306
afg,1970,0.851830005645752
afg,1971,0.964479982852936
afg,1972,1.08087003231049
afg,1973,1.12249004840851
afg,1974,1.19602000713348
afg,1975,1.14471995830536
afg,1976,1.22584998607635
afg,1977,1.28909003734589
afg,1978,1.34821999073029
afg,1981,1.83975994586945
afg,1982,0.884469985961914
afg,1984,1.02950000762939
afg,1985,1.09578001499176
afg,1986,0.983929991722107
afg,1988,1.07541000843048
afg,1991,1.27673995494843
afg,1993,1.41079998016357
afg,1994,2.11395001411438
afg,1995,1.92921996116638
afg,2003,1.16296005249023
afg,2004,1.81011998653412
afg,2005,1.76092994213104
afg,2006,2.59516000747681
afg,2007,2.57614994049072
afg,2008,3.34284996986389
afg,2009,3.74246001243591
afg,2010,4.21761989593506
afg,2011,4.1729998588562
afg,2012,4.32061004638672
afg,2013,4.43481016159058
afg,2014,4.30974006652832
ago,1971,0.440499991178513
ago,1972,0.546090006828308
ago,1982,1.00048995018005
ago,1983,0.809140026569366
ago,1998,0.946489989757538
ago,1999,0.959959983825684
ago,2000,1.06242001056671
ago,2001,1.22686994075775
ago,2002,1.28840005397797
ago,2008,1.82868003845215
ago,2009,1.95387995243073
ago,2010,2.35979008674622
ago,2011,2.1048800945282
alb,1976,7.08820009231567
alb,1978,7.22726011276245
alb,1979,7.34258985519409
alb,1980,7.5890097618103
alb,1981,7.68693017959595
alb,1982,7.29190015792847
alb,1983,6.76395988464355
alb,1984,6.79753017425537
alb,1985,7.13091993331909
alb,1986,7.40375995635986
alb,1987,7.30732011795044
alb,1988,7.35776996612549
alb,1989,7.37623977661133
alb,1990,7.53113985061646
alb,1991,7.59014987945557
alb,1992,6.20853996276855
alb,1993,5.51692008972168
alb,1994,5.47948980331421
alb,1995,5.55846977233887
alb,1996,5.48915004730225
alb,1997,5.68106985092163
alb,1999,5.90301990509033
alb,2000,5.82218980789185
alb,2001,5.9343900680542
alb,2004,6.07884979248047
alb,2005,6.29613018035889
alb,2006,6.3510799407959
alb,2007,6.55530977249146
alb,2008,6.72224998474121
alb,2009,5.9155797958374
alb,2010,6.21749019622803
alb,2011,6.46037006378174
alb,2012,6.63471984863281
alb,2013,6.87242984771729
alb,2014,6.92547988891602
and,1971,1.06944000720978
and,1972,0.938380002975464
and,1973,0.981379985809326
and,1974,0.987489998340607
and,1975,1.71040999889374
and,1976,1.63556003570557
and,1983,3.28620004653931
are,1973,1.34472000598907
are,1974,1.05348002910614
are,1975,1.24761998653412
are,1976,1.88868999481201
are,1977,1.89816999435425
are,1978,1.86758005619049
are,1979,2.25710010528564
are,1980,2.62097001075745
are,1981,3.17182993888855
are,1982,3.29236006736755
are,1983,3.5704300403595
are,1984,3.84758996963501
are,1985,3.96124005317688
are,1986,3.98485994338989
are,1987,3.358069896698
are,1988,3.2435998916626
are,1989,3.2297101020813
are,1990,3.37124991416931
are,1991,3.68268990516663
are,1992,3.85521006584167
are,1993,4.12926006317139
are,1994,4.49915981292725
are,1995,4.73453998565674
are,1997,4.56690979003906
are,1998,4.57415008544922
are,1999,4.72568988800049
arg,1970,2.08854007720947
arg,1971,2.14652991294861
arg,1972,2.24960994720459
arg,1973,2.34805011749268
arg,1974,2.4842700958252
arg,1975,2.54147005081177
arg,1976,2.60353994369507
arg,1977,2.59500002861023
arg,1978,2.59444999694824
arg,1979,2.60480999946594
arg,1980,2.64024996757507
arg,1981,2.68268990516663
arg,1982,2.81211996078491
arg,1983,2.88692998886108
arg,1984,3.106290102005
arg,1985,3.32027006149292
arg,1986,3.34350991249084
arg,1987,3.3671600818634
arg,1988,3.38015007972717
arg,1996,3.7228000164032
arg,1997,3.59108996391296
arg,1998,4.74528980255127
arg,1999,5.43832015991211
arg,2000,5.68179988861084
arg,2001,5.7469801902771
arg,2002,5.70525979995728
arg,2003,5.63766002655029
arg,2004,5.58287000656128
arg,2005,5.45537996292114
arg,2006,5.37132978439331
arg,2007,5.36119985580444
arg,2008,5.42126989364624
arg,2009,5.64399003982544
arg,2010,5.85724020004272
arg,2011,5.93431997299194
arg,2012,6.0620698928833
arg,2013,6.16724014282227
arm,2000,6.08846998214722
arm,2007,6.27194976806641
arm,2008,5.96085977554321
arm,2009,6.30715990066528
atg,1972,4.95296001434326
atg,1974,4.15799999237061
atg,1975,3.65774989128113
atg,1977,4.11056995391846
atg,1978,4.02359008789063
atg,1992,6.07098007202148
atg,2000,4.23385000228882
atg,2007,5.25088977813721
atg,2008,5.7367901802063
atg,2009,5.52121019363403
atg,2010,5.3841700553894
atg,2011,5.45971012115479
atg,2012,4.96086978912354
atg,2014,5.120689868927
aus,1993,7.7656102180481
aus,1994,7.70229005813599
aus,1995,8.31569957733154
aus,1996,8.61746025085449
aus,1997,8.98960018157959
aus,1998,8.87674045562744
aus,1999,9.42661952972412
aus,2000,9.69532012939453
aus,2001,9.32145977020264
aus,2002,9.373459815979
aus,2003,9.54284954071045
aus,2004,9.27208042144775
aus,2005,9.14700031280518
aus,2006,7.77073001861572
aus,2007,7.60048007965088
aus,2008,7.61610984802246
aus,2009,7.70039987564087
aus,2010,7.77335977554321
aus,2011,7.84649991989136
aus,2012,7.94831991195679
aus,2013,8.11398029327393
aut,1971,7.47153997421265
aut,1976,7.68581008911133
aut,1981,7.79028987884521
aut,1982,7.63305997848511
aut,1983,7.7363600730896
aut,1984,7.72444009780884
aut,1985,7.78877019882202
aut,1986,8.129150390625
aut,1987,8.23628997802734
aut,1988,8.26609992980957
aut,1989,8.4153299331665
aut,1990,8.46378993988037
aut,1991,8.56480979919434
aut,1992,8.72784996032715
aut,1993,8.57417964935303
aut,1994,8.83458042144775
aut,1995,8.80377960205078
aut,1996,8.69939041137695
aut,1997,8.61966991424561
aut,1998,8.04401016235352
aut,1999,8.06002044677734
aut,2000,8.05922031402588
aut,2001,8.09049034118652
aut,2002,8.10214042663574
aut,2003,8.14523029327393
aut,2004,8.1661901473999
aut,2005,8.20524024963379
aut,2006,8.16139030456543
aut,2007,8.09871959686279
aut,2008,8.07011032104492
aut,2009,8.07266998291016
aut,2010,7.9591498374939
aut,2011,7.8858699798584
aut,2012,7.82953977584839
aut,2013,7.88868999481201
aut,2014,7.92984008789063
aze,1981,6.69088983535767
aze,1986,6.91470003128052
aze,1991,6.1288800239563
aze,1992,6.24627017974854
aze,1993,6.28573989868164
aze,1994,6.11518001556396
aze,1995,5.70719003677368
aze,1996,5.02224016189575
aze,1997,4.85897016525269
aze,2006,6.84522008895874
aze,2007,6.81443023681641
aze,2008,6.81915998458862
aze,2009,6.72527980804443
aze,2010,6.80354022979736
aze,2011,6.84237003326416
aze,2012,6.85207986831665
aze,2013,6.97917985916138
aze,2014,7.07195997238159
bdi,1971,0.175990000367165
bdi,1972,0.180319994688034
bdi,1973,0.151380002498627
bdi,1974,0.179590001702309
bdi,1975,0.211730003356934
bdi,1976,0.235919997096062
bdi,1977,0.221750006079674
bdi,1978,0.239329993724823
bdi,1979,0.246069997549057
bdi,1980,0.257560014724731
bdi,1981,0.28711000084877
bdi,1982,0.295760005712509
bdi,1983,0.305169999599457
bdi,1984,0.323329985141754
bdi,1985,0.351069986820221
bdi,1986,0.379370003938675
bdi,1987,0.4064100086689
bdi,1988,0.413320004940033
bdi,1989,0.435420006513596
bdi,1990,0.453920006752014
bdi,1991,0.518369972705841
bdi,1992,0.539770007133484
bdi,1993,0.663070023059845
bdi,2003,0.908599972724915
bdi,2004,1.06606996059418
bdi,2005,1.1318199634552
bdi,2006,1.23360002040863
bdi,2007,1.22803997993469
bdi,2009,1.77172994613647
bdi,2010,2.03078007698059
bdi,2011,2.21864008903503
bdi,2012,2.38777995109558
bdi,2013,2.63848996162415
bdi,2014,3.01594996452332
bel,1971,4.9065899848938
bel,1972,4.99858999252319
bel,1973,5.00487995147705
bel,1974,5.02502012252808
bel,1975,4.96414995193481
bel,1976,4.96223020553589
bel,1977,5.03212022781372
bel,1978,5.16696977615356
bel,1979,5.26628017425537
bel,1980,5.31451988220215
bel,1981,5.39012002944946
bel,1982,5.52667999267578
bel,1983,5.5173602104187
bel,1984,5.73072004318237
bel,1985,5.87255001068115
bel,1986,6.00473022460938
bel,1987,6.04492998123169
bel,1988,6.11441993713379
bel,1989,6.13840007781982
bel,1990,6.14022016525269
bel,1991,6.14933013916016
bel,1992,6.19564008712769
bel,1993,8.03855991363525
bel,1994,8.20160007476807
bel,1995,8.26953983306885
bel,1996,8.40707969665527
bel,1999,8.19143009185791
bel,2000,8.27346038818359
bel,2001,8.75312995910645
bel,2002,8.68435001373291
bel,2003,8.95788955688477
bel,2004,6.5630898475647
bel,2005,6.59654998779297
bel,2006,6.61119985580444
bel,2007,6.58333015441895
bel,2008,6.48243999481201
bel,2009,6.42895984649658
bel,2010,6.43788003921509
bel,2011,6.48716020584106
bel,2012,6.45848989486694
bel,2013,8.82618999481201
bel,2014,8.98941040039063
ben,1971,0.419690012931824
ben,1973,0.620970010757446
ben,1974,0.689620018005371
ben,1975,0.778020024299622
ben,1977,0.929369986057281
ben,1985,1.97675001621246
ben,1986,1.70677995681763
ben,1987,1.57377004623413
ben,1999,2.0915699005127
ben,2000,2.19761991500854
ben,2001,2.35491991043091
ben,2002,2.50711989402771
ben,2003,2.60179996490479
ben,2004,2.79611992835999
ben,2005,3.13567996025085
ben,2011,4.14654016494751
ben,2013,4.63976001739502
ben,2014,4.53692007064819
bfa,1971,0.127810001373291
bfa,1972,0.131919994950294
bfa,1973,0.137050002813339
bfa,1974,0.157800003886223
bfa,1975,0.163409993052483
bfa,1976,0.164879992604256
bfa,1977,0.187099993228912
bfa,1979,0.206410005688667
bfa,1980,0.223199993371964
bfa,1981,0.243369996547699
bfa,1982,0.27717998623848
bfa,1983,0.290219992399216
bfa,1984,0.304899990558624
bfa,1985,0.346419990062714
bfa,1986,0.440470010042191
bfa,1994,0.786289989948273
bfa,1999,0.858070015907288
bfa,2000,0.878440022468567
bfa,2001,0.920350015163422
bfa,2003,1.04251003265381
bfa,2004,1.09160995483398
bfa,2005,1.21340000629425
bfa,2006,1.23223996162415
bfa,2007,1.32413995265961
bfa,2008,1.54951000213623
bfa,2009,1.65889000892639
bfa,2010,1.82791996002197
bfa,2011,1.97791004180908
bfa,2012,2.1125500202179
bfa,2013,2.24147009849548
bfa,2014,2.26602005958557
bgd,1973,2.12067008018494
bgd,1976,1.78115999698639
bgd,1977,1.88098001480103
bgd,1979,1.85229003429413
bgd,1980,1.94082999229431
bgd,1981,1.85011005401611
bgd,1984,2.007080078125
bgd,1985,1.99124002456665
bgd,1986,1.87284994125366
bgd,1987,1.93122005462646
bgd,1988,1.88748002052307
bgd,1989,1.85099005699158
bgd,1990,1.87906002998352
bgd,1998,3.10928010940552
bgd,1999,3.25029993057251
bgd,2000,3.28910994529724
bgd,2001,3.29281997680664
bgd,2002,3.34270000457764
bgd,2003,3.33167004585266
bgd,2004,3.21641993522644
bgd,2005,3.06700992584229
bgd,2006,3.11848998069763
bgd,2007,3.17407989501953
bgd,2008,2.9424901008606
bgd,2009,3.25332999229431
bgd,2010,3.28708004951477
bgd,2011,3.30156993865967
bgd,2012,3.4988100528717
bgd,2013,3.91538000106812
bgr,1971,6.35719013214111
bgr,1972,6.3724799156189
bgr,1973,6.45566987991333
bgr,1974,6.55409002304077
bgr,1975,6.65851020812988
bgr,1976,6.4155797958374
bgr,1977,6.58817005157471
bgr,1978,6.51034021377563
bgr,1979,6.3376898765564
bgr,1980,6.35404014587402
bgr,1981,6.3519401550293
bgr,1982,6.41245985031128
bgr,1983,6.48416996002197
bgr,1984,6.50600004196167
bgr,1985,6.61070013046265
bgr,1986,6.95406007766724
bgr,1987,7.041100025177
bgr,1988,7.15712976455688
bgr,1989,7.2803201675415
bgr,1990,7.0182900428772
bgr,1991,6.88875007629395
bgr,1992,6.72026014328003
bgr,1993,6.50309991836548
bgr,1994,6.28892993927002
bgr,1995,6.37534999847412
bgr,1996,6.4429497718811
bgr,1997,6.39837980270386
bgr,1998,6.46846008300781
bgr,1999,6.47640991210938
bgr,2000,6.53545999526978
bgr,2001,6.61001014709473
bgr,2002,6.74430990219116
bgr,2003,7.06644010543823
bgr,2004,7.31321001052856
bgr,2005,7.4033899307251
bgr,2006,7.44835996627808
bgr,2007,7.44620990753174
bgr,2008,7.31928014755249
bgr,2009,7.21779012680054
bgr,2010,7.29593992233276
bgr,2011,7.48330020904541
bgr,2012,7.45182991027832
bgr,2013,7.83390998840332
bgr,2014,7.916100025177
bhr,1971,3.13207006454468
bhr,1972,2.8301899433136
bhr,1973,2.76530003547668
bhr,1974,2.79520010948181
bhr,1975,2.88557004928589
bhr,1976,2.9077000617981
bhr,1977,2.96504998207092
bhr,1978,3.21757006645203
bhr,1979,3.49264001846313
bhr,1980,3.72397994995117
bhr,1981,4.21088981628418
bhr,1982,4.48918008804321
bhr,1983,5.37497997283936
bhr,1984,5.34207010269165
bhr,1985,5.78222990036011
bhr,1986,6.10699987411499
bhr,1987,5.84960985183716
bhr,1988,5.62061023712158
bhr,1989,5.41339015960693
bhr,1990,5.16084003448486
bhr,1991,5.84790992736816
bhr,1992,5.70770978927612
bhr,1993,5.9026198387146
bhr,1994,6.10677003860474
bhr,1995,6.23162984848022
bhr,1996,6.10291004180908
bhr,1997,5.65385007858276
bhr,1998,5.61871004104614
bhr,1999,5.5454797744751
bhr,2000,5.76024007797241
bhr,2001,5.68868017196655
bhr,2002,5.34773015975952
bhr,2003,5.39946985244751
bhr,2004,5.57046985626221
bhr,2005,5.68664979934692
bhr,2006,5.77884006500244
bhs,1982,5.03868007659912
bhs,1983,4.99861001968384
bhs,1985,4.79170989990234
bhs,1986,4.84062004089355
bhs,1987,5.3217601776123
bhs,1992,5.66063976287842
bhs,1993,5.68645000457764
bhs,1995,5.20499992370605
bhs,1997,4.38290977478027
bhs,1999,4.72054004669189
bhs,2002,5.38896989822388
bhs,2004,5.22764015197754
bhs,2005,5.36968994140625
bhs,2006,5.4727897644043
bhs,2007,5.60421991348267
bhs,2008,5.59984016418457
bhs,2009,5.49425983428955
bhs,2010,5.36828994750977
bih,2011,6.97068023681641
bih,2012,7.04659986495972
bih,2013,7.12655019760132
bih,2014,7.05598020553589
blr,1971,4.38694000244141
blr,1972,4.5726900100708
blr,1973,4.72774982452393
blr,1974,4.86080980300903
blr,1975,4.78102016448975
blr,1976,4.56177997589111
blr,1977,4.58709001541138
blr,1978,4.58257007598877
blr,1979,4.60036993026733
blr,1980,4.68976020812988
blr,1987,4.85546016693115
blr,1988,4.831130027771
blr,1989,4.80666017532349
blr,1990,4.7428297996521
blr,1998,5.88650989532471
blr,2008,7.54371023178101
blr,2009,7.47349977493286
blr,2010,7.35880994796753
blr,2011,7.34315013885498
blr,2012,7.43376016616821
blr,2013,7.40315008163452
blr,2014,7.47214984893799
blz,1986,3.37137007713318
blz,1987,3.58290004730225
blz,1991,3.55472993850708
blz,1994,4.08043003082275
blz,1995,3.97905993461609
blz,1999,3.76332998275757
blz,2000,4.00519990921021
blz,2001,4.16866016387939
blz,2003,4.56071996688843
blz,2004,4.55340003967285
blz,2005,4.57417011260986
blz,2006,4.5760498046875
blz,2007,4.46806001663208
blz,2008,4.40134000778198
blz,2009,4.36988019943237
blz,2010,4.39491987228394
blz,2011,4.45054006576538
blz,2012,4.66159009933472
blz,2013,4.73281002044678
blz,2014,4.70050001144409
bmu,1971,3.80952000617981
bmu,1972,4.06296014785767
bmu,1973,3.99855995178223
bmu,1974,3.76415991783142
bmu,1975,3.84211993217468
bmu,1976,3.99134993553162
bmu,1977,4.49599981307983
bmu,1978,4.48261976242065
bmu,1979,4.76794004440308
bmu,1980,5.03203010559082
bmu,2001,5.35801982879639
bmu,2002,5.24349021911621
bmu,2003,5.19131994247437
bmu,2004,5.28574991226196
bmu,2005,5.33985996246338
bmu,2006,5.20549011230469
bmu,2010,5.06618976593018
bmu,2011,4.96712017059326
bmu,2012,4.87639999389648
bmu,2013,4.80315017700195
bmu,2014,4.75716018676758
bol,1971,1.92444002628326
bol,1998,4.35081005096436
bol,1999,4.82348012924194
bol,2000,4.87925004959106
bol,2001,5.05212020874023
bol,2002,5.37581014633179
bol,2003,5.57611989974976
bol,2006,5.37471008300781
bol,2007,5.33006000518799
bol,2008,5.28541994094849
bol,2009,5.082359790802
bol,2010,5.01852989196777
bol,2011,4.95017004013062
bol,2012,5.01914978027344
bol,2013,5.127610206604
bra,2002,7.57508993148804
bra,2003,6.78933000564575
bra,2004,6.91970014572144
bra,2005,6.80826997756958
bra,2007,6.3703498840332
bra,2008,6.46540021896362
bra,2009,6.51794004440308
bra,2011,6.49314022064209
bra,2012,6.51032018661499
bra,2013,6.94496011734009
brb,1971,5.40358018875122
brb,1972,4.73766994476318
brb,1973,4.80027008056641
brb,1974,4.56892013549805
brb,1975,4.81328010559082
brb,1976,4.48883008956909
brb,1977,4.49750995635986
brb,1978,4.89334011077881
brb,1979,4.89753007888794
brb,1980,4.96662998199463
brb,1981,5.29707002639771
brb,1982,5.0064001083374
brb,1983,5.14339017868042
brb,1984,5.18705987930298
brb,1985,5.4200701713562
brb,1989,5.04753017425537
brb,1990,5.3782000541687
brb,1999,5.21322011947632
brb,2000,5.08038997650146
brb,2001,5.15839004516602
brb,2002,5.21053981781006
brb,2003,5.24708986282349
brb,2004,5.38631010055542
brb,2005,5.47802019119263
brb,2006,5.25651979446411
brb,2007,5.25626993179321
brb,2008,5.17244005203247
brb,2009,5.12372016906738
brb,2010,5.08066987991333
brb,2011,5.08877992630005
brb,2014,5.40187978744507
brn,1970,4.05901002883911
brn,1971,4.07062005996704
brn,1972,4.183030128479
brn,1973,4.10348987579346
brn,1974,4.12762022018433
brn,1975,4.23780012130737
brn,1976,4.24797010421753
brn,1977,4.04683017730713
brn,1978,3.96264004707336
brn,1979,3.97408008575439
brn,1980,4.06414985656738
brn,1981,4.11884021759033
brn,1982,4.31378984451294
brn,1983,4.50368976593018
brn,1984,4.44864988327026
brn,1991,5.05055999755859
brn,1992,4.98914003372192
brn,1993,5.11096000671387
brn,1994,5.18597984313965
brn,1998,5.60119009017944
brn,1999,5.82984018325806
brn,2000,5.91703987121582
brn,2001,5.98453998565674
brn,2002,6.13179016113281
brn,2003,6.24136018753052
brn,2004,6.55755996704102
brn,2005,6.78750991821289
brn,2006,6.81365013122559
brn,2007,6.69228982925415
brn,2008,6.71612977981567
brn,2009,6.85310983657837
brn,2010,6.89041996002197
brn,2011,7.05822992324829
brn,2012,7.34275007247925
brn,2013,7.24627017974854
brn,2014,6.95737981796265
btn,1970,0.230079993605614
btn,1971,0.249980002641678
btn,1972,0.297010004520416
btn,1974,0.455779999494553
btn,1977,0.331459999084473
btn,1983,0.92603999376297
btn,1984,0.982760012149811
btn,1998,1.73424005508423
btn,1999,1.93465995788574
btn,2000,2.14322996139526
btn,2001,2.26430010795593
btn,2005,2.86299991607666
btn,2006,3.0171799659729
btn,2007,3.2765200138092
btn,2008,3.45828008651733
btn,2009,3.67673993110657
btn,2010,3.90146994590759
btn,2011,4.03909015655518
btn,2012,4.24271011352539
btn,2013,4.47887992858887
btn,2014,4.88499021530151
bwa,1970,0.359629988670349
bwa,1971,0.402159988880157
bwa,1972,0.452329993247986
bwa,1973,0.625590026378632
bwa,1974,0.663320004940033
bwa,1975,0.742020010948181
bwa,1976,0.794080018997192
bwa,1977,0.823660016059875
bwa,1978,0.878509998321533
bwa,1979,0.86175000667572
bwa,1980,0.882089972496033
bwa,1981,0.925920009613037
bwa,1983,0.961290001869202
bwa,1984,1.19114995002747
bwa,1985,1.36138999462128
bwa,1986,1.47365999221802
bwa,1987,1.5563999414444
bwa,1988,1.54773998260498
bwa,1989,1.79831004142761
bwa,1990,1.96343994140625
bwa,1991,2.28355002403259
bwa,1992,2.27170991897583
bwa,1993,2.48883008956909
bwa,1994,2.47035002708435
bwa,1995,2.89969992637634
bwa,1998,3.51631999015808
bwa,1999,3.71258997917175
bwa,2000,3.70986008644104
bwa,2001,3.64726996421814
bwa,2002,3.75778007507324
bwa,2003,3.77013993263245
bwa,2004,3.80573010444641
bwa,2005,3.86647009849548
bwa,2006,3.91835999488831
bwa,2007,3.95637989044189
bwa,2012,4.02242994308472
bwa,2013,4.08208990097046
caf,1971,0.517939984798431
caf,1972,0.643530011177063
caf,1973,0.738560020923615
caf,1976,0.908760011196136
caf,1977,0.958090007305145
caf,1978,1.18859004974365
caf,1979,1.13833999633789
caf,1980,1.23318994045258
caf,1981,1.40228998661041
caf,1982,1.75322997570038
caf,1986,1.67743003368378
caf,1987,1.2765200138092
caf,1988,1.24040997028351
caf,1989,1.08270001411438
caf,1990,1.21317994594574
caf,1991,1.14371001720428
caf,1992,0.954450011253357
caf,2001,1.08940005302429
caf,2009,1.27623999118805
caf,2011,1.64956998825073
caf,2012,1.66977000236511
can,1971,5.78429985046387
can,1972,5.75288009643555
can,1973,5.64484977722168
can,1974,5.49038982391357
can,1975,5.45593023300171
can,1976,5.38601016998291
can,1977,5.35525989532471
can,1978,5.29165983200073
can,1979,5.22365999221802
can,1980,5.16415023803711
can,1981,5.22078990936279
can,1982,5.46923017501831
can,1983,5.63759994506836
can,1984,5.8066201210022
can,1985,5.85860013961792
can,1986,5.87166023254395
can,1987,5.88297986984253
can,1988,5.90249013900757
can,1989,5.87894010543823
can,1990,5.91606998443604
can,1991,6.02054023742676
can,1992,6.11694002151489
can,1993,6.25279998779297
can,1994,6.32526016235352
can,1995,6.27456998825073
can,1996,6.29461002349854
can,1998,6.32606983184814
can,1999,6.06626987457275
can,2000,6.03468990325928
can,2005,6.12947988510132
can,2006,6.14598989486694
can,2007,6.16701984405518
can,2008,6.20329999923706
can,2009,6.23086023330688
can,2010,6.2154598236084
can,2011,6.26697015762329
can,2012,6.54710006713867
can,2013,6.58984994888306
che,1978,6.89828014373779
che,1979,6.91142988204956
che,1980,6.94170999526978
che,1981,6.99163007736206
che,1982,6.98518991470337
che,1983,6.99519014358521
che,1984,7.03768014907837
che,1985,7.01809978485107
che,1986,6.98294019699097
che,1987,6.93881988525391
che,1988,6.91846990585327
che,1989,6.89765977859497
che,1990,6.95283985137939
che,1991,7.00305986404419
che,1992,7.07571983337402
che,1993,7.18225002288818
che,1994,7.30601978302002
che,1995,7.34718990325928
che,1996,7.25008010864258
che,1998,6.97067022323608
che,1999,6.90245008468628
che,2000,6.87396001815796
che,2001,6.82354021072388
che,2002,6.72847986221313
che,2003,6.7405800819397
che,2004,6.78868007659912
che,2005,6.8512601852417
che,2006,6.88568019866943
che,2007,6.86100006103516
che,2008,6.84412002563477
che,2009,6.81105995178223
che,2010,6.81518983840942
che,2011,6.8256402015686
che,2012,6.84210014343262
che,2013,6.9818902015686
che,2014,7.06394004821777
chl,1970,2.71305990219116
chl,1971,3.13234996795654
chl,1972,3.39968991279602
chl,1973,3.56357002258301
chl,1974,3.54798007011414
chl,1975,3.53155994415283
chl,1976,3.45077991485596
chl,1977,3.58913993835449
chl,1978,3.65868997573853
chl,1979,3.71680998802185
chl,1980,3.68476009368896
chl,1981,3.66652011871338
chl,1982,3.74980998039246
chl,1983,4.01066017150879
chl,1984,4.17878007888794
chl,1985,4.37236022949219
chl,1986,4.50770998001099
chl,1989,4.70737981796265
chl,1990,4.52583980560303
chl,1991,5.74095010757446
chl,1992,5.73256015777588
chl,1993,4.51182985305786
chl,1998,4.81428003311157
chl,1999,5.04582023620605
chl,2000,5.29234981536865
chl,2002,5.47926998138428
chl,2003,5.63892984390259
chl,2004,5.73129987716675
chl,2005,5.84616994857788
chl,2006,5.83865976333618
chl,2007,5.78824996948242
chl,2008,5.74222993850708
chl,2009,5.56186008453369
chl,2010,5.57227993011475
chl,2011,5.51694011688232
chl,2012,5.36206007003784
chl,2013,5.93292999267578
chl,2014,5.92479991912842
chn,1976,2.7135899066925
chn,1977,3.38168001174927
chn,1978,3.74359011650085
chn,1979,3.47562003135681
chn,1980,3.05128002166748
chn,1981,2.81386995315552
chn,1982,2.41173005104065
chn,1983,2.19534993171692
chn,1984,2.14375996589661
chn,1985,2.21543002128601
chn,1986,2.33316993713379
chn,1987,2.43784999847412
chn,1988,2.53659009933472
chn,1989,2.54010009765625
chn,1990,2.56674003601074
chn,1991,2.70498991012573
chn,1992,2.88503003120422
chn,1993,3.05957007408142
chn,1994,3.09927010536194
chn,1995,3.30934000015259
chn,1996,3.56174993515015
chn,1997,3.72238993644714
chn,2001,3.80785989761353
chn,2003,3.88797998428345
chn,2006,4.15724992752075
chn,2007,4.32696008682251
chn,2008,4.48182010650635
chn,2009,4.64656019210815
chn,2010,4.9416298866272
chn,2011,5.15511989593506
chn,2012,5.30815982818604
chn,2013,5.55210018157959
chn,2014,5.47144985198975
civ,1971,1.12379002571106
civ,1972,1.20368003845215
civ,1973,1.29860997200012
civ,1974,1.24682998657227
civ,1981,1.916100025177
civ,1983,1.86243999004364
civ,1984,1.82306003570557
civ,1999,2.20600008964539
civ,2014,3.39194989204407
cmr,1971,0.827210009098053
cmr,1972,0.91032999753952
cmr,1973,1.00402998924255
cmr,1974,1.06544005870819
cmr,1975,1.1805499792099
cmr,1976,1.27857995033264
cmr,1977,1.39212000370026
cmr,1978,1.48585999011993
cmr,1979,1.53807997703552
cmr,1980,1.57939994335175
cmr,1981,1.67570996284485
cmr,1982,1.62154996395111
cmr,1983,1.71960997581482
cmr,1984,1.77726995944977
cmr,1985,1.87470996379852
cmr,1986,1.87695002555847
cmr,1987,2.02461004257202
cmr,1988,2.09518003463745
cmr,1989,2.11589002609253
cmr,1990,2.11530995368958
cmr,1991,2.20018005371094
cmr,1992,2.26856994628906
cmr,1995,2.13578009605408
cmr,1997,1.85014998912811
cmr,1998,1.99125003814697
cmr,1999,1.97511994838715
cmr,2001,2.47676992416382
cmr,2002,2.41482996940613
cmr,2003,2.24228000640869
cmr,2004,2.04922008514404
cmr,2005,2.0847499370575
cmr,2006,1.80979001522064
cmr,2007,2.5037899017334
cmr,2008,2.87824988365173
cmr,2009,3.1112699508667
cmr,2011,3.70924997329712
cmr,2012,3.90007996559143
cmr,2013,4.04313993453979
cmr,2014,4.37402009963989
cod,1971,0.900629997253418
cod,1972,1.03515005111694
cod,1973,1.06130003929138
cod,1974,1.03671002388
cod,1975,1.34692001342773
cod,1976,1.49646997451782
cod,1977,1.70476996898651
cod,1978,1.94226002693176
cod,1979,2.21641993522644
cod,1980,2.17411994934082
cod,1981,2.13574004173279
cod,1982,2.11142992973328
cod,1983,2.08937001228333
cod,1984,2.06743001937866
cod,1985,2.04394006729126
cod,1986,2.01939988136292
cod,1987,2.00304007530212
cod,1988,2.05645990371704
cod,1992,1.97402000427246
cod,1993,2.12789988517761
cod,1994,2.29320001602173
cod,1995,2.081130027771
cod,2007,2.73890995979309
cod,2008,2.9069299697876
cod,2009,3.04390001296997
cod,2010,2.99169993400574
cod,2011,3.39108991622925
cod,2012,3.10859990119934
cod,2013,3.03324007987976
cod,2014,3.21600008010864
cog,1971,1.70357000827789
cog,1972,2.09050011634827
cog,1973,2.40067005157471
cog,1974,3.16519999504089
cog,1975,3.52390003204346
cog,1976,4.11309003829956
cog,1977,4.44724988937378
cog,1978,5.15420007705688
cog,1979,5.43121004104614
cog,1980,5.08055019378662
cog,1981,5.57010984420776
cog,1982,5.90508985519409
cog,1984,5.38921022415161
cog,1985,5.11385011672974
cog,1986,5.33049011230469
cog,1987,5.36355018615723
cog,1988,4.973060131073
cog,1989,4.26935005187988
cog,1990,3.84174990653992
cog,1992,3.78791999816895
cog,1996,3.85390996932983
cog,2002,3.1363799571991
cog,2003,3.35337996482849
cog,2004,3.4816300868988
cog,2012,4.09022998809814
col,1970,1.41684997081757
col,1971,1.53407001495361
col,1972,1.62019002437592
col,1973,1.97754001617432
col,1974,2.11006999015808
col,1975,2.18214011192322
col,1976,2.22545003890991
col,1977,2.35043001174927
col,1978,2.31470990180969
col,1979,2.34171009063721
col,1980,2.35086989402771
col,1981,2.37649989128113
col,1982,2.43624997138977
col,1983,2.31066989898682
col,1984,2.58731007575989
col,1985,2.67564988136292
col,1986,2.96285009384155
col,1987,3.02822995185852
col,1988,3.06003999710083
col,1989,3.06778001785278
col,1991,2.83178997039795
col,1992,3.13039994239807
col,1993,3.28733992576599
col,1995,3.41426992416382
col,1996,3.81305003166199
col,1998,3.97631001472473
col,1999,4.01277017593384
col,2000,3.99464011192322
col,2002,4.14553022384644
col,2004,4.48273992538452
col,2005,4.79397010803223
col,2006,5.02520990371704
col,2007,5.24143981933594
col,2008,5.39355993270874
col,2009,5.6762900352478
col,2010,5.83352994918823
col,2011,5.95301008224487
col,2012,5.72430992126465
col,2013,5.78545999526978
col,2014,5.70840978622437
com,1971,0.371879994869232
com,1973,0.752040028572083
com,1981,2.59008002281189
com,1986,3.22844004631042
com,1987,3.10959005355835
com,1999,2.52337002754211
com,2002,2.69110989570618
com,2003,2.99660992622375
com,2004,3.43974995613098
com,2013,4.19987010955811
cpv,1972,0.640959978103638
cpv,1987,0.815689980983734
cpv,1988,0.877520024776459
cpv,1989,0.926329970359802
cpv,1990,1.01528000831604
cpv,1994,1.82054996490479
cpv,2001,3.71853995323181
cpv,2002,4.05434989929199
cpv,2003,3.94233989715576
cpv,2004,3.8296799659729
cpv,2005,3.9410400390625
cpv,2006,4.46459007263184
cpv,2007,4.38612985610962
cpv,2008,4.72109985351563
cpv,2009,4.57232999801636
cpv,2010,4.74970006942749
cpv,2011,4.94972991943359
cpv,2012,5.01702976226807
cpv,2013,5.2250599861145
cpv,2014,5.1585898399353
cri,1970,1.43984997272491
cri,1971,1.43418002128601
cri,1972,1.56228005886078
cri,1973,1.85673999786377
cri,1974,1.99644994735718
cri,1975,2.03582000732422
cri,1976,2.01972007751465
cri,1977,2.01016998291016
cri,1979,2.19900989532471
cri,1980,2.17705011367798
cri,1981,2.17672991752625
cri,1982,2.1314799785614
cri,1983,2.02835011482239
cri,1984,1.99106001853943
cri,1985,1.92741000652313
cri,1986,2.0025200843811
cri,1987,2.05499005317688
cri,1988,2.06703996658325
cri,1989,2.12368011474609
cri,1990,2.17684006690979
cri,1991,2.2389600276947
cri,1992,2.2907600402832
cri,1993,2.31826996803284
cri,1994,2.37392997741699
cri,1995,2.42796993255615
cri,1996,2.39281988143921
cri,1997,2.43402004241943
cri,1998,2.87520003318787
cri,1999,3.15340995788574
cri,2000,3.12794995307922
cri,2001,3.42895007133484
cri,2002,3.47793006896973
cri,2004,4.06743001937866
cri,2005,4.14681005477905
cri,2006,4.45393991470337
cri,2007,4.52005004882813
cri,2008,4.55935001373291
cri,2009,4.8568902015686
cri,2010,4.98157978057861
cri,2011,5.10176992416382
cri,2012,5.24676990509033
cri,2013,5.50681018829346
cri,2014,5.73909997940063
cub,1972,1.55494999885559
cub,1973,1.75314998626709
cub,1974,2.0831298828125
cub,1975,2.49338006973267
cub,1978,3.44706988334656
cub,1979,3.83770990371704
cub,1980,4.50537014007568
cub,1981,4.61540985107422
cub,1982,4.69291019439697
cub,1983,4.52847003936768
cub,1984,4.75599002838135
cub,1985,4.79477977752686
cub,1986,4.83147001266479
cub,1987,4.9102201461792
cub,1988,4.95395994186401
cub,1989,5.02208995819092
cub,1990,5.00841999053955
cub,1991,4.93166017532349
cub,1992,4.75361013412476
cub,1993,4.92724990844727
cub,1994,4.27724981307983
cub,1995,4.32600021362305
cub,1996,4.70529985427856
cub,1997,4.61704015731812
cub,1999,4.68072986602783
cub,2000,4.89271020889282
cub,2001,5.00283002853394
cub,2002,5.40332984924316
cub,2003,5.6031699180603
cub,2004,5.4500298500061
cub,2005,5.52810001373291
cub,2006,5.57102012634277
cub,2007,5.57140016555786
cub,2008,5.53209018707275
cub,2009,5.42751979827881
cub,2010,5.46655988693237
cub,2011,5.49618005752563
cub,2012,5.43345022201538
cub,2013,5.54635000228882
cub,2014,5.88273000717163
cuw,2013,5.16562986373901
cyp,1971,3.51770997047424
cyp,1972,3.63226008415222
cyp,1973,3.85403990745544
cyp,1974,3.99600005149841
cyp,1975,3.92371010780334
cyp,1976,4.17580986022949
cyp,1977,4.21546983718872
cyp,1978,4.08032989501953
cyp,1979,4.06232976913452
cyp,1980,4.08486986160278
cyp,1981,4.04782009124756
cyp,1982,4.13270998001099
cyp,1983,4.12270021438599
cyp,1984,4.21790981292725
cyp,1985,4.24530982971191
cyp,1986,4.05538988113403
cyp,1987,3.83802008628845
cyp,1988,3.66210007667542
cyp,1989,3.72304010391235
cyp,1990,3.79585003852844
cyp,1991,3.87413001060486
cyp,1992,3.97587990760803
cyp,1993,5.53498983383179
cyp,1994,5.55026006698608
cyp,1995,5.63737010955811
cyp,1996,5.56907987594604
cyp,1997,5.52841997146606
cyp,1999,5.52254009246826
cyp,2000,5.56331014633179
cyp,2001,5.60216999053955
cyp,2002,5.7614598274231
cyp,2003,5.85771989822388
cyp,2004,5.78128004074097
cyp,2005,5.73367023468018
cyp,2006,5.75235986709595
cyp,2007,5.80666017532349
cyp,2008,5.86597013473511
cyp,2009,5.86967992782593
cyp,2010,5.46867990493774
cyp,2011,5.52293014526367
cyp,2012,5.64970016479492
cyp,2013,5.84589004516602
cyp,2014,5.91581010818481
cze,1971,6.61324977874756
cze,1972,6.63086986541748
cze,1973,6.6236400604248
cze,1974,6.63354015350342
cze,1975,6.76413011550903
cze,1976,6.98461008071899
cze,1977,7.20295000076294
cze,1978,7.32500982284546
cze,1979,7.41120004653931
cze,1980,7.39284992218018
cze,1982,8.0443000793457
cze,1983,7.7644100189209
cze,1984,7.40138006210327
cze,1985,7.28591012954712
cze,1986,7.15739011764526
cze,1987,6.88969993591309
cze,1988,6.72944021224976
cze,1989,7.61555004119873
cze,1990,7.63009977340698
cze,1991,7.28636980056763
cze,1992,6.75701999664307
cze,1993,6.82575988769531
cze,1994,6.91021013259888
cze,1995,7.05373001098633
cze,1996,7.72157001495361
cze,1997,6.91645002365112
cze,1998,6.42962980270386
cze,1999,6.50656986236572
cze,2000,6.99653005599976
cze,2001,7.40274000167847
cze,2002,7.47494983673096
cze,2003,7.6223201751709
cze,2004,7.55160999298096
cze,2005,7.59668016433716
cze,2006,7.6313099861145
cze,2007,7.55570983886719
cze,2008,7.33422994613647
cze,2009,7.47648000717163
cze,2010,7.56524991989136
cze,2011,7.67181015014648
cze,2012,7.75930023193359
cze,2013,8.01185035705566
cze,2014,8.10869979858398
deu,1992,9.19645023345947
deu,1993,9.43118000030518
deu,1994,9.51718044281006
deu,1995,9.52980041503906
deu,1996,9.55062007904053
deu,1997,9.55453968048096
deu,1998,8.99847984313965
deu,1999,8.99462032318115
deu,2000,9.07837009429932
deu,2001,9.14060974121094
deu,2002,9.23810005187988
deu,2003,9.27606964111328
deu,2004,9.28759956359863
deu,2005,9.29139041900635
deu,2006,9.43350982666016
deu,2007,9.27826023101807
deu,2008,9.26986980438232
deu,2009,9.33150005340576
deu,2010,9.37065982818604
deu,2011,9.34257030487061
deu,2012,9.30941963195801
deu,2013,9.28077030181885
deu,2014,9.29123973846436
dji,1971,0.630119979381561
dji,1973,0.619520008563995
dji,1974,0.674059987068176
dji,1975,0.728529989719391
dji,1976,0.616559982299805
dji,1982,0.756359994411469
dji,1983,0.792230010032654
dji,1984,0.849539995193481
dji,1985,0.873359978199005
dji,1986,0.878059983253479
dji,1987,0.914520025253296
dji,1988,0.860740005970001
dji,1989,0.877250015735626
dji,1992,0.858060002326965
dji,1993,0.762009978294373
dji,1994,0.808499991893768
dji,1995,0.904879987239838
dji,1996,0.922100007534027
dji,1997,1.05536997318268
dji,1999,1.15685999393463
dji,2000,1.18373000621796
dji,2001,1.42586004734039
dji,2002,1.46772003173828
dji,2004,1.68028998374939
dji,2005,1.88655996322632
dji,2006,1.85939002037048
dji,2007,2.13687992095947
dji,2008,2.53176999092102
dji,2009,2.69340991973877
dji,2011,3.05273008346558
dji,2012,3.3992600440979
dji,2013,3.55953001976013
dji,2014,3.57880997657776
dji,2015,3.6496798992157
dma,1973,2.9297399520874
dma,1974,2.63048005104065
dma,1975,2.56805992126465
dma,1976,2.87717008590698
dma,1977,2.68747997283936
dma,1978,2.64650988578796
dma,1979,2.74632000923157
dma,1986,3.72059988975525
dma,1987,3.26668000221252
dma,1990,3.18523001670837
dma,1999,4.40672016143799
dma,2000,5.02461004257202
dma,2001,5.15162992477417
dma,2002,5.19542980194092
dma,2003,5.35846996307373
dma,2004,5.21279001235962
dma,2005,5.16612005233765
dma,2006,5.06267023086548
dma,2007,4.94056987762451
dma,2008,4.92593002319336
dma,2009,4.78740978240967
dma,2010,4.65454006195068
dma,2011,4.63783979415894
dnk,1978,5.90724992752075
dnk,1979,6.07270002365112
dnk,1980,6.22224998474121
dnk,1981,6.35867977142334
dnk,1982,6.32329988479614
dnk,1983,6.32230997085571
dnk,1984,6.21316003799438
dnk,1985,6.21926021575928
dnk,1986,6.29020023345947
dnk,1987,6.3601598739624
dnk,1988,6.38558006286621
dnk,1989,6.45506000518799
dnk,1990,6.42118978500366
dnk,1991,6.43471002578735
dnk,1992,6.4424901008606
dnk,1993,6.46858978271484
dnk,1994,6.59310007095337
dnk,1995,6.75279998779297
dnk,1996,6.86910009384155
dnk,1998,6.97644996643066
dnk,1999,7.33007001876831
dnk,2000,7.13040018081665
dnk,2001,7.37153005599976
dnk,2002,7.22623014450073
dnk,2003,7.33018016815186
dnk,2004,7.28116989135742
dnk,2005,7.41520977020264
dnk,2006,7.22410011291504
dnk,2007,7.1874098777771
dnk,2008,7.14816999435425
dnk,2009,7.17746019363403
dnk,2010,7.29238986968994
dnk,2011,7.42971992492676
dnk,2012,7.48415994644165
dnk,2013,7.76420021057129
dnk,2014,7.66871023178101
dom,1998,2.91268992424011
dom,1999,3.13056993484497
dom,2000,3.34187006950378
dom,2002,3.76220011711121
dom,2004,3.86097002029419
dom,2005,3.89871001243591
dom,2007,4.34434986114502
dom,2008,4.28326988220215
dom,2009,4.458740234375
dom,2010,4.32978010177612
dom,2011,4.28879022598267
dom,2012,4.34338998794556
dom,2013,4.41862010955811
dom,2014,4.48473978042603
dza,1971,1.01409995555878
dza,1972,1.16851997375488
dza,1973,1.27743005752563
dza,1974,1.37784004211426
dza,1975,1.47102999687195
dza,1976,1.67253994941711
dza,1977,1.93528997898102
dza,1978,2.22958993911743
dza,1979,2.41486001014709
dza,1980,2.55497002601624
dza,1981,2.70647001266479
dza,1982,2.91465997695923
dza,1984,3.39178991317749
dza,1985,3.64384007453918
dza,1986,3.9591600894928
dza,1987,4.1694598197937
dza,1988,4.23906993865967
dza,1989,4.05826997756958
dza,1990,3.98860001564026
dza,1991,3.83421993255615
dza,1992,3.77517008781433
dza,1993,3.74801993370056
dza,1994,3.76789999008179
dza,1995,3.71832990646362
dza,1996,3.71134996414185
dza,1997,3.64478993415833
dza,1999,3.89517998695374
dza,2000,3.79500007629395
dza,2001,3.98098993301392
dza,2002,4.16355991363525
dza,2003,4.24371004104614
dza,2004,4.43559980392456
dza,2005,4.51576995849609
dza,2006,4.57651996612549
dza,2007,4.73208999633789
dza,2008,5.27544021606445
dza,2009,6.48328018188477
dza,2010,6.68876981735229
dza,2011,6.86707019805908
ecu,1971,1.64573001861572
ecu,1972,1.76639997959137
ecu,1973,1.90481996536255
ecu,1974,2.05164003372192
ecu,1975,2.21484994888306
ecu,1976,2.45314002037048
ecu,1977,2.67514991760254
ecu,1978,2.78264999389648
ecu,1979,2.79610991477966
ecu,1980,3.00278997421265
ecu,1981,3.17710995674133
ecu,1982,3.31430006027222
ecu,1983,3.3597400188446
ecu,1984,3.20121002197266
ecu,1985,3.43011999130249
ecu,1986,3.3979799747467
ecu,1987,3.42193007469177
ecu,1988,3.45257997512817
ecu,1993,3.41165995597839
ecu,1996,3.18792009353638
ecu,1998,3.36900997161865
ecu,1999,3.48025989532471
ecu,2000,3.48977994918823
ecu,2001,3.49017000198364
ecu,2002,3.56595993041992
ecu,2003,3.51603007316589
ecu,2004,3.58258008956909
ecu,2005,3.72240996360779
ecu,2006,3.84709000587463
ecu,2007,3.9535698890686
ecu,2010,5.02246999740601
ecu,2011,5.00892019271851
ecu,2012,5.12009000778198
ecu,2013,6.05470991134644
ecu,2014,6.19332981109619
egy,1971,2.52824997901917
egy,1972,2.65910005569458
egy,1973,2.7254900932312
egy,1974,2.80692005157471
egy,1975,2.96206998825073
egy,1976,3.12091994285584
egy,1977,3.35207009315491
egy,1978,3.51709008216858
egy,1979,3.58451008796692
egy,1980,3.66476988792419
egy,1981,3.69358992576599
egy,1982,3.81370997428894
egy,1983,3.93458008766174
egy,1984,4.05462980270386
egy,1985,4.17119979858398
egy,1986,4.33809995651245
egy,1987,4.50871992111206
egy,1988,4.48577976226807
egy,1989,4.39622020721436
egy,1990,5.06831979751587
egy,1991,5.00343990325928
egy,1992,4.50806999206543
egy,1993,4.5065598487854
egy,1994,4.92511987686157
egy,1995,4.59437990188599
egy,1996,4.44338989257813
egy,1997,4.7043399810791
egy,1999,5.04514980316162
egy,2000,5.01976013183594
egy,2001,5.06600999832153
egy,2003,4.99505996704102
egy,2004,4.98433017730713
egy,2009,4.16899013519287
egy,2010,4.34782981872559
egy,2011,4.9297399520874
egy,2012,5.05627012252808
egy,2013,5.1960301399231
egy,2014,5.17850017547607
eri,1993,0.871580004692078
eri,1994,1.11135005950928
eri,1995,1.20381999015808
eri,1996,1.24187004566193
eri,1997,1.33222997188568
eri,1999,1.5727299451828
eri,2000,1.75382995605469
eri,2001,1.74691998958588
eri,2002,1.86440002918243
eri,2003,1.89324998855591
eri,2004,2.35924005508423
eri,2005,2.53723001480103
eri,2006,2.6270899772644
eri,2007,2.36892008781433
eri,2008,2.50417995452881
eri,2009,2.66275000572205
eri,2010,2.68686008453369
eri,2011,2.75232005119324
eri,2012,2.84009003639221
eri,2013,2.86186003684998
esp,1971,4.45428991317749
esp,1972,4.26952981948853
esp,1973,4.41564989089966
esp,1974,4.58353996276855
esp,1975,4.77877998352051
esp,1976,5.09712982177734
esp,1977,5.29763984680176
esp,1978,5.40894985198975
esp,1979,5.94558000564575
esp,1980,5.87381982803345
esp,1981,5.94235992431641
esp,1982,6.16693019866943
esp,1983,6.11895990371704
esp,1984,6.0946102142334
esp,1985,6.23607015609741
esp,1986,6.61885023117065
esp,1987,6.77485990524292
esp,1988,6.95925998687744
esp,1989,7.04398012161255
esp,1990,6.89076995849609
esp,1991,7.00872993469238
esp,1992,7.11890983581543
esp,1993,7.40271997451782
esp,1994,7.58844995498657
esp,1995,7.71569013595581
esp,1996,6.71300983428955
esp,1997,6.69324016571045
esp,1998,6.14896011352539
esp,1999,6.10431003570557
esp,2000,6.21001005172729
esp,2001,6.29231023788452
esp,2002,6.29052019119263
esp,2003,6.33746004104614
esp,2004,6.40542984008789
esp,2005,6.58409976959229
esp,2006,6.59770011901855
esp,2007,6.60310983657837
esp,2008,6.64222002029419
esp,2009,6.72485017776489
esp,2010,7.10086011886597
esp,2011,7.35402011871338
esp,2012,7.52990007400513
esp,2013,7.53652000427246
esp,2014,7.54656982421875
est,1992,5.8878698348999
est,1993,5.64550018310547
est,1994,5.54699993133545
est,1995,5.7526798248291
est,1996,5.22776985168457
est,1998,5.49021005630493
est,1999,5.46411991119385
est,2000,5.46915006637573
est,2001,5.56242990493774
est,2002,5.74148988723755
est,2003,5.70419979095459
est,2004,5.89489984512329
est,2005,6.08293008804321
est,2006,6.08500003814697
est,2007,6.07601022720337
est,2008,5.98954010009766
est,2009,6.00997018814087
est,2010,6.17049980163574
est,2011,6.3019700050354
est,2012,6.29797983169556
est,2013,6.36676979064941
eth,1971,0.343259990215302
eth,1972,0.367900013923645
eth,1974,0.433719992637634
eth,1984,0.955869972705841
eth,1991,0.938610017299652
eth,1992,0.790899991989136
eth,1993,0.69310998916626
eth,1994,0.676400005817413
eth,1995,0.697109997272491
eth,1996,0.743269979953766
eth,1999,0.901470005512238
eth,2000,1.00089001655579
eth,2001,1.19498002529144
eth,2002,1.38241004943848
eth,2003,1.4862699508667
eth,2004,1.67271995544434
eth,2005,1.86582005023956
eth,2006,2.15451002120972
eth,2007,2.34400010108948
eth,2008,2.3656599521637
eth,2009,2.32942008972168
eth,2010,2.34650993347168
eth,2011,2.29613995552063
eth,2012,2.27493000030518
fin,1971,5.87086009979248
fin,1972,6.09932994842529
fin,1973,6.04868984222412
fin,1974,6.10157012939453
fin,1976,4.98590993881226
fin,1977,5.21354007720947
fin,1978,5.35202980041504
fin,1979,5.51525020599365
fin,1980,5.5715799331665
fin,1981,5.6625599861145
fin,1982,5.70473003387451
fin,1983,5.70849990844727
fin,1984,5.76856994628906
fin,1985,5.8008599281311
fin,1986,5.93942022323608
fin,1987,5.88084983825684
fin,1988,6.00228023529053
fin,1989,6.19245004653931
fin,1990,6.31712007522583
fin,1991,6.30840015411377
fin,1992,6.50560998916626
fin,1993,6.39973020553589
fin,1994,6.52781009674072
fin,1995,6.51020002365112
fin,1996,6.48852014541626
fin,1997,6.66594982147217
fin,1998,6.77125978469849
fin,1999,6.97639989852905
fin,2000,7.21689987182617
fin,2001,7.32013988494873
fin,2002,7.37550020217896
fin,2003,7.52328014373779
fin,2004,6.48131990432739
fin,2005,6.54947996139526
fin,2006,6.54533004760742
fin,2007,6.47233009338379
fin,2008,6.37990999221802
fin,2009,6.30373001098633
fin,2010,6.29680013656616
fin,2011,6.30168008804321
fin,2012,6.27304983139038
fin,2013,7.9762601852417
fin,2014,8.02651977539063
fji,1970,3.35325002670288
fji,1972,3.63933992385864
fji,1973,3.78517007827759
fji,1974,3.94283008575439
fji,1975,4.00029993057251
fji,1976,4.13084983825684
fji,1977,4.33511018753052
fji,1978,4.34548997879028
fji,1980,4.18021011352539
fji,1981,4.09503984451294
fji,1983,4.14600992202759
fji,1984,4.24286985397339
fji,1985,4.12501001358032
fji,1986,4.22746992111206
fji,1987,4.34016990661621
fji,1991,5.46043014526367
fji,1992,5.62497997283936
fji,1998,5.32960987091064
fji,1999,5.19472980499268
fji,2000,5.25244998931885
fji,2001,5.35386991500854
fji,2002,5.55497980117798
fji,2003,5.83794021606445
fji,2004,6.14831018447876
fji,2006,6.0905499458313
fji,2007,5.89091014862061
fji,2008,5.94982004165649
fji,2009,5.81630992889404
fji,2011,6.1349401473999
fji,2012,5.90393018722534
fra,1971,4.96429014205933
fra,1972,5.2225399017334
fra,1973,5.45357990264893
fra,1974,5.91443014144897
fra,1975,5.60823011398315
fra,1977,5.53031015396118
fra,1978,5.48758983612061
fra,1979,5.51763010025024
fra,1980,5.56011009216309
fra,1981,5.38090991973877
fra,1982,5.64416980743408
fra,1983,5.74413013458252
fra,1985,6.01748991012573
fra,1986,6.08791017532349
fra,1987,6.17527008056641
fra,1988,6.24801015853882
fra,1989,6.35672998428345
fra,1990,6.50350999832153
fra,1991,6.78681993484497
fra,1992,7.10146999359131
fra,1993,7.17354011535645
fra,1994,7.90284013748169
fra,1995,7.97454977035522
fra,1996,7.91450977325439
fra,1997,7.88079977035522
fra,1998,7.76696014404297
fra,1999,7.74610996246338
fra,2000,7.66999006271362
fra,2001,7.56999015808105
fra,2002,7.5352897644043
fra,2003,7.53892993927002
fra,2004,7.52930021286011
fra,2005,7.82823991775513
fra,2006,7.81045007705688
fra,2007,7.7871298789978
fra,2008,7.77299022674561
fra,2009,7.74539995193481
fra,2010,7.74545001983643
fra,2011,7.7571702003479
fra,2012,7.81844997406006
fra,2013,7.76079988479614
fra,2014,7.73643016815186
fsm,1972,9.6118803024292
fsm,1973,10.0396299362183
fsm,1974,10.4093999862671
fsm,1976,10.2324895858765
fsm,1977,10.0691204071045
fsm,2004,4.809730052948
fsm,2005,4.80529022216797
gab,1971,1.46693003177643
gab,1972,1.62738001346588
gab,1973,1.97766995429993
gab,1974,2.29816007614136
gab,1976,2.63905000686646
gab,1977,2.57739996910095
gab,1978,2.74319005012512
gab,1979,2.59922003746033
gab,1980,2.49439001083374
gab,1981,2.59009003639221
gab,1982,2.58014988899231
gab,1983,2.65798997879028
gab,1984,2.78779006004334
gab,1985,2.86981010437012
gab,1986,3.06703996658325
gab,1987,3.03454995155334
gab,1988,3.07323002815247
gab,1989,2.77117991447449
gab,1994,2.85419988632202
gab,1995,3.16462993621826
gab,1996,3.61577010154724
gab,1997,3.69352006912231
gab,1999,3.56889009475708
gbr,1971,5.33265018463135
gbr,1972,5.3827600479126
gbr,1973,5.40883016586304
gbr,1974,5.72430992126465
gbr,1975,5.72543001174927
gbr,1976,5.71254014968872
gbr,1977,5.70339012145996
gbr,1978,5.66036987304688
gbr,1979,5.63142013549805
gbr,1980,5.5844898223877
gbr,1981,5.6182599067688
gbr,1982,5.69807004928589
gbr,1983,5.79625988006592
gbr,1984,5.83305978775024
gbr,1985,5.89668989181519
gbr,1986,5.87368011474609
gbr,1987,5.86609983444214
gbr,1988,5.87450981140137
gbr,1989,5.85952997207642
gbr,1990,5.84563016891479
gbr,1991,6.04597997665405
gbr,1992,6.27097988128662
gbr,1993,7.08512020111084
gbr,1994,7.19598007202148
gbr,1995,7.21683979034424
gbr,1996,7.14164018630981
gbr,1997,6.98201990127563
gbr,1998,6.91831016540527
gbr,1999,7.08139991760254
gbr,2000,7.12346982955933
gbr,2001,7.1176700592041
gbr,2002,7.16120004653931
gbr,2003,7.03763008117676
gbr,2004,7.23449993133545
gbr,2005,7.27612018585205
gbr,2006,6.78425979614258
gbr,2007,6.72160005569458
gbr,2008,6.79428005218506
gbr,2009,6.93070983886719
gbr,2010,7.13203001022339
gbr,2011,6.50324010848999
gbr,2012,6.40907001495361
gbr,2013,8.35420036315918
gbr,2014,8.55737972259521
geo,1981,8.63212013244629
geo,1986,8.47231960296631
geo,1991,6.70659017562866
geo,1992,6.40666007995605
geo,1993,5.74567985534668
geo,1994,5.67117977142334
geo,1995,5.62023019790649
geo,1996,5.60540008544922
geo,1997,5.66031980514526
geo,1999,5.59823989868164
geo,2000,5.5614800453186
geo,2001,5.58268976211548
geo,2002,5.69142007827759
geo,2003,5.82668018341064
geo,2004,3.96866011619568
geo,2005,4.14868021011353
geo,2006,4.18465995788574
geo,2008,4.58591985702515
geo,2013,5.82160997390747
geo,2014,5.91463994979858
gha,1971,3.6489999294281
gha,1973,3.34883999824524
gha,1974,3.16291999816895
gha,1975,3.05303001403809
gha,1976,3.07542991638184
gha,1977,3.12174010276794
gha,1978,3.1104199886322
gha,1979,3.16087007522583
gha,1980,3.28383994102478
gha,1981,3.38353991508484
gha,1982,3.2700400352478
gha,1983,3.35222005844116
gha,1984,3.3467800617218
gha,1985,3.2063000202179
gha,1987,3.07020998001099
gha,1988,3.29475998878479
gha,1989,2.95354008674622
gha,1990,3.01436996459961
gha,1995,2.90634989738464
gha,1999,2.77799010276794
gha,2000,2.76486992835999
gha,2001,2.59471011161804
gha,2002,2.72164011001587
gha,2003,2.74710011482239
gha,2004,2.95705008506775
gha,2005,3.09859991073608
gha,2006,3.18568992614746
gha,2007,3.50447988510132
gha,2008,3.64974999427795
gha,2009,3.83701992034912
gha,2011,4.29186010360718
gha,2012,4.35281991958618
gha,2013,4.47256994247437
gha,2014,4.21638011932373
gha,2015,4.44369983673096
gin,1971,1.09465003013611
gin,1980,1.54229998588562
gin,1981,1.52040004730225
gin,1982,1.43828999996185
gin,1983,1.44921004772186
gin,1984,1.45138001441956
gin,1985,1.49852001667023
gin,1986,1.41815996170044
gin,1987,1.24037003517151
gin,1989,1.17314004898071
gin,1990,1.08915996551514
gin,1991,1.04931998252869
gin,1993,1.14619994163513
gin,1994,1.17261004447937
gin,1996,1.18343997001648
gin,1999,1.42876994609833
gin,2001,1.84326994419098
gin,2002,2.09576988220215
gin,2003,2.14233994483948
gin,2004,2.46151995658875
gin,2005,2.84768009185791
gin,2006,3.13285994529724
gin,2008,3.18674993515015
gin,2011,3.31405997276306
gin,2014,3.34305000305176
gmb,1971,1.03029000759125
gmb,1973,1.03712999820709
gmb,1974,0.991190016269684
gmb,1975,0.948800027370453
gmb,1976,0.979229986667633
gmb,1977,1.05030000209808
gmb,1978,0.984149992465973
gmb,1979,1.05663001537323
gmb,1980,1.15303003787994
gmb,1981,1.2375500202179
gmb,1983,1.34237003326416
gmb,1984,1.47449994087219
gmb,1985,1.53761994838715
gmb,1986,1.46352005004883
gmb,1987,1.39075005054474
gmb,1988,1.35310995578766
gmb,1989,1.40813004970551
gmb,1990,1.39952003955841
gmb,1991,1.43786001205444
gmb,1992,1.43954002857208
gmb,1993,1.62919998168945
gmb,1994,1.61071002483368
gmb,1995,1.78910994529724
gmb,1996,1.66237998008728
gmb,2008,3.60279011726379
gmb,2009,3.61129999160767
gmb,2010,3.53611993789673
gnb,1971,0.345429986715317
gnb,1972,0.3473100066185
gnb,1976,0.186849996447563
gnb,1977,0.300900012254715
gnb,1978,0.371829986572266
gnb,1979,0.432419985532761
gnb,1980,0.419420003890991
gnb,1981,0.483489990234375
gnb,1982,0.642690002918243
gnb,1983,0.757820010185242
gnb,1984,0.954180002212524
gnb,1985,0.865729987621307
gnb,1987,0.528169989585876
gnb,1988,0.400460004806519
gnb,1989,0.413659989833832
gnb,2000,1.23062002658844
gnq,1971,1.46507000923157
gnq,1976,1.24483001232147
gnq,1993,4.06122016906738
gnq,1994,3.52586007118225
gnq,1999,3.62513995170593
gnq,2000,2.96795010566711
gnq,2002,2.37250995635986
gnq,2005,2.39297008514404
grc,1971,4.2385401725769
grc,1972,4.5952000617981
grc,1973,4.76311016082764
grc,1974,4.94556999206543
grc,1975,5.06812000274658
grc,1976,5.2227897644043
grc,1977,5.284019947052
grc,1978,5.24337005615234
grc,1979,5.15410995483398
grc,1980,5.19095993041992
grc,1981,5.07664012908936
grc,1982,5.25255012512207
grc,1983,4.94352006912231
grc,1984,5.21465015411377
grc,1985,5.36051988601685
grc,1986,5.54934978485107
grc,1987,5.7911901473999
grc,1988,5.84982013702393
grc,1989,5.8635401725769
grc,1990,5.73541021347046
grc,1991,5.71203994750977
grc,1992,5.76629018783569
grc,1993,5.48283004760742
grc,1994,5.66817998886108
grc,1995,5.53947019577026
grc,1996,5.47125005722046
grc,1997,5.41417980194092
grc,1998,5.38822984695435
grc,1999,5.33364009857178
grc,2000,5.23714017868042
grc,2001,5.45590019226074
grc,2002,5.74812984466553
grc,2003,5.61334991455078
grc,2004,5.65196990966797
grc,2005,6.00017023086548
grc,2006,5.99652004241943
grc,2007,5.9371600151062
grc,2010,6.4210000038147
grc,2011,6.32044982910156
grc,2012,6.44605016708374
grc,2013,6.53365993499756
grd,1971,1.62576997280121
grd,1972,2.25886988639832
grd,1977,3.4415500164032
grd,1978,3.56645011901855
grd,1979,3.60044002532959
grd,1980,3.5
grd,1981,2.99295997619629
grd,1982,2.95544004440308
grd,1983,3.07220005989075
grd,1984,3.86529994010925
grd,1985,3.71617007255554
grd,1986,3.67645001411438
grd,1987,3.86804008483887
grd,1988,4.16374015808105
grd,1989,3.98085999488831
grd,1990,4.31774997711182
grd,1991,4.62858009338379
grd,1992,4.65130996704102
grd,1993,4.72493982315063
grd,2002,5.16836023330688
grd,2003,5.78623008728027
grd,2004,5.0289101600647
grd,2005,4.83228015899658
grd,2007,5.50539016723633
grd,2008,5.71677017211914
grd,2009,5.03630018234253
grd,2010,5.31788015365601
grd,2013,5.11824989318848
grd,2014,5.05150985717773
gtm,1970,0.717639982700348
gtm,1971,0.57464998960495
gtm,1972,0.636849999427795
gtm,1973,0.632269978523254
gtm,1974,0.741370022296906
gtm,1975,0.790239989757538
gtm,1976,0.850830018520355
gtm,1977,0.876250028610229
gtm,1978,1.20016002655029
gtm,1979,1.22309005260468
gtm,1980,1.20715999603271
gtm,1981,1.22774004936218
gtm,1982,1.16978001594543
gtm,1983,1.17316997051239
gtm,1993,1.53983998298645
gtm,1996,1.57650995254517
gtm,1998,1.56614995002747
gtm,1999,1.79162001609802
gtm,2000,1.98864996433258
gtm,2001,2.12667989730835
gtm,2002,2.32697010040283
gtm,2004,2.47597002983093
gtm,2005,2.59383010864258
gtm,2006,2.69607996940613
gtm,2007,2.79303002357483
gtm,2008,2.91885995864868
gtm,2009,3.01652002334595
gtm,2010,3.39802002906799
gtm,2011,3.42831993103027
gtm,2012,3.43997001647949
gtm,2013,3.44003009796143
gtm,2014,3.37065005302429
guy,1971,3.39328002929688
guy,1972,3.54390001296997
guy,1973,3.63765001296997
guy,1974,3.65325999259949
guy,1976,3.67486000061035
guy,1984,3.5200400352478
guy,1985,3.690269947052
guy,1986,3.87495994567871
guy,1987,3.9695999622345
guy,1999,4.09766006469727
guy,2001,4.8897500038147
guy,2005,4.9655499458313
guy,2007,4.70629978179932
guy,2008,4.42473983764648
guy,2009,4.51117992401123
guy,2010,4.43264007568359
guy,2011,4.65439987182617
guy,2012,4.50090980529785
hkg,1971,2.83498001098633
hkg,1972,2.93244004249573
hkg,1973,3.03690004348755
hkg,1974,3.16750001907349
hkg,1975,3.4065899848938
hkg,1976,3.54101991653442
hkg,1977,3.63204002380371
hkg,1978,3.74002003669739
hkg,1979,3.8908998966217
hkg,1980,4.12115001678467
hkg,1981,4.32664012908936
hkg,1982,4.46858978271484
hkg,1983,4.64822006225586
hkg,1984,4.78206014633179
hkg,1985,4.96765995025635
hkg,1986,5.00256013870239
hkg,1987,5.10467004776001
hkg,1988,5.1714301109314
hkg,1996,5.45755004882813
hkg,2001,5.45800018310547
hkg,2002,5.47478008270264
hkg,2003,5.47445011138916
hkg,2004,5.56215000152588
hkg,2005,5.63308000564575
hkg,2006,5.6647801399231
hkg,2007,5.83542013168335
hkg,2008,5.98417997360229
hkg,2009,6.10656023025513
hkg,2010,6.2612099647522
hkg,2011,6.21100997924805
hkg,2012,6.39282989501953
hkg,2013,6.11838006973267
hkg,2014,6.11787986755371
hnd,1970,0.678669989109039
hnd,1980,1.44928002357483
hnd,1982,1.49626994132996
hnd,1983,1.65243995189667
hnd,1984,1.55150997638702
hnd,1991,1.52684998512268
hnd,2006,2.85608005523682
hnd,2007,2.83279991149902
hnd,2008,2.83705997467041
hnd,2010,3.27373003959656
hnd,2011,3.30880999565125
hnd,2012,3.2873899936676
hnd,2013,3.2435200214386
hnd,2014,3.16841006278992
hrv,1993,6.32427978515625
hrv,1994,6.62547016143799
hrv,1995,6.45634984970093
hrv,1996,6.42758989334106
hrv,1997,6.53486013412476
hrv,1998,6.66163015365601
hrv,1999,6.77896022796631
hrv,2000,6.80046987533569
hrv,2001,6.83951997756958
hrv,2002,6.94572019577026
hrv,2003,7.08949995040894
hrv,2005,7.44820976257324
hrv,2006,7.79957008361816
hrv,2007,7.89039993286133
hrv,2008,7.84142017364502
hrv,2009,7.93172979354858
hrv,2010,7.7976598739624
hrv,2011,7.84207010269165
hrv,2012,7.84443998336792
hrv,2014,7.83160018920898
hun,1971,6.24644994735718
hun,1972,6.06895017623901
hun,1973,5.99808979034424
hun,1974,5.98138999938965
hun,1975,6.04503011703491
hun,1976,6.1706600189209
hun,1977,6.31127977371216
hun,1978,6.50244998931885
hun,1979,6.73986005783081
hun,1980,6.90365982055664
hun,1981,6.99734020233154
hun,1982,7.02264976501465
hun,1983,6.97833013534546
hun,1984,6.90502023696899
hun,1985,6.93311977386475
hun,1986,7.07503986358643
hun,1987,7.09919023513794
hun,1988,7.12165021896362
hun,1989,7.05672979354858
hun,1990,6.9684100151062
hun,1991,6.80327987670898
hun,1992,6.64927005767822
hun,1994,6.97039985656738
hun,1995,7.00647020339966
hun,1996,7.77406978607178
hun,1997,7.62629985809326
hun,1998,7.35543012619019
hun,1999,7.49974012374878
hun,2000,7.6335301399231
hun,2001,7.78594017028809
hun,2002,7.89889001846313
hun,2003,8.08817958831787
hun,2004,7.71987009048462
hun,2005,7.7469801902771
hun,2006,7.72661018371582
hun,2007,7.73326015472412
hun,2008,7.80821990966797
hun,2009,7.88615989685059
hun,2010,8.03966045379639
hun,2011,8.11367034912109
hun,2012,8.18033027648926
hun,2013,8.47062015533447
hun,2014,8.38140964508057
idn,1970,1.42369997501373
idn,1971,1.39854001998901
idn,1972,1.48372995853424
idn,1973,1.48626005649567
idn,1974,1.50548994541168
idn,1975,1.57407999038696
idn,1976,1.61333000659943
idn,1977,1.67004001140594
idn,1978,1.75987005233765
idn,1981,2.01852011680603
idn,1982,2.16218996047974
idn,1983,2.35537004470825
idn,1984,2.3652400970459
idn,1988,3.2739200592041
idn,1989,3.23470997810364
idn,1990,3.035640001297
idn,1991,2.95145988464355
idn,1992,2.88980007171631
idn,1993,2.88919997215271
idn,1994,2.90223002433777
idn,1995,3.06246995925903
idn,1996,3.24050998687744
idn,1999,3.34188008308411
idn,2000,3.35847997665405
idn,2001,3.37297010421753
idn,2002,3.45574998855591
idn,2003,3.6313099861145
idn,2004,3.72251009941101
idn,2005,3.62118005752563
idn,2006,3.73701000213623
idn,2007,4.21406984329224
idn,2008,4.19246006011963
idn,2009,4.49945020675659
idn,2010,4.57955980300903
idn,2011,4.73315000534058
idn,2012,4.75594997406006
idn,2013,5.02865982055664
idn,2014,4.97105979919434
ind,1971,2.34716010093689
ind,1972,2.36028003692627
ind,1973,2.39153003692627
ind,1975,2.42209005355835
ind,1976,2.43161988258362
ind,1977,2.47452998161316
ind,1978,2.49853992462158
ind,1980,2.68869996070862
ind,1981,2.79857993125916
ind,1982,2.94549989700317
ind,1983,3.02232003211975
ind,1984,3.22097992897034
ind,1986,3.36656999588013
ind,1987,3.3216700553894
ind,1988,3.30395007133484
ind,1989,3.29141998291016
ind,1993,3.89096999168396
ind,1994,3.88176989555359
ind,1995,3.85826992988586
ind,1996,3.84034991264343
ind,1997,3.8413999080658
ind,1999,3.49312996864319
ind,2000,3.63267993927002
ind,2001,3.64758992195129
ind,2002,3.74485993385315
ind,2003,3.81892991065979
ind,2004,3.9488000869751
ind,2005,4.11263990402222
ind,2006,4.15524005889893
ind,2007,4.2778902053833
ind,2008,4.45155000686646
ind,2009,4.31795978546143
ind,2010,4.55664014816284
ind,2011,4.74912023544312
ind,2012,4.92871999740601
ind,2013,4.78981018066406
irl,1971,3.53369998931885
irl,1972,3.6782500743866
irl,1973,3.85332989692688
irl,1974,3.99506998062134
irl,1975,4.11184978485107
irl,1976,4.20209980010986
irl,1977,4.23517990112305
irl,1978,4.22654008865356
irl,1979,4.22613000869751
irl,1980,4.23950004577637
irl,1981,4.36693000793457
irl,1982,4.55991983413696
irl,1983,4.70106983184814
irl,1984,4.73360013961792
irl,1985,4.74457979202271
irl,1986,4.78851985931396
irl,1987,4.76538991928101
irl,1988,4.70151996612549
irl,1989,4.61258983612061
irl,1990,4.56445980072021
irl,1991,4.59681987762451
irl,1992,4.72134017944336
irl,1993,5.22981977462769
irl,1994,5.32246017456055
irl,1995,5.33499002456665
irl,1996,5.25830984115601
irl,1997,5.28166007995605
irl,1998,4.91785001754761
irl,1999,4.88561010360718
irl,2000,4.82540988922119
irl,2001,4.78704977035522
irl,2002,4.8652400970459
irl,2003,5.00790023803711
irl,2004,5.18221998214722
irl,2005,5.23880004882813
irl,2006,5.31831979751587
irl,2007,5.43544006347656
irl,2008,5.54998016357422
irl,2009,5.75117015838623
irl,2010,5.97851991653442
irl,2011,5.9913501739502
irl,2012,6.19202995300293
irn,1971,2.02363991737366
irn,1972,2.63629007339478
irn,1973,2.79337000846863
irn,1974,2.98593997955322
irn,1975,3.25366997718811
irn,1976,3.46538996696472
irn,1977,3.62368011474609
irn,1985,3.63868999481201
irn,1988,4.03790998458862
irn,1990,4.39168977737427
irn,1991,4.38281011581421
irn,1992,4.69817018508911
irn,1993,4.99533987045288
irn,1994,5.29856014251709
irn,1995,5.4023699760437
irn,1997,5.49008989334106
irn,1999,5.67218017578125
irn,2000,5.67873001098633
irn,2001,5.61829996109009
irn,2002,5.59474992752075
irn,2003,5.5432300567627
irn,2004,5.45003986358643
irn,2005,5.4074501991272
irn,2006,5.49731016159058
irn,2007,5.39915990829468
irn,2008,5.72468996047974
irn,2009,5.85170984268188
irn,2010,5.76999998092651
irn,2011,5.9652099609375
irn,2012,6.13978004455566
irn,2013,5.25315999984741
irn,2014,5.2691798210144
irq,1971,1.96530997753143
irq,1972,2.04622006416321
irq,1973,2.28819990158081
irq,1974,2.48081994056702
irq,1975,2.957200050354
irq,1976,3.1298999786377
irq,1977,3.35399007797241
irq,1978,3.84521007537842
irq,1979,4.28723001480103
irq,1980,4.61831998825073
irq,1981,4.51011991500854
irq,1982,4.56314992904663
irq,1983,4.02437019348145
irq,1984,3.68406009674072
irq,1985,3.9532299041748
irq,1986,3.94074988365173
irq,1987,3.82835006713867
irq,1988,3.63331007957459
irq,1989,3.5244300365448
irq,1993,3.07814002037048
irq,1996,2.86326003074646
irq,1999,2.56635999679565
irq,2000,2.80204010009766
irq,2001,2.77558994293213
irq,2003,2.99928998947144
irq,2004,3.47089004516602
irq,2007,3.74745011329651
isl,1971,6.10668992996216
isl,1975,6.04074001312256
isl,1976,6.15213012695313
isl,1977,6.16918992996216
isl,1980,5.70652008056641
isl,1981,6.26597023010254
isl,1983,6.40455007553101
isl,1984,6.55154991149902
isl,1986,6.73634004592896
isl,1988,6.81094980239868
isl,1989,6.94210004806519
isl,1991,7.09438991546631
isl,1992,7.20888996124268
isl,1993,7.24179983139038
isl,1994,7.25319004058838
isl,1995,7.30280017852783
isl,1996,7.32997989654541
isl,1998,7.815269947052
isl,1999,7.46738004684448
isl,2000,7.31275987625122
isl,2001,7.3464298248291
isl,2002,7.634850025177
isl,2003,7.82791996002197
isl,2004,7.47410011291504
isl,2005,7.57597017288208
isl,2006,7.57669019699097
isl,2007,7.43498992919922
isl,2008,7.52954006195068
isl,2009,7.46091985702515
isl,2010,7.60237979888916
isl,2011,7.57850980758667
isl,2012,7.82431983947754
isr,1973,4.40352010726929
isr,1974,4.41202020645142
isr,1975,4.38781023025513
isr,1976,4.38505983352661
isr,1977,4.44477987289429
isr,1978,4.54770994186401
isr,1979,4.59905004501343
isr,1980,4.68359994888306
isr,1983,5.09385013580322
isr,1984,5.16611003875732
isr,1985,5.23850011825562
isr,1986,5.13635015487671
isr,1987,5.16219997406006
isr,1988,5.19253015518188
isr,1989,5.21329021453857
isr,1990,5.16680002212524
isr,1991,5.28194999694824
isr,1992,5.39296007156372
isr,1993,5.33933019638062
isr,1994,5.31663990020752
isr,1999,6.04084014892578
isr,2000,6.17835998535156
isr,2001,6.25461006164551
isr,2002,6.40299987792969
isr,2003,6.39407014846802
isr,2004,6.28207015991211
isr,2005,6.30340003967285
isr,2006,6.30873012542725
isr,2007,6.25178003311157
isr,2008,6.13056993484497
isr,2009,6.06506013870239
isr,2010,6.06381988525391
isr,2011,6.05378007888794
isr,2012,6.01681995391846
isr,2013,6.04497003555298
isr,2014,6.07846021652222
ita,1971,5.21752023696899
ita,1972,5.39481019973755
ita,1973,5.5693302154541
ita,1974,5.68411016464233
ita,1975,5.70815992355347
ita,1976,5.92628002166748
ita,1977,6.02242994308472
ita,1978,6.04209995269775
ita,1979,5.99095010757446
ita,1980,5.92357015609741
ita,1981,5.872230052948
ita,1982,5.82893991470337
ita,1983,5.85791015625
ita,1984,5.89035987854004
ita,1985,5.94400978088379
ita,1986,6.03040981292725
ita,1987,6.1253399848938
ita,1988,6.22268009185791
ita,1989,6.31363010406494
ita,1990,6.41493988037109
ita,1991,6.49856996536255
ita,1992,6.59802007675171
ita,1993,6.69415998458862
ita,1994,7.01964998245239
ita,1995,7.11652994155884
ita,1996,7.17168998718262
ita,1997,7.22289991378784
ita,1998,7.24735021591187
ita,1999,7.36046981811523
ita,2000,7.52917003631592
ita,2001,7.71362018585205
ita,2002,7.88290977478027
ita,2003,7.93216991424561
ita,2004,7.83582019805908
ita,2005,7.86898994445801
ita,2006,7.92953014373779
ita,2007,7.98331022262573
ita,2008,8.06698989868164
ita,2009,8.09340000152588
ita,2010,8.2288703918457
ita,2011,8.28707981109619
ita,2012,8.20911979675293
ita,2013,8.25063991546631
jam,1973,3.48330998420715
jam,1974,3.13798999786377
jam,1975,3.30889010429382
jam,1976,3.63633990287781
jam,1977,3.81045007705688
jam,1979,4.22962999343872
jam,1980,4.3321099281311
jam,1981,4.20853996276855
jam,1983,4.05618000030518
jam,1984,3.96455001831055
jam,1985,4.04477977752686
jam,1986,3.87339997291565
jam,1987,4.07463979721069
jam,1988,4.34743022918701
jam,1989,4.26036977767944
jam,1991,4.69899988174438
jam,1993,4.5068302154541
jam,1999,4.36261987686157
jam,2000,4.29426002502441
jam,2001,4.25299978256226
jam,2002,4.23629999160767
jam,2003,4.228600025177
jam,2004,4.47259998321533
jam,2005,4.41715002059937
jam,2007,4.51660013198853
jam,2008,4.58377981185913
jam,2009,4.71239995956421
jam,2010,4.45318984985352
jam,2011,4.46240997314453
jam,2013,4.0050802230835
jam,2014,3.97481989860535
jor,1971,3.51678991317749
jor,1972,3.49498009681702
jor,1973,3.61418008804321
jor,1974,3.81017994880676
jor,1975,4.07576990127563
jor,1976,4.42744016647339
jor,1977,4.67008018493652
jor,1978,4.92141008377075
jor,1979,4.9821400642395
jor,1980,4.84904003143311
jor,1981,4.94660997390747
jor,1982,4.88131999969482
jor,1983,4.84733009338379
jor,1984,4.80425977706909
jor,1985,4.79020023345947
jor,1986,4.53427982330322
jor,1987,4.47250986099243
jor,1988,4.43021011352539
jor,1989,4.42770004272461
jor,1990,4.54112005233765
jor,1991,4.65053987503052
jor,1992,4.7051100730896
jor,1993,4.69193983078003
jor,1994,4.77953004837036
jor,1996,4.98954010009766
jor,1999,5.03774976730347
jor,2000,5.05315017700195
jor,2002,5.28301000595093
jor,2003,5.34639978408813
jor,2004,5.35756015777588
jor,2005,5.36029005050659
jor,2006,5.43090009689331
jor,2007,5.47821998596191
jor,2008,5.49561023712158
jor,2010,5.23576021194458
jor,2011,5.04591989517212
jor,2012,4.93598985671997
jpn,1971,5.20581007003784
jpn,1972,5.27489995956421
jpn,1973,5.38992977142334
jpn,1974,5.4636402130127
jpn,1975,5.50404977798462
jpn,1976,5.53051996231079
jpn,1977,5.57102012634277
jpn,1978,5.57920980453491
jpn,1979,5.56841993331909
jpn,1980,5.49318981170654
jpn,1981,5.57256984710693
jpn,1982,5.63315010070801
jpn,1983,5.62696981430054
jpn,1984,5.55347013473511
jpn,1985,5.63858985900879
jpn,1986,5.68977022171021
jpn,1987,5.67417001724243
jpn,1988,5.66545009613037
jpn,1989,5.66479015350342
jpn,1990,5.67129993438721
jpn,1991,5.81600999832153
jpn,1992,5.8585000038147
jpn,1993,5.83139991760254
jpn,1994,6.01740980148315
jpn,1995,6.00765991210938
jpn,1998,6.02059984207153
jpn,1999,6.03402996063232
jpn,2000,6.07622003555298
jpn,2001,6.12197017669678
jpn,2002,6.13612985610962
jpn,2003,6.10057020187378
jpn,2004,6.06429004669189
jpn,2005,6.05373001098633
jpn,2006,6.04504013061523
jpn,2007,6.01399993896484
jpn,2008,6.0319299697876
jpn,2009,6.04355001449585
jpn,2010,6.08445978164673
jpn,2011,6.09033012390137
jpn,2012,6.09286022186279
jpn,2013,6.10421991348267
kaz,1993,6.54933977127075
kaz,1997,6.07392978668213
kaz,1998,6.15194988250732
kaz,1999,6.51876020431519
kaz,2000,6.33352994918823
kaz,2006,7.02444982528687
kaz,2010,6.94866991043091
kaz,2011,7.04114007949829
kaz,2012,7.17529010772705
kaz,2013,7.16282987594604
kaz,2014,7.3541898727417
kaz,2015,7.49121999740601
ken,1970,1.60707998275757
ken,1971,1.65181005001068
ken,1972,1.7103099822998
ken,1973,1.73991000652313
ken,1974,1.82737994194031
ken,1975,1.90680003166199
ken,1980,2.47016000747681
ken,1981,2.39114999771118
ken,1982,2.39520001411438
ken,1983,2.48957991600037
ken,1984,2.56020998954773
ken,1985,3.17180991172791
ken,1986,3.06742000579834
ken,1987,3.21477007865906
ken,1988,3.14885997772217
ken,1999,2.40998005867004
ken,2000,2.46147990226746
ken,2001,2.53415989875793
ken,2002,2.54180002212524
ken,2003,2.55764007568359
ken,2004,2.92827010154724
ken,2005,2.94082999229431
ken,2006,3.11907005310059
ken,2007,3.38861989974976
ken,2008,3.75004005432129
ken,2009,3.84454989433289
ken,2012,4.28699016571045
kgz,1981,7.8217601776123
kgz,1986,7.7525200843811
kgz,1989,7.42761993408203
kgz,1990,7.17655992507935
kgz,1991,6.91977977752686
kgz,1992,6.81084012985229
kgz,1999,5.7468900680542
kgz,2000,5.79542016983032
kgz,2001,5.95301008224487
kgz,2002,5.88692998886108
kgz,2003,6.22950983047485
kgz,2004,6.13810014724731
kgz,2005,6.04244995117188
kgz,2006,6.04031991958618
kgz,2007,6.02687978744507
kgz,2008,5.95293998718262
kgz,2009,5.88410997390747
kgz,2010,5.90210008621216
kgz,2011,6.1492600440979
kgz,2013,6.08168983459473
kgz,2014,6.35897016525269
khm,1971,0.699169993400574
khm,1998,1.45375001430511
khm,1999,1.35109996795654
khm,2000,1.3827999830246
khm,2001,1.45770001411438
khm,2002,1.70702004432678
khm,2003,2.00669002532959
khm,2004,2.1942400932312
khm,2006,2.66071009635925
khm,2007,2.86934995651245
khm,2008,2.99858999252319
kir,1970,0.824609994888306
kir,1971,0.881099998950958
kir,1972,0.889230012893677
kir,1973,0.893869996070862
kir,1974,0.906759977340698
kir,1975,0.975489974021912
kir,1977,1.06222999095917
kir,1978,1.22194004058838
kir,1979,1.48768997192383
kir,1980,1.80720996856689
kir,1981,1.33359003067017
kir,1982,1.30464005470276
kir,1983,1.29212999343872
kir,1984,1.44886994361877
kir,1985,1.4889600276947
kir,1986,1.6287100315094
kir,1987,1.82623994350433
kir,1988,1.94157004356384
kir,1989,2.32962989807129
kir,1990,2.24380993843079
kir,1991,2.07817006111145
kir,1992,2.22586011886597
kir,1995,2.16834998130798
kir,1996,2.40779995918274
kir,1998,2.72460007667542
kir,1999,3.16701006889343
kir,2000,3.39003992080688
kir,2001,4.27794981002808
kir,2002,4.59357023239136
kir,2003,4.97957992553711
kir,2004,4.99658012390137
kir,2005,5.05928993225098
kir,2006,4.83029985427856
kir,2007,4.86647987365723
kir,2008,4.9760799407959
kna,1984,4.0136399269104
kna,1985,4.21441984176636
kna,1986,4.21033000946045
kna,1987,4.20429992675781
kna,1988,4.37709999084473
kna,1989,4.46155977249146
kna,1992,4.86840009689331
kna,1993,4.87951993942261
kna,2000,4.96828985214233
kna,2001,4.44970989227295
kna,2002,4.33781003952026
kna,2003,4.04732990264893
kna,2004,3.96526002883911
kna,2005,4.23600006103516
kna,2007,5.21522998809814
kna,2008,4.96190977096558
kna,2009,4.73321008682251
kna,2010,4.87974977493286
kna,2011,4.63250017166138
kna,2012,3.86107993125916
kna,2013,4.66414022445679
kna,2014,4.53052997589111
kor,1971,2.96895003318787
kor,1972,3.15309000015259
kor,1973,3.3408899307251
kor,1974,3.5775101184845
kor,1975,3.80588006973267
kor,1976,4.05354976654053
kor,1977,4.30039978027344
kor,1978,4.49567985534668
kor,1979,4.70945978164673
kor,1980,4.97177982330322
kor,1981,5.20318984985352
kor,1982,5.22384023666382
kor,1983,5.31686019897461
kor,1984,5.53292989730835
kor,1985,5.60698986053467
kor,1986,5.65653991699219
kor,1987,5.69041013717651
kor,1988,5.66216993331909
kor,1989,5.65918016433716
kor,1990,5.63542985916138
kor,1991,5.60821008682251
kor,1992,5.58172988891602
kor,1993,5.70541000366211
kor,1994,5.995689868927
kor,1995,6.05959987640381
kor,1996,6.18226003646851
kor,1997,6.21288013458252
kor,1998,5.97154998779297
kor,1999,5.92688989639282
kor,2000,5.88893985748291
kor,2001,5.68655014038086
kor,2002,5.49936008453369
kor,2003,5.40387010574341
kor,2004,5.44821977615356
kor,2005,5.6671199798584
kor,2006,5.91345977783203
kor,2007,6.00695991516113
kor,2008,5.9893798828125
kor,2009,5.92200994491577
kor,2010,5.78352022171021
kor,2011,5.76457977294922
kor,2012,5.79413986206055
kor,2013,5.89555978775024
kwt,1971,5.83447980880737
kwt,1972,5.73830986022949
kwt,1973,5.52196979522705
kwt,1974,5.35158014297485
kwt,1975,5.26623010635376
kwt,1976,5.33062982559204
kwt,1977,6.09540987014771
kwt,1978,6.21658992767334
kwt,1979,6.43432998657227
kwt,1980,6.63831996917725
kwt,1981,6.87054014205933
kwt,1982,7.02650022506714
kwt,1983,7.20475006103516
kwt,1984,7.33129978179932
kwt,1985,7.43452978134155
kwt,1986,7.50550985336304
kwt,1987,7.22312021255493
kwt,1988,6.84511995315552
kwt,1989,6.66707992553711
kwt,1990,6.5127100944519
kwt,1992,4.1838002204895
kwt,1993,4.91605997085571
kwt,1994,5.85522985458374
kwt,1995,7.10790014266968
kwt,1996,8.33975028991699
kwt,1997,8.14048004150391
kwt,1998,8.0682201385498
kwt,1999,8.00842952728271
kwt,2000,7.76239013671875
kwt,2001,7.59720993041992
kwt,2003,7.77430009841919
kwt,2004,7.92487001419067
kwt,2005,7.22139978408813
kwt,2006,7.03965997695923
kwt,2007,7.06496000289917
kwt,2008,6.8290901184082
kwt,2009,6.71590995788574
kwt,2010,6.69712018966675
kwt,2011,6.67803001403809
kwt,2012,6.26798009872437
kwt,2013,6.24108982086182
kwt,2014,6.22767019271851
lao,1971,0.378769993782043
lao,1972,0.421310007572174
lao,1973,0.449200004339218
lao,1977,0.925589978694916
lao,1978,1.16734004020691
lao,1979,1.34779000282288
lao,1980,1.35274994373322
lao,1981,1.42998003959656
lao,1986,1.48195004463196
lao,1988,1.67724001407623
lao,1990,1.64978003501892
lao,1992,1.56126999855042
lao,1993,1.73696994781494
lao,1994,1.84981000423431
lao,1995,1.76997995376587
lao,1996,1.78290998935699
lao,1997,2.04474997520447
lao,1998,2.18745994567871
lao,1999,2.41758990287781
lao,2000,2.56003999710083
lao,2001,2.67943000793457
lao,2002,2.87491989135742
lao,2003,3.03842997550964
lao,2004,3.14580988883972
lao,2005,3.15086007118225
lao,2006,3.03059005737305
lao,2007,3.00146007537842
lao,2008,2.90377998352051
lao,2009,2.99187994003296
lao,2010,3.03514003753662
lao,2011,3.40482997894287
lao,2012,3.572429895401
lao,2013,3.81852006912231
lao,2014,4.16732978820801
lbn,1971,3.5036199092865
lbn,1973,3.3319399356842
lbn,1982,4.78636980056763
lbn,1985,4.68580007553101
lbn,1992,4.58891010284424
lbn,1994,4.68489980697632
lbn,1995,4.85978984832764
lbn,1996,5.09040021896362
lbn,1997,5.2554497718811
lbn,1998,5.90948009490967
lbn,1999,5.95194005966187
lbn,2000,6.13833999633789
lbn,2001,5.03067016601563
lbn,2002,5.14182996749878
lbn,2003,5.15917015075684
lbn,2004,5.02084016799927
lbn,2005,4.81392002105713
lbn,2006,4.66937017440796
lbn,2007,4.56622982025146
lbn,2008,4.55179023742676
lbn,2009,4.6201000213623
lbn,2010,4.47435998916626
lbn,2011,4.55105018615723
lbn,2012,4.24411010742188
lbn,2013,4.08096981048584
lbr,1970,0.880890011787415
lbr,1971,0.9617800116539
lbr,1972,1.12144005298615
lbr,1975,1.50030994415283
lbr,1976,1.34029996395111
lbr,1978,1.81482005119324
lbr,1979,1.99520003795624
lbr,1980,1.96424996852875
lbr,1999,2.28894996643066
lbr,2000,2.44338011741638
lbr,2011,2.9722900390625
lbr,2014,2.92027997970581
lby,1971,2.18224000930786
lby,1972,2.33712005615234
lby,1973,2.74324011802673
lby,1974,3.27878999710083
lby,1975,3.60509991645813
lby,1976,4.17145013809204
lby,1977,4.68261003494263
lby,1978,4.72384023666382
lby,1979,5.01294994354248
lby,1980,5.14398002624512
lby,1981,5.07196998596191
lby,1983,4.94479990005493
lby,1986,4.61010980606079
lby,2002,6.29311990737915
lby,2003,6.09988021850586
lby,2005,5.20413017272949
lby,2006,5.61320018768311
lca,1972,1.288409948349
lca,1973,1.30015003681183
lca,1977,1.3135199546814
lca,1981,1.19848001003265
lca,1982,1.33194005489349
lca,1983,1.4186999797821
lca,1984,1.36301004886627
lca,1985,1.44555997848511
lca,1986,1.5873099565506
lca,1987,1.65741002559662
lca,1990,1.96849000453949
lca,1991,2.1834499835968
lca,1992,2.43462991714478
lca,1993,2.59192991256714
lca,1997,3.28106999397278
lca,1999,3.19671010971069
lca,2000,3.23150992393494
lca,2001,3.32388997077942
lca,2002,3.25236010551453
lca,2003,3.363529920578
lca,2004,3.76012992858887
lca,2005,3.58411002159119
lca,2006,3.80486011505127
lca,2007,4.18313980102539
lca,2008,4.59899997711182
lca,2009,4.71740007400513
lca,2010,4.78770017623901
lca,2011,4.75728988647461
lca,2012,4.56069993972778
lca,2013,4.40845012664795
lca,2014,4.33566999435425
lie,2003,8.46774959564209
lie,2004,8.30655956268311
lie,2006,8.07612037658691
lie,2007,7.93468999862671
lie,2008,7.96422004699707
lie,2009,7.82905006408691
lie,2010,8.30447006225586
lie,2011,8.42961978912354
lie,2012,8.34422016143799
lie,2014,8.88329029083252
lka,1976,3.25006008148193
lka,1981,3.6211199760437
lka,1982,3.6482400894165
lka,1983,3.79824995994568
lka,1984,3.94501996040344
lka,1985,4.06352996826172
lka,1986,4.2115797996521
lka,1987,5.22969007492065
lka,1988,5.35446977615356
lka,1989,5.46292018890381
lka,1990,5.53619003295898
lka,1991,5.48516988754272
lka,1992,5.62935018539429
lka,1993,5.73741006851196
lka,1994,5.84573984146118
lka,1995,5.88222980499268
lka,2010,7.71731996536255
lka,2011,7.85676002502441
lka,2012,7.71825981140137
lka,2013,7.78626012802124
lso,1970,0.560079991817474
lso,1971,0.365179985761642
lso,1972,0.400169998407364
lso,1973,0.574180006980896
lso,1975,0.548600018024445
lso,1976,0.564209997653961
lso,1977,0.611519992351532
lso,1978,0.609899997711182
lso,1979,0.66541999578476
lso,1980,0.701740026473999
lso,1981,0.769439995288849
lso,1982,0.798389971256256
lso,1983,0.908640027046204
lso,1984,0.962260007858276
lso,1985,0.996710002422333
lso,1986,1.00218999385834
lso,1987,0.937940001487732
lso,1988,1.06692004203796
lso,1989,1.00821995735168
lso,1990,1.07992005348206
lso,1991,1.07701003551483
lso,1992,1.10747003555298
lso,1993,1.15043997764587
lso,1994,1.26315999031067
lso,1996,1.34975004196167
lso,1997,1.31543004512787
lso,1998,1.42788994312286
lso,1999,1.46702003479004
lso,2000,1.46150004863739
lso,2001,1.56344997882843
lso,2002,1.59516000747681
lso,2003,1.61945998668671
lso,2004,1.71926999092102
lso,2005,1.78673005104065
lso,2006,1.73129999637604
lso,2007,1.78156995773315
lso,2008,1.84546005725861
lso,2009,1.94517004489899
lso,2010,2.14106011390686
lso,2011,2.16111993789673
lso,2012,2.27396988868713
lso,2013,2.22504997253418
lso,2014,2.22036004066467
ltu,1993,6.82416009902954
ltu,1995,6.53534984588623
ltu,1996,6.91901016235352
ltu,1997,7.16120004653931
ltu,1998,7.30101013183594
ltu,1999,7.60496997833252
ltu,2000,7.90097999572754
ltu,2001,8.15135955810547
ltu,2002,8.49948024749756
ltu,2003,8.7354097366333
ltu,2004,8.43649959564209
ltu,2005,8.38158988952637
ltu,2006,8.22511005401611
ltu,2007,8.14350032806396
ltu,2008,8.07384967803955
ltu,2009,8.01653957366943
ltu,2010,8.11795997619629
ltu,2011,8.15272045135498
ltu,2012,8.21854019165039
ltu,2013,8.50876045227051
ltu,2014,8.57680034637451
lux,1971,3.44073009490967
lux,1972,3.42184996604919
lux,1973,3.43552994728088
lux,1974,3.40097999572754
lux,1975,4.09577989578247
lux,1976,4.21892976760864
lux,1977,4.27735996246338
lux,1978,4.43777990341187
lux,1979,4.40916013717651
lux,1980,4.38428020477295
lux,1981,5.65326023101807
lux,1982,5.2632098197937
lux,1983,5.41179990768433
lux,1984,5.48169994354248
lux,1986,5.29696989059448
lux,1987,5.24309015274048
lux,1988,4.76461982727051
lux,1992,4.7656102180481
lux,1993,4.93397998809814
lux,1994,5.18045997619629
lux,1995,5.77440023422241
lux,1996,6.00492000579834
lux,1997,6.0907301902771
lux,1998,6.19221019744873
lux,1999,6.6652398109436
lux,2000,6.60769987106323
lux,2001,6.61706018447876
lux,2002,6.55966997146606
lux,2003,6.58550977706909
lux,2004,6.55864000320435
lux,2005,6.51904010772705
lux,2006,6.61432981491089
lux,2007,6.67884016036987
lux,2008,6.75945997238159
lux,2010,7.01700019836426
lux,2011,6.98978996276855
lux,2012,6.90515995025635
lux,2013,7.05740976333618
lva,1991,7.33267021179199
lva,1992,7.08384990692139
lva,1993,7.04598999023438
lva,1994,6.82600021362305
lva,1995,6.86651992797852
lva,1996,6.77361011505127
lva,1997,6.67679977416992
lva,1998,6.78640985488892
lva,1999,6.92011976242065
lva,2000,7.20378017425537
lva,2001,7.43942022323608
lva,2002,7.70216989517212
lva,2003,7.86494016647339
lva,2004,8.10124969482422
lva,2005,8.27157974243164
lva,2006,8.20061016082764
lva,2007,6.18004989624023
lva,2008,6.14725017547607
lva,2009,5.72699022293091
lva,2010,5.77155017852783
lva,2011,5.81037998199463
lva,2012,5.79837989807129
lva,2013,6.37171983718872
lva,2014,6.61370992660522
mac,1971,1.3518500328064
mac,1972,1.13493001461029
mac,1973,1.04505002498627
mac,1974,1.21219003200531
mac,1990,3.46286988258362
mac,1992,3.87772011756897
mac,1993,4.01941013336182
mac,1999,4.9264497756958
mac,2000,5.21767997741699
mac,2001,5.42162990570068
mac,2002,5.65157985687256
mac,2003,5.88147020339966
mac,2004,6.24752998352051
mac,2005,6.31427001953125
mac,2006,6.38529014587402
mac,2007,6.0603199005127
mac,2008,5.48399019241333
mac,2009,5.30927991867065
mac,2010,5.40089988708496
mac,2011,5.54718017578125
mac,2012,5.48624992370605
mac,2013,5.45659017562866
mac,2014,5.46181011199951
mar,1971,1.11758995056152
mar,1972,1.11012995243073
mar,1974,1.14408004283905
mar,1975,1.22272002696991
mar,1976,1.45724999904633
mar,1977,1.51953995227814
mar,1978,1.6157900094986
mar,1979,1.74882996082306
mar,1980,1.77734005451202
mar,1981,1.90463995933533
mar,1982,2.16301989555359
mar,1983,2.21759009361267
mar,1984,2.36016011238098
mar,1985,2.57714009284973
mar,1986,2.84114003181458
mar,1987,2.95408010482788
mar,1988,3.17055010795593
mar,1989,3.13396000862122
mar,1990,3.05942010879517
mar,1991,2.49978995323181
mar,1992,2.558109998703
mar,1993,2.57951998710632
mar,1994,2.61176991462708
mar,1995,2.6445300579071
mar,1996,2.63832998275757
mar,1997,2.58886003494263
mar,1998,2.46525001525879
mar,1999,2.54469990730286
mar,2000,2.63274002075195
mar,2001,2.66675996780396
mar,2002,2.81451010704041
mar,2003,2.96643996238709
mar,2004,3.16390991210938
mar,2005,3.22387003898621
mar,2006,3.377769947052
mar,2007,3.55897998809814
mar,2008,3.70071005821228
mar,2009,3.90700006484985
mar,2010,4.03001022338867
mar,2011,4.22742986679077
mar,2012,4.46189022064209
mda,1990,6.29709005355835
mda,1991,6.0634298324585
mda,1992,5.66660022735596
mda,1993,5.62250995635986
mda,1994,5.5861701965332
mda,1995,5.60968017578125
mda,1996,5.53269004821777
mda,1997,5.50041007995605
mda,1999,5.8609299659729
mda,2000,5.63095998764038
mda,2001,5.66453981399536
mda,2002,5.80511999130249
mda,2003,5.90829992294312
mda,2004,6.01033020019531
mda,2005,6.07709980010986
mda,2006,6.13566017150879
mda,2007,6.10559988021851
mda,2008,6.09790992736816
mda,2009,6.09146976470947
mda,2010,6.06544017791748
mda,2011,6.04306983947754
mda,2012,6.07253980636597
mda,2013,6.06469011306763
mda,2014,6.01500988006592
mdg,1971,0.940590023994446
mdg,1972,0.949620008468628
mdg,1974,0.914629995822906
mdg,1988,1.5594300031662
mdg,1989,1.35669994354248
mdg,1990,1.31547999382019
mdg,2005,1.62284004688263
mdg,2006,1.71640002727509
mdg,2007,2.00068998336792
mdg,2008,2.16925001144409
mdg,2009,2.29732990264893
mdg,2011,2.62782001495361
mdg,2012,2.8189799785614
mdg,2014,2.82123994827271
mdv,1970,0.176229998469353
mdv,1971,0.154980003833771
mdv,1994,3.48438000679016
mdv,1995,3.61351990699768
mdv,1996,3.85442996025085
mdv,1997,4.4050498008728
mdv,1998,1.66758000850677
mdv,1999,2.07376003265381
mdv,2000,2.61151003837585
mdv,2001,3.08769011497498
mdv,2002,2.9070999622345
mdv,2003,3.305340051651
mdv,2004,3.34879994392395
mex,1971,1.55235004425049
mex,1972,1.60865998268127
mex,1974,1.99893999099731
mex,1975,2.17874002456665
mex,1976,2.47970008850098
mex,1977,2.4909999370575
mex,1978,2.54261994361877
mex,1979,2.79383993148804
mex,1980,2.95993995666504
mex,1981,3.07017993927002
mex,1982,3.32344007492065
mex,1983,3.44279003143311
mex,1984,3.48495006561279
mex,1985,3.48017001152039
mex,1986,3.41679000854492
mex,1987,3.41487002372742
mex,1988,3.3113899230957
mex,1989,3.25525999069214
mex,1990,3.17700004577637
mex,1991,3.11291003227234
mex,1992,3.17256999015808
mex,1993,3.18747997283936
mex,1994,3.26609992980957
mex,1995,3.39787006378174
mex,1996,3.56451988220215
mex,1997,3.71866989135742
mex,1998,3.92104005813599
mex,1999,4.05835008621216
mex,2000,4.19556999206543
mex,2001,4.19528007507324
mex,2002,4.34019994735718
mex,2003,4.48530006408691
mex,2004,4.57945013046265
mex,2005,4.61740016937256
mex,2006,4.71026992797852
mex,2007,4.76136016845703
mex,2008,4.845290184021
mex,2009,4.79712009429932
mex,2010,4.85787010192871
mex,2011,4.89453983306885
mex,2012,5.00374984741211
mex,2013,5.15437984466553
mex,2014,5.36183977127075
mhl,1999,3.94342994689941
mhl,2002,4.40718984603882
mhl,2003,4.12103986740112
mhl,2004,4.56098985671997
mhl,2005,4.53752994537354
mhl,2006,5.02513980865479
mhl,2007,5.43963003158569
mhl,2008,5.86419010162354
mhl,2009,6.08615016937256
mkd,1993,6.07611989974976
mkd,1994,6.10575008392334
mkd,1995,6.21062994003296
mkd,1996,6.3120698928833
mkd,1997,6.38064002990723
mkd,1998,6.50362014770508
mkd,1999,6.59919023513794
mkd,2000,6.74027013778687
mkd,2001,6.78362989425659
mkd,2002,6.74458980560303
mkd,2003,6.82320022583008
mkd,2004,6.84329986572266
mkd,2005,6.9138298034668
mkd,2007,6.8976001739502
mkd,2008,6.86307001113892
mkd,2009,6.7667498588562
mkd,2010,6.76801013946533
mkd,2012,6.630539894104
mli,1971,0.433079987764359
mli,1972,0.411790013313293
mli,1973,0.453179985284805
mli,1974,0.480439990758896
mli,1976,0.591790020465851
mli,1978,0.723980009555817
mli,1979,0.779410004615784
mli,1980,0.765399992465973
mli,1981,0.598630011081696
mli,1982,0.702929973602295
mli,1983,0.640980005264282
mli,1984,0.64112001657486
mli,1987,0.506510019302368
mli,1988,0.539979994297028
mli,1989,0.547980010509491
mli,1990,0.538359999656677
mli,1991,0.597959995269775
mli,1992,0.696959972381592
mli,1993,0.658770024776459
mli,1994,0.756980001926422
mli,1995,0.847899973392487
mli,1996,0.875450015068054
mli,1997,0.96628999710083
mli,1998,1.04118001461029
mli,1999,1.15846002101898
mli,2000,1.31675004959106
mli,2003,1.68116998672485
mli,2004,1.76584005355835
mli,2005,1.87478995323181
mli,2006,2.00933003425598
mli,2007,2.13977003097534
mli,2008,2.38722991943359
mli,2009,2.5833899974823
mli,2010,2.70990991592407
mli,2011,2.81746006011963
mli,2013,2.73497009277344
mli,2014,2.94586992263794
mlt,1971,3.507159948349
mlt,1972,4.35508012771606
mlt,1973,4.32702016830444
mlt,1974,4.52386999130249
mlt,1975,5.11277008056641
mlt,1976,5.27041006088257
mlt,1977,5.16892004013062
mlt,1978,5.1598801612854
mlt,1979,5.17725992202759
mlt,1980,5.4840202331543
mlt,1981,5.42756986618042
mlt,1982,5.92947006225586
mlt,1983,6.11303997039795
mlt,1984,6.30913019180298
mlt,1985,6.0119800567627
mlt,1986,5.86042022705078
mlt,1987,5.71794986724854
mlt,1988,5.79242992401123
mlt,1989,5.97141981124878
mlt,1990,6.12619018554688
mlt,1991,6.08620977401733
mlt,1992,6.32320022583008
mlt,1993,6.27058982849121
mlt,1994,6.35685014724731
mlt,1995,6.35949993133545
mlt,1996,6.09584999084473
mlt,1997,6.30237007141113
mlt,1998,6.36140012741089
mlt,1999,6.46148014068604
mlt,2000,6.40456008911133
mlt,2001,6.45415019989014
mlt,2002,6.34266996383667
mlt,2003,6.42190980911255
mlt,2004,7.3796501159668
mlt,2005,7.11751985549927
mlt,2006,6.78573989868164
mlt,2007,7.0759801864624
mlt,2008,6.99649000167847
mlt,2010,7.56509017944336
mlt,2011,6.52626991271973
mlt,2012,6.444580078125
mlt,2013,6.38813018798828
mlt,2014,6.35708999633789
mmr,1971,1.51071000099182
mmr,1972,1.53658998012543
mmr,1976,1.45176994800568
mmr,1977,1.35927999019623
mmr,1978,1.33844995498657
mmr,1986,1.49567997455597
mmr,1987,1.53619003295898
mmr,1988,1.50881004333496
mmr,1989,1.55667996406555
mmr,1990,1.20342004299164
mmr,1991,1.30699002742767
mmr,1992,1.3955899477005
mmr,1993,1.40078997612
mmr,1994,1.46799004077911
mmr,1999,1.97394001483917
mmr,2000,2.12620997428894
mmr,2001,2.31639003753662
mmr,2002,2.43596005439758
mmr,2003,2.47982001304626
mmr,2004,2.69140005111694
mmr,2005,2.69922995567322
mmr,2006,2.80998992919922
mmr,2007,2.7765200138092
mmr,2009,2.85854005813599
mmr,2010,2.82221007347107
mmr,2014,3.03923010826111
mne,2003,7.39480018615723
mne,2004,7.41865015029907
mne,2005,7.45911979675293
mne,2006,7.55395984649658
mne,2007,7.68206977844238
mne,2008,7.22118997573853
mne,2009,7.8474497795105
mne,2010,8.00582027435303
mne,2011,7.3888201713562
mne,2012,7.27993011474609
mne,2015,7.32124996185303
mng,1974,5.11284017562866
mng,1975,5.21524000167847
mng,1976,5.21458005905151
mng,1979,5.46249008178711
mng,1980,5.66646003723145
mng,1983,5.65206003189087
mng,1991,5.63731002807617
mng,1993,4.20422983169556
mng,1994,4.02230978012085
mng,1995,3.7089900970459
mng,1996,3.77613997459412
mng,1997,3.07797002792358
mng,1998,3.14774990081787
mng,1999,3.15927004814148
mng,2000,3.41949009895325
mng,2001,3.83576989173889
mng,2002,4.14421987533569
mng,2003,4.65181016921997
mng,2004,5.01666021347046
mng,2005,5.18299007415771
mng,2006,5.16913986206055
mng,2009,5.49368000030518
mng,2010,5.12841987609863
mng,2014,6.2782998085022
moz,1973,0.300229996442795
moz,1977,0.252009987831116
moz,1978,0.335449993610382
moz,1979,0.450919985771179
moz,1980,0.596480011940002
moz,1981,0.569050014019012
moz,1982,0.530889987945557
moz,1983,0.602439999580383
moz,1985,0.722299993038177
moz,1986,0.718760013580322
moz,1987,0.543500006198883
moz,1990,0.631860017776489
moz,1991,0.635230004787445
moz,1992,0.593479990959167
moz,1993,0.591380000114441
moz,1994,0.61871999502182
moz,1995,0.65886002779007
moz,1999,0.350749999284744
moz,2000,0.405389994382858
moz,2001,0.419900000095367
moz,2002,0.550530016422272
moz,2004,0.698939979076386
moz,2005,0.8403599858284
moz,2006,0.964049994945526
moz,2007,1.11570000648499
moz,2008,1.23220002651215
moz,2009,1.3529599905014
moz,2010,1.43552005290985
moz,2011,1.43288004398346
moz,2012,1.37589001655579
moz,2013,1.35839998722076
moz,2014,1.34927999973297
mrt,1981,0.957660019397736
mrt,1987,1.24907004833221
mrt,1988,1.24714004993439
mrt,1989,1.19941997528076
mrt,1990,1.10035002231598
mrt,1991,1.05971002578735
mrt,1992,1.06473994255066
mrt,1993,1.12444996833801
mrt,1994,1.12911999225616
mrt,1995,1.16465997695923
mrt,1996,1.24179005622864
mrt,1997,1.20982003211975
mrt,1998,1.14296996593475
mrt,1999,1.21314001083374
mrt,2000,1.24272000789642
mrt,2001,1.46290004253387
mrt,2002,1.44749999046326
mrt,2003,1.39998996257782
mrt,2004,1.47475004196167
mrt,2005,1.48378002643585
mrt,2006,1.57041001319885
mrt,2008,1.39714002609253
mrt,2009,1.52917003631592
mrt,2010,1.53268003463745
mrt,2011,1.69405996799469
mrt,2012,2.01541996002197
mrt,2013,2.21053004264832
mrt,2014,2.26245999336243
mus,1971,2.56329989433289
mus,1972,2.77509999275208
mus,1973,2.81760001182556
mus,1974,2.87023997306824
mus,1975,2.86033010482788
mus,1976,2.99907994270325
mus,1977,3.4579598903656
mus,1978,3.58803009986877
mus,1979,3.71648001670837
mus,1980,3.62884998321533
mus,1981,3.53340005874634
mus,1982,3.45214009284973
mus,1983,3.46371006965637
mus,1984,3.38073992729187
mus,1985,3.25608992576599
mus,1986,3.20992994308472
mus,1987,3.29912996292114
mus,1988,3.38887000083923
mus,1989,3.61635994911194
mus,1990,3.65043997764587
mus,1996,4.55878019332886
mus,1998,4.98021984100342
mus,1999,5.24592018127441
mus,2000,5.43110990524292
mus,2001,5.57999992370605
mus,2002,5.67792987823486
mus,2003,5.98972988128662
mus,2004,6.11654996871948
mus,2005,6.27695989608765
mus,2006,6.06874990463257
mus,2007,6.12840986251831
mus,2008,6.06181001663208
mus,2009,6.09573984146118
mus,2010,6.10747003555298
mus,2011,6.183030128479
mus,2012,6.24626016616821
mus,2013,6.50423002243042
mus,2014,6.7846999168396
mwi,1972,0.816280007362366
mwi,1973,0.914669990539551
mwi,1975,0.97036999464035
mwi,1976,1.00408005714417
mwi,1977,1.09686005115509
mwi,1978,1.16143000125885
mwi,1979,1.15937995910645
mwi,1980,1.28926002979279
mwi,1981,1.35054004192352
mwi,1982,1.40172004699707
mwi,1983,1.37885999679565
mwi,1984,1.43754994869232
mwi,1985,1.35240995883942
mwi,1986,1.31668996810913
mwi,1987,1.31673002243042
mwi,1988,1.25803005695343
mwi,1989,1.21473002433777
mwi,1990,1.2248899936676
mwi,1991,1.23703002929688
mwi,1993,1.35705995559692
mwi,1994,1.17034995555878
mwi,1995,1.69424998760223
mwi,1996,1.7708899974823
mwi,1999,2.63943004608154
mwi,2000,2.10017991065979
mwi,2001,2.14986991882324
mwi,2002,2.0715000629425
mwi,2004,1.84675002098083
mwi,2005,1.87273001670837
mwi,2006,1.97335004806519
mwi,2007,1.95743000507355
mwi,2008,2.09718990325928
mwi,2009,2.10935997962952
mwi,2010,2.1407299041748
mwi,2011,2.20725989341736
mwi,2012,2.2353401184082
mwi,2013,2.43342995643616
mwi,2014,2.59245991706848
nam,1990,1.68321001529694
nam,1991,1.93764996528625
nam,1992,2.32214999198914
nam,1993,2.33775997161865
nam,1994,2.53577995300293
nam,1995,2.55314993858337
nam,1996,2.54040002822876
nam,1997,2.61192011833191
nam,1998,2.67823004722595
nam,1999,2.80252003669739
nam,2000,2.92604994773865
nam,2001,3.12701988220215
nam,2002,3.11242008209229
nam,2003,3.13700008392334
nam,2004,3.12173008918762
nam,2005,3.10518002510071
nam,2006,2.96255993843079
nam,2007,3.12660002708435
ner,1971,0.0996100008487701
ner,1972,0.11404000222683
ner,1973,0.129260003566742
ner,1974,0.151419997215271
ner,1975,0.164550006389618
ner,1976,0.183730006217957
ner,1977,0.230820000171661
ner,1978,0.288190007209778
ner,1979,0.357059985399246
ner,1980,0.414110004901886
ner,1981,0.466839998960495
ner,1988,0.56783002614975
ner,1989,0.637960016727448
ner,1990,0.682089984416962
ner,1991,0.753030002117157
ner,1992,0.657899975776672
ner,1993,0.623480021953583
ner,1996,0.597039997577667
ner,1997,0.648010015487671
ner,1998,0.608690023422241
ner,1999,0.63264000415802
ner,2000,0.614549994468689
ner,2001,0.614589989185333
ner,2002,0.603980004787445
ner,2003,0.648029983043671
ner,2004,0.7882000207901
ner,2005,0.849960029125214
ner,2006,0.961700022220612
ner,2007,0.945150017738342
ner,2008,0.982909977436066
ner,2009,1.02505004405975
ner,2010,1.13234996795654
ner,2011,1.22233998775482
ner,2012,1.30604004859924
ner,2013,1.40123999118805
ner,2014,1.56224000453949
nga,1970,0.415630012750626
nga,1971,0.448920011520386
nga,1972,0.497249990701675
nga,1973,0.537419974803925
nga,1977,0.712480008602142
nga,1978,0.812979996204376
nga,1979,0.998619973659515
nga,1980,1.28471004962921
nga,1981,1.56066000461578
nga,1982,1.87310004234314
nga,1983,2.45549988746643
nga,1984,2.94617009162903
nga,1986,1.8809700012207
nga,1987,1.81591999530792
nga,1989,1.61078000068665
nga,1990,1.65534996986389
nga,1999,1.48225998878479
nga,2000,1.6012099981308
nga,2001,1.76399004459381
nga,2002,2.00627994537354
nga,2004,2.32070994377136
nga,2005,2.25616002082825
nga,2006,2.24010992050171
nga,2007,2.14274001121521
nga,2008,2.29942989349365
nga,2009,2.50289011001587
nga,2010,2.8148500919342
nic,1970,0.881330013275146
nic,1971,1.01138997077942
nic,1972,0.987900018692017
nic,1973,0.981689989566803
nic,1974,1.04533004760742
nic,1975,1.14658999443054
nic,1977,1.54305994510651
nic,1979,1.4097900390625
nic,1980,1.85300004482269
nic,1982,1.73283004760742
nic,1983,1.97807002067566
nic,1984,1.59329998493195
nic,1985,1.0636899471283
nic,1986,1.20359003543854
nic,1987,1.34238004684448
nic,1988,1.23483002185822
nic,1989,1.36169004440308
nic,1998,2.14468002319336
nic,1999,2.46456003189087
nic,2000,2.53194999694824
nic,2001,2.64809989929199
nic,2002,2.86772990226746
nic,2004,3.1149799823761
nic,2005,3.26403999328613
nic,2006,3.34083008766174
nic,2007,3.43726992607117
nic,2008,3.38426995277405
nic,2010,3.5521399974823
nld,1971,4.87983989715576
nld,1972,5.04953002929688
nld,1973,5.16835021972656
nld,1974,5.32693004608154
nld,1975,5.42040014266968
nld,1976,5.61591005325317
nld,1977,5.71786022186279
nld,1978,5.73580980300903
nld,1979,5.66169023513794
nld,1980,5.66330003738403
nld,1981,5.63557004928589
nld,1982,5.69161987304688
nld,1983,5.82075977325439
nld,1984,6.00034999847412
nld,1985,5.99401998519897
nld,1986,6.86876010894775
nld,1987,6.90417003631592
nld,1988,6.88131999969482
nld,1989,6.85019016265869
nld,1990,6.92297983169556
nld,1991,7.00177001953125
nld,1992,7.07696008682251
nld,1993,7.17545986175537
nld,1994,8.77408981323242
nld,1995,8.14076995849609
nld,1996,8.28090953826904
nld,1997,7.91879987716675
nld,1998,7.85871982574463
nld,1999,7.53325986862183
nld,2000,7.59684991836548
nld,2001,7.58752012252808
nld,2002,7.4548602104187
nld,2003,7.4255199432373
nld,2004,7.27325010299683
nld,2005,7.29792976379395
nld,2006,7.30459022521973
nld,2007,7.36872005462646
nld,2008,7.41958999633789
nld,2009,7.40564012527466
nld,2010,7.45762014389038
nld,2011,7.79388999938965
nld,2012,7.86042976379395
nld,2013,8.06256008148193
nor,1971,5.04069995880127
nor,1972,5.10303020477295
nor,1973,5.45665979385376
nor,1974,5.37995004653931
nor,1975,5.32674980163574
nor,1976,5.28727006912231
nor,1977,5.30622005462646
nor,1978,5.31032991409302
nor,1979,5.42618989944458
nor,1980,5.53128004074097
nor,1981,5.4825701713562
nor,1982,5.4926700592041
nor,1983,5.66293001174927
nor,1984,5.61734008789063
nor,1985,5.70099020004272
nor,1986,5.72194004058838
nor,1987,5.63288021087646
nor,1988,5.57426977157593
nor,1989,5.60725021362305
nor,1990,5.90799999237061
nor,1991,6.02589988708496
nor,1992,6.20407009124756
nor,1993,6.69688987731934
nor,1994,7.60250997543335
nor,1995,7.14377021789551
nor,1996,7.11811017990112
nor,1997,7.0741400718689
nor,1998,6.90303993225098
nor,1999,6.9504599571228
nor,2000,6.80811023712158
nor,2001,6.71950006484985
nor,2002,6.67282009124756
nor,2003,6.76744985580444
nor,2004,6.87811994552612
nor,2005,6.8618597984314
nor,2006,6.93134021759033
nor,2007,6.93769979476929
nor,2008,6.90417003631592
nor,2009,6.82959985733032
nor,2010,6.89033985137939
nor,2011,6.84514999389648
nor,2012,6.69300985336304
nor,2013,6.8604998588562
nor,2014,6.81761980056763
npl,1972,1.26415002346039
npl,1973,1.44963002204895
npl,1974,1.46254003047943
npl,1975,1.56319999694824
npl,1976,1.37697005271912
npl,1977,1.57948005199432
npl,1978,1.85455000400543
npl,1979,2.16017007827759
npl,1980,2.38195991516113
npl,1981,1.47057998180389
npl,1982,1.67650997638702
npl,1983,1.81921994686127
npl,1984,1.90166997909546
npl,1985,2.02479004859924
npl,1986,2.10167002677917
npl,1987,2.17301988601685
npl,1988,2.1938099861145
npl,1989,2.279629945755
npl,1990,2.31748008728027
npl,1991,2.40556001663208
npl,1992,2.51079988479614
npl,1993,2.54485988616943
npl,1994,2.50872993469238
npl,1995,2.56887006759644
npl,1996,2.70672011375427
npl,1999,2.89381003379822
npl,2000,3.00654006004334
npl,2001,3.27057003974915
npl,2002,3.6332700252533
npl,2003,3.67634010314941
npl,2005,3.77333998680115
npl,2006,3.4998300075531
npl,2007,3.43489003181458
npl,2008,3.89156007766724
npl,2009,3.96702003479004
npl,2010,4.27794981002808
npl,2011,4.39490985870361
npl,2012,4.54070997238159
npl,2013,4.58709001541138
npl,2014,4.617760181427
npl,2015,4.59856986999512
nru,2000,2.59970998764038
nru,2001,2.71809005737305
nru,2002,2.33675003051758
nru,2003,2.80701994895935
nru,2004,2.13528990745544
nru,2005,2.66667008399963
nru,2006,3.52309989929199
nru,2007,2.96898007392883
nru,2008,3.4534900188446
nru,2012,4.84451007843018
nru,2014,4.90862989425659
nzl,1970,5.42110013961792
nzl,1971,5.473219871521
nzl,1972,5.52264022827148
nzl,1973,5.53061008453369
nzl,1974,5.53074979782104
nzl,1975,5.62833023071289
nzl,1976,5.74461984634399
nzl,1977,5.68220996856689
nzl,1979,5.65431976318359
nzl,1980,5.65339994430542
nzl,1981,5.68939018249512
nzl,1982,5.69966983795166
nzl,1983,5.88336992263794
nzl,1984,5.88009977340698
nzl,1985,5.79680013656616
nzl,1986,5.83169984817505
nzl,1987,5.86886978149414
nzl,1988,5.99760007858276
nzl,1989,6.08575010299683
nzl,1990,6.22251987457275
nzl,1991,6.42292022705078
nzl,1992,6.60621976852417
nzl,1993,7.13570022583008
nzl,1994,7.5063099861145
nzl,1995,7.94012022018433
nzl,1996,7.86892986297607
nzl,1997,7.8643798828125
nzl,1998,7.70888996124268
nzl,1999,7.58757019042969
nzl,2000,7.52894020080566
nzl,2002,7.87039995193481
nzl,2003,7.92465019226074
nzl,2004,7.9375
nzl,2005,8.18599987030029
nzl,2006,8.10111045837402
nzl,2007,8.23241996765137
nzl,2008,7.98572015762329
nzl,2009,8.74783039093018
nzl,2010,8.21650981903076
nzl,2011,8.17529010772705
nzl,2012,8.11104011535645
nzl,2013,8.03629970550537
nzl,2014,8.05012035369873
omn,1973,0.0181900002062321
omn,1974,0.0389100015163422
omn,1975,0.0640999972820282
omn,1976,0.124779999256134
omn,1977,0.200550004839897
omn,1978,0.443560004234314
omn,1979,0.627810001373291
omn,1980,0.799809992313385
omn,1981,1.07222998142242
omn,1982,1.26574003696442
omn,1983,1.60240995883942
omn,1984,1.80807995796204
omn,1985,2.10390996932983
omn,1986,2.1975200176239
omn,1987,2.37859010696411
omn,1988,2.49836993217468
omn,1989,2.70022010803223
omn,1990,2.93988990783691
omn,1991,3.22105002403259
omn,1992,3.45448994636536
omn,1993,3.78906989097595
omn,1994,4.03337001800537
omn,1995,4.19672012329102
omn,1996,4.3996000289917
omn,1997,4.24284982681274
omn,1998,4.27049016952515
omn,1999,4.51665019989014
omn,2000,4.83012008666992
omn,2001,5.0895299911499
omn,2002,5.29285001754761
omn,2003,5.44945001602173
omn,2005,5.4575400352478
omn,2006,5.40939998626709
omn,2007,5.60127019882202
omn,2008,5.91997003555298
omn,2009,6.40985012054443
omn,2011,6.23739004135132
pak,1971,1.82860994338989
pak,1972,1.79955995082855
pak,1973,1.80839002132416
pak,1974,1.82366001605988
pak,1975,1.88821995258331
pak,1976,1.87826001644135
pak,1977,1.86627995967865
pak,1978,1.85480999946594
pak,1979,1.6611499786377
pak,1980,1.71604001522064
pak,1981,1.71693003177643
pak,1982,1.72939002513885
pak,1983,1.8343700170517
pak,1984,1.91267001628876
pak,1985,1.98406004905701
pak,1986,1.96561002731323
pak,1987,1.9922000169754
pak,1988,2.01175999641418
pak,1989,2.07873010635376
pak,1990,2.14564990997314
pak,1991,2.36747002601624
pak,1992,2.615070104599
pak,2006,2.516930103302
pak,2007,2.73391008377075
pak,2008,2.77144002914429
pak,2009,2.72758007049561
pak,2010,2.82135009765625
pak,2011,2.91061997413635
pak,2012,3.06916999816895
pak,2013,3.20222997665405
pak,2014,3.2426700592041
pan,1970,2.1312301158905
pan,1971,2.28239989280701
pan,1972,2.53619003295898
pan,1973,2.80118989944458
pan,1974,2.93406009674072
pan,1975,3.08892011642456
pan,1976,3.27562999725342
pan,1977,3.39479994773865
pan,1978,3.51490998268127
pan,1979,3.54718995094299
pan,1980,3.45881009101868
pan,1981,3.4388599395752
pan,1982,3.38261008262634
pan,1983,3.42858004570007
pan,1984,3.46361994743347
pan,1985,3.45495009422302
pan,1986,3.34723997116089
pan,1987,3.35929989814758
pan,1988,3.33239006996155
pan,1989,3.30644011497498
pan,1990,3.41117000579834
pan,1999,3.73958992958069
pan,2000,3.78245997428894
pan,2001,3.89021992683411
pan,2002,3.97494006156921
pan,2004,3.94860005378723
pan,2005,3.96597003936768
pan,2006,3.91702008247375
pan,2007,3.95609998703003
pan,2008,4.00238990783691
pan,2009,4.07322978973389
pan,2010,4.16029977798462
pan,2011,4.11113023757935
pan,2012,5.04730987548828
pan,2013,4.40177011489868
per,1970,2.13073992729187
per,1971,1.8466500043869
per,1972,1.98296999931335
per,1974,2.40708994865417
per,1975,1.33925998210907
per,1976,1.19365000724792
per,1977,2.70760011672974
per,1978,2.99020004272461
per,1979,3.01962995529175
per,1980,3.12545990943909
per,1981,3.16347002983093
per,1982,3.06346011161804
per,1985,3.28408002853394
per,1991,3.43126010894775
per,1995,3.64030003547668
per,1998,4.20787000656128
per,1999,4.31887006759644
per,2000,4.46052980422974
per,2001,4.61389017105103
per,2002,4.6710901260376
per,2003,4.1874098777771
per,2004,4.31212997436523
per,2005,4.34376001358032
per,2006,4.4456000328064
per,2007,4.55336999893188
per,2008,4.55942010879517
per,2009,4.6900200843811
per,2010,4.72489023208618
per,2011,4.74950981140137
per,2012,4.71193981170654
per,2013,4.90932989120483
per,2014,4.79548978805542
phl,1981,2.34961009025574
phl,1982,2.40916991233826
phl,1983,2.48539996147156
phl,1984,2.55204010009766
phl,1985,2.59288001060486
phl,1986,2.48712992668152
phl,1987,2.60584998130798
phl,1988,2.66628003120422
phl,1989,2.78996992111206
phl,1990,2.826819896698
phl,1998,2.95332002639771
phl,1999,2.94661998748779
phl,2001,2.95468997955322
phl,2002,3.1132800579071
phl,2003,3.17858004570007
phl,2004,3.24232006072998
phl,2005,3.20367002487183
phl,2006,3.13527011871338
phl,2007,3.16359996795654
phl,2008,3.21744990348816
phl,2009,3.31732988357544
phl,2013,3.4065899848938
plw,2004,6.83635997772217
plw,2013,6.83421993255615
plw,2014,6.47222995758057
png,1970,0.641330003738403
png,1974,0.824710011482239
png,1975,0.953760027885437
png,1976,0.972109973430634
png,1977,0.952189981937408
png,1984,0.870029985904694
png,1986,0.816330015659332
png,1987,0.861599981784821
png,1988,0.851059973239899
png,1989,0.829940021038055
png,1990,0.770969986915588
png,1991,0.786149978637695
png,1992,0.791740000247955
png,1993,0.866469979286194
png,1994,0.913519978523254
png,1995,0.85478001832962
png,1998,1.35660004615784
png,2012,2.74634003639221
pol,1972,4.32364988327026
pol,1973,4.3412299156189
pol,1974,4.38785982131958
pol,1989,5.2563099861145
pol,1990,5.32449007034302
pol,1991,5.22597980499268
pol,1992,5.32253980636597
pol,1993,5.7494101524353
pol,1994,5.79807996749878
pol,1995,5.6270899772644
pol,1996,5.62065982818604
pol,1997,5.91234016418457
pol,1998,5.83466005325317
pol,1999,5.98405981063843
pol,2000,6.04399013519287
pol,2001,6.10499000549316
pol,2002,6.21097993850708
pol,2003,6.31571006774902
pol,2004,5.71531009674072
pol,2005,5.89334011077881
pol,2006,5.88400983810425
pol,2007,5.86320018768311
pol,2008,5.8184700012207
pol,2009,5.77985000610352
pol,2010,5.78508996963501
pol,2011,5.79632997512817
pol,2012,5.82033014297485
pol,2013,6.41611003875732
pri,2009,5.04399013519287
pri,2010,4.84204006195068
pri,2011,4.62256002426147
pri,2012,4.60352993011475
pri,2013,4.71718978881836
prk,2009,6.12720012664795
prt,1971,2.2577600479126
prt,1972,2.33401989936829
prt,1973,2.56505990028381
prt,1974,2.69323992729187
prt,1975,2.61332988739014
prt,1976,3.04344010353088
prt,1977,2.85708999633789
prt,1978,3.04719996452332
prt,1979,2.36167001724243
prt,1980,3.10923004150391
prt,1986,3.24516010284424
prt,1988,3.2435998916626
prt,1990,3.6225700378418
prt,1991,3.77802991867065
prt,1993,5.25895023345947
prt,1994,5.70935010910034
prt,1995,5.87015008926392
prt,1996,6.05461978912354
prt,1998,6.12684011459351
prt,1999,5.82827997207642
prt,2000,5.90570020675659
prt,2001,5.95813989639282
prt,2002,6.02323007583618
prt,2003,5.87920999526978
prt,2004,5.42788982391357
prt,2005,5.50512981414795
prt,2006,5.5771598815918
prt,2007,5.91155004501343
prt,2008,6.05951976776123
prt,2009,6.2343602180481
prt,2010,6.33177995681763
prt,2011,6.35276985168457
prt,2012,6.54206991195679
prt,2013,7.16074991226196
prt,2014,7.0388298034668
pry,1970,0.934050023555756
pry,1971,0.936640024185181
pry,1972,0.999750018119812
pry,1973,1.05228996276855
pry,1975,1.13770997524261
pry,1976,1.20539999008179
pry,1977,1.33791995048523
pry,1978,1.42893004417419
pry,1986,1.84063005447388
pry,1987,1.82009994983673
pry,1988,1.8313000202179
pry,1989,1.76944005489349
pry,1990,1.82871997356415
pry,1991,1.80490005016327
pry,1993,2.15235996246338
pry,1994,2.33232998847961
pry,1995,2.40146994590759
pry,1996,2.64525008201599
pry,1997,2.78279995918274
pry,1998,3.13250994682312
pry,1999,3.60966992378235
pry,2000,3.66510009765625
pry,2001,4.07142019271851
pry,2002,4.1806001663208
pry,2003,4.00109004974365
pry,2004,4.03821992874146
pry,2005,4.00565004348755
pry,2006,3.9407000541687
pry,2007,3.92615008354187
pry,2008,3.96396994590759
pry,2009,3.97424006462097
pry,2010,4.01281976699829
pry,2011,4.12734985351563
pry,2012,4.50490999221802
pse,1995,5.57732009887695
pse,1996,5.72678995132446
pse,1997,5.86011981964111
pse,1999,5.9861102104187
pse,2000,6.04723978042603
pse,2001,6.14123010635376
pse,2002,6.32027006149292
pse,2003,6.53250980377197
pse,2004,6.84029006958008
pse,2005,6.94454002380371
pse,2006,7.0246000289917
pse,2007,6.96660995483398
pse,2008,6.83780002593994
pse,2009,6.75313997268677
pse,2010,6.57418012619019
pse,2011,6.37781000137329
pse,2012,6.33444976806641
pse,2013,6.28919982910156
pse,2014,6.25826978683472
qat,1971,2.27948999404907
qat,1972,2.3028199672699
qat,1973,2.40782999992371
qat,1974,2.28113007545471
qat,1975,2.54375004768372
qat,1976,2.70251989364624
qat,1977,2.77526998519897
qat,1978,3.10918998718262
qat,1979,3.52448010444641
qat,1980,3.68637990951538
qat,1981,4.03274011611938
qat,1982,4.1841402053833
qat,1983,4.4689998626709
qat,1984,4.56751012802124
qat,1985,4.8729100227356
qat,1986,5.19707012176514
qat,1987,4.06908988952637
qat,1988,4.16554021835327
qat,1989,4.13504981994629
qat,1990,4.23622989654541
qat,1991,4.4091100692749
qat,1992,4.51759004592896
qat,1993,5.30296993255615
qat,1994,5.89642000198364
qat,1995,6.67937994003296
qat,1996,7.00034999847412
qat,1998,5.37249994277954
qat,1999,5.04220008850098
qat,2000,4.8616099357605
qat,2001,4.49415016174316
qat,2002,4.99727010726929
qat,2003,5.7973198890686
qat,2004,6.68138980865479
qat,2005,6.75438022613525
qat,2006,6.29660987854004
qat,2007,4.93781995773315
qat,2008,5.18724012374878
qat,2009,5.47131013870239
qat,2010,5.95019006729126
qat,2011,6.81038999557495
rou,1971,5.78552007675171
rou,1972,5.80401992797852
rou,1973,6.0174298286438
rou,1974,6.10129976272583
rou,1989,7.90019989013672
rou,1990,8.00343990325928
rou,1991,7.10968017578125
rou,1992,6.54607009887695
rou,1993,6.22684001922607
rou,1994,5.92483997344971
rou,1995,5.80950021743774
rou,1996,5.96784019470215
rou,1997,6.09059000015259
rou,1998,6.18419981002808
rou,1999,6.25713014602661
rou,2000,6.26083993911743
rou,2001,6.31886005401611
rou,2002,6.47427988052368
rou,2003,6.56373977661133
rou,2004,6.68037986755371
rou,2005,6.90759992599487
rou,2006,7.17374992370605
rou,2007,7.58991003036499
rou,2008,8.0573902130127
rou,2009,8.13852977752686
rou,2010,8.21473026275635
rou,2011,8.1268196105957
rou,2012,7.96381998062134
rou,2013,7.78061008453369
rou,2014,7.61799001693726
rus,1994,6.23772001266479
rus,2003,6.40801000595093
rus,2004,6.28603982925415
rus,2005,6.22046995162964
rus,2006,6.28010988235474
rus,2007,6.31941986083984
rus,2008,6.32161998748779
rus,2009,5.99482011795044
rus,2011,6.49521017074585
rus,2012,6.78841018676758
rus,2013,6.96809005737305
rus,2014,7.11112022399902
rwa,1971,0.155169993638992
rwa,1976,0.186989992856979
rwa,1977,0.201710000634193
rwa,1978,0.222790002822876
rwa,1979,0.239370003342628
rwa,1980,0.742470026016235
rwa,1981,1.13093996047974
rwa,1982,1.18937003612518
rwa,1983,1.32261002063751
rwa,1984,1.36961996555328
rwa,1985,1.46723997592926
rwa,1986,1.45524001121521
rwa,1987,1.44710004329681
rwa,1988,1.42346000671387
rwa,1989,1.47363996505737
rwa,1990,1.45278000831604
rwa,1991,1.43062996864319
rwa,1992,1.26698005199432
rwa,1999,0.571900010108948
rwa,2000,0.6771399974823
rwa,2001,0.670889973640442
rwa,2002,0.707989990711212
rwa,2003,0.819019973278046
rwa,2004,0.914399981498718
rwa,2005,1.01319003105164
rwa,2006,1.13768994808197
rwa,2007,1.31528997421265
rwa,2008,1.44474005699158
rwa,2009,1.69527995586395
rwa,2010,1.97475004196167
rwa,2011,2.144779920578
rwa,2012,2.22432994842529
rwa,2013,2.32283997535706
rwa,2014,2.23983001708984
sau,1979,2.14749002456665
sau,2005,5.62853002548218
sau,2009,6.17888021469116
sau,2013,7.1195502281189
sau,2014,7.40055990219116
sdn,2001,1.83833003044128
sdn,2002,1.70015001296997
sdn,2003,1.80721998214722
sdn,2004,1.96231997013092
sdn,2005,1.94422996044159
sdn,2006,1.8252500295639
sdn,2007,1.82906997203827
sdn,2008,1.94818997383118
sdn,2009,2.18955993652344
sdn,2010,2.20466995239258
sdn,2011,1.89253997802734
sdn,2012,2.07224988937378
sdn,2013,2.19438004493713
sen,1971,0.926219999790192
sen,1972,0.983210027217865
sen,1978,1.06562995910645
sen,1979,1.0029000043869
sen,1980,1.01654994487762
sen,1981,1.06591999530792
sen,1982,1.11022996902466
sen,1983,1.14774000644684
sen,1984,1.14609003067017
sen,1985,1.1703200340271
sen,1986,1.25936996936798
sen,1988,1.29531002044678
sen,1989,1.3853600025177
sen,1990,1.49222004413605
sen,1992,1.41084003448486
sen,1996,1.28097999095917
sen,1997,1.26909005641937
sen,1998,1.25082004070282
sen,1999,1.3016300201416
sen,2000,1.38818001747131
sen,2001,1.35494995117188
sen,2002,1.50692999362946
sen,2004,1.66541004180908
sen,2005,1.76229000091553
sen,2006,1.88506996631622
sen,2008,2.32401990890503
sen,2010,2.66154003143311
sen,2011,2.93074989318848
slb,1970,0.561119973659515
slb,1971,0.670480012893677
slb,1975,0.719110012054443
slb,1986,1.14611995220184
slb,1990,0.852410018444061
slb,1991,0.957880020141602
slb,1992,0.969389975070953
slb,1993,1.05884003639221
slb,1994,1.0840300321579
slb,1999,2.09160995483398
slb,2000,1.6462299823761
slb,2001,1.9534900188446
slb,2002,2.53414988517761
slb,2005,2.42264008522034
slb,2006,2.72281002998352
slb,2007,2.88397002220154
slb,2010,3.70363998413086
slb,2011,3.6629900932312
slb,2012,3.64493989944458
sle,1971,1.03542995452881
sle,1972,1.09423005580902
sle,1973,1.18155002593994
sle,1974,1.23712003231049
sle,1975,1.27149999141693
sle,1976,1.29395997524261
sle,1977,1.35485005378723
sle,1978,1.39523005485535
sle,1984,1.92204999923706
sle,1985,2.02419996261597
sle,1988,1.96258997917175
sle,1989,1.67945003509521
sle,1990,1.62680995464325
sle,1991,1.54325997829437
sle,2001,1.90246999263763
sle,2011,3.07700991630554
sle,2012,3.21204996109009
sle,2013,3.29327988624573
slv,1970,1.11068999767303
slv,1971,1.14179003238678
slv,1972,1.33879995346069
slv,1973,1.59479999542236
slv,1974,1.86541998386383
slv,1975,1.98720002174377
slv,1976,2.11803007125854
slv,1977,2.20260000228882
slv,1978,2.31352996826172
slv,1979,2.44260001182556
slv,1980,2.17912006378174
slv,1983,2.18758010864258
slv,1984,2.16945004463196
slv,1988,2.29212999343872
slv,1989,2.35426998138428
slv,1991,2.2617199420929
slv,1992,2.45714998245239
slv,1993,2.63720989227295
slv,1998,3.43933010101318
slv,1999,3.49600005149841
slv,2000,3.67235994338989
slv,2001,3.75581002235413
slv,2002,3.91262006759644
slv,2003,3.98114991188049
slv,2004,4.17098999023438
slv,2005,4.21756982803345
slv,2006,4.2050199508667
slv,2007,4.19826984405518
slv,2008,4.17967987060547
slv,2009,4.28957986831665
slv,2010,4.41991996765137
slv,2011,4.60404014587402
slv,2012,4.73232984542847
slv,2013,4.76833009719849
slv,2014,4.9336199760437
smr,2009,7.51884984970093
smr,2010,7.70654010772705
smr,2011,7.54739999771118
smr,2012,7.47943019866943
som,1971,0.319909989833832
som,1972,0.364019989967346
som,1973,0.418969988822937
som,1974,0.476630002260208
som,1976,0.574020028114319
som,1977,0.237250000238419
som,1978,0.218360006809235
som,1979,0.277469992637634
som,1980,0.308149993419647
som,1981,1.0456999540329
som,1982,0.986989974975586
som,1983,0.955749988555908
som,1984,0.944140017032623
som,1985,0.901080012321472
som,1986,0.861360013484955
som,2007,0.603879988193512
srb,1999,7.49230003356934
srb,2000,7.22178983688354
srb,2001,7.11711978912354
srb,2002,7.00178003311157
srb,2003,6.94077014923096
srb,2004,6.9454197883606
srb,2005,6.98328018188477
srb,2006,6.98978996276855
srb,2007,7.06066989898682
srb,2008,7.17129993438721
srb,2009,7.26831007003784
srb,2010,7.28886985778809
srb,2011,7.43261003494263
srb,2012,7.47240018844604
srb,2013,7.49836015701294
srb,2014,7.50545978546143
stp,1971,1.08324003219604
stp,1972,1.15796005725861
stp,1977,2.07350993156433
stp,1988,2.62303996086121
stp,2003,1.91706001758575
stp,2004,2.14553999900818
stp,2005,2.18144011497498
stp,2007,2.36373996734619
stp,2008,2.25952005386353
stp,2009,2.46732997894287
stp,2010,2.70903992652893
stp,2011,2.92964005470276
stp,2012,3.34152007102966
stp,2013,3.76332998275757
stp,2015,5.04448986053467
sur,1971,2.31276988983154
sur,1972,2.29429006576538
sur,1973,2.4552800655365
sur,1974,2.66283988952637
sur,1975,2.75220990180969
sur,1976,2.88091993331909
sur,1977,3.16847991943359
sur,1978,3.24619007110596
sur,1979,3.25165009498596
sur,1986,3.94203996658325
sur,1987,3.74906992912292
sur,1988,3.58856010437012
sur,1989,3.6350998878479
sur,1990,3.53085994720459
sur,1991,3.78297996520996
sur,1992,4.05641984939575
sur,1993,3.47017002105713
sur,2001,3.89665007591248
sur,2002,3.53701996803284
sur,2005,4.17921018600464
sur,2006,4.37891006469727
sur,2007,4.45198011398315
sur,2008,4.67803001403809
sur,2009,4.71398019790649
sur,2011,5.2942099571228
sur,2013,4.92146015167236
svk,1993,6.85479021072388
svk,1994,6.89249992370605
svk,1995,6.96382999420166
svk,1996,7.17502021789551
svk,1997,7.22622013092041
svk,1998,7.50599002838135
svk,1999,7.54854011535645
svk,2000,7.65937995910645
svk,2001,7.61690998077393
svk,2002,7.88777017593384
svk,2003,8.07248973846436
svk,2004,8.25893020629883
svk,2005,8.31190967559814
svk,2006,8.23182010650635
svk,2007,8.1765604019165
svk,2008,8.10027027130127
svk,2009,8.07773971557617
svk,2010,8.13644981384277
svk,2011,8.19909000396729
svk,2012,8.22704982757568
svk,2013,8.07024955749512
svk,2014,8.10293960571289
svn,1993,6.94806003570557
svn,1994,6.98683977127075
svn,1995,7.10706996917725
svn,1996,7.1169900894165
svn,1997,7.24567985534668
svn,1998,7.33693981170654
svn,1999,7.85899019241333
svn,2000,7.92189979553223
svn,2001,8.3741397857666
svn,2002,8.48661994934082
svn,2003,8.67049026489258
svn,2004,7.74308013916016
svn,2005,7.78262996673584
svn,2006,7.72882986068726
svn,2007,6.88222980499268
svn,2008,6.83901977539063
svn,2009,6.81335020065308
svn,2010,6.83198976516724
svn,2011,6.84558010101318
svn,2012,6.83605003356934
svn,2013,7.7537899017334
svn,2014,7.57382011413574
swe,1971,5.20382022857666
swe,1972,4.70097017288208
swe,1973,5.2085599899292
swe,1974,4.93431997299194
swe,1975,4.94157981872559
swe,1976,4.48530006408691
swe,1977,4.4960298538208
swe,1978,4.60890007019043
swe,1979,4.90124988555908
swe,1980,4.91996002197266
swe,1981,5.00326013565063
swe,1982,4.89591979980469
swe,1983,4.89103984832764
swe,1984,4.85515022277832
swe,1985,4.81597995758057
swe,1987,5.22803020477295
swe,1988,5.33763980865479
swe,1989,5.30339002609253
swe,1990,5.28558015823364
swe,1991,5.31273984909058
swe,1992,5.39799976348877
swe,1993,6.62227010726929
swe,1994,6.94527006149292
swe,1995,7.09643983840942
swe,1996,7.25997018814087
swe,1997,7.56942987442017
swe,1998,8.320969581604
swe,1999,7.98390007019043
swe,2000,7.80970001220703
swe,2001,7.72013998031616
swe,2002,7.79365015029907
swe,2003,7.60310983657837
swe,2004,6.11308002471924
swe,2005,6.27661991119385
swe,2006,6.25106000900269
swe,2007,6.20087003707886
swe,2008,6.13369989395142
swe,2009,6.01459980010986
swe,2010,5.9154200553894
swe,2011,5.82431983947754
swe,2012,5.9020299911499
swe,2013,7.05779981613159
swe,2014,7.20329999923706
swz,1970,1.03400003910065
swz,1971,1.14259004592896
swz,1972,1.3531299829483
swz,1973,1.51049995422363
swz,1974,1.66349995136261
swz,1975,1.76128995418549
swz,1976,1.7676500082016
swz,1977,1.8406800031662
swz,1998,2.42978000640869
swz,1999,2.43816995620728
swz,2000,2.30251002311707
swz,2001,2.29169011116028
swz,2002,2.26206994056702
swz,2003,2.21460008621216
swz,2004,2.39065003395081
swz,2005,2.44871997833252
swz,2006,2.6664400100708
swz,2007,2.94777989387512
swz,2009,2.73115992546082
swz,2010,2.91463994979858
swz,2011,3.02298998832703
swz,2012,3.02084994316101
swz,2013,3.13881993293762
syc,1970,1.62873995304108
syc,1971,1.75037002563477
syc,1972,1.97495996952057
syc,1973,2.06075000762939
syc,1974,2.42566990852356
syc,1975,2.20064997673035
syc,1976,1.89467000961304
syc,1978,2.64773988723755
syc,1979,2.90898990631104
syc,1980,3.27868008613586
syc,1981,3.79661011695862
syc,1982,4.43029022216797
syc,1983,4.86251020431519
syc,1985,5.42902994155884
syc,1986,5.56568002700806
syc,1987,5.7872200012207
syc,1988,5.8203501701355
syc,1989,5.65648984909058
syc,1991,5.57366991043091
syc,1992,5.62515020370483
syc,1993,5.67000007629395
syc,1994,5.79203987121582
syc,1995,5.71005010604858
syc,1996,5.73437976837158
syc,1998,4.98123979568481
syc,1999,4.94367980957031
syc,2000,4.86042022705078
syc,2001,4.75426006317139
syc,2002,4.79142999649048
syc,2003,5.08806991577148
syc,2004,5.02549982070923
syc,2005,5.55118989944458
syc,2007,5.29502010345459
syc,2008,5.08656978607178
syc,2009,5.15325021743774
syc,2010,5.19283008575439
syc,2011,5.33793020248413
syc,2012,5.68891000747681
syc,2013,5.14735984802246
syc,2014,5.25247001647949
syr,1971,3.30328989028931
syr,1972,3.2932300567627
syr,1973,3.56752991676331
syr,1974,3.70672011375427
syr,1975,3.68839001655579
syr,1976,3.72531008720398
syr,1977,3.68502998352051
syr,1978,3.76451992988586
syr,1979,3.80087995529175
syr,1980,3.6551399230957
syr,1981,3.7011399269104
syr,1982,3.58516001701355
syr,1983,3.73444008827209
syr,1984,3.86952996253967
syr,1985,3.97451996803284
syr,1986,4.03753995895386
syr,1987,4.03615999221802
syr,1988,3.88178992271423
syr,1989,3.71643996238709
syr,1990,3.47885990142822
syr,1991,3.32801008224487
syr,1992,3.08204007148743
syr,1993,2.95499992370605
syr,1994,2.86737990379334
syr,1995,2.76260995864868
syr,1996,2.64163994789124
syr,1997,2.59895992279053
syr,1998,2.66093993186951
syr,1999,2.66057991981506
syr,2000,2.71782994270325
syr,2001,2.84576988220215
syr,2002,2.96041011810303
syr,2003,5.16717004776001
syr,2004,5.43055009841919
syr,2005,5.69376993179321
syr,2006,5.72218990325928
syr,2007,5.73691987991333
syr,2008,5.73489999771118
syr,2009,5.6699800491333
syr,2010,5.7437801361084
syr,2011,5.95727014541626
syr,2012,6.09867000579834
syr,2013,4.00710010528564
tcd,1971,0.251650005578995
tcd,1972,0.26952001452446
tcd,1974,0.276120007038116
tcd,1985,0.739480018615723
tcd,1987,0.664489984512329
tcd,1989,0.679040014743805
tcd,1990,0.847790002822876
tcd,1994,0.823750019073486
tcd,1995,0.913590013980865
tcd,1996,0.944630026817322
tcd,1997,0.971700012683868
tcd,1998,1.19301998615265
tcd,1999,1.23318004608154
tcd,2000,1.29943001270294
tcd,2001,1.47513997554779
tcd,2002,1.52995002269745
tcd,2003,1.55807995796204
tcd,2004,1.59002995491028
tcd,2005,1.62325000762939
tcd,2006,1.65166997909546
tcd,2007,1.78675997257233
tcd,2008,2.0760600566864
tcd,2009,2.27853989601135
tcd,2010,2.22317004203796
tcd,2011,2.24691009521484
tcd,2012,2.14737010002136
tgo,1971,0.756770014762878
tgo,1972,0.881850004196167
tgo,1973,1.03252995014191
tgo,1974,1.21178996562958
tgo,1975,1.5271999835968
tgo,1976,1.9506299495697
tgo,1977,2.42517995834351
tgo,1978,2.82683992385864
tgo,1979,3.26445007324219
tgo,1980,3.57292008399963
tgo,1982,3.39617991447449
tgo,1983,2.99265003204346
tgo,1984,2.46637988090515
tgo,1985,2.12916994094849
tgo,1986,2.03717994689941
tgo,1987,2.14450001716614
tgo,1988,2.36202001571655
tgo,1989,2.21992993354797
tgo,1990,2.40367007255554
tgo,1991,2.31733989715576
tgo,1992,2.1409900188446
tgo,1994,2.25620007514954
tgo,1995,2.48013997077942
tgo,1996,2.63332009315491
tgo,1997,2.48359990119934
tgo,1999,3.08964991569519
tgo,2000,3.28859996795654
tgo,2001,3.5516300201416
tgo,2002,3.69660997390747
tgo,2003,3.86094999313354
tgo,2004,4.04582977294922
tgo,2005,4.11987018585205
tgo,2006,4.2575798034668
tgo,2007,4.03120994567871
tha,1971,1.05404996871948
tha,1973,1.20231997966766
tha,1974,1.29192996025085
tha,1975,1.34168994426727
tha,1976,1.42007994651794
tha,1977,1.50136995315552
tha,1978,1.50326001644135
tha,1990,1.6761599779129
tha,1991,1.84991002082825
tha,1992,2.04222989082336
tha,1993,2.28294992446899
tha,2001,3.80215001106262
tha,2002,3.85562992095947
tha,2004,3.86763000488281
tha,2005,4.17325019836426
tha,2006,4.16258001327515
tha,2007,4.47283983230591
tha,2008,4.53570985794067
tha,2009,4.69376993179321
tha,2010,4.88147020339966
tha,2011,5.10857009887695
tha,2012,5.07447004318237
tha,2013,4.98926019668579
tjk,1999,5.33147001266479
tjk,2000,5.3717999458313
tjk,2001,5.60195016860962
tjk,2002,5.83614015579224
tjk,2003,6.08983993530273
tjk,2004,6.06609010696411
tjk,2005,6.12510013580322
tjk,2006,6.21970987319946
tjk,2007,6.25950002670288
tjk,2008,6.21188020706177
tjk,2009,6.2039098739624
tjk,2010,6.3077597618103
tjk,2011,6.36711978912354
tjk,2012,6.4020299911499
tjk,2013,6.47252988815308
tkm,2014,6.95460987091064
tls,2004,3.38739991188049
tls,2005,3.25601005554199
tls,2008,3.06925988197327
tls,2009,4.1244101524353
tls,2010,4.36920022964478
tls,2011,4.47232007980347
tls,2012,4.52344989776611
tls,2013,4.41689014434814
tls,2014,4.50532007217407
ton,1970,5.21954011917114
ton,1971,5.12681007385254
ton,1972,5.05605983734131
ton,1973,4.81037998199463
ton,1974,4.81751012802124
ton,1975,4.71342992782593
ton,1978,5.00498008728027
ton,1981,6.46529006958008
ton,1982,6.75517988204956
ton,1984,6.56925010681152
ton,1985,5.86506986618042
ton,1986,5.55965995788574
ton,1990,6.91999006271362
ton,1991,6.84531021118164
ton,1993,7.84253978729248
ton,1998,5.50998020172119
ton,1999,6.07180023193359
ton,2000,6.06270980834961
ton,2001,6.2335901260376
ton,2002,6.34345006942749
ton,2006,6.08371019363403
ton,2007,7.27094984054565
ton,2008,6.1515097618103
ton,2009,5.48283004760742
ton,2010,6.05296993255615
ton,2011,6.3738899230957
ton,2012,6.24633979797363
ton,2013,6.28658008575439
ton,2014,5.93564987182617
tto,1971,2.206209897995
tto,1972,2.25809001922607
tto,1973,2.08363008499146
tto,1977,2.7649199962616
tto,1982,3.78604006767273
tto,1983,3.8771800994873
tto,1984,4.01482009887695
tto,1985,3.99376010894775
tto,1987,4.14167976379395
tto,1988,4.2108302116394
tto,1989,4.09215021133423
tto,1990,4.07296991348267
tto,1991,3.90424990653992
tto,1992,3.90194010734558
tto,1993,3.89350008964539
tto,2004,4.13135004043579
tun,1971,2.24724006652832
tun,1972,2.2339301109314
tun,1973,2.14017009735107
tun,1974,2.05753993988037
tun,1975,1.97474002838135
tun,1976,1.90732002258301
tun,1977,1.9211699962616
tun,1978,2.09639000892639
tun,1979,2.17487001419067
tun,1980,2.23746991157532
tun,1981,2.23160004615784
tun,1982,2.4681499004364
tun,1983,2.78159999847412
tun,1984,2.94861006736755
tun,1985,3.08303999900818
tun,1986,3.26706004142761
tun,1987,3.19781994819641
tun,1988,3.27817988395691
tun,1989,3.51696991920471
tun,1990,3.53144001960754
tun,1991,3.52379989624023
tun,1992,3.53310990333557
tun,1993,3.68900990486145
tun,1994,3.95352005958557
tun,1995,4.17790985107422
tun,1996,4.39182996749878
tun,1997,4.49801015853882
tun,1999,5.06904983520508
tun,2000,5.13261985778809
tun,2001,5.27747011184692
tun,2002,5.40356016159058
tun,2003,5.27425003051758
tun,2005,5.69993019104004
tun,2006,5.8417501449585
tun,2008,6.25813007354736
tun,2009,6.14761018753052
tun,2010,6.12910985946655
tun,2011,6.30284023284912
tur,1971,2.27829003334045
tur,1972,2.44810009002686
tur,1973,2.4825599193573
tur,1974,2.49243998527527
tur,1976,2.66795992851257
tur,1977,2.83002996444702
tur,1978,2.98697996139526
tur,1979,2.96733999252319
tur,1980,3.11267995834351
tur,1982,3.02343988418579
tur,1983,3.04305005073547
tur,1984,3.14404988288879
tur,1986,3.45266008377075
tur,1987,3.53922009468079
tur,1988,3.65782999992371
tur,1989,3.78895998001099
tur,1990,3.79545998573303
tur,1991,3.88804006576538
tur,1992,3.96783995628357
tur,1993,4.18462991714478
tur,1994,4.24776983261108
tur,1995,4.45736980438232
tur,1997,4.38609981536865
tur,1999,5.05438995361328
tur,2000,5.06289005279541
tur,2001,5.76253986358643
tur,2002,6.0827898979187
tur,2003,6.19931983947754
tur,2004,5.83361005783081
tur,2005,5.45907020568848
tur,2006,5.69459009170532
tur,2007,5.82221984863281
tur,2008,5.61984014511108
tur,2009,5.84017992019653
tur,2010,6.1451997756958
tur,2011,6.44705009460449
tur,2012,6.11031007766724
tur,2013,8.19956016540527
tuv,2001,4.72114992141724
tuv,2014,5.00592994689941
tza,1970,0.227819994091988
tza,1971,0.232840001583099
tza,1972,0.233669996261597
tza,1973,0.237869992852211
tza,1974,0.255560010671616
tza,1975,0.253670006990433
tza,1976,0.250470012426376
tza,1977,0.261669993400574
tza,1978,0.264640003442764
tza,1979,0.265329986810684
tza,1981,0.255329996347427
tza,1982,0.239189997315407
tza,1983,0.239289999008179
tza,1985,0.257519990205765
tza,1986,0.266680002212524
tza,1987,0.281699985265732
tza,1988,0.302329987287521
tza,1989,0.31580001115799
tza,1991,0.365410000085831
tza,1992,0.362690001726151
tza,1993,0.361299991607666
tza,1994,0.355780005455017
tza,1995,0.353929996490479
tza,1996,0.338369995355606
tza,1997,0.375649988651276
tza,2010,2.09027004241943
tza,2012,2.23935008049011
tza,2013,2.0413498878479
uga,1975,0.344960004091263
uga,1976,0.399419993162155
uga,1977,0.406870007514954
uga,1978,0.410710006952286
uga,1979,0.41525000333786
uga,1981,0.456090003252029
uga,1982,0.655350029468536
uga,1986,0.825689971446991
uga,1990,0.86913001537323
uga,1992,0.769590020179749
uga,1994,0.756789982318878
uga,1997,0.717100024223328
uga,2000,1.18172001838684
uga,2001,1.18920004367828
uga,2002,1.29423999786377
uga,2003,1.36879003047943
uga,2004,1.35778999328613
uga,2005,1.36626005172729
uga,2006,1.45555996894836
uga,2007,1.67974996566772
uga,2008,1.7765200138092
uga,2009,1.88867998123169
uga,2010,1.82785999774933
uga,2011,1.75936996936798
uga,2013,1.83336997032166
ukr,1993,6.08786010742188
ukr,1994,6.08841991424561
ukr,1999,7.01267004013062
ukr,2000,7.24946022033691
ukr,2001,7.42771005630493
ukr,2002,7.33833980560303
ukr,2003,7.3877100944519
ukr,2004,7.11612987518311
ukr,2005,6.90896987915039
ukr,2006,6.76830005645752
ukr,2007,6.69412994384766
ukr,2008,6.67719984054565
ukr,2009,6.61047983169556
ukr,2010,6.62551021575928
ukr,2011,6.52996015548706
ukr,2012,6.75054979324341
ukr,2013,6.87495994567871
ukr,2014,6.93532991409302
ury,1970,3.25188994407654
ury,1971,3.33735990524292
ury,1972,3.49935007095337
ury,1973,3.56789994239807
ury,1978,3.36731004714966
ury,1979,3.29503989219666
ury,1994,4.44067001342773
ury,1995,4.49420976638794
ury,1998,4.6105899810791
ury,1999,5.09779977798462
ury,2000,5.53990983963013
ury,2001,5.75464010238647
ury,2002,6.00059986114502
ury,2003,6.19289016723633
ury,2004,6.06408977508545
ury,2005,5.65107011795044
ury,2006,5.60711002349854
ury,2007,5.57236003875732
ury,2008,4.99798011779785
ury,2009,5.16278982162476
ury,2010,5.1121301651001
ury,2013,5.30495023727417
usa,1972,6.47901010513306
usa,1978,5.08889007568359
usa,1981,5.26675987243652
usa,1982,5.45805978775024
usa,1983,5.47357988357544
usa,1984,5.60891008377075
usa,1985,5.57562017440796
usa,1986,5.58640003204346
usa,1987,5.59890985488892
usa,1990,5.41305017471313
usa,1991,5.36018991470337
usa,1993,5.68440008163452
usa,1994,5.77446985244751
usa,1995,5.63303995132446
usa,1996,5.66239976882935
usa,1998,5.57082986831665
usa,2000,5.56010007858276
usa,2001,5.59779977798462
usa,2002,5.61951017379761
usa,2003,5.68125009536743
usa,2004,5.65257978439331
usa,2005,5.6632399559021
usa,2006,5.71112012863159
usa,2007,5.71921014785767
usa,2008,5.74585008621216
usa,2009,5.6592001914978
usa,2010,5.59849977493286
usa,2011,5.63564014434814
usa,2012,5.64139986038208
usa,2013,5.70734977722168
usa,2014,5.7781400680542
uzb,1999,6.04680013656616
uzb,2000,6.15524005889893
uzb,2003,6.91345977783203
uzb,2004,7.00488996505737
uzb,2005,7.29460000991821
uzb,2006,7.31503009796143
uzb,2007,7.48721981048584
uzb,2008,7.42360019683838
uzb,2009,7.55557012557983
uzb,2010,7.63039016723633
uzb,2011,7.69343996047974
vct,1971,1.39876997470856
vct,1972,1.49115002155304
vct,1974,1.75551998615265
vct,1975,1.62114000320435
vct,1976,1.63222002983093
vct,1982,2.43125009536743
vct,1984,2.29517006874084
vct,1985,1.83866000175476
vct,1986,2.03583002090454
vct,1987,2.87170004844666
vct,1988,2.19225001335144
vct,1991,3.75251007080078
vct,2000,3.53877997398376
vct,2001,3.89778995513916
vct,2002,4.1442699432373
vct,2003,4.11391019821167
vct,2004,4.53743982315063
vct,2005,3.98245000839233
vct,2007,4.90186977386475
vct,2008,5.11511993408203
vct,2009,5.3878002166748
vct,2010,5.32396984100342
vct,2011,5.35834980010986
vct,2012,5.14573001861572
vct,2013,5.27045011520386
vct,2014,5.31617021560669
ven,1971,1.61342000961304
ven,1972,1.73712003231049
ven,1973,1.79793000221252
ven,1974,1.84744000434875
ven,1975,1.89876997470856
ven,1984,2.29312992095947
ven,1985,2.37648010253906
ven,1986,2.47227001190186
ven,1987,2.49697995185852
ven,1988,2.51383996009827
ven,1989,2.48751997947693
ven,1991,2.49061989784241
ven,1992,2.52391004562378
ven,1993,2.53144001960754
ven,1999,2.56821990013123
ven,2000,2.7234001159668
ven,2001,2.93016004562378
ven,2002,3.13121008872986
ven,2003,3.19437003135681
ven,2004,3.32678008079529
ven,2005,3.45043992996216
ven,2006,3.57212996482849
ven,2007,3.70228004455566
ven,2008,3.81145000457764
ven,2009,3.87165999412537
ven,2010,3.86799001693726
ven,2011,3.92694997787476
ven,2012,4.03878021240234
ven,2013,4.41530990600586
ven,2014,4.43888998031616
vnm,1976,2.4728798866272
vnm,1977,2.67867994308472
vnm,1998,4.26416015625
vut,1970,0.439559996128082
vut,1971,0.473470002412796
vut,1972,0.526380002498627
vut,1973,0.576590001583099
vut,1974,0.663839995861053
vut,1975,0.694249987602234
vut,1976,0.811619997024536
vut,1977,0.929180026054382
vut,1978,0.974690020084381
vut,1980,0.972859978675842
vut,1981,1.00165998935699
vut,1983,1.22152996063232
vut,1991,1.40120995044708
vut,1999,2.21526002883911
vut,2000,2.22081995010376
vut,2001,2.55899000167847
vut,2002,2.78798007965088
vut,2003,3.0282199382782
vut,2004,3.16466999053955
vut,2010,4.35250997543335
wsm,1970,3.7216100692749
wsm,1975,4.48358011245728
wsm,1976,4.6555700302124
wsm,1977,4.70627021789551
wsm,1978,4.85037994384766
wsm,1979,4.8875298500061
wsm,1980,5.26590013504028
wsm,1994,4.83650016784668
wsm,1995,5.08306980133057
wsm,1996,4.9990701675415
wsm,1997,5.16848993301392
wsm,1998,5.12743997573853
wsm,1999,5.27641010284424
wsm,2000,5.24240016937256
wsm,2001,5.28458023071289
wsm,2002,5.40070009231567
wsm,2003,5.50255012512207
wsm,2004,5.51337003707886
wsm,2005,5.47547006607056
wsm,2006,5.47063016891479
wsm,2007,5.45893001556396
wsm,2009,5.65322017669678
wsm,2010,5.79040002822876
wsm,2011,5.69474983215332
wsm,2012,5.72678995132446
wsm,2014,5.76411008834839
yem,1999,3.8459300994873
yem,2001,3.90104007720947
yem,2003,4.07084989547729
yem,2004,3.83153009414673
yem,2005,3.65832996368408
yem,2008,3.22288990020752
yem,2010,3.19569993019104
yem,2011,3.33782005310059
yem,2012,3.34008002281189
yem,2013,3.45244002342224
zaf,1989,2.9337100982666
zaf,1990,3.05683994293213
zaf,1991,3.31861996650696
zaf,1994,3.83169007301331
zaf,1998,4.43460988998413
zaf,1999,4.51601982116699
zaf,2000,4.38816976547241
zaf,2001,4.36806011199951
zaf,2002,4.22001981735229
zaf,2003,4.27661991119385
zaf,2004,4.28523015975952
zaf,2005,4.28120994567871
zaf,2006,4.30855989456177
zaf,2007,4.36569976806641
zaf,2008,4.27123022079468
zaf,2009,4.26449012756348
zaf,2010,4.21923017501831
zaf,2011,4.22000980377197
zaf,2012,4.20557022094727
zaf,2013,4.24451017379761
zaf,2014,4.26446008682251
zmb,1970,0.875140011310577
zmb,1972,0.930249989032745
zmb,1974,0.938700020313263
zmb,1979,1.08263003826141
zmb,1980,1.08826994895935
zmb,1981,1.06939995288849
zmb,1982,1.02891004085541
zmb,1986,1.26614999771118
zmb,1988,1.29182004928589
zwe,1970,0.536329984664917
zwe,1971,0.546050012111664
zwe,1972,0.596819996833801
zwe,1973,0.602460026741028
zwe,1974,0.600149989128113
zwe,1975,0.608229994773865
zwe,1976,0.607969999313354
zwe,1977,0.60386997461319
zwe,1978,0.570050001144409
zwe,1979,0.492060005664825
zwe,1981,1.03304994106293
zwe,1982,1.51736998558044
zwe,1983,2.08153009414673
zwe,1984,2.65481996536255
zwe,1985,2.95485997200012
zwe,1986,3.20405006408691
zwe,1987,3.24110007286072
zwe,1988,3.27964997291565
zwe,1989,3.27322006225586
zwe,1990,2.87699007987976
zwe,1991,3.12953996658325
zwe,1992,2.79052996635437
zwe,1993,2.60228991508484
zwe,1994,2.57113003730774
zwe,1995,2.64691996574402
zwe,1996,2.6794900894165
zwe,1999,2.74168992042542
zwe,2000,2.73032999038696
zwe,2001,2.77263998985291
zwe,2002,2.64375996589661
zwe,2003,2.38463997840881
zwe,2012,2.85439991950989
zwe,2013,2.89491009712219
