country,year,se_ter_enrl_fe
abw,1999,780.0
abw,2000,957.0
abw,2001,986.0
abw,2002,962.0
abw,2003,992.0
abw,2004,1026.0
abw,2005,1259.0
abw,2006,1263.0
abw,2007,1304.0
abw,2008,1301.0
abw,2009,1281.0
abw,2010,1333.0
abw,2011,1453.0
abw,2012,1523.0
abw,2013,795.0
abw,2014,842.0
abw,2015,797.0
afg,1970,1135.0
afg,1972,1310.0
afg,1973,1774.0
afg,1974,1495.0
afg,1975,1681.0
afg,1976,1951.0
afg,1977,3286.0
afg,1978,3919.0
afg,1979,3489.0
afg,1986,3124.0
afg,1990,7469.0
afg,2003,5344.0
afg,2004,5637.0
afg,2009,17163.0
afg,2011,23662.0
afg,2014,53613.0
ago,1990,1033.0
ago,1998,3425.0
ago,1999,3060.0
ago,2002,5009.0
ago,2011,39110.0
ago,2013,98114.0
ago,2015,98376.0
alb,1971,8275.0
alb,1972,9284.0
alb,1978,6518.0
alb,1981,7221.0
alb,1983,8350.0
alb,1984,9130.0
alb,1985,9580.0
alb,1986,9995.0
alb,1987,10644.0
alb,1988,11746.0
alb,1989,12667.0
alb,1990,13310.0
alb,1991,14100.0
alb,1992,14535.0
alb,1993,16553.0
alb,1994,16069.0
alb,1995,14921.0
alb,1996,16172.0
alb,1997,19376.0
alb,1998,20367.0
alb,1999,23032.0
alb,2000,24017.0
alb,2001,25069.0
alb,2002,26124.0
alb,2003,27180.0
alb,2004,32846.0
alb,2005,38128.0
alb,2006,43479.0
alb,2007,50419.0
alb,2008,50979.0
alb,2009,52610.0
alb,2010,68079.0
alb,2011,74718.0
alb,2012,89269.0
alb,2013,96668.0
alb,2014,98291.0
alb,2015,91038.0
and,2002,133.0
and,2003,149.0
and,2004,161.0
and,2005,174.0
and,2006,213.0
and,2008,264.0
and,2012,299.0
and,2013,317.0
and,2014,285.0
and,2015,289.0
arb,1970,247304.28125
arb,1971,255393.234375
arb,1972,275211.3125
arb,1973,301219.15625
arb,1974,331545.46875
arb,1975,369792.1875
arb,1976,418698.0625
arb,1977,452946.6875
arb,1978,487502.84375
arb,1979,515665.3125
arb,1980,556066.5
arb,1981,611079.25
arb,1982,656826.125
arb,1983,694425.1875
arb,1984,736980.875
arb,1985,770663.375
arb,1986,801976.0625
arb,1987,827043.375
arb,1988,894711.4375
arb,1989,911287.625
arb,1990,964019.4375
arb,1991,982278.0625
arb,1992,1059124.0
arb,1993,1180946.0
arb,1994,1267306.125
arb,1995,1395674.125
arb,1996,1549266.5
arb,1997,1717694.25
arb,1998,1903300.875
arb,1999,2155943.25
arb,2000,2290471.0
arb,2001,2460653.5
arb,2002,2687354.75
arb,2003,2834086.5
arb,2004,3058464.0
arb,2005,3315010.0
arb,2006,3529890.0
arb,2007,3635691.0
arb,2008,3982309.25
arb,2009,4159449.25
arb,2010,4326012.0
arb,2011,4280270.0
arb,2012,4585485.5
arb,2013,4798297.5
arb,2014,4953850.5
are,1978,205.0
are,1979,431.0
are,1980,729.0
are,1981,1389.0
are,1982,1770.0
are,1983,2293.0
are,1984,3022.0
are,1985,4063.0
are,1986,4541.0
are,1987,4843.0
are,1988,5230.0
are,1989,5082.0
are,1990,5871.0
are,1991,7182.0
are,1992,7831.0
are,1993,7429.0
are,2007,48346.0
are,2008,48919.0
are,2009,53325.0
are,2010,58556.0
are,2011,63087.0
are,2012,67410.0
are,2013,72100.0
are,2014,77970.0
are,2015,86006.0
arg,1970,117251.0
arg,1971,144382.0
arg,1972,161389.0
arg,1973,192471.0
arg,1974,224724.0
arg,1975,283762.0
arg,1976,287199.0
arg,1977,255903.0
arg,1978,239073.0
arg,1979,247616.0
arg,1980,247656.0
arg,1981,280972.0
arg,1982,292396.0
arg,1983,311772.0
arg,1984,360860.0
arg,1985,444636.0
arg,1986,479172.0
arg,1987,512147.0
arg,1999,987167.0
arg,2000,1066341.0
arg,2001,1136287.0
arg,2002,1202086.0
arg,2003,1253534.0
arg,2004,1230721.0
arg,2005,1221785.0
arg,2006,1315307.0
arg,2007,1318554.0
arg,2008,1366479.0
arg,2009,1420584.0
arg,2010,1498815.0
arg,2011,1603803.0
arg,2012,1647640.0
arg,2013,1687299.0
arg,2014,1753177.0
arm,2000,53533.0
arm,2001,53024.0
arm,2002,58471.0
arm,2003,60523.0
arm,2004,64973.0
arm,2005,68589.0
arm,2006,74039.0
arm,2007,78358.0
arm,2008,81476.0
arm,2009,83077.0
arm,2010,82676.0
arm,2011,79066.0
arm,2012,67856.0
arm,2013,62963.0
arm,2014,61655.0
arm,2015,58433.0
asm,1971,0.0
asm,1972,236.0
asm,1973,420.0
asm,1974,358.0
asm,1975,390.0
asm,1976,337.0
asm,1977,443.0
asm,1978,663.0
asm,1979,497.0
asm,1980,497.0
asm,1981,551.0
asm,1982,540.0
asm,1983,516.0
asm,1984,500.0
asm,1985,489.0
asm,1986,392.0
asm,1987,476.0
asm,1988,497.0
asm,1989,488.0
asm,2007,973.0
atg,2009,732.0
atg,2010,861.0
atg,2011,726.0
atg,2012,1244.0
aus,1970,58771.0
aus,1971,66091.0
aus,1972,73354.0
aus,1973,81808.0
aus,1974,98269.0
aus,1975,111596.0
aus,1976,123098.0
aus,1977,128667.0
aus,1978,135896.0
aus,1979,141979.0
aus,1980,146676.0
aus,1981,150825.0
aus,1982,154133.0
aus,1983,161419.0
aus,1984,166797.0
aus,1985,176178.0
aus,1986,190387.0
aus,1987,197350.0
aus,1988,215026.0
aus,1989,229791.0
aus,1990,255655.0
aus,1991,284862.0
aus,1992,298812.0
aus,1993,450561.0
aus,1994,460307.0
aus,1995,483596.0
aus,1996,507091.0
aus,1997,529335.0
aus,1998,470230.0
aus,1999,457686.0
aus,2000,458538.0
aus,2001,470652.0
aus,2002,546544.0
aus,2003,544603.0
aus,2004,543347.0
aus,2005,558062.0
aus,2006,570726.0
aus,2007,596702.0
aus,2008,618216.0
aus,2009,669218.0
aus,2010,715920.0
aus,2011,747413.0
aus,2012,773468.0
aus,2013,787975.0
aus,2014,825152.0
aut,1971,17547.0
aut,1972,21169.0
aut,1973,24942.0
aut,1974,27499.0
aut,1975,30788.0
aut,1976,36527.0
aut,1977,40263.0
aut,1978,44179.0
aut,1979,48270.0
aut,1980,52964.0
aut,1981,57491.0
aut,1982,60268.0
aut,1983,64127.0
aut,1984,68163.0
aut,1985,74116.0
aut,1986,78593.0
aut,1987,81786.0
aut,1988,86179.0
aut,1989,88149.0
aut,1990,91862.0
aut,1991,94004.0
aut,1992,99917.0
aut,1993,103030.0
aut,1994,107013.0
aut,1995,111844.0
aut,1996,115657.0
aut,1997,117274.0
aut,1998,121674.0
aut,1999,126534.0
aut,2000,133122.0
aut,2001,137222.0
aut,2002,117881.0
aut,2003,121778.0
aut,2004,127206.0
aut,2005,131144.0
aut,2006,136240.0
aut,2007,140125.0
aut,2008,151771.0
aut,2009,164060.0
aut,2010,185908.0
aut,2011,193033.0
aut,2012,201192.0
aut,2013,225937.203125
aut,2014,224469.71875
aut,2015,226737.15625
aze,1981,78239.0
aze,1986,85786.0
aze,1991,64342.0
aze,1992,64028.0
aze,1993,59401.0
aze,1994,55032.0
aze,1995,56005.0
aze,1996,57738.0
aze,1997,56996.0
aze,2006,92430.0
aze,2007,92635.0
aze,2008,89827.0
aze,2009,89456.0
aze,2010,89245.0
aze,2011,90065.0
aze,2012,92481.0
aze,2013,95844.0
aze,2014,100685.0
aze,2015,105574.0
bdi,1971,26.0
bdi,1972,35.0
bdi,1973,52.0
bdi,1974,140.0
bdi,1975,89.0
bdi,1976,112.0
bdi,1979,290.0
bdi,1980,355.0
bdi,1981,464.0
bdi,1982,510.0
bdi,1984,648.0
bdi,1985,660.0
bdi,1986,676.0
bdi,1987,738.0
bdi,1988,814.0
bdi,1989,880.0
bdi,1990,939.0
bdi,1991,957.0
bdi,1992,1013.0
bdi,1993,1127.0
bdi,1998,1282.0
bdi,1999,1488.0
bdi,2000,1643.0
bdi,2001,1712.0
bdi,2002,3211.0
bdi,2004,4353.0
bdi,2005,4680.0
bdi,2006,5482.0
bdi,2010,10352.0
bdi,2011,9089.0
bdi,2012,12100.0
bdi,2013,13938.0
bdi,2014,12786.0
bel,1971,45231.0
bel,1972,46865.0
bel,1973,54774.0
bel,1974,59418.0
bel,1975,62329.0
bel,1978,79152.0
bel,1979,83664.0
bel,1980,84921.0
bel,1981,86947.0
bel,1982,94648.0
bel,1983,99443.0
bel,1984,103941.0
bel,1985,111349.0
bel,1986,113120.0
bel,1987,118491.0
bel,1988,120401.0
bel,1989,121338.0
bel,1990,130166.0
bel,1991,133339.0
bel,1993,150246.0
bel,1994,159138.0
bel,1995,174332.0
bel,1996,178833.0
bel,1999,185306.0
bel,2000,185908.0
bel,2001,189813.0
bel,2002,194843.0
bel,2003,199796.0
bel,2004,207756.0
bel,2005,211974.0
bel,2006,215784.0
bel,2007,216315.0
bel,2008,221043.0
bel,2009,233037.0
bel,2010,245759.0
bel,2011,255564.0
bel,2012,265070.0
bel,2013,272169.0
bel,2014,276979.0
bel,2015,282046.0
ben,1971,23.0
ben,1972,84.0
ben,1973,160.0
ben,1974,330.0
ben,1975,287.0
ben,1976,315.0
ben,1978,585.0
ben,1979,534.0
ben,1982,1063.0
ben,1983,1063.0
ben,1984,1249.0
ben,1985,1300.0
ben,1986,1427.0
ben,1987,1397.0
ben,1988,1238.0
ben,1991,1416.0
ben,1992,1656.0
ben,1993,1634.0
ben,1994,1835.0
ben,1995,1904.0
ben,1996,2051.0
ben,1997,2657.0
ben,1999,3787.0
ben,2000,4445.0
ben,2001,5568.0
ben,2006,12199.0
ben,2007,15618.0
ben,2008,16957.0
ben,2009,23014.0
ben,2010,29710.0
ben,2011,23407.0
ben,2012,31372.0
ben,2013,39697.0
bfa,1971,27.0
bfa,1972,24.0
bfa,1973,37.0
bfa,1974,75.0
bfa,1975,107.0
bfa,1976,212.0
bfa,1977,209.0
bfa,1978,262.0
bfa,1979,259.0
bfa,1980,274.0
bfa,1981,354.0
bfa,1982,550.0
bfa,1983,688.0
bfa,1984,757.0
bfa,1985,882.0
bfa,1986,946.0
bfa,1987,1051.0
bfa,1988,1155.0
bfa,1989,1322.0
bfa,1990,1304.0
bfa,1991,1254.0
bfa,1992,1666.0
bfa,1993,2013.0
bfa,1994,2131.0
bfa,1995,2087.0
bfa,1996,2264.0
bfa,1997,2022.0
bfa,1999,2251.0
bfa,2002,3946.0
bfa,2003,4078.0
bfa,2005,8587.0
bfa,2006,9449.0
bfa,2007,10340.0
bfa,2008,13641.0
bfa,2009,15289.0
bfa,2010,16298.0
bfa,2011,19886.0
bfa,2012,22432.0
bfa,2013,24074.0
bfa,2016,31468.0
bgd,1970,11453.0
bgd,1972,14711.0
bgd,1974,18808.0
bgd,1976,19827.0
bgd,1977,24803.0
bgd,1978,21356.0
bgd,1979,32254.0
bgd,1980,33348.0
bgd,1981,33898.0
bgd,1982,63361.0
bgd,1983,70942.0
bgd,1984,78289.0
bgd,1985,87755.0
bgd,1986,88889.0
bgd,1987,75049.0
bgd,1988,57465.0
bgd,1989,58754.0
bgd,1990,68866.0
bgd,1999,228860.0
bgd,2000,234797.0
bgd,2001,297265.0
bgd,2002,273799.0
bgd,2003,280951.0
bgd,2004,259165.0
bgd,2005,304935.0
bgd,2006,366900.0
bgd,2007,399696.0
bgd,2008,454782.0
bgd,2009,585012.0
bgd,2011,812430.0
bgd,2012,843054.0
bgd,2014,863176.0
bgr,1971,50445.0
bgr,1972,57021.0
bgr,1973,63173.0
bgr,1974,67308.0
bgr,1975,72386.0
bgr,1976,73806.0
bgr,1977,75352.0
bgr,1978,89392.0
bgr,1979,67881.0
bgr,1980,62053.0
bgr,1981,56946.0
bgr,1982,52672.0
bgr,1983,50775.0
bgr,1984,52779.0
bgr,1985,56084.0
bgr,1986,62035.0
bgr,1987,69498.0
bgr,1988,75565.0
bgr,1989,81341.0
bgr,1990,82864.0
bgr,1991,96807.0
bgr,1992,99125.0
bgr,1993,111759.0
bgr,1994,121250.0
bgr,1995,134958.0
bgr,1996,155226.0
bgr,1997,161049.0
bgr,1998,158703.0
bgr,1999,160614.0
bgr,2000,149671.0
bgr,2001,139081.0
bgr,2002,123261.0
bgr,2003,121709.0
bgr,2004,119890.0
bgr,2005,123940.0
bgr,2006,130156.0
bgr,2007,138954.0
bgr,2008,146324.0
bgr,2009,152480.0
bgr,2010,159377.0
bgr,2011,157215.0
bgr,2012,155713.0
bgr,2013,154873.0
bgr,2014,153742.0
bgr,2015,152201.0
bhr,1971,151.0
bhr,1972,166.0
bhr,1973,203.0
bhr,1974,312.0
bhr,1975,334.0
bhr,1976,371.0
bhr,1977,645.0
bhr,1978,516.0
bhr,1979,409.0
bhr,1980,546.0
bhr,1981,786.0
bhr,1982,1093.0
bhr,1985,2377.0
bhr,1986,2490.0
bhr,1987,1803.0
bhr,1988,2861.0
bhr,1991,3824.0
bhr,1992,4157.0
bhr,1993,4424.0
bhr,1994,4444.0
bhr,1995,4535.0
bhr,1996,4877.0
bhr,1999,6630.0
bhr,2003,11810.0
bhr,2005,12781.0
bhr,2006,12578.0
bhr,2011,22786.0
bhr,2012,24392.0
bhr,2013,23174.0
bhr,2014,22828.0
bhr,2015,23181.0
bhs,1988,3625.0
bhs,1995,2869.0
bih,2005,47075.0
bih,2006,50352.0
bih,2007,55155.0
bih,2008,58624.0
bih,2009,59028.0
bih,2010,58814.0
bih,2011,59886.0
bih,2012,59411.0
bih,2013,62266.0
bih,2014,62419.0
bih,2015,60761.0
blr,1991,185132.0
blr,1996,173946.0
blr,1997,182200.0
blr,1998,199560.0
blr,1999,216261.0
blr,2000,231169.0
blr,2001,246071.0
blr,2002,263271.0
blr,2003,278862.0
blr,2004,289517.0
blr,2005,299984.0
blr,2006,309293.0
blr,2007,319811.0
blr,2008,317320.0
blr,2009,322636.0
blr,2010,328463.0
blr,2011,335472.0
blr,2012,334512.0
blr,2013,315399.0
blr,2014,288657.0
blr,2015,265504.0
blz,1971,79.0
blz,1972,63.0
blz,1974,80.0
blz,1975,71.0
blz,2001,2315.0
blz,2002,2736.0
blz,2003,2642.0
blz,2004,2585.0
blz,2005,2781.0
blz,2006,3064.0
blz,2007,3318.0
blz,2008,3563.0
blz,2009,4364.0
blz,2010,4322.0
blz,2011,4517.0
blz,2012,5166.0
blz,2013,5266.0
blz,2015,5280.0
bmu,1979,229.0
bmu,1980,270.0
bmu,1981,312.0
bmu,2006,829.0
bmu,2007,768.0
bmu,2008,734.0
bmu,2009,977.0
bmu,2010,854.0
bmu,2011,885.0
bmu,2012,849.0
bmu,2013,830.0
bmu,2014,718.0
bmu,2015,674.0
bol,2007,158793.0
bra,1970,162176.0
bra,1971,228623.0
bra,1972,310486.0
bra,1973,358798.0
bra,1974,452260.0
bra,1979,652096.0
bra,1980,680445.0
bra,1983,740327.0
bra,1988,770396.0
bra,1989,787762.0
bra,1990,806547.0
bra,1991,833949.0
bra,1992,822961.0
bra,1993,865803.0
bra,1994,907677.0
bra,1998,1211171.0
bra,1999,1365159.0
bra,2000,1562153.0
bra,2001,1753483.0
bra,2002,2022907.0
bra,2003,2254291.0
bra,2004,2408720.0
bra,2005,2554177.0
bra,2007,2938236.0
bra,2008,3322910.0
bra,2009,3483040.0
bra,2010,3727198.0
bra,2011,3935854.0
bra,2012,4135169.0
bra,2013,4309373.0
bra,2014,4625314.0
bra,2015,4727593.0
brb,1971,349.0
brb,1972,477.0
brb,1973,564.0
brb,1974,624.0
brb,1981,2170.0
brb,1984,2409.0
brb,1985,2565.0
brb,1989,2485.0
brb,1990,2529.0
brb,1992,3797.0
brb,1999,4786.0
brb,2000,5838.0
brb,2001,5640.0
brb,2007,7757.0
brb,2009,9834.0
brb,2010,9064.0
brb,2011,8588.0
brn,1977,182.0
brn,1979,256.0
brn,1983,99.0
brn,1984,379.0
brn,1986,302.0
brn,1987,479.0
brn,1992,789.0
brn,1993,834.0
brn,1994,886.0
brn,1998,1883.0
brn,1999,2442.0
brn,2000,2580.0
brn,2001,2830.0
brn,2002,2794.0
brn,2003,2941.0
brn,2004,3247.0
brn,2005,3341.0
brn,2006,3365.0
brn,2007,3410.0
brn,2008,3679.0
brn,2009,3820.0
brn,2010,3655.0
brn,2011,4096.0
brn,2012,5160.0
brn,2013,5551.0
brn,2014,6942.0
brn,2015,6626.0
btn,1978,32.0
btn,1979,73.0
btn,1980,70.0
btn,1983,49.0
btn,1999,539.0
btn,2005,1237.0
btn,2006,1287.0
btn,2007,1384.0
btn,2008,1755.0
btn,2009,1803.0
btn,2010,2012.0
btn,2011,2729.0
btn,2012,2960.0
btn,2013,3541.0
bwa,1970,0.0
bwa,1971,0.0
bwa,1972,53.0
bwa,1973,70.0
bwa,1974,96.0
bwa,1975,152.0
bwa,1976,182.0
bwa,1977,220.0
bwa,1978,262.0
bwa,1979,322.0
bwa,1980,372.0
bwa,1981,387.0
bwa,1982,426.0
bwa,1983,497.0
bwa,1984,560.0
bwa,1985,875.0
bwa,1987,1267.0
bwa,1991,2262.0
bwa,1993,3029.0
bwa,1994,3256.0
bwa,1995,3763.0
bwa,1996,4197.0
bwa,1998,4896.0
bwa,1999,5423.0
bwa,2000,6306.0
bwa,2001,6982.0
bwa,2002,7777.0
bwa,2003,9262.0
bwa,2004,9374.0
bwa,2005,9192.0
bwa,2006,9728.0
bwa,2014,30456.0
bwa,2015,34831.0
bwa,2016,30259.0
caf,1979,275.0
caf,1980,238.0
caf,1981,143.0
caf,1982,269.0
caf,1983,128.0
caf,1984,240.0
caf,1986,287.0
caf,1988,371.0
caf,1990,568.0
caf,1991,513.0
caf,1992,545.0
caf,1999,1002.0
caf,2000,1027.0
caf,2006,1002.0
caf,2008,2501.0
caf,2009,3183.0
caf,2010,2736.0
caf,2012,3369.0
can,1976,484800.0
can,1989,805230.0
can,1990,995956.0
can,1991,1038194.0
can,1992,1053723.0
can,1993,924107.0
can,1994,935739.0
can,1995,942735.0
can,1996,938348.0
can,1998,663679.0
can,1999,683311.0
can,2000,678935.0
che,1977,19801.0
che,1978,20732.0
che,1979,21996.0
che,1980,23738.0
che,1981,25766.0
che,1982,27562.0
che,1983,29246.0
che,1984,31358.0
che,1985,33785.0
che,1986,35373.0
che,1987,37590.0
che,1988,38622.0
che,1989,40827.0
che,1990,45236.0
che,1991,47647.0
che,1992,50293.0
che,1993,52575.0
che,1994,54571.0
che,1995,55154.0
che,1996,55746.0
che,1998,62696.0
che,1999,65235.0
che,2000,66886.0
che,2001,69747.0
che,2002,73589.0
che,2003,82258.0
che,2004,88067.0
che,2005,91945.0
che,2006,96239.0
che,2007,101409.0
che,2008,110596.0
che,2009,115953.0
che,2010,122359.0
che,2011,126914.0
che,2012,132873.0
che,2013,138512.0
che,2014,143423.0
che,2015,146643.0
chl,1970,30125.0
chl,1971,38689.0
chl,1972,49353.0
chl,1975,67400.0
chl,1976,56996.0
chl,1977,55293.0
chl,1978,55016.0
chl,1979,50388.0
chl,1980,62804.0
chl,1983,75492.0
chl,1984,80652.0
chl,1985,85600.0
chl,1986,94130.0
chl,1987,99669.0
chl,1993,147596.0
chl,1994,153226.0
chl,1995,156614.0
chl,1996,166887.0
chl,1997,175242.0
chl,1998,187332.0
chl,1999,212448.0
chl,2000,213254.0
chl,2002,247809.0
chl,2003,271278.0
chl,2004,278712.0
chl,2005,319529.0
chl,2006,324996.0
chl,2007,372353.0
chl,2008,401926.0
chl,2009,444361.0
chl,2010,503669.0
chl,2011,547569.0
chl,2012,581832.0
chl,2013,608841.0
chl,2014,626163.0
chl,2015,634136.0
chn,1974,96500.0
chn,1975,145159.0
chn,1976,163290.0
chn,1977,186470.0
chn,1978,181623.0
chn,1979,206472.0
chn,1980,245704.0
chn,1994,1499689.0
chn,2003,6657178.0
chn,2004,8233949.0
chn,2005,9474072.0
chn,2006,10993885.0
chn,2007,12138650.0
chn,2008,13024326.0
chn,2009,14425244.0
chn,2010,15431321.0
chn,2011,15704744.0
chn,2012,16416816.0
chn,2013,17290092.0
chn,2014,21426912.0
chn,2015,22320376.0
civ,1971,615.0
civ,1972,680.0
civ,1973,863.0
civ,1974,986.0
civ,1976,1218.0
civ,1977,1543.0
civ,1979,2180.0
civ,1980,2543.0
civ,1987,4285.0
civ,1994,11575.0
civ,1995,12777.0
civ,1997,23272.0
civ,1999,25398.0
civ,2007,52201.0
civ,2008,53441.0
civ,2009,52481.0
civ,2010,48704.0
civ,2011,26499.0
civ,2013,64401.0
civ,2014,64440.0
civ,2015,75933.0
cmr,1971,209.0
cmr,1972,317.0
cmr,1973,505.0
cmr,1974,625.0
cmr,1975,880.0
cmr,2002,30138.0
cmr,2003,31538.0
cmr,2004,32541.0
cmr,2005,39448.0
cmr,2006,50244.0
cmr,2007,57962.0
cmr,2008,65050.0
cmr,2009,76514.0
cmr,2010,98473.0
cmr,2011,103103.0
cmr,2012,117492.0
cmr,2013,140089.0
cmr,2014,152658.0
cmr,2015,169442.0
cod,1971,675.0
cod,1972,974.0
cod,1974,1728.0
cod,2007,61531.0
cod,2008,80666.0
cod,2009,89210.0
cod,2011,150081.0
cod,2012,181201.0
cod,2013,138042.0
cog,1971,87.0
cog,1972,102.0
cog,1975,251.0
cog,1976,321.0
cog,1977,469.0
cog,1978,608.0
cog,1980,978.0
cog,1981,1079.0
cog,1982,1182.0
cog,1983,1262.0
cog,1984,1497.0
cog,1985,1597.0
cog,1986,1665.0
cog,1988,2172.0
cog,1989,1559.0
cog,1990,1720.0
cog,1991,1885.0
cog,1992,2241.0
cog,1999,2251.0
cog,2000,3716.0
cog,2001,1599.0
cog,2002,1923.0
cog,2003,3518.0
cog,2009,4050.0
cog,2011,12475.0
cog,2012,15116.0
cog,2013,15842.0
col,1970,22936.0
col,1974,52039.0
col,1975,64039.0
col,1977,92487.0
col,1978,102115.0
col,1979,110743.0
col,1980,121115.0
col,1981,141505.0
col,1982,153828.0
col,1984,180909.0
col,1985,189937.0
col,1986,203384.0
col,1987,213998.0
col,1988,221680.0
col,1989,245340.0
col,1991,261237.0
col,1995,298385.0
col,1996,334204.0
col,1997,406645.0
col,1998,437108.0
col,1999,457595.0
col,2000,481970.0
col,2001,506344.0
col,2002,509251.0
col,2004,570760.0
col,2005,628006.0
col,2006,676580.0
col,2007,706910.0
col,2008,729684.0
col,2009,793083.0
col,2010,863315.0
col,2011,953680.0
col,2012,1023175.0
col,2013,1109362.0
col,2014,1171634.0
col,2015,1214001.0
com,1990,36.0
com,1992,63.0
com,1999,277.0
com,2000,299.0
com,2003,737.0
com,2009,1597.0
com,2010,1640.0
com,2011,2389.0
com,2012,2779.0
com,2013,2848.0
com,2014,2864.0
cpv,2000,409.0
cpv,2001,367.0
cpv,2002,924.0
cpv,2003,1172.0
cpv,2004,1597.0
cpv,2005,1994.0
cpv,2006,2381.0
cpv,2007,2890.0
cpv,2008,3696.0
cpv,2009,4763.0
cpv,2010,5602.0
cpv,2011,6683.0
cpv,2012,6759.0
cpv,2013,7655.0
cpv,2014,7883.0
cpv,2015,7370.0
cri,1970,6735.0
cri,1971,7805.0
cri,1972,8663.0
cri,2004,59083.0
cri,2011,106535.0
cri,2012,110822.0
cri,2013,110817.0
cri,2014,117680.0
cri,2015,121218.0
cub,1971,10366.0
cub,1972,12676.0
cub,1973,15530.0
cub,1974,19634.0
cub,1975,24409.0
cub,1977,43301.0
cub,1979,59151.0
cub,1980,67880.0
cub,1981,73413.0
cub,1982,85462.0
cub,1983,90758.0
cub,1984,101711.0
cub,1985,113956.0
cub,1986,127054.0
cub,1987,141697.0
cub,1988,145892.0
cub,1989,143023.0
cub,1990,139455.0
cub,1991,139171.0
cub,1992,130615.0
cub,1993,114584.0
cub,1994,100199.0
cub,1995,82164.0
cub,1996,72967.0
cub,1997,67134.0
cub,1998,63434.0
cub,1999,81558.0
cub,2000,84826.0
cub,2001,92824.0
cub,2002,104036.0
cub,2003,132543.0
cub,2004,247063.0
cub,2005,293089.0
cub,2006,414239.0
cub,2007,549670.0
cub,2008,605748.0
cub,2009,595472.0
cub,2010,488648.0
cub,2011,404591.0
cub,2012,297368.0
cub,2013,227490.0
cub,2015,148397.0
cuw,2013,1541.0
cym,2006,406.0
cym,2007,438.0
cym,2008,628.0
cyp,1971,306.0
cyp,1972,409.0
cyp,1973,406.0
cyp,1974,366.0
cyp,1978,595.0
cyp,1979,671.0
cyp,1980,680.0
cyp,1981,806.0
cyp,1982,752.0
cyp,1983,787.0
cyp,1984,989.0
cyp,1985,1147.0
cyp,1986,1507.0
cyp,1987,1612.0
cyp,1988,2096.0
cyp,1989,2659.0
cyp,1990,3198.0
cyp,1991,3377.0
cyp,1992,3513.0
cyp,1993,3088.0
cyp,1994,3604.0
cyp,1995,4373.0
cyp,1996,5257.0
cyp,1997,5559.0
cyp,1999,6075.0
cyp,2000,5945.0
cyp,2001,6923.0
cyp,2002,7636.0
cyp,2003,9044.0
cyp,2004,9990.0
cyp,2005,10442.0
cyp,2006,10471.0
cyp,2007,11137.0
cyp,2008,12595.0
cyp,2009,14511.0
cyp,2010,14868.0
cyp,2011,15987.0
cyp,2012,16858.0
cyp,2013,17693.0
cyp,2014,19318.0
cyp,2015,21099.0
cze,1971,28446.0
cze,1972,26399.0
cze,1973,26739.0
cze,1974,28970.0
cze,1975,31952.0
cze,1976,34988.0
cze,1977,39404.0
cze,1978,42396.0
cze,1979,43267.0
cze,1980,45494.0
cze,1981,47661.0
cze,1982,48571.0
cze,1983,48819.0
cze,1984,47093.0
cze,1985,45409.0
cze,1986,44843.0
cze,1987,45385.0
cze,1988,46207.0
cze,1989,47898.0
cze,1990,48676.0
cze,1991,51562.0
cze,1992,49730.0
cze,1993,51502.0
cze,1994,78530.0
cze,1995,85743.0
cze,1996,89654.0
cze,1997,100315.0
cze,1998,103516.0
cze,1999,114991.0
cze,2000,126289.0
cze,2001,130298.0
cze,2002,145747.0
cze,2003,145451.0
cze,2004,163409.0
cze,2005,176965.0
cze,2006,181914.0
cze,2007,198570.0
cze,2008,217682.0
cze,2009,235416.0
cze,2010,248501.0
cze,2011,255195.0
cze,2012,252025.0
cze,2013,245414.0
cze,2014,239225.0
cze,2015,226601.0
deu,1992,841850.0
deu,1993,886737.0
deu,1994,902390.0
deu,1995,935446.0
deu,1996,955856.0
deu,1997,975448.0
deu,2013,1310073.625
deu,2014,1380532.375
deu,2015,1427647.0
dji,1976,0.0
dji,1981,0.0
dji,1986,0.0
dji,1991,0.0
dji,1992,16.0
dji,1993,34.0
dji,1994,38.0
dji,1996,61.0
dji,1997,71.0
dji,1999,89.0
dji,2000,89.0
dji,2001,207.0
dji,2002,324.0
dji,2003,371.0
dji,2004,508.0
dji,2005,708.0
dji,2006,771.0
dji,2007,886.0
dji,2008,981.0
dji,2009,1284.0
dji,2010,1303.0
dji,2011,1877.0
dma,1981,14.0
dma,1984,50.0
dma,1985,40.0
dma,1989,53.0
dma,1991,177.0
dma,1992,364.0
dma,1993,227.0
dnk,1971,27895.0
dnk,1972,35772.0
dnk,1973,41709.0
dnk,1974,45117.0
dnk,1976,48837.0
dnk,1977,51820.0
dnk,1978,54580.0
dnk,1979,49029.0
dnk,1980,51599.0
dnk,1981,51923.0
dnk,1982,52914.0
dnk,1983,54184.0
dnk,1984,55765.0
dnk,1985,56570.0
dnk,1986,57380.0
dnk,1987,59082.0
dnk,1988,61627.0
dnk,1989,64484.0
dnk,1990,69303.0
dnk,1991,74385.0
dnk,1992,78891.0
dnk,1993,83468.0
dnk,1994,86784.0
dnk,1995,87988.0
dnk,1996,94452.0
dnk,1998,101701.0
dnk,1999,106957.0
dnk,2000,107644.0
dnk,2001,108290.0
dnk,2002,112698.0
dnk,2003,116844.0
dnk,2004,125628.0
dnk,2005,133376.0
dnk,2006,131302.0
dnk,2007,133684.0
dnk,2008,133804.0
dnk,2009,136609.0
dnk,2010,139665.0
dnk,2011,149213.0
dnk,2012,157861.0
dnk,2013,165690.0
dnk,2014,172754.0
dnk,2015,179071.0
dom,1971,10143.0
dom,1972,13063.0
dom,1973,15250.0
dom,1975,19196.0
dom,1997,101772.0
dom,2003,175973.0
dom,2012,273316.0
dom,2014,280257.0
dom,2015,309284.0
dza,2004,365409.0
dza,2005,437426.0
dza,2006,448056.0
dza,2007,517357.0
dza,2009,667702.0
dza,2010,667146.0
dza,2011,694699.0
dza,2012,713475.0
dza,2013,743640.0
dza,2014,743794.0
dza,2015,776295.0
eap,1973,756361.0
eap,1974,835485.5
eap,1975,918566.9375
eap,1976,988858.6875
eap,1977,1086147.75
eap,1978,1206449.125
eap,1979,1397361.375
eap,1980,1556890.125
eap,1981,1761454.25
eap,1982,2117129.75
eap,1983,2332952.75
eap,1984,2613881.75
eap,1985,2851516.75
eap,1986,3051452.25
eap,1987,3267344.25
eap,1988,3336933.25
eap,1989,3550032.0
eap,1990,3639225.25
eap,1991,3819992.0
eap,1992,3888321.25
eap,1993,4053098.25
eap,1994,4473264.0
eap,1995,4917620.5
eap,1996,5236513.5
eap,1997,5800421.5
eap,1998,6347301.0
eap,1999,7104421.5
eap,2000,7792169.0
eap,2001,8753086.0
eap,2002,10421005.0
eap,2003,12064183.0
eap,2004,13819061.0
eap,2005,15261030.0
eap,2006,17013652.0
eap,2007,18670660.0
eap,2008,19900658.0
eap,2009,21700878.0
eap,2010,23025112.0
eap,2011,23693028.0
eap,2012,25112140.0
eap,2013,26347102.0
eap,2014,30832728.0
eas,1973,1512201.375
eas,1974,1663253.875
eas,1975,1827259.25
eas,1976,1968655.625
eas,1977,2116458.25
eas,1978,2283935.25
eas,1979,2499056.5
eas,1980,2678874.75
eas,1981,2925840.5
eas,1982,3344176.0
eas,1983,3637800.25
eas,1984,4017055.0
eas,1985,4359256.5
eas,1986,4588167.5
eas,1987,4878119.0
eas,1988,5050153.5
eas,1989,5346036.0
eas,1990,5546535.0
eas,1991,5840293.0
eas,1992,6082317.0
eas,1993,6768680.5
eas,1994,7462109.0
eas,1995,8025460.5
eas,1996,8466422.0
eas,1997,9196021.0
eas,1998,9667009.0
eas,1999,10488159.0
eas,2000,11281614.0
eas,2001,12316583.0
eas,2002,14120776.0
eas,2003,15811319.0
eas,2004,17638850.0
eas,2005,19103720.0
eas,2006,20893006.0
eas,2007,22589996.0
eas,2008,23928650.0
eas,2009,25790290.0
eas,2010,27203602.0
eas,2011,27984070.0
eas,2012,29447954.0
eas,2013,30727600.0
eas,2014,35140612.0
eca,1970,4604177.0
eca,1971,4742316.5
eca,1972,4857025.5
eca,1973,4955369.5
eca,1974,5044660.5
eca,1975,5128034.5
eca,1976,5200185.0
eca,1977,5310627.0
eca,1978,5407557.0
eca,1979,5443559.5
eca,1980,5469582.0
eca,1981,5489739.0
eca,1982,5509793.5
eca,1983,5537309.5
eca,1984,5566298.5
eca,1985,5585473.5
eca,1986,5551913.0
eca,1987,5476221.5
eca,1988,5397863.0
eca,1989,5340339.5
eca,1990,5361451.5
eca,1991,5314197.5
eca,1992,5251502.5
eca,1993,5139351.5
eca,1994,5139399.5
eca,1995,5155445.0
eca,1996,5317491.5
eca,1997,5509605.5
eca,1998,5756567.0
eca,1999,6122044.0
eca,2000,6644998.5
eca,2001,7363067.0
eca,2002,8138267.5
eca,2003,8756024.0
eca,2004,9095789.0
eca,2005,9571831.0
eca,2006,10013265.0
eca,2007,10317480.0
eca,2008,10516962.0
eca,2009,10591970.0
eca,2010,10554909.0
eca,2011,10321578.0
eca,2012,9906093.0
eca,2013,9740742.0
eca,2014,9272672.0
ecs,1970,6902131.0
ecs,1971,7050795.5
ecs,1972,7277183.5
ecs,1973,7552811.5
ecs,1974,7803864.0
ecs,1975,8073281.5
ecs,1976,8365491.5
ecs,1977,8634330.0
ecs,1978,8873384.0
ecs,1979,8953879.0
ecs,1980,9076463.0
ecs,1981,9190787.0
ecs,1982,9337496.0
ecs,1983,9553762.0
ecs,1984,9713516.0
ecs,1985,9858133.0
ecs,1986,9950350.0
ecs,1987,9965073.0
ecs,1988,10032247.0
ecs,1989,10192174.0
ecs,1990,10445804.0
ecs,1991,10678537.0
ecs,1992,10950575.0
ecs,1993,11275577.0
ecs,1994,11777130.0
ecs,1995,12148374.0
ecs,1996,12567635.0
ecs,1997,13151764.0
ecs,1998,13593868.0
ecs,1999,14273029.0
ecs,2000,15043486.0
ecs,2001,16113459.0
ecs,2002,17283078.0
ecs,2003,18251408.0
ecs,2004,18878768.0
ecs,2005,19593626.0
ecs,2006,20175232.0
ecs,2007,20541262.0
ecs,2008,20803772.0
ecs,2009,21019882.0
ecs,2010,21196322.0
ecs,2011,21075114.0
ecs,2012,20609308.0
ecs,2013,20271526.0
ecs,2014,19849730.0
ecu,1971,11629.0
ecu,1972,13121.0
ecu,1973,18335.0
ecu,1979,82762.0
ecu,1980,91784.0
ecu,1984,103371.0
ecu,1988,108430.0
ecu,2008,282574.0
ecu,2012,320765.0
egy,1971,61790.0
egy,1972,70795.0
egy,1973,86647.0
egy,1974,100944.0
egy,1975,118853.0
egy,1976,144096.0
egy,1977,162283.0
egy,1978,176028.0
egy,1979,188637.0
egy,1980,202096.0
egy,1981,225562.0
egy,1982,247245.0
egy,1983,265737.0
egy,1984,278209.0
egy,1985,278659.0
egy,1986,254528.0
egy,1987,250354.0
egy,1988,286018.0
egy,1989,254788.0
egy,1990,249613.0
egy,1991,227314.0
egy,2001,910761.0
egy,2002,991343.0
egy,2003,950125.0
egy,2004,984772.0
egy,2005,1047148.0
egy,2006,1096046.0
egy,2007,1047507.0
egy,2008,1178777.0
egy,2009,1186501.0
egy,2010,1235546.0
egy,2011,1045221.0
egy,2012,1061916.0
egy,2013,1142906.0
egy,2014,1175296.0
egy,2015,1377364.0
emu,1970,1703092.0
emu,1971,1706687.5
emu,1972,1800217.375
emu,1973,1935016.375
emu,1974,2033390.5
emu,1975,2154083.0
emu,1976,2310575.75
emu,1977,2411403.25
emu,1978,2528552.25
emu,1979,2556849.25
emu,1980,2642722.0
emu,1981,2741795.25
emu,1982,2863697.0
emu,1983,2960623.5
emu,1984,3081940.0
emu,1985,3207683.25
emu,1986,3313216.5
emu,1987,3372704.0
emu,1988,3489433.25
emu,1989,3657496.25
emu,1990,3809156.25
emu,1991,4010014.75
emu,1992,4249403.5
emu,1993,4532010.0
emu,1994,4820729.0
emu,1995,4974412.0
emu,1996,5103207.0
emu,1997,5294951.0
emu,1998,5424133.0
emu,1999,5453047.5
emu,2000,5562925.0
emu,2001,5720932.0
emu,2002,5867196.5
emu,2003,6060939.0
emu,2004,6248571.5
emu,2005,6378757.5
emu,2006,6465244.0
emu,2007,6494266.5
emu,2008,6545431.5
emu,2009,6621661.0
emu,2010,6738323.5
emu,2011,6850578.0
emu,2012,6834057.0
emu,2013,6798050.0
emu,2014,6876493.0
eri,1995,424.0
eri,1996,349.0
eri,1998,410.0
eri,1999,540.0
eri,2000,592.0
eri,2001,738.0
eri,2002,738.0
eri,2004,606.0
eri,2009,2439.0
eri,2010,3300.0
eri,2014,4122.0
esp,1971,60051.0
esp,1972,70492.0
esp,1973,113403.0
esp,1974,131900.0
esp,1975,154484.0
esp,1976,195616.0
esp,1977,222500.0
esp,1978,264208.0
esp,1979,254931.0
esp,1980,285883.0
esp,1981,304838.0
esp,1982,325814.0
esp,1983,349605.0
esp,1984,388689.0
esp,1985,411653.0
esp,1986,459105.0
esp,1987,483201.0
esp,1988,520260.0
esp,1989,550302.0
esp,1990,591146.0
esp,1991,623868.0
esp,1992,667143.0
esp,1993,708791.0
esp,1994,749509.0
esp,1995,802033.0
esp,1996,840524.0
esp,1997,890357.0
esp,1998,925994.0
esp,1999,947621.0
esp,2000,968189.0
esp,2001,961984.0
esp,2002,974039.0
esp,2003,978081.0
esp,2004,990306.0
esp,2005,972119.0
esp,2006,963679.0
esp,2007,960352.0
esp,2008,962272.0
esp,2009,974439.0
esp,2010,1013325.0
esp,2011,1050922.0
esp,2012,1053942.0
esp,2013,1054579.0
esp,2014,1057361.0
esp,2015,1043704.0
est,1992,12771.0
est,1993,12264.0
est,1994,12676.0
est,1995,13162.0
est,1996,20889.0
est,1997,23233.0
est,1998,26882.0
est,1999,28124.0
est,2000,31346.0
est,2001,34719.0
est,2002,37269.0
est,2003,39153.0
est,2004,40558.0
est,2005,41677.0
est,2006,42053.0
est,2007,41987.0
est,2008,42066.0
est,2009,42352.0
est,2010,42034.0
est,2011,41285.0
est,2012,39997.0
est,2013,37886.0
est,2014,35230.0
est,2015,32469.0
eth,1971,354.0
eth,1972,374.0
eth,1974,580.0
eth,1979,1710.0
eth,1980,2498.0
eth,1982,2007.0
eth,1983,2018.0
eth,1984,1761.0
eth,1986,4881.0
eth,1987,5003.0
eth,1988,5029.0
eth,1989,5640.0
eth,1990,6070.0
eth,1991,6092.0
eth,1994,6285.0
eth,1995,6558.0
eth,1996,6682.0
eth,1997,8524.0
eth,1998,8702.0
eth,1999,9769.0
eth,2000,14681.0
eth,2001,18707.0
eth,2002,26898.0
eth,2003,37259.0
eth,2004,43307.0
eth,2005,46577.0
eth,2008,62939.0
eth,2009,123020.0
eth,2010,173101.0
eth,2011,191121.0
eth,2012,218199.0
eth,2014,243409.0
euu,1970,2381025.75
euu,1971,2394445.75
euu,1972,2509034.5
euu,1973,2683777.25
euu,1974,2850844.25
euu,1975,3042638.75
euu,1976,3268663.5
euu,1977,3423628.25
euu,1978,3581115.0
euu,1979,3601710.5
euu,1980,3688700.25
euu,1981,3773477.75
euu,1982,3891184.0
euu,1983,4068211.25
euu,1984,4195256.0
euu,1985,4317247.5
euu,1986,4444220.0
euu,1987,4537023.0
euu,1988,4684868.0
euu,1989,4904192.0
euu,1990,5128866.0
euu,1991,5425954.5
euu,1992,5761314.5
euu,1993,6213735.0
euu,1994,6722684.0
euu,1995,7095331.0
euu,1996,7416017.0
euu,1997,7813649.5
euu,1998,8006797.0
euu,1999,8343521.5
euu,2000,8600115.0
euu,2001,8988571.0
euu,2002,9389416.0
euu,2003,9753442.0
euu,2004,10057158.0
euu,2005,10324658.0
euu,2006,10524387.0
euu,2007,10645725.0
euu,2008,10782239.0
euu,2009,10941427.0
euu,2010,11098157.0
euu,2011,11125662.0
euu,2012,10959791.0
euu,2013,10724185.0
euu,2014,10739787.0
fin,1971,28916.0
fin,1972,29757.0
fin,1973,30620.0
fin,1974,33625.0
fin,1975,35797.0
fin,1977,56190.0
fin,1978,57793.0
fin,1979,57984.0
fin,1980,58319.0
fin,1981,59356.0
fin,1982,60897.0
fin,1983,62837.0
fin,1984,57332.0
fin,1985,58504.0
fin,1986,62467.0
fin,1987,66630.0
fin,1988,70241.0
fin,1989,75029.0
fin,1990,80161.0
fin,1991,86468.0
fin,1992,91574.0
fin,1993,99791.0
fin,1994,104713.0
fin,1995,108471.0
fin,1996,112748.0
fin,1997,119653.0
fin,1998,133803.0
fin,1999,141879.0
fin,2000,145099.0
fin,2001,150585.0
fin,2002,153520.0
fin,2003,156012.0
fin,2004,160104.0
fin,2005,163872.0
fin,2006,166495.0
fin,2007,167003.0
fin,2008,167891.0
fin,2009,160251.0
fin,2010,163408.0
fin,2011,166466.0
fin,2012,165805.0
fin,2013,165862.0
fin,2014,164166.0
fin,2015,162113.0
fji,1970,119.0
fji,1971,298.0
fji,1972,251.0
fji,1973,351.0
fji,1974,342.0
fji,1975,478.0
fji,1985,875.0
fji,1986,766.0
fji,2003,6798.0
fji,2004,6790.0
fji,2005,6747.0
fra,1979,493329.0
fra,1980,488509.0
fra,1982,556990.0
fra,1983,579459.0
fra,1985,626986.0
fra,1986,643429.0
fra,1987,653330.0
fra,1988,679548.0
fra,1989,777815.0
fra,1990,834267.0
fra,1991,902557.0
fra,1992,989443.0
fra,1993,1058884.0
fra,1994,1138302.0
fra,1995,1138397.0
fra,1996,1147202.0
fra,1997,1133990.0
fra,1998,1108900.0
fra,1999,1095322.0
fra,2000,1092477.0
fra,2001,1099629.0
fra,2002,1111993.0
fra,2003,1166248.0
fra,2004,1189125.0
fra,2005,1207887.0
fra,2006,1217193.0
fra,2007,1205255.0
fra,2008,1194974.0
fra,2009,1199965.0
fra,2010,1233760.0
fra,2011,1238682.0
fra,2012,1259140.0
fra,2013,1275557.0
fra,2014,1302362.0
fsm,1979,527.0
fsm,1980,469.0
fsm,1981,514.0
fsm,1982,733.0
gab,1971,26.0
gab,1972,43.0
gab,1973,64.0
gab,1976,207.0
gab,1977,224.0
gab,1978,243.0
gab,1979,289.0
gab,1980,371.0
gab,1983,766.0
gab,1984,873.0
gab,1987,1168.0
gab,1988,1202.0
gab,1989,1227.0
gab,1990,1227.0
gab,1999,2667.0
gab,2001,3634.0
gab,2003,3662.0
gbr,1971,199800.0
gbr,1972,207400.0
gbr,1973,214800.0
gbr,1974,226049.0
gbr,1975,252714.0
gbr,1976,264254.0
gbr,1977,269489.0
gbr,1978,271577.0
gbr,1979,280640.0
gbr,1980,290810.0
gbr,1981,302972.0
gbr,1982,320237.0
gbr,1983,432378.0
gbr,1984,444377.0
gbr,1985,451258.0
gbr,1986,469948.0
gbr,1987,493368.0
gbr,1988,504815.0
gbr,1989,520457.0
gbr,1990,560927.0
gbr,1991,607040.0
gbr,1992,675345.0
gbr,1993,757937.0
gbr,1994,832896.0
gbr,1995,923878.0
gbr,1996,919116.0
gbr,1997,979659.0
gbr,1998,1020867.0
gbr,1999,1106973.0
gbr,2000,1091854.0
gbr,2001,1127606.0
gbr,2002,1237795.0
gbr,2003,1278980.0
gbr,2004,1282015.0
gbr,2005,1308362.0
gbr,2006,1339174.0
gbr,2007,1352422.0
gbr,2008,1333039.0
gbr,2009,1376057.0
gbr,2010,1402353.0
gbr,2011,1404452.0
gbr,2012,1404400.0
gbr,2013,1338154.0
gbr,2014,1316707.625
geo,1981,65401.0
geo,1991,68539.0
geo,1995,94367.0
geo,1996,81558.0
geo,1997,83474.0
geo,1999,67658.0
geo,2000,67418.0
geo,2001,68842.0
geo,2002,74320.0
geo,2003,75834.0
geo,2004,78359.0
geo,2005,87836.0
geo,2006,76042.0
geo,2007,73533.0
geo,2008,70297.0
geo,2009,52323.0
geo,2010,58407.0
geo,2011,60035.0
geo,2012,55573.0
geo,2013,63040.0
geo,2014,66531.0
geo,2015,68949.0
gha,1971,774.0
gha,1972,793.0
gha,1973,932.0
gha,1974,1215.0
gha,1975,1640.0
gha,1976,1439.0
gha,1982,3326.0
gha,1991,3105.0
gha,1992,3714.0
gha,1993,3754.0
gha,1994,4668.0
gha,2005,41783.0
gha,2006,37104.0
gha,2007,47941.0
gha,2008,57250.0
gha,2009,75773.0
gha,2011,106290.0
gha,2012,111354.0
gha,2013,135567.0
gha,2014,157626.0
gha,2015,167141.0
gin,1971,160.0
gin,1975,1246.0
gin,1976,2237.0
gin,1977,2767.0
gin,1978,3816.0
gin,1981,3497.0
gin,1982,2839.0
gin,1983,2883.0
gin,1985,2737.0
gin,1986,1267.0
gin,1987,923.0
gin,1988,693.0
gin,1989,637.0
gin,1990,489.0
gin,1991,350.0
gin,1992,334.0
gin,1993,515.0
gin,1994,451.0
gin,1996,679.0
gin,1997,879.0
gin,1998,974.0
gin,2004,2693.0
gin,2005,4435.0
gin,2006,9119.0
gin,2007,15261.0
gin,2008,19576.0
gin,2009,20891.0
gin,2010,24193.0
gin,2011,26656.0
gin,2012,26962.0
gin,2013,32955.0
gin,2014,35943.0
gmb,1995,573.0
gmb,1999,265.0
gmb,2004,293.0
gmb,2010,1372.0
gmb,2011,2057.0
gmb,2012,2071.0
gnb,1989,24.0
gnq,1982,112.0
gnq,1991,73.0
gnq,2000,304.0
grc,1971,26976.0
grc,1972,27574.0
grc,1973,31415.0
grc,1974,34243.0
grc,1975,39415.0
grc,1976,43361.0
grc,1977,46391.0
grc,1978,44202.0
grc,1979,46984.0
grc,1980,46064.0
grc,1981,50204.0
grc,1982,53376.0
grc,1983,60979.0
grc,1984,70223.0
grc,1985,81181.0
grc,1986,88963.0
grc,1987,97767.0
grc,1988,93274.0
grc,1989,92262.0
grc,1990,96861.0
grc,1992,132770.0
grc,1993,147765.0
grc,1994,146693.0
grc,1995,146531.0
grc,1996,159081.0
grc,1997,174044.0
grc,1998,187500.0
grc,1999,194908.0
grc,2000,211087.0
grc,2001,244413.0
grc,2002,271230.0
grc,2003,286091.0
grc,2004,308697.0
grc,2005,330440.0
grc,2006,332340.0
grc,2007,303867.0
grc,2010,319913.0
grc,2011,325698.0
grc,2012,326026.0
grc,2013,321569.0
grc,2014,329741.0
grd,1979,77.0
grd,1980,369.0
grd,1982,569.0
grd,1983,256.0
grd,1984,295.0
grd,2009,3818.0
grd,2015,4902.0
gtm,1970,2906.0
gtm,1971,3474.0
gtm,1972,4168.0
gtm,1973,4873.0
gtm,1974,4325.0
gtm,1975,5277.0
gtm,1976,6332.0
gtm,1977,7416.0
gtm,1978,9346.0
gtm,2002,48078.0
gtm,2007,118838.0
gtm,2013,150714.0
gtm,2015,196430.0
gum,1971,1298.0
gum,1972,1357.0
gum,1973,1581.0
gum,1974,1600.0
gum,1975,1698.0
gum,1976,1616.0
gum,1977,1827.0
gum,1978,2123.0
gum,1979,2200.0
gum,1980,1703.0
gum,1981,1768.0
gum,1982,2839.0
gum,1987,3754.0
gum,1988,3900.0
gum,1989,3900.0
guy,1971,218.0
guy,1972,283.0
guy,1973,354.0
guy,1976,1012.0
guy,1979,1175.0
guy,1980,1050.0
guy,1981,1078.0
guy,1982,1232.0
guy,1983,845.0
guy,1984,1012.0
guy,1985,1124.0
guy,1986,1113.0
guy,1988,1626.0
guy,1990,2001.0
guy,1994,3426.0
guy,1995,3348.0
guy,1996,3644.0
guy,1997,4540.0
guy,2004,4524.0
guy,2005,4917.0
guy,2006,5061.0
guy,2007,5130.0
guy,2008,4290.0
guy,2009,4794.0
guy,2010,5623.0
guy,2011,5811.0
guy,2012,5917.0
hic,1970,6982873.0
hic,1971,7014861.0
hic,1972,7440358.0
hic,1973,7982495.0
hic,1974,8446969.0
hic,1975,9110646.0
hic,1976,9850143.0
hic,1977,10268995.0
hic,1978,10805687.0
hic,1979,11041633.0
hic,1980,11482436.0
hic,1981,12005285.0
hic,1982,12418957.0
hic,1983,12784305.0
hic,1984,13095303.0
hic,1985,13293286.0
hic,1986,13521176.0
hic,1987,13900358.0
hic,1988,14389781.0
hic,1989,14941461.0
hic,1990,15791770.0
hic,1991,16373459.0
hic,1992,17308138.0
hic,1993,18289790.0
hic,1994,19010314.0
hic,1995,19556962.0
hic,1996,19979676.0
hic,1997,20282998.0
hic,1998,19951560.0
hic,1999,20703044.0
hic,2000,20781420.0
hic,2001,21490124.0
hic,2002,23455286.0
hic,2003,24399680.0
hic,2004,25053304.0
hic,2005,25630186.0
hic,2006,25985576.0
hic,2007,26381218.0
hic,2008,26878896.0
hic,2009,27669412.0
hic,2010,28867804.0
hic,2011,29519454.0
hic,2012,29605196.0
hic,2013,28945618.0
hic,2014,28746492.0
hic,2015,28676486.0
hkg,1971,7608.0
hkg,1972,7729.0
hkg,1973,8336.0
hkg,1974,8958.0
hkg,1975,10189.0
hkg,1976,11194.0
hkg,1977,11939.0
hkg,1979,15172.0
hkg,1980,16487.0
hkg,1982,20087.0
hkg,1983,23717.0
hkg,1984,25589.0
hkg,1992,34367.0
hkg,1993,37246.0
hkg,1994,41625.0
hkg,2003,73466.0
hkg,2004,75662.0
hkg,2005,77739.0
hkg,2006,78440.0
hkg,2007,98132.0
hkg,2008,127850.0
hkg,2009,127223.0
hkg,2010,133713.0
hkg,2011,139147.0
hkg,2012,137722.0
hkg,2013,156567.1875
hkg,2014,159922.90625
hkg,2015,156637.046875
hnd,1974,3404.0
hnd,1975,4060.0
hnd,1976,5055.0
hnd,1977,7427.0
hnd,1978,8612.0
hnd,1980,9736.0
hnd,1988,16499.0
hnd,1989,17207.0
hnd,1990,18547.0
hnd,1991,19590.0
hnd,1992,20323.0
hnd,1993,21201.0
hnd,1994,23731.0
hnd,1999,47373.0
hnd,2000,50850.0
hnd,2003,70265.0
hnd,2004,71999.0
hnd,2008,88644.0
hnd,2010,89967.0
hnd,2012,100118.0
hnd,2013,105142.0
hnd,2014,105950.0
hnd,2015,111423.0
hpc,1970,123497.4453125
hpc,1971,123511.140625
hpc,1972,126089.1015625
hpc,1973,130189.265625
hpc,1974,138733.1875
hpc,1975,146032.203125
hpc,1976,152585.546875
hpc,1977,161836.015625
hpc,1978,172562.84375
hpc,1979,180435.0625
hpc,1980,192196.6875
hpc,1981,199376.34375
hpc,1982,207994.578125
hpc,1983,214641.359375
hpc,1984,221223.234375
hpc,1985,231453.984375
hpc,1986,239295.046875
hpc,1987,245587.953125
hpc,1988,258505.890625
hpc,1989,269302.1875
hpc,1990,283261.15625
hpc,1991,295280.90625
hpc,1992,310643.0625
hpc,1993,328433.375
hpc,1994,346095.5625
hpc,1995,363323.53125
hpc,1996,386425.625
hpc,1997,417764.125
hpc,1998,448509.03125
hpc,1999,485485.28125
hpc,2000,558845.0625
hpc,2001,627961.875
hpc,2002,708289.625
hpc,2003,765107.0625
hpc,2004,847635.1875
hpc,2005,930186.625
hpc,2006,1029920.375
hpc,2007,1112866.625
hpc,2008,1226968.75
hpc,2009,1389643.5
hpc,2010,1564357.375
hpc,2011,1662939.5
hpc,2012,1830892.875
hpc,2013,1944853.25
hpc,2014,2036837.125
hrv,1993,37358.0
hrv,1994,39239.0
hrv,1995,40362.0
hrv,1996,42117.0
hrv,1997,43563.0
hrv,1998,45291.0
hrv,1999,50726.0
hrv,2000,51021.0
hrv,2001,54637.0
hrv,2002,59028.0
hrv,2003,64749.0
hrv,2004,67828.0
hrv,2005,72507.0
hrv,2006,73968.0
hrv,2007,75683.0
hrv,2008,78303.0
hrv,2009,76516.0
hrv,2010,84376.0
hrv,2011,88257.0
hrv,2012,89142.0
hrv,2013,92940.0
hrv,2014,94302.0
hrv,2015,91496.0
hti,1976,691.0
hti,1977,725.0
hti,1978,822.0
hti,1979,979.0
hti,1981,1410.0
hti,1984,2119.0
hti,1986,1625.0
hun,1971,34432.0
hun,1972,38190.0
hun,1973,41595.0
hun,1974,45406.0
hun,1975,48831.0
hun,1976,51952.0
hun,1977,55161.0
hun,1978,54929.0
hun,1979,53240.0
hun,1980,51851.0
hun,1981,50314.0
hun,1982,52322.0
hun,1983,51869.0
hun,1984,52720.0
hun,1985,52977.0
hun,1986,53188.0
hun,1987,52771.0
hun,1988,52785.0
hun,1989,52720.0
hun,1990,51264.0
hun,1991,51507.0
hun,1992,53791.0
hun,1993,59457.0
hun,1994,74765.0
hun,1995,88379.0
hun,1996,103536.0
hun,1997,114498.0
hun,1998,137571.0
hun,1999,151471.0
hun,2000,165404.0
hun,2001,181062.0
hun,2002,195854.0
hun,2003,221363.0
hun,2004,241753.0
hun,2005,254657.0
hun,2006,256479.0
hun,2007,251753.0
hun,2008,239784.0
hun,2009,225904.0
hun,2010,219781.0
hun,2011,213332.0
hun,2012,211322.0
hun,2013,198125.0
hun,2014,182003.0
hun,2015,167835.0
idn,1970,62400.0
idn,1972,71150.0
idn,1976,83158.0
idn,1982,176195.0
idn,1983,197336.0
idn,1984,258942.0
idn,1985,316273.0
idn,1993,708643.0
idn,1995,854465.0
idn,1996,803577.0
idn,1999,1376850.0
idn,2000,1450901.0
idn,2001,1293089.0
idn,2002,1458354.0
idn,2003,1511088.0
idn,2004,1556231.0
idn,2006,1728651.0
idn,2007,1877050.0
idn,2008,2096556.0
idn,2009,2355467.0
idn,2010,2333587.0
idn,2011,2472265.0
idn,2012,3167388.0
idn,2013,3356084.0
idn,2014,3371999.0
idn,2015,2665663.0
ind,1971,527113.0
ind,1973,589582.0
ind,1976,709023.0
ind,1977,743217.0
ind,1978,783346.0
ind,1979,828198.0
ind,1980,842854.0
ind,1981,933405.0
ind,1982,948121.0
ind,1983,1087151.0
ind,1984,1170831.0
ind,1985,1250201.0
ind,1986,1336216.0
ind,1987,1430661.0
ind,1988,1345201.0
ind,1989,1437765.0
ind,1990,1551345.0
ind,1991,1637610.0
ind,1995,1698541.0
ind,1996,2053083.0
ind,1997,2198559.0
ind,2000,3552026.0
ind,2001,3801494.0
ind,2002,4135343.0
ind,2003,4342409.0
ind,2004,4527606.0
ind,2005,4641576.0
ind,2006,5129372.0
ind,2007,5815521.0
ind,2009,7272515.0
ind,2010,8296140.0
ind,2011,11129708.0
ind,2013,12942452.0
ind,2014,14267703.0
ind,2015,15153072.0
irl,1971,9767.0
irl,1972,10238.0
irl,1973,10826.0
irl,1974,11486.0
irl,1976,15842.0
irl,1977,17735.0
irl,1978,17631.0
irl,1979,18709.0
irl,1980,19944.0
irl,1981,22248.0
irl,1982,24085.0
irl,1983,26427.0
irl,1984,27692.0
irl,1985,29088.0
irl,1986,30385.0
irl,1987,32173.0
irl,1988,34222.0
irl,1989,35960.0
irl,1990,38547.0
irl,1991,41440.0
irl,1992,47568.0
irl,1993,52182.0
irl,1994,56816.0
irl,1995,59849.0
irl,1996,64913.0
irl,1997,69482.0
irl,1998,75309.0
irl,1999,80900.0
irl,2000,86904.0
irl,2001,91158.0
irl,2002,97173.0
irl,2003,101155.0
irl,2004,103941.0
irl,2005,102501.0
irl,2006,102589.0
irl,2007,105043.0
irl,2008,96795.0
irl,2009,98483.0
irl,2010,101638.0
irl,2011,101553.0
irl,2012,97981.0
irl,2013,100622.0
irl,2014,103032.0
irl,2015,109264.0
irn,1971,19027.0
irn,1972,28869.0
irn,1973,34530.0
irn,1974,36112.0
irn,1975,38634.0
irn,1976,42789.0
irn,1977,46019.0
irn,1978,48845.0
irn,1996,384461.0
irn,1999,568092.0
irn,2000,635973.0
irn,2001,743951.0
irn,2002,768433.0
irn,2003,869978.0
irn,2004,1003920.0
irn,2005,1083664.0
irn,2006,1236622.0
irn,2007,1482193.0
irn,2008,1795929.0
irn,2009,1708553.0
irn,2010,1874966.0
irn,2011,2038292.0
irn,2012,2191409.0
irn,2013,2106639.0
irn,2014,2214418.0
irn,2015,2200375.0
irq,1971,9439.0
irq,1972,10585.0
irq,1973,11801.0
irq,1974,16403.0
irq,1975,23040.0
irq,1976,28267.0
irq,1977,29207.0
irq,1978,29726.0
irq,1979,29091.0
irq,1980,30902.0
irq,1981,33869.0
irq,1982,36036.0
irq,1983,38943.0
irq,1984,40915.0
irq,1985,42284.0
irq,1986,61749.0
irq,1987,66470.0
irq,1988,72665.0
irq,1989,79704.0
irq,1999,92880.0
irq,2000,98306.0
irq,2002,108238.0
irq,2004,149213.0
irq,2005,153711.0
isl,1971,422.0
isl,1972,522.0
isl,1973,660.0
isl,1974,740.0
isl,1975,909.0
isl,1976,1094.0
isl,1977,1200.0
isl,1978,1337.0
isl,1981,2179.0
isl,1983,2563.0
isl,1984,2699.0
isl,1986,2621.0
isl,1989,2806.0
isl,1990,3039.0
isl,1991,3001.0
isl,1992,3608.0
isl,1993,3266.0
isl,1994,4088.0
isl,1995,4250.0
isl,1996,4401.0
isl,1997,4626.0
isl,1998,4858.0
isl,1999,5260.0
isl,2000,5985.0
isl,2001,6383.0
isl,2002,7322.0
isl,2003,8497.0
isl,2004,9491.0
isl,2005,9846.0
isl,2006,10116.0
isl,2007,10148.0
isl,2008,10716.0
isl,2009,10875.0
isl,2010,11453.0
isl,2011,11727.0
isl,2012,11929.0
isl,2013,11879.0
isr,1971,24600.0
isr,1973,31850.0
isr,1975,34521.0
isr,1977,39368.0
isr,1978,39230.0
isr,1979,44809.0
isr,1980,46584.0
isr,1981,49861.0
isr,1982,49607.0
isr,1983,51091.0
isr,1984,53051.0
isr,1986,54490.0
isr,1987,54824.0
isr,1988,54435.0
isr,1989,55652.0
isr,1990,59118.0
isr,1991,66301.0
isr,1993,83227.0
isr,1998,131311.0
isr,1999,142182.0
isr,2000,146626.0
isr,2001,153654.0
isr,2002,169338.0
isr,2003,167738.0
isr,2004,168126.0
isr,2005,174092.0
isr,2006,170702.0
isr,2007,182647.0
isr,2008,180862.0
isr,2009,190824.0
isr,2010,200254.0
isr,2011,204651.0
isr,2012,211666.0
isr,2013,210041.0
isr,2014,211523.0
isr,2015,212297.0
ita,1971,259015.0
ita,1972,292557.0
ita,1973,309535.0
ita,1974,332181.0
ita,1975,364425.0
ita,1976,380408.0
ita,1977,403514.0
ita,1978,426370.0
ita,1979,449858.0
ita,1980,464260.0
ita,1981,476028.0
ita,1983,480616.0
ita,1984,498725.0
ita,1985,534595.0
ita,1986,545902.0
ita,1987,538783.0
ita,1988,579366.0
ita,1989,618391.0
ita,1990,654069.0
ita,1991,690490.0
ita,1992,759521.0
ita,1993,816632.0
ita,1994,911780.0
ita,1995,940048.0
ita,1996,939752.0
ita,1997,1021815.0
ita,1998,1052756.0
ita,1999,991450.0
ita,2000,982668.0
ita,2001,1014953.0
ita,2002,1042977.0
ita,2003,1076253.0
ita,2004,1116589.0
ita,2005,1139807.0
ita,2006,1155491.0
ita,2007,1163970.0
ita,2008,1156515.0
ita,2009,1160486.0
ita,2010,1141084.0
ita,2011,1134169.0
ita,2012,1107337.0
ita,2013,1068549.0
ita,2014,1052890.0
ita,2015,1028882.0
jam,1971,2986.0
jam,1972,3104.0
jam,1973,3339.0
jam,1974,3372.0
jam,2000,23408.0
jam,2001,28409.0
jam,2002,31249.0
jam,2008,41962.0
jam,2009,42347.0
jam,2010,48989.0
jam,2011,48759.0
jam,2012,51895.0
jam,2013,51149.0
jam,2015,46647.0
jor,1971,1349.0
jor,1972,1624.0
jor,1973,2097.0
jor,1974,2649.0
jor,1975,3120.0
jor,1976,3969.0
jor,1977,5726.0
jor,1978,6366.0
jor,1979,8270.0
jor,1980,12948.0
jor,1981,16682.0
jor,1982,18194.0
jor,1983,20722.0
jor,1984,24114.0
jor,1985,23825.0
jor,1986,24162.0
jor,1987,29015.0
jor,1988,28314.0
jor,1989,32658.0
jor,1990,35670.0
jor,1991,38890.0
jor,1992,40773.0
jor,1993,43394.0
jor,1994,41283.0
jor,1996,45697.0
jor,1997,52934.0
jor,2000,73098.0
jor,2002,79582.0
jor,2003,95056.0
jor,2004,109692.0
jor,2005,109528.0
jor,2006,113640.0
jor,2007,118809.0
jor,2008,130801.0
jor,2009,136947.0
jor,2010,128710.0
jor,2011,133125.0
jor,2012,161768.0
jor,2015,161370.0
jpn,1971,512759.0
jpn,1972,542281.0
jpn,1973,576765.0
jpn,1974,620682.0
jpn,1975,676467.0
jpn,1976,727256.0
jpn,1977,764383.0
jpn,1978,793255.0
jpn,1979,799120.0
jpn,1980,791970.0
jpn,1981,791264.0
jpn,1982,791398.0
jpn,1983,797801.0
jpn,1984,812988.0
jpn,1985,825911.0
jpn,1986,818978.0
jpn,1987,865094.0
jpn,1988,932577.0
jpn,1989,978784.0
jpn,1990,1033937.0
jpn,1991,1072000.0
jpn,1992,1173841.0
jpn,1994,1680815.0
jpn,1995,1725199.0
jpn,1998,1767457.0
jpn,1999,1760494.0
jpn,2000,1787068.0
jpn,2001,1781996.0
jpn,2002,1789881.0
jpn,2003,1815521.0
jpn,2004,1848396.0
jpn,2005,1853130.0
jpn,2006,1865180.0
jpn,2007,1839049.0
jpn,2008,1801673.0
jpn,2009,1773907.0
jpn,2010,1762413.0
jpn,2011,1785964.0
jpn,2012,1795846.0
jpn,2013,1798590.0
jpn,2014,1812796.0
kaz,1994,271033.0
kaz,1995,266241.0
kaz,1996,230819.0
kaz,1999,172938.0
kaz,2000,224512.0
kaz,2006,506263.0
kaz,2010,425293.0
kaz,2011,444876.0
kaz,2012,461530.0
kaz,2013,435048.0
kaz,2014,402892.0
kaz,2015,365407.0
kaz,2016,340029.0
ken,1984,6858.0
ken,1985,5710.0
ken,1987,7485.0
ken,2000,31266.0
ken,2001,32972.0
ken,2002,34187.0
ken,2004,40620.0
ken,2005,42310.0
ken,2009,69208.0
kgz,1993,53787.0
kgz,1994,51256.0
kgz,1995,48723.0
kgz,1996,51303.0
kgz,1997,57560.0
kgz,1998,66728.0
kgz,1999,66619.0
kgz,2000,80469.0
kgz,2001,96780.0
kgz,2002,110875.0
kgz,2003,108720.0
kgz,2004,110868.0
kgz,2005,121828.0
kgz,2006,129862.0
kgz,2007,134290.0
kgz,2008,155892.0
kgz,2009,152420.0
kgz,2010,147030.0
kgz,2011,143030.0
kgz,2012,149678.0
kgz,2013,158800.0
kgz,2014,149618.0
kgz,2015,147826.0
khm,1972,2215.0
khm,1973,1981.0
khm,1993,1882.0
khm,1994,2081.0
khm,1995,1841.0
khm,1996,2116.0
khm,1997,1591.0
khm,2000,5547.0
khm,2001,6950.0
khm,2002,9228.0
khm,2004,14196.0
khm,2005,17875.0
khm,2006,30019.0
khm,2007,38465.0
khm,2008,46449.0
khm,2009,60160.0
khm,2010,72463.0
khm,2011,84023.0
khm,2015,95006.0
kna,1979,47.0
kna,1980,28.0
kna,1984,45.0
kna,1985,43.0
kna,1986,90.0
kna,1987,104.0
kna,1988,78.0
kna,1992,121.0
kna,1993,215.0
kna,2008,578.0
kna,2014,1699.0
kna,2015,2335.0
kor,1971,48863.0
kor,1972,53247.0
kor,1973,59493.0
kor,1974,66387.0
kor,1975,74235.0
kor,1976,81228.0
kor,1977,86655.0
kor,1978,93168.0
kor,1979,104515.0
kor,1980,123366.0
kor,1982,211956.0
kor,1983,268963.0
kor,1984,338656.0
kor,1985,417127.0
kor,1986,432385.0
kor,1987,448529.0
kor,1988,458602.0
kor,1989,472348.0
kor,1990,501631.0
kor,1991,534053.0
kor,1992,576611.0
kor,1993,674454.0
kor,1994,674800.0
kor,1995,722853.0
kor,1996,781706.0
kor,1997,1049907.0
kor,1998,923158.0
kor,1999,998297.0
kor,2000,1070021.0
kor,2001,1127541.0
kor,2002,1168159.0
kor,2003,1178285.0
kor,2004,1188250.0
kor,2005,1190178.0
kor,2006,1201303.0
kor,2007,1218367.0
kor,2008,1232105.0
kor,2009,1250916.0
kor,2010,1287245.0
kor,2011,1330001.0
kor,2012,1338768.0
kor,2013,1339760.0
kor,2014,1339109.0
kor,2015,1331967.0
kwt,1971,1300.0
kwt,1972,1755.0
kwt,1973,2263.0
kwt,1974,3115.0
kwt,1975,3506.0
kwt,1976,4608.0
kwt,1977,5466.0
kwt,1978,6638.0
kwt,1979,6647.0
kwt,1980,7091.0
kwt,1981,7807.0
kwt,1982,8551.0
kwt,1983,10038.0
kwt,1984,10346.0
kwt,1985,11639.0
kwt,1986,12754.0
kwt,1987,13325.0
kwt,1988,13970.0
kwt,1989,14750.0
kwt,1990,14042.0
kwt,1992,13734.0
kwt,1993,14358.0
kwt,1994,15000.0
kwt,1995,17152.0
kwt,1996,17691.0
kwt,1997,18243.0
kwt,1999,21178.0
kwt,2001,22002.0
kwt,2002,23414.0
kwt,2003,23955.0
kwt,2004,23701.0
kwt,2013,45852.0
lac,1970,510149.09375
lac,1971,621414.5625
lac,1972,761917.6875
lac,1973,899279.8125
lac,1974,1097516.125
lac,1975,1310174.5
lac,1976,1409103.125
lac,1977,1493958.875
lac,1978,1609973.875
lac,1979,1759560.75
lac,1980,1902041.625
lac,1981,2054580.25
lac,1982,2173297.75
lac,1983,2307334.25
lac,1984,2843031.75
lac,1985,3030208.75
lac,1986,2790144.5
lac,1987,2948486.75
lac,1988,3067473.5
lac,1989,3170913.75
lac,1990,3249871.25
lac,1991,3384926.25
lac,1992,3446493.0
lac,1993,3515923.75
lac,1994,3652809.0
lac,1995,4253369.5
lac,1996,4116952.0
lac,1997,4808456.5
lac,1998,4907434.0
lac,1999,5381416.5
lac,2000,5795239.5
lac,2001,6210145.0
lac,2002,6761129.5
lac,2003,7257137.5
lac,2004,7714505.0
lac,2005,8214085.5
lac,2006,8981988.0
lac,2007,9696976.0
lac,2008,10568420.0
lac,2009,10966087.0
lac,2010,11385098.0
lac,2011,11807462.0
lac,2012,12147152.0
lac,2013,12453376.0
lac,2014,12538350.0
lao,1971,82.0
lao,1972,91.0
lao,1973,78.0
lao,1974,175.0
lao,1975,228.0
lao,1980,298.0
lao,1981,441.0
lao,1982,924.0
lao,1983,1227.0
lao,1985,1780.0
lao,1986,1918.0
lao,1988,1953.0
lao,1990,1531.0
lao,1993,1790.0
lao,1994,1669.0
lao,1995,2250.0
lao,1996,3518.0
lao,1997,3845.0
lao,1998,3063.0
lao,1999,3880.0
lao,2000,4798.0
lao,2001,6117.0
lao,2002,8201.0
lao,2003,10053.0
lao,2004,12815.0
lao,2005,19523.0
lao,2006,22697.0
lao,2007,31149.0
lao,2008,38661.0
lao,2009,49663.0
lao,2010,50739.0
lao,2011,52361.0
lao,2012,56348.0
lao,2013,63384.0
lao,2014,63184.0
lao,2015,62884.0
lbn,1971,10000.0
lbn,1972,11000.0
lbn,1980,30832.0
lbn,1981,28531.0
lbn,1982,26284.0
lbn,1983,27225.0
lbn,1985,27473.0
lbn,1992,40923.0
lbn,1996,40160.0
lbn,1999,56850.0
lbn,2000,60007.0
lbn,2001,69557.0
lbn,2002,75687.0
lbn,2003,77835.0
lbn,2004,80837.0
lbn,2005,87473.0
lbn,2006,92053.0
lbn,2007,101005.0
lbn,2008,107516.0
lbn,2009,107142.0
lbn,2010,108575.0
lbn,2011,114586.0
lbn,2012,115317.0
lbn,2013,125099.0
lbn,2014,127514.0
lbr,1970,238.0
lbr,1971,240.0
lbr,1972,334.0
lbr,1973,416.0
lbr,1975,536.0
lbr,1979,1050.0
lbr,1987,1177.0
lbr,1999,3987.0
lbr,2000,18443.0
lbr,2010,11458.0
lbr,2012,16718.0
lby,1971,561.0
lby,1972,735.0
lby,1973,1091.0
lby,1974,1376.0
lby,1975,1892.0
lby,1976,2358.0
lby,1977,2661.0
lby,1978,2909.0
lby,1979,3203.0
lby,1980,3876.0
lby,1981,5096.0
lby,1982,6076.0
lby,1983,7010.0
lby,1992,33336.0
lby,1999,149995.0
lby,2000,141041.0
lby,2001,162833.0
lby,2002,184624.0
lby,2003,192721.0
lca,1977,158.0
lca,1978,155.0
lca,1979,176.0
lca,1980,170.0
lca,1981,157.0
lca,1982,220.0
lca,1983,192.0
lca,1984,198.0
lca,1985,158.0
lca,1987,202.0
lca,1988,212.0
lca,1993,529.0
lca,1996,1992.0
lca,2004,1777.0
lca,2005,1621.0
lca,2006,1377.0
lca,2007,1016.0
lca,2008,1797.0
lca,2009,2024.0
lca,2010,1426.0
lca,2011,1665.0
lca,2012,1151.0
lca,2013,1542.0
lca,2014,1906.0
lca,2015,1821.0
lcn,1970,679781.8125
lcn,1971,712647.875
lcn,1972,868256.8125
lcn,1973,1020873.6875
lcn,1974,1225115.75
lcn,1975,1449494.75
lcn,1976,1544271.625
lcn,1977,1633555.625
lcn,1978,1761516.125
lcn,1979,1911987.75
lcn,1980,2069506.375
lcn,1981,2228686.5
lcn,1982,2361153.0
lcn,1983,2559154.0
lcn,1984,3101183.75
lcn,1985,3295275.0
lcn,1986,3066060.75
lcn,1987,3231927.5
lcn,1988,3358020.5
lcn,1989,3468947.0
lcn,1990,3554429.25
lcn,1991,3696732.25
lcn,1992,3772159.25
lcn,1993,3857195.25
lcn,1994,4002469.75
lcn,1995,4609080.5
lcn,1996,4485568.0
lcn,1997,5191285.0
lcn,1998,5308098.0
lcn,1999,5803849.5
lcn,2000,6218573.5
lcn,2001,6653456.0
lcn,2002,7227034.0
lcn,2003,7749252.0
lcn,2004,8216429.5
lcn,2005,8757581.0
lcn,2006,9531466.0
lcn,2007,10322527.0
lcn,2008,11234811.0
lcn,2009,11679880.0
lcn,2010,12163320.0
lcn,2011,12630128.0
lcn,2012,13004886.0
lcn,2013,13334871.0
lcn,2014,13436105.0
ldc,1970,142929.328125
ldc,1971,147025.515625
ldc,1972,151832.328125
ldc,1973,155898.578125
ldc,1974,163787.8125
ldc,1975,168693.359375
ldc,1976,173463.421875
ldc,1977,198134.375
ldc,1978,210393.109375
ldc,1979,235605.796875
ldc,1980,252415.9375
ldc,1981,267758.40625
ldc,1982,303997.875
ldc,1983,318571.28125
ldc,1984,336177.875
ldc,1985,356826.53125
ldc,1986,364294.03125
ldc,1987,396838.875
ldc,1988,370526.375
ldc,1989,380541.90625
ldc,1990,398501.71875
ldc,1991,416680.9375
ldc,1992,429575.21875
ldc,1993,482599.21875
ldc,1994,499861.84375
ldc,1995,530797.875
ldc,1996,576567.5625
ldc,1997,621047.625
ldc,1998,677080.125
ldc,1999,770556.5
ldc,2000,875549.0625
ldc,2001,1031231.625
ldc,2002,1070211.5
ldc,2003,1128213.25
ldc,2004,1179416.25
ldc,2005,1325394.25
ldc,2006,1487853.125
ldc,2007,1628609.875
ldc,2008,1841500.625
ldc,2009,2166009.25
ldc,2010,2493832.0
ldc,2011,2754081.5
ldc,2012,2963757.25
ldc,2013,3123875.75
ldc,2014,3200575.5
lic,1970,116888.109375
lic,1971,111191.4921875
lic,1972,114149.2421875
lic,1973,127001.2734375
lic,1974,150019.515625
lic,1975,177704.921875
lic,1976,200357.5
lic,1977,217617.984375
lic,1978,227466.546875
lic,1979,226201.21875
lic,1980,222157.890625
lic,1981,220243.046875
lic,1982,227757.828125
lic,1983,235546.28125
lic,1984,254426.546875
lic,1985,276134.96875
lic,1986,302222.71875
lic,1987,319216.0625
lic,1988,338028.53125
lic,1989,354430.0625
lic,1990,360707.875
lic,1991,367186.875
lic,1992,366766.15625
lic,1993,360969.53125
lic,1994,344786.6875
lic,1995,327952.4375
lic,1996,320081.84375
lic,1997,317896.375
lic,1998,322530.96875
lic,1999,331026.0625
lic,2000,377309.4375
lic,2001,408041.25
lic,2002,453901.21875
lic,2003,504004.3125
lic,2004,555375.6875
lic,2005,624687.875
lic,2006,681373.375
lic,2007,754240.0625
lic,2008,846490.6875
lic,2009,970045.8125
lic,2010,1136101.125
lic,2011,1258677.5
lic,2012,1392458.625
lic,2013,1460836.75
lic,2014,1549589.875
lic,2015,1583068.875
lie,2003,119.0
lie,2004,142.0
lie,2005,152.0
lie,2006,193.0
lie,2007,214.0
lie,2008,264.0
lie,2009,239.0
lie,2010,293.0
lie,2011,323.0
lie,2012,332.0
lie,2014,267.0
lie,2015,241.0
lka,1970,5334.0
lka,1971,5487.0
lka,1973,5378.0
lka,1974,5438.0
lka,1975,5506.0
lka,1977,5981.0
lka,1978,6139.0
lka,1979,15708.0
lka,1981,18877.0
lka,1983,25320.0
lka,1984,25885.0
lka,1985,23974.0
lka,1986,25122.0
lka,1994,26318.0
lka,2010,169466.0
lka,2011,154278.0
lka,2012,168911.0
lka,2013,182876.0
lka,2014,171720.0
lka,2015,188051.0
lmc,1970,2237573.5
lmc,1971,2363377.0
lmc,1972,2483657.5
lmc,1973,2578448.0
lmc,1974,2682296.0
lmc,1975,2750421.75
lmc,1976,2847251.5
lmc,1977,2978295.75
lmc,1978,3182662.0
lmc,1979,3405983.0
lmc,1980,3572149.5
lmc,1981,3840115.75
lmc,1982,3996141.5
lmc,1983,4266805.0
lmc,1984,4569421.0
lmc,1985,4750389.5
lmc,1986,4791227.5
lmc,1987,5001622.0
lmc,1988,5020109.5
lmc,1989,5281597.5
lmc,1990,5504155.0
lmc,1991,5721377.0
lmc,1992,5856925.0
lmc,1993,6043499.5
lmc,1994,6273190.0
lmc,1995,6595602.0
lmc,1996,7194606.5
lmc,1997,7904791.5
lmc,1998,8807874.0
lmc,1999,9977662.0
lmc,2000,10809196.0
lmc,2001,11341018.0
lmc,2002,12341071.0
lmc,2003,12841871.0
lmc,2004,13517644.0
lmc,2005,14287875.0
lmc,2006,15436146.0
lmc,2007,16642765.0
lmc,2008,18292386.0
lmc,2009,19510972.0
lmc,2010,21027462.0
lmc,2011,24246114.0
lmc,2012,26759238.0
lmc,2013,27631646.0
lmc,2014,29633496.0
lmc,2015,29689390.0
lmy,1970,6630428.5
lmy,1971,6959326.0
lmy,1972,7322616.5
lmy,1973,7662413.5
lmy,1974,8118111.5
lmy,1975,8589517.0
lmy,1976,8930131.0
lmy,1977,9317267.0
lmy,1978,9743405.0
lmy,1979,10241345.0
lmy,1980,10655205.0
lmy,1981,11211974.0
lmy,1982,11834092.0
lmy,1983,12421635.0
lmy,1984,13433011.0
lmy,1985,14031414.0
lmy,1986,14121367.0
lmy,1987,14565501.0
lmy,1988,14693789.0
lmy,1989,15115758.0
lmy,1990,15516770.0
lmy,1991,15943390.0
lmy,1992,16166043.0
lmy,1993,16505870.0
lmy,1994,17279016.0
lmy,1995,18563688.0
lmy,1996,19547696.0
lmy,1997,21445156.0
lmy,1998,23061556.0
lmy,1999,25480540.0
lmy,2000,27904000.0
lmy,2001,30698088.0
lmy,2002,34375772.0
lmy,2003,37700180.0
lmy,2004,40904296.0
lmy,2005,44093584.0
lmy,2006,48076104.0
lmy,2007,52023292.0
lmy,2008,56125924.0
lmy,2009,59429708.0
lmy,2010,62867176.0
lmy,2011,66953668.0
lmy,2012,70626728.0
lmy,2013,72589384.0
lmy,2014,77111320.0
lso,1970,138.0
lso,1971,133.0
lso,1973,209.0
lso,1974,246.0
lso,1975,222.0
lso,1977,455.0
lso,1978,541.0
lso,1979,600.0
lso,1981,659.0
lso,1982,715.0
lso,1983,723.0
lso,1984,692.0
lso,1985,935.0
lso,1986,1014.0
lso,1987,1317.0
lso,1988,1488.0
lso,1989,1463.0
lso,1990,1179.0
lso,1991,1244.0
lso,1992,2013.0
lso,1993,2223.0
lso,1994,2398.0
lso,1995,2421.0
lso,1996,2509.0
lso,1999,2579.0
lso,2000,2764.0
lso,2001,3158.0
lso,2002,2905.0
lso,2003,3745.0
lso,2005,4503.0
lso,2006,4690.0
lso,2012,15152.0
lso,2013,14114.0
lso,2014,13784.0
ltu,1981,38726.0
ltu,1986,59973.0
ltu,1989,39506.0
ltu,1990,37081.0
ltu,1992,44343.0
ltu,1993,41339.0
ltu,1994,41043.0
ltu,1995,41258.0
ltu,1996,44954.0
ltu,1997,49566.0
ltu,1998,58095.0
ltu,1999,64456.0
ltu,2000,73092.0
ltu,2001,81336.0
ltu,2002,89947.0
ltu,2003,100609.0
ltu,2004,109592.0
ltu,2005,117493.0
ltu,2006,119157.0
ltu,2007,120011.0
ltu,2008,122660.0
ltu,2009,124836.0
ltu,2010,119653.0
ltu,2011,110379.0
ltu,2012,102313.0
ltu,2013,93249.0
ltu,2014,86175.0
ltu,2015,80966.0
lux,1971,152.0
lux,1972,169.0
lux,1973,222.0
lux,1974,207.0
lux,1975,239.0
lux,1976,204.0
lux,1977,187.0
lux,1978,128.0
lux,1979,175.0
lux,1980,195.0
lux,1981,264.0
lux,1982,244.0
lux,1983,301.0
lux,1984,351.0
lux,1985,289.0
lux,1986,261.0
lux,1987,216.0
lux,2001,1346.0
lux,2003,1640.0
lux,2006,1389.0
lux,2008,1453.0
lux,2010,2791.0
lux,2012,3172.0
lva,1981,26763.0
lva,1982,26763.0
lva,1983,26563.0
lva,1984,26720.0
lva,1985,26541.0
lva,1986,26825.0
lva,1987,27611.0
lva,1988,26865.0
lva,1989,27248.0
lva,1990,25995.0
lva,1991,25059.0
lva,1992,24332.0
lva,1997,33454.0
lva,1998,41381.0
lva,1999,50539.0
lva,2000,57850.0
lva,2001,63524.0
lva,2002,67991.0
lva,2003,73403.0
lva,2004,79473.0
lva,2005,82575.0
lva,2006,83010.0
lva,2007,82771.0
lva,2008,82285.0
lva,2009,79805.0
lva,2010,70631.0
lva,2011,63428.0
lva,2012,57847.0
lva,2013,55731.0
lva,2014,51605.0
lva,2015,51156.0
mac,1989,2938.0
mac,1990,3191.0
mac,1991,3062.0
mac,1992,3201.0
mac,1993,3141.0
mac,1994,2958.0
mac,1997,3674.0
mac,1999,3450.0
mac,2000,3883.0
mac,2001,6236.0
mac,2002,7533.0
mac,2003,9589.0
mac,2004,10054.0
mac,2005,10019.0
mac,2006,10684.0
mac,2007,11640.0
mac,2008,12648.0
mac,2009,14436.0
mac,2010,15071.0
mac,2011,15714.0
mac,2012,14564.0
mac,2013,15670.0
mac,2014,16654.0
mac,2015,17324.0
mar,1971,2674.0
mar,1972,2797.0
mar,1973,3499.0
mar,1974,4472.0
mar,1975,6295.0
mar,1976,8440.0
mar,1977,9023.0
mar,1978,13889.0
mar,1979,15411.0
mar,1986,58549.0
mar,1987,64522.0
mar,1988,71850.0
mar,1989,81473.0
mar,1990,94562.0
mar,1991,92878.0
mar,1992,96058.0
mar,1993,104598.0
mar,1994,110808.0
mar,1995,121042.0
mar,1997,128152.0
mar,1998,107269.0
mar,1999,114157.0
mar,2000,124584.0
mar,2001,133954.0
mar,2002,139719.0
mar,2003,147683.0
mar,2004,157296.0
mar,2005,164974.0
mar,2006,181436.0
mar,2007,176025.0
mar,2008,197071.0
mar,2009,197071.0
mar,2010,212227.0
mar,2011,242060.0
mar,2012,288976.0
mar,2013,341900.0
mar,2014,382108.0
mar,2015,421428.0
mda,1995,54003.0
mda,1996,48750.0
mda,1997,51411.0
mda,1999,57916.0
mda,2000,58491.0
mda,2001,57277.0
mda,2002,61022.0
mda,2003,64405.0
mda,2004,68325.0
mda,2005,76474.0
mda,2006,82521.0
mda,2007,85107.0
mda,2008,83785.0
mda,2009,77413.0
mda,2010,73445.0
mda,2011,73082.0
mda,2012,69869.0
mda,2013,67948.0
mda,2014,65004.0
mda,2015,61578.0
mdg,1971,1825.0
mdg,1973,2226.0
mdg,1976,4350.0
mdg,1977,4199.0
mdg,1978,4849.0
mdg,1979,5350.0
mdg,1986,14703.0
mdg,1987,14329.0
mdg,1989,15878.0
mdg,1990,16139.0
mdg,1991,16079.0
mdg,1994,15716.0
mdg,1995,13639.0
mdg,1996,12930.0
mdg,1997,12004.0
mdg,1998,13984.0
mdg,1999,14064.0
mdg,2000,14838.0
mdg,2001,13974.0
mdg,2002,14482.0
mdg,2003,16099.0
mdg,2004,19945.0
mdg,2005,21145.0
mdg,2006,23117.0
mdg,2007,27386.0
mdg,2008,29306.0
mdg,2009,32525.0
mdg,2010,35557.0
mdg,2011,41243.0
mdg,2012,43272.0
mdg,2013,47083.0
mdg,2014,54245.0
mdv,2003,51.0
mdv,2007,2679.0
mdv,2008,2715.0
mdv,2014,3706.0
mea,1970,198335.34375
mea,1971,209162.5625
mea,1972,241883.421875
mea,1973,277862.5
mea,1974,311110.53125
mea,1975,353118.59375
mea,1976,408949.0625
mea,1977,448209.5
mea,1978,485161.0
mea,1979,528112.625
mea,1980,580364.75
mea,1981,649756.0
mea,1982,706644.1875
mea,1983,757910.75
mea,1984,815524.9375
mea,1985,864116.1875
mea,1986,911583.4375
mea,1987,952446.9375
mea,1988,1036779.625
mea,1989,1073038.0
mea,1990,1149800.75
mea,1991,1197668.75
mea,1992,1304149.75
mea,1993,1456162.5
mea,1994,1571672.625
mea,1995,1731785.25
mea,1996,1949425.625
mea,1997,2183666.75
mea,1998,2442438.75
mea,1999,2773962.75
mea,2000,2971441.75
mea,2001,3233706.25
mea,2002,3479177.5
mea,2003,3734492.25
mea,2004,4061051.25
mea,2005,4379760.5
mea,2006,4708054.0
mea,2007,5071133.0
mea,2008,5708832.5
mea,2009,5791977.5
mea,2010,6116679.0
mea,2011,6251211.0
mea,2012,6693148.0
mea,2013,6774068.5
mea,2014,7029996.0
mex,1971,49844.0
mex,1972,61295.0
mex,1977,154398.0
mex,1978,188252.0
mex,1980,272531.0
mex,1981,305052.0
mex,1982,339267.0
mex,1983,368625.0
mex,1984,394802.0
mex,1993,588571.0
mex,1994,625736.0
mex,1995,663396.0
mex,1996,726526.0
mex,1997,769394.0
mex,1998,830187.0
mex,1999,887653.0
mex,2000,956218.0
mex,2001,1004462.0
mex,2002,1059212.0
mex,2003,1110494.0
mex,2004,1160498.0
mex,2005,1198441.0
mex,2006,1229522.0
mex,2007,1271600.0
mex,2008,1318759.0
mex,2009,1358883.0
mex,2010,1424204.0
mex,2011,1483925.0
mex,2012,1566442.0
mex,2013,1627817.0
mex,2014,1687521.0
mhl,2002,510.0
mhl,2012,650.0
mic,1970,6513540.5
mic,1971,6848134.5
mic,1972,7208467.5
mic,1973,7535412.0
mic,1974,7968092.0
mic,1975,8411812.0
mic,1976,8729774.0
mic,1977,9099649.0
mic,1978,9515939.0
mic,1979,10015144.0
mic,1980,10433047.0
mic,1981,10991731.0
mic,1982,11606334.0
mic,1983,12186089.0
mic,1984,13178585.0
mic,1985,13755279.0
mic,1986,13819144.0
mic,1987,14246335.0
mic,1988,14355873.0
mic,1989,14761519.0
mic,1990,15156347.0
mic,1991,15576596.0
mic,1992,15799793.0
mic,1993,16145559.0
mic,1994,16935052.0
mic,1995,18236808.0
mic,1996,19228416.0
mic,1997,21124482.0
mic,1998,22739148.0
mic,1999,25148956.0
mic,2000,27527518.0
mic,2001,30292334.0
mic,2002,33925768.0
mic,2003,37201200.0
mic,2004,40354780.0
mic,2005,43476060.0
mic,2006,47399492.0
mic,2007,51259820.0
mic,2008,55264104.0
mic,2009,58438784.0
mic,2010,61708448.0
mic,2011,65695008.0
mic,2012,69186152.0
mic,2013,71168408.0
mic,2014,77566464.0
mic,2015,78581632.0
mkd,1989,15669.0
mkd,1990,14359.0
mkd,1991,13678.0
mkd,1992,13679.0
mkd,1993,13649.0
mkd,1994,14434.0
mkd,1995,15692.0
mkd,1996,16079.0
mkd,1997,16738.0
mkd,1998,17484.0
mkd,1999,19359.0
mkd,2000,20325.0
mkd,2001,22463.0
mkd,2002,24691.0
mkd,2003,25621.0
mkd,2004,26594.0
mkd,2005,27987.0
mkd,2006,27411.0
mkd,2007,31728.0
mkd,2008,34867.0
mkd,2009,34541.0
mkd,2010,32504.0
mkd,2012,33745.0
mkd,2013,33120.0
mkd,2014,33014.0
mkd,2015,34508.0
mli,1971,77.0
mli,1975,226.0
mli,1976,302.0
mli,1977,380.0
mli,1978,502.0
mli,1979,559.0
mli,1980,600.0
mli,1982,495.0
mli,1983,708.0
mli,1985,967.0
mli,1986,874.0
mli,1987,728.0
mli,1989,624.0
mli,1990,630.0
mli,1991,651.0
mli,1992,862.0
mli,1993,1126.0
mli,1995,1221.0
mli,1996,1602.0
mli,1997,2637.0
mli,1998,2762.0
mli,1999,5885.0
mli,2000,6320.0
mli,2001,7214.0
mli,2002,7470.0
mli,2008,21083.0
mli,2009,22151.0
mli,2010,23293.0
mli,2011,27134.0
mli,2012,28079.0
mlt,1972,793.0
mlt,1973,836.0
mlt,1974,704.0
mlt,1975,784.0
mlt,1976,873.0
mlt,1977,686.0
mlt,1978,587.0
mlt,1979,332.0
mlt,1980,222.0
mlt,1981,231.0
mlt,1982,198.0
mlt,1983,218.0
mlt,1984,337.0
mlt,1985,424.0
mlt,1986,482.0
mlt,1987,500.0
mlt,1988,527.0
mlt,1989,641.0
mlt,1990,1063.0
mlt,1991,1371.0
mlt,1992,1685.0
mlt,1993,2243.0
mlt,1994,2525.0
mlt,1995,2794.0
mlt,1996,3110.0
mlt,1997,3269.0
mlt,1998,3606.0
mlt,1999,3541.0
mlt,2000,3366.0
mlt,2001,4068.0
mlt,2002,4131.0
mlt,2003,5097.0
mlt,2004,4397.0
mlt,2005,5319.0
mlt,2006,5089.0
mlt,2007,5635.0
mlt,2008,5484.0
mlt,2009,5852.0
mlt,2010,6107.0
mlt,2011,6493.0
mlt,2012,6850.0
mlt,2013,6982.0
mlt,2014,6918.0
mlt,2015,7388.0
mmr,1972,18565.0
mmr,1973,20407.0
mmr,1977,40707.0
mmr,1979,61206.0
mmr,1992,108663.0
mmr,1993,140432.0
mmr,1995,150821.0
mmr,1998,203767.0
mmr,2007,294064.0
mmr,2011,379398.0
mmr,2012,350595.0
mna,1970,172206.203125
mna,1971,181666.484375
mna,1972,210546.078125
mna,1973,241218.609375
mna,1974,271433.3125
mna,1975,310646.25
mna,1976,359952.3125
mna,1977,394220.8125
mna,1978,428040.46875
mna,1979,463492.5
mna,1980,510817.75
mna,1981,570968.0
mna,1982,622720.1875
mna,1983,664314.0
mna,1984,713226.125
mna,1985,750690.9375
mna,1986,788462.4375
mna,1987,826570.9375
mna,1988,905671.0
mna,1989,936354.0
mna,1990,999901.9375
mna,1991,1031213.0625
mna,1992,1129305.75
mna,1993,1247082.5
mna,1994,1350945.375
mna,1995,1479999.875
mna,1996,1674299.0
mna,1997,1886200.625
mna,1998,2100087.5
mna,1999,2367300.5
mna,2000,2532383.0
mna,2001,2772295.0
mna,2002,2982360.0
mna,2003,3173071.0
mna,2004,3458025.5
mna,2005,3748350.25
mna,2006,4054102.0
mna,2007,4382112.0
mna,2008,4991583.5
mna,2009,5024717.0
mna,2010,5269334.5
mna,2011,5335046.5
mna,2012,5681876.0
mna,2013,5711283.5
mna,2014,5874347.5
mne,2001,4675.0
mne,2002,4503.0
mne,2003,4891.0
mne,2004,5961.0
mne,2005,6630.0
mne,2006,7712.0
mne,2007,9248.0
mne,2008,10564.0
mne,2009,12562.0
mne,2010,12910.0
mng,1996,26929.0
mng,1997,30512.0
mng,1998,34782.0
mng,1999,42380.0
mng,2000,47248.0
mng,2001,53690.0
mng,2002,57096.0
mng,2003,61209.0
mng,2004,67184.0
mng,2005,76049.0
mng,2006,83781.0
mng,2007,86183.0
mng,2008,92263.0
mng,2009,98349.0
mng,2010,99946.0
mng,2011,101926.0
mng,2012,102021.0
mng,2013,102931.0
mng,2014,102296.0
mng,2015,103114.0
moz,1973,1188.0
moz,1977,304.0
moz,1982,254.0
moz,1985,332.0
moz,1987,516.0
moz,1992,1211.0
moz,1993,1357.0
moz,1994,1601.0
moz,1995,1682.0
moz,1996,1747.0
moz,2004,7026.0
moz,2005,9376.0
moz,2006,20392.0
moz,2007,24201.0
moz,2008,29106.0
moz,2009,32340.0
moz,2010,41292.0
moz,2011,43855.0
moz,2012,48918.0
moz,2013,55095.0
moz,2014,65869.0
moz,2015,74160.0
mrt,1978,46.0
mrt,1988,695.0
mrt,1989,752.0
mrt,1990,667.0
mrt,1991,759.0
mrt,1992,867.0
mrt,1993,1112.0
mrt,1994,1320.0
mrt,1995,1328.0
mrt,1996,1486.0
mrt,1997,1422.0
mrt,1998,1508.0
mrt,1999,1774.0
mrt,2001,1517.0
mrt,2002,1737.0
mrt,2003,1916.0
mrt,2004,2200.0
mrt,2005,2150.0
mrt,2006,2605.0
mrt,2008,3388.0
mrt,2009,3525.0
mrt,2010,4102.0
mrt,2011,4638.0
mrt,2012,5244.0
mrt,2013,5780.0
mrt,2015,6807.0
mrt,2016,6678.0
mus,1970,92.0
mus,1971,247.0
mus,1972,177.0
mus,1973,213.0
mus,1974,205.0
mus,1975,150.0
mus,1976,240.0
mus,1977,377.0
mus,1978,362.0
mus,1979,327.0
mus,1980,317.0
mus,1981,263.0
mus,1982,234.0
mus,1983,208.0
mus,1984,216.0
mus,1985,421.0
mus,1986,367.0
mus,1987,606.0
mus,1988,707.0
mus,1989,747.0
mus,1990,1273.0
mus,1991,1671.0
mus,1994,2494.0
mus,1995,3040.0
mus,1997,3229.0
mus,1999,4813.0
mus,2000,5595.0
mus,2001,10402.0
mus,2002,8301.0
mus,2003,8069.0
mus,2004,8587.0
mus,2005,10320.0
mus,2006,11046.0
mus,2007,12287.0
mus,2008,14020.0
mus,2009,16457.0
mus,2010,18130.0
mus,2011,20167.0
mus,2012,22750.0
mus,2013,22744.0
mus,2014,22149.0
mus,2015,21339.0
mwi,1980,647.0
mwi,1981,697.0
mwi,1982,634.0
mwi,1983,638.0
mwi,1984,619.0
mwi,1985,659.0
mwi,1986,699.0
mwi,1987,824.0
mwi,1988,821.0
mwi,1989,736.0
mwi,1990,1204.0
mwi,1991,1275.0
mwi,1992,1326.0
mwi,1993,1225.0
mwi,1994,1450.0
mwi,1995,1588.0
mwi,1996,1685.0
mwi,1999,876.0
mwi,2000,988.0
mwi,2002,1322.0
mwi,2004,2043.0
mwi,2005,2053.0
mwi,2006,2117.0
mwi,2007,2171.0
mwi,2010,3911.0
mwi,2011,4779.0
mys,1979,20464.0
mys,1980,22199.0
mys,1982,28703.0
mys,1983,30729.0
mys,1984,33357.0
mys,1985,41468.0
mys,1988,49570.0
mys,1989,46010.0
mys,1998,226379.0
mys,1999,236628.0
mys,2000,280078.0
mys,2001,302430.0
mys,2002,348239.0
mys,2003,415447.0
mys,2004,405040.0
mys,2005,390341.0
mys,2006,404332.0
mys,2007,449361.0
mys,2008,514751.0
mys,2009,556321.0
mys,2010,599875.0
mys,2011,577960.0
mys,2012,603238.0
mys,2013,629250.0
mys,2014,493557.0
mys,2015,476071.0
nac,1970,3827474.25
nac,1971,3928158.25
nac,1972,4177516.5
nac,1973,4470974.5
nac,1974,4692720.0
nac,1975,5074913.5
nac,1976,5520873.5
nac,1977,5721395.5
nac,1978,6053709.5
nac,1979,6212570.5
nac,1980,6516557.5
nac,1981,6886956.0
nac,1982,7092428.5
nac,1983,7117338.5
nac,1984,7184211.5
nac,1985,7134146.0
nac,1986,7186737.5
nac,1987,7391165.0
nac,1988,7620271.0
nac,1989,7858655.5
nac,1990,8345401.0
nac,1991,8510306.0
nac,1992,8914308.0
nac,1993,8887382.0
nac,1994,8813962.0
nac,1995,8850163.0
nac,1996,8858123.0
nac,1997,8459104.0
nac,1998,8056510.0
nac,1999,8346930.5
nac,2000,8041657.0
nac,2001,8284567.5
nac,2002,9665107.0
nac,2003,10117328.0
nac,2004,10361751.0
nac,2005,10609609.0
nac,2006,10762395.0
nac,2007,10923273.0
nac,2008,11180106.0
nac,2009,11670760.0
nac,2010,12422202.0
nac,2011,12740237.0
nac,2012,12741773.0
nac,2013,12082911.0
nac,2014,11873811.0
nam,1991,2664.0
nam,1994,5969.0
nam,1995,6904.0
nam,1997,4730.0
nam,1998,5971.0
nam,2001,6087.0
nam,2002,6384.0
nam,2003,6271.0
nam,2005,6341.0
nam,2006,6162.0
nam,2008,11201.0
ncl,1970,31.0
ncl,1971,26.0
ncl,1972,31.0
ncl,1973,38.0
ncl,1974,83.0
ncl,1975,62.0
ncl,1976,100.0
ncl,1979,178.0
ncl,1980,169.0
ncl,1981,163.0
ncl,1982,192.0
ncl,1983,194.0
ncl,1984,252.0
ncl,1985,336.0
ner,1971,0.0
ner,1972,0.0
ner,1973,11.0
ner,1974,12.0
ner,1975,38.0
ner,1976,56.0
ner,1977,110.0
ner,1978,120.0
ner,1979,159.0
ner,1980,160.0
ner,1981,285.0
ner,1982,325.0
ner,1983,339.0
ner,1984,526.0
ner,1985,526.0
ner,1987,590.0
ner,1989,615.0
ner,1990,675.0
ner,2003,2406.0
ner,2004,2406.0
ner,2005,3192.0
ner,2006,2985.0
ner,2007,3101.0
ner,2008,3791.0
ner,2009,4634.0
ner,2010,5087.0
ner,2011,5567.0
ner,2012,6058.0
nga,1985,62033.0
nga,1986,70724.0
nga,1987,75647.0
nga,1988,76507.0
nga,1989,81315.0
nga,1999,302016.0
nga,2003,493683.0
nga,2004,525034.0
nga,2005,566507.0
nga,2010,583329.0
nga,2011,608519.0
nic,1970,2987.0
nic,1971,3002.0
nic,1972,4131.0
nic,1973,3890.0
nic,1974,4714.0
nic,1975,6216.0
nic,1976,6743.0
nic,1977,7437.0
nic,1982,15374.0
nic,1983,16107.0
nic,1984,15115.0
nic,1985,16355.0
nic,1986,15252.0
nic,1987,14759.0
nic,1990,15963.0
nic,1991,15509.0
nic,1992,17795.0
nic,1995,26066.0
nic,1997,29757.0
nic,2002,52349.0
nld,1971,64070.0
nld,1972,69844.0
nld,1975,81916.0
nld,1976,94021.0
nld,1977,102855.0
nld,1978,111224.0
nld,1979,117371.0
nld,1980,133688.0
nld,1981,143083.0
nld,1982,152918.0
nld,1983,158878.0
nld,1984,161519.0
nld,1985,160883.0
nld,1986,165993.0
nld,1987,167131.0
nld,1988,177123.0
nld,1989,181208.0
nld,1990,192671.0
nld,1991,212425.0
nld,1992,224205.0
nld,1993,233027.0
nld,1994,245721.0
nld,1995,237284.0
nld,1996,233441.0
nld,1997,226016.0
nld,1998,224356.0
nld,1999,231629.0
nld,2000,243634.0
nld,2001,254539.0
nld,2002,262004.0
nld,2003,268716.0
nld,2004,276553.0
nld,2005,288081.0
nld,2006,296387.0
nld,2007,303643.0
nld,2008,311109.0
nld,2009,320548.0
nld,2010,337386.0
nld,2011,404224.0
nld,2012,408175.0
nld,2015,440744.0
nor,1971,15135.0
nor,1972,16677.0
nor,1973,18919.0
nor,1974,21821.0
nor,1975,23241.0
nor,1976,25088.0
nor,1977,31382.0
nor,1978,32083.0
nor,1979,33780.0
nor,1980,36430.0
nor,1981,37831.0
nor,1982,40092.0
nor,1983,43200.0
nor,1984,45135.0
nor,1985,47066.0
nor,1986,49233.0
nor,1987,53457.0
nor,1988,57004.0
nor,1989,61253.0
nor,1990,69295.0
nor,1991,75542.0
nor,1992,82211.0
nor,1993,89114.0
nor,1994,95030.0
nor,1995,94541.0
nor,1996,99720.0
nor,1997,104224.0
nor,1998,103789.0
nor,1999,107609.0
nor,2000,111552.0
nor,2001,112603.0
nor,2002,117545.0
nor,2003,126877.0
nor,2004,127417.0
nor,2005,127456.0
nor,2006,128285.0
nor,2007,129672.0
nor,2008,129375.0
nor,2009,133920.0
nor,2010,136646.0
nor,2011,138626.0
nor,2012,143196.0
nor,2013,150210.0
nor,2014,152791.0
nor,2015,155229.0
npl,1976,3959.0
npl,1977,5504.0
npl,1978,6241.0
npl,1983,9549.0
npl,1989,20585.0
npl,1990,21654.0
npl,1991,26221.0
npl,2000,26001.0
npl,2002,24646.0
npl,2003,30121.0
npl,2004,40577.0
npl,2005,69288.0
npl,2006,73196.0
npl,2008,113330.0
npl,2009,114821.0
npl,2010,153200.0
npl,2011,160524.0
npl,2013,227052.0
npl,2015,230187.0
nzl,1970,15608.0
nzl,1971,17112.0
nzl,1972,20812.0
nzl,1973,21532.0
nzl,1974,24642.0
nzl,1975,24146.0
nzl,1976,25338.0
nzl,1979,29282.0
nzl,1980,31101.0
nzl,1981,33492.0
nzl,1982,33930.0
nzl,1983,35231.0
nzl,1984,42571.0
nzl,1985,43797.0
nzl,1986,48383.0
nzl,1987,50670.0
nzl,1988,55786.0
nzl,1989,60761.0
nzl,1990,57804.0
nzl,1991,67652.0
nzl,1992,78639.0
nzl,1993,88356.0
nzl,1994,93725.0
nzl,1995,90895.0
nzl,1996,90885.0
nzl,1997,97223.0
nzl,1998,94269.0
nzl,1999,98733.0
nzl,2000,101084.0
nzl,2001,104148.0
nzl,2002,108843.0
nzl,2003,114480.0
nzl,2004,142224.0
nzl,2005,140941.0
nzl,2006,140313.0
nzl,2007,142345.0
nzl,2008,142746.0
nzl,2009,152373.0
nzl,2010,154636.0
nzl,2011,151803.0
nzl,2012,151169.0
nzl,2013,149041.015625
nzl,2014,149046.96875
nzl,2015,152672.078125
oed,1970,6841129.5
oed,1971,6963213.5
oed,1972,7393537.5
oed,1973,7945972.5
oed,1974,8426238.0
oed,1975,9112042.0
oed,1976,9868232.0
oed,1977,10297447.0
oed,1978,10858794.0
oed,1979,11126149.0
oed,1980,11593330.0
oed,1981,12129615.0
oed,1982,12558309.0
oed,1983,12898333.0
oed,1984,13250998.0
oed,1985,13478734.0
oed,1986,13742820.0
oed,1987,14155293.0
oed,1988,14697728.0
oed,1989,15279034.0
oed,1990,16159397.0
oed,1991,16752145.0
oed,1992,17723528.0
oed,1993,18722622.0
oed,1994,19571852.0
oed,1995,20144552.0
oed,1996,20631334.0
oed,1997,20902556.0
oed,1998,20743636.0
oed,1999,21512604.0
oed,2000,21658940.0
oed,2001,22418252.0
oed,2002,24436032.0
oed,2003,25449856.0
oed,2004,26101918.0
oed,2005,26745630.0
oed,2006,27213990.0
oed,2007,27604932.0
oed,2008,28038750.0
oed,2009,28994766.0
oed,2010,30456622.0
oed,2011,31250840.0
oed,2012,31630658.0
oed,2013,31199732.0
oed,2014,31155820.0
omn,1978,2.0
omn,1979,2.0
omn,1980,1.0
omn,1981,0.0
omn,1982,1.0
omn,1983,1.0
omn,1984,27.0
omn,1985,147.0
omn,1986,358.0
omn,1987,795.0
omn,1988,1235.0
omn,1989,1893.0
omn,1990,2520.0
omn,1991,2808.0
omn,1992,3577.0
omn,1993,3711.0
omn,1994,4150.0
omn,1995,4768.0
omn,1996,4540.0
omn,1997,5638.0
omn,1998,7138.0
omn,2003,15290.0
omn,2004,21555.0
omn,2005,24641.0
omn,2006,28268.0
omn,2007,31208.0
omn,2009,37670.0
omn,2010,39007.0
omn,2011,45002.0
omn,2013,57845.0
omn,2014,68543.0
omn,2015,73851.0
pak,1971,24534.0
pak,1972,23953.0
pak,1973,24655.0
pak,1974,26396.0
pak,1975,28381.0
pak,1976,30096.0
pak,1977,34210.0
pak,1978,39736.0
pak,1979,40034.0
pak,1980,42046.0
pak,1986,69868.0
pak,1987,70223.0
pak,1988,84627.0
pak,1990,84372.0
pak,1992,44730.0
pak,2003,173094.0
pak,2004,222355.0
pak,2005,353251.0
pak,2006,365132.0
pak,2007,424931.0
pak,2008,433430.0
pak,2009,545687.0
pak,2011,734570.0
pak,2012,864297.0
pak,2013,922066.0
pak,2014,968492.0
pak,2015,845465.0
pan,1970,3800.0
pan,1971,6400.0
pan,1972,7900.0
pan,1973,10900.0
pan,1974,12400.0
pan,1975,13090.0
pan,1976,15608.0
pan,1977,17907.0
pan,1978,18279.0
pan,1979,20048.0
pan,1980,22168.0
pan,1981,22924.0
pan,1982,24758.0
pan,1983,26131.0
pan,1984,29246.0
pan,1985,31856.0
pan,1987,33401.0
pan,1988,29732.0
pan,1994,41169.0
pan,1998,61509.0
pan,1999,66055.0
pan,2000,73624.0
pan,2001,73544.0
pan,2002,73073.0
pan,2003,78790.0
pan,2004,79211.0
pan,2005,77200.0
pan,2006,79709.0
pan,2007,80373.0
pan,2008,80179.0
pan,2009,80605.0
pan,2010,83077.0
pan,2011,80131.0
pan,2012,84188.0
pan,2013,73591.0
per,1970,43349.0
per,1971,44280.0
per,1972,45571.0
per,1973,52479.0
per,1974,59273.0
per,1975,62850.0
per,1976,62124.0
per,1980,107980.0
per,2001,397954.0
per,2002,424318.0
per,2003,428799.0
per,2004,447513.0
per,2005,454040.0
per,2006,484188.0
per,2010,593386.0
phl,1971,362221.0
phl,1973,390000.0
phl,1979,598061.0
phl,1980,626159.0
phl,1981,681140.0
phl,1982,714113.0
phl,1992,975250.0
phl,1995,1065721.0
phl,1996,1146794.0
phl,1998,1160565.0
phl,1999,1213477.0
phl,2001,1250935.0
phl,2002,1370942.0
phl,2003,1341325.0
phl,2004,1335692.0
phl,2005,1302154.0
phl,2006,1353088.0
phl,2008,1443597.0
phl,2009,1426138.0
phl,2010,1516899.0
phl,2011,1608436.0
phl,2012,1650732.0
phl,2013,1817826.0
phl,2014,1963650.0
plw,2000,412.0
plw,2001,305.0
plw,2002,307.0
plw,2013,502.0
png,1980,1112.0
png,1983,1127.0
png,1984,1376.0
png,1985,1174.0
png,1986,1565.0
png,1995,4348.0
png,1996,6271.0
png,1998,3503.0
png,1999,3498.0
pol,1971,188734.0
pol,1972,188068.0
pol,1973,213222.0
pol,1974,248042.0
pol,1975,277502.0
pol,1976,311867.0
pol,1977,339036.0
pol,1978,343009.0
pol,1979,346717.0
pol,1980,338537.0
pol,1981,328416.0
pol,1982,303959.0
pol,1983,273505.0
pol,1984,262999.0
pol,1985,253246.0
pol,1986,252937.0
pol,1987,251737.0
pol,1988,257519.0
pol,1989,276476.0
pol,1990,295981.0
pol,1991,305279.0
pol,1992,310534.0
pol,1993,349133.0
pol,1994,424107.0
pol,1995,504401.0
pol,1996,595190.0
pol,1997,690997.0
pol,1998,677024.0
pol,1999,797735.0
pol,2000,908773.0
pol,2001,1029892.0
pol,2002,1103711.0
pol,2003,1146643.0
pol,2004,1176520.0
pol,2005,1218072.0
pol,2006,1231628.0
pol,2007,1231790.0
pol,2008,1247193.0
pol,2009,1244568.0
pol,2010,1271489.0
pol,2011,1245414.0
pol,2012,1201435.0
pol,2013,1138141.0
pol,2014,1046582.0
pri,1971,33343.0
pri,1972,37410.0
pri,1973,41895.0
pri,1974,45188.0
pri,1975,48998.0
pri,1976,52138.0
pri,1977,55540.0
pri,1978,67077.0
pri,1979,72000.0
pri,1980,75116.0
pri,1981,77515.0
pri,1982,82975.0
pri,2007,129222.0
pri,2008,137358.0
pri,2009,142207.0
pri,2010,147470.0
pri,2011,147137.0
pri,2012,146573.0
pri,2013,143788.0
pri,2014,140457.0
prk,2009,193842.0
prk,2015,195594.0
prt,1971,22248.0
prt,1972,24651.0
prt,1973,26430.0
prt,1974,29284.0
prt,1975,28297.0
prt,1976,35854.0
prt,1977,41360.0
prt,1978,36238.0
prt,1979,43438.0
prt,1980,43430.0
prt,1981,44549.0
prt,1982,47182.0
prt,1983,49785.0
prt,1984,55541.0
prt,1985,59763.0
prt,1986,55599.0
prt,1987,66566.0
prt,1991,103475.0
prt,1992,115443.0
prt,1993,138823.0
prt,1994,157204.0
prt,1995,170205.0
prt,1996,180506.0
prt,1998,197073.0
prt,1999,199444.0
prt,2000,211221.0
prt,2001,221042.0
prt,2002,226113.0
prt,2003,226860.0
prt,2004,221496.0
prt,2005,212053.0
prt,2006,202792.0
prt,2007,197908.0
prt,2008,201740.0
prt,2009,199002.0
prt,2010,204476.0
prt,2011,211641.0
prt,2012,208758.0
prt,2013,197255.0
prt,2014,193948.0
prt,2015,179790.0
pry,1970,3442.0
pry,1993,19295.0
pry,1996,23070.0
pry,1999,37794.0
pry,2000,47299.0
pry,2001,55274.0
pry,2002,84357.0
pry,2003,82123.0
pry,2004,84111.0
pry,2005,81513.0
pry,2007,102458.0
pry,2008,123350.0
pry,2009,137580.0
pry,2010,130070.0
pse,1996,17884.0
pse,1997,22030.0
pse,1998,25232.0
pse,1999,30201.0
pse,2000,33123.0
pse,2001,38194.0
pse,2002,42612.0
pse,2003,51747.0
pse,2004,60337.0
pse,2005,68359.0
pse,2006,79107.0
pse,2007,91020.0
pse,2008,97541.0
pse,2009,101550.0
pse,2010,110623.0
pse,2011,121998.0
pse,2012,125320.0
pse,2013,125934.0
pse,2014,128153.0
pse,2015,133144.0
pyf,1981,7.0
pyf,1982,10.0
pyf,1983,33.0
pyf,1984,85.0
pyf,1992,150.0
qat,1971,0.0
qat,1976,447.0
qat,1977,528.0
qat,1980,1303.0
qat,1981,1403.0
qat,1982,1701.0
qat,1983,2260.0
qat,1984,2613.0
qat,1985,2975.0
qat,1986,3309.0
qat,1987,3532.0
qat,1988,3691.0
qat,1989,4079.0
qat,1990,4592.0
qat,1991,4507.0
qat,1992,4720.0
qat,1993,5204.0
qat,1994,5195.0
qat,1995,5558.0
qat,1996,5967.0
qat,1997,6195.0
qat,1998,6221.0
qat,1999,6380.0
qat,2001,5718.0
qat,2002,5678.0
qat,2003,5696.0
qat,2004,6633.0
qat,2005,6617.0
qat,2006,6866.0
qat,2007,7261.0
qat,2008,7997.0
qat,2009,8426.0
qat,2010,8723.0
qat,2011,9854.0
qat,2012,11247.0
qat,2013,13312.0
qat,2014,16247.0
qat,2015,18385.0
rou,1971,65353.0
rou,1972,63863.0
rou,1973,58353.0
rou,1974,63713.0
rou,1975,66555.0
rou,1976,73690.0
rou,1977,77419.0
rou,1978,80619.0
rou,1979,81736.0
rou,1980,82795.0
rou,1981,82113.0
rou,1982,81677.0
rou,1983,76889.0
rou,1984,75255.0
rou,1985,72583.0
rou,1986,71658.0
rou,1987,73061.0
rou,1988,73889.0
rou,1989,76536.0
rou,1990,79487.0
rou,1991,91021.0
rou,1992,99032.0
rou,1993,110035.0
rou,1994,116511.0
rou,1995,120258.0
rou,1996,169064.0
rou,1997,176811.0
rou,1998,180110.0
rou,1999,208046.0
rou,2000,234572.0
rou,2001,285305.0
rou,2002,316443.0
rou,2003,349673.0
rou,2004,375691.0
rou,2005,403697.0
rou,2006,462740.0
rou,2007,520709.0
rou,2008,595369.0
rou,2009,618096.0
rou,2010,564003.0
rou,2011,488037.0
rou,2012,383134.0
rou,2013,333226.0
rou,2014,311256.0
rou,2015,290671.0
rus,1971,2815900.0
rus,1981,3164300.0
rus,1986,3126500.0
rus,1991,2754100.0
rus,1992,2683400.0
rus,1993,2567700.0
rus,2001,4002050.0
rus,2002,4519791.0
rus,2003,4798763.0
rus,2004,4907386.0
rus,2005,5136885.0
rus,2006,5219534.0
rus,2007,5325554.0
rus,2008,5367611.0
rus,2009,5283957.0
rus,2011,4867265.0
rus,2012,4388457.0
rus,2013,4079828.0
rus,2014,3734326.0
rus,2015,3522557.0
rwa,1971,53.0
rwa,1973,80.0
rwa,1974,114.0
rwa,1975,127.0
rwa,1977,100.0
rwa,1978,102.0
rwa,1980,116.0
rwa,1981,122.0
rwa,1984,229.0
rwa,1985,272.0
rwa,1986,269.0
rwa,1987,323.0
rwa,1988,409.0
rwa,1989,537.0
rwa,1990,639.0
rwa,2001,4309.0
rwa,2002,5443.0
rwa,2003,7497.0
rwa,2004,9865.0
rwa,2009,24039.0
rwa,2010,27492.0
rwa,2011,31799.0
rwa,2012,32147.0
rwa,2013,34729.0
rwa,2014,35937.0
rwa,2015,36071.0
rwa,2016,36459.0
sas,1970,546465.6875
sas,1971,575776.9375
sas,1972,608534.125
sas,1973,640574.875
sas,1974,688492.625
sas,1975,731668.625
sas,1976,770641.1875
sas,1977,817031.9375
sas,1978,860769.0
sas,1979,927306.0625
sas,1980,947695.625
sas,1981,1045664.125
sas,1982,1099010.75
sas,1983,1251297.375
sas,1984,1349245.25
sas,1985,1440923.125
sas,1986,1538991.625
sas,1987,1621561.125
sas,1988,1536897.125
sas,1989,1633819.0
sas,1990,1760143.75
sas,1991,1841917.0
sas,1992,1852038.375
sas,1993,1889120.5
sas,1994,1926102.625
sas,1995,1970273.75
sas,1996,2363927.75
sas,1997,2548942.75
sas,1998,3008903.25
sas,1999,3504988.75
sas,2000,4018136.0
sas,2001,4353362.0
sas,2002,4689073.0
sas,2003,4936347.0
sas,2004,5170165.5
sas,2005,5502084.0
sas,2006,6078642.5
sas,2007,6892219.0
sas,2008,7918496.0
sas,2009,8697356.0
sas,2010,9976305.0
sas,2011,13020599.0
sas,2012,14796121.0
sas,2013,15177433.0
sas,2014,15329342.0
sau,1971,691.0
sau,1972,967.0
sau,1973,1335.0
sau,1974,1946.0
sau,1975,2922.0
sau,1976,5310.0
sau,1977,7118.0
sau,1978,9187.0
sau,1979,10978.0
sau,1980,13071.0
sau,1981,17311.0
sau,1982,21003.0
sau,1983,26172.0
sau,1984,30948.0
sau,1985,38009.0
sau,1986,44697.0
sau,1987,46254.0
sau,1991,66417.0
sau,1992,64732.0
sau,1993,88484.0
sau,1994,90602.0
sau,1995,110331.0
sau,1996,121366.0
sau,1997,127462.0
sau,1998,154679.0
sau,1999,202210.0
sau,2000,225995.0
sau,2001,237296.0
sau,2002,248281.0
sau,2003,305988.0
sau,2004,336920.0
sau,2005,350256.0
sau,2006,368365.0
sau,2007,368845.0
sau,2008,390974.0
sau,2009,414433.0
sau,2010,473725.0
sau,2011,523583.0
sau,2012,594146.0
sau,2013,650201.0
sau,2014,726942.0
sau,2015,749375.0
sdn,1999,90373.0
sdn,2000,99564.0
sdn,2001,123070.0
sdn,2002,144061.0
sdn,2003,135942.0
sdn,2004,166906.0
sdn,2005,191218.0
sdn,2006,226474.0
sdn,2007,226474.0
sdn,2008,246602.0
sdn,2009,263027.0
sdn,2010,280230.0
sdn,2011,266636.0
sdn,2012,289274.0
sdn,2013,334139.0
sdn,2014,322437.0
sen,1971,831.0
sen,1972,891.0
sen,1977,1762.0
sen,1978,1788.0
sen,1980,2311.0
sen,1981,2507.0
sen,1982,2348.0
sen,1984,2434.0
sen,1985,2640.0
sen,1992,5262.0
sen,2006,19793.0
sen,2007,24667.0
sen,2008,32249.0
sen,2009,34878.0
sen,2010,34310.0
sen,2011,45796.0
sen,2012,47181.0
sen,2013,49525.0
sen,2014,52695.0
sen,2015,54510.0
sgp,1970,4167.0
sgp,1971,4378.0
sgp,1972,4703.0
sgp,1973,4904.0
sgp,1974,5757.0
sgp,1975,8933.0
sgp,1976,8483.0
sgp,1977,9103.0
sgp,1978,9621.0
sgp,1979,8249.0
sgp,1980,9087.0
sgp,1981,10190.0
sgp,1982,12491.0
sgp,1983,14759.0
sgp,1984,13361.0
sgp,1985,14838.0
sgp,1986,15847.0
sgp,1987,17164.0
sgp,1988,18326.0
sgp,1989,20375.0
sgp,1990,22980.0
sgp,1991,25323.0
sgp,1992,27736.0
sgp,1993,31057.0
sgp,1994,33729.0
sgp,1995,37155.0
sgp,2008,89074.0
sgp,2009,97518.0
sgp,2010,105838.0
sgp,2011,116905.0
sgp,2012,120695.0
sgp,2013,127343.0
sle,1971,187.0
sle,1972,184.0
sle,1973,202.0
sle,1974,227.0
sle,1975,293.0
sle,1976,266.0
sle,1984,479.0
sle,1985,498.0
sle,2000,3049.0
sle,2001,2546.0
sle,2002,2602.0
slv,1973,5986.0
slv,1974,7806.0
slv,1975,9468.0
slv,1978,10324.0
slv,1982,18017.0
slv,1983,24635.0
slv,1984,27807.0
slv,1985,30832.0
slv,1986,31921.0
slv,1994,52876.0
slv,1995,58133.0
slv,1996,56336.0
slv,1998,64873.0
slv,1999,65299.0
slv,2000,62222.0
slv,2001,59551.0
slv,2002,61449.0
slv,2003,62774.0
slv,2004,65301.0
slv,2005,66985.0
slv,2006,68336.0
slv,2007,72499.0
slv,2008,75664.0
slv,2009,78201.0
slv,2010,81268.0
slv,2011,85988.0
slv,2012,90484.0
slv,2013,93938.0
slv,2014,94267.0
slv,2015,96133.0
smr,2000,545.0
smr,2008,533.0
smr,2010,545.0
smr,2011,545.0
smr,2012,492.0
som,1972,127.0
som,1975,179.0
som,1976,218.0
som,1987,3093.0
srb,2001,104413.0
srb,2002,99477.0
srb,2003,112789.0
srb,2004,117142.0
srb,2005,124894.0
srb,2006,130408.0
srb,2007,131988.0
srb,2008,131612.0
srb,2009,130334.0
srb,2010,125444.0
srb,2011,127154.0
srb,2012,129220.0
srb,2013,133427.0
srb,2014,134448.0
srb,2015,134460.0
ssa,1970,155378.78125
ssa,1971,159244.34375
ssa,1972,163800.609375
ssa,1973,169609.59375
ssa,1974,180523.28125
ssa,1975,190426.484375
ssa,1976,201390.625
ssa,1977,215280.828125
ssa,1978,230616.109375
ssa,1979,250064.75
ssa,1980,268177.96875
ssa,1981,289568.46875
ssa,1982,312139.9375
ssa,1983,328427.75
ssa,1984,347327.65625
ssa,1985,372600.53125
ssa,1986,400402.40625
ssa,1987,425317.0625
ssa,1988,448950.84375
ssa,1989,484299.40625
ssa,1990,506176.28125
ssa,1991,551143.875
ssa,1992,598382.25
ssa,1993,661293.625
ssa,1994,736495.625
ssa,1995,786979.9375
ssa,1996,838511.9375
ssa,1997,891528.8125
ssa,1998,941262.875
ssa,1999,1000368.0625
ssa,2000,1121073.75
ssa,2001,1246132.625
ssa,2002,1383935.625
ssa,2003,1513417.25
ssa,2004,1646747.875
ssa,2005,1796203.375
ssa,2006,1934452.625
ssa,2007,2063841.375
ssa,2008,2229802.25
ssa,2009,2448701.5
ssa,2010,2656419.5
ssa,2011,2775954.5
ssa,2012,2983344.25
ssa,2013,3159449.25
ssa,2014,3263879.75
ssf,1970,155378.78125
ssf,1971,159244.34375
ssf,1972,163800.609375
ssf,1973,169609.59375
ssf,1974,180523.28125
ssf,1975,190426.484375
ssf,1976,201390.625
ssf,1977,215280.828125
ssf,1978,230616.109375
ssf,1979,250064.75
ssf,1980,268177.96875
ssf,1981,289568.46875
ssf,1982,312139.9375
ssf,1983,328427.75
ssf,1984,347327.65625
ssf,1985,372600.53125
ssf,1986,400402.40625
ssf,1987,425317.0625
ssf,1988,448950.84375
ssf,1989,484299.40625
ssf,1990,506176.28125
ssf,1991,551143.875
ssf,1992,598382.25
ssf,1993,661293.625
ssf,1994,736495.625
ssf,1995,786979.9375
ssf,1996,838511.9375
ssf,1997,891528.8125
ssf,1998,941262.875
ssf,1999,1000368.0625
ssf,2000,1121073.75
ssf,2001,1246132.625
ssf,2002,1383935.625
ssf,2003,1513417.25
ssf,2004,1646747.875
ssf,2005,1796203.375
ssf,2006,1934452.625
ssf,2007,2063841.375
ssf,2008,2229802.25
ssf,2009,2448701.5
ssf,2010,2656419.5
ssf,2011,2776094.5
ssf,2012,2983419.25
ssf,2013,3159608.25
ssf,2014,3264215.75
stp,2009,335.0
stp,2010,374.0
stp,2012,650.0
stp,2014,773.0
stp,2015,1178.0
sur,1985,1497.0
sur,1986,1475.0
sur,1987,1732.0
sur,1988,1876.0
sur,1989,2107.0
sur,1990,2276.0
sur,2002,3213.0
svk,1993,31782.0
svk,1994,35450.0
svk,1995,40344.0
svk,1996,45424.0
svk,1997,51100.0
svk,1998,57576.0
svk,1999,63535.0
svk,2000,68490.0
svk,2001,73809.0
svk,2002,79263.0
svk,2003,83873.0
svk,2004,89024.0
svk,2005,100334.0
svk,2006,114181.0
svk,2007,128344.0
svk,2008,138357.0
svk,2009,142101.0
svk,2010,140126.0
svk,2011,134923.0
svk,2012,131871.0
svk,2013,125019.0
svk,2014,118030.0
svn,1981,14934.0
svn,1982,14167.0
svn,1983,13824.0
svn,1984,13900.0
svn,1985,14217.0
svn,1986,15643.0
svn,1987,16581.0
svn,1988,16661.0
svn,1989,16841.0
svn,1990,18739.0
svn,1991,18668.0
svn,1992,20257.0
svn,1993,21338.0
svn,1994,23155.0
svn,1995,24346.0
svn,1996,27005.0
svn,1997,29987.0
svn,1998,37617.0
svn,1999,44341.0
svn,2000,47010.0
svn,2001,51323.0
svn,2002,57085.0
svn,2003,57037.0
svn,2004,59367.0
svn,2005,64885.0
svn,2006,67010.0
svn,2007,67588.0
svn,2008,67123.0
svn,2009,66304.0
svn,2010,66445.0
svn,2011,64952.0
svn,2012,60044.0
svn,2013,56223.0
svn,2014,52336.0
swe,1971,59855.0
swe,1972,58829.0
swe,1973,55759.0
swe,1974,59480.0
swe,1975,59044.0
swe,1976,65626.0
swe,1977,71788.0
swe,1978,83689.0
swe,1979,90373.0
swe,1980,91235.0
swe,1985,93605.0
swe,1986,92141.0
swe,1987,90983.0
swe,1988,93103.0
swe,1989,95306.0
swe,1990,98018.0
swe,1991,103552.0
swe,1992,111888.0
swe,1993,121076.0
swe,1994,127873.0
swe,1995,134952.0
swe,1996,144455.0
swe,1997,153600.0
swe,1998,157881.0
swe,1999,192961.0
swe,2000,201962.0
swe,2001,211468.0
swe,2002,227682.0
swe,2003,247091.0
swe,2004,255853.0
swe,2005,254325.0
swe,2006,251782.0
swe,2007,247894.0
swe,2008,245309.0
swe,2009,254120.0
swe,2010,270289.0
swe,2011,273969.0
swe,2012,270702.0
swe,2013,260611.0
swe,2014,255164.0
swe,2015,253700.0
swz,1970,80.0
swz,1972,85.0
swz,1976,333.0
swz,1977,514.0
swz,1979,538.0
swz,1980,741.0
swz,1981,681.0
swz,1990,1371.0
swz,1991,1510.0
swz,1992,1280.0
swz,1993,1866.0
swz,1996,2927.0
swz,1999,2337.0
swz,2000,2299.0
swz,2002,2835.0
swz,2004,3458.0
swz,2005,3064.0
swz,2006,2833.0
swz,2011,4503.0
swz,2013,4104.0
sxm,2012,130.0
sxm,2014,133.0
sxm,2015,152.0
syc,2011,140.0
syc,2012,75.0
syc,2013,159.0
syc,2014,335.0
syc,2015,687.0
syr,1971,8464.0
syr,1972,11301.0
syr,1973,11072.0
syr,1974,12775.0
syr,1975,15552.0
syr,1976,18641.0
syr,1977,22057.0
syr,1978,27251.0
syr,1979,31221.0
syr,1980,33331.0
syr,1981,41074.0
syr,1982,47462.0
syr,1983,47781.0
syr,1984,51886.0
syr,1985,57207.0
syr,1986,62731.0
syr,1987,64925.0
syr,1988,72818.0
syr,1989,71765.0
syr,1990,82062.0
syr,1991,85734.0
syr,1992,86530.0
syr,1993,92716.0
syr,1994,88361.0
syr,1995,88748.0
syr,2002,103311.0
syr,2003,112659.0
syr,2004,129928.0
syr,2005,166221.0
syr,2006,198301.0
syr,2007,214949.0
syr,2008,240786.0
syr,2009,250442.0
syr,2010,260386.0
syr,2011,276082.0
syr,2012,315412.0
syr,2013,321185.0
syr,2014,389628.0
syr,2015,393485.0
tca,2008,1.0
tca,2010,3.0
tcd,1971,0.0
tcd,1972,0.0
tcd,1973,6.0
tcd,1974,47.0
tcd,1975,18.0
tcd,1976,29.0
tcd,1977,40.0
tcd,1985,142.0
tcd,1996,450.0
tcd,1997,556.0
tcd,1998,661.0
tcd,2000,885.0
tcd,2001,916.0
tcd,2003,755.0
tcd,2004,1262.0
tcd,2005,744.0
tcd,2008,2416.0
tcd,2009,2991.0
tcd,2010,3264.0
tcd,2011,4659.0
tcd,2014,6954.0
tgo,1972,158.0
tgo,1973,155.0
tgo,1974,188.0
tgo,1975,214.0
tgo,1976,323.0
tgo,1977,445.0
tgo,1978,610.0
tgo,1979,520.0
tgo,1980,582.0
tgo,1981,703.0
tgo,1982,630.0
tgo,1983,570.0
tgo,1984,661.0
tgo,1987,805.0
tgo,1988,878.0
tgo,1990,1032.0
tgo,1991,1252.0
tgo,1992,1219.0
tgo,1993,1092.0
tgo,1994,1127.0
tgo,1995,1487.0
tgo,1996,1745.0
tgo,1998,2428.0
tgo,2012,14047.0
tgo,2014,19529.0
tgo,2015,21259.0
tha,1976,52112.0
tha,1977,77902.0
tha,1978,92353.0
tha,1993,607822.0
tha,1999,968515.0
tha,2000,1028234.0
tha,2001,1102962.0
tha,2002,1122232.0
tha,2003,1166995.0
tha,2004,1208040.0
tha,2005,1235685.0
tha,2006,1193569.0
tha,2007,1363866.0
tha,2008,1311405.0
tha,2009,1312411.0
tha,2010,1354137.0
tha,2011,1391441.0
tha,2012,1371668.0
tha,2013,1372771.0
tha,2014,1385298.0
tha,2015,1304155.0
tjk,1999,28780.0
tjk,2000,31770.0
tjk,2001,29942.0
tjk,2002,32401.0
tjk,2003,37096.0
tjk,2004,42384.0
tjk,2005,47547.0
tjk,2006,53628.0
tjk,2007,59014.0
tjk,2008,63526.0
tjk,2009,65704.0
tjk,2010,67067.0
tjk,2011,65082.0
tjk,2012,65856.0
tjk,2013,68872.0
tjk,2014,77536.0
tjk,2015,88422.0
tjk,2016,101014.0
tkm,2014,17112.0
tls,2002,3357.0
tls,2009,6694.0
tls,2010,7653.0
ton,1970,0.0
ton,1978,87.0
ton,1979,68.0
ton,1981,298.0
ton,1984,382.0
ton,1985,397.0
ton,1999,200.0
ton,2002,363.0
ton,2003,404.0
tto,1971,857.0
tto,1972,959.0
tto,1973,1005.0
tto,1974,1065.0
tto,1975,1164.0
tto,1976,1885.0
tto,1977,1899.0
tto,1978,1861.0
tto,1979,1663.0
tto,1980,2241.0
tto,1981,2401.0
tto,1982,2285.0
tto,1983,2343.0
tto,1984,1833.0
tto,1985,2140.0
tto,1986,2540.0
tto,1987,2641.0
tto,1989,2709.0
tto,1991,3164.0
tto,1992,3035.0
tto,1993,3360.0
tto,1999,4347.0
tto,2000,4588.0
tto,2001,5167.0
tto,2002,7160.0
tto,2003,7520.0
tto,2004,9285.0
tun,1971,2136.0
tun,1972,2539.0
tun,1973,2692.0
tun,1974,2574.0
tun,1975,3463.0
tun,1976,5273.0
tun,1977,6070.0
tun,1978,7155.0
tun,1979,8172.0
tun,1980,8919.0
tun,1981,9437.0
tun,1982,10266.0
tun,1983,11209.0
tun,1984,12223.0
tun,1985,13974.0
tun,1986,14824.0
tun,1987,14967.0
tun,1988,16305.0
tun,1989,20596.0
tun,1990,23989.0
tun,1991,26989.0
tun,1992,30832.0
tun,1993,36121.0
tun,1994,40570.0
tun,1995,44230.0
tun,1996,49242.0
tun,1997,54278.0
tun,1998,62901.0
tun,1999,74924.0
tun,2000,90694.0
tun,2001,107673.0
tun,2002,122155.0
tun,2003,150046.0
tun,2004,170807.0
tun,2005,179933.0
tun,2006,197170.0
tun,2007,203255.0
tun,2008,210542.0
tun,2009,219593.0
tun,2010,222405.0
tun,2011,221501.0
tun,2012,215747.0
tun,2013,205209.0
tun,2014,204043.0
tun,2015,198777.0
tur,1971,32034.0
tur,1972,32611.0
tur,1973,33241.0
tur,1974,37367.0
tur,1975,46430.0
tur,1976,52954.0
tur,1977,66836.0
tur,1978,76251.0
tur,1979,78678.0
tur,1980,66709.0
tur,1982,66206.0
tur,1983,85214.0
tur,1984,113008.0
tur,1985,131356.0
tur,1986,152047.0
tur,1987,168920.0
tur,1988,178272.0
tur,1989,199981.0
tur,1990,230236.0
tur,1991,252487.0
tur,1992,276677.0
tur,1993,320184.0
tur,1994,427290.0
tur,1995,449771.0
tur,1997,504088.0
tur,1998,557151.0
tur,1999,580596.0
tur,2001,656005.0
tur,2002,694372.0
tur,2003,810630.0
tur,2004,816602.0
tur,2005,881919.0
tur,2006,992235.0
tur,2007,1044539.0
tur,2008,1090900.0
tur,2009,1274618.0
tur,2010,1566701.0
tur,2011,1723602.0
tur,2012,1978343.0
tur,2013,2268753.0
tur,2014,2508079.0
tur,2015,2786228.0
tza,1970,335.0
tza,1971,391.0
tza,1972,443.0
tza,1973,494.0
tza,1974,530.0
tza,1975,420.0
tza,1976,235.0
tza,1977,237.0
tza,1978,714.0
tza,1979,688.0
tza,1982,784.0
tza,1983,780.0
tza,1984,731.0
tza,1985,710.0
tza,1986,689.0
tza,1987,769.0
tza,1991,1187.0
tza,1992,1303.0
tza,1993,1436.0
tza,1994,1811.0
tza,1995,2075.0
tza,1996,2612.0
tza,1997,3510.0
tza,1998,3221.0
tza,1999,3970.0
tza,2000,4824.0
tza,2001,5253.0
tza,2002,5901.0
tza,2003,9535.0
tza,2004,12527.0
tza,2005,16780.0
tza,2007,17803.0
tza,2010,38392.0
tza,2012,58703.0
tza,2013,55412.0
uga,1970,744.0
uga,1971,905.0
uga,1972,1112.0
uga,1974,1065.0
uga,1975,988.0
uga,1976,1018.0
uga,1977,1607.0
uga,1979,1512.0
uga,1980,1323.0
uga,1981,1501.0
uga,1982,1964.0
uga,1985,2349.0
uga,1986,3098.0
uga,1988,3998.0
uga,1989,4055.0
uga,1990,4949.0
uga,1991,5856.0
uga,1992,6132.0
uga,1993,7202.0
uga,1994,8721.0
uga,1995,9860.0
uga,1996,11542.0
uga,1999,14005.0
uga,2000,18877.0
uga,2001,21575.0
uga,2002,30697.0
uga,2003,33154.0
uga,2004,33914.0
uga,2006,40098.0
uga,2008,47752.0
uga,2009,54915.0
uga,2010,53139.0
uga,2011,61270.0
uga,2012,52410.0
uga,2014,72183.0
ukr,1994,822000.0
ukr,1998,866722.0
ukr,1999,915837.0
ukr,2000,952272.0
ukr,2001,1034902.0
ukr,2002,1139384.0
ukr,2003,1235249.0
ukr,2004,1329142.0
ukr,2005,1408242.0
ukr,2006,1483938.0
ukr,2007,1530086.0
ukr,2008,1549293.0
ukr,2009,1533113.0
ukr,2010,1435557.0
ukr,2011,1359142.0
ukr,2012,1249834.0
ukr,2013,1172416.0
ukr,2014,1123819.0
ukr,2015,930197.0
umc,1973,4956964.0
umc,1974,5285796.0
umc,1975,5661390.5
umc,1976,5882522.0
umc,1977,6121353.5
umc,1978,6333276.5
umc,1979,6609161.0
umc,1980,6860897.5
umc,1981,7151615.5
umc,1982,7610192.5
umc,1983,7919284.0
umc,1984,8609164.0
umc,1985,9004889.0
umc,1986,9027916.0
umc,1987,9244713.0
umc,1988,9335764.0
umc,1989,9479922.0
umc,1990,9652192.0
umc,1991,9855218.0
umc,1992,9942868.0
umc,1993,10102059.0
umc,1994,10661862.0
umc,1995,11641206.0
umc,1996,12033809.0
umc,1997,13219690.0
umc,1998,13931275.0
umc,1999,15171293.0
umc,2000,16718322.0
umc,2001,18951316.0
umc,2002,21584698.0
umc,2003,24359328.0
umc,2004,26837136.0
umc,2005,29188184.0
umc,2006,31963344.0
umc,2007,34617056.0
umc,2008,36971720.0
umc,2009,38927812.0
umc,2010,40680984.0
umc,2011,41448896.0
umc,2012,42426916.0
umc,2013,43536760.0
umc,2014,47932972.0
umc,2015,48892244.0
ury,1974,11887.0
ury,1975,14313.0
ury,1977,18703.0
ury,1979,19734.0
ury,1980,19236.0
ury,1982,26782.0
ury,1983,28389.0
ury,1998,60310.0
ury,1999,57435.0
ury,2000,57435.0
ury,2001,61660.0
ury,2002,64315.0
ury,2003,67121.0
ury,2004,68362.0
ury,2005,69532.0
ury,2006,70219.0
ury,2007,99924.0
ury,2008,102335.0
ury,2009,101182.0
ury,2010,101981.0
usa,1971,3507163.0
usa,1972,3741639.0
usa,1973,4021885.0
usa,1974,4231071.0
usa,1975,4601300.0
usa,1976,5035862.0
usa,1977,5201309.0
usa,1978,5496971.0
usa,1979,5619094.0
usa,1980,5887022.0
usa,1981,6222521.0
usa,1982,6396616.0
usa,1983,6394396.0
usa,1984,6440936.0
usa,1985,6378366.0
usa,1986,6428605.0
usa,1987,6618996.0
usa,1988,6834000.0
usa,1989,7053000.0
usa,1990,7349000.0
usa,1991,7471643.0
usa,1993,7962765.0
usa,1994,7877699.0
usa,1995,7906896.0
usa,1996,7919238.0
usa,1998,7392261.0
usa,1999,7663037.0
usa,2000,7362121.0
usa,2001,7596436.0
usa,2002,8967172.0
usa,2003,9409595.0
usa,2004,9644920.0
usa,2005,9884782.0
usa,2006,10031550.0
usa,2007,10184055.0
usa,2008,10432214.0
usa,2009,10913919.0
usa,2010,11658205.0
usa,2011,11971315.0
usa,2012,11967614.0
usa,2013,11300552.0
usa,2014,11091564.0
usa,2015,10984061.0
uzb,1999,131932.0
uzb,2000,137674.0
uzb,2001,143342.0
uzb,2002,152013.0
uzb,2003,155446.0
uzb,2004,164231.0
uzb,2005,108374.0
uzb,2006,114815.0
uzb,2007,118162.0
uzb,2008,119212.0
uzb,2009,121707.0
uzb,2010,115692.0
uzb,2011,106954.0
uzb,2012,93887.0
uzb,2013,94680.0
uzb,2014,97073.0
uzb,2015,98437.0
uzb,2016,101330.0
vct,1979,271.0
vct,1980,201.0
vct,1986,509.0
vct,1987,505.0
vct,1990,458.0
ven,1986,182455.0
ven,1987,225813.0
ven,1988,221896.0
ven,1989,235508.0
ven,2000,391644.0
ven,2002,476453.0
ven,2003,501678.0
ven,2008,1310444.0
vgb,1999,598.0
vgb,2000,540.0
vgb,2001,423.0
vgb,2002,523.0
vgb,2004,789.0
vgb,2009,783.0
vgb,2015,532.0
vir,1971,830.0
vir,1972,979.0
vir,1973,1120.0
vir,1974,1098.0
vir,1975,1270.0
vir,1976,1301.0
vir,1977,1350.0
vir,1978,1435.0
vir,1979,1440.0
vir,1980,1405.0
vir,1981,1533.0
vir,1982,1861.0
vir,1983,1980.0
vir,1986,1876.0
vir,1987,1861.0
vir,1991,1843.0
vir,1992,2000.0
vir,1993,2166.0
vir,2007,1900.0
vnm,1976,31702.0
vnm,1977,32911.0
vnm,1978,37239.0
vnm,1979,41860.0
vnm,1981,27090.0
vnm,1998,286479.0
vnm,1999,347629.0
vnm,2000,304913.0
vnm,2001,315150.0
vnm,2002,335859.0
vnm,2003,356609.0
vnm,2005,554356.0
vnm,2006,688416.0
vnm,2007,783390.0
vnm,2008,807633.0
vnm,2009,869984.0
vnm,2010,994699.0
vnm,2011,1102256.0
vnm,2013,1044010.0
vnm,2014,1349907.0
vnm,2015,1206407.0
vut,2002,317.0
vut,2003,331.0
vut,2004,345.0
wld,1970,13613302.0
wld,1971,13974187.0
wld,1972,14762975.0
wld,1973,15644908.0
wld,1974,16565080.0
wld,1975,17700164.0
wld,1976,18780274.0
wld,1977,19586262.0
wld,1978,20549092.0
wld,1979,21282978.0
wld,1980,22137640.0
wld,1981,23217258.0
wld,1982,24253048.0
wld,1983,25205940.0
wld,1984,26528314.0
wld,1985,27324700.0
wld,1986,27642544.0
wld,1987,28465910.0
wld,1988,29083684.0
wld,1989,30057410.0
wld,1990,31308824.0
wld,1991,32317242.0
wld,1992,33474698.0
wld,1993,34796320.0
wld,1994,36290152.0
wld,1995,38121724.0
wld,1996,39528172.0
wld,1997,41725376.0
wld,1998,43013240.0
wld,1999,46183024.0
wld,2000,48686248.0
wld,2001,52190500.0
wld,2002,57834956.0
wld,2003,62104892.0
wld,2004,65963476.0
wld,2005,69730960.0
wld,2006,74066480.0
wld,2007,78395320.0
wld,2008,82989576.0
wld,2009,87078288.0
wld,2010,91712408.0
wld,2011,96473136.0
wld,2012,100184080.0
wld,2013,101575144.0
wld,2014,107862848.0
wld,2015,108841488.0
wsm,1970,1.0
wsm,1971,6.0
wsm,1975,13.0
wsm,1977,72.0
wsm,1981,45.0
wsm,1983,264.0
wsm,1998,668.0
wsm,1999,888.0
wsm,2000,524.0
yem,1992,9079.0
yem,1997,8224.0
yem,1999,34068.0
yem,2002,47674.0
yem,2003,48794.0
yem,2004,50367.0
yem,2005,52161.0
yem,2006,54615.0
yem,2007,67905.0
yem,2008,74152.0
yem,2010,81046.0
yem,2011,80059.0
zaf,1988,173389.0
zaf,1989,193706.0
zaf,1990,195043.0
zaf,1991,213229.0
zaf,1992,227712.0
zaf,1993,255572.0
zaf,1994,296844.0
zaf,2012,583517.0
zaf,2013,602070.0
zaf,2014,591836.0
zmb,1970,214.0
zmb,1974,1103.0
zmb,1975,1170.0
zmb,1979,1710.0
zmb,1981,1566.0
zmb,1982,1759.0
zmb,1988,4050.0
zmb,1989,4063.0
zmb,1998,7181.0
zmb,1999,7325.0
zmb,2011,15402.0
zmb,2012,24494.0
zwe,1983,3451.0
zwe,1984,4110.0
zwe,1986,5932.0
zwe,1992,19940.0
zwe,2010,42563.0
zwe,2011,40804.0
zwe,2012,41406.0
zwe,2013,43565.0
zwe,2015,64933.0
