country,year,sp_pre_totl_in
abw,1970,3156.0
abw,1971,3053.0
abw,1972,2897.0
abw,1973,2705.0
abw,1974,2505.0
abw,1975,2336.0
abw,1976,2239.0
abw,1977,2190.0
abw,1978,2138.0
abw,1979,2074.0
abw,1980,1984.0
abw,1981,1847.0
abw,1982,1863.0
abw,1983,1920.0
abw,1984,1999.0
abw,1985,2077.0
abw,1986,2133.0
abw,1987,2215.0
abw,1988,2264.0
abw,1989,2280.0
abw,1990,2262.0
abw,1991,2196.0
abw,1992,2223.0
abw,1993,2278.0
abw,1994,2354.0
abw,1995,2445.0
abw,1996,2559.0
abw,1997,2683.0
abw,1998,2792.0
abw,1999,2875.0
abw,2000,2929.0
abw,2001,2938.0
abw,2002,2940.0
abw,2003,2917.0
abw,2004,2871.0
abw,2005,2809.0
abw,2006,2738.0
abw,2007,2716.0
abw,2008,2696.0
abw,2009,2683.0
abw,2010,2689.0
abw,2011,2716.0
abw,2012,2683.0
abw,2013,2657.0
abw,2014,2620.0
abw,2015,2561.0
abw,2016,2457.0
afg,1970,1411072.0
afg,1971,1464063.0
afg,1972,1516156.0
afg,1973,1564136.0
afg,1974,1601456.0
afg,1975,1252962.0
afg,1976,1288351.0
afg,1977,1319095.0
afg,1978,1340669.0
afg,1979,1349936.0
afg,1980,1745586.0
afg,1981,1734787.0
afg,1982,1709446.0
afg,1983,1674453.0
afg,1984,1628219.0
afg,1985,1598080.0
afg,1986,1582926.0
afg,1987,1579400.0
afg,1988,1591504.0
afg,1989,1607615.0
afg,1990,1673994.0
afg,1991,1774540.0
afg,1992,1905693.0
afg,1993,2050672.0
afg,1994,2193623.0
afg,1995,2312717.0
afg,1996,2422836.0
afg,1997,2510006.0
afg,1998,2587039.0
afg,1999,2670286.0
afg,2000,2772175.0
afg,2001,2895872.0
afg,2002,3040488.0
afg,2003,3189378.0
afg,2004,3313271.0
afg,2005,3416350.0
afg,2006,3535011.0
afg,2007,3628047.0
afg,2008,3701866.0
afg,2009,3766340.0
afg,2010,3830268.0
afg,2011,3883741.0
afg,2012,3937280.0
afg,2013,1967720.0
afg,2014,1987140.0
afg,2015,1992448.0
ago,1970,639756.0
ago,1971,659136.0
ago,1972,678587.0
ago,1973,697220.0
ago,1974,711065.0
ago,1975,728632.0
ago,1976,755738.0
ago,1977,782885.0
ago,1978,809610.0
ago,1979,832205.0
ago,1980,860126.0
ago,1981,899678.0
ago,1982,940203.0
ago,1983,978777.0
ago,1984,1009103.0
ago,1985,1037301.0
ago,1986,1071818.0
ago,1987,1101645.0
ago,1988,1128220.0
ago,1989,1150999.0
ago,1990,1179518.0
ago,1991,1222878.0
ago,1992,1267709.0
ago,1993,1311157.0
ago,1994,1345766.0
ago,1995,1381292.0
ago,1996,1428954.0
ago,1997,465900.0
ago,1998,1516558.0
ago,1999,1552299.0
ago,2000,1597246.0
ago,2001,1662482.0
ago,2002,1731020.0
ago,2003,1799592.0
ago,2004,1858888.0
ago,2005,1922105.0
ago,2006,1999311.0
ago,2007,658351.0
ago,2008,682186.0
ago,2009,704837.0
ago,2010,725709.0
ago,2011,751989.0
ago,2012,777980.0
ago,2013,802815.0
ago,2014,825518.0
ago,2015,845177.0
ago,2016,869010.0
alb,1970,188301.0
alb,1971,188837.0
alb,1972,188327.0
alb,1973,186936.0
alb,1974,185570.0
alb,1975,186616.0
alb,1976,187777.0
alb,1977,190291.0
alb,1978,193415.0
alb,1979,196461.0
alb,1980,197323.0
alb,1981,198416.0
alb,1982,199452.0
alb,1983,200216.0
alb,1984,201168.0
alb,1985,203157.0
alb,1986,205994.0
alb,1987,209889.0
alb,1988,214358.0
alb,1989,218636.0
alb,1990,222506.0
alb,1991,223153.0
alb,1992,225494.0
alb,1993,225518.0
alb,1994,223142.0
alb,1995,216593.0
alb,1996,210856.0
alb,1997,204636.0
alb,1998,198404.0
alb,1999,192204.0
alb,2000,186997.0
alb,2001,181122.0
alb,2002,174120.0
alb,2003,166388.0
alb,2004,158056.0
alb,2005,149590.0
alb,2006,140577.0
alb,2007,132179.0
alb,2008,123532.0
alb,2009,114909.0
alb,2010,105952.0
alb,2011,99064.0
alb,2012,94871.0
alb,2013,92543.0
alb,2014,91971.0
alb,2015,93106.0
alb,2016,95393.0
and,1970,1323.0
and,1971,1315.0
and,1972,1289.0
and,1973,1261.0
and,1974,1243.0
and,1975,1291.0
and,1976,1303.0
and,1977,1550.0
and,1978,1741.0
and,1979,1819.0
and,1980,1525.0
and,1981,737.0
and,1982,716.0
and,1983,1135.0
and,1984,1421.0
and,1985,1530.0
and,1986,1603.0
and,1987,1581.0
and,1988,1576.0
and,1989,1594.0
and,1990,1661.0
and,1991,1722.0
and,1992,1739.0
and,1993,1780.0
and,1994,1836.0
and,1995,1922.0
and,1996,1970.0
and,1997,1990.0
and,1998,1989.0
arb,1970,9425367.0
arb,1971,9585499.0
arb,1972,9817898.0
arb,1973,10041184.0
arb,1974,10252083.0
arb,1975,10444863.0
arb,1976,10624554.0
arb,1977,10881304.0
arb,1978,11144573.0
arb,1979,11414659.0
arb,1980,11692587.0
arb,1981,11989328.0
arb,1982,12348698.0
arb,1983,12725722.0
arb,1984,13099054.0
arb,1985,13431976.0
arb,1986,13729736.0
arb,1987,14095856.0
arb,1988,14454271.0
arb,1989,14790566.0
arb,1990,15087241.0
arb,1991,15339853.0
arb,1992,15590445.0
arb,1993,15783438.0
arb,1994,15923955.0
arb,1995,15999347.0
arb,1996,16011473.0
arb,1997,16028045.0
arb,1998,16828688.0
arb,1999,16771468.0
arb,2000,16781896.0
arb,2001,16831572.0
arb,2002,16899416.0
arb,2003,16976580.0
arb,2004,17068456.0
arb,2005,17167940.0
arb,2006,16745447.0
arb,2007,16942200.0
arb,2008,17184392.0
arb,2009,17461692.0
arb,2010,17775508.0
arb,2011,18072476.0
arb,2012,18495496.0
arb,2013,18932132.0
arb,2014,19372208.0
are,1970,10269.0
are,1971,11784.0
are,1972,13107.0
are,1973,15074.0
are,1974,17554.0
are,1975,20352.0
are,1976,23187.0
are,1977,26177.0
are,1978,30208.0
are,1979,35123.0
are,1980,40663.0
are,1981,46581.0
are,1982,50754.0
are,1983,54602.0
are,1984,58537.0
are,1985,63080.0
are,1986,68668.0
are,1987,70857.0
are,1988,73299.0
are,1989,76246.0
are,1990,79917.0
are,1991,84594.0
are,1992,86446.0
are,1993,87344.0
are,1994,87468.0
are,1995,87031.0
are,1996,86399.0
are,1997,90077.0
are,1998,94281.0
are,1999,98743.0
are,2000,103230.0
are,2001,107653.0
are,2002,102599.0
are,2003,98717.0
are,2004,97565.0
are,2005,100718.0
are,2006,109001.0
are,2007,113920.0
are,2008,122607.0
are,2009,133216.0
are,2010,143737.0
are,2011,152943.0
are,2012,164490.0
are,2013,173292.0
are,2014,180010.0
are,2015,185823.0
arg,1970,949385.0
arg,1971,961113.0
arg,1972,974325.0
arg,1973,989678.0
arg,1974,1007875.0
arg,1975,1030024.0
arg,1976,1059474.0
arg,1977,1091822.0
arg,1978,1126643.0
arg,1979,1163709.0
arg,1980,1202014.0
arg,1981,1250343.0
arg,1982,1301452.0
arg,1983,1347210.0
arg,1984,1376552.0
arg,1985,1377481.0
arg,1986,1365072.0
arg,1987,1336989.0
arg,1988,1305417.0
arg,1989,1286850.0
arg,1990,1300333.0
arg,1991,1992959.0
arg,1992,2036098.0
arg,1993,2078521.0
arg,1994,2086561.0
arg,1995,2095086.0
arg,1996,2105475.0
arg,1997,2111882.0
arg,1998,2114283.0
arg,1999,2112603.0
arg,2000,2109381.0
arg,2001,2097331.0
arg,2002,2082834.0
arg,2003,2072144.0
arg,2004,2083255.0
arg,2005,2095339.0
arg,2006,2119292.0
arg,2007,2148709.0
arg,2008,2176770.0
arg,2009,2183104.0
arg,2010,2190283.0
arg,2011,2191800.0
arg,2012,2189145.0
arg,2013,2186386.0
arg,2014,2196431.0
arg,2015,2204327.0
arg,2016,2216613.0
arm,1970,277603.0
arm,1971,271569.0
arm,1972,260581.0
arm,1973,247051.0
arm,1974,234475.0
arm,1975,231004.0
arm,1976,229274.0
arm,1977,231567.0
arm,1978,237493.0
arm,1979,244894.0
arm,1980,248120.0
arm,1981,251757.0
arm,1982,256159.0
arm,1983,260105.0
arm,1984,264174.0
arm,1985,269922.0
arm,1986,276144.0
arm,1987,285994.0
arm,1988,296705.0
arm,1989,306018.0
arm,1990,310155.0
arm,1991,309208.0
arm,1992,305906.0
arm,1993,299125.0
arm,1994,289510.0
arm,1995,277623.0
arm,1996,265179.0
arm,1997,249311.0
arm,1998,232047.0
arm,1999,214682.0
arm,2000,199847.0
arm,2001,186572.0
arm,2002,173675.0
arm,2003,162326.0
arm,2004,153376.0
arm,2005,148974.0
arm,2006,146675.0
arm,2007,148375.0
arm,2008,152452.0
arm,2009,157329.0
arm,2011,122205.0
arm,2012,121882.0
arm,2013,122529.0
arm,2014,123596.0
arm,2015,123979.0
arm,2016,123930.0
atg,1970,3545.0
atg,1971,3586.0
atg,1972,3653.0
atg,1973,3715.0
atg,1974,3751.0
atg,1975,3694.0
atg,1976,3628.0
atg,1977,3536.0
atg,1978,3423.0
atg,1979,3288.0
atg,1980,3125.0
atg,1981,2948.0
atg,1982,2695.0
atg,1983,2447.0
atg,1984,2254.0
atg,1985,2268.0
atg,1986,2276.0
atg,1987,2415.0
atg,1988,2612.0
atg,1989,2809.0
atg,1990,2830.0
atg,1991,2898.0
atg,1992,2778.0
atg,1993,2645.0
atg,1994,2539.0
atg,1995,2584.0
atg,1996,2604.0
atg,1997,2645.0
atg,1998,2699.0
atg,1999,2766.0
atg,2000,2871.0
atg,2001,2951.0
atg,2002,3026.0
atg,2003,3098.0
atg,2004,3149.0
atg,2005,3128.0
atg,2006,3110.0
atg,2007,3076.0
atg,2008,3040.0
atg,2009,3006.0
atg,2010,2979.0
atg,2011,2949.0
atg,2012,2929.0
atg,2013,2913.0
atg,2014,2901.0
atg,2015,2892.0
atg,2016,2887.0
aus,1970,250086.0
aus,1971,251115.0
aus,1972,251054.0
aus,1973,250261.0
aus,1974,249254.0
aus,1975,248444.0
aus,1976,250874.0
aus,1977,254612.0
aus,1978,258208.0
aus,1979,259626.0
aus,1980,256500.0
aus,1981,250413.0
aus,1982,241680.0
aus,1983,232538.0
aus,1984,226074.0
aus,1985,225927.0
aus,1986,229856.0
aus,1987,237184.0
aus,1988,245991.0
aus,1989,253461.0
aus,1990,256218.0
aus,1991,258003.0
aus,1992,258310.0
aus,1993,257858.0
aus,1994,257773.0
aus,1995,259543.0
aus,1996,262429.0
aus,1997,265464.0
aus,1998,267979.0
aus,1999,269110.0
aus,2000,267899.0
aus,2001,264855.0
aus,2002,261091.0
aus,2003,257635.0
aus,2004,255782.0
aus,2005,256984.0
aus,2006,257829.0
aus,2007,260173.0
aus,2008,264172.0
aus,2009,269942.0
aus,2010,277605.0
aus,2011,286667.0
aus,2012,296675.0
aus,2013,306122.0
aus,2014,312992.0
aus,2015,314924.0
aus,2016,317355.0
aut,1970,391861.0
aut,1971,389995.0
aut,1972,384331.0
aut,1973,376048.0
aut,1974,365622.0
aut,1975,354094.0
aut,1976,341121.0
aut,1977,324060.0
aut,1978,305594.0
aut,1979,287951.0
aut,1980,276347.0
aut,1981,266483.0
aut,1982,259497.0
aut,1983,255221.0
aut,1984,253119.0
aut,1985,251720.0
aut,1986,251778.0
aut,1987,256859.0
aut,1988,263844.0
aut,1989,270454.0
aut,1990,269399.0
aut,1991,269821.0
aut,1992,269316.0
aut,1993,267586.0
aut,1994,266485.0
aut,1995,272972.0
aut,1996,277239.0
aut,1997,280281.0
aut,1998,283338.0
aut,1999,284800.0
aut,2000,279211.0
aut,2001,273649.0
aut,2002,264743.0
aut,2003,254525.0
aut,2004,245144.0
aut,2005,243027.0
aut,2006,240805.0
aut,2007,239608.0
aut,2008,239681.0
aut,2009,240203.0
aut,2010,238377.0
aut,2011,237342.0
aut,2012,236394.0
aut,2013,235826.0
aut,2014,235843.0
aut,2015,237267.0
aut,2016,238763.0
aze,1970,664222.0
aze,1971,655781.0
aze,1972,641016.0
aze,1973,619962.0
aze,1974,597416.0
aze,1975,584115.0
aze,1976,571881.0
aze,1977,560011.0
aze,1978,551196.0
aze,1979,544941.0
aze,1980,538539.0
aze,1981,535383.0
aze,1982,542733.0
aze,1983,553833.0
aze,1984,566999.0
aze,1985,577594.0
aze,1986,590812.0
aze,1987,612722.0
aze,1988,637101.0
aze,1989,662228.0
aze,1990,685665.0
aze,1991,707348.0
aze,1992,725715.0
aze,1993,742364.0
aze,1994,754865.0
aze,1995,571381.0
aze,1996,566530.0
aze,1997,555825.0
aze,1998,539030.0
aze,1999,485817.0
aze,2000,495887.0
aze,2001,454497.0
aze,2002,428926.0
aze,2003,409682.0
aze,2004,395762.0
aze,2005,368405.0
aze,2006,356865.0
aze,2007,361487.0
aze,2008,369263.0
aze,2009,374855.0
aze,2010,363676.0
aze,2011,367201.0
aze,2012,396397.0
aze,2013,425170.0
aze,2014,463655.0
aze,2015,487322.0
bdi,1970,323055.0
bdi,1971,326172.0
bdi,1972,332710.0
bdi,1973,336832.0
bdi,1974,338946.0
bdi,1975,339614.0
bdi,1976,339242.0
bdi,1977,344141.0
bdi,1978,349894.0
bdi,1979,356491.0
bdi,1980,363866.0
bdi,1981,372032.0
bdi,1982,390603.0
bdi,1983,412301.0
bdi,1984,435299.0
bdi,1985,457431.0
bdi,1986,476036.0
bdi,1987,500192.0
bdi,1988,523831.0
bdi,1989,546125.0
bdi,1990,566304.0
bdi,1991,583857.0
bdi,1992,608483.0
bdi,1993,630141.0
bdi,1994,647432.0
bdi,1995,658725.0
bdi,1996,662604.0
bdi,1997,670468.0
bdi,1998,674270.0
bdi,1999,675815.0
bdi,2000,677427.0
bdi,2001,681309.0
bdi,2002,684971.0
bdi,2003,691494.0
bdi,2004,700775.0
bdi,2005,712459.0
bdi,2006,726701.0
bdi,2007,488997.0
bdi,2008,504177.0
bdi,2009,521595.0
bdi,2010,540943.0
bdi,2011,561658.0
bdi,2012,589373.0
bdi,2013,619975.0
bdi,2014,651677.0
bdi,2015,682371.0
bdi,2016,709533.0
bel,1970,462207.0
bel,1971,454674.0
bel,1972,443195.0
bel,1973,429530.0
bel,1974,415699.0
bel,1975,406723.0
bel,1976,398164.0
bel,1977,392580.0
bel,1978,388690.0
bel,1979,385288.0
bel,1980,378600.0
bel,1981,372832.0
bel,1982,367173.0
bel,1983,362053.0
bel,1984,357906.0
bel,1985,355981.0
bel,1986,354708.0
bel,1987,355435.0
bel,1988,357301.0
bel,1989,359585.0
bel,1990,360090.0
bel,1991,361308.0
bel,1992,361198.0
bel,1993,361133.0
bel,1994,361523.0
bel,1995,364472.0
bel,1996,366188.0
bel,1997,366617.0
bel,1998,366710.0
bel,1999,366105.0
bel,2000,363336.0
bel,2001,360616.0
bel,2002,354320.0
bel,2003,347378.0
bel,2004,341480.0
bel,2005,341262.0
bel,2006,342096.0
bel,2007,345953.0
bel,2008,351451.0
bel,2009,357766.0
bel,2010,362395.0
bel,2011,367677.0
bel,2012,375901.0
bel,2013,384648.0
bel,2014,392579.0
bel,2015,396098.0
bel,2016,399092.0
ben,1970,266898.0
ben,1971,273582.0
ben,1972,283126.0
ben,1973,292346.0
ben,1974,205456.0
ben,1975,209870.0
ben,1976,215502.0
ben,1977,222970.0
ben,1978,230341.0
ben,1979,237479.0
ben,1980,243409.0
ben,1981,250610.0
ben,1982,380916.0
ben,1983,394678.0
ben,1984,408088.0
ben,1985,419381.0
ben,1986,431684.0
ben,1987,447182.0
ben,1988,462518.0
ben,1989,477637.0
ben,1990,491370.0
ben,1991,507212.0
ben,1992,525813.0
ben,1993,545254.0
ben,1994,564553.0
ben,1995,581621.0
ben,1996,598288.0
ben,1997,620159.0
ben,1998,418278.0
ben,1999,431066.0
ben,2000,443058.0
ben,2001,454077.0
ben,2002,467233.0
ben,2003,480542.0
ben,2004,493767.0
ben,2005,506662.0
ben,2006,519083.0
ben,2007,534544.0
ben,2008,549775.0
ben,2009,564192.0
ben,2010,577122.0
ben,2011,587858.0
ben,2012,601207.0
ben,2013,613454.0
ben,2014,624622.0
ben,2015,634843.0
ben,2016,644288.0
bfa,1970,495318.0
bfa,1971,502166.0
bfa,1972,517804.0
bfa,1973,533454.0
bfa,1974,547896.0
bfa,1975,559618.0
bfa,1976,567106.0
bfa,1977,583783.0
bfa,1978,599154.0
bfa,1979,613480.0
bfa,1980,627267.0
bfa,1981,641121.0
bfa,1982,666639.0
bfa,1983,694133.0
bfa,1984,721299.0
bfa,1985,745344.0
bfa,1986,763234.0
bfa,1987,790279.0
bfa,1988,815912.0
bfa,1989,839334.0
bfa,1990,859764.0
bfa,1991,876608.0
bfa,1992,901725.0
bfa,1993,925118.0
bfa,1994,946838.0
bfa,1995,967034.0
bfa,1996,986090.0
bfa,1997,1016886.0
bfa,1998,1048666.0
bfa,1999,1080004.0
bfa,2000,1109234.0
bfa,2001,1134584.0
bfa,2002,1172037.0
bfa,2003,1209973.0
bfa,2004,1247111.0
bfa,2005,1281926.0
bfa,2006,1312675.0
bfa,2007,1357687.0
bfa,2008,1404276.0
bfa,2009,1450634.0
bfa,2010,1550296.0
bfa,2011,1591888.0
bfa,2012,1640384.0
bfa,2013,1687457.0
bfa,2014,1730980.0
bfa,2015,1764252.0
bfa,2016,1797391.0
bgd,1970,2174956.0
bgd,1971,2238627.0
bgd,1972,2287560.0
bgd,1973,2320492.0
bgd,1974,2335897.0
bgd,1975,2330894.0
bgd,1976,2365387.0
bgd,1977,2400721.0
bgd,1978,2440777.0
bgd,1979,2491711.0
bgd,1980,2561135.0
bgd,1981,2660959.0
bgd,1982,2647657.0
bgd,1983,2748543.0
bgd,1984,2836281.0
bgd,1985,2892642.0
bgd,1986,2959537.0
bgd,1987,3015749.0
bgd,1988,3060845.0
bgd,1989,3096045.0
bgd,1990,3123720.0
bgd,1991,3164123.0
bgd,1992,3197008.0
bgd,1993,3221470.0
bgd,1994,3236711.0
bgd,1995,3241958.0
bgd,1996,3255191.0
bgd,1997,3263525.0
bgd,1998,9860253.0
bgd,1999,9869789.0
bgd,2000,9879692.0
bgd,2001,9945542.0
bgd,2002,10006286.0
bgd,2003,10046509.0
bgd,2004,10027557.0
bgd,2005,9990609.0
bgd,2006,9995710.0
bgd,2007,9976011.0
bgd,2008,9926293.0
bgd,2009,9821170.0
bgd,2010,9716432.0
bgd,2011,9583381.0
bgd,2012,9440807.0
bgd,2013,9307825.0
bgd,2014,9236875.0
bgd,2015,9175161.0
bgr,1970,506094.0
bgr,1971,504270.0
bgr,1972,506852.0
bgr,1973,510807.0
bgr,1974,515326.0
bgr,1975,518642.0
bgr,1976,521905.0
bgr,1977,526960.0
bgr,1978,532144.0
bgr,1979,536646.0
bgr,1980,538811.0
bgr,1981,539687.0
bgr,1982,541735.0
bgr,1983,542068.0
bgr,1984,539810.0
bgr,1985,532703.0
bgr,1986,523498.0
bgr,1987,507691.0
bgr,1988,488681.0
bgr,1989,469506.0
bgr,1990,458548.0
bgr,1991,446561.0
bgr,1992,439188.0
bgr,1993,433252.0
bgr,1994,425656.0
bgr,1995,407477.0
bgr,1996,388598.0
bgr,1997,367206.0
bgr,1998,342813.0
bgr,1999,318290.0
bgr,2000,300435.0
bgr,2001,284570.0
bgr,2002,273429.0
bgr,2003,265700.0
bgr,2004,260411.0
bgr,2005,254563.0
bgr,2006,251317.0
bgr,2007,250401.0
bgr,2008,251942.0
bgr,2009,255486.0
bgr,2010,260766.0
bgr,2011,266210.0
bgr,2012,274050.0
bgr,2013,282600.0
bgr,2014,289860.0
bgr,2015,290817.0
bgr,2016,290256.0
bhr,1970,18888.0
bhr,1971,19350.0
bhr,1972,19851.0
bhr,1973,20642.0
bhr,1974,21585.0
bhr,1975,22185.0
bhr,1976,23060.0
bhr,1977,23455.0
bhr,1978,23992.0
bhr,1979,24707.0
bhr,1980,25975.0
bhr,1981,26973.0
bhr,1982,28006.0
bhr,1983,28803.0
bhr,1984,29473.0
bhr,1985,30150.0
bhr,1986,30996.0
bhr,1987,32204.0
bhr,1988,33496.0
bhr,1989,34719.0
bhr,1990,35635.0
bhr,1991,36222.0
bhr,1992,36939.0
bhr,1993,37300.0
bhr,1994,37266.0
bhr,1995,36225.0
bhr,1996,35745.0
bhr,1997,36857.0
bhr,1998,38444.0
bhr,1999,40401.0
bhr,2000,42510.0
bhr,2001,44914.0
bhr,2002,44735.0
bhr,2003,44977.0
bhr,2004,45822.0
bhr,2005,47869.0
bhr,2006,50044.0
bhr,2007,49839.0
bhr,2008,49948.0
bhr,2009,50376.0
bhr,2010,51797.0
bhr,2011,52670.0
bhr,2012,54719.0
bhr,2013,56274.0
bhr,2014,57637.0
bhr,2015,59411.0
bhs,1970,10476.0
bhs,1971,10523.0
bhs,1972,10101.0
bhs,1973,9594.0
bhs,1974,9220.0
bhs,1975,9679.0
bhs,1976,9884.0
bhs,1977,10085.0
bhs,1978,10388.0
bhs,1979,10693.0
bhs,1980,10651.0
bhs,1981,10692.0
bhs,1982,10416.0
bhs,1983,10109.0
bhs,1984,9929.0
bhs,1985,10454.0
bhs,1986,10761.0
bhs,1987,11313.0
bhs,1988,11925.0
bhs,1989,12418.0
bhs,1990,12130.0
bhs,1991,12042.0
bhs,1992,11712.0
bhs,1993,11297.0
bhs,1994,10963.0
bhs,1995,11330.0
bhs,1996,11464.0
bhs,1997,11864.0
bhs,1998,12271.0
bhs,1999,12547.0
bhs,2000,12140.0
bhs,2001,11964.0
bhs,2002,11492.0
bhs,2003,11046.0
bhs,2004,10711.0
bhs,2005,10902.0
bhs,2006,10857.0
bhs,2007,10704.0
bhs,2008,10465.0
bhs,2009,10194.0
bhs,2010,9918.0
bhs,2011,9829.0
bhs,2012,10353.0
bhs,2013,10975.0
bhs,2014,11543.0
bhs,2015,11551.0
bhs,2016,11692.0
bih,1970,273058.0
bih,1971,269107.0
bih,1972,262166.0
bih,1973,253339.0
bih,1974,244773.0
bih,1975,242873.0
bih,1976,240349.0
bih,1977,240651.0
bih,1978,241990.0
bih,1979,242602.0
bih,1980,236469.0
bih,1981,231488.0
bih,1982,224127.0
bih,1983,216073.0
bih,1984,209573.0
bih,1985,211090.0
bih,1986,213238.0
bih,1987,221259.0
bih,1988,231294.0
bih,1989,239561.0
bih,1990,237380.0
bih,1991,230430.0
bih,1992,218104.0
bih,1993,201638.0
bih,1994,183880.0
bih,1995,170015.0
bih,1996,158088.0
bih,1997,147069.0
bih,1998,137582.0
bih,1999,130068.0
bih,2000,126391.0
bih,2001,123937.0
bih,2002,126195.0
blr,1970,699150.0
blr,1971,675321.0
blr,1972,644733.0
blr,1973,612837.0
blr,1974,584584.0
blr,1975,571412.0
blr,1976,562476.0
blr,1977,566844.0
blr,1978,579658.0
blr,1979,594376.0
blr,1980,593440.0
blr,1981,593579.0
blr,1982,594470.0
blr,1983,594213.0
blr,1984,594939.0
blr,1985,603216.0
blr,1986,611861.0
blr,1987,474205.0
blr,1988,486350.0
blr,1989,496144.0
blr,1990,496595.0
blr,1991,493572.0
blr,1992,487153.0
blr,1993,476279.0
blr,1994,461432.0
blr,1995,443765.0
blr,1996,423373.0
blr,1997,393902.0
blr,1998,361674.0
blr,1999,330722.0
blr,2000,311505.0
blr,2001,293918.0
blr,2002,281480.0
blr,2003,272595.0
blr,2004,266352.0
blr,2005,259232.0
blr,2006,255828.0
blr,2007,258375.0
blr,2008,264358.0
blr,2009,272154.0
blr,2010,277182.0
blr,2011,283881.0
blr,2012,292859.0
blr,2013,302105.0
blr,2014,311238.0
blr,2015,320274.0
blr,2016,328192.0
blz,1970,12017.0
blz,1971,12239.0
blz,1972,12543.0
blz,1973,12817.0
blz,1974,13062.0
blz,1975,13278.0
blz,1976,13470.0
blz,1977,13705.0
blz,1978,13947.0
blz,1979,14161.0
blz,1980,14192.0
blz,1981,14306.0
blz,1982,14341.0
blz,1983,14392.0
blz,1984,14525.0
blz,1985,14967.0
blz,1986,10493.0
blz,1987,10981.0
blz,1988,11480.0
blz,1989,11896.0
blz,1990,11923.0
blz,1991,11972.0
blz,1992,12018.0
blz,1993,11955.0
blz,1994,11870.0
blz,1995,11862.0
blz,1996,12053.0
blz,1997,12507.0
blz,1998,13116.0
blz,1999,13771.0
blz,2000,14248.0
blz,2001,14688.0
blz,2002,14972.0
blz,2003,15196.0
blz,2004,15373.0
blz,2005,15542.0
blz,2006,15636.0
blz,2007,15563.0
blz,2008,15480.0
blz,2009,15418.0
blz,2010,15508.0
blz,2011,15509.0
blz,2012,15302.0
blz,2013,15081.0
blz,2014,14930.0
blz,2015,15108.0
blz,2016,15250.0
bmu,1970,1096.0
bmu,1971,1058.0
bmu,1972,999.0
bmu,1973,931.0
bmu,1974,868.0
bmu,1975,827.0
bmu,1976,826.0
bmu,1977,835.0
bmu,1978,851.0
bmu,1979,868.0
bmu,1980,865.0
bmu,1981,824.0
bmu,1982,791.0
bmu,1983,754.0
bmu,1984,722.0
bmu,1985,706.0
bmu,1986,722.0
bmu,1987,738.0
bmu,1988,762.0
bmu,1989,789.0
bmu,1990,810.0
bmu,1991,818.0
bmu,1992,840.0
bmu,1993,857.0
bmu,1994,871.0
bmu,1995,875.0
bmu,1996,866.0
bmu,1997,845.0
bmu,1998,819.0
bmu,1999,793.0
bmu,2000,779.0
bmu,2001,787.0
bmu,2002,790.0
bmu,2003,799.0
bmu,2004,807.0
bmu,2005,811.0
bmu,2006,807.0
bmu,2007,808.0
bmu,2008,808.0
bmu,2009,808.0
bmu,2010,800.0
bmu,2011,786.0
bmu,2012,768.0
bmu,2013,746.0
bmu,2014,728.0
bmu,2015,715.0
bmu,2016,720.0
bol,1970,268393.0
bol,1971,275306.0
bol,1972,282122.0
bol,1973,288488.0
bol,1974,294065.0
bol,1975,298495.0
bol,1976,306333.0
bol,1977,314053.0
bol,1978,321383.0
bol,1979,328084.0
bol,1980,333911.0
bol,1981,343069.0
bol,1982,352164.0
bol,1983,360490.0
bol,1984,367218.0
bol,1985,371471.0
bol,1986,378240.0
bol,1987,384134.0
bol,1988,389042.0
bol,1989,392943.0
bol,1990,395877.0
bol,1991,400794.0
bol,1992,405239.0
bol,1993,409199.0
bol,1994,412718.0
bol,1995,415884.0
bol,1996,421771.0
bol,1997,427808.0
bol,1998,433505.0
bol,1999,438285.0
bol,2000,441507.0
bol,2001,447356.0
bol,2002,452988.0
bol,2003,457821.0
bol,2004,461183.0
bol,2005,462359.0
bol,2006,464719.0
bol,2007,466138.0
bol,2008,466778.0
bol,2009,466947.0
bol,2010,467031.0
bol,2011,468160.0
bol,2012,469090.0
bol,2013,469614.0
bol,2014,469459.0
bol,2015,468369.0
bol,2016,468697.0
bra,1999,9248239.0
bra,2001,9941427.0
bra,2002,9955824.0
bra,2003,9849653.0
bra,2004,10279951.0
bra,2005,10033082.0
bra,2007,9263306.0
bra,2008,8733628.0
bra,2009,8706980.0
bra,2011,8717443.0
bra,2012,8493090.0
bra,2013,5660809.0
bra,2014,5578645.0
bra,2015,5340969.0
brb,1970,12121.0
brb,1971,11621.0
brb,1972,10819.0
brb,1973,9955.0
brb,1974,9167.0
brb,1975,8810.0
brb,1976,8535.0
brb,1977,8937.0
brb,1978,9463.0
brb,1979,9927.0
brb,1980,9779.0
brb,1981,9731.0
brb,1982,9154.0
brb,1983,8537.0
brb,1984,8023.0
brb,1985,8109.0
brb,1986,8036.0
brb,1987,8191.0
brb,1988,8433.0
brb,1989,8648.0
brb,1990,8466.0
brb,1991,8407.0
brb,1992,8299.0
brb,1993,8167.0
brb,1994,8038.0
brb,1995,8017.0
brb,1996,7967.0
brb,1997,7949.0
brb,1998,7949.0
brb,1999,7947.0
brb,2000,7899.0
brb,2001,7846.0
brb,2002,7651.0
brb,2003,7460.0
brb,2004,7310.0
brb,2005,7331.0
brb,2006,7313.0
brb,2007,7333.0
brb,2008,7378.0
brb,2009,7422.0
brb,2010,7384.0
brb,2011,7363.0
brb,2012,7263.0
brb,2013,7164.0
brb,2014,7085.0
brb,2015,7120.0
brb,2016,7111.0
brn,1970,12116.0
brn,1971,12336.0
brn,1972,12540.0
brn,1973,12778.0
brn,1974,13193.0
brn,1975,13622.0
brn,1976,14184.0
brn,1977,14768.0
brn,1978,15328.0
brn,1979,15740.0
brn,1980,16141.0
brn,1981,16691.0
brn,1982,17217.0
brn,1983,17685.0
brn,1984,18002.0
brn,1985,18292.0
brn,1986,18225.0
brn,1987,18196.0
brn,1988,18270.0
brn,1989,18672.0
brn,1990,19091.0
brn,1991,19444.0
brn,1992,19838.0
brn,1993,20272.0
brn,1994,20786.0
brn,1995,21190.0
brn,1996,21498.0
brn,1997,14311.0
brn,1998,14340.0
brn,1999,21290.0
brn,2000,20948.0
brn,2001,20804.0
brn,2002,20612.0
brn,2003,20393.0
brn,2004,20201.0
brn,2005,20013.0
brn,2006,19907.0
brn,2007,19758.0
brn,2008,19573.0
brn,2009,19304.0
brn,2010,19080.0
brn,2011,18636.0
brn,2012,18207.0
brn,2013,17928.0
brn,2014,18189.0
brn,2015,18474.0
brn,2016,19227.0
btn,1970,8666.0
btn,1971,8985.0
btn,1972,9326.0
btn,1973,9677.0
btn,1974,10020.0
btn,1975,10339.0
btn,1976,10814.0
btn,1977,11290.0
btn,1978,11753.0
btn,1979,12178.0
btn,1980,12540.0
btn,1981,13062.0
btn,1982,13550.0
btn,1983,13996.0
btn,1984,14389.0
btn,1985,14708.0
btn,1986,15136.0
btn,1987,15531.0
btn,1988,15849.0
btn,1989,16055.0
btn,1990,16158.0
btn,1991,16342.0
btn,1992,16427.0
btn,1993,16428.0
btn,1994,16359.0
btn,1995,16184.0
btn,1996,15922.0
btn,1997,15666.0
btn,1998,30671.0
btn,1999,30325.0
btn,2000,30313.0
btn,2001,30028.0
btn,2002,29851.0
btn,2003,29704.0
btn,2004,29481.0
btn,2005,29079.0
btn,2006,28913.0
btn,2007,28693.0
btn,2008,28464.0
btn,2009,28294.0
btn,2010,28239.0
btn,2011,28392.0
btn,2012,28618.0
btn,2013,28786.0
btn,2014,28720.0
btn,2015,28228.0
btn,2016,27617.0
bwa,1970,69134.0
bwa,1971,71321.0
bwa,1972,73698.0
bwa,1973,79382.0
bwa,1974,81882.0
bwa,1975,84758.0
bwa,1976,87998.0
bwa,1977,91447.0
bwa,1978,95052.0
bwa,1979,98741.0
bwa,1980,102495.0
bwa,1981,102383.0
bwa,1982,106753.0
bwa,1983,111042.0
bwa,1984,115016.0
bwa,1985,118393.0
bwa,1986,121852.0
bwa,1987,125010.0
bwa,1988,127765.0
bwa,1989,129999.0
bwa,1990,131614.0
bwa,1991,132872.0
bwa,1992,133489.0
bwa,1993,133619.0
bwa,1994,133464.0
bwa,1995,133422.0
bwa,1996,133458.0
bwa,1997,133233.0
bwa,1998,132845.0
bwa,1999,132490.0
bwa,2000,132038.0
bwa,2001,132345.0
bwa,2002,132666.0
bwa,2003,132928.0
bwa,2004,132658.0
bwa,2005,132787.0
bwa,2006,132688.0
bwa,2007,132861.0
bwa,2008,133461.0
bwa,2009,134879.0
bwa,2010,136747.0
bwa,2011,139182.0
bwa,2012,142026.0
bwa,2013,145138.0
bwa,2014,148366.0
bwa,2015,151448.0
bwa,2016,155526.0
caf,1970,159960.0
caf,1971,162926.0
caf,1972,168181.0
caf,1973,173092.0
caf,1974,177491.0
caf,1975,180492.0
caf,1976,184130.0
caf,1977,189571.0
caf,1978,194980.0
caf,1979,200249.0
caf,1980,204599.0
caf,1981,209933.0
caf,1982,216905.0
caf,1983,224142.0
caf,1984,231294.0
caf,1985,237682.0
caf,1986,243841.0
caf,1987,252553.0
caf,1988,260540.0
caf,1989,267636.0
caf,1990,272887.0
caf,1991,278606.0
caf,1992,285515.0
caf,1993,292229.0
caf,1994,298332.0
caf,1995,302515.0
caf,1996,306769.0
caf,1997,312597.0
caf,1998,317482.0
caf,1999,321896.0
caf,2000,327127.0
caf,2001,332258.0
caf,2002,341623.0
caf,2003,350769.0
caf,2004,358619.0
caf,2005,361613.0
caf,2006,364834.0
caf,2007,369281.0
caf,2008,372895.0
caf,2009,375624.0
caf,2010,376850.0
caf,2011,378620.0
caf,2012,381636.0
caf,2013,384223.0
caf,2014,386967.0
caf,2015,391172.0
caf,2016,396286.0
can,1970,889508.0
can,1971,865708.0
can,1972,831302.0
can,1973,790105.0
can,1974,749323.0
can,1975,718258.0
can,1976,707713.0
can,1977,702801.0
can,1978,706416.0
can,1979,714253.0
can,1980,719959.0
can,1981,715577.0
can,1982,716980.0
can,1983,719169.0
can,1984,722321.0
can,1985,726812.0
can,1986,732838.0
can,1987,740660.0
can,1988,749548.0
can,1989,759004.0
can,1990,768307.0
can,1991,776876.0
can,1992,782571.0
can,1993,785674.0
can,1994,787503.0
can,1995,789916.0
can,1996,795019.0
can,1997,800007.0
can,1998,804267.0
can,1999,805692.0
can,2000,801375.0
can,2001,787922.0
can,2002,769251.0
can,2003,745846.0
can,2004,722212.0
can,2005,704275.0
can,2006,699141.0
can,2007,695540.0
can,2008,697203.0
can,2009,703315.0
can,2010,712375.0
can,2011,722240.0
can,2012,736765.0
can,2013,755433.0
can,2014,775193.0
can,2015,791643.0
can,2016,799287.0
che,1970,203270.0
che,1971,204794.0
che,1972,206143.0
che,1973,205994.0
che,1974,204361.0
che,1975,201310.0
che,1976,197154.0
che,1977,190923.0
che,1978,182615.0
che,1979,173268.0
che,1980,164053.0
che,1981,156277.0
che,1982,150788.0
che,1983,146655.0
che,1984,143780.0
che,1985,142015.0
che,1986,141139.0
che,1987,142058.0
che,1988,144577.0
che,1989,148017.0
che,1990,151574.0
che,1991,154119.0
che,1992,156805.0
che,1993,158985.0
che,1994,160920.0
che,1995,162973.0
che,1996,165751.0
che,1997,167767.0
che,1998,169474.0
che,1999,170676.0
che,2000,171154.0
che,2001,170568.0
che,2002,168865.0
che,2003,166103.0
che,2004,162703.0
che,2005,159141.0
che,2006,156077.0
che,2007,153561.0
che,2008,151426.0
che,2009,149858.0
che,2010,149027.0
che,2011,149102.0
che,2012,150938.0
che,2013,153915.0
che,2014,157588.0
che,2015,161364.0
che,2016,164506.0
chl,1970,253578.0
chl,1971,256790.0
chl,1972,259676.0
chl,1973,261750.0
chl,1974,262388.0
chl,1975,260943.0
chl,1976,258350.0
chl,1977,254179.0
chl,1978,249301.0
chl,1979,244906.0
chl,1980,242403.0
chl,1981,240810.0
chl,1982,240110.0
chl,1983,240205.0
chl,1984,240862.0
chl,1985,241743.0
chl,1986,244243.0
chl,1987,247761.0
chl,1988,251986.0
chl,1989,256526.0
chl,1990,260849.0
chl,1991,266272.0
chl,1992,272118.0
chl,1993,277522.0
chl,1994,281357.0
chl,1995,282369.0
chl,1996,281241.0
chl,1997,277898.0
chl,1998,541768.0
chl,1999,532807.0
chl,2000,528585.0
chl,2001,522589.0
chl,2002,516724.0
chl,2003,511018.0
chl,2004,505353.0
chl,2005,499527.0
chl,2006,495587.0
chl,2007,492309.0
chl,2008,489390.0
chl,2009,486402.0
chl,2010,482777.0
chl,2011,480767.0
chl,2012,478996.0
chl,2013,714490.0
chl,2014,711226.0
chl,2015,708293.0
chl,2016,706399.0
chn,1970,93350816.0
chn,1971,96779720.0
chn,1972,100781576.0
chn,1973,104446576.0
chn,1974,107227176.0
chn,1975,108105872.0
chn,1976,107823144.0
chn,1977,106038448.0
chn,1978,102807392.0
chn,1979,98731944.0
chn,1980,95019128.0
chn,1981,91214608.0
chn,1982,86549840.0
chn,1983,81612656.0
chn,1984,77300480.0
chn,1985,75338848.0
chn,1986,74706688.0
chn,1987,76286024.0
chn,1988,79462968.0
chn,1989,83577264.0
chn,1990,87356896.0
chn,1991,91057792.0
chn,1992,96767144.0
chn,1993,102908928.0
chn,1994,107891208.0
chn,1995,107874768.0
chn,1996,106164768.0
chn,1997,73479152.0
chn,1998,66252340.0
chn,1999,58878520.0
chn,2000,55723428.0
chn,2001,52497832.0
chn,2002,49525504.0
chn,2003,47185404.0
chn,2004,45414904.0
chn,2005,43790848.0
chn,2006,42853168.0
chn,2007,43472580.0
chn,2008,44788652.0
chn,2009,46259656.0
chn,2010,46355656.0
chn,2011,46649500.0
chn,2012,47046928.0
chn,2013,47379264.0
chn,2014,47722664.0
chn,2015,48443824.0
chn,2016,48991520.0
civ,1970,329526.0
civ,1971,345847.0
civ,1972,364352.0
civ,1973,383390.0
civ,1974,402861.0
civ,1975,422610.0
civ,1976,684584.0
civ,1977,719672.0
civ,1978,754949.0
civ,1979,790295.0
civ,1980,825148.0
civ,1981,860834.0
civ,1982,900843.0
civ,1983,940572.0
civ,1984,978537.0
civ,1985,1010504.0
civ,1986,1041669.0
civ,1987,1074483.0
civ,1988,1104035.0
civ,1989,1132321.0
civ,1990,1163570.0
civ,1991,1196058.0
civ,1992,1232505.0
civ,1993,1269315.0
civ,1994,1306049.0
civ,1995,1340993.0
civ,1996,1376343.0
civ,1997,1420247.0
civ,1998,1463374.0
civ,1999,1504723.0
civ,2000,1543244.0
civ,2001,1577814.0
civ,2002,1624601.0
civ,2003,1667870.0
civ,2004,1706028.0
civ,2005,1732628.0
civ,2006,1759426.0
civ,2007,1782998.0
civ,2008,1804371.0
civ,2009,1825783.0
civ,2010,1851674.0
civ,2011,1880846.0
civ,2012,1909338.0
civ,2013,1940072.0
civ,2014,1973987.0
civ,2015,2013247.0
civ,2016,2055759.0
cmr,1970,402838.0
cmr,1971,413461.0
cmr,1972,429546.0
cmr,1973,445303.0
cmr,1974,460427.0
cmr,1975,474697.0
cmr,1976,487918.0
cmr,1977,506386.0
cmr,1978,524831.0
cmr,1979,542872.0
cmr,1980,560098.0
cmr,1981,576155.0
cmr,1982,597469.0
cmr,1983,618691.0
cmr,1984,639906.0
cmr,1985,661403.0
cmr,1986,683457.0
cmr,1987,712178.0
cmr,1988,741817.0
cmr,1989,770590.0
cmr,1990,796275.0
cmr,1991,816439.0
cmr,1992,841965.0
cmr,1993,865521.0
cmr,1994,886909.0
cmr,1995,906178.0
cmr,1996,923541.0
cmr,1997,945197.0
cmr,1998,965177.0
cmr,1999,983561.0
cmr,2000,1000542.0
cmr,2001,1016515.0
cmr,2002,1038581.0
cmr,2003,1060074.0
cmr,2004,1081287.0
cmr,2005,1102755.0
cmr,2006,1124995.0
cmr,2007,1156158.0
cmr,2008,1188882.0
cmr,2009,1220987.0
cmr,2010,1249708.0
cmr,2011,1271919.0
cmr,2012,1301887.0
cmr,2013,1330310.0
cmr,2014,1356721.0
cmr,2015,1380871.0
cmr,2016,1402610.0
cod,1970,1887838.0
cod,1971,1937499.0
cod,1972,2006170.0
cod,1973,2071603.0
cod,1974,2132507.0
cod,1975,2181404.0
cod,1976,2236236.0
cod,1977,2313341.0
cod,1978,2389300.0
cod,1979,2461217.0
cod,1980,2520570.0
cod,1981,2581729.0
cod,1982,2664068.0
cod,1983,2743028.0
cod,1984,2819547.0
cod,1985,2889971.0
cod,1986,2972284.0
cod,1987,3087640.0
cod,1988,3207068.0
cod,1989,3327711.0
cod,1990,3429823.0
cod,1991,3556581.0
cod,1992,3720802.0
cod,1993,3891432.0
cod,1994,4059153.0
cod,1995,4214791.0
cod,1996,4350720.0
cod,1997,4501660.0
cod,1998,4634024.0
cod,1999,4750857.0
cod,2000,4841506.0
cod,2001,4950970.0
cod,2002,5106218.0
cod,2003,5266427.0
cod,2004,5429393.0
cod,2005,5585186.0
cod,2006,5757909.0
cod,2007,5980568.0
cod,2008,6209445.0
cod,2009,6431765.0
cod,2010,6609269.0
cod,2011,6793918.0
cod,2012,7006809.0
cod,2013,7211350.0
cod,2014,7406800.0
cod,2015,7587867.0
cod,2016,7774061.0
cog,1970,125050.0
cog,1971,129042.0
cog,1972,133798.0
cog,1973,138574.0
cog,1974,143317.0
cog,1975,147838.0
cog,1976,152517.0
cog,1977,158295.0
cog,1978,163981.0
cog,1979,169438.0
cog,1980,174193.0
cog,1981,179076.0
cog,1982,184826.0
cog,1983,190449.0
cog,1984,195661.0
cog,1985,199651.0
cog,1986,203535.0
cog,1987,207785.0
cog,1988,211539.0
cog,1989,215005.0
cog,1990,218614.0
cog,1991,222356.0
cog,1992,226993.0
cog,1993,231635.0
cog,1994,236265.0
cog,1995,240507.0
cog,1996,245337.0
cog,1997,251309.0
cog,1998,257520.0
cog,1999,263954.0
cog,2000,270718.0
cog,2001,277602.0
cog,2002,286935.0
cog,2003,296354.0
cog,2004,305589.0
cog,2005,313122.0
cog,2006,321987.0
cog,2007,331944.0
cog,2008,342492.0
cog,2009,353349.0
cog,2010,364225.0
cog,2011,374855.0
cog,2012,387675.0
cog,2013,399974.0
cog,2014,411506.0
cog,2015,421445.0
cog,2016,431311.0
col,1970,2161277.0
col,1971,2203284.0
col,1972,2240007.0
col,1973,2267157.0
col,1974,2279229.0
col,1975,2271378.0
col,1976,2231502.0
col,1977,2186597.0
col,1978,2150298.0
col,1979,2173341.0
col,1980,2204370.0
col,1981,2271925.0
col,1982,2357943.0
col,1983,2443556.0
col,1984,2475347.0
col,1985,2507604.0
col,1986,2540308.0
col,1987,2564410.0
col,1988,2581222.0
col,1989,2596611.0
col,1990,2605918.0
col,1991,2606451.0
col,1992,2599452.0
col,1993,2589993.0
col,1994,2592384.0
col,1995,2591370.0
col,1996,2595660.0
col,1997,2599923.0
col,1998,2599072.0
col,1999,2576204.0
col,2000,2553709.0
col,2001,2522710.0
col,2002,2487007.0
col,2003,2453943.0
col,2004,2444935.0
col,2005,2435867.0
col,2006,2443224.0
col,2007,2455947.0
col,2008,2464940.0
col,2009,2443552.0
col,2010,2421401.0
col,2011,2392549.0
col,2012,2357510.0
col,2013,2321402.0
col,2014,2299112.0
col,2015,2275534.0
col,2016,2255470.0
com,1970,14473.0
com,1971,14677.0
com,1972,15008.0
com,1973,15328.0
com,1974,15652.0
com,1975,15994.0
com,1976,16360.0
com,1977,16993.0
com,1978,17702.0
com,1979,18450.0
com,1980,19201.0
com,1981,19926.0
com,1982,20792.0
com,1983,21650.0
com,1984,22485.0
com,1985,23278.0
com,1986,23997.0
com,1987,24932.0
com,1988,25880.0
com,1989,26787.0
com,1990,27592.0
com,1991,28236.0
com,1992,42779.0
com,1993,43818.0
com,1994,44744.0
com,1995,45558.0
com,1996,46280.0
com,1997,47049.0
com,1998,47699.0
com,1999,49277.0
com,2000,50022.0
com,2001,50792.0
com,2002,51803.0
com,2003,52863.0
com,2004,53914.0
com,2005,54751.0
com,2006,55680.0
com,2007,56828.0
com,2008,57997.0
com,2009,59173.0
com,2010,60291.0
com,2011,61483.0
com,2012,62903.0
com,2013,64339.0
com,2014,65738.0
com,2015,66961.0
com,2016,68168.0
cpv,1970,18671.0
cpv,1971,19160.0
cpv,1972,19278.0
cpv,1973,18959.0
cpv,1974,18389.0
cpv,1975,17782.0
cpv,1976,17360.0
cpv,1977,17282.0
cpv,1978,17286.0
cpv,1979,17338.0
cpv,1980,17385.0
cpv,1981,17371.0
cpv,1982,17455.0
cpv,1983,17727.0
cpv,1984,18126.0
cpv,1985,18579.0
cpv,1986,19006.0
cpv,1987,19586.0
cpv,1988,20252.0
cpv,1989,20962.0
cpv,1990,21689.0
cpv,1991,22372.0
cpv,1992,23109.0
cpv,1993,23849.0
cpv,1994,24528.0
cpv,1995,25069.0
cpv,1996,25404.0
cpv,1997,25823.0
cpv,1998,38775.0
cpv,1999,38550.0
cpv,2000,38489.0
cpv,2001,38227.0
cpv,2002,37656.0
cpv,2003,37004.0
cpv,2004,36246.0
cpv,2005,35290.0
cpv,2006,34228.0
cpv,2007,33001.0
cpv,2008,31777.0
cpv,2009,30699.0
cpv,2010,30006.0
cpv,2011,29594.0
cpv,2012,30052.0
cpv,2013,30758.0
cpv,2014,31497.0
cpv,2015,31657.0
cpv,2016,31883.0
cri,1970,117071.0
cri,1971,117142.0
cri,1972,116430.0
cri,1973,115245.0
cri,1974,113973.0
cri,1975,113109.0
cri,1976,111898.0
cri,1977,110613.0
cri,1978,109874.0
cri,1979,110441.0
cri,1980,113127.0
cri,1981,117565.0
cri,1982,123399.0
cri,1983,129718.0
cri,1984,135247.0
cri,1985,138500.0
cri,1986,142493.0
cri,1987,146053.0
cri,1988,149267.0
cri,1989,152337.0
cri,1990,155482.0
cri,1991,157790.0
cri,1992,159607.0
cri,1993,160998.0
cri,1994,162045.0
cri,1995,162883.0
cri,1996,163278.0
cri,1997,81690.0
cri,1998,162546.0
cri,1999,161631.0
cri,2000,160575.0
cri,2001,159774.0
cri,2002,158675.0
cri,2003,157177.0
cri,2004,155121.0
cri,2005,152329.0
cri,2006,149332.0
cri,2007,146000.0
cri,2008,142889.0
cri,2009,140723.0
cri,2010,140320.0
cri,2011,141114.0
cri,2012,142747.0
cri,2013,218065.0
cri,2014,216735.0
cri,2015,215485.0
cri,2016,213488.0
cub,1970,258558.0
cub,1971,263335.0
cub,1972,263253.0
cub,1973,256595.0
cub,1974,246395.0
cub,1975,237210.0
cub,1976,234225.0
cub,1977,231023.0
cub,1978,228833.0
cub,1979,226066.0
cub,1980,220275.0
cub,1981,208873.0
cub,1982,194101.0
cub,1983,176116.0
cub,1984,158045.0
cub,1985,143922.0
cub,1986,138243.0
cub,1987,138416.0
cub,1988,143842.0
cub,1989,152269.0
cub,1990,160355.0
cub,1991,163897.0
cub,1992,169274.0
cub,1993,174752.0
cub,1994,179422.0
cub,1995,182244.0
cub,1996,182080.0
cub,1997,178146.0
cub,1998,171104.0
cub,1999,463652.0
cub,2000,457085.0
cub,2001,449841.0
cub,2002,445533.0
cub,2003,444647.0
cub,2004,444275.0
cub,2005,435564.0
cub,2006,427663.0
cub,2007,417394.0
cub,2008,407142.0
cub,2009,397708.0
cub,2010,391658.0
cub,2011,385572.0
cub,2012,377870.0
cub,2013,370537.0
cub,2014,364095.0
cub,2015,360318.0
cub,2016,356566.0
cuw,2011,3764.0
cuw,2012,3735.0
cuw,2013,3690.0
cuw,2014,3658.0
cuw,2015,3675.0
cuw,2016,3780.0
cym,1970,258.0
cyp,1970,49529.0
cyp,1971,47930.0
cyp,1972,47418.0
cyp,1973,47202.0
cyp,1974,47057.0
cyp,1975,47162.0
cyp,1976,47208.0
cyp,1977,46540.0
cyp,1978,45903.0
cyp,1979,45625.0
cyp,1980,45344.0
cyp,1981,45115.0
cyp,1982,46154.0
cyp,1983,47068.0
cyp,1984,47341.0
cyp,1985,47593.0
cyp,1986,48324.0
cyp,1987,50410.0
cyp,1988,52648.0
cyp,1989,53903.0
cyp,1990,55022.0
cyp,1991,56076.0
cyp,1992,56086.0
cyp,1993,42278.0
cyp,1994,42724.0
cyp,1995,43458.0
cyp,1996,43625.0
cyp,1997,43248.0
cyp,1998,32521.0
cyp,1999,31115.0
cyp,2000,30375.0
cyp,2001,29394.0
cyp,2002,28644.0
cyp,2003,27191.0
cyp,2004,26212.0
cyp,2005,25481.0
cyp,2006,24815.0
cyp,2007,24505.0
cyp,2008,24730.0
cyp,2009,25274.0
cyp,2010,26634.0
cyp,2011,27096.0
cyp,2012,28389.0
cyp,2013,29009.0
cyp,2014,29532.0
cyp,2015,29349.0
cze,1970,408812.0
cze,1971,408492.0
cze,1972,408006.0
cze,1973,408997.0
cze,1974,413822.0
cze,1975,430346.0
cze,1976,448011.0
cze,1977,474829.0
cze,1978,504419.0
cze,1979,531289.0
cze,1980,541569.0
cze,1981,546899.0
cze,1982,547268.0
cze,1983,540912.0
cze,1984,528514.0
cze,1985,510903.0
cze,1986,490849.0
cze,1987,456068.0
cze,1988,417298.0
cze,1989,382381.0
cze,1990,372615.0
cze,1991,364860.0
cze,1992,370054.0
cze,1993,381720.0
cze,1994,393241.0
cze,1995,385512.0
cze,1996,377876.0
cze,1997,369206.0
cze,1998,358057.0
cze,1999,344780.0
cze,2000,330188.0
cze,2001,315106.0
cze,2002,292303.0
cze,2003,268757.0
cze,2004,249400.0
cze,2005,247204.0
cze,2006,248962.0
cze,2007,260528.0
cze,2008,278348.0
cze,2009,298252.0
cze,2010,309109.0
cze,2011,319701.0
cze,2012,332087.0
cze,2013,342845.0
cze,2014,350464.0
cze,2015,350968.0
cze,2016,349522.0
deu,1970,3876767.0
deu,1971,3842603.0
deu,1972,3786292.0
deu,1973,3697424.0
deu,1974,3575594.0
deu,1975,3413043.0
deu,1976,3236478.0
deu,1977,2964479.0
deu,1978,2671381.0
deu,1979,2407797.0
deu,1980,2308324.0
deu,1981,2229666.0
deu,1982,2245727.0
deu,1983,2314379.0
deu,1984,2398577.0
deu,1985,2383043.0
deu,1986,2396512.0
deu,1987,2439909.0
deu,1988,2489312.0
deu,1989,2540616.0
deu,1990,2591442.0
deu,1991,2633575.0
deu,1992,2661709.0
deu,1993,2675486.0
deu,1994,2674384.0
deu,1995,2660099.0
deu,1996,2630818.0
deu,1997,2549179.0
deu,1998,2450842.0
deu,1999,2357265.0
deu,2000,2328218.0
deu,2001,2297321.0
deu,2002,2307438.0
deu,2003,2329387.0
deu,2004,2345431.0
deu,2005,2300358.0
deu,2006,2259075.0
deu,2007,2206616.0
deu,2008,2148207.0
deu,2009,2093448.0
deu,2010,2068415.0
deu,2011,2046467.0
deu,2012,2024795.0
deu,2013,2011791.0
deu,2014,2006400.0
deu,2015,2006697.0
deu,2016,2011162.0
dji,1970,10074.0
dji,1971,10762.0
dji,1972,11514.0
dji,1973,12250.0
dji,1974,13061.0
dji,1975,14059.0
dji,1976,15319.0
dji,1977,16904.0
dji,1978,18631.0
dji,1979,20358.0
dji,1980,21932.0
dji,1981,23307.0
dji,1982,24742.0
dji,1983,25969.0
dji,1984,26993.0
dji,1985,27810.0
dji,1986,28264.0
dji,1987,29192.0
dji,1988,30127.0
dji,1989,31230.0
dji,1990,32796.0
dji,1991,35269.0
dji,1992,37739.0
dji,1993,40352.0
dji,1994,42656.0
dji,1995,44033.0
dji,1996,43738.0
dji,1997,43521.0
dji,1998,42705.0
dji,1999,41591.0
dji,2000,40621.0
dji,2001,40319.0
dji,2002,39824.0
dji,2003,39319.0
dji,2004,38841.0
dji,2005,38417.0
dji,2006,38074.0
dji,2007,38155.0
dji,2008,38399.0
dji,2009,38671.0
dji,2010,38788.0
dji,2011,38534.0
dji,2012,38739.0
dji,2013,38897.0
dji,2014,39022.0
dji,2015,39158.0
dji,2016,39357.0
dma,1970,3920.0
dma,1971,4008.0
dma,1972,4273.0
dma,1973,4565.0
dma,1974,4786.0
dma,1975,4588.0
dma,1976,4496.0
dma,1977,4219.0
dma,1978,3913.0
dma,1979,3668.0
dma,1980,3807.0
dma,1981,3804.0
dma,1982,3802.0
dma,1983,3835.0
dma,1984,3858.0
dma,1985,3736.0
dma,1986,3627.0
dma,1987,3465.0
dma,1988,3281.0
dma,1989,3093.0
dma,1990,2940.0
dma,1991,2809.0
dma,1992,2597.0
dma,1993,2426.0
dma,1994,2330.0
dma,1995,2474.0
dma,1996,2554.0
dma,1997,2772.0
dma,1998,2985.0
dma,1999,3122.0
dma,2000,2919.0
dma,2001,2805.0
dma,2002,2631.0
dma,2003,2437.0
dma,2004,2253.0
dma,2005,2184.0
dma,2006,2081.0
dma,2007,1985.0
dma,2008,1902.0
dma,2009,1841.0
dma,2010,1803.0
dma,2011,1790.0
dma,2012,1825.0
dma,2013,1884.0
dma,2014,1944.0
dma,2015,1948.0
dma,2016,1974.0
dnk,1970,79499.0
dnk,1971,79797.0
dnk,1972,79662.0
dnk,1973,79022.0
dnk,1974,78045.0
dnk,1975,76985.0
dnk,1976,76161.0
dnk,1977,75185.0
dnk,1978,74060.0
dnk,1979,72766.0
dnk,1980,71261.0
dnk,1981,71311.0
dnk,1982,69450.0
dnk,1983,67317.0
dnk,1984,65027.0
dnk,1985,62694.0
dnk,1986,60465.0
dnk,1987,58361.0
dnk,1988,56234.0
dnk,1989,54330.0
dnk,1990,52893.0
dnk,1991,52227.0
dnk,1992,52631.0
dnk,1993,228665.0
dnk,1994,239808.0
dnk,1995,247763.0
dnk,1996,255449.0
dnk,1997,263380.0
dnk,1998,270613.0
dnk,1999,276546.0
dnk,2000,280079.0
dnk,2001,281937.0
dnk,2002,279828.0
dnk,2003,275307.0
dnk,2004,270021.0
dnk,2005,267765.0
dnk,2006,265778.0
dnk,2007,263496.0
dnk,2008,261794.0
dnk,2009,260642.0
dnk,2010,259948.0
dnk,2011,194221.0
dnk,2012,195470.0
dnk,2013,197161.0
dnk,2014,198258.0
dnk,2015,195599.0
dnk,2016,192803.0
dom,1970,605920.0
dom,1971,614436.0
dom,1972,623858.0
dom,1973,632314.0
dom,1974,639847.0
dom,1975,646391.0
dom,1976,652609.0
dom,1977,660147.0
dom,1978,667656.0
dom,1979,674856.0
dom,1980,680779.0
dom,1981,686797.0
dom,1982,693310.0
dom,1983,699777.0
dom,1984,706681.0
dom,1985,715377.0
dom,1986,724386.0
dom,1987,735283.0
dom,1988,747358.0
dom,1989,759239.0
dom,1990,767559.0
dom,1991,775189.0
dom,1992,781026.0
dom,1993,785495.0
dom,1994,789530.0
dom,1995,599730.0
dom,1996,604068.0
dom,1997,609059.0
dom,1998,614102.0
dom,1999,618193.0
dom,2000,618097.0
dom,2001,617931.0
dom,2002,615183.0
dom,2003,611483.0
dom,2004,608661.0
dom,2005,612036.0
dom,2006,615505.0
dom,2007,621702.0
dom,2008,629471.0
dom,2009,636929.0
dom,2010,638763.0
dom,2011,640371.0
dom,2012,640382.0
dom,2013,639326.0
dom,2014,637913.0
dom,2015,638583.0
dom,2016,638350.0
dza,1970,964140.0
dza,1971,979566.0
dza,1972,1005944.0
dza,1973,1029532.0
dza,1974,1051561.0
dza,1975,1074213.0
dza,1976,1099832.0
dza,1977,1136630.0
dza,1978,1175692.0
dza,1979,1214825.0
dza,1980,1251194.0
dza,1981,1281369.0
dza,1982,1323875.0
dza,1983,1367382.0
dza,1984,1409102.0
dza,1985,1445811.0
dza,1986,1474043.0
dza,1987,1506378.0
dza,1988,1534716.0
dza,1989,1557915.0
dza,1990,1574920.0
dza,1991,1584759.0
dza,1992,1592686.0
dza,1993,1593730.0
dza,1994,1587870.0
dza,1995,1575510.0
dza,1996,1557291.0
dza,1997,1534741.0
dza,1998,1506101.0
dza,1999,1470883.0
dza,2000,1428467.0
dza,2001,1378781.0
dza,2002,1320664.0
dza,2003,1257923.0
dza,2004,1199261.0
dza,2005,1155493.0
dza,2006,572774.0
dza,2007,566834.0
dza,2008,568596.0
dza,2009,578147.0
dza,2010,595154.0
dza,2011,618631.0
dza,2012,657624.0
dza,2013,707021.0
dza,2014,760694.0
dza,2015,810291.0
eap,1970,112123328.0
eap,1971,115955992.0
eap,1972,120440464.0
eap,1973,124612624.0
eap,1974,127887328.0
eap,1975,129203944.0
eap,1976,129179664.0
eap,1977,127698176.0
eap,1978,124696800.0
eap,1979,120781288.0
eap,1980,117131176.0
eap,1981,113434008.0
eap,1982,108854704.0
eap,1983,103985872.0
eap,1984,99765936.0
eap,1985,98017904.0
eap,1986,97642512.0
eap,1987,99617464.0
eap,1988,103200872.0
eap,1989,107735552.0
eap,1990,111730184.0
eap,1991,115508808.0
eap,1992,121298256.0
eap,1993,127418752.0
eap,1994,132324512.0
eap,1995,132268792.0
eap,1996,130535584.0
eap,1997,124855808.0
eap,1998,91533248.0
eap,1999,84087448.0
eap,2000,80677512.0
eap,2001,77155568.0
eap,2002,73950528.0
eap,2003,71331736.0
eap,2004,69303360.0
eap,2005,67584696.0
eap,2006,66629772.0
eap,2007,67235320.0
eap,2008,68615136.0
eap,2009,70137968.0
eap,2010,70212504.0
eap,2011,70514280.0
eap,2012,71305112.0
eap,2013,71551008.0
eap,2014,71880440.0
eas,1970,118922408.0
eas,1971,122823856.0
eas,1972,127359488.0
eas,1973,131573400.0
eas,1974,134897456.0
eas,1975,136335776.0
eas,1976,136412704.0
eas,1977,135113824.0
eas,1978,132291792.0
eas,1979,128485616.0
eas,1980,124705440.0
eas,1981,120833424.0
eas,1982,115896744.0
eas,1983,110595824.0
eas,1984,105970104.0
eas,1985,104097096.0
eas,1986,103596248.0
eas,1987,105524480.0
eas,1988,109105840.0
eas,1989,113629296.0
eas,1990,117464456.0
eas,1991,121097280.0
eas,1992,126724240.0
eas,1993,132684136.0
eas,1994,137454464.0
eas,1995,137344096.0
eas,1996,135580944.0
eas,1997,129896352.0
eas,1998,96637192.0
eas,1999,89194680.0
eas,2000,85748120.0
eas,2001,82162672.0
eas,2002,78899712.0
eas,2003,76226928.0
eas,2004,74158696.0
eas,2005,72400496.0
eas,2006,71394136.0
eas,2007,71926000.0
eas,2008,73217648.0
eas,2009,74654016.0
eas,2010,75537296.0
eas,2011,75829440.0
eas,2012,76650056.0
eas,2013,76937216.0
eas,2014,77266224.0
eca,1970,22961522.0
eca,1971,22555994.0
eca,1972,22097312.0
eca,1973,21650788.0
eca,1974,21311212.0
eca,1975,21307624.0
eca,1976,21393464.0
eca,1977,21819848.0
eca,1978,22428452.0
eca,1979,23062788.0
eca,1980,23313924.0
eca,1981,23546020.0
eca,1982,23753288.0
eca,1983,23878922.0
eca,1984,23991096.0
eca,1985,24280792.0
eca,1986,24567288.0
eca,1987,24795944.0
eca,1988,25175616.0
eca,1989,25498720.0
eca,1990,25658416.0
eca,1991,25676508.0
eca,1992,25747856.0
eca,1993,25706622.0
eca,1994,25476556.0
eca,1995,24664578.0
eca,1996,23894152.0
eca,1997,22718132.0
eca,1998,21040964.0
eca,1999,20900238.0
eca,2000,20042248.0
eca,2001,19245940.0
eca,2002,18762822.0
eca,2003,18023672.0
eca,2004,17910460.0
eca,2005,17649644.0
eca,2006,17530280.0
eca,2007,17569520.0
eca,2008,17698900.0
eca,2009,17935978.0
eca,2010,18192126.0
eca,2011,18471596.0
eca,2012,18988624.0
eca,2013,18268672.0
eca,2014,18781988.0
ecs,1970,43840120.0
ecs,1971,43104328.0
ecs,1972,42454576.0
ecs,1973,41781144.0
ecs,1974,41194008.0
ecs,1975,40978160.0
ecs,1976,40937016.0
ecs,1977,41063232.0
ecs,1978,41353988.0
ecs,1979,41676120.0
ecs,1980,41665744.0
ecs,1981,41661140.0
ecs,1982,41702716.0
ecs,1983,41691044.0
ecs,1984,41679724.0
ecs,1985,41816004.0
ecs,1986,41967320.0
ecs,1987,42127944.0
ecs,1988,42446248.0
ecs,1989,42697404.0
ecs,1990,42719988.0
ecs,1991,42611564.0
ecs,1992,42567064.0
ecs,1993,42549664.0
ecs,1994,42195456.0
ecs,1995,41227012.0
ecs,1996,40270312.0
ecs,1997,38865612.0
ecs,1998,36815900.0
ecs,1999,36418808.0
ecs,2000,35312756.0
ecs,2001,34284128.0
ecs,2002,33585476.0
ecs,2003,32642072.0
ecs,2004,32355096.0
ecs,2005,31965240.0
ecs,2006,31787192.0
ecs,2007,31857188.0
ecs,2008,32067090.0
ecs,2009,32415344.0
ecs,2010,32776390.0
ecs,2011,33274324.0
ecs,2012,33980204.0
ecs,2013,33452404.0
ecs,2014,34115908.0
ecu,1970,182943.0
ecu,1971,187127.0
ecu,1972,192760.0
ecu,1973,198479.0
ecu,1974,203971.0
ecu,1975,208875.0
ecu,1976,212785.0
ecu,1977,217483.0
ecu,1978,221778.0
ecu,1979,225615.0
ecu,1980,228970.0
ecu,1981,231866.0
ecu,1982,235383.0
ecu,1983,238575.0
ecu,1984,241536.0
ecu,1985,244405.0
ecu,1986,247346.0
ecu,1987,251370.0
ecu,1988,255607.0
ecu,1989,259913.0
ecu,1990,264106.0
ecu,1991,267951.0
ecu,1992,272660.0
ecu,1993,277486.0
ecu,1994,282092.0
ecu,1995,286052.0
ecu,1996,288909.0
ecu,1997,291729.0
ecu,1998,293779.0
ecu,1999,295264.0
ecu,2000,296516.0
ecu,2001,297940.0
ecu,2002,299725.0
ecu,2003,301372.0
ecu,2004,302751.0
ecu,2005,303660.0
ecu,2006,303859.0
ecu,2007,303689.0
ecu,2008,303094.0
ecu,2009,302505.0
ecu,2010,302518.0
ecu,2011,303825.0
ecu,2012,306423.0
ecu,2013,941513.0
ecu,2014,952901.0
ecu,2015,957146.0
ecu,2016,961182.0
egy,1970,1992651.0
egy,1971,2014252.0
egy,1972,2057473.0
egy,1973,2097024.0
egy,1974,2129727.0
egy,1975,2151443.0
egy,1976,2158167.0
egy,1977,2191483.0
egy,1978,2222857.0
egy,1979,2257131.0
egy,1980,2301495.0
egy,1981,2363920.0
egy,1982,2462543.0
egy,1983,2576208.0
egy,1984,2693830.0
egy,1985,2800539.0
egy,1986,2878925.0
egy,1987,2987081.0
egy,1988,3091766.0
egy,1989,3188517.0
egy,1990,3273974.0
egy,1991,3344696.0
egy,1992,3426450.0
egy,1993,3498284.0
egy,1994,3548374.0
egy,1995,3561492.0
egy,1996,3522201.0
egy,1997,3454672.0
egy,1998,3355194.0
egy,1999,3248705.0
egy,2000,3167837.0
egy,2001,3150072.0
egy,2002,3138090.0
egy,2003,3147352.0
egy,2004,3173354.0
egy,2005,3208493.0
egy,2006,3242779.0
egy,2007,3319101.0
egy,2008,3415481.0
egy,2009,3519303.0
egy,2010,3612941.0
egy,2011,3675994.0
egy,2012,3743406.0
egy,2013,3804861.0
egy,2014,3880280.0
egy,2015,3998128.0
emu,1970,14638605.0
emu,1971,14398706.0
emu,1972,14253635.0
emu,1973,14045586.0
emu,1974,13801424.0
emu,1975,13603995.0
emu,1976,13494727.0
emu,1977,13183053.0
emu,1978,12844110.0
emu,1979,12505077.0
emu,1980,12216396.0
emu,1981,11953838.0
emu,1982,11755517.0
emu,1983,11587233.0
emu,1984,11438875.0
emu,1985,11273751.0
emu,1986,11137416.0
emu,1987,11081059.0
emu,1988,11050527.0
emu,1989,11023578.0
emu,1990,10943687.0
emu,1991,10862228.0
emu,1992,10798210.0
emu,1993,10706866.0
emu,1994,10639204.0
emu,1995,10540462.0
emu,1996,10428969.0
emu,1997,10276715.0
emu,1998,10050055.0
emu,1999,9897364.0
emu,2000,9796786.0
emu,2001,9716675.0
emu,2002,9690203.0
emu,2003,9683429.0
emu,2004,9688259.0
emu,2005,9656786.0
emu,2006,9662403.0
emu,2007,9714265.0
emu,2008,9775609.0
emu,2009,9834069.0
emu,2010,9863981.0
emu,2011,10062582.0
emu,2012,10086088.0
emu,2013,10093358.0
emu,2014,10079655.0
eri,1970,108358.0
eri,1971,110965.0
eri,1972,114711.0
eri,1973,118621.0
eri,1974,122551.0
eri,1975,126320.0
eri,1976,129741.0
eri,1977,134196.0
eri,1978,138642.0
eri,1979,143021.0
eri,1980,147264.0
eri,1981,151305.0
eri,1982,156407.0
eri,1983,161431.0
eri,1984,166402.0
eri,1985,171356.0
eri,1986,176274.0
eri,1987,183290.0
eri,1988,190637.0
eri,1989,197506.0
eri,1990,202909.0
eri,1991,206047.0
eri,1992,212365.0
eri,1993,217123.0
eri,1994,220360.0
eri,1995,222326.0
eri,1996,223051.0
eri,1997,220617.0
eri,1998,217701.0
eri,1999,214967.0
eri,2000,213089.0
eri,2001,213070.0
eri,2002,213452.0
eri,2003,215432.0
eri,2004,218744.0
eri,2005,223037.0
eri,2006,227991.0
eri,2007,237362.0
eri,2008,248371.0
eri,2009,259974.0
eri,2010,271045.0
eri,2011,280075.0
eri,2012,289264.0
eri,2013,306496.0
eri,2014,313066.0
eri,2015,318409.0
eri,2016,322431.0
esp,1970,1953392.0
esp,1971,1960948.0
esp,1972,1955705.0
esp,1973,1947664.0
esp,1974,1941215.0
esp,1975,1948893.0
esp,1976,1955687.0
esp,1977,1971445.0
esp,1978,1988232.0
esp,1979,1998991.0
esp,1980,1985734.0
esp,1981,1964391.0
esp,1982,1944035.0
esp,1983,1914557.0
esp,1984,1872839.0
esp,1985,1809506.0
esp,1986,1738961.0
esp,1987,1641915.0
esp,1988,1534525.0
esp,1989,1431291.0
esp,1990,1369546.0
esp,1991,1313289.0
esp,1992,1276705.0
esp,1993,1252510.0
esp,1994,1234356.0
esp,1995,1202848.0
esp,1996,1178743.0
esp,1997,1168746.0
esp,1998,1163574.0
esp,1999,1160538.0
esp,2000,1148328.0
esp,2001,1145962.0
esp,2002,1146927.0
esp,2003,1151089.0
esp,2004,1161908.0
esp,2005,1190116.0
esp,2006,1223918.0
esp,2007,1277378.0
esp,2008,1337530.0
esp,2009,1395150.0
esp,2010,1431110.0
esp,2011,1452927.0
esp,2012,1472980.0
esp,2013,1479322.0
esp,2014,1471727.0
esp,2015,1446419.0
esp,2016,1416192.0
est,1970,59677.0
est,1971,59684.0
est,1972,59246.0
est,1973,58874.0
est,1974,58832.0
est,1975,59941.0
est,1976,61007.0
est,1977,62801.0
est,1978,64774.0
est,1979,66531.0
est,1980,66868.0
est,1981,67195.0
est,1982,66682.0
est,1983,65875.0
est,1984,65256.0
est,1985,66158.0
est,1986,67142.0
est,1987,68505.0
est,1988,70077.0
est,1989,71476.0
est,1990,72191.0
est,1991,71740.0
est,1992,71017.0
est,1993,69549.0
est,1994,90113.0
est,1995,85412.0
est,1996,80646.0
est,1997,74147.0
est,1998,67233.0
est,1999,60769.0
est,2000,57102.0
est,2001,53992.0
est,2002,51168.0
est,2003,49085.0
est,2004,47730.0
est,2005,46891.0
est,2006,46833.0
est,2007,48273.0
est,2008,50656.0
est,2009,53430.0
est,2010,55356.0
est,2011,57176.0
est,2012,59178.0
est,2013,61123.0
est,2014,62704.0
est,2015,63218.0
est,2016,63283.0
eth,1970,2591010.0
eth,1971,2650129.0
eth,1972,2744922.0
eth,1973,2834381.0
eth,1974,2916082.0
eth,1975,2987942.0
eth,1976,3051764.0
eth,1977,3128446.0
eth,1978,3206010.0
eth,1979,3283248.0
eth,1980,3358997.0
eth,1981,3427521.0
eth,1982,3539366.0
eth,1983,3648480.0
eth,1984,3754195.0
eth,1985,3855102.0
eth,1986,3953070.0
eth,1987,4104711.0
eth,1988,4264923.0
eth,1989,4427327.0
eth,1990,4585324.0
eth,1991,4730736.0
eth,1992,4936725.0
eth,1993,5129984.0
eth,1994,5305267.0
eth,1995,5455273.0
eth,1996,5576908.0
eth,1997,5764952.0
eth,1998,5955306.0
eth,1999,6144529.0
eth,2000,6330306.0
eth,2001,6506508.0
eth,2002,6757472.0
eth,2003,7022289.0
eth,2004,7276495.0
eth,2005,7490464.0
eth,2006,7632295.0
eth,2007,7775706.0
eth,2008,7881757.0
eth,2009,7959120.0
eth,2010,8020070.0
eth,2011,8080996.0
eth,2012,8141387.0
eth,2013,8189000.0
eth,2014,8231436.0
eth,2015,8277268.0
eth,2016,8336363.0
euu,1970,22101116.0
euu,1971,21810004.0
euu,1972,21742732.0
euu,1973,21684144.0
euu,1974,21605516.0
euu,1975,21446730.0
euu,1976,21362954.0
euu,1977,21054392.0
euu,1978,20690446.0
euu,1979,20323594.0
euu,1980,20077656.0
euu,1981,19851220.0
euu,1982,19715280.0
euu,1983,19613892.0
euu,1984,19517032.0
euu,1985,19334204.0
euu,1986,19163704.0
euu,1987,19028592.0
euu,1988,18880148.0
euu,1989,18720410.0
euu,1990,18547748.0
euu,1991,18373772.0
euu,1992,18256696.0
euu,1993,18291840.0
euu,1994,18167184.0
euu,1995,17931202.0
euu,1996,17655724.0
euu,1997,17297200.0
euu,1998,16829728.0
euu,1999,16423530.0
euu,2000,16102353.0
euu,2001,15811550.0
euu,2002,15583596.0
euu,2003,15396377.0
euu,2004,15250023.0
euu,2005,15109065.0
euu,2006,15042025.0
euu,2007,15068111.0
euu,2008,15141288.0
euu,2009,15244814.0
euu,2010,15351210.0
euu,2011,15569090.0
euu,2012,15760190.0
euu,2013,15745423.0
euu,2014,15893436.0
fin,1970,153571.0
fin,1971,150941.0
fin,1972,148162.0
fin,1973,145142.0
fin,1974,141900.0
fin,1975,138454.0
fin,1976,262196.0
fin,1977,253586.0
fin,1978,244555.0
fin,1979,236912.0
fin,1980,234875.0
fin,1981,234793.0
fin,1982,241306.0
fin,1983,251215.0
fin,1984,261510.0
fin,1985,264822.0
fin,1986,267029.0
fin,1987,266387.0
fin,1988,263595.0
fin,1989,259904.0
fin,1990,258376.0
fin,1991,256931.0
fin,1992,254397.0
fin,1993,251685.0
fin,1994,249588.0
fin,1995,250375.0
fin,1996,251228.0
fin,1997,254777.0
fin,1998,259369.0
fin,1999,263089.0
fin,2000,260909.0
fin,2001,257739.0
fin,2002,250731.0
fin,2003,241618.0
fin,2004,232575.0
fin,2005,228908.0
fin,2006,226229.0
fin,2007,225537.0
fin,2008,226597.0
fin,2009,228694.0
fin,2010,229808.0
fin,2011,231681.0
fin,2012,235499.0
fin,2013,240395.0
fin,2014,245364.0
fin,2015,248302.0
fin,2016,250350.0
fji,1970,46342.0
fji,1971,46169.0
fji,1972,45864.0
fji,1973,45513.0
fji,1974,45215.0
fji,1975,45159.0
fji,1976,46432.0
fji,1977,47667.0
fji,1978,48774.0
fji,1979,49215.0
fji,1980,50173.0
fji,1981,52666.0
fji,1982,55550.0
fji,1983,58280.0
fji,1984,59755.0
fji,1985,60625.0
fji,1986,61001.0
fji,1987,60943.0
fji,1988,60600.0
fji,1989,60203.0
fji,1990,59806.0
fji,1991,58959.0
fji,1992,57985.0
fji,1993,57095.0
fji,1994,56798.0
fji,1995,56688.0
fji,1996,57657.0
fji,1997,58841.0
fji,1998,59859.0
fji,1999,59842.0
fji,2000,59462.0
fji,2001,57286.0
fji,2002,54923.0
fji,2003,52751.0
fji,2004,51656.0
fji,2005,50776.0
fji,2006,50928.0
fji,2007,51200.0
fji,2008,51463.0
fji,2009,51196.0
fji,2010,51227.0
fji,2011,52325.0
fji,2012,53395.0
fji,2013,54218.0
fji,2014,54198.0
fji,2015,54058.0
fji,2016,53555.0
fra,1970,2574392.0
fra,1971,2565817.0
fra,1972,2542984.0
fra,1973,2513973.0
fra,1974,2485987.0
fra,1975,2485572.0
fra,1976,2474315.0
fra,1977,2472805.0
fra,1978,2469988.0
fra,1979,2457202.0
fra,1980,2402884.0
fra,1981,2352836.0
fra,1982,2275386.0
fra,1983,2190302.0
fra,1984,2118919.0
fra,1985,2122088.0
fra,1986,2131483.0
fra,1987,2190892.0
fra,1988,2270103.0
fra,1989,2344589.0
fra,1990,2342933.0
fra,1991,2340978.0
fra,1992,2324271.0
fra,1993,2293257.0
fra,1994,2257447.0
fra,1995,2245778.0
fra,1996,2229141.0
fra,1997,2204216.0
fra,1998,2178764.0
fra,1999,2158098.0
fra,2000,2154137.0
fra,2001,2157343.0
fra,2002,2179198.0
fra,2003,2207802.0
fra,2004,2237158.0
fra,2005,2250363.0
fra,2006,2265784.0
fra,2007,2292403.0
fra,2008,2316949.0
fra,2009,2337581.0
fra,2010,2349004.0
fra,2011,2357249.0
fra,2012,2368778.0
fra,2013,2374402.0
fra,2014,2374752.0
fra,2015,2372933.0
fra,2016,2369159.0
fsm,1970,3935.0
fsm,1971,3996.0
fsm,1972,4100.0
fsm,1973,4188.0
fsm,1974,4267.0
fsm,1975,4342.0
fsm,1976,4409.0
fsm,1977,4481.0
fsm,1978,4577.0
fsm,1979,4690.0
fsm,1980,4816.0
fsm,1981,4956.0
fsm,1982,5014.0
fsm,1983,5051.0
fsm,1984,5089.0
fsm,1985,5164.0
fsm,1986,5306.0
fsm,1987,5516.0
fsm,1988,5752.0
fsm,1989,5975.0
fsm,1990,6135.0
fsm,1991,6170.0
fsm,1992,6240.0
fsm,1993,6259.0
fsm,1994,6244.0
fsm,1995,6228.0
fsm,1996,6260.0
fsm,1997,6204.0
fsm,1998,9233.0
fsm,1999,9066.0
fsm,2000,8836.0
fsm,2001,8628.0
fsm,2002,8655.0
fsm,2003,8671.0
fsm,2004,8629.0
fsm,2005,8380.0
fsm,2006,8150.0
fsm,2007,7998.0
fsm,2008,7823.0
fsm,2009,7636.0
fsm,2010,7446.0
fsm,2011,7284.0
fsm,2012,7147.0
fsm,2013,7035.0
fsm,2014,6946.0
fsm,2015,6851.0
fsm,2016,6796.0
gab,1970,43800.0
gab,1971,45270.0
gab,1972,47466.0
gab,1973,49605.0
gab,1974,51571.0
gab,1975,52950.0
gab,1976,54444.0
gab,1977,56215.0
gab,1978,57897.0
gab,1979,59543.0
gab,1980,61253.0
gab,1981,63103.0
gab,1982,65385.0
gab,1983,67718.0
gab,1984,70050.0
gab,1985,72172.0
gab,1986,74454.0
gab,1987,77202.0
gab,1988,79990.0
gab,1989,82702.0
gab,1990,85042.0
gab,1991,87356.0
gab,1992,89865.0
gab,1993,92227.0
gab,1994,94417.0
gab,1995,96349.0
gab,1996,98216.0
gab,1997,100118.0
gab,1998,101866.0
gab,1999,103476.0
gab,2000,105008.0
gab,2001,106428.0
gab,2002,108087.0
gab,2003,109633.0
gab,2004,111048.0
gab,2005,112135.0
gab,2006,113352.0
gab,2007,114706.0
gab,2008,116062.0
gab,2009,117573.0
gab,2010,119586.0
gab,2011,121854.0
gab,2012,124904.0
gab,2013,128197.0
gab,2014,131496.0
gab,2015,134207.0
gab,2016,136859.0
gbr,1970,1966175.0
gbr,1971,1949416.0
gbr,1972,1906443.0
gbr,1973,1845099.0
gbr,1974,1775736.0
gbr,1975,1729657.0
gbr,1976,1670245.0
gbr,1977,1598068.0
gbr,1978,1523781.0
gbr,1979,1454956.0
gbr,1980,1408646.0
gbr,1981,1370361.0
gbr,1982,1345997.0
gbr,1983,1333571.0
gbr,1984,1332288.0
gbr,1985,1339047.0
gbr,1986,1355868.0
gbr,1987,1399995.0
gbr,1988,1451881.0
gbr,1989,1500383.0
gbr,1990,1510435.0
gbr,1991,1527736.0
gbr,1992,1536550.0
gbr,1993,1539104.0
gbr,1994,1538425.0
gbr,1995,1547927.0
gbr,1996,1546631.0
gbr,1997,1535873.0
gbr,1998,1520029.0
gbr,1999,1500774.0
gbr,2000,1481526.0
gbr,2001,1461395.0
gbr,2002,1434368.0
gbr,2003,1408120.0
gbr,2004,1386392.0
gbr,2005,1377024.0
gbr,2006,1374288.0
gbr,2007,1372527.0
gbr,2008,1375871.0
gbr,2009,1388288.0
gbr,2010,1424334.0
gbr,2011,1459791.0
gbr,2012,1533271.0
gbr,2013,1611840.0
gbr,2014,1677899.0
gbr,2015,1671706.0
gbr,2016,1678554.0
geo,1970,303526.0
geo,1971,296235.0
geo,1972,281467.0
geo,1973,265091.0
geo,1974,251132.0
geo,1975,251250.0
geo,1976,251231.0
geo,1977,254758.0
geo,1978,260458.0
geo,1979,265735.0
geo,1980,262133.0
geo,1981,260180.0
geo,1982,260528.0
geo,1983,260685.0
geo,1984,261085.0
geo,1985,263431.0
geo,1986,265852.0
geo,1987,270304.0
geo,1988,275160.0
geo,1989,278976.0
geo,1990,278716.0
geo,1991,276091.0
geo,1992,273785.0
geo,1993,270229.0
geo,1994,265371.0
geo,1995,259262.0
geo,1996,251604.0
geo,1997,238983.0
geo,1998,224536.0
geo,1999,209425.0
geo,2000,196673.0
geo,2001,183850.0
geo,2002,169908.0
geo,2003,155679.0
geo,2004,142432.0
geo,2005,132717.0
geo,2006,125645.0
geo,2007,127849.0
geo,2008,132276.0
geo,2009,137033.0
geo,2010,136489.0
geo,2011,137405.0
geo,2012,142369.0
geo,2013,148272.0
geo,2014,153856.0
geo,2015,155299.0
geo,2016,157231.0
gha,1970,558457.0
gha,1971,571487.0
gha,1972,590293.0
gha,1973,609693.0
gha,1974,628073.0
gha,1975,643507.0
gha,1976,654771.0
gha,1977,667364.0
gha,1978,677063.0
gha,1979,685301.0
gha,1980,693901.0
gha,1981,703860.0
gha,1982,723022.0
gha,1983,744869.0
gha,1984,767638.0
gha,1985,789265.0
gha,1986,808358.0
gha,1987,831518.0
gha,1988,853422.0
gha,1989,873830.0
gha,1990,892557.0
gha,1991,909038.0
gha,1992,931944.0
gha,1993,954558.0
gha,1994,975903.0
gha,1995,994955.0
gha,1996,1010906.0
gha,1997,1031109.0
gha,1998,1049694.0
gha,1999,1066408.0
gha,2000,1080955.0
gha,2001,1092894.0
gha,2002,1108229.0
gha,2003,1122330.0
gha,2004,1137008.0
gha,2005,1154852.0
gha,2006,1178907.0
gha,2007,1209749.0
gha,2008,1243620.0
gha,2009,1277887.0
gha,2010,1308862.0
gha,2011,1332474.0
gha,2012,1365421.0
gha,2013,1397628.0
gha,2014,1429625.0
gha,2015,1462647.0
gha,2016,1497771.0
gib,2002,328.0
gin,1970,355318.0
gin,1971,355677.0
gin,1972,360826.0
gin,1973,364512.0
gin,1974,366671.0
gin,1975,367337.0
gin,1976,366560.0
gin,1977,372153.0
gin,1978,377965.0
gin,1979,383643.0
gin,1980,388761.0
gin,1981,392571.0
gin,1982,405000.0
gin,1983,419105.0
gin,1984,433809.0
gin,1985,447793.0
gin,1986,459966.0
gin,1987,478145.0
gin,1988,496145.0
gin,1989,514801.0
gin,1990,535185.0
gin,1991,557503.0
gin,1992,592503.0
gin,1993,630987.0
gin,1994,669500.0
gin,1995,703983.0
gin,1996,731937.0
gin,1997,759826.0
gin,1998,781687.0
gin,1999,798384.0
gin,2000,811176.0
gin,2001,820595.0
gin,2002,836838.0
gin,2003,852242.0
gin,2004,866846.0
gin,2005,880653.0
gin,2006,893443.0
gin,2007,914371.0
gin,2008,936774.0
gin,2009,959392.0
gin,2010,980664.0
gin,2011,999249.0
gin,2012,1024338.0
gin,2013,1049276.0
gin,2014,1073738.0
gin,2015,1097535.0
gin,2016,1120450.0
gmb,1970,41158.0
gmb,1971,43231.0
gmb,1972,45513.0
gmb,1973,47898.0
gmb,1974,50200.0
gmb,1975,51816.0
gmb,1976,53381.0
gmb,1977,33671.0
gmb,1978,32759.0
gmb,1979,33418.0
gmb,1980,33971.0
gmb,1981,34639.0
gmb,1982,36257.0
gmb,1983,38285.0
gmb,1984,40561.0
gmb,1985,42930.0
gmb,1986,45213.0
gmb,1987,47662.0
gmb,1988,50011.0
gmb,1989,52230.0
gmb,1990,54249.0
gmb,1991,58764.0
gmb,1992,61195.0
gmb,1993,63160.0
gmb,1994,64757.0
gmb,1995,66122.0
gmb,1996,67384.0
gmb,1997,69292.0
gmb,1998,149950.0
gmb,1999,154306.0
gmb,2000,157963.0
gmb,2001,162141.0
gmb,2002,168497.0
gmb,2003,175139.0
gmb,2004,181766.0
gmb,2005,187611.0
gmb,2006,193653.0
gmb,2007,200662.0
gmb,2008,207534.0
gmb,2009,214263.0
gmb,2010,220700.0
gmb,2011,227358.0
gmb,2012,234947.0
gmb,2013,242461.0
gmb,2014,249910.0
gmb,2015,257293.0
gmb,2016,264784.0
gnb,1970,57892.0
gnb,1971,58528.0
gnb,1972,60121.0
gnb,1973,61692.0
gnb,1974,63176.0
gnb,1975,64511.0
gnb,1976,65642.0
gnb,1977,67653.0
gnb,1978,69657.0
gnb,1979,71578.0
gnb,1980,73323.0
gnb,1981,74793.0
gnb,1982,77201.0
gnb,1983,79558.0
gnb,1984,81873.0
gnb,1985,84183.0
gnb,1986,86528.0
gnb,1987,90047.0
gnb,1988,93777.0
gnb,1989,97338.0
gnb,1990,100252.0
gnb,1991,102000.0
gnb,1992,104393.0
gnb,1993,106193.0
gnb,1994,107576.0
gnb,1995,108805.0
gnb,1996,110202.0
gnb,1997,112602.0
gnb,1998,115055.0
gnb,1999,117333.0
gnb,2000,119138.0
gnb,2001,120161.0
gnb,2002,122152.0
gnb,2003,123906.0
gnb,2004,125451.0
gnb,2005,126857.0
gnb,2006,128211.0
gnb,2007,130724.0
gnb,2008,133339.0
gnb,2009,135941.0
gnb,2010,138380.0
gnb,2011,145111.0
gnb,2012,148732.0
gnb,2013,152386.0
gnb,2014,155902.0
gnb,2015,158807.0
gnb,2016,156806.0
gnq,1970,24322.0
gnq,1971,24145.0
gnq,1972,24907.0
gnq,1973,25219.0
gnq,1974,24990.0
gnq,1975,23798.0
gnq,1976,22695.0
gnq,1977,21284.0
gnq,1978,19862.0
gnq,1979,18636.0
gnq,1980,17743.0
gnq,1981,17658.0
gnq,1982,17123.0
gnq,1983,17248.0
gnq,1984,18009.0
gnq,1985,19742.0
gnq,1986,21629.0
gnq,1987,24686.0
gnq,1988,27959.0
gnq,1989,31110.0
gnq,1990,33276.0
gnq,1991,35474.0
gnq,1992,38059.0
gnq,1993,40511.0
gnq,1994,42686.0
gnq,1995,44194.0
gnq,1996,45517.0
gnq,1997,46470.0
gnq,1998,61867.0
gnq,1999,62581.0
gnq,2000,63758.0
gnq,2001,64993.0
gnq,2002,66571.0
gnq,2003,68218.0
gnq,2004,69850.0
gnq,2005,71166.0
gnq,2006,72562.0
gnq,2007,54932.0
gnq,2008,56260.0
gnq,2009,57604.0
gnq,2010,59000.0
gnq,2011,60479.0
gnq,2012,62401.0
gnq,2013,64471.0
gnq,2014,66575.0
gnq,2015,68564.0
gnq,2016,70268.0
grc,1970,279186.0
grc,1971,283027.0
grc,1972,290212.0
grc,1973,298933.0
grc,1974,306434.0
grc,1975,308924.0
grc,1976,301846.0
grc,1977,294280.0
grc,1978,284153.0
grc,1979,274026.0
grc,1980,267530.0
grc,1981,269192.0
grc,1982,273019.0
grc,1983,278540.0
grc,1984,283641.0
grc,1985,285468.0
grc,1986,280534.0
grc,1987,277180.0
grc,1988,270810.0
grc,1989,261866.0
grc,1990,251072.0
grc,1991,239322.0
grc,1992,232326.0
grc,1993,225471.0
grc,1994,219060.0
grc,1995,213499.0
grc,1996,209360.0
grc,1997,209388.0
grc,1998,210714.0
grc,1999,212386.0
grc,2000,213116.0
grc,2001,211322.0
grc,2002,211759.0
grc,2003,211615.0
grc,2004,211093.0
grc,2005,210531.0
grc,2006,210323.0
grc,2007,210843.0
grc,2008,212063.0
grc,2009,213794.0
grc,2010,215755.0
grc,2011,217669.0
grc,2012,218879.0
grc,2013,329994.0
grc,2014,328801.0
grc,2015,325776.0
grc,2016,322032.0
grd,1970,6370.0
grd,1971,6023.0
grd,1972,5419.0
grd,1973,4836.0
grd,1974,4395.0
grd,1975,4531.0
grd,1976,4526.0
grd,1977,4707.0
grd,1978,4921.0
grd,1979,5082.0
grd,1980,4794.0
grd,1981,4757.0
grd,1982,4685.0
grd,1983,4666.0
grd,1984,4713.0
grd,1985,4990.0
grd,1986,5148.0
grd,1987,5429.0
grd,1988,5709.0
grd,1989,5926.0
grd,1990,5882.0
grd,1991,5907.0
grd,1992,5861.0
grd,1993,5798.0
grd,1994,5700.0
grd,1995,5524.0
grd,1996,5324.0
grd,1997,4988.0
grd,1998,4600.0
grd,1999,4249.0
grd,2000,4219.0
grd,2001,4123.0
grd,2002,4087.0
grd,2003,4086.0
grd,2004,4079.0
grd,2005,3905.0
grd,2006,3809.0
grd,2007,3718.0
grd,2008,3634.0
grd,2009,3576.0
grd,2010,3614.0
grd,2011,3644.0
grd,2012,3747.0
grd,2013,3871.0
grd,2014,3978.0
grd,2015,3959.0
grd,2016,3972.0
gtm,1970,333452.0
gtm,1971,344231.0
gtm,1972,354738.0
gtm,1973,364912.0
gtm,1974,374746.0
gtm,1975,384347.0
gtm,1976,397184.0
gtm,1977,410349.0
gtm,1978,423532.0
gtm,1979,436374.0
gtm,1980,448437.0
gtm,1981,463216.0
gtm,1982,478205.0
gtm,1983,492977.0
gtm,1984,507143.0
gtm,1985,520258.0
gtm,1986,535171.0
gtm,1987,550325.0
gtm,1988,564705.0
gtm,1989,577032.0
gtm,1990,586003.0
gtm,1991,594139.0
gtm,1992,599044.0
gtm,1993,602685.0
gtm,1994,607516.0
gtm,1995,616410.0
gtm,1996,629474.0
gtm,1997,646370.0
gtm,1998,665123.0
gtm,1999,683278.0
gtm,2000,697778.0
gtm,2001,711556.0
gtm,2002,724189.0
gtm,2003,735646.0
gtm,2004,746079.0
gtm,2005,755794.0
gtm,2006,764580.0
gtm,2007,772003.0
gtm,2008,778101.0
gtm,2009,786440.0
gtm,2010,786440.0
gtm,2011,789260.0
gtm,2012,790312.0
gtm,2013,1188777.0
gtm,2014,1191852.0
gtm,2015,1199635.0
gtm,2016,1211928.0
guy,1970,47827.0
guy,1971,47356.0
guy,1972,45975.0
guy,1973,44476.0
guy,1974,43362.0
guy,1975,43275.0
guy,1976,44883.0
guy,1977,45642.0
guy,1978,46470.0
guy,1979,47136.0
guy,1980,47310.0
guy,1981,46692.0
guy,1982,45869.0
guy,1983,44415.0
guy,1984,42462.0
guy,1985,40216.0
guy,1986,37909.0
guy,1987,36958.0
guy,1988,35917.0
guy,1989,34668.0
guy,1990,33098.0
guy,1991,31044.0
guy,1992,31949.0
guy,1993,33071.0
guy,1994,34016.0
guy,1995,34284.0
guy,1996,33332.0
guy,1997,33971.0
guy,1998,35224.0
guy,1999,36837.0
guy,2000,38501.0
guy,2001,39881.0
guy,2002,40029.0
guy,2003,39765.0
guy,2004,39219.0
guy,2005,38585.0
guy,2006,38078.0
guy,2007,36994.0
guy,2008,35836.0
guy,2009,34600.0
guy,2010,33289.0
guy,2011,31965.0
guy,2012,29545.0
guy,2013,26983.0
guy,2014,24686.0
guy,2015,23141.0
guy,2016,22882.0
hic,1970,41588712.0
hic,1971,41101496.0
hic,1972,40582540.0
hic,1973,39994728.0
hic,1974,39435864.0
hic,1975,39163512.0
hic,1976,39017272.0
hic,1977,38921632.0
hic,1978,38862672.0
hic,1979,38749212.0
hic,1980,38350112.0
hic,1981,37969672.0
hic,1982,37572872.0
hic,1983,37158640.0
hic,1984,36806160.0
hic,1985,36686012.0
hic,1986,36612592.0
hic,1987,36766752.0
hic,1988,36979576.0
hic,1989,37161880.0
hic,1990,37055672.0
hic,1991,36955980.0
hic,1992,36860436.0
hic,1993,36841304.0
hic,1994,36645068.0
hic,1995,36479268.0
hic,1996,36320300.0
hic,1997,36362064.0
hic,1998,36803012.0
hic,1999,36663732.0
hic,2000,36371176.0
hic,2001,36038376.0
hic,2002,35616076.0
hic,2003,35161860.0
hic,2004,34768920.0
hic,2005,34591808.0
hic,2006,34508400.0
hic,2007,34692940.0
hic,2008,34948952.0
hic,2009,35210976.0
hic,2010,36147636.0
hic,2011,36405252.0
hic,2012,36766096.0
hic,2013,37497424.0
hic,2014,37771696.0
hic,2015,37767604.0
hkg,1970,308480.0
hkg,1971,295771.0
hkg,1972,277000.0
hkg,1973,256819.0
hkg,1974,239123.0
hkg,1975,233859.0
hkg,1976,231279.0
hkg,1977,234796.0
hkg,1978,243038.0
hkg,1979,252264.0
hkg,1980,252131.0
hkg,1981,251925.0
hkg,1982,250826.0
hkg,1983,247766.0
hkg,1984,244521.0
hkg,1985,246349.0
hkg,1986,247446.0
hkg,1987,251821.0
hkg,1988,256303.0
hkg,1989,259169.0
hkg,1990,255067.0
hkg,1991,250779.0
hkg,1992,241141.0
hkg,1993,230207.0
hkg,1994,220742.0
hkg,1995,220447.0
hkg,1996,220540.0
hkg,1997,226799.0
hkg,1998,233362.0
hkg,1999,237136.0
hkg,2000,229930.0
hkg,2001,220341.0
hkg,2002,209458.0
hkg,2003,195242.0
hkg,2004,179365.0
hkg,2005,164467.0
hkg,2006,151490.0
hkg,2007,141561.0
hkg,2008,134542.0
hkg,2009,131059.0
hkg,2010,133087.0
hkg,2011,137520.0
hnd,1970,272143.0
hnd,1971,281253.0
hnd,1972,290762.0
hnd,1973,300089.0
hnd,1974,308482.0
hnd,1975,315182.0
hnd,1976,323203.0
hnd,1977,330447.0
hnd,1978,337507.0
hnd,1979,345181.0
hnd,1980,354406.0
hnd,1981,366609.0
hnd,1982,380192.0
hnd,1983,394119.0
hnd,1984,407083.0
hnd,1985,417549.0
hnd,1986,429681.0
hnd,1987,441346.0
hnd,1988,452414.0
hnd,1989,462801.0
hnd,1990,472512.0
hnd,1991,482486.0
hnd,1992,491630.0
hnd,1993,500209.0
hnd,1994,508575.0
hnd,1995,517154.0
hnd,1996,526479.0
hnd,1997,535948.0
hnd,1998,544824.0
hnd,1999,552226.0
hnd,2000,557091.0
hnd,2001,560759.0
hnd,2002,562935.0
hnd,2003,565358.0
hnd,2004,563372.0
hnd,2005,560385.0
hnd,2006,555136.0
hnd,2007,548601.0
hnd,2008,541540.0
hnd,2009,535953.0
hnd,2010,529933.0
hnd,2011,524343.0
hnd,2012,518859.0
hnd,2013,513160.0
hnd,2014,505672.0
hnd,2015,499149.0
hnd,2016,492616.0
hpc,1970,18375420.0
hpc,1971,18814782.0
hpc,1972,19394672.0
hpc,1973,19948596.0
hpc,1974,20355624.0
hpc,1975,20417180.0
hpc,1976,21144492.0
hpc,1977,21612780.0
hpc,1978,22230668.0
hpc,1979,22814224.0
hpc,1980,23731732.0
hpc,1981,24489200.0
hpc,1982,25381396.0
hpc,1983,25626908.0
hpc,1984,26252584.0
hpc,1985,26824696.0
hpc,1986,27628612.0
hpc,1987,28450668.0
hpc,1988,29275128.0
hpc,1989,30073900.0
hpc,1990,30854096.0
hpc,1991,31701972.0
hpc,1992,32778922.0
hpc,1993,33812360.0
hpc,1994,35381608.0
hpc,1995,36202300.0
hpc,1996,36987904.0
hpc,1997,38011908.0
hpc,1998,41865800.0
hpc,1999,42312096.0
hpc,2000,43351336.0
hpc,2001,44495104.0
hpc,2002,45906208.0
hpc,2003,47352344.0
hpc,2004,48765936.0
hpc,2005,50035744.0
hpc,2006,51163168.0
hpc,2007,52328440.0
hpc,2008,53695352.0
hpc,2009,54983176.0
hpc,2010,56190552.0
hpc,2011,57386616.0
hpc,2012,58725720.0
hpc,2013,60030528.0
hpc,2014,61598000.0
hrv,1970,268544.0
hrv,1971,263325.0
hrv,1972,258411.0
hrv,1973,253493.0
hrv,1974,249495.0
hrv,1975,248814.0
hrv,1976,249094.0
hrv,1977,252638.0
hrv,1978,258066.0
hrv,1979,263672.0
hrv,1980,265120.0
hrv,1981,266194.0
hrv,1982,264991.0
hrv,1983,262302.0
hrv,1984,259261.0
hrv,1985,258972.0
hrv,1986,258375.0
hrv,1987,258813.0
hrv,1988,259394.0
hrv,1989,259162.0
hrv,1990,256013.0
hrv,1991,251287.0
hrv,1992,245568.0
hrv,1993,238162.0
hrv,1994,229733.0
hrv,1995,221436.0
hrv,1996,213422.0
hrv,1997,204915.0
hrv,1998,196525.0
hrv,1999,189375.0
hrv,2000,186319.0
hrv,2001,184359.0
hrv,2002,186193.0
hrv,2003,190457.0
hrv,2004,194560.0
hrv,2005,191573.0
hrv,2006,188123.0
hrv,2007,180629.0
hrv,2008,171015.0
hrv,2009,162018.0
hrv,2010,160782.0
hrv,2011,160370.0
hrv,2012,164113.0
hrv,2013,170176.0
hrv,2014,176250.0
hrv,2015,176279.0
hrv,2016,175758.0
hti,1970,412451.0
hti,1971,416558.0
hti,1972,423085.0
hti,1973,427955.0
hti,1974,431473.0
hti,1975,434053.0
hti,1976,436306.0
hti,1977,297504.0
hti,1978,301198.0
hti,1979,305504.0
hti,1980,311202.0
hti,1981,319173.0
hti,1982,331763.0
hti,1983,346234.0
hti,1984,361538.0
hti,1985,376383.0
hti,1986,598694.0
hti,1987,624687.0
hti,1988,650387.0
hti,1989,672414.0
hti,1990,681447.0
hti,1991,688259.0
hti,1992,690314.0
hti,1993,687260.0
hti,1994,682628.0
hti,1995,685717.0
hti,1996,688434.0
hti,1997,693586.0
hti,1998,699358.0
hti,1999,704812.0
hti,2000,706711.0
hti,2001,709153.0
hti,2002,714629.0
hti,2003,720122.0
hti,2004,724602.0
hti,2005,724884.0
hti,2006,725401.0
hti,2007,726299.0
hti,2008,726352.0
hti,2009,726231.0
hti,2010,727925.0
hti,2011,729576.0
hti,2012,734202.0
hti,2013,739137.0
hti,2014,742974.0
hti,2015,741438.0
hti,2016,739915.0
hun,1970,491860.0
hun,1971,492917.0
hun,1972,514971.0
hun,1973,548227.0
hun,1974,583597.0
hun,1975,597119.0
hun,1976,610850.0
hun,1977,619121.0
hun,1978,622975.0
hun,1979,626489.0
hun,1980,644188.0
hun,1981,656834.0
hun,1982,675720.0
hun,1983,693907.0
hun,1984,704007.0
hun,1985,684968.0
hun,1986,660239.0
hun,1987,609760.0
hun,1988,546158.0
hun,1989,484841.0
hun,1990,462598.0
hun,1991,447040.0
hun,1992,455190.0
hun,1993,476542.0
hun,1994,500555.0
hun,1995,499849.0
hun,1996,497728.0
hun,1997,492875.0
hun,1998,484330.0
hun,1999,472875.0
hun,2000,460919.0
hun,2001,447320.0
hun,2002,427945.0
hun,2003,406273.0
hun,2004,386153.0
hun,2005,376580.0
hun,2006,370197.0
hun,2007,371032.0
hun,2008,376715.0
hun,2009,384342.0
hun,2010,386774.0
hun,2011,389079.0
hun,2012,391219.0
hun,2013,392732.0
hun,2014,393177.0
hun,2015,391761.0
hun,2016,389389.0
idn,1970,6720458.0
idn,1971,6863341.0
idn,1972,7048811.0
idn,1973,7237609.0
idn,1974,7419044.0
idn,1975,7579518.0
idn,1976,7703948.0
idn,1977,7851018.0
idn,1978,7982086.0
idn,1979,8097735.0
idn,1980,8199361.0
idn,1981,8289013.0
idn,1982,8405034.0
idn,1983,8515354.0
idn,1984,8616043.0
idn,1985,8703103.0
idn,1986,8771938.0
idn,1987,8861419.0
idn,1988,8947372.0
idn,1989,9017698.0
idn,1990,9057771.0
idn,1991,9051827.0
idn,1992,9034098.0
idn,1993,8972799.0
idn,1994,8886271.0
idn,1995,8797294.0
idn,1996,8734204.0
idn,1997,8703608.0
idn,1998,8695156.0
idn,1999,8695742.0
idn,2000,8687349.0
idn,2001,8646387.0
idn,2002,8728199.0
idn,2003,8816336.0
idn,2004,8905964.0
idn,2005,8995223.0
idn,2006,9082808.0
idn,2007,9129089.0
idn,2008,9191827.0
idn,2009,9267723.0
idn,2010,9350602.0
idn,2011,9438394.0
idn,2012,9381690.0
idn,2013,9290021.0
idn,2014,9197750.0
idn,2015,9144625.0
idn,2016,9174791.0
ind,1970,31490248.0
ind,1971,31836122.0
ind,1972,32494288.0
ind,1973,33118470.0
ind,1974,33700136.0
ind,1975,34240160.0
ind,1976,34743112.0
ind,1977,35570288.0
ind,1978,36402984.0
ind,1979,37193140.0
ind,1980,37881292.0
ind,1981,38403552.0
ind,1982,39237220.0
ind,1983,40032944.0
ind,1984,40797208.0
ind,1985,41550320.0
ind,1986,42313952.0
ind,1987,43417476.0
ind,1988,44543312.0
ind,1989,45579680.0
ind,1990,46384336.0
ind,1991,46799972.0
ind,1992,47365368.0
ind,1993,47765000.0
ind,1994,48036940.0
ind,1995,48243648.0
ind,1996,48463152.0
ind,1997,48778648.0
ind,1998,73904312.0
ind,1999,74214000.0
ind,2000,74456720.0
ind,2001,74732368.0
ind,2002,75331168.0
ind,2003,75923160.0
ind,2004,76426536.0
ind,2005,76592352.0
ind,2006,76743392.0
ind,2007,77068808.0
ind,2008,77305384.0
ind,2009,77421024.0
ind,2010,77340040.0
ind,2011,77164816.0
ind,2012,77027096.0
ind,2013,76780944.0
ind,2014,76419768.0
ind,2015,75865352.0
irl,1970,126692.0
irl,1971,127083.0
irl,1972,126067.0
irl,1973,124100.0
irl,1974,122315.0
irl,1975,122272.0
irl,1976,125782.0
irl,1977,131475.0
irl,1978,138647.0
irl,1979,145662.0
irl,1980,150240.0
irl,1981,149780.0
irl,1982,149637.0
irl,1983,147898.0
irl,1984,145272.0
irl,1985,142841.0
irl,1986,141866.0
irl,1987,140033.0
irl,1988,137993.0
irl,1989,135520.0
irl,1990,132249.0
irl,1991,127733.0
irl,1992,122180.0
irl,1993,116141.0
irl,1994,110329.0
irl,1995,105686.0
irl,1996,103374.0
irl,1997,101158.0
irl,1998,49575.0
irl,1999,49578.0
irl,2000,49851.0
irl,2001,50227.0
irl,2002,51610.0
irl,2003,53398.0
irl,2004,55313.0
irl,2005,56982.0
irl,2006,57970.0
irl,2007,60017.0
irl,2008,62287.0
irl,2009,64633.0
irl,2010,66870.0
irl,2011,68835.0
irl,2012,70820.0
irl,2013,72284.0
irl,2014,73171.0
irl,2015,73452.0
irl,2016,145569.0
irn,1970,862075.0
irn,1971,876679.0
irn,1972,897447.0
irn,1973,918067.0
irn,1974,938594.0
irn,1975,959273.0
irn,1976,980472.0
irn,1977,1008098.0
irn,1978,1037779.0
irn,1979,1071313.0
irn,1980,1110788.0
irn,1981,1158149.0
irn,1982,1223738.0
irn,1983,1297040.0
irn,1984,1375770.0
irn,1985,1457441.0
irn,1986,1538673.0
irn,1987,1628982.0
irn,1988,1718421.0
irn,1989,1796844.0
irn,1990,1851447.0
irn,1991,1870139.0
irn,1992,1886168.0
irn,1993,1876439.0
irn,1994,1845113.0
irn,1995,1798642.0
irn,1996,1743089.0
irn,1997,1675585.0
irn,1998,1599504.0
irn,1999,1520337.0
irn,2000,1446069.0
irn,2001,1387762.0
irn,2002,1307381.0
irn,2003,1231471.0
irn,2004,1161774.0
irn,2005,1098279.0
irn,2006,1039515.0
irn,2007,1039171.0
irn,2008,1055481.0
irn,2009,1083246.0
irn,2010,1115732.0
irn,2011,1144386.0
irn,2012,1184749.0
irn,2013,1231655.0
irn,2014,1280013.0
irn,2015,1323348.0
irq,1970,622063.0
irq,1971,650623.0
irq,1972,690984.0
irq,1973,732811.0
irq,1974,772341.0
irq,1975,805001.0
irq,1976,825874.0
irq,1977,844577.0
irq,1978,856215.0
irq,1979,865080.0
irq,1980,877189.0
irq,1981,899441.0
irq,1982,925262.0
irq,1983,952621.0
irq,1984,979333.0
irq,1985,1002264.0
irq,1986,1018227.0
irq,1987,1039173.0
irq,1988,1057953.0
irq,1989,1076165.0
irq,1990,1096184.0
irq,1991,1120108.0
irq,1992,1145254.0
irq,1993,1174283.0
irq,1994,1205319.0
irq,1995,1235696.0
irq,1996,1262689.0
irq,1997,1291500.0
irq,1998,1320284.0
irq,1999,1349966.0
irq,2000,1382114.0
irq,2001,1418518.0
irq,2002,1461582.0
irq,2003,1507195.0
irq,2004,1551863.0
irq,2005,1590765.0
irq,2006,1619048.0
irq,2007,1647494.0
irq,2008,1671261.0
irq,2009,1697278.0
irq,2010,1734837.0
irq,2011,1793207.0
irq,2012,1858398.0
irq,2013,1935722.0
irq,2014,2017459.0
irq,2015,2092897.0
isl,1970,4621.0
isl,1971,4571.0
isl,1972,4511.0
isl,1973,4425.0
isl,1974,4326.0
isl,1975,4234.0
isl,1976,4169.0
isl,1977,4138.0
isl,1978,4144.0
isl,1979,4170.0
isl,1980,4198.0
isl,1981,4202.0
isl,1982,4205.0
isl,1983,4198.0
isl,1984,4183.0
isl,1985,4170.0
isl,1986,4166.0
isl,1987,4177.0
isl,1988,4195.0
isl,1989,4219.0
isl,1990,4241.0
isl,1991,12836.0
isl,1992,12859.0
isl,1993,12869.0
isl,1994,12896.0
isl,1995,13031.0
isl,1996,13154.0
isl,1997,13361.0
isl,1998,13587.0
isl,1999,13759.0
isl,2000,13668.0
isl,2001,13549.0
isl,2002,13266.0
isl,2003,12901.0
isl,2004,12553.0
isl,2005,12473.0
isl,2006,12448.0
isl,2007,12504.0
isl,2008,12639.0
isl,2009,12829.0
isl,2010,13040.0
isl,2011,13239.0
isl,2012,13585.0
isl,2013,13950.0
isl,2014,14254.0
isl,2015,14267.0
isl,2016,14246.0
isr,1970,252294.0
isr,1971,258999.0
isr,1972,266343.0
isr,1973,274910.0
isr,1974,287527.0
isr,1975,300774.0
isr,1976,313069.0
isr,1977,330232.0
isr,1978,347146.0
isr,1979,356733.0
isr,1980,363379.0
isr,1981,367936.0
isr,1982,368923.0
isr,1983,367549.0
isr,1984,368109.0
isr,1985,368519.0
isr,1986,368651.0
isr,1987,366588.0
isr,1988,364481.0
isr,1989,365820.0
isr,1990,369590.0
isr,1991,376067.0
isr,1992,385250.0
isr,1993,395848.0
isr,1994,402704.0
isr,1995,408882.0
isr,1996,415559.0
isr,1997,424954.0
isr,1998,323272.0
isr,1999,330210.0
isr,2000,339004.0
isr,2001,347230.0
isr,2002,357786.0
isr,2003,368752.0
isr,2004,379202.0
isr,2005,386025.0
isr,2006,393288.0
isr,2007,397101.0
isr,2008,400825.0
isr,2009,405309.0
isr,2010,413429.0
isr,2011,421265.0
isr,2012,432375.0
isr,2013,443252.0
isr,2014,453926.0
isr,2015,464787.0
isr,2016,475065.0
ita,1970,2789314.0
ita,1971,2788162.0
ita,1972,2764409.0
ita,1973,2724367.0
ita,1974,2678261.0
ita,1975,2658954.0
ita,1976,2627390.0
ita,1977,2597401.0
ita,1978,2560301.0
ita,1979,2510330.0
ita,1980,2425989.0
ita,1981,2339900.0
ita,1982,2244164.0
ita,1983,2140804.0
ita,1984,2039546.0
ita,1985,1965238.0
ita,1986,1896171.0
ita,1987,1845464.0
ita,1988,1806232.0
ita,1989,1774121.0
ita,1990,1734495.0
ita,1991,1703608.0
ita,1992,1690311.0
ita,1993,1683371.0
ita,1994,1678440.0
ita,1995,1664589.0
ita,1996,1651834.0
ita,1997,1644002.0
ita,1998,1635855.0
ita,1999,1627663.0
ita,2000,1617564.0
ita,2001,1612974.0
ita,2002,1604422.0
ita,2003,1597438.0
ita,2004,1594996.0
ita,2005,1608283.0
ita,2006,1621356.0
ita,2007,1640905.0
ita,2008,1660860.0
ita,2009,1677805.0
ita,2010,1682662.0
ita,2011,1683307.0
ita,2012,1687395.0
ita,2013,1687303.0
ita,2014,1680508.0
ita,2015,1659328.0
ita,2016,1635460.0
jam,1970,193799.0
jam,1971,194892.0
jam,1972,193868.0
jam,1973,192015.0
jam,1974,189580.0
jam,1975,187139.0
jam,1976,184398.0
jam,1977,180506.0
jam,1978,177056.0
jam,1979,174259.0
jam,1980,172719.0
jam,1981,171674.0
jam,1982,169590.0
jam,1983,167575.0
jam,1984,166091.0
jam,1985,166690.0
jam,1986,167164.0
jam,1987,171212.0
jam,1988,175931.0
jam,1989,179804.0
jam,1990,178199.0
jam,1991,176947.0
jam,1992,175141.0
jam,1993,172851.0
jam,1994,170700.0
jam,1995,170685.0
jam,1996,170695.0
jam,1997,171530.0
jam,1998,172538.0
jam,1999,173337.0
jam,2000,173034.0
jam,2001,172438.0
jam,2002,171791.0
jam,2003,170832.0
jam,2004,169212.0
jam,2005,166027.0
jam,2006,162302.0
jam,2007,156198.0
jam,2008,149310.0
jam,2009,142630.0
jam,2010,138798.0
jam,2011,135113.0
jam,2012,133335.0
jam,2013,132410.0
jam,2014,131578.0
jam,2015,128180.0
jam,2016,125752.0
jor,1970,105391.0
jor,1971,110584.0
jor,1972,117737.0
jor,1973,123853.0
jor,1974,129039.0
jor,1975,133593.0
jor,1976,137660.0
jor,1977,144869.0
jor,1978,151919.0
jor,1979,158222.0
jor,1980,162957.0
jor,1981,165151.0
jor,1982,167608.0
jor,1983,169687.0
jor,1984,171999.0
jor,1985,175421.0
jor,1986,181048.0
jor,1987,189223.0
jor,1988,198468.0
jor,1989,208161.0
jor,1990,217551.0
jor,1991,225501.0
jor,1992,226624.0
jor,1993,226898.0
jor,1994,227071.0
jor,1995,228289.0
jor,1996,232480.0
jor,1997,240243.0
jor,1998,247378.0
jor,1999,253432.0
jor,2000,257869.0
jor,2001,259802.0
jor,2002,263523.0
jor,2003,267523.0
jor,2004,271866.0
jor,2005,276559.0
jor,2006,281274.0
jor,2007,289742.0
jor,2008,299403.0
jor,2009,309848.0
jor,2010,320679.0
jor,2011,331849.0
jor,2012,341854.0
jor,2013,351233.0
jor,2014,359875.0
jor,2015,367691.0
jpn,1970,5095959.0
jpn,1971,5188082.0
jpn,1972,5267009.0
jpn,1973,5336434.0
jpn,1974,5409003.0
jpn,1975,5542572.0
jpn,1976,5645246.0
jpn,1977,5817110.0
jpn,1978,5981775.0
jpn,1979,6087079.0
jpn,1980,5977348.0
jpn,1981,5838121.0
jpn,1982,5526648.0
jpn,1983,5142910.0
jpn,1984,4771460.0
jpn,1985,4651903.0
jpn,1986,4520458.0
jpn,1987,4449759.0
jpn,1988,4419086.0
jpn,1989,4391646.0
jpn,1990,4246970.0
jpn,1991,4126537.0
jpn,1992,4004032.0
jpn,1993,3886272.0
jpn,1994,3782425.0
jpn,1995,3725018.0
jpn,1996,3669270.0
jpn,1997,3619371.0
jpn,1998,3580439.0
jpn,1999,3551142.0
jpn,2000,3527798.0
jpn,2001,3511006.0
jpn,2002,3510684.0
jpn,2003,3516532.0
jpn,2004,3520148.0
jpn,2005,3500887.0
jpn,2006,3476516.0
jpn,2007,3436109.0
jpn,2008,3383324.0
jpn,2009,3327368.0
jpn,2010,3292691.0
jpn,2011,3258772.0
jpn,2012,3245079.0
jpn,2013,3236002.0
jpn,2014,3227585.0
jpn,2015,3207894.0
jpn,2016,3189764.0
kaz,1970,1397772.0
kaz,1971,1374621.0
kaz,1972,1330154.0
kaz,1973,1274171.0
kaz,1974,1222337.0
kaz,1975,1211854.0
kaz,1976,1208539.0
kaz,1977,1233352.0
kaz,1978,1273786.0
kaz,1979,1317083.0
kaz,1980,1329783.0
kaz,1981,1341856.0
kaz,1982,1347384.0
kaz,1983,1347532.0
kaz,1984,1347104.0
kaz,1985,1358856.0
kaz,1986,1371554.0
kaz,1987,1391477.0
kaz,1988,1413008.0
kaz,1989,1431669.0
kaz,1990,1440545.0
kaz,1991,1438103.0
kaz,1992,1443888.0
kaz,1993,1447140.0
kaz,1994,1439097.0
kaz,1995,1397080.0
kaz,1996,1344569.0
kaz,1997,1275305.0
kaz,1998,1191553.0
kaz,1999,1107284.0
kaz,2000,1050853.0
kaz,2001,1006808.0
kaz,2002,954993.0
kaz,2003,914808.0
kaz,2004,889409.0
kaz,2005,887929.0
kaz,2006,897974.0
kaz,2007,915753.0
kaz,2008,947994.0
kaz,2009,990483.0
kaz,2010,1030630.0
kaz,2011,1081195.0
kaz,2012,1154774.0
kaz,2013,1242401.0
kaz,2014,1333936.0
kaz,2015,1411704.0
kaz,2016,1478062.0
ken,1970,1232144.0
ken,1971,1282441.0
ken,1972,1333674.0
ken,1973,1385845.0
ken,1974,1438133.0
ken,1975,1494486.0
ken,1976,1562712.0
ken,1977,1633376.0
ken,1978,1703778.0
ken,1979,1764809.0
ken,1980,1829779.0
ken,1981,1903073.0
ken,1982,1975859.0
ken,1983,2047820.0
ken,1984,2118455.0
ken,1985,2189700.0
ken,1986,2269426.0
ken,1987,2347002.0
ken,1988,2419280.0
ken,1989,2478888.0
ken,1990,2533770.0
ken,1991,2592054.0
ken,1992,2644555.0
ken,1993,2686702.0
ken,1994,2705394.0
ken,1995,2718768.0
ken,1996,2728873.0
ken,1997,2726798.0
ken,1998,2727162.0
ken,1999,2763843.0
ken,2000,2811173.0
ken,2001,2889139.0
ken,2002,2982069.0
ken,2003,3081809.0
ken,2004,3163840.0
ken,2005,3254439.0
ken,2006,3367223.0
ken,2007,3484562.0
ken,2008,3598722.0
ken,2009,3690112.0
ken,2010,3779983.0
ken,2011,3868350.0
ken,2012,3949379.0
ken,2013,4023359.0
ken,2014,4092014.0
ken,2015,4155993.0
ken,2016,4215916.0
kgz,1970,351255.0
kgz,1971,350903.0
kgz,1972,346407.0
kgz,1973,338879.0
kgz,1974,332031.0
kgz,1975,334868.0
kgz,1976,338853.0
kgz,1977,347429.0
kgz,1978,359411.0
kgz,1979,371569.0
kgz,1980,374773.0
kgz,1981,378082.0
kgz,1982,382187.0
kgz,1983,384820.0
kgz,1984,387846.0
kgz,1985,396163.0
kgz,1986,405636.0
kgz,1987,420809.0
kgz,1988,437763.0
kgz,1989,454119.0
kgz,1990,464678.0
kgz,1991,472574.0
kgz,1992,481700.0
kgz,1993,488832.0
kgz,1994,493396.0
kgz,1995,493199.0
kgz,1996,492329.0
kgz,1997,487216.0
kgz,1998,479802.0
kgz,1999,471009.0
kgz,2000,464729.0
kgz,2001,455704.0
kgz,2002,444797.0
kgz,2003,431108.0
kgz,2004,416271.0
kgz,2005,401168.0
kgz,2006,390008.0
kgz,2007,388598.0
kgz,2008,391092.0
kgz,2009,397623.0
kgz,2010,408003.0
kgz,2011,422948.0
kgz,2012,442764.0
kgz,2013,468351.0
kgz,2014,497145.0
kgz,2015,525245.0
kgz,2016,551639.0
khm,1970,687159.0
khm,1971,691638.0
khm,1972,699555.0
khm,1973,707154.0
khm,1974,712290.0
khm,1975,719323.0
khm,1976,710213.0
khm,1977,699999.0
khm,1978,682968.0
khm,1979,658924.0
khm,1980,610815.0
khm,1981,581945.0
khm,1982,547480.0
khm,1983,518369.0
khm,1984,509076.0
khm,1985,566574.0
khm,1986,632003.0
khm,1987,738684.0
khm,1988,865298.0
khm,1989,986133.0
khm,1990,1022023.0
khm,1991,1056031.0
khm,1992,1066967.0
khm,1993,1057059.0
khm,1994,1040051.0
khm,1995,1058714.0
khm,1996,1066985.0
khm,1997,1065168.0
khm,1998,1060103.0
khm,1999,1050592.0
khm,2000,1029454.0
khm,2001,1006557.0
khm,2002,986232.0
khm,2003,957914.0
khm,2004,927797.0
khm,2005,911103.0
khm,2006,898141.0
khm,2007,898801.0
khm,2008,905943.0
khm,2009,916374.0
khm,2010,919786.0
khm,2011,929077.0
khm,2012,958777.0
khm,2013,995868.0
khm,2014,1031974.0
khm,2015,1044652.0
khm,2016,1056366.0
kir,1970,4876.0
kir,1971,4815.0
kir,1972,4726.0
kir,1973,4624.0
kir,1974,4535.0
kir,1975,4466.0
kir,1976,4425.0
kir,1977,4393.0
kir,1978,4389.0
kir,1979,4478.0
kir,1980,4593.0
kir,1981,4824.0
kir,1982,5114.0
kir,1983,5405.0
kir,1984,5530.0
kir,1985,5688.0
kir,1986,5819.0
kir,1987,5942.0
kir,1988,6072.0
kir,1989,6287.0
kir,1990,6459.0
kir,1991,6644.0
kir,1992,6798.0
kir,1993,6911.0
kir,1994,6937.0
kir,1995,6959.0
kir,1996,6958.0
kir,1997,4608.0
kir,1998,6911.0
kir,1999,6939.0
kir,2000,6974.0
kir,2001,7108.0
kir,2002,7308.0
kir,2003,7503.0
kir,2004,7468.0
kir,2005,7439.0
kir,2006,7065.0
kir,2007,6614.0
kir,2008,6278.0
kir,2009,6605.0
kir,2010,6932.0
kir,2011,7497.0
kir,2012,8187.0
kir,2013,8836.0
kir,2014,8951.0
kir,2015,9056.0
kir,2016,9036.0
kna,1970,2987.0
kna,1971,2880.0
kna,1972,2715.0
kna,1973,2594.0
kna,1974,2517.0
kna,1975,2534.0
kna,1976,2508.0
kna,1977,2378.0
kna,1978,2263.0
kna,1979,2175.0
kna,1980,2149.0
kna,1981,2109.0
kna,1982,2089.0
kna,1983,2074.0
kna,1984,2056.0
kna,1985,2026.0
kna,1986,2003.0
kna,1987,1972.0
kna,1988,1946.0
kna,1989,1926.0
kna,1990,1905.0
kna,1991,1898.0
kna,1992,1871.0
kna,1993,1855.0
kna,1994,1854.0
kna,1995,1883.0
kna,1996,1900.0
kna,1997,1885.0
kna,1998,1871.0
kna,1999,1867.0
kna,2000,1889.0
kna,2001,1904.0
kna,2002,1911.0
kna,2003,1934.0
kna,2004,1960.0
kna,2005,1966.0
kna,2006,1968.0
kna,2007,1936.0
kna,2008,1893.0
kna,2009,1853.0
kna,2010,1872.0
kna,2011,1878.0
kna,2012,1892.0
kna,2013,1907.0
kna,2014,1919.0
kna,2015,1912.0
kna,2016,1908.0
kor,1970,889066.0
kor,1971,882753.0
kor,1972,879696.0
kor,1973,878701.0
kor,1974,877706.0
kor,1975,874270.0
kor,1976,872169.0
kor,1977,873412.0
kor,1978,874967.0
kor,1979,872873.0
kor,1980,862635.0
kor,1981,840090.0
kor,1982,810968.0
kor,1983,780493.0
kor,1984,755942.0
kor,1985,745670.0
kor,1986,742499.0
kor,1987,748158.0
kor,1988,756145.0
kor,1989,757010.0
kor,1990,739960.0
kor,1991,710682.0
kor,1992,672292.0
kor,1993,633072.0
kor,1994,604200.0
kor,1995,598263.0
kor,1996,614630.0
kor,1997,646377.0
kor,1998,683613.0
kor,1999,711915.0
kor,2000,713702.0
kor,2001,687366.0
kor,2002,652041.0
kor,2003,615459.0
kor,2004,587461.0
kor,2005,579189.0
kor,2006,565787.0
kor,2007,542007.0
kor,2008,510819.0
kor,2009,476478.0
kor,2010,1308960.0
kor,2011,1316459.0
kor,2012,1344594.0
kor,2013,1377330.0
kor,2014,1367672.0
kor,2015,1366670.0
kor,2016,1366670.0
kwt,1970,45608.0
kwt,1971,50182.0
kwt,1972,53327.0
kwt,1973,56132.0
kwt,1974,59102.0
kwt,1975,62902.0
kwt,1976,68215.0
kwt,1977,72327.0
kwt,1978,76459.0
kwt,1979,80036.0
kwt,1980,82227.0
kwt,1981,82155.0
kwt,1982,83547.0
kwt,1983,84462.0
kwt,1984,85310.0
kwt,1985,86686.0
kwt,1986,89025.0
kwt,1987,94750.0
kwt,1988,101391.0
kwt,1989,107149.0
kwt,1990,109557.0
kwt,1991,106616.0
kwt,1992,98595.0
kwt,1993,88908.0
kwt,1994,79933.0
kwt,1995,74262.0
kwt,1996,73976.0
kwt,1997,69926.0
kwt,1998,67670.0
kwt,1999,67149.0
kwt,2000,68407.0
kwt,2001,72107.0
kwt,2002,75140.0
kwt,2003,78388.0
kwt,2004,81642.0
kwt,2005,84651.0
kwt,2006,86884.0
kwt,2007,86274.0
kwt,2008,85916.0
kwt,2009,86658.0
kwt,2010,89616.0
kwt,2011,96168.0
lac,1970,21413016.0
lac,1971,21738572.0
lac,1972,22000746.0
lac,1973,22200964.0
lac,1974,22388236.0
lac,1975,22640148.0
lac,1976,22959402.0
lac,1977,23193036.0
lac,1978,23611500.0
lac,1979,24084260.0
lac,1980,24501860.0
lac,1981,24987048.0
lac,1982,25505612.0
lac,1983,25971528.0
lac,1984,26293724.0
lac,1985,26537368.0
lac,1986,27058478.0
lac,1987,27350908.0
lac,1988,27574256.0
lac,1989,27771528.0
lac,1990,27910556.0
lac,1991,28649680.0
lac,1992,28686436.0
lac,1993,28682668.0
lac,1994,28643456.0
lac,1995,28445038.0
lac,1996,28422916.0
lac,1997,28409424.0
lac,1998,28457620.0
lac,1999,27928694.0
lac,2000,28760224.0
lac,2001,28610388.0
lac,2002,28588092.0
lac,2003,28444240.0
lac,2004,28871632.0
lac,2005,28602260.0
lac,2006,28083156.0
lac,2007,27695824.0
lac,2008,27146502.0
lac,2009,27053260.0
lac,2010,28484980.0
lac,2011,26951912.0
lac,2012,26674786.0
lac,2013,24495572.0
lac,2014,26702592.0
lao,1970,238803.0
lao,1971,244601.0
lao,1972,253035.0
lao,1973,261679.0
lao,1974,269869.0
lao,1975,276480.0
lao,1976,281996.0
lao,1977,291353.0
lao,1978,299475.0
lao,1979,306293.0
lao,1980,310507.0
lao,1981,316094.0
lao,1982,321795.0
lao,1983,327892.0
lao,1984,334524.0
lao,1985,341824.0
lao,1986,350374.0
lao,1987,361088.0
lao,1988,372354.0
lao,1989,383962.0
lao,1990,395064.0
lao,1991,407184.0
lao,1992,423548.0
lao,1993,440076.0
lao,1994,455380.0
lao,1995,466494.0
lao,1996,475756.0
lao,1997,487703.0
lao,1998,497586.0
lao,1999,503754.0
lao,2000,501586.0
lao,2001,497072.0
lao,2002,488661.0
lao,2003,476473.0
lao,2004,463596.0
lao,2005,457079.0
lao,2006,452073.0
lao,2007,448735.0
lao,2008,447348.0
lao,2009,448025.0
lao,2010,450861.0
lao,2011,455460.0
lao,2012,466615.0
lao,2013,480103.0
lao,2014,492903.0
lao,2015,496450.0
lbn,1970,202574.0
lbn,1971,203208.0
lbn,1972,204530.0
lbn,1973,205984.0
lbn,1974,207415.0
lbn,1975,209520.0
lbn,1976,210165.0
lbn,1977,211878.0
lbn,1978,212816.0
lbn,1979,213119.0
lbn,1980,212698.0
lbn,1981,212452.0
lbn,1982,210908.0
lbn,1983,209871.0
lbn,1984,208947.0
lbn,1985,207817.0
lbn,1986,205609.0
lbn,1987,202834.0
lbn,1988,199199.0
lbn,1989,195109.0
lbn,1990,189775.0
lbn,1991,187082.0
lbn,1992,186106.0
lbn,1993,186472.0
lbn,1994,187709.0
lbn,1995,190253.0
lbn,1996,191351.0
lbn,1997,191623.0
lbn,1998,190670.0
lbn,1999,189005.0
lbn,2000,185337.0
lbn,2001,185139.0
lbn,2002,192551.0
lbn,2003,199745.0
lbn,2004,205250.0
lbn,2005,207391.0
lbn,2006,205905.0
lbn,2007,202859.0
lbn,2008,197507.0
lbn,2009,191339.0
lbn,2010,182238.0
lbn,2011,181492.0
lbn,2012,190990.0
lbn,2013,204055.0
lbn,2014,220016.0
lbn,2015,242711.0
lbr,1970,86343.0
lbr,1971,88289.0
lbr,1972,91386.0
lbr,1973,94470.0
lbr,1974,97488.0
lbr,1975,100406.0
lbr,1976,103180.0
lbr,1977,107195.0
lbr,1978,111207.0
lbr,1979,115159.0
lbr,1980,118991.0
lbr,1981,122541.0
lbr,1982,187482.0
lbr,1983,195249.0
lbr,1984,202209.0
lbr,1985,207410.0
lbr,1986,210348.0
lbr,1987,212271.0
lbr,1988,212102.0
lbr,1989,210004.0
lbr,1990,206190.0
lbr,1991,200699.0
lbr,1992,196688.0
lbr,1993,192258.0
lbr,1994,188712.0
lbr,1995,187491.0
lbr,1996,189224.0
lbr,1997,198907.0
lbr,1998,219781.0
lbr,1999,236428.0
lbr,2000,253793.0
lbr,2001,267476.0
lbr,2002,281138.0
lbr,2003,292274.0
lbr,2004,301373.0
lbr,2005,307230.0
lbr,2006,315605.0
lbr,2007,327512.0
lbr,2008,340740.0
lbr,2009,354109.0
lbr,2010,366318.0
lbr,2011,376256.0
lbr,2012,384526.0
lbr,2013,390715.0
lbr,2014,395599.0
lbr,2015,400541.0
lbr,2016,405326.0
lby,1970,137075.0
lby,1971,144969.0
lby,1972,154342.0
lby,1973,164270.0
lby,1974,174171.0
lby,1975,183303.0
lby,1976,190854.0
lby,1977,198740.0
lby,1978,205911.0
lby,1979,212448.0
lby,1980,218538.0
lby,1981,224333.0
lby,1982,229268.0
lby,1983,233706.0
lby,1984,237515.0
lby,1985,240510.0
lby,1986,242667.0
lby,1987,245094.0
lby,1988,246327.0
lby,1989,246919.0
lby,1990,247655.0
lby,1991,249269.0
lby,1992,251539.0
lby,1993,254101.0
lby,1994,255758.0
lby,1995,254864.0
lby,1996,249682.0
lby,1997,242526.0
lby,1998,233269.0
lby,1999,223948.0
lby,2000,217243.0
lby,2001,216200.0
lby,2002,215998.0
lby,2003,217832.0
lby,2004,220855.0
lby,2005,223778.0
lby,2006,224964.0
lby,2007,229218.0
lby,2008,234236.0
lby,2009,239567.0
lby,2010,244695.0
lby,2011,249230.0
lby,2012,256011.0
lby,2013,261724.0
lby,2014,265896.0
lby,2015,268086.0
lca,1970,7803.0
lca,1971,7924.0
lca,1972,7741.0
lca,1973,7536.0
lca,1974,7354.0
lca,1975,7317.0
lca,1976,7225.0
lca,1977,7093.0
lca,1978,6962.0
lca,1979,6857.0
lca,1980,6844.0
lca,1981,6828.0
lca,1982,6809.0
lca,1983,6822.0
lca,1984,6855.0
lca,1985,6869.0
lca,1986,6905.0
lca,1987,6769.0
lca,1988,6706.0
lca,1989,6727.0
lca,1990,6965.0
lca,1991,7082.0
lca,1992,7082.0
lca,1993,7060.0
lca,1994,7038.0
lca,1995,7075.0
lca,1996,7071.0
lca,1997,7024.0
lca,1998,6964.0
lca,1999,6879.0
lca,2000,6733.0
lca,2001,6585.0
lca,2002,6412.0
lca,2003,6228.0
lca,2004,6048.0
lca,2005,5910.0
lca,2006,5808.0
lca,2007,5755.0
lca,2008,5735.0
lca,2009,5734.0
lca,2010,5728.0
lca,2011,5714.0
lca,2012,5682.0
lca,2013,5641.0
lca,2014,5592.0
lca,2015,5539.0
lca,2016,5489.0
lcn,1970,22051784.0
lcn,1971,22375756.0
lcn,1972,22630846.0
lcn,1973,22823760.0
lcn,1974,23006976.0
lcn,1975,23260320.0
lcn,1976,23581924.0
lcn,1977,23818576.0
lcn,1978,24239958.0
lcn,1979,24711584.0
lcn,1980,25127410.0
lcn,1981,25612120.0
lcn,1982,26130836.0
lcn,1983,26596452.0
lcn,1984,26918612.0
lcn,1985,27162378.0
lcn,1986,27681596.0
lcn,1987,27975772.0
lcn,1988,28201646.0
lcn,1989,28404076.0
lcn,1990,28541604.0
lcn,1991,29284722.0
lcn,1992,29327002.0
lcn,1993,29327970.0
lcn,1994,29289344.0
lcn,1995,29092744.0
lcn,1996,29069304.0
lcn,1997,29054024.0
lcn,1998,29365716.0
lcn,1999,28827288.0
lcn,2000,29650580.0
lcn,2001,29487524.0
lcn,2002,29452632.0
lcn,2003,29296024.0
lcn,2004,29712336.0
lcn,2005,29432788.0
lcn,2006,28906288.0
lcn,2007,28512636.0
lcn,2008,27957584.0
lcn,2009,27858190.0
lcn,2010,29282708.0
lcn,2011,27745186.0
lcn,2012,27465064.0
lcn,2013,25283228.0
lcn,2014,27487166.0
ldc,1970,22919148.0
ldc,1971,23436908.0
ldc,1972,24109332.0
ldc,1973,24739044.0
ldc,1974,25194168.0
ldc,1975,25266664.0
ldc,1976,25790702.0
ldc,1977,26299660.0
ldc,1978,26954946.0
ldc,1979,27577344.0
ldc,1980,28535256.0
ldc,1981,29398404.0
ldc,1982,30289530.0
ldc,1983,30655070.0
ldc,1984,31399932.0
ldc,1985,32106994.0
ldc,1986,33079292.0
ldc,1987,34111416.0
ldc,1988,35153424.0
ldc,1989,36150880.0
ldc,1990,37030464.0
ldc,1991,38006048.0
ldc,1992,39176552.0
ldc,1993,40273808.0
ldc,1994,41880148.0
ldc,1995,42758688.0
ldc,1996,43615952.0
ldc,1997,44708792.0
ldc,1998,55685940.0
ldc,1999,56713940.0
ldc,2000,57742992.0
ldc,2001,58957296.0
ldc,2002,60435408.0
ldc,2003,61203216.0
ldc,2004,62559928.0
ldc,2005,63780608.0
ldc,2006,65057608.0
ldc,2007,64807320.0
ldc,2008,66115936.0
ldc,2009,67283312.0
ldc,2010,68328896.0
ldc,2011,69719664.0
ldc,2012,70930840.0
ldc,2013,72090384.0
ldc,2014,73570136.0
lic,1970,16189036.0
lic,1971,16623515.0
lic,1972,17204408.0
lic,1973,17786072.0
lic,1974,18228088.0
lic,1975,18285512.0
lic,1976,18685720.0
lic,1977,19058736.0
lic,1978,19561588.0
lic,1979,20018612.0
lic,1980,20802694.0
lic,1981,21428220.0
lic,1982,22152044.0
lic,1983,22220760.0
lic,1984,22687812.0
lic,1985,23138092.0
lic,1986,23875684.0
lic,1987,25029320.0
lic,1988,25860288.0
lic,1989,26667296.0
lic,1990,27423260.0
lic,1991,28181100.0
lic,1992,29150338.0
lic,1993,30061924.0
lic,1994,31520886.0
lic,1995,32242218.0
lic,1996,32963856.0
lic,1997,33498696.0
lic,1998,36775908.0
lic,1999,37691416.0
lic,2000,38608764.0
lic,2001,39619612.0
lic,2002,40865472.0
lic,2003,41436240.0
lic,2004,42675288.0
lic,2005,43767640.0
lic,2006,44855760.0
lic,2007,45826236.0
lic,2008,46994828.0
lic,2009,48090852.0
lic,2010,49129956.0
lic,2011,50533464.0
lic,2012,51715716.0
lic,2013,50857716.0
lic,2014,51926764.0
lic,2015,52877688.0
lie,2003,848.0
lie,2004,836.0
lie,2006,804.0
lie,2007,790.0
lie,2008,766.0
lie,2009,727.0
lie,2010,721.0
lie,2011,762.0
lie,2012,752.0
lie,2013,730.0
lie,2014,721.0
lie,2015,770.0
lka,1970,340204.0
lka,1971,344428.0
lka,1972,349662.0
lka,1973,354854.0
lka,1974,358413.0
lka,1975,358572.0
lka,1976,358283.0
lka,1977,356292.0
lka,1978,354115.0
lka,1979,354968.0
lka,1980,361001.0
lka,1981,368482.0
lka,1982,377222.0
lka,1983,385351.0
lka,1984,390397.0
lka,1985,389410.0
lka,1986,389721.0
lka,1987,388502.0
lka,1988,385705.0
lka,1989,381369.0
lka,1990,375762.0
lka,1991,367072.0
lka,1992,356771.0
lka,1993,346824.0
lka,1994,339764.0
lka,1995,338521.0
lka,1996,336672.0
lka,1997,674168.0
lka,1998,672753.0
lka,1999,332444.0
lka,2000,326647.0
lka,2001,325686.0
lka,2002,325400.0
lka,2003,326040.0
lka,2004,328036.0
lka,2005,331903.0
lka,2006,338767.0
lka,2007,346144.0
lka,2008,352710.0
lka,2009,356808.0
lka,2010,356525.0
lka,2011,356790.0
lka,2012,355690.0
lka,2013,353140.0
lka,2014,349123.0
lka,2015,343695.0
lmc,1970,74301384.0
lmc,1971,75372688.0
lmc,1972,76873504.0
lmc,1973,78275592.0
lmc,1974,79598656.0
lmc,1975,80953312.0
lmc,1976,82578856.0
lmc,1977,84586264.0
lmc,1978,86649136.0
lmc,1979,88642736.0
lmc,1980,90299616.0
lmc,1981,91905952.0
lmc,1982,93909096.0
lmc,1983,95966976.0
lmc,1984,97955128.0
lmc,1985,99926672.0
lmc,1986,101933152.0
lmc,1987,104551072.0
lmc,1988,107171648.0
lmc,1989,109581960.0
lmc,1990,111430024.0
lmc,1991,112776768.0
lmc,1992,114367384.0
lmc,1993,115591144.0
lmc,1994,116451200.0
lmc,1995,116974864.0
lmc,1996,117448416.0
lmc,1997,118366816.0
lmc,1998,151134096.0
lmc,1999,143657728.0
lmc,2000,143769712.0
lmc,2001,143968576.0
lmc,2002,144676256.0
lmc,2003,144866320.0
lmc,2004,145410640.0
lmc,2005,145700448.0
lmc,2006,146099024.0
lmc,2007,146981792.0
lmc,2008,147890560.0
lmc,2009,148673296.0
lmc,2010,149342224.0
lmc,2011,149847824.0
lmc,2012,151132272.0
lmc,2013,152272096.0
lmc,2014,152967248.0
lmc,2015,153166960.0
lmy,1970,228865168.0
lmy,1971,233924240.0
lmy,1972,240109312.0
lmy,1973,245842784.0
lmy,1974,250537856.0
lmy,1975,253223072.0
lmy,1976,255443824.0
lmy,1977,256832512.0
lmy,1978,257097024.0
lmy,1979,256452976.0
lmy,1980,255855712.0
lmy,1981,255034464.0
lmy,1982,253882912.0
lmy,1983,251758256.0
lmy,1984,250431360.0
lmy,1985,251457632.0
lmy,1986,254171856.0
lmy,1987,260010592.0
lmy,1988,267146576.0
lmy,1989,274942048.0
lmy,1990,281617984.0
lmy,1991,288179680.0
lmy,1992,296574176.0
lmy,1993,304832288.0
lmy,1994,311897376.0
lmy,1995,312173824.0
lmy,1996,310955456.0
lmy,1997,305750240.0
lmy,1998,306666816.0
lmy,1999,299167456.0
lmy,2000,297262880.0
lmy,2001,294631232.0
lmy,2002,293523168.0
lmy,2003,291947872.0
lmy,2004,292645760.0
lmy,2005,292186368.0
lmy,2006,292003072.0
lmy,2007,293077632.0
lmy,2008,296379296.0
lmy,2009,300171744.0
lmy,2010,303893472.0
lmy,2011,305142464.0
lmy,2012,308491168.0
lmy,2013,308053312.0
lmy,2014,314615200.0
lso,1970,97753.0
lso,1971,100344.0
lso,1972,102882.0
lso,1973,105345.0
lso,1974,107485.0
lso,1975,109989.0
lso,1976,113267.0
lso,1977,116654.0
lso,1978,119952.0
lso,1979,122585.0
lso,1980,125301.0
lso,1981,129310.0
lso,1982,133087.0
lso,1983,136371.0
lso,1984,138529.0
lso,1985,140409.0
lso,1986,143083.0
lso,1987,145532.0
lso,1988,147600.0
lso,1989,148755.0
lso,1990,149919.0
lso,1991,150323.0
lso,1992,150609.0
lso,1993,150944.0
lso,1994,152009.0
lso,1995,152789.0
lso,1996,154404.0
lso,1997,155786.0
lso,1998,156866.0
lso,1999,157534.0
lso,2000,157904.0
lso,2001,158936.0
lso,2002,159863.0
lso,2003,160237.0
lso,2004,158626.0
lso,2005,156932.0
lso,2006,154028.0
lso,2007,150712.0
lso,2008,147821.0
lso,2009,147475.0
lso,2010,147710.0
lso,2011,148818.0
lso,2012,150761.0
lso,2013,153212.0
lso,2014,155286.0
lso,2015,157663.0
lso,2016,161444.0
ltu,1970,229315.0
ltu,1971,226918.0
ltu,1972,222436.0
ltu,1973,217617.0
ltu,1974,213277.0
ltu,1975,211381.0
ltu,1976,209905.0
ltu,1977,210942.0
ltu,1978,213176.0
ltu,1979,215475.0
ltu,1980,214760.0
ltu,1981,214070.0
ltu,1982,212065.0
ltu,1983,209412.0
ltu,1984,207267.0
ltu,1985,208475.0
ltu,1986,210536.0
ltu,1987,214728.0
ltu,1988,220325.0
ltu,1989,226059.0
ltu,1990,229473.0
ltu,1991,231178.0
ltu,1992,231192.0
ltu,1993,229696.0
ltu,1994,226579.0
ltu,1995,221580.0
ltu,1996,215165.0
ltu,1997,205800.0
ltu,1998,194715.0
ltu,1999,183191.0
ltu,2000,174291.0
ltu,2001,165473.0
ltu,2002,158069.0
ltu,2003,150085.0
ltu,2004,141646.0
ltu,2005,132438.0
ltu,2006,124182.0
ltu,2007,119209.0
ltu,2008,115856.0
ltu,2009,113622.0
ltu,2010,111392.0
ltu,2011,109802.0
ltu,2012,109893.0
ltu,2013,110768.0
ltu,2014,111935.0
ltu,2015,112030.0
ltu,2016,112676.0
lux,1970,10283.0
lux,1971,10198.0
lux,1972,10067.0
lux,1973,9907.0
lux,1974,9724.0
lux,1975,9527.0
lux,1976,9323.0
lux,1977,9036.0
lux,1978,8713.0
lux,1979,8407.0
lux,1980,8183.0
lux,1981,8122.0
lux,1982,8068.0
lux,1983,8104.0
lux,1984,8191.0
lux,1985,8278.0
lux,1986,8297.0
lux,1987,8390.0
lux,1988,8508.0
lux,1989,8654.0
lux,1990,8833.0
lux,1991,9046.0
lux,1992,9268.0
lux,1993,9515.0
lux,1994,9791.0
lux,1995,10101.0
lux,1996,10455.0
lux,1997,10751.0
lux,1998,11048.0
lux,1999,17081.0
lux,2000,17314.0
lux,2001,17440.0
lux,2002,17382.0
lux,2003,17232.0
lux,2004,17066.0
lux,2005,17022.0
lux,2006,17044.0
lux,2007,17010.0
lux,2008,17024.0
lux,2009,17104.0
lux,2010,17297.0
lux,2011,17520.0
lux,2012,17553.0
lux,2013,17637.0
lux,2014,17786.0
lux,2015,18068.0
lux,2016,18344.0
lva,1970,136719.0
lva,1971,136100.0
lva,1972,134234.0
lva,1973,132336.0
lva,1974,131056.0
lva,1975,132203.0
lva,1976,133534.0
lva,1977,136423.0
lva,1978,140067.0
lva,1979,143498.0
lva,1980,144013.0
lva,1981,144415.0
lva,1982,143007.0
lva,1983,140537.0
lva,1984,138430.0
lva,1985,140209.0
lva,1986,142772.0
lva,1987,146313.0
lva,1988,150839.0
lva,1989,155371.0
lva,1990,158336.0
lva,1991,159152.0
lva,1992,161050.0
lva,1993,160878.0
lva,1994,157993.0
lva,1995,149933.0
lva,1996,141063.0
lva,1997,130636.0
lva,1998,118906.0
lva,1999,107311.0
lva,2000,99468.0
lva,2001,92402.0
lva,2002,85243.0
lva,2003,79208.0
lva,2004,74543.0
lva,2005,71634.0
lva,2006,70074.0
lva,2007,71848.0
lva,2008,75513.0
lva,2009,79781.0
lva,2010,81622.0
lva,2011,83239.0
lva,2012,84772.0
lva,2013,85947.0
lva,2014,86586.0
lva,2015,86253.0
lva,2016,85598.0
mac,1970,17037.0
mac,1971,15874.0
mac,1972,14844.0
mac,1973,13827.0
mac,1974,12927.0
mac,1975,12389.0
mac,1976,11855.0
mac,1977,12053.0
mac,1978,12314.0
mac,1979,12459.0
mac,1980,11693.0
mac,1981,11390.0
mac,1982,11492.0
mac,1983,11723.0
mac,1984,12202.0
mac,1985,13383.0
mac,1986,14649.0
mac,1987,16676.0
mac,1988,18730.0
mac,1989,20470.0
mac,1990,20804.0
mac,1991,21095.0
mac,1992,22226.0
mac,1993,23166.0
mac,1994,23754.0
mac,1995,23596.0
mac,1996,23186.0
mac,1997,22037.0
mac,1998,20508.0
mac,1999,18906.0
mac,2000,18031.0
mac,2001,17107.0
mac,2002,15903.0
mac,2003,14816.0
mac,2004,13926.0
mac,2005,13464.0
mac,2006,13088.0
mac,2007,12512.0
mac,2008,12094.0
mac,2009,11812.0
mac,2010,11489.0
mac,2011,11471.0
mac,2012,12250.0
mac,2013,13297.0
mac,2014,14530.0
mac,2015,15794.0
mac,2016,17090.0
mar,1970,1059555.0
mar,1971,1070447.0
mar,1972,1086345.0
mar,1973,1097214.0
mar,1974,1103729.0
mar,1975,1106839.0
mar,1976,1107878.0
mar,1977,1117015.0
mar,1978,1126674.0
mar,1979,1136569.0
mar,1980,1146146.0
mar,1981,1154905.0
mar,1982,1176695.0
mar,1983,1202807.0
mar,1984,1230583.0
mar,1985,1257162.0
mar,1986,1278948.0
mar,1987,1308716.0
mar,1988,1340795.0
mar,1989,1370282.0
mar,1990,1391308.0
mar,1991,1397469.0
mar,1992,1397980.0
mar,1993,1385119.0
mar,1994,1364375.0
mar,1995,1342632.0
mar,1996,1328401.0
mar,1997,1324111.0
mar,1998,1326666.0
mar,1999,1328179.0
mar,2000,1320475.0
mar,2001,1295448.0
mar,2002,1272848.0
mar,2003,1244981.0
mar,2004,1215422.0
mar,2005,1189227.0
mar,2006,1172419.0
mar,2007,1159281.0
mar,2008,1150750.0
mar,2009,1147472.0
mar,2010,1150009.0
mar,2011,1158662.0
mar,2012,1182523.0
mar,2013,1215089.0
mar,2014,1250956.0
mar,2015,1283076.0
mda,1970,306452.0
mda,1971,298586.0
mda,1972,288204.0
mda,1973,277160.0
mda,1974,267802.0
mda,1975,265892.0
mda,1976,265578.0
mda,1977,273001.0
mda,1978,284559.0
mda,1979,296500.0
mda,1980,298756.0
mda,1981,301122.0
mda,1982,302345.0
mda,1983,302675.0
mda,1984,303576.0
mda,1985,309589.0
mda,1986,315664.0
mda,1987,323352.0
mda,1988,330880.0
mda,1989,337251.0
mda,1990,340635.0
mda,1991,341623.0
mda,1992,342367.0
mda,1993,341171.0
mda,1994,336883.0
mda,1995,326615.0
mda,1996,313601.0
mda,1997,295735.0
mda,1998,226137.0
mda,1999,213601.0
mda,2000,199587.0
mda,2001,188509.0
mda,2002,177305.0
mda,2003,167332.0
mda,2004,159145.0
mda,2005,150216.0
mda,2006,144774.0
mda,2007,148002.0
mda,2008,147319.0
mda,2009,147532.0
mda,2010,148859.0
mda,2011,150021.0
mda,2012,150343.0
mda,2013,152828.0
mda,2014,154700.0
mda,2015,156066.0
mdg,1970,642332.0
mdg,1971,658900.0
mdg,1972,681757.0
mdg,1973,704602.0
mdg,1974,727178.0
mdg,1975,748071.0
mdg,1976,770984.0
mdg,1977,801485.0
mdg,1978,831914.0
mdg,1979,860506.0
mdg,1980,882920.0
mdg,1981,904320.0
mdg,1982,932016.0
mdg,1983,958195.0
mdg,1984,980247.0
mdg,1985,988121.0
mdg,1986,998374.0
mdg,1987,1005115.0
mdg,1988,1008028.0
mdg,1989,1015616.0
mdg,1990,1050439.0
mdg,1991,1090404.0
mdg,1992,1153099.0
mdg,1993,1225131.0
mdg,1994,1295968.0
mdg,1995,1333622.0
mdg,1996,1374359.0
mdg,1997,1418112.0
mdg,1998,1456752.0
mdg,1999,1493370.0
mdg,2000,1538016.0
mdg,2001,1581558.0
mdg,2002,1632322.0
mdg,2003,1682755.0
mdg,2004,1729412.0
mdg,2005,1761562.0
mdg,2006,1792994.0
mdg,2007,1822968.0
mdg,2008,1848573.0
mdg,2009,1873006.0
mdg,2010,1903897.0
mdg,2011,1936440.0
mdg,2012,1973633.0
mdg,2013,2012759.0
mdg,2014,2053712.0
mdg,2015,2094989.0
mdg,2016,2139606.0
mdv,1970,7850.0
mdv,1971,8088.0
mdv,1972,8336.0
mdv,1973,8576.0
mdv,1974,8780.0
mdv,1975,8933.0
mdv,1976,9201.0
mdv,1977,9457.0
mdv,1978,9705.0
mdv,1979,9946.0
mdv,1980,10176.0
mdv,1981,10498.0
mdv,1982,10833.0
mdv,1983,11221.0
mdv,1984,11710.0
mdv,1985,12353.0
mdv,1986,13232.0
mdv,1987,14218.0
mdv,1988,15178.0
mdv,1989,15942.0
mdv,1990,16315.0
mdv,1991,16709.0
mdv,1992,16941.0
mdv,1993,17028.0
mdv,1994,17001.0
mdv,1995,16911.0
mdv,1996,16636.0
mdv,1997,16221.0
mdv,1998,23141.0
mdv,1999,22361.0
mdv,2000,21561.0
mdv,2001,20657.0
mdv,2002,19743.0
mdv,2003,18911.0
mdv,2004,18338.0
mdv,2005,17910.0
mdv,2006,17741.0
mdv,2007,17767.0
mdv,2015,21348.0
mdv,2016,21935.0
mea,1970,8516393.0
mea,1971,8692183.0
mea,1972,8944244.0
mea,1973,9189595.0
mea,1974,9425881.0
mea,1975,9642071.0
mea,1976,9844809.0
mea,1977,10117497.0
mea,1978,10392604.0
mea,1979,10669869.0
mea,1980,10962193.0
mea,1981,11285985.0
mea,1982,11694778.0
mea,1983,12135779.0
mea,1984,12586520.0
mea,1985,13001905.0
mea,1986,13380399.0
mea,1987,13824228.0
mea,1988,14257107.0
mea,1989,14659943.0
mea,1990,15004422.0
mea,1991,15274621.0
mea,1992,15526273.0
mea,1993,15711164.0
mea,1994,15819209.0
mea,1995,15846439.0
mea,1996,15801135.0
mea,1997,15739643.0
mea,1998,16066069.0
mea,1999,15928939.0
mea,2000,15799577.0
mea,2001,15732259.0
mea,2002,15644765.0
mea,2003,15573493.0
mea,2004,15527933.0
mea,2005,15507172.0
mea,2006,14970271.0
mea,2007,15097266.0
mea,2008,15291086.0
mea,2009,15537770.0
mea,2010,15831993.0
mea,2011,16117904.0
mea,2012,16531998.0
mea,2013,16970502.0
mea,2014,17418096.0
mex,1970,3358269.0
mex,1971,3446883.0
mex,1972,3559629.0
mex,1973,3676005.0
mex,1974,3796237.0
mex,1975,3922367.0
mex,1976,4055014.0
mex,1977,4218484.0
mex,1978,4393130.0
mex,1979,4550655.0
mex,1980,4653353.0
mex,1981,4661398.0
mex,1982,4635444.0
mex,1983,4559852.0
mex,1984,4466914.0
mex,1985,4400282.0
mex,1986,4409370.0
mex,1987,4399973.0
mex,1988,4406094.0
mex,1989,4423676.0
mex,1990,4444938.0
mex,1991,4459848.0
mex,1992,4501796.0
mex,1993,4556550.0
mex,1994,4614586.0
mex,1995,4663700.0
mex,1996,4689735.0
mex,1997,4726134.0
mex,1998,4758673.0
mex,1999,4786996.0
mex,2000,4811404.0
mex,2001,4832995.0
mex,2002,4848274.0
mex,2003,4856538.0
mex,2004,4858707.0
mex,2005,4856149.0
mex,2006,4849075.0
mex,2007,4820680.0
mex,2008,4786901.0
mex,2009,4751706.0
mex,2010,4720292.0
mex,2011,4700515.0
mex,2012,4679542.0
mex,2013,6980357.0
mex,2014,6957438.0
mex,2015,6940614.0
mex,2016,6927069.0
mhl,1970,1308.0
mhl,1971,1339.0
mhl,1972,1394.0
mhl,1973,1468.0
mhl,1974,1559.0
mhl,1975,1657.0
mhl,1976,1754.0
mhl,1977,1869.0
mhl,1978,1984.0
mhl,1979,2099.0
mhl,1980,2208.0
mhl,1981,2303.0
mhl,1982,2399.0
mhl,1983,2483.0
mhl,1984,2569.0
mhl,1985,2668.0
mhl,1986,2793.0
mhl,1987,2958.0
mhl,1988,3135.0
mhl,1989,3300.0
mhl,1990,3425.0
mhl,1991,3484.0
mhl,1992,3537.0
mhl,1993,3540.0
mhl,1994,3500.0
mhl,1995,3434.0
mhl,1996,3364.0
mhl,1997,3249.0
mhl,1998,3080.0
mhl,1999,2878.0
mhl,2000,2670.0
mhl,2001,2487.0
mhl,2002,2591.0
mhl,2003,2767.0
mhl,2004,2950.0
mhl,2005,3063.0
mhl,2006,3012.0
mhl,2007,3072.0
mhl,2008,3113.0
mhl,2009,3127.0
mhl,2010,3102.0
mhl,2011,3034.0
mhl,2012,3049.0
mhl,2013,3044.0
mhl,2014,3023.0
mhl,2015,2985.0
mhl,2016,2938.0
mic,1970,212676144.0
mic,1971,217300736.0
mic,1972,222904928.0
mic,1973,228056720.0
mic,1974,232309792.0
mic,1975,234937568.0
mic,1976,236758112.0
mic,1977,237773792.0
mic,1978,237535424.0
mic,1979,236434352.0
mic,1980,235053008.0
mic,1981,233606240.0
mic,1982,231730864.0
mic,1983,229537504.0
mic,1984,227743552.0
mic,1985,228319552.0
mic,1986,230296176.0
mic,1987,234981280.0
mic,1988,241286288.0
mic,1989,248274752.0
mic,1990,254194720.0
mic,1991,259998592.0
mic,1992,267423840.0
mic,1993,274770368.0
mic,1994,280376480.0
mic,1995,279931616.0
mic,1996,277991584.0
mic,1997,244124384.0
mic,1998,269347456.0
mic,1999,253966224.0
mic,2000,251001264.0
mic,2001,247174880.0
mic,2002,244561696.0
mic,2003,242151600.0
mic,2004,241352688.0
mic,2005,239596528.0
mic,2006,238082416.0
mic,2007,237878816.0
mic,2008,239703760.0
mic,2009,242105792.0
mic,2010,244563632.0
mic,2011,244157280.0
mic,2012,246047936.0
mic,2013,248063680.0
mic,2014,249465792.0
mic,2015,250715184.0
mkd,1970,154966.0
mkd,1971,155182.0
mkd,1972,157020.0
mkd,1973,159360.0
mkd,1974,161372.0
mkd,1975,160883.0
mkd,1976,160186.0
mkd,1977,157469.0
mkd,1978,153705.0
mkd,1979,149943.0
mkd,1980,149034.0
mkd,1981,148118.0
mkd,1982,147399.0
mkd,1983,147227.0
mkd,1984,147282.0
mkd,1985,146677.0
mkd,1986,146054.0
mkd,1987,146433.0
mkd,1988,146895.0
mkd,1989,146932.0
mkd,1990,145496.0
mkd,1991,143299.0
mkd,1992,140195.0
mkd,1993,136002.0
mkd,1994,131482.0
mkd,1995,128047.0
mkd,1996,125265.0
mkd,1997,123893.0
mkd,1998,123297.0
mkd,1999,122805.0
mkd,2000,120820.0
mkd,2001,118645.0
mkd,2002,115601.0
mkd,2003,112087.0
mkd,2004,108557.0
mkd,2005,106157.0
mkd,2006,103846.0
mkd,2007,102119.0
mkd,2008,74940.0
mkd,2009,73949.0
mkd,2010,72212.0
mkd,2011,70736.0
mkd,2012,69043.0
mkd,2013,67406.0
mkd,2014,66123.0
mkd,2015,66107.0
mkd,2016,66234.0
mli,1970,329415.0
mli,1971,330401.0
mli,1972,340730.0
mli,1973,351122.0
mli,1974,360561.0
mli,1975,367863.0
mli,1976,371848.0
mli,1977,384977.0
mli,1978,397592.0
mli,1979,408842.0
mli,1980,417754.0
mli,1981,423284.0
mli,1982,437741.0
mli,1983,451661.0
mli,1984,463977.0
mli,1985,473428.0
mli,1986,479030.0
mli,1987,494251.0
mli,1988,508135.0
mli,1989,520292.0
mli,1990,530374.0
mli,1991,537821.0
mli,1992,551479.0
mli,1993,565506.0
mli,1994,1210457.0
mli,1995,1235564.0
mli,1996,1262802.0
mli,1997,1307123.0
mli,1998,1352426.0
mli,1999,1396194.0
mli,2000,1430221.0
mli,2001,1467336.0
mli,2002,1519242.0
mli,2003,1571371.0
mli,2004,1622862.0
mli,2005,1669166.0
mli,2006,1720298.0
mli,2007,1793026.0
mli,2008,1868946.0
mli,2009,1944250.0
mli,2010,2010167.0
mli,2011,2075622.0
mli,2012,2159596.0
mli,2013,2242799.0
mli,2014,2320843.0
mli,2015,2382342.0
mli,2016,2441308.0
mlt,1970,6183.0
mlt,1971,5834.0
mlt,1972,5426.0
mlt,1973,4970.0
mlt,1974,4574.0
mlt,1975,4372.0
mlt,1976,9207.0
mlt,1977,9766.0
mlt,1978,10496.0
mlt,1979,11195.0
mlt,1980,11160.0
mlt,1981,11341.0
mlt,1982,11543.0
mlt,1983,11672.0
mlt,1984,11730.0
mlt,1985,11738.0
mlt,1986,11692.0
mlt,1987,11577.0
mlt,1988,11415.0
mlt,1989,11245.0
mlt,1990,11172.0
mlt,1991,11078.0
mlt,1992,11025.0
mlt,1993,10976.0
mlt,1994,10915.0
mlt,1995,10767.0
mlt,1996,10657.0
mlt,1997,10522.0
mlt,1998,10387.0
mlt,1999,10256.0
mlt,2000,10179.0
mlt,2001,10032.0
mlt,2002,9938.0
mlt,2003,9805.0
mlt,2004,9605.0
mlt,2005,9187.0
mlt,2006,8848.0
mlt,2007,8360.0
mlt,2008,7926.0
mlt,2009,7612.0
mlt,2010,7672.0
mlt,2011,7687.0
mlt,2012,7823.0
mlt,2013,8017.0
mlt,2014,8222.0
mlt,2015,8291.0
mlt,2016,8406.0
mmr,1970,808562.0
mmr,1971,822481.0
mmr,1972,847338.0
mmr,1973,872390.0
mmr,1974,895394.0
mmr,1975,913663.0
mmr,1976,924228.0
mmr,1977,941392.0
mmr,1978,956298.0
mmr,1979,969874.0
mmr,1980,983528.0
mmr,1981,998893.0
mmr,1982,1020036.0
mmr,1983,1040621.0
mmr,1984,1059116.0
mmr,1985,1073800.0
mmr,1986,1082644.0
mmr,1987,1099146.0
mmr,1988,1112925.0
mmr,1989,1120311.0
mmr,1990,1116786.0
mmr,1991,1097874.0
mmr,1992,1078848.0
mmr,1993,1052507.0
mmr,1994,1024662.0
mmr,1995,1002907.0
mmr,1996,995751.0
mmr,1997,990777.0
mmr,1998,1986915.0
mmr,1999,1994331.0
mmr,2000,1993850.0
mmr,2001,2003692.0
mmr,2002,2039348.0
mmr,2003,2077442.0
mmr,2004,2110634.0
mmr,2005,2117780.0
mmr,2006,2126684.0
mmr,2007,2148271.0
mmr,2008,2163045.0
mmr,2009,2165075.0
mmr,2010,2133292.0
mmr,2011,2102843.0
mmr,2012,2051103.0
mmr,2013,1991560.0
mmr,2014,1932997.0
mmr,2015,1901469.0
mna,1970,7771001.0
mna,1971,7916998.0
mna,1972,8138612.0
mna,1973,8350330.0
mna,1974,8546153.0
mna,1975,8717899.0
mna,1976,8867827.0
mna,1977,9081133.0
mna,1978,9290794.0
mna,1979,9505493.0
mna,1980,9736181.0
mna,1981,10000970.0
mna,1982,10363704.0
mna,1983,10761825.0
mna,1984,11167260.0
mna,1985,11535439.0
mna,1986,11853751.0
mna,1987,12238140.0
mna,1988,12607563.0
mna,1989,12945352.0
mna,1990,13231721.0
mna,1991,13457918.0
mna,1992,13681212.0
mna,1993,13853957.0
mna,1994,13964429.0
mna,1995,13997472.0
mna,1996,13949729.0
mna,1997,13877254.0
mna,1998,13746587.0
mna,1999,13584410.0
mna,2000,13427990.0
mna,2001,13329521.0
mna,2002,13231510.0
mna,2003,13144593.0
mna,2004,13079601.0
mna,2005,13043229.0
mna,2006,12482566.0
mna,2007,12613413.0
mna,2008,12800417.0
mna,2009,13025455.0
mna,2010,13268066.0
mna,2011,13491778.0
mna,2012,13825778.0
mna,2013,14173486.0
mna,2014,14530214.0
mne,1970,47848.0
mne,1971,46538.0
mne,1972,45147.0
mne,1973,43778.0
mne,1974,42595.0
mne,1975,42164.0
mne,1976,41835.0
mne,1977,41964.0
mne,1978,42330.0
mne,1979,42710.0
mne,1980,42449.0
mne,1981,42268.0
mne,1982,41915.0
mne,1983,41488.0
mne,1984,41119.0
mne,1985,41236.0
mne,1986,41290.0
mne,1987,42011.0
mne,1988,42789.0
mne,1989,43413.0
mne,1990,43345.0
mne,1991,43126.0
mne,1992,42022.0
mne,1993,40719.0
mne,1994,39395.0
mne,1995,38540.0
mne,1996,37623.0
mne,1997,36913.0
mne,1998,36217.0
mne,1999,35515.0
mne,2000,34653.0
mne,2001,33927.0
mne,2002,33469.0
mne,2003,33059.0
mne,2004,32699.0
mne,2005,32390.0
mne,2006,32142.0
mne,2007,32224.0
mne,2008,32223.0
mne,2009,32123.0
mne,2010,31874.0
mne,2011,23656.0
mne,2012,23725.0
mne,2013,23845.0
mne,2014,23903.0
mne,2015,23568.0
mne,2016,23208.0
mng,1970,162575.0
mng,1971,167838.0
mng,1972,172897.0
mng,1973,175437.0
mng,1974,176643.0
mng,1975,178036.0
mng,1976,181280.0
mng,1977,186035.0
mng,1978,191826.0
mng,1979,197773.0
mng,1980,202706.0
mng,1981,205367.0
mng,1982,208590.0
mng,1983,210494.0
mng,1984,211795.0
mng,1985,213374.0
mng,1986,216122.0
mng,1987,221101.0
mng,1988,227031.0
mng,1989,233119.0
mng,1990,238425.0
mng,1991,241936.0
mng,1992,247943.0
mng,1993,254687.0
mng,1994,260510.0
mng,1995,263521.0
mng,1996,261656.0
mng,1997,255807.0
mng,1998,297388.0
mng,1999,279434.0
mng,2000,267185.0
mng,2001,255679.0
mng,2002,245819.0
mng,2003,238216.0
mng,2004,232251.0
mng,2005,178201.0
mng,2006,175127.0
mng,2007,174001.0
mng,2008,174654.0
mng,2009,134247.0
mng,2010,139274.0
mng,2011,145573.0
mng,2012,155300.0
mng,2013,107154.0
mng,2014,114560.0
mng,2015,121128.0
mng,2016,125448.0
moz,1970,573636.0
moz,1971,591320.0
moz,1972,608160.0
moz,1973,623674.0
moz,1974,637415.0
moz,1975,648766.0
moz,1976,669915.0
moz,1977,691046.0
moz,1978,711425.0
moz,1979,730427.0
moz,1980,747620.0
moz,1981,778918.0
moz,1982,808839.0
moz,1983,387334.0
moz,1984,396483.0
moz,1985,400690.0
moz,1986,410508.0
moz,1987,416890.0
moz,1988,421075.0
moz,1989,424571.0
moz,1990,428240.0
moz,1991,431278.0
moz,1992,437953.0
moz,1993,447236.0
moz,1994,457682.0
moz,1995,468864.0
moz,1996,485590.0
moz,1997,503057.0
moz,1998,1725142.0
moz,1999,1767069.0
moz,2000,1815289.0
moz,2001,1883188.0
moz,2002,1951526.0
moz,2003,2017674.0
moz,2004,2074488.0
moz,2005,2132634.0
moz,2006,2204018.0
moz,2007,2272827.0
moz,2008,2337474.0
moz,2009,2392136.0
moz,2010,2447950.0
moz,2011,2510635.0
moz,2012,2570387.0
moz,2013,2627067.0
moz,2014,2679493.0
moz,2015,2732344.0
moz,2016,2794521.0
mrt,1970,113222.0
mrt,1971,115903.0
mrt,1972,119598.0
mrt,1973,123215.0
mrt,1974,126650.0
mrt,1975,129475.0
mrt,1976,132555.0
mrt,1977,136789.0
mrt,1978,140969.0
mrt,1979,144937.0
mrt,1980,148102.0
mrt,1981,151499.0
mrt,1982,156074.0
mrt,1983,160577.0
mrt,1984,164847.0
mrt,1985,168364.0
mrt,1986,172055.0
mrt,1987,176805.0
mrt,1988,181401.0
mrt,1989,185868.0
mrt,1990,190114.0
mrt,1991,194689.0
mrt,1992,200265.0
mrt,1993,205982.0
mrt,1994,211624.0
mrt,1995,216430.0
mrt,1996,221596.0
mrt,1997,227372.0
mrt,1998,233153.0
mrt,1999,238930.0
mrt,2000,244547.0
mrt,2001,250535.0
mrt,2002,257311.0
mrt,2003,264172.0
mrt,2004,270910.0
mrt,2005,277066.0
mrt,2006,283101.0
mrt,2007,290641.0
mrt,2008,297794.0
mrt,2009,304457.0
mrt,2010,310115.0
mrt,2011,315892.0
mrt,2012,322779.0
mrt,2013,329471.0
mrt,2014,335785.0
mrt,2015,341190.0
mrt,2016,346498.0
mus,1970,51031.0
mus,1971,48590.0
mus,1972,45580.0
mus,1973,42701.0
mus,1974,41845.0
mus,1975,41017.0
mus,1976,41519.0
mus,1977,42515.0
mus,1978,43584.0
mus,1979,43660.0
mus,1980,43846.0
mus,1981,43417.0
mus,1982,43003.0
mus,1983,42581.0
mus,1984,42121.0
mus,1985,41508.0
mus,1986,41342.0
mus,1987,41220.0
mus,1988,41037.0
mus,1989,40197.0
mus,1990,39883.0
mus,1991,39362.0
mus,1992,38962.0
mus,1993,38913.0
mus,1994,40250.0
mus,1995,41120.0
mus,1996,42881.0
mus,1997,44658.0
mus,1998,45842.0
mus,1999,44194.0
mus,2000,43131.0
mus,2001,41232.0
mus,2002,38933.0
mus,2003,36884.0
mus,2004,37309.0
mus,2005,36995.0
mus,2006,37323.0
mus,2007,37785.0
mus,2008,37955.0
mus,2009,36256.0
mus,2010,35063.0
mus,2011,33421.0
mus,2012,31661.0
mus,2013,30050.0
mus,2014,29485.0
mus,2015,28723.0
mus,2016,28213.0
mwi,1970,464492.0
mwi,1971,483445.0
mwi,1972,501987.0
mwi,1973,519302.0
mwi,1974,531988.0
mwi,1975,546699.0
mwi,1976,568449.0
mwi,1977,589991.0
mwi,1978,610329.0
mwi,1979,626737.0
mwi,1980,643682.0
mwi,1981,666910.0
mwi,1982,688510.0
mwi,1983,709919.0
mwi,1984,728394.0
mwi,1985,758534.0
mwi,1986,794971.0
mwi,1987,834889.0
mwi,1988,873360.0
mwi,1989,907972.0
mwi,1990,928052.0
mwi,1991,965853.0
mwi,1992,994355.0
mwi,1993,1012963.0
mwi,1994,1010547.0
mwi,1995,1017832.0
mwi,1996,1036836.0
mwi,1997,1058746.0
mwi,1998,1082796.0
mwi,1999,1109429.0
mwi,2000,1136884.0
mwi,2001,1170281.0
mwi,2002,1203570.0
mwi,2003,1235647.0
mwi,2004,1260791.0
mwi,2005,1289943.0
mwi,2006,1322860.0
mwi,2007,1356853.0
mwi,2008,1392809.0
mwi,2009,1433611.0
mwi,2010,1433611.0
mwi,2011,1476486.0
mwi,2012,1526008.0
mwi,2013,1578653.0
mwi,2014,1629937.0
mwi,2015,1667184.0
mwi,2016,1737655.0
mys,1970,722469.0
mys,1971,715749.0
mys,1972,703351.0
mys,1973,691333.0
mys,1974,687693.0
mys,1975,701259.0
mys,1976,706684.0
mys,1977,715194.0
mys,1978,725147.0
mys,1979,733430.0
mys,1980,736366.0
mys,1981,747682.0
mys,1982,763422.0
mys,1983,784752.0
mys,1984,813581.0
mys,1985,851714.0
mys,1986,874862.0
mys,1987,898646.0
mys,1988,921796.0
mys,1989,942099.0
mys,1990,957362.0
mys,1991,969888.0
mys,1992,979353.0
mys,1993,988233.0
mys,1994,1000020.0
mys,1995,1018478.0
mys,1996,1032186.0
mys,1997,1045651.0
mys,1998,1057590.0
mys,1999,1066215.0
mys,2000,1069707.0
mys,2001,1073069.0
mys,2002,1073440.0
mys,2003,1070624.0
mys,2004,1064203.0
mys,2005,1053274.0
mys,2006,1053370.0
mys,2007,1052056.0
mys,2008,1049161.0
mys,2009,1044257.0
mys,2010,1036886.0
mys,2011,1018043.0
mys,2012,999542.0
mys,2013,985785.0
mys,2014,982124.0
mys,2015,994603.0
nac,1970,12524300.0
nac,1971,12270375.0
nac,1972,11867972.0
nac,1973,11439049.0
nac,1974,11042061.0
nac,1975,10814456.0
nac,1976,10638520.0
nac,1977,10598058.0
nac,1978,10609263.0
nac,1979,10637301.0
nac,1980,10570090.0
nac,1981,10542775.0
nac,1982,10622928.0
nac,1983,10735622.0
nac,1984,10866051.0
nac,1985,10978136.0
nac,1986,11106969.0
nac,1987,11314444.0
nac,1988,11524441.0
nac,1989,11719554.0
nac,1990,11853643.0
nac,1991,11978424.0
nac,1992,12127408.0
nac,1993,12228292.0
nac,1994,12293596.0
nac,1995,12342704.0
nac,1996,12398884.0
nac,1997,12553643.0
nac,1998,12695497.0
nac,1999,12794183.0
nac,2000,12767189.0
nac,2001,12712222.0
nac,2002,12565986.0
nac,2003,12367660.0
nac,2004,12180732.0
nac,2005,12168098.0
nac,2006,12180404.0
nac,2007,12415818.0
nac,2008,12676752.0
nac,2009,12897356.0
nac,2010,12876026.0
nac,2011,12866414.0
nac,2012,12931269.0
nac,2013,12992252.0
nac,2014,13032546.0
nam,1970,22623.0
nam,1971,23434.0
nam,1972,24261.0
nam,1973,25094.0
nam,1974,25921.0
nam,1975,26741.0
nam,1976,27945.0
nam,1977,29246.0
nam,1978,30558.0
nam,1979,31794.0
nam,1980,32847.0
nam,1981,33820.0
nam,1982,34692.0
nam,1983,35525.0
nam,1984,36382.0
nam,1985,37315.0
nam,1986,37980.0
nam,1987,38703.0
nam,1988,39475.0
nam,1989,40267.0
nam,1990,41112.0
nam,1991,42316.0
nam,1992,43595.0
nam,1993,44910.0
nam,1994,46239.0
nam,1995,47499.0
nam,1996,48890.0
nam,1997,101907.0
nam,1998,104454.0
nam,1999,106429.0
nam,2000,107575.0
nam,2001,109030.0
nam,2002,109535.0
nam,2003,109409.0
nam,2004,109066.0
nam,2005,108938.0
nam,2006,108865.0
nam,2007,108869.0
nam,2008,109062.0
nam,2009,109535.0
nam,2010,110390.0
nam,2011,111525.0
nam,2012,113232.0
nam,2013,115418.0
nam,2014,117979.0
nam,2015,120777.0
nam,2016,124322.0
ner,1970,291907.0
ner,1971,296117.0
ner,1972,305186.0
ner,1973,312586.0
ner,1974,318553.0
ner,1975,323397.0
ner,1976,327690.0
ner,1977,339952.0
ner,1978,352409.0
ner,1979,363997.0
ner,1980,373255.0
ner,1981,584718.0
ner,1982,608350.0
ner,1983,631633.0
ner,1984,652686.0
ner,1985,669404.0
ner,1986,679658.0
ner,1987,704387.0
ner,1988,726328.0
ner,1989,745132.0
ner,1990,760387.0
ner,1991,772148.0
ner,1992,802782.0
ner,1993,835305.0
ner,1994,867402.0
ner,1995,896228.0
ner,1996,918781.0
ner,1997,963842.0
ner,1998,1010311.0
ner,1999,1055853.0
ner,2000,1097799.0
ner,2001,1133529.0
ner,2002,1193006.0
ner,2003,1254872.0
ner,2004,1315801.0
ner,2005,1371894.0
ner,2006,1419084.0
ner,2007,1485015.0
ner,2008,1550810.0
ner,2009,1615512.0
ner,2010,1678091.0
ner,2011,1737548.0
ner,2012,1817485.0
ner,2013,1901586.0
ner,2014,1987415.0
ner,2015,2072216.0
ner,2016,2153275.0
nga,1970,5123189.0
nga,1971,5229766.0
nga,1972,5385389.0
nga,1973,5536084.0
nga,1974,5686751.0
nga,1975,5837697.0
nga,1976,6019430.0
nga,1977,6275989.0
nga,1978,6546344.0
nga,1979,6810473.0
nga,1980,7013498.0
nga,1981,7220013.0
nga,1982,7496316.0
nga,1983,7753013.0
nga,1984,7984840.0
nga,1985,8169995.0
nga,1986,8360877.0
nga,1987,8601941.0
nga,1988,8827265.0
nga,1989,9029992.0
nga,1990,9183791.0
nga,1991,9342206.0
nga,1992,9554945.0
nga,1993,9748817.0
nga,1994,9925828.0
nga,1995,10076942.0
nga,1996,10249733.0
nga,1997,10516394.0
nga,1998,10784831.0
nga,1999,3537577.0
nga,2000,3614574.0
nga,2001,3684814.0
nga,2002,3797131.0
nga,2003,3915151.0
nga,2004,4034626.0
nga,2005,4150743.0
nga,2006,4257698.0
nga,2007,4402295.0
nga,2008,4552006.0
nga,2009,4700754.0
nga,2010,4841271.0
nga,2011,4965741.0
nga,2012,5112079.0
nga,2013,5252218.0
nga,2014,5385849.0
nga,2015,5514077.0
nga,2016,5638501.0
nic,1970,318154.0
nic,1971,328160.0
nic,1972,339602.0
nic,1973,351741.0
nic,1974,362611.0
nic,1975,374173.0
nic,1976,389011.0
nic,1977,404598.0
nic,1978,419873.0
nic,1979,432402.0
nic,1980,444323.0
nic,1981,457444.0
nic,1982,469533.0
nic,1983,480684.0
nic,1984,491391.0
nic,1985,501205.0
nic,1986,512229.0
nic,1987,522902.0
nic,1988,532381.0
nic,1989,538378.0
nic,1990,543439.0
nic,1991,546530.0
nic,1992,548067.0
nic,1993,548529.0
nic,1994,549322.0
nic,1995,549140.0
nic,1996,547952.0
nic,1997,545929.0
nic,1998,543236.0
nic,1999,540146.0
nic,2000,536530.0
nic,2001,532440.0
nic,2002,528346.0
nic,2003,524251.0
nic,2004,519858.0
nic,2005,515788.0
nic,2006,382219.0
nic,2007,378662.0
nic,2008,375785.0
nic,2009,374784.0
nic,2010,373894.0
nic,2011,373845.0
nic,2012,374485.0
nic,2013,374909.0
nic,2014,372602.0
nic,2015,370173.0
nic,2016,366147.0
nld,1970,493599.0
nld,1971,493035.0
nld,1972,491777.0
nld,1973,488387.0
nld,1974,482835.0
nld,1975,475184.0
nld,1976,465707.0
nld,1977,449503.0
nld,1978,430077.0
nld,1979,409752.0
nld,1980,391521.0
nld,1981,379010.0
nld,1982,365701.0
nld,1983,354385.0
nld,1984,345466.0
nld,1985,339234.0
nld,1986,335804.0
nld,1987,338104.0
nld,1988,343846.0
nld,1989,351263.0
nld,1990,357934.0
nld,1991,360852.0
nld,1992,366897.0
nld,1993,373071.0
nld,1994,379116.0
nld,1995,384834.0
nld,1996,390086.0
nld,1997,393495.0
nld,1998,395653.0
nld,1999,396876.0
nld,2000,397611.0
nld,2001,398427.0
nld,2002,397176.0
nld,2003,395241.0
nld,2004,393395.0
nld,2005,392666.0
nld,2006,394263.0
nld,2007,395131.0
nld,2008,396287.0
nld,2009,396642.0
nld,2010,394671.0
nld,2011,577865.0
nld,2012,565957.0
nld,2013,552330.0
nld,2014,539563.0
nld,2015,534956.0
nld,2016,355187.0
nor,1970,251655.0
nor,1971,253681.0
nor,1972,257733.0
nor,1973,262306.0
nor,1974,266048.0
nor,1975,265783.0
nor,1976,264005.0
nor,1977,259627.0
nor,1978,253203.0
nor,1979,245631.0
nor,1980,238918.0
nor,1981,231951.0
nor,1982,223166.0
nor,1983,214022.0
nor,1984,205821.0
nor,1985,201350.0
nor,1986,198511.0
nor,1987,198941.0
nor,1988,201751.0
nor,1989,205896.0
nor,1990,208712.0
nor,1991,212286.0
nor,1992,217301.0
nor,1993,222950.0
nor,1994,228692.0
nor,1995,233538.0
nor,1996,237870.0
nor,1997,241409.0
nor,1998,183968.0
nor,1999,185205.0
nor,2000,186084.0
nor,2001,186190.0
nor,2002,184740.0
nor,2003,182529.0
nor,2004,180125.0
nor,2005,178647.0
nor,2006,177660.0
nor,2007,176015.0
nor,2008,174795.0
nor,2009,174387.0
nor,2010,175973.0
nor,2011,177940.0
nor,2012,181412.0
nor,2013,185763.0
nor,2014,190001.0
nor,2015,191210.0
nor,2016,192539.0
npl,1970,1024399.0
npl,1971,1040848.0
npl,1972,1071797.0
npl,1973,1103193.0
npl,1974,1132744.0
npl,1975,1152845.0
npl,1976,1176084.0
npl,1977,1211808.0
npl,1978,1246648.0
npl,1979,1279764.0
npl,1980,1307637.0
npl,1981,1338319.0
npl,1982,1383177.0
npl,1983,1427842.0
npl,1984,1469684.0
npl,1985,1500386.0
npl,1986,1532520.0
npl,1987,1575816.0
npl,1988,1616531.0
npl,1989,1654480.0
npl,1990,1686793.0
npl,1991,1722829.0
npl,1992,1763856.0
npl,1993,1805572.0
npl,1994,1845639.0
npl,1995,1877604.0
npl,1996,1909006.0
npl,1997,1955354.0
npl,1998,1998620.0
npl,1999,2036272.0
npl,2000,2063475.0
npl,2001,2084592.0
npl,2002,2114029.0
npl,2003,1432563.0
npl,2004,1437535.0
npl,2005,1425672.0
npl,2006,1411853.0
npl,2007,1390231.0
npl,2008,1363244.0
npl,2009,1334833.0
npl,2010,1317540.0
npl,2011,1295612.0
npl,2012,1270134.0
npl,2013,1245830.0
npl,2014,1221007.0
npl,2015,1187499.0
npl,2016,1160576.0
nru,1998,1152.0
nru,1999,1185.0
nru,2000,868.0
nru,2001,837.0
nru,2002,822.0
nru,2003,766.0
nru,2004,699.0
nru,2005,617.0
nru,2006,694.0
nru,2007,700.0
nru,2008,704.0
nru,2009,702.0
nru,2010,719.0
nru,2011,834.0
nru,2012,896.0
nru,2013,960.0
nru,2014,1019.0
nru,2015,1040.0
nru,2016,1030.0
nzl,1970,120087.0
nzl,1971,119847.0
nzl,1972,119449.0
nzl,1973,118991.0
nzl,1974,119431.0
nzl,1975,118715.0
nzl,1976,119524.0
nzl,1977,119885.0
nzl,1978,119071.0
nzl,1979,113861.0
nzl,1980,110043.0
nzl,1981,105373.0
nzl,1982,100649.0
nzl,1983,96804.0
nzl,1984,96970.0
nzl,1985,96798.0
nzl,1986,98480.0
nzl,1987,100910.0
nzl,1988,103552.0
nzl,1989,104265.0
nzl,1990,106467.0
nzl,1991,109689.0
nzl,1992,113278.0
nzl,1993,116629.0
nzl,1994,118352.0
nzl,1995,119585.0
nzl,1996,120135.0
nzl,1997,178886.0
nzl,1998,119283.0
nzl,1999,118798.0
nzl,2000,118069.0
nzl,2001,116037.0
nzl,2002,113821.0
nzl,2003,111994.0
nzl,2004,112343.0
nzl,2005,112546.0
nzl,2006,113207.0
nzl,2007,114324.0
nzl,2008,115802.0
nzl,2009,117616.0
nzl,2010,119229.0
nzl,2011,122595.0
nzl,2012,125737.0
nzl,2013,127974.0
nzl,2014,126703.0
nzl,2015,126209.0
nzl,2016,125296.0
oed,1970,45095472.0
oed,1971,44722064.0
oed,1972,44376232.0
oed,1973,43964604.0
oed,1974,43572664.0
oed,1975,43440220.0
oed,1976,43421128.0
oed,1977,43489240.0
oed,1978,43593312.0
oed,1979,43623756.0
oed,1980,43326692.0
oed,1981,42937880.0
oed,1982,42518480.0
oed,1983,42033224.0
oed,1984,41584164.0
oed,1985,41371816.0
oed,1986,41262760.0
oed,1987,41353860.0
oed,1988,41504916.0
oed,1989,41631608.0
oed,1990,41495560.0
oed,1991,41363796.0
oed,1992,41285460.0
oed,1993,41324792.0
oed,1994,41186884.0
oed,1995,41063008.0
oed,1996,40927392.0
oed,1997,40889404.0
oed,1998,40877776.0
oed,1999,42053476.0
oed,2000,41806448.0
oed,2001,41519888.0
oed,2002,41183840.0
oed,2003,40811368.0
oed,2004,40476476.0
oed,2005,40312440.0
oed,2006,40224984.0
oed,2007,40384752.0
oed,2008,40584024.0
oed,2009,40767144.0
oed,2010,41616948.0
oed,2011,41800872.0
oed,2012,42090844.0
oed,2013,42396584.0
oed,2014,44916848.0
omn,1970,46857.0
omn,1971,48378.0
omn,1972,50013.0
omn,1973,51798.0
omn,1974,53759.0
omn,1975,55914.0
omn,1976,58278.0
omn,1977,60692.0
omn,1978,63423.0
omn,1979,66625.0
omn,1980,70494.0
omn,1981,75228.0
omn,1982,81023.0
omn,1983,87493.0
omn,1984,94100.0
omn,1985,100155.0
omn,1986,104941.0
omn,1987,109597.0
omn,1988,113359.0
omn,1989,116432.0
omn,1990,119170.0
omn,1991,121801.0
omn,1992,123378.0
omn,1993,124583.0
omn,1994,124907.0
omn,1995,123767.0
omn,1996,120988.0
omn,1997,120685.0
omn,1998,119461.0
omn,1999,117682.0
omn,2000,115837.0
omn,2001,114115.0
omn,2002,113406.0
omn,2003,113094.0
omn,2004,112843.0
omn,2005,112237.0
omn,2006,111233.0
omn,2007,104710.0
omn,2008,99200.0
omn,2009,96199.0
omn,2010,97350.0
omn,2011,103891.0
omn,2012,108379.0
omn,2013,116737.0
omn,2014,126795.0
omn,2015,135714.0
pak,1970,3624985.0
pak,1971,3729179.0
pak,1972,3845479.0
pak,1973,3958016.0
pak,1974,4066744.0
pak,1975,4161178.0
pak,1976,4272867.0
pak,1977,4394223.0
pak,1978,4518349.0
pak,1979,4648066.0
pak,1980,4785402.0
pak,1981,4939996.0
pak,1982,5121514.0
pak,1983,5311831.0
pak,1984,5504203.0
pak,1985,5671427.0
pak,1986,5858927.0
pak,1987,6079413.0
pak,1988,6295594.0
pak,1989,6506531.0
pak,1990,6718485.0
pak,1991,6916568.0
pak,1992,7167668.0
pak,1993,7403091.0
pak,1994,7596631.0
pak,1995,7652754.0
pak,1996,7725263.0
pak,1997,7766083.0
pak,1998,7772101.0
pak,1999,7767967.0
pak,2000,7836002.0
pak,2001,7869776.0
pak,2002,7935954.0
pak,2003,7998040.0
pak,2004,8041061.0
pak,2005,7988303.0
pak,2006,7985339.0
pak,2007,7974405.0
pak,2008,7966172.0
pak,2009,7996946.0
pak,2010,8181157.0
pak,2011,8365492.0
pak,2012,8668526.0
pak,2013,9007131.0
pak,2014,9325960.0
pak,2015,9444168.0
pan,1970,47296.0
pan,1971,48407.0
pan,1972,49444.0
pan,1973,50412.0
pan,1974,51321.0
pan,1975,52181.0
pan,1976,53166.0
pan,1977,54140.0
pan,1978,55042.0
pan,1979,55790.0
pan,1980,56299.0
pan,1981,56765.0
pan,1982,57085.0
pan,1983,57311.0
pan,1984,57525.0
pan,1985,57823.0
pan,1986,58173.0
pan,1987,58532.0
pan,1988,58908.0
pan,1989,59309.0
pan,1990,59743.0
pan,1991,60319.0
pan,1992,60975.0
pan,1993,61646.0
pan,1994,62241.0
pan,1995,62660.0
pan,1996,63060.0
pan,1997,63359.0
pan,1998,127765.0
pan,1999,128769.0
pan,2000,130469.0
pan,2001,132668.0
pan,2002,135143.0
pan,2003,137455.0
pan,2004,138988.0
pan,2005,139063.0
pan,2006,138800.0
pan,2007,137919.0
pan,2008,136948.0
pan,2009,136620.0
pan,2010,137773.0
pan,2011,139291.0
pan,2012,141238.0
pan,2013,216524.0
pan,2014,217671.0
pan,2015,218825.0
pan,2016,220126.0
per,1970,1307086.0
per,1971,1337373.0
per,1972,1364254.0
per,1973,1387719.0
per,1974,1405965.0
per,1975,1425834.0
per,1976,1451089.0
per,1977,1473940.0
per,1978,1495969.0
per,1979,1521617.0
per,1980,1547463.0
per,1981,1586255.0
per,1982,1626318.0
per,1983,1661211.0
per,1984,1671044.0
per,1985,1680947.0
per,1986,1687393.0
per,1987,1687548.0
per,1988,1687594.0
per,1989,1704949.0
per,1990,1722186.0
per,1991,1752079.0
per,1992,1784780.0
per,1993,1813840.0
per,1994,1820950.0
per,1995,1825739.0
per,1996,1831562.0
per,1997,1831621.0
per,1998,1827166.0
per,1999,1822136.0
per,2000,1813791.0
per,2001,1796307.0
per,2002,1777079.0
per,2003,1759430.0
per,2004,1751249.0
per,2005,1744709.0
per,2006,1745045.0
per,2007,1748827.0
per,2008,1753565.0
per,2009,1750402.0
per,2010,1751070.0
per,2011,1754870.0
per,2012,1758612.0
per,2013,1763095.0
per,2014,1771754.0
per,2015,1779733.0
per,2016,1792468.0
phl,1970,1098065.0
phl,1971,1122266.0
phl,1972,1147691.0
phl,1973,1172306.0
phl,1974,1196199.0
phl,1975,1219474.0
phl,1976,1242464.0
phl,1977,1268877.0
phl,1978,1295144.0
phl,1979,1321559.0
phl,1980,1348367.0
phl,1981,1375792.0
phl,1982,1407886.0
phl,1983,1442832.0
phl,1984,1479084.0
phl,1985,1514839.0
phl,1986,1548009.0
phl,1987,1583782.0
phl,1988,1617906.0
phl,1989,1650989.0
phl,1990,1683824.0
phl,1991,1717403.0
phl,1992,1755968.0
phl,1993,1796951.0
phl,1994,1837877.0
phl,1995,1875927.0
phl,1996,1907891.0
phl,1997,1938266.0
phl,1998,1987185.0
phl,1999,2004427.0
phl,2000,2022386.0
phl,2001,2045296.0
phl,2002,2074728.0
phl,2003,2105726.0
phl,2004,2136134.0
phl,2005,2163786.0
phl,2006,2187004.0
phl,2007,2182143.0
phl,2008,2166551.0
phl,2009,2142252.0
phl,2010,2110933.0
phl,2011,2073773.0
phl,2012,2088162.0
phl,2013,2108874.0
phl,2014,2132366.0
phl,2015,2154784.0
phl,2016,2172032.0
plw,2001,940.0
plw,2002,890.0
plw,2003,818.0
plw,2004,729.0
plw,2005,735.0
plw,2006,853.0
plw,2007,848.0
plw,2008,832.0
plw,2009,792.0
plw,2010,774.0
plw,2011,699.0
plw,2012,685.0
plw,2013,684.0
plw,2014,700.0
plw,2015,706.0
plw,2016,708.0
png,1970,143900.0
png,1971,148673.0
png,1972,153574.0
png,1973,158747.0
png,1974,164445.0
png,1975,170897.0
png,1976,179387.0
png,1977,189421.0
png,1978,199684.0
png,1979,208502.0
png,1980,213963.0
png,1981,218030.0
png,1982,219284.0
png,1983,218983.0
png,1984,218736.0
png,1985,220504.0
png,1986,223778.0
png,1987,228057.0
png,1988,232736.0
png,1989,236964.0
png,1990,239744.0
png,1991,242916.0
png,1992,245525.0
png,1993,248089.0
png,1994,251262.0
png,1995,255802.0
png,1996,262450.0
png,1997,270453.0
png,1998,137253.0
png,1999,141654.0
png,2000,145879.0
png,2001,150534.0
png,2002,155481.0
png,2003,160414.0
png,2004,165007.0
png,2005,168884.0
png,2006,172409.0
png,2007,175005.0
png,2008,176983.0
png,2009,178673.0
png,2010,180531.0
png,2011,182923.0
png,2012,572811.0
png,2013,579713.0
png,2014,583583.0
png,2015,587506.0
png,2016,591606.0
pol,1970,2107907.0
pol,1971,2029905.0
pol,1972,2001953.0
pol,1973,2010514.0
pol,1974,2040174.0
pol,1975,2048297.0
pol,1976,2073105.0
pol,1977,2135557.0
pol,1978,2215508.0
pol,1979,2302192.0
pol,1980,2372387.0
pol,1981,2442344.0
pol,1982,2510224.0
pol,1983,2573078.0
pol,1984,2629981.0
pol,1985,2687400.0
pol,1986,2726837.0
pol,1987,2755690.0
pol,1988,2766854.0
pol,1989,2756409.0
pol,1990,2710616.0
pol,1991,2651246.0
pol,1992,2558871.0
pol,1993,2443925.0
pol,1994,2324640.0
pol,1995,2246693.0
pol,1996,2168345.0
pol,1997,2106953.0
pol,1998,2053473.0
pol,1999,1997415.0
pol,2000,1907073.0
pol,2001,1818862.0
pol,2002,1728639.0
pol,2003,1638826.0
pol,2004,1556559.0
pol,2005,1497619.0
pol,2006,1452147.0
pol,2007,1422983.0
pol,2008,1409262.0
pol,2009,1410207.0
pol,2010,1425625.0
pol,2011,1449260.0
pol,2012,1504754.0
pol,2013,1573203.0
pol,2014,1638176.0
pol,2015,1638176.0
pol,2016,1672217.0
pri,1971,130384.0
pri,1972,128819.0
pri,1973,128098.0
pri,1974,128226.0
pri,1975,129984.0
pri,1976,131283.0
pri,1977,131413.0
pri,1978,131397.0
pri,1979,131420.0
pri,1980,132353.0
pri,1981,132550.0
pri,1982,133705.0
pri,1983,134156.0
pri,1984,133693.0
pri,1985,131204.0
pri,1986,129119.0
pri,1987,128806.0
pri,1988,127946.0
pri,1989,126343.0
pri,1990,122500.0
pri,1991,120275.0
pri,1992,119819.0
pri,1993,119756.0
pri,1994,119990.0
pri,1995,120698.0
pri,1996,121064.0
pri,1997,121326.0
pri,1998,123024.0
pri,1999,124018.0
pri,2000,123342.0
pri,2001,119941.0
pri,2002,117821.0
pri,2003,115130.0
pri,2004,112198.0
pri,2005,109486.0
pri,2006,107506.0
pri,2007,104920.0
pri,2008,102221.0
pri,2009,99556.0
pri,2010,97092.0
pri,2011,95023.0
pri,2012,93542.0
pri,2013,92362.0
pri,2014,91341.0
pri,2015,90290.0
pri,2016,88969.0
prk,1970,654101.0
prk,1971,717563.0
prk,1972,789501.0
prk,1973,888333.0
prk,1974,989258.0
prk,1975,1055145.0
prk,1976,1042977.0
prk,1977,1029729.0
prk,1978,992610.0
prk,1979,939538.0
prk,1980,882429.0
prk,1981,836215.0
prk,1982,759459.0
prk,1983,672448.0
prk,1984,595015.0
prk,1985,550876.0
prk,1986,566313.0
prk,1987,615159.0
prk,1988,693311.0
prk,1989,778008.0
prk,1990,836316.0
prk,1991,828317.0
prk,1992,823558.0
prk,1993,802673.0
prk,1994,777130.0
prk,1995,763695.0
prk,1996,782231.0
prk,1997,796130.0
prk,1998,798533.0
prk,1999,813833.0
prk,2000,824854.0
prk,2001,824859.0
prk,2002,821303.0
prk,2003,811700.0
prk,2004,798493.0
prk,2005,784898.0
prk,2006,775079.0
prk,2007,767486.0
prk,2008,761230.0
prk,2009,755077.0
prk,2010,747348.0
prk,2011,735936.0
prk,2012,722574.0
prk,2013,706672.0
prk,2014,690726.0
prk,2015,671384.0
prt,1970,698717.0
prt,1971,513021.0
prt,1972,502446.0
prt,1973,492507.0
prt,1974,484999.0
prt,1975,486455.0
prt,1976,488789.0
prt,1977,496902.0
prt,1978,505841.0
prt,1979,512399.0
prt,1980,507784.0
prt,1981,501431.0
prt,1982,493754.0
prt,1983,483088.0
prt,1984,470336.0
prt,1985,458803.0
prt,1986,444597.0
prt,1987,429292.0
prt,1988,412248.0
prt,1989,394161.0
prt,1990,374778.0
prt,1991,358071.0
prt,1992,346580.0
prt,1993,336835.0
prt,1994,328806.0
prt,1995,322608.0
prt,1996,317991.0
prt,1997,318782.0
prt,1998,320878.0
prt,1999,322617.0
prt,2000,318446.0
prt,2001,315954.0
prt,2002,316707.0
prt,2003,317653.0
prt,2004,318766.0
prt,2005,321151.0
prt,2006,322040.0
prt,2007,324814.0
prt,2008,324958.0
prt,2009,321833.0
prt,2010,312548.0
prt,2011,303222.0
prt,2012,299119.0
prt,2013,294433.0
prt,2014,289059.0
prt,2015,282449.0
prt,2016,276022.0
pry,1970,240541.0
pry,1971,244878.0
pry,1972,249451.0
pry,1973,253866.0
pry,1974,257601.0
pry,1975,260161.0
pry,1976,261204.0
pry,1977,261149.0
pry,1978,261431.0
pry,1979,263797.0
pry,1980,270207.0
pry,1981,278354.0
pry,1982,289028.0
pry,1983,301040.0
pry,1984,312826.0
pry,1985,322494.0
pry,1986,333387.0
pry,1987,344259.0
pry,1988,354640.0
pry,1989,364073.0
pry,1990,372069.0
pry,1991,379620.0
pry,1992,385707.0
pry,1993,390665.0
pry,1994,399802.0
pry,1995,403445.0
pry,1996,406830.0
pry,1997,409480.0
pry,1998,411669.0
pry,1999,414308.0
pry,2000,416154.0
pry,2001,419197.0
pry,2002,422011.0
pry,2003,423416.0
pry,2004,419870.0
pry,2005,415756.0
pry,2006,409272.0
pry,2007,401252.0
pry,2008,393947.0
pry,2009,393443.0
pry,2010,393384.0
pry,2011,396690.0
pry,2012,401903.0
pry,2013,407080.0
pry,2014,406455.0
pry,2015,406324.0
pry,2016,405399.0
pse,1970,85239.0
pse,1971,84951.0
pse,1972,86501.0
pse,1973,88778.0
pse,1974,91442.0
pse,1975,94157.0
pse,1976,96915.0
pse,1977,99228.0
pse,1978,101168.0
pse,1979,102982.0
pse,1980,104997.0
pse,1981,107455.0
pse,1982,110733.0
pse,1983,114501.0
pse,1984,118439.0
pse,1985,122110.0
pse,1986,125082.0
pse,1987,128323.0
pse,1988,131497.0
pse,1989,135026.0
pse,1990,139460.0
pse,1991,145352.0
pse,1992,152306.0
pse,1993,160105.0
pse,1994,168553.0
pse,1995,177402.0
pse,1996,186255.0
pse,1997,196580.0
pse,1998,207438.0
pse,1999,217558.0
pse,2000,225367.0
pse,2001,229504.0
pse,2002,231058.0
pse,2003,229953.0
pse,2004,227587.0
pse,2005,225701.0
pse,2006,225960.0
pse,2007,225928.0
pse,2008,226367.0
pse,2009,227547.0
pse,2010,229749.0
pse,2011,233345.0
pse,2012,238442.0
pse,2013,244728.0
pse,2014,251598.0
pse,2015,258245.0
qat,1970,5421.0
qat,1971,5885.0
qat,1972,6248.0
qat,1973,6653.0
qat,1974,7086.0
qat,1975,7520.0
qat,1976,7947.0
qat,1977,8366.0
qat,1978,8770.0
qat,1979,9280.0
qat,1980,10051.0
qat,1981,11207.0
qat,1982,11903.0
qat,1983,12863.0
qat,1984,15205.0
qat,1985,15205.0
qat,1986,25506.0
qat,1987,27782.0
qat,1988,29900.0
qat,1989,31585.0
qat,1990,32199.0
qat,1991,32285.0
qat,1992,31748.0
qat,1993,30749.0
qat,1994,29721.0
qat,1995,29719.0
qat,1996,29733.0
qat,1997,29598.0
qat,1998,29784.0
qat,1999,30291.0
qat,2000,31048.0
qat,2001,32169.0
qat,2002,31930.0
qat,2003,31954.0
qat,2004,32737.0
qat,2005,34889.0
qat,2006,38812.0
qat,2007,39474.0
qat,2008,42145.0
qat,2009,45842.0
qat,2010,49190.0
qat,2011,52653.0
qat,2012,57760.0
qat,2013,62626.0
qat,2014,67312.0
qat,2015,72495.0
rou,1970,1174659.0
rou,1971,1219414.0
rou,1972,1346329.0
rou,1973,1515382.0
rou,1974,1682092.0
rou,1975,1729032.0
rou,1976,1758408.0
rou,1977,1733946.0
rou,1978,1667337.0
rou,1979,1590600.0
rou,1980,1587706.0
rou,1981,1581285.0
rou,1982,1594406.0
rou,1983,1616900.0
rou,1984,1634863.0
rou,1985,1606493.0
rou,1986,1576829.0
rou,1987,1527246.0
rou,1988,1464951.0
rou,1989,1404317.0
rou,1990,1385971.0
rou,1991,1365196.0
rou,1992,1378789.0
rou,1993,1403588.0
rou,1994,1418184.0
rou,1995,1364250.0
rou,1996,1301362.0
rou,1997,1198964.0
rou,1998,1073248.0
rou,1999,950901.0
rou,2000,896663.0
rou,2001,853679.0
rou,2002,849260.0
rou,2003,868982.0
rou,2004,895846.0
rou,2005,885096.0
rou,2006,876329.0
rou,2007,868770.0
rou,2008,856877.0
rou,2009,843990.0
rou,2010,841176.0
rou,2011,837395.0
rou,2012,837555.0
rou,2013,629813.0
rou,2014,628652.0
rou,2015,615011.0
rou,2016,601246.0
rus,1970,8760510.0
rus,1971,8415663.0
rus,1972,8009895.0
rus,1973,7623977.0
rus,1974,7315950.0
rus,1975,7222991.0
rus,1976,7205835.0
rus,1977,7417646.0
rus,1978,7763024.0
rus,1979,8136414.0
rus,1980,8264007.0
rus,1981,8389666.0
rus,1982,8461427.0
rus,1983,8480448.0
rus,1984,8496950.0
rus,1985,8651960.0
rus,1986,8807650.0
rus,1987,8997597.0
rus,1988,9194665.0
rus,1989,9365563.0
rus,1990,9444750.0
rus,1991,9454872.0
rus,1992,9477756.0
rus,1993,9435186.0
rus,1994,9289092.0
rus,1995,8937393.0
rus,1996,8506412.0
rus,1997,7806735.0
rus,1998,6964152.0
rus,1999,6131216.0
rus,2000,5656882.0
rus,2001,5263947.0
rus,2002,5097341.0
rus,2003,5083945.0
rus,2004,5152598.0
rus,2005,5107356.0
rus,2006,5126423.0
rus,2007,5233272.0
rus,2008,5416501.0
rus,2009,5639898.0
rus,2010,5826500.0
rus,2011,6017887.0
rus,2012,6177150.0
rus,2013,6310269.0
rus,2014,6440240.0
rus,2015,6641546.0
rus,2016,6827590.0
rwa,1970,359557.0
rwa,1971,365384.0
rwa,1972,376428.0
rwa,1973,388259.0
rwa,1974,400554.0
rwa,1975,412904.0
rwa,1976,424782.0
rwa,1977,443318.0
rwa,1978,463136.0
rwa,1979,483560.0
rwa,1980,503769.0
rwa,1981,522815.0
rwa,1982,549180.0
rwa,1983,575936.0
rwa,1984,602978.0
rwa,1985,630217.0
rwa,1986,656530.0
rwa,1987,692126.0
rwa,1988,728528.0
rwa,1989,758916.0
rwa,1990,776466.0
rwa,1991,778230.0
rwa,1992,757332.0
rwa,1993,717444.0
rwa,1994,666112.0
rwa,1995,610240.0
rwa,1996,547612.0
rwa,1997,544605.0
rwa,1998,551709.0
rwa,1999,568502.0
rwa,2000,598392.0
rwa,2001,651815.0
rwa,2002,685669.0
rwa,2003,728153.0
rwa,2004,772040.0
rwa,2005,820417.0
rwa,2006,841906.0
rwa,2007,859181.0
rwa,2008,874465.0
rwa,2009,891542.0
rwa,2010,915351.0
rwa,2011,941603.0
rwa,2012,969640.0
rwa,2013,995685.0
rwa,2014,1014718.0
rwa,2015,1021296.0
rwa,2016,1023609.0
sas,1970,40082380.0
sas,1971,40670340.0
sas,1972,41582604.0
sas,1973,42437416.0
sas,1974,43214192.0
sas,1975,43515880.0
sas,1976,44224096.0
sas,1977,45273176.0
sas,1978,46325000.0
sas,1979,47339708.0
sas,1980,48664768.0
sas,1981,49469656.0
sas,1982,50500620.0
sas,1983,51606180.0
sas,1984,52652092.0
sas,1985,53629328.0
sas,1986,54665952.0
sas,1987,56086104.0
sas,1988,57524516.0
sas,1989,58857720.0
sas,1990,59995560.0
sas,1991,60778156.0
sas,1992,61789728.0
sas,1993,62626084.0
sas,1994,63282668.0
sas,1995,63700296.0
sas,1996,64144676.0
sas,1997,64641308.0
sas,1998,96848888.0
sas,1999,96943440.0
sas,2000,97386592.0
sas,2001,97904528.0
sas,2002,98802920.0
sas,2003,98964304.0
sas,2004,99621816.0
sas,2005,99792184.0
sas,2006,100056720.0
sas,2007,100430112.0
sas,2008,100662064.0
sas,2009,100743472.0
sas,2010,100788528.0
sas,2011,100697120.0
sas,2012,100747720.0
sas,2013,100725360.0
sas,2014,100597904.0
sau,1970,360410.0
sau,1971,375252.0
sau,1972,391770.0
sau,1973,409467.0
sau,1974,428838.0
sau,1975,450397.0
sau,1976,474520.0
sau,1977,505791.0
sau,1978,541692.0
sau,1979,580975.0
sau,1980,622206.0
sau,1981,663637.0
sau,1982,695331.0
sau,1983,726368.0
sau,1984,757793.0
sau,1985,790803.0
sau,1986,827073.0
sau,1987,872837.0
sau,1988,922526.0
sau,1989,971867.0
sau,1990,1015637.0
sau,1991,1048143.0
sau,1992,1071769.0
sau,1993,1081503.0
sau,1994,1081762.0
sau,1995,1078417.0
sau,1996,1078404.0
sau,1997,1079315.0
sau,1998,1635242.0
sau,1999,1648501.0
sau,2000,1660108.0
sau,2001,1673380.0
sau,2002,1676117.0
sau,2003,1681073.0
sau,2004,1685998.0
sau,2005,1683995.0
sau,2006,1683329.0
sau,2007,1680130.0
sau,2008,1679692.0
sau,2009,1685935.0
sau,2010,1709978.0
sau,2011,1738341.0
sau,2012,1775427.0
sau,2013,1822364.0
sau,2014,1870733.0
sau,2015,1904081.0
sdn,1999,1691490.0
sdn,2000,1731067.0
sdn,2001,1761804.0
sdn,2002,1804421.0
sdn,2003,1845649.0
sdn,2004,1885504.0
sdn,2005,1924520.0
sdn,2006,1963673.0
sdn,2007,2011548.0
sdn,2008,2059245.0
sdn,2009,2103025.0
sdn,2010,2138123.0
sdn,2011,2159817.0
sdn,2012,2184607.0
sdn,2013,2203207.0
sdn,2014,2218993.0
sdn,2015,2236645.0
sen,1970,402643.0
sen,1971,411782.0
sen,1972,428742.0
sen,1973,445502.0
sen,1974,461182.0
sen,1975,472719.0
sen,1976,485641.0
sen,1977,510165.0
sen,1978,534016.0
sen,1979,555677.0
sen,1980,569820.0
sen,1981,585695.0
sen,1982,607711.0
sen,1983,629024.0
sen,1984,648600.0
sen,1985,662595.0
sen,1986,652120.0
sen,1987,672148.0
sen,1988,690933.0
sen,1989,708543.0
sen,1990,725210.0
sen,1991,741317.0
sen,1992,763858.0
sen,1993,786678.0
sen,1994,808292.0
sen,1995,826928.0
sen,1996,840933.0
sen,1997,861054.0
sen,1998,878563.0
sen,1999,893855.0
sen,2000,907498.0
sen,2001,920091.0
sen,2002,940036.0
sen,2003,960846.0
sen,2004,1013011.0
sen,2005,1034984.0
sen,2006,1059782.0
sen,2007,1093904.0
sen,2008,1130363.0
sen,2009,1167299.0
sen,2010,1197749.0
sen,2011,1232500.0
sen,2012,1270869.0
sen,2013,1310391.0
sen,2014,1351777.0
sen,2015,1399068.0
sen,2016,1445565.0
slb,1970,19391.0
slb,1971,20640.0
slb,1972,21938.0
slb,1973,23284.0
slb,1974,24719.0
slb,1975,26188.0
slb,1976,27656.0
slb,1977,29363.0
slb,1978,31095.0
slb,1979,32357.0
slb,1980,33468.0
slb,1981,34407.0
slb,1982,35072.0
slb,1983,35580.0
slb,1984,36242.0
slb,1985,27917.0
slb,1986,28239.0
slb,1987,28484.0
slb,1988,28733.0
slb,1989,29118.0
slb,1990,29593.0
slb,1991,30376.0
slb,1992,31251.0
slb,1993,32123.0
slb,1994,32717.0
slb,1995,33368.0
slb,1996,34193.0
slb,1997,35006.0
slb,1998,35781.0
slb,1999,36429.0
slb,2000,37091.0
slb,2001,37909.0
slb,2002,38644.0
slb,2003,39336.0
slb,2004,40090.0
slb,2005,40857.0
slb,2006,41953.0
slb,2007,43037.0
slb,2008,44038.0
slb,2009,44754.0
slb,2010,45451.0
slb,2011,46339.0
slb,2012,47207.0
slb,2013,47952.0
slb,2014,48323.0
slb,2015,48602.0
slb,2016,48801.0
sle,1970,143004.0
sle,1971,145199.0
sle,1972,150063.0
sle,1973,154853.0
sle,1974,159370.0
sle,1975,162381.0
sle,1976,166823.0
sle,1977,173893.0
sle,1978,180926.0
sle,1979,187425.0
sle,1980,191297.0
sle,1981,196480.0
sle,1982,203414.0
sle,1983,209850.0
sle,1984,215869.0
sle,1985,220634.0
sle,1986,227244.0
sle,1987,236230.0
sle,1988,245196.0
sle,1989,253040.0
sle,1990,259051.0
sle,1991,260876.0
sle,1992,262996.0
sle,1993,262360.0
sle,1994,259606.0
sle,1995,253657.0
sle,1996,250574.0
sle,1997,250413.0
sle,1998,369662.0
sle,1999,372195.0
sle,2000,374694.0
sle,2001,385522.0
sle,2002,403834.0
sle,2003,426043.0
sle,2004,449274.0
sle,2005,468678.0
sle,2006,485449.0
sle,2007,502871.0
sle,2008,516982.0
sle,2009,528218.0
sle,2010,536905.0
sle,2011,544771.0
sle,2012,556544.0
sle,2013,567688.0
sle,2014,577247.0
sle,2015,586756.0
sle,2016,586756.0
slv,1970,354261.0
slv,1971,362269.0
slv,1972,369621.0
slv,1973,376330.0
slv,1974,382466.0
slv,1975,388166.0
slv,1976,396023.0
slv,1977,404173.0
slv,1978,411963.0
slv,1979,418627.0
slv,1980,423318.0
slv,1981,428374.0
slv,1982,432858.0
slv,1983,436445.0
slv,1984,438751.0
slv,1985,439401.0
slv,1986,437434.0
slv,1987,434597.0
slv,1988,431677.0
slv,1989,429580.0
slv,1990,429314.0
slv,1991,429067.0
slv,1992,430380.0
slv,1993,432696.0
slv,1994,435292.0
slv,1995,437302.0
slv,1996,439327.0
slv,1997,441424.0
slv,1998,442999.0
slv,1999,443375.0
slv,2000,441747.0
slv,2001,437961.0
slv,2002,431894.0
slv,2003,424101.0
slv,2004,415267.0
slv,2005,406417.0
slv,2006,394867.0
slv,2007,381735.0
slv,2008,368268.0
slv,2009,355909.0
slv,2010,346400.0
slv,2011,338671.0
slv,2012,333251.0
slv,2013,329095.0
slv,2014,324834.0
slv,2015,318763.0
slv,2016,314164.0
smr,2009,994.0
smr,2010,1112.0
smr,2011,979.0
smr,2012,1032.0
smr,2013,1046.0
smr,2014,1068.0
som,1970,209785.0
som,1971,212265.0
som,1972,216307.0
som,1973,219112.0
som,1974,222805.0
som,1975,230013.0
som,1976,241593.0
som,1977,266196.0
som,1978,296857.0
som,1979,328856.0
som,1980,356778.0
som,1981,377803.0
som,1982,389806.0
som,1983,392621.0
som,1984,389522.0
som,1985,384754.0
som,1986,380877.0
som,1987,385378.0
som,1988,392273.0
som,1989,399765.0
som,1990,405500.0
som,1991,407940.0
som,1992,412263.0
som,1993,414808.0
som,1994,416489.0
som,1995,418452.0
som,1996,420959.0
som,1997,669512.0
som,1998,723795.0
som,1999,723795.0
som,2000,752089.0
som,2001,781289.0
som,2002,816194.0
som,2003,850331.0
som,2004,880639.0
som,2005,897762.0
som,2006,914231.0
som,2007,930538.0
som,2008,942595.0
som,2009,953599.0
som,2010,972029.0
som,2011,990905.0
som,2012,1018126.0
som,2013,1047270.0
som,2014,1075254.0
som,2015,1090612.0
som,2016,1110049.0
srb,1970,541294.0
srb,1971,542554.0
srb,1972,545486.0
srb,1973,548533.0
srb,1974,552268.0
srb,1975,558776.0
srb,1976,565804.0
srb,1977,575097.0
srb,1978,584992.0
srb,1979,594669.0
srb,1980,602497.0
srb,1981,609236.0
srb,1982,615930.0
srb,1983,621271.0
srb,1984,624760.0
srb,1985,625261.0
srb,1986,623924.0
srb,1987,619393.0
srb,1988,612111.0
srb,1989,603996.0
srb,1990,599132.0
srb,1991,594982.0
srb,1992,593626.0
srb,1993,593430.0
srb,1994,591882.0
srb,1995,583766.0
srb,1996,572027.0
srb,1997,556131.0
srb,1998,325221.0
srb,1999,324526.0
srb,2000,320398.0
srb,2001,312194.0
srb,2002,302930.0
srb,2003,292682.0
srb,2004,286242.0
srb,2005,288058.0
srb,2006,294581.0
srb,2007,303610.0
srb,2008,310870.0
srb,2009,306916.0
srb,2010,299219.0
srb,2011,275464.0
srb,2012,271364.0
srb,2013,268811.0
srb,2014,265961.0
srb,2015,265257.0
ssa,1970,24513924.0
ssa,1971,25086346.0
ssa,1972,25849584.0
ssa,1973,26590660.0
ssa,1974,27190742.0
ssa,1975,27837576.0
ssa,1976,28819376.0
ssa,1977,29767146.0
ssa,1978,30744472.0
ssa,1979,31679434.0
ssa,1980,32507796.0
ssa,1981,33596768.0
ssa,1982,34904984.0
ssa,1983,35553936.0
ssa,1984,36561248.0
ssa,1985,37456808.0
ssa,1986,38383876.0
ssa,1987,39922032.0
ssa,1988,41063756.0
ssa,1989,42133184.0
ssa,1990,43091540.0
ssa,1991,44108616.0
ssa,1992,45370688.0
ssa,1993,46544204.0
ssa,1994,48205752.0
ssa,1995,49097644.0
ssa,1996,50008400.0
ssa,1997,51248312.0
ssa,1998,55039512.0
ssa,1999,55723236.0
ssa,2000,56968304.0
ssa,2001,58385272.0
ssa,2002,60187280.0
ssa,2003,62039316.0
ssa,2004,63858892.0
ssa,2005,65514348.0
ssa,2006,67220584.0
ssa,2007,67533456.0
ssa,2008,69456280.0
ssa,2009,71275600.0
ssa,2010,72947288.0
ssa,2011,75015784.0
ssa,2012,76949144.0
ssa,2013,78839216.0
ssa,2014,82122064.0
ssd,2005,499117.0
ssd,2006,513118.0
ssd,2007,531696.0
ssd,2008,550160.0
ssd,2009,568919.0
ssd,2010,588661.0
ssd,2011,969548.0
ssd,2012,1010983.0
ssd,2013,1050847.0
ssd,2014,1084668.0
ssd,2015,1113069.0
ssd,2016,1142292.0
ssf,1970,24517104.0
ssf,1971,25089568.0
ssf,1972,25852834.0
ssf,1973,26593922.0
ssf,1974,27194004.0
ssf,1975,27840828.0
ssf,1976,28822676.0
ssf,1977,29770496.0
ssf,1978,30747864.0
ssf,1979,31682842.0
ssf,1980,32511184.0
ssf,1981,33600152.0
ssf,1982,34908360.0
ssf,1983,35557288.0
ssf,1984,36564568.0
ssf,1985,37460084.0
ssf,1986,38387216.0
ssf,1987,39925424.0
ssf,1988,41067184.0
ssf,1989,42136620.0
ssf,1990,43094952.0
ssf,1991,44111940.0
ssf,1992,45373952.0
ssf,1993,46547432.0
ssf,1994,48208956.0
ssf,1995,49100848.0
ssf,1996,50011600.0
ssf,1997,51251492.0
ssf,1998,55042660.0
ssf,1999,55726344.0
ssf,2000,56971360.0
ssf,2001,58388240.0
ssf,2002,60190168.0
ssf,2003,62042136.0
ssf,2004,63861684.0
ssf,2005,65517168.0
ssf,2006,67223424.0
ssf,2007,67536312.0
ssf,2008,69459136.0
ssf,2009,71278432.0
ssf,2010,72950056.0
ssf,2011,75018672.0
ssf,2012,76952168.0
ssf,2013,78842376.0
ssf,2014,82125320.0
stp,1970,9566.0
stp,1971,9888.0
stp,1972,10334.0
stp,1973,10771.0
stp,1974,11151.0
stp,1975,11312.0
stp,1976,11489.0
stp,1977,11720.0
stp,1978,11882.0
stp,1979,12027.0
stp,1980,12275.0
stp,1981,12545.0
stp,1982,13374.0
stp,1983,14333.0
stp,1984,15193.0
stp,1985,15369.0
stp,1986,15423.0
stp,1987,15145.0
stp,1988,14559.0
stp,1989,13941.0
stp,1990,13923.0
stp,1991,14020.0
stp,1992,14436.0
stp,1993,15085.0
stp,1994,15792.0
stp,1995,16154.0
stp,1996,16431.0
stp,1997,16571.0
stp,1998,16490.0
stp,1999,16304.0
stp,2000,16186.0
stp,2001,16162.0
stp,2002,16608.0
stp,2003,17246.0
stp,2004,17960.0
stp,2005,18474.0
stp,2006,14498.0
stp,2007,14931.0
stp,2008,15362.0
stp,2009,15759.0
stp,2010,16035.0
stp,2011,16278.0
stp,2012,16416.0
stp,2013,16491.0
stp,2014,16566.0
stp,2015,16814.0
stp,2016,17042.0
sur,1970,25948.0
sur,1971,25751.0
sur,1972,25641.0
sur,1973,25386.0
sur,1974,25039.0
sur,1975,24683.0
sur,1976,24375.0
sur,1977,22917.0
sur,1978,21532.0
sur,1979,20321.0
sur,1980,19379.0
sur,1981,18833.0
sur,1982,17980.0
sur,1983,17117.0
sur,1984,16406.0
sur,1985,16056.0
sur,1986,16276.0
sur,1987,17006.0
sur,1988,18077.0
sur,1989,19251.0
sur,1990,20183.0
sur,1991,20472.0
sur,1992,20907.0
sur,1993,21210.0
sur,1994,21430.0
sur,1995,21658.0
sur,1996,21990.0
sur,1997,22130.0
sur,1998,22155.0
sur,1999,22086.0
sur,2000,21952.0
sur,2001,21815.0
sur,2002,21267.0
sur,2003,20893.0
sur,2004,20711.0
sur,2005,20707.0
sur,2006,20826.0
sur,2007,20614.0
sur,2008,20290.0
sur,2009,19947.0
sur,2010,19702.0
sur,2011,19709.0
sur,2012,19636.0
sur,2013,19576.0
sur,2014,19520.0
sur,2015,19450.0
sur,2016,19346.0
svk,1970,237520.0
svk,1971,232940.0
svk,1972,230198.0
svk,1973,228764.0
svk,1974,229236.0
svk,1975,233372.0
svk,1976,238948.0
svk,1977,249280.0
svk,1978,261701.0
svk,1979,273991.0
svk,1980,280585.0
svk,1981,286034.0
svk,1982,289972.0
svk,1983,291999.0
svk,1984,292168.0
svk,1985,290901.0
svk,1986,287983.0
svk,1987,280710.0
svk,1988,271413.0
svk,1989,261990.0
svk,1990,257545.0
svk,1991,252870.0
svk,1992,249555.0
svk,1993,246833.0
svk,1994,243732.0
svk,1995,237427.0
svk,1996,230868.0
svk,1997,224613.0
svk,1998,217755.0
svk,1999,210158.0
svk,2000,201141.0
svk,2001,192212.0
svk,2002,181898.0
svk,2003,171522.0
svk,2004,162307.0
svk,2005,157381.0
svk,2006,153757.0
svk,2007,152695.0
svk,2008,153482.0
svk,2009,155416.0
svk,2010,156569.0
svk,2011,158467.0
svk,2012,162670.0
svk,2013,167445.0
svk,2014,171769.0
svk,2015,172904.0
svk,2016,173721.0
svn,1970,110237.0
svn,1971,110289.0
svn,1972,109497.0
svn,1973,108232.0
svn,1974,107107.0
svn,1975,107708.0
svn,1976,108615.0
svn,1977,110184.0
svn,1978,112193.0
svn,1979,114343.0
svn,1980,115805.0
svn,1981,117283.0
svn,1982,118589.0
svn,1983,119990.0
svn,1984,121160.0
svn,1985,121538.0
svn,1986,121161.0
svn,1987,119126.0
svn,1988,115930.0
svn,1989,112132.0
svn,1990,109133.0
svn,1991,105761.0
svn,1992,102945.0
svn,1993,100034.0
svn,1994,96954.0
svn,1995,93293.0
svn,1996,89806.0
svn,1997,85809.0
svn,1998,81863.0
svn,1999,78308.0
svn,2000,76036.0
svn,2001,74114.0
svn,2002,72858.0
svn,2003,72256.0
svn,2004,72027.0
svn,2005,53266.0
svn,2006,53133.0
svn,2007,53172.0
svn,2008,53459.0
svn,2009,54116.0
svn,2010,55614.0
svn,2011,57166.0
svn,2012,59323.0
svn,2013,61690.0
svn,2014,63941.0
svn,2015,65301.0
svn,2016,66395.0
swe,1970,458962.0
swe,1971,463763.0
swe,1972,466469.0
swe,1973,467018.0
swe,1974,465805.0
swe,1975,463843.0
swe,1976,460448.0
swe,1977,455034.0
swe,1978,448046.0
swe,1979,439907.0
swe,1980,431573.0
swe,1981,422467.0
swe,1982,409972.0
swe,1983,396604.0
swe,1984,384407.0
swe,1985,377274.0
swe,1986,373327.0
swe,1987,373910.0
swe,1988,378171.0
swe,1989,385503.0
swe,1990,394372.0
swe,1991,405392.0
swe,1992,421644.0
swe,1993,440015.0
swe,1994,457739.0
swe,1995,469833.0
swe,1996,477343.0
swe,1997,481112.0
swe,1998,480586.0
swe,1999,475210.0
swe,2000,462365.0
swe,2001,447647.0
swe,2002,421428.0
swe,2003,390526.0
swe,2004,362422.0
swe,2005,354855.0
swe,2006,352481.0
swe,2007,363480.0
swe,2008,383855.0
swe,2009,407520.0
swe,2010,418715.0
swe,2011,430481.0
swe,2012,441583.0
swe,2013,451695.0
swe,2014,461045.0
swe,2015,471516.0
swe,2016,479980.0
swz,1970,46110.0
swz,1971,47920.0
swz,1972,49783.0
swz,1973,51629.0
swz,1974,53229.0
swz,1975,54960.0
swz,1976,57216.0
swz,1977,59514.0
swz,1978,61736.0
swz,1979,63555.0
swz,1980,65398.0
swz,1981,67340.0
swz,1982,69223.0
swz,1983,71195.0
swz,1984,73352.0
swz,1985,76086.0
swz,1986,79341.0
swz,1987,82938.0
swz,1988,86553.0
swz,1989,89797.0
swz,1990,92384.0
swz,1991,95609.0
swz,1992,98170.0
swz,1993,99876.0
swz,1994,99996.0
swz,1995,99876.0
swz,1996,99480.0
swz,1997,98527.0
swz,1998,97192.0
swz,1999,96101.0
swz,2000,94636.0
swz,2001,93855.0
swz,2002,92836.0
swz,2003,91787.0
swz,2004,90914.0
swz,2005,90580.0
swz,2006,90550.0
swz,2007,91016.0
swz,2008,91798.0
swz,2009,92407.0
swz,2010,93276.0
swz,2011,95132.0
swz,2012,97202.0
swz,2013,99160.0
swz,2014,100164.0
swz,2015,101094.0
swz,2016,102367.0
syc,1970,3180.0
syc,1971,3221.0
syc,1972,3251.0
syc,1973,3263.0
syc,1974,3262.0
syc,1975,3252.0
syc,1976,3300.0
syc,1977,3351.0
syc,1978,3391.0
syc,1979,3408.0
syc,1980,3387.0
syc,1981,3383.0
syc,1982,3373.0
syc,1983,3353.0
syc,1984,3323.0
syc,1985,3278.0
syc,1986,3339.0
syc,1987,3392.0
syc,1988,3427.0
syc,1989,3438.0
syc,1990,3413.0
syc,1991,3326.0
syc,1992,3265.0
syc,1993,3225.0
syc,1994,3206.0
syc,1995,3206.0
syc,1996,3197.0
syc,1997,3178.0
syc,1998,3148.0
syc,1999,3108.0
syc,2000,3058.0
syc,2001,2969.0
syc,2002,2885.0
syc,2003,2822.0
syc,2004,2792.0
syc,2005,2821.0
syc,2006,2841.0
syc,2007,2856.0
syc,2008,2857.0
syc,2009,2834.0
syc,2010,2771.0
syc,2011,2888.0
syc,2012,3024.0
syc,2013,3155.0
syc,2014,3257.0
syc,2015,3300.0
syc,2016,3342.0
syr,1970,647894.0
syr,1971,667654.0
syr,1972,691705.0
syr,1973,716361.0
syr,1974,742008.0
syr,1975,769788.0
syr,1976,799096.0
syr,1977,834979.0
syr,1978,872415.0
syr,1979,909808.0
syr,1980,942280.0
syr,1981,976035.0
syr,1982,1011247.0
syr,1983,1046252.0
syr,1984,1080088.0
syr,1985,1111307.0
syr,1986,1140372.0
syr,1987,1169749.0
syr,1988,1196363.0
syr,1989,1219818.0
syr,1990,1239344.0
syr,1991,1256177.0
syr,1992,1269817.0
syr,1993,1280902.0
syr,1994,1289717.0
syr,1995,1295273.0
syr,1996,1301723.0
syr,1997,1304770.0
syr,1998,1306367.0
syr,1999,1310893.0
syr,2000,1332073.0
syr,2001,1352242.0
syr,2002,1390152.0
syr,2003,1430256.0
syr,2004,1466036.0
syr,2005,1472594.0
syr,2006,1486808.0
syr,2007,1486694.0
syr,2008,1485761.0
syr,2009,1482696.0
syr,2010,1496851.0
syr,2011,1478033.0
syr,2012,1487605.0
syr,2013,1473931.0
syr,2014,1443016.0
syr,2015,1389968.0
tcd,1970,331742.0
tcd,1971,338126.0
tcd,1972,349301.0
tcd,1973,360764.0
tcd,1974,372120.0
tcd,1975,382623.0
tcd,1976,393382.0
tcd,1977,408764.0
tcd,1978,423845.0
tcd,1979,437782.0
tcd,1980,447263.0
tcd,1981,458075.0
tcd,1982,473143.0
tcd,1983,487777.0
tcd,1984,501938.0
tcd,1985,514152.0
tcd,1986,529149.0
tcd,1987,549675.0
tcd,1988,570843.0
tcd,1989,591920.0
tcd,1990,610589.0
tcd,1991,630818.0
tcd,1992,656013.0
tcd,1993,680943.0
tcd,1994,705481.0
tcd,1995,728170.0
tcd,1996,753330.0
tcd,1997,785651.0
tcd,1998,818528.0
tcd,1999,851134.0
tcd,2000,879719.0
tcd,2001,911612.0
tcd,2002,951073.0
tcd,2003,990735.0
tcd,2004,1029290.0
tcd,2005,1063904.0
tcd,2006,1098101.0
tcd,2007,1138084.0
tcd,2008,1175998.0
tcd,2009,1211575.0
tcd,2010,1242294.0
tcd,2011,1274896.0
tcd,2012,1315962.0
tcd,2013,1356593.0
tcd,2014,1395619.0
tcd,2015,1428958.0
tcd,2016,1463858.0
tgo,1970,201955.0
tgo,1971,210103.0
tgo,1972,219124.0
tgo,1973,226962.0
tgo,1974,233725.0
tgo,1975,239408.0
tgo,1976,244921.0
tgo,1977,252701.0
tgo,1978,260222.0
tgo,1979,267495.0
tgo,1980,273241.0
tgo,1981,281109.0
tgo,1982,292015.0
tgo,1983,303618.0
tgo,1984,315175.0
tgo,1985,325104.0
tgo,1986,334934.0
tgo,1987,346579.0
tgo,1988,357302.0
tgo,1989,366883.0
tgo,1990,374706.0
tgo,1991,381972.0
tgo,1992,392341.0
tgo,1993,401745.0
tgo,1994,409914.0
tgo,1995,415461.0
tgo,1996,421436.0
tgo,1997,428352.0
tgo,1998,434999.0
tgo,1999,441724.0
tgo,2000,449020.0
tgo,2001,457415.0
tgo,2002,468386.0
tgo,2003,480083.0
tgo,2004,492328.0
tgo,2005,504241.0
tgo,2006,517466.0
tgo,2007,534698.0
tgo,2008,552783.0
tgo,2009,570607.0
tgo,2010,585211.0
tgo,2011,599908.0
tgo,2012,615764.0
tgo,2013,630794.0
tgo,2014,644655.0
tgo,2015,656354.0
tgo,2016,667616.0
tha,1970,3370293.0
tha,1971,3460160.0
tha,1972,3559870.0
tha,1973,3661589.0
tha,1974,3754442.0
tha,1975,3825020.0
tha,1976,3859083.0
tha,1977,3878758.0
tha,1978,3869562.0
tha,1979,3841948.0
tha,1980,3809430.0
tha,1981,3788417.0
tha,1982,3753155.0
tha,1983,3711331.0
tha,1984,3664958.0
tha,1985,3615684.0
tha,1986,3564752.0
tha,1987,3519617.0
tha,1988,3433843.0
tha,1989,3389541.0
tha,1990,3334729.0
tha,1991,3278243.0
tha,1992,3242993.0
tha,1993,3204892.0
tha,1994,3165829.0
tha,1995,3128567.0
tha,1996,3094120.0
tha,1997,3066697.0
tha,1998,3043997.0
tha,1999,3018259.0
tha,2000,2963613.0
tha,2001,2917004.0
tha,2002,2893876.0
tha,2003,2870645.0
tha,2004,2846856.0
tha,2005,2831849.0
tha,2006,2801945.0
tha,2007,2717615.0
tha,2008,2636783.0
tha,2009,2564502.0
tha,2010,2511997.0
tha,2011,2464063.0
tha,2012,2432027.0
tha,2013,2406885.0
tha,2014,2386425.0
tha,2015,2367529.0
tjk,1970,403143.0
tjk,1971,407997.0
tjk,1972,409015.0
tjk,1973,406971.0
tjk,1974,405567.0
tjk,1975,414822.0
tjk,1976,424493.0
tjk,1977,434410.0
tjk,1978,446172.0
tjk,1979,458119.0
tjk,1980,464577.0
tjk,1981,471903.0
tjk,1982,480796.0
tjk,1983,489044.0
tjk,1984,498949.0
tjk,1985,515625.0
tjk,1986,535822.0
tjk,1987,564010.0
tjk,1988,596036.0
tjk,1989,628733.0
tjk,1990,656271.0
tjk,1991,680039.0
tjk,1992,708710.0
tjk,1993,735367.0
tjk,1994,756312.0
tjk,1995,762584.0
tjk,1996,763137.0
tjk,1997,755627.0
tjk,1998,739362.0
tjk,1999,720391.0
tjk,2000,711804.0
tjk,2001,705216.0
tjk,2002,700681.0
tjk,2003,700171.0
tjk,2004,701226.0
tjk,2005,696916.0
tjk,2006,694234.0
tjk,2007,688961.0
tjk,2008,683020.0
tjk,2009,679895.0
tjk,2010,687679.0
tjk,2011,699868.0
tjk,2012,722360.0
tjk,2013,750171.0
tjk,2014,780363.0
tjk,2015,805600.0
tjk,2016,832004.0
tkm,1970,286291.0
tkm,1971,288693.0
tkm,1972,288517.0
tkm,1973,286438.0
tkm,1974,284784.0
tkm,1975,289430.0
tkm,1976,294802.0
tkm,1977,302013.0
tkm,1978,310773.0
tkm,1979,319773.0
tkm,1980,325360.0
tkm,1981,330859.0
tkm,1982,336761.0
tkm,1983,342147.0
tkm,1984,347697.0
tkm,1985,354879.0
tkm,1986,362957.0
tkm,1987,373574.0
tkm,1988,384896.0
tkm,1989,396725.0
tkm,1990,408277.0
tkm,1991,420664.0
tkm,1992,436642.0
tkm,1993,453564.0
tkm,1994,468695.0
tkm,1995,476905.0
tkm,1996,480454.0
tkm,1997,480507.0
tkm,1998,475936.0
tkm,1999,467230.0
tkm,2000,454464.0
tkm,2001,440219.0
tkm,2002,421319.0
tkm,2003,398965.0
tkm,2004,378428.0
tkm,2005,371688.0
tkm,2006,368501.0
tkm,2007,375515.0
tkm,2008,389346.0
tkm,2009,404566.0
tkm,2010,407080.0
tkm,2011,409198.0
tkm,2012,408217.0
tkm,2013,404582.0
tkm,2014,299928.0
tkm,2015,302978.0
tkm,2016,305404.0
tls,1970,35282.0
tls,1971,35787.0
tls,1972,36840.0
tls,1973,37883.0
tls,1974,38660.0
tls,1975,38886.0
tls,1976,38390.0
tls,1977,37556.0
tls,1978,36278.0
tls,1979,34744.0
tls,1980,33127.0
tls,1981,31434.0
tls,1982,30054.0
tls,1983,28863.0
tls,1984,28317.0
tls,1985,29090.0
tls,1986,32075.0
tls,1987,35257.0
tls,1988,39164.0
tls,1989,43072.0
tls,1990,45914.0
tls,1991,46364.0
tls,1992,47727.0
tls,1993,48429.0
tls,1994,48802.0
tls,1995,49410.0
tls,1996,51037.0
tls,1997,53877.0
tls,1998,56538.0
tls,1999,58985.0
tls,2000,61290.0
tls,2001,63342.0
tls,2002,65023.0
tls,2003,67348.0
tls,2004,69652.0
tls,2005,71041.0
tls,2006,70782.0
tls,2007,68431.0
tls,2008,65830.0
tls,2009,63545.0
tls,2010,62338.0
tls,2011,61681.0
tls,2012,90644.0
tls,2013,90255.0
tls,2014,95200.0
tls,2015,100582.0
tls,2016,64579.0
ton,1970,9133.0
ton,1971,9040.0
ton,1972,8835.0
ton,1973,8563.0
ton,1974,8301.0
ton,1975,8041.0
ton,1976,7771.0
ton,1977,7464.0
ton,1978,7175.0
ton,1979,7059.0
ton,1980,6987.0
ton,1981,7236.0
ton,1982,7535.0
ton,1983,7801.0
ton,1984,5268.0
ton,1985,5295.0
ton,1986,5442.0
ton,1987,5608.0
ton,1988,5729.0
ton,1989,5616.0
ton,1990,5530.0
ton,1991,5357.0
ton,1992,5125.0
ton,1993,4912.0
ton,1994,4934.0
ton,1995,4940.0
ton,1996,5109.0
ton,1997,5328.0
ton,1998,5526.0
ton,1999,5446.0
ton,2000,5446.0
ton,2001,5352.0
ton,2002,5246.0
ton,2003,5167.0
ton,2004,5281.0
ton,2005,5330.0
ton,2006,5373.0
ton,2007,5421.0
ton,2008,5459.0
ton,2009,5439.0
ton,2010,5429.0
ton,2011,5441.0
ton,2012,5406.0
ton,2013,5394.0
ton,2014,5361.0
ton,2015,5301.0
ton,2016,5175.0
tto,1970,56025.0
tto,1971,54272.0
tto,1972,50698.0
tto,1973,46813.0
tto,1974,43630.0
tto,1975,44379.0
tto,1976,44558.0
tto,1977,46197.0
tto,1978,48497.0
tto,1979,50764.0
tto,1980,50439.0
tto,1981,51246.0
tto,1982,52201.0
tto,1983,53113.0
tto,1984,54129.0
tto,1985,56127.0
tto,1986,57467.0
tto,1987,59728.0
tto,1988,61790.0
tto,1989,62976.0
tto,1990,60925.0
tto,1991,59148.0
tto,1992,55959.0
tto,1993,52053.0
tto,1994,48191.0
tto,1995,46798.0
tto,1996,44687.0
tto,1997,42730.0
tto,1998,40975.0
tto,1999,39380.0
tto,2000,37542.0
tto,2001,36282.0
tto,2002,35503.0
tto,2003,35082.0
tto,2004,34920.0
tto,2005,34731.0
tto,2006,34843.0
tto,2007,35664.0
tto,2008,36671.0
tto,2009,37633.0
tto,2010,37827.0
tto,2011,38218.0
tto,2012,38670.0
tto,2013,39019.0
tto,2014,39232.0
tto,2015,39287.0
tto,2016,39159.0
tun,1970,498370.0
tun,1971,500521.0
tun,1972,501657.0
tun,1973,501287.0
tun,1974,501157.0
tun,1975,506350.0
tun,1976,512048.0
tun,1977,519016.0
tun,1978,526481.0
tun,1979,534553.0
tun,1980,542501.0
tun,1981,552607.0
tun,1982,565645.0
tun,1983,580639.0
tun,1984,595320.0
tun,1985,603956.0
tun,1986,611910.0
tun,1987,620996.0
tun,1988,627918.0
tun,1989,632869.0
tun,1990,636764.0
tun,1991,638945.0
tun,1992,641317.0
tun,1993,641662.0
tun,1994,638578.0
tun,1995,628610.0
tun,1996,615611.0
tun,1997,598052.0
tun,1998,576431.0
tun,1999,553785.0
tun,2000,537628.0
tun,2001,521651.0
tun,2002,509655.0
tun,2003,499696.0
tun,2004,491327.0
tun,2005,481918.0
tun,2006,475772.0
tun,2007,473843.0
tun,2008,474953.0
tun,2009,478549.0
tun,2010,482908.0
tun,2011,489845.0
tun,2012,500822.0
tun,2013,513783.0
tun,2014,527903.0
tun,2015,542037.0
tur,1970,2026033.0
tur,1971,2042423.0
tur,1972,2081688.0
tur,1973,2121644.0
tur,1974,2161195.0
tur,1975,2199613.0
tur,1976,2236138.0
tur,1977,2295381.0
tur,1978,2357643.0
tur,1979,2417843.0
tur,1980,2469730.0
tur,1981,2505779.0
tur,1982,2549416.0
tur,1983,2588796.0
tur,1984,2622161.0
tur,1985,2647896.0
tur,1986,2664756.0
tur,1987,2686346.0
tur,1988,2700206.0
tur,1989,2705468.0
tur,1990,2701326.0
tur,1991,2687294.0
tur,1992,2670187.0
tur,1993,2645476.0
tur,1994,2617729.0
tur,1995,2592776.0
tur,1996,2577390.0
tur,1997,2567934.0
tur,1998,2561878.0
tur,1999,3849226.0
tur,2000,3858732.0
tur,2001,3872106.0
tur,2002,3913262.0
tur,2003,3960789.0
tur,2004,4000294.0
tur,2005,3992698.0
tur,2006,3979358.0
tur,2007,3948709.0
tur,2008,3905137.0
tur,2009,3862053.0
tur,2010,3846120.0
tur,2011,3847580.0
tur,2012,3873014.0
tur,2013,3908461.0
tur,2014,3949541.0
tur,2015,3998716.0
tur,2016,4029415.0
tuv,2000,723.0
tuv,2001,738.0
tuv,2002,732.0
tuv,2003,724.0
tuv,2004,713.0
tuv,2005,692.0
tuv,2006,676.0
tuv,2007,686.0
tuv,2008,689.0
tuv,2009,693.0
tuv,2010,705.0
tuv,2011,726.0
tuv,2012,746.0
tuv,2013,773.0
tuv,2014,804.0
tuv,2015,798.0
tuv,2016,788.0
tza,1970,862924.0
tza,1971,895684.0
tza,1972,929015.0
tza,1973,961844.0
tza,1974,992830.0
tza,1975,1020762.0
tza,1976,1058471.0
tza,1977,1096087.0
tza,1978,1132858.0
tza,1979,1168003.0
tza,1980,1200659.0
tza,1981,1243423.0
tza,1982,1286265.0
tza,1983,1327887.0
tza,1984,1366700.0
tza,1985,1401285.0
tza,1986,1445716.0
tza,1987,1488309.0
tza,1988,1529410.0
tza,1989,1569503.0
tza,1990,1608824.0
tza,1991,1664376.0
tza,1992,1721503.0
tza,1993,1777224.0
tza,1994,1828080.0
tza,1995,1871361.0
tza,1996,1925021.0
tza,1997,1975756.0
tza,1998,2023149.0
tza,1999,2066502.0
tza,2000,2104753.0
tza,2001,2156938.0
tza,2002,2209148.0
tza,2003,2264102.0
tza,2004,2325423.0
tza,2005,2397098.0
tza,2006,2484192.0
tza,2007,2583586.0
tza,2008,2688970.0
tza,2009,2792075.0
tza,2010,2883458.0
tza,2011,2982726.0
tza,2012,3079096.0
tza,2013,3173611.0
tza,2014,3268379.0
tza,2015,3365974.0
tza,2016,3469797.0
uga,1970,638131.0
uga,1971,661382.0
uga,1972,683755.0
uga,1973,704752.0
uga,1974,723867.0
uga,1975,740367.0
uga,1976,763611.0
uga,1977,786397.0
uga,1978,808747.0
uga,1979,830919.0
uga,1980,853457.0
uga,1981,883817.0
uga,1982,914624.0
uga,1983,945346.0
uga,1984,975386.0
uga,1985,1003850.0
uga,1986,1044896.0
uga,1987,1086981.0
uga,1988,1128734.0
uga,1989,1168646.0
uga,1990,1205523.0
uga,1991,1254667.0
uga,1992,1302854.0
uga,1993,1349550.0
uga,1994,1394466.0
uga,1995,1437362.0
uga,1996,1492820.0
uga,1997,1623822.0
uga,1998,2462917.0
uga,1999,2530872.0
uga,2000,2605605.0
uga,2001,2692009.0
uga,2002,2779025.0
uga,2003,2867708.0
uga,2004,2960833.0
uga,2005,3058642.0
uga,2006,3170804.0
uga,2007,3286188.0
uga,2008,3399916.0
uga,2009,3497854.0
uga,2010,3597569.0
uga,2011,3704897.0
uga,2012,3809140.0
uga,2013,3910127.0
uga,2014,4005906.0
uga,2015,4104066.0
uga,2016,4207858.0
ukr,1970,3046911.0
ukr,1971,2985835.0
ukr,1972,2895893.0
ukr,1973,2796938.0
ukr,1974,2712660.0
ukr,1975,2706264.0
ukr,1976,2711458.0
ukr,1977,2778836.0
ukr,1978,2878228.0
ukr,1979,2977713.0
ukr,1980,2993242.0
ukr,1981,3004169.0
ukr,1982,3008162.0
ukr,1983,2992193.0
ukr,1984,2969907.0
ukr,1985,2981386.0
ukr,1986,2986555.0
ukr,1987,3000907.0
ukr,1988,3015128.0
ukr,1989,3017870.0
ukr,1990,2979202.0
ukr,1991,2927508.0
ukr,1992,2861018.0
ukr,1993,2771509.0
ukr,1994,2669089.0
ukr,1995,2580934.0
ukr,1996,2483240.0
ukr,1997,2377447.0
ukr,1998,2269727.0
ukr,1999,2161359.0
ukr,2000,2049470.0
ukr,2001,1944633.0
ukr,2002,1847435.0
ukr,2003,1288273.0
ukr,2004,1236122.0
ukr,2005,1201349.0
ukr,2006,1178046.0
ukr,2007,1154039.0
ukr,2008,1140755.0
ukr,2009,1141408.0
ukr,2010,1164957.0
ukr,2011,1199774.0
ukr,2012,1300389.0
ukr,2013,1415720.0
ukr,2014,1521211.0
umc,1970,138374752.0
umc,1971,141928048.0
umc,1972,146031424.0
umc,1973,149781136.0
umc,1974,152711120.0
umc,1975,153984256.0
umc,1976,154179264.0
umc,1977,153187520.0
umc,1978,150886288.0
umc,1979,147791616.0
umc,1980,144753392.0
umc,1981,141700288.0
umc,1982,137821760.0
umc,1983,133570520.0
umc,1984,129788424.0
umc,1985,128392872.0
umc,1986,128363016.0
umc,1987,130430208.0
umc,1988,134114640.0
umc,1989,138692800.0
umc,1990,142764704.0
umc,1991,147221808.0
umc,1992,153056464.0
umc,1993,159179216.0
umc,1994,163925296.0
umc,1995,162956736.0
umc,1996,160543168.0
umc,1997,125757576.0
umc,1998,118213352.0
umc,1999,110308488.0
umc,2000,107231552.0
umc,2001,103206312.0
umc,2002,99885424.0
umc,2003,97285272.0
umc,2004,95942048.0
umc,2005,93896072.0
umc,2006,91983400.0
umc,2007,90897032.0
umc,2008,91813208.0
umc,2009,93432488.0
umc,2010,95221416.0
umc,2011,94309448.0
umc,2012,94915664.0
umc,2013,95791584.0
umc,2014,96498544.0
umc,2015,97548232.0
ury,1970,161683.0
ury,1971,159251.0
ury,1972,155896.0
ury,1973,152744.0
ury,1974,152505.0
ury,1975,152972.0
ury,1976,156682.0
ury,1977,161765.0
ury,1978,166721.0
ury,1979,167202.0
ury,1980,167797.0
ury,1981,168278.0
ury,1982,168131.0
ury,1983,167513.0
ury,1984,167096.0
ury,1985,166154.0
ury,1986,162216.0
ury,1987,157612.0
ury,1988,153640.0
ury,1989,153768.0
ury,1990,154320.0
ury,1991,157039.0
ury,1992,160898.0
ury,1993,164808.0
ury,1994,165645.0
ury,1995,166591.0
ury,1996,167867.0
ury,1997,168743.0
ury,1998,169045.0
ury,1999,168605.0
ury,2000,167329.0
ury,2001,164849.0
ury,2002,161608.0
ury,2003,158251.0
ury,2004,156347.0
ury,2005,154610.0
ury,2006,153066.0
ury,2007,151883.0
ury,2008,150916.0
ury,2009,149704.0
ury,2010,148708.0
ury,2011,148041.0
ury,2012,147509.0
ury,2013,146992.0
ury,2014,146152.0
ury,2015,145406.0
ury,2016,144772.0
usa,1970,11633696.0
usa,1971,11403609.0
usa,1972,11035671.0
usa,1973,10648013.0
usa,1974,10291870.0
usa,1975,10095371.0
usa,1976,9929981.0
usa,1977,9894422.0
usa,1978,9901996.0
usa,1979,9922180.0
usa,1980,9849266.0
usa,1981,9826374.0
usa,1982,9905157.0
usa,1983,10015699.0
usa,1984,10143008.0
usa,1985,10250618.0
usa,1986,10373409.0
usa,1987,10573046.0
usa,1988,10774131.0
usa,1989,10959761.0
usa,1990,11084526.0
usa,1991,11200730.0
usa,1992,11343997.0
usa,1993,11441761.0
usa,1994,11505222.0
usa,1995,11551913.0
usa,1996,11602999.0
usa,1997,11752791.0
usa,1998,11890411.0
usa,1999,11987698.0
usa,2000,11965035.0
usa,2001,11923513.0
usa,2002,11795945.0
usa,2003,11621015.0
usa,2004,11457713.0
usa,2005,11463012.0
usa,2006,11480456.0
usa,2007,11719470.0
usa,2008,11978741.0
usa,2009,12193233.0
usa,2010,12162851.0
usa,2011,12143388.0
usa,2012,12193736.0
usa,2013,12236073.0
usa,2014,12256625.0
usa,2015,12217789.0
usa,2016,12173289.0
uzb,1970,1552434.0
uzb,1971,1566465.0
uzb,1972,1568416.0
uzb,1973,1561533.0
uzb,1974,1557282.0
uzb,1975,1585123.0
uzb,1976,1616641.0
uzb,1977,1658222.0
uzb,1978,1710137.0
uzb,1979,1764197.0
uzb,1980,1797176.0
uzb,1981,1831187.0
uzb,1982,1865957.0
uzb,1983,1897188.0
uzb,1984,1931134.0
uzb,1985,1983657.0
uzb,1986,2041199.0
uzb,1987,2120726.0
uzb,1988,2206638.0
uzb,1989,2291596.0
uzb,1990,2359224.0
uzb,1991,2420866.0
uzb,1992,2495611.0
uzb,1993,2566233.0
uzb,1994,2621464.0
uzb,1995,2636373.0
uzb,1996,2632514.0
uzb,1997,2598793.0
uzb,1998,2538347.0
uzb,1999,2463967.0
uzb,2000,2405457.0
uzb,2001,2341887.0
uzb,2002,2276696.0
uzb,2003,2209200.0
uzb,2004,2144626.0
uzb,2005,2088381.0
uzb,2006,2045719.0
uzb,2007,2019373.0
uzb,2008,2007941.0
uzb,2009,2012084.0
uzb,2010,2032713.0
uzb,2011,2067597.0
uzb,2012,2138325.0
uzb,2013,2228364.0
uzb,2014,2322108.0
uzb,2015,2385327.0
uzb,2016,2440150.0
vct,1970,6585.0
vct,1971,6578.0
vct,1972,6514.0
vct,1973,6434.0
vct,1974,6356.0
vct,1975,6326.0
vct,1976,6288.0
vct,1977,6266.0
vct,1978,6249.0
vct,1979,6215.0
vct,1980,6102.0
vct,1981,6007.0
vct,1982,5877.0
vct,1983,5740.0
vct,1984,5613.0
vct,1985,5550.0
vct,1986,5493.0
vct,1987,5529.0
vct,1988,5571.0
vct,1989,5597.0
vct,1990,5538.0
vct,1991,5478.0
vct,1992,5323.0
vct,1993,5166.0
vct,1994,5020.0
vct,1995,4946.0
vct,1996,4850.0
vct,1997,4785.0
vct,1998,4729.0
vct,1999,4672.0
vct,2000,4563.0
vct,2001,4478.0
vct,2002,4375.0
vct,2003,4272.0
vct,2004,4170.0
vct,2005,4069.0
vct,2006,3976.0
vct,2007,3875.0
vct,2008,3771.0
vct,2009,3679.0
vct,2010,3648.0
vct,2011,3614.0
vct,2012,3636.0
vct,2013,3668.0
vct,2014,3684.0
vct,2015,3587.0
vct,2016,3524.0
ven,1970,1162829.0
ven,1971,1184403.0
ven,1972,1200315.0
ven,1973,1205277.0
ven,1974,1203927.0
ven,1975,1202048.0
ven,1976,1206810.0
ven,1977,1210472.0
ven,1978,1213052.0
ven,1979,1217619.0
ven,1980,1227639.0
ven,1981,1246721.0
ven,1982,1277959.0
ven,1983,1318870.0
ven,1984,1363349.0
ven,1985,1403590.0
ven,1986,1430290.0
ven,1987,1486196.0
ven,1988,1507758.0
ven,1989,1528789.0
ven,1990,1560242.0
ven,1991,1588550.0
ven,1992,1622051.0
ven,1993,1655044.0
ven,1994,1682881.0
ven,1995,1692063.0
ven,1996,1698064.0
ven,1997,1694936.0
ven,1998,1684999.0
ven,1999,1673624.0
ven,2000,1675221.0
ven,2001,1676230.0
ven,2002,1680259.0
ven,2003,1685975.0
ven,2004,1692443.0
ven,2005,1696150.0
ven,2006,1701284.0
ven,2007,1712258.0
ven,2008,1724425.0
ven,2009,1735899.0
ven,2010,1741703.0
ven,2011,1746959.0
ven,2012,1753417.0
ven,2013,1758593.0
ven,2014,1762721.0
ven,2015,1766821.0
ven,2016,1769682.0
vgb,2002,816.0
vgb,2003,831.0
vgb,2004,847.0
vgb,2005,871.0
vgb,2006,896.0
vgb,2007,919.0
vgb,2008,952.0
vgb,2009,990.0
vgb,2010,988.0
vgb,2011,988.0
vgb,2012,990.0
vgb,2013,994.0
vgb,2014,1005.0
vgb,2015,1015.0
vgb,2016,1027.0
vnm,1970,4024942.0
vnm,1971,4079046.0
vnm,1972,4138318.0
vnm,1973,4192642.0
vnm,1974,4246171.0
vnm,1975,4308966.0
vnm,1976,4371683.0
vnm,1977,4453215.0
vnm,1978,4538191.0
vnm,1979,4616876.0
vnm,1980,4656830.0
vnm,1981,4701542.0
vnm,1982,4735174.0
vnm,1983,4763631.0
vnm,1984,4797538.0
vnm,1985,4866909.0
vnm,1986,4940753.0
vnm,1987,5036245.0
vnm,1988,5140134.0
vnm,1989,5241679.0
vnm,1990,5309875.0
vnm,1991,5377172.0
vnm,1992,5448426.0
vnm,1993,5507010.0
vnm,1994,5548442.0
vnm,1995,5575316.0
vnm,1996,5566236.0
vnm,1997,5555633.0
vnm,1998,5519979.0
vnm,1999,5438587.0
vnm,2000,5243688.0
vnm,2001,5032505.0
vnm,2002,4712520.0
vnm,2003,4354744.0
vnm,2004,4030652.0
vnm,2005,3926967.0
vnm,2006,3850722.0
vnm,2007,3874802.0
vnm,2008,3965691.0
vnm,2009,4082469.0
vnm,2010,4101067.0
vnm,2011,4151172.0
vnm,2012,4242877.0
vnm,2013,4343910.0
vnm,2014,4442369.0
vnm,2015,4516893.0
vut,1970,8376.0
vut,1971,8608.0
vut,1972,8832.0
vut,1973,9052.0
vut,1974,9264.0
vut,1975,9499.0
vut,1976,9831.0
vut,1977,10180.0
vut,1978,10523.0
vut,1979,10797.0
vut,1980,11056.0
vut,1981,11367.0
vut,1982,11683.0
vut,1983,11993.0
vut,1984,12268.0
vut,1985,12539.0
vut,1986,12795.0
vut,1987,13061.0
vut,1988,13336.0
vut,1989,13621.0
vut,1990,13909.0
vut,1991,14118.0
vut,1992,14308.0
vut,1993,14496.0
vut,1994,14748.0
vut,1995,14960.0
vut,1996,15239.0
vut,1997,10223.0
vut,1998,10410.0
vut,1999,10597.0
vut,2000,10764.0
vut,2001,10945.0
vut,2002,11148.0
vut,2003,11353.0
vut,2004,11524.0
vut,2005,11636.0
vut,2006,11689.0
vut,2007,11677.0
vut,2008,11669.0
vut,2009,11757.0
vut,2010,12034.0
vut,2011,12511.0
vut,2012,13107.0
vut,2013,13690.0
vut,2014,14082.0
vut,2015,14085.0
wld,1970,270455424.0
wld,1971,275027296.0
wld,1972,280693408.0
wld,1973,285839072.0
wld,1974,289975296.0
wld,1975,292388160.0
wld,1976,294462656.0
wld,1977,295755712.0
wld,1978,295961248.0
wld,1979,295203744.0
wld,1980,294207392.0
wld,1981,293005696.0
wld,1982,291457344.0
wld,1983,288918464.0
wld,1984,287239104.0
wld,1985,288145248.0
wld,1986,290786048.0
wld,1987,296778944.0
wld,1988,304127744.0
wld,1989,312105536.0
wld,1990,318675264.0
wld,1991,325137280.0
wld,1992,333436224.0
wld,1993,341675200.0
wld,1994,348544064.0
wld,1995,348654688.0
wld,1996,347277344.0
wld,1997,313986752.0
wld,1998,342927968.0
wld,1999,328322944.0
wld,2000,325982592.0
wld,2001,322834176.0
wld,2002,321044544.0
wld,2003,318750976.0
wld,2004,318798144.0
wld,2005,317957216.0
wld,2006,317447808.0
wld,2007,318399232.0
wld,2008,321648768.0
wld,2009,325408832.0
wld,2010,329842400.0
wld,2011,331097184.0
wld,2012,334530944.0
wld,2013,336420000.0
wld,2014,339165440.0
wld,2015,341361632.0
wsm,1970,10881.0
wsm,1971,10867.0
wsm,1972,10762.0
wsm,1973,10606.0
wsm,1974,10532.0
wsm,1975,10401.0
wsm,1976,10254.0
wsm,1977,10105.0
wsm,1978,9957.0
wsm,1979,9784.0
wsm,1980,9650.0
wsm,1981,9546.0
wsm,1982,9461.0
wsm,1983,9385.0
wsm,1984,9294.0
wsm,1985,9214.0
wsm,1986,9139.0
wsm,1987,9070.0
wsm,1988,9010.0
wsm,1989,8932.0
wsm,1990,8941.0
wsm,1991,9092.0
wsm,1992,9259.0
wsm,1993,9421.0
wsm,1994,9528.0
wsm,1995,9663.0
wsm,1996,9857.0
wsm,1997,10077.0
wsm,1998,10272.0
wsm,1999,10317.0
wsm,2000,10342.0
wsm,2001,10158.0
wsm,2002,9949.0
wsm,2003,9768.0
wsm,2004,9799.0
wsm,2005,9782.0
wsm,2006,9790.0
wsm,2007,9814.0
wsm,2008,9847.0
wsm,2009,9847.0
wsm,2010,9895.0
wsm,2011,10098.0
wsm,2012,10311.0
wsm,2013,10456.0
wsm,2014,10271.0
wsm,2015,10129.0
wsm,2016,9866.0
yem,1970,583900.0
yem,1971,602782.0
yem,1972,632433.0
yem,1973,662899.0
yem,1974,691908.0
yem,1975,710360.0
yem,1976,733547.0
yem,1977,757716.0
yem,1978,782236.0
yem,1979,809085.0
yem,1980,843466.0
yem,1981,881846.0
yem,1982,931440.0
yem,1983,985142.0
yem,1984,1039341.0
yem,1985,1083291.0
yem,1986,1129983.0
yem,1987,1182399.0
yem,1988,1234013.0
yem,1989,1286497.0
yem,1990,1340543.0
yem,1991,1403152.0
yem,1992,1467226.0
yem,1993,1535610.0
yem,1994,1603336.0
yem,1995,1664776.0
yem,1996,1715218.0
yem,1997,1779330.0
yem,1998,1834580.0
yem,1999,1876128.0
yem,2000,1886890.0
yem,2001,1894083.0
yem,2002,1888184.0
yem,2003,1871347.0
yem,2004,1856165.0
yem,2005,1874614.0
yem,2006,1897274.0
yem,2007,1935093.0
yem,2008,1982222.0
yem,2009,2031792.0
yem,2010,2063485.0
yem,2011,2098570.0
yem,2012,2144615.0
yem,2013,2190787.0
yem,2014,2233486.0
yem,2015,2264052.0
zaf,1970,652143.0
zaf,1971,672199.0
zaf,1972,694273.0
zaf,1973,716971.0
zaf,1974,738413.0
zaf,1975,756518.0
zaf,1976,777599.0
zaf,1977,797782.0
zaf,1978,816670.0
zaf,1979,833902.0
zaf,1980,849027.0
zaf,1981,864536.0
zaf,1982,878508.0
zaf,1983,891463.0
zaf,1984,904250.0
zaf,1985,918076.0
zaf,1986,935385.0
zaf,1987,952930.0
zaf,1988,969812.0
zaf,1989,984890.0
zaf,1990,996313.0
zaf,1991,1004866.0
zaf,1992,1012488.0
zaf,1993,1018106.0
zaf,1994,1020303.0
zaf,1995,1018420.0
zaf,1996,1024651.0
zaf,1997,1026683.0
zaf,1998,1026927.0
zaf,1999,1027908.0
zaf,2000,1033376.0
zaf,2001,1039009.0
zaf,2002,1049873.0
zaf,2003,1062070.0
zaf,2004,1071041.0
zaf,2005,1071259.0
zaf,2006,1067070.0
zaf,2007,1053830.0
zaf,2008,1037110.0
zaf,2009,1022993.0
zaf,2010,1018736.0
zaf,2011,1027687.0
zaf,2012,1050748.0
zaf,2013,1080122.0
zaf,2014,1107381.0
zaf,2015,1121497.0
zaf,2016,1124007.0
zmb,1970,576087.0
zmb,1971,601019.0
zmb,1972,626526.0
zmb,1973,651713.0
zmb,1974,673942.0
zmb,1975,696813.0
zmb,1976,724127.0
zmb,1977,750640.0
zmb,1978,776516.0
zmb,1979,801962.0
zmb,1980,828052.0
zmb,1981,859880.0
zmb,1982,892080.0
zmb,1983,922691.0
zmb,1984,946386.0
zmb,1985,969118.0
zmb,1986,996463.0
zmb,1987,1019975.0
zmb,1988,1041730.0
zmb,1989,1066800.0
zmb,1990,1091976.0
zmb,1991,1129681.0
zmb,1992,1168618.0
zmb,1993,1205242.0
zmb,1994,1228973.0
zmb,1995,1252712.0
zmb,1996,1280946.0
zmb,1997,1306716.0
zmb,1998,1331557.0
zmb,1999,1358777.0
zmb,2000,1387742.0
zmb,2001,1429792.0
zmb,2002,1473644.0
zmb,2003,1518282.0
zmb,2004,1559700.0
zmb,2005,1604604.0
zmb,2006,1656752.0
zmb,2007,1711749.0
zmb,2008,1767666.0
zmb,2009,1820009.0
zmb,2010,1873238.0
zmb,2011,1929496.0
zmb,2012,1986379.0
zmb,2013,2041999.0
zmb,2014,2091376.0
zmb,2015,2140491.0
zmb,2016,2189168.0
zwe,1970,348752.0
zwe,1971,361417.0
zwe,1972,373718.0
zwe,1973,385776.0
zwe,1974,397776.0
zwe,1975,410093.0
zwe,1976,425930.0
zwe,1977,442399.0
zwe,1978,459458.0
zwe,1979,477095.0
zwe,1980,494989.0
zwe,1981,514521.0
zwe,1982,535833.0
zwe,1983,557824.0
zwe,1984,579223.0
zwe,1985,598620.0
zwe,1986,619633.0
zwe,1987,1003280.0
zwe,1988,1025950.0
zwe,1989,1040428.0
zwe,1990,1050383.0
zwe,1991,1063490.0
zwe,1992,1069986.0
zwe,1993,1072039.0
zwe,1994,1075029.0
zwe,1995,1075383.0
zwe,1996,1081723.0
zwe,1997,359442.0
zwe,1998,722594.0
zwe,1999,721741.0
zwe,2000,718613.0
zwe,2001,719496.0
zwe,2002,719443.0
zwe,2003,719689.0
zwe,2004,721825.0
zwe,2005,727346.0
zwe,2006,736031.0
zwe,2007,748497.0
zwe,2008,764212.0
zwe,2009,782387.0
zwe,2010,801985.0
zwe,2011,825644.0
zwe,2012,852787.0
zwe,2013,881355.0
zwe,2014,908860.0
zwe,2015,932370.0
zwe,2016,1456907.0
