country,year,uis_sle_123_m
abw,1999,11.8406000137329
abw,2000,11.7100400924683
abw,2001,11.6553001403809
abw,2002,11.9240703582764
abw,2003,11.8230304718018
abw,2004,11.9500598907471
abw,2005,11.8210697174072
abw,2006,12.0735397338867
abw,2007,12.2561902999878
abw,2008,11.6092700958252
abw,2009,11.7580003738403
abw,2010,11.50172996521
abw,2011,11.1597700119019
abw,2012,11.6797800064087
afg,1970,4.02905988693237
afg,1971,4.24174022674561
afg,1972,4.37729978561401
afg,1973,4.43409013748169
afg,1974,4.68193006515503
afg,1975,4.47965002059937
afg,1976,4.64097023010254
afg,1977,4.75965023040771
afg,1978,4.94692993164063
afg,1981,6.47796010971069
afg,1982,2.28301000595093
afg,1984,2.85146999359131
afg,1985,3.06686997413635
afg,1986,3.03713011741638
afg,1988,3.71964001655579
afg,1991,3.47713994979858
afg,1993,4.16884994506836
afg,1994,5.51038980484009
afg,1995,5.54990005493164
afg,2003,8.71681976318359
afg,2004,11.0133399963379
afg,2005,9.58308029174805
afg,2006,10.4943103790283
afg,2007,10.5096197128296
afg,2008,11.0810604095459
afg,2009,11.0814199447632
afg,2010,11.6958599090576
afg,2011,11.3242597579956
afg,2012,11.8659296035767
afg,2013,12.1569900512695
afg,2014,12.1704301834106
ago,1971,3.48415994644165
ago,1972,3.81726002693176
ago,1982,6.89480018615723
ago,1983,6.21506023406982
ago,1998,4.61233997344971
ago,2008,9.53897953033447
ago,2009,9.63998031616211
ago,2010,10.3501501083374
ago,2011,12.0293102264404
alb,1976,11.975640296936
alb,1978,11.9134397506714
alb,1979,11.9172296524048
alb,1980,11.9482002258301
alb,1981,11.9551801681519
alb,1982,11.4884796142578
alb,1983,10.8924999237061
alb,1984,10.9991302490234
alb,1985,11.3212003707886
alb,1986,11.5799999237061
alb,1987,11.4324798583984
alb,1988,11.3484001159668
alb,1989,11.3736696243286
alb,1990,11.5375204086304
alb,1991,11.6741695404053
alb,1992,10.2047100067139
alb,1993,9.4376802444458
alb,1994,9.61163997650146
alb,1995,9.8297004699707
alb,1996,9.83944034576416
alb,1997,10.1180295944214
alb,1999,10.2147903442383
alb,2000,10.0350198745728
alb,2001,10.0570802688599
alb,2004,9.99388027191162
alb,2005,10.3721504211426
alb,2006,10.3436002731323
alb,2007,10.5346002578735
alb,2008,10.6875495910645
alb,2009,10.7798299789429
alb,2010,11.1438703536987
alb,2011,11.5256900787354
alb,2012,11.8648099899292
alb,2013,12.2600698471069
alb,2014,12.5313196182251
and,1975,5.98221015930176
and,1983,9.11524963378906
arb,1970,6.82227468490601
arb,1971,6.83597183227539
arb,1972,6.98437261581421
arb,1973,7.15578174591064
arb,1974,7.24037551879883
arb,1975,7.45499563217163
arb,1976,7.68701410293579
arb,1977,7.84969854354858
arb,1978,7.97789573669434
arb,1979,8.1197395324707
arb,1980,8.22515487670898
arb,1981,8.26721477508545
arb,1982,8.38726043701172
arb,1983,8.49424934387207
arb,1984,8.59941387176514
arb,1985,8.70722484588623
arb,1986,8.84434795379639
arb,1987,8.9627513885498
arb,1988,9.01685523986816
arb,1989,8.92251300811768
arb,1990,8.86033725738525
arb,1991,8.88061332702637
arb,1992,8.56465339660645
arb,1993,8.6067419052124
arb,1994,8.89664936065674
arb,1995,8.71903133392334
arb,1996,8.90178775787354
arb,1997,8.90419483184814
arb,1998,8.96923065185547
arb,1999,9.08474731445313
arb,2000,9.12157344818115
arb,2001,9.19734382629395
arb,2002,9.29810237884521
arb,2003,9.42389392852783
arb,2004,9.54896259307861
arb,2005,9.77818775177002
arb,2006,9.82059383392334
arb,2007,9.85581874847412
arb,2008,9.92830657958984
arb,2009,9.98356819152832
arb,2010,10.0973596572876
arb,2011,10.2768535614014
arb,2012,10.4415168762207
arb,2013,10.3168840408325
arb,2014,10.3200149536133
are,1973,7.47497987747192
are,1974,6.86953020095825
are,1975,6.860680103302
are,1976,7.88742017745972
are,1977,8.04228019714355
are,1978,8.05000019073486
are,1979,7.89122009277344
are,1980,8.4719295501709
are,1981,8.98873996734619
are,1982,9.24405956268311
are,1983,9.15732955932617
are,1984,9.48268985748291
are,1985,9.58454036712646
are,1986,9.6072301864624
are,1987,9.36919975280762
are,1988,9.43387031555176
are,1989,9.71986961364746
are,1990,10.1316699981689
are,1991,10.5106601715088
are,1992,10.3804998397827
are,1993,10.4326801300049
are,1994,10.8665399551392
are,1995,11.1348600387573
are,1997,10.5976696014404
are,1998,10.399959564209
are,1999,10.4228401184082
arg,1970,9.48013973236084
arg,1971,9.57707023620605
arg,1972,9.6666202545166
arg,1973,9.72202968597412
arg,1974,9.94898986816406
arg,1975,9.99940013885498
arg,1976,10.0372104644775
arg,1977,10.0933799743652
arg,1978,10.0237598419189
arg,1979,10.1188297271729
arg,1980,10.1582403182983
arg,1981,10.2658004760742
arg,1982,10.4211902618408
arg,1984,10.5334100723267
arg,1985,10.7170400619507
arg,1986,10.8267097473145
arg,1987,10.8339500427246
arg,1988,10.6998300552368
arg,1996,11.5633001327515
arg,1997,11.1738700866699
arg,1998,11.5766696929932
arg,1999,12.459659576416
arg,2000,12.8025598526001
arg,2001,12.9040002822876
arg,2002,12.9019203186035
arg,2003,12.6960601806641
arg,2004,12.7203502655029
arg,2005,12.5478000640869
arg,2006,12.5526695251465
arg,2007,12.5616703033447
arg,2008,12.6333503723145
arg,2009,12.7882699966431
arg,2010,12.9442701339722
arg,2011,12.9029302597046
arg,2012,12.9220504760742
arg,2013,12.8672103881836
arm,2000,9.04992008209229
arm,2007,9.42837047576904
arm,2008,9.00677013397217
arm,2009,9.16384029388428
atg,1974,9.91998958587646
atg,1975,10.0117597579956
atg,1977,10.1275196075439
atg,1978,9.95637989044189
atg,1992,13.3832597732544
atg,2007,12.6849203109741
atg,2008,13.2447395324707
atg,2009,12.8629102706909
atg,2010,12.9117097854614
atg,2011,12.7552299499512
atg,2012,11.9899597167969
atg,2014,12.1552200317383
aus,1993,14.1072196960449
aus,1994,14.0353097915649
aus,1995,15.3832998275757
aus,1996,15.6989898681641
aus,1997,16.0365390777588
aus,1998,15.8895797729492
aus,1999,16.4005393981934
aus,2000,16.6579895019531
aus,2001,16.2635898590088
aus,2002,16.3719997406006
aus,2003,16.5414390563965
aus,2004,16.3097095489502
aus,2005,16.2257099151611
aus,2006,14.9018402099609
aus,2007,14.8892002105713
aus,2008,14.9224796295166
aus,2009,15.043140411377
aus,2010,15.1613101959229
aus,2011,15.269419670105
aus,2012,15.4247398376465
aus,2013,15.6121196746826
aut,1971,11.6327495574951
aut,1976,11.6730403900146
aut,1981,11.6632099151611
aut,1982,11.5453796386719
aut,1983,11.6379804611206
aut,1984,11.626350402832
aut,1985,11.6710596084595
aut,1986,12.1367502212524
aut,1987,12.3095703125
aut,1988,12.4551000595093
aut,1989,12.6735200881958
aut,1990,12.6909198760986
aut,1991,12.7409296035767
aut,1992,12.9020900726318
aut,1993,12.7229404449463
aut,1994,12.9491100311279
aut,1995,12.9223899841309
aut,1996,12.8156204223633
aut,1997,12.7558603286743
aut,1998,12.2127103805542
aut,1999,12.2459201812744
aut,2000,12.2463102340698
aut,2001,12.2403001785278
aut,2002,12.1681995391846
aut,2003,12.1537504196167
aut,2004,12.1520204544067
aut,2005,12.1871995925903
aut,2006,12.1837396621704
aut,2007,12.1378698348999
aut,2008,12.0877895355225
aut,2009,12.069709777832
aut,2010,11.9527502059937
aut,2011,11.8753499984741
aut,2012,11.8582801818848
aut,2013,11.9587898254395
aut,2014,12.0230903625488
aze,1991,9.37712001800537
aze,1992,9.45707035064697
aze,1993,9.50349044799805
aze,1994,9.43859004974365
aze,1995,8.80564975738525
aze,1996,8.59370040893555
aze,1997,8.67504978179932
aze,2006,10.6791400909424
aze,2007,10.5585098266602
aze,2008,10.5677700042725
aze,2009,10.525429725647
aze,2010,10.5700798034668
aze,2011,10.6944904327393
aze,2012,10.8115901947021
aze,2013,11.0593996047974
aze,2014,11.3165397644043
bdi,1971,2.86164999008179
bdi,1972,2.75287008285522
bdi,1973,2.01345992088318
bdi,1974,1.81748998165131
bdi,1975,1.85793995857239
bdi,1976,1.85134994983673
bdi,1977,1.83910000324249
bdi,1978,2.01729989051819
bdi,1979,1.99876999855042
bdi,1980,2.20223999023438
bdi,1981,2.41034007072449
bdi,1982,2.79766988754272
bdi,1983,3.31991004943848
bdi,1984,3.68522000312805
bdi,1985,4.00223016738892
bdi,1986,4.29036998748779
bdi,1987,4.73542976379395
bdi,1988,5.18496990203857
bdi,1989,4.93240976333618
bdi,1990,4.94039011001587
bdi,1991,5.0063099861145
bdi,1992,4.84876012802124
bdi,1993,5.20065021514893
bdi,2003,5.68508005142212
bdi,2004,6.11420011520386
bdi,2005,6.3886399269104
bdi,2006,7.67705011367798
bdi,2007,8.30259990692139
bdi,2009,9.7074499130249
bdi,2010,10.2524900436401
bdi,2011,10.6365299224854
bdi,2012,10.678750038147
bdi,2013,10.7646999359131
bdi,2014,10.8792896270752
bel,1971,11.4150199890137
bel,1972,11.4666004180908
bel,1973,11.0715303421021
bel,1974,11.288649559021
bel,1975,11.2705297470093
bel,1976,11.3339700698853
bel,1977,11.4035301208496
bel,1978,11.5824403762817
bel,1979,11.5943603515625
bel,1980,11.6476802825928
bel,1981,11.6715698242188
bel,1982,11.7554302215576
bel,1983,11.5256996154785
bel,1984,11.6698703765869
bel,1985,11.7620897293091
bel,1986,11.9177398681641
bel,1987,12.0021696090698
bel,1988,12.1312303543091
bel,1989,12.1772899627686
bel,1990,12.1444597244263
bel,1991,12.0880899429321
bel,1992,12.0576000213623
bel,1993,14.1718301773071
bel,1994,14.29833984375
bel,1995,14.3636302947998
bel,1996,14.5118598937988
bel,1999,14.4401597976685
bel,2000,14.5861597061157
bel,2001,15.0299100875854
bel,2002,14.9111003875732
bel,2003,15.1441097259521
bel,2004,12.6458196640015
bel,2005,12.6712999343872
bel,2006,12.7211103439331
bel,2007,12.7415704727173
bel,2008,12.6835203170776
bel,2009,12.6358604431152
bel,2010,12.631199836731
bel,2011,12.6791200637817
bel,2012,12.6832799911499
bel,2013,15.12024974823
bel,2014,15.2774600982666
ben,1971,3.29060006141663
ben,1973,4.02121019363403
ben,1974,3.97256994247437
ben,1975,4.62538003921509
ben,1977,5.07442998886108
ben,1985,7.32096004486084
ben,1986,6.8779501914978
ben,1987,6.61400985717773
ben,1999,7.82732009887695
ben,2000,8.04967021942139
ben,2001,8.73369979858398
ben,2002,9.18365001678467
ben,2003,9.572190284729
ben,2004,9.9038200378418
ben,2005,9.9570198059082
ben,2011,11.7238903045654
ben,2013,12.47350025177
ben,2014,12.3709497451782
bfa,1971,1.04955005645752
bfa,1972,1.08388996124268
bfa,1973,1.10855996608734
bfa,1974,1.16175997257233
bfa,1975,1.20850002765656
bfa,1976,1.25346004962921
bfa,1977,1.32361996173859
bfa,1979,1.44231998920441
bfa,1980,1.52451002597809
bfa,1981,1.63383996486664
bfa,1982,1.78455996513367
bfa,1983,1.93149995803833
bfa,1984,2.06756997108459
bfa,1985,2.27519011497498
bfa,1986,2.53027009963989
bfa,1994,3.46141004562378
bfa,1999,4.02032995223999
bfa,2000,4.03898000717163
bfa,2001,4.13558006286621
bfa,2003,4.4140100479126
bfa,2004,4.66375017166138
bfa,2005,5.04335021972656
bfa,2006,5.26664018630981
bfa,2007,5.68076992034912
bfa,2008,6.2096700668335
bfa,2009,6.58377981185913
bfa,2010,6.95241022109985
bfa,2011,7.26318979263306
bfa,2012,7.49484014511108
bfa,2013,7.66728019714355
bfa,2014,7.78531980514526
bgd,1973,6.91048002243042
bgd,1976,6.87689018249512
bgd,1977,6.42402982711792
bgd,1979,6.27477979660034
bgd,1980,6.28917980194092
bgd,1981,5.83816003799438
bgd,1984,6.0653600692749
bgd,1985,5.95063018798828
bgd,1986,5.81603002548218
bgd,1987,5.80821990966797
bgd,1988,6.16462993621826
bgd,1989,6.11115980148315
bgd,1990,6.24112987518311
bgd,2005,7.8871898651123
bgd,2006,7.95136976242065
bgd,2007,7.9338002204895
bgd,2008,7.62594985961914
bgd,2009,8.13436985015869
bgd,2010,8.27118015289307
bgd,2011,8.74209022521973
bgr,1971,10.6361103057861
bgr,1972,10.5650796890259
bgr,1973,10.5530700683594
bgr,1974,10.5586996078491
bgr,1975,10.5310897827148
bgr,1976,10.3577098846436
bgr,1977,10.6076002120972
bgr,1978,10.6386499404907
bgr,1979,10.487250328064
bgr,1980,10.4244203567505
bgr,1981,10.3929901123047
bgr,1982,10.557149887085
bgr,1983,10.6769399642944
bgr,1984,10.7752799987793
bgr,1985,10.9133100509644
bgr,1986,11.1645002365112
bgr,1987,11.2973003387451
bgr,1988,11.3270196914673
bgr,1989,11.3766098022461
bgr,1990,10.8553600311279
bgr,1991,10.6859703063965
bgr,1992,10.5218200683594
bgr,1993,10.3356599807739
bgr,1994,10.1314601898193
bgr,1995,10.319299697876
bgr,1996,10.5437297821045
bgr,1997,10.5508098602295
bgr,1998,10.6673097610474
bgr,1999,10.6838102340698
bgr,2000,10.7501802444458
bgr,2001,10.8688802719116
bgr,2002,10.9571199417114
bgr,2003,11.307089805603
bgr,2004,11.5133800506592
bgr,2005,11.4371004104614
bgr,2006,11.3859596252441
bgr,2007,11.4576501846313
bgr,2008,11.3706903457642
bgr,2009,11.3168697357178
bgr,2010,11.4312295913696
bgr,2011,11.5421104431152
bgr,2012,11.4619197845459
bgr,2013,11.804479598999
bgr,2014,11.8758697509766
bhr,1971,10.7048797607422
bhr,1972,10.4576301574707
bhr,1973,10.4597196578979
bhr,1974,10.5833597183228
bhr,1975,10.8893899917603
bhr,1976,10.7803401947021
bhr,1977,10.6088800430298
bhr,1978,10.6521797180176
bhr,1979,10.8603897094727
bhr,1980,10.9869699478149
bhr,1981,11.2028198242188
bhr,1982,11.5469799041748
bhr,1983,12.1345701217651
bhr,1984,12.3273696899414
bhr,1985,12.6622800827026
bhr,1986,12.9273300170898
bhr,1987,12.5896301269531
bhr,1988,12.3854904174805
bhr,1989,12.2573299407959
bhr,1990,11.6748895645142
bhr,1991,12.5806903839111
bhr,1992,12.2338695526123
bhr,1993,12.3721799850464
bhr,1994,12.5155601501465
bhr,1995,12.7032604217529
bhr,1996,12.5944404602051
bhr,1997,12.1383600234985
bhr,1998,12.0311899185181
bhr,1999,11.8844499588013
bhs,1982,10.9339799880981
bhs,1983,10.9968004226685
bhs,1985,11.0865001678467
bhs,1986,11.1862697601318
bhs,1992,11.3637800216675
bhs,1993,11.3919496536255
bhs,1995,10.9525804519653
bhs,1997,10.3073501586914
bhs,1999,10.6451997756958
bhs,2002,11.0669002532959
bhs,2004,11.4672403335571
bhs,2005,11.9268198013306
bhs,2006,11.9385404586792
bhs,2007,12.2567796707153
bhs,2008,12.2315502166748
bhs,2009,11.7832298278809
bhs,2010,11.6998701095581
bih,2011,11.8130397796631
bih,2012,12.068229675293
bih,2013,12.1644697189331
bih,2014,12.0531702041626
blr,1998,10.0624599456787
blr,2008,11.6989402770996
blr,2009,11.6803102493286
blr,2010,11.5007696151733
blr,2011,11.4005098342896
blr,2012,11.4055500030518
blr,2013,11.3323698043823
blr,2014,11.4443397521973
blz,1986,10.322699546814
blz,1987,10.593620300293
blz,1991,10.5951795578003
blz,1994,11.3246698379517
blz,1995,11.3164300918579
blz,1999,11.1237001419067
blz,2000,11.2457895278931
blz,2001,11.1906900405884
blz,2003,11.4281702041626
blz,2004,11.5338401794434
blz,2005,11.6156196594238
blz,2006,11.6040000915527
blz,2007,11.3948802947998
blz,2008,11.326470375061
blz,2009,11.3213300704956
blz,2010,11.3170099258423
blz,2011,11.3085803985596
blz,2012,11.6278095245361
blz,2013,11.6219396591187
blz,2014,11.5725803375244
bmu,1971,10.7745199203491
bmu,1972,10.6639699935913
bmu,1973,10.8740701675415
bmu,1974,10.655779838562
bmu,1975,10.8753499984741
bmu,1976,11.2171602249146
bmu,1977,11.8353700637817
bmu,1978,11.8386001586914
bmu,1979,11.6918096542358
bmu,1980,12.0570802688599
bmu,2001,11.3918504714966
bmu,2002,11.214150428772
bmu,2003,11.1839303970337
bmu,2004,11.1303901672363
bmu,2005,11.1452598571777
bmu,2006,10.8252801895142
bmu,2011,10.4165697097778
bmu,2012,10.2248697280884
bmu,2013,10.0633602142334
bmu,2014,10.0876998901367
bol,1971,7.68681001663208
bol,1998,11.4708404541016
bol,1999,12.0673999786377
bol,2000,12.2731704711914
bol,2001,12.3967695236206
bol,2002,12.8272399902344
bol,2003,12.8468704223633
bol,2006,12.2688999176025
bol,2007,12.1796998977661
bol,2008,12.0851202011108
bra,2002,13.6324701309204
bra,2003,12.6028299331665
bra,2004,12.4703102111816
bra,2005,12.3194904327393
bra,2007,11.6339797973633
bra,2008,11.9228096008301
bra,2009,11.8485898971558
bra,2011,11.855110168457
bra,2012,11.7307195663452
bra,2013,12.4838304519653
brb,1971,11.6474800109863
brb,1972,10.759539604187
brb,1973,10.819769859314
brb,1974,10.9740295410156
brb,1975,11.3414001464844
brb,1976,11.011549949646
brb,1977,11.4757499694824
brb,1978,11.966290473938
brb,1979,11.8822898864746
brb,1980,11.0898103713989
brb,1981,11.191309928894
brb,1982,10.9833097457886
brb,1983,11.2955198287964
brb,1984,11.5518703460693
brb,1985,12.0750503540039
brb,1989,12.1780796051025
brb,1990,12.2705097198486
brb,1999,11.3950099945068
brb,2000,11.176230430603
brb,2001,11.149359703064
brb,2002,11.0387496948242
brb,2003,11.0984401702881
brb,2004,11.1337900161743
brb,2005,11.2523803710938
brb,2006,11.1991395950317
brb,2007,11.2107696533203
brb,2008,11.2362003326416
brb,2009,11.1307697296143
brb,2010,11.0152902603149
brb,2011,10.9928102493286
brb,2014,10.9901599884033
brn,1970,11.9046297073364
brn,1971,12.241379737854
brn,1972,12.3917598724365
brn,1973,12.1749200820923
brn,1974,12.0423698425293
brn,1975,11.8505296707153
brn,1976,11.8266696929932
brn,1977,11.7705097198486
brn,1978,11.6929302215576
brn,1979,10.886079788208
brn,1980,10.9805498123169
brn,1981,11.1099796295166
brn,1982,11.0734195709229
brn,1983,11.2733602523804
brn,1984,11.3617496490479
brn,1991,12.1516399383545
brn,1992,12.1002597808838
brn,1993,12.2762804031372
brn,1994,12.4285497665405
brn,1998,12.5341796875
brn,1999,12.7636098861694
brn,2000,12.7095203399658
brn,2001,12.6000995635986
brn,2002,12.7524700164795
brn,2003,13.0110197067261
brn,2004,13.3725500106812
brn,2005,13.5737199783325
brn,2006,13.6085901260376
brn,2007,13.4328804016113
brn,2008,13.2773399353027
brn,2009,13.3317804336548
brn,2010,13.3183698654175
brn,2011,13.5096998214722
brn,2012,13.7796697616577
brn,2013,13.704930305481
brn,2014,13.3843698501587
btn,1970,2.51450991630554
btn,1971,2.18959999084473
btn,1972,2.41888999938965
btn,1974,2.72677993774414
btn,1977,3.15551996231079
btn,1983,5.5459098815918
btn,1984,5.69821977615356
btn,1998,7.5414400100708
btn,1999,7.79281997680664
btn,2000,8.09854984283447
btn,2001,8.34399032592773
btn,2005,9.54267978668213
btn,2006,9.8510799407959
btn,2007,10.3381795883179
btn,2008,10.582480430603
btn,2009,11.0426301956177
btn,2010,11.4257001876831
btn,2011,11.6997299194336
btn,2012,11.8969602584839
btn,2013,11.7470798492432
btn,2014,11.965539932251
bwa,1970,4.44843006134033
bwa,1971,4.127769947052
bwa,1972,4.16386985778809
bwa,1973,4.74392986297607
bwa,1974,4.93356990814209
bwa,1975,5.29811000823975
bwa,1976,5.5285701751709
bwa,1977,5.83133983612061
bwa,1978,6.01944017410278
bwa,1979,6.24550008773804
bwa,1980,6.6571102142334
bwa,1981,6.78382015228271
bwa,1983,7.184889793396
bwa,1984,7.62326002120972
bwa,1985,8.04146957397461
bwa,1986,8.36666011810303
bwa,1987,8.5917797088623
bwa,1988,8.67362976074219
bwa,1989,9.0643196105957
bwa,1990,9.1644401550293
bwa,1991,9.68311023712158
bwa,1992,9.56737041473389
bwa,1993,9.77019023895264
bwa,1994,9.7590503692627
bwa,1995,10.2166900634766
bwa,1998,10.8433904647827
bwa,1999,11.0335597991943
bwa,2000,11.0844697952271
bwa,2001,11.1416997909546
bwa,2002,11.3184299468994
bwa,2003,11.3284101486206
bwa,2004,11.3605804443359
bwa,2005,11.4235601425171
bwa,2006,11.5386295318604
bwa,2007,11.534839630127
bwa,2012,11.6879100799561
bwa,2013,11.8230800628662
caf,1971,5.95930004119873
caf,1972,5.93341016769409
caf,1973,6.32965993881226
caf,1976,6.43607997894287
caf,1977,6.99612998962402
caf,1978,7.19941997528076
caf,1979,6.68465995788574
caf,1980,6.57170009613037
caf,1981,6.86077976226807
caf,1982,7.36525011062622
caf,1986,7.43053007125854
caf,1987,6.29644012451172
caf,1988,6.40247011184692
caf,1989,6.28339004516602
caf,1990,6.55814981460571
caf,1991,6.04638004302979
caf,1992,5.07893991470337
caf,2001,6.64842987060547
caf,2009,7.70308017730713
caf,2011,8.24514007568359
caf,2012,8.22984027862549
can,1971,11.9616203308105
can,1972,11.8010501861572
can,1973,11.5694599151611
can,1974,11.3262701034546
can,1975,11.3593196868896
can,1976,11.2725601196289
can,1977,11.2813997268677
can,1978,11.2455501556396
can,1979,11.1787996292114
can,1980,11.1209402084351
can,1981,11.1572399139404
can,1982,11.7869300842285
can,1983,11.9497003555298
can,1984,12.0914497375488
can,1985,12.1230802536011
can,1986,12.1460800170898
can,1987,12.1462497711182
can,1988,12.167140007019
can,1989,12.1961898803711
can,1990,12.164589881897
can,1991,12.3041200637817
can,1992,12.3523302078247
can,1993,12.4253101348877
can,1994,12.4529304504395
can,1995,12.3934602737427
can,1996,12.4741201400757
can,1998,12.2882995605469
can,1999,12.0491600036621
can,2000,12.0500802993774
can,2005,11.9769096374512
can,2006,12.0847902297974
can,2007,12.1084003448486
can,2008,12.0838298797607
can,2009,12.1663799285889
can,2010,12.122670173645
can,2011,12.1452798843384
can,2012,12.4997596740723
can,2013,12.5934000015259
che,1978,11.9210796356201
che,1979,11.8649396896362
che,1980,11.8629302978516
che,1981,11.9621000289917
che,1982,11.9590797424316
che,1983,11.9236402511597
che,1984,11.931960105896
che,1985,11.9036598205566
che,1986,11.890040397644
che,1987,11.9032096862793
che,1988,11.9890203475952
che,1989,12.1052703857422
che,1990,12.2846097946167
che,1991,12.401180267334
che,1992,12.4810104370117
che,1993,12.9072399139404
che,1994,12.9619903564453
che,1995,13.0989999771118
che,1996,13.1216297149658
che,1998,13.2887496948242
che,1999,13.243709564209
che,2000,13.254280090332
che,2001,13.1358499526978
che,2002,12.9868202209473
che,2003,12.9699897766113
che,2004,13.0000200271606
che,2005,13.0105104446411
che,2006,13.0360498428345
che,2007,13.021089553833
che,2008,13.0321598052979
che,2009,13.0154104232788
che,2010,13.0180702209473
che,2011,13.0427398681641
che,2012,13.046799659729
che,2013,13.2015199661255
che,2014,13.2581300735474
chl,1970,10.0617599487305
chl,1971,10.9060897827148
chl,1972,11.1914100646973
chl,1973,11.3347597122192
chl,1974,11.2707500457764
chl,1975,11.048150062561
chl,1976,10.6912202835083
chl,1977,10.748649597168
chl,1978,10.794750213623
chl,1979,10.91100025177
chl,1980,10.7795295715332
chl,1981,10.6857500076294
chl,1982,10.7302904129028
chl,1983,10.9097204208374
chl,1984,10.9075002670288
chl,1985,11.1428098678589
chl,1986,11.2079000473022
chl,1989,11.2259101867676
chl,1990,11.0815401077271
chl,1991,12.2775897979736
chl,1992,12.0747299194336
chl,1993,10.8227195739746
chl,1998,11.3247404098511
chl,1999,11.6799697875977
chl,2000,11.9345197677612
chl,2002,12.0539598464966
chl,2003,12.1253299713135
chl,2004,12.5156097412109
chl,2005,12.562029838562
chl,2006,12.5181102752686
chl,2007,12.4999303817749
chl,2008,12.437780380249
chl,2009,12.1252098083496
chl,2010,11.8371000289917
chl,2011,11.7210502624512
chl,2012,11.5347700119019
chl,2013,12.016019821167
chl,2014,12.0292301177979
chn,1976,9.3134298324585
chn,1977,9.68422031402588
chn,1978,9.74092960357666
chn,1979,9.44435977935791
chn,1980,9.04736042022705
chn,1981,8.91254997253418
chn,1982,8.54271984100342
chn,1983,8.35443019866943
chn,1984,8.33720970153809
chn,1985,8.68556976318359
chn,1986,8.957200050354
chn,1987,9.04763984680176
chn,1988,9.45446968078613
chn,1989,9.26206970214844
chn,1990,9.27212047576904
chn,1991,9.27285957336426
chn,1992,9.32444953918457
chn,1993,9.33625030517578
chn,1994,9.19565010070801
chn,1995,9.23680973052979
chn,1996,9.27692985534668
chn,1997,9.25634002685547
chn,2001,9.26288986206055
chn,2003,9.56830024719238
chn,2006,10.4221801757813
chn,2007,10.8115396499634
chn,2008,11.1401796340942
chn,2009,11.3636798858643
chn,2010,11.6279201507568
chn,2011,11.8004999160767
chn,2012,11.9387397766113
chn,2013,12.0900297164917
chn,2014,11.7124900817871
civ,1971,5.85699987411499
civ,1972,5.87297010421753
civ,1973,6.01585006713867
civ,1974,6.03560018539429
civ,1981,7.38002014160156
civ,1983,7.27253007888794
civ,1984,7.06679010391235
civ,1999,7.45072984695435
civ,2014,9.19297981262207
cmr,1971,7.27355003356934
cmr,1972,7.1185998916626
cmr,1973,7.13649988174438
cmr,1974,7.49729013442993
cmr,1975,7.50418996810913
cmr,1976,7.61965990066528
cmr,1977,7.60094976425171
cmr,1978,7.74011993408203
cmr,1979,7.79608011245728
cmr,1980,7.84466981887817
cmr,1981,7.83781003952026
cmr,1982,7.84044981002808
cmr,1983,8.10968017578125
cmr,1984,8.06266975402832
cmr,1985,8.24201011657715
cmr,1986,8.30607986450195
cmr,1987,8.54065036773682
cmr,1988,8.94186019897461
cmr,1989,8.43404006958008
cmr,1990,8.6915397644043
cmr,1991,8.5962495803833
cmr,1992,7.82801008224487
cmr,1995,7.18175983428955
cmr,1997,6.77442979812622
cmr,1998,7.14938020706177
cmr,1999,7.30578994750977
cmr,2001,8.78075981140137
cmr,2002,8.73196983337402
cmr,2003,8.58495998382568
cmr,2004,8.65738010406494
cmr,2005,8.63428974151611
cmr,2006,8.2921895980835
cmr,2007,9.03938007354736
cmr,2008,9.51583003997803
cmr,2009,9.86172962188721
cmr,2011,10.5718202590942
cmr,2012,11.0865898132324
cmr,2014,11.6229095458984
cod,1971,8.66434955596924
cod,1972,8.68196964263916
cod,1973,8.20223045349121
cod,1974,7.99145984649658
cod,1975,8.62895965576172
cod,1976,8.40293979644775
cod,1977,8.5149097442627
cod,1978,8.77501010894775
cod,1979,9.30535984039307
cod,1980,8.96862983703613
cod,1981,8.95493030548096
cod,1982,8.9412899017334
cod,1983,9.17673015594482
cod,1984,9.16096019744873
cod,1985,8.91246032714844
cod,1986,8.92224979400635
cod,1987,7.5387601852417
cod,1988,8.09130954742432
cod,1992,7.44610023498535
cod,1993,7.61336994171143
cod,1994,7.63812017440796
cod,1995,7.76710987091064
cod,2007,8.60933017730713
cod,2008,9.22379016876221
cod,2009,9.24812984466553
cod,2010,9.13220024108887
cod,2011,9.88842964172363
cod,2012,9.57495021820068
cod,2013,9.50893974304199
cod,2014,9.93799018859863
cog,1971,9.24890041351318
cog,1972,10.3319797515869
cog,1973,10.2947797775269
cog,1974,11.6141796112061
cog,1975,11.551549911499
cog,1976,12.4964895248413
cog,1977,12.4044399261475
cog,1978,13.4091796875
cog,1979,13.6656703948975
cog,1980,13.9134101867676
cog,1981,14.2154197692871
cog,1982,14.5906200408936
cog,1984,14.213020324707
cog,1985,13.264630317688
cog,1986,13.558349609375
cog,1987,13.933629989624
cog,1988,12.9886102676392
cog,1989,12.2454900741577
cog,1990,11.6102304458618
cog,1992,11.26891040802
cog,1996,10.8809700012207
cog,2002,9.70106029510498
cog,2003,9.5862398147583
cog,2004,10.4519701004028
cog,2012,10.6670904159546
col,1970,6.43833017349243
col,1971,6.67515993118286
col,1972,6.7664098739624
col,1973,7.21786022186279
col,1974,7.3008599281311
col,1975,7.45272016525269
col,1976,7.54344987869263
col,1977,7.79850006103516
col,1978,7.94235992431641
col,1979,8.15870952606201
col,1980,8.0516300201416
col,1981,8.18754005432129
col,1982,7.84988021850586
col,1983,7.71390008926392
col,1984,7.91800022125244
col,1985,7.85853004455566
col,1986,8.195969581604
col,1987,8.12862014770508
col,1988,8.12652015686035
col,1989,8.11588001251221
col,1991,7.89054012298584
col,1992,8.29623985290527
col,1993,8.59620952606201
col,1995,8.90120983123779
col,1996,9.55235004425049
col,1998,10.0200500488281
col,1999,10.0092496871948
col,2000,10.0641298294067
col,2002,10.2246503829956
col,2004,10.7606801986694
col,2005,11.20339012146
col,2006,11.4853601455688
col,2007,11.7205295562744
col,2008,11.8794803619385
col,2009,12.1781196594238
col,2010,12.1116600036621
col,2011,12.0874996185303
col,2012,11.6509704589844
col,2013,11.6998796463013
col,2014,11.4808597564697
com,1971,3.55995011329651
com,1973,4.66869020462036
com,1981,10.7125396728516
com,1986,10.6644296646118
com,1987,10.1032400131226
com,1999,8.75059032440186
com,2002,9.99946022033691
com,2003,10.197380065918
com,2004,10.2634201049805
com,2013,10.7865695953369
cpv,1987,8.1686897277832
cpv,1988,8.33751964569092
cpv,1989,8.48379039764404
cpv,1990,8.71953010559082
cpv,1994,9.37652015686035
cpv,2001,10.7821397781372
cpv,2002,11.0587997436523
cpv,2003,10.8593997955322
cpv,2004,10.5959997177124
cpv,2005,10.6363697052002
cpv,2006,11.1615400314331
cpv,2007,11.0958099365234
cpv,2008,11.4571895599365
cpv,2009,11.3537797927856
cpv,2010,11.5514001846313
cpv,2011,11.8044300079346
cpv,2012,11.9295101165771
cpv,2013,12.1993999481201
cpv,2014,12.0991296768188
cri,1970,8.20750045776367
cri,1971,7.91014003753662
cri,1972,8.2065601348877
cri,1973,8.54494953155518
cri,1974,8.45195007324219
cri,1975,8.40240955352783
cri,1976,8.46335983276367
cri,1977,8.50463962554932
cri,1979,8.56427955627441
cri,1980,8.51587963104248
cri,1981,8.5727596282959
cri,1982,8.39783954620361
cri,1983,8.19834995269775
cri,1984,8.09916973114014
cri,1985,8.16055965423584
cri,1986,8.32507038116455
cri,1987,8.37127017974854
cri,1988,8.2487096786499
cri,1989,8.48659038543701
cri,1990,8.53423976898193
cri,1991,8.65977954864502
cri,1992,8.64935970306396
cri,1993,8.7227201461792
cri,1994,8.80527973175049
cri,1995,8.9046802520752
cri,1996,8.91431045532227
cri,1997,8.98849964141846
cri,1998,9.4721097946167
cri,1999,10.2390298843384
cri,2000,9.99796962738037
cri,2001,10.2808303833008
cri,2002,10.2703695297241
cri,2004,11.0484199523926
cri,2005,10.9726400375366
cri,2006,11.3667097091675
cri,2007,11.3668804168701
cri,2008,11.470890045166
cri,2009,11.8456802368164
cri,2010,11.9521598815918
cri,2011,12.0462198257446
cri,2012,12.0973997116089
cri,2013,12.2032203674316
cri,2014,12.3729496002197
cub,1972,9.17226982116699
cub,1973,9.47616004943848
cub,1974,9.73622989654541
cub,1975,9.83681011199951
cub,1978,10.7529802322388
cub,1979,10.8869400024414
cub,1980,11.3091802597046
cub,1981,11.125880241394
cub,1982,11.0573396682739
cub,1983,10.9160404205322
cub,1984,11.0810499191284
cub,1985,11.034049987793
cub,1986,11.0339202880859
cub,1987,11.1283197402954
cub,1988,11.1262102127075
cub,1989,11.1429195404053
cub,1990,11.0334997177124
cub,1991,10.8606195449829
cub,1992,10.7488899230957
cub,1993,10.9553804397583
cub,1994,10.4032201766968
cub,1995,10.4243202209473
cub,1996,11.1429100036621
cub,1997,11.0359001159668
cub,1999,10.9372596740723
cub,2000,11.0943202972412
cub,2001,11.1386299133301
cub,2002,11.4989204406738
cub,2003,11.5672397613525
cub,2004,11.4282302856445
cub,2005,11.5052499771118
cub,2006,11.5643501281738
cub,2007,11.6265602111816
cub,2008,11.605019569397
cub,2009,11.5907602310181
cub,2010,11.6363201141357
cub,2011,11.5984697341919
cub,2012,11.4392204284668
cub,2013,11.4113397598267
cub,2014,11.8768196105957
cuw,2013,15.9100399017334
cyp,1971,8.79922008514404
cyp,1972,8.82892990112305
cyp,1973,9.02320957183838
cyp,1974,9.22087955474854
cyp,1975,8.63037014007568
cyp,1976,8.90528011322021
cyp,1977,8.89165019989014
cyp,1978,8.79671955108643
cyp,1979,8.78125953674316
cyp,1980,8.56534957885742
cyp,1981,8.49538993835449
cyp,1982,8.3461799621582
cyp,1983,8.36172008514404
cyp,1984,8.49752998352051
cyp,1985,8.56783962249756
cyp,1986,8.68885040283203
cyp,1987,8.70664978027344
cyp,1988,8.62224960327148
cyp,1989,8.69332981109619
cyp,1990,8.72476959228516
cyp,1991,8.78139972686768
cyp,1992,8.80842018127441
cyp,1993,11.5988502502441
cyp,1994,11.6001901626587
cyp,1995,11.6454696655273
cyp,1996,11.5757503509521
cyp,1997,11.5120496749878
cyp,1999,11.3758602142334
cyp,2000,11.3637800216675
cyp,2001,11.3960695266724
cyp,2002,11.6223402023315
cyp,2003,11.7050895690918
cyp,2004,11.6671104431152
cyp,2005,11.7795896530151
cyp,2006,11.8951797485352
cyp,2007,11.9693698883057
cyp,2008,12.087550163269
cyp,2009,12.2027902603149
cyp,2010,11.5474901199341
cyp,2011,11.5959796905518
cyp,2012,11.6542901992798
cyp,2013,11.8157501220703
cyp,2014,11.8331899642944
cze,1971,11.5268898010254
cze,1972,11.6819200515747
cze,1973,11.7584295272827
cze,1974,11.8181495666504
cze,1975,11.8998403549194
cze,1976,11.9793395996094
cze,1977,12.0841903686523
cze,1978,12.1117897033691
cze,1979,12.0792999267578
cze,1982,11.9984903335571
cze,1983,11.7775001525879
cze,1984,11.4795398712158
cze,1985,11.2723598480225
cze,1986,11.0822200775146
cze,1987,10.708869934082
cze,1988,10.4656000137329
cze,1989,11.2906198501587
cze,1990,11.3600301742554
cze,1991,11.1361398696899
cze,1992,10.4885997772217
cze,1993,10.9170503616333
cze,1994,11.1316204071045
cze,1995,11.2446699142456
cze,1996,11.9120998382568
cze,1997,12.0130100250244
cze,1998,11.5952196121216
cze,1999,11.6460800170898
cze,2000,12.1326103210449
cze,2001,12.536470413208
cze,2002,12.4965801239014
cze,2003,12.4912700653076
cze,2004,12.3424797058105
cze,2005,12.3938999176025
cze,2006,12.4717903137207
cze,2007,12.5863800048828
cze,2008,12.5449895858765
cze,2009,12.757360458374
cze,2010,12.8191299438477
cze,2011,12.8263301849365
cze,2012,12.8414897918701
cze,2013,13.0666399002075
cze,2014,13.1663904190063
deu,1992,13.1440696716309
deu,1993,13.4798002243042
deu,1994,13.5537996292114
deu,1995,13.6130599975586
deu,1996,13.6980895996094
deu,1997,13.7666101455688
deu,1998,13.2786903381348
deu,1999,13.2687501907349
deu,2000,13.3666896820068
deu,2001,13.4103899002075
deu,2002,13.4321603775024
deu,2003,13.4448299407959
deu,2004,13.4807195663452
deu,2005,13.4781904220581
deu,2006,13.6567096710205
deu,2007,13.5174503326416
deu,2008,13.4747495651245
deu,2009,13.5011796951294
deu,2010,13.5182104110718
deu,2011,13.4691200256348
deu,2012,13.4344501495361
deu,2013,13.4130096435547
deu,2014,13.4346504211426
dji,1971,2.68919992446899
dji,1973,2.67992997169495
dji,1974,2.70941996574402
dji,1975,2.72807002067566
dji,1976,2.58080005645752
dji,1982,2.84505009651184
dji,1983,2.9680700302124
dji,1984,3.08451008796692
dji,1985,3.17637991905212
dji,1986,3.3577299118042
dji,1987,3.39793992042542
dji,1988,3.30893993377686
dji,1989,3.24587988853455
dji,1992,3.26658010482788
dji,1993,2.87097001075745
dji,1994,3.04147005081177
dji,1995,3.19349002838135
dji,1996,3.22696995735168
dji,1997,3.33155989646912
dji,1999,3.40611004829407
dji,2000,3.37106990814209
dji,2001,3.83754992485046
dji,2002,3.97642993927002
dji,2004,4.42899990081787
dji,2005,4.73655986785889
dji,2006,4.9338002204895
dji,2007,5.34204006195068
dji,2008,5.71227979660034
dji,2009,5.8299298286438
dji,2011,6.49368000030518
dji,2012,6.98354005813599
dji,2013,7.14456987380981
dji,2014,7.22096014022827
dji,2015,7.17008018493652
dma,1973,12.0567398071289
dma,1974,11.1907596588135
dma,1975,11.4144096374512
dma,1976,11.0924997329712
dma,1977,10.6618604660034
dma,1978,10.3026599884033
dma,1979,10.2168197631836
dma,1986,10.5002603530884
dma,1987,10.4023199081421
dma,1990,10.6655702590942
dma,1999,13.2255401611328
dma,2000,13.3873996734619
dma,2001,13.0538196563721
dma,2002,12.8097200393677
dma,2003,12.6651000976563
dma,2004,12.2890300750732
dma,2005,12.1809396743774
dma,2006,12.0630302429199
dma,2007,12.1220397949219
dma,2008,12.2119798660278
dma,2009,12.2984600067139
dma,2010,12.3940095901489
dma,2011,12.6717195510864
dnk,1978,11.7933397293091
dnk,1979,11.8272495269775
dnk,1980,12.0593700408936
dnk,1981,12.0901498794556
dnk,1982,12.1051301956177
dnk,1983,12.2039604187012
dnk,1984,12.159839630127
dnk,1985,12.1355304718018
dnk,1986,12.2190599441528
dnk,1987,12.2871198654175
dnk,1988,12.3172998428345
dnk,1989,12.3180799484253
dnk,1990,12.2797002792358
dnk,1991,12.3309698104858
dnk,1992,12.2988996505737
dnk,1993,12.3954496383667
dnk,1994,12.6191902160645
dnk,1995,12.7683095932007
dnk,1996,12.9294300079346
dnk,1998,13.0836296081543
dnk,1999,13.4216604232788
dnk,2000,13.2300901412964
dnk,2001,13.4489898681641
dnk,2002,13.4247903823853
dnk,2004,13.3487100601196
dnk,2005,13.3545904159546
dnk,2006,13.1824903488159
dnk,2007,13.1801204681396
dnk,2008,13.0978202819824
dnk,2009,13.1283302307129
dnk,2010,13.24827003479
dnk,2011,14.4933700561523
dnk,2012,14.6002998352051
dnk,2013,14.9024801254272
dnk,2014,14.797869682312
dom,1998,9.48544979095459
dom,1999,9.99016952514648
dom,2000,10.4308395385742
dom,2002,10.7409000396729
dom,2004,10.4006795883179
dom,2005,10.4621601104736
dom,2007,11.2927503585815
dom,2008,10.9889602661133
dom,2009,11.5014200210571
dom,2010,11.2084798812866
dom,2011,11.0016803741455
dom,2012,10.880220413208
dom,2013,10.9437704086304
dom,2014,10.8672800064087
dza,1971,6.44540023803711
dza,1972,6.80602979660034
dza,1973,7.36580991744995
dza,1974,7.69500017166138
dza,1975,7.90628004074097
dza,1976,8.25644969940186
dza,1977,8.58724021911621
dza,1978,8.93529033660889
dza,1979,9.04666996002197
dza,1980,9.13640022277832
dza,1981,9.18169021606445
dza,1982,9.29269027709961
dza,1984,9.58057975769043
dza,1985,9.72327041625977
dza,1986,9.88381958007813
dza,1987,10.1171998977661
dza,1988,10.2554903030396
dza,1989,10.0641098022461
dza,1990,10.0171203613281
dza,1991,9.9623498916626
dza,1992,9.99958992004395
dza,1993,9.96732997894287
dza,1994,9.99034023284912
dza,1995,9.91250038146973
dza,1996,9.94699001312256
dza,1997,9.92854022979736
dza,1999,10.3204097747803
dza,2000,10.3551197052002
dza,2001,10.4519596099854
dza,2002,10.6793899536133
dza,2003,10.7999296188354
dza,2004,11.0312995910645
dza,2005,11.1379299163818
dza,2006,11.2007398605347
dza,2007,11.4103002548218
dza,2008,11.9509401321411
dza,2009,12.2299499511719
dza,2010,12.6002702713013
dza,2011,12.8695001602173
eap,1975,8.68503475189209
eap,1976,8.8572826385498
eap,1977,9.15883922576904
eap,1978,9.28402996063232
eap,1979,9.09232139587402
eap,1980,8.86122703552246
eap,1981,8.81624221801758
eap,1982,8.60563182830811
eap,1983,8.50388717651367
eap,1984,8.52117824554443
eap,1985,8.77597332000732
eap,1986,8.96747589111328
eap,1987,9.08948993682861
eap,1988,9.34317588806152
eap,1989,9.20219993591309
eap,1990,9.12840461730957
eap,1991,9.13191318511963
eap,1992,9.17744445800781
eap,1993,9.22304821014404
eap,1994,9.15446758270264
eap,1995,9.21989631652832
eap,1996,9.30125141143799
eap,1997,9.32390213012695
eap,1998,9.29229259490967
eap,1999,9.35281753540039
eap,2000,9.47660732269287
eap,2001,9.37186145782471
eap,2002,9.4648265838623
eap,2003,9.63033199310303
eap,2004,9.83504867553711
eap,2005,9.98886203765869
eap,2006,10.1012020111084
eap,2007,10.4521446228027
eap,2008,10.6359834671021
eap,2009,10.8650369644165
eap,2010,11.0475130081177
eap,2011,11.2109832763672
eap,2012,11.3438110351563
eap,2013,11.4816427230835
eap,2014,11.2773656845093
eas,1975,8.86605548858643
eas,1976,9.03907871246338
eas,1977,9.33016681671143
eas,1978,9.45644474029541
eas,1979,9.29527282714844
eas,1980,9.09790325164795
eas,1981,9.06615543365479
eas,1982,8.87327003479004
eas,1983,8.77845668792725
eas,1984,8.79095363616943
eas,1985,9.02816581726074
eas,1986,9.20935153961182
eas,1987,9.32161712646484
eas,1988,9.55010414123535
eas,1989,9.41596221923828
eas,1990,9.34073257446289
eas,1991,9.33852481842041
eas,1992,9.3692741394043
eas,1993,9.40070056915283
eas,1994,9.33752632141113
eas,1995,9.40327548980713
eas,1996,9.48428153991699
eas,1997,9.51276779174805
eas,1998,9.48893165588379
eas,1999,9.56232166290283
eas,2000,9.69051551818848
eas,2001,9.59178256988525
eas,2002,9.68482971191406
eas,2003,9.8462438583374
eas,2004,10.0417175292969
eas,2005,10.1939105987549
eas,2006,10.2878360748291
eas,2007,10.6087093353271
eas,2008,10.7717456817627
eas,2009,10.9822616577148
eas,2010,11.1512975692749
eas,2011,11.3060693740845
eas,2012,11.4312343597412
eas,2013,11.5610694885254
eas,2014,11.3716144561768
eca,1992,9.90301132202148
eca,1993,9.7668571472168
eca,1994,9.63846874237061
eca,1995,9.72464847564697
eca,1996,9.81937313079834
eca,1997,9.79257583618164
eca,1998,9.88947772979736
eca,1999,10.0173044204712
eca,2000,10.0836324691772
eca,2001,10.3944778442383
eca,2002,10.6187009811401
eca,2003,10.7367544174194
eca,2004,10.6622495651245
eca,2005,10.6478700637817
eca,2006,10.6979598999023
eca,2007,10.7756118774414
eca,2008,10.7337961196899
eca,2009,10.6871519088745
eca,2010,10.8778038024902
eca,2011,11.0515756607056
eca,2012,11.0587005615234
eca,2013,11.4714298248291
eca,2014,11.5031337738037
ecs,1970,10.5399656295776
ecs,1971,10.5481939315796
ecs,1972,10.5843505859375
ecs,1973,10.6027431488037
ecs,1974,10.709361076355
ecs,1975,10.6947546005249
ecs,1976,10.7097282409668
ecs,1977,10.7383832931519
ecs,1978,10.7294521331787
ecs,1979,10.7229614257813
ecs,1980,10.7053108215332
ecs,1981,10.6503286361694
ecs,1982,10.6837177276611
ecs,1983,10.686749458313
ecs,1984,10.7567768096924
ecs,1985,10.8132362365723
ecs,1986,10.9063749313354
ecs,1987,10.9541931152344
ecs,1988,10.9865770339966
ecs,1989,10.9646434783936
ecs,1990,10.9268417358398
ecs,1991,10.9072265625
ecs,1992,10.8738946914673
ecs,1993,10.9506387710571
ecs,1994,11.0098905563354
ecs,1995,11.0673322677612
ecs,1996,11.1625032424927
ecs,1997,11.1806221008301
ecs,1998,11.2307548522949
ecs,1999,11.3514852523804
ecs,2000,11.4408855438232
ecs,2001,11.6407566070557
ecs,2002,11.7782182693481
ecs,2003,11.8456115722656
ecs,2004,11.75452709198
ecs,2005,11.8238840103149
ecs,2006,11.8381910324097
ecs,2007,11.8734788894653
ecs,2008,11.8764190673828
ecs,2009,11.8609313964844
ecs,2010,11.9964380264282
ecs,2011,12.0541143417358
ecs,2012,12.0546417236328
ecs,2013,12.4989738464355
ecs,2014,12.5192184448242
ecu,1971,7.7469801902771
ecu,1972,7.76750993728638
ecu,1973,8.17080974578857
ecu,1974,8.52120971679688
ecu,1975,8.69624042510986
ecu,1976,9.06317043304443
ecu,1977,9.28983974456787
ecu,1978,9.47828960418701
ecu,1979,9.84794044494629
ecu,1980,10.1434497833252
ecu,1981,10.362979888916
ecu,1983,10.7014102935791
ecu,1984,10.5806703567505
ecu,1985,10.8283596038818
ecu,1986,10.8717403411865
ecu,1987,11.0062398910522
ecu,1988,11.0556697845459
ecu,1993,11.0722303390503
ecu,1996,9.88339042663574
ecu,1998,10.1013298034668
ecu,1999,10.1826496124268
ecu,2000,10.2276601791382
ecu,2001,10.2585697174072
ecu,2002,10.3786096572876
ecu,2003,10.2973003387451
ecu,2004,10.3091897964478
ecu,2005,10.4603595733643
ecu,2006,10.5815000534058
ecu,2007,10.7549695968628
ecu,2010,11.9680404663086
ecu,2011,12.0478401184082
ecu,2012,12.139479637146
ecu,2013,12.9935598373413
ecu,2014,12.9962396621704
egy,1971,7.51667976379395
egy,1972,7.728759765625
egy,1973,7.85075998306274
egy,1974,7.73293018341064
egy,1975,7.99201011657715
egy,1976,8.1065502166748
egy,1977,8.27807998657227
egy,1978,8.41571998596191
egy,1979,8.48703002929688
egy,1980,8.66598987579346
egy,1981,8.74372959136963
egy,1982,8.98227977752686
egy,1983,9.25127983093262
egy,1984,9.47488975524902
egy,1985,9.67150020599365
egy,1986,9.90808963775635
egy,1987,10.1799097061157
egy,1988,10.385760307312
egy,1989,10.1820802688599
egy,1990,9.94147968292236
egy,1991,10.0243101119995
egy,1992,9.03376960754395
egy,1993,9.04833984375
egy,1994,9.99973011016846
egy,1995,9.17943000793457
egy,1996,9.82464027404785
egy,1997,9.7524299621582
egy,1999,9.89410018920898
egy,2000,9.84864044189453
egy,2001,9.92337036132813
egy,2003,9.98546028137207
egy,2004,10.0374298095703
egy,2009,10.7475500106812
egy,2010,10.8924598693848
egy,2011,11.2102499008179
egy,2012,11.4925603866577
egy,2013,11.5867795944214
egy,2014,11.4342498779297
emu,1970,11.2498636245728
emu,1971,11.2497577667236
emu,1972,11.3259353637695
emu,1973,11.3440008163452
emu,1974,11.5295152664185
emu,1975,11.4935741424561
emu,1976,11.5117444992065
emu,1977,11.5694780349731
emu,1978,11.558141708374
emu,1979,11.5699052810669
emu,1980,11.545521736145
emu,1981,11.4894275665283
emu,1982,11.5582389831543
emu,1983,11.5570573806763
emu,1984,11.6202487945557
emu,1985,11.7206974029541
emu,1986,11.9006843566895
emu,1987,12.0145072937012
emu,1988,12.086986541748
emu,1989,12.1391191482544
emu,1990,12.1345720291138
emu,1991,12.2073841094971
emu,1992,12.3125286102295
emu,1993,12.5287761688232
emu,1994,12.9141817092896
emu,1995,12.9668827056885
emu,1996,13.0283241271973
emu,1997,13.0273666381836
emu,1998,12.878830909729
emu,1999,12.8906059265137
emu,2000,12.9485015869141
emu,2001,12.9993057250977
emu,2002,13.0287084579468
emu,2003,13.0515184402466
emu,2004,12.916054725647
emu,2005,13.0957946777344
emu,2006,13.1664218902588
emu,2007,13.1821098327637
emu,2008,13.2097654342651
emu,2009,13.2109603881836
emu,2010,13.2714643478394
emu,2011,13.2969875335693
emu,2012,13.2881183624268
emu,2013,13.4397888183594
emu,2014,13.4294481277466
eri,1993,2.97121000289917
eri,1994,3.7073700428009
eri,1995,3.9264600276947
eri,1996,4.05273008346558
eri,1997,4.03141021728516
eri,1999,4.31913995742798
eri,2000,4.80767011642456
eri,2001,4.78113985061646
eri,2002,5.25202989578247
eri,2003,5.56512022018433
eri,2004,6.20491981506348
eri,2005,6.39645004272461
eri,2006,6.3474497795105
eri,2007,5.69043016433716
eri,2008,5.61966991424561
eri,2009,5.5639500617981
eri,2010,5.34458017349243
eri,2011,5.55146980285645
eri,2012,5.72246980667114
eri,2013,5.75350999832153
esp,1971,9.90946006774902
esp,1972,9.91876983642578
esp,1973,9.89379024505615
esp,1974,10.1726999282837
esp,1975,10.4057102203369
esp,1976,10.6764698028564
esp,1977,10.8448400497437
esp,1978,10.9280700683594
esp,1979,11.442850112915
esp,1980,11.3367300033569
esp,1981,11.3858098983765
esp,1982,11.6581897735596
esp,1983,11.6236896514893
esp,1984,11.5828199386597
esp,1985,11.6989898681641
esp,1986,12.0108699798584
esp,1987,12.1088104248047
esp,1988,12.2017297744751
esp,1989,12.2764501571655
esp,1990,12.1186599731445
esp,1991,12.2500696182251
esp,1992,12.3443202972412
esp,1993,12.7184600830078
esp,1994,12.89501953125
esp,1995,12.9688196182251
esp,1996,13.0081996917725
esp,1997,12.9534702301025
esp,1998,12.4411897659302
esp,1999,12.3847799301147
esp,2000,12.482720375061
esp,2001,12.5408201217651
esp,2002,12.5198698043823
esp,2003,12.5642995834351
esp,2004,12.6480197906494
esp,2005,12.802339553833
esp,2006,12.8589000701904
esp,2007,12.9626598358154
esp,2008,13.0844802856445
esp,2009,13.1769399642944
esp,2010,13.4754295349121
esp,2011,13.6770496368408
esp,2012,13.7809896469116
esp,2013,13.8187999725342
esp,2014,13.7827796936035
est,1992,11.461669921875
est,1993,11.0848703384399
est,1994,11.0372104644775
est,1995,11.3233499526978
est,1996,11.0236597061157
est,1998,11.5302600860596
est,1999,11.6065902709961
est,2000,11.6791095733643
est,2001,11.8120603561401
est,2002,11.8775901794434
est,2003,11.7704601287842
est,2004,11.8863096237183
est,2005,12.0559196472168
est,2006,12.0103197097778
est,2007,12.0667200088501
est,2008,12.1487703323364
est,2009,12.2434701919556
est,2010,12.3838996887207
est,2011,12.4021997451782
est,2012,12.4029903411865
est,2013,12.4180402755737
eth,1971,1.57936000823975
eth,1972,1.66445994377136
eth,1974,1.8783700466156
eth,1984,3.93823003768921
eth,1991,3.21235990524292
eth,1992,2.54520988464355
eth,1993,2.22224998474121
eth,1994,2.66493010520935
eth,1995,3.00527000427246
eth,1996,3.53863000869751
eth,1999,4.79853010177612
eth,2000,5.12864017486572
eth,2001,5.69694995880127
eth,2002,6.07883977890015
eth,2003,6.26335000991821
eth,2004,6.52402019500732
eth,2005,7.30143022537231
eth,2006,7.78137016296387
eth,2007,8.29407978057861
eth,2008,8.5979700088501
eth,2009,8.36602020263672
eth,2010,8.2783203125
eth,2011,8.34669017791748
eth,2012,8.26527976989746
euu,1970,11.1545705795288
euu,1971,11.1568450927734
euu,1972,11.210919380188
euu,1973,11.2282161712646
euu,1974,11.3886203765869
euu,1975,11.3653717041016
euu,1976,11.3724327087402
euu,1977,11.4194040298462
euu,1978,11.4147310256958
euu,1979,11.4272727966309
euu,1980,11.407675743103
euu,1981,11.3807373046875
euu,1982,11.4507274627686
euu,1983,11.4567718505859
euu,1984,11.5111083984375
euu,1985,11.5902757644653
euu,1986,11.7259502410889
euu,1987,11.8055830001831
euu,1988,11.8628587722778
euu,1989,11.9192743301392
euu,1990,11.9092350006104
euu,1991,11.8870849609375
euu,1992,11.9391841888428
euu,1993,12.2459125518799
euu,1994,12.501859664917
euu,1995,12.5255002975464
euu,1996,12.6162347793579
euu,1997,12.6590909957886
euu,1998,12.5847101211548
euu,1999,12.6385278701782
euu,2000,12.7054452896118
euu,2001,12.7661819458008
euu,2002,12.8139991760254
euu,2003,12.8331279754639
euu,2004,12.7457141876221
euu,2005,12.8996896743774
euu,2006,12.8761224746704
euu,2007,12.8839197158813
euu,2008,12.942756652832
euu,2009,12.9675149917603
euu,2010,13.0544157028198
euu,2011,13.0001583099365
euu,2012,12.9971981048584
euu,2013,13.4680213928223
euu,2014,13.4916477203369
fin,1972,11.1441097259521
fin,1973,11.181079864502
fin,1974,11.4338703155518
fin,1976,11.1907796859741
fin,1977,11.2938404083252
fin,1978,11.3319396972656
fin,1979,11.4250001907349
fin,1980,11.4296197891235
fin,1981,11.458270072937
fin,1982,11.5437202453613
fin,1983,11.7344598770142
fin,1984,11.9024295806885
fin,1985,11.9747800827026
fin,1986,12.0920095443726
fin,1987,12.0003995895386
fin,1988,12.053689956665
fin,1989,12.1620502471924
fin,1990,12.2490501403809
fin,1991,12.2560701370239
fin,1992,12.4727401733398
fin,1993,12.3750495910645
fin,1994,12.4982900619507
fin,1995,12.4617900848389
fin,1996,12.4315700531006
fin,1997,12.6224603652954
fin,1998,12.7817602157593
fin,1999,13.017970085144
fin,2000,13.3174295425415
fin,2001,13.4223203659058
fin,2002,13.4308204650879
fin,2003,13.5410404205322
fin,2004,12.4423704147339
fin,2005,12.4805603027344
fin,2006,12.4349203109741
fin,2007,12.3878898620605
fin,2008,12.32546043396
fin,2009,12.2531499862671
fin,2010,12.2581300735474
fin,2011,12.2834997177124
fin,2012,12.3135499954224
fin,2013,14.0375099182129
fin,2014,14.1135702133179
fji,1970,9.8849401473999
fji,1972,10.4626798629761
fji,1973,10.8698501586914
fji,1974,11.0070896148682
fji,1975,11.085129737854
fji,1976,11.0980997085571
fji,1977,11.1322402954102
fji,1978,11.0195903778076
fji,1980,10.5576496124268
fji,1981,10.466739654541
fji,1983,10.3463401794434
fji,1984,10.3838596343994
fji,1985,10.2879600524902
fji,1986,10.4737796783447
fji,1987,10.6542301177979
fji,1991,11.9905300140381
fji,1992,12.1123695373535
fji,1998,11.6570997238159
fji,1999,11.4498500823975
fji,2000,11.4094295501709
fji,2001,11.6260004043579
fji,2002,11.8985996246338
fji,2003,12.3764801025391
fji,2004,12.9602899551392
fji,2006,12.9244804382324
fji,2007,12.3937797546387
fji,2008,12.3567495346069
fji,2009,12.1708898544312
fji,2011,12.4315595626831
fji,2012,12.1787796020508
fra,1971,10.7832002639771
fra,1972,10.8916997909546
fra,1973,10.7717304229736
fra,1974,11.4184503555298
fra,1975,11.0898504257202
fra,1977,10.9942197799683
fra,1978,11.0340700149536
fra,1979,11.1341400146484
fra,1980,11.1841497421265
fra,1981,10.9794998168945
fra,1982,11.1796197891235
fra,1983,11.1510896682739
fra,1985,11.3745603561401
fra,1986,11.6101303100586
fra,1987,11.8220100402832
fra,1988,11.9953603744507
fra,1989,12.1201000213623
fra,1990,12.1779899597168
fra,1991,12.3227100372314
fra,1992,12.5031003952026
fra,1993,12.4517002105713
fra,1994,13.2000102996826
fra,1995,13.2737703323364
fra,1996,13.2349500656128
fra,1997,13.1379899978638
fra,1998,13.0343503952026
fra,1999,13.0139999389648
fra,2000,12.9101800918579
fra,2001,12.8018598556519
fra,2002,12.7506399154663
fra,2003,12.7420701980591
fra,2004,12.7044696807861
fra,2005,13.302619934082
fra,2006,13.3008298873901
fra,2007,13.3093299865723
fra,2008,13.2969303131104
fra,2009,13.2340002059937
fra,2010,13.1946601867676
fra,2011,13.1566495895386
fra,2012,13.1367597579956
fra,2013,13.0612697601318
fra,2014,13.0268001556396
fsm,1972,22.6847305297852
fsm,1973,23.2616004943848
fsm,1974,23.1364192962646
fsm,1976,22.1692905426025
fsm,1977,22.4033107757568
fsm,2004,11.6630096435547
fsm,2005,11.5730695724487
gab,1971,10.2373399734497
gab,1972,10.4369401931763
gab,1973,10.7268400192261
gab,1974,10.9364404678345
gab,1976,11.5465497970581
gab,1977,11.2300500869751
gab,1978,11.7119197845459
gab,1979,11.2721395492554
gab,1980,11.2518100738525
gab,1981,11.482250213623
gab,1982,11.4555501937866
gab,1983,11.5076503753662
gab,1984,11.6715497970581
gab,1985,11.7750196456909
gab,1986,11.9388103485107
gab,1987,12.2627601623535
gab,1988,11.8212995529175
gab,1989,11.6909103393555
gab,1994,11.240180015564
gab,1995,11.9287900924683
gab,1996,12.2587003707886
gab,1997,12.8704299926758
gab,1999,12.060170173645
gbr,1971,11.6144695281982
gbr,1972,11.624059677124
gbr,1973,11.594090461731
gbr,1974,11.8973503112793
gbr,1975,11.8870496749878
gbr,1976,11.8829898834229
gbr,1977,11.8970203399658
gbr,1978,11.8557996749878
gbr,1979,11.8308200836182
gbr,1980,11.8244199752808
gbr,1981,11.83131980896
gbr,1982,11.8520803451538
gbr,1983,11.8833999633789
gbr,1984,11.9751996994019
gbr,1985,12.0451402664185
gbr,1986,12.165379524231
gbr,1987,12.2574300765991
gbr,1988,12.3255500793457
gbr,1989,12.2898101806641
gbr,1990,12.2504100799561
gbr,1991,12.36559009552
gbr,1992,12.5257701873779
gbr,1998,12.9707403182983
gbr,1999,13.121319770813
gbr,2000,13.1445302963257
gbr,2001,13.1277704238892
gbr,2002,13.1438598632813
gbr,2003,13.0276803970337
gbr,2004,13.5932598114014
gbr,2005,13.6708297729492
gbr,2006,13.0827198028564
gbr,2007,12.9077100753784
gbr,2008,13.1230297088623
gbr,2009,13.2360801696777
gbr,2010,13.4947700500488
gbr,2011,12.8715200424194
gbr,2012,12.8775300979614
gbr,2013,14.8531904220581
gbr,2014,15.0312995910645
geo,1981,12.392219543457
geo,1986,12.0790901184082
geo,1991,10.6120700836182
geo,1992,10.2594699859619
geo,1993,9.24203014373779
geo,1994,9.23886013031006
geo,1995,9.00790977478027
geo,1996,8.94666004180908
geo,1997,9.13671016693115
geo,1999,9.36328029632568
geo,2000,9.44964981079102
geo,2001,9.34187030792236
geo,2002,9.33018016815186
geo,2003,9.49917984008789
geo,2004,9.83462047576904
geo,2005,9.94688987731934
geo,2006,10.1398601531982
geo,2008,11.1512098312378
geo,2013,12.7940502166748
geo,2014,12.8936004638672
gha,1971,8.02278995513916
gha,1973,7.71448993682861
gha,1974,7.39054012298584
gha,1975,7.35110998153687
gha,1976,7.71601009368896
gha,1977,7.8769998550415
gha,1978,7.91192007064819
gha,1979,8.03775024414063
gha,1980,8.23952960968018
gha,1981,8.47955989837646
gha,1982,8.45761013031006
gha,1983,8.38442993164063
gha,1984,8.14412975311279
gha,1985,8.12940979003906
gha,1987,7.81884002685547
gha,1988,7.87239980697632
gha,1989,7.74836015701294
gha,1990,7.66651010513306
gha,1995,7.9664101600647
gha,1999,8.00216007232666
gha,2000,8.2578296661377
gha,2001,7.80281019210815
gha,2002,8.05665016174316
gha,2003,7.70924997329712
gha,2004,8.2861795425415
gha,2005,8.74365997314453
gha,2006,9.10196018218994
gha,2007,9.76158046722412
gha,2008,10.2618703842163
gha,2009,10.3969697952271
gha,2011,10.8766603469849
gha,2012,11.2559204101563
gha,2013,11.1477899551392
gha,2014,10.7327299118042
gha,2015,11.1686000823975
gin,1971,3.61564993858337
gin,1981,4.68185997009277
gin,1982,4.45548009872437
gin,1983,4.37117004394531
gin,1984,4.33162021636963
gin,1985,4.78788995742798
gin,1986,4.51015996932983
gin,1987,4.22527980804443
gin,1989,4.25836992263794
gin,1990,4.09366989135742
gin,1991,4.2224497795105
gin,1993,4.42159986495972
gin,1994,4.56237983703613
gin,1996,4.88515996932983
gin,1999,5.56873989105225
gin,2001,6.25551986694336
gin,2002,7.06055021286011
gin,2003,7.29583978652954
gin,2004,7.78946018218994
gin,2005,8.26194953918457
gin,2006,8.57495975494385
gin,2008,8.77542018890381
gin,2011,9.00426959991455
gin,2014,9.2842903137207
gmb,1971,3.4690899848938
gmb,1973,3.43633008003235
gmb,1974,3.39069008827209
gmb,1975,3.37479996681213
gmb,1976,3.55318999290466
gmb,1977,3.69981002807617
gmb,1978,3.74557995796204
gmb,1979,4.15070009231567
gmb,1980,4.59040021896362
gmb,1981,5.37903022766113
gmb,1983,6.02045011520386
gmb,1984,6.33383989334106
gmb,1985,6.50644016265869
gmb,1986,6.40009021759033
gmb,1987,6.1181001663208
gmb,1989,5.5825400352478
gmb,1992,5.75567007064819
gmb,1993,5.94678020477295
gmb,1994,5.99224996566772
gmb,1995,6.31648015975952
gmb,1996,6.48476982116699
gmb,2008,8.82306957244873
gmb,2010,8.62565994262695
gnb,1971,2.66601991653442
gnb,1972,2.66336011886597
gnb,1976,5.95481014251709
gnb,1978,6.21515989303589
gnb,1979,6.04701995849609
gnb,1980,5.64397001266479
gnb,1981,5.68123006820679
gnb,1982,5.66029977798462
gnb,1983,5.34852981567383
gnb,1984,5.55412006378174
gnb,1985,5.38842010498047
gnb,1987,4.79637002944946
gnb,1988,4.48927021026611
gnb,1989,4.32663011550903
gnb,2000,6.64345979690552
gnq,1971,6.5903902053833
gnq,1993,11.7834396362305
gnq,1994,12.8466100692749
gnq,2000,9.2701301574707
gnq,2002,8.16067981719971
gnq,2005,7.31027984619141
grc,1971,10.7101898193359
grc,1972,11.0843095779419
grc,1973,11.2485198974609
grc,1974,11.4285001754761
grc,1975,11.4560499191284
grc,1976,11.5208501815796
grc,1977,11.4930200576782
grc,1978,11.3772602081299
grc,1979,11.2673597335815
grc,1980,11.2711601257324
grc,1981,11.3037796020508
grc,1982,11.5388097763062
grc,1983,11.2788200378418
grc,1984,11.555890083313
grc,1985,11.6909704208374
grc,1986,11.8264503479004
grc,1987,11.8630599975586
grc,1988,11.9243898391724
grc,1989,11.8771896362305
grc,1990,11.7201099395752
grc,1991,11.6912097930908
grc,1992,11.6267595291138
grc,1993,11.1894598007202
grc,1994,11.3170900344849
grc,1995,11.219690322876
grc,1996,11.0886201858521
grc,1997,10.9765596389771
grc,1998,11.0388202667236
grc,1999,11.0581798553467
grc,2000,11.027440071106
grc,2001,11.2124395370483
grc,2002,11.632740020752
grc,2003,11.5762300491333
grc,2004,11.7131004333496
grc,2005,12.0131902694702
grc,2006,11.9981899261475
grc,2007,11.9189596176147
grc,2010,12.4876003265381
grc,2011,12.3250598907471
grc,2012,12.4481000900269
grc,2013,12.4914999008179
grd,1971,10.3700799942017
grd,1972,11.6651697158813
grd,1977,11.9351797103882
grd,1978,12.1142997741699
grd,1979,12.0484104156494
grd,1980,11.7521800994873
grd,1981,10.8060503005981
grd,1982,10.7257795333862
grd,1983,10.6743803024292
grd,1984,11.2890300750732
grd,1985,11.1982402801514
grd,1986,11.458459854126
grd,1988,12.5548601150513
grd,1993,13.3497200012207
grd,2002,12.8025102615356
grd,2003,13.216139793396
grd,2004,12.3994703292847
grd,2005,11.6864004135132
grd,2007,12.3001403808594
grd,2008,12.8457202911377
grd,2009,12.5207395553589
grd,2010,12.6361904144287
grd,2013,12.4330701828003
grd,2014,12.3173303604126
gtm,1970,4.66737985610962
gtm,1971,4.6152400970459
gtm,1972,4.7439398765564
gtm,1973,4.60373020172119
gtm,1974,4.88767004013062
gtm,1975,4.99201011657715
gtm,1976,4.90142011642456
gtm,1977,5.05943012237549
gtm,1978,5.59756994247437
gtm,1979,5.60180997848511
gtm,1980,5.71880006790161
gtm,1981,6.13181018829346
gtm,1982,5.71906995773315
gtm,1983,6.04656982421875
gtm,1993,6.86467981338501
gtm,1996,7.158860206604
gtm,1998,7.58023977279663
gtm,1999,8.23976993560791
gtm,2000,8.5013599395752
gtm,2001,8.68146991729736
gtm,2002,9.04339027404785
gtm,2004,9.495530128479
gtm,2005,9.62817001342773
gtm,2006,9.74304962158203
gtm,2007,9.81175994873047
gtm,2008,9.95121002197266
gtm,2009,10.2500600814819
gtm,2010,10.5912103652954
gtm,2011,10.4887399673462
gtm,2012,10.2309598922729
gtm,2013,10.061429977417
gtm,2014,9.73503017425537
guy,1971,9.43605995178223
guy,1972,9.5389404296875
guy,1973,9.62110042572021
guy,1974,9.83526992797852
guy,1976,9.9882698059082
guy,1984,9.3969898223877
guy,1985,9.45847034454346
guy,1986,9.79141998291016
guy,1987,10.0532197952271
guy,1999,10.4912300109863
guy,2001,11.2164897918701
guy,2005,11.1337995529175
guy,2007,10.3355598449707
guy,2008,9.96189975738525
guy,2009,9.75323009490967
guy,2010,9.68212985992432
guy,2011,9.99160003662109
guy,2012,9.7551097869873
hic,1970,11.1305656433105
hic,1971,11.1438760757446
hic,1972,11.2003517150879
hic,1973,11.2000637054443
hic,1974,11.2051868438721
hic,1975,11.1452445983887
hic,1976,11.1460952758789
hic,1977,11.1389322280884
hic,1978,11.0924940109253
hic,1979,11.0109949111938
hic,1980,11.2953433990479
hic,1981,11.2776145935059
hic,1982,11.3978824615479
hic,1983,11.4003219604492
hic,1984,11.4318103790283
hic,1985,11.4770269393921
hic,1986,11.5798377990723
hic,1987,11.6542530059814
hic,1988,11.6880950927734
hic,1989,11.7253065109253
hic,1990,11.7339715957642
hic,1991,11.7759380340576
hic,1992,11.853494644165
hic,1993,12.0309810638428
hic,1994,12.215781211853
hic,1995,12.2490568161011
hic,1996,12.3116807937622
hic,1997,12.3002777099609
hic,1998,12.2221336364746
hic,1999,12.2468690872192
hic,2000,12.2978487014771
hic,2001,12.3131561279297
hic,2002,12.2930917739868
hic,2003,12.3401784896851
hic,2004,12.3043251037598
hic,2005,12.4031448364258
hic,2006,12.3820791244507
hic,2007,12.4148559570313
hic,2008,12.4456357955933
hic,2009,12.4183673858643
hic,2010,12.425145149231
hic,2011,12.4084882736206
hic,2012,12.4535522460938
hic,2013,12.7072124481201
hic,2014,12.7548408508301
hkg,1971,10.0094995498657
hkg,1972,10.0433902740479
hkg,1973,10.034649848938
hkg,1974,10.0857095718384
hkg,1975,10.2542295455933
hkg,1976,10.263090133667
hkg,1977,10.2141599655151
hkg,1978,10.1811504364014
hkg,1979,10.2727899551392
hkg,1980,10.5678100585938
hkg,1981,10.7843799591064
hkg,1982,10.8442897796631
hkg,1983,11.0493803024292
hkg,1984,11.2449502944946
hkg,1985,11.4440402984619
hkg,1986,11.5308399200439
hkg,1987,11.591480255127
hkg,1988,11.5935201644897
hkg,1996,11.3417997360229
hkg,2012,12.6617698669434
hkg,2013,12.5795297622681
hkg,2014,12.8515701293945
hnd,1970,5.683189868927
hnd,1980,7.3378701210022
hnd,1982,7.7967700958252
hnd,1983,8.03462982177734
hnd,1984,8.03124046325684
hnd,1991,7.91581010818481
hnd,2006,9.94421005249023
hnd,2007,9.66298007965088
hnd,2008,9.79759979248047
hnd,2010,10.2770004272461
hnd,2011,10.2887697219849
hnd,2012,10.094630241394
hnd,2013,9.91730976104736
hnd,2014,9.76121997833252
hpc,1970,4.5276517868042
hpc,1971,4.56463766098022
hpc,1972,4.61115980148315
hpc,1973,4.63680267333984
hpc,1974,4.70532560348511
hpc,1975,4.90941190719604
hpc,1976,5.12147426605225
hpc,1977,5.31626129150391
hpc,1978,5.48523139953613
hpc,1979,5.72302055358887
hpc,1980,5.87883520126343
hpc,1981,6.0830249786377
hpc,1982,5.95412063598633
hpc,1983,5.97290468215942
hpc,1984,5.90324783325195
hpc,1985,5.84899282455444
hpc,1986,5.83437299728394
hpc,1987,5.73237895965576
hpc,1988,5.81771183013916
hpc,1989,5.65792036056519
hpc,1990,5.50880193710327
hpc,1991,5.6468448638916
hpc,1992,5.51186323165894
hpc,1993,5.52812957763672
hpc,1994,5.65392923355103
hpc,1995,5.84867906570435
hpc,1996,5.89992141723633
hpc,1997,6.1726245880127
hpc,1998,6.33425092697144
hpc,1999,6.3664755821228
hpc,2000,6.5329122543335
hpc,2001,6.81189346313477
hpc,2002,7.29677581787109
hpc,2003,7.56469678878784
hpc,2004,7.89685344696045
hpc,2005,8.09258937835693
hpc,2006,8.34468841552734
hpc,2007,8.60250377655029
hpc,2008,8.93742275238037
hpc,2009,9.00000381469727
hpc,2010,9.06033897399902
hpc,2011,9.15031814575195
hpc,2012,9.18024253845215
hpc,2013,9.19813919067383
hpc,2014,9.27732944488525
hrv,1993,9.52602958679199
hrv,1994,9.97986030578613
hrv,1995,9.84358024597168
hrv,1996,9.8812198638916
hrv,1997,10.0305004119873
hrv,1998,10.3407802581787
hrv,1999,10.5555400848389
hrv,2000,10.654390335083
hrv,2001,10.7695798873901
hrv,2002,10.9732704162598
hrv,2003,11.1791200637817
hrv,2005,11.5717401504517
hrv,2006,11.8291902542114
hrv,2007,11.8008604049683
hrv,2008,11.5978403091431
hrv,2009,11.6188297271729
hrv,2010,11.4904298782349
hrv,2011,11.6046800613403
hrv,2012,11.6918096542358
hrv,2014,11.7833003997803
hun,1971,10.2051801681519
hun,1972,10.1300802230835
hun,1973,10.1731700897217
hun,1974,10.2180595397949
hun,1975,10.2882099151611
hun,1976,10.3572196960449
hun,1977,10.4603395462036
hun,1978,10.5686197280884
hun,1979,10.6794900894165
hun,1980,10.8136796951294
hun,1981,10.9792604446411
hun,1982,11.2396602630615
hun,1983,11.3282499313354
hun,1984,11.2829399108887
hun,1985,11.1609201431274
hun,1986,11.0025901794434
hun,1987,10.7669200897217
hun,1988,10.5374698638916
hun,1989,10.4042596817017
hun,1990,10.3860502243042
hun,1991,10.3903102874756
hun,1992,10.4691896438599
hun,1994,11.2294101715088
hun,1995,11.2333097457886
hun,1996,11.8830404281616
hun,1997,11.6870899200439
hun,1998,11.4184503555298
hun,1999,11.5768804550171
hun,2000,11.7253704071045
hun,2001,11.8392000198364
hun,2002,11.9035797119141
hun,2003,12.0594501495361
hun,2004,11.668999671936
hun,2005,11.725489616394
hun,2006,11.7434101104736
hun,2007,11.7516803741455
hun,2008,11.8950796127319
hun,2009,11.9874496459961
hun,2010,12.1355800628662
hun,2011,12.1723604202271
hun,2012,12.2106895446777
hun,2013,12.4946699142456
hun,2014,12.4598503112793
idn,1970,6.81488990783691
idn,1971,7.05629014968872
idn,1972,7.17371988296509
idn,1973,7.12836980819702
idn,1974,7.21450996398926
idn,1975,7.26542997360229
idn,1976,7.38111019134521
idn,1977,7.55711984634399
idn,1978,8.21984958648682
idn,1981,9.09834957122803
idn,1982,9.41042041778564
idn,1983,9.56424045562744
idn,1984,9.75277996063232
idn,1988,10.4753398895264
idn,1989,10.3289203643799
idn,1990,10.0033502578735
idn,1991,9.76346969604492
idn,1992,9.56952953338623
idn,1993,9.59638023376465
idn,1994,9.67469024658203
idn,1995,9.8274097442627
idn,1996,9.97791957855225
idn,1999,10.1209602355957
idn,2000,9.97661018371582
idn,2001,10.0352897644043
idn,2002,10.1237201690674
idn,2003,10.2600297927856
idn,2004,10.3008699417114
idn,2005,10.1903495788574
idn,2006,10.1975498199463
idn,2007,10.8745203018188
idn,2008,10.6997699737549
idn,2009,11.0556602478027
idn,2010,10.9933004379272
idn,2011,11.1287298202515
idn,2012,11.2839202880859
idn,2013,11.4257001876831
idn,2014,11.4064702987671
ind,1971,7.11754989624023
ind,1972,7.15963983535767
ind,1973,7.35285997390747
ind,1975,7.38598012924194
ind,1976,7.36918020248413
ind,1977,7.55974006652832
ind,1978,7.38770008087158
ind,1980,7.59914016723633
ind,1981,7.78311014175415
ind,1982,7.97053003311157
ind,1983,8.13973045349121
ind,1984,8.42512989044189
ind,1986,8.58246040344238
ind,1987,8.37695026397705
ind,1988,8.4204797744751
ind,1989,8.62465953826904
ind,1993,9.06373023986816
ind,1994,9.09241008758545
ind,1995,9.04932022094727
ind,1996,8.99648952484131
ind,1997,8.95440006256104
ind,1999,8.52050971984863
ind,2000,8.73406982421875
ind,2001,8.71068954467773
ind,2002,8.79300022125244
ind,2003,9.02071952819824
ind,2007,9.83001041412354
ind,2008,9.96378040313721
ind,2009,9.73262977600098
ind,2010,9.9594202041626
ind,2011,10.0925998687744
ind,2012,10.3286304473877
ind,2013,10.0341701507568
irl,1971,10.1511898040771
irl,1972,10.1526403427124
irl,1973,10.2891302108765
irl,1974,10.3111295700073
irl,1975,10.4328699111938
irl,1976,10.60315990448
irl,1977,10.6971797943115
irl,1978,10.7043695449829
irl,1979,10.6591596603394
irl,1980,10.5452995300293
irl,1981,10.4941596984863
irl,1982,10.5243701934814
irl,1983,10.5443601608276
irl,1984,10.4384698867798
irl,1985,10.4431400299072
irl,1986,10.5077800750732
irl,1987,10.5503196716309
irl,1988,10.5540800094604
irl,1989,10.509090423584
irl,1990,10.4800901412964
irl,1991,10.4876804351807
irl,1992,10.5750503540039
irl,1993,11.0956296920776
irl,1994,11.1704797744751
irl,1995,11.1817598342896
irl,1996,11.0967903137207
irl,1997,11.2169504165649
irl,1998,13.1894197463989
irl,1999,13.2208995819092
irl,2000,13.2085399627686
irl,2001,13.1784200668335
irl,2002,13.3905401229858
irl,2003,13.5857696533203
irl,2004,13.7517995834351
irl,2005,13.7638597488403
irl,2006,13.8572101593018
irl,2007,14.0600900650024
irl,2008,14.1376895904541
irl,2009,14.3145399093628
irl,2010,14.4497900009155
irl,2011,14.3500003814697
irl,2012,14.4008703231812
irn,1971,7.41963005065918
irn,1972,7.54232978820801
irn,1973,7.88887977600098
irn,1974,8.26117992401123
irn,1975,8.99069976806641
irn,1976,9.45044994354248
irn,1977,9.78588008880615
irn,1985,9.4798698425293
irn,1988,9.92922019958496
irn,1990,10.1882801055908
irn,1991,10.1013698577881
irn,1992,10.5738296508789
irn,1993,10.66685962677
irn,1994,10.8437004089355
irn,1995,10.880069732666
irn,1997,10.785849571228
irn,1999,10.776029586792
irn,2000,10.7006797790527
irn,2001,10.7740201950073
irn,2002,10.6544103622437
irn,2003,10.5514497756958
irn,2004,10.5300598144531
irn,2005,10.4544296264648
irn,2006,10.7265100479126
irn,2007,10.6335201263428
irn,2008,11.0483703613281
irn,2009,11.2029304504395
irn,2010,11.067910194397
irn,2011,11.2776699066162
irn,2012,11.4600801467896
irn,2013,12.1497602462769
irn,2014,11.6594800949097
irq,1971,8.09990978240967
irq,1972,8.44676971435547
irq,1973,8.80788993835449
irq,1974,9.07966041564941
irq,1975,9.54197025299072
irq,1976,10.2185802459717
irq,1977,10.538140296936
irq,1978,10.7893600463867
irq,1979,11.5109100341797
irq,1980,11.7905397415161
irq,1981,11.3397598266602
irq,1982,11.0751399993896
irq,1983,10.5200996398926
irq,1984,10.1842699050903
irq,1985,10.6492004394531
irq,1986,10.6405200958252
irq,1987,10.6315698623657
irq,1988,10.3941802978516
irq,1989,10.3188896179199
irq,1993,8.92574024200439
irq,1996,8.34387016296387
irq,1999,9.00689029693604
irq,2000,9.1655797958374
irq,2003,9.96063995361328
irq,2004,10.3609304428101
irq,2007,10.9157400131226
isl,1971,12.0076303482056
isl,1975,12.0189399719238
isl,1976,12.1463603973389
isl,1977,12.146559715271
isl,1983,12.3678903579712
isl,1984,12.5649795532227
isl,1986,12.5982704162598
isl,1988,12.81422996521
isl,1989,13.0030202865601
isl,1993,14.1822500228882
isl,1994,14.0834102630615
isl,1995,14.1714696884155
isl,1996,14.1677103042603
isl,1998,14.7628698348999
isl,1999,14.5613899230957
isl,2000,14.5302095413208
isl,2001,14.5657196044922
isl,2002,14.6830902099609
isl,2003,14.8461999893188
isl,2004,14.3952102661133
isl,2005,14.5106897354126
isl,2006,14.4686403274536
isl,2007,14.2840099334717
isl,2008,14.4208898544312
isl,2009,14.3886804580688
isl,2010,14.4882001876831
isl,2011,14.4564504623413
isl,2012,14.7174100875854
isr,1973,10.5162200927734
isr,1974,10.5784301757813
isr,1975,10.5558395385742
isr,1976,10.5509395599365
isr,1977,10.6098299026489
isr,1978,10.6938600540161
isr,1979,10.6566200256348
isr,1980,10.7728395462036
isr,1983,11.0517196655273
isr,1984,11.0772895812988
isr,1985,11.1071100234985
isr,1986,10.9951801300049
isr,1987,10.9703102111816
isr,1988,10.9727697372437
isr,1989,11.0020503997803
isr,1990,10.8079700469971
isr,1991,11.0861301422119
isr,1992,11.4162397384644
isr,1993,11.4049797058105
isr,1994,11.389030456543
isr,1999,12.365460395813
isr,2000,12.5746297836304
isr,2001,12.6339197158813
isr,2002,12.7785997390747
isr,2003,12.7448101043701
isr,2004,12.6030101776123
isr,2005,12.5257196426392
isr,2006,12.4680995941162
isr,2007,12.4381904602051
isr,2008,12.2836198806763
isr,2009,12.2434701919556
isr,2010,12.3198900222778
isr,2011,12.3525400161743
isr,2012,12.3541803359985
isr,2013,12.3243398666382
isr,2014,12.3385896682739
ita,1971,10.6843299865723
ita,1972,10.8464097976685
ita,1973,11.0353803634644
ita,1974,11.107569694519
ita,1975,11.1060695648193
ita,1976,11.2558403015137
ita,1977,11.2810001373291
ita,1978,11.2399702072144
ita,1979,11.1337003707886
ita,1980,11.054759979248
ita,1981,10.9794998168945
ita,1982,10.919059753418
ita,1983,10.9237699508667
ita,1984,10.9422302246094
ita,1985,10.9822196960449
ita,1986,11.0334396362305
ita,1987,11.09255027771
ita,1988,11.1672897338867
ita,1989,11.2399797439575
ita,1990,11.3346996307373
ita,1991,11.4310998916626
ita,1992,11.5748701095581
ita,1993,11.6361398696899
ita,1994,11.856650352478
ita,1995,12.0612201690674
ita,1996,12.1591100692749
ita,1997,12.2306003570557
ita,1998,12.3279800415039
ita,1999,12.5641002655029
ita,2000,12.6733198165894
ita,2001,12.8406801223755
ita,2002,13.0059404373169
ita,2003,13.0109701156616
ita,2004,12.9022197723389
ita,2005,12.9692096710205
ita,2006,13.0833196640015
ita,2007,13.1881504058838
ita,2008,13.2766599655151
ita,2009,13.2578802108765
ita,2010,13.3610401153564
ita,2011,13.4018497467041
ita,2012,13.278169631958
ita,2013,13.357310295105
jam,1973,9.65028953552246
jam,1974,9.47206020355225
jam,1975,9.2145299911499
jam,1976,9.51739025115967
jam,1977,9.73410987854004
jam,1979,10.3794898986816
jam,1980,10.4062595367432
jam,1981,10.3139295578003
jam,1983,10.252420425415
jam,1984,10.1078300476074
jam,1985,10.1554403305054
jam,1986,9.95997047424316
jam,1987,10.4202003479004
jam,1988,10.5561504364014
jam,1989,10.5502004623413
jam,1991,10.8547296524048
jam,1993,10.548020362854
jam,1999,10.0806303024292
jam,2000,10.1208696365356
jam,2001,10.0896396636963
jam,2002,10.073260307312
jam,2003,9.967209815979
jam,2004,10.3033304214478
jor,1971,10.1618003845215
jor,1972,10.3998603820801
jor,1973,10.6704797744751
jor,1974,11.0751304626465
jor,1975,11.3760900497437
jor,1976,11.6721897125244
jor,1977,11.7922897338867
jor,1978,11.804630279541
jor,1979,11.699330329895
jor,1980,11.3899602890015
jor,1981,11.2459201812744
jor,1982,11.095419883728
jor,1983,10.8578500747681
jor,1984,10.8149099349976
jor,1985,10.7721500396729
jor,1986,10.830849647522
jor,1987,10.7238597869873
jor,1988,10.7397003173828
jor,1989,10.6364297866821
jor,1990,10.6287002563477
jor,1991,10.6647996902466
jor,1992,10.776909828186
jor,1993,10.7431802749634
jor,1994,10.7482995986938
jor,1996,11.0141401290894
jor,1999,11.0499095916748
jor,2000,11.1341695785522
jor,2002,11.5606203079224
jor,2003,11.6956396102905
jor,2004,11.7201595306396
jor,2005,11.6345996856689
jor,2006,11.5221395492554
jor,2007,11.3882303237915
jor,2008,11.295129776001
jor,2010,10.7074403762817
jor,2011,10.4472904205322
jor,2012,10.2950897216797
jpn,1971,11.2218198776245
jpn,1972,11.2487096786499
jpn,1973,11.3260097503662
jpn,1974,11.3095998764038
jpn,1975,11.4230699539185
jpn,1976,11.528829574585
jpn,1977,11.6151599884033
jpn,1978,11.6079301834106
jpn,1979,11.6151399612427
jpn,1980,11.6229295730591
jpn,1981,11.6303997039795
jpn,1982,11.6185102462769
jpn,1983,11.5845603942871
jpn,1984,11.5188398361206
jpn,1985,11.6589803695679
jpn,1986,11.7887401580811
jpn,1987,11.8086996078491
jpn,1988,11.787449836731
jpn,1989,11.7730903625488
jpn,1990,11.7658596038818
jpn,1991,11.878270149231
jpn,1992,11.9178304672241
jpn,1993,11.8989095687866
jpn,1994,12.1527004241943
jpn,1995,12.1788702011108
jpn,1998,12.1132802963257
jpn,1999,12.110369682312
jpn,2000,12.1382503509521
jpn,2001,12.1677904129028
jpn,2002,12.2058000564575
jpn,2003,12.1813697814941
jpn,2004,12.178279876709
jpn,2005,12.1683702468872
jpn,2006,12.1690196990967
jpn,2007,12.1330404281616
jpn,2008,12.1227903366089
jpn,2009,12.1635103225708
jpn,2010,12.2188596725464
jpn,2011,12.2519302368164
jpn,2012,12.2355403900146
jpn,2013,12.2020702362061
kaz,1993,10.1621198654175
kaz,1997,10.0186100006104
kaz,1998,9.97733974456787
kaz,1999,10.3495397567749
kaz,2000,10.2074298858643
kaz,2006,11.08434009552
kaz,2010,11.1951503753662
kaz,2011,11.3071298599243
kaz,2012,11.435359954834
kaz,2013,11.4533796310425
kaz,2014,11.6535301208496
kaz,2015,11.741660118103
ken,1970,5.96071004867554
ken,1971,6.07463979721069
ken,1972,6.36992979049683
ken,1973,6.55378007888794
ken,1974,8.80463981628418
ken,1975,8.96172046661377
ken,1980,9.95882987976074
ken,1981,9.59757041931152
ken,1982,9.66125011444092
ken,1983,9.69581031799316
ken,1984,9.44104957580566
ken,1985,9.71187973022461
ken,1986,9.58635997772217
ken,1987,9.68076992034912
ken,1988,9.45930957794189
ken,1999,8.06527042388916
ken,2000,8.32935047149658
ken,2001,8.50148963928223
ken,2002,8.29012966156006
ken,2003,9.28586959838867
ken,2004,9.73805046081543
ken,2005,9.75590038299561
ken,2006,9.79724979400635
ken,2007,10.4391098022461
ken,2008,10.8849296569824
ken,2009,11.0713901519775
ken,2012,11.6217498779297
kgz,1981,11.3378095626831
kgz,1986,11.4317302703857
kgz,1989,10.6625699996948
kgz,1990,10.4418897628784
kgz,1992,10.1089696884155
kgz,1999,9.62936973571777
kgz,2000,9.66987037658691
kgz,2001,9.82841014862061
kgz,2002,9.74785995483398
kgz,2003,10.1044702529907
kgz,2004,10.0544700622559
kgz,2005,10.0050001144409
kgz,2006,10.0466499328613
kgz,2007,9.9667797088623
kgz,2008,9.89120960235596
kgz,2009,9.79769039154053
kgz,2010,9.84482955932617
kgz,2011,10.1026496887207
kgz,2013,10.3082399368286
kgz,2014,10.6294498443604
khm,1971,2.60038995742798
khm,1998,7.69944000244141
khm,1999,7.81771993637085
khm,2000,8.17469024658203
khm,2001,8.75885009765625
khm,2002,9.82812023162842
khm,2003,10.2242097854614
khm,2004,10.4077596664429
khm,2006,10.5194597244263
khm,2007,10.589750289917
khm,2008,10.4615097045898
kir,1971,8.23791980743408
kir,1972,9.87502956390381
kir,1973,8.4293098449707
kir,1977,10.2910604476929
kir,1978,10.4538297653198
kir,1979,10.5362100601196
kir,1980,11.1194801330566
kir,1981,10.6713895797729
kir,1982,10.9521102905273
kir,1983,10.7344102859497
kir,1984,10.5246095657349
kir,1985,10.5691995620728
kir,1986,10.3721103668213
kir,1987,10.2428798675537
kir,1988,9.91088962554932
kir,1989,10.6171998977661
kir,1990,10.3839302062988
kir,1991,10.7002801895142
kir,1992,10.8465795516968
kir,1995,10.5496797561646
kir,1996,10.6828098297119
kir,1998,10.7263898849487
kir,1999,9.58798027038574
kir,2000,10.0001201629639
kir,2001,11.2085103988647
kir,2002,11.1512699127197
kir,2003,11.9496898651123
kir,2004,11.5904598236084
kir,2005,11.730770111084
kir,2006,11.3756799697876
kir,2007,11.1540498733521
kir,2008,11.4771604537964
kna,1984,11.8861103057861
kna,1985,12.2028303146362
kna,1986,13.0304403305054
kna,1987,12.0555801391602
kna,1988,12.2270402908325
kna,1989,12.2839603424072
kna,1992,12.6082496643066
kna,1993,12.4269504547119
kna,2000,12.2734804153442
kna,2001,11.3535003662109
kna,2002,11.1455202102661
kna,2003,10.9711399078369
kna,2004,10.8028297424316
kna,2005,11.0996103286743
kna,2007,11.7468996047974
kna,2008,11.6867599487305
kna,2009,11.2896900177002
kna,2010,11.4303798675537
kna,2011,10.8887395858765
kna,2012,9.97307014465332
kna,2013,10.4925203323364
kna,2014,10.3366298675537
kor,1971,9.33883953094482
kor,1972,9.59862041473389
kor,1973,9.74849987030029
kor,1974,9.8821496963501
kor,1975,10.0256004333496
kor,1976,10.315710067749
kor,1977,10.4827003479004
kor,1978,10.6946496963501
kor,1979,10.9867401123047
kor,1980,11.2654695510864
kor,1981,11.5390996932983
kor,1982,11.5288896560669
kor,1983,11.5780897140503
kor,1984,11.684100151062
kor,1985,11.6668796539307
kor,1986,11.6836004257202
kor,1987,11.7831897735596
kor,1988,11.7975702285767
kor,1989,11.8797798156738
kor,1990,11.9552803039551
kor,1991,11.9427900314331
kor,1992,11.8875198364258
kor,1993,11.9419097900391
kor,1994,12.1923704147339
kor,1995,12.2090196609497
kor,1996,12.2968397140503
kor,1997,12.3002099990845
kor,1998,12.1074495315552
kor,1999,12.0780696868896
kor,2000,11.964750289917
kor,2001,11.7714395523071
kor,2002,11.7263803482056
kor,2003,11.8796997070313
kor,2004,12.0748901367188
kor,2005,12.3808403015137
kor,2006,12.3853197097778
kor,2007,12.3410501480103
kor,2008,12.1695499420166
kor,2009,11.9830799102783
kor,2010,11.910719871521
kor,2011,11.9034404754639
kor,2012,11.8597602844238
kor,2013,11.8375301361084
kwt,1971,10.2100801467896
kwt,1972,9.84290027618408
kwt,1973,9.66736030578613
kwt,1974,9.51447010040283
kwt,1975,9.52980041503906
kwt,1976,9.70858955383301
kwt,1977,10.7478399276733
kwt,1978,10.7655401229858
kwt,1979,10.8173303604126
kwt,1980,10.9455404281616
kwt,1981,11.042140007019
kwt,1982,11.1426000595093
kwt,1983,11.3342695236206
kwt,1984,11.5033798217773
kwt,1985,11.6899700164795
kwt,1986,11.7739896774292
kwt,1987,11.388689994812
kwt,1988,10.8997898101807
kwt,1989,10.5553598403931
kwt,1990,10.3015203475952
kwt,1992,6.61873006820679
kwt,1993,7.73413991928101
kwt,1994,9.15598964691162
kwt,1995,10.6423902511597
kwt,1996,12.4358901977539
kwt,1997,12.236120223999
kwt,1998,12.1500196456909
kwt,1999,12.0630702972412
kwt,2000,11.8758296966553
kwt,2001,11.7887001037598
kwt,2003,12.1870803833008
kwt,2004,12.2973098754883
kwt,2005,12.69810962677
kwt,2006,12.2951097488403
kwt,2007,12.2826900482178
kwt,2008,11.820460319519
kwt,2009,11.7376298904419
kwt,2010,11.736029624939
kwt,2011,11.9006099700928
kwt,2012,11.4459199905396
kwt,2013,11.3314895629883
kwt,2014,11.2808303833008
lac,1970,9.97643756866455
lac,1971,9.93911266326904
lac,1972,9.96830654144287
lac,1973,10.0970573425293
lac,1974,10.1857481002808
lac,1975,10.2108736038208
lac,1976,10.3786821365356
lac,1977,10.5596523284912
lac,1978,10.6287889480591
lac,1979,10.8014087677002
lac,1980,10.8669681549072
lac,1981,10.9574117660522
lac,1982,11.0124521255493
lac,1983,11.0531158447266
lac,1984,11.1054067611694
lac,1985,11.141902923584
lac,1986,11.1489915847778
lac,1987,11.1474027633667
lac,1988,11.1062345504761
lac,1989,11.070330619812
lac,1990,11.0094747543335
lac,1991,11.0078315734863
lac,1992,11.0615425109863
lac,1993,11.0848026275635
lac,1994,11.0810842514038
lac,1995,11.1336641311646
lac,1996,11.2539224624634
lac,1997,11.3053522109985
lac,1998,11.4312353134155
lac,1999,11.5014734268188
lac,2000,11.6031856536865
lac,2001,11.5731983184814
lac,2002,11.6753511428833
lac,2003,11.3734912872314
lac,2004,11.3903341293335
lac,2005,11.3820161819458
lac,2006,11.3045825958252
lac,2007,11.2598915100098
lac,2008,11.3576154708862
lac,2009,11.4129905700684
lac,2010,11.5164546966553
lac,2011,11.5279359817505
lac,2012,11.4997758865356
lac,2013,11.7954978942871
lac,2014,11.7778902053833
lao,1971,4.75113010406494
lao,1972,4.85559988021851
lao,1973,4.78692007064819
lao,1977,6.66529989242554
lao,1978,6.49674987792969
lao,1979,7.02088022232056
lao,1980,6.92150020599365
lao,1981,7.03070020675659
lao,1986,6.96881008148193
lao,1988,7.34696006774902
lao,1990,7.12995004653931
lao,1992,7.24130010604858
lao,1993,7.79636001586914
lao,1994,8.12448024749756
lao,1995,7.63479995727539
lao,1996,8.29654979705811
lao,1997,8.5347204208374
lao,1998,8.67877960205078
lao,1999,8.65783977508545
lao,2000,8.61275959014893
lao,2001,8.53647041320801
lao,2002,8.76111030578613
lao,2003,8.97414016723633
lao,2004,9.08567047119141
lao,2005,9.13700008392334
lao,2006,9.05325031280518
lao,2007,9.05809020996094
lao,2008,9.06188011169434
lao,2009,9.23655033111572
lao,2010,9.36629009246826
lao,2011,9.64270973205566
lao,2012,9.72299003601074
lao,2013,9.9127197265625
lao,2014,10.1470499038696
lbn,1971,10.7943296432495
lbn,1982,11.022120475769
lbn,1985,9.93859004974365
lbn,1992,10.1635398864746
lbn,1994,10.4484195709229
lbn,1995,10.7071695327759
lbn,1996,10.9965496063232
lbn,1997,11.4609098434448
lbn,1998,12.4211101531982
lbn,1999,12.7594299316406
lbn,2000,12.7840404510498
lbn,2001,12.7524700164795
lbn,2002,12.5267295837402
lbn,2003,12.1281700134277
lbn,2004,11.7279796600342
lbn,2005,11.2852201461792
lbn,2006,10.972339630127
lbn,2007,10.9446897506714
lbn,2008,10.9626598358154
lbn,2009,11.1031799316406
lbn,2010,11.0335102081299
lbn,2011,11.0765495300293
lbn,2012,10.4658899307251
lbn,2013,10.1821002960205
lbr,1970,3.96508002281189
lbr,1971,4.1110200881958
lbr,1972,4.2974100112915
lbr,1975,4.76266002655029
lbr,1976,4.42969989776611
lbr,1978,5.38056993484497
lbr,1979,5.51047992706299
lbr,1980,5.75863981246948
lbr,1999,9.37032032012939
lbr,2000,10.7134599685669
lbr,2011,10.511679649353
lbr,2014,9.85365962982178
lby,1971,10.4421901702881
lby,1972,11.1221704483032
lby,1973,11.5564098358154
lby,1974,11.7807302474976
lby,1975,11.9619598388672
lby,1976,12.3728904724121
lby,1977,12.4650402069092
lby,1978,12.0589799880981
lby,1979,12.2945604324341
lby,1980,12.5088195800781
lby,1981,12.2575302124023
lby,1983,12.1776103973389
lby,1986,11.3907499313354
lby,2002,12.8142900466919
lby,2003,12.768030166626
lby,2005,11.7283496856689
lby,2006,12.6232299804688
lca,1972,7.84393978118896
lca,1973,8.82695960998535
lca,1977,9.98606967926025
lca,1981,9.2892599105835
lca,1982,10.2044401168823
lca,1983,10.5282497406006
lca,1984,10.6236400604248
lca,1985,10.8466100692749
lca,1986,10.9078903198242
lca,1987,11.2410802841187
lca,1990,12.3444995880127
lca,1991,12.258620262146
lca,1992,12.4066095352173
lca,1993,12.7003297805786
lca,1997,12.6949195861816
lca,1999,10.7115898132324
lca,2000,10.611499786377
lca,2001,10.8377103805542
lca,2002,10.6241397857666
lca,2003,10.7937202453613
lca,2004,11.0922002792358
lca,2005,10.9520702362061
lca,2006,11.5719003677368
lca,2007,11.3657598495483
lcn,1970,10.0011529922485
lcn,1971,9.98953247070313
lcn,1972,10.0255603790283
lcn,1973,10.1511173248291
lcn,1974,10.2315311431885
lcn,1975,10.2458248138428
lcn,1976,10.3959331512451
lcn,1977,10.5716714859009
lcn,1978,10.6381368637085
lcn,1979,10.8070640563965
lcn,1980,10.8679218292236
lcn,1981,10.9601106643677
lcn,1982,11.0125150680542
lcn,1983,11.0547523498535
lcn,1984,11.1055221557617
lcn,1985,11.1453056335449
lcn,1986,11.1532821655273
lcn,1987,11.1529378890991
lcn,1988,11.1149024963379
lcn,1989,11.0793771743774
lcn,1990,11.0171327590942
lcn,1991,11.0434656143188
lcn,1992,11.0903129577637
lcn,1993,11.0815515518188
lcn,1994,11.0784187316895
lcn,1995,11.1303787231445
lcn,1996,11.2474565505981
lcn,1997,11.3038339614868
lcn,1998,11.4279508590698
lcn,1999,11.5064239501953
lcn,2000,11.6116542816162
lcn,2001,11.5843820571899
lcn,2002,11.6848573684692
lcn,2003,11.3968667984009
lcn,2004,11.4211225509644
lcn,2005,11.4117765426636
lcn,2006,11.3367462158203
lcn,2007,11.2935543060303
lcn,2008,11.3837080001831
lcn,2009,11.4299058914185
lcn,2010,11.521372795105
lcn,2011,11.527232170105
lcn,2012,11.4961128234863
lcn,2013,11.7936029434204
lcn,2014,11.7769708633423
ldc,1970,4.76341247558594
ldc,1971,4.72110462188721
ldc,1972,4.89122295379639
ldc,1973,5.07893371582031
ldc,1974,5.12936925888062
ldc,1975,5.30886268615723
ldc,1976,5.42719554901123
ldc,1977,5.50200176239014
ldc,1978,5.6424560546875
ldc,1979,5.82544660568237
ldc,1980,5.95079660415649
ldc,1981,6.01415109634399
ldc,1982,6.00570106506348
ldc,1983,6.10291576385498
ldc,1984,5.98175859451294
ldc,1985,5.88891410827637
ldc,1986,5.87134265899658
ldc,1987,5.82126903533936
ldc,1988,5.95830059051514
ldc,1989,5.88223266601563
ldc,1990,5.73030662536621
ldc,1991,5.88519954681396
ldc,1992,5.88695287704468
ldc,1993,5.94597387313843
ldc,1994,6.07375049591064
ldc,1995,6.24877834320068
ldc,1996,6.3474292755127
ldc,1997,6.55758571624756
ldc,1998,6.69964694976807
ldc,1999,6.7473406791687
ldc,2000,6.89813566207886
ldc,2001,7.07642650604248
ldc,2002,7.48415279388428
ldc,2003,7.73443078994751
ldc,2004,7.97694826126099
ldc,2005,8.09074306488037
ldc,2006,8.31077194213867
ldc,2007,8.48061180114746
ldc,2008,8.7086935043335
ldc,2009,8.84098529815674
ldc,2010,8.91843891143799
ldc,2011,9.11571788787842
ldc,2012,9.14448070526123
ldc,2013,9.21950626373291
ldc,2014,9.27914047241211
lic,1970,4.31346988677979
lic,1971,4.33383417129517
lic,1972,4.40230655670166
lic,1973,4.480393409729
lic,1974,4.58746719360352
lic,1975,4.84951305389404
lic,1976,5.03785848617554
lic,1977,5.24815511703491
lic,1978,5.42297887802124
lic,1979,5.65910053253174
lic,1980,5.84866666793823
lic,1981,6.14400005340576
lic,1982,6.01516914367676
lic,1983,6.04682445526123
lic,1984,5.99717140197754
lic,1985,5.93159246444702
lic,1986,5.92075967788696
lic,1987,5.77414560317993
lic,1988,5.87458467483521
lic,1989,5.77496862411499
lic,1990,5.59493827819824
lic,1991,5.74692726135254
lic,1992,5.60442972183228
lic,1993,5.61830520629883
lic,1994,5.73814916610718
lic,1995,5.96358489990234
lic,1996,6.05598592758179
lic,1997,6.34326791763306
lic,1998,6.52078723907471
lic,1999,6.54054832458496
lic,2000,6.71147060394287
lic,2001,6.94131374359131
lic,2002,7.46903133392334
lic,2003,7.75347757339478
lic,2004,8.07051181793213
lic,2005,8.2378101348877
lic,2006,8.51545524597168
lic,2007,8.75053119659424
lic,2008,9.07464694976807
lic,2009,9.14995193481445
lic,2010,9.20771980285645
lic,2011,9.30204486846924
lic,2012,9.28173732757568
lic,2013,9.290602684021
lic,2014,9.36815452575684
lie,2003,13.7689504623413
lie,2004,13.7231702804565
lie,2006,13.4237003326416
lie,2007,13.3262195587158
lie,2008,13.3240098953247
lie,2009,13.1168603897095
lie,2010,13.7209596633911
lie,2011,13.658109664917
lie,2012,13.5093097686768
lie,2014,14.0172004699707
lka,1976,7.50747013092041
lka,1981,9.82213020324707
lka,1982,9.81470966339111
lka,1983,9.91454982757568
lka,1984,10.0408496856689
lka,1985,10.2080297470093
lka,1986,10.4364004135132
lka,1987,10.6450300216675
lka,1988,10.8565397262573
lka,1989,11.0325403213501
lka,1990,11.1193399429321
lka,1991,11.0990400314331
lka,1992,11.1716299057007
lka,1993,11.2563104629517
lka,1994,11.3594102859497
lka,1995,11.530909538269
lka,2010,12.7696304321289
lka,2011,12.9489603042603
lka,2012,12.7859897613525
lka,2013,12.8811902999878
lmc,1970,6.85439300537109
lmc,1971,6.86764574050903
lmc,1972,6.94785594940186
lmc,1973,7.08535671234131
lmc,1974,7.11706924438477
lmc,1975,7.17904949188232
lmc,1976,7.20248746871948
lmc,1977,7.35576295852661
lmc,1978,7.41008281707764
lmc,1979,7.53760814666748
lmc,1980,7.70427942276001
lmc,1981,7.84878778457642
lmc,1982,8.04759311676025
lmc,1983,8.22920513153076
lmc,1984,8.38151454925537
lmc,1985,8.37452793121338
lmc,1986,8.35587120056152
lmc,1987,8.30773162841797
lmc,1988,8.34430885314941
lmc,1989,8.37347984313965
lmc,1990,8.36732578277588
lmc,1991,8.42259788513184
lmc,1992,8.48381519317627
lmc,1993,8.58962535858154
lmc,1994,8.64643955230713
lmc,1995,8.60976505279541
lmc,1996,8.60694122314453
lmc,1997,8.64050483703613
lmc,1998,8.57521343231201
lmc,1999,8.54547882080078
lmc,2000,8.6729621887207
lmc,2001,8.67074966430664
lmc,2002,8.76210403442383
lmc,2003,8.92998313903809
lmc,2004,9.11240482330322
lmc,2005,9.26511001586914
lmc,2006,9.33731365203857
lmc,2007,9.46400260925293
lmc,2008,9.49571132659912
lmc,2009,9.49464511871338
lmc,2010,9.67352867126465
lmc,2011,9.80365943908691
lmc,2012,9.97157955169678
lmc,2013,9.85137939453125
lmc,2014,9.85344314575195
lmy,1970,7.43465614318848
lmy,1971,7.55378818511963
lmy,1972,7.73475313186646
lmy,1973,8.03226661682129
lmy,1974,8.08556175231934
lmy,1975,8.08920764923096
lmy,1976,8.19793701171875
lmy,1977,8.40211296081543
lmy,1978,8.44689559936523
lmy,1979,8.43256855010986
lmy,1980,8.42227458953857
lmy,1981,8.46836471557617
lmy,1982,8.46047401428223
lmy,1983,8.50323677062988
lmy,1984,8.57954406738281
lmy,1985,8.64653587341309
lmy,1986,8.69559097290039
lmy,1987,8.67726421356201
lmy,1988,8.77725315093994
lmy,1989,8.75148010253906
lmy,1990,8.72364044189453
lmy,1991,8.76363945007324
lmy,1992,8.79229640960693
lmy,1993,8.84605407714844
lmy,1994,8.84854793548584
lmy,1995,8.86845207214355
lmy,1996,8.8882474899292
lmy,1997,8.91644859313965
lmy,1998,8.88663291931152
lmy,1999,8.88312149047852
lmy,2000,9.00438022613525
lmy,2001,8.99059963226318
lmy,2002,9.12436103820801
lmy,2003,9.24851894378662
lmy,2004,9.43002223968506
lmy,2005,9.56705760955811
lmy,2006,9.66351795196533
lmy,2007,9.81578063964844
lmy,2008,9.94087314605713
lmy,2009,9.98993015289307
lmy,2010,10.1592540740967
lmy,2011,10.2839469909668
lmy,2012,10.3888559341431
lmy,2013,10.4030437469482
lmy,2014,10.361834526062
lso,1970,5.8937201499939
lso,1972,5.51786994934082
lso,1973,5.92950010299683
lso,1975,6.26793003082275
lso,1976,6.40301990509033
lso,1977,6.35664987564087
lso,1978,6.40469980239868
lso,1979,6.51871013641357
lso,1980,6.71354007720947
lso,1981,7.09751987457275
lso,1982,7.52063989639282
lso,1983,7.80032014846802
lso,1984,7.95938014984131
lso,1985,8.19783020019531
lso,1986,8.17397975921631
lso,1987,8.20654964447021
lso,1988,8.48744964599609
lso,1989,8.38877964019775
lso,1990,8.39155006408691
lso,1991,8.42298984527588
lso,1992,8.43404960632324
lso,1993,8.26953983306885
lso,1994,8.65787982940674
lso,1996,8.85375022888184
lso,1997,8.44970035552979
lso,1998,8.87728977203369
lso,1999,8.81453037261963
lso,2000,9.70053005218506
lso,2001,9.92850971221924
lso,2002,10.0112199783325
lso,2003,10.2132596969604
lso,2004,10.2563199996948
lso,2005,10.1783103942871
lso,2006,10.1297597885132
lso,2007,9.70024967193604
lso,2008,9.67623996734619
lso,2009,9.64478969573975
lso,2010,9.945969581604
lso,2011,9.99419975280762
lso,2012,10.0700798034668
lso,2013,9.79141044616699
lso,2014,9.75780963897705
ltu,1993,10.7004499435425
ltu,1995,10.5420999526978
ltu,1996,10.9736995697021
ltu,1997,11.2917804718018
ltu,1998,11.4176902770996
ltu,1999,11.7885999679565
ltu,2000,12.2014799118042
ltu,2001,12.5240201950073
ltu,2002,12.7024803161621
ltu,2003,12.7722902297974
ltu,2004,12.3342504501343
ltu,2005,12.179759979248
ltu,2006,12.0775604248047
ltu,2007,12.0945796966553
ltu,2008,12.0784797668457
ltu,2009,12.0642099380493
ltu,2010,12.1358203887939
ltu,2011,12.1238498687744
ltu,2012,12.2073402404785
ltu,2013,12.552300453186
ltu,2014,12.6666698455811
lux,1971,10.07017993927
lux,1972,10.0441799163818
lux,1973,9.87119007110596
lux,1974,10.0051298141479
lux,1975,9.81254959106445
lux,1976,9.92002010345459
lux,1977,9.91256999969482
lux,1978,10.0666303634644
lux,1979,10.0116596221924
lux,1980,9.76014995574951
lux,1981,10.9569997787476
lux,1982,10.5801496505737
lux,1983,10.6886796951294
lux,1984,10.7048797607422
lux,1986,10.6352701187134
lux,1987,10.5479097366333
lux,1988,10.3509702682495
lux,1999,12.6272001266479
lux,2000,12.5981702804565
lux,2001,12.6554899215698
lux,2002,12.6176300048828
lux,2003,12.5718002319336
lux,2004,12.5842399597168
lux,2005,12.5698204040527
lux,2006,12.6890897750854
lux,2007,12.7726898193359
lux,2008,12.7674503326416
lux,2010,12.8448600769043
lux,2011,12.7253704071045
lux,2012,12.7159595489502
lux,2013,12.8296298980713
lva,1991,11.2631702423096
lva,1992,11.0089597702026
lva,1993,10.6689796447754
lva,1994,10.2877101898193
lva,1995,10.3545999526978
lva,1996,10.4594097137451
lva,1997,10.574649810791
lva,1998,10.7526903152466
lva,1999,10.9121904373169
lva,2000,11.1998100280762
lva,2001,11.4307298660278
lva,2002,11.6163702011108
lva,2003,11.7393798828125
lva,2004,11.870189666748
lva,2005,12.0442199707031
lva,2006,12.0059700012207
lva,2007,12.0602703094482
lva,2008,12.2634696960449
lva,2009,11.9521903991699
lva,2010,12.0861396789551
lva,2011,12.1172399520874
lva,2012,12.1058702468872
lva,2013,12.6084604263306
lva,2014,12.7071104049683
mac,1971,4.93943023681641
mac,1972,4.64312982559204
mac,1973,4.91421985626221
mac,1974,4.95639991760254
mac,1990,10.3203601837158
mac,1992,10.7572603225708
mac,1993,10.6470403671265
mar,1971,4.25921010971069
mar,1972,4.29504013061523
mar,1974,4.40021991729736
mar,1975,4.67349004745483
mar,1976,5.16738986968994
mar,1977,5.47726011276245
mar,1978,5.81667995452881
mar,1979,6.19909000396729
mar,1980,6.46603012084961
mar,1981,6.80258989334106
mar,1982,7.30648994445801
mar,1983,7.56809997558594
mar,1984,7.72606992721558
mar,1985,7.42316007614136
mar,1986,7.56659984588623
mar,1987,7.47839021682739
mar,1988,7.4738597869873
mar,1989,7.18432998657227
mar,1990,7.07387018203735
mar,1991,7.02134990692139
mar,1992,7.13744020462036
mar,1993,7.31934976577759
mar,1994,7.51406002044678
mar,1995,7.71694993972778
mar,1996,7.84475994110107
mar,1997,7.89132976531982
mar,1998,7.89784002304077
mar,1999,8.23948001861572
mar,2000,8.589599609375
mar,2001,8.82571983337402
mar,2002,9.24374961853027
mar,2003,9.51593971252441
mar,2004,9.71523952484131
mar,2005,9.79106998443604
mar,2006,9.92346954345703
mar,2007,10.206130027771
mar,2008,10.3377199172974
mar,2009,10.5551996231079
mar,2010,10.9085302352905
mar,2011,11.2526998519897
mar,2012,11.5623903274536
mda,1990,9.91522979736328
mda,1991,9.78472995758057
mda,1992,9.40830039978027
mda,1993,9.33360958099365
mda,1994,9.24557018280029
mda,1995,9.4321403503418
mda,1999,9.84467029571533
mda,2000,9.69612979888916
mda,2001,9.6215295791626
mda,2002,9.80325031280518
mda,2003,9.91059970855713
mda,2004,10.0229501724243
mda,2005,9.99561977386475
mda,2006,9.99032020568848
mda,2007,9.89939022064209
mda,2008,9.88763999938965
mda,2009,9.8598804473877
mda,2010,9.81147003173828
mda,2011,9.79646968841553
mda,2012,9.82553958892822
mda,2013,9.81009960174561
mda,2014,9.74262046813965
mdg,1971,6.51512002944946
mdg,1972,6.97344017028809
mdg,1974,6.498459815979
mdg,1988,6.47319984436035
mdg,1989,6.56814002990723
mdg,1990,6.36628007888794
mdg,2005,9.07048034667969
mdg,2006,9.10361957550049
mdg,2007,9.39871025085449
mdg,2008,9.69797039031982
mdg,2009,10.1615800857544
mdg,2011,10.0940799713135
mdg,2012,10.2659997940063
mdg,2014,10.3111801147461
mdv,1994,9.83458042144775
mdv,1995,9.8513298034668
mdv,1996,10.0732803344727
mdv,1997,10.6100902557373
mdv,1998,10.475079536438
mdv,1999,11.1964902877808
mdv,2000,11.6845598220825
mdv,2001,11.9403295516968
mdv,2002,11.5943899154663
mdv,2003,12.06369972229
mdv,2004,11.8923797607422
mea,1970,7.41975784301758
mea,1971,7.42713832855225
mea,1972,7.58813524246216
mea,1973,7.80942678451538
mea,1974,7.9542031288147
mea,1975,8.28828430175781
mea,1976,8.58770847320557
mea,1977,8.81277751922607
mea,1978,8.97139072418213
mea,1979,8.91323471069336
mea,1980,9.11556911468506
mea,1981,9.08038997650146
mea,1982,9.24800205230713
mea,1983,9.33227252960205
mea,1984,9.44664669036865
mea,1985,9.52187061309814
mea,1986,9.66265296936035
mea,1987,9.78615856170654
mea,1988,9.85485363006592
mea,1989,9.79459857940674
mea,1990,9.75511741638184
mea,1991,9.7436990737915
mea,1992,9.56902599334717
mea,1993,9.61427021026611
mea,1994,9.89553642272949
mea,1995,9.73503875732422
mea,1996,9.89400291442871
mea,1997,9.87394237518311
mea,1998,9.96465110778809
mea,1999,10.0480690002441
mea,2000,10.0843963623047
mea,2001,10.182843208313
mea,2002,10.2925577163696
mea,2003,10.3972291946411
mea,2004,10.5013151168823
mea,2005,10.7364921569824
mea,2006,10.8053197860718
mea,2007,10.8358612060547
mea,2008,10.9247350692749
mea,2009,10.978253364563
mea,2010,11.0805397033691
mea,2011,11.3224563598633
mea,2012,11.4744663238525
mea,2013,11.4345121383667
mea,2014,11.3540687561035
mex,1971,8.11867046356201
mex,1972,8.14070987701416
mex,1974,8.72471046447754
mex,1975,8.90458011627197
mex,1976,9.27320957183838
mex,1977,9.37576961517334
mex,1978,9.45421981811523
mex,1979,9.86003017425537
mex,1980,9.99392032623291
mex,1981,10.1331596374512
mex,1982,10.3119602203369
mex,1983,10.4532699584961
mex,1984,10.4871397018433
mex,1985,10.372859954834
mex,1986,10.3087797164917
mex,1987,10.3084697723389
mex,1988,10.150580406189
mex,1989,10.0694398880005
mex,1990,9.95034980773926
mex,1991,9.8144702911377
mex,1992,9.86606979370117
mex,1993,9.87110996246338
mex,1994,9.94579982757568
mex,1995,10.0587997436523
mex,1996,10.1868200302124
mex,1997,10.3149795532227
mex,1998,10.4429903030396
mex,1999,10.5336198806763
mex,2000,10.6390800476074
mex,2001,10.6033496856689
mex,2002,10.7350301742554
mex,2003,10.8561000823975
mex,2004,10.8870801925659
mex,2005,10.8649997711182
mex,2006,10.8802499771118
mex,2007,10.9192495346069
mex,2008,11.0107202529907
mex,2009,11.020359992981
mex,2010,11.1016302108765
mex,2011,11.1678895950317
mex,2012,11.3058204650879
mex,2013,11.4343595504761
mex,2014,11.5799198150635
mhl,1999,9.35731983184814
mhl,2002,11.6253995895386
mhl,2003,10.6578702926636
mhl,2004,11.9881801605225
mhl,2005,10.7189903259277
mhl,2006,11.962329864502
mhl,2007,12.2109699249268
mhl,2008,12.443699836731
mhl,2009,12.5316295623779
mic,1970,7.681800365448
mic,1971,7.80979919433594
mic,1972,8.00216770172119
mic,1973,8.32062149047852
mic,1974,8.37311553955078
mic,1975,8.35851383209229
mic,1976,8.46360969543457
mic,1977,8.67198848724365
mic,1978,8.71050357818604
mic,1979,8.67884826660156
mic,1980,8.65482234954834
mic,1981,8.68222904205322
mic,1982,8.69058799743652
mic,1983,8.7396240234375
mic,1984,8.83320999145508
mic,1985,8.91763973236084
mic,1986,8.97618293762207
mic,1987,8.97477245330811
mic,1988,9.07756328582764
mic,1989,9.06147861480713
mic,1990,9.05112838745117
mic,1991,9.08200836181641
mic,1992,9.13149642944336
mic,1993,9.19162273406982
mic,1994,9.18375778198242
mic,1995,9.18489646911621
mic,1996,9.20361232757568
mic,1997,9.21369075775146
mic,1998,9.17295455932617
mic,1999,9.18158149719238
mic,2000,9.30940914154053
mic,2001,9.27381896972656
mic,2002,9.36239910125732
mic,2003,9.47190761566162
mic,2004,9.64020252227783
mic,2005,9.77901649475098
mic,2006,9.85219478607178
mic,2007,9.99531173706055
mic,2008,10.0896453857422
mic,2009,10.1360311508179
mic,2010,10.3256912231445
mic,2011,10.4593677520752
mic,2012,10.5898818969727
mic,2013,10.6078262329102
mic,2014,10.547438621521
mkd,1993,9.92016983032227
mkd,1994,9.98890972137451
mkd,1995,10.1764001846313
mkd,1996,10.427339553833
mkd,1997,10.5390396118164
mkd,1998,10.6912698745728
mkd,1999,10.745400428772
mkd,2000,10.788459777832
mkd,2001,10.7468004226685
mkd,2002,10.6482801437378
mkd,2003,10.6682395935059
mkd,2004,10.6677303314209
mkd,2005,10.7361698150635
mkd,2007,10.5978097915649
mkd,2008,11.2020902633667
mkd,2009,11.0965900421143
mkd,2010,11.0922002792358
mkd,2012,10.9618501663208
mli,1971,2.25852990150452
mli,1972,2.28274989128113
mli,1973,2.28222990036011
mli,1974,2.40758991241455
mli,1976,2.59251999855042
mli,1978,2.82808995246887
mli,1979,2.90586996078491
mli,1980,2.88137006759644
mli,1981,2.61357998847961
mli,1982,2.65005993843079
mli,1983,2.55930995941162
mli,1984,2.4815399646759
mli,1987,2.2387900352478
mli,1988,2.27525997161865
mli,1989,2.54847002029419
mli,1990,2.56200003623962
mli,1991,2.66878008842468
mli,1992,2.90228009223938
mli,1993,3.1014199256897
mli,1994,3.40298008918762
mli,1995,3.60686993598938
mli,1996,3.92439007759094
mli,1997,4.37086009979248
mli,1998,4.6425199508667
mli,1999,5.06694984436035
mli,2000,5.2392201423645
mli,2003,6.23121976852417
mli,2004,6.55857992172241
mli,2005,6.79486989974976
mli,2006,7.00914001464844
mli,2007,7.27065992355347
mli,2008,7.57671022415161
mli,2009,7.82431983947754
mli,2010,7.95304012298584
mli,2011,8.08810043334961
mli,2014,7.77235984802246
mlt,1971,9.69134998321533
mlt,1972,10.3862600326538
mlt,1973,10.1900796890259
mlt,1974,10.3783502578735
mlt,1975,10.9392404556274
mlt,1976,11.4873504638672
mlt,1977,11.8133001327515
mlt,1978,12.1879100799561
mlt,1979,12.3812704086304
mlt,1980,12.6077499389648
mlt,1981,12.4403696060181
mlt,1982,12.6338396072388
mlt,1983,12.6521501541138
mlt,1984,12.6791200637817
mlt,1985,12.6038703918457
mlt,1986,12.433500289917
mlt,1987,12.1572999954224
mlt,1988,12.1972103118896
mlt,1989,12.3613901138306
mlt,1990,12.6981897354126
mlt,1991,12.7473201751709
mlt,1992,12.8182001113892
mlt,1993,12.726900100708
mlt,1994,12.7432804107666
mlt,1995,12.6467504501343
mlt,1996,12.264630317688
mlt,1997,12.4483499526978
mlt,1998,12.4554500579834
mlt,1999,12.5478496551514
mlt,2000,12.4613399505615
mlt,2001,12.5083703994751
mlt,2002,12.3759498596191
mlt,2003,12.3828401565552
mlt,2004,13.3051595687866
mlt,2005,12.8887300491333
mlt,2006,12.4680795669556
mlt,2007,12.7383298873901
mlt,2008,12.6569595336914
mlt,2010,13.2622499465942
mlt,2011,12.2314100265503
mlt,2012,12.1910696029663
mlt,2013,12.2451601028442
mlt,2014,12.3563995361328
mmr,1971,6.26118993759155
mmr,1972,5.95558977127075
mmr,1976,5.75837993621826
mmr,1977,5.69049978256226
mmr,1978,5.86488008499146
mmr,1986,6.29639005661011
mmr,1987,6.57722997665405
mmr,1988,6.49147987365723
mmr,1989,6.59985017776489
mmr,1990,5.83723020553589
mmr,1991,6.39275979995728
mmr,1992,6.92443990707397
mmr,1993,7.01843023300171
mmr,1994,7.12841987609863
mmr,1999,6.80225992202759
mmr,2000,7.08880996704102
mmr,2001,7.22877979278564
mmr,2002,7.31900978088379
mmr,2003,7.45000982284546
mmr,2004,7.66241979598999
mmr,2005,7.61675977706909
mmr,2006,7.73443984985352
mmr,2009,7.76416015625
mmr,2010,7.69472980499268
mmr,2014,8.09241962432861
mna,1970,7.42303800582886
mna,1971,7.43160820007324
mna,1972,7.60105180740356
mna,1973,7.83814001083374
mna,1974,7.99336814880371
mna,1975,8.35217475891113
mna,1976,8.67434883117676
mna,1977,8.91238975524902
mna,1978,9.08374214172363
mna,1979,9.02367973327637
mna,1980,9.23298358917236
mna,1981,9.18045902252197
mna,1982,9.34726715087891
mna,1983,9.42049407958984
mna,1984,9.52966499328613
mna,1985,9.59459590911865
mna,1986,9.73908996582031
mna,1987,9.86888122558594
mna,1988,9.93573665618896
mna,1989,9.85696315765381
mna,1990,9.80294609069824
mna,1991,9.78768634796143
mna,1992,9.58162117004395
mna,1993,9.6056079864502
mna,1994,9.89095878601074
mna,1995,9.68611240386963
mna,1996,9.83845901489258
mna,1997,9.80471134185791
mna,1998,9.88935470581055
mna,1999,9.9617748260498
mna,2000,9.98269176483154
mna,2001,10.076756477356
mna,2002,10.179801940918
mna,2003,10.2810106277466
mna,2004,10.3821353912354
mna,2005,10.6337022781372
mna,2006,10.7060117721558
mna,2007,10.7257204055786
mna,2008,10.8103523254395
mna,2009,10.8476104736328
mna,2010,10.9405221939087
mna,2011,11.1926031112671
mna,2012,11.3374719619751
mna,2013,11.2413091659546
mna,2014,11.134241104126
mne,2003,11.6979303359985
mne,2004,11.7502698898315
mne,2005,11.9832201004028
mne,2006,12.2756099700928
mne,2007,12.4429502487183
mne,2008,12.0418395996094
mne,2009,12.3935604095459
mne,2010,12.3145198822021
mne,2011,12.1599798202515
mne,2012,12.0340995788574
mne,2015,12.0814599990845
mng,1975,8.3362398147583
mng,1976,8.41047954559326
mng,1979,8.62660980224609
mng,1980,8.84335041046143
mng,1983,8.71714019775391
mng,1991,8.64865016937256
mng,1993,6.60446977615356
mng,1994,6.39966011047363
mng,1995,6.29025983810425
mng,1996,6.57508993148804
mng,1997,6.73317003250122
mng,1998,6.90850019454956
mng,1999,7.02239990234375
mng,2000,7.37455987930298
mng,2001,7.8817400932312
mng,2002,8.20668029785156
mng,2003,8.85505962371826
mng,2004,9.39099025726318
mng,2005,10.058500289917
mng,2006,10.2180595397949
mng,2009,11.2058897018433
mng,2010,11.411470413208
mng,2014,11.429539680481
moz,1973,3.2362699508667
moz,1977,5.25174999237061
moz,1978,5.50399017333984
moz,1979,6.1773099899292
moz,1981,5.77090978622437
moz,1982,5.26157999038696
moz,1983,4.70741987228394
moz,1985,4.85491991043091
moz,1986,4.79565000534058
moz,1987,4.66760015487671
moz,1990,4.23756980895996
moz,1991,4.28041982650757
moz,1992,4.12906980514526
moz,1993,4.15638017654419
moz,1994,4.3572301864624
moz,1995,4.66649007797241
moz,1999,6.21168994903564
moz,2000,6.66209983825684
moz,2001,7.11070013046265
moz,2002,7.51771020889282
moz,2004,8.09307956695557
moz,2005,8.66024971008301
moz,2006,8.83547019958496
moz,2007,9.3814001083374
moz,2008,9.75407028198242
moz,2009,9.78522968292236
moz,2010,9.88908004760742
moz,2011,9.53071022033691
moz,2012,9.33716011047363
moz,2013,9.26692962646484
moz,2014,9.18774032592773
mrt,1981,3.61028003692627
mrt,1987,4.73459005355835
mrt,1988,4.72194004058838
mrt,1989,4.61720991134644
mrt,1990,4.32618999481201
mrt,1991,4.41856002807617
mrt,1992,4.7046799659729
mrt,1993,5.15318012237549
mrt,1994,5.84795999526978
mrt,1995,5.99601984024048
mrt,1996,6.23731994628906
mrt,1997,6.13340997695923
mrt,1998,6.35659980773926
mrt,1999,6.47096014022827
mrt,2000,6.50458002090454
mrt,2001,6.62549018859863
mrt,2002,6.61146020889282
mrt,2003,6.62811994552612
mrt,2004,7.05334997177124
mrt,2005,6.99799013137817
mrt,2006,7.22962999343872
mrt,2008,6.83964014053345
mrt,2009,7.3061900138855
mrt,2010,7.40827989578247
mrt,2011,7.44183015823364
mrt,2012,7.8270001411438
mrt,2013,8.04376029968262
mrt,2014,8.1483097076416
mus,1971,8.349289894104
mus,1972,8.71041011810303
mus,1973,8.75109958648682
mus,1974,8.8286600112915
mus,1975,8.93877983093262
mus,1976,9.06628036499023
mus,1977,9.57695007324219
mus,1978,9.65631008148193
mus,1979,9.38996982574463
mus,1980,9.22317028045654
mus,1981,9.48097038269043
mus,1982,9.56984996795654
mus,1983,9.75774002075195
mus,1984,9.58724975585938
mus,1985,9.8058500289917
mus,1986,10.0185098648071
mus,1987,10.1476097106934
mus,1988,10.1071901321411
mus,1989,10.2639503479004
mus,1990,10.3025102615356
mus,1996,10.9315996170044
mus,1998,11.4061298370361
mus,1999,11.6511602401733
mus,2000,11.8052701950073
mus,2001,11.7827796936035
mus,2002,11.7782297134399
mus,2003,12.0553998947144
mus,2004,12.2012901306152
mus,2005,12.4313402175903
mus,2006,12.2787599563599
mus,2007,12.3244600296021
mus,2008,12.2923898696899
mus,2009,12.2501096725464
mus,2010,12.2487602233887
mus,2011,12.3218698501587
mus,2012,12.3659601211548
mus,2013,12.545599937439
mus,2014,12.8341798782349
mwi,1972,4.27763986587524
mwi,1973,4.63184976577759
mwi,1975,5.35716009140015
mwi,1976,5.38607978820801
mwi,1977,5.34912014007568
mwi,1978,5.25274991989136
mwi,1979,5.27739000320435
mwi,1980,5.6401801109314
mwi,1981,5.67550992965698
mwi,1982,5.93957996368408
mwi,1983,5.62802982330322
mwi,1984,5.35274982452393
mwi,1985,5.37038993835449
mwi,1986,5.26115989685059
mwi,1987,5.3187198638916
mwi,1988,5.19798994064331
mwi,1989,5.56996011734009
mwi,1990,5.94833993911743
mwi,1991,6.13723993301392
mwi,1993,7.38200998306274
mwi,1994,7.54496002197266
mwi,1995,11.2926902770996
mwi,1996,11.1127395629883
mwi,1999,11.3226804733276
mwi,2000,10.4600496292114
mwi,2001,10.7463703155518
mwi,2002,10.7161998748779
mwi,2004,9.78293991088867
mwi,2005,9.67800998687744
mwi,2006,9.72412967681885
mwi,2007,9.60717964172363
mwi,2008,10.2195100784302
mwi,2009,10.128809928894
mwi,2010,10.50767993927
mwi,2011,10.6900596618652
mwi,2012,10.7987499237061
mwi,2013,11.3441696166992
mwi,2014,11.5715303421021
nac,1980,11.2299489974976
nac,1981,11.129319190979
nac,1982,11.4929552078247
nac,1983,11.4943714141846
nac,1984,11.5311374664307
nac,1985,11.4972925186157
nac,1986,11.5886077880859
nac,1987,11.6977519989014
nac,1988,11.7235202789307
nac,1989,11.7496242523193
nac,1990,11.7695121765137
nac,1991,11.7362222671509
nac,1992,11.8544893264771
nac,1993,11.9761638641357
nac,1994,12.0034484863281
nac,1995,11.9461879730225
nac,1996,11.9821653366089
nac,1997,11.876727104187
nac,1998,11.7713642120361
nac,1999,11.7267866134644
nac,2000,11.7783794403076
nac,2001,11.7999448776245
nac,2002,11.6552429199219
nac,2003,11.7238759994507
nac,2004,11.6777153015137
nac,2005,11.7319574356079
nac,2006,11.7827644348145
nac,2007,11.8853244781494
nac,2008,11.9307441711426
nac,2009,11.7960472106934
nac,2010,11.6872625350952
nac,2011,11.6524772644043
nac,2012,11.728178024292
nac,2013,11.7759637832642
nac,2014,11.8384275436401
nam,1990,9.85305023193359
nam,1991,10.5903701782227
nam,1992,11.3359899520874
nam,1993,11.0407800674438
nam,1994,11.4402103424072
nam,1995,11.2638998031616
nam,1996,11.1095695495605
nam,1997,11.0369501113892
nam,1998,11.2902698516846
nam,1999,11.0947999954224
nam,2000,11.1527299880981
nam,2001,11.3040599822998
nam,2002,11.2366199493408
nam,2003,11.2306499481201
nam,2004,10.9896802902222
nam,2005,10.9187297821045
nam,2006,10.6888103485107
nam,2007,10.9702501296997
ner,1971,0.997210025787354
ner,1972,1.04323995113373
ner,1973,1.08912003040314
ner,1974,1.15971004962921
ner,1975,1.23985004425049
ner,1976,1.43388998508453
ner,1977,1.61764001846313
ner,1978,1.78411996364594
ner,1979,1.85321998596191
ner,1980,2.06773996353149
ner,1981,2.23109006881714
ner,1988,2.4761700630188
ner,1989,2.61837005615234
ner,1990,2.71684002876282
ner,1991,2.86971998214722
ner,1992,2.75379991531372
ner,1993,2.69470000267029
ner,1996,2.72917008399963
ner,1997,2.83734011650085
ner,1998,2.79007005691528
ner,1999,2.89403009414673
ner,2000,3.01354002952576
ner,2001,3.15910005569458
ner,2002,3.41342997550964
ner,2003,3.64785003662109
ner,2004,4.05093002319336
ner,2005,4.2678599357605
ner,2006,4.42176008224487
ner,2007,4.58174991607666
ner,2008,4.77719020843506
ner,2009,5.001540184021
ner,2010,5.28127002716064
ner,2011,5.5858302116394
ner,2012,5.80538988113403
ner,2013,5.97077989578247
ner,2014,6.15198993682861
nga,1970,3.47067999839783
nga,1971,3.68757009506226
nga,1972,4.00969982147217
nga,1973,4.11275005340576
nga,1977,4.79012012481689
nga,1978,5.91940021514893
nga,1979,7.01949977874756
nga,1980,7.6050500869751
nga,1981,8.40299034118652
nga,1982,9.39342975616455
nga,1983,10.0468997955322
nga,1984,10.4437103271484
nga,1986,8.00885963439941
nga,1987,7.68643999099731
nga,1989,6.97975015640259
nga,1990,7.4281702041626
nga,1999,7.97659015655518
nga,2000,8.39330959320068
nga,2001,8.04586029052734
nga,2002,8.39451026916504
nga,2004,9.1775598526001
nga,2005,9.15275001525879
nga,2006,9.13675022125244
nga,2007,8.06564998626709
nga,2008,7.62584018707275
nga,2009,7.88699007034302
nga,2010,8.14997005462646
nic,1970,4.83063983917236
nic,1971,5.18157005310059
nic,1972,5.07696008682251
nic,1973,5.23780012130737
nic,1975,5.37985992431641
nic,1977,5.85713005065918
nic,1979,5.91589021682739
nic,1980,7.05188989639282
nic,1982,6.98164987564087
nic,1983,7.34379005432129
nic,1984,6.74904012680054
nic,1985,6.1648998260498
nic,1986,6.14956998825073
nic,1987,6.38394021987915
nic,1988,6.2642297744751
nic,1989,6.2418999671936
nic,1998,7.91664981842041
nic,1999,8.67432022094727
nic,2000,8.77301025390625
nic,2001,9.15135955810547
nic,2002,9.86522006988525
nic,2004,10.3627595901489
nic,2005,10.5914697647095
nic,2006,10.8856496810913
nic,2007,10.9202003479004
nic,2008,10.8629503250122
nic,2010,10.9650802612305
nld,1971,10.9805698394775
nld,1972,11.0764503479004
nld,1973,11.108039855957
nld,1974,11.1978397369385
nld,1975,11.2384099960327
nld,1976,11.4497003555298
nld,1977,11.5413599014282
nld,1978,11.5585498809814
nld,1979,11.4901304244995
nld,1980,11.4911298751831
nld,1981,11.4402503967285
nld,1982,11.4199695587158
nld,1983,11.4543600082397
nld,1984,11.5597896575928
nld,1985,11.5507898330688
nld,1986,12.7456798553467
nld,1987,12.8898296356201
nld,1988,12.9664897918701
nld,1989,12.9746599197388
nld,1990,13.0379295349121
nld,1991,13.0949201583862
nld,1992,12.9139003753662
nld,1993,12.9520902633667
nld,1994,15.3247995376587
nld,1995,14.6890001296997
nld,1996,14.8404598236084
nld,1997,14.500789642334
nld,1998,14.4493198394775
nld,1999,14.1488304138184
nld,2000,14.1993103027344
nld,2001,14.1545400619507
nld,2002,14.0077295303345
nld,2003,13.9811201095581
nld,2004,13.7885704040527
nld,2005,13.7875995635986
nld,2006,13.8027200698853
nld,2007,13.8996095657349
nld,2008,13.9870796203613
nld,2009,13.9909400939941
nld,2010,14.0431699752808
nld,2011,14.3580703735352
nld,2012,14.3429298400879
nld,2013,14.4525203704834
nor,1971,10.9759902954102
nor,1972,11.3420600891113
nor,1973,11.4724102020264
nor,1974,11.4385795593262
nor,1975,11.399359703064
nor,1976,11.330940246582
nor,1977,11.3642997741699
nor,1978,11.3095798492432
nor,1979,11.3933200836182
nor,1980,11.4889898300171
nor,1981,11.4498901367188
nor,1982,11.4384603500366
nor,1983,11.5637102127075
nor,1984,11.4772596359253
nor,1985,11.5075302124023
nor,1986,11.5366296768188
nor,1987,11.481369972229
nor,1988,11.4818096160889
nor,1989,11.5681200027466
nor,1990,11.9214897155762
nor,1991,12.0529699325562
nor,1992,12.2050304412842
nor,1993,12.6302499771118
nor,1994,13.5236501693726
nor,1995,13.0596704483032
nor,1996,13.0320997238159
nor,1997,13.0298500061035
nor,1998,13.9130697250366
nor,1999,14.011739730835
nor,2000,13.864520072937
nor,2001,13.7827301025391
nor,2002,13.6871004104614
nor,2003,13.7719898223877
nor,2004,13.8339099884033
nor,2005,13.7527503967285
nor,2006,13.8142204284668
nor,2007,13.876070022583
nor,2008,13.8498697280884
nor,2009,13.7608203887939
nor,2010,13.8132600784302
nor,2011,13.7902097702026
nor,2012,13.6684303283691
nor,2013,13.887149810791
nor,2014,13.8294897079468
npl,1972,3.2580099105835
npl,1973,3.59571003913879
npl,1974,3.79776000976563
npl,1975,4.17179012298584
npl,1976,4.24653005599976
npl,1977,4.82940006256104
npl,1978,5.37484979629517
npl,1979,5.97292995452881
npl,1980,6.23752021789551
npl,1981,6.60364007949829
npl,1982,6.92773008346558
npl,1983,7.51996994018555
npl,1984,7.73742008209229
npl,1985,7.73966979980469
npl,1986,7.79813003540039
npl,1987,7.95637989044189
npl,1988,8.30650997161865
npl,1989,8.94867992401123
npl,1990,9.33979988098145
npl,1991,9.3431396484375
npl,1992,9.51356029510498
npl,1993,9.45022010803223
npl,1994,9.37115001678467
npl,1995,9.37419986724854
npl,1996,9.68093013763428
npl,1999,9.85019969940186
npl,2000,10.1309204101563
npl,2001,9.45639991760254
npl,2002,10.0219402313232
npl,2003,9.95963954925537
npl,2005,9.7874002456665
npl,2006,10.0199699401855
npl,2007,9.84451007843018
npl,2008,10.1182804107666
npl,2009,10.6917295455933
npl,2010,11.1680603027344
npl,2011,11.3691396713257
npl,2012,11.3743495941162
npl,2013,11.2266902923584
npl,2014,11.0648603439331
npl,2015,11.0433397293091
nru,2000,7.75552988052368
nru,2001,8.66094970703125
nru,2002,8.24551963806152
nru,2003,8.09222030639648
nru,2004,8.14276027679443
nru,2005,10.0043497085571
nru,2006,9.80434989929199
nru,2007,8.39632987976074
nru,2008,8.86205959320068
nru,2012,10.4717502593994
nru,2014,11.5424499511719
nzl,1970,12.0921201705933
nzl,1971,12.0276803970337
nzl,1972,11.9650497436523
nzl,1973,11.9066696166992
nzl,1974,11.9012899398804
nzl,1975,12.087550163269
nzl,1976,12.2939596176147
nzl,1977,12.2863903045654
nzl,1979,12.2480697631836
nzl,1980,12.1399097442627
nzl,1981,12.0327701568604
nzl,1982,12.0183000564575
nzl,1983,12.1568603515625
nzl,1984,12.1860103607178
nzl,1985,12.1510896682739
nzl,1986,12.1541500091553
nzl,1987,12.2285003662109
nzl,1988,12.2869901657104
nzl,1989,12.3556499481201
nzl,1990,12.5612001419067
nzl,1991,12.6067695617676
nzl,1992,12.6926202774048
nzl,1993,13.1562099456787
nzl,1994,13.5239896774292
nzl,1995,14.0426301956177
nzl,1996,13.8855495452881
nzl,1997,13.9643402099609
nzl,1998,13.8243198394775
nzl,1999,13.6192102432251
nzl,2000,13.4912099838257
nzl,2002,13.7206602096558
nzl,2003,13.8399696350098
nzl,2004,13.8660001754761
nzl,2005,14.1878499984741
nzl,2006,14.1237897872925
nzl,2007,14.260669708252
nzl,2008,14.0324296951294
nzl,2009,14.7920799255371
nzl,2010,14.2723703384399
nzl,2011,14.1436500549316
nzl,2012,14.0095701217651
nzl,2013,13.9387798309326
nzl,2014,13.9781703948975
oed,1970,10.7816972732544
oed,1971,10.785719871521
oed,1972,10.8295450210571
oed,1973,10.8457288742065
oed,1974,10.8756656646729
oed,1975,10.8242988586426
oed,1976,10.8616971969604
oed,1977,10.8605976104736
oed,1978,10.8205299377441
oed,1979,10.7943277359009
oed,1980,11.0459260940552
oed,1981,11.0219249725342
oed,1982,11.1428890228271
oed,1983,11.1589841842651
oed,1984,11.2107019424438
oed,1985,11.2300291061401
oed,1986,11.3152666091919
oed,1987,11.3824367523193
oed,1988,11.4046316146851
oed,1989,11.4235582351685
oed,1990,11.4166040420532
oed,1991,11.4443988800049
oed,1992,11.5215835571289
oed,1993,11.6639080047607
oed,1994,11.8078708648682
oed,1995,11.8528032302856
oed,1996,11.9073705673218
oed,1997,11.9088592529297
oed,1998,11.891077041626
oed,1999,11.9496583938599
oed,2000,11.9984951019287
oed,2001,12.0605173110962
oed,2002,12.079270362854
oed,2003,12.1199102401733
oed,2004,12.0509986877441
oed,2005,12.0879402160645
oed,2006,12.085150718689
oed,2007,12.1226425170898
oed,2008,12.1382141113281
oed,2009,12.114652633667
oed,2010,12.155689239502
oed,2011,12.1681547164917
oed,2012,12.1763916015625
oed,2013,12.5045013427734
oed,2014,12.5598077774048
omn,1971,0.28889000415802
omn,1972,1.24926996231079
omn,1973,1.97547996044159
omn,1974,2.58975005149841
omn,1975,3.26504993438721
omn,1976,3.51484990119934
omn,1977,3.67062997817993
omn,1978,4.31646013259888
omn,1979,4.61566019058228
omn,1980,4.68209981918335
omn,1981,5.20953989028931
omn,1982,5.55699014663696
omn,1983,6.10372018814087
omn,1984,6.51021003723145
omn,1985,7.11262989044189
omn,1986,7.23944997787476
omn,1987,7.61310005187988
omn,1988,7.87680006027222
omn,1989,8.15485000610352
omn,1990,8.40384006500244
omn,1991,8.67617034912109
omn,1992,8.96562957763672
omn,1993,9.2557897567749
omn,1994,9.36277008056641
omn,1995,9.48278045654297
omn,1996,9.83170986175537
omn,1997,9.71205997467041
omn,1998,9.80315971374512
omn,1999,10.1657304763794
omn,2000,10.5548801422119
omn,2001,10.8291997909546
omn,2002,11.0151996612549
omn,2003,11.0557403564453
omn,2005,10.836859703064
omn,2006,10.5951995849609
omn,2007,11.004150390625
omn,2008,11.6255903244019
omn,2009,12.8235397338867
omn,2011,12.4713697433472
pak,1971,5.34759998321533
pak,1972,5.28285980224609
pak,1973,5.3879599571228
pak,1974,5.56416988372803
pak,1975,5.63986015319824
pak,1976,5.66297006607056
pak,1977,5.78822994232178
pak,1978,5.16048002243042
pak,1979,4.95640993118286
pak,1980,4.95591020584106
pak,1981,5.00777006149292
pak,1982,5.05223989486694
pak,1983,5.32109022140503
pak,1984,5.40679979324341
pak,1985,5.56558990478516
pak,1986,5.55296993255615
pak,1987,5.72895002365112
pak,1988,5.74612998962402
pak,1989,5.84983015060425
pak,1990,5.93802976608276
pak,2006,7.23815011978149
pak,2007,7.68891000747681
pak,2008,7.75734996795654
pak,2009,7.78154993057251
pak,2010,7.97286987304688
pak,2011,7.84272003173828
pak,2012,7.94004011154175
pak,2013,7.9914698600769
pak,2014,8.26871967315674
pan,1970,8.58920001983643
pan,1971,9.28602981567383
pan,1972,9.76385974884033
pan,1973,10.1449098587036
pan,1974,10.016489982605
pan,1975,10.4117298126221
pan,1976,10.4900903701782
pan,1977,10.2943696975708
pan,1978,10.4980297088623
pan,1979,10.3288698196411
pan,1980,10.0500802993774
pan,1981,9.87296009063721
pan,1982,9.74384021759033
pan,1983,9.70866012573242
pan,1984,9.76183032989502
pan,1985,9.7041597366333
pan,1986,9.60583972930908
pan,1987,9.62008953094482
pan,1988,9.51263999938965
pan,1989,9.51051998138428
pan,1990,9.59934997558594
pan,1999,10.1480398178101
pan,2000,10.2688999176025
pan,2001,10.4578695297241
pan,2002,10.6668701171875
pan,2004,10.6152296066284
pan,2005,10.5513601303101
pan,2006,10.5048704147339
pan,2007,10.6203804016113
pan,2008,10.6241798400879
pan,2009,10.6195602416992
pan,2010,10.7055902481079
pan,2011,10.6337900161743
pan,2012,11.521430015564
pan,2013,10.8190097808838
per,1970,9.33323001861572
per,1977,9.72772979736328
per,1978,9.99022960662842
per,1979,10.0171499252319
per,1980,10.0773401260376
per,1981,10.2984600067139
per,1982,10.3490800857544
per,1985,10.629940032959
per,1991,10.5623903274536
per,1995,11.0787000656128
per,1998,11.5981197357178
per,1999,11.7372798919678
per,2000,11.8203496932983
per,2001,11.9190397262573
per,2002,11.9321203231812
per,2003,11.340069770813
per,2004,11.388090133667
per,2005,11.3642597198486
per,2006,11.4221096038818
per,2007,11.5054502487183
per,2008,11.2898302078247
per,2009,11.3245401382446
per,2010,11.3172702789307
per,2011,11.1900701522827
per,2012,10.8224000930786
per,2013,11.1143999099731
per,2014,10.8927001953125
phl,1981,9.17521953582764
phl,1982,9.09325981140137
phl,1983,9.09967994689941
phl,1984,9.07359981536865
phl,1985,8.92774963378906
phl,1986,8.82791996002197
phl,1987,9.05482959747314
phl,1988,9.13448047637939
phl,1989,9.35785007476807
phl,1990,9.55480003356934
phl,1998,9.55702972412109
phl,1999,9.60371017456055
phl,2001,9.55214023590088
phl,2002,9.69944000244141
phl,2003,9.76780033111572
phl,2004,9.78042030334473
phl,2005,9.6824197769165
phl,2006,9.50316047668457
phl,2007,9.54916954040527
phl,2008,9.69254016876221
phl,2009,9.91784000396729
phl,2013,10.4283199310303
plw,2004,12.0638799667358
plw,2013,13.8021001815796
plw,2014,13.4571199417114
png,1970,4.36662006378174
png,1974,4.86860990524292
png,1975,4.93100023269653
png,1976,5.03007984161377
png,1977,4.84769010543823
png,1984,4.55059003829956
png,1986,4.64282989501953
png,1987,4.7439398765564
png,1988,4.81419992446899
png,1989,4.91674995422363
png,1990,4.79028987884521
png,1991,4.79251003265381
png,1992,4.93535995483398
png,1993,5.23843002319336
png,1994,5.4859299659729
png,1995,5.4539098739624
png,1998,6.29987001419067
png,2012,11.3955497741699
pol,1972,10.416130065918
pol,1973,10.4818801879883
pol,1974,10.5814304351807
pol,1989,11.3296499252319
pol,1990,11.2980699539185
pol,1991,11.1558103561401
pol,1992,11.2393503189087
pol,1993,11.7166004180908
pol,1994,11.7285003662109
pol,1995,11.45046043396
pol,1996,11.4466896057129
pol,1997,11.861590385437
pol,1998,11.8415403366089
pol,1999,11.9055795669556
pol,2000,11.937780380249
pol,2001,11.9840402603149
pol,2002,12.0622997283936
pol,2003,12.1304302215576
pol,2004,11.5077495574951
pol,2005,11.6694803237915
pol,2006,11.673020362854
pol,2007,11.6657800674438
pol,2008,11.6391401290894
pol,2009,11.6471300125122
pol,2010,11.7084703445435
pol,2011,11.7623195648193
pol,2012,11.8917798995972
pol,2013,12.4705095291138
pri,2009,10.5755796432495
pri,2010,10.4046096801758
pri,2011,9.78637027740479
pri,2012,9.84216022491455
pri,2013,10.0445604324341
prk,2009,10.1202697753906
prt,1971,9.09379005432129
prt,1972,9.24306011199951
prt,1973,9.63930034637451
prt,1974,9.85365009307861
prt,1975,9.71179962158203
prt,1976,10.3588199615479
prt,1977,10.2489099502563
prt,1978,10.5025901794434
prt,1979,9.88681983947754
prt,1980,10.5488796234131
prt,1986,10.9562301635742
prt,1988,11.3222103118896
prt,1990,10.9763202667236
prt,1991,10.9739904403687
prt,1993,12.4735298156738
prt,1994,12.9382095336914
prt,1995,13.12327003479
prt,1996,13.3446598052979
prt,1998,13.6437397003174
prt,1999,13.173020362854
prt,2000,13.3085403442383
prt,2001,13.2861604690552
prt,2002,13.2482099533081
prt,2003,13.1905698776245
prt,2004,12.695520401001
prt,2005,12.7420997619629
prt,2006,12.8230400085449
prt,2007,13.1253499984741
prt,2008,13.2033996582031
prt,2009,13.151909828186
prt,2010,13.1359395980835
prt,2011,13.0950002670288
prt,2012,13.211950302124
prt,2013,13.8292798995972
prt,2014,13.6383495330811
pry,1970,7.24273014068604
pry,1971,7.17666006088257
pry,1972,7.25347995758057
pry,1973,7.20207977294922
pry,1975,7.10878992080688
pry,1976,7.26100015640259
pry,1977,7.4285101890564
pry,1978,7.61719989776611
pry,1986,8.14988040924072
pry,1987,8.11662006378174
pry,1988,8.16751956939697
pry,1989,8.15756988525391
pry,1990,8.29899978637695
pry,1991,8.36997032165527
pry,1993,9.03244972229004
pry,1994,9.34554958343506
pry,1995,9.34039974212646
pry,1996,9.86233043670654
pry,1997,9.84759998321533
pry,1998,10.6379499435425
pry,1999,11.0122003555298
pry,2000,11.1068897247314
pry,2001,11.4433603286743
pry,2002,11.4817399978638
pry,2003,10.9840698242188
pry,2004,10.9194898605347
pry,2005,10.8607301712036
pry,2006,10.6185302734375
pry,2007,10.4655799865723
pry,2008,10.3813695907593
pry,2009,10.2974700927734
pry,2010,10.3347597122192
pry,2011,10.3783903121948
pry,2012,10.9446096420288
pse,1995,9.28555965423584
pse,1996,9.48344993591309
pse,1997,9.67535018920898
pse,1999,9.83051013946533
pse,2000,9.90192031860352
pse,2001,9.9392204284668
pse,2002,10.0453395843506
pse,2003,10.1975898742676
pse,2004,10.3755903244019
pse,2005,10.4876699447632
pse,2006,10.5000696182251
pse,2007,10.4481296539307
pse,2008,10.3800001144409
pse,2009,10.3291997909546
pse,2010,10.2341203689575
pse,2011,10.0771198272705
pse,2012,10.1283102035522
pse,2013,10.0442695617676
pse,2014,10.0658597946167
qat,1971,9.43927955627441
qat,1972,9.44822978973389
qat,1973,9.49530982971191
qat,1974,9.32450008392334
qat,1975,9.71770000457764
qat,1976,10.2715702056885
qat,1977,10.4105796813965
qat,1978,10.6442899703979
qat,1979,11.0548295974731
qat,1980,11.2565603256226
qat,1981,11.3273897171021
qat,1982,11.9436197280884
qat,1983,12.0128602981567
qat,1984,11.8322801589966
qat,1985,11.8514699935913
qat,1986,12.1503000259399
qat,1987,10.6109399795532
qat,1988,10.5933904647827
qat,1989,10.516019821167
qat,1990,10.4863195419312
qat,1991,10.2437601089478
qat,1992,10.2681398391724
qat,1993,10.9700202941895
qat,1994,11.9097003936768
qat,1995,12.54065990448
qat,1996,12.942569732666
qat,1998,11.8132495880127
qat,1999,11.3141403198242
qat,2000,11.0210599899292
qat,2001,10.6882095336914
qat,2002,11.8372402191162
qat,2003,13.0263700485229
qat,2004,13.5531101226807
qat,2005,13.2718696594238
qat,2006,11.6873798370361
qat,2007,10.8730201721191
qat,2008,11.0280704498291
qat,2009,11.3767099380493
qat,2010,11.9208498001099
qat,2011,12.984450340271
rou,1971,10.4088697433472
rou,1972,10.4588603973389
rou,1973,10.4120101928711
rou,1974,10.406849861145
rou,1989,11.5397500991821
rou,1990,11.5965003967285
rou,1991,10.4934997558594
rou,1992,9.94007015228271
rou,1993,9.69412040710449
rou,1994,9.48954010009766
rou,1995,9.61882972717285
rou,1996,9.90180015563965
rou,1997,10.0643196105957
rou,1998,10.1489601135254
rou,1999,10.1461496353149
rou,2000,10.1495800018311
rou,2001,10.2319898605347
rou,2002,10.5379104614258
rou,2003,10.7657899856567
rou,2004,11.1383895874023
rou,2005,11.2695798873901
rou,2006,11.3852100372314
rou,2007,11.7357797622681
rou,2008,12.0056896209717
rou,2009,12.0745801925659
rou,2010,12.1357297897339
rou,2011,12.0224103927612
rou,2012,11.8196601867676
rus,1994,9.44789028167725
rus,2003,9.96945953369141
rus,2005,10.05601978302
rus,2006,10.088529586792
rus,2007,10.1546497344971
rus,2008,10.2172002792358
rus,2009,9.94678974151611
rus,2011,10.5048503875732
rus,2012,10.8144598007202
rus,2013,10.9600400924683
rus,2014,11.0368604660034
rwa,1971,4.54407978057861
rwa,1976,3.8907299041748
rwa,1977,4.07390022277832
rwa,1978,4.18374013900757
rwa,1979,4.46500015258789
rwa,1980,5.11718988418579
rwa,1981,5.75184011459351
rwa,1982,5.8545298576355
rwa,1983,5.76137018203735
rwa,1984,5.69491004943848
rwa,1985,5.72133016586304
rwa,1986,5.72178983688354
rwa,1987,5.79064989089966
rwa,1988,5.82561016082764
rwa,1989,5.91921997070313
rwa,1990,5.86391019821167
rwa,1991,5.95851993560791
rwa,1992,6.16464996337891
rwa,1999,6.69906997680664
rwa,2000,7.11390018463135
rwa,2001,7.13203001022339
rwa,2002,7.51408004760742
rwa,2003,8.10626029968262
rwa,2004,8.64136981964111
rwa,2005,9.17951011657715
rwa,2006,9.81993961334229
rwa,2007,10.239709854126
rwa,2008,9.92469024658203
rwa,2009,10.5225896835327
rwa,2010,10.5775003433228
rwa,2011,10.6249399185181
rwa,2012,10.6913604736328
rwa,2013,10.6523504257202
rwa,2014,10.162130355835
sas,1970,6.74850749969482
sas,1971,6.71717548370361
sas,1972,6.80456113815308
sas,1973,7.03662586212158
sas,1974,7.02569103240967
sas,1975,7.08699703216553
sas,1976,7.06685495376587
sas,1977,7.19340991973877
sas,1978,7.02547359466553
sas,1979,7.05971431732178
sas,1980,7.2026538848877
sas,1981,7.31505489349365
sas,1982,7.41508007049561
sas,1983,7.61980199813843
sas,1984,7.81507062911987
sas,1985,7.83783197402954
sas,1986,7.92711544036865
sas,1987,7.79941368103027
sas,1988,7.88449668884277
sas,1989,8.05235767364502
sas,1990,8.1207914352417
sas,1991,8.23910617828369
sas,1992,8.39633464813232
sas,1993,8.52935695648193
sas,1994,8.58205604553223
sas,1995,8.56331634521484
sas,1996,8.53730392456055
sas,1997,8.51353359222412
sas,1998,8.31696128845215
sas,1999,8.21127319335938
sas,2000,8.3611536026001
sas,2001,8.31967735290527
sas,2002,8.47680568695068
sas,2003,8.67206859588623
sas,2004,8.92668437957764
sas,2005,9.09473419189453
sas,2006,9.24702930450439
sas,2007,9.45184707641602
sas,2008,9.55379867553711
sas,2009,9.44678688049316
sas,2010,9.67907905578613
sas,2011,9.80002403259277
sas,2012,10.0123195648193
sas,2013,9.83752632141113
sas,2014,9.8621768951416
sau,1979,6.60055017471313
sau,2005,11.3021297454834
sau,2009,12.121410369873
sau,2013,13.6311702728271
sau,2014,14.0063600540161
sdn,2001,5.61720991134644
sdn,2002,5.49573993682861
sdn,2003,5.66167020797729
sdn,2004,5.89779996871948
sdn,2005,5.90493011474609
sdn,2006,6.08525991439819
sdn,2007,6.11381006240845
sdn,2008,6.51054000854492
sdn,2009,6.66278982162476
sdn,2010,6.61932992935181
sdn,2011,6.38824987411499
sdn,2012,6.62147998809814
sdn,2013,6.63760995864868
sen,1971,3.78414011001587
sen,1972,3.81030011177063
sen,1978,4.19750022888184
sen,1979,4.1799201965332
sen,1980,4.25162982940674
sen,1981,4.3933801651001
sen,1982,4.56070995330811
sen,1983,4.76176023483276
sen,1984,4.88616991043091
sen,1985,5.00645017623901
sen,1986,5.09029006958008
sen,1988,5.21429014205933
sen,1989,5.1568398475647
sen,1990,5.35660982131958
sen,1992,5.23188018798828
sen,1996,5.27793979644775
sen,1997,5.44234991073608
sen,1998,5.59466981887817
sen,1999,5.60491991043091
sen,2000,5.79829978942871
sen,2001,5.80348014831543
sen,2002,6.06833982467651
sen,2004,6.51483011245728
sen,2005,6.69013023376465
sen,2006,6.7507700920105
sen,2008,7.33601999282837
sen,2010,7.55116987228394
sen,2011,7.73784017562866
slb,1970,6.93791007995605
slb,1971,8.17080020904541
slb,1975,7.2473201751709
slb,1986,6.21661996841431
slb,1990,6.558189868927
slb,1991,6.754469871521
slb,1992,7.19745016098022
slb,1993,7.60361003875732
slb,1994,7.79638004302979
slb,1999,7.64136981964111
slb,2000,7.03744983673096
slb,2002,8.40830039978027
slb,2005,8.79839992523193
slb,2006,9.42356014251709
slb,2007,9.67271041870117
slb,2010,11.0657796859741
slb,2011,11.0817604064941
slb,2012,10.8277797698975
sle,1971,4.48078012466431
sle,1972,4.65146017074585
sle,1973,4.56056976318359
sle,1974,4.73988008499146
sle,1975,4.89843988418579
sle,1976,5.09306001663208
sle,1977,5.23705005645752
sle,1978,5.29966020584106
sle,1984,7.13601016998291
sle,1985,7.52683019638062
sle,1988,6.96181011199951
sle,1989,6.11458015441895
sle,1990,5.96854019165039
sle,1991,5.5344500541687
sle,2001,7.7978401184082
sle,2011,10.9444904327393
sle,2012,11.0495500564575
sle,2013,11.125599861145
slv,1970,6.48364019393921
slv,1971,6.39461994171143
slv,1972,6.50273990631104
slv,1973,7.07116985321045
slv,1974,7.4386100769043
slv,1975,7.69341993331909
slv,1976,7.95115995407104
slv,1977,8.15705013275146
slv,1978,8.38436031341553
slv,1979,8.63815021514893
slv,1980,7.72166013717651
slv,1983,7.61159992218018
slv,1984,7.70555019378662
slv,1988,8.59020042419434
slv,1989,8.52404022216797
slv,1991,8.32075023651123
slv,1992,8.67393970489502
slv,1993,8.91753005981445
slv,1998,10.6864204406738
slv,1999,10.4627199172974
slv,2000,10.8722896575928
slv,2001,11.0123701095581
slv,2002,11.3040103912354
slv,2003,11.4693403244019
slv,2004,11.6572704315186
slv,2005,11.8826999664307
slv,2006,11.8355503082275
slv,2007,12.1711397171021
slv,2008,11.6686296463013
slv,2009,11.6760101318359
slv,2010,11.804949760437
slv,2011,11.8857402801514
slv,2012,11.8887701034546
slv,2013,11.7674102783203
slv,2014,11.7360401153564
smr,2009,12.1379699707031
smr,2010,12.1493997573853
smr,2011,12.1678600311279
smr,2012,12.1729898452759
som,1971,1.03724002838135
som,1972,1.20694994926453
som,1973,1.50602996349335
som,1974,1.75063002109528
som,1976,3.25869011878967
som,1977,3.14045000076294
som,1978,2.79690003395081
som,1979,2.97393989562988
som,1980,2.80737996101379
som,1981,2.72519993782043
som,1982,2.49782991409302
som,1983,2.38028001785278
som,1984,2.38381004333496
som,1985,2.23663997650146
som,1986,2.12606000900269
som,2007,2.85831999778748
srb,1999,11.9019498825073
srb,2000,11.3848600387573
srb,2001,11.2229995727539
srb,2002,11.0976896286011
srb,2003,10.9827404022217
srb,2004,11.0054702758789
srb,2005,11.0923900604248
srb,2006,11.0715398788452
srb,2007,11.1037998199463
srb,2008,11.1904802322388
srb,2009,11.1866598129272
srb,2010,11.1313695907593
srb,2011,11.4944200515747
srb,2012,11.5043001174927
srb,2013,11.5368900299072
srb,2014,11.5509901046753
ssa,1970,4.87182188034058
ssa,1971,4.91807794570923
ssa,1972,5.02094221115112
ssa,1973,5.06309270858765
ssa,1974,5.20408868789673
ssa,1975,5.37236309051514
ssa,1976,5.4920482635498
ssa,1977,5.71311473846436
ssa,1978,5.9888129234314
ssa,1979,6.39274501800537
ssa,1980,6.63890027999878
ssa,1981,6.92571115493774
ssa,1982,7.16083145141602
ssa,1983,7.27370452880859
ssa,1984,7.26740169525146
ssa,1985,7.07636213302612
ssa,1986,6.76339912414551
ssa,1987,6.61969614028931
ssa,1988,6.61910820007324
ssa,1989,6.52419328689575
ssa,1990,6.46814870834351
ssa,1991,6.55805921554565
ssa,1992,6.4862380027771
ssa,1993,6.54168272018433
ssa,1994,6.56973314285278
ssa,1995,6.63574361801147
ssa,1996,6.5224027633667
ssa,1997,6.78233242034912
ssa,1998,6.99367237091064
ssa,1999,7.10286617279053
ssa,2000,7.31131553649902
ssa,2001,7.46946954727173
ssa,2002,7.7112865447998
ssa,2003,7.96259069442749
ssa,2004,8.21694755554199
ssa,2005,8.40576076507568
ssa,2006,8.55661010742188
ssa,2007,8.59460163116455
ssa,2008,8.77739524841309
ssa,2009,8.88253784179688
ssa,2010,8.97212886810303
ssa,2011,9.10836124420166
ssa,2012,9.12439250946045
ssa,2013,9.12373065948486
ssa,2014,9.17600631713867
ssf,1970,4.87229251861572
ssf,1971,4.91858863830566
ssf,1972,5.02147340774536
ssf,1973,5.06360912322998
ssf,1974,5.20461797714233
ssf,1975,5.37279176712036
ssf,1976,5.4923996925354
ssf,1977,5.71347332000732
ssf,1978,5.98918771743774
ssf,1979,6.3930869102478
ssf,1980,6.63921976089478
ssf,1981,6.92607593536377
ssf,1982,7.16124725341797
ssf,1983,7.27413892745972
ssf,1984,7.26784944534302
ssf,1985,7.07685422897339
ssf,1986,6.76395654678345
ssf,1987,6.62025928497314
ssf,1988,6.61965036392212
ssf,1989,6.52472972869873
ssf,1990,6.46868371963501
ssf,1991,6.55856704711914
ssf,1992,6.48673820495605
ssf,1993,6.54216814041138
ssf,1994,6.57021570205688
ssf,1995,6.63620710372925
ssf,1996,6.52286720275879
ssf,1997,6.78272533416748
ssf,1998,6.99400424957275
ssf,1999,7.10318517684937
ssf,2000,7.31160688400269
ssf,2001,7.46972751617432
ssf,2002,7.71151971817017
ssf,2003,7.96281957626343
ssf,2004,8.21713161468506
ssf,2005,8.40598773956299
ssf,2006,8.556809425354
ssf,2007,8.59478092193604
ssf,2008,8.77754592895508
ssf,2009,8.88268280029297
ssf,2010,8.9722728729248
ssf,2011,9.10850524902344
ssf,2012,9.12455368041992
ssf,2013,9.123854637146
ssf,2014,9.17613887786865
stp,1971,5.95911979675293
stp,1972,6.11610984802246
stp,1977,7.40872001647949
stp,1988,7.98671007156372
stp,2003,9.7170295715332
stp,2004,9.98484039306641
stp,2005,10.1101703643799
stp,2007,10.1212501525879
stp,2008,10.1580896377563
stp,2009,10.2870302200317
stp,2010,10.3730497360229
stp,2011,10.7024097442627
stp,2012,10.553689956665
stp,2013,10.921070098877
stp,2015,12.1521301269531
sur,1971,10.1547899246216
sur,1972,10.0662097930908
sur,1973,10.3836297988892
sur,1974,10.7915201187134
sur,1975,10.8982400894165
sur,1976,9.75053977966309
sur,1977,11.1265201568604
sur,1978,11.1653900146484
sur,1979,11.3697004318237
sur,1986,12.707480430603
sur,1987,11.558970451355
sur,1988,11.3958101272583
sur,1989,11.7401895523071
sur,1990,10.5263204574585
sur,1991,10.5640096664429
sur,1992,12.0518102645874
sur,1993,11.9378099441528
sur,2001,9.79965972900391
sur,2002,9.5811595916748
sur,2005,11.0499401092529
sur,2006,11.4158096313477
sur,2007,11.3703603744507
sur,2008,11.9488697052002
sur,2009,12.0933399200439
sur,2011,12.7047700881958
sur,2013,12.1687803268433
svk,1993,10.9063396453857
svk,1994,10.9416599273682
svk,1995,10.9780101776123
svk,1996,11.1445598602295
svk,1997,11.1595096588135
svk,1998,11.5916700363159
svk,1999,11.6431198120117
svk,2000,11.7646102905273
svk,2001,11.6453800201416
svk,2002,11.8139495849609
svk,2003,11.9582004547119
svk,2004,12.0996599197388
svk,2005,12.163330078125
svk,2006,12.1731996536255
svk,2007,12.2143001556396
svk,2008,12.1941699981689
svk,2009,12.1585397720337
svk,2010,12.1932897567749
svk,2011,12.2370195388794
svk,2012,12.3008098602295
svk,2013,12.1852102279663
svk,2014,12.2029800415039
svn,1993,10.7068796157837
svn,1994,10.7451200485229
svn,1995,10.9709997177124
svn,1996,11.0283203125
svn,1997,11.2110795974731
svn,1998,11.3039598464966
svn,1999,11.8006801605225
svn,2000,11.7644395828247
svn,2001,12.4466104507446
svn,2002,12.7324304580688
svn,2003,13.1486396789551
svn,2004,12.696310043335
svn,2005,12.8256797790527
svn,2006,12.8236503601074
svn,2007,12.7904300689697
svn,2008,12.7454595565796
svn,2009,12.7281799316406
svn,2010,12.7421598434448
svn,2011,12.7460803985596
svn,2012,12.7628402709961
svn,2013,13.6822099685669
svn,2014,13.5325403213501
swe,1971,10.7940797805786
swe,1972,10.4006795883179
swe,1973,10.9890203475952
swe,1974,10.8302898406982
swe,1975,10.9377403259277
swe,1976,10.5300302505493
swe,1977,10.500880241394
swe,1978,10.5285501480103
swe,1979,10.805419921875
swe,1980,10.7588901519775
swe,1981,10.7927103042603
swe,1982,10.7176704406738
swe,1983,10.7560596466064
swe,1984,10.7517700195313
swe,1985,10.6553401947021
swe,1987,11.1266098022461
swe,1988,11.2596397399902
swe,1989,11.237850189209
swe,1990,11.2600202560425
swe,1991,11.2933101654053
swe,1992,11.4113903045654
swe,1993,12.8118801116943
swe,1994,13.1258096694946
swe,1995,13.2613801956177
swe,1996,13.4648103713989
swe,1997,13.8172302246094
swe,1998,14.8234596252441
swe,1999,14.4709100723267
swe,2000,14.3047504425049
swe,2001,14.2357397079468
swe,2002,14.2453498840332
swe,2003,13.9917497634888
swe,2004,11.9608497619629
swe,2005,12.031379699707
swe,2006,12.0100402832031
swe,2007,12.0322303771973
swe,2008,12.0979204177856
swe,2009,12.0422096252441
swe,2010,12.024510383606
swe,2011,11.8674201965332
swe,2012,12.0262603759766
swe,2013,13.9517097473145
swe,2014,14.1372299194336
swz,1970,7.09406995773315
swz,1971,7.28164005279541
swz,1972,7.72874021530151
swz,1973,8.02851963043213
swz,1974,8.2536096572876
swz,1975,8.33549022674561
swz,1976,8.31844997406006
swz,1977,8.3858699798584
swz,1998,9.40328979492188
swz,1999,9.44277000427246
swz,2000,9.29257965087891
swz,2001,9.17492008209229
swz,2002,9.14239978790283
swz,2003,9.05990028381348
swz,2004,9.66751956939697
swz,2005,9.88471031188965
swz,2006,10.4602899551392
swz,2007,10.8989295959473
swz,2009,10.7324104309082
swz,2010,11.3043203353882
swz,2011,11.4882497787476
swz,2012,11.3962697982788
swz,2013,11.484580039978
syc,1970,7.67877006530762
syc,1971,7.97769021987915
syc,1972,8.25566005706787
syc,1973,8.27289009094238
syc,1974,8.57190036773682
syc,1975,8.16819000244141
syc,1976,7.81459999084473
syc,1978,8.56087017059326
syc,1979,8.79444026947021
syc,1980,8.95024967193604
syc,1981,9.64383983612061
syc,1982,10.3670101165771
syc,1983,10.7552604675293
syc,1985,11.3216104507446
syc,1986,11.6064701080322
syc,1987,11.5925998687744
syc,1988,11.4903297424316
syc,1989,11.433030128479
syc,1991,11.5551500320435
syc,1992,11.6275100708008
syc,1993,11.7302398681641
syc,1994,11.8749399185181
syc,1995,11.834939956665
syc,1996,11.8224802017212
syc,1998,11.0146503448486
syc,1999,11.0981302261353
syc,2000,11.0978298187256
syc,2001,11.0089597702026
syc,2002,11.1092901229858
syc,2003,11.4820003509521
syc,2004,11.1751203536987
syc,2005,12.1250400543213
syc,2007,11.6615400314331
syc,2008,11.4291200637817
syc,2009,11.5270595550537
syc,2010,11.7254199981689
syc,2011,11.8149003982544
syc,2012,12.1062498092651
syc,2013,11.3672304153442
syc,2014,11.5494003295898
syr,1971,9.52581024169922
syr,1972,9.64628028869629
syr,1973,10.2713499069214
syr,1974,10.452540397644
syr,1975,10.5147199630737
syr,1976,10.6356496810913
syr,1977,10.5320997238159
syr,1978,10.4825296401978
syr,1979,10.4326601028442
syr,1980,10.2048301696777
syr,1981,10.2240600585938
syr,1982,10.1073799133301
syr,1983,10.2137603759766
syr,1984,10.3899803161621
syr,1985,10.525110244751
syr,1986,10.6349401473999
syr,1987,10.7448797225952
syr,1988,10.5457897186279
syr,1989,10.4220600128174
syr,1990,10.1342601776123
syr,1991,10.0668001174927
syr,1992,9.88422966003418
syr,1993,9.69147968292236
syr,1994,9.61375045776367
syr,1995,9.47268962860107
syr,1996,9.32670974731445
syr,1997,9.23736953735352
syr,1998,9.21914958953857
syr,1999,9.31385040283203
syr,2000,9.42265033721924
syr,2001,9.65244960784912
syr,2002,9.8698902130127
syr,2003,10.1403703689575
syr,2004,10.3736400604248
syr,2005,10.6140298843384
syr,2006,10.5402603149414
syr,2007,10.5274200439453
syr,2008,10.544750213623
syr,2009,10.510199546814
syr,2010,10.7205600738525
syr,2011,11.1858797073364
syr,2012,11.4266500473022
syr,2013,7.26163005828857
tcd,1971,3.18488001823425
tcd,1972,3.14549994468689
tcd,1974,3.19792008399963
tcd,1985,3.74489998817444
tcd,1987,3.957279920578
tcd,1989,4.40999984741211
tcd,1990,4.96468019485474
tcd,1994,4.6505298614502
tcd,1995,4.63821983337402
tcd,1996,4.81593990325928
tcd,1997,5.36463022232056
tcd,1998,5.9816198348999
tcd,1999,6.04614019393921
tcd,2000,6.25753021240234
tcd,2001,6.54986000061035
tcd,2002,6.84266996383667
tcd,2003,6.96513986587524
tcd,2004,7.03379011154175
tcd,2005,6.75980997085571
tcd,2006,6.73269987106323
tcd,2007,6.73287010192871
tcd,2008,7.56663990020752
tcd,2009,8.06330966949463
tcd,2010,7.92918014526367
tcd,2011,8.59202003479004
tcd,2012,8.54240989685059
tgo,1971,6.47347021102905
tgo,1972,7.14593982696533
tgo,1973,7.45668983459473
tgo,1974,7.82914018630981
tgo,1975,8.26564979553223
tgo,1976,9.08440017700195
tgo,1977,9.87030982971191
tgo,1978,10.8994998931885
tgo,1979,11.6690702438354
tgo,1980,12.1618700027466
tgo,1982,11.5356197357178
tgo,1983,10.6794500350952
tgo,1984,9.34840965270996
tgo,1985,8.73332977294922
tgo,1986,8.7347297668457
tgo,1987,9.00967979431152
tgo,1988,9.16526985168457
tgo,1989,9.35595989227295
tgo,1990,9.60828018188477
tgo,1991,9.91444969177246
tgo,1992,9.08378028869629
tgo,1994,9.32699966430664
tgo,1995,10.2867698669434
tgo,1996,10.7594499588013
tgo,1997,10.7237997055054
tgo,1999,11.5479297637939
tgo,2000,11.0953903198242
tgo,2001,11.403829574585
tgo,2002,11.5630598068237
tgo,2003,11.4954204559326
tgo,2004,11.5643796920776
tgo,2005,11.5303897857666
tgo,2006,11.8665704727173
tgo,2007,11.2525396347046
tha,1971,7.15861988067627
tha,1973,7.26281023025513
tha,1974,7.38318014144897
tha,1975,7.49191999435425
tha,1976,7.5100998878479
tha,1977,7.50128984451294
tha,1978,7.46206998825073
tha,1991,8.06029987335205
tha,1992,8.12911987304688
tha,1993,8.33308029174805
tha,2001,9.69283962249756
tha,2002,9.79763984680176
tha,2004,9.84819984436035
tha,2005,10.1307802200317
tha,2006,10.0050401687622
tha,2007,10.3483104705811
tha,2008,10.4490098953247
tha,2009,10.582329750061
tha,2010,10.6935596466064
tha,2011,10.9556503295898
tha,2012,10.9434900283813
tha,2013,10.8750495910645
tjk,1999,9.21741008758545
tjk,2000,9.32571029663086
tjk,2001,9.53431034088135
tjk,2002,9.78534030914307
tjk,2003,10.1290102005005
tjk,2004,10.0905599594116
tjk,2005,10.1504001617432
tjk,2006,10.2299499511719
tjk,2007,10.2089595794678
tjk,2008,10.2497901916504
tjk,2009,10.2397298812866
tjk,2010,10.3661699295044
tjk,2011,10.4022998809814
tjk,2012,10.4022703170776
tjk,2013,10.467399597168
tkm,2014,10.5576601028442
tls,2004,9.76198959350586
tls,2005,9.16184997558594
tls,2008,10.0576000213623
tls,2009,11.6223201751709
tls,2010,12.6110200881958
tls,2011,12.9689702987671
tls,2012,13.0183000564575
tls,2013,12.881739616394
tls,2014,12.8420600891113
ton,1970,11.8872995376587
ton,1971,11.2269201278687
ton,1972,11.0805797576904
ton,1973,10.7784996032715
ton,1974,10.8983497619629
ton,1975,11.6843299865723
ton,1978,12.4318599700928
ton,1981,13.7927303314209
ton,1982,13.905650138855
ton,1984,13.8046903610229
ton,1985,13.0711002349854
ton,1986,12.8441801071167
ton,1990,13.571439743042
ton,1991,13.266900062561
ton,1993,14.4091501235962
ton,1998,12.5578804016113
ton,1999,13.1506204605103
ton,2000,12.7907104492188
ton,2001,13.0469598770142
ton,2002,13.1368398666382
ton,2006,12.9314804077148
ton,2007,14.0284099578857
ton,2008,12.8039503097534
ton,2009,12.0164804458618
ton,2010,12.6128902435303
ton,2011,12.9380302429199
ton,2012,12.883020401001
ton,2013,12.8746004104614
ton,2014,12.4426898956299
tto,1971,10.512149810791
tto,1972,10.4766101837158
tto,1973,10.1419897079468
tto,1977,10.5882797241211
tto,1982,10.8323698043823
tto,1983,10.8281002044678
tto,1984,10.7572898864746
tto,1985,10.6973495483398
tto,1987,10.9492998123169
tto,1988,11.0682001113892
tto,1989,10.8865995407104
tto,1990,10.7221899032593
tto,1991,10.6115198135376
tto,1992,10.5674695968628
tto,1993,10.5675001144409
tto,2004,11.3032503128052
tun,1971,10.0133495330811
tun,1972,9.62662982940674
tun,1973,9.016770362854
tun,1974,8.74199962615967
tun,1975,8.96403026580811
tun,1976,8.85624027252197
tun,1977,9.0644702911377
tun,1978,9.37765026092529
tun,1979,9.37191009521484
tun,1980,9.50489044189453
tun,1981,9.43863010406494
tun,1982,9.71702003479004
tun,1983,10.2449102401733
tun,1984,10.4808702468872
tun,1985,10.7011699676514
tun,1986,10.9546203613281
tun,1987,10.9434003829956
tun,1988,10.951849937439
tun,1989,10.9069700241089
tun,1990,10.9848499298096
tun,1991,10.9619398117065
tun,1992,10.914870262146
tun,1993,10.9800100326538
tun,1994,11.2945699691772
tun,1995,11.4420499801636
tun,1996,11.5280303955078
tun,1997,11.508150100708
tun,1999,12.1424102783203
tun,2000,12.1909999847412
tun,2001,12.2963399887085
tun,2002,12.3665103912354
tun,2003,12.1634998321533
tun,2005,12.4553699493408
tun,2006,12.4870595932007
tun,2008,12.6412200927734
tun,2009,12.5535297393799
tun,2010,12.64391040802
tun,2011,12.8492202758789
tur,1971,8.46236991882324
tur,1972,8.56019020080566
tur,1973,8.58749961853027
tur,1974,8.66149044036865
tur,1976,8.59058952331543
tur,1977,8.65804958343506
tur,1978,8.6205997467041
tur,1979,8.57870960235596
tur,1982,8.44468975067139
tur,1984,8.83446979522705
tur,1986,9.01121997833252
tur,1987,9.06630992889404
tur,1988,9.24555969238281
tur,1989,9.2266902923584
tur,1990,9.25185012817383
tur,1991,9.33065032958984
tur,1992,9.39795017242432
tur,1993,9.4655704498291
tur,1994,9.38471984863281
tur,1995,9.57166957855225
tur,1997,9.52700042724609
tur,1999,10.4247303009033
tur,2000,10.4377403259277
tur,2001,11.2351198196411
tur,2002,11.5883502960205
tur,2003,11.5301904678345
tur,2004,11.1389503479004
tur,2005,10.7524404525757
tur,2006,10.9398603439331
tur,2007,11.0641803741455
tur,2008,10.8305101394653
tur,2009,10.9091701507568
tur,2010,11.2559499740601
tur,2011,11.5281000137329
tur,2012,11.0726099014282
tur,2013,12.4878997802734
tuv,2001,10.4163398742676
tuv,2014,10.9136400222778
tza,1970,3.10209989547729
tza,1971,3.22677993774414
tza,1972,3.41897988319397
tza,1973,3.60888004302979
tza,1974,3.85998010635376
tza,1975,4.5789999961853
tza,1976,5.27434015274048
tza,1977,5.80943012237549
tza,1978,7.15385007858276
tza,1979,7.31162977218628
tza,1981,7.98095989227295
tza,1982,7.6065502166748
tza,1983,7.33998012542725
tza,1985,5.99814987182617
tza,1986,5.77798986434937
tza,1987,5.63378000259399
tza,1988,5.50449991226196
tza,1989,5.51783990859985
tza,1991,5.67879009246826
tza,1992,5.65398979187012
tza,1993,5.67739009857178
tza,1994,5.56463003158569
tza,1995,5.50735998153687
tza,1996,5.42258977890015
tza,1997,5.44826984405518
tza,2010,9.08123016357422
tza,2012,8.56165027618408
tza,2013,8.11203956604004
uga,1975,4.14807987213135
uga,1976,4.25048017501831
uga,1977,4.48766994476318
uga,1978,4.59057998657227
uga,1979,4.77499008178711
uga,1981,5.12664985656738
uga,1982,5.96186017990112
uga,1986,6.69977998733521
uga,1990,6.34305000305176
uga,1992,5.75830984115601
uga,1994,5.75065994262695
uga,1997,9.54308032989502
uga,2000,11.184419631958
uga,2001,11.2305002212524
uga,2002,11.5202198028564
uga,2003,11.6425800323486
uga,2004,10.9225301742554
uga,2005,10.3889904022217
uga,2006,10.3090600967407
uga,2007,10.4427995681763
uga,2008,10.7137002944946
uga,2009,10.8792295455933
uga,2010,10.5507097244263
uga,2011,9.83561992645264
uga,2013,9.66765975952148
ukr,1993,9.63177967071533
ukr,1994,9.65962982177734
ukr,1999,10.5202503204346
ukr,2000,10.7089996337891
ukr,2001,11.0519599914551
ukr,2002,11.107780456543
ukr,2003,11.1904296875
ukr,2004,10.9053201675415
ukr,2005,11.0556802749634
ukr,2006,10.7055702209473
ukr,2007,10.5700101852417
ukr,2008,10.537389755249
ukr,2009,10.5261201858521
ukr,2010,10.6939296722412
ukr,2011,10.7551202774048
ukr,2012,11.0403499603271
ukr,2013,11.1926898956299
ukr,2014,11.1290197372437
umc,1975,9.37296772003174
umc,1976,9.55792331695557
umc,1977,9.83727931976318
umc,1978,9.89379692077637
umc,1979,9.75149536132813
umc,1980,9.57945251464844
umc,1981,9.51907253265381
umc,1982,9.36403560638428
umc,1983,9.29955291748047
umc,1984,9.35168743133545
umc,1985,9.56494045257568
umc,1986,9.73151588439941
umc,1987,9.79778671264648
umc,1988,9.98457431793213
umc,1989,9.90770626068115
umc,1990,9.88341331481934
umc,1991,9.87632369995117
umc,1992,9.89601707458496
umc,1993,9.88382339477539
umc,1994,9.78692245483398
umc,1995,9.82302093505859
umc,1996,9.87394142150879
umc,1997,9.87953662872314
umc,1998,9.90561103820801
umc,1999,10.0184841156006
umc,2000,10.1935062408447
umc,2001,10.1461353302002
umc,2002,10.2674465179443
umc,2003,10.3200359344482
umc,2004,10.4904642105103
umc,2005,10.6289339065552
umc,2006,10.7307815551758
umc,2007,10.9178667068481
umc,2008,11.1269073486328
umc,2009,11.2478494644165
umc,2010,11.4305925369263
umc,2011,11.5838947296143
umc,2012,11.6485977172852
umc,2013,11.8940868377686
umc,2014,11.7253141403198
ury,1970,10.1465301513672
ury,1971,10.1452903747559
ury,1972,10.1816701889038
ury,1973,10.2979097366333
ury,1978,9.73431968688965
ury,1979,9.82003021240234
ury,1994,11.0025796890259
ury,1995,11.0721302032471
ury,1998,11.4337301254272
ury,1999,11.8910503387451
ury,2000,12.1982898712158
ury,2001,12.3773097991943
ury,2002,12.7234601974487
ury,2003,12.9604902267456
ury,2004,12.9011898040771
ury,2005,12.5507497787476
ury,2006,12.5921802520752
ury,2007,12.5129203796387
ury,2008,11.9093799591064
ury,2009,12.0521297454834
ury,2010,11.9219703674316
ury,2013,11.9562196731567
usa,1981,11.1260499954224
usa,1982,11.4608697891235
usa,1983,11.4450597763062
usa,1984,11.4709701538086
usa,1985,11.430419921875
usa,1986,11.5290403366089
usa,1987,11.6500597000122
usa,1990,11.7278003692627
usa,1991,11.67626953125
usa,1993,11.9294700622559
usa,1994,11.9570198059082
usa,1995,11.9001302719116
usa,1996,11.9315004348755
usa,1998,11.7188501358032
usa,2000,11.75119972229
usa,2001,11.7758598327637
usa,2002,11.6179504394531
usa,2003,11.6943998336792
usa,2004,11.6449298858643
usa,2005,11.7090902328491
usa,2006,11.7548599243164
usa,2007,11.8652496337891
usa,2008,11.9173097610474
usa,2009,11.7635402679443
usa,2010,11.6489896774292
usa,2011,11.6085195541382
usa,2012,11.6584596633911
usa,2013,11.7008600234985
usa,2014,11.7676801681519
uzb,1999,9.98017978668213
uzb,2000,10.1714096069336
uzb,2003,10.9948101043701
uzb,2004,11.1036701202393
uzb,2005,11.4022598266602
uzb,2006,11.3681802749634
uzb,2007,11.4788398742676
uzb,2008,11.3483400344849
uzb,2009,11.4331798553467
uzb,2010,11.5413999557495
uzb,2011,11.6145696640015
vct,1971,10.8626499176025
vct,1972,12.9612998962402
vct,1974,9.00456047058105
vct,1975,8.51836013793945
vct,1976,9.01900005340576
vct,1982,9.86542987823486
vct,1984,10.3722095489502
vct,1986,11.0427103042603
vct,1987,11.0677099227905
vct,1991,11.7385396957397
vct,2000,12.0096797943115
vct,2001,12.3899297714233
vct,2002,12.3440799713135
vct,2003,12.6150798797607
vct,2004,12.706859588623
vct,2005,12.6503896713257
vct,2007,12.7203798294067
vct,2008,13.0087203979492
vct,2009,13.065899848938
vct,2010,12.9591598510742
vct,2011,12.44225025177
vct,2012,12.6308403015137
vct,2013,12.8199300765991
vct,2014,12.7513799667358
ven,1971,6.82560014724731
ven,1972,6.9200701713562
ven,1973,6.94236993789673
ven,1974,6.92385005950928
ven,1975,7.04545021057129
ven,1984,8.76595020294189
ven,1985,8.91662979125977
ven,1986,8.99633026123047
ven,1987,8.92811965942383
ven,1988,8.88525009155273
ven,1989,8.80685997009277
ven,1991,9.07382011413574
ven,1992,9.21877002716064
ven,1993,9.11754035949707
ven,1999,8.52525043487549
ven,2000,8.76340961456299
ven,2001,9.13389015197754
ven,2002,9.48163032531738
ven,2003,9.43966960906982
ven,2004,9.57491970062256
ven,2005,9.68076038360596
ven,2006,9.80980014801025
ven,2007,10.0657796859741
ven,2008,10.0140895843506
ven,2009,10.0965795516968
ven,2010,10.0658397674561
ven,2011,10.1051797866821
ven,2012,10.2084703445435
ven,2013,10.6020603179932
ven,2014,10.5652599334717
vnm,1976,7.9695200920105
vnm,1977,8.28785037994385
vnm,1998,10.1059598922729
vut,1970,8.4419002532959
vut,1971,8.24193000793457
vut,1972,7.88906002044678
vut,1973,7.96195983886719
vut,1974,8.10756969451904
vut,1975,8.03569030761719
vut,1976,8.20720958709717
vut,1977,8.31365013122559
vut,1978,8.3261604309082
vut,1980,8.27462005615234
vut,1981,8.28335952758789
vut,1991,7.32021999359131
vut,1999,9.47714996337891
vut,2000,9.64634037017822
vut,2001,9.98398971557617
vut,2002,10.2358102798462
vut,2003,10.716890335083
vut,2004,10.6503295898438
vut,2010,11.7871503829956
wld,1970,8.02884292602539
wld,1971,8.11950016021729
wld,1972,8.26545143127441
wld,1973,8.50325107574463
wld,1974,8.53644180297852
wld,1975,8.52023601531982
wld,1976,8.60651397705078
wld,1977,8.77603816986084
wld,1978,8.80460643768311
wld,1979,8.77829933166504
wld,1980,8.80415630340576
wld,1981,8.83699798583984
wld,1982,8.84067058563232
wld,1983,8.87360286712646
wld,1984,8.94010829925537
wld,1985,9.00068187713623
wld,1986,9.05179691314697
wld,1987,9.03928089141846
wld,1988,9.12539958953857
wld,1989,9.10098075866699
wld,1990,9.07096672058105
wld,1991,9.10494518280029
wld,1992,9.13136863708496
wld,1993,9.19026470184326
wld,1994,9.20448303222656
wld,1995,9.22042179107666
wld,1996,9.24336814880371
wld,1997,9.26925277709961
wld,1998,9.2390832901001
wld,1999,9.24504566192627
wld,2000,9.36196041107178
wld,2001,9.35130023956299
wld,2002,9.46602916717529
wld,2003,9.57857608795166
wld,2004,9.73337554931641
wld,2005,9.86400508880615
wld,2006,9.94734287261963
wld,2007,10.0860710144043
wld,2008,10.1999969482422
wld,2009,10.2392778396606
wld,2010,10.3893442153931
wld,2011,10.4994421005249
wld,2012,10.5981035232544
wld,2013,10.6365203857422
wld,2014,10.6045980453491
wsm,1970,8.76393032073975
wsm,1975,9.71673011779785
wsm,1976,10.2812595367432
wsm,1977,10.5001096725464
wsm,1978,10.7218103408813
wsm,1979,10.8400802612305
wsm,1980,11.163990020752
wsm,1994,10.7674198150635
wsm,1995,11.0107498168945
wsm,1996,10.8933095932007
wsm,1997,11.0486402511597
wsm,1998,10.9288902282715
wsm,1999,11.0895299911499
wsm,2000,11.0515098571777
wsm,2001,11.3115997314453
wsm,2002,11.6624298095703
wsm,2003,11.9311504364014
wsm,2004,12.0203895568848
wsm,2005,12.0152902603149
wsm,2006,11.9784603118896
wsm,2007,11.9537696838379
wsm,2009,12.1603097915649
wsm,2010,12.5086803436279
wsm,2011,12.1207103729248
wsm,2012,12.0954904556274
wsm,2014,12.1916103363037
yem,1999,9.61569976806641
yem,2001,9.54915046691895
yem,2003,9.98143005371094
yem,2004,9.8927001953125
yem,2005,9.75883960723877
yem,2008,9.15563011169434
yem,2010,9.21166038513184
yem,2011,9.66958045959473
yem,2012,9.57170963287354
yem,2013,9.86561965942383
zaf,1989,10.3796501159668
zaf,1990,10.5668601989746
zaf,1991,11.1077003479004
zaf,1994,12.1782102584839
zaf,1998,12.4752502441406
zaf,1999,12.4062900543213
zaf,2000,11.7722301483154
zaf,2001,11.5993795394897
zaf,2002,11.3863000869751
zaf,2003,11.3575201034546
zaf,2004,11.245400428772
zaf,2005,11.0405902862549
zaf,2006,10.9055204391479
zaf,2007,10.9369802474976
zaf,2008,10.780909538269
zaf,2009,10.7691898345947
zaf,2010,10.7678298950195
zaf,2011,10.893440246582
zaf,2012,11.0891704559326
zaf,2013,11.2773199081421
zaf,2014,11.4154195785522
zmb,1970,7.79785013198853
zmb,1972,8.25529956817627
zmb,1974,8.12565040588379
zmb,1979,8.0533504486084
zmb,1980,8.10844993591309
zmb,1981,7.98963022232056
zmb,1982,8.00580978393555
zmb,1986,8.66195964813232
zmb,1988,8.43469047546387
zwe,1970,6.09311008453369
zwe,1971,5.58611011505127
zwe,1972,5.86909008026123
zwe,1973,5.91100978851318
zwe,1974,5.99456977844238
zwe,1975,5.98015022277832
zwe,1976,5.90656995773315
zwe,1977,5.73788976669312
zwe,1978,5.1671199798584
zwe,1979,4.96027994155884
zwe,1981,9.34957981109619
zwe,1982,10.4629802703857
zwe,1983,11.2107496261597
zwe,1984,12.0029096603394
zwe,1985,12.0321998596191
zwe,1986,12.2637100219727
zwe,1987,11.3359603881836
zwe,1988,10.9257001876831
zwe,1989,10.7147703170776
zwe,1990,9.72669982910156
zwe,1991,10.4040203094482
zwe,1992,9.8539400100708
zwe,1995,10.0082597732544
zwe,1996,9.99320983886719
zwe,1999,9.88663959503174
zwe,2000,9.87265968322754
zwe,2001,10.1024103164673
zwe,2002,9.5569896697998
zwe,2003,9.18500995635986
zwe,2012,10.2299699783325
zwe,2013,10.1315898895264
