country,year,uis_ger_123
abw,1999,106.373336791992
abw,2000,104.592559814453
abw,2001,104.471519470215
abw,2002,106.472930908203
abw,2003,104.826812744141
abw,2004,104.884162902832
abw,2005,104.482276916504
abw,2006,106.530830383301
abw,2007,109.388710021973
abw,2008,104.517692565918
abw,2009,105.793930053711
abw,2010,105.33406829834
abw,2011,101.383338928223
abw,2012,107.396118164063
afg,1970,21.0565299987793
afg,1971,22.0073509216309
afg,1972,22.6272201538086
afg,1973,23.0520706176758
afg,1974,23.4228496551514
afg,1975,23.351490020752
afg,1976,24.3100490570068
afg,1977,25.166919708252
afg,1978,26.3119106292725
afg,1980,32.3377990722656
afg,1981,35.6260414123535
afg,1982,14.6086797714233
afg,1984,18.2434902191162
afg,1985,19.7377796173096
afg,1986,20.4218997955322
afg,1988,24.7572402954102
afg,1989,23.2186603546143
afg,1990,21.7911701202393
afg,1991,23.2219009399414
afg,1993,24.6717090606689
afg,1994,34.261890411377
afg,1995,35.7133598327637
afg,2001,18.1423301696777
afg,2003,61.0030708312988
afg,2004,70.1163177490234
afg,2005,66.8158874511719
afg,2006,73.7662887573242
afg,2007,72.3779525756836
afg,2008,77.895149230957
afg,2009,78.2793197631836
afg,2010,82.8248825073242
afg,2011,81.6032180786133
afg,2012,85.6247177124023
afg,2013,85.9633636474609
afg,2014,86.1314315795898
ago,1971,29.5216102600098
ago,1972,32.369270324707
ago,1973,33.9366912841797
ago,1980,73.4108581542969
ago,1981,67.4390869140625
ago,1982,60.7574996948242
ago,1983,54.6711616516113
ago,1984,49.6425399780273
ago,1985,39.7276000976563
ago,1986,43.3766593933105
ago,1987,43.4627914428711
ago,1988,42.0807609558105
ago,1989,42.9651184082031
ago,1990,40.6689109802246
ago,1991,38.2364196777344
ago,1992,37.8975105285645
ago,1998,39.4854393005371
ago,2008,73.1610870361328
ago,2009,73.3516311645508
ago,2010,76.2518920898438
ago,2011,84.841178894043
alb,1976,96.8545074462891
alb,1978,96.1991271972656
alb,1979,96.4069595336914
alb,1980,96.1178970336914
alb,1981,95.9539566040039
alb,1982,92.7771987915039
alb,1983,89.1691207885742
alb,1984,89.6699829101563
alb,1985,91.736442565918
alb,1986,93.7531585693359
alb,1987,92.6846389770508
alb,1988,92.575798034668
alb,1989,92.6910705566406
alb,1990,93.5728912353516
alb,1991,94.7667770385742
alb,1992,85.6757507324219
alb,1993,80.6233215332031
alb,1994,80.7502288818359
alb,1995,81.6674575805664
alb,1996,81.921630859375
alb,1997,83.5768432617188
alb,1998,84.5091781616211
alb,1999,84.0228118896484
alb,2000,82.9640197753906
alb,2001,83.2464065551758
alb,2002,82.4677200317383
alb,2003,83.1125869750977
alb,2004,81.8067398071289
alb,2005,84.4300231933594
alb,2006,84.4162368774414
alb,2007,86.5485916137695
alb,2008,88.2825927734375
alb,2009,89.8721237182617
alb,2010,92.2347717285156
alb,2011,94.7024383544922
alb,2012,96.8800277709961
alb,2013,99.8715972900391
alb,2014,101.803756713867
and,1975,46.1982192993164
and,1983,73.5732803344727
arb,1970,47.6989212036133
arb,1971,47.6611289978027
arb,1972,48.8809700012207
arb,1973,50.0004081726074
arb,1974,50.6371688842773
arb,1975,52.0648918151855
arb,1976,53.7742805480957
arb,1977,55.2912902832031
arb,1978,56.4141883850098
arb,1979,58.1326103210449
arb,1980,59.3639297485352
arb,1981,59.79833984375
arb,1982,61.0726699829102
arb,1983,62.1678581237793
arb,1984,63.3955192565918
arb,1985,64.1675491333008
arb,1986,65.5772705078125
arb,1987,66.7700500488281
arb,1988,67.3574523925781
arb,1989,67.7267837524414
arb,1990,68.9934692382813
arb,1991,69.4830474853516
arb,1992,67.4961090087891
arb,1993,68.030632019043
arb,1994,70.249870300293
arb,1995,69.4906311035156
arb,1996,70.5314407348633
arb,1997,71.3983612060547
arb,1998,72.3297119140625
arb,1999,73.590461730957
arb,2000,74.575569152832
arb,2001,75.7683029174805
arb,2002,76.956672668457
arb,2003,78.1242370605469
arb,2004,79.3422012329102
arb,2005,79.9877319335938
arb,2006,80.4602432250977
arb,2007,80.0523223876953
arb,2008,80.7940902709961
arb,2009,81.7382965087891
arb,2010,82.7460174560547
arb,2011,83.9027786254883
arb,2012,85.3049621582031
arb,2013,83.9800109863281
arb,2014,84.2775573730469
are,1971,51.3151016235352
are,1972,53.5129585266113
are,1973,54.5053215026855
are,1974,53.6987495422363
are,1975,56.0765113830566
are,1976,66.4617767333984
are,1977,67.7878570556641
are,1978,67.7936325073242
are,1979,69.0658569335938
are,1980,72.4213485717773
are,1981,74.9072799682617
are,1982,78.7230682373047
are,1983,80.9433898925781
are,1984,83.9401931762695
are,1985,85.4958724975586
are,1986,86.892692565918
are,1987,83.5912628173828
are,1988,83.4367599487305
are,1989,85.6651992797852
are,1990,88.7285003662109
are,1991,91.319938659668
are,1992,89.6497192382813
are,1993,90.0459594726563
are,1994,93.050422668457
are,1995,95.6463470458984
are,1997,90.8494873046875
are,1998,89.2567901611328
are,1999,89.2465362548828
arg,1970,80.7918472290039
arg,1971,81.6103591918945
arg,1972,82.0370407104492
arg,1973,82.7414398193359
arg,1974,84.3140411376953
arg,1975,84.8907089233398
arg,1976,85.4330902099609
arg,1977,86.1469116210938
arg,1978,86.1120834350586
arg,1979,86.5612411499023
arg,1980,87.1857299804688
arg,1981,88.3012924194336
arg,1982,89.2348403930664
arg,1984,90.4726333618164
arg,1985,92.3962326049805
arg,1986,92.8405227661133
arg,1987,92.8951187133789
arg,1988,93.3085174560547
arg,1990,92.5911865234375
arg,1991,93.8843307495117
arg,1994,93.7734603881836
arg,1996,97.7583389282227
arg,1997,94.7692489624023
arg,1998,97.5776672363281
arg,1999,104.84033203125
arg,2000,107.210296630859
arg,2001,107.997520446777
arg,2002,107.87149810791
arg,2003,106.27481842041
arg,2004,106.755126953125
arg,2005,105.608871459961
arg,2006,106.087280273438
arg,2007,106.512359619141
arg,2008,107.349708557129
arg,2009,108.570762634277
arg,2010,109.348587036133
arg,2011,109.282997131348
arg,2012,109.168281555176
arg,2013,108.49201965332
arm,1991,95.0371398925781
arm,1992,93.9106292724609
arm,1993,96.4421997070313
arm,1994,94.9129180908203
arm,1996,91.6769332885742
arm,1997,92.6779937744141
arm,1998,94.3182373046875
arm,1999,95.0423736572266
arm,2000,92.9940185546875
arm,2001,91.3065795898438
arm,2004,89.9064331054688
arm,2005,91.8568115234375
arm,2006,94.817626953125
arm,2007,98.1885833740234
arm,2008,96.3865509033203
arm,2009,98.1243362426758
atg,1972,94.7091827392578
atg,1974,88.8758087158203
atg,1975,84.5783004760742
atg,1976,87.8566589355469
atg,1977,86.0706405639648
atg,1978,76.4504623413086
atg,1992,106.964752197266
atg,2000,105.982162475586
atg,2007,103.647720336914
atg,2008,107.279487609863
atg,2009,105.192527770996
atg,2010,104.589401245117
atg,2011,102.987617492676
atg,2012,101.094886779785
atg,2014,99.3467330932617
aus,1993,119.318557739258
aus,1994,118.44066619873
aus,1995,119.856941223145
aus,1996,122.503257751465
aus,1997,124.283340454102
aus,1998,125.473358154297
aus,1999,126.422698974609
aus,2000,128.735412597656
aus,2001,125.312599182129
aus,2002,125.607818603516
aus,2003,126.702423095703
aus,2004,124.312980651855
aus,2005,124.046676635742
aus,2006,114.637992858887
aus,2007,115.239860534668
aus,2008,116.079322814941
aus,2009,117.265228271484
aus,2010,118.40544128418
aus,2011,119.386192321777
aus,2012,120.760200500488
aus,2013,120.977813720703
aut,1971,94.2522964477539
aut,1976,93.6938171386719
aut,1981,93.6660614013672
aut,1982,93.036003112793
aut,1983,93.6206970214844
aut,1984,93.5288772583008
aut,1985,94.7133712768555
aut,1986,97.8215789794922
aut,1987,98.9220581054688
aut,1988,100.264808654785
aut,1989,101.222023010254
aut,1990,102.67268371582
aut,1991,103.420097351074
aut,1992,104.686859130859
aut,1993,105.460807800293
aut,1994,105.50528717041
aut,1995,105.339332580566
aut,1996,104.736099243164
aut,1997,104.521301269531
aut,1998,99.824951171875
aut,1999,100.354011535645
aut,2000,100.501159667969
aut,2001,100.442962646484
aut,2002,99.9046478271484
aut,2003,99.9481201171875
aut,2004,100.065200805664
aut,2005,100.661270141602
aut,2006,100.849662780762
aut,2007,100.400520324707
aut,2008,99.8713989257813
aut,2009,99.8523864746094
aut,2010,99.1590576171875
aut,2011,98.7083587646484
aut,2012,98.7063674926758
aut,2013,99.7521514892578
aut,2014,100.220687866211
aze,1981,100.208168029785
aze,1986,103.393836975098
aze,1989,98.5820999145508
aze,1990,95.5743713378906
aze,1991,94.6427764892578
aze,1992,95.0051116943359
aze,1993,94.6010284423828
aze,1994,93.3954772949219
aze,1995,92.5035781860352
aze,1996,81.4737167358398
aze,1997,81.2031784057617
aze,2006,96.0735397338867
aze,2007,96.2574691772461
aze,2008,97.1939086914063
aze,2009,98.0070571899414
aze,2010,97.1744766235352
aze,2011,98.2218170166016
aze,2012,99.4850234985352
aze,2013,101.170768737793
aze,2014,103.924468994141
bdi,1971,17.4118404388428
bdi,1972,16.8701591491699
bdi,1973,12.7713499069214
bdi,1974,11.8636798858643
bdi,1975,12.1271696090698
bdi,1976,12.0652704238892
bdi,1977,12.085789680481
bdi,1978,12.9301595687866
bdi,1979,13.1400299072266
bdi,1980,14.1520395278931
bdi,1981,15.5067300796509
bdi,1982,17.8629608154297
bdi,1983,21.6293296813965
bdi,1984,24.5321102142334
bdi,1985,27.2222805023193
bdi,1986,29.7002696990967
bdi,1987,33.5242195129395
bdi,1988,37.7884902954102
bdi,1989,38.8117485046387
bdi,1990,39.2195701599121
bdi,1991,40.2862892150879
bdi,1992,38.7463302612305
bdi,1993,38.5337600708008
bdi,2001,35.6584892272949
bdi,2002,37.8649101257324
bdi,2003,40.2828788757324
bdi,2004,43.063159942627
bdi,2005,45.431568145752
bdi,2006,56.0217208862305
bdi,2007,61.7272796630859
bdi,2009,71.3710479736328
bdi,2010,75.788948059082
bdi,2011,79.332893371582
bdi,2012,80.2497863769531
bdi,2013,81.687370300293
bdi,2014,83.6775283813477
bel,1971,94.6199111938477
bel,1972,94.8096313476563
bel,1973,92.0437316894531
bel,1974,93.4456405639648
bel,1975,93.3020477294922
bel,1976,93.652229309082
bel,1977,94.7200698852539
bel,1978,96.0375213623047
bel,1979,96.5576095581055
bel,1980,97.1455230712891
bel,1981,97.6416625976563
bel,1982,98.3409729003906
bel,1983,96.9400329589844
bel,1984,98.0039291381836
bel,1985,98.9017868041992
bel,1986,99.9025573730469
bel,1987,100.593391418457
bel,1988,101.608871459961
bel,1989,101.927742004395
bel,1990,101.729942321777
bel,1991,101.326263427734
bel,1992,100.932670593262
bel,1993,121.90934753418
bel,1994,122.792640686035
bel,1995,123.50479888916
bel,1996,123.390098571777
bel,1999,122.465461730957
bel,2000,124.674179077148
bel,2001,128.864974975586
bel,2002,129.551849365234
bel,2003,130.866775512695
bel,2004,104.637107849121
bel,2005,104.842643737793
bel,2006,105.257591247559
bel,2007,105.422080993652
bel,2008,105.026733398438
bel,2009,104.653861999512
bel,2010,104.571342468262
bel,2011,104.880310058594
bel,2012,104.956016540527
bel,2013,134.364517211914
bel,2014,134.761413574219
ben,1971,19.9684906005859
ben,1972,21.9580593109131
ben,1973,24.5301303863525
ben,1974,24.008020401001
ben,1975,27.8754806518555
ben,1976,28.8644905090332
ben,1977,30.2028999328613
ben,1978,31.055139541626
ben,1979,34.5199317932129
ben,1980,35.8925285339355
ben,1981,38.3217391967773
ben,1982,41.9510498046875
ben,1983,44.1016502380371
ben,1984,42.5768699645996
ben,1985,42.1044883728027
ben,1986,39.8396492004395
ben,1987,39.5330085754395
ben,1999,50.7547798156738
ben,2000,52.5816192626953
ben,2001,57.4719696044922
ben,2002,61.0904197692871
ben,2003,63.4546699523926
ben,2004,66.1509628295898
ben,2005,67.5301666259766
ben,2011,83.8123931884766
ben,2013,89.8544464111328
ben,2014,90.4883270263672
bfa,1971,6.83552980422974
bfa,1972,7.12722015380859
bfa,1973,7.34223985671997
bfa,1974,7.70358991622925
bfa,1975,8.04139041900635
bfa,1976,8.29588031768799
bfa,1977,8.63887977600098
bfa,1978,9.04825973510742
bfa,1979,9.45075988769531
bfa,1980,10.0947198867798
bfa,1981,10.7454900741577
bfa,1982,11.7111396789551
bfa,1983,12.6575498580933
bfa,1984,13.5663299560547
bfa,1985,15.0275897979736
bfa,1986,16.5237998962402
bfa,1987,17.946849822998
bfa,1988,18.6016502380371
bfa,1989,19.6460494995117
bfa,1990,20.325159072876
bfa,1991,21.064920425415
bfa,1992,21.5335102081299
bfa,1993,22.2804908752441
bfa,1994,23.0839996337891
bfa,1999,27.3955402374268
bfa,2000,28.0593395233154
bfa,2001,28.8560791015625
bfa,2003,31.1174392700195
bfa,2004,34.0782890319824
bfa,2005,36.901969909668
bfa,2006,39.1701698303223
bfa,2007,42.6456718444824
bfa,2008,46.8804817199707
bfa,2009,49.8402709960938
bfa,2010,50.8258781433105
bfa,2011,53.5457382202148
bfa,2012,55.8464889526367
bfa,2013,57.8580513000488
bfa,2014,59.6441688537598
bgd,1973,46.8655891418457
bgd,1976,46.2237815856934
bgd,1977,43.1995315551758
bgd,1979,41.4834785461426
bgd,1980,41.8041305541992
bgd,1981,40.1640396118164
bgd,1983,43.2327919006348
bgd,1984,43.0705413818359
bgd,1985,42.0799903869629
bgd,1986,41.7725791931152
bgd,1987,41.4982795715332
bgd,1988,46.7498207092285
bgd,1989,46.4963188171387
bgd,1990,48.023738861084
bgd,2005,68.1215286254883
bgd,2006,68.7990036010742
bgd,2007,68.9134674072266
bgd,2008,66.8772125244141
bgd,2009,70.2872161865234
bgd,2010,72.3186111450195
bgd,2011,76.5271072387695
bgr,1971,95.8793716430664
bgr,1972,95.8716430664063
bgr,1973,95.8998107910156
bgr,1974,96.1120223999023
bgr,1975,95.7424697875977
bgr,1976,93.7140808105469
bgr,1977,96.2722702026367
bgr,1978,96.2830123901367
bgr,1979,94.8177871704102
bgr,1980,94.1797103881836
bgr,1981,94.2535629272461
bgr,1982,95.8200302124023
bgr,1983,96.794563293457
bgr,1984,97.6451187133789
bgr,1985,98.7220306396484
bgr,1986,101.341102600098
bgr,1987,102.404182434082
bgr,1988,102.658630371094
bgr,1989,102.232002258301
bgr,1990,97.6745681762695
bgr,1991,96.622917175293
bgr,1992,95.4008636474609
bgr,1993,93.790168762207
bgr,1994,92.3124465942383
bgr,1995,94.1300735473633
bgr,1996,95.9422912597656
bgr,1997,96.0316467285156
bgr,1998,95.8764114379883
bgr,1999,95.9848403930664
bgr,2000,96.4876480102539
bgr,2001,97.5211181640625
bgr,2002,98.3304901123047
bgr,2003,92.1895599365234
bgr,2004,93.7217712402344
bgr,2005,93.3989791870117
bgr,2006,93.380500793457
bgr,2007,94.1121368408203
bgr,2008,93.7053680419922
bgr,2009,93.415771484375
bgr,2010,94.377067565918
bgr,2011,95.754150390625
bgr,2012,95.3892211914063
bgr,2013,99.0405197143555
bgr,2014,100.272941589355
bhr,1971,82.6775512695313
bhr,1972,83.4455413818359
bhr,1973,84.6848907470703
bhr,1974,86.6914825439453
bhr,1975,89.9663619995117
bhr,1976,89.7032165527344
bhr,1977,89.2012023925781
bhr,1978,89.9970779418945
bhr,1979,91.5577392578125
bhr,1980,85.0779495239258
bhr,1981,86.6308517456055
bhr,1982,89.3746719360352
bhr,1983,95.6709289550781
bhr,1984,98.9474487304688
bhr,1985,102.914123535156
bhr,1986,105.965217590332
bhr,1987,104.079040527344
bhr,1988,102.980110168457
bhr,1989,102.76188659668
bhr,1990,99.9511032104492
bhr,1991,106.13835144043
bhr,1992,103.736686706543
bhr,1993,105.174392700195
bhr,1994,106.291069030762
bhr,1995,107.085601806641
bhr,1996,106.074333190918
bhr,1997,103.003143310547
bhr,1998,102.081588745117
bhr,1999,100.901611328125
bhs,1971,97.0766830444336
bhs,1972,95.9269180297852
bhs,1973,93.6885528564453
bhs,1974,99.0454025268555
bhs,1975,104.192222595215
bhs,1976,104.815490722656
bhs,1980,98.4533920288086
bhs,1981,96.2457962036133
bhs,1982,95.1030197143555
bhs,1983,95.2044982910156
bhs,1984,95.3791885375977
bhs,1985,95.7513580322266
bhs,1986,96.2657470703125
bhs,1990,92.1920623779297
bhs,1991,91.328010559082
bhs,1992,95.059211730957
bhs,1993,95.5519866943359
bhs,1994,92.2667388916016
bhs,1995,91.4746398925781
bhs,1997,90.4772415161133
bhs,1999,87.3629379272461
bhs,2002,93.0691986083984
bhs,2004,94.9426879882813
bhs,2005,98.9452667236328
bhs,2006,99.4407119750977
bhs,2007,102.835441589355
bhs,2008,102.444923400879
bhs,2009,99.7129974365234
bhs,2010,99.6371994018555
bih,2011,91.0905380249023
bih,2012,92.6890335083008
bih,2013,93.2926406860352
bih,2014,92.404052734375
blr,1971,94.4149398803711
blr,1972,94.2177734375
blr,1973,94.3956909179688
blr,1974,94.8064804077148
blr,1975,94.8015670776367
blr,1976,94.8923187255859
blr,1977,95.5603332519531
blr,1978,96.3952026367188
blr,1979,97.3571395874023
blr,1980,99.0961227416992
blr,1981,100.388748168945
blr,1982,101.263298034668
blr,1983,101.965492248535
blr,1984,102.634498596191
blr,1985,103.189781188965
blr,1986,103.723258972168
blr,1987,96.5632476806641
blr,1988,96.3176727294922
blr,1989,95.563850402832
blr,1990,94.8535766601563
blr,1991,94.0294570922852
blr,1992,93.3880462646484
blr,1993,93.4264526367188
blr,1994,93.9179077148438
blr,1995,95.1199035644531
blr,1996,96.2781677246094
blr,1997,96.5497131347656
blr,1998,91.6206970214844
blr,2008,108.710891723633
blr,2009,108.128662109375
blr,2010,105.878639221191
blr,2011,104.577346801758
blr,2012,104.160118103027
blr,2013,103.119857788086
blr,2014,103.960479736328
blz,1980,83.4817886352539
blz,1981,81.5837631225586
blz,1982,81.8052291870117
blz,1986,86.5070419311523
blz,1987,88.7212905883789
blz,1991,90.1548080444336
blz,1994,95.287353515625
blz,1995,95.2785034179688
blz,1999,92.8748779296875
blz,2000,93.4009780883789
blz,2001,93.0892486572266
blz,2003,95.4140472412109
blz,2004,96.9335098266602
blz,2005,96.3033905029297
blz,2006,96.5569915771484
blz,2007,95.4518127441406
blz,2008,94.5992965698242
blz,2009,94.5829315185547
blz,2010,94.6309661865234
blz,2011,94.2636032104492
blz,2012,96.4632186889648
blz,2013,96.2771835327148
blz,2014,95.8175964355469
bmu,1971,93.1721420288086
bmu,1972,91.2050628662109
bmu,1973,91.637077331543
bmu,1974,89.6672973632813
bmu,1975,90.5964889526367
bmu,1976,92.7887725830078
bmu,1977,98.3535385131836
bmu,1978,98.4479904174805
bmu,1979,96.2766036987305
bmu,1980,99.3412399291992
bmu,2001,89.3275833129883
bmu,2002,88.6840133666992
bmu,2003,89.1745300292969
bmu,2004,89.8495178222656
bmu,2005,89.0761032104492
bmu,2006,86.4610824584961
bmu,2010,85.0081329345703
bmu,2011,83.0251922607422
bmu,2012,80.9281768798828
bmu,2013,79.8479537963867
bmu,2014,79.3664627075195
bol,1970,57.2405281066895
bol,1971,58.1859092712402
bol,1972,60.5422706604004
bol,1973,62.3857612609863
bol,1975,68.5380401611328
bol,1998,93.5402526855469
bol,1999,97.3765029907227
bol,2000,100.163642883301
bol,2001,101.532928466797
bol,2002,105.05281829834
bol,2003,105.388931274414
bol,2006,100.555053710938
bol,2007,99.9762496948242
bol,2008,99.1215362548828
bra,2002,122.940231323242
bra,2003,115.71411895752
bra,2004,113.841400146484
bra,2005,112.905380249023
bra,2007,107.16015625
bra,2008,109.283912658691
bra,2009,108.829368591309
bra,2011,107.782989501953
bra,2012,107.355026245117
bra,2013,104.907852172852
brb,1971,90.5726776123047
brb,1972,90.0768890380859
brb,1973,90.7137908935547
brb,1974,87.1564178466797
brb,1975,92.3087997436523
brb,1976,91.8735580444336
brb,1977,95.102668762207
brb,1978,99.1234588623047
brb,1979,99.3170013427734
brb,1980,95.0806732177734
brb,1981,93.0960083007813
brb,1982,92.2222213745117
brb,1983,93.3141326904297
brb,1984,96.7487487792969
brb,1985,99.6242294311523
brb,1989,101.821479797363
brb,1990,99.083122253418
brb,1999,104.408470153809
brb,2000,102.006912231445
brb,2001,101.193916320801
brb,2002,100.19465637207
brb,2003,100.651641845703
brb,2004,100.8017578125
brb,2005,101.849609375
brb,2006,101.783493041992
brb,2007,102.33863067627
brb,2008,102.74063873291
brb,2009,101.780052185059
brb,2010,100.709518432617
brb,2011,100.773620605469
brb,2014,100.730628967285
brn,1970,92.6481399536133
brn,1971,94.7134170532227
brn,1972,95.8771286010742
brn,1973,94.35791015625
brn,1974,93.1769638061523
brn,1975,91.5985717773438
brn,1976,91.5747985839844
brn,1977,91.0796966552734
brn,1978,90.9196166992188
brn,1979,84.141960144043
brn,1980,84.4885330200195
brn,1981,85.4506607055664
brn,1982,84.8168792724609
brn,1983,86.3619232177734
brn,1984,86.5675735473633
brn,1985,85.7805709838867
brn,1986,87.2382202148438
brn,1991,93.8191299438477
brn,1992,94.0082397460938
brn,1993,95.6732864379883
brn,1994,96.4261016845703
brn,1998,98.0363082885742
brn,1999,99.4189910888672
brn,2000,98.7557067871094
brn,2001,97.2893295288086
brn,2002,98.1387786865234
brn,2003,100.486923217773
brn,2004,102.938819885254
brn,2005,104.536682128906
brn,2006,104.749267578125
brn,2007,103.318939208984
brn,2008,102.132598876953
brn,2009,102.685539245605
brn,2010,102.846168518066
brn,2011,103.942077636719
brn,2012,106.190711975098
brn,2013,105.716926574707
brn,2014,102.747550964355
btn,1970,13.0590200424194
btn,1971,13.1100196838379
btn,1972,14.1708402633667
btn,1974,16.8899707794189
btn,1977,21.1910800933838
btn,1982,36.4143104553223
btn,1983,39.1697692871094
btn,1984,40.5369110107422
btn,1985,40.092041015625
btn,1998,52.6048202514648
btn,1999,54.7512588500977
btn,2000,57.5712509155273
btn,2001,60.2742500305176
btn,2005,71.7553482055664
btn,2006,74.6369094848633
btn,2007,78.0566024780273
btn,2008,81.0453033447266
btn,2009,85.4888381958008
btn,2010,88.8952102661133
btn,2011,91.3680191040039
btn,2012,93.2804183959961
btn,2013,91.8058013916016
btn,2014,93.7086791992188
bwa,1970,39.8115882873535
bwa,1971,37.1683387756348
bwa,1972,37.9976005554199
bwa,1973,42.858528137207
bwa,1974,45.4658088684082
bwa,1975,49.6647300720215
bwa,1976,52.3068618774414
bwa,1977,55.4041786193848
bwa,1978,56.8074607849121
bwa,1979,58.8908500671387
bwa,1980,62.3744506835938
bwa,1981,65.122932434082
bwa,1983,67.4026489257813
bwa,1984,70.0050888061523
bwa,1985,72.772102355957
bwa,1986,74.4093780517578
bwa,1987,75.8659210205078
bwa,1988,76.552619934082
bwa,1989,79.574592590332
bwa,1990,80.6056137084961
bwa,1991,84.9608764648438
bwa,1992,83.3939437866211
bwa,1993,84.1205215454102
bwa,1994,83.3651275634766
bwa,1995,84.8515319824219
bwa,1998,91.0391998291016
bwa,1999,91.6007080078125
bwa,2000,92.7598114013672
bwa,2001,93.5746002197266
bwa,2002,94.2851104736328
bwa,2003,94.5405731201172
bwa,2004,94.8899307250977
bwa,2005,95.2180328369141
bwa,2006,96.3360290527344
bwa,2007,96.1465835571289
bwa,2012,97.5828018188477
bwa,2013,98.4048309326172
caf,1971,35.5705184936523
caf,1972,35.4404602050781
caf,1973,37.783088684082
caf,1974,38.2489204406738
caf,1975,40.1457405090332
caf,1976,40.5306205749512
caf,1977,41.8978004455566
caf,1978,42.3210601806641
caf,1979,41.7718696594238
caf,1980,41.8856010437012
caf,1981,42.085578918457
caf,1982,44.0210304260254
caf,1983,44.4048690795898
caf,1985,46.9762687683105
caf,1986,46.1600914001465
caf,1987,39.5607604980469
caf,1988,39.4314002990723
caf,1989,39.5351486206055
caf,1990,41.8040390014648
caf,1991,39.1505088806152
caf,1992,34.0505790710449
caf,2001,44.6978492736816
caf,2002,40.0856590270996
caf,2009,51.3809700012207
caf,2011,54.906379699707
caf,2012,54.9969100952148
can,1971,99.2907562255859
can,1972,97.9628601074219
can,1973,96.1130676269531
can,1974,94.36181640625
can,1975,94.4609222412109
can,1976,93.9818572998047
can,1977,93.949462890625
can,1978,93.578369140625
can,1979,92.9587173461914
can,1980,92.5650024414063
can,1981,92.9739685058594
can,1982,97.8753890991211
can,1983,99.0870590209961
can,1984,100.50309753418
can,1985,100.91529083252
can,1986,101.092788696289
can,1987,101.020408630371
can,1988,101.180160522461
can,1989,101.439010620117
can,1990,101.53125
can,1991,102.411277770996
can,1992,102.668258666992
can,1993,103.105026245117
can,1994,103.274681091309
can,1995,102.930023193359
can,1996,103.598709106445
can,1998,102.236106872559
can,1999,100.869697570801
can,2000,100.930488586426
can,2005,99.1302795410156
can,2006,100.101348876953
can,2007,100.327857971191
can,2008,100.215377807617
can,2009,100.967933654785
can,2010,100.681549072266
can,2011,101.021011352539
can,2012,105.309532165527
can,2013,105.513961791992
che,1978,88.2473983764648
che,1979,88.4647674560547
che,1980,88.7987670898438
che,1981,89.1157302856445
che,1982,89.1484832763672
che,1983,89.0229110717773
che,1984,89.1961822509766
che,1985,89.1264572143555
che,1986,89.0882415771484
che,1987,89.3976821899414
che,1988,90.2659378051758
che,1989,91.4884262084961
che,1990,93.0436630249023
che,1991,94.1924591064453
che,1992,95.0312194824219
che,1993,97.5077133178711
che,1994,98.1676025390625
che,1995,98.7649612426758
che,1996,99.4622192382813
che,1998,100.079856872559
che,1999,100.280097961426
che,2000,100.536628723145
che,2001,99.8773727416992
che,2002,98.5307464599609
che,2003,98.2731018066406
che,2004,98.2821578979492
che,2005,98.3415298461914
che,2006,98.4725570678711
che,2007,98.4045791625977
che,2008,98.5408096313477
che,2009,98.483642578125
che,2010,98.7655334472656
che,2011,99.0583190917969
che,2012,99.0808715820313
che,2013,100.639289855957
che,2014,101.26309967041
chl,1970,86.941650390625
chl,1971,93.5184326171875
chl,1972,95.5939636230469
chl,1973,96.8499984741211
chl,1974,96.3613586425781
chl,1975,93.7375335693359
chl,1976,91.2429428100586
chl,1977,91.0799331665039
chl,1978,91.0340118408203
chl,1979,91.746337890625
chl,1980,90.1095428466797
chl,1981,89.261848449707
chl,1982,88.340217590332
chl,1983,90.0524597167969
chl,1984,89.9878768920898
chl,1985,92.1305999755859
chl,1986,92.6771621704102
chl,1988,93.7990264892578
chl,1989,93.4103164672852
chl,1990,92.4803009033203
chl,1991,101.720069885254
chl,1992,100.134338378906
chl,1993,90.5191421508789
chl,1998,94.3218307495117
chl,1999,96.2748031616211
chl,2000,98.1963424682617
chl,2002,99.296989440918
chl,2003,99.9423980712891
chl,2004,102.739601135254
chl,2005,103.40315246582
chl,2006,103.485702514648
chl,2007,103.191017150879
chl,2008,102.691139221191
chl,2009,100.259437561035
chl,2010,98.77783203125
chl,2011,97.8503265380859
chl,2012,96.4281616210938
chl,2013,100.327079772949
chl,2014,100.46354675293
chn,1970,73.7329711914063
chn,1971,78.9359893798828
chn,1972,84.0924682617188
chn,1973,91.5651397705078
chn,1974,92.6911697387695
chn,1975,94.3941802978516
chn,1976,97.4327392578125
chn,1977,91.5517730712891
chn,1978,84.1275405883789
chn,1979,80.8399810791016
chn,1980,76.8874664306641
chn,1981,74.3118591308594
chn,1982,69.9249496459961
chn,1983,67.3352127075195
chn,1984,66.3501510620117
chn,1985,68.2335510253906
chn,1986,70.1315231323242
chn,1987,72.5560989379883
chn,1988,73.9364318847656
chn,1989,74.385009765625
chn,1990,74.9449691772461
chn,1991,76.3136215209961
chn,1992,78.2686614990234
chn,1993,79.6813430786133
chn,1994,80.2479705810547
chn,1995,81.8767395019531
chn,1996,83.1384124755859
chn,1997,83.5175704956055
chn,2001,82.3178100585938
chn,2002,82.2184371948242
chn,2003,83.3165588378906
chn,2006,83.4371032714844
chn,2007,87.7257614135742
chn,2008,91.7554016113281
chn,2009,94.6792373657227
chn,2010,96.8962326049805
chn,2011,98.8751068115234
chn,2012,100.527801513672
chn,2013,102.253829956055
chn,2014,99.060920715332
civ,1971,38.6202392578125
civ,1972,38.7386512756348
civ,1973,39.6765594482422
civ,1974,39.9856986999512
civ,1975,40.4654884338379
civ,1976,40.932258605957
civ,1977,42.2897605895996
civ,1978,44.3635787963867
civ,1979,46.5642890930176
civ,1980,48.283260345459
civ,1981,49.8823318481445
civ,1983,49.6887588500977
civ,1984,48.5008392333984
civ,1985,47.4775390625
civ,1987,46.12744140625
civ,1999,50.1651916503906
civ,2014,64.9079513549805
cmr,1971,50.2165184020996
cmr,1972,49.565299987793
cmr,1973,50.3524284362793
cmr,1974,51.3342094421387
cmr,1975,52.9768104553223
cmr,1976,54.0891189575195
cmr,1977,54.0499114990234
cmr,1978,55.1725692749023
cmr,1979,55.7907600402832
cmr,1980,56.2133293151855
cmr,1981,57.8600692749023
cmr,1982,58.6607704162598
cmr,1983,60.6075897216797
cmr,1984,60.2521705627441
cmr,1985,61.4804382324219
cmr,1986,62.1079216003418
cmr,1987,63.9773483276367
cmr,1988,64.885139465332
cmr,1989,63.387451171875
cmr,1990,63.3119010925293
cmr,1991,62.6920585632324
cmr,1992,60.1531715393066
cmr,1994,55.9652214050293
cmr,1995,54.2273483276367
cmr,1997,51.3680114746094
cmr,1998,52.6236114501953
cmr,1999,54.3165397644043
cmr,2000,55.8954811096191
cmr,2001,65.6638488769531
cmr,2002,63.3942794799805
cmr,2003,64.0340270996094
cmr,2004,64.489860534668
cmr,2005,63.6445808410645
cmr,2006,61.2695007324219
cmr,2007,66.5614471435547
cmr,2008,68.85888671875
cmr,2009,71.8792266845703
cmr,2011,76.8223266601563
cmr,2012,80.9818267822266
cmr,2014,85.4038467407227
cod,1971,57.5320587158203
cod,1972,58.205078125
cod,1973,58.7023887634277
cod,1974,58.2296600341797
cod,1975,59.2321281433105
cod,1976,60.2584609985352
cod,1977,61.1531181335449
cod,1978,62.7342414855957
cod,1979,64.2558898925781
cod,1980,64.3573379516602
cod,1981,64.6709289550781
cod,1982,65.0121917724609
cod,1983,65.4044876098633
cod,1984,65.8459167480469
cod,1985,62.8965110778809
cod,1986,63.0254287719727
cod,1987,56.1595993041992
cod,1988,57.5041618347168
cod,1992,52.6432609558105
cod,1993,53.6945114135742
cod,1994,53.0533485412598
cod,1995,56.240291595459
cod,2007,64.8681182861328
cod,2008,70.5290069580078
cod,2009,70.9607391357422
cod,2010,70.6608810424805
cod,2011,72.290901184082
cod,2012,74.7670669555664
cod,2013,75.4647827148438
cod,2014,78.8189392089844
cog,1971,67.2413177490234
cog,1972,71.743408203125
cog,1973,75.6615982055664
cog,1974,80.3907699584961
cog,1975,83.9428863525391
cog,1976,86.5670394897461
cog,1977,89.8722763061523
cog,1978,92.5695419311523
cog,1979,94.2042236328125
cog,1980,97.1252975463867
cog,1981,100.128997802734
cog,1982,102.658836364746
cog,1983,102.339653015137
cog,1984,100.782211303711
cog,1985,99.9566116333008
cog,1986,102.311851501465
cog,1987,104.098892211914
cog,1988,98.8279418945313
cog,1989,93.0356216430664
cog,1990,87.7813262939453
cog,1991,85.9640197753906
cog,1992,84.6880416870117
cog,1994,84.942008972168
cog,1996,80.6906967163086
cog,2002,72.6065521240234
cog,2003,70.6416625976563
cog,2004,79.4374313354492
cog,2012,83.6018600463867
col,1970,62.8274993896484
col,1971,65.1974334716797
col,1972,66.0915679931641
col,1973,70.0824813842773
col,1974,70.780647277832
col,1975,71.876838684082
col,1976,72.052978515625
col,1977,73.9338073730469
col,1978,74.8558807373047
col,1979,76.130989074707
col,1980,74.3068923950195
col,1981,75.3780822753906
col,1982,72.1667633056641
col,1983,72.4353179931641
col,1984,73.1871032714844
col,1985,73.58203125
col,1986,74.9827575683594
col,1987,76.101188659668
col,1988,76.1567611694336
col,1989,76.0163192749023
col,1991,75.7313537597656
col,1992,80.4932479858398
col,1993,81.9191970825195
col,1994,82.8233795166016
col,1995,83.6213302612305
col,1996,88.0142669677734
col,1998,92.6432037353516
col,1999,93.0403137207031
col,2000,93.2965621948242
col,2002,94.6943130493164
col,2004,99.5533065795898
col,2005,103.095077514648
col,2006,105.983879089355
col,2007,108.405258178711
col,2008,109.80152130127
col,2009,112.883689880371
col,2010,112.063140869141
col,2011,111.408592224121
col,2012,107.421943664551
col,2013,107.698959350586
col,2014,105.499443054199
com,1971,22.0483894348145
com,1973,29.2009601593018
com,1974,33.1241416931152
com,1981,73.4511795043945
com,1986,75.2289886474609
com,1987,69.9078216552734
com,1992,66.6280517578125
com,1994,64.650993347168
com,1999,62.7699203491211
com,2002,73.1526184082031
com,2003,74.1581192016602
com,2004,75.0277404785156
com,2013,82.2887573242188
cpv,1972,45.8989181518555
cpv,1980,65.7610702514648
cpv,1981,64.872917175293
cpv,1982,65.0310363769531
cpv,1984,66.8383407592773
cpv,1987,74.3501510620117
cpv,1988,77.8375701904297
cpv,1989,80.5582504272461
cpv,1990,82.7999572753906
cpv,1994,83.2183380126953
cpv,2000,94.4402923583984
cpv,2001,91.4814682006836
cpv,2002,91.8266906738281
cpv,2003,90.6119537353516
cpv,2004,88.6075286865234
cpv,2005,89.2649917602539
cpv,2006,94.9267883300781
cpv,2007,94.7141265869141
cpv,2008,96.296012878418
cpv,2009,96.4145202636719
cpv,2010,98.3646697998047
cpv,2011,100.434349060059
cpv,2012,101.69465637207
cpv,2013,103.696792602539
cpv,2014,102.419059753418
cri,1970,76.3295288085938
cri,1971,75.9300537109375
cri,1972,76.9701995849609
cri,1973,79.2452621459961
cri,1974,78.6780319213867
cri,1975,77.2938079833984
cri,1976,77.7611618041992
cri,1977,78.2234878540039
cri,1979,78.2257995605469
cri,1980,77.8686218261719
cri,1981,77.8312606811523
cri,1982,76.1277770996094
cri,1983,74.6439590454102
cri,1984,74.0774230957031
cri,1985,74.2011108398438
cri,1986,75.9242477416992
cri,1987,76.6162796020508
cri,1988,77.3624725341797
cri,1989,77.6626892089844
cri,1990,78.1733932495117
cri,1991,79.3107986450195
cri,1992,80.88330078125
cri,1993,81.5714569091797
cri,1994,82.1116333007813
cri,1995,82.8730163574219
cri,1996,82.9288864135742
cri,1997,83.3162384033203
cri,1998,86.5808410644531
cri,1999,93.2769165039063
cri,2000,90.7528762817383
cri,2001,93.1264877319336
cri,2002,93.0594100952148
cri,2004,100.271377563477
cri,2005,99.7624130249023
cri,2006,103.76097869873
cri,2007,103.78978729248
cri,2008,105.009468078613
cri,2009,108.815803527832
cri,2010,109.939559936523
cri,2011,110.513801574707
cri,2012,111.394477844238
cri,2013,113.167999267578
cri,2014,115.281089782715
cub,1971,73.3183517456055
cub,1972,73.6820983886719
cub,1973,76.5572280883789
cub,1974,78.7126617431641
cub,1975,81.3192596435547
cub,1976,85.6578063964844
cub,1977,88.1536026000977
cub,1978,89.6841201782227
cub,1979,90.1537399291992
cub,1980,93.6876983642578
cub,1981,92.0538330078125
cub,1982,91.5852890014648
cub,1983,90.6967391967773
cub,1984,91.6652069091797
cub,1985,91.1759567260742
cub,1986,91.4448089599609
cub,1987,92.1493606567383
cub,1988,92.6189422607422
cub,1989,93.6427764892578
cub,1990,93.6089019775391
cub,1991,93.3587493896484
cub,1992,93.5849227905273
cub,1993,92.3825225830078
cub,1994,90.7424774169922
cub,1995,89.4085693359375
cub,1996,93.7126388549805
cub,1997,93.6723098754883
cub,1999,91.9811019897461
cub,2000,92.7468719482422
cub,2001,93.0676193237305
cub,2002,94.6646118164063
cub,2003,95.0912780761719
cub,2004,94.6952285766602
cub,2005,95.5816879272461
cub,2006,96.5067672729492
cub,2007,96.8627166748047
cub,2008,96.831298828125
cub,2009,96.7604598999023
cub,2010,97.0116806030273
cub,2011,96.7790374755859
cub,2012,95.7712936401367
cub,2013,95.3549194335938
cub,2014,98.9158401489258
cuw,2013,130.339782714844
cyp,1971,72.1269607543945
cyp,1972,72.3598327636719
cyp,1973,74.0751724243164
cyp,1974,75.89404296875
cyp,1975,70.5914916992188
cyp,1976,73.277229309082
cyp,1977,73.1663436889648
cyp,1978,72.6789779663086
cyp,1979,72.814567565918
cyp,1980,71.541389465332
cyp,1981,70.9303436279297
cyp,1982,69.9901962280273
cyp,1983,70.1640701293945
cyp,1984,71.5723571777344
cyp,1985,72.1296768188477
cyp,1986,72.9653625488281
cyp,1987,73.2911987304688
cyp,1988,72.4866409301758
cyp,1989,73.2243576049805
cyp,1990,73.6885299682617
cyp,1991,74.2666625976563
cyp,1992,74.324577331543
cyp,1993,97.4403381347656
cyp,1994,97.4320983886719
cyp,1995,97.445671081543
cyp,1996,97.0254516601563
cyp,1997,96.5583572387695
cyp,1999,95.3036193847656
cyp,2000,95.0256881713867
cyp,2001,95.0149612426758
cyp,2002,97.3419189453125
cyp,2003,98.0215682983398
cyp,2004,97.7298431396484
cyp,2005,98.6011734008789
cyp,2006,99.2921600341797
cyp,2007,99.9364395141602
cyp,2008,100.60977935791
cyp,2009,101.504936218262
cyp,2010,95.8859100341797
cyp,2011,96.5295028686523
cyp,2012,97.5190277099609
cyp,2013,98.9890975952148
cyp,2014,99.2910537719727
cze,1971,96.5197067260742
cze,1972,97.9790115356445
cze,1973,98.7957992553711
cze,1974,99.4510116577148
cze,1975,100.300941467285
cze,1976,101.174812316895
cze,1977,102.259620666504
cze,1978,102.750671386719
cze,1979,102.776702880859
cze,1982,102.177452087402
cze,1983,100.542739868164
cze,1984,97.4373168945313
cze,1985,95.5451507568359
cze,1986,93.8308486938477
cze,1987,93.8720397949219
cze,1988,91.700813293457
cze,1989,92.5307006835938
cze,1990,92.0355987548828
cze,1991,91.7167282104492
cze,1992,90.2879333496094
cze,1993,92.1821594238281
cze,1994,94.5595169067383
cze,1995,97.2232208251953
cze,1996,100.027366638184
cze,1997,92.7976913452148
cze,1998,89.7601699829102
cze,1999,90.3788833618164
cze,2000,93.952018737793
cze,2001,98.1020584106445
cze,2002,97.8423385620117
cze,2003,97.5387420654297
cze,2004,96.6793365478516
cze,2005,97.0026702880859
cze,2006,97.4636001586914
cze,2007,97.6830520629883
cze,2008,97.9244384765625
cze,2009,97.8971633911133
cze,2010,97.9054489135742
cze,2011,97.7519378662109
cze,2012,98.0160522460938
cze,2013,102.242767333984
cze,2014,102.559127807617
deu,1991,100.228668212891
deu,1992,100.469367980957
deu,1993,104.19384765625
deu,1994,104.099113464355
deu,1995,103.932083129883
deu,1996,104.106430053711
deu,1997,104.44603729248
deu,1998,101.340286254883
deu,1999,101.387893676758
deu,2000,101.975570678711
deu,2001,102.362846374512
deu,2002,102.506057739258
deu,2003,102.619888305664
deu,2004,103.042068481445
deu,2005,103.118843078613
deu,2006,103.876152038574
deu,2007,103.498336791992
deu,2008,103.996971130371
deu,2009,103.582328796387
deu,2010,103.899002075195
deu,2011,103.489936828613
deu,2012,102.942481994629
deu,2013,102.63639831543
deu,2014,102.685600280762
dji,1971,16.1195106506348
dji,1972,16.9498405456543
dji,1973,16.9663391113281
dji,1974,17.413049697876
dji,1975,17.6019897460938
dji,1976,16.4638690948486
dji,1979,17.2656707763672
dji,1980,17.3550300598145
dji,1981,18.0963191986084
dji,1982,19.4692707061768
dji,1983,20.4897594451904
dji,1984,21.3539295196533
dji,1985,21.3656406402588
dji,1986,22.6317806243896
dji,1987,23.0823802947998
dji,1988,22.7327194213867
dji,1989,22.410249710083
dji,1990,22.2724094390869
dji,1991,21.7111206054688
dji,1992,22.2080192565918
dji,1993,20.1721706390381
dji,1994,21.1417503356934
dji,1995,22.0237503051758
dji,1996,22.2464408874512
dji,1997,22.6244297027588
dji,1999,23.226900100708
dji,2000,22.9616298675537
dji,2001,25.6224498748779
dji,2002,26.6798095703125
dji,2004,30.174560546875
dji,2005,32.2313385009766
dji,2006,33.5294303894043
dji,2007,36.8100509643555
dji,2008,42.8537483215332
dji,2009,44.2959899902344
dji,2011,50.3050918579102
dji,2012,53.5748481750488
dji,2013,54.5264091491699
dji,2014,55.6057395935059
dji,2015,55.3051795959473
dma,1973,104.851928710938
dma,1974,100.489379882813
dma,1975,100.079048156738
dma,1976,96.2678070068359
dma,1977,96.1133270263672
dma,1978,93.5576705932617
dma,1979,91.4865188598633
dma,1984,91.0779037475586
dma,1986,90.6623687744141
dma,1987,89.7417831420898
dma,1990,90.2215728759766
dma,1999,116.421722412109
dma,2000,114.228782653809
dma,2001,110.625587463379
dma,2002,109.075889587402
dma,2003,108.128677368164
dma,2004,104.185676574707
dma,2005,102.763938903809
dma,2006,100.86791229248
dma,2007,101.141639709473
dma,2008,100.959503173828
dma,2009,102.77481842041
dma,2010,103.077667236328
dma,2011,105.640907287598
dnk,1971,94.4964981079102
dnk,1978,97.8239288330078
dnk,1979,98.0895919799805
dnk,1980,99.919921875
dnk,1981,100.294792175293
dnk,1982,100.675071716309
dnk,1983,101.463958740234
dnk,1984,101.262077331543
dnk,1985,101.343612670898
dnk,1986,102.317520141602
dnk,1987,103.188079833984
dnk,1988,103.756561279297
dnk,1989,104.029663085938
dnk,1990,104.194900512695
dnk,1991,104.543113708496
dnk,1992,104.53067779541
dnk,1993,105.779731750488
dnk,1994,108.014312744141
dnk,1995,109.81037902832
dnk,1996,111.052886962891
dnk,1998,112.394218444824
dnk,1999,112.777122497559
dnk,2000,113.498291015625
dnk,2001,115.147827148438
dnk,2002,113.970970153809
dnk,2004,111.463821411133
dnk,2005,110.782676696777
dnk,2006,109.311920166016
dnk,2007,109.268257141113
dnk,2008,108.764381408691
dnk,2009,108.919563293457
dnk,2010,109.789421081543
dnk,2011,111.25382232666
dnk,2012,112.058853149414
dnk,2013,115.128341674805
dnk,2014,115.038887023926
dom,1971,61.7478981018066
dom,1972,64.8501281738281
dom,1973,64.9798202514648
dom,1974,64.4052886962891
dom,1975,65.5759506225586
dom,1976,70.8682479858398
dom,1977,71.9921188354492
dom,1978,72.4414901733398
dom,1979,77.2162780761719
dom,1980,79.0189437866211
dom,1981,80.8367004394531
dom,1982,83.4336471557617
dom,1984,85.3122787475586
dom,1986,87.5072784423828
dom,1994,73.056396484375
dom,1995,72.2714767456055
dom,1998,82.2034301757813
dom,1999,84.5377426147461
dom,2000,87.6376037597656
dom,2002,92.1657028198242
dom,2004,87.2414093017578
dom,2005,88.3030014038086
dom,2007,95.2222671508789
dom,2008,92.4132385253906
dom,2009,94.2442092895508
dom,2010,91.9685134887695
dom,2011,91.0407485961914
dom,2012,89.9875564575195
dom,2013,90.6211166381836
dom,2014,89.8301467895508
dza,1971,42.8964996337891
dza,1972,46.1001586914063
dza,1973,49.3045501708984
dza,1974,51.8621711730957
dza,1975,53.4591903686523
dza,1976,55.9253692626953
dza,1977,58.3733901977539
dza,1978,60.7499198913574
dza,1979,61.9224090576172
dza,1980,62.9102592468262
dza,1981,63.4146385192871
dza,1982,64.4140625
dza,1983,65.4735870361328
dza,1984,66.9439926147461
dza,1985,68.0673522949219
dza,1986,69.625358581543
dza,1987,71.4300994873047
dza,1988,72.6729278564453
dza,1989,77.0723571777344
dza,1990,77.0685806274414
dza,1991,77.2472381591797
dza,1992,78.0779190063477
dza,1993,78.1499786376953
dza,1994,78.7932586669922
dza,1995,78.5948333740234
dza,1996,79.1508483886719
dza,1997,79.8216934204102
dza,1999,84.0199890136719
dza,2000,84.7948684692383
dza,2001,85.9295883178711
dza,2002,87.9487991333008
dza,2003,89.2950668334961
dza,2004,91.3620910644531
dza,2005,92.2795867919922
dza,2006,92.8320388793945
dza,2007,86.5311584472656
dza,2008,90.1016693115234
dza,2009,100.241821289063
dza,2010,104.055969238281
dza,2011,106.381507873535
eap,1970,70.1606521606445
eap,1971,73.6248168945313
eap,1972,77.0991897583008
eap,1973,82.0651092529297
eap,1974,82.9507827758789
eap,1975,84.5537490844727
eap,1976,86.8615112304688
eap,1977,83.9685134887695
eap,1978,79.7637710571289
eap,1979,77.7385864257813
eap,1980,75.4180221557617
eap,1981,73.9141616821289
eap,1982,71.177116394043
eap,1983,69.6465072631836
eap,1984,69.0955810546875
eap,1985,70.6281890869141
eap,1986,72.0032196044922
eap,1987,74.068717956543
eap,1988,75.0801773071289
eap,1989,75.368537902832
eap,1990,75.1772766113281
eap,1991,76.1327972412109
eap,1992,77.5368881225586
eap,1993,78.6214904785156
eap,1994,79.2855911254883
eap,1995,80.6195678710938
eap,1996,81.8054122924805
eap,1997,82.4715194702148
eap,1998,83.0273590087891
eap,1999,83.0249710083008
eap,2000,82.5962982177734
eap,2001,81.9751586914063
eap,2002,82.2043914794922
eap,2003,83.2452011108398
eap,2004,83.1759414672852
eap,2005,81.7860488891602
eap,2006,83.2871398925781
eap,2007,86.9383392333984
eap,2008,89.4640502929688
eap,2009,91.8602066040039
eap,2010,93.6262893676758
eap,2011,95.2393264770508
eap,2012,96.5485992431641
eap,2013,97.6782073974609
eap,2014,95.9806289672852
eas,1970,72.3380126953125
eas,1971,75.3002624511719
eas,1972,78.4152069091797
eas,1973,82.8483505249023
eas,1974,83.6285018920898
eas,1975,85.1684188842773
eas,1976,87.3657989501953
eas,1977,84.8302688598633
eas,1978,81.0365676879883
eas,1979,79.2763824462891
eas,1980,77.2540969848633
eas,1981,75.9677810668945
eas,1982,73.4767913818359
eas,1983,72.0985107421875
eas,1984,71.6319732666016
eas,1985,73.0704498291016
eas,1986,74.4104766845703
eas,1987,76.3513336181641
eas,1988,77.2727508544922
eas,1989,77.5699615478516
eas,1990,77.4236907958984
eas,1991,78.3262405395508
eas,1992,79.6006622314453
eas,1993,80.5756988525391
eas,1994,81.2637634277344
eas,1995,82.4909210205078
eas,1996,83.5472564697266
eas,1997,84.1053695678711
eas,1998,84.5301971435547
eas,1999,84.4884033203125
eas,2000,84.0707931518555
eas,2001,83.4265365600586
eas,2002,83.6337432861328
eas,2003,84.6199798583984
eas,2004,84.5068130493164
eas,2005,83.2610321044922
eas,2006,84.6247787475586
eas,2007,88.0484085083008
eas,2008,90.4019927978516
eas,2009,92.6496887207031
eas,2010,94.3221282958984
eas,2011,95.845100402832
eas,2012,97.0988235473633
eas,2013,98.1348190307617
eas,2014,96.5704498291016
eca,1970,92.0447692871094
eca,1971,91.9463119506836
eca,1972,91.8405075073242
eca,1973,91.8981323242188
eca,1974,91.931037902832
eca,1975,92.1761627197266
eca,1976,92.5191497802734
eca,1977,92.8540725708008
eca,1978,93.0356369018555
eca,1979,93.1842498779297
eca,1980,93.2875137329102
eca,1981,92.8160018920898
eca,1982,93.1575012207031
eca,1983,93.4238204956055
eca,1984,94.3506774902344
eca,1985,94.8069534301758
eca,1986,95.4789810180664
eca,1987,95.6276931762695
eca,1988,95.9091110229492
eca,1989,95.21533203125
eca,1990,94.7638931274414
eca,1991,94.1652069091797
eca,1992,93.0145797729492
eca,1993,91.745849609375
eca,1994,90.7750396728516
eca,1995,91.0193328857422
eca,1996,90.7888870239258
eca,1997,90.5505523681641
eca,1998,91.1482315063477
eca,1999,92.0575180053711
eca,2000,92.361457824707
eca,2001,94.4164505004883
eca,2002,96.0260467529297
eca,2003,96.0368270874023
eca,2004,93.7005615234375
eca,2005,91.3689193725586
eca,2006,91.8716812133789
eca,2007,92.7606887817383
eca,2008,92.9238815307617
eca,2009,92.063606262207
eca,2010,93.743782043457
eca,2011,95.2652893066406
eca,2012,95.5760726928711
eca,2013,99.3223876953125
eca,2014,99.6144027709961
ecs,1970,90.5947570800781
ecs,1971,90.5503082275391
ecs,1972,90.7391128540039
ecs,1973,91.0226135253906
ecs,1974,91.6321182250977
ecs,1975,91.8825607299805
ecs,1976,92.2657623291016
ecs,1977,92.6122589111328
ecs,1978,92.8114471435547
ecs,1979,93.0296020507813
ecs,1980,93.1628570556641
ecs,1981,92.9778213500977
ecs,1982,93.2860107421875
ecs,1983,93.4935684204102
ecs,1984,94.0070495605469
ecs,1985,94.4850311279297
ecs,1986,95.4244766235352
ecs,1987,95.8490676879883
ecs,1988,96.0928421020508
ecs,1989,95.8779525756836
ecs,1990,95.6826477050781
ecs,1991,95.7200317382813
ecs,1992,95.5219192504883
ecs,1993,96.4309692382813
ecs,1994,96.8988265991211
ecs,1995,97.0073776245117
ecs,1996,96.939079284668
ecs,1997,96.7064666748047
ecs,1998,96.5353393554688
ecs,1999,97.2462310791016
ecs,2000,97.6447525024414
ecs,2001,98.9959487915039
ecs,2002,99.9753875732422
ecs,2003,100.091110229492
ecs,2004,98.3162384033203
ecs,2005,97.7465362548828
ecs,2006,97.873420715332
ecs,2007,98.3577194213867
ecs,2008,98.7452926635742
ecs,2009,98.3658294677734
ecs,2010,99.5955963134766
ecs,2011,100.058151245117
ecs,2012,100.244781494141
ecs,2013,104.694931030273
ecs,2014,104.905967712402
ecu,1971,64.5024719238281
ecu,1972,65.8529510498047
ecu,1973,67.8880615234375
ecu,1974,70.8328018188477
ecu,1975,72.3759384155273
ecu,1976,75.1067428588867
ecu,1977,76.880012512207
ecu,1978,78.6984481811523
ecu,1979,82.5226211547852
ecu,1980,84.2704162597656
ecu,1981,87.9600296020508
ecu,1982,89.9794921875
ecu,1983,91.2837677001953
ecu,1984,90.5017471313477
ecu,1985,92.0033187866211
ecu,1986,92.420280456543
ecu,1987,93.5247421264648
ecu,1988,93.9741516113281
ecu,1990,92.4626083374023
ecu,1991,90.9489898681641
ecu,1992,96.3848190307617
ecu,1993,93.8694381713867
ecu,1996,83.6629791259766
ecu,1998,85.1680526733398
ecu,1999,85.6304779052734
ecu,2000,85.7471084594727
ecu,2001,86.2144927978516
ecu,2002,86.961181640625
ecu,2003,86.3868408203125
ecu,2004,86.30908203125
ecu,2005,87.4175033569336
ecu,2006,88.4468078613281
ecu,2007,89.9116821289063
ecu,2010,99.7526473999023
ecu,2011,100.460388183594
ecu,2012,101.305313110352
ecu,2013,108.97679901123
ecu,2014,108.767219543457
egy,1971,52.1762199401855
egy,1972,53.2885894775391
egy,1973,54.0944404602051
egy,1974,53.2332801818848
egy,1975,55.3175201416016
egy,1976,56.3045997619629
egy,1977,57.6312294006348
egy,1978,58.7303886413574
egy,1979,59.5479011535645
egy,1980,60.9473304748535
egy,1981,62.0002708435059
egy,1982,64.1577072143555
egy,1983,66.6996002197266
egy,1984,69.0655136108398
egy,1985,71.2858276367188
egy,1986,73.7743682861328
egy,1987,76.3651885986328
egy,1988,77.7618026733398
egy,1989,77.7620315551758
egy,1990,82.9397277832031
egy,1991,84.1165008544922
egy,1992,77.0707702636719
egy,1993,77.4683685302734
egy,1994,84.3876190185547
egy,1995,79.4217987060547
egy,1996,82.3047790527344
egy,1997,83.8442535400391
egy,1999,85.7956695556641
egy,2000,86.4839935302734
egy,2001,87.4598007202148
egy,2002,87.7888336181641
egy,2003,88.4114532470703
egy,2004,89.0130996704102
egy,2009,88.2053604125977
egy,2010,89.5532302856445
egy,2011,92.1657867431641
egy,2012,95.4036102294922
egy,2013,96.1486663818359
egy,2014,95.5330581665039
emu,1970,89.8552932739258
emu,1971,89.8866119384766
emu,1972,90.4907302856445
emu,1973,90.9733963012695
emu,1974,92.006950378418
emu,1975,92.2086868286133
emu,1976,92.6991806030273
emu,1977,93.1425018310547
emu,1978,93.3645401000977
emu,1979,93.6075973510742
emu,1980,93.8445816040039
emu,1981,93.7544174194336
emu,1982,93.9092864990234
emu,1983,94.0812301635742
emu,1984,94.2867431640625
emu,1985,94.9359970092773
emu,1986,96.3886795043945
emu,1987,97.2701416015625
emu,1988,97.6192626953125
emu,1989,98.0118713378906
emu,1990,98.0141372680664
emu,1991,98.8074188232422
emu,1992,99.7004470825195
emu,1993,102.031730651855
emu,1994,104.39771270752
emu,1995,104.753997802734
emu,1996,105.046241760254
emu,1997,104.791038513184
emu,1998,103.101951599121
emu,1999,103.445587158203
emu,2000,103.925498962402
emu,2001,104.581573486328
emu,2002,104.860961914063
emu,2003,105.128799438477
emu,2004,103.965698242188
emu,2005,105.349052429199
emu,2006,105.761360168457
emu,2007,106.01383972168
emu,2008,106.396240234375
emu,2009,106.285820007324
emu,2010,106.810890197754
emu,2011,106.932136535645
emu,2012,106.724670410156
emu,2013,108.455360412598
emu,2014,108.267723083496
eri,1993,26.1578006744385
eri,1994,28.4686508178711
eri,1995,30.0293502807617
eri,1996,31.382230758667
eri,1997,31.3889694213867
eri,1999,34.185718536377
eri,2000,38.1915702819824
eri,2001,38.3005981445313
eri,2002,41.4059982299805
eri,2003,44.1570587158203
eri,2004,44.1262512207031
eri,2005,45.8494911193848
eri,2006,45.6512718200684
eri,2007,42.5288696289063
eri,2008,42.0019607543945
eri,2009,41.6714897155762
eri,2010,40.7109603881836
eri,2011,42.5837783813477
eri,2012,44.158561706543
eri,2013,42.9740104675293
esp,1971,80.682746887207
esp,1972,80.4275512695313
esp,1973,80.9403686523438
esp,1974,83.3038101196289
esp,1975,85.9375534057617
esp,1976,88.2660293579102
esp,1977,89.878662109375
esp,1978,90.6604309082031
esp,1979,93.6961517333984
esp,1980,95.0730590820313
esp,1981,95.6426620483398
esp,1982,97.1480407714844
esp,1983,98.4773025512695
esp,1984,97.5057067871094
esp,1985,98.5985412597656
esp,1986,102.095169067383
esp,1987,103.279823303223
esp,1988,103.72728729248
esp,1989,104.24536895752
esp,1990,102.416580200195
esp,1991,103.970100402832
esp,1992,105.105590820313
esp,1993,108.540672302246
esp,1994,110.151947021484
esp,1995,110.932037353516
esp,1996,112.018180847168
esp,1997,110.392852783203
esp,1998,105.325256347656
esp,1999,106.326629638672
esp,2000,107.650741577148
esp,2001,108.239318847656
esp,2002,108.055717468262
esp,2003,108.124069213867
esp,2004,109.113540649414
esp,2005,110.669860839844
esp,2006,110.980918884277
esp,2007,111.783027648926
esp,2008,112.514106750488
esp,2009,112.873802185059
esp,2010,115.063186645508
esp,2011,116.397003173828
esp,2012,116.753288269043
esp,2013,117.684677124023
esp,2014,116.709907531738
est,1986,101.961410522461
est,1989,99.8629608154297
est,1990,99.016960144043
est,1991,97.0515975952148
est,1992,96.6134567260742
est,1993,93.3594207763672
est,1994,94.5908432006836
est,1995,96.8754501342773
est,1996,94.2243499755859
est,1998,97.029296875
est,1999,97.5672225952148
est,2000,98.3074798583984
est,2001,99.1369018554688
est,2002,99.8252410888672
est,2003,99.2138290405273
est,2004,99.9123077392578
est,2005,101.173919677734
est,2006,100.887016296387
est,2007,101.457832336426
est,2008,101.993721008301
est,2009,102.884017944336
est,2010,104.305191040039
est,2011,104.769859313965
est,2012,104.738571166992
est,2013,104.621887207031
eth,1971,9.99306011199951
eth,1972,10.6131401062012
eth,1973,11.0567798614502
eth,1974,12.0783195495605
eth,1984,28.3753509521484
eth,1986,26.5156993865967
eth,1987,28.6695709228516
eth,1988,29.6190891265869
eth,1989,28.5853691101074
eth,1991,23.7304706573486
eth,1992,19.4958305358887
eth,1993,16.9378604888916
eth,1994,18.9470291137695
eth,1995,21.0332202911377
eth,1996,24.4313106536865
eth,1999,32.8004684448242
eth,2000,35.9930000305176
eth,2001,40.4454307556152
eth,2002,43.2870216369629
eth,2003,44.5628318786621
eth,2004,47.3970794677734
eth,2005,55.0467109680176
eth,2006,59.3565216064453
eth,2007,64.078239440918
eth,2008,67.7228393554688
eth,2009,66.9304504394531
eth,2010,66.3010711669922
eth,2011,68.0227737426758
eth,2012,67.8350830078125
euu,1970,89.1694869995117
euu,1971,89.1501998901367
euu,1972,89.5655899047852
euu,1973,90.0272521972656
euu,1974,91.0941390991211
euu,1975,91.4038925170898
euu,1976,91.8415908813477
euu,1977,92.3115310668945
euu,1978,92.5314102172852
euu,1979,92.7626800537109
euu,1980,92.8907623291016
euu,1981,92.9058074951172
euu,1982,93.2412261962891
euu,1983,93.4530715942383
euu,1984,93.6996917724609
euu,1985,94.2381134033203
euu,1986,95.4345092773438
euu,1987,96.1099700927734
euu,1988,96.3436813354492
euu,1989,96.55859375
euu,1990,96.5131683349609
euu,1991,96.5874786376953
euu,1992,96.9812393188477
euu,1993,99.6382293701172
euu,1994,101.354103088379
euu,1995,101.562156677246
euu,1996,101.899459838867
euu,1997,101.80387878418
euu,1998,100.876838684082
euu,1999,101.402496337891
euu,2000,101.919319152832
euu,2001,102.586326599121
euu,2002,103.026542663574
euu,2003,103.177337646484
euu,2004,102.209831237793
euu,2005,103.332763671875
euu,2006,103.001922607422
euu,2007,103.134292602539
euu,2008,103.747863769531
euu,2009,103.914970397949
euu,2010,104.69554901123
euu,2011,104.152763366699
euu,2012,104.162338256836
euu,2013,109.077728271484
euu,2014,109.142860412598
fin,1971,92.1152267456055
fin,1972,93.8653564453125
fin,1973,94.5455780029297
fin,1974,96.7956695556641
fin,1975,98.3319625854492
fin,1976,95.203971862793
fin,1977,96.0988006591797
fin,1978,96.582878112793
fin,1979,97.5531692504883
fin,1980,97.8161773681641
fin,1981,98.0606536865234
fin,1982,99.2372817993164
fin,1983,100.638488769531
fin,1984,103.059257507324
fin,1985,103.932929992676
fin,1986,104.1796875
fin,1987,104.167503356934
fin,1988,104.5390625
fin,1989,105.093437194824
fin,1990,106.285278320313
fin,1991,107.292236328125
fin,1992,109.180282592773
fin,1993,107.850120544434
fin,1994,108.321586608887
fin,1995,107.362510681152
fin,1996,107.659690856934
fin,1997,108.725761413574
fin,1998,109.041389465332
fin,1999,110.775833129883
fin,2000,113.278717041016
fin,2001,114.455963134766
fin,2002,114.713241577148
fin,2003,115.619621276855
fin,2004,104.859428405762
fin,2005,105.242149353027
fin,2006,104.942939758301
fin,2007,104.595596313477
fin,2008,104.001899719238
fin,2009,103.419052124023
fin,2010,103.45970916748
fin,2011,103.705528259277
fin,2012,104.146606445313
fin,2013,122.965400695801
fin,2014,124.140701293945
fji,1970,81.1028823852539
fji,1971,83.8098907470703
fji,1972,86.499641418457
fji,1973,89.0966720581055
fji,1974,90.7559509277344
fji,1975,91.8370132446289
fji,1976,92.4411697387695
fji,1977,92.6889572143555
fji,1978,92.2605590820313
fji,1979,90.6286163330078
fji,1980,88.6605377197266
fji,1981,87.9993209838867
fji,1983,87.5966110229492
fji,1984,87.6815872192383
fji,1985,87.2147064208984
fji,1986,88.945068359375
fji,1987,90.558479309082
fji,1991,92.8498916625977
fji,1992,94.1449584960938
fji,1998,91.1060485839844
fji,1999,90.3118209838867
fji,2000,89.3746871948242
fji,2001,90.9330215454102
fji,2002,93.5410079956055
fji,2003,96.7623291015625
fji,2004,101.142990112305
fji,2006,101.507049560547
fji,2007,97.6914215087891
fji,2008,96.5138626098633
fji,2009,95.2723999023438
fji,2011,97.4033432006836
fji,2012,96.3341064453125
fra,1971,92.0408630371094
fra,1972,92.9196319580078
fra,1973,93.5810928344727
fra,1974,95.7123565673828
fra,1975,94.3329010009766
fra,1976,92.9870910644531
fra,1977,93.4865036010742
fra,1978,93.9911575317383
fra,1979,94.7319793701172
fra,1980,95.346061706543
fra,1981,95.4459915161133
fra,1982,95.3004379272461
fra,1983,95.1718978881836
fra,1984,95.8550567626953
fra,1985,96.6389999389648
fra,1986,98.3268966674805
fra,1987,99.9507369995117
fra,1988,101.350662231445
fra,1989,102.491638183594
fra,1990,103.030639648438
fra,1991,104.777931213379
fra,1992,105.916091918945
fra,1993,105.313690185547
fra,1994,110.173400878906
fra,1995,110.321792602539
fra,1996,109.743919372559
fra,1997,108.691902160645
fra,1998,108.186836242676
fra,1999,107.680557250977
fra,2000,107.061569213867
fra,2001,106.473793029785
fra,2002,106.242301940918
fra,2003,106.387100219727
fra,2004,106.02010345459
fra,2005,110.906196594238
fra,2006,110.876289367676
fra,2007,110.978996276855
fra,2008,110.833038330078
fra,2009,110.297668457031
fra,2010,110.035720825195
fra,2011,109.743179321289
fra,2012,109.357643127441
fra,2013,108.68660736084
fra,2014,108.396751403809
fsm,1971,176.782455444336
fsm,1972,182.008560180664
fsm,1973,191.159637451172
fsm,1974,191.438552856445
fsm,1976,186.395278930664
fsm,1977,186.351989746094
fsm,2004,98.0723037719727
fsm,2005,97.480842590332
gab,1971,78.4949417114258
gab,1972,80.5707168579102
gab,1973,83.2134323120117
gab,1974,84.7631530761719
gab,1975,88.4328079223633
gab,1976,90.5253219604492
gab,1977,88.687141418457
gab,1978,92.5663681030273
gab,1979,89.4422378540039
gab,1980,90.0603179931641
gab,1981,91.4397430419922
gab,1982,91.0263824462891
gab,1983,91.2593994140625
gab,1984,92.4799423217773
gab,1985,93.4432525634766
gab,1986,94.2638092041016
gab,1987,94.4999084472656
gab,1988,94.0306091308594
gab,1989,95.133056640625
gab,1994,91.1706466674805
gab,1995,95.510856628418
gab,1996,98.1094589233398
gab,1997,97.8204116821289
gab,1999,95.6161193847656
gab,2001,94.8858337402344
gab,2002,97.9410400390625
gbr,1971,90.4851303100586
gbr,1972,90.3398284912109
gbr,1973,90.003059387207
gbr,1974,92.1635589599609
gbr,1975,92.1196365356445
gbr,1976,92.2281036376953
gbr,1977,92.1660995483398
gbr,1978,91.6451263427734
gbr,1979,91.2805709838867
gbr,1980,90.7771301269531
gbr,1981,90.5285110473633
gbr,1982,90.6206665039063
gbr,1983,90.7981872558594
gbr,1984,91.1944885253906
gbr,1985,91.4116516113281
gbr,1986,92.6909713745117
gbr,1987,93.3509368896484
gbr,1988,93.7723770141602
gbr,1989,93.9553375244141
gbr,1990,94.54345703125
gbr,1991,95.8941268920898
gbr,1992,97.2874374389648
gbr,1998,99.8473587036133
gbr,1999,100.958992004395
gbr,2000,101.20694732666
gbr,2001,101.081413269043
gbr,2002,101.394577026367
gbr,2003,101.092079162598
gbr,2004,105.158012390137
gbr,2005,105.779457092285
gbr,2006,101.273277282715
gbr,2007,99.6695709228516
gbr,2008,101.047332763672
gbr,2009,101.797920227051
gbr,2010,103.626327514648
gbr,2011,98.6918487548828
gbr,2012,98.8172225952148
gbr,2013,117.387329101563
gbr,2014,118.801643371582
geo,1981,103.24878692627
geo,1986,103.057426452637
geo,1991,95.6811065673828
geo,1992,91.8010330200195
geo,1993,82.3743591308594
geo,1994,81.4400177001953
geo,1995,79.6653289794922
geo,1996,80.6740188598633
geo,1997,82.1433715820313
geo,1999,84.5568237304688
geo,2000,85.377067565918
geo,2001,85.0438003540039
geo,2002,84.5274505615234
geo,2003,85.3607635498047
geo,2004,86.6937408447266
geo,2005,88.0834426879883
geo,2006,91.4159164428711
geo,2007,97.8372802734375
geo,2008,99.5428466796875
geo,2009,97.3029098510742
geo,2013,106.35131072998
geo,2014,107.498390197754
gha,1971,55.9134902954102
gha,1973,54.2047004699707
gha,1974,52.082950592041
gha,1975,51.5746803283691
gha,1976,54.0521583557129
gha,1977,55.1172409057617
gha,1978,55.3906211853027
gha,1979,56.3472518920898
gha,1980,57.8963088989258
gha,1981,59.4262809753418
gha,1982,59.4091682434082
gha,1983,58.3477897644043
gha,1984,56.3696517944336
gha,1985,56.1551818847656
gha,1986,54.1105003356934
gha,1987,54.4163589477539
gha,1988,54.853458404541
gha,1989,54.6759986877441
gha,1990,54.0438919067383
gha,1995,58.2502593994141
gha,1999,62.5726013183594
gha,2000,65.1538619995117
gha,2001,61.9003601074219
gha,2002,63.8143882751465
gha,2003,62.4618606567383
gha,2004,65.6671295166016
gha,2005,70.0661926269531
gha,2006,73.3803863525391
gha,2007,78.3489990234375
gha,2008,82.4591217041016
gha,2009,83.0509567260742
gha,2011,81.3912734985352
gha,2012,83.55322265625
gha,2013,84.5535202026367
gha,2014,88.1121215820313
gha,2015,91.8397674560547
gin,1971,21.5508193969727
gin,1977,25.8987903594971
gin,1978,27.5948905944824
gin,1979,28.8000297546387
gin,1980,29.8962898254395
gin,1981,29.2822303771973
gin,1982,27.8507099151611
gin,1983,27.1537303924561
gin,1984,26.5148906707764
gin,1985,29.099609375
gin,1986,26.7905101776123
gin,1987,24.7592506408691
gin,1989,25.1016006469727
gin,1990,24.3119201660156
gin,1991,25.7776794433594
gin,1993,27.8533401489258
gin,1994,29.0962295532227
gin,1996,31.9814605712891
gin,1999,34.2734909057617
gin,2001,39.9719505310059
gin,2002,45.8255195617676
gin,2003,48.6062088012695
gin,2004,51.4752197265625
gin,2005,54.8982696533203
gin,2006,57.4322395324707
gin,2008,59.4428405761719
gin,2011,62.8982696533203
gin,2012,63.5530204772949
gin,2014,65.4041595458984
gmb,1971,19.4840393066406
gmb,1972,18.9800605773926
gmb,1973,19.6463794708252
gmb,1974,21.0926399230957
gmb,1975,21.536470413208
gmb,1976,22.6837005615234
gmb,1977,23.7310009002686
gmb,1978,25.1227607727051
gmb,1979,27.8498401641846
gmb,1980,31.1224994659424
gmb,1981,37.0036201477051
gmb,1982,39.4968490600586
gmb,1983,41.6088600158691
gmb,1984,43.7852516174316
gmb,1985,44.7565307617188
gmb,1986,44.1475410461426
gmb,1987,42.426929473877
gmb,1988,40.6609802246094
gmb,1989,38.793758392334
gmb,1990,39.5063591003418
gmb,1991,40.8258781433105
gmb,1992,41.0327606201172
gmb,1993,42.958568572998
gmb,1994,44.3538589477539
gmb,1995,46.6910209655762
gmb,1996,48.889289855957
gmb,2008,74.2435684204102
gmb,2010,72.4166717529297
gnb,1971,17.8124198913574
gnb,1972,20.2568893432617
gnb,1976,43.8084487915039
gnb,1978,43.8038291931152
gnb,1979,41.9744987487793
gnb,1980,39.231029510498
gnb,1981,37.6504592895508
gnb,1982,37.6538581848145
gnb,1983,37.5186882019043
gnb,1984,37.381160736084
gnb,1985,36.8639907836914
gnb,1987,34.0848388671875
gnb,1988,32.2410583496094
gnb,1989,32.7327308654785
gnb,2000,48.9795684814453
gnb,2005,77.0389633178711
gnb,2006,81.1833419799805
gnq,1971,48.4485511779785
gnq,1983,70.4079208374023
gnq,1993,99.7270889282227
gnq,1994,95.2659378051758
gnq,1999,73.2118225097656
gnq,2000,68.3338165283203
gnq,2001,67.7586822509766
gnq,2002,65.2388687133789
gnq,2005,58.8837089538574
grc,1971,85.5430908203125
grc,1972,88.1417007446289
grc,1973,89.1737213134766
grc,1974,90.443977355957
grc,1975,90.5847930908203
grc,1976,91.4571533203125
grc,1977,91.6415328979492
grc,1978,91.3736419677734
grc,1979,90.7914123535156
grc,1980,90.971076965332
grc,1981,92.0074005126953
grc,1982,93.8840026855469
grc,1983,92.774528503418
grc,1984,95.2392501831055
grc,1985,96.5368118286133
grc,1986,97.7003021240234
grc,1987,97.9114990234375
grc,1988,98.4633026123047
grc,1989,98.1707382202148
grc,1990,97.0944900512695
grc,1991,96.7496337890625
grc,1992,96.4811401367188
grc,1993,93.3971710205078
grc,1994,93.3060531616211
grc,1995,93.4529113769531
grc,1996,92.8153533935547
grc,1997,92.3017883300781
grc,1998,92.9774017333984
grc,1999,93.0376892089844
grc,2000,92.9159164428711
grc,2001,94.6623229980469
grc,2002,97.8405380249023
grc,2003,96.771728515625
grc,2004,97.2843933105469
grc,2005,99.3757781982422
grc,2006,99.0701675415039
grc,2007,97.7699508666992
grc,2010,102.690872192383
grc,2011,101.208503723145
grc,2012,102.2705078125
grc,2013,103.398422241211
grd,1971,89.7495422363281
grd,1972,91.8770523071289
grd,1973,90.5475921630859
grd,1974,93.0680465698242
grd,1975,94.8598480224609
grd,1976,97.7243728637695
grd,1977,99.1991424560547
grd,1978,100.551940917969
grd,1979,99.9135971069336
grd,1980,98.0107269287109
grd,1981,92.9832534790039
grd,1982,92.2646484375
grd,1983,91.8629837036133
grd,1984,95.2678909301758
grd,1985,94.2367095947266
grd,1986,92.3754577636719
grd,1987,100.036201477051
grd,1988,102.644386291504
grd,1990,107.155982971191
grd,1991,110.477577209473
grd,1992,114.475608825684
grd,1993,115.580963134766
grd,2002,107.606269836426
grd,2003,108.483337402344
grd,2004,103.806610107422
grd,2005,97.3511428833008
grd,2007,102.879852294922
grd,2008,104.357818603516
grd,2009,102.884536743164
grd,2010,105.350639343262
grd,2013,101.997779846191
grd,2014,102.141670227051
gtm,1970,36.3757400512695
gtm,1971,36.4684295654297
gtm,1972,37.5019683837891
gtm,1973,37.513801574707
gtm,1974,39.0758895874023
gtm,1975,39.961238861084
gtm,1976,40.2637214660645
gtm,1977,41.6775894165039
gtm,1978,44.4524192810059
gtm,1979,45.4456405639648
gtm,1980,46.5451698303223
gtm,1981,49.0487785339355
gtm,1982,46.2710418701172
gtm,1983,48.8164100646973
gtm,1984,49.7759094238281
gtm,1985,50.1264305114746
gtm,1986,50.47412109375
gtm,1991,52.9179916381836
gtm,1993,56.2813682556152
gtm,1994,56.3592910766602
gtm,1995,57.4171409606934
gtm,1996,57.7963600158691
gtm,1997,58.0473289489746
gtm,1998,66.2581024169922
gtm,1999,70.3893432617188
gtm,2000,73.7413787841797
gtm,2001,75.6443862915039
gtm,2002,79.0634994506836
gtm,2004,84.1388778686523
gtm,2005,85.6311187744141
gtm,2006,86.9140014648438
gtm,2007,87.7419967651367
gtm,2008,88.3908004760742
gtm,2009,91.4751510620117
gtm,2010,93.820198059082
gtm,2011,93.063850402832
gtm,2012,90.4000701904297
gtm,2013,88.5624923706055
gtm,2014,85.9586868286133
guy,1971,84.4190673828125
guy,1972,85.8274002075195
guy,1973,87.3796005249023
guy,1974,88.105827331543
guy,1976,90.3171005249023
guy,1984,83.691276550293
guy,1985,84.55419921875
guy,1986,87.6548614501953
guy,1987,90.0605010986328
guy,1999,97.394172668457
guy,2001,102.689567565918
guy,2003,97.0018997192383
guy,2005,98.3765869140625
guy,2007,90.7769775390625
guy,2008,89.4468536376953
guy,2009,86.8051986694336
guy,2010,86.8073883056641
guy,2011,89.0796813964844
guy,2012,87.2518463134766
hic,1970,87.9268035888672
hic,1971,87.9206314086914
hic,1972,88.3292922973633
hic,1973,88.9624481201172
hic,1974,89.3115005493164
hic,1975,89.5843505859375
hic,1976,90.1283569335938
hic,1977,90.5329895019531
hic,1978,90.7845764160156
hic,1979,90.1617889404297
hic,1980,93.0342712402344
hic,1981,93.075080871582
hic,1982,93.8932723999023
hic,1983,94.0135498046875
hic,1984,94.3506774902344
hic,1985,94.6263809204102
hic,1986,95.6515808105469
hic,1987,96.1904296875
hic,1988,96.277587890625
hic,1989,96.4591522216797
hic,1990,96.5674591064453
hic,1991,97.0280227661133
hic,1992,97.5713272094727
hic,1993,99.0561370849609
hic,1994,100.354827880859
hic,1995,100.580589294434
hic,1996,100.777770996094
hic,1997,100.806396484375
hic,1998,100.363273620605
hic,1999,100.480796813965
hic,2000,100.529350280762
hic,2001,100.868690490723
hic,2002,100.601188659668
hic,2003,101.035629272461
hic,2004,100.646873474121
hic,2005,101.372528076172
hic,2006,101.184341430664
hic,2007,101.417518615723
hic,2008,101.694686889648
hic,2009,101.49674987793
hic,2010,101.492218017578
hic,2011,101.331329345703
hic,2012,101.623840332031
hic,2013,104.020011901855
hic,2014,104.453498840332
hkg,1971,75.5651168823242
hkg,1972,75.9722595214844
hkg,1973,75.8844604492188
hkg,1974,76.0982894897461
hkg,1975,76.9101104736328
hkg,1976,76.8038330078125
hkg,1977,76.0209197998047
hkg,1978,75.8201217651367
hkg,1979,76.764518737793
hkg,1980,77.5930480957031
hkg,1981,79.468391418457
hkg,1982,81.2550277709961
hkg,1983,83.6102600097656
hkg,1984,85.8683776855469
hkg,1985,87.8552017211914
hkg,1986,88.9782104492188
hkg,1987,89.5757293701172
hkg,1988,89.7561187744141
hkg,1996,87.3410720825195
hkg,2012,105.297576904297
hkg,2013,103.002990722656
hkg,2014,104.935562133789
hnd,1970,55.0625991821289
hnd,1971,55.8392791748047
hnd,1972,57.1032409667969
hnd,1974,58.5066184997559
hnd,1975,57.5089683532715
hnd,1976,58.7011985778809
hnd,1977,60.9889183044434
hnd,1978,63.8991889953613
hnd,1979,67.1530227661133
hnd,1980,69.2445602416992
hnd,1982,73.8035583496094
hnd,1983,75.2641525268555
hnd,1984,76.6002426147461
hnd,1985,78.4335327148438
hnd,1986,79.4720993041992
hnd,1991,76.4249877929688
hnd,1993,78.3947830200195
hnd,2006,92.4930801391602
hnd,2007,91.192497253418
hnd,2008,92.6089477539063
hnd,2010,96.7170715332031
hnd,2011,96.5517883300781
hnd,2012,94.5794830322266
hnd,2013,92.3017730712891
hnd,2014,90.2955932617188
hpc,1970,32.1563186645508
hpc,1971,32.354679107666
hpc,1972,32.7227401733398
hpc,1973,33.4229011535645
hpc,1974,34.0723495483398
hpc,1975,35.3561210632324
hpc,1976,37.1009407043457
hpc,1977,38.9300308227539
hpc,1978,40.4845085144043
hpc,1979,41.8968315124512
hpc,1980,43.5283393859863
hpc,1981,44.6619110107422
hpc,1982,44.6128196716309
hpc,1983,44.883129119873
hpc,1984,44.6557388305664
hpc,1985,44.0045890808105
hpc,1986,43.8180503845215
hpc,1987,43.2892684936523
hpc,1988,43.4574203491211
hpc,1989,42.5236282348633
hpc,1990,41.6170310974121
hpc,1991,42.6125602722168
hpc,1992,41.8728790283203
hpc,1993,41.9704399108887
hpc,1994,42.6910591125488
hpc,1995,44.2841300964355
hpc,1996,44.4355812072754
hpc,1997,46.6653900146484
hpc,1998,47.966251373291
hpc,1999,48.0919799804688
hpc,2000,49.766471862793
hpc,2001,52.072681427002
hpc,2002,55.5694999694824
hpc,2003,57.9410514831543
hpc,2004,60.2057685852051
hpc,2005,62.3440704345703
hpc,2006,64.5454406738281
hpc,2007,66.6487884521484
hpc,2008,69.6221084594727
hpc,2009,70.2969665527344
hpc,2010,70.8844985961914
hpc,2011,71.3370819091797
hpc,2012,72.3486404418945
hpc,2013,72.6741104125977
hpc,2014,73.6143035888672
hrv,1993,80.5694274902344
hrv,1994,84.1692810058594
hrv,1995,82.8683166503906
hrv,1996,83.1614608764648
hrv,1997,84.1276626586914
hrv,1998,86.2588729858398
hrv,1999,87.7633209228516
hrv,2000,88.4203186035156
hrv,2001,89.1499481201172
hrv,2002,90.6632537841797
hrv,2003,92.2634811401367
hrv,2005,96.2654495239258
hrv,2006,96.761848449707
hrv,2007,97.1629180908203
hrv,2008,97.2489166259766
hrv,2009,97.6812286376953
hrv,2010,97.8496398925781
hrv,2011,97.8647613525391
hrv,2012,98.5441589355469
hrv,2014,98.9620819091797
hti,1979,38.2347412109375
hti,1980,41.3075981140137
hti,1981,45.1012306213379
hti,1982,45.6212387084961
hti,1983,49.905818939209
hti,1984,53.4917602539063
hti,1986,56.4758796691895
hun,1971,80.7888336181641
hun,1972,80.4220504760742
hun,1973,81.2795867919922
hun,1974,81.5945205688477
hun,1975,83.0953063964844
hun,1976,84.5126724243164
hun,1977,86.0694580078125
hun,1978,87.3016204833984
hun,1979,88.4487075805664
hun,1980,89.5674667358398
hun,1981,91.1709365844727
hun,1982,93.9849319458008
hun,1983,94.8300704956055
hun,1984,94.5393524169922
hun,1985,93.5790100097656
hun,1986,92.095832824707
hun,1987,90.0239562988281
hun,1988,88.0139312744141
hun,1989,87.0370788574219
hun,1990,86.7080612182617
hun,1991,86.5150299072266
hun,1992,86.6698608398438
hun,1994,93.1644973754883
hun,1995,93.4974517822266
hun,1996,94.5361404418945
hun,1997,96.5122604370117
hun,1998,94.2447662353516
hun,1999,96.1223220825195
hun,2000,97.7827835083008
hun,2001,99.0679702758789
hun,2002,99.7861480712891
hun,2003,100.929649353027
hun,2004,96.423210144043
hun,2005,96.7659912109375
hun,2006,96.9476089477539
hun,2007,97.0661697387695
hun,2008,98.0325164794922
hun,2009,99.134880065918
hun,2010,100.569351196289
hun,2011,100.87313079834
hun,2012,101.374519348145
hun,2013,105.608856201172
hun,2014,105.202301025391
idn,1970,55.4787292480469
idn,1971,55.9239692687988
idn,1972,56.1717491149902
idn,1973,56.1501693725586
idn,1974,55.5471687316895
idn,1975,57.1653709411621
idn,1976,58.7891387939453
idn,1977,60.3913917541504
idn,1978,65.3517837524414
idn,1981,72.0045700073242
idn,1982,75.250602722168
idn,1983,77.9028778076172
idn,1984,79.3701324462891
idn,1986,82.6841888427734
idn,1987,84.4307098388672
idn,1988,84.7953720092773
idn,1989,84.2108383178711
idn,1990,81.8614730834961
idn,1991,80.0373382568359
idn,1992,78.7315292358398
idn,1993,78.1449203491211
idn,1994,78.86083984375
idn,1995,79.7841110229492
idn,1996,80.6176910400391
idn,1997,82.1940994262695
idn,1998,82.5246810913086
idn,1999,82.7182312011719
idn,2000,81.6799163818359
idn,2001,82.378776550293
idn,2002,83.4671936035156
idn,2003,84.888801574707
idn,2004,85.5015563964844
idn,2005,84.1607131958008
idn,2006,84.5148773193359
idn,2007,90.0915222167969
idn,2008,89.0307769775391
idn,2009,91.91259765625
idn,2010,93.1410064697266
idn,2011,94.4614105224609
idn,2012,94.9740829467773
idn,2013,94.6861267089844
idn,2014,94.2785034179688
ind,1971,48.7662811279297
ind,1972,49.3825798034668
ind,1973,51.0596618652344
ind,1975,51.4291610717773
ind,1976,51.3212814331055
ind,1977,52.793041229248
ind,1978,51.2976913452148
ind,1980,53.0359497070313
ind,1981,54.5328216552734
ind,1982,55.7136688232422
ind,1983,57.7148017883301
ind,1984,59.2019386291504
ind,1986,61.1749114990234
ind,1987,60.020679473877
ind,1988,60.7009201049805
ind,1989,62.1899108886719
ind,1993,67.2007904052734
ind,1994,67.788818359375
ind,1995,67.3490371704102
ind,1996,67.0672607421875
ind,1997,67.0796966552734
ind,1999,64.8250885009766
ind,2000,66.4814376831055
ind,2001,66.4535064697266
ind,2002,67.761848449707
ind,2003,72.5916900634766
ind,2007,80.0445098876953
ind,2008,82.0774536132813
ind,2009,81.0754165649414
ind,2010,82.8852462768555
ind,2011,84.296012878418
ind,2012,86.424690246582
ind,2013,86.57861328125
irl,1971,93.4962005615234
irl,1972,93.3289108276367
irl,1973,95.0457534790039
irl,1974,95.2280731201172
irl,1975,96.6852111816406
irl,1976,97.9832763671875
irl,1977,98.7786865234375
irl,1978,98.968391418457
irl,1979,98.4998321533203
irl,1980,97.7496109008789
irl,1981,97.2401428222656
irl,1982,97.4254913330078
irl,1983,97.2867279052734
irl,1984,97.0187911987305
irl,1985,97.0392074584961
irl,1986,96.781982421875
irl,1987,97.0667724609375
irl,1988,97.1429901123047
irl,1989,97.0273132324219
irl,1990,97.2330093383789
irl,1991,97.5853424072266
irl,1992,98.5065612792969
irl,1993,102.728981018066
irl,1994,103.666557312012
irl,1995,104.304443359375
irl,1996,104.298477172852
irl,1997,105.910270690918
irl,1998,101.284851074219
irl,1999,101.524101257324
irl,2000,101.750938415527
irl,2001,101.706390380859
irl,2002,103.867736816406
irl,2003,105.718162536621
irl,2004,107.288803100586
irl,2005,107.841690063477
irl,2006,108.29434967041
irl,2007,109.906341552734
irl,2008,110.646507263184
irl,2009,112.023002624512
irl,2010,112.874450683594
irl,2011,111.253532409668
irl,2012,111.517112731934
irn,1971,50.7328491210938
irn,1972,56.0540618896484
irn,1973,58.8199996948242
irn,1974,61.5314712524414
irn,1975,67.7870330810547
irn,1976,72.0877227783203
irn,1977,75.284782409668
irn,1985,71.2264175415039
irn,1988,75.4734878540039
irn,1990,78.9501495361328
irn,1991,80.7610397338867
irn,1992,83.2994689941406
irn,1993,85.3918914794922
irn,1994,86.6051788330078
irn,1995,86.9745864868164
irn,1997,86.6587905883789
irn,1999,87.343391418457
irn,2000,87.0834197998047
irn,2001,86.5726165771484
irn,2002,85.9403991699219
irn,2003,84.8985137939453
irn,2004,84.6781387329102
irn,2005,84.1248626708984
irn,2006,86.2553176879883
irn,2007,86.851188659668
irn,2008,89.7591934204102
irn,2009,91.5423965454102
irn,2010,90.8243179321289
irn,2011,92.9863510131836
irn,2012,94.7328186035156
irn,2013,102.345176696777
irn,2014,98.9979782104492
irq,1971,48.9942398071289
irq,1972,51.390869140625
irq,1973,54.3456802368164
irq,1974,56.8584213256836
irq,1975,59.9276008605957
irq,1976,65.4828109741211
irq,1977,68.5939712524414
irq,1978,70.9848937988281
irq,1979,81.2277984619141
irq,1980,84.5325469970703
irq,1981,83.1084365844727
irq,1982,82.4075012207031
irq,1983,78.3523788452148
irq,1984,77.5470886230469
irq,1985,77.7512664794922
irq,1986,78.23095703125
irq,1987,78.3349075317383
irq,1988,77.8570175170898
irq,1989,76.7403030395508
irq,1993,66.9900512695313
irq,1996,63.2432899475098
irq,1999,68.4175796508789
irq,2000,69.099250793457
irq,2003,76.3208236694336
irq,2004,78.0946273803711
irq,2007,83.0522994995117
isl,1971,88.97119140625
isl,1972,89.9711380004883
isl,1975,89.1585311889648
isl,1976,89.8235168457031
isl,1977,90.7973098754883
isl,1978,89.7452011108398
isl,1979,90.4667205810547
isl,1980,88.7549209594727
isl,1981,91.6761779785156
isl,1982,92.5979766845703
isl,1983,93.2843170166016
isl,1984,94.6137924194336
isl,1985,95.4375381469727
isl,1986,95.4788436889648
isl,1987,96.7959671020508
isl,1988,97.4422378540039
isl,1989,98.85595703125
isl,1990,99.7423477172852
isl,1991,100.440521240234
isl,1992,100.913803100586
isl,1993,100.796783447266
isl,1994,100.025382995605
isl,1995,100.41593170166
isl,1996,100.703598022461
isl,1998,105.4033203125
isl,1999,104.554229736328
isl,2000,104.767959594727
isl,2001,104.984001159668
isl,2002,105.790283203125
isl,2003,107.052909851074
isl,2004,102.915321350098
isl,2005,103.441711425781
isl,2006,103.664962768555
isl,2007,103.538589477539
isl,2008,104.007041931152
isl,2009,103.701873779297
isl,2010,104.212226867676
isl,2011,103.757141113281
isl,2012,105.190986633301
isr,1973,89.4942779541016
isr,1974,90.0609283447266
isr,1975,90.2078018188477
isr,1976,90.4501876831055
isr,1977,90.9143600463867
isr,1978,91.52734375
isr,1979,91.5837173461914
isr,1980,92.8845825195313
isr,1981,92.7809371948242
isr,1982,93.3779296875
isr,1983,94.5773086547852
isr,1984,95.074592590332
isr,1985,95.2583770751953
isr,1986,94.2953262329102
isr,1987,93.715461730957
isr,1988,93.9369812011719
isr,1989,93.6459503173828
isr,1990,92.1212463378906
isr,1991,94.2627868652344
isr,1992,96.3708114624023
isr,1993,96.3437194824219
isr,1994,95.8217010498047
isr,1995,96.4653930664063
isr,1996,96.4937133789063
isr,1999,102.53791809082
isr,2000,104.49437713623
isr,2001,104.989707946777
isr,2002,105.945487976074
isr,2003,105.411689758301
isr,2004,104.793006896973
isr,2005,104.11604309082
isr,2006,103.696586608887
isr,2007,103.681922912598
isr,2008,102.697303771973
isr,2009,102.474739074707
isr,2010,103.212272644043
isr,2011,103.422950744629
isr,2012,103.436248779297
isr,2013,103.084518432617
isr,2014,103.073753356934
ita,1971,79.9655227661133
ita,1972,81.3003082275391
ita,1973,82.6379318237305
ita,1974,83.3999786376953
ita,1975,83.4530563354492
ita,1976,84.4977722167969
ita,1977,84.6624298095703
ita,1978,84.5718536376953
ita,1979,83.9747695922852
ita,1980,83.6104888916016
ita,1981,83.2160873413086
ita,1982,82.9205169677734
ita,1983,82.9152297973633
ita,1984,82.9918594360352
ita,1985,83.2666397094727
ita,1986,83.48681640625
ita,1987,83.8497009277344
ita,1988,84.475341796875
ita,1989,85.0893173217773
ita,1990,86.3151473999023
ita,1991,86.8735885620117
ita,1992,88.0738525390625
ita,1993,89.154411315918
ita,1994,91.3641510009766
ita,1995,92.0529327392578
ita,1996,93.0146026611328
ita,1997,93.7071762084961
ita,1998,94.2237777709961
ita,1999,96.0605010986328
ita,2000,96.2918014526367
ita,2001,97.9144134521484
ita,2002,98.863166809082
ita,2003,99.3028564453125
ita,2004,99.1432037353516
ita,2005,99.4685516357422
ita,2006,100.317176818848
ita,2007,101.079986572266
ita,2008,101.579193115234
ita,2009,101.470176696777
ita,2010,102.186363220215
ita,2011,102.285667419434
ita,2012,101.363159179688
ita,2013,102.204010009766
jam,1973,79.7170486450195
jam,1974,78.0240707397461
jam,1975,77.6813201904297
jam,1976,78.3350601196289
jam,1977,79.3335800170898
jam,1979,83.0912094116211
jam,1980,84.9767303466797
jam,1981,83.9560165405273
jam,1982,82.4695816040039
jam,1983,82.2975997924805
jam,1984,80.6185684204102
jam,1985,80.472541809082
jam,1986,79.0347900390625
jam,1987,80.6924133300781
jam,1988,82.2662887573242
jam,1989,82.9054183959961
jam,1991,85.1578063964844
jam,1993,82.1011123657227
jam,1999,91.8051986694336
jam,2000,92.1620712280273
jam,2001,91.7714080810547
jam,2002,91.9544525146484
jam,2003,91.1767730712891
jam,2004,94.4235000610352
jor,1971,78.7405471801758
jor,1972,79.5834426879883
jor,1973,83.0153732299805
jor,1974,86.9672012329102
jor,1975,90.1215133666992
jor,1976,92.8608932495117
jor,1977,94.1954803466797
jor,1978,94.6780090332031
jor,1979,95.0262222290039
jor,1980,94.7612075805664
jor,1981,93.1353988647461
jor,1982,92.9533615112305
jor,1983,91.7112197875977
jor,1984,91.7372512817383
jor,1985,92.6595001220703
jor,1986,92.9120330810547
jor,1987,91.864616394043
jor,1988,92.7055587768555
jor,1989,90.6190185546875
jor,1990,89.890739440918
jor,1991,90.4483184814453
jor,1992,92.340461730957
jor,1993,92.0935592651367
jor,1994,91.7763900756836
jor,1996,93.0371704101563
jor,1999,93.7066497802734
jor,2000,94.4402084350586
jor,2002,98.0361480712891
jor,2003,99.2795028686523
jor,2004,99.2939529418945
jor,2005,98.6591262817383
jor,2006,98.1358413696289
jor,2007,96.7372512817383
jor,2008,95.8532104492188
jor,2010,89.8373031616211
jor,2011,88.2828674316406
jor,2012,86.626106262207
jpn,1971,93.1320037841797
jpn,1972,93.7863388061523
jpn,1973,94.4749984741211
jpn,1974,94.5180206298828
jpn,1975,95.6292877197266
jpn,1976,96.6208572387695
jpn,1977,97.3472137451172
jpn,1978,97.3840866088867
jpn,1979,97.4866027832031
jpn,1980,97.6072998046875
jpn,1981,97.7528076171875
jpn,1982,97.5866775512695
jpn,1983,97.4135284423828
jpn,1984,97.213508605957
jpn,1985,97.6954803466797
jpn,1986,98.6704864501953
jpn,1987,98.658576965332
jpn,1988,98.4138488769531
jpn,1989,98.3114395141602
jpn,1990,98.3219299316406
jpn,1991,99.2088012695313
jpn,1992,99.5546035766602
jpn,1993,99.5374374389648
jpn,1994,101.557327270508
jpn,1995,101.757270812988
jpn,1996,101.836936950684
jpn,1998,101.281341552734
jpn,1999,101.239402770996
jpn,2000,101.457611083984
jpn,2001,101.695762634277
jpn,2002,101.936187744141
jpn,2003,101.652236938477
jpn,2004,101.538696289063
jpn,2005,101.436782836914
jpn,2006,101.519401550293
jpn,2007,101.183799743652
jpn,2008,101.059516906738
jpn,2009,101.435668945313
jpn,2010,101.896339416504
jpn,2011,102.187622070313
jpn,2012,102.046737670898
jpn,2013,101.753189086914
kaz,1981,98.9630889892578
kaz,1986,105.811538696289
kaz,1989,105.014961242676
kaz,1990,104.62345123291
kaz,1991,104.210548400879
kaz,1992,104.600341796875
kaz,1993,103.869583129883
kaz,1994,102.535057067871
kaz,1997,94.4426422119141
kaz,1998,92.4557037353516
kaz,1999,94.0790863037109
kaz,2000,94.5124664306641
kaz,2006,99.760871887207
kaz,2010,100.926986694336
kaz,2011,102.292259216309
kaz,2012,104.070762634277
kaz,2013,105.118309020996
kaz,2014,107.77156829834
kaz,2015,109.708892822266
ken,1970,41.0032501220703
ken,1971,42.3376197814941
ken,1972,44.9631881713867
ken,1973,46.9154090881348
ken,1974,65.7494125366211
ken,1975,67.8706665039063
ken,1976,66.7909927368164
ken,1977,66.6171188354492
ken,1978,65.1868133544922
ken,1979,76.0908126831055
ken,1980,77.7907180786133
ken,1981,75.5452117919922
ken,1982,76.3205413818359
ken,1983,76.3906326293945
ken,1984,74.4721908569336
ken,1985,75.1813735961914
ken,1986,74.5693283081055
ken,1987,75.0909805297852
ken,1988,73.6551513671875
ken,1999,66.0959014892578
ken,2000,68.6324234008789
ken,2001,69.8054275512695
ken,2002,67.1938171386719
ken,2003,76.2288436889648
ken,2004,78.3873825073242
ken,2005,79.1421737670898
ken,2006,79.4135208129883
ken,2007,84.6913528442383
ken,2008,87.9204788208008
ken,2009,89.1476135253906
ken,2012,94.3264465332031
kgz,1981,111.789543151855
kgz,1986,113.242813110352
kgz,1989,105.935150146484
kgz,1990,104.73282623291
kgz,1991,103.42749786377
kgz,1992,102.541198730469
kgz,1993,100.194290161133
kgz,1994,96.9554290771484
kgz,1995,95.2059097290039
kgz,1996,86.6128005981445
kgz,1999,88.534538269043
kgz,2000,88.8189926147461
kgz,2001,89.2771377563477
kgz,2002,88.5586318969727
kgz,2003,91.9076385498047
kgz,2004,91.2527084350586
kgz,2005,90.2516403198242
kgz,2006,90.4095916748047
kgz,2007,89.5903167724609
kgz,2008,88.74755859375
kgz,2009,87.9403533935547
kgz,2010,87.9355697631836
kgz,2011,90.9374313354492
kgz,2013,93.1586074829102
kgz,2014,96.867919921875
khm,1971,18.7914791107178
khm,1972,25.5488395690918
khm,1991,70.4189224243164
khm,1998,60.6160888671875
khm,1999,60.7902603149414
khm,2000,62.6292114257813
khm,2001,67.1829376220703
khm,2002,76.3456573486328
khm,2003,80.1032028198242
khm,2004,82.3404083251953
khm,2006,83.5589599609375
khm,2007,83.786262512207
khm,2008,82.5356903076172
kir,1971,65.7603912353516
kir,1972,79.9613265991211
kir,1973,66.2186508178711
kir,1975,83.122428894043
kir,1977,77.970947265625
kir,1978,79.1326599121094
kir,1979,80.3222579956055
kir,1980,83.0991897583008
kir,1981,81.6617736816406
kir,1982,84.0564193725586
kir,1983,82.2316513061523
kir,1984,79.8493804931641
kir,1985,80.5190811157227
kir,1986,80.0583724975586
kir,1987,79.9949188232422
kir,1988,81.2556610107422
kir,1989,85.3180084228516
kir,1990,86.0223388671875
kir,1991,87.777458190918
kir,1992,88.6291885375977
kir,1994,87.9709930419922
kir,1995,86.9206390380859
kir,1996,87.9505310058594
kir,1998,87.7223663330078
kir,1999,85.2157287597656
kir,2000,87.9687271118164
kir,2001,98.717903137207
kir,2002,97.0322570800781
kir,2003,102.663902282715
kir,2004,100.811920166016
kir,2005,101.126266479492
kir,2006,98.8713607788086
kir,2007,97.6324234008789
kir,2008,99.4436721801758
kna,1984,90.4751205444336
kna,1985,89.3277130126953
kna,1986,91.2732772827148
kna,1987,93.6956024169922
kna,1988,95.4208908081055
kna,1989,95.830940246582
kna,1992,97.4775772094727
kna,1993,96.5569534301758
kna,2000,105.744010925293
kna,2001,99.7831802368164
kna,2002,96.5467376708984
kna,2003,95.1513519287109
kna,2004,93.6772232055664
kna,2005,94.0837631225586
kna,2007,97.6977920532227
kna,2008,98.7822570800781
kna,2009,95.9637985229492
kna,2010,95.0769500732422
kna,2011,91.9570999145508
kna,2012,84.1316299438477
kna,2013,91.5674285888672
kna,2014,86.9905090332031
kor,1971,74.7444534301758
kor,1972,76.5024108886719
kor,1973,77.4338912963867
kor,1974,78.3661270141602
kor,1975,79.4676513671875
kor,1976,81.7966384887695
kor,1977,83.260627746582
kor,1978,85.2359008789063
kor,1979,88.1101226806641
kor,1980,91.2560272216797
kor,1981,93.9943389892578
kor,1982,94.0713882446289
kor,1983,94.5560073852539
kor,1984,95.8419036865234
kor,1985,95.998779296875
kor,1986,96.3620910644531
kor,1987,97.7063980102539
kor,1988,97.0935821533203
kor,1989,97.9998474121094
kor,1990,98.9745712280273
kor,1991,99.0214920043945
kor,1992,99.0
kor,1993,99.832893371582
kor,1994,101.745277404785
kor,1995,102.599746704102
kor,1996,103.493499755859
kor,1997,103.472503662109
kor,1998,101.407669067383
kor,1999,100.963363647461
kor,2000,99.8183670043945
kor,2001,98.2420120239258
kor,2002,97.6857833862305
kor,2003,98.5735626220703
kor,2004,99.6898193359375
kor,2005,101.745018005371
kor,2006,102.405990600586
kor,2007,102.303176879883
kor,2008,101.119468688965
kor,2009,99.64697265625
kor,2010,98.5288925170898
kor,2011,98.5124588012695
kor,2012,98.2444076538086
kor,2013,98.2878799438477
kwt,1971,74.0637435913086
kwt,1972,72.5694808959961
kwt,1973,71.6313629150391
kwt,1974,70.9565277099609
kwt,1975,71.9640731811523
kwt,1976,74.477653503418
kwt,1977,83.0614929199219
kwt,1978,86.1473388671875
kwt,1979,86.6797180175781
kwt,1980,87.9269638061523
kwt,1981,88.7213516235352
kwt,1982,89.8162231445313
kwt,1983,91.4317092895508
kwt,1984,93.2432632446289
kwt,1985,94.5388107299805
kwt,1986,94.5086975097656
kwt,1987,90.3334732055664
kwt,1988,87.56591796875
kwt,1989,84.9126510620117
kwt,1990,83.7339172363281
kwt,1992,54.2504196166992
kwt,1993,63.9182586669922
kwt,1994,76.1203918457031
kwt,1995,88.4989624023438
kwt,1996,101.705619812012
kwt,1997,102.940971374512
kwt,1998,102.410667419434
kwt,1999,101.522033691406
kwt,2000,100.895156860352
kwt,2001,101.152076721191
kwt,2003,105.120010375977
kwt,2004,106.462562561035
kwt,2005,109.658073425293
kwt,2006,104.194473266602
kwt,2007,102.42896270752
kwt,2008,98.1386337280273
kwt,2009,96.9376525878906
kwt,2010,97.4518508911133
kwt,2011,98.988037109375
kwt,2012,98.2185668945313
kwt,2013,97.5854797363281
kwt,2014,97.6763534545898
lac,1970,64.9372787475586
lac,1971,66.3575134277344
lac,1972,67.9238204956055
lac,1973,69.5221328735352
lac,1974,72.3923187255859
lac,1975,73.1613082885742
lac,1976,74.4189529418945
lac,1977,76.8588790893555
lac,1978,78.3510665893555
lac,1979,92.3908233642578
lac,1980,93.0722885131836
lac,1981,93.3869476318359
lac,1982,94.1942672729492
lac,1983,93.8117599487305
lac,1984,94.9317169189453
lac,1985,82.7803268432617
lac,1986,98.9086608886719
lac,1987,94.0348510742188
lac,1988,94.6391220092773
lac,1989,93.6711807250977
lac,1990,94.8387222290039
lac,1991,93.4623794555664
lac,1992,94.2208023071289
lac,1993,94.6608581542969
lac,1994,95.3527069091797
lac,1995,99.4058303833008
lac,1996,100.265403747559
lac,1997,98.2101821899414
lac,1998,101.64688873291
lac,1999,101.942108154297
lac,2000,101.338180541992
lac,2001,101.897872924805
lac,2002,102.411827087402
lac,2003,100.44580078125
lac,2004,100.393341064453
lac,2005,100.33992767334
lac,2006,99.9191970825195
lac,2007,99.6438903808594
lac,2008,100.426338195801
lac,2009,100.806053161621
lac,2010,100.483123779297
lac,2011,101.11946105957
lac,2012,100.912017822266
lac,2013,100.83080291748
lac,2014,100.871429443359
lao,1971,31.0655097961426
lao,1972,33.1849594116211
lao,1973,33.4782295227051
lao,1977,55.2807083129883
lao,1978,57.020679473877
lao,1979,60.3667411804199
lao,1980,60.7486381530762
lao,1981,61.7563705444336
lao,1984,59.1593704223633
lao,1985,59.0255393981934
lao,1986,60.4224395751953
lao,1988,62.6220817565918
lao,1990,60.2016906738281
lao,1992,57.6996383666992
lao,1993,61.7345390319824
lao,1994,64.5244216918945
lao,1995,65.4703903198242
lao,1996,67.4208831787109
lao,1997,68.7943801879883
lao,1998,70.6539916992188
lao,1999,70.862678527832
lao,2000,70.6100311279297
lao,2001,70.0647430419922
lao,2002,71.8476867675781
lao,2003,73.8494873046875
lao,2004,74.975700378418
lao,2005,75.5188598632813
lao,2006,75.2984008789063
lao,2007,75.7175903320313
lao,2008,76.8877029418945
lao,2009,78.3660202026367
lao,2010,80.0416412353516
lao,2011,75.8985214233398
lao,2012,77.1630477905273
lao,2013,79.2706527709961
lao,2014,81.8407135009766
lbn,1971,84.3697280883789
lbn,1978,83.1588668823242
lbn,1980,86.4358520507813
lbn,1981,91.2323913574219
lbn,1982,91.5844268798828
lbn,1985,80.9570465087891
lbn,1992,87.1763534545898
lbn,1994,89.3796997070313
lbn,1995,92.2763977050781
lbn,1996,94.2795486450195
lbn,1997,97.7842636108398
lbn,1998,105.887420654297
lbn,1999,108.579566955566
lbn,2000,108.679740905762
lbn,2001,108.566108703613
lbn,2002,104.737098693848
lbn,2003,100.111686706543
lbn,2004,96.0056762695313
lbn,2005,91.8139572143555
lbn,2006,88.6580200195313
lbn,2007,88.7087020874023
lbn,2008,88.7008209228516
lbn,2009,89.8854675292969
lbn,2010,88.9634017944336
lbn,2011,88.8227462768555
lbn,2012,83.9247589111328
lbn,2013,81.5030212402344
lbr,1970,24.2774105072021
lbr,1971,25.2691497802734
lbr,1972,26.6798496246338
lbr,1975,29.8538093566895
lbr,1976,27.5710201263428
lbr,1978,34.9480018615723
lbr,1979,35.8582611083984
lbr,1980,37.2248992919922
lbr,1999,65.5508804321289
lbr,2000,76.549560546875
lbr,2011,76.9714431762695
lbr,2014,69.5677185058594
lby,1971,67.4509124755859
lby,1972,74.68359375
lby,1973,80.7158126831055
lby,1974,84.8521194458008
lby,1975,87.7303466796875
lby,1976,91.8166122436523
lby,1977,92.7141494750977
lby,1978,91.0097732543945
lby,1979,95.9329528808594
lby,1980,95.3940582275391
lby,1981,93.5901718139648
lby,1983,94.4833221435547
lby,1986,92.5017013549805
lby,2002,108.526397705078
lby,2003,107.116500854492
lby,2005,101.134429931641
lby,2006,107.760757446289
lca,1972,76.4170303344727
lca,1973,80.8028717041016
lca,1974,84.2951736450195
lca,1975,86.5326766967773
lca,1976,87.7469177246094
lca,1977,89.0528411865234
lca,1978,88.4553375244141
lca,1980,86.7937774658203
lca,1981,82.3310623168945
lca,1982,88.1884613037109
lca,1983,90.4990310668945
lca,1984,91.4375305175781
lca,1985,95.8854598999023
lca,1986,96.1445236206055
lca,1987,97.8061065673828
lca,1990,104.432319641113
lca,1991,105.81201171875
lca,1992,108.043998718262
lca,1993,110.279678344727
lca,1997,107.784072875977
lca,1999,90.9108581542969
lca,2000,91.4130630493164
lca,2001,92.0717926025391
lca,2002,91.013786315918
lca,2003,91.2203979492188
lca,2004,89.9397125244141
lca,2005,92.1121063232422
lca,2006,96.406982421875
lca,2007,94.9139633178711
lcn,1970,66.3479614257813
lcn,1971,67.8316268920898
lcn,1972,69.3742065429688
lcn,1973,70.9131698608398
lcn,1974,73.5791473388672
lcn,1975,74.178337097168
lcn,1976,75.274772644043
lcn,1977,77.5817184448242
lcn,1978,79.0012817382813
lcn,1979,92.3339385986328
lcn,1980,92.9381332397461
lcn,1981,93.2577590942383
lcn,1982,93.8458709716797
lcn,1983,93.6482315063477
lcn,1984,94.7216491699219
lcn,1985,83.1947784423828
lcn,1986,98.6038665771484
lcn,1987,93.9723510742188
lcn,1988,94.5753402709961
lcn,1989,93.6425323486328
lcn,1990,94.7419891357422
lcn,1991,93.6566772460938
lcn,1992,94.3406982421875
lcn,1993,94.5220718383789
lcn,1994,95.1909332275391
lcn,1995,99.0906677246094
lcn,1996,99.9333190917969
lcn,1997,98.0296478271484
lcn,1998,101.35816192627
lcn,1999,101.69522857666
lcn,2000,101.18383026123
lcn,2001,101.736228942871
lcn,2002,102.257553100586
lcn,2003,100.405578613281
lcn,2004,100.428100585938
lcn,2005,100.382652282715
lcn,2006,99.9869003295898
lcn,2007,99.6960906982422
lcn,2008,100.425537109375
lcn,2009,100.734573364258
lcn,2010,100.382446289063
lcn,2011,100.941757202148
lcn,2012,100.717727661133
lcn,2013,100.745300292969
lcn,2014,100.78874206543
ldc,1970,33.1646118164063
ldc,1971,32.9461097717285
ldc,1972,34.5411796569824
ldc,1973,36.2404289245605
ldc,1974,36.6208000183105
ldc,1975,38.0560913085938
ldc,1976,39.380989074707
ldc,1977,40.405460357666
ldc,1978,41.32373046875
ldc,1979,42.4562492370605
ldc,1980,43.8170013427734
ldc,1981,44.2934684753418
ldc,1982,44.8341598510742
ldc,1983,45.421070098877
ldc,1984,45.2106704711914
ldc,1985,44.1740417480469
ldc,1986,44.0884895324707
ldc,1987,43.7036399841309
ldc,1988,44.9408988952637
ldc,1989,44.665168762207
ldc,1990,43.8650093078613
ldc,1991,45.2419700622559
ldc,1992,45.596549987793
ldc,1993,46.1812705993652
ldc,1994,47.1269493103027
ldc,1995,48.6631202697754
ldc,1996,49.2819786071777
ldc,1997,51.0296897888184
ldc,1998,52.0763511657715
ldc,1999,52.3856887817383
ldc,2000,53.9700088500977
ldc,2001,55.6688613891602
ldc,2002,58.767650604248
ldc,2003,60.805118560791
ldc,2004,62.3282089233398
ldc,2005,63.8413009643555
ldc,2006,65.756591796875
ldc,2007,67.3967437744141
ldc,2008,69.3478469848633
ldc,2009,70.5106887817383
ldc,2010,71.455078125
ldc,2011,72.7342529296875
ldc,2012,73.5894317626953
ldc,2013,74.2109069824219
ldc,2014,74.6155395507813
lic,1970,30.9094295501709
lic,1971,31.1865901947021
lic,1972,31.5031604766846
lic,1973,32.256721496582
lic,1974,33.0291290283203
lic,1975,34.4974403381348
lic,1976,36.3178901672363
lic,1977,38.4913101196289
lic,1978,40.2038688659668
lic,1979,41.794059753418
lic,1980,43.9815711975098
lic,1981,45.8154487609863
lic,1982,45.9659881591797
lic,1983,46.3985595703125
lic,1984,46.269588470459
lic,1985,45.3586883544922
lic,1986,45.0308113098145
lic,1987,43.9877395629883
lic,1988,44.0322303771973
lic,1989,43.3921089172363
lic,1990,42.2931098937988
lic,1991,43.3441200256348
lic,1992,42.5343399047852
lic,1993,42.7382011413574
lic,1994,43.5353012084961
lic,1995,45.4878616333008
lic,1996,45.9427604675293
lic,1997,48.1490898132324
lic,1998,49.3052787780762
lic,1999,49.1709785461426
lic,2000,50.7998390197754
lic,2001,52.8827209472656
lic,2002,56.699089050293
lic,2003,59.1061096191406
lic,2004,61.2648086547852
lic,2005,63.3711891174316
lic,2006,65.8537063598633
lic,2007,67.8270111083984
lic,2008,70.7625198364258
lic,2009,71.6544494628906
lic,2010,72.4050674438477
lic,2011,72.9988098144531
lic,2012,73.7222900390625
lic,2013,73.8824768066406
lic,2014,74.5085830688477
lie,2003,109.350646972656
lie,2004,110.097396850586
lie,2006,107.217506408691
lie,2007,106.660102844238
lie,2008,106.736877441406
lie,2009,105.690238952637
lie,2010,107.52970123291
lie,2011,108.897087097168
lie,2012,107.813781738281
lie,2014,110.519752502441
lka,1970,70.6001510620117
lka,1971,72.436393737793
lka,1972,70.1142425537109
lka,1973,68.9152908325195
lka,1974,65.9010009765625
lka,1976,62.6915016174316
lka,1980,74.9577789306641
lka,1981,76.3780822753906
lka,1982,76.6216430664063
lka,1983,77.4510269165039
lka,1984,78.6999969482422
lka,1985,80.1677474975586
lka,1986,82.25927734375
lka,1987,83.8053207397461
lka,1988,85.3703536987305
lka,1989,86.6060028076172
lka,1990,87.0960388183594
lka,1991,86.9695434570313
lka,1992,87.2459716796875
lka,1993,87.720100402832
lka,1994,88.5682830810547
lka,1995,89.3112487792969
lka,2010,98.0382308959961
lka,2011,99.3691482543945
lka,2012,99.8278579711914
lka,2013,100.095932006836
lmc,1970,50.9676895141602
lmc,1971,50.9692001342773
lmc,1972,51.7804298400879
lmc,1973,52.9916191101074
lmc,1974,53.0666198730469
lmc,1975,53.7291603088379
lmc,1976,53.9423408508301
lmc,1977,55.2134895324707
lmc,1978,55.4018898010254
lmc,1979,56.4335289001465
lmc,1980,57.7214698791504
lmc,1981,58.9434394836426
lmc,1982,60.4796485900879
lmc,1983,62.1042709350586
lmc,1984,63.0410003662109
lmc,1985,63.3407402038574
lmc,1986,63.8229713439941
lmc,1987,63.6478118896484
lmc,1988,64.1735763549805
lmc,1989,64.6262130737305
lmc,1990,64.8531723022461
lmc,1991,65.5721664428711
lmc,1992,66.2875900268555
lmc,1993,67.4052124023438
lmc,1994,68.0996322631836
lmc,1995,67.8750915527344
lmc,1996,67.7772674560547
lmc,1997,68.3515014648438
lmc,1998,68.0621719360352
lmc,1999,68.1249008178711
lmc,2000,69.2699584960938
lmc,2001,69.5635986328125
lmc,2002,70.5921096801758
lmc,2003,73.294807434082
lmc,2004,74.5945663452148
lmc,2005,75.734489440918
lmc,2006,76.5156021118164
lmc,2007,78.0525894165039
lmc,2008,78.7873382568359
lmc,2009,79.131950378418
lmc,2010,80.6650695800781
lmc,2011,81.8378524780273
lmc,2012,83.3458786010742
lmc,2013,83.3959197998047
lmc,2014,83.6110534667969
lmy,1970,59.3707084655762
lmy,1971,60.6363792419434
lmy,1972,62.436279296875
lmy,1973,65.0231399536133
lmy,1974,65.814567565918
lmy,1975,66.9298934936523
lmy,1976,68.1920776367188
lmy,1977,68.4268798828125
lmy,1978,67.2204666137695
lmy,1979,68.2662887573242
lmy,1980,68.0272521972656
lmy,1981,67.8997497558594
lmy,1982,67.4356994628906
lmy,1983,67.3756332397461
lmy,1984,67.6333084106445
lmy,1985,66.9540786743164
lmy,1986,69.3198776245117
lmy,1987,69.2545623779297
lmy,1988,69.8522415161133
lmy,1989,70.1005477905273
lmy,1990,70.3010177612305
lmy,1991,70.8304672241211
lmy,1992,71.4757614135742
lmy,1993,72.2896423339844
lmy,1994,72.8218994140625
lmy,1995,73.6168899536133
lmy,1996,73.9105911254883
lmy,1997,74.2574996948242
lmy,1998,74.6686782836914
lmy,1999,74.6500473022461
lmy,2000,75.1219711303711
lmy,2001,75.2918090820313
lmy,2002,76.2190933227539
lmy,2003,77.7892074584961
lmy,2004,78.504638671875
lmy,2005,78.7192611694336
lmy,2006,79.7990188598633
lmy,2007,81.586311340332
lmy,2008,83.0702667236328
lmy,2009,83.7930068969727
lmy,2010,84.9551162719727
lmy,2011,86.0304336547852
lmy,2012,87.0645370483398
lmy,2013,87.5481872558594
lmy,2014,87.2101669311523
lso,1970,56.5693092346191
lso,1971,55.928409576416
lso,1972,56.5576286315918
lso,1973,59.6369895935059
lso,1975,67.2248077392578
lso,1976,66.0728912353516
lso,1977,65.7914962768555
lso,1978,64.833381652832
lso,1979,65.8780822753906
lso,1980,66.9560089111328
lso,1981,69.3629684448242
lso,1982,72.2313232421875
lso,1983,73.6906127929688
lso,1984,73.8264999389648
lso,1985,75.8833465576172
lso,1986,76.0427093505859
lso,1987,78.12841796875
lso,1988,79.9980010986328
lso,1989,79.3394470214844
lso,1990,78.4255676269531
lso,1991,78.8846893310547
lso,1992,78.5975112915039
lso,1993,76.4586868286133
lso,1994,78.9616088867188
lso,1995,80.9853897094727
lso,1996,79.4935531616211
lso,1997,78.3015899658203
lso,1998,77.6745300292969
lso,1999,76.4495162963867
lso,2000,83.8863983154297
lso,2001,84.9586029052734
lso,2002,85.4988403320313
lso,2003,87.0456085205078
lso,2004,86.8589019775391
lso,2005,86.2442779541016
lso,2006,86.3898162841797
lso,2007,83.1335296630859
lso,2008,83.2749633789063
lso,2009,83.7699279785156
lso,2010,85.5490570068359
lso,2011,86.2122116088867
lso,2012,86.5432434082031
lso,2013,84.6809005737305
lso,2014,83.8506698608398
ltu,1986,98.2542419433594
ltu,1989,95.1118469238281
ltu,1990,93.1724700927734
ltu,1991,91.8874435424805
ltu,1992,89.643310546875
ltu,1993,87.7378311157227
ltu,1994,87.3326263427734
ltu,1995,89.2457122802734
ltu,1996,91.949089050293
ltu,1997,94.1775436401367
ltu,1998,95.3478164672852
ltu,1999,98.0205383300781
ltu,2000,100.936737060547
ltu,2001,103.27409362793
ltu,2002,104.659286499023
ltu,2003,105.307090759277
ltu,2004,102.40608215332
ltu,2005,101.393127441406
ltu,2006,100.583488464355
ltu,2007,100.677421569824
ltu,2008,100.505661010742
ltu,2009,100.46019744873
ltu,2010,100.730102539063
ltu,2011,100.47135925293
ltu,2012,100.952407836914
ltu,2013,104.174987792969
ltu,2014,105.561462402344
lux,1971,77.386833190918
lux,1972,76.7042083740234
lux,1973,75.5024108886719
lux,1974,76.4658584594727
lux,1975,75.1621475219727
lux,1976,75.7236862182617
lux,1977,75.9562377929688
lux,1978,76.4932098388672
lux,1979,75.9915924072266
lux,1980,74.4359436035156
lux,1981,79.1131591796875
lux,1982,80.1514434814453
lux,1983,80.49072265625
lux,1984,80.7239227294922
lux,1986,81.8629989624023
lux,1987,81.6621932983398
lux,1988,81.0312805175781
lux,1994,88.0653762817383
lux,1995,88.9175796508789
lux,1996,91.6494064331055
lux,1997,92.5142211914063
lux,1998,92.6268768310547
lux,1999,98.5541381835938
lux,2000,98.5634307861328
lux,2001,98.6501770019531
lux,2002,98.2376098632813
lux,2003,97.7077407836914
lux,2004,97.7252426147461
lux,2005,97.9745712280273
lux,2006,98.5470962524414
lux,2007,98.9843902587891
lux,2008,98.9638900756836
lux,2010,99.623161315918
lux,2011,98.9695434570313
lux,2012,98.7867813110352
lux,2013,99.790641784668
lva,1981,101.21028137207
lva,1982,101.578437805176
lva,1983,101.736526489258
lva,1984,101.945068359375
lva,1985,102.483543395996
lva,1986,102.359428405762
lva,1987,107.143081665039
lva,1988,105.700088500977
lva,1989,104.236763000488
lva,1990,94.9548492431641
lva,1991,94.3269195556641
lva,1992,93.1102981567383
lva,1993,89.7218933105469
lva,1994,88.3464508056641
lva,1995,87.9337692260742
lva,1996,88.4286117553711
lva,1997,89.2783889770508
lva,1998,90.9849090576172
lva,1999,91.6943588256836
lva,2000,93.8690719604492
lva,2001,95.4911117553711
lva,2002,96.8279037475586
lva,2003,97.5990600585938
lva,2004,99.3121719360352
lva,2005,101.380889892578
lva,2006,101.881881713867
lva,2007,102.511299133301
lva,2008,103.78231048584
lva,2009,100.416313171387
lva,2010,101.476676940918
lva,2011,101.571189880371
lva,2012,101.375869750977
lva,2013,106.672073364258
lva,2014,107.585548400879
mac,1971,39.4777412414551
mac,1972,38.3325691223145
mac,1973,40.046558380127
mac,1974,39.1504516601563
mac,1975,39.6068382263184
mac,1976,47.2581901550293
mac,1977,61.2525291442871
mac,1978,60.0824394226074
mac,1979,70.058837890625
mac,1990,85.1499786376953
mac,1992,89.6913986206055
mac,1993,92.0090408325195
mar,1971,29.0024700164795
mar,1972,29.4558906555176
mar,1973,29.8204402923584
mar,1974,30.5993995666504
mar,1975,31.8717002868652
mar,1976,34.8160705566406
mar,1977,36.9484214782715
mar,1978,39.4015007019043
mar,1979,42.0679206848145
mar,1980,44.4891014099121
mar,1981,46.9110908508301
mar,1982,50.0856781005859
mar,1983,52.9063415527344
mar,1984,53.9867782592773
mar,1985,51.5949287414551
mar,1986,52.6533508300781
mar,1987,52.5843315124512
mar,1988,52.3254203796387
mar,1989,50.5290412902832
mar,1990,50.7480201721191
mar,1991,50.6577987670898
mar,1992,51.5945510864258
mar,1993,53.2484512329102
mar,1994,55.2221717834473
mar,1995,56.7384796142578
mar,1996,57.8429412841797
mar,1997,58.6749305725098
mar,1998,59.0330696105957
mar,1999,61.7752418518066
mar,2000,65.1803207397461
mar,2001,68.3006820678711
mar,2002,72.109748840332
mar,2003,74.5107727050781
mar,2004,76.2592315673828
mar,2005,77.1549835205078
mar,2006,78.2474365234375
mar,2007,80.5151290893555
mar,2008,81.5614395141602
mar,2009,83.3486022949219
mar,2010,86.4570236206055
mar,2011,89.4086303710938
mar,2012,91.9545593261719
mda,1990,92.4612731933594
mda,1991,91.4681091308594
mda,1992,89.5877838134766
mda,1993,87.6743774414063
mda,1994,86.6801681518555
mda,1995,86.9628295898438
mda,1996,85.7107620239258
mda,1997,85.4564895629883
mda,1999,88.6965179443359
mda,2000,88.1012878417969
mda,2001,87.1640701293945
mda,2002,88.4582290649414
mda,2003,89.4955062866211
mda,2004,90.7474899291992
mda,2005,90.9695205688477
mda,2006,91.4693069458008
mda,2007,90.2575988769531
mda,2008,89.9201278686523
mda,2009,90.0675811767578
mda,2010,89.6575775146484
mda,2011,89.5405120849609
mda,2012,89.9954605102539
mda,2013,90.1484603881836
mda,2014,89.3065032958984
mdg,1971,49.851318359375
mdg,1972,51.4819602966309
mdg,1974,50.239688873291
mdg,1979,64.796257019043
mdg,1980,70.4482803344727
mdg,1984,73.6099624633789
mdg,1988,55.4731597900391
mdg,1989,55.049259185791
mdg,1990,53.5136413574219
mdg,2005,76.1781387329102
mdg,2006,77.3612670898438
mdg,2007,79.1213607788086
mdg,2008,81.6829833984375
mdg,2009,85.5623092651367
mdg,2011,85.5251922607422
mdg,2012,86.3312683105469
mdg,2014,86.8524475097656
mdv,1980,64.0955963134766
mdv,1982,68.7703170776367
mdv,1994,87.1247482299805
mdv,1995,86.3530578613281
mdv,1996,87.116096496582
mdv,1997,89.8016967773438
mdv,1998,91.1214981079102
mdv,1999,93.1233215332031
mdv,2000,97.0349578857422
mdv,2001,99.2447280883789
mdv,2002,97.7353363037109
mdv,2003,100.135231018066
mdv,2004,99.033073425293
mea,1970,50.4950714111328
mea,1971,50.4040985107422
mea,1972,52.5952796936035
mea,1973,54.1321983337402
mea,1974,55.2015609741211
mea,1975,57.6592216491699
mea,1976,60.0118408203125
mea,1977,61.9242782592773
mea,1978,63.0395393371582
mea,1979,63.1837005615234
mea,1980,65.0653381347656
mea,1981,65.1567306518555
mea,1982,66.8331298828125
mea,1983,67.9129409790039
mea,1984,69.1185607910156
mea,1985,69.772102355957
mea,1986,71.2882232666016
mea,1987,72.5426483154297
mea,1988,73.3029937744141
mea,1989,73.9524307250977
mea,1990,75.5270462036133
mea,1991,76.3076400756836
mea,1992,75.0599822998047
mea,1993,75.8931427001953
mea,1994,77.9815902709961
mea,1995,77.313720703125
mea,1996,78.1784362792969
mea,1997,78.7849197387695
mea,1998,79.7797088623047
mea,1999,80.840461730957
mea,2000,81.6869583129883
mea,2001,82.6554412841797
mea,2002,83.6110610961914
mea,2003,84.3674926757813
mea,2004,85.3076782226563
mea,2005,85.7415771484375
mea,2006,86.5257873535156
mea,2007,86.3849563598633
mea,2008,87.3787612915039
mea,2009,88.5750427246094
mea,2010,89.5851516723633
mea,2011,91.5349731445313
mea,2012,92.9877090454102
mea,2013,92.6508483886719
mea,2014,92.4848327636719
mex,1971,65.3819885253906
mex,1972,67.3409271240234
mex,1973,69.7836227416992
mex,1974,72.5493392944336
mex,1975,73.2124481201172
mex,1976,75.515739440918
mex,1977,78.6974182128906
mex,1978,79.4770889282227
mex,1979,83.3944702148438
mex,1980,84.9337615966797
mex,1981,86.5700531005859
mex,1982,87.7551879882813
mex,1983,88.0690002441406
mex,1984,88.2276000976563
mex,1985,86.7322616577148
mex,1986,86.1487884521484
mex,1987,85.2378692626953
mex,1988,83.9584808349609
mex,1989,83.1830596923828
mex,1990,81.9227905273438
mex,1991,81.0916900634766
mex,1992,81.2016220092773
mex,1993,81.6469802856445
mex,1994,82.4204330444336
mex,1995,83.6551895141602
mex,1996,84.7216567993164
mex,1997,85.5688018798828
mex,1998,86.854621887207
mex,1999,87.6322402954102
mex,2000,88.6792221069336
mex,2001,89.1808166503906
mex,2002,90.2300720214844
mex,2003,91.7026824951172
mex,2004,91.7715225219727
mex,2005,91.5291595458984
mex,2006,91.6620483398438
mex,2007,92.0080413818359
mex,2008,92.7821273803711
mex,2009,92.9343414306641
mex,2010,93.4286270141602
mex,2011,93.8454132080078
mex,2012,94.8805389404297
mex,2013,95.6502685546875
mex,2014,96.9240493774414
mhl,1999,78.9940338134766
mhl,2002,94.6030578613281
mhl,2003,88.9886322021484
mhl,2004,98.1205596923828
mhl,2005,95.8534317016602
mhl,2006,100.768379211426
mhl,2007,103.829399108887
mhl,2008,106.424301147461
mhl,2009,105.775047302246
mic,1970,61.798770904541
mic,1971,63.1578598022461
mic,1972,65.0949401855469
mic,1973,67.8446884155273
mic,1974,68.6408462524414
mic,1975,69.7218170166016
mic,1976,70.9314193725586
mic,1977,70.9268569946289
mic,1978,69.4297866821289
mic,1979,70.4380035400391
mic,1980,70.0081405639648
mic,1981,69.7383728027344
mic,1982,69.2238464355469
mic,1983,69.1387710571289
mic,1984,69.4639282226563
mic,1985,68.8317565917969
mic,1986,71.46923828125
mic,1987,71.5425567626953
mic,1988,72.2395935058594
mic,1989,72.6254806518555
mic,1990,73.0072402954102
mic,1991,73.5402374267578
mic,1992,74.3848571777344
mic,1993,75.3151931762695
mic,1994,75.873893737793
mic,1995,76.5872497558594
mic,1996,76.8976364135742
mic,1997,77.0715789794922
mic,1998,77.4669189453125
mic,1999,77.5098419189453
mic,2000,77.8969573974609
mic,2001,77.9064636230469
mic,2002,78.5464706420898
mic,2003,80.0769577026367
mic,2004,80.6434631347656
mic,2005,80.6838836669922
mic,2006,81.648811340332
mic,2007,83.481330871582
mic,2008,84.8321685791016
mic,2009,85.5942916870117
mic,2010,86.8812713623047
mic,2011,88.1014785766602
mic,2012,89.2481231689453
mic,2013,89.8459167480469
mic,2014,89.4028167724609
mkd,1993,82.2261276245117
mkd,1994,82.8171081542969
mkd,1995,84.2397079467773
mkd,1996,85.8808364868164
mkd,1997,86.6836929321289
mkd,1998,87.557991027832
mkd,1999,88.110710144043
mkd,2000,88.4699020385742
mkd,2001,88.2916107177734
mkd,2002,87.7292633056641
mkd,2003,87.7778015136719
mkd,2004,87.6359329223633
mkd,2005,87.8637619018555
mkd,2007,86.6943130493164
mkd,2008,84.5687637329102
mkd,2009,83.888298034668
mkd,2010,84.245361328125
mkd,2012,83.3573379516602
mli,1971,14.4942197799683
mli,1972,15.2045497894287
mli,1973,15.6419401168823
mli,1974,16.2626991271973
mli,1975,16.5267906188965
mli,1976,17.26003074646
mli,1977,18.0513496398926
mli,1978,18.9458808898926
mli,1979,19.5528793334961
mli,1980,19.3756408691406
mli,1981,17.7970790863037
mli,1982,17.974250793457
mli,1983,17.4582195281982
mli,1984,16.9370899200439
mli,1985,16.2794990539551
mli,1987,15.5783596038818
mli,1988,15.6843595504761
mli,1989,17.9898300170898
mli,1990,18.0304508209229
mli,1991,18.5125198364258
mli,1992,19.9608402252197
mli,1993,21.9332695007324
mli,1994,24.2043209075928
mli,1995,26.1206207275391
mli,1996,28.2521190643311
mli,1997,31.3582096099854
mli,1998,33.9577217102051
mli,1999,37.0556602478027
mli,2000,39.0884819030762
mli,2003,46.6451988220215
mli,2004,49.2057304382324
mli,2005,51.782470703125
mli,2006,54.138240814209
mli,2007,56.725269317627
mli,2008,59.4135208129883
mli,2009,61.6184387207031
mli,2010,63.2967910766602
mli,2011,64.708740234375
mli,2013,60.7906684875488
mli,2014,62.4172515869141
mlt,1971,74.2150268554688
mlt,1972,77.5426177978516
mlt,1973,76.6525192260742
mlt,1974,77.081413269043
mlt,1975,81.4281234741211
mlt,1976,84.7154693603516
mlt,1977,86.8345184326172
mlt,1978,88.5084609985352
mlt,1979,89.4163589477539
mlt,1980,91.6590423583984
mlt,1981,90.2386779785156
mlt,1982,92.6942901611328
mlt,1983,93.2181167602539
mlt,1984,94.2710494995117
mlt,1985,94.7655181884766
mlt,1986,93.8199768066406
mlt,1987,91.9247207641602
mlt,1988,92.0302429199219
mlt,1989,93.263298034668
mlt,1990,95.3088226318359
mlt,1991,95.5685806274414
mlt,1992,95.7832107543945
mlt,1993,95.2708969116211
mlt,1994,94.8092880249023
mlt,1995,94.5591430664063
mlt,1996,94.0683135986328
mlt,1997,94.9931564331055
mlt,1998,95.5924835205078
mlt,1999,95.3329925537109
mlt,2000,95.8033676147461
mlt,2001,95.2972183227539
mlt,2002,95.2942276000977
mlt,2003,95.9503784179688
mlt,2004,102.366310119629
mlt,2005,99.8667984008789
mlt,2006,97.8198318481445
mlt,2007,97.9350662231445
mlt,2008,96.6242980957031
mlt,2010,95.3687515258789
mlt,2011,87.5328369140625
mlt,2012,87.8235778808594
mlt,2013,88.7942810058594
mlt,2014,90.427978515625
mmr,1971,51.6957397460938
mmr,1972,51.2621192932129
mmr,1973,51.9165191650391
mmr,1976,51.0138893127441
mmr,1977,50.3784599304199
mmr,1978,50.8275299072266
mmr,1979,51.8681716918945
mmr,1980,52.4533195495605
mmr,1981,54.0295906066895
mmr,1982,56.5635795593262
mmr,1983,57.3635292053223
mmr,1984,57.3979682922363
mmr,1985,56.2240791320801
mmr,1986,56.4650917053223
mmr,1987,58.8864593505859
mmr,1988,58.2924385070801
mmr,1989,59.4158706665039
mmr,1990,52.8197402954102
mmr,1991,58.1493682861328
mmr,1992,62.850040435791
mmr,1993,63.2200012207031
mmr,1994,63.729549407959
mmr,1995,62.6329689025879
mmr,1999,60.0507316589355
mmr,2000,63.6719398498535
mmr,2001,63.9979286193848
mmr,2002,65.2471008300781
mmr,2003,66.7403335571289
mmr,2004,68.7814102172852
mmr,2005,69.2901077270508
mmr,2006,70.3041381835938
mmr,2007,70.3980865478516
mmr,2008,72.0879974365234
mmr,2009,71.1475296020508
mmr,2010,71.0787734985352
mmr,2014,73.3034896850586
mna,1970,50.0918998718262
mna,1971,50.0090789794922
mna,1972,52.3395004272461
mna,1973,53.9929008483887
mna,1974,55.1340599060059
mna,1975,57.7568206787109
mna,1976,60.2653694152832
mna,1977,62.2758598327637
mna,1978,63.447639465332
mna,1979,63.5972213745117
mna,1980,65.5282897949219
mna,1981,65.5296936035156
mna,1982,67.2428436279297
mna,1983,68.2779312133789
mna,1984,69.4648208618164
mna,1985,70.0471496582031
mna,1986,71.6121063232422
mna,1987,72.9416198730469
mna,1988,73.6699523925781
mna,1989,74.2651290893555
mna,1990,75.8924331665039
mna,1991,76.7330627441406
mna,1992,75.2626571655273
mna,1993,75.9694519042969
mna,1994,78.0666122436523
mna,1995,77.1188812255859
mna,1996,77.9116363525391
mna,1997,78.4401626586914
mna,1998,79.3800811767578
mna,1999,80.3798675537109
mna,2000,81.1509780883789
mna,2001,82.0873565673828
mna,2002,82.9920501708984
mna,2003,83.6824264526367
mna,2004,84.5671310424805
mna,2005,84.9055023193359
mna,2006,85.7040863037109
mna,2007,85.4576416015625
mna,2008,86.3637619018555
mna,2009,87.6400833129883
mna,2010,88.5146102905273
mna,2011,90.5146713256836
mna,2012,91.9681777954102
mna,2013,91.2447967529297
mna,2014,90.8670196533203
mne,2003,97.4619064331055
mne,2004,98.0574188232422
mne,2005,100.213088989258
mne,2006,102.351173400879
mne,2007,103.591552734375
mne,2008,104.113960266113
mne,2009,103.188537597656
mne,2010,102.681510925293
mne,2011,93.5498504638672
mne,2012,92.8223495483398
mne,2015,91.8212814331055
mng,1971,85.148323059082
mng,1972,84.932861328125
mng,1973,85.5539703369141
mng,1974,85.1741027832031
mng,1975,85.6506118774414
mng,1976,85.6659469604492
mng,1979,88.6953277587891
mng,1980,89.8701019287109
mng,1981,91.109733581543
mng,1983,90.1264190673828
mng,1986,91.5406188964844
mng,1990,92.7441711425781
mng,1991,89.5452575683594
mng,1992,81.6416473388672
mng,1993,71.5942306518555
mng,1994,70.8316116333008
mng,1995,70.8952407836914
mng,1996,73.5822601318359
mng,1997,74.9197387695313
mng,1998,76.35595703125
mng,1999,76.6660537719727
mng,2000,79.5148010253906
mng,2001,83.7654724121094
mng,2002,86.1270980834961
mng,2003,91.2634124755859
mng,2004,95.3573608398438
mng,2005,93.4039535522461
mng,2006,94.2786483764648
mng,2009,104.623992919922
mng,2010,105.907287597656
mng,2014,95.4069290161133
moz,1971,19.7313098907471
moz,1972,17.6521091461182
moz,1973,21.9250793457031
moz,1977,44.2379112243652
moz,1978,46.1886215209961
moz,1979,47.6851806640625
moz,1981,44.8859214782715
moz,1982,48.6804008483887
moz,1983,44.7352409362793
moz,1985,39.4101486206055
moz,1986,39.1478118896484
moz,1987,35.6184883117676
moz,1990,33.2971305847168
moz,1991,31.9524402618408
moz,1992,30.8575096130371
moz,1993,30.8831195831299
moz,1994,31.9564208984375
moz,1995,34.1118812561035
moz,1999,44.8494110107422
moz,2000,48.4800910949707
moz,2001,52.5029983520508
moz,2002,54.8740501403809
moz,2004,61.1767196655273
moz,2005,65.9914474487305
moz,2006,68.0497817993164
moz,2007,72.565559387207
moz,2008,75.8132400512695
moz,2009,76.7981109619141
moz,2010,77.9999389648438
moz,2011,75.7692413330078
moz,2012,74.8268585205078
moz,2013,74.9025573730469
moz,2014,74.6672668457031
mrt,1972,9.6433801651001
mrt,1981,23.6303100585938
mrt,1986,32.2636299133301
mrt,1987,33.4898796081543
mrt,1988,34.005729675293
mrt,1989,33.3185806274414
mrt,1990,31.5400009155273
mrt,1991,32.7137603759766
mrt,1992,35.5635185241699
mrt,1993,39.780689239502
mrt,1994,43.3800201416016
mrt,1995,45.7130317687988
mrt,1996,47.803108215332
mrt,1997,49.7766494750977
mrt,1998,51.3704109191895
mrt,1999,52.7518882751465
mrt,2000,53.0737686157227
mrt,2001,53.6488914489746
mrt,2002,54.2694892883301
mrt,2003,55.6618881225586
mrt,2004,59.2262496948242
mrt,2005,59.2177505493164
mrt,2006,60.9076499938965
mrt,2008,54.7604293823242
mrt,2009,58.0006790161133
mrt,2010,58.6486282348633
mrt,2011,58.9636497497559
mrt,2012,61.4965896606445
mrt,2013,63.0411605834961
mrt,2014,64.1417770385742
mus,1971,64.853157043457
mus,1972,66.8332595825195
mus,1973,67.3876266479492
mus,1974,67.863166809082
mus,1975,68.0077819824219
mus,1976,68.1742172241211
mus,1977,71.4314422607422
mus,1978,71.9050674438477
mus,1979,70.282829284668
mus,1980,69.6071014404297
mus,1981,71.1589202880859
mus,1982,71.4248199462891
mus,1983,72.5661163330078
mus,1984,71.0784225463867
mus,1985,72.9922103881836
mus,1986,74.8966293334961
mus,1987,76.2238693237305
mus,1988,76.7416305541992
mus,1989,78.2475433349609
mus,1990,79.0441207885742
mus,1992,80.3310623168945
mus,1996,84.3863677978516
mus,1997,85.6747131347656
mus,1998,88.0017929077148
mus,1999,89.4969787597656
mus,2000,90.2764892578125
mus,2001,90.2461624145508
mus,2002,90.9743881225586
mus,2003,92.6216583251953
mus,2004,93.3974990844727
mus,2005,95.2198104858398
mus,2006,94.8122787475586
mus,2007,95.1103134155273
mus,2008,95.0390319824219
mus,2009,95.0516510009766
mus,2010,95.2762222290039
mus,2011,96.0349807739258
mus,2012,96.8642272949219
mus,2013,97.793571472168
mus,2014,99.987419128418
mwi,1972,30.7232799530029
mwi,1973,33.1143608093262
mwi,1974,35.6213302612305
mwi,1975,39.1426696777344
mwi,1976,39.7103691101074
mwi,1977,39.6622505187988
mwi,1978,38.9823989868164
mwi,1979,39.3471717834473
mwi,1980,42.0950889587402
mwi,1981,42.5265197753906
mwi,1982,45.0222015380859
mwi,1983,42.9551887512207
mwi,1984,40.4566192626953
mwi,1985,41.115909576416
mwi,1986,40.7800216674805
mwi,1987,41.6127586364746
mwi,1988,40.9988403320313
mwi,1989,44.0930786132813
mwi,1990,47.0617980957031
mwi,1991,48.8276405334473
mwi,1992,58.3903388977051
mwi,1993,61.3140182495117
mwi,1994,64.3408203125
mwi,1995,94.8892364501953
mwi,1996,93.6324005126953
mwi,1998,89.1434097290039
mwi,1999,90.1709899902344
mwi,2000,88.5508728027344
mwi,2001,90.8006820678711
mwi,2002,88.1342010498047
mwi,2004,82.8627014160156
mwi,2005,81.5898208618164
mwi,2006,82.2498168945313
mwi,2007,80.6264877319336
mwi,2008,85.6879730224609
mwi,2009,85.2782135009766
mwi,2010,89.4753189086914
mwi,2011,91.1454467773438
mwi,2012,91.9007797241211
mwi,2013,96.5226974487305
mwi,2014,97.8642120361328
mys,1970,60.5569915771484
mys,1975,67.6358032226563
mys,1977,67.4747009277344
mys,1978,68.364631652832
mys,1979,68.6544876098633
mys,1980,68.6054916381836
mys,1981,69.7630462646484
mys,1982,70.341178894043
mys,1983,72.5989074707031
mys,1984,73.7011108398438
mys,1985,74.0821533203125
mys,1987,75.8569793701172
mys,1988,75.1832962036133
mys,1989,74.6558685302734
mys,1990,73.6172790527344
mys,1991,74.4333114624023
mys,1992,75.4024276733398
mys,1993,75.2469635009766
mys,1994,75.4430236816406
mys,1995,75.619140625
mys,1996,76.5063171386719
mys,1998,80.9194869995117
mys,1999,80.3770599365234
mys,2000,81.5006484985352
mys,2001,80.8771820068359
mys,2002,80.2204132080078
mys,2003,83.3231430053711
mys,2004,85.138069152832
mys,2005,83.9215316772461
mys,2006,83.181640625
mys,2007,81.898811340332
mys,2008,81.6905670166016
mys,2009,81.3986511230469
mys,2010,82.2907867431641
mys,2011,82.842170715332
mys,2012,85.4924163818359
mys,2013,86.5845565795898
mys,2014,91.1620330810547
nac,1970,87.5008773803711
nac,1971,87.4778213500977
nac,1972,87.5720825195313
nac,1973,88.4452514648438
nac,1974,87.9318466186523
nac,1975,87.8553695678711
nac,1976,88.2318725585938
nac,1977,88.331916809082
nac,1978,88.3246002197266
nac,1979,84.9229583740234
nac,1980,94.3345184326172
nac,1981,93.689811706543
nac,1982,96.5816421508789
nac,1983,96.2196731567383
nac,1984,96.8281173706055
nac,1985,96.5244064331055
nac,1986,97.7085571289063
nac,1987,98.260871887207
nac,1988,98.2944183349609
nac,1989,98.3562927246094
nac,1990,98.41796875
nac,1991,98.1472473144531
nac,1992,98.8838729858398
nac,1993,99.6029891967773
nac,1994,99.8737716674805
nac,1995,99.8609085083008
nac,1996,99.7679214477539
nac,1997,99.7210083007813
nac,1998,99.6747665405273
nac,1999,99.01708984375
nac,2000,98.1395263671875
nac,2001,98.6668167114258
nac,2002,97.2344436645508
nac,2003,97.9672088623047
nac,2004,97.8944091796875
nac,2005,98.2137985229492
nac,2006,98.5414428710938
nac,2007,99.3903503417969
nac,2008,99.5973434448242
nac,2009,98.9521636962891
nac,2010,97.6534423828125
nac,2011,97.550178527832
nac,2012,97.9188613891602
nac,2013,98.3247528076172
nac,2014,99.1332702636719
nam,1986,91.2494201660156
nam,1987,91.8081207275391
nam,1988,90.5150985717773
nam,1989,87.436279296875
nam,1990,87.5851364135742
nam,1991,94.0748519897461
nam,1992,96.0616226196289
nam,1993,96.5802230834961
nam,1994,99.570671081543
nam,1995,97.682487487793
nam,1996,96.4327697753906
nam,1997,95.9766311645508
nam,1998,94.9396362304688
nam,1999,93.202392578125
nam,2000,93.9054565429688
nam,2001,95.0954895019531
nam,2002,94.6711120605469
nam,2003,94.0848007202148
nam,2004,92.1433486938477
nam,2005,91.4755630493164
nam,2006,90.7785873413086
nam,2007,91.9513626098633
ner,1971,6.58144998550415
ner,1972,6.89430999755859
ner,1973,7.22357988357544
ner,1974,7.75984001159668
ner,1975,8.28116989135742
ner,1976,9.47700023651123
ner,1977,10.6278696060181
ner,1978,11.6809396743774
ner,1979,12.3091497421265
ner,1980,13.5404300689697
ner,1981,14.5293703079224
ner,1982,14.7720203399658
ner,1983,14.5902500152588
ner,1984,14.5891704559326
ner,1988,15.9568300247192
ner,1989,16.9063301086426
ner,1990,17.3506202697754
ner,1991,18.1344108581543
ner,1992,17.6218109130859
ner,1993,17.7264308929443
ner,1996,18.1680507659912
ner,1997,18.7176704406738
ner,1998,18.8501491546631
ner,1999,19.975959777832
ner,2000,20.8572006225586
ner,2001,22.4354305267334
ner,2002,24.7349090576172
ner,2003,26.794490814209
ner,2004,29.7027397155762
ner,2005,31.0781192779541
ner,2006,32.038501739502
ner,2007,33.2479705810547
ner,2008,35.5915489196777
ner,2009,37.9669990539551
ner,2010,40.7264518737793
ner,2011,43.1085395812988
ner,2012,44.7430381774902
ner,2013,45.7283706665039
ner,2014,46.8303489685059
nga,1970,23.1885299682617
nga,1971,25.0850105285645
nga,1972,27.5952205657959
nga,1973,28.7447395324707
nga,1977,34.4147796630859
nga,1978,43.4757194519043
nga,1979,51.4166984558105
nga,1980,55.4736785888672
nga,1981,61.4686698913574
nga,1982,68.6839294433594
nga,1983,71.0732421875
nga,1984,72.2940063476563
nga,1985,69.6259384155273
nga,1986,64.0565795898438
nga,1987,61.9413986206055
nga,1989,56.7828712463379
nga,1990,58.7503814697266
nga,1999,61.2593116760254
nga,2000,64.1517868041992
nga,2001,63.9767112731934
nga,2002,66.1265335083008
nga,2004,70.2241592407227
nga,2005,70.6673736572266
nga,2006,70.91845703125
nga,2007,65.1255569458008
nga,2008,61.8110809326172
nga,2009,64.2846527099609
nga,2010,66.3999710083008
nic,1970,46.2403297424316
nic,1971,47.9173812866211
nic,1972,48.3340187072754
nic,1973,49.3006782531738
nic,1974,49.9732818603516
nic,1975,52.1542587280273
nic,1976,54.7977104187012
nic,1977,56.1239395141602
nic,1978,54.0599098205566
nic,1979,58.5563888549805
nic,1980,66.582878112793
nic,1982,66.1982269287109
nic,1983,68.9792633056641
nic,1984,65.352409362793
nic,1985,64.5941925048828
nic,1986,63.2865104675293
nic,1987,65.51953125
nic,1988,65.6010513305664
nic,1989,63.6787605285645
nic,1990,66.9401397705078
nic,1991,71.588249206543
nic,1992,72.8180084228516
nic,1993,74.5785903930664
nic,1994,76.0432815551758
nic,1995,75.8133087158203
nic,1998,75.9764633178711
nic,1999,80.7856063842773
nic,2000,81.8458404541016
nic,2001,85.3295135498047
nic,2002,91.3087768554688
nic,2004,95.3720397949219
nic,2005,97.4121704101563
nic,2006,100.084838867188
nic,2007,101.385803222656
nic,2008,100.865348815918
nic,2010,100.905128479004
nld,1971,89.02197265625
nld,1972,89.9281311035156
nld,1973,90.3576507568359
nld,1974,91.0928268432617
nld,1975,91.5078582763672
nld,1976,93.556640625
nld,1977,94.3930435180664
nld,1978,94.8597564697266
nld,1979,94.7436065673828
nld,1980,95.0722808837891
nld,1981,95.1129837036133
nld,1982,95.3680114746094
nld,1983,96.088493347168
nld,1984,97.3763198852539
nld,1985,97.7558212280273
nld,1986,108.410041809082
nld,1987,110.177597045898
nld,1988,110.827217102051
nld,1989,111.119209289551
nld,1990,111.66529083252
nld,1991,112.011047363281
nld,1992,110.310966491699
nld,1993,110.97859954834
nld,1994,124.762588500977
nld,1995,124.043380737305
nld,1996,122.801368713379
nld,1997,119.607887268066
nld,1998,118.429527282715
nld,1999,116.299980163574
nld,2000,116.151382446289
nld,2001,116.149856567383
nld,2002,114.950202941895
nld,2003,114.904731750488
nld,2004,113.132797241211
nld,2005,113.061080932617
nld,2006,113.289123535156
nld,2007,114.195930480957
nld,2008,115.083000183105
nld,2009,115.3857421875
nld,2010,116.180732727051
nld,2011,118.995216369629
nld,2012,118.895141601563
nld,2013,119.180366516113
nld,2014,118.487983703613
nor,1971,93.8156280517578
nor,1972,94.3595886230469
nor,1973,95.5105895996094
nor,1974,95.3683700561523
nor,1975,95.4664306640625
nor,1976,94.5455932617188
nor,1977,94.9969329833984
nor,1978,94.9578094482422
nor,1979,95.9406585693359
nor,1980,96.6693725585938
nor,1981,96.7277069091797
nor,1982,96.8146896362305
nor,1983,97.3989334106445
nor,1984,96.9952926635742
nor,1985,97.0571899414063
nor,1986,97.1178665161133
nor,1987,96.6389923095703
nor,1988,96.514030456543
nor,1989,97.4708404541016
nor,1990,100.659126281738
nor,1991,101.80590057373
nor,1992,102.949211120605
nor,1993,106.35920715332
nor,1994,112.042198181152
nor,1995,107.234809875488
nor,1996,107.005798339844
nor,1997,108.17423248291
nor,1998,107.929107666016
nor,1999,108.885971069336
nor,2000,107.517761230469
nor,2001,106.545639038086
nor,2002,105.574478149414
nor,2003,105.985740661621
nor,2004,106.552467346191
nor,2005,105.436180114746
nor,2006,105.624496459961
nor,2007,105.815299987793
nor,2008,105.567001342773
nor,2009,105.042449951172
nor,2010,105.733558654785
nor,2011,105.793838500977
nor,2012,105.052711486816
nor,2013,106.425346374512
nor,2014,106.100128173828
npl,1972,20.7392807006836
npl,1973,22.1390590667725
npl,1974,23.6554393768311
npl,1975,26.2224998474121
npl,1976,28.2780799865723
npl,1977,32.8926200866699
npl,1978,37.130931854248
npl,1979,42.5103797912598
npl,1980,44.8458786010742
npl,1981,47.1600799560547
npl,1982,49.8313102722168
npl,1983,53.7346115112305
npl,1984,56.2983818054199
npl,1985,57.3814010620117
npl,1986,58.0311584472656
npl,1987,59.6335983276367
npl,1988,62.3402099609375
npl,1989,71.038948059082
npl,1990,75.6890106201172
npl,1991,76.9517669677734
npl,1992,79.6136627197266
npl,1993,79.6770782470703
npl,1994,80.1734313964844
npl,1995,80.9088287353516
npl,1996,84.4863128662109
npl,1999,71.9508285522461
npl,2000,74.4672927856445
npl,2001,72.9182815551758
npl,2002,77.9152984619141
npl,2003,77.3705368041992
npl,2005,78.9302215576172
npl,2006,82.7315292358398
npl,2007,82.3738174438477
npl,2008,84.5020904541016
npl,2009,89.6190338134766
npl,2010,94.6193695068359
npl,2011,96.7483367919922
npl,2012,97.1675796508789
npl,2013,95.8331069946289
npl,2014,94.7314071655273
npl,2015,94.7261810302734
nru,2000,74.8586578369141
nru,2001,75.2838973999023
nru,2002,72.6069183349609
nru,2003,69.9203872680664
nru,2004,72.3366470336914
nru,2005,88.7743835449219
nru,2006,84.4036712646484
nru,2007,73.2115707397461
nru,2008,78.2017364501953
nru,2012,87.7829818725586
nru,2014,94.8671264648438
nzl,1970,92.7310104370117
nzl,1971,92.0624923706055
nzl,1972,91.6707763671875
nzl,1973,91.289436340332
nzl,1974,91.1194610595703
nzl,1975,92.5598831176758
nzl,1976,94.169319152832
nzl,1977,94.2865600585938
nzl,1979,93.8626098632813
nzl,1980,92.8859024047852
nzl,1981,92.1701431274414
nzl,1982,92.2623977661133
nzl,1983,93.1992492675781
nzl,1984,93.311882019043
nzl,1985,92.940299987793
nzl,1986,92.808219909668
nzl,1987,93.3448867797852
nzl,1988,93.8612823486328
nzl,1989,94.3192596435547
nzl,1990,95.7298583984375
nzl,1991,96.6373519897461
nzl,1992,97.2975616455078
nzl,1993,101.081237792969
nzl,1994,104.95442199707
nzl,1995,107.665382385254
nzl,1996,108.096130371094
nzl,1997,108.237312316895
nzl,1998,107.270370483398
nzl,1999,106.015960693359
nzl,2000,105.318511962891
nzl,2001,105.042289733887
nzl,2002,107.249443054199
nzl,2003,109.307182312012
nzl,2004,108.302436828613
nzl,2005,110.950569152832
nzl,2006,110.170997619629
nzl,2007,110.837211608887
nzl,2008,109.703407287598
nzl,2009,113.980850219727
nzl,2010,111.009117126465
nzl,2011,110.49488067627
nzl,2012,109.478858947754
nzl,2013,108.611152648926
nzl,2014,108.702201843262
oed,1970,85.6151733398438
oed,1971,85.593391418457
oed,1972,86.1568222045898
oed,1973,86.931266784668
oed,1974,87.4545364379883
oed,1975,87.7504196166992
oed,1976,88.4405288696289
oed,1977,89.0850067138672
oed,1978,89.3252182006836
oed,1979,89.1399307250977
oed,1980,91.8078384399414
oed,1981,91.8705902099609
oed,1982,92.7983474731445
oed,1983,92.845832824707
oed,1984,93.286750793457
oed,1985,93.2894973754883
oed,1986,94.1025619506836
oed,1987,94.4352416992188
oed,1988,94.392463684082
oed,1989,94.3692092895508
oed,1990,94.2750091552734
oed,1991,94.6177215576172
oed,1992,95.1492767333984
oed,1993,96.4439315795898
oed,1994,97.5551681518555
oed,1995,97.923957824707
oed,1996,98.1768493652344
oed,1997,98.2201538085938
oed,1998,98.1786727905273
oed,1999,98.5579223632813
oed,2000,98.7401962280273
oed,2001,99.5171585083008
oed,2002,99.5783233642578
oed,2003,100.048950195313
oed,2004,99.5327529907227
oed,2005,99.9420166015625
oed,2006,99.9033889770508
oed,2007,100.250152587891
oed,2008,100.432189941406
oed,2009,99.7016296386719
oed,2010,99.8528213500977
oed,2011,99.8837509155273
oed,2012,99.8828582763672
oed,2013,102.816139221191
oed,2014,103.278373718262
omn,1971,1.58555996417999
omn,1972,6.7585301399231
omn,1973,10.466290473938
omn,1974,14.6319599151611
omn,1975,19.4574794769287
omn,1976,21.20046043396
omn,1977,23.7877902984619
omn,1978,26.8335304260254
omn,1979,29.2804107666016
omn,1980,31.0473194122314
omn,1981,33.8183898925781
omn,1982,36.6358108520508
omn,1983,41.1229400634766
omn,1984,45.4555892944336
omn,1985,50.3568916320801
omn,1986,54.0855293273926
omn,1987,57.6368293762207
omn,1988,60.4531211853027
omn,1989,63.2301216125488
omn,1990,65.9874496459961
omn,1991,68.5972595214844
omn,1992,71.3402481079102
omn,1993,73.8872985839844
omn,1994,75.8173217773438
omn,1995,77.1409378051758
omn,1996,79.2520599365234
omn,1997,79.8302993774414
omn,1998,81.5226211547852
omn,1999,84.033576965332
omn,2000,86.737663269043
omn,2001,88.8802032470703
omn,2002,89.4750137329102
omn,2003,89.1432495117188
omn,2005,88.6134567260742
omn,2006,87.2963333129883
omn,2007,90.0983428955078
omn,2008,94.2621917724609
omn,2009,102.170341491699
omn,2011,103.18824005127
pak,1971,32.2994194030762
pak,1972,32.1054191589355
pak,1973,33.3569183349609
pak,1974,34.5029296875
pak,1975,35.0287818908691
pak,1976,35.4012184143066
pak,1977,36.0039596557617
pak,1978,32.8099098205566
pak,1979,31.8773899078369
pak,1980,31.8181991577148
pak,1981,32.2961387634277
pak,1982,32.7653198242188
pak,1983,34.2079887390137
pak,1984,34.7515487670898
pak,1985,35.9946708679199
pak,1986,36.325870513916
pak,1987,37.5943794250488
pak,1988,37.978931427002
pak,1989,38.5579109191895
pak,1990,39.1595115661621
pak,2003,46.9250411987305
pak,2004,50.3742218017578
pak,2005,53.059398651123
pak,2006,54.8759994506836
pak,2007,58.8826103210449
pak,2008,59.4686698913574
pak,2009,60.132381439209
pak,2010,61.0688514709473
pak,2011,59.9359817504883
pak,2012,60.7327919006348
pak,2013,61.1789817810059
pak,2014,64.1635894775391
pan,1970,71.6628036499023
pan,1971,77.960807800293
pan,1972,81.7791366577148
pan,1973,84.7162094116211
pan,1974,86.3766326904297
pan,1975,87.2348175048828
pan,1976,87.9973297119141
pan,1977,88.04736328125
pan,1978,88.3310165405273
pan,1979,86.9110565185547
pan,1980,84.8887176513672
pan,1981,83.3876876831055
pan,1982,82.3181915283203
pan,1983,81.1290130615234
pan,1984,81.3611679077148
pan,1985,80.9099426269531
pan,1986,80.9008483886719
pan,1987,80.7859268188477
pan,1988,79.9292907714844
pan,1989,79.8947219848633
pan,1990,80.3001022338867
pan,1991,79.9049072265625
pan,1992,80.1428985595703
pan,1993,80.8657684326172
pan,1994,80.6377182006836
pan,1995,81.5116271972656
pan,1996,82.7461318969727
pan,1999,85.0233688354492
pan,2000,85.9146118164063
pan,2001,87.6125030517578
pan,2002,89.2665786743164
pan,2004,88.972526550293
pan,2005,88.3904876708984
pan,2006,88.4231109619141
pan,2007,89.1952896118164
pan,2008,89.1511993408203
pan,2009,89.0201187133789
pan,2010,89.4718627929688
pan,2011,89.1234283447266
pan,2012,95.9759368896484
pan,2013,90.4628829956055
per,1970,76.7983932495117
per,1971,77.9421615600586
per,1972,79.0195617675781
per,1973,81.2414627075195
per,1974,82.4487533569336
per,1975,84.1150588989258
per,1976,86.2416534423828
per,1977,87.0693283081055
per,1978,89.3092498779297
per,1979,89.0993576049805
per,1980,89.3144226074219
per,1981,89.9994506835938
per,1982,91.8671798706055
per,1983,91.6782302856445
per,1984,91.9428863525391
per,1985,95.4483489990234
per,1986,92.4946594238281
per,1987,93.0068588256836
per,1988,93.7443695068359
per,1989,94.9572830200195
per,1990,95.6725006103516
per,1991,94.8610687255859
per,1992,93.1098785400391
per,1993,93.7940902709961
per,1994,96.6459274291992
per,1995,97.8993301391602
per,1996,98.6272964477539
per,1997,98.334602355957
per,1998,103.6279296875
per,1999,104.629028320313
per,2000,105.215789794922
per,2001,106.131172180176
per,2002,106.262397766113
per,2003,102.067543029785
per,2004,102.900016784668
per,2005,102.922798156738
per,2006,103.713401794434
per,2007,104.654373168945
per,2008,102.924186706543
per,2009,103.046691894531
per,2010,103.267639160156
per,2011,101.880912780762
per,2012,97.8445434570313
per,2013,100.774169921875
per,2014,98.8256912231445
phl,1971,88.9268493652344
phl,1972,88.0974197387695
phl,1973,87.005126953125
phl,1974,87.5714721679688
phl,1975,89.0548782348633
phl,1976,90.2289199829102
phl,1977,92.0720291137695
phl,1978,92.2137680053711
phl,1979,94.0476379394531
phl,1980,92.3585891723633
phl,1981,93.7754821777344
phl,1982,92.0659103393555
phl,1983,91.9451599121094
phl,1984,91.7915496826172
phl,1985,91.2521286010742
phl,1986,89.4332504272461
phl,1987,90.9414520263672
phl,1988,92.2313995361328
phl,1989,94.4152603149414
phl,1990,95.9430618286133
phl,1991,95.2520523071289
phl,1992,94.9459533691406
phl,1993,95.2083129882813
phl,1994,94.4960098266602
phl,1995,94.6178207397461
phl,1996,96.5613403320313
phl,1997,96.7725296020508
phl,1998,95.6947631835938
phl,1999,96.0005569458008
phl,2001,95.7454681396484
phl,2002,96.9499588012695
phl,2003,97.6254730224609
phl,2004,97.7897109985352
phl,2005,97.1212997436523
phl,2006,95.3040237426758
phl,2007,95.5849990844727
phl,2008,97.0067672729492
phl,2009,99.2761383056641
phl,2013,105.516143798828
plw,2003,106.320259094238
plw,2004,100.584800720215
plw,2005,100.143508911133
plw,2006,101.615669250488
plw,2007,97.8671188354492
plw,2013,114.927436828613
plw,2014,113.949401855469
png,1970,30.2997207641602
png,1971,30.5304203033447
png,1972,31.5793590545654
png,1973,33.0719795227051
png,1974,33.9719505310059
png,1975,34.8368911743164
png,1976,35.6834487915039
png,1977,34.9872817993164
png,1978,34.7271614074707
png,1979,35.2054214477539
png,1981,35.1232414245605
png,1982,35.1601715087891
png,1984,36.6296310424805
png,1986,36.871280670166
png,1987,37.2103691101074
png,1988,37.5275917053223
png,1989,38.4358291625977
png,1990,37.4153099060059
png,1991,37.5942306518555
png,1992,38.7903594970703
png,1993,41.5059013366699
png,1994,43.4080581665039
png,1995,43.3762893676758
png,1998,49.630199432373
png,2012,82.7555694580078
pol,1971,84.9055633544922
pol,1972,85.3330230712891
pol,1973,85.5580825805664
pol,1974,85.9440383911133
pol,1975,86.4352798461914
pol,1976,86.8310317993164
pol,1977,87.7281875610352
pol,1978,88.7398071289063
pol,1979,89.6631317138672
pol,1980,90.5277099609375
pol,1981,91.5830688476563
pol,1982,91.9888534545898
pol,1983,92.2091293334961
pol,1984,93.1719512939453
pol,1985,94.2817764282227
pol,1986,94.6506118774414
pol,1987,95.0040817260742
pol,1988,95.2210388183594
pol,1989,94.4186477661133
pol,1990,94.0390014648438
pol,1991,93.5285263061523
pol,1992,93.2642517089844
pol,1993,97.2266311645508
pol,1994,97.2898788452148
pol,1995,95.1995162963867
pol,1996,95.1227111816406
pol,1997,97.47412109375
pol,1998,98.0724716186523
pol,1999,98.3099670410156
pol,2000,98.5825119018555
pol,2001,99.2071762084961
pol,2002,100.12606048584
pol,2003,100.921569824219
pol,2004,96.3979568481445
pol,2005,97.4826965332031
pol,2006,97.2879333496094
pol,2007,97.2472534179688
pol,2008,97.0390090942383
pol,2009,97.0916290283203
pol,2010,97.5561218261719
pol,2011,98.0844802856445
pol,2012,99.2592620849609
pol,2013,105.339622497559
pri,2009,89.3260879516602
pri,2010,88.5596313476563
pri,2011,82.6303176879883
pri,2012,83.9411087036133
pri,2013,84.8988037109375
prk,2009,101.17170715332
prt,1971,80.236442565918
prt,1972,82.0494918823242
prt,1973,83.9018096923828
prt,1974,85.9755325317383
prt,1975,87.3444213867188
prt,1976,91.1445083618164
prt,1977,91.7818984985352
prt,1978,92.7914123535156
prt,1979,88.9504013061523
prt,1980,90.4059219360352
prt,1986,91.7589492797852
prt,1987,96.5001831054688
prt,1988,91.2817687988281
prt,1990,89.2691421508789
prt,1991,91.7812194824219
prt,1992,98.332763671875
prt,1993,105.933547973633
prt,1994,109.786827087402
prt,1995,111.286018371582
prt,1996,112.903381347656
prt,1998,113.385223388672
prt,1999,111.999252319336
prt,2000,113.174179077148
prt,2001,113.761810302734
prt,2002,112.877861022949
prt,2003,112.729377746582
prt,2004,106.431938171387
prt,2005,107.816757202148
prt,2006,108.146850585938
prt,2007,109.551483154297
prt,2008,109.848709106445
prt,2009,109.751899719238
prt,2010,109.412452697754
prt,2011,108.939712524414
prt,2012,109.466812133789
prt,2013,114.969177246094
prt,2014,112.574043273926
pry,1970,61.2335586547852
pry,1971,61.9007682800293
pry,1972,61.5876502990723
pry,1973,62.1453399658203
pry,1974,61.757740020752
pry,1975,60.5197601318359
pry,1976,61.6657409667969
pry,1977,62.8802299499512
pry,1978,64.3703308105469
pry,1979,65.5239715576172
pry,1980,66.9651336669922
pry,1981,67.9798812866211
pry,1982,68.9878463745117
pry,1983,69.3906707763672
pry,1984,69.6231002807617
pry,1985,69.3113403320313
pry,1986,68.6812286376953
pry,1987,68.9823226928711
pry,1988,69.9752578735352
pry,1989,70.9084014892578
pry,1990,72.1601715087891
pry,1991,73.1673202514648
pry,1992,75.0535888671875
pry,1993,78.317008972168
pry,1994,78.5419006347656
pry,1995,80.5072631835938
pry,1996,82.7334365844727
pry,1997,84.009391784668
pry,1998,88.6497268676758
pry,1999,90.5098724365234
pry,2000,92.3881607055664
pry,2001,93.7822494506836
pry,2002,93.8197326660156
pry,2003,90.5004196166992
pry,2004,90.2656402587891
pry,2005,90.0304183959961
pry,2006,88.2561874389648
pry,2007,87.0199966430664
pry,2008,86.453857421875
pry,2009,85.8076477050781
pry,2010,85.9792709350586
pry,2011,86.4011917114258
pry,2012,90.9775466918945
pse,1995,77.5683975219727
pse,1996,79.5297775268555
pse,1997,81.6996002197266
pse,1999,84.2266998291016
pse,2000,85.5294570922852
pse,2001,86.1112594604492
pse,2002,86.5695114135742
pse,2003,87.4750213623047
pse,2004,88.4927673339844
pse,2005,89.0955276489258
pse,2006,89.4556121826172
pse,2007,89.1793975830078
pse,2008,88.6344299316406
pse,2009,88.1652603149414
pse,2010,87.3931427001953
pse,2011,86.7267837524414
pse,2012,86.9211730957031
pse,2013,86.5917282104492
pse,2014,86.6875991821289
qat,1971,74.5738906860352
qat,1972,78.8599090576172
qat,1973,80.9487228393555
qat,1974,80.9159622192383
qat,1975,84.7568435668945
qat,1976,91.3904800415039
qat,1977,90.8842697143555
qat,1978,92.1373672485352
qat,1979,94.7997970581055
qat,1980,97.1467514038086
qat,1981,97.5516128540039
qat,1982,99.5619583129883
qat,1983,100.980278015137
qat,1984,98.3823471069336
qat,1985,98.6180801391602
qat,1986,99.9841766357422
qat,1987,92.7111282348633
qat,1988,91.7973327636719
qat,1989,91.2838516235352
qat,1990,90.4736099243164
qat,1991,87.054801940918
qat,1992,86.1946182250977
qat,1993,90.5362930297852
qat,1994,96.2915267944336
qat,1995,99.2690200805664
qat,1996,102.271087646484
qat,1998,99.4258804321289
qat,1999,97.1695175170898
qat,2000,96.0263366699219
qat,2001,93.9892807006836
qat,2002,100.108680725098
qat,2003,107.191627502441
qat,2004,107.381439208984
qat,2005,106.211502075195
qat,2006,96.4853897094727
qat,2007,93.2277908325195
qat,2008,93.2455215454102
qat,2009,95.3458480834961
qat,2010,98.9753799438477
qat,2011,104.704032897949
rou,1971,82.9252471923828
rou,1972,82.8529815673828
rou,1973,83.1575164794922
rou,1974,83.9405822753906
rou,1989,95.2431869506836
rou,1990,95.7755889892578
rou,1991,87.375862121582
rou,1992,82.8964462280273
rou,1993,80.3164825439453
rou,1994,79.3472290039063
rou,1995,80.4416198730469
rou,1996,81.9695129394531
rou,1997,83.1278533935547
rou,1998,83.752082824707
rou,1999,84.2483825683594
rou,2000,84.595100402832
rou,2001,85.4354095458984
rou,2002,87.3557434082031
rou,2003,88.4228134155273
rou,2004,90.0412292480469
rou,2005,90.2937393188477
rou,2006,90.4720916748047
rou,2007,93.2652587890625
rou,2008,96.1225814819336
rou,2009,97.8515396118164
rou,2010,99.2788162231445
rou,2011,99.1729431152344
rou,2012,98.1060485839844
rus,1971,96.2236480712891
rus,1976,97.2335433959961
rus,1981,99.4906234741211
rus,1986,101.559700012207
rus,1987,102.513496398926
rus,1988,102.640930175781
rus,1989,101.510032653809
rus,1990,100.864028930664
rus,1991,100.621452331543
rus,1992,99.356330871582
rus,1993,97.5322875976563
rus,1994,95.8871383666992
rus,1995,96.3116226196289
rus,1996,96.6567764282227
rus,1997,95.7882690429688
rus,1998,95.4502105712891
rus,1999,95.2900619506836
rus,2003,98.0281677246094
rus,2005,86.2834396362305
rus,2006,86.1927108764648
rus,2007,86.6745986938477
rus,2008,87.4902877807617
rus,2009,89.3589706420898
rus,2011,95.1107406616211
rus,2012,97.9959335327148
rus,2013,99.3627777099609
rus,2014,99.7935028076172
rwa,1971,36.3451385498047
rwa,1976,31.7597007751465
rwa,1977,33.6896514892578
rwa,1978,35.197021484375
rwa,1979,38.1083717346191
rwa,1980,40.4282989501953
rwa,1981,42.4873809814453
rwa,1982,43.642879486084
rwa,1983,43.0132789611816
rwa,1984,42.6742782592773
rwa,1985,42.9869804382324
rwa,1986,43.3883285522461
rwa,1987,44.3916893005371
rwa,1988,44.9903297424316
rwa,1989,45.8383903503418
rwa,1990,45.4375915527344
rwa,1991,46.3684005737305
rwa,1992,50.6536293029785
rwa,1999,57.3701705932617
rwa,2000,60.8202018737793
rwa,2001,60.4191093444824
rwa,2002,62.570140838623
rwa,2003,67.041633605957
rwa,2004,72.2553100585938
rwa,2005,76.1419372558594
rwa,2006,82.3997116088867
rwa,2007,87.4348678588867
rwa,2008,88.5702667236328
rwa,2009,91.6673965454102
rwa,2010,93.4983520507813
rwa,2011,94.5344924926758
rwa,2012,94.8778228759766
rwa,2013,93.4567108154297
rwa,2014,90.5805282592773
sas,1970,45.9233207702637
sas,1971,45.7540512084961
sas,1972,46.7005500793457
sas,1973,48.6212387084961
sas,1974,48.4028015136719
sas,1975,48.9127998352051
sas,1976,48.8364715576172
sas,1977,49.806999206543
sas,1978,48.4526710510254
sas,1979,48.8242301940918
sas,1980,49.900520324707
sas,1981,51.0004806518555
sas,1982,51.8430404663086
sas,1983,53.7498016357422
sas,1984,54.9846000671387
sas,1985,55.4043197631836
sas,1986,56.5731086730957
sas,1987,55.8422317504883
sas,1988,57.0009498596191
sas,1989,58.2551689147949
sas,1990,59.1530990600586
sas,1991,60.3744583129883
sas,1992,61.7933883666992
sas,1993,63.4170112609863
sas,1994,64.221321105957
sas,1995,64.1472396850586
sas,1996,64.1480484008789
sas,1997,64.2983093261719
sas,1998,63.1657104492188
sas,1999,62.8216590881348
sas,2000,64.1177825927734
sas,2001,64.0883483886719
sas,2002,65.6660079956055
sas,2003,69.5307464599609
sas,2004,71.2161712646484
sas,2005,73.0904235839844
sas,2006,74.5290374755859
sas,2007,76.5579223632813
sas,2008,78.0857086181641
sas,2009,77.8765716552734
sas,2010,79.7467803955078
sas,2011,81.0954818725586
sas,2012,82.9946975708008
sas,2013,83.385009765625
sas,2014,83.6425628662109
sau,1979,43.9107513427734
sau,2005,89.7687911987305
sau,2007,92.6619110107422
sau,2009,96.5268325805664
sau,2013,107.525588989258
sau,2014,108.511100769043
sdn,2001,47.9290618896484
sdn,2002,48.0794982910156
sdn,2003,49.425910949707
sdn,2004,51.4001007080078
sdn,2005,51.9171714782715
sdn,2006,53.6505813598633
sdn,2007,53.0464210510254
sdn,2008,56.9781684875488
sdn,2009,58.2532196044922
sdn,2010,57.9570808410645
sdn,2011,54.7349586486816
sdn,2012,57.064769744873
sdn,2013,58.8173294067383
sen,1971,24.6846294403076
sen,1972,24.9172801971436
sen,1978,26.937370300293
sen,1979,27.3481407165527
sen,1980,27.9291706085205
sen,1981,28.9309997558594
sen,1982,30.1772708892822
sen,1983,31.6439895629883
sen,1984,32.4753303527832
sen,1985,33.2249183654785
sen,1986,34.6112518310547
sen,1987,34.9256706237793
sen,1988,35.4239387512207
sen,1989,35.5062408447266
sen,1990,35.721061706543
sen,1992,35.7937507629395
sen,1996,37.4621810913086
sen,1997,39.2513198852539
sen,1998,40.7693710327148
sen,1999,40.5886306762695
sen,2000,42.3877906799316
sen,2001,43.3170013427734
sen,2002,44.352970123291
sen,2004,48.437801361084
sen,2005,50.3036308288574
sen,2006,51.1386795043945
sen,2008,56.219181060791
sen,2010,58.9373588562012
sen,2011,60.7652015686035
slb,1970,49.044849395752
slb,1971,56.389591217041
slb,1972,55.6931991577148
slb,1973,53.8936614990234
slb,1975,53.3736991882324
slb,1976,54.5798187255859
slb,1977,52.5727195739746
slb,1978,51.8657684326172
slb,1979,50.5997200012207
slb,1980,52.2197418212891
slb,1981,51.763370513916
slb,1982,52.0408782958984
slb,1983,56.0117492675781
slb,1986,53.5595817565918
slb,1990,56.2792701721191
slb,1991,57.6181793212891
slb,1992,61.3698883056641
slb,1993,64.9292602539063
slb,1994,67.4128036499023
slb,1999,57.5289192199707
slb,2000,53.5503311157227
slb,2002,63.6256103515625
slb,2005,65.7225036621094
slb,2006,70.8180313110352
slb,2007,71.769172668457
slb,2010,82.0811233520508
slb,2011,82.1249389648438
slb,2012,80.8741226196289
sle,1971,25.7869205474854
sle,1972,27.0087108612061
sle,1973,26.0598392486572
sle,1974,27.4171600341797
sle,1975,28.2868003845215
sle,1976,29.6583003997803
sle,1977,30.7506103515625
sle,1978,31.256010055542
sle,1980,37.8655281066895
sle,1981,38.7403602600098
sle,1984,43.8164405822754
sle,1985,46.2781410217285
sle,1986,44.7691993713379
sle,1988,42.9138793945313
sle,1989,38.2853698730469
sle,1990,36.9606781005859
sle,1991,34.5222015380859
sle,2001,57.3080596923828
sle,2011,88.4558868408203
sle,2012,92.2956314086914
sle,2013,87.5857162475586
slv,1970,57.7433891296387
slv,1971,58.7057991027832
slv,1972,59.5372200012207
slv,1973,59.7893295288086
slv,1974,62.680778503418
slv,1975,64.7555618286133
slv,1976,67.1301727294922
slv,1977,68.4744567871094
slv,1978,70.5558471679688
slv,1979,72.8351211547852
slv,1980,66.3225326538086
slv,1983,65.5241317749023
slv,1984,67.0007934570313
slv,1988,74.9343338012695
slv,1989,73.1757278442383
slv,1991,71.6786727905273
slv,1992,74.2277069091797
slv,1993,75.954231262207
slv,1998,86.3798370361328
slv,1999,87.2167587280273
slv,2000,88.2329864501953
slv,2001,89.666877746582
slv,2002,91.786247253418
slv,2003,94.5252990722656
slv,2004,97.6631698608398
slv,2005,97.3435363769531
slv,2006,96.9016265869141
slv,2007,99.9460296630859
slv,2008,95.5054092407227
slv,2009,95.3011474609375
slv,2010,96.0801773071289
slv,2011,96.6324768066406
slv,2012,96.6486663818359
slv,2013,95.7646026611328
slv,2014,95.8250198364258
smr,2009,94.4839401245117
smr,2010,96.0461730957031
smr,2011,93.7291412353516
smr,2012,94.1134796142578
som,1971,5.77475023269653
som,1972,6.75963020324707
som,1973,8.63599967956543
som,1974,10.4204702377319
som,1976,20.2865295410156
som,1977,22.5207004547119
som,1978,20.136360168457
som,1979,21.1778697967529
som,1980,20.2822208404541
som,1981,17.6642208099365
som,1982,16.1987991333008
som,1983,15.400520324707
som,1984,15.6417999267578
som,1985,14.5393400192261
som,1986,13.6288795471191
som,2007,19.8011302947998
srb,1999,98.9018707275391
srb,2000,94.9348373413086
srb,2001,93.62890625
srb,2002,92.7954177856445
srb,2003,92.2077102661133
srb,2004,92.2968521118164
srb,2005,92.9367218017578
srb,2006,92.8824920654297
srb,2007,92.9702377319336
srb,2008,93.5114364624023
srb,2009,93.3732604980469
srb,2010,92.8289413452148
srb,2011,96.1171264648438
srb,2012,96.242561340332
srb,2013,96.5240325927734
srb,2014,96.5597686767578
ssa,1970,35.4592018127441
ssa,1971,35.8727989196777
ssa,1972,36.7524299621582
ssa,1973,37.5859718322754
ssa,1974,38.923698425293
ssa,1975,40.0318908691406
ssa,1976,40.9560699462891
ssa,1977,43.0944786071777
ssa,1978,45.5032196044922
ssa,1979,48.3971710205078
ssa,1980,50.5981903076172
ssa,1981,52.5584411621094
ssa,1982,54.4607887268066
ssa,1983,54.9383201599121
ssa,1984,54.7247886657715
ssa,1985,53.5981903076172
ssa,1986,52.2788391113281
ssa,1987,51.5098609924316
ssa,1988,50.898250579834
ssa,1989,51.0405197143555
ssa,1990,50.5947685241699
ssa,1991,51.2410888671875
ssa,1992,51.0956115722656
ssa,1993,51.6227416992188
ssa,1994,51.7593383789063
ssa,1995,52.3563385009766
ssa,1996,51.356689453125
ssa,1997,53.3799514770508
ssa,1998,54.6835784912109
ssa,1999,55.0729484558105
ssa,2000,56.6177291870117
ssa,2001,58.28173828125
ssa,2002,60.007869720459
ssa,2003,61.9473609924316
ssa,2004,63.7677993774414
ssa,2005,65.4865188598633
ssa,2006,66.9327163696289
ssa,2007,68.0912170410156
ssa,2008,69.6673202514648
ssa,2009,70.6428680419922
ssa,2010,71.3275833129883
ssa,2011,71.9159393310547
ssa,2012,72.579719543457
ssa,2013,72.7921524047852
ssa,2014,73.3888473510742
ssf,1970,35.4649696350098
ssf,1971,35.8790016174316
ssf,1972,36.7587699890137
ssf,1973,37.5923194885254
ssf,1974,38.9301109313965
ssf,1975,40.037670135498
ssf,1976,40.9606781005859
ssf,1977,43.09912109375
ssf,1978,45.507869720459
ssf,1979,48.4013786315918
ssf,1980,50.60205078125
ssf,1981,52.5627098083496
ssf,1982,54.465648651123
ssf,1983,54.9432601928711
ssf,1984,54.7311096191406
ssf,1985,53.6046905517578
ssf,1986,52.2855491638184
ssf,1987,51.5163688659668
ssf,1988,50.904598236084
ssf,1989,51.0466804504395
ssf,1990,50.6010513305664
ssf,1991,51.2471618652344
ssf,1992,51.1015701293945
ssf,1993,51.6284599304199
ssf,1994,51.7650604248047
ssf,1995,52.3617095947266
ssf,1996,51.3620910644531
ssf,1997,53.3846702575684
ssf,1998,54.6877784729004
ssf,1999,55.0763702392578
ssf,2000,56.6209297180176
ssf,2001,58.284538269043
ssf,2002,60.0103797912598
ssf,2003,61.949821472168
ssf,2004,63.7698402404785
ssf,2005,65.4888610839844
ssf,2006,66.9347763061523
ssf,2007,68.093017578125
ssf,2008,69.6688232421875
ssf,2009,70.6442413330078
ssf,2010,71.3288726806641
ssf,2011,71.9172286987305
ssf,2012,72.5810470581055
ssf,2013,72.7931289672852
ssf,2014,73.389778137207
stp,1971,52.0606002807617
stp,1972,58.4292793273926
stp,1976,79.0053100585938
stp,1977,69.4955978393555
stp,1981,77.1561813354492
stp,1982,80.3325119018555
stp,1983,82.7485580444336
stp,1984,80.3136901855469
stp,1987,70.441032409668
stp,1988,74.9160690307617
stp,2003,87.9565277099609
stp,2004,89.3368225097656
stp,2005,91.3200988769531
stp,2007,91.8525619506836
stp,2008,91.8295822143555
stp,2009,95.0316696166992
stp,2010,94.0022125244141
stp,2011,90.7592468261719
stp,2012,89.8536605834961
stp,2013,92.8497085571289
stp,2014,96.0786819458008
stp,2015,100.582420349121
sur,1971,84.657341003418
sur,1972,84.0610809326172
sur,1973,87.1623382568359
sur,1974,89.5719299316406
sur,1975,88.0709533691406
sur,1976,79.7698516845703
sur,1977,86.2966384887695
sur,1978,87.2997131347656
sur,1979,88.6467514038086
sur,1980,88.3468170166016
sur,1981,76.7442932128906
sur,1982,84.6389770507813
sur,1983,86.8789596557617
sur,1984,89.0845336914063
sur,1985,94.7049789428711
sur,1986,98.9679412841797
sur,1987,92.0001525878906
sur,1988,91.1000671386719
sur,1989,93.2264785766602
sur,1990,87.3805389404297
sur,1991,85.4192733764648
sur,1992,98.2929382324219
sur,1993,97.4012222290039
sur,2001,85.4423217773438
sur,2002,85.7728576660156
sur,2005,88.7550582885742
sur,2006,91.8791732788086
sur,2007,91.433708190918
sur,2008,95.8989410400391
sur,2009,96.2514801025391
sur,2011,102.838150024414
sur,2013,96.9695816040039
svk,1993,91.6213531494141
svk,1994,91.8955535888672
svk,1995,92.6138229370117
svk,1996,93.6493682861328
svk,1997,93.706916809082
svk,1998,89.1779098510742
svk,1999,89.5250930786133
svk,2000,90.374382019043
svk,2001,90.6706695556641
svk,2002,91.4742431640625
svk,2003,92.7534332275391
svk,2004,94.3605270385742
svk,2005,94.984130859375
svk,2006,95.0943984985352
svk,2007,95.3864517211914
svk,2008,95.1807403564453
svk,2009,94.9559783935547
svk,2010,95.1557006835938
svk,2011,95.3091201782227
svk,2012,95.62890625
svk,2013,94.6374664306641
svk,2014,94.5947494506836
svn,1982,74.2679595947266
svn,1983,80.9827499389648
svn,1984,86.2982482910156
svn,1985,88.7571563720703
svn,1986,88.5599365234375
svn,1987,88.3692626953125
svn,1988,88.8236618041992
svn,1989,89.3946685791016
svn,1990,90.2391204833984
svn,1991,90.6764297485352
svn,1992,91.3727111816406
svn,1993,90.0198364257813
svn,1994,90.2067413330078
svn,1995,91.9946212768555
svn,1996,92.4216537475586
svn,1997,93.8910675048828
svn,1998,94.5643081665039
svn,1999,99.0142135620117
svn,2000,99.8327865600586
svn,2001,104.977340698242
svn,2002,106.78784942627
svn,2003,109.43482208252
svn,2004,104.222450256348
svn,2005,98.1388092041016
svn,2006,98.3765869140625
svn,2007,98.0448837280273
svn,2008,98.0268325805664
svn,2009,97.9764709472656
svn,2010,98.0504837036133
svn,2011,98.0869903564453
svn,2012,98.3393478393555
svn,2013,105.522682189941
svn,2014,105.424606323242
swe,1971,89.9799880981445
swe,1972,86.5638275146484
swe,1973,91.9685974121094
swe,1974,90.8124389648438
swe,1975,91.7116088867188
swe,1976,90.0154113769531
swe,1977,89.456657409668
swe,1978,89.7298431396484
swe,1979,91.7334594726563
swe,1980,91.8682479858398
swe,1981,92.2211303710938
swe,1982,91.9287796020508
swe,1983,92.1512908935547
swe,1984,91.9883575439453
swe,1985,91.282600402832
swe,1986,93.4863815307617
swe,1987,93.1844100952148
swe,1988,94.0062713623047
swe,1989,93.9697875976563
swe,1990,94.2992935180664
swe,1991,94.7051696777344
swe,1992,95.8262481689453
swe,1993,112.806617736816
swe,1994,115.626777648926
swe,1995,117.417343139648
swe,1996,119.345512390137
swe,1997,121.256912231445
swe,1998,131.559661865234
swe,1999,131.663284301758
swe,2000,129.299850463867
swe,2001,127.469329833984
swe,2002,125.302406311035
swe,2003,121.648628234863
swe,2004,100.31175994873
swe,2005,100.048728942871
swe,2006,99.8705825805664
swe,2007,99.9447326660156
swe,2008,100.342910766602
swe,2009,99.8122406005859
swe,2010,99.6307830810547
swe,2011,98.5046768188477
swe,2012,99.8557662963867
swe,2013,124.602447509766
swe,2014,126.885261535645
swz,1970,55.2027015686035
swz,1971,56.1904602050781
swz,1972,59.0203514099121
swz,1973,61.8222312927246
swz,1974,63.7783393859863
swz,1975,64.9458312988281
swz,1976,65.3645629882813
swz,1977,66.5412979125977
swz,1978,66.9520263671875
swz,1979,67.9589767456055
swz,1980,69.5105972290039
swz,1985,74.5421295166016
swz,1992,78.4496536254883
swz,1993,77.460693359375
swz,1994,77.653923034668
swz,1995,78.4956893920898
swz,1996,77.0707931518555
swz,1998,75.5059204101563
swz,1999,75.4205780029297
swz,2000,74.4267730712891
swz,2001,73.9535369873047
swz,2002,73.4036102294922
swz,2003,73.3075332641602
swz,2004,77.7272720336914
swz,2005,79.7042388916016
swz,2006,83.9589233398438
swz,2007,86.6557464599609
swz,2009,86.7268371582031
swz,2010,91.3141708374023
swz,2011,91.8350296020508
swz,2012,91.968017578125
swz,2013,92.5123062133789
syc,1970,65.4332809448242
syc,1971,67.9709777832031
syc,1972,69.6540603637695
syc,1973,70.6036529541016
syc,1974,72.3841171264648
syc,1975,70.299560546875
syc,1976,65.3293075561523
syc,1978,70.4928970336914
syc,1979,71.3456573486328
syc,1980,71.9420394897461
syc,1981,76.9843521118164
syc,1982,83.1236190795898
syc,1983,85.1403274536133
syc,1984,102.11604309082
syc,1985,104.268989562988
syc,1986,105.579246520996
syc,1987,104.64379119873
syc,1988,103.752098083496
syc,1989,102.99365234375
syc,1991,104.752532958984
syc,1992,105.596687316895
syc,1993,105.943412780762
syc,1994,108.276908874512
syc,1995,107.38500213623
syc,1996,107.942916870117
syc,1998,100.69149017334
syc,1999,87.6338729858398
syc,2000,87.7390594482422
syc,2001,86.5373382568359
syc,2002,86.3983001708984
syc,2003,89.1216430664063
syc,2004,87.4170837402344
syc,2005,94.015510559082
syc,2007,91.3419876098633
syc,2008,89.6731796264648
syc,2009,89.6305618286133
syc,2010,90.0133209228516
syc,2011,91.4565505981445
syc,2012,93.578239440918
syc,2013,88.7219772338867
syc,2014,88.7567291259766
syr,1971,60.1404418945313
syr,1972,63.9649200439453
syr,1973,68.2149276733398
syr,1974,70.0770568847656
syr,1975,70.9839630126953
syr,1976,72.5851821899414
syr,1977,72.9234466552734
syr,1978,73.2981262207031
syr,1979,73.859130859375
syr,1980,74.1180191040039
syr,1981,74.4177932739258
syr,1982,75.5987167358398
syr,1983,76.7434921264648
syr,1984,79.1363677978516
syr,1985,80.8404922485352
syr,1986,82.3830795288086
syr,1987,84.0569610595703
syr,1988,83.002799987793
syr,1989,82.6009902954102
syr,1990,80.9809417724609
syr,1991,80.5000686645508
syr,1992,79.9783172607422
syr,1993,78.9287033081055
syr,1994,78.2327880859375
syr,1995,77.1788787841797
syr,1996,76.2519607543945
syr,1997,75.6187973022461
syr,1998,75.429328918457
syr,1999,75.9643020629883
syr,2000,76.7672424316406
syr,2001,78.4895172119141
syr,2002,80.4097518920898
syr,2003,83.269172668457
syr,2004,85.6256103515625
syr,2005,88.0510864257813
syr,2006,88.2120895385742
syr,2007,88.5443801879883
syr,2008,88.8566818237305
syr,2009,88.5112915039063
syr,2010,89.9632873535156
syr,2011,93.5613403320313
syr,2012,95.7321166992188
syr,2013,60.6855010986328
tcd,1971,17.2863292694092
tcd,1972,17.0874195098877
tcd,1974,17.6385593414307
tcd,1975,17.6918792724609
tcd,1976,18.4385395050049
tcd,1977,18.9644203186035
tcd,1985,21.3816604614258
tcd,1987,23.0505409240723
tcd,1989,26.2829399108887
tcd,1990,29.3894901275635
tcd,1994,28.4843692779541
tcd,1995,28.266580581665
tcd,1996,29.4957599639893
tcd,1997,32.4347381591797
tcd,1998,35.9784317016602
tcd,1999,37.0606498718262
tcd,2000,38.8689804077148
tcd,2001,40.9247093200684
tcd,2002,43.3725891113281
tcd,2003,45.0568008422852
tcd,2004,47.0527610778809
tcd,2005,45.4019012451172
tcd,2006,45.1743698120117
tcd,2007,45.730598449707
tcd,2008,51.0926895141602
tcd,2009,54.3087387084961
tcd,2010,54.0622215270996
tcd,2011,57.7936096191406
tcd,2012,59.7075309753418
tgo,1971,37.98828125
tgo,1972,41.7611389160156
tgo,1973,45.6662216186523
tgo,1974,48.1926193237305
tgo,1975,50.7585792541504
tgo,1976,55.9340209960938
tgo,1977,60.819580078125
tgo,1978,64.3220291137695
tgo,1979,69.1048889160156
tgo,1980,71.77490234375
tgo,1982,68.830680847168
tgo,1983,64.2310180664063
tgo,1984,56.3316688537598
tgo,1985,52.7139015197754
tgo,1986,52.086368560791
tgo,1987,54.6184692382813
tgo,1988,55.597110748291
tgo,1989,56.7579116821289
tgo,1990,58.6276016235352
tgo,1991,60.6140289306641
tgo,1992,59.4345817565918
tgo,1994,57.288330078125
tgo,1995,63.9180183410645
tgo,1996,67.5660171508789
tgo,1997,68.8234024047852
tgo,1999,75.0209732055664
tgo,2000,72.6359176635742
tgo,2001,74.7956237792969
tgo,2002,77.7185287475586
tgo,2003,77.573371887207
tgo,2004,77.8043975830078
tgo,2005,78.6038284301758
tgo,2006,81.5583724975586
tgo,2007,77.2519912719727
tgo,2011,90.899787902832
tha,1971,59.478328704834
tha,1972,60.6048889160156
tha,1973,61.2472114562988
tha,1974,61.9986686706543
tha,1975,61.8871917724609
tha,1976,62.105411529541
tha,1977,62.1549301147461
tha,1978,62.0074615478516
tha,1979,62.3275489807129
tha,1980,64.3642272949219
tha,1981,65.0843200683594
tha,1982,65.1202774047852
tha,1984,64.0273208618164
tha,1985,63.7658615112305
tha,1986,63.0104293823242
tha,1987,62.8931198120117
tha,1988,62.386058807373
tha,1989,62.1115493774414
tha,1990,62.788459777832
tha,1991,64.0596694946289
tha,1992,65.9356536865234
tha,1993,67.6518707275391
tha,1994,69.5303268432617
tha,1995,70.8385162353516
tha,1996,72.2438201904297
tha,1997,74.3403091430664
tha,1998,76.9674682617188
tha,2001,79.6908111572266
tha,2002,81.0661468505859
tha,2004,82.6580429077148
tha,2005,84.6629486083984
tha,2006,84.0284271240234
tha,2007,87.096549987793
tha,2008,87.7408676147461
tha,2009,88.8526763916016
tha,2010,89.6409606933594
tha,2011,91.876708984375
tha,2012,92.1266479492188
tha,2013,91.8647537231445
tjk,1991,98.1261215209961
tjk,1992,97.6353530883789
tjk,1993,90.4132537841797
tjk,1994,85.0815277099609
tjk,1995,84.8955307006836
tjk,1999,82.3799362182617
tjk,2000,82.0563278198242
tjk,2001,82.5723190307617
tjk,2002,84.5655288696289
tjk,2003,86.7410888671875
tjk,2004,86.9917678833008
tjk,2005,87.1567687988281
tjk,2006,87.4997482299805
tjk,2007,87.7846603393555
tjk,2008,89.0208892822266
tjk,2009,89.322998046875
tjk,2010,90.0220565795898
tjk,2011,90.5173187255859
tjk,2012,91.1205062866211
tjk,2013,91.8554077148438
tkm,2014,86.7303085327148
tls,2001,83.0448684692383
tls,2002,83.3252410888672
tls,2003,81.722282409668
tls,2004,82.1208267211914
tls,2005,76.9881134033203
tls,2008,82.7598495483398
tls,2009,92.563117980957
tls,2010,101.747352600098
tls,2011,105.31022644043
tls,2012,105.969436645508
tls,2013,105.624542236328
tls,2014,106.520309448242
ton,1970,100.621162414551
ton,1971,93.5229034423828
ton,1972,91.2716369628906
ton,1973,90.2793884277344
ton,1974,91.0818862915039
ton,1975,98.1971588134766
ton,1978,104.063346862793
ton,1981,112.432899475098
ton,1982,113.076072692871
ton,1983,111.728622436523
ton,1984,105.941856384277
ton,1985,101.306739807129
ton,1986,98.1938171386719
ton,1990,102.882049560547
ton,1991,102.962959289551
ton,1993,107.988609313965
ton,1998,104.761413574219
ton,1999,109.10823059082
ton,2000,107.926582336426
ton,2001,108.473159790039
ton,2002,110.818748474121
ton,2003,118.022323608398
ton,2004,109.104598999023
ton,2006,106.685317993164
ton,2007,107.899070739746
ton,2008,106.444702148438
ton,2009,106.060607910156
ton,2010,106.345420837402
ton,2011,106.72664642334
ton,2012,100.587699890137
ton,2013,100.006233215332
ton,2014,98.8680191040039
tto,1971,87.9968872070313
tto,1972,87.5062103271484
tto,1973,85.7740478515625
tto,1977,87.5623474121094
tto,1981,87.9092407226563
tto,1982,90.3182983398438
tto,1983,91.3010787963867
tto,1984,90.603141784668
tto,1985,90.6181106567383
tto,1986,90.120002746582
tto,1987,92.3563385009766
tto,1988,93.2359313964844
tto,1989,91.7607574462891
tto,1990,90.9437408447266
tto,1991,89.7136383056641
tto,1992,89.1443099975586
tto,1993,89.2495193481445
tto,2004,93.9829330444336
tun,1971,64.1521987915039
tun,1972,63.5439987182617
tun,1973,59.524471282959
tun,1974,57.6135787963867
tun,1975,58.401969909668
tun,1976,58.90869140625
tun,1977,60.398021697998
tun,1978,61.6114082336426
tun,1979,62.0598983764648
tun,1980,63.1340293884277
tun,1981,63.5400810241699
tun,1982,66.0834274291992
tun,1983,69.9243087768555
tun,1984,72.3447265625
tun,1985,74.5420684814453
tun,1986,76.9594879150391
tun,1987,77.3415069580078
tun,1988,77.8769073486328
tun,1989,78.2035675048828
tun,1990,79.3484115600586
tun,1991,79.805419921875
tun,1992,80.1285095214844
tun,1993,81.0658798217773
tun,1994,83.8636627197266
tun,1995,85.2121200561523
tun,1996,86.179817199707
tun,1997,85.9767684936523
tun,1998,89.5188980102539
tun,1999,91.8588714599609
tun,2000,92.9078063964844
tun,2001,93.7024002075195
tun,2002,93.9467391967773
tun,2003,93.0846786499023
tun,2004,94.8190536499023
tun,2005,96.1281661987305
tun,2006,96.513298034668
tun,2007,97.0754928588867
tun,2008,97.7233581542969
tun,2009,97.0073623657227
tun,2010,97.6092224121094
tun,2011,98.8334732055664
tun,2013,99.5611419677734
tun,2014,99.1535568237305
tur,1971,65.1194305419922
tur,1972,66.3131408691406
tur,1973,67.2947769165039
tur,1974,67.2344589233398
tur,1976,68.5384826660156
tur,1977,69.054443359375
tur,1978,68.677490234375
tur,1979,68.799072265625
tur,1981,67.9428482055664
tur,1982,69.0407028198242
tur,1983,69.7286911010742
tur,1984,73.1417617797852
tur,1986,74.3400421142578
tur,1987,74.6144714355469
tur,1988,76.0849609375
tur,1989,75.6746978759766
tur,1990,76.0171203613281
tur,1991,76.6123962402344
tur,1992,77.2344665527344
tur,1993,77.6496429443359
tur,1994,77.2319564819336
tur,1995,78.3711166381836
tur,1997,78.0859680175781
tur,1999,85.1635665893555
tur,2000,86.2722930908203
tur,2001,92.9327011108398
tur,2002,95.9530563354492
tur,2003,95.6143264770508
tur,2004,93.9589920043945
tur,2005,92.4990310668945
tur,2006,94.5092468261719
tur,2007,96.0484313964844
tur,2008,95.0042266845703
tur,2009,88.606086730957
tur,2010,91.5276412963867
tur,2011,93.7180480957031
tur,2012,90.7367095947266
tur,2013,102.464347839355
tuv,2001,86.151008605957
tuv,2014,90.7580490112305
tza,1970,21.3310203552246
tza,1971,22.2166404724121
tza,1972,23.5969696044922
tza,1973,25.1540203094482
tza,1974,27.196159362793
tza,1975,32.9743881225586
tza,1976,38.9612884521484
tza,1977,43.7819519042969
tza,1978,55.413990020752
tza,1979,57.5056381225586
tza,1980,58.3354187011719
tza,1981,59.1997909545898
tza,1982,56.8718795776367
tza,1983,55.7648696899414
tza,1984,52.9548606872559
tza,1985,46.8172416687012
tza,1986,45.3056602478027
tza,1987,44.0417785644531
tza,1988,42.9292984008789
tza,1989,42.9332695007324
tza,1991,43.6644706726074
tza,1992,43.2952194213867
tza,1993,43.3727912902832
tza,1994,42.6822090148926
tza,1995,42.3336715698242
tza,1996,41.8435707092285
tza,1997,42.0925216674805
tza,2010,71.290283203125
tza,2012,67.5791320800781
tza,2013,64.8856735229492
uga,1970,25.1691207885742
uga,1973,25.7536792755127
uga,1974,26.8800792694092
uga,1975,28.8531799316406
uga,1976,30.019510269165
uga,1977,31.8796005249023
uga,1978,32.7445983886719
uga,1979,32.2135009765625
uga,1980,33.3688087463379
uga,1981,34.9932518005371
uga,1982,39.7915115356445
uga,1983,40.759578704834
uga,1984,44.3095817565918
uga,1985,47.1103096008301
uga,1986,47.8688011169434
uga,1987,48.6913681030273
uga,1988,49.2543983459473
uga,1990,46.8443412780762
uga,1991,46.7187385559082
uga,1992,42.3033218383789
uga,1993,45.053768157959
uga,1994,45.4196090698242
uga,1995,45.9321098327637
uga,1997,74.9971237182617
uga,1998,79.0851211547852
uga,1999,82.3620300292969
uga,2000,85.9020233154297
uga,2001,87.2952117919922
uga,2002,90.7864532470703
uga,2003,91.0879898071289
uga,2004,85.5035095214844
uga,2005,81.4531402587891
uga,2006,81.0773391723633
uga,2007,81.6772079467773
uga,2008,83.7968368530273
uga,2009,84.7960968017578
uga,2010,82.9212799072266
uga,2011,77.7997894287109
uga,2013,76.9184417724609
ukr,1981,99.2315826416016
ukr,1982,99.0810317993164
ukr,1983,99.1927185058594
ukr,1984,99.005989074707
ukr,1985,98.792610168457
ukr,1986,98.8625411987305
ukr,1988,101.031700134277
ukr,1990,99.4188766479492
ukr,1991,100.410316467285
ukr,1992,98.8127365112305
ukr,1993,98.3438415527344
ukr,1994,98.5224075317383
ukr,1999,105.512016296387
ukr,2000,106.80632019043
ukr,2001,109.195426940918
ukr,2002,110.963981628418
ukr,2003,103.505638122559
ukr,2004,100.300788879395
ukr,2005,99.7207794189453
ukr,2006,98.3800201416016
ukr,2007,97.3925094604492
ukr,2008,96.5585708618164
ukr,2009,96.156608581543
ukr,2010,97.4849319458008
ukr,2011,97.5430297851563
ukr,2012,100.682510375977
ukr,2013,101.638458251953
ukr,2014,100.978248596191
umc,1970,72.9801025390625
umc,1971,75.8017730712891
umc,1972,78.9800262451172
umc,1973,83.3209686279297
umc,1974,84.7853317260742
umc,1975,86.1719207763672
umc,1976,88.3111114501953
umc,1977,86.179573059082
umc,1978,82.4050674438477
umc,1979,83.3682098388672
umc,1980,81.3726272583008
umc,1981,79.7758331298828
umc,1982,77.400146484375
umc,1983,75.803337097168
umc,1984,75.6637573242188
umc,1985,74.2561111450195
umc,1986,79.2028503417969
umc,1987,79.7741088867188
umc,1988,80.9224700927734
umc,1989,81.5083465576172
umc,1990,82.3073425292969
umc,1991,82.8636474609375
umc,1992,84.112419128418
umc,1993,84.9981231689453
umc,1994,85.49169921875
umc,1995,87.3987503051758
umc,1996,88.2014465332031
umc,1997,87.8127593994141
umc,1998,89.0238418579102
umc,1999,89.104606628418
umc,2000,88.5562973022461
umc,2001,88.3191986083984
umc,2002,88.5705718994141
umc,2003,88.7615966796875
umc,2004,88.2442092895508
umc,2005,87.1067199707031
umc,2006,88.5346832275391
umc,2007,91.0232696533203
umc,2008,93.5562133789063
umc,2009,95.2294082641602
umc,2010,96.4219665527344
umc,2011,97.9881591796875
umc,2012,98.7803497314453
umc,2013,100.355743408203
umc,2014,98.9856414794922
ury,1970,86.7562637329102
ury,1971,87.9899368286133
ury,1972,87.8446197509766
ury,1973,89.24462890625
ury,1974,85.8003692626953
ury,1975,83.6252288818359
ury,1976,84.7090377807617
ury,1977,84.6805419921875
ury,1978,84.1459274291992
ury,1979,83.3538970947266
ury,1981,95.255859375
ury,1982,90.9366226196289
ury,1983,89.1716995239258
ury,1984,89.7074508666992
ury,1985,90.3604583740234
ury,1986,90.5271377563477
ury,1987,90.3529891967773
ury,1988,91.8257522583008
ury,1989,93.0885925292969
ury,1990,94.7128372192383
ury,1991,95.9697875976563
ury,1992,95.350830078125
ury,1993,94.7519073486328
ury,1994,94.3263168334961
ury,1995,95.1433563232422
ury,1996,97.0569000244141
ury,1998,100.809448242188
ury,1999,102.011207580566
ury,2000,103.814987182617
ury,2001,105.073516845703
ury,2002,108.213088989258
ury,2003,110.166091918945
ury,2004,109.838668823242
ury,2005,107.57398223877
ury,2006,108.01309967041
ury,2007,103.123542785645
ury,2008,100.58674621582
ury,2009,101.484893798828
ury,2010,100.952949523926
ury,2013,101.74633026123
usa,1971,86.1838836669922
usa,1972,86.4223327636719
usa,1974,87.2124786376953
usa,1975,87.1151733398438
usa,1976,87.5872802734375
usa,1977,87.7031021118164
usa,1978,87.7397308349609
usa,1979,84.0359191894531
usa,1980,94.5264205932617
usa,1981,93.7660675048828
usa,1982,96.4419631958008
usa,1983,95.9124526977539
usa,1984,96.4367828369141
usa,1985,96.0581207275391
usa,1986,97.3494186401367
usa,1987,97.9673461914063
usa,1990,98.0856018066406
usa,1991,97.6923522949219
usa,1993,99.2315826416016
usa,1994,99.5149917602539
usa,1995,99.539192199707
usa,1996,99.3691177368164
usa,1998,99.4130935668945
usa,1999,98.8297729492188
usa,2000,97.8582992553711
usa,2001,98.4731597900391
usa,2002,96.929313659668
usa,2003,97.7678298950195
usa,2004,97.7186813354492
usa,2005,98.1244125366211
usa,2006,98.3891220092773
usa,2007,99.3004684448242
usa,2008,99.5397262573242
usa,2009,98.7602462768555
usa,2010,97.3679962158203
usa,2011,97.2278900146484
usa,2012,97.2306213378906
usa,2013,97.6560516357422
usa,2014,98.5447692871094
uzb,1981,106.858993530273
uzb,1986,109.973510742188
uzb,1989,105.199859619141
uzb,1990,104.25212097168
uzb,1991,103.118629455566
uzb,1992,100.00659942627
uzb,1993,97.5863800048828
uzb,1994,96.5378265380859
uzb,1995,96.0638809204102
uzb,1999,90.6864318847656
uzb,2000,91.9347381591797
uzb,2003,98.9585418701172
uzb,2004,99.6109008789063
uzb,2005,93.8235473632813
uzb,2006,93.7062835693359
uzb,2007,94.4737014770508
uzb,2008,93.612907409668
uzb,2009,94.6665573120117
uzb,2010,95.4546813964844
uzb,2011,95.8552169799805
vct,1971,85.1849822998047
vct,1972,103.203506469727
vct,1974,69.742317199707
vct,1975,66.2886428833008
vct,1976,69.0966033935547
vct,1982,74.7319717407227
vct,1984,76.816650390625
vct,1986,81.803466796875
vct,1987,82.3774032592773
vct,1991,87.8201217651367
vct,2000,103.085929870605
vct,2001,104.331451416016
vct,2002,103.292091369629
vct,2003,105.59105682373
vct,2004,105.846687316895
vct,2005,106.124488830566
vct,2007,106.83918762207
vct,2008,108.190002441406
vct,2009,107.479499816895
vct,2010,106.122528076172
vct,2011,101.364601135254
vct,2012,103.410011291504
vct,2013,104.279258728027
vct,2014,104.70002746582
ven,1971,66.287353515625
ven,1972,67.020866394043
ven,1973,67.3731231689453
ven,1974,67.1303482055664
ven,1975,67.9476928710938
ven,1976,71.1804428100586
ven,1977,73.117790222168
ven,1978,75.0117111206055
ven,1979,76.3859634399414
ven,1980,78.0971069335938
ven,1981,79.7269515991211
ven,1982,81.3198928833008
ven,1983,82.285026550293
ven,1984,82.6081695556641
ven,1985,84.1990203857422
ven,1986,85.0967407226563
ven,1987,85.1055221557617
ven,1988,84.8778915405273
ven,1989,84.3421096801758
ven,1990,84.5742111206055
ven,1991,86.4186782836914
ven,1992,87.4664306640625
ven,1993,86.4463882446289
ven,1999,79.8479232788086
ven,2000,81.8227996826172
ven,2001,84.8843231201172
ven,2002,87.800178527832
ven,2003,87.2439422607422
ven,2004,88.3462066650391
ven,2005,89.267822265625
ven,2006,90.4424209594727
ven,2007,92.6364212036133
ven,2008,91.9767837524414
ven,2009,92.6094207763672
ven,2010,92.3436279296875
ven,2011,92.7361679077148
ven,2012,93.8490829467773
ven,2013,97.5970611572266
ven,2014,96.7154693603516
vnm,1976,69.0030822753906
vnm,1977,71.3473587036133
vnm,1980,73.1213989257813
vnm,1990,65.4364395141602
vnm,1998,82.3619918823242
vut,1970,67.0376510620117
vut,1971,67.1767120361328
vut,1972,64.3321304321289
vut,1973,64.4743118286133
vut,1974,64.7433700561523
vut,1975,64.0835494995117
vut,1976,64.6329879760742
vut,1977,65.1777191162109
vut,1978,65.5265197753906
vut,1980,66.1669998168945
vut,1981,64.538948059082
vut,1983,61.6070594787598
vut,1989,60.8920593261719
vut,1991,58.9594688415527
vut,1999,73.7157287597656
vut,2000,77.131477355957
vut,2001,78.0150680541992
vut,2002,80.3963088989258
vut,2003,82.5837936401367
vut,2004,81.8532791137695
vut,2010,91.0717697143555
wld,1970,65.1225509643555
wld,1971,66.0665664672852
wld,1972,67.5272979736328
wld,1973,69.6537322998047
wld,1974,70.2718505859375
wld,1975,71.1367263793945
wld,1976,72.1704177856445
wld,1977,72.2857513427734
wld,1978,71.1775894165039
wld,1979,71.8661117553711
wld,1980,72.0587921142578
wld,1981,71.8815994262695
wld,1982,71.5369720458984
wld,1983,71.4222030639648
wld,1984,71.6146011352539
wld,1985,71.0079193115234
wld,1986,73.1240997314453
wld,1987,73.09423828125
wld,1988,73.5715408325195
wld,1989,73.7646102905273
wld,1990,73.905632019043
wld,1991,74.3753662109375
wld,1992,74.9635314941406
wld,1993,75.8166809082031
wld,1994,76.3936004638672
wld,1995,77.0621032714844
wld,1996,77.2853317260742
wld,1997,77.536750793457
wld,1998,77.7944030761719
wld,1999,77.7593688964844
wld,2000,78.1449203491211
wld,2001,78.3140411376953
wld,2002,79.082878112793
wld,2003,80.5028610229492
wld,2004,81.0408172607422
wld,2005,81.3014526367188
wld,2006,82.2330627441406
wld,2007,83.8460235595703
wld,2008,85.195182800293
wld,2009,85.8103713989258
wld,2010,86.8331298828125
wld,2011,87.7613220214844
wld,2012,88.7007064819336
wld,2013,89.3801422119141
wld,2014,89.1158599853516
wsm,1970,70.043212890625
wsm,1973,72.1273727416992
wsm,1975,79.4417724609375
wsm,1976,80.7535934448242
wsm,1977,83.2449569702148
wsm,1978,83.8667068481445
wsm,1979,85.3835830688477
wsm,1980,86.6590118408203
wsm,1981,86.4546279907227
wsm,1982,89.0245895385742
wsm,1986,90.2726364135742
wsm,1994,87.5704574584961
wsm,1995,87.6382369995117
wsm,1996,86.6352920532227
wsm,1997,88.7132720947266
wsm,1998,88.2498168945313
wsm,1999,87.6507873535156
wsm,2000,87.7486877441406
wsm,2001,90.605827331543
wsm,2002,93.5029525756836
wsm,2003,95.7692489624023
wsm,2004,96.323371887207
wsm,2005,96.0143890380859
wsm,2006,95.9475784301758
wsm,2007,95.6426773071289
wsm,2009,95.9807662963867
wsm,2010,98.8493194580078
wsm,2011,96.1605072021484
wsm,2012,95.1949996948242
wsm,2014,96.3803482055664
yem,1999,58.4537200927734
yem,2001,63.2543296813965
yem,2003,65.9311599731445
yem,2004,67.8058395385742
yem,2005,68.2131118774414
yem,2008,66.3086776733398
yem,2010,67.6587066650391
yem,2011,70.8973693847656
yem,2012,71.2268295288086
yem,2013,74.1424865722656
zaf,1989,89.031120300293
zaf,1990,90.894401550293
zaf,1991,93.505729675293
zaf,1994,101.269607543945
zaf,1998,104.68042755127
zaf,1999,103.170600891113
zaf,2000,97.1873779296875
zaf,2001,96.5686569213867
zaf,2002,96.6242599487305
zaf,2003,96.2676010131836
zaf,2004,96.2856063842773
zaf,2005,95.1456680297852
zaf,2006,95.1869964599609
zaf,2007,95.7771606445313
zaf,2008,94.3175582885742
zaf,2009,94.1005325317383
zaf,2010,93.7583618164063
zaf,2011,94.1082611083984
zaf,2012,95.2284469604492
zaf,2013,96.3922729492188
zaf,2014,97.2231521606445
zmb,1970,61.889289855957
zmb,1971,62.7636795043945
zmb,1972,64.3756637573242
zmb,1973,64.2830963134766
zmb,1974,65.5312423706055
zmb,1975,64.4757690429688
zmb,1976,64.6886672973633
zmb,1977,64.3636322021484
zmb,1978,63.8966102600098
zmb,1979,63.5051002502441
zmb,1980,63.9419288635254
zmb,1981,63.3992004394531
zmb,1982,63.7965393066406
zmb,1985,69.0812606811523
zmb,1986,68.5861511230469
zmb,1987,66.9544830322266
zmb,1988,66.8306579589844
zmb,1990,65.3006896972656
zmb,1994,60.655948638916
zwe,1970,46.4483795166016
zwe,1971,42.5908393859863
zwe,1972,44.6638717651367
zwe,1973,45.163501739502
zwe,1974,46.0761413574219
zwe,1975,46.1877784729004
zwe,1976,45.8045310974121
zwe,1977,44.8229713439941
zwe,1978,40.4094085693359
zwe,1979,38.9390602111816
zwe,1980,54.438060760498
zwe,1981,74.6721267700195
zwe,1982,82.2837219238281
zwe,1983,87.5578765869141
zwe,1984,90.8145980834961
zwe,1985,92.4764633178711
zwe,1986,92.2260437011719
zwe,1987,86.8882904052734
zwe,1988,83.5755462646484
zwe,1989,82.2074279785156
zwe,1990,76.3303375244141
zwe,1991,79.6857528686523
zwe,1992,76.2636871337891
zwe,1993,77.0858383178711
zwe,1995,77.0004730224609
zwe,1996,76.6686325073242
zwe,1997,76.9870223999023
zwe,1999,74.6027221679688
zwe,2000,74.3653869628906
zwe,2001,76.2153091430664
zwe,2002,72.2053070068359
zwe,2003,69.7497024536133
zwe,2012,78.1641082763672
zwe,2013,77.4043579101563
