country,year,ny_gnp_mktp_pp_cd
afg,2002,19202168208.0175
afg,2003,21252007733.2421
afg,2004,22134851020.6294
afg,2005,25406550418.3726
afg,2006,27761871367.4836
afg,2007,32316545463.8146
afg,2008,34181087567.1196
afg,2009,41684373490.0272
afg,2010,45732340266.1703
afg,2011,49888820621.1393
afg,2012,58374063905.6029
afg,2013,60437950526.3377
afg,2014,61987812986.7453
afg,2015,63484164846.6591
afg,2016,65882247333.3431
ago,1990,34569336016.9061
ago,1991,30879923480.5458
ago,1992,20680131175.5297
ago,1993,15890782646.027
ago,1994,13109248642.22
ago,1995,26009612297.3911
ago,1996,28105376771.2584
ago,1997,33734418127.4622
ago,1998,35182528013.593
ago,1999,33723722277.7798
ago,2000,37307741782.9632
ago,2001,40228030725.6054
ago,2002,40031831004.9999
ago,2003,43423649918.7186
ago,2004,49188824296.1127
ago,2005,58938608655.37
ago,2006,72912494849.1169
ago,2007,94146815092.4198
ago,2008,104602318263.516
ago,2009,117298870325.551
ago,2010,121741471754.915
ago,2011,129828021354.222
ago,2012,139469689703.388
ago,2013,153218100914.549
ago,2014,165131842128.595
ago,2015,174585424949.716
ago,2016,175824539369.849
alb,1990,8936616133.04169
alb,1991,6383721402.17053
alb,1992,5926161547.80855
alb,1993,6863118725.36818
alb,1994,7685143062.04503
alb,1995,9025994986.16058
alb,1996,10060976688.3039
alb,1997,9121092999.33546
alb,1998,10323883258.2542
alb,1999,11728133113.0742
alb,2000,12803747818.3818
alb,2001,14086164166.7171
alb,2002,14862447114.8708
alb,2003,15970079426.4553
alb,2004,17117648305.7302
alb,2005,18254756484.9066
alb,2006,20433277537.8108
alb,2007,22251370023.3844
alb,2008,24373970771.7619
alb,2009,25421195185.2629
alb,2010,27820055122.4104
alb,2011,29663043023.4061
alb,2012,30302923407.9738
alb,2013,30709658546.8974
alb,2014,32348792715.0068
alb,2015,32663036646.2501
alb,2016,33572414004.6878
arb,1990,1457549939396.57
arb,1991,1576325703924.36
arb,1992,1670903147711.04
arb,1993,1746725749104.94
arb,1994,1821676316378.35
arb,1995,1917539323509.6
arb,1996,2032946972032.89
arb,1997,2157954140495.37
arb,1998,2279361420285.9
arb,1999,2341814414784.36
arb,2000,2488747845750.23
arb,2001,2615119614144.8
arb,2002,2681533300232.12
arb,2003,2911112994660.13
arb,2004,3207184751587.06
arb,2005,3522541066536.45
arb,2006,3918673213480.23
arb,2007,4264105163475.12
arb,2008,4595603160459.47
arb,2009,4711915495673.22
arb,2010,4967083881784.26
arb,2011,5325690585241.99
arb,2012,5743826784830.3
arb,2013,5968527902258.82
are,2001,280831865270.854
are,2002,280767744146.641
are,2003,308841098463.829
are,2004,349509105060.538
are,2005,382483288713.593
are,2006,435296665533.776
are,2007,466138360206.735
are,2008,480758770611.992
are,2009,458219929516.157
are,2010,466430838270.45
are,2011,506666150859.09
are,2012,542599447716.908
are,2013,585181040865.654
are,2014,613747578145.53
are,2015,647519674884.806
are,2016,676462187453.675
arg,1990,218759633009.263
arg,1991,258136517828.273
arg,1992,299295164749.653
arg,1993,326379402093.412
arg,1994,352284452481.358
arg,1995,348075314891.159
arg,1996,373209846851.091
arg,1997,409961396554.712
arg,1998,428808147190.214
arg,1999,419961807851.945
arg,2000,426027857759.807
arg,2001,415584811228.832
arg,2002,359183623079.468
arg,2003,403352108932.317
arg,2004,453888625711.513
arg,2005,520423058066.789
arg,2006,582600188768.878
arg,2007,656547284620.024
arg,2008,697524133570.434
arg,2009,657150616161.992
arg,2010,729947520649.598
arg,2011,794545309061.107
arg,2012,804832959886.585
arg,2013,839366658948.401
arg,2014,833726086001.528
arg,2015,867930493367.336
arg,2016,856500930691.269
arm,1990,8243622077.32556
arm,1991,7799721806.9342
arm,1992,3883786430.49208
arm,1993,3983285124.42318
arm,1994,4669797052.24733
arm,1995,5091768590.1826
arm,1996,5649575324.42393
arm,1997,6122803147.4995
arm,1998,6464125812.4275
arm,1999,6765668294.54572
arm,2000,7312962664.13328
arm,2001,8216359860.09029
arm,2002,9503884952.94383
arm,2003,11017601206.143
arm,2004,12461664771.2174
arm,2005,14816824931.3305
arm,2006,17375047780.6536
arm,2007,20420228115.3273
arm,2008,22368198058.2348
arm,2009,19024006136.8475
arm,2010,19831190099.8922
arm,2011,20909528812.773
arm,2012,22923478928.5206
arm,2013,24560783156.3072
arm,2014,25539524823.2768
arm,2015,26577719426.9075
arm,2016,26433322781.6874
atg,1990,636489492.752448
atg,1991,695702061.082599
atg,1992,725532029.730226
atg,1993,795782353.01186
atg,1994,864983401.227534
atg,1995,843230551.515659
atg,1996,920284022.292502
atg,1997,996329253.140293
atg,1998,1058772119.23283
atg,1999,1112885742.14232
atg,2000,1185528857.52735
atg,2001,1180083058.6535
atg,2002,1185583821.85005
atg,2003,1290118693.31914
atg,2004,1396051827.04526
atg,2005,1546112113.89754
atg,2006,1797818501.22218
atg,2007,2017064807.60947
atg,2008,2046422503.51163
atg,2009,1818242129.5557
atg,2010,1733217816.52254
atg,2011,1719331908.34641
atg,2012,1798113633.98121
atg,2013,1856239082.06922
atg,2014,1981185970.21588
atg,2015,2099530740.99368
atg,2016,2234662422.29803
aus,1990,286367772270.192
aus,1991,295918420332.309
aus,1992,306726300003.992
aus,1993,329901693584.353
aus,1994,351078974109.848
aus,1995,366541113210.045
aus,1996,389953639462.48
aus,1997,411980921709.396
aus,1998,439380527567.601
aus,1999,463864451212.46
aus,2000,491159972201.219
aus,2001,517592461300.356
aus,2002,548994006689.163
aus,2003,574707097891.754
aus,2004,612908607445.63
aus,2005,640006597731.418
aus,2006,683469151998.678
aus,2007,728221580024.939
aus,2008,764453816681.124
aus,2009,843301296796.277
aus,2010,829926925208.973
aus,2011,895939385275.953
aus,2012,939104547387.695
aus,2013,1029466141306.71
aus,2014,1060999053539.77
aus,2015,1082700011692.09
aus,2016,1109159027435.74
aut,1990,149943768495.599
aut,1991,159422164388.541
aut,1992,167007046553.557
aut,1993,171932314037.348
aut,1994,179589699820.427
aut,1995,187213307694.682
aut,1996,195128582490.877
aut,1997,201501848751.034
aut,1998,211269131921.214
aut,1999,217144060110.011
aut,2000,233151213453.528
aut,2001,236251573583.992
aut,2002,250522395607.009
aut,2003,260096940525.526
aut,2004,275561736983.893
aut,2005,287476798281.967
aut,2006,311998066065.256
aut,2007,326322467102.236
aut,2008,346680570770.484
aut,2009,341663967001.188
aut,2010,354937053387.15
aut,2011,374289188740.567
aut,2012,392030460346.489
aut,2013,407466618825.439
aut,2014,419133108958.972
aut,2015,429251221646.075
aut,2016,442779131311.434
aze,1993,25180938033.2963
aze,1994,20643240295.0303
aze,1995,18518597566.8751
aze,1996,18811241904.4069
aze,1997,20597909130.6074
aze,1998,22889919358.4893
aze,1999,24789182509.7295
aze,2000,26907747949.7874
aze,2001,30092243506.5515
aze,2002,33692112299.7899
aze,2003,38251241287.3622
aze,2004,42391746219.1933
aze,2005,52683901098.0616
aze,2006,72749207117.3017
aze,2007,90616142318.729
aze,2008,108505359467.783
aze,2009,123477286948.703
aze,2010,133024671566.994
aze,2011,134628001917.261
aze,2012,141898428176.778
aze,2013,153660985190.036
aze,2014,163077609581.264
aze,2015,165349459378.146
aze,2016,157692559768.222
bdi,1990,3756324418.09537
bdi,1991,4089833755.53602
bdi,1992,4212605599.65925
bdi,1993,4052539721.95757
bdi,1994,3972859161.88532
bdi,1995,3734101527.95753
bdi,1996,3485338149.8039
bdi,1997,3499814254.50192
bdi,1998,3719212556.34057
bdi,1999,3720245424.16367
bdi,2000,3888667428.25641
bdi,2001,3937347267.87095
bdi,2002,4164829639.11602
bdi,2003,4169325526.95847
bdi,2004,4458775641.68245
bdi,2005,4710608601.80232
bdi,2006,5163205368.46635
bdi,2007,5568617974.62618
bdi,2008,5974557597.68447
bdi,2009,6184364739.19749
bdi,2010,6521832895.49804
bdi,2011,6925318798.35938
bdi,2012,7364005758.91345
bdi,2013,7851579789.92579
bdi,2014,8369313525.18676
bdi,2015,8125001950.97007
bdi,2016,8146506315.27582
bel,1990,187452503597.028
bel,1991,197990888865.462
bel,1992,205553286788.773
bel,1993,210470505957.631
bel,1994,223604160013.689
bel,1995,233132604843.155
bel,1996,237766204289.417
bel,1997,249205471955.045
bel,1998,256290213396.6
bel,1999,268170007344.194
bel,2000,293903397647.56
bel,2001,303985787671.041
bel,2002,320209435474.636
bel,2003,328169747906.824
bel,2004,340645329023.487
bel,2005,353373783903.798
bel,2006,378534377990.403
bel,2007,396782208871.251
bel,2008,417983366784.322
bel,2009,411287801787.138
bel,2010,451014161252.657
bel,2011,460300440792.344
bel,2012,482866602524.883
bel,2013,493926188899.06
bel,2014,504782456184.308
bel,2015,514514976724.598
bel,2016,522112993284.232
ben,1990,4613063579.60822
ben,1991,4990029975.57056
ben,1992,5147284664.37368
ben,1993,5682238348.14608
ben,1994,5893460054.2383
ben,1995,6390432898.79992
ben,1996,6794760899.42933
ben,1997,7354666938.85323
ben,1998,7789212024.75325
ben,1999,8338095098.45204
ben,2000,9025859973.53171
ben,2001,9717145166.20424
ben,2002,10285377482.0237
ben,2003,10845835532.8368
ben,2004,11656166041.9788
ben,2005,12292499568.1422
ben,2006,13141453667.418
ben,2007,14266589220.1276
ben,2008,15358747531.7789
ben,2009,15785708647.9775
ben,2010,16267176092.2592
ben,2011,17192949487.5054
ben,2012,18237863586.995
ben,2013,19878501474.6136
ben,2014,21547590378.0591
ben,2015,22349726175.4887
ben,2016,23621825428.8103
bfa,1990,4797023180.22073
bfa,1991,5403168754.2016
bfa,1992,5535707845.2104
bfa,1993,5850233493.87718
bfa,1994,6043020360.70573
bfa,1995,6543437950.94215
bfa,1996,7447943558.70507
bfa,1997,8025317832.56288
bfa,1998,8704364404.72703
bfa,1999,9484784987.52342
bfa,2000,9794033359.76532
bfa,2001,10695561666.2341
bfa,2002,11364708288.4127
bfa,2003,12492811474.7884
bfa,2004,13407829583.4865
bfa,2005,15077021759.2151
bfa,2006,16567702801.4821
bfa,2007,17930807560.4783
bfa,2008,19615838568.304
bfa,2009,20339260194.7133
bfa,2010,21192633330.9963
bfa,2011,22811297843.1351
bfa,2012,25171770288.355
bfa,2013,27022337772.2145
bfa,2014,28141823421.1566
bfa,2015,29539836297.0604
bfa,2016,32243243147.4835
bgd,1990,90173428870.0394
bgd,1991,96538985485.6018
bgd,1992,104411583199.436
bgd,1993,112253689415.843
bgd,1994,119571786849.763
bgd,1995,128221197222.213
bgd,1996,135882430542.305
bgd,1997,144736679251.11
bgd,1998,153919772075.468
bgd,1999,163892752442.505
bgd,2000,176805519557.508
bgd,2001,189628872228.56
bgd,2002,201775401847.949
bgd,2003,215636694275.501
bgd,2004,233836744026.069
bgd,2005,257396117309.421
bgd,2006,286280384760.515
bgd,2007,316953726021.666
bgd,2008,346729842470.258
bgd,2009,367777580705.145
bgd,2010,393637572048.046
bgd,2011,427013979840.347
bgd,2012,465580517217.896
bgd,2013,499607684967.534
bgd,2014,532494657370.877
bgd,2015,573747038458.474
bgd,2016,618123660764.969
bgr,1990,41641599957.1654
bgr,1991,38443284372.9723
bgr,1992,39914234142.7139
bgr,1993,40202029228.238
bgr,1994,41716601115.6966
bgr,1995,43214384754.8582
bgr,1996,45196461261.8663
bgr,1997,45745101343.3344
bgr,1998,48638840952.2372
bgr,1999,46576854542.5149
bgr,2000,50768304724.1069
bgr,2001,55795367222.7579
bgr,2002,62143359618.2248
bgr,2003,66214497183.0909
bgr,2004,71649187256.3124
bgr,2005,78916680144.1196
bgr,2006,84337745678.1141
bgr,2007,90284618109.0291
bgr,2008,102780252721.858
bgr,2009,103443082403.856
bgr,2010,108354921731.781
bgr,2011,111572805661.444
bgr,2012,116829122833.361
bgr,2013,118277669572.488
bgr,2014,124650683076.209
bgr,2015,128357472280.01
bgr,2016,138694534336.761
bhr,1990,9425728378.05048
bhr,1991,13470863127.0214
bhr,1992,14209792452.4569
bhr,1993,15704222080.9216
bhr,1994,15894677831.4801
bhr,1995,17452312543.606
bhr,1996,18612559212.2022
bhr,1997,18868824747.7327
bhr,1998,20216563698.5331
bhr,1999,21084470713.0799
bhr,2000,23090979986.5766
bhr,2001,23928992957.26
bhr,2002,24686622654.2117
bhr,2003,26977485405.2054
bhr,2004,29679108024.6221
bhr,2005,33317998126.3381
bhr,2006,36751739070.3886
bhr,2007,41155217221.6339
bhr,2008,43580471538.5892
bhr,2009,41818457042.9533
bhr,2010,44771842447.2633
bhr,2011,45304049174.4875
bhr,2012,47470308994.0223
bhr,2013,51090175533.2789
bhr,2014,51243177731.3331
bhr,2015,60708195886.1013
bhs,1990,3803325849.33744
bhs,1991,3753809984.16947
bhs,1992,3813826635.86638
bhs,1993,3856400850.66292
bhs,1994,4059543467.09626
bhs,1995,5113223980.92882
bhs,1996,5871814206.54488
bhs,1997,4804892513.56674
bhs,1998,5245119365.48966
bhs,1999,5645041202.61225
bhs,2000,5996300362.17455
bhs,2001,6280220927.01194
bhs,2002,6551074176.8616
bhs,2003,6634113991.50068
bhs,2004,6896578859.11725
bhs,2005,7266178527.02361
bhs,2006,7648486952.80388
bhs,2007,7961753403.24664
bhs,2008,8071989342.41176
bhs,2009,7721446661.77613
bhs,2010,7853801968.24203
bhs,2011,8074171135.43638
bhs,2012,8507868240.80236
bhs,2013,8544571919.06751
bhs,2014,8504502082.96664
bhs,2015,8389152073.94635
bhs,2016,8481630728.36884
bih,1994,3254012055.30879
bih,1995,4020873183.33771
bih,1996,8180595870.78863
bih,1997,11395728808.8298
bih,1998,16989175502.1582
bih,1999,18253583018.2949
bih,2000,18873851259.902
bih,2001,19558938218.5529
bih,2002,20787657448.4975
bih,2003,21500915988.4754
bih,2004,23209293611.1544
bih,2005,25420196052.6037
bih,2006,28758169716.4
bih,2007,31710090620.3695
bih,2008,35146526359.3944
bih,2009,35072610942.4472
bih,2010,35268626333.6368
bih,2011,36818606688.8463
bih,2012,37436124490.5669
bih,2013,39582680661.206
bih,2014,40376628335.087
bih,2015,41681157372.3253
bih,2016,43416622235.6093
blr,1990,54987861988.9289
blr,1991,56163561163.8038
blr,1992,51929229505.565
blr,1993,49147173593.6006
blr,1994,44214372433.4755
blr,1995,40372597183.2517
blr,1996,42326977961.0421
blr,1997,47771796675.6201
blr,1998,52340563722.2794
blr,1999,55094471883.7022
blr,2000,59603999778.7673
blr,2001,63814442373.7526
blr,2002,68210195980.4518
blr,2003,74721604177.3298
blr,2004,85540759322.8738
blr,2005,96663591804.1393
blr,2006,109056137333.841
blr,2007,120858464149.49
blr,2008,135265357648.372
blr,2009,135228151735.907
blr,2010,148072213975.862
blr,2011,159291474012.518
blr,2012,164707842139.678
blr,2013,166815020813.351
blr,2014,173609055659.121
blr,2015,166845814598.714
blr,2016,163886477397.554
blz,1990,610627513.428545
blz,1991,697476350.018081
blz,1992,793680649.450167
blz,1993,863395127.303665
blz,1994,871922226.195824
blz,1995,903057929.623214
blz,1996,928086048.43926
blz,1997,982370356.312065
blz,1998,1018639109.30583
blz,1999,1115369317.58225
blz,2000,1276965344.74153
blz,2001,1352577792.56227
blz,2002,1450984936.92818
blz,2003,1586345215.35076
blz,2004,1668238750.21154
blz,2005,1781537299.37601
blz,2006,1919973565.30505
blz,2007,1947830385.7189
blz,2008,2055947818.59356
blz,2009,2180547890.60745
blz,2010,2201727502.02552
blz,2011,2415240938.17313
blz,2012,2528913085.20678
blz,2013,2609243189.47717
blz,2014,2726325875.45449
blz,2015,2921459614.46376
blz,2016,2917063523.97393
bmu,1990,1571589168.28466
bmu,1991,1563230537.14143
bmu,1992,1586229216.53057
bmu,1993,1672702103.37249
bmu,1994,1718540526.04645
bmu,1995,1831577718.327
bmu,2007,4872520055.27443
bmu,2008,4882207155.89004
bmu,2009,4492564319.14663
bmu,2010,4487559256.41573
bmu,2011,4397668042.07143
bmu,2012,4350575556.86814
bmu,2013,4333585301.68757
bol,1990,15614623625.5574
bol,1991,17058190175.4722
bol,1992,17952022199.1811
bol,1993,19123894128.4498
bol,1994,20533148509.5424
bol,1995,21907102792.4814
bol,1996,23538180462.2375
bol,1997,25061777582.5619
bol,1998,26762541713.6083
bol,1999,27160656779.8737
bol,2000,28382557783.4592
bol,2001,29545785541.8802
bol,2002,30746165100.2303
bol,2003,31831387131.7171
bol,2004,33840982437.0947
bol,2005,36643646419.0247
bol,2006,39775900395.3264
bol,2007,42582557386.0806
bol,2008,46333351848.4522
bol,2009,47918866662.4943
bol,2010,50236861036.4764
bol,2011,53690570040.4907
bol,2012,56772683919.3637
bol,2013,61474498230.2141
bol,2014,66749644963.6749
bol,2015,72184501480.0818
bol,2016,77493223444.2756
bra,1990,972035375218.884
bra,1991,1023946294764.89
bra,1992,1046178733813.06
bra,1993,1114775008955.58
bra,1994,1182923966503.33
bra,1995,1263877297813.94
bra,1996,1326850804464.55
bra,1997,1388252650441.58
bra,1998,1390169033043.98
bra,1999,1406157760719.33
bra,2000,1511051258856.25
bra,2001,1564670412759.48
bra,2002,1641796518715.77
bra,2003,1693066593201.86
bra,2004,1848286051193.05
bra,2005,1966889591788.35
bra,2006,2103746511324.2
bra,2007,2288662870552.74
bra,2008,2436504813396.97
bra,2009,2453759521538.21
bra,2010,2721058176042.06
bra,2011,2897463706878.94
bra,2012,3022405795433.05
bra,2013,3193186449403.82
bra,2014,3241115177837.51
bra,2015,3153298908812.18
bra,2016,3080633662940.45
brb,1990,2346033033.11984
brb,1991,2336448749.23108
brb,1992,2275404416.53302
brb,1993,2335039905.07388
brb,1994,2435010552.0235
brb,1995,2527751357.48262
brb,1996,2673195001.81853
brb,1997,2856822080.44065
brb,1998,2994615712.7534
brb,1999,3038647788.00064
brb,2000,3236991766.2516
brb,2001,3220644418.01913
brb,2002,3291048566.96417
brb,2003,3428189738.42272
brb,2004,3566726593.6677
brb,2005,3767040027.22613
brb,2006,4036426832.88656
brb,2007,4299654830.55896
brb,2008,4379174272.54289
brb,2009,4253805043.59627
brb,2010,4407412895.71674
brb,2011,4324432732.2635
brb,2012,4545685093.09991
brb,2013,4594738845.62762
brb,2014,4674640766.75163
brb,2015,4759512020.24528
brb,2016,4906115518.18638
brn,1990,14162413937.8744
brn,1991,15094182874.3403
brn,1992,16172904605.5886
brn,1993,16608130559.1503
brn,1994,17495082540.9245
brn,1995,18659869330.6749
brn,1996,19547410416.9876
brn,1997,19589467240.8939
brn,1998,19691466873.1848
brn,1999,20603021669.3021
brn,2000,21672273336.5833
brn,2001,22774411458.8823
brn,2002,24019411800.0271
brn,2003,25209794211.9456
brn,2004,26033626780.5263
brn,2005,26975422917.601
brn,2006,29026929720.5407
brn,2007,29997556341.0853
brn,2008,29953670670.1757
brn,2009,29680135640.5271
brn,2010,30449674761.5579
brn,2011,31606484313.1479
brn,2012,32578520725.66
brn,2013,32830558760.0593
brn,2014,32969100721.4051
brn,2015,34905682933.2066
brn,2016,35197007798.7174
btn,1990,757305514.023361
btn,1991,759158792.649843
btn,1992,788607381.544528
btn,1993,833186539.641378
btn,1994,920655832.785663
btn,1995,953870470.194247
btn,1996,1038999299.74622
btn,1997,1145317388.77532
btn,1998,1141020849.20337
btn,1999,1219368420.76207
btn,2000,1606577591.16987
btn,2001,1779116813.23345
btn,2002,1971245210.28098
btn,2003,2148822077.25223
btn,2004,2336760333.61583
btn,2005,2606501161.03664
btn,2006,2900197436.4975
btn,2007,3478035576.64018
btn,2008,3663793609.78664
btn,2009,3884965691.48926
btn,2010,4322755311.85175
btn,2011,4724439198.53529
btn,2012,4972724778.89177
btn,2013,5213273957.6323
btn,2014,5609839252.60684
btn,2015,5928853114.70855
btn,2016,6524147486.65772
bwa,1990,7021410929.00192
bwa,1991,8148067534.69964
bwa,1992,8671107640.11349
bwa,1993,9430511472.95041
bwa,1994,8831542738.76899
bwa,1995,10116303850.936
bwa,1996,10403700920.9951
bwa,1997,11712846476.2326
bwa,1998,12586176393.3924
bwa,1999,13019016527.3399
bwa,2000,13394236799.9168
bwa,2001,14258223827.1092
bwa,2002,13727475579.3156
bwa,2003,15204990336.5428
bwa,2004,15835731084.509
bwa,2005,17530110373.0257
bwa,2006,19746872143.9714
bwa,2007,22160570138.9361
bwa,2008,23982353954.7712
bwa,2009,23398868046.5184
bwa,2010,25191808986.6647
bwa,2011,28287496697.782
bwa,2012,30399169809.3261
bwa,2013,33429024287.8621
bwa,2014,35581799878.9517
bwa,2015,35620116768.6225
bwa,2016,37607493351.9643
caf,1990,1743775352.75238
caf,1991,1798909053.05605
caf,1992,1722992896.2382
caf,1993,1763341124.44805
caf,1994,1870328849.53361
caf,1995,2058576429.08695
caf,1996,2008020992.53251
caf,1997,2159710090.8006
caf,1998,2279762506.51101
caf,1999,2425402295.79991
caf,2000,2403871114.71312
caf,2001,2583773056.29273
caf,2002,2716226375.25073
caf,2003,2638610286.64655
caf,2004,2849408061.42338
caf,2005,2977726186.3279
caf,2006,3214721744.08329
caf,2007,3456608146.80991
caf,2008,3579076964.00743
caf,2009,3699757619.9024
caf,2010,3889189834.28243
caf,2011,4098629198.35799
caf,2012,4349034105.06553
caf,2013,2793358519.57618
caf,2014,2874453236.27993
caf,2015,3051698581.89547
caf,2016,3219844395.91477
can,1990,538636336146.244
can,1991,546346367866.238
can,1992,562155404800.104
can,1993,591957405095.224
can,1994,630524141038.938
can,1995,661850079058.967
can,1996,685658408523.979
can,1997,728903659462.267
can,1998,763330790723.548
can,1999,815017509090.451
can,2000,874383431862.042
can,2001,908341201463.472
can,2002,942989409704.287
can,2003,994451398771.055
can,2004,1056629674010.84
can,2005,1143631081272.6
can,2006,1218242050349.45
can,2007,1278020370057.42
can,2008,1319337486531.81
can,2009,1281970209327.04
can,2010,1334171352202.13
can,2011,1400440679278.4
can,2012,1438515129675.47
can,2013,1526600490196.08
can,2014,1576160979204.51
can,2015,1560337873902.86
can,2016,1575432265587.76
che,1990,189065793658.957
che,1991,193740842342.276
che,1992,197514604426.759
che,1993,202879462275.239
che,1994,208102186282.121
che,1995,215274345577.471
che,1996,221803801873.937
che,1997,235727676947.015
che,1998,245379763309.664
che,1999,255400000665.618
che,2000,273375926304.569
che,2001,277119479934.299
che,2002,282162053621.561
che,2003,294570743099.59
che,2004,307579681447.245
che,2005,326593780550.568
che,2006,362066879971.593
che,2007,376315942334.103
che,2008,374395581256.878
che,2009,408050841098.199
che,2010,439284251409.437
che,2011,446733508169.6
che,2012,470868219119.81
che,2013,494946822687.179
che,2014,506061228232.765
che,2015,529496169263.498
che,2016,532994010386.678
chl,1990,57540861524.8551
chl,1991,64277720244.4522
chl,1992,74975034572.3468
chl,1993,83564309191.3067
chl,1994,90160918879.0504
chl,1995,103154622827.812
chl,1996,114713908407.504
chl,1997,124790751681.964
chl,1998,132347849056.429
chl,1999,132581287866.152
chl,2000,141493522175.195
chl,2001,149357762899.622
chl,2002,154653876566.016
chl,2003,159755699041.505
chl,2004,172604525367.674
chl,2005,188317825120.022
chl,2006,223746035970.391
chl,2007,246938381366.353
chl,2008,252411155132.79
chl,2009,254927379651.152
chl,2010,289787099347.668
chl,2011,329127077663.858
chl,2012,356256734034.513
chl,2013,377043798635.261
chl,2014,392393516487.076
chl,2015,407888365607.242
chl,2016,417104265489.828
chn,1990,1122932140006.73
chn,1991,1267337346378.48
chn,1992,1478241427213.59
chn,1993,1718847903528.38
chn,1994,1985021958679.68
chn,1995,2216330461450.92
chn,1996,2484964494519.2
chn,1997,2769081722695.9
chn,1998,3004072926524.58
chn,1999,3293743396759.44
chn,2000,3658894883430.74
chn,2001,4045318783246.1
chn,2002,4501333547656.41
chn,2003,5072293772636.93
chn,2004,5759125834931.95
chn,2005,6592486645518.22
chn,2006,7699260793574.19
chn,2007,9066414831846.44
chn,2008,10176666833372.5
chn,2009,11129931995625
chn,2010,12431610618329.8
chn,2011,13828218549059.2
chn,2012,15296329736060.8
chn,2013,16652030124085
chn,2014,18358925052585.9
chn,2015,19777743861912.1
chn,2016,21364867150293.7
civ,1990,21601636465.5358
civ,1991,22756430939.3848
civ,1992,23485708830.7175
civ,1993,23914392391.7766
civ,1994,25481661080.9334
civ,1995,27969588971.5174
civ,1996,31164073110.9008
civ,1997,33385121847.4356
civ,1998,35958022503.7468
civ,1999,36929421473.5848
civ,2000,35340919846.0208
civ,2001,35354124610.2894
civ,2002,34887113106.3257
civ,2003,34105092595.6703
civ,2004,37198239006.269
civ,2005,42123506238.7944
civ,2006,43998021300.6603
civ,2007,45972598726.3584
civ,2008,48199887689.7841
civ,2009,50070132013.2808
civ,2010,51803144648.9724
civ,2011,50433570908.0155
civ,2012,57278462371.2207
civ,2013,62511110327.0464
civ,2014,70633409630.3242
civ,2015,77493639740.7355
civ,2016,85119003904.0363
cmr,1990,21890854732.1989
cmr,1991,21315915373.3255
cmr,1992,21253147013.285
cmr,1993,20235678751.6398
cmr,1994,21005410720.7415
cmr,1995,22114418058.5535
cmr,1996,23464378123.7309
cmr,1997,25113119621.5851
cmr,1998,26866274419.7995
cmr,1999,28521219417.4649
cmr,2000,29668145112.3273
cmr,2001,31392388184.9199
cmr,2002,33544929713.7715
cmr,2003,36611332328.7754
cmr,2004,40711664330.5852
cmr,2005,42689292567.46
cmr,2006,46187373229.4018
cmr,2007,49269868741.2082
cmr,2008,52347902854.0656
cmr,2009,54521375748.3416
cmr,2010,56747686400.3387
cmr,2011,60296571265.6458
cmr,2012,63874777738.5481
cmr,2013,68147033834.9311
cmr,2014,74262146841.7563
cmr,2015,78999135700.5954
cmr,2016,83092399891.0634
cod,1990,26286892134.9431
cod,1991,24852560916.4566
cod,1992,22684890068.9975
cod,1993,20671733685.1419
cod,1994,19018435338.8245
cod,1995,19169894782.2037
cod,1996,20908764671.4853
cod,1997,20028522075.5657
cod,1998,19997584446.4835
cod,1999,18848787732.1157
cod,2000,19345187400.7073
cod,2001,18772191848.3966
cod,2002,19963066092.8421
cod,2003,21691601892.0628
cod,2004,23678452613.071
cod,2005,25605818478.1787
cod,2006,28074375003.4953
cod,2007,30438711563.447
cod,2008,31922420372.0018
cod,2009,34014983529.2363
cod,2010,36815680436.1621
cod,2011,39735757048.339
cod,2012,43191898215.8426
cod,2013,45826005367.489
cod,2014,51323514655.3819
cod,2015,56307443397.3026
cod,2016,61814545889.7992
cog,1990,6732380601.83792
cog,1991,7174850070.11771
cog,1992,7843882897.94345
cog,1993,7351949084.2041
cog,1994,7540695038.84683
cog,1995,5428506597.78798
cog,1996,5687645150.58689
cog,1997,7178850421.39459
cog,1998,7983673596.64129
cog,1999,7275543340.66198
cog,2000,8094115872.96346
cog,2001,8564019140.46316
cog,2002,9293115882.54327
cog,2003,9792892087.99538
cog,2004,9602081225.33178
cog,2005,10401945868.4622
cog,2006,11354278682.698
cog,2007,11949629666.069
cog,2008,13826222332.0121
cog,2009,14730570633.6069
cog,2010,16751976278.6511
cog,2011,17474371156.6628
cog,2012,19170226991.7131
cog,2013,20509478321.0213
cog,2014,23529185500.0831
cog,2015,29241612824.5903
cog,2016,27637093804.8027
col,1990,158252970615.985
col,1991,168518821857.523
col,1992,181504802424.583
col,1993,191936046382.92
col,1994,210793737672.431
col,1995,226545953667.073
col,1996,234452006977.794
col,1997,246367990668.226
col,1998,251578178716.137
col,1999,244764655702.606
col,2000,260328033275.121
col,2001,269873077334.063
col,2002,280243327367.725
col,2003,294818829765.237
col,2004,318889751462.265
col,2005,344212389555.102
col,2006,378910949412.298
col,2007,414795583079.032
col,2008,437142244258.935
col,2009,449300353459.928
col,2010,471218552389.711
col,2011,508867603845.502
col,2012,542354378836.562
col,2013,579893168702.488
col,2014,618969724605.483
col,2015,655235535286.047
col,2016,677485072959.188
com,1990,424429521.290714
com,1991,415206995.501172
com,1992,468567797.609992
com,1993,490425058.504231
com,1994,472320573.569632
com,1995,500554634.783864
com,1996,501709195.946208
com,1997,530599835.569739
com,1998,541713778.473131
com,1999,562054948.936898
com,2000,637693573.447416
com,2001,668485120.673555
com,2002,690170640.600532
com,2003,717881659.215185
com,2004,750556584.756409
com,2005,797871731.476182
com,2006,844876386.788433
com,2007,880349056.339494
com,2008,895144099.941084
com,2009,920485485.756333
com,2010,952954923.43843
com,2011,998184491.344276
com,2012,1045361468.93825
com,2013,1103081352.09122
com,2014,1148246727.82158
com,2015,1180051608.14163
com,2016,1223669161.34257
cpv,1990,368853677.773312
cpv,1991,385062014.269278
cpv,1992,436848639.220913
cpv,1993,485403143.028122
cpv,1994,589174463.216017
cpv,1995,683887492.851124
cpv,1996,772668513.36473
cpv,1997,874555126.491611
cpv,1998,991409185.515245
cpv,1999,1114589673.95803
cpv,2000,1288136302.50838
cpv,2001,1368048460.04295
cpv,2002,1442841831.8148
cpv,2003,1542291313.06613
cpv,2004,1743029270.66435
cpv,2005,1894153754.86483
cpv,2006,2095211963.78993
cpv,2007,2528526087.01558
cpv,2008,2733914820.02227
cpv,2009,2722442846.18257
cpv,2010,2742672831.01004
cpv,2011,2924904081.15014
cpv,2012,2999449459.49338
cpv,2013,3097952821.47376
cpv,2014,3123723715.57578
cpv,2015,3241550191.88125
cpv,2016,3361464410.95363
cri,1990,15051002011.1413
cri,1991,16114610608.6881
cri,1992,18006980402.6694
cri,1993,19744490916.9759
cri,1994,21313932246.3618
cri,1995,22488302495.2286
cri,1996,23270433833.6052
cri,1997,24884903722.2651
cri,1998,26506197304.0369
cri,1999,25252275143.7015
cri,2000,29270850664.2136
cri,2001,31002140030.27
cri,2002,32514668894.4391
cri,2003,34581246236.2798
cri,2004,37196583075.7056
cri,2005,40030519515.3662
cri,2006,44645916459.9005
cri,2007,49840707679.6714
cri,2008,53555405081.2529
cri,2009,52688035547.7114
cri,2010,56015840940.1052
cri,2011,59533347305.9305
cri,2012,63684238715.4011
cri,2013,65808698665.2766
cri,2014,69145601770.6816
cri,2015,73140782735.9714
cri,2016,76643309120.0232
cyp,1990,7762322237.41215
cyp,1991,8083759519.05099
cyp,1992,9007749263.80652
cyp,1993,9304115844.13423
cyp,1994,10031685026.2078
cyp,1995,10720755132.9142
cyp,1996,11053203187.6994
cyp,1997,11617016865.9157
cyp,1998,13568657959.1745
cyp,1999,13199893829.2371
cyp,2000,14255428189.7025
cyp,2001,15533145348.7025
cyp,2002,16419193797.8383
cyp,2003,16989538023.8269
cyp,2004,18408722948.079
cyp,2005,20123744121.4839
cyp,2006,22043447542.6008
cyp,2007,24902203613.1394
cyp,2008,26830813631.0584
cyp,2009,27051556971.5987
cyp,2010,26783135215.7228
cyp,2011,28242133400.7207
cyp,2012,26724861469.8412
cyp,2013,25183007671.7193
cyp,2014,25090734591.5304
cyp,2015,27065405165.2397
cyp,2016,27564345334.2169
cze,1992,120390941937.861
cze,1993,124204130484.858
cze,1994,130539855591.857
cze,1995,140327360276.757
cze,1996,147970373493.439
cze,1997,149315054384.529
cze,1998,150973421103.321
cze,1999,154492650753.548
cze,2000,162403422523.431
cze,2001,174472257771.908
cze,2002,178561328109.951
cze,2003,190813761306.35
cze,2004,202151251842.892
cze,2005,213606488943.892
cze,2006,228435688152.107
cze,2007,251199925592.742
cze,2008,269804658614.43
cze,2009,267639731202.558
cze,2010,267922206919.394
cze,2011,279370310382.565
cze,2012,286391051564.635
cze,2013,301403153675.82
cze,2014,317560439093.678
cze,2015,332467691368.194
cze,2016,345477731253.267
deu,1990,1567943960347.22
deu,1991,1690841296902.99
deu,1992,1761749202143
deu,1993,1779488316941
deu,1994,1855101780582.79
deu,1995,1920995040206.46
deu,1996,1973210257798.34
deu,1997,2014298581747.48
deu,1998,2067409913695.76
deu,1999,2145907376333.56
deu,2000,2227592081855.72
deu,2001,2330574154940.97
deu,2002,2390131145997.24
deu,2003,2452688623976.15
deu,2004,2612507169445.71
deu,2005,2659840888439.72
deu,2006,2870954883857.51
deu,2007,3041589042533.65
deu,2008,3152657054294.18
deu,2009,3105194096618.74
deu,2010,3274082167777.78
deu,2011,3513624912677.07
deu,2012,3585851182476.63
deu,2013,3730248688666.78
deu,2014,3897488064625.02
deu,2015,4007437544278.79
deu,2016,4109496003218.5
dji,1991,1222532795.566
dji,1992,1247178854.22827
dji,1993,1200999834.51232
dji,1994,1197050143.09908
dji,1995,1180455613.57391
dji,1996,1149291697.29435
dji,1997,1151678617.35132
dji,1998,1161169626.03475
dji,1999,1207589269.60092
dji,2000,1246935477.54196
dji,2001,1292857484.34715
dji,2002,1352411942.05102
dji,2003,1501370501.78559
dji,2004,1624775254.38067
dji,2005,1725841993.36199
dma,1990,299351737.905219
dma,1991,307102710.306233
dma,1992,321903654.520158
dma,1993,337399590.298909
dma,1994,342519107.290721
dma,1995,353390003.77721
dma,1996,361612322.804777
dma,1997,377567006.918393
dma,1998,404520681.648021
dma,1999,397848936.740737
dma,2000,398647000.751654
dma,2001,430029608.37873
dma,2002,424562673.250492
dma,2003,469132704.079234
dma,2004,491349740.707102
dma,2005,512797955.844682
dma,2006,567200827.14221
dma,2007,614075778.150188
dma,2008,675300349.283527
dma,2009,680945779.877714
dma,2010,700179493.604668
dma,2011,711579001.645435
dma,2012,717962357.730411
dma,2013,710887004.307121
dma,2014,760460407.253846
dma,2015,750773949.749909
dma,2016,782590676.691384
dnk,1990,91169854021.8924
dnk,1991,95365664972.6107
dnk,1992,99900213671.3533
dnk,1993,102972802582.939
dnk,1994,111065823916.385
dnk,1995,117307153349.873
dnk,1996,123270828797.799
dnk,1997,129867085419.228
dnk,1998,135313740320.498
dnk,1999,140663927816.467
dnk,2000,149797545653.792
dnk,2001,155968504184.011
dnk,2002,162786047384.101
dnk,2003,164922914866.782
dnk,2004,178756732947.975
dnk,2005,186566260237.836
dnk,2006,205361174795.053
dnk,2007,213808565433.624
dnk,2008,229296531979.344
dnk,2009,225253223014.971
dnk,2010,242918906619.632
dnk,2011,252568140433.285
dnk,2012,256181670980.004
dnk,2013,270675551874.234
dnk,2014,279570722889.544
dnk,2015,287710679046.618
dnk,2016,292876498855.974
dom,1990,23367142690.417
dom,1991,24563492659.3702
dom,1992,27728585462.2665
dom,1993,29950123513.3379
dom,1994,31514273823.5232
dom,1995,33938315168.4561
dom,1996,37295636645.9349
dom,1997,40943777493.6018
dom,1998,44222846264.5818
dom,1999,47771619624.3982
dom,2000,51704164090.553
dom,2001,53813368738.3411
dom,2002,57832497759.2671
dom,2003,57473824150.1091
dom,2004,58751966205.1921
dom,2005,68160430046.6823
dom,2006,78120035787.3461
dom,2007,87377277442.1288
dom,2008,93228315815.6056
dom,2009,94887082472.5559
dom,2010,103960560318.405
dom,2011,109083978280.964
dom,2012,114132177631.469
dom,2013,120415352093.122
dom,2014,131645963503.158
dom,2015,143526970414.581
dom,2016,154441535468.924
dza,1990,165671584137.019
dza,1991,166528023856.877
dza,1992,174039516469.16
dza,1993,176257755115.488
dza,1994,177327337021.124
dza,1995,185620908299.001
dza,1996,196323151612.868
dza,1997,203685458420.605
dza,1998,217434488270.825
dza,1999,226501195942.681
dza,2000,239901712515.236
dza,2001,258154157489.336
dza,2002,274117968510.295
dza,2003,300483016307.864
dza,2004,320350573186.306
dza,2005,347228358502.967
dza,2006,367501779050.428
dza,2007,400289849071.455
dza,2008,420933998742.181
dza,2009,430024503512.629
dza,2010,454357976760.308
dza,2011,473230110232.642
dza,2012,494193567451.016
dza,2013,514565502421.02
dza,2014,543467031988.805
dza,2015,564820004403.195
dza,2016,585427238770.494
eap,1990,2234108232340.49
eap,1991,2488443159400.92
eap,1992,2808309461060.37
eap,1993,3183454800461.07
eap,1994,3604663579892.02
eap,1995,4000581163838.29
eap,1996,4436494869144.54
eap,1997,4823789651978.67
eap,1998,4910554725433.83
eap,1999,5272501083832.15
eap,2000,5827015632773.68
eap,2001,6369757106861.02
eap,2002,6990657135661.55
eap,2003,7748244597752.25
eap,2004,8671577559150.51
eap,2005,9748512445314.47
eap,2006,11157732503463.7
eap,2007,12869241524160.7
eap,2008,14243807691404.4
eap,2009,15343775832675.7
eap,2010,17111863153443.1
eap,2011,18848202973763.5
eap,2012,20696218813246.4
eap,2013,22414895767037.3
eap,2014,24503350316221.1
eap,2015,26315580586410.1
eap,2016,28321728162717.7
eas,1990,5748854335233.06
eas,1991,6269187142712.78
eas,1992,6765466120318.09
eas,1993,7326958753421.56
eas,1994,7962477739639.05
eas,1995,8631127048413.01
eas,1996,9352928751619.28
eas,1997,9960123384141.81
eas,1998,10048678470341.7
eas,1999,10619867748286.2
eas,2000,11569117532894.6
eas,2001,12321496586181.6
eas,2002,13204941297531
eas,2003,14196619488282.8
eas,2004,15553906404172.7
eas,2005,16992554113326.5
eas,2006,18880200775519.6
eas,2007,21102970655060.2
eas,2008,22639649942384.1
eas,2009,23569318584952.9
eas,2010,25890990698156.7
eas,2011,27978858770557.9
eas,2012,30178290349554.5
eas,2013,32383439407894.3
eas,2014,34737286733219.3
eas,2015,36841277211409
eas,2016,39099102411646.6
eca,1990,2511144063929.23
eca,1991,2450810422531.56
eca,1992,2234899268326.82
eca,1993,2151087321831.26
eca,1994,1955812892784.09
eca,1995,1950232344161.43
eca,1996,1980594636552.75
eca,1997,2059184181866.05
eca,1998,2064016040444.19
eca,1999,2126732645951.54
eca,2000,2378865321519.32
eca,2001,2533261276191.99
eca,2002,2709350847958.93
eca,2003,2975848665106.91
eca,2004,3345243506302.43
eca,2005,3745170598484.35
eca,2006,4464074649158.13
eca,2007,4989852895532.3
eca,2008,5731606463774.07
eca,2009,5554860186660.19
eca,2010,5985618274801.77
eca,2011,6820966016217.34
eca,2012,7224192869201.67
eca,2013,7547000439921.63
eca,2014,7686951227376.14
eca,2015,7607383436524.17
eca,2016,7664962428288.92
ecs,1990,9649567500834.7
ecs,1991,9970051107237.94
ecs,1992,10050391851454.9
ecs,1993,10160242988909.8
ecs,1994,10386812084133.8
ecs,1995,10721678152410.8
ecs,1996,11126841709350.8
ecs,1997,11651780850720.1
ecs,1998,12101824293400.3
ecs,1999,12600649820573.7
ecs,2000,13609016235920.9
ecs,2001,14329298010827.2
ecs,2002,14995495227909.3
ecs,2003,15618322893301.8
ecs,2004,16685175648091.3
ecs,2005,17648313457114.3
ecs,2006,19559693322360.8
ecs,2007,20942343221836.9
ecs,2008,22355630849407.7
ecs,2009,21924022469102.8
ecs,2010,23020850005481.5
ecs,2011,24577049045478.3
ecs,2012,25301714315267.4
ecs,2013,26299465252878.7
ecs,2014,27016264193306.2
ecs,2015,27530298680016.1
ecs,2016,28111931861962.4
ecu,1990,45427351048.3935
ecu,1991,49679887081.3022
ecu,1992,52641250881.5287
ecu,1993,55348815873.7902
ecu,1994,59182467245.0312
ecu,1995,62008316925.0341
ecu,1996,64051336237.0513
ecu,1997,68256595285.5584
ecu,1998,70854115761.9681
ecu,1999,66762625427.5259
ecu,2000,68254141933.2252
ecu,2001,74378623589.6409
ecu,2002,79504422426.4539
ecu,2003,83110047540.7559
ecu,2004,91993900728.8098
ecu,2005,100667833997.376
ecu,2006,108857295248.127
ecu,2007,114259453670.174
ecu,2008,125897447895.388
ecu,2009,127939260716.651
ecu,2010,134807959657.113
ecu,2011,148279089475.195
ecu,2012,159697733736.265
ecu,2013,170365037570.084
ecu,2014,179834938655.604
ecu,2015,181924990317.214
ecu,2016,181086603556.567
egy,1990,213655319543.479
egy,1991,226769806208.114
egy,1992,242717344464.42
egy,1993,254538089437.281
egy,1994,273001210373.765
egy,1995,293004802201.582
egy,1996,314995206411.485
egy,1997,339443902617.573
egy,1998,357672569599.246
egy,1999,384090700163.069
egy,2000,413205783495.261
egy,2001,438274853152.411
egy,2002,451098250997.093
egy,2003,473650467165.083
egy,2004,505855881845.589
egy,2005,545458290826.434
egy,2006,605429863975.46
egy,2007,668315970869.271
egy,2008,729712970687.027
egy,2009,763865245447.671
egy,2010,796125952246.023
egy,2011,822210899215.793
egy,2012,858054045145.008
egy,2013,888712469969.899
egy,2014,932810931346.968
egy,2015,992806631161.517
egy,2016,1052633205308.64
emu,1990,5296515554468.77
emu,1991,5608882004518.24
emu,1992,5814749180604.71
emu,1993,5913760158909.52
emu,1994,6171109777040.85
emu,1995,6463038856667.83
emu,1996,6694557030453.43
emu,1997,6983072043364.56
emu,1998,7307756994020.64
emu,1999,7631492856843.94
emu,2000,8133168435140.66
emu,2001,8541190617901.71
emu,2002,8873230711568.67
emu,2003,9074616173125.04
emu,2004,9543347757408.71
emu,2005,9932059805193.82
emu,2006,10812296617410
emu,2007,11455591342243.8
emu,2008,11906090727093.9
emu,2009,11723427275200.6
emu,2010,12107333787900.7
emu,2011,12614219296168.8
emu,2012,12774597167738.8
emu,2013,13216334065567.1
emu,2014,13591865701766.7
emu,2015,13998386240936.9
emu,2016,14373350666434.3
eri,1992,2366643660.76838
eri,1993,2748954780.03629
eri,1994,3404518180.16478
eri,1995,3620202027.09371
eri,1996,3931528578.15358
eri,1997,4343335720.39684
eri,1998,4514996528.18187
eri,1999,4598718709.95572
eri,2000,4518654785.44589
eri,2001,5007151970.21323
eri,2002,5209318878.13445
eri,2003,5157822811.7886
eri,2004,5361987654.95306
eri,2005,5707005577.18944
eri,2006,5833510735.04018
eri,2007,6084617432.15973
eri,2008,5579971699.83979
eri,2009,5839188722.47495
eri,2010,6036740096.91546
eri,2011,6697806876.39949
esp,1990,525605214432.51
esp,1991,557074289974.084
esp,1992,574485649814.228
esp,1993,584421120143.264
esp,1994,603102308952.413
esp,1995,640929225261.795
esp,1996,667612041501.82
esp,1997,709172079954.602
esp,1998,758296603650.155
esp,1999,799362833295.004
esp,2000,869668989029.335
esp,2001,928138766150.607
esp,2002,998189440558.687
esp,2003,1048446953302.7
esp,2004,1114164573684.29
esp,2005,1191810871361.96
esp,2006,1345067075174.72
esp,2007,1438047957066.07
esp,2008,1496522755014.04
esp,2009,1475704201315.41
esp,2010,1468866286281.32
esp,2011,1472969169435.77
esp,2012,1485648425269.36
esp,2013,1512101363366.92
esp,2014,1560489029423.83
esp,2015,1614663270656.98
esp,2016,1693060267887.56
est,2000,12657044090.5681
est,2001,13652169955.5366
est,2002,15237944246.2133
est,2003,16937211210.2644
est,2004,18692457924.0506
est,2005,21499500921.8641
est,2006,24603300565.0325
est,2007,27409734532.5149
est,2008,28710497105.7967
est,2009,26555272660.387
est,2010,27264261497.1368
est,2011,30946637998.4363
est,2012,33031898254.1458
est,2013,35319969986.065
est,2014,36507996794.4457
est,2015,37289983905.6601
est,2016,38073537783.1006
eth,1990,20151055752.3686
eth,1991,19336628427.171
eth,1992,18050925715.7374
eth,1993,20807745653.3772
eth,1994,21915793349.177
eth,1995,23830016281.7797
eth,1996,27356856038.5176
eth,1997,28518578852.1928
eth,1998,27909759657.6078
eth,1999,29850107652.0726
eth,2000,32367852815.3689
eth,2001,35892246701.7128
eth,2002,36972895787.5463
eth,2003,36863952965.4729
eth,2004,43079074812.2924
eth,2005,49889815940.8355
eth,2006,57015360784.1768
eth,2007,65449782389.7217
eth,2008,73934453947.6566
eth,2009,80889823110.7616
eth,2010,91938773642.5726
eth,2011,104477152060.005
eth,2012,115597742416.344
eth,2013,129892470770.081
eth,2014,145706254892.347
eth,2015,162700495551.393
eth,2016,177336169150.643
euu,1990,7061926022234.23
euu,1991,7396760904122.47
euu,1992,7640796155437.35
euu,1993,7822041907909.09
euu,1994,8220663787561.65
euu,1995,8632340137847.92
euu,1996,9008365626568.03
euu,1997,9455646922142
euu,1998,9889335866059.22
euu,1999,10263199762248.9
euu,2000,10995038341525.6
euu,2001,11574751082612.9
euu,2002,12036778307658.7
euu,2003,12401062214722.5
euu,2004,13085033054431
euu,2005,13775721703060
euu,2006,14984603163827.7
euu,2007,15852532158499.4
euu,2008,16535245290664.7
euu,2009,16295208664391.8
euu,2010,16750059643129.4
euu,2011,17490900717604.3
euu,2012,17517517122049
euu,2013,17969631786618.9
fin,1990,88894512219.9805
fin,1991,85505680125.9328
fin,1992,83416906992.2177
fin,1993,84240019176.6416
fin,1994,90111683831.0327
fin,1995,96913947910.0825
fin,1996,100472666805.657
fin,1997,110186835076.831
fin,1998,118946148808.624
fin,1999,126660598344.618
fin,2000,137509850275.808
fin,2001,144346810661.223
fin,2002,149009200176.73
fin,2003,150194582783.411
fin,2004,163951469576.027
fin,2005,168542939523.638
fin,2006,182772564918.887
fin,2007,199952354906.804
fin,2008,212770179525.833
fin,2009,204768361026.667
fin,2010,210984523981.709
fin,2011,220207155805.574
fin,2012,221064507784.853
fin,2013,225363033587.855
fin,2014,228778045287.332
fin,2015,233521480261.158
fin,2016,240703430394.674
fji,1990,2675916636.65929
fji,1991,2709455960.52744
fji,1992,2928111662.83127
fji,1993,3060075936.072
fji,1994,3236916560.81584
fji,1995,3483958780.76959
fji,1996,3743646723.48971
fji,1997,3705926013.61707
fji,1998,3734281529.73924
fji,1999,4125868751.594
fji,2000,4376026543.88669
fji,2001,4439298740.6984
fji,2002,4728748893.31687
fji,2003,4834511060.27341
fji,2004,5229011786.31238
fji,2005,5512815711.89045
fji,2006,5482891552.09806
fji,2007,5678343445.68127
fji,2008,5834393223.7851
fji,2009,5920417457.48339
fji,2010,6002460147.29883
fji,2011,6297184005.93723
fji,2012,6458781671.11861
fji,2013,6997719984.74852
fji,2014,7285354931.40585
fji,2015,7692214065.32927
fji,2016,7839450720.62226
fra,1990,1036669338278.74
fra,1991,1081925024433.61
fra,1992,1126479048050.59
fra,1993,1147416078615.03
fra,1994,1196883207106.2
fra,1995,1246916682540.9
fra,1996,1293538759705.7
fra,1997,1357107437079.31
fra,1998,1430504794456.51
fra,1999,1508246380629.8
fra,2000,1625315267316.61
fra,2001,1728915424198.44
fra,2002,1788044117875.64
fra,2003,1780840619562.18
fra,2004,1855667270382.91
fra,2005,1967313286588.15
fra,2006,2112095604746.72
fra,2007,2231691463076.18
fra,2008,2311511621841.67
fra,2009,2289858082301.13
fra,2010,2390566331907.47
fra,2011,2503922810779.2
fra,2012,2506840569891.54
fra,2013,2642478281707.6
fra,2014,2706255699026.79
fra,2015,2785017691701.78
fra,2016,2818069921506.01
fsm,1993,243369690.328459
fsm,1994,248103636.06217
fsm,1995,258611272.1626
fsm,1996,254381906.122805
fsm,1997,256599686.178603
fsm,1998,249357381.556766
fsm,1999,255270666.156572
fsm,2000,272791348.206234
fsm,2001,282417258.905432
fsm,2002,287818790.180389
fsm,2003,298049936.37908
fsm,2004,300514816.232955
fsm,2005,318075100.461968
fsm,2006,327523842.09148
fsm,2007,331772118.528959
fsm,2008,326675973.377997
fsm,2009,343190484.39985
fsm,2010,346703877.047428
fsm,2011,363992378.548973
fsm,2012,369078610.566759
fsm,2013,372126193.583837
fsm,2014,370332183.40381
fsm,2015,433144123.858191
fsm,2016,429670799.323692
gab,1990,10759711149.0998
gab,1991,11810591177.4313
gab,1992,11345240026.8017
gab,1993,11873509491.2979
gab,1994,12955115444.0998
gab,1995,13641226448.5434
gab,1996,14396793836.1032
gab,1997,15474540664.4416
gab,1998,16553311034.544
gab,1999,15182352418.6107
gab,2000,14686161029.5185
gab,2001,15854592351.0051
gab,2002,16704230640.5678
gab,2003,17044870512.4431
gab,2004,16766331673.404
gab,2005,18894370683.2967
gab,2006,18259963257.6746
gab,2007,19523281747.4404
gab,2008,19427634205.0592
gab,2009,20176795084.2194
gab,2010,21435383662.0899
gab,2011,23271284038.1917
gab,2012,26026977085.0865
gab,2013,28028790497.5498
gab,2014,31238798727.5686
gab,2015,31770179968.4157
gab,2016,33159937901.2618
gbr,1990,961628899420.994
gbr,1991,985058385954.733
gbr,1992,1022905336893.85
gbr,1993,1072693171538.64
gbr,1994,1156906771651.42
gbr,1995,1137104031049.2
gbr,1996,1212675463756.91
gbr,1997,1300395277909.77
gbr,1998,1365886989124.8
gbr,1999,1406117778674.85
gbr,2000,1543313519332.48
gbr,2001,1633707754885.23
gbr,2002,1727187600108.43
gbr,2003,1813003182185.5
gbr,2004,1930807581615.74
gbr,2005,1995545625541.43
gbr,2006,2112618934860.29
gbr,2007,2178705243430.4
gbr,2008,2236790838132.45
gbr,2009,2150047306624.48
gbr,2010,2272128729256.55
gbr,2011,2333995229813.1
gbr,2012,2384231664942.12
gbr,2013,2487201689181.41
gbr,2014,2596048875251.49
gbr,2015,2682862384574.82
gbr,2016,2763382487163.63
geo,1990,24849717235.3469
geo,1991,20259029237.1652
geo,1992,11340662405.475
geo,1993,8124445476.39378
geo,1994,7427703421.06489
geo,1995,7568971060.51088
geo,1996,8762385630.72812
geo,1997,10447534658.2705
geo,1998,11064676155.2483
geo,1999,11543489077.8627
geo,2000,11868840467.3898
geo,2001,12376148980.8334
geo,2002,13166665748.2108
geo,2003,14913670503.3238
geo,2004,16415424940.4446
geo,2005,18465736166.3769
geo,2006,21053794717.4977
geo,2007,23867225649.8166
geo,2008,24474374496.8029
geo,2009,23821302333.9946
geo,2010,25102132868.8662
geo,2011,27516606244.2349
geo,2012,30417818963.6947
geo,2013,31645188373.4897
geo,2014,34033508606.5623
geo,2015,34811283391.8497
geo,2016,35433043762.252
gha,1990,17802840479.9777
gha,1991,19379714692.4088
gha,1992,20630028728.2029
gha,1993,22094190139.869
gha,1994,23271765540.7454
gha,1995,24729092277.4091
gha,1996,26335997910.5989
gha,1997,27947995181.926
gha,1998,29552638520.5041
gha,1999,31295186322.5121
gha,2000,32911470921.3532
gha,2001,35338264441.2975
gha,2002,37470284581.8129
gha,2003,40179176243.3665
gha,2004,43564731729.9206
gha,2005,48111870590.9973
gha,2006,53082435775.8695
gha,2007,56896948076.3493
gha,2008,63422639576.4185
gha,2009,67031078987.4711
gha,2010,72256716884.732
gha,2011,82867099335.8828
gha,2012,90360872128.6063
gha,2013,100872040528.47
gha,2014,104990145095.076
gha,2015,112160022158.276
gha,2016,117359138052.531
gin,1990,5205139922.76689
gin,1991,5523698442.83427
gin,1992,5909114644.45446
gin,1993,6471219336.23733
gin,1994,6897878508.73702
gin,1995,7364770146.42342
gin,1996,7824575784.79235
gin,1997,8316593869.19891
gin,1998,8677133526.93085
gin,1999,9245289724.17972
gin,2000,9676479257.74959
gin,2001,10192189234.7655
gin,2002,11104449622.1131
gin,2003,10769725679.1164
gin,2004,11291386497.0753
gin,2005,11730796823.3097
gin,2006,12597427506.3182
gin,2007,14091439075.1482
gin,2008,14706153966.8775
gin,2009,14596160007.7695
gin,2010,15607907380.6383
gin,2011,16768469373.349
gin,2012,18217267021.9953
gin,2013,19328400297.4063
gin,2014,20370406149.7529
gin,2015,21394395136.1668
gin,2016,22897298806.7204
gmb,1990,820823310.816428
gmb,1991,923255795.262621
gmb,1992,979362305.61551
gmb,1993,1033892442.29483
gmb,1994,1058514965.32291
gmb,1995,1095269866.30325
gmb,1996,1140716843.5737
gmb,1997,1203974540.64692
gmb,1998,1258920294.06775
gmb,1999,1352506371.55262
gmb,2000,1454566302.95074
gmb,2001,1562858526.58503
gmb,2002,1516691401.94641
gmb,2003,1671328465.85242
gmb,2004,1859572475.75245
gmb,2005,1900702980.9203
gmb,2006,1976335160.47834
gmb,2007,2115560200.75443
gmb,2008,2294584594.22177
gmb,2009,2449534813.45462
gmb,2010,2640345822.6382
gmb,2011,2568312970.50045
gmb,2012,2771609135.71845
gmb,2013,2973265748.57151
gmb,2014,3043502718.14982
gmb,2015,3203383112.41118
gmb,2016,3326202910.66777
gnb,1990,984826416.733182
gnb,1991,1044347933.47251
gnb,1992,1087371132.64782
gnb,1993,1130652349.13986
gnb,1994,1197767117.44234
gnb,1995,1261402046.55197
gnb,1996,1436777412.12303
gnb,1997,1579827424.65704
gnb,1998,1131756646.78985
gnb,1999,1166570344.08793
gnb,2000,1298455701.51613
gnb,2001,1347276463.1746
gnb,2002,1381993085.5203
gnb,2003,1414544465.69433
gnb,2004,1499300056.48599
gnb,2005,1613350535.17778
gnb,2006,1718752441.95451
gnb,2007,1829117165.97085
gnb,2008,1904173232.001
gnb,2009,1988869074.92824
gnb,2010,2125580890.84444
gnb,2011,2368745194.2087
gnb,2012,2370083011.18373
gnb,2013,2425942116.90122
gnb,2014,2665788899.21254
gnb,2015,2778363734.82077
gnb,2016,2822793407.45042
gnq,1990,294157318.566543
gnq,1991,308261190.058992
gnq,1992,432169657.918671
gnq,1993,482412502.317742
gnq,1994,482280994.870155
gnq,1995,525242335.879742
gnq,1996,863545343.106793
gnq,1997,2384560110.15651
gnq,1998,2668725986.66591
gnq,1999,3640683616.47971
gnq,2000,3395388356.4491
gnq,2001,3531708818.09897
gnq,2002,4842611714.36358
gnq,2003,4604975402.43108
gnq,2004,5896206889.3383
gnq,2005,10742850685.2403
gnq,2006,18485580424.4826
gnq,2007,22220986984.7212
gnq,2008,24740573446.4181
gnq,2009,22544952330.9096
gnq,2010,18450447612.6514
gnq,2011,22107638610.3946
gnq,2012,24989008735.3383
gnq,2013,24562820977.0333
gnq,2014,24945720867.779
gnq,2015,23458038681.7611
gnq,2016,22387651073.1162
grc,1990,138461863241.657
grc,1991,148116294029.766
grc,1992,153026203604.811
grc,1993,153660213705.032
grc,1994,160125376102.369
grc,1995,166940016218.162
grc,1996,173737300706.826
grc,1997,184489181201.767
grc,1998,194045114603.152
grc,1999,196470733424.43
grc,2000,212199287969.49
grc,2001,229975849829.044
grc,2002,246506012516.46
grc,2003,260095200923.774
grc,2004,275597017804.496
grc,2005,281471978035.928
grc,2006,308640157713.316
grc,2007,315169392626.659
grc,2008,331637075588.565
grc,2009,330119268926.387
grc,2010,307228159236.013
grc,2011,282370859957.681
grc,2012,281120340956.062
grc,2013,285824079577.244
grc,2014,288525877718.095
grc,2015,286194631137.229
grc,2016,289057668355.065
grd,1990,431407140.945208
grd,1991,461292622.057154
grd,1992,470514149.865045
grd,1993,467398047.477486
grd,1994,485548340.060116
grd,1995,499893781.233608
grd,1996,530127798.274844
grd,1997,565515997.063448
grd,1998,632824443.461828
grd,1999,685131725.241524
grd,2000,726941392.497074
grd,2001,716978644.399859
grd,2002,746091540.271028
grd,2003,835410997.775849
grd,2004,831021125.109394
grd,2005,1045904614.61523
grd,2006,1034273511.191
grd,2007,1111741480.02806
grd,2008,1147273912.33945
grd,2009,1045345320.30047
grd,2010,1087117005.54684
grd,2011,1130918364.46605
grd,2012,1136006202.20287
grd,2013,1191051520.833
grd,2014,1299788803.67963
grd,2015,1404824684.29204
grd,2016,1475566758.85625
gtm,1990,29917981058.8751
gtm,1991,32344065570.0078
gtm,1992,34702870316.0486
gtm,1993,36970004577.5215
gtm,1994,39217793994.7888
gtm,1995,42021216446.7389
gtm,1996,43885283086.4656
gtm,1997,46641645076.8728
gtm,1998,49780741978.3071
gtm,1999,52326130607.4832
gtm,2000,55405641992.6304
gtm,2001,58461808040.498
gtm,2002,61060534330.2259
gtm,2003,63816522106.6156
gtm,2004,67413600453.6021
gtm,2005,71799749392.2764
gtm,2006,77614533227.1069
gtm,2007,84512860108.6404
gtm,2008,88613554138.8951
gtm,2009,89649158063.1253
gtm,2010,93343683997.3594
gtm,2011,98749611624.913
gtm,2012,104587732951.655
gtm,2013,110451601139.036
gtm,2014,116644446610.294
gtm,2015,123348337811.014
gtm,2016,128759340221.383
guy,1990,947640755.457261
guy,1991,1064031004.70003
guy,1992,1260931892.21674
guy,1993,1545077413.70568
guy,1994,1803274083.25602
guy,1995,1981113859.11525
guy,1996,2198928426.62368
guy,1997,2314924546.77727
guy,1998,2311589276.77276
guy,1999,2458525014.82899
guy,2000,2502547725.2815
guy,2001,2583729964.39855
guy,2002,2675453656.45999
guy,2003,2725147261.40057
guy,2004,2669441187.24268
guy,2005,2958244435.58171
guy,2006,3506967143.22419
guy,2007,3817188671.11654
guy,2008,3918815925.57454
guy,2009,4090875876.42172
guy,2010,4253405635.15623
guy,2011,4576050795.78135
guy,2012,4921853829.26038
guy,2013,5204276327.02184
guy,2014,5508896570.20265
guy,2015,5755755972.3102
guy,2016,6041983433.87636
hic,1990,18153721398785.7
hic,1991,19113303307451.9
hic,1992,19993479011345.1
hic,1993,20757410309678
hic,1994,21914208248126.9
hic,1995,23041837805619.7
hic,1996,24262434658537.5
hic,1997,25587084513374.3
hic,1998,26692383247010.1
hic,1999,27955903143382.2
hic,2000,29979773460725.2
hic,2001,31209130089770.4
hic,2002,32309389897362.6
hic,2003,33600623024419.5
hic,2004,35780640236899.7
hic,2005,37823487085063.6
hic,2006,40720535576800.3
hic,2007,42788650933590.4
hic,2008,44024655006968.2
hic,2009,43236909242492.6
hic,2010,45300945083016.1
hic,2011,47438856183799.9
hic,2012,49187258254669.3
hic,2013,51123235401178.6
hic,2014,53027504280072.6
hic,2015,54828889605879.5
hic,2016,56141101817506.4
hkg,1990,96681544571.48
hkg,1991,105040025298.344
hkg,1992,113962848558.779
hkg,1993,129045520515.962
hkg,1994,139268317747.282
hkg,1995,146510052637.441
hkg,1996,152853613762.2
hkg,1997,164688869623.973
hkg,1998,159874793492.114
hkg,1999,166519553797.506
hkg,2000,181149337760.35
hkg,2001,189092231490.092
hkg,2002,192012110838.233
hkg,2003,205672098110.402
hkg,2004,228727875416.547
hkg,2005,249568114664.93
hkg,2006,280348112093.794
hkg,2007,308920821023.685
hkg,2008,330059064102.473
hkg,2009,315542552292.136
hkg,2010,338089990966.277
hkg,2011,363860139557.707
hkg,2012,372149796922.307
hkg,2013,391614405369.278
hkg,2014,410310087980.226
hkg,2015,424648658078.386
hkg,2016,445441293450.012
hnd,1990,9318527501.84879
hnd,1991,9902453412.85115
hnd,1992,10593876570.1626
hnd,1993,12009328998.0346
hnd,1994,12144344448.152
hnd,1995,12719906167.5902
hnd,1996,13461824558.2232
hnd,1997,14659906941.4727
hnd,1998,15334870664.4644
hnd,1999,15430712681.5121
hnd,2000,16679379234.4171
hnd,2001,17473728520.0887
hnd,2002,18328034947.8219
hnd,2003,19410025988.9993
hnd,2004,21036450582.9665
hnd,2005,23136000907.7895
hnd,2006,25361283627.7036
hnd,2007,28124419119.8078
hnd,2008,29722539870.6791
hnd,2009,29043110489.2367
hnd,2010,30410395274.5989
hnd,2011,31919908559.1729
hnd,2012,33369971482.8756
hnd,2013,34673247441.9394
hnd,2014,36050890319.0686
hnd,2015,38469097497.6524
hnd,2016,40231622152.7719
hpc,1990,319240401964.524
hpc,1991,329361533700.739
hpc,1992,336454015604.736
hpc,1993,351596503093.24
hpc,1994,363329011367.011
hpc,1995,386752464116.885
hpc,1996,421623383003.805
hpc,1997,450557664581.257
hpc,1998,473632108157.027
hpc,1999,495202828059.199
hpc,2000,518741942477.061
hpc,2001,549945427279.145
hpc,2002,578954126585.239
hpc,2003,615739441902.751
hpc,2004,668203810841.973
hpc,2005,736395910317.155
hpc,2006,809112999499.644
hpc,2007,888305443577.512
hpc,2008,963002819848.836
hpc,2009,1017838411415.64
hpc,2010,1084434554333.39
hpc,2011,1167159367611.67
hpc,2012,1251196751443.08
hpc,2013,1295787574501.1
hpc,2014,1444619677190.52
hpc,2015,1546363598909.85
hpc,2016,1639961554641.63
hrv,1995,36671139831.8958
hrv,1996,39406145890.2339
hrv,1997,42819949351.2046
hrv,1998,43956501706.974
hrv,1999,43474131575.9109
hrv,2000,46676597046.1392
hrv,2001,49382284139.2025
hrv,2002,53696783640.8959
hrv,2003,56377758865.7523
hrv,2004,61577976873.603
hrv,2005,64623992156.5692
hrv,2006,73448911789.3979
hrv,2007,81588249944.9072
hrv,2008,87329532347.7448
hrv,2009,83465056444.477
hrv,2010,82462072426.8573
hrv,2011,86200617340.8817
hrv,2012,87489750877.2554
hrv,2013,90378706879.1246
hrv,2014,91292942978.8754
hrv,2015,94384281966.6189
hrv,2016,95647204996.7243
hti,1996,10198831016.3423
hti,1997,10641719814.8784
hti,1998,10979768673.7214
hti,1999,11437299129.3757
hti,2000,11825238635.7475
hti,2001,11930753171.1563
hti,2002,12035723202.4714
hti,2003,12302932478.0959
hti,2004,12219115120.7908
hti,2005,12774042945.1216
hti,2006,13582827191.9317
hti,2007,14410354598.3655
hti,2008,14824072380.9414
hti,2009,15414052635.0244
hti,2010,14765431149.365
hti,2011,15929101063.5587
hti,2012,16742282535.0906
hti,2013,17652839164.7707
hti,2014,18510814488.8867
hti,2015,18946279479.0544
hti,2016,19490215552.7424
hun,1993,85799167493.4198
hun,1994,89840296810.9496
hun,1995,91607771300.7055
hun,1996,92923566675.9457
hun,1997,95856032134.7728
hun,1998,101071046501.017
hun,1999,105184275883.92
hun,2000,115128591917.424
hun,2001,128216219207.579
hun,2002,140048835765.977
hun,2003,149188104406.521
hun,2004,155086973798.148
hun,2005,162363033147.23
hun,2006,174204455151.946
hun,2007,177841340992.055
hun,2008,194000550588.18
hun,2009,196840845443.193
hun,2010,204698532311.874
hun,2011,216126556623.819
hun,2012,219050586415.254
hun,2013,234750618805.821
hun,2014,240994451119.291
hun,2015,248006283177.75
hun,2016,251712844227.699
idn,1990,484393741889.578
idn,1991,535810448274.44
idn,1992,583648334653.467
idn,1993,642922863852.583
idn,1994,714371934574.856
idn,1995,787113468958.598
idn,1996,866466578999.084
idn,1997,920399128198.861
idn,1998,785656282366.444
idn,1999,787137466370.155
idn,2000,853666856815.885
idn,2001,933263830582.164
idn,2002,997591588674.067
idn,2003,1056757890291.72
idn,2004,1131613449133.51
idn,2005,1230926374856.78
idn,2006,1347057449384.14
idn,2007,1472925465839.09
idn,2008,1601412442303.3
idn,2009,1689204915776.36
idn,2010,1950593278416.22
idn,2011,2111380502276.65
idn,2012,2278686916059.51
idn,2013,2439984219984.88
idn,2014,2598232030843.47
idn,2015,2762004998450.15
idn,2016,2934343659171.42
ind,1990,973824792016.372
ind,1991,1014659042632.48
ind,1992,1094591736025.34
ind,1993,1175696452211.85
ind,1994,1282064517101.75
ind,1995,1410176395104.74
ind,1996,1547183577400.76
ind,1997,1638791094912.31
ind,1998,1759205148372.03
ind,1999,1945483407159.16
ind,2000,2060137770619.02
ind,2001,2213157048764.68
ind,2002,2337315501807.24
ind,2003,2569419876932.18
ind,2004,2850387556321.34
ind,2005,3214704401861.85
ind,2006,3617917397620.07
ind,2007,4093616453745.03
ind,2008,4328532646369.51
ind,2009,4731152186852.1
ind,2010,5254841992431.29
ind,2011,5731190432496.76
ind,2012,6136929060901.9
ind,2013,6629512567107.32
ind,2014,7259123288285.04
ind,2015,7942685516024.09
ind,2016,8608656511558.07
irl,1990,44830615210.9892
irl,1991,47410666975.236
irl,1992,49476283939.3433
irl,1993,52247236665.3437
irl,1994,56689746346.1983
irl,1995,62383833048.47
irl,1996,68410569809.7335
irl,1997,75076725592.4006
irl,1998,83360524665.4309
irl,1999,88480224908.6862
irl,2000,100015434961.209
irl,2001,107696278616.679
irl,2002,116063239398.898
irl,2003,124845285979.218
irl,2004,135931725466.659
irl,2005,145694648944.803
irl,2006,165835348247.904
irl,2007,177873773922.291
irl,2008,172080530193.859
irl,2009,157531322881.338
irl,2010,165015411395.503
irl,2011,169257301329.023
irl,2012,174456547300.844
irl,2013,188726833886.404
irl,2014,201571745574.638
irl,2015,253373402278.882
irl,2016,271422238032.849
irn,1990,401664810629.281
irn,1991,467022623594.01
irn,1992,493212120848.678
irn,1993,498999820604.416
irn,1994,494827192044.78
irn,1995,526874603001.473
irn,1996,556559738836.482
irn,1997,580346846708.724
irn,1998,604845696036.913
irn,1999,617069587380.414
irn,2000,672747683236.941
irn,2001,705501663353.461
irn,2002,776095689800.22
irn,2003,859152748063.452
irn,2004,917845727079.503
irn,2005,977414708602.242
irn,2006,1060176006641.02
irn,2007,1179872577024.57
irn,2008,1206710216325.89
irn,2009,1223737897636.56
irn,2010,1311100331011.87
irn,2011,1373456121278.44
irn,2012,1303623814499.17
irn,2013,1321844068107.75
irn,2014,1402074708489.7
irn,2015,1400700941821.41
irn,2016,1609542055351.18
irq,1990,128141872385.378
irq,1991,47587173531.1111
irq,1992,64811097008.6596
irq,1993,87419172732.7937
irq,1994,92724937148.3474
irq,1995,96638820018.046
irq,1996,109237302713.288
irq,1997,132991560575.519
irq,1998,181245740672.501
irq,1999,215458952412.282
irq,2000,226012366307.079
irq,2001,236295376391.478
irq,2002,221114486007.334
irq,2003,153675056685.256
irq,2004,243495337013.277
irq,2005,265895498680.567
irq,2006,301588711912.753
irq,2007,314839183964.963
irq,2008,359941628463.361
irq,2009,365766856162.891
irq,2010,387717490234.39
irq,2011,420294877136.849
irq,2012,490591644546.84
irq,2013,526456252896.927
irq,2014,539401883534.354
irq,2015,571095573944.317
irq,2016,641398707266.374
isl,1990,5472679247.94562
isl,1991,5683606752.80354
isl,1992,5639540843.13591
isl,1993,5838930165.63482
isl,1994,6136298028.38682
isl,1995,6289537134.29153
isl,1996,6593998049.01039
isl,1997,7167595043.76633
isl,1998,7706904542.57998
isl,1999,8038027657.36461
isl,2000,8055952352.8989
isl,2001,8801810170.55202
isl,2002,9390431859.41103
isl,2003,9380766643.88968
isl,2004,10032280775.3588
isl,2005,10526296722.7951
isl,2006,11034390027.3834
isl,2007,12069201894.1629
isl,2008,10807260433.594
isl,2009,10710976139.0982
isl,2010,10249152383.3154
isl,2011,11022605832.7629
isl,2012,11766282593.5493
isl,2013,13631427233.6515
isl,2014,14262148861.0788
isl,2015,15644171652.3666
isl,2016,17544115328.563
isr,1990,67628457088.0546
isr,1991,76013947682.4296
isr,1992,83553501326.8864
isr,1993,89031202633.8755
isr,1994,97534547701.4259
isr,1995,106622964656.125
isr,1996,114617916382.514
isr,1997,120838829728.895
isr,1998,127284159966.911
isr,1999,132470851679.245
isr,2000,147009604335.413
isr,2001,153906456826.052
isr,2002,159610145996.911
isr,2003,153515732972.515
isr,2004,166758247067.665
isr,2005,170512183338.055
isr,2006,180481874701.592
isr,2007,197127382321.736
isr,2008,196389136624.513
isr,2009,200805891421.427
isr,2010,215636203610.575
isr,2011,234224794239.857
isr,2012,244685842343.474
isr,2013,269733783740.141
isr,2014,284591722748.842
isr,2015,303279906867.931
isr,2016,319036931014.079
ita,1990,1038999404533.29
ita,1991,1087875890862.34
ita,1992,1119767352319.6
ita,1993,1139004410252.01
ita,1994,1186591309362.14
ita,1995,1250597093387.18
ita,1996,1293370169896.44
ita,1997,1347912719248.66
ita,1998,1410382809182.42
ita,1999,1450330523890.6
ita,2000,1531902703789.33
ita,2001,1590180104285.12
ita,2002,1626940007698.95
ita,2003,1658563368398.85
ita,2004,1697030766233.43
ita,2005,1744720332016.2
ita,2006,1888308378541.88
ita,2007,1987494108444.11
ita,2008,2063595995375.75
ita,2009,2040451545738.7
ita,2010,2075054619812.41
ita,2011,2152582158386.79
ita,2012,2154531375588.28
ita,2013,2172610704748.01
ita,2014,2206368709307.93
ita,2015,2259470586051.42
ita,2016,2328952928520.27
jam,1990,10335488288.8861
jam,1991,11103770081.7743
jam,1992,11808600177.1653
jam,1993,13890729073.0421
jam,1994,14229410814.5675
jam,1995,14972197934.9357
jam,1996,15577054888.0725
jam,1997,15701810206.7497
jam,1998,15233448140.7192
jam,1999,15591056730.0701
jam,2000,16060177585.6763
jam,2001,16456597884.2693
jam,2002,16809479134.3195
jam,2003,17831467023.8191
jam,2004,18607111612.241
jam,2005,19316953886.4477
jam,2006,20676043978.9321
jam,2007,21529208828.3574
jam,2008,22003986383.7655
jam,2009,20901239121.0555
jam,2010,21256914960.4109
jam,2011,22187396305.326
jam,2012,22876869414.7944
jam,2013,23127291087.818
jam,2014,23751053051.0934
jam,2015,24036044343.3728
jam,2016,24390995347.8901
jor,1990,13712383156.4238
jor,1991,13944226413.4614
jor,1992,17254758485.556
jor,1993,18685836827.9136
jor,1994,20136816840.535
jor,1995,22038012714.1818
jor,1996,22859491063.5319
jor,1997,24388144440.9442
jor,1998,25687462837.9766
jor,1999,26928155007.3198
jor,2000,29611972564.5122
jor,2001,32075909054.6513
jor,2002,34086360035.0848
jor,2003,36411996715.5927
jor,2004,41071333925.7785
jor,2005,45967589640.2062
jor,2006,51381770988.7613
jor,2007,57258867985.9185
jor,2008,61701079457.6358
jor,2009,65383351595.678
jor,2010,66119346887.9921
jor,2011,69156949425.6786
jor,2012,72052127928.294
jor,2013,75474698764.6402
jor,2014,79080438926.0845
jor,2015,82020872110.9579
jor,2016,85045356314.0637
jpn,1990,2420018424280.8
jpn,1991,2584421901183.19
jpn,1992,2669631983321.5
jpn,1993,2738662407778.7
jpn,1994,2818856270080.97
jpn,1995,2962769596597.56
jpn,1996,3121947722609.03
jpn,1997,3209829439529.62
jpn,1998,3206175124463.9
jpn,1999,3245588905262.51
jpn,2000,3447336163143.57
jpn,2001,3546909112668.82
jpn,2002,3639730784809.42
jpn,2003,3745176957926.24
jpn,2004,3954676766644.69
jpn,2005,4133438974348.17
jpn,2006,4337237640784.01
jpn,2007,4552455877818.36
jpn,2008,4573202767880.07
jpn,2009,4341858350308.57
jpn,2010,4597756491032.88
jpn,2011,4702730270932.62
jpn,2012,4873844260962.84
jpn,2013,5133797407300.4
jpn,2014,5194333040033.32
jpn,2015,5368627972055.63
jpn,2016,5433826056980.06
kaz,1993,113960704719.563
kaz,1994,101454813473.862
kaz,1995,94830108835.1455
kaz,1996,96719391472.019
kaz,1997,99668666795.9329
kaz,1998,98871690761.9291
kaz,1999,101018508006.56
kaz,2000,109351764616.029
kaz,2001,128676193846.284
kaz,2002,144986647203.57
kaz,2003,159786747674.463
kaz,2004,178090483997.544
kaz,2005,195691649949.941
kaz,2006,217678839851.936
kaz,2007,241466581654.712
kaz,2008,248159641861.469
kaz,2009,263513528974.305
kaz,2010,279328323874.324
kaz,2011,301583512406.376
kaz,2012,325193602191
kaz,2013,361952053837.529
kaz,2014,385638428101.29
kaz,2015,413657402295.18
kaz,2016,408771228636.965
ken,1990,34469391283.9962
ken,1991,36009755544.2766
ken,1992,36637392539.9329
ken,1993,36876916592.1338
ken,1994,39145270216.5529
ken,1995,42394826574.7628
ken,1996,45734342561.9158
ken,1997,47005901666.7721
ken,1998,49273950234.3622
ken,1999,50965042128.9481
ken,2000,52606885960.7784
ken,2001,55775025266.6009
ken,2002,57062500683.8296
ken,2003,59792489147.8016
ken,2004,64725707914.926
ken,2005,71358832783.2131
ken,2006,78125073694.3102
ken,2007,85544323706.7081
ken,2008,87743731009.1143
ken,2009,91304122901.4919
ken,2010,99935370548.877
ken,2011,108651439755.1
ken,2012,114958529176.477
ken,2013,123107630375.989
ken,2014,131585573397.843
ken,2015,141377310097.544
ken,2016,151713110070.365
kgz,1990,9861724967.95508
kgz,1991,9378791836.24452
kgz,1992,8270129214.53558
kgz,1993,7137917944.93457
kgz,1994,5765546805.93733
kgz,1995,5520108764.03037
kgz,1996,6017575544.43208
kgz,1997,6624332333.62043
kgz,1998,6756531570.70681
kgz,1999,7027500686.00476
kgz,2000,7572329954.35719
kgz,2001,8340170944.6538
kgz,2002,8491017099.50822
kgz,2003,9304569732.80422
kgz,2004,10087951734.9635
kgz,2005,10504390403.9082
kgz,2006,11381188855.3601
kgz,2007,12725465379.0506
kgz,2008,13686607912.743
kgz,2009,14211371070.2029
kgz,2010,13945454348.3057
kgz,2011,14393401502.2784
kgz,2012,15968048603.3076
kgz,2013,17405395617.8618
kgz,2014,18753329157.4891
kgz,2015,19781874462.1214
kgz,2016,20768379606.2264
khm,1995,8415663686.4477
khm,1996,8971922850.21133
khm,1997,9764624432.5724
khm,1998,10303138582.2866
khm,1999,11588788805.9927
khm,2000,12818015542.8051
khm,2001,14140165834.2189
khm,2002,15170049019.2232
khm,2003,16890790683.3634
khm,2004,19107299160.1037
khm,2005,22206136131.6691
khm,2006,25402834570.7201
khm,2007,28926843381.2532
khm,2008,31354828269.2419
khm,2009,31547713869.4927
khm,2010,33750438571.8843
khm,2011,36844168821.8601
khm,2012,40095481910.9767
khm,2013,43503994066.6554
khm,2014,47405990459.0323
khm,2015,51149702460.4603
khm,2016,55395771206.8833
kir,1990,111338680.099939
kir,1991,151876416.749092
kir,1992,158472741.90313
kir,1993,156543910.716584
kir,1994,161459065.531125
kir,1995,173864288.015878
kir,1996,154868027.856189
kir,1997,190231491.051256
kir,1998,216608019.755019
kir,1999,200191441.856131
kir,2000,218254839.950581
kir,2001,234026129.694549
kir,2002,228457583.178494
kir,2003,224018408.222605
kir,2004,226823237.670197
kir,2005,233433306.341212
kir,2006,241792976.701868
kir,2007,239555643.273112
kir,2008,248504966.245236
kir,2009,241672726.209754
kir,2010,253079604.925021
kir,2011,245348537.888049
kir,2012,277445799.191961
kir,2013,323413193.386105
kir,2014,406535380.889601
kir,2015,473267244.294965
kir,2016,349204418.962245
kna,1990,370025643.401087
kna,1991,369530883.275394
kna,1992,388738421.865055
kna,1993,425388393.892501
kna,1994,457907895.292246
kna,1995,499689835.794721
kna,1996,531860810.318433
kna,1997,574645917.725021
kna,1998,568048059.816658
kna,1999,594042568.286452
kna,2000,673529073.420669
kna,2001,723843294.898232
kna,2002,750851560.97144
kna,2003,725990022.906808
kna,2004,787032732.917043
kna,2005,895789849.927894
kna,2006,953971900.791076
kna,2007,982699096.235746
kna,2008,1064697957.55222
kna,2009,1039646511.4037
kna,2010,1034663557.58481
kna,2011,1089742095.33756
kna,2012,1108140750.86306
kna,2013,1197021102.92717
kna,2014,1289092599.933
kna,2015,1359739800.72024
kna,2016,1408317960.71897
kor,1990,354253652169.773
kor,1991,403864985932.206
kor,1992,438430342958.769
kor,1993,479488426234.589
kor,1994,534136418108.482
kor,1995,596858189954.515
kor,1996,654087166606.858
kor,1997,703286650897.174
kor,1998,666890448678.826
kor,1999,755278990079.879
kor,2000,843935306788.961
kor,2001,902537346911.562
kor,2002,985828020535.801
kor,2003,1019714022540.62
kor,2004,1101100253872.48
kor,2005,1156781985289.3
kor,2006,1246381845745.39
kor,2007,1350407461950.59
kor,2008,1405611759231.35
kor,2009,1393108423291.55
kor,2010,1506811930586.56
kor,2011,1568631167033.9
kor,2012,1627811703472.46
kor,2013,1656512685183.14
kor,2014,1712068775987.24
kor,2015,1760796787229.3
kor,2016,1833914820184.89
kwt,1992,73948317357.7594
kwt,1993,93084464568.5314
kwt,1994,100211462217.133
kwt,1995,112224615785.438
kwt,1996,113492091221.57
kwt,1997,122597665699.179
kwt,1998,130515417905.26
kwt,1999,124153132836.382
kwt,2000,133840068635.9
kwt,2001,133536971401.371
kwt,2002,133126442714.029
kwt,2003,156820224628.187
kwt,2004,181317779004.102
kwt,2005,206311597103.414
kwt,2006,232650743842.133
kwt,2007,253188698631.476
kwt,2008,256141861928.941
kwt,2009,243335477724.404
kwt,2010,237103277874.553
kwt,2011,261909682318.451
kwt,2012,287989538163.956
kwt,2013,296875600878.135
kwt,2014,309365424815.16
kwt,2015,319401451899.629
kwt,2016,337613881301.476
lac,1990,2345311073364.6
lac,1991,2537216141124.46
lac,1992,2680959940820.73
lac,1993,3000767761634.61
lac,1994,3195311509911.44
lac,1995,3253399211634.32
lac,1996,3429531072651.55
lac,1997,3667610029387.35
lac,1998,3766105822791.03
lac,1999,3830209179282.53
lac,2000,4077243326207.25
lac,2001,4184591622335.92
lac,2002,4241689503498.88
lac,2003,4398595207007.48
lac,2004,4807612658132.43
lac,2005,5231914957991.53
lac,2006,5718405155386.91
lac,2007,6271826613057.16
lac,2008,6682095646588.53
lac,2009,6652310730986.97
lac,2010,7183247081739.9
lac,2011,7718010541826.6
lac,2012,8082361683099.53
lac,2013,8450789057150.22
lac,2014,8730360732822.71
lac,2015,8797458523839.79
lac,2016,8906496766719.46
lao,1990,4438995340.4749
lao,1991,4783820422.70777
lao,1992,5164906643.33139
lao,1993,5600437045.82295
lao,1994,6179027355.65688
lao,1995,6736352492.57187
lao,1996,7332106377.85312
lao,1997,7805695096.36158
lao,1998,8164658965.19489
lao,1999,9016468901.78471
lao,2000,9506421451.06734
lao,2001,10302441821.7177
lao,2002,11107880315.3566
lao,2003,11773979017.8072
lao,2004,13071875037.0219
lao,2005,14707037746.7692
lao,2006,15940003721.6074
lao,2007,17984404451.9863
lao,2008,19526410801.8076
lao,2009,21564265625.0329
lao,2010,22833055067.5756
lao,2011,24953302622.3392
lao,2012,27809359022.6999
lao,2013,30717818913.2132
lao,2014,33992272855.7763
lao,2015,36918245810.1598
lao,2016,40077119740.1783
lbn,1990,16737452306.53
lbn,1991,21248651603.4843
lbn,1992,21868574858.0364
lbn,1993,23682999657.5702
lbn,1994,26178506939.2973
lbn,1995,28689583865.574
lbn,1996,30335426325.9457
lbn,1997,29886647098.7721
lbn,1998,30938520715.5535
lbn,1999,31376226792.7245
lbn,2000,32734818185.0319
lbn,2001,33998838063.0184
lbn,2002,34225979533.4449
lbn,2003,31283208448.4806
lbn,2004,39473585851.814
lbn,2005,43173032358.2543
lbn,2006,45975292014.197
lbn,2007,52723060956.6302
lbn,2008,58512666706.2815
lbn,2009,63517543778.4327
lbn,2010,68984197434.0206
lbn,2011,71720383728.6278
lbn,2012,75043667292.3463
lbn,2013,78130901488.4254
lbn,2014,80758610724.5819
lbn,2015,82459287506.8142
lbn,2016,84700077380.0891
lbr,1997,795496209.71743
lbr,1998,1052443917.38462
lbr,1999,1103376452.35623
lbr,2000,1550044700.0013
lbr,2001,1412180489.84646
lbr,2002,1485103903.58285
lbr,2003,958267021.646065
lbr,2004,1037933436.8075
lbr,2005,1244963057.5595
lbr,2006,1446870052.6793
lbr,2007,1720471992.66255
lbr,2008,1929228396.8726
lbr,2009,2204604801.55168
lbr,2010,2330843165.28487
lbr,2011,2747378544.96665
lbr,2012,2791028308.69302
lbr,2013,3068640165.19676
lbr,2014,3106270488.71194
lbr,2015,3250853667.02682
lbr,2016,3254354781.95316
lby,2002,95244079770.0485
lby,2003,110607021547.421
lby,2004,115470145872.261
lby,2005,133508618157.128
lby,2006,149915027213.241
lby,2007,162984713935.175
lby,2008,169900710664.659
lby,2009,170012227269.733
lby,2010,179025380242.573
lby,2011,69433530943.1827
lca,1990,808203224.210239
lca,1991,835076537.74416
lca,1992,929527583.71869
lca,1993,946539331.20768
lca,1994,985391101.445592
lca,1995,1017296309.53391
lca,1996,1076195528.95523
lca,1997,1083839142.11575
lca,1998,1160389066.50671
lca,1999,1213894300.93163
lca,2000,1235118103.09247
lca,2001,1207374763.03718
lca,2002,1248940582.49082
lca,2003,1315286050.91687
lca,2004,1430726247.85894
lca,2005,1471161317.15032
lca,2006,1669396213.8937
lca,2007,1738441299.85399
lca,2008,1858863364.97951
lca,2009,1897961635.16578
lca,2010,1937864477.94357
lca,2011,2076454557.28718
lca,2012,2074240679.52629
lca,2013,2113168196.99237
lca,2014,2047308280.24581
lca,2015,2107964826.98884
lca,2016,2146506883.85046
lcn,1990,2486692029664.85
lcn,1991,2689579348503.93
lcn,1992,2848342423234.26
lcn,1993,3181869172201.39
lcn,1994,3389136146973.72
lcn,1995,3465552562754.82
lcn,1996,3660657814645.4
lcn,1997,3916300184588.95
lcn,1998,4029097986768.67
lcn,1999,4098989955355.03
lcn,2000,4361007557150.14
lcn,2001,4483397167825.98
lcn,2002,4547398445200.18
lcn,2003,4715849870797.03
lcn,2004,5149582291043.36
lcn,2005,5602270864399.25
lcn,2006,6137839187425.17
lcn,2007,6724959490123.44
lcn,2008,7147014489117.67
lcn,2009,7116802745685.47
lcn,2010,7688916615976.07
lcn,2011,8267379281876.56
lcn,2012,8667478257540.19
lcn,2013,9067385349283.4
lcn,2014,9369922400014.94
lcn,2015,9459610190890.65
lcn,2016,9582035766876.12
ldc,1990,424311562121.077
ldc,1991,438525194087.721
ldc,1992,446726562803.291
ldc,1993,467534469101.929
ldc,1994,485608968644.629
ldc,1995,532831014190.788
ldc,1996,573961649213.09
ldc,1997,615880325509.539
ldc,1998,649198016626.686
ldc,1999,683912785346.088
ldc,2000,735882030343.321
ldc,2001,792149041122.539
ldc,2002,839683804190.709
ldc,2003,903525092151.416
ldc,2004,987808830561.809
ldc,2005,1100654447428.01
ldc,2006,1232338024111.11
ldc,2007,1382114931048.01
ldc,2008,1509356497870.92
ldc,2009,1617407264725.08
ldc,2010,1732615355324.36
ldc,2011,1846551261958
ldc,2012,1975612445911.7
ldc,2013,2078188745249.94
ldc,2014,2272696924522.92
ldc,2015,2396409206648.55
ldc,2016,2539810054403.89
lic,1990,227966403655.913
lic,1991,237419409660.429
lic,1992,235664474380.714
lic,1993,244839380366.421
lic,1994,252691004179.294
lic,1995,268591441935.764
lic,1996,293924653506.216
lic,1997,309098123002.272
lic,1998,322096587983.487
lic,1999,338238677138.137
lic,2000,355117313598.987
lic,2001,378344915801.869
lic,2002,392871569491.264
lic,2003,413627976660.715
lic,2004,448563347547.447
lic,2005,491855176839.48
lic,2006,535850707167.323
lic,2007,588359606993.408
lic,2008,630048917081.313
lic,2009,674171574627.441
lic,2010,724223439826.11
lic,2011,781421280998.689
lic,2012,841186902199.798
lic,2013,903350019986.753
lic,2014,975280164557.974
lic,2015,1034641280470.41
lic,2016,1097715764892.92
lka,1990,40163705385.4
lka,1991,43368761100.1314
lka,1992,46589227883.4695
lka,1993,51111273553.5453
lka,1994,54777350276.2528
lka,1995,58584659540.577
lka,1996,61855875739.7233
lka,1997,67117156663.2443
lka,1998,70728104048.1489
lka,1999,74724083845.4774
lka,2000,80913169751.8847
lka,2001,81592806284.9356
lka,2002,86365860017.0455
lka,2003,93901225354.5728
lka,2004,101650293825.174
lka,2005,111207009556.956
lka,2006,123225234728.611
lka,2007,135492416455.181
lka,2008,144461280710.817
lka,2009,152604483217.354
lka,2010,166961816023.273
lka,2011,184899504319.22
lka,2012,203914661723.346
lka,2013,212971864319.415
lka,2014,227721922857.102
lka,2015,241089006763.386
lka,2016,254225879203.444
lmc,1990,3361078189987.42
lmc,1991,3505073674097.64
lmc,1992,3669585832692.03
lmc,1993,3829839912299.96
lmc,1994,4066038037336.36
lmc,1995,4383105359797.97
lmc,1996,4734760728471.63
lmc,1997,5016356706949.68
lmc,1998,5120768936071.92
lmc,1999,5442869239921.6
lmc,2000,5810802030940.81
lmc,2001,6251887335699.39
lmc,2002,6610171826861.55
lmc,2003,7162514199213.62
lmc,2004,7939104940842.74
lmc,2005,8742710527538.31
lmc,2006,9761535305057.48
lmc,2007,10818286917152.8
lmc,2008,11569006584702.5
lmc,2009,12264557193597.8
lmc,2010,13465264997460.3
lmc,2011,14483689554801
lmc,2012,15497456239546
lmc,2013,16570520453365.9
lmc,2014,17890111535305.2
lmc,2015,19170989738079.4
lmc,2016,20465638898630.4
lmy,1990,10267925514880.8
lmy,1991,10782032990096.4
lmy,1992,11263733360993.3
lmy,1993,12075905473206.7
lmy,1994,12721196752698.8
lmy,1995,13484482292477.6
lmy,1996,14472479651793.1
lmy,1997,15448040813625.8
lmy,1998,15944734888193.2
lmy,1999,16803322048840.9
lmy,2000,18194882214215.5
lmy,2001,19386650596055.4
lmy,2002,20579613685892.8
lmy,2003,22253842537601.8
lmy,2004,24770342489188.7
lmy,2005,27485243590068.2
lmy,2006,31112918103642.9
lmy,2007,34941573473832.6
lmy,2008,38143448274184.5
lmy,2009,39715177173679
lmy,2010,43453841486759.2
lmy,2011,47375155011027.5
lmy,2012,50797951047580.5
lmy,2013,54116911823377.9
lmy,2014,57869454861618.6
lmy,2015,60809163826479.5
lmy,2016,64310234397017.9
lso,1990,2295196137.1591
lso,1991,2422734514.17228
lso,1992,2521172244.73408
lso,1993,2560370726.32482
lso,1994,2726639453.95425
lso,1995,2795070239.61311
lso,1996,3010360379.41239
lso,1997,3140862288.71378
lso,1998,3125455264.93372
lso,1999,3251484450.3673
lso,2000,3361488440.75553
lso,2001,4042233805.02676
lso,2002,4138131173.17102
lso,2003,4356229151.73851
lso,2004,4368190028.43145
lso,2005,4413979009.07561
lso,2006,4553576690.50986
lso,2007,5362532293.15872
lso,2008,5711121427.16236
lso,2009,5708665324.77563
lso,2010,5992745273.83422
lso,2011,6103616142.31917
lso,2012,6433811562.92682
lso,2013,6567301760.80856
lso,2014,6696349447.85689
lso,2015,6984059910.58881
lso,2016,7368720674.35147
ltu,1995,21448302480.8767
ltu,1996,22738681898.277
ltu,1997,24779938939.5992
ltu,1998,26909636836.0371
ltu,1999,26908857258.801
ltu,2000,29044251685.9939
ltu,2001,32436474014.569
ltu,2002,35751052791.1804
ltu,2003,40190495402.8905
ltu,2004,43181900536.5669
ltu,2005,47618095736.6226
ltu,2006,52904722571.1387
ltu,2007,59356872030.995
ltu,2008,64082351052.7982
ltu,2009,58524937746.9834
ltu,2010,61185970900.427
ltu,2011,66664850847.1537
ltu,2012,71449843731.253
ltu,2013,76871354912.4729
ltu,2014,81510461345.3496
ltu,2015,80842158150.7104
ltu,2016,82743156484.1237
lux,1990,11481649747.3974
lux,1991,12985001390.0473
lux,1992,13451454155.3617
lux,1993,14078984870.3328
lux,1994,14381134132.2575
lux,1995,15355558108.9483
lux,1996,16118318886.6767
lux,1997,17350506296.6346
lux,1998,17751159579.5702
lux,1999,19959366352.349
lux,2000,21440318530.0735
lux,2001,22317562120.2031
lux,2002,22231998148.3726
lux,2003,22170492896.3536
lux,2004,26961151268.1797
lux,2005,29385801220.0392
lux,2006,30089648299.2864
lux,2007,34976164418.3029
lux,2008,35086723108.289
lux,2009,27845206331.5364
lux,2010,31451598937.5773
lux,2011,33200445476.1302
lux,2012,33825637688.9908
lux,2013,34690043272.6355
lux,2014,36676552346.4885
lux,2015,39174520010.4333
lux,2016,41058440301.1424
lva,1995,13779146018.47
lva,1996,14335053724.3151
lva,1997,15882112026.3851
lva,1998,17148698034.7303
lva,1999,17533989727.0412
lva,2000,18947916392.8923
lva,2001,21229196268.0323
lva,2002,23303341379.1822
lva,2003,25103927589.9986
lva,2004,27089031998.9482
lva,2005,30679880047.3929
lva,2006,34085712909.4621
lva,2007,38684441044.4703
lva,2008,41769623930.8191
lva,2009,38728950881.8681
lva,2010,37365446763.7235
lva,2011,40716004451.47
lva,2012,42941342867.2251
lva,2013,45675164031.9657
lva,2014,47598495352.7363
lva,2015,48970543751.5642
lva,2016,50716039378.9544
mac,1990,9091329943.07642
mac,1991,9749323910.19071
mac,1992,11315749429.7206
mac,1993,12093091286.9636
mac,1994,12830437755.1469
mac,1995,13367029846.6008
mac,1996,13306140844.3653
mac,1997,13459751575.3562
mac,1998,12889252668.7554
mac,1999,12516487126.5239
mac,2000,13209746042.5447
mac,2001,15073751491.5205
mac,2002,16648171188.5295
mac,2003,18661702164.5628
mac,2004,23453097442.2329
mac,2005,25876443532.5959
mac,2006,29010080950.4411
mac,2007,37764050339.1029
mac,2008,35762517357.3264
mac,2009,36973563577.6087
mac,2010,46065804375.3356
mac,2011,55434214648.4243
mac,2012,60744846381.1553
mac,2013,67938812199.5726
mac,2014,69486634263.5952
mac,2015,59284108868.2632
mar,1990,61644406414.5086
mar,1991,68142263029.9124
mar,1992,68467749703.9341
mar,1993,69177088306.5964
mar,1994,78495177721.7741
mar,1995,75560135390.5946
mar,1996,87102587047.1915
mar,1997,87156548980.188
mar,1998,95045781221.4789
mar,1999,97626443831.8019
mar,2000,101610791482.529
mar,2001,111656541461.041
mar,2002,117284550331.147
mar,2003,127028853325.739
mar,2004,137296134997.093
mar,2005,147146291895.343
mar,2006,162970744375.356
mar,2007,173555402931.012
mar,2008,187714905191.285
mar,2009,194860438290.107
mar,2010,204771170622.524
mar,2011,219272498095.561
mar,2012,229255827161.436
mar,2013,245153299571.055
mar,2014,253660945699.467
mar,2015,269792015175.487
mar,2016,276828434615.465
mda,1995,6865807346.94222
mda,1996,6908529587.24053
mda,1997,7087562294.96695
mda,1998,6672689548.40848
mda,1999,6546353885.10163
mda,2000,6807853915.1324
mda,2001,7736371770.79099
mda,2002,8478298109.92439
mda,2003,9669019397.67685
mda,2004,10778359654.3951
mda,2005,11859504936.9495
mda,2006,12784425118.2096
mda,2007,13221142639.3671
mda,2008,14597700600.3882
mda,2009,13299430404.8008
mda,2010,14787863158.4697
mda,2011,16102758556.6803
mda,2012,16731882437.4488
mda,2013,18551829536.2664
mda,2014,19685730970.5476
mda,2015,19271626428.7208
mda,2016,20162281264.5049
mdg,1990,11895661347.2122
mdg,1991,11240659753.0206
mdg,1992,11864783374.4307
mdg,1993,12463307828.4049
mdg,1994,12592062038.8804
mdg,1995,13064558280.4162
mdg,1996,13739861785.5456
mdg,1997,14698019248.659
mdg,1998,15537277041.7101
mdg,1999,16652536028.3376
mdg,2000,17718226532.8979
mdg,2001,19311626266.4848
mdg,2002,17069470701.1246
mdg,2003,19145330977.1813
mdg,2004,20630301895.2336
mdg,2005,22328594753.8477
mdg,2006,24201351157.7669
mdg,2007,26579286515.8165
mdg,2008,29101158850.3512
mdg,2009,27992895120.8299
mdg,2010,28410602706.4713
mdg,2011,29269019629.4989
mdg,2012,30210485046.7825
mdg,2013,31392330009.9725
mdg,2014,33138707968.9205
mdg,2015,34234187219.3278
mdg,2016,36039843180.8363
mdv,2001,859657060.499147
mdv,2002,922553631.538299
mdv,2003,2604347473.85315
mdv,2004,2855138020.30267
mdv,2005,2562875574.14028
mdv,2006,3333852953.25856
mdv,2007,3215988918.73641
mdv,2008,3700265072.55286
mdv,2009,3519037573.5122
mdv,2010,3771988487.5962
mdv,2011,5283560173.16411
mdv,2012,5428241205.64399
mdv,2013,6006012206.57521
mdv,2014,6475823498.76397
mdv,2015,6614975368.53784
mdv,2016,7160518121.79221
mea,1990,1998382679069.43
mea,1991,2130300639382.12
mea,1992,2275874857249.7
mea,1993,2381663417076.54
mea,1994,2458511419664.15
mea,1995,2594581381442.97
mea,1996,2740096220052.8
mea,1997,2886333030042.82
mea,1998,3087861874705.76
mea,1999,3180645999832.37
mea,2000,3420704534447.22
mea,2001,3574732309609.68
mea,2002,3671398856136.69
mea,2003,3920233299896.37
mea,2004,4352194740797.52
mea,2005,4709186684397.69
mea,2006,5157422038571.66
mea,2007,5609172595404.53
mea,2008,5958116640156.95
mea,2009,6025421717485.51
mea,2010,6362950272368.57
mea,2011,6685971342640.18
mea,2012,6992772859545.71
mea,2013,7321250527717.71
mea,2014,7692611974419.08
mea,2015,8034364122595.21
mea,2016,8568031510582.03
mex,1990,498385724547.424
mex,1991,539748073479.139
mex,1992,572664350933.055
mex,1993,749956297521.711
mex,1994,800197595356.207
mex,1995,724272557938.203
mex,1996,774762949884.255
mex,1997,850900897650.396
mex,1998,898760797393.951
mex,1999,961576426201.748
mex,2000,1037531569719.4
mex,2001,1053319220218.78
mex,2002,1073882959755.39
mex,2003,1112113573450.43
mex,2004,1195752083113.4
mex,2005,1300759187718.24
mex,2006,1432295322504.92
mex,2007,1557241963869.52
mex,2008,1650639145129.84
mex,2009,1641224980736.68
mex,2010,1748866416302.93
mex,2011,1900683442605.92
mex,2012,1984596400197.08
mex,2013,2014545009809.93
mex,2014,2139923903829.56
mex,2015,2157287622482.71
mex,2016,2264933378927.57
mhl,1995,166044302.667785
mhl,1996,145534605.29405
mhl,1997,141278645.927635
mhl,1998,143569223.370679
mhl,1999,146178325.934336
mhl,2000,158747287.982064
mhl,2001,170846223.780497
mhl,2002,173948963.863687
mhl,2003,175955969.281924
mhl,2004,181860774.828899
mhl,2005,194743160.121285
mhl,2006,201149412.416277
mhl,2007,213498217.503146
mhl,2008,212425377.435597
mhl,2009,209498181.999796
mhl,2010,215889032.366015
mhl,2011,224872243.117792
mhl,2012,224729446.958278
mhl,2013,241951857.644494
mhl,2014,260591881.281807
mhl,2015,286532299.465299
mhl,2016,285402719.485728
mic,1990,10047834524695.6
mic,1991,10552577930231.9
mic,1992,11034462817372.1
mic,1993,11836760776041.2
mic,1994,12473667853224
mic,1995,13221481018672.6
mic,1996,14185486986989.2
mic,1997,15145740411612.5
mic,1998,15630051009595.3
mic,1999,16472739518498.3
mic,2000,17846612952832.4
mic,2001,19015598042931.7
mic,2002,20193346352243.7
mic,2003,21846406339387.2
mic,2004,24327667692819.4
mic,2005,26999424662148.8
mic,2006,30582128206243.7
mic,2007,34357755268659.7
mic,2008,37517317282386.3
mic,2009,39045952646072.7
mic,2010,42734389980467.5
mic,2011,46598546582436.7
mic,2012,49962106676458.2
mic,2013,53219649483007.1
mic,2014,56901195392136.8
mic,2015,59782350640858.9
mic,2016,63221028090997.6
mkd,1990,10362276065.8594
mkd,1991,10108741604.6733
mkd,1992,9418323422.18819
mkd,1993,9003683827.65132
mkd,1994,9111679197.83788
mkd,1995,9243624797.51998
mkd,1996,9497683730.26245
mkd,1997,9770189416.2775
mkd,1998,10231638982.3701
mkd,1999,10762130077.597
mkd,2000,12226657376.584
mkd,2001,12253596653.7181
mkd,2002,12772232041.226
mkd,2003,13190131322.6286
mkd,2004,14483870660.4916
mkd,2005,15708232222.2554
mkd,2006,17650869641.9272
mkd,2007,18192248453.6546
mkd,2008,21277055096.166
mkd,2009,22444816651.6983
mkd,2010,23064393957.8423
mkd,2011,23634572893.5017
mkd,2012,24026908966.8304
mkd,2013,25670412715.0194
mkd,2014,27554496534.3819
mkd,2015,28238526033.1435
mkd,2016,30134830697.5524
mli,1990,6917276270.92302
mli,1991,8026627052.88863
mli,1992,7932708016.57379
mli,1993,8407257624.46064
mli,1994,8804401933.3787
mli,1995,9012704988.30415
mli,1996,9820399320.68234
mli,1997,10451878744.9805
mli,1998,11392136682.3599
mli,1999,12280882898.6379
mli,2000,12588117318.498
mli,2001,14288478433.7241
mli,2002,14741098199.1587
mli,2003,16891540879.3675
mli,2004,17637831907.7007
mli,2005,19400792777.0906
mli,2006,20837829144.0684
mli,2007,22374134248.4802
mli,2008,24005530947.9011
mli,2009,25309342666.1642
mli,2010,26564614951.1853
mli,2011,28098046145.1435
mli,2012,28237091118.1225
mli,2013,29588422319.0378
mli,2014,32437655814.6626
mli,2015,34691748153.1701
mli,2016,36991372170.6228
mlt,1990,3555428348.91617
mlt,1991,3855212839.49699
mlt,1992,4074068263.99391
mlt,1993,4316626977.24956
mlt,1994,4572608374.93808
mlt,1995,4926426811.28889
mlt,1996,5210297005.61788
mlt,1997,5801427499.02127
mlt,1998,6003475487.8215
mlt,1999,6638100461.52694
mlt,2000,7411017806.35535
mlt,2001,7799607305.26146
mlt,2002,8182964674.34614
mlt,2003,8300322833.80487
mlt,2004,8573742698.07545
mlt,2005,8691954622.98302
mlt,2006,9077748865.19582
mlt,2007,9802691696.01479
mlt,2008,10452877317.7582
mlt,2009,10056850160.2683
mlt,2010,10943811580.0988
mlt,2011,11523165829.2465
mlt,2012,11854040936.329
mlt,2013,12665463946.6795
mlt,2014,13836277061.0226
mlt,2015,14878430063.7671
mlt,2016,15662172224.7402
mmr,1990,19515029595.6379
mmr,1991,19996002377.3733
mmr,1992,22448871775.9771
mmr,1993,24356952474.9078
mmr,1994,26744914202.7701
mmr,1995,29190915891.4186
mmr,1996,31670281787.2036
mmr,1997,34035713363.0238
mmr,1998,36426378258.3671
mmr,1999,41029437130.5789
mmr,2000,47716896625.5997
mmr,2001,54306327175.7445
mmr,2002,61788569660.1152
mmr,2003,71752392635.2414
mmr,2004,83735295669.9673
mmr,2005,98140849210.3813
mmr,2006,114407144130.291
mmr,2007,131552844878.483
mmr,2008,147881182310.541
mmr,2009,164736692579.976
mmr,2010,182820540037.75
mmr,2011,197034773408.762
mmr,2012,206862942836.988
mmr,2013,229322853490.04
mmr,2014,248353957085.135
mmr,2015,270755113077.553
mmr,2016,293157539767.881
mna,1990,1165310860713.13
mna,1991,1180334448757.44
mna,1992,1265660792042.34
mna,1993,1320163991062.4
mna,1994,1363149424486.64
mna,1995,1439881198765.88
mna,1996,1542243514677.92
mna,1997,1637695654402.31
mna,1998,1772639131957.77
mna,1999,1872577101412.1
mna,2000,2010261236723.51
mna,2001,2128725569816.45
mna,2002,2235022252956.17
mna,2003,2336248920921.69
mna,2004,2586745748383.84
mna,2005,2791784441680.14
mna,2006,3058218368280.95
mna,2007,3349867294383.48
mna,2008,3554495910207.25
mna,2009,3652445420436.96
mna,2010,3866086789652.13
mna,2011,3907031844478.59
mna,2012,3999849298110.34
mna,2013,4148226255303.04
mna,2014,4349393037224.39
mna,2015,4468920855124.26
mna,2016,4865919940807.68
mne,2000,3811547941.54114
mne,2001,4329278592.39283
mne,2002,4570730639.51015
mne,2003,4750354951.96449
mne,2004,5057665976.7595
mne,2005,5163065519.96321
mne,2006,6475641376.04056
mne,2007,7727412200.76421
mne,2008,8650190961.51296
mne,2009,8075836994.18269
mne,2010,8403371569.31702
mne,2011,9046233539.8167
mne,2012,8749495910.04498
mne,2013,9426013207.50682
mne,2014,9709310773.72553
mne,2015,10408943877.838
mne,2016,11148590187.3409
mng,1990,7108279420.5618
mng,1991,6808427541.43437
mng,1992,6202838027.07307
mng,1993,6057337229.85737
mng,1994,6410470794.9608
mng,1995,6979289298.91486
mng,1996,7323206370.68411
mng,1997,7742800269.49265
mng,1998,8174149069.79088
mng,1999,8551826508.54358
mng,2000,8805377244.32639
mng,2001,9299803552.36861
mng,2002,9873256951.54277
mng,2003,10732416090.4676
mng,2004,12219622687.8186
mng,2005,13324016370.9452
mng,2006,15030598503.9055
mng,2007,16830446129.2787
mng,2008,18537899011.4032
mng,2009,18216297086.3754
mng,2010,18835306939.1683
mng,2011,22505271782.4175
mng,2012,25888698054.5577
mng,2013,30031790142.8663
mng,2014,32112419967.466
mng,2015,33272622754.1967
mng,2016,34649913287.443
moz,1990,3120264750.37179
moz,1991,3397323065.91313
moz,1992,3202828029.60732
moz,1993,3583231711.01593
moz,1994,3889922633.20294
moz,1995,4105475138.19954
moz,1996,5396680287.6291
moz,1997,6121776776.95935
moz,1998,6877374564.2765
moz,1999,7553504516.9517
moz,2000,7733561722.72462
moz,2001,8833343139.35011
moz,2002,9014904154.39949
moz,2003,10797263989.361
moz,2004,11784844408.7854
moz,2005,13186794654.373
moz,2006,14465126879.8697
moz,2007,16180361939.825
moz,2008,17769810011.1768
moz,2009,19656438494.3203
moz,2010,21048562826.743
moz,2011,23467220531.9072
moz,2012,25925507441.5688
moz,2013,28198802042.9568
moz,2014,30585043167.9495
moz,2015,32740768700.5224
moz,2016,34334390208.6133
mrt,1990,3469668078.45475
mrt,1991,3709204626.43303
mrt,1992,3852498699.73005
mrt,1993,4134310303.42906
mrt,1994,4085218905.76575
mrt,1995,4600640135.20184
mrt,1996,5319606476.48547
mrt,1997,5167709782.25203
mrt,1998,5405128250.04256
mrt,1999,5924092647.09288
mrt,2000,5971085849.17154
mrt,2001,6010847800.75797
mrt,2002,6566112791.62254
mrt,2003,7061621059.51029
mrt,2004,7664420320.65054
mrt,2005,8568948637.91772
mrt,2006,9948039589.01255
mrt,2007,10568620846.2077
mrt,2008,11029946009.5543
mrt,2009,11217709648.1403
mrt,2010,11544228034.8349
mrt,2011,12159384598.5168
mrt,2012,13014085090.0286
mrt,2013,14131475878.3337
mrt,2014,15234867028.6937
mrt,2015,15472655791.1843
mrt,2016,16193803268.2252
mus,1990,5011511930.48423
mus,1991,5465745847.46507
mus,1992,5962845568.35626
mus,1993,6400170078.62333
mus,1994,6752156829.00506
mus,1995,7204505924.01243
mus,1996,7705365715.9709
mus,1997,8330859676.90762
mus,1998,8913222486.36726
mus,1999,9294031433.37567
mus,2000,10352987563.2253
mus,2001,10965111641.252
mus,2002,11366439016.4367
mus,2003,11920034564.7806
mus,2004,12991909034.8866
mus,2005,13589086000.4
mus,2006,15291040021.6902
mus,2007,16923595555.3167
mus,2008,17997464512.7653
mus,2009,18401408754.0739
mus,2010,19759588240.2074
mus,2011,20798674896.4042
mus,2012,21936951969.0716
mus,2013,23007264384.8558
mus,2014,23634430674.0548
mus,2015,25226283152.6851
mus,2016,26573057625.3727
mwi,1990,4434911643.77242
mwi,1991,4992385863.32685
mwi,1992,4729056950.83267
mwi,1993,5318872263.63848
mwi,1994,4794320093.39876
mwi,1995,5728765062.27663
mwi,1996,6369117509.73346
mwi,1997,6734883979.51068
mwi,1998,7014252879.60755
mwi,1999,7339581933.35528
mwi,2000,7645611652.67198
mwi,2001,7442500752.93154
mwi,2002,7737067319.32817
mwi,2003,8339603815.48633
mwi,2004,9031003964.77123
mwi,2005,9648705884.44562
mwi,2006,10427678502.096
mwi,2007,11788948585.9383
mwi,2008,12945263784.1925
mwi,2009,14054556258.5426
mwi,2010,15110821295.6223
mwi,2011,16190322193.7146
mwi,2012,16661659105.7795
mwi,2013,17686796275.3501
mwi,2014,19050772452.0241
mwi,2015,19762819250.4723
mwi,2016,20579139157.4049
mys,1990,117786914644.679
mys,1991,132240079423.334
mys,1992,146836577062.941
mys,1993,166099828511.42
mys,1994,185232379011.983
mys,1995,208010230893.668
mys,1996,233027804094.726
mys,1997,252487391795.037
mys,1998,236314284109.329
mys,1999,250521949910.474
mys,2000,275424806343.607
mys,2001,285760784470.499
mys,2002,308188628941.533
mys,2003,336649430919.081
mys,2004,370283971113.465
mys,2005,405731847802.319
mys,2006,448512799106.736
mys,2007,507988748281.97
mys,2008,530284349407.869
mys,2009,526170683590.339
mys,2010,562876248284.346
mys,2011,609984394638.503
mys,2012,646356152815.025
mys,2013,690156672864.588
mys,2014,744906184113.405
mys,2015,796808804090.554
mys,2016,840662014213.086
nac,1990,6463684515663.93
nac,1991,6665729461886.58
nac,1992,7023815110793.75
nac,1993,7352640695781.67
nac,1994,7828712970300.41
nac,1995,8266647385200.68
nac,1996,8763763356052.6
nac,1997,9352100258118.52
nac,1998,9933932043086.01
nac,1999,10543514936244.5
nac,2000,11299111867984.6
nac,2001,11700545899462.3
nac,2002,12045579051470.7
nac,2003,12589725122699.1
nac,2004,13433399451413.7
nac,2005,14369819390049.5
nac,2006,15363729543093.7
nac,2007,15868615890112.7
nac,2008,16115413693687.7
nac,2009,15780922773646.2
nac,2010,16459791911458.5
nac,2011,17207736347320.5
nac,2012,18038949705232.3
nac,2013,18604650075497.8
nac,2014,19472770776055.1
nac,2015,20146174526839.6
nac,2016,20548932733083.6
nam,1990,5299424260.61897
nam,1991,6032381233.63903
nam,1992,6439083945.7617
nam,1993,6568993875.85432
nam,1994,6802667363.37711
nam,1995,7398149842.12486
nam,1996,7612767481.84292
nam,1997,8053264034.15522
nam,1998,8464005518.47778
nam,1999,8644922493.87663
nam,2000,9270278219.0327
nam,2001,9509372110.48245
nam,2002,10222659438.8157
nam,2003,11259929685.9458
nam,2004,12569563922.5026
nam,2005,12932903424.0767
nam,2006,14403401409.5615
nam,2007,15573498375.4608
nam,2008,16337173145.8493
nam,2009,16467447095.1947
nam,2010,17323826274.5548
nam,2011,18802155661.2605
nam,2012,19847157840.6741
nam,2013,22038610896.7954
nam,2014,23970534448.4185
nam,2015,25667294937.0295
nam,2016,25782601398.1648
ner,1990,4524335096.59754
ner,1991,4820896319.63086
ner,1992,4628972890.56585
ner,1993,4798546180.59654
ner,1994,5072319610.85678
ner,1995,5273750879.85723
ner,1996,5626081005.02092
ner,1997,5871985949.38662
ner,1998,6582647919.33597
ner,1999,6656090346.30515
ner,2000,6715751163.42506
ner,2001,7367380418.27182
ner,2002,7678099637.17717
ner,2003,8259331343.1672
ner,2004,8540870761.74685
ner,2005,9225645311.32105
ner,2006,10092167464.2732
ner,2007,10682109518.7142
ner,2008,11895091714.9788
ner,2009,11865376787.0254
ner,2010,12998405261.9872
ner,2011,13578733071.1402
ner,2012,15273131692.466
ner,2013,16260867969.3987
ner,2014,17901415304.9637
ner,2015,18796046719.7443
ner,2016,20033456226.2115
nga,1990,169701776245.988
nga,1991,175077958386.255
nga,1992,177673125076.361
nga,1993,175802938364.15
nga,1994,185113457193.647
nga,1995,199725003108.819
nga,1996,216774595604.047
nga,1997,226986914547.722
nga,1998,229173121300.855
nga,1999,245880783280.85
nga,2000,239603048216.156
nga,2001,267601137445.784
nga,2002,278771965628.451
nga,2003,310246791962.453
nga,2004,426799225700.471
nga,2005,452182024626.056
nga,2006,554245312740.874
nga,2007,583199170246.446
nga,2008,630799513624.248
nga,2009,670068834843.554
nga,2010,757883776117.213
nga,2011,809485056934.073
nga,2012,866034676756.601
nga,2013,926005324015.603
nga,2014,1019126210139.26
nga,2015,1067342598428.14
nga,2016,1068738442697.66
nic,1990,7872957481.47495
nic,1991,6458093738.88348
nic,1992,6165361427.8678
nic,1993,6552770212.61047
nic,1994,8043416729.25977
nic,1995,9026638747.50442
nic,1996,9927149464.73296
nic,1997,10667574118.3144
nic,1998,11425425923.5595
nic,1999,12409305783.0526
nic,2000,13226256732.8209
nic,2001,13846552487.3205
nic,2002,14250112397.8829
nic,2003,14934361744.1655
nic,2004,16228862950.2169
nic,2005,17638531252.6213
nic,2006,18713829660.8493
nic,2007,20303026575.7868
nic,2008,21962659092.013
nic,2009,21397164678.459
nic,2010,22617803145.5138
nic,2011,24545188250.1326
nic,2012,26620566536.6742
nic,2013,28385076988.2853
nic,2014,30281639763.8566
nic,2015,32159963031.7773
nic,2016,34103799577.3859
nld,1990,279936952150.049
nld,1991,297575278357.822
nld,1992,308323016322.946
nld,1993,321935299935.526
nld,1994,340798631244.706
nld,1995,361633363475.94
nld,1996,381578816698.501
nld,1997,404224154899.608
nld,1998,426927648801.057
nld,1999,463041605018.773
nld,2000,510884153731.517
nld,2001,524589673566.835
nld,2002,546473770151.51
nld,2003,551706051475.096
nld,2004,584010202879.141
nld,2005,604231897175.354
nld,2006,674306073810.154
nld,2007,718327780164.157
nld,2008,739907404676.948
nld,2009,729481661223.907
nld,2010,746805151173.185
nld,2011,783057537392.428
nld,2012,798694335814.306
nld,2013,829249805178.371
nld,2014,824442527259.625
nld,2015,843141511950.325
nld,2016,862922943253.728
nor,1990,75988768506.7813
nor,1991,80653150769.939
nor,1992,86379234215.0286
nor,1993,90806797287.2873
nor,1994,98013350508.4908
nor,1995,104696546060.322
nor,1996,116078734814.939
nor,1997,124627620941.205
nor,1998,123399817399.367
nor,1999,135214378603.276
nor,2000,163644564389.767
nor,2001,171101595967.044
nor,2002,172786645952.789
nor,2003,176963197382.863
nor,2004,195599309429.219
nor,2005,223283781244.711
nor,2006,252371962736.196
nor,2007,262178962023.843
nor,2008,292751409510.546
nor,2009,269285425588.279
nor,2010,286585397895.843
nor,2011,310285248850.126
nor,2012,330815080305.209
nor,2013,343752467647.446
nor,2014,349706089894.712
nor,2015,338201489530.621
nor,2016,327318505875.585
npl,1990,14567889444.569
npl,1991,16006858355.4366
npl,1992,17055440860.0065
npl,1993,18101573068.2825
npl,1994,20022409724.0695
npl,1995,21112815932.5425
npl,1996,22654665708.9949
npl,1997,24201866020.8677
npl,1998,25198306465.7173
npl,1999,26739071718.4301
npl,2000,29079468487.201
npl,2001,31176311583.1163
npl,2002,31529771618.0159
npl,2003,33425265667.6625
npl,2004,35889067716.4555
npl,2005,38560047170.1931
npl,2006,41278674565.207
npl,2007,43937534760.826
npl,2008,47512232870.017
npl,2009,50149506031.272
npl,2010,52983710927.2424
npl,2011,55810345453.6615
npl,2012,59705495328.0108
npl,2013,63153968754.256
npl,2014,68740138428.0358
npl,2015,71894760492.161
npl,2016,73044642297.7343
nzl,1990,47455525690.63
nzl,1991,47489852710.1441
nzl,1992,49277321549.8746
nzl,1993,52913677164.8129
nzl,1994,57689522794.6501
nzl,1995,61646541600.9919
nzl,1996,63782507457.1521
nzl,1997,68014349327.5737
nzl,1998,70359674092.8079
nzl,1999,74200855951.9329
nzl,2000,78264500234.7291
nzl,2001,82923072225.1816
nzl,2002,87388237408.4558
nzl,2003,91920461512.3639
nzl,2004,96764327525.3418
nzl,2005,99289250814.3323
nzl,2006,108399067790.431
nzl,2007,115280470127.43
nzl,2008,117980102085.652
nzl,2009,126672768418.132
nzl,2010,129263517687.932
nzl,2011,137009855880.047
nzl,2012,139354061387.169
nzl,2013,154323817980.759
nzl,2014,160916066724.102
nzl,2015,168182391270.313
nzl,2016,176709605208.623
oed,1990,17549119522600.9
oed,1991,18393711144657.4
oed,1992,19250587187050.9
oed,1993,20167229590897.9
oed,1994,21239958497451.5
oed,1995,22210468470662
oed,1996,23380850913920.1
oed,1997,24697074645783.2
oed,1998,25822657391234.3
oed,1999,27042310816287.5
oed,2000,28965005467576.9
oed,2001,30102653183620.2
oed,2002,31186409161082.1
oed,2003,32366718815562.3
oed,2004,34419118764288.2
oed,2005,36502818247567.8
oed,2006,39161172792477.5
oed,2007,41313334558109.4
oed,2008,42589349112385
oed,2009,41838232952157.9
oed,2010,43608995345682.7
oed,2011,45571661200335.6
oed,2012,46628543122246
oed,2013,48193877512054.4
omn,1990,39971350311.0426
omn,1991,44264973649.9568
omn,1992,48293132388.7614
omn,1993,52481095139.0349
omn,1994,55585507313.6291
omn,1995,59810413532.7289
omn,1996,62557594075.6911
omn,1997,67323073228.3431
omn,1998,69137237257.1466
omn,1999,70148409474.0599
omn,2000,75984133328.4089
omn,2001,81386244318.9578
omn,2002,80346284810.4802
omn,2003,81733943620.1811
omn,2004,85929639120.0464
omn,2005,89124826481.1449
omn,2006,89900370200.9452
omn,2007,105429472799.205
omn,2008,113709719111.895
omn,2009,119658812430.895
omn,2010,126844550908.824
omn,2011,128052701201.132
omn,2012,142992689876.444
omn,2013,154427665027.821
omn,2014,159062375262.256
omn,2015,173897310352.268
pak,1990,221779117897.27
pak,1991,236237347129.771
pak,1992,256907697115.656
pak,1993,266867114110.497
pak,1994,281352696283.17
pak,1995,302969391501.825
pak,1996,319955316856.554
pak,1997,327214347948.28
pak,1998,338814207922.917
pak,1999,356735638032.625
pak,2000,378922806811.068
pak,2001,395078315555.594
pak,2002,421736483116.71
pak,2003,462576357519.435
pak,2004,505830364697.855
pak,2005,561377910469.78
pak,2006,612899643028.769
pak,2007,658852178111.981
pak,2008,684938407563.317
pak,2009,714272628425.917
pak,2010,743097870834.516
pak,2011,784383239309.486
pak,2012,832217599799.386
pak,2013,883026219765.836
pak,2014,945196149753.01
pak,2015,1006698356273.76
pak,2016,1075606764402.22
pan,1990,12057416783.0886
pan,1991,13257317560.9819
pan,1992,14875273074.5805
pan,1993,16415364295.0753
pan,1994,17450115191.6947
pan,1995,17785970899.9289
pan,1996,18939634264.6707
pan,1997,20282606217.4251
pan,1998,21947099193.1444
pan,1999,22866216255.4773
pan,2000,24397884011.606
pan,2001,24964293650.3998
pan,2002,26782464057.1636
pan,2003,27603445345.4109
pan,2004,30017481128.8744
pan,2005,33087675541.8735
pan,2006,37090904460.0344
pan,2007,42830999513.1955
pan,2008,48224039020.6786
pan,2009,48855464067.2727
pan,2010,50902585338.8478
pan,2011,59623957560.3279
pan,2012,66059064963.309
pan,2013,71239424009.5786
pan,2014,77537452163.4602
pan,2015,80366046678.0626
pan,2016,84807163879.7464
per,1990,70376500602.6647
per,1991,76411846850.9517
per,1992,77760213918.3668
per,1993,83053975910.0579
per,1994,95681358865.6944
per,1995,104560644618.676
per,1996,110849026263.179
per,1997,120424390399.236
per,1998,122462180346.947
per,1999,126134842315.276
per,2000,131792210147.341
per,2001,136476174751.52
per,2002,145316543237.117
per,2003,152816707162.29
per,2004,161605233655.22
per,2005,175124467294.081
per,2006,190233638953.319
per,2007,212741406970.051
per,2008,238857500699.044
per,2009,245058813277.417
per,2010,265497471127.178
per,2011,287671900500.838
per,2012,315303970635.503
per,2013,344006517913.928
per,2014,360708738724.939
per,2015,380387029041.855
per,2016,397350729912.236
phl,1990,157867095223.166
phl,1991,164192421450.307
phl,1992,171149939539.525
phl,1993,179980383345.973
phl,1994,194115567723.735
phl,1995,207953320542.15
phl,1996,225905521476.355
phl,1997,245692451861.575
phl,1998,267292876910.406
phl,1999,278283788365.391
phl,2000,306061965589.851
phl,2001,324638833299.109
phl,2002,342984939572.464
phl,2003,365655750072.64
phl,2004,400000210019.13
phl,2005,435245825418.933
phl,2006,469027665387.498
phl,2007,510208877174.492
phl,2008,543351516629.598
phl,2009,572386071097.29
phl,2010,619508201355.191
phl,2011,651365770270.708
phl,2012,711978710713.136
phl,2013,780932821267.995
phl,2014,841599736358.778
phl,2015,902446123269.442
phl,2016,972460384783.967
plw,1991,169298039.756775
plw,1992,161915367.29764
plw,1993,151078170.027592
plw,1994,158479314.802641
plw,1995,185197999.290831
plw,1996,209256987.510536
plw,1997,217563894.963239
plw,1998,217406071.311583
plw,1999,217144073.64033
plw,2000,190021567.362514
plw,2001,202832773.974649
plw,2002,217512578.41265
plw,2003,212229365.947058
plw,2004,237158927.835489
plw,2005,246728953.191553
plw,2006,246898101.334699
plw,2007,251518753.691222
plw,2008,239934674.6004
plw,2009,227900110.367697
plw,2010,241590360.99736
plw,2011,252289426.485458
plw,2012,268613704.574063
plw,2013,258057287.48568
plw,2014,283160763.915234
plw,2015,303446176.095906
plw,2016,319791761.056946
png,1990,6363145618.7404
png,1991,7244794253.16241
png,1992,7926961651.12074
png,1993,9634033149.95919
png,1994,10578141586.9742
png,1995,10624276612.5451
png,1996,11258877891.7747
png,1997,11292615387.1407
png,1998,10931450359.4221
png,1999,11159767051.3622
png,2000,11371199583.885
png,2001,11382145200.8125
png,2002,11609652774.1034
png,2003,11578069206.0541
png,2004,12513477294.9526
png,2005,14102903412.7871
png,2006,14430888727.891
png,2007,16851438307.2119
png,2008,17504938476.0678
png,2009,18865314797.0321
png,2010,21303468926.9234
png,2011,22232025625.4113
png,2012,23610350309.5977
png,2013,25007989706.2404
png,2014,29027148156.2587
png,2015,32060861663.0327
png,2016,33528045509.3691
pol,1991,213870917578.147
pol,1992,221897191626.504
pol,1993,237315005974.475
pol,1994,263403639706.673
pol,1995,285907029720.209
pol,1996,311123354139.956
pol,1997,338800513340.039
pol,1998,361296089422.905
pol,1999,382045561894.874
pol,2000,405525090183.136
pol,2001,424235429827.39
pol,2002,448875010765.115
pol,2003,463720536064.693
pol,2004,493519250489.368
pol,2005,521089422492.564
pol,2006,565688926051.783
pol,2007,618240218739.126
pol,2008,684958498960.235
pol,2009,714355732394.004
pol,2010,776135790873.706
pol,2011,841506497082.308
pol,2012,878843738447.629
pol,2013,911939819925.144
pol,2014,944056122869.353
pol,2015,985306499192.356
pol,2016,1017682814199.61
pri,1990,40817578355.0573
pri,1991,42537861197.805
pri,1992,43852412171.8464
pri,1993,46381785446.1842
pri,1994,48569499805.3686
pri,1995,51290956810.8036
pri,1996,53929663857.8434
pri,1997,56724113591.2308
pri,1998,59198480272.6269
pri,1999,62544295612.3162
pri,2000,65860709938.9419
pri,2001,71363374799.5825
pri,2002,72227653617.8286
pri,2003,75178962401.4745
pri,2004,79316873191.4392
pri,2005,83425660449.3231
pri,2006,86410678280.3103
pri,2007,87636234071.4033
pri,2008,86741956869.2606
pri,2009,84115195751.6466
pri,2010,82100205235.4117
pri,2011,82384688997.3745
pri,2012,84656108578.9076
pri,2013,86315800494.2265
prt,1990,117384447879.914
prt,1991,126871319186.303
prt,1992,131789367987.959
prt,1993,132277995506.826
prt,1994,135817602861.726
prt,1995,145293074727.669
prt,1996,150546835233.767
prt,1997,158934972843.662
prt,1998,168533795109.071
prt,1999,180171539199.748
prt,2000,190495836186.555
prt,2001,198886543929.878
prt,2002,208512012688.947
prt,2003,215222380625.727
prt,2004,221932392408.526
prt,2005,235163261619.338
prt,2006,251333823612.074
prt,2007,262274577888.392
prt,2008,270235611838.754
prt,2009,269765355273.238
prt,2010,279560826084.859
prt,2011,277286324614.859
prt,2012,271419092894.261
prt,2013,287821374657.946
prt,2014,294487461699.586
prt,2015,299565988508.543
prt,2016,309753996871.233
pry,1995,20765112417.8678
pry,1996,22669824337.8371
pry,1997,23185598416.8449
pry,1998,23442521589.7307
pry,1999,23355722818.4441
pry,2000,22108562039.4294
pry,2001,22824721974.8737
pry,2002,23842398803.9334
pry,2003,23135906905.4052
pry,2004,25175064371.9877
pry,2005,26611256692.6956
pry,2006,29882284389.5122
pry,2007,34259633851.4043
pry,2008,37602327693.2947
pry,2009,35823023438.5142
pry,2010,41224718927.3903
pry,2011,44824601376.0354
pry,2012,44301173452.0354
pry,2013,51859027931.3029
pry,2014,55760556756.6142
pry,2015,57833077193.7475
pry,2016,61008499283.2167
qat,2004,70825616443.1627
qat,2005,73702238841.3904
qat,2006,104036134946.568
qat,2007,126108170859.772
qat,2008,150417770571.19
qat,2009,162907033230.422
qat,2010,195632008233.227
qat,2011,232525547675.419
qat,2012,251732285794.144
qat,2013,270719449606.934
qat,2014,288662393934.476
qat,2015,310186553537.334
rou,1990,121571704984.108
rou,1991,109849034767.686
rou,1992,102082082699.81
rou,1993,105904915053.221
rou,1994,112548321335.031
rou,1995,122836361361.641
rou,1996,129580204215.881
rou,1997,125184447606.727
rou,1998,124014411132.238
rou,1999,125042094856.834
rou,2000,130895812187.494
rou,2001,144911467230.746
rou,2002,154448806905.101
rou,2003,164911309789.156
rou,2004,187919204309.683
rou,2005,201288161391.716
rou,2006,239673939288.587
rou,2007,271477791115.858
rou,2008,326149090473.552
rou,2009,320999516101.84
rou,2010,342601532703.446
rou,2011,358534741754.581
rou,2012,374202271827.088
rou,2013,388655500808.246
rou,2014,408802057690.182
rou,2015,428087240796.989
rou,2016,452316908825.16
rus,1990,1185858196662.61
rus,1991,1162628352151.69
rus,1992,1009161843778.8
rus,1993,943162724014.791
rus,1994,846916330048.567
rus,1995,825535430160.173
rus,1996,805913722270.614
rus,1997,824634523073.314
rus,1998,771248318859.014
rus,1999,836377678625.745
rus,2000,974629947987.715
rus,2001,1060628740394.34
rus,2002,1144425580988.59
rus,2003,1297547987709.56
rus,2004,1442160250554.04
rus,2005,1655585941892.4
rus,2006,2071669066191.67
rus,2007,2324769766658.25
rus,2008,2797649362807.68
rus,2009,2678149677195.79
rus,2010,2837671791921.19
rus,2011,3373184617515.06
rus,2012,3578517216904.48
rus,2013,3635236153530.68
rus,2014,3600713106917.57
rus,2015,3376564238325.14
rus,2016,3305725913256.75
rwa,1990,4025884425.55529
rwa,1991,4050926592.43776
rwa,1992,4389677240.65561
rwa,1993,4118681701.70586
rwa,1994,2097797979.68158
rwa,1995,2923588957.23401
rwa,1996,3308613532.35405
rwa,1997,3835880730.92834
rwa,1998,4217725514.74148
rwa,1999,4479134424.89572
rwa,2000,4951695196.26513
rwa,2001,5471794882.79102
rwa,2002,6298073515.38348
rwa,2003,6533410944.11835
rwa,2004,7214839537.20696
rwa,2005,8193047673.15613
rwa,2006,9235704635.69963
rwa,2007,10261326974.0765
rwa,2008,11596872650.2605
rwa,2009,12423170223.974
rwa,2010,13484205511.0027
rwa,2011,14811064469.8188
rwa,2012,16352292905.4988
rwa,2013,17310166402.9927
rwa,2014,18876428601.7834
rwa,2015,20772297472.9075
rwa,2016,22264890464.9105
sas,1990,1350022304850.24
sas,1991,1416759064998.94
sas,1992,1530269417065.93
sas,1993,1635470735305.71
sas,1994,1770190637904.85
sas,1995,1934565666254.97
sas,1996,2102205491718.1
sas,1997,2217589453436.06
sas,1998,2364341364427.55
sas,1999,2585563946658.11
sas,2000,2745270775177.5
sas,2001,2931425307209.57
sas,2002,3100818985456.8
sas,2003,3400964597033.7
sas,2004,3754920775961.44
sas,2005,4213821413521.75
sas,2006,4715597256460.41
sas,2007,5287862879053.87
sas,2008,5593719556233.38
sas,2009,6065044761986.82
sas,2010,6665350046329.98
sas,2011,7243194321412.31
sas,2012,7767122364860.68
sas,2013,8359929541604.91
sas,2014,9107349632432.18
sas,2015,9912142671341.77
sas,2016,10709224371168.2
sau,1990,465155688154.542
sau,1991,542885650544.549
sau,1992,572626952606.934
sau,1993,583047132571.556
sau,1994,590542208314.15
sau,1995,609975727019.184
sau,1996,628014337853.753
sau,1997,645452655075.917
sau,1998,677528787753.385
sau,1999,664821873082.798
sau,2000,712223111208.064
sau,2001,723161050757.971
sau,2002,711605850888.238
sau,2003,804640234232.253
sau,2004,895422590373.147
sau,2005,977317140612.905
sau,2006,1037393157263.55
sau,2007,1090260688961.49
sau,2008,1183744340992.32
sau,2009,1171045358957.44
sau,2010,1236785860821.08
sau,2011,1390008608968.98
sau,2012,1490373845660.02
sau,2013,1557650759195.86
sau,2014,1648679161160.07
sau,2015,1757635214289.76
sau,2016,1802762523117.71
sdn,1990,26849966214.2205
sdn,1991,27880366972.0919
sdn,1992,31136656490.2645
sdn,1993,34207960783.1936
sdn,1994,36307973125.8221
sdn,1995,39477223210.1301
sdn,1996,43772396275.378
sdn,1997,49743240998.5282
sdn,1998,52279483926.5013
sdn,1999,54152990512.5483
sdn,2000,57976350122.4251
sdn,2001,62523419248.9421
sdn,2002,67804064414.8199
sdn,2003,73278226068.2677
sdn,2004,78342845304.3579
sdn,2005,87349015706.5382
sdn,2006,100357089888.18
sdn,2007,113903337593.345
sdn,2008,125437532280.65
sdn,2009,129475487031.265
sdn,2010,135153486301.046
sdn,2011,140669381805.509
sdn,2012,137587245482.25
sdn,2013,99332603179.3088
sdn,2014,150410623153.397
sdn,2015,160861215431.976
sdn,2016,169956183364.115
sen,1990,8699164232.63564
sen,1991,9215856374.64851
sen,1992,9667783477.54979
sen,1993,9907936222.48726
sen,1994,10085610974.0034
sen,1995,10903476546.8077
sen,1996,11528858981.5684
sen,1997,12079872843.0593
sen,1998,12987875948.6814
sen,1999,13925519095.7808
sen,2000,14678095482.0479
sen,2001,15754818736.015
sen,2002,16050494713.7594
sen,2003,17559905537.1361
sen,2004,19150228310.281
sen,2005,20897642315.6958
sen,2006,22148106380.6886
sen,2007,23866069647.1526
sen,2008,25305651904.5172
sen,2009,25861298335.3254
sen,2010,27317664297.5164
sen,2011,28143660936.7696
sen,2012,29877166275.8776
sen,2013,31391315499.6907
sen,2014,33155202288.2546
sen,2015,35602602257.5753
sen,2016,38301132498.7153
sgp,1990,66950964999.6024
sgp,1991,73428850363.9913
sgp,1992,81707756706.7029
sgp,1993,91279941040.5675
sgp,1994,105773375617.072
sgp,1995,116252509694.034
sgp,1996,125470689650.858
sgp,1997,141924188050.843
sgp,1998,139607410967.776
sgp,1999,149875504086.081
sgp,2000,164043424234.157
sgp,2001,165458407825.456
sgp,2002,171973635517.244
sgp,2003,181924018020.626
sgp,2004,197192543556.505
sgp,2005,219792066236.426
sgp,2006,254701475940.172
sgp,2007,286477494812.398
sgp,2008,293155811227.776
sgp,2009,293219610362.254
sgp,2010,356613931124.435
sgp,2011,378463275649.923
sgp,2012,396210759042.394
sgp,2013,424418207643.513
sgp,2014,450823220721.957
sgp,2015,456452842565.703
sgp,2016,477679045746.897
slb,1990,247626442.21084
slb,1991,284674804.375137
slb,1992,311495853.804958
slb,1993,301656363.04331
slb,1994,337716712.546094
slb,1995,369468874.138699
slb,1996,370791963.798328
slb,1997,612165281.72859
slb,1998,628635445.660869
slb,1999,637273606.905195
slb,2000,566105823.311769
slb,2001,535644154.801221
slb,2002,522437430.840393
slb,2003,569120664.91189
slb,2004,621144775.647302
slb,2005,671873379.958037
slb,2006,744554134.115907
slb,2007,755371815.752764
slb,2008,749992309.343046
slb,2009,617001174.074988
slb,2010,681635630.794516
slb,2011,806095347.634751
slb,2012,1029091640.36946
slb,2013,1176282253.1044
slb,2014,1164711594.78593
slb,2015,1277884715.05689
slb,2016,1288048979.48157
sle,1990,3111016518.67387
sle,1991,3400846593.4935
sle,1992,2718062427.88862
sle,1993,2987698790.27437
sle,1994,2778709738.47882
sle,1995,2801557103.76654
sle,1996,2981555491.68083
sle,1997,2896245288.2259
sle,1998,2883224654.16547
sle,1999,2916834558.05789
sle,2000,3199419807.19875
sle,2001,3057277333.17408
sle,2002,3923370464.31254
sle,2003,4397509735.98321
sle,2004,4794919335.98433
sle,2005,5158792579.60037
sle,2006,5631412622.45958
sle,2007,6686355042.39112
sle,2008,7383236975.78543
sle,2009,7834432322.92543
sle,2010,7786364569.47581
sle,2011,8124629823.32337
sle,2012,9976219409.77008
sle,2013,11791530641.4227
sle,2014,12318576785.5632
sle,2015,10025527609.0198
sle,2016,9812526716.74247
slv,1990,14975406931.267
slv,1991,16023211571.8864
slv,1992,17784412093.5732
slv,1993,19586285069.3633
slv,1994,21317397927.7055
slv,1995,23184395412.661
slv,1996,23969908371.7525
slv,1997,25340429937.3383
slv,1998,26605387152.1697
slv,1999,27687392728.3722
slv,2000,29026952880.9182
slv,2001,30196633729.9295
slv,2002,31270108972.9773
slv,2003,32443140486.866
slv,2004,33921898198.2562
slv,2005,36272092432.4126
slv,2006,39052943888.6504
slv,2007,41669587570.5863
slv,2008,43228210784.1007
slv,2009,41815611827.7091
slv,2010,42982737115.4615
slv,2011,44769511733.8159
slv,2012,45940761131.3338
slv,2013,47380737543.6897
slv,2014,48889722940.1251
slv,2015,50624882344.326
slv,2016,52272542442.9288
srb,1997,42292665971.6389
srb,1998,43612454813.9266
srb,1999,38778468117.9349
srb,2000,43004679081.6327
srb,2001,46182844461.4628
srb,2002,50763620245.3987
srb,2003,53497540071.0191
srb,2004,59705267189.0706
srb,2005,63989915549.44
srb,2006,70304375800.4173
srb,2007,75726871842.1537
srb,2008,85217606320.0596
srb,2009,85289500013.6025
srb,2010,86221665198.3721
srb,2011,91683724076.2904
srb,2012,91108118496.7744
srb,2013,94590071668.2289
srb,2014,94461816832.233
srb,2015,95188589252.616
srb,2016,98062415115.1119
ssa,1990,791339911000.469
ssa,1991,816584395732.536
ssa,1992,815968462279.035
ssa,1993,832521402723.658
ssa,1994,866616065378.004
ssa,1995,934425410527.319
ssa,1996,1008541582635.93
ssa,1997,1069027350802.42
ssa,1998,1102240828074.34
ssa,1999,1151774471596.96
ssa,2000,1192258364609.6
ssa,2001,1274200280402.21
ssa,2002,1334675744289.92
ssa,2003,1422753925214.95
ssa,2004,1635113264184.38
ssa,2005,1782894052215.72
ssa,2006,2024360188331.74
ssa,2007,2194905642505
ssa,2008,2354122807429.15
ssa,2009,2458047100664.29
ssa,2010,2646665446963.62
ssa,2011,2826240641827.02
ssa,2012,3000977725352.62
ssa,2013,3157637456415.36
ssa,2014,3441945161494.94
ssa,2015,3620779349004.08
ssa,2016,3729670097139.14
ssd,2008,23309761278.0165
ssd,2009,25378924611.1302
ssd,2010,26240916320.122
ssd,2011,23408464110.5951
ssd,2012,19112927428.9474
ssd,2013,20960320110.3028
ssf,1990,791956400010.325
ssf,1991,817243958326.673
ssf,1992,816697810455.401
ssf,1993,833313627447.418
ssf,1994,867430890765.637
ssf,1995,935224144824.518
ssf,1996,1009402656584.03
ssf,1997,1070016841894.05
ssf,1998,1103311451981.8
ssf,1999,1152875448298.23
ssf,2000,1193387618150.62
ssf,2001,1275356521087.74
ssf,2002,1335778169354.66
ssf,2003,1423854375602.23
ssf,2004,1636295391863.88
ssf,2005,1784223754678.72
ssf,2006,2025858826961.33
ssf,2007,2196469810443.08
ssf,2008,2355655604376.47
ssf,2009,2459607285986.86
ssf,2010,2648356071786.48
ssf,2011,2828075692827.89
ssf,2012,3003002328513.81
ssf,2013,3159827244943.04
ssf,2014,3444223899447.28
ssf,2015,3623181896596.25
ssf,2016,3732364016115.44
stp,2001,221543086.195434
stp,2002,230796052.037621
stp,2003,254893348.73818
stp,2004,271030876.006162
stp,2005,301506480.944495
stp,2006,354981479.069276
stp,2007,379277195.981491
stp,2008,405764111.870369
stp,2009,418291733.379376
stp,2010,453686673.709957
stp,2011,483633762.255221
stp,2012,496869854.760952
stp,2013,543833580.905307
stp,2014,594159479.468183
stp,2015,612820274.741752
stp,2016,650247001.178973
sur,1990,2715656063.06796
sur,1991,2875751369.02997
sur,1992,2954788592.45118
sur,1993,2858621634.05524
sur,1994,2973435616.2754
sur,1995,3099209706.18748
sur,1996,3216596420.00867
sur,1997,3419301904.19603
sur,1998,3506117698.64315
sur,1999,3343696569.72053
sur,2000,3635511706.40937
sur,2001,3006266728.5609
sur,2002,3734168724.37525
sur,2003,4018713449.09809
sur,2004,4428085439.13085
sur,2005,5073243598.61624
sur,2006,5665975650.98215
sur,2007,6238123578.95412
sur,2008,6668184593.01571
sur,2009,6890098163.74226
sur,2010,7150755981.41501
sur,2011,7445199966.48529
sur,2012,7956951670.09204
sur,2013,8436550684.37717
sur,2014,8716280404.83518
sur,2015,8670738851.69586
sur,2016,8089406289.88629
svk,1995,46560979456.5532
svk,1996,50684234647.1127
svk,1997,54207205748.2713
svk,1998,57168385336.3999
svk,1999,57405169031.1202
svk,2000,60831364398.9574
svk,2001,66713339864.8596
svk,2002,71203371695.7037
svk,2003,72178489971.2468
svk,2004,78394910415.0874
svk,2005,86800350619.339
svk,2006,98377549328.4696
svk,2007,110337357871.293
svk,2008,125077405429.544
svk,2009,123490642435.588
svk,2010,131818691547.758
svk,2011,134396740171.443
svk,2012,141334378505.655
svk,2013,149610017022.178
svk,2014,154478339099.773
svk,2015,159566797571.56
svk,2016,162376110984.445
svn,1995,27241553487.1089
svn,1996,28626795824.4041
svn,1997,30456592876.7123
svn,1998,31867764736.573
svn,1999,33985273920.0717
svn,2000,35942877829.4627
svn,2001,37968155590.7135
svn,2002,40300066691.1258
svn,2003,41875939737.2006
svn,2004,45046185731.1573
svn,2005,47619792013.243
svn,2006,51268132650.0166
svn,2007,54596750435.2661
svn,2008,58498269613.3887
svn,2009,55348193918.5615
svn,2010,56406179168.2372
svn,2011,58661458082.9207
svn,2012,58911723437.8116
svn,2013,60502071621.7795
svn,2014,63844120109.2213
svn,2015,64446097122.1791
svn,2016,66825341308.0002
swe,1990,170181347849.814
swe,1991,172672525263.119
swe,1992,172384282068.612
swe,1993,171837287491.342
swe,1994,185446837806.291
swe,1995,197817031940.853
swe,1996,205726563403.012
swe,1997,213542960764.524
swe,1998,224004657646.8
swe,1999,239959810442.837
swe,2000,259614930586.415
swe,2001,264314999289.885
swe,2002,273589376283.707
swe,2003,287206385635.311
swe,2004,303852710696.663
swe,2005,311346485382.388
swe,2006,349428753407.042
swe,2007,382948950464.481
swe,2008,399934343214.581
swe,2009,378649127926.553
swe,2010,402211207481.764
swe,2011,422589806787.44
swe,2012,436285524926.838
swe,2013,448559210326.599
swe,2014,459945051158.38
swe,2015,475814006349.71
swe,2016,495466438533.263
swz,1990,3152739235.63013
swz,1991,3338272526.7497
swz,1992,3539440881.40405
swz,1993,3632667093.52741
swz,1994,3626761313.18862
swz,1995,4112937472.12602
swz,1996,4494247364.25669
swz,1997,4704481071.81717
swz,1998,4678995529.11971
swz,1999,4987981613.15355
swz,2000,5009542720.1048
swz,2001,5414708510.04431
swz,2002,5393866718.46916
swz,2003,5593036609.89949
swz,2004,6076701991.71209
swz,2005,7014866114.75887
swz,2006,7287421342.91789
swz,2007,7872264091.55969
swz,2008,7985267295.83505
swz,2009,8012044657.11077
swz,2010,8160908142.05332
swz,2011,8915944435.25277
swz,2012,9522446576.6708
swz,2013,10447106443.1267
swz,2014,10763649249.4693
swz,2015,11026370873.495
swz,2016,11177637424.1595
syc,1990,615880569.981374
syc,1991,658592440.717453
syc,1992,727350935.983656
syc,1993,789623163.355307
syc,1994,812232713.190521
syc,1995,796875067.081067
syc,1996,859079137.389927
syc,1997,986476362.633075
syc,1998,1066962089.98931
syc,1999,1097345378.56778
syc,2000,1125609037.46594
syc,2001,1152901696.8165
syc,2002,1100102461.61169
syc,2003,1098782226.06817
syc,2004,1181103086.24184
syc,2005,1328144966.41349
syc,2006,1496990735.64205
syc,2007,1563037601.58466
syc,2008,1533150138.11794
syc,2009,1560590792.64381
syc,2010,1691051643.57275
syc,2011,1835479712.39388
syc,2012,2024808842.36725
syc,2013,2189809850.29989
syc,2014,2279116051.6095
syc,2015,2402927587.66511
syc,2016,2692369312.69645
tcd,1990,4231452772.82761
tcd,1991,4788257318.01516
tcd,1992,5304316461.53376
tcd,1993,4445403708.99579
tcd,1994,5106672776.25982
tcd,1995,5294165211.59379
tcd,1996,5494754677.74487
tcd,1997,5878692634.3157
tcd,1998,6422069780.90682
tcd,1999,6471486276.22705
tcd,2000,6484647094.04988
tcd,2001,7401380643.52858
tcd,2002,8013673179.61879
tcd,2003,8051683738.02709
tcd,2004,11185649196.7199
tcd,2005,13597538457.3716
tcd,2006,13955954817.7679
tcd,2007,15228498755.5574
tcd,2008,15594877414.7634
tcd,2009,18695711630.0695
tcd,2010,21674629067.5024
tcd,2011,22309202431.6998
tcd,2012,24782590694.6897
tcd,2013,26034201097.9971
tcd,2014,28397183257.9316
tcd,2015,29673640210.8041
tcd,2016,28268576663.9653
tgo,1990,3242754960.86737
tgo,1991,3325601775.70863
tgo,1992,3275931332.01341
tgo,1993,2832799817.7742
tgo,1994,3220975119.7821
tgo,1995,3614940265.9522
tgo,1996,4072477921.948
tgo,1997,4731619237.19379
tgo,1998,4694628776.38866
tgo,1999,4836544732.16898
tgo,2000,4918236456.82793
tgo,2001,4950304905.37984
tgo,2002,5017258945.67723
tgo,2003,5374632307.34309
tgo,2004,5620489285.69088
tgo,2005,5873818474.31372
tgo,2006,6296402404.66891
tgo,2007,6646774782.09335
tgo,2008,6193682829.80932
tgo,2009,6481929511.41555
tgo,2010,6700440792.16592
tgo,2011,7015712096.28553
tgo,2012,7467736183.0796
tgo,2013,7831566172.69262
tgo,2014,9009461678.54097
tgo,2015,9694281409.34487
tgo,2016,10447904513.2996
tha,1990,240159343567.817
tha,1991,268803680512.099
tha,1992,294886013099.713
tha,1993,328628899790.234
tha,1994,362084851945.799
tha,1995,399040918068.445
tha,1996,426730570424.722
tha,1997,420084833208.865
tha,1998,388583304628.869
tha,1999,416068298225.53
tha,2000,449514001252.72
tha,2001,471591360023.141
tha,2002,504514119972.393
tha,2003,548300697525.683
tha,2004,597201838170.492
tha,2005,641296703417.752
tha,2006,699406184978.09
tha,2007,759808249421.469
tha,2008,789223459090.852
tha,2009,787453509443.852
tha,2010,850877276311.156
tha,2011,891983915185.034
tha,2012,952548321099.335
tha,2013,975551393958.471
tha,2014,1014807675370.16
tha,2015,1058259607000.53
tha,2016,1108501402047.85
tjk,1990,12446712432.3946
tjk,1991,11947871795.0984
tjk,1992,8676362870.00875
tjk,1993,7353549240.77526
tjk,1994,5807213241.13941
tjk,1995,5127280806.07743
tjk,1996,4196475481.4983
tjk,1997,4563267139.0141
tjk,1998,4860000144.39685
tjk,1999,5105840071.23462
tjk,2000,5569314868.81951
tjk,2001,6245047061.34345
tjk,2002,7028585898.17297
tjk,2003,7860800935.0218
tjk,2004,9109278429.17529
tjk,2005,10062746492.6626
tjk,2006,11076715542.0614
tjk,2007,12420217673.3986
tjk,2008,13843853803.2611
tjk,2009,14419672247.7891
tjk,2010,19479235035.2501
tjk,2011,22040306127.8113
tjk,2012,24160341041.1993
tjk,2013,27122353895.3759
tjk,2014,27736732530.27
tjk,2015,28764872685.6113
tjk,2016,30626494740.8184
tkm,1993,17766283365.8117
tkm,1994,15431591188.5998
tkm,1995,14220068850.1105
tkm,1996,15444407820.5439
tkm,1997,14298694810.6026
tkm,1998,15149662339.0779
tkm,1999,17656595642.2735
tkm,2000,17925258428.2022
tkm,2001,19768412450.9649
tkm,2002,20171117583.4594
tkm,2003,21559536329.005
tkm,2004,23198843593.667
tkm,2005,25587855094.2949
tkm,2006,30531097038.7158
tkm,2007,34827271405.3233
tkm,2008,39683225103.0548
tkm,2009,42045892417.033
tkm,2010,45399906979.2779
tkm,2011,52404098571.8364
tkm,2012,59426964175.2615
tkm,2013,67310950137.1935
tkm,2014,76192459772.5078
tkm,2015,84867139953.5514
tkm,2016,91104683534.3752
tls,2000,1437024557.18532
tls,2001,1526384429.25989
tls,2002,1763176910.28516
tls,2003,1496769664.47703
tls,2004,1543357931.5312
tls,2005,1955095300.41141
tls,2006,3102635994.85895
tls,2007,4466050524.77971
tls,2008,7124292706.12509
tls,2009,5312437154.15689
tls,2010,6717023118.28193
tls,2011,8734118794.4652
tls,2012,9263569145.06415
tls,2013,7642130640.20799
tls,2014,5958631257.50414
tls,2015,4583805227.22696
tls,2016,4294404524.10651
ton,1990,225507590.648772
ton,1991,245934818.065592
ton,1992,250564582.145913
ton,1993,265249498.407217
ton,1994,294987351.630863
ton,1995,304132750.214247
ton,1996,311133624.957029
ton,1997,316352193.608465
ton,1998,334230633.727901
ton,1999,343420977.193387
ton,2000,356381185.0884
ton,2001,376699640.374663
ton,2002,405467636.999654
ton,2003,418347797.426276
ton,2004,429997049.059257
ton,2005,444902947.371534
ton,2006,463006572.248756
ton,2007,458355638.192525
ton,2008,480084308.521504
ton,2009,499935121.522005
ton,2010,524967766.598487
ton,2011,548648423.148718
ton,2012,564242582.948762
ton,2013,553161272.636914
ton,2014,564671729.826788
ton,2015,595066635.760545
ton,2016,620531141.693262
tto,1990,8925111103.95541
tto,1991,9216717679.677
tto,1992,9256118064.44826
tto,1993,9499966343.13137
tto,1994,10102610396.5912
tto,1995,10749068204.7309
tto,1996,11698770101.0777
tto,1997,13117126725.1122
tto,1998,14487858900.1392
tto,1999,15854562336.6361
tto,2000,16996867799.1395
tto,2001,18422110664.3336
tto,2002,20358253896.3781
tto,2003,23588025455.083
tto,2004,27007204536.6197
tto,2005,29078386512.8261
tto,2006,33807333115.9046
tto,2007,36584222326.9604
tto,2008,38594930984.5757
tto,2009,36831302223.0947
tto,2010,38696007666.0294
tto,2011,36392191403.6683
tto,2012,37070065704.3783
tto,2013,40710613464.6469
tto,2014,40886596948.9122
tto,2015,43859505822.2449
tto,2016,43450808727.9506
tun,1990,28885538538.2137
tun,1991,30711813694.8337
tun,1992,33710048305.6096
tun,1993,34664498798.4748
tun,1994,36777633557.6798
tun,1995,38805473301.2702
tun,1996,42095994918.0745
tun,1997,45590118235.3185
tun,1998,48485878342.2097
tun,1999,52228400218.6157
tun,2000,55655541950.0544
tun,2001,59261356555.2529
tun,2002,60980830739.9693
tun,2003,65328106800.7361
tun,2004,71164860273.4473
tun,2005,75167405561.6155
tun,2006,81945919572.277
tun,2007,89034230314.5855
tun,2008,94186782259.0297
tun,2009,98856159133.0182
tun,2010,103689920157.777
tun,2011,103777406437.032
tun,2012,110476639191.517
tun,2013,115212011108.321
tun,2014,121722431557.597
tun,2015,125310404085.596
tun,2016,127395988217.581
tur,1990,325625695029.486
tur,1991,339368037280.702
tur,1992,368262979452.055
tur,1993,407884096133.751
tur,1994,389932254729.66
tur,1995,429341926936.52
tur,1996,468788581750.153
tur,1997,512149584912.471
tur,1998,551249204294.407
tur,1999,537899092459.217
tur,2000,596756187191.279
tur,2001,578096065206.258
tur,2002,596195653960.839
tur,2003,623425267186.235
tur,2004,718188131156.645
tur,2005,798600150133.778
tur,2006,926937777711.813
tur,2007,1023252485958.42
tur,2008,1119316964634.76
tur,2009,1092778359503.23
tur,2010,1252155854026.8
tur,2011,1430765549961.91
tur,2012,1527530682272.79
tur,2013,1675596456767.95
tur,2014,1764714182899.54
tur,2015,1862532035597.52
tur,2016,1920864670575.36
tuv,2001,44978872.6955602
tuv,2002,56163794.9185001
tuv,2003,39600867.5273301
tuv,2004,44231307.4506026
tuv,2005,44277854.2764826
tuv,2006,44960263.694859
tuv,2007,52963641.5667911
tuv,2008,53191973.7974896
tuv,2009,55089542.0731916
tuv,2010,49635254.4775836
tuv,2011,50436773.521359
tuv,2012,43400496.0650235
tuv,2013,54591849.1025672
tuv,2014,50054097.6403895
tuv,2015,66461130.5457445
tuv,2016,65832942.4327583
tza,1990,22528581651.2232
tza,1991,23918955866.1187
tza,1992,24524154776.6484
tza,1993,25466536669.674
tza,1994,26538386941.9712
tza,1995,28333834309.3321
tza,1996,30581436016.8993
tza,1997,32047074784.0948
tza,1998,33752656422.4391
tza,1999,35980226815.1377
tza,2000,38498490716.6264
tza,2001,40971431615.8953
tza,2002,45586605110.2771
tza,2003,49312773644.6522
tza,2004,54566714576.6942
tza,2005,60736805195.2659
tza,2006,66841476733.0134
tza,2007,73542785112.8218
tza,2008,79291471165.4576
tza,2009,84283627212.1646
tza,2010,90729900568.3497
tza,2011,100210752121.416
tza,2012,106532246489.666
tza,2013,116766008136.509
tza,2014,126943504580.593
tza,2015,136700340684.866
tza,2016,148259532995.883
uga,1990,8517617729.75826
uga,1991,9293428728.29978
uga,1992,9700873747.34816
uga,1993,10927982473.0228
uga,1994,11873719465.2015
uga,1995,13589806096.5502
uga,1996,15131558849.2289
uga,1997,16256003852.8031
uga,1998,17261737917.4178
uga,1999,18917646762.2847
uga,2000,19655003328.5484
uga,2001,20853211364.9255
uga,2002,23242169690.5473
uga,2003,25264374010.2761
uga,2004,27547985959.341
uga,2005,30160059218.3021
uga,2006,34599933963.2715
uga,2007,38734957826.406
uga,2008,42980353339.2186
uga,2009,46313815079.0243
uga,2010,49528995208.5761
uga,2011,55314201708.9932
uga,2012,58262891751.893
uga,2013,61258577382.9791
uga,2014,65474134186.1104
uga,2015,70184133753.2944
uga,2016,74283583619.718
ukr,1990,358935749593.174
ukr,1991,339014597626.762
ukr,1992,306473995200.549
ukr,1993,262874802481.667
ukr,1994,210642749586.962
ukr,1995,186977559781.221
ukr,1996,171917083949.368
ukr,1997,169613935594.238
ukr,1998,166948972102.535
ukr,1999,167895904389.815
ukr,2000,181358498559.317
ukr,2001,205184981140.489
ukr,2002,219894030534.681
ukr,2003,246034544423.675
ukr,2004,283181681705.54
ukr,2005,300451674179.006
ukr,2006,330760976142.852
ukr,2007,366816480313.16
ukr,2008,385052270269.634
ukr,2009,326468959758.788
ukr,2010,346460694538.698
ukr,2011,369725094277.307
ukr,2012,379899349167.88
ukr,2013,385925704140.402
ukr,2014,369046235488.963
ukr,2015,337077985546.612
ukr,2016,350020422214.504
umc,1990,6696495242507.7
umc,1991,7058025852725.52
umc,1992,7375824837861.68
umc,1993,8021108575732.07
umc,1994,8422504947414.68
umc,1995,8853986713273.23
umc,1996,9467506209925.03
umc,1997,10147262335833.7
umc,1998,10527440111608.4
umc,1999,11049247505827
umc,2000,12056355247151.3
umc,2001,12785920474690.6
umc,2002,13606605860637.1
umc,2003,14709379826089.7
umc,2004,16416490678984.7
umc,2005,18286868059606
umc,2006,20852979915620
umc,2007,23574168672289.2
umc,2008,25983429143981.5
umc,2009,26820490985368.3
umc,2010,29312392364742
umc,2011,32159774901110.1
umc,2012,34512518700925.4
umc,2013,36700695084560.1
umc,2014,39067813126505.4
umc,2015,40669229499660
umc,2016,42815699386397.9
ury,1990,19061505425.6556
ury,1991,20665413833.0313
ury,1992,22941969590.3766
ury,1993,24155186831.9368
ury,1994,26407816109.6676
ury,1995,26638819764.7959
ury,1996,28693304908.4091
ury,1997,31866945680.5075
ury,1998,33659266797.5232
ury,1999,33727606539.2146
ury,2000,33794665346.3805
ury,2001,33224194737.9457
ury,2002,31405591136.8459
ury,2003,30799235738.811
ury,2004,33144909201.0109
ury,2005,37316358556.424
ury,2006,40306698700.5822
ury,2007,44093980328.3483
ury,2008,47804248139.6752
ury,2009,50059720187.2429
ury,2010,54370631841.9444
ury,2011,58558594372.8545
ury,2012,62006055875.8877
ury,2013,65756895839.8352
ury,2014,69005913391.0227
ury,2015,70570277019.7353
ury,2016,72769245354.8299
usa,1990,5922924000000
usa,1991,6117250000000
usa,1992,6459473000000
usa,1993,6758382000000
usa,1994,7195801000000
usa,1995,7602259000000
usa,1996,8075414000000
usa,1997,8620325000000
usa,1998,9167551000000
usa,1999,9725260000000
usa,2000,10421259000000
usa,2001,10788612000000
usa,2002,11098891000000
usa,2003,11591408000000
usa,2004,12372645000000
usa,2005,13221776000000
usa,2006,14140770000000
usa,2007,14585723000000
usa,2008,14791194000000
usa,2009,14494460000000
usa,2010,15121133000000
usa,2011,15802898000000
usa,2012,16596084000000
usa,2013,17073716000000
usa,2014,17892074000000
usa,2015,18581144000000
usa,2016,18968714000000
uzb,1992,37808475385.4109
uzb,1993,37885633312.1161
uzb,1994,36693762581.0382
uzb,1995,37151138566.4816
uzb,1996,38369193864.1332
uzb,1997,40781380657.4367
uzb,1998,43219835492.5153
uzb,1999,45625349285.1057
uzb,2000,48139439612.7487
uzb,2001,51196762145.3032
uzb,2002,54227890708.0636
uzb,2003,57837796468.9346
uzb,2004,64481437277.2507
uzb,2005,71385556336.922
uzb,2006,78678148386.3608
uzb,2007,92967783989.7681
uzb,2008,104964004432.003
uzb,2009,110908562689.717
uzb,2010,122251186900.037
uzb,2011,136295408676.256
uzb,2012,150886306570.369
uzb,2013,167457416596.68
uzb,2014,182085033745.591
uzb,2015,194505568132.774
uzb,2016,211918601703.68
vct,1990,369650404.636391
vct,1991,386848062.940329
vct,1992,427427897.29712
vct,1993,456699331.472689
vct,1994,456322415.071354
vct,1995,502815533.580207
vct,1996,523455856.901203
vct,1997,545881976.347406
vct,1998,574138638.182721
vct,1999,590587842.353155
vct,2000,614833070.626977
vct,2001,646353297.478378
vct,2002,697932663.022599
vct,2003,757540158.606806
vct,2004,804569746.8653
vct,2005,853761352.263351
vct,2006,959352933.397811
vct,2007,977709230.508881
vct,2008,1064356617.38347
vct,2009,1064658159.24092
vct,2010,1042852930.48968
vct,2011,1058714670.73699
vct,2012,1108293142.77316
vct,2013,1153264368.87692
vct,2014,1187536562.16701
vct,2015,1214889814.0982
vct,2016,1250510350.43604
ven,1990,182456559314.17
ven,1991,207903893546.426
ven,1992,221354369330.74
ven,1993,227326347137.961
ven,1994,225735998655.137
ven,1995,241468284029.641
ven,1996,245559681282.608
ven,1997,264570393224.605
ven,1998,268664673288.043
ven,1999,259896557084.244
ven,2000,276445125755.962
ven,2001,290985158868.339
ven,2002,265664417270.679
ven,2003,250391707190.328
ven,2004,302858985632.641
ven,2005,351098789593.682
ven,2006,401508406840.596
ven,2007,455496799800.983
ven,2008,484878375651.222
ven,2009,468088002591.261
ven,2010,464747491141.729
ven,2011,487696163869.793
ven,2012,523983136899.452
ven,2013,536703526171.983
ven,2014,536099941775.798
vnm,1990,59973975770.4539
vnm,1991,66392303848.7337
vnm,1992,75267509079.0379
vnm,1993,82937987590.5939
vnm,1994,93417429660.6352
vnm,1995,106004715067.403
vnm,1996,117439162998.837
vnm,1997,128855823018.002
vnm,1998,137750096626.46
vnm,1999,147295048007.58
vnm,2000,173614230705.973
vnm,2001,188836986787.66
vnm,2002,203818351792.069
vnm,2003,221796262337.173
vnm,2004,246251056787.343
vnm,2005,250964084627.741
vnm,2006,275842375657.826
vnm,2007,301340539325.631
vnm,2008,324076200886.202
vnm,2009,339437939766.316
vnm,2010,367547553283.759
vnm,2011,396482343535.126
vnm,2012,426297866621.211
vnm,2013,455367257309.844
vnm,2014,488871930258.801
vnm,2015,526096013997.637
vnm,2016,572225472398.933
vut,1990,248057078.744213
vut,1991,235391413.374227
vut,1992,240444077.605765
vut,1993,268218292.910146
vut,1994,269981969.373608
vut,1995,296724102.604747
vut,1996,300546089.08463
vut,1997,317110353.633193
vut,1998,363343621.62512
vut,1999,374960152.065854
vut,2000,394293335.863381
vut,2001,402406098.834147
vut,2002,376526832.19028
vut,2003,398692314.663613
vut,2004,424693295.269885
vut,2005,454544723.456124
vut,2006,518816854.237227
vut,2007,556361901.021641
vut,2008,637458700.04609
vut,2009,643266338.836966
vut,2010,658085572.643487
vut,2011,684302150.005901
vut,2012,686192424.358347
vut,2013,752601322.19546
vut,2014,788890738.355759
wld,1990,28412612007740
wld,1991,29885784708635.7
wld,1992,31247309627768.6
wld,1993,32819221588773.6
wld,1994,34620641362606.4
wld,1995,36510359357102.1
wld,1996,38717143486565.8
wld,1997,41015813963653.6
wld,1998,42617192666212.4
wld,1999,44738222598203.5
wld,2000,48151906746712.2
wld,2001,50571486590955.1
wld,2002,52860325613203.1
wld,2003,55821664421946.5
wld,2004,60512304322103.9
wld,2005,65261775111801
wld,2006,71775742091639.6
wld,2007,77659472444201.7
wld,2008,82085314162578.3
wld,2009,82861247122610.9
wld,2010,88651819163463.1
wld,2011,94698275097636
wld,2012,99856760095070.4
wld,2013,105099994160630
wld,2014,110744333536714
wld,2015,115471800141582
wld,2016,120273811614774
wsm,1997,510580411.894537
wsm,1998,529743042.518247
wsm,1999,548675289.730734
wsm,2000,598740718.976757
wsm,2001,658147170.331399
wsm,2002,695430552.054928
wsm,2003,713371108.552333
wsm,2004,782331935.13076
wsm,2005,810369295.329606
wsm,2006,837553464.304844
wsm,2007,917590753.192732
wsm,2008,941806843.47474
wsm,2009,918033522.686867
wsm,2010,957101573.7303
wsm,2011,1024939103.95493
wsm,2012,1037636885.98555
wsm,2013,1039059687.99497
wsm,2014,1074929184.37294
wsm,2015,1126286407.82352
wsm,2016,1217636686.25582
xkx,2006,11259296541.1556
xkx,2007,12664987317.3649
xkx,2008,13115317625.8378
xkx,2009,13302370505.7143
xkx,2010,13911116464.135
xkx,2011,14971312656.2602
xkx,2012,15786190819.3639
xkx,2013,16469434269.7923
xkx,2014,16929560186.4405
xkx,2015,17767168075.5296
xkx,2016,18560828647.0722
yem,1990,25762322900.6583
yem,1991,27533820298.8349
yem,1992,30784208664.4044
yem,1993,32927552984.2666
yem,1994,35881115559.1155
yem,1995,37739496820.5059
yem,1996,38349520601.1545
yem,1997,40953831677.4437
yem,1998,45488037637.4075
yem,1999,46174328563.7024
yem,2000,50830701234.5018
yem,2001,54508716437.9302
yem,2002,57088124579.8656
yem,2003,59705843337.1721
yem,2004,63086044556.5407
yem,2005,68782092739.6036
yem,2006,75734867710.8938
yem,2007,80556314266.532
yem,2008,84332576643.8288
yem,2009,90589272074.2617
yem,2010,97493288721.3143
yem,2011,85694098679.7649
yem,2012,91967528301.7551
yem,2013,97900507251.6669
yem,2014,97829372311.0476
yem,2015,73122834193.4828
yem,2016,68902521986.3323
zaf,1990,226701311123.38
zaf,1991,234521883400.273
zaf,1992,235703700675.08
zaf,1993,244805429417.173
zaf,1994,258757905030.09
zaf,1995,272062400364.064
zaf,1996,288196857032.075
zaf,1997,300879406630.625
zaf,1998,305140863534.689
zaf,1999,316947143793.246
zaf,2000,337698592697.043
zaf,2001,352123900798.188
zaf,2002,373168391066.404
zaf,2003,390971354747.891
zaf,2004,423228213844.128
zaf,2005,459753857129.667
zaf,2006,500568342106.968
zaf,2007,533866909444.819
zaf,2008,562545393457.095
zaf,2009,563161994663.453
zaf,2010,588011396016.055
zaf,2011,617169274162.823
zaf,2012,641412033000.718
zaf,2013,668637506854.613
zaf,2014,691852386342.065
zaf,2015,711218845695.091
zaf,2016,720128871094.367
zmb,1990,11115088327.9734
zmb,1991,11123706625.2595
zmb,1992,11364169406.7153
zmb,1993,12717976051.0037
zmb,1994,12038857874.0774
zmb,1995,12660661830.313
zmb,1996,13785610387.5204
zmb,1997,14540669212.0989
zmb,1998,14569184253.0682
zmb,1999,15724536089.9226
zmb,2000,16793204436.0393
zmb,2001,18147229103.0324
zmb,2002,19344313377.5761
zmb,2003,21246966672.9611
zmb,2004,22526450596.9024
zmb,2005,24621020307.8027
zmb,2006,26915606791.2139
zmb,2007,29337561391.0166
zmb,2008,33389816034.1737
zmb,2009,38769023032.6892
zmb,2010,41506432857.0317
zmb,2011,45584354103.5952
zmb,2012,51851496278.9992
zmb,2013,53783573773.3629
zmb,2014,58635048888.8209
zmb,2015,61287084304.3469
zmb,2016,63956639275.3343
zwe,1990,16619431018.2616
zwe,1991,18043770265.1284
zwe,1992,16680760724.5128
zwe,1993,17324636972.3013
zwe,1994,19223422227.4429
zwe,1995,19596098293.3111
zwe,1996,22218438484.7656
zwe,1997,22958978080.4239
zwe,1998,23560487829.5063
zwe,1999,23935719932.3416
zwe,2000,23677360705.8435
zwe,2001,24702390093.9512
zwe,2002,22998833410.5809
zwe,2003,19555221906.889
zwe,2004,18720330640.3331
zwe,2005,18240745597.047
zwe,2006,17964450151.8122
zwe,2007,17560507614.8927
zwe,2008,14236621975.8752
zwe,2009,15241250224.9296
zwe,2010,17490614742.096
zwe,2011,20019029964.529
zwe,2012,23679007833.9168
zwe,2013,26411381181.7471
zwe,2014,27610948455.9815
zwe,2015,28276543290.0466
zwe,2016,29297079281.0992
