country,year,uis_sle_56_gpi
abw,1999,1.15580999851227
abw,2000,1.4145200252533
abw,2001,1.40644001960754
abw,2002,1.40665996074677
abw,2003,1.35443997383118
abw,2004,1.42466998100281
abw,2005,1.38550996780396
abw,2006,1.41840004920959
abw,2007,1.32728004455566
abw,2008,1.33145999908447
abw,2009,1.3833099603653
abw,2010,1.36483001708984
abw,2011,1.46003997325897
abw,2012,1.49501001834869
abw,2013,2.13382005691528
abw,2014,2.21642994880676
afg,1970,0.165649995207787
afg,1972,0.153699994087219
afg,1973,0.185780003666878
afg,1974,0.162740007042885
afg,1975,0.165329992771149
afg,1976,0.165380001068115
afg,1977,0.265439987182617
afg,1978,0.236949995160103
afg,1979,0.18656000494957
afg,1986,0.173759996891022
afg,1990,0.477519989013672
afg,2003,0.281780004501343
afg,2004,0.280339986085892
afg,2009,0.235640004277229
afg,2011,0.344819992780685
afg,2014,0.276470005512238
ago,1990,0.194309994578362
ago,1998,0.689130008220673
ago,1999,0.632300019264221
ago,2002,0.65447998046875
ago,2011,0.367949992418289
ago,2013,0.801249980926514
alb,1971,0.511089980602264
alb,1972,0.504710018634796
alb,1978,0.831830024719238
alb,1981,1.02816998958588
alb,1983,0.955129981040955
alb,1984,0.906840026378632
alb,1985,0.857500016689301
alb,1986,0.873920023441315
alb,1987,0.95253998041153
alb,1988,1.03068995475769
alb,1989,1.07041001319885
alb,1990,1.11318004131317
alb,1991,1.11046004295349
alb,1992,1.10959005355835
alb,1993,1.02790999412537
alb,1994,1.1144700050354
alb,1995,1.07603001594543
alb,1996,1.1292599439621
alb,1997,1.2635999917984
alb,1998,1.27095997333527
alb,1999,1.43777000904083
alb,2000,1.42604005336761
alb,2001,1.49347996711731
alb,2002,1.54033005237579
alb,2003,1.51679003238678
alb,2004,1.53630995750427
alb,2005,1.4334499835968
alb,2006,1.32507002353668
alb,2007,1.37293004989624
alb,2008,1.33262002468109
alb,2009,1.39928996562958
alb,2010,1.39706003665924
alb,2011,1.31951999664307
alb,2012,1.32644999027252
alb,2013,1.3379499912262
alb,2014,1.34494996070862
arb,1970,0.559899985790253
arb,1971,0.557680010795593
arb,1972,0.554520010948181
arb,1973,0.552150011062622
arb,1974,0.553080022335052
arb,1975,0.552640020847321
arb,1976,0.558870017528534
arb,1977,0.536719977855682
arb,1978,0.534420013427734
arb,1979,0.55417001247406
arb,1980,0.561219990253448
arb,1981,0.566860020160675
arb,1982,0.571399986743927
arb,1983,0.578580021858215
arb,1984,0.581019997596741
arb,1985,0.594470024108887
arb,1986,0.583010017871857
arb,1987,0.589999973773956
arb,1988,0.641170024871826
arb,1989,0.665329992771149
arb,1990,0.698840022087097
arb,1991,0.729309976100922
arb,1992,0.732909977436066
arb,1993,0.751299977302551
arb,1994,0.750509977340698
arb,1995,0.759750008583069
arb,1996,0.767830014228821
arb,1997,0.777930021286011
arb,1998,0.801329970359802
arb,1999,0.82039999961853
arb,2000,0.845399975776672
arb,2001,0.861779987812042
arb,2002,0.888960003852844
arb,2003,0.934949994087219
arb,2004,0.924860000610352
arb,2005,0.951690018177032
arb,2006,0.98717999458313
arb,2007,0.958869993686676
arb,2008,1.03553998470306
arb,2009,1.02646994590759
arb,2010,1.0341500043869
arb,2011,1.0365799665451
arb,2012,1.05243003368378
arb,2013,1.0305700302124
arb,2014,1.03618001937866
are,1978,1.84628999233246
are,1979,1.95111000537872
are,1980,2.08258008956909
are,1981,2.06757998466492
are,1982,2.11760997772217
are,1983,1.89007997512817
are,1984,1.72125995159149
are,1985,2.10971999168396
are,1986,1.93932998180389
are,1987,2.15341997146606
are,1988,2.62441992759705
are,1989,3.44636988639832
are,1990,4.05647993087769
are,1991,4.32492017745972
are,1992,5.59059000015259
are,1993,4.15943002700806
are,2007,3.2748498916626
are,2008,3.17524003982544
are,2009,3.09949994087219
are,2010,2.97970008850098
are,2011,2.68452000617981
are,2012,2.48752999305725
are,2013,2.64282989501953
are,2014,2.67846989631653
arg,1970,0.768029987812042
arg,1971,0.837570011615753
arg,1972,0.873549997806549
arg,1973,0.854560017585754
arg,1974,0.844990015029907
arg,1975,0.929910004138947
arg,1976,0.931770026683807
arg,1977,0.924030005931854
arg,1978,1.00878000259399
arg,1979,0.987529993057251
arg,1980,1.0150500535965
arg,1981,1.1389399766922
arg,1982,1.13372004032135
arg,1983,1.16296994686127
arg,1984,1.1450400352478
arg,1985,1.11471998691559
arg,1986,1.1397500038147
arg,1987,1.15697002410889
arg,1999,1.63022005558014
arg,2000,1.54674005508423
arg,2001,1.4624799489975
arg,2002,1.47310996055603
arg,2003,1.51364994049072
arg,2004,1.42400002479553
arg,2005,1.44675004482269
arg,2006,1.50507998466492
arg,2007,1.50288999080658
arg,2008,1.50935995578766
arg,2009,1.49313998222351
arg,2010,1.4920699596405
arg,2011,1.54580998420715
arg,2012,1.55592000484467
arg,2013,1.59091997146606
arm,2000,1.25872004032135
arm,2001,1.34223997592926
arm,2002,1.3756400346756
arm,2003,1.33466005325317
arm,2004,1.51629996299744
arm,2005,1.53231000900269
arm,2006,1.48703002929688
arm,2007,1.48053002357483
arm,2008,1.54562997817993
arm,2009,1.54990994930267
arm,2010,1.56707000732422
arm,2011,1.54973995685577
arm,2012,1.48053002357483
arm,2013,1.30541002750397
arm,2014,1.21071004867554
atg,2009,2.07567000389099
atg,2010,2.40732002258301
atg,2011,1.88371002674103
atg,2012,2.09400010108948
aus,1970,0.504029989242554
aus,1971,0.53575998544693
aus,1972,0.56045001745224
aus,1973,0.591889977455139
aus,1974,0.652249991893768
aus,1975,0.70278000831604
aus,1976,0.761089980602264
aus,1977,0.775099992752075
aus,1978,0.807789981365204
aus,1979,0.836650013923645
aus,1980,0.856989979743958
aus,1981,0.851790010929108
aus,1982,0.868269979953766
aus,1983,0.891099989414215
aus,1984,0.903509974479675
aus,1985,0.945010006427765
aus,1986,0.986129999160767
aus,1987,1.04074001312256
aus,1988,1.08071005344391
aus,1989,1.12486004829407
aus,1990,1.15391004085541
aus,1991,1.18154001235962
aus,1992,1.18763995170593
aus,1993,0.98853999376297
aus,1994,1.0100200176239
aus,1995,1.04462003707886
aus,1996,1.06167995929718
aus,1997,1.06923997402191
aus,1998,1.21771001815796
aus,1999,1.21789002418518
aus,2000,1.21001994609833
aus,2001,1.20773005485535
aus,2002,1.19875001907349
aus,2003,1.20634996891022
aus,2004,1.20986998081207
aus,2005,1.22710001468658
aus,2006,1.25167000293732
aus,2007,1.26824998855591
aus,2008,1.28868997097015
aus,2009,1.32176005840302
aus,2010,1.34485995769501
aus,2011,1.36120998859406
aus,2012,1.37252998352051
aus,2013,1.36986994743347
aut,1971,0.429939985275269
aut,1972,0.482910007238388
aut,1973,0.529070019721985
aut,1974,0.551159977912903
aut,1975,0.593500018119812
aut,1976,0.62406998872757
aut,1977,0.645380020141602
aut,1978,0.682259976863861
aut,1979,0.707459986209869
aut,1980,0.731360018253326
aut,1981,0.749650001525879
aut,1982,0.774860024452209
aut,1983,0.807089984416962
aut,1984,0.820969998836517
aut,1985,0.842000007629395
aut,1986,0.861429989337921
aut,1987,0.864180028438568
aut,1988,0.875639975070953
aut,1989,0.873769998550415
aut,1990,0.88170999288559
aut,1991,0.872189998626709
aut,1992,0.887499988079071
aut,1993,0.899770021438599
aut,1994,0.916339993476868
aut,1995,0.942569971084595
aut,1996,0.965240001678467
aut,1997,0.981869995594025
aut,1998,1.00231003761292
aut,1999,1.04086995124817
aut,2000,1.08232998847961
aut,2001,1.12270998954773
aut,2002,1.17307996749878
aut,2003,1.17445003986359
aut,2004,1.18271005153656
aut,2005,1.19481003284454
aut,2006,1.20256996154785
aut,2007,1.19213998317719
aut,2008,1.175950050354
aut,2009,1.17160999774933
aut,2010,1.16325998306274
aut,2011,1.17348003387451
aut,2012,1.18419003486633
aut,2013,1.19287002086639
aut,2014,1.19271004199982
aze,1981,0.760129988193512
aze,1986,0.902769982814789
aze,1991,0.670350015163422
aze,1992,0.652949988842011
aze,1993,0.717450022697449
aze,1994,0.799700021743774
aze,1995,0.902710020542145
aze,1996,0.976369976997375
aze,1997,0.974520027637482
aze,2006,1.05625998973846
aze,2007,1.01119005680084
aze,2008,0.978039979934692
aze,2009,0.978340029716492
aze,2010,0.979640007019043
aze,2011,1.01022005081177
aze,2012,1.04038000106812
aze,2013,1.09876000881195
aze,2014,1.14288997650146
bdi,1971,0.0557899996638298
bdi,1972,0.0727500021457672
bdi,1973,0.11472000181675
bdi,1974,0.22053000330925
bdi,1975,0.118929997086525
bdi,1976,0.119869999587536
bdi,1979,0.192210003733635
bdi,1980,0.234510004520416
bdi,1981,0.309859991073608
bdi,1982,0.309729993343353
bdi,1984,0.349029988050461
bdi,1985,0.337399989366531
bdi,1986,0.305889993906021
bdi,1987,0.355269998311996
bdi,1988,0.320760011672974
bdi,1989,0.352470010519028
bdi,1990,0.410809993743896
bdi,1991,0.355580002069473
bdi,1992,0.350840002298355
bdi,1993,0.349669992923737
bdi,1998,0.395099997520447
bdi,1999,0.406049996614456
bdi,2000,0.355619996786118
bdi,2001,0.364389985799789
bdi,2002,0.429100006818771
bdi,2004,0.377380013465881
bdi,2005,0.37567999958992
bdi,2006,0.429930001497269
bdi,2010,0.514090001583099
bdi,2011,0.433750003576279
bdi,2012,0.457800000905991
bdi,2013,0.422289997339249
bel,1971,0.591849982738495
bel,1972,0.607640027999878
bel,1973,0.662729978561401
bel,1974,0.695420026779175
bel,1975,0.725250005722046
bel,1978,0.763019979000092
bel,1979,0.748459994792938
bel,1980,0.776489973068237
bel,1981,0.828029990196228
bel,1982,0.82956999540329
bel,1983,0.860440015792847
bel,1984,0.87882000207901
bel,1985,0.861429989337921
bel,1986,0.876179993152618
bel,1987,0.922919988632202
bel,1988,0.93724000453949
bel,1989,0.908770024776459
bel,1990,0.964370012283325
bel,1991,0.973909974098206
bel,1993,0.997200012207031
bel,1994,1.01344001293182
bel,1995,1.01473999023438
bel,1996,1.03354001045227
bel,1999,1.14356005191803
bel,2000,1.12330996990204
bel,2001,1.15101003646851
bel,2002,1.16919994354248
bel,2003,1.17807996273041
bel,2004,1.19813001155853
bel,2005,1.22619998455048
bel,2006,1.24054002761841
bel,2007,1.2506400346756
bel,2008,1.25319004058838
bel,2009,1.24054002761841
bel,2010,1.25879001617432
bel,2011,1.26361000537872
bel,2012,1.27748000621796
bel,2013,1.28926002979279
bel,2014,1.30148994922638
ben,1971,0.0714500024914742
ben,1972,0.155330002307892
ben,1973,0.163990005850792
ben,1974,0.207910001277924
ben,1975,0.178739994764328
ben,1976,0.175659999251366
ben,1978,0.214599996805191
ben,1979,0.213029995560646
ben,1982,0.226219996809959
ben,1983,0.196610003709793
ben,1984,0.219870001077652
ben,1985,0.211909994482994
ben,1986,0.182649999856949
ben,1987,0.182209998369217
ben,1988,0.157389998435974
ben,1991,0.144639998674393
ben,1992,0.178990006446838
ben,1993,0.190320000052452
ben,1994,0.203999996185303
ben,1995,0.204429998993874
ben,1996,0.218219995498657
ben,1997,0.227109998464584
ben,1999,0.240130007266998
ben,2000,0.240020006895065
ben,2001,0.240439996123314
ben,2006,0.319020003080368
ben,2007,0.337199985980988
ben,2008,0.368369996547699
ben,2009,0.387239992618561
ben,2010,0.350769996643066
ben,2011,0.269630014896393
ben,2012,0.341479986906052
ben,2013,0.375220000743866
bfa,1971,0.176780000329018
bfa,1972,0.117729999125004
bfa,1973,0.157309994101524
bfa,1974,0.20770999789238
bfa,1975,0.255620002746582
bfa,1976,0.245700001716614
bfa,1977,0.265430003404617
bfa,1978,0.268790006637573
bfa,1979,0.248349994421005
bfa,1980,0.28371000289917
bfa,1981,0.270969986915588
bfa,1982,0.268970012664795
bfa,1983,0.283069998025894
bfa,1984,0.282029986381531
bfa,1985,0.294110000133514
bfa,1986,0.298429995775223
bfa,1987,0.312830001115799
bfa,1988,0.315349996089935
bfa,1989,0.315259993076324
bfa,1990,0.29721999168396
bfa,1991,0.300300002098084
bfa,1992,0.291249990463257
bfa,1993,0.296460002660751
bfa,1994,0.319759994745255
bfa,1995,0.284700006246567
bfa,1996,0.319990009069443
bfa,1997,0.295749992132187
bfa,1999,0.29789999127388
bfa,2002,0.345070004463196
bfa,2003,0.293000012636185
bfa,2005,0.451389998197556
bfa,2006,0.438639998435974
bfa,2007,0.443870007991791
bfa,2008,0.490179985761642
bfa,2009,0.473329991102219
bfa,2010,0.463919997215271
bfa,2011,0.481139987707138
bfa,2012,0.484560012817383
bfa,2013,0.4860799908638
bgd,1970,0.110749997198582
bgd,1972,0.123089998960495
bgd,1974,0.114270001649857
bgd,1976,0.142680004239082
bgd,1977,0.159030005335808
bgd,1978,0.162569999694824
bgd,1979,0.164049997925758
bgd,1980,0.165279999375343
bgd,1981,0.165900006890297
bgd,1982,0.279179990291595
bgd,1983,0.232940003275871
bgd,1984,0.226380005478859
bgd,1985,0.243049994111061
bgd,1986,0.243139997124672
bgd,1987,0.22664999961853
bgd,1988,0.190919995307922
bgd,1989,0.193379998207092
bgd,1990,0.194179996848106
bgd,1999,0.484640002250671
bgd,2000,0.486119985580444
bgd,2001,0.527649998664856
bgd,2002,0.486790001392365
bgd,2003,0.487540006637573
bgd,2004,0.477010011672974
bgd,2005,0.520089983940125
bgd,2006,0.552789986133575
bgd,2007,0.550830006599426
bgd,2008,0.551919996738434
bgd,2009,0.597010016441345
bgd,2011,0.691139996051788
bgd,2012,0.722379982471466
bgd,2014,0.734040021896362
bgr,1971,1.06295001506805
bgr,1972,1.17541003227234
bgr,1973,1.21298003196716
bgr,1974,1.27722001075745
bgr,1975,1.36103999614716
bgr,1976,1.39203000068665
bgr,1977,1.44247996807098
bgr,1978,1.7480800151825
bgr,1979,1.44491004943848
bgr,1980,1.40910995006561
bgr,1981,1.35025000572205
bgr,1982,1.2268500328064
bgr,1983,1.1841299533844
bgr,1984,1.20483005046844
bgr,1985,1.2146600484848
bgr,1986,1.25196003913879
bgr,1987,1.29477000236511
bgr,1988,1.30968999862671
bgr,1989,1.22844994068146
bgr,1990,1.15389001369476
bgr,1991,1.1021900177002
bgr,1992,1.19132995605469
bgr,1993,1.39177000522614
bgr,1994,1.48731994628906
bgr,1995,1.59714996814728
bgr,1996,1.70422995090485
bgr,1997,1.65775001049042
bgr,1998,1.61685001850128
bgr,1999,1.53022003173828
bgr,2000,1.40410995483398
bgr,2001,1.35365998744965
bgr,2002,1.23602998256683
bgr,2003,1.18297004699707
bgr,2004,1.17121005058289
bgr,2005,1.15685999393463
bgr,2006,1.22358000278473
bgr,2007,1.23743999004364
bgr,2008,1.32088994979858
bgr,2009,1.33414995670319
bgr,2010,1.32949995994568
bgr,2011,1.30674004554749
bgr,2012,1.28117001056671
bgr,2013,1.27127003669739
bgr,2014,1.25732004642487
bhr,1971,1.44730997085571
bhr,1972,1.53153002262115
bhr,1973,1.87042999267578
bhr,1974,1.44683003425598
bhr,1975,1.39084994792938
bhr,1976,1.55060994625092
bhr,1977,1.55543994903564
bhr,1978,1.04156005382538
bhr,1979,0.843129992485046
bhr,1980,1.00459003448486
bhr,1981,0.918839991092682
bhr,1982,1.05971002578735
bhr,1985,1.38827002048492
bhr,1986,1.59902000427246
bhr,1987,1.32147002220154
bhr,1988,1.59991002082825
bhr,1991,1.38182997703552
bhr,1992,1.58814001083374
bhr,1993,1.53145003318787
bhr,1994,1.57960999011993
bhr,1995,1.61794996261597
bhr,1996,1.67727994918823
bhr,1999,1.73949003219604
bhr,2003,2.42848992347717
bhr,2005,3.45036005973816
bhr,2006,3.57023000717163
bhr,2011,1.69611001014709
bhr,2012,2.14454007148743
bhr,2013,2.51168990135193
bhr,2014,2.49581003189087
bhs,1988,2.23915004730225
bhs,1995,2.70657992362976
bih,2005,1.33089995384216
bih,2006,1.30088996887207
bih,2007,1.31497001647949
bih,2008,1.34177005290985
bih,2009,1.34803998470306
bih,2010,1.34890997409821
bih,2011,1.34204995632172
bih,2012,1.32298994064331
bih,2013,1.32049000263214
bih,2014,1.34648001194
blr,1991,1.22748994827271
blr,1996,1.18447005748749
blr,1997,1.26481997966766
blr,1998,1.26348996162415
blr,1999,1.299880027771
blr,2000,1.32247996330261
blr,2001,1.33045995235443
blr,2002,1.35951995849609
blr,2003,1.37623000144958
blr,2004,1.37795996665955
blr,2005,1.36284005641937
blr,2006,1.36913001537323
blr,2007,1.40855002403259
blr,2008,1.46088004112244
blr,2009,1.46206998825073
blr,2010,1.43379998207092
blr,2011,1.41519999504089
blr,2012,1.38538002967834
blr,2013,1.34093999862671
blr,2014,1.32056999206543
blz,1971,2.3594799041748
blz,1972,1.94096994400024
blz,1974,2.71706008911133
blz,1975,1.45016002655029
blz,2001,1.62537002563477
blz,2002,1.67528998851776
blz,2003,1.57893002033234
blz,2004,1.51371002197266
blz,2005,1.57723999023438
blz,2006,1.66558003425598
blz,2007,1.63257002830505
blz,2008,1.60842001438141
blz,2009,1.66270005702972
blz,2010,1.59598004817963
blz,2011,1.69263994693756
blz,2012,1.68273997306824
blz,2013,1.64093995094299
bmu,1979,1.13935005664825
bmu,1980,0.913250029087067
bmu,1981,1.05920994281769
bmu,2006,2.23126006126404
bmu,2007,2.50166988372803
bmu,2008,2.09356999397278
bmu,2009,2.56889009475708
bmu,2010,2.10676002502441
bmu,2011,2.07685995101929
bmu,2012,2.0116400718689
bmu,2013,2.25728988647461
bmu,2014,1.8622100353241
bol,2007,0.836419999599457
bra,1999,1.24592995643616
bra,2001,1.19699001312256
bra,2002,1.24281001091003
bra,2003,1.27301001548767
bra,2004,1.24030005931854
bra,2005,1.24212002754211
bra,2007,1.23236000537872
bra,2008,1.24879002571106
bra,2009,1.28992998600006
bra,2011,1.31335997581482
bra,2012,1.34074997901917
bra,2013,1.35101997852325
brb,1971,0.854629993438721
brb,1972,0.879069983959198
brb,1973,0.808520019054413
brb,1974,0.798669993877411
brb,1981,1.15146005153656
brb,1984,0.892099976539612
brb,1985,0.976930022239685
brb,1989,1.43973994255066
brb,1990,1.50270998477936
brb,1992,1.24442994594574
brb,1999,2.30884003639221
brb,2000,2.67951989173889
brb,2001,2.47370004653931
brb,2007,2.14562010765076
brb,2009,2.20600008964539
brb,2010,2.18408989906311
brb,2011,2.24551010131836
brn,1977,1.32258999347687
brn,1979,1.63915002346039
brn,1983,0.955359995365143
brn,1984,1.87165999412537
brn,1986,1.09347999095917
brn,1987,1.09913003444672
brn,1992,1.3619099855423
brn,1993,1.39599001407623
brn,1994,1.42014002799988
brn,1998,1.80637001991272
brn,1999,1.83580005168915
brn,2000,1.68456995487213
brn,2001,1.54395997524261
brn,2002,1.6131500005722
brn,2003,1.7806099653244
brn,2004,1.92691004276276
brn,2005,1.98058998584747
brn,2006,1.93765997886658
brn,2007,1.8714200258255
brn,2008,2.01203989982605
brn,2009,1.79120004177094
brn,2010,1.86898005008698
brn,2011,1.75797998905182
brn,2012,1.75581002235413
brn,2013,1.82832002639771
brn,2014,1.70034003257751
btn,1978,0.315919995307922
btn,1979,0.4060899913311
btn,1980,0.293330013751984
btn,1983,0.212349995970726
btn,1999,0.580600023269653
btn,2005,0.669679999351501
btn,2006,0.613229990005493
btn,2007,0.565949976444244
btn,2008,0.582970023155212
btn,2009,0.611649990081787
btn,2010,0.611299991607666
btn,2011,0.684769988059998
btn,2012,0.68870997428894
btn,2013,0.735780000686646
bwa,1972,0.413859993219376
bwa,1973,0.396809995174408
bwa,1974,0.491310000419617
bwa,1975,0.474469989538193
bwa,1976,0.523280024528503
bwa,1977,0.544350028038025
bwa,1978,0.522449970245361
bwa,1979,0.597819983959198
bwa,1980,0.526910006999969
bwa,1981,0.516019999980927
bwa,1982,0.478199988603592
bwa,1983,0.529820024967194
bwa,1984,0.494109988212585
bwa,1985,0.822780013084412
bwa,1987,0.865339994430542
bwa,1991,0.730369985103607
bwa,1993,0.79992002248764
bwa,1994,0.731379985809326
bwa,1995,0.909860014915466
bwa,1996,0.90692001581192
bwa,1998,0.922290027141571
bwa,1999,0.939239978790283
bwa,2000,0.937950015068054
bwa,2001,0.926800012588501
bwa,2002,0.999149978160858
bwa,2003,1.00186002254486
bwa,2004,0.890890002250671
bwa,2005,0.887730002403259
bwa,2006,0.818069994449615
bwa,2012,1.32567000389099
bwa,2013,1.24890005588531
bwa,2014,1.36893999576569
caf,1979,0.221990004181862
caf,1980,0.125400006771088
caf,1981,0.0887899994850159
caf,1982,0.115369997918606
caf,1983,0.061489999294281
caf,1984,0.107869997620583
caf,1986,0.118550002574921
caf,1988,0.152119994163513
caf,1990,0.19064000248909
caf,1991,0.150930002331734
caf,1992,0.169949993491173
caf,1999,0.187769994139671
caf,2000,0.189860001206398
caf,2006,0.277209997177124
caf,2008,0.351049989461899
caf,2009,0.429910004138947
caf,2010,0.317750006914139
caf,2012,0.357840001583099
can,1976,0.831390023231506
can,1989,0.910640001296997
can,1990,1.22817003726959
can,1991,1.23275005817413
can,1992,1.23714995384216
can,1993,1.17185997962952
can,1994,1.15997004508972
can,1995,1.16901004314423
can,1996,1.18945002555847
can,1998,1.31770002841949
can,1999,1.33704996109009
can,2000,1.34021997451782
che,1977,0.363229990005493
che,1978,0.373470008373261
che,1979,0.384559988975525
che,1980,0.405640006065369
che,1981,0.4307000041008
che,1982,0.454070001840591
che,1983,0.481770008802414
che,1984,0.49524998664856
che,1985,0.477100014686584
che,1986,0.482740014791489
che,1987,0.484079986810684
che,1988,0.476090013980865
che,1989,0.495449990034103
che,1990,0.527960002422333
che,1991,0.540629982948303
che,1992,0.551100015640259
che,1993,0.568750023841858
che,1994,0.585889995098114
che,1995,0.596970021724701
che,1996,0.60632997751236
che,1998,0.701129972934723
che,1999,0.721199989318848
che,2000,0.750699996948242
che,2001,0.754980027675629
che,2002,0.772430002689362
che,2003,0.802869975566864
che,2004,0.824819982051849
che,2005,0.860620021820068
che,2006,0.891049981117249
che,2007,0.916909992694855
che,2008,0.985080003738403
che,2009,1.00346004962921
che,2010,0.987550020217896
che,2011,0.991970002651215
che,2012,0.999459981918335
che,2013,1.0116800069809
che,2014,1.01574003696442
chl,1970,0.632600009441376
chl,1971,0.625590026378632
chl,1972,0.636699974536896
chl,1975,0.822220027446747
chl,1976,0.742449998855591
chl,1977,0.728060007095337
chl,1978,0.73115998506546
chl,1979,0.662500023841858
chl,1980,0.770190000534058
chl,1983,0.746299982070923
chl,1984,0.759270012378693
chl,1985,0.778069972991943
chl,1986,0.795639991760254
chl,1987,0.811200022697449
chl,1993,0.847060024738312
chl,1994,0.857249975204468
chl,1995,0.85453999042511
chl,1996,0.846140027046204
chl,1997,0.865530014038086
chl,1998,0.866180002689362
chl,1999,0.90242999792099
chl,2000,0.903949975967407
chl,2002,0.91855001449585
chl,2003,0.93206000328064
chl,2004,0.939369976520538
chl,2005,0.947109997272491
chl,2006,0.989459991455078
chl,2007,0.991750001907349
chl,2008,1.0144499540329
chl,2009,1.05102002620697
chl,2010,1.06751000881195
chl,2011,1.09852004051208
chl,2012,1.12186002731323
chl,2013,1.11732995510101
chl,2014,1.12659001350403
chn,1974,0.469709992408752
chn,1975,0.538749992847443
chn,1976,0.511399984359741
chn,1977,0.521089971065521
chn,1978,0.432660013437271
chn,1979,0.336089998483658
chn,1980,0.335900008678436
chn,1994,0.527719974517822
chn,2003,0.825789988040924
chn,2004,0.885439991950989
chn,2005,0.905210018157959
chn,2006,0.939140021800995
chn,2007,0.972809970378876
chn,2008,1.01257002353668
chn,2009,1.04851996898651
chn,2010,1.07317996025085
chn,2011,1.09912002086639
chn,2012,1.11583995819092
chn,2013,1.14242994785309
chn,2014,1.16785001754761
civ,1971,0.184650003910065
civ,1972,0.194529995322227
civ,1973,0.200470000505447
civ,1974,0.212950006127357
civ,1976,0.226429998874664
civ,1977,0.238340005278587
civ,1979,0.233759999275208
civ,1980,0.235679998993874
civ,1987,0.236059993505478
civ,1994,0.312409996986389
civ,1995,0.334030002355576
civ,1997,0.369830012321472
civ,1999,0.364399999380112
civ,2007,0.503679990768433
civ,2008,0.551349997520447
civ,2009,0.528559982776642
civ,2010,0.51621001958847
civ,2011,0.667490005493164
civ,2013,0.623759984970093
civ,2014,0.564989984035492
cmr,1971,0.0831099972128868
cmr,1972,0.100239999592304
cmr,1973,0.125719994306564
cmr,1974,0.126389995217323
cmr,1975,0.156800001859665
cmr,2002,0.636569976806641
cmr,2003,0.636919975280762
cmr,2004,0.637059986591339
cmr,2005,0.656560003757477
cmr,2006,0.717559993267059
cmr,2007,0.776510000228882
cmr,2008,0.792110025882721
cmr,2009,0.786490023136139
cmr,2010,0.812380015850067
cmr,2011,0.734570026397705
cod,1971,0.0565299987792969
cod,1972,0.0683799982070923
cod,1974,0.103100001811981
cod,2007,0.350510001182556
cod,2008,0.35521000623703
cod,2009,0.310429990291595
cod,2011,0.446999996900558
cod,2012,0.552169978618622
cod,2013,0.455309987068176
cog,1971,0.0509699992835522
cog,1972,0.0738800019025803
cog,1975,0.0918700024485588
cog,1976,0.110679998993874
cog,1977,0.142759993672371
cog,1978,0.154860004782677
cog,1980,0.167759999632835
cog,1981,0.175899997353554
cog,1982,0.154410004615784
cog,1983,0.155169993638992
cog,1984,0.177440002560616
cog,1985,0.181580007076263
cog,1986,0.18571999669075
cog,1988,0.221560001373291
cog,1989,0.179389998316765
cog,1990,0.197479993104935
cog,1991,0.216049998998642
cog,1992,0.230279996991158
cog,1999,0.26842001080513
cog,2000,0.314660012722015
cog,2001,0.136620000004768
cog,2002,0.187769994139671
cog,2003,0.402090013027191
cog,2009,0.210559993982315
cog,2011,0.583829998970032
cog,2012,0.627579987049103
cog,2013,0.704259991645813
col,1970,0.36897999048233
col,1974,0.546360015869141
col,1975,0.580399990081787
col,1977,0.650470018386841
col,1978,0.688109993934631
col,1979,0.719669997692108
col,1980,0.822380006313324
col,1981,0.817749977111816
col,1982,0.863309979438782
col,1984,0.935100018978119
col,1985,0.963410019874573
col,1986,0.969349980354309
col,1987,0.989719986915588
col,1988,0.957310020923615
col,1989,1.09026002883911
col,1991,1.06642997264862
col,1995,1.0474100112915
col,1996,1.09735000133514
col,1997,1.13240003585815
col,1998,1.00619995594025
col,1999,1.11115002632141
col,2000,1.09038996696472
col,2001,1.10076999664307
col,2002,1.08569002151489
col,2004,1.08095002174377
col,2005,1.08349001407623
col,2006,1.08937001228333
col,2007,1.09201002120972
col,2008,0.991509974002838
col,2009,1.0513299703598
col,2010,1.09839999675751
col,2011,1.09873998165131
col,2012,1.12917995452881
col,2013,1.11237001419067
col,2014,1.11467003822327
com,1990,0.172790005803108
com,1992,0.400440007448196
com,1999,0.758769989013672
com,2000,0.734690010547638
com,2003,0.776960015296936
com,2009,0.713900029659271
com,2010,0.744620025157928
com,2011,0.786220014095306
com,2012,0.864939987659454
com,2013,0.867240011692047
com,2014,0.811980009078979
cpv,2000,1.03323996067047
cpv,2001,1.03720998764038
cpv,2002,1.04909002780914
cpv,2003,1.14409995079041
cpv,2004,1.1400500535965
cpv,2005,1.07547998428345
cpv,2006,1.12862002849579
cpv,2007,1.25703001022339
cpv,2008,1.30457997322083
cpv,2009,1.34065997600555
cpv,2010,1.27267003059387
cpv,2011,1.36533999443054
cpv,2012,1.33788001537323
cpv,2013,1.45887005329132
cpv,2014,1.51505994796753
cri,1970,0.79899001121521
cri,1971,0.824100017547607
cri,1972,0.814459979534149
cri,2004,1.23273003101349
cri,2011,1.25339996814728
cri,2012,1.24846005439758
cri,2013,1.22145998477936
cri,2014,1.23697996139526
cub,1971,0.673280000686646
cub,1972,0.541419982910156
cub,1973,0.481299996376038
cub,1974,0.562219977378845
cub,1975,0.571940004825592
cub,1977,0.696290016174316
cub,1979,0.823650002479553
cub,1980,0.892690002918243
cub,1981,0.967190027236938
cub,1982,1.10223996639252
cub,1983,1.1334400177002
cub,1984,1.15012001991272
cub,1985,1.19705998897552
cub,1986,1.21160995960236
cub,1987,1.27281999588013
cub,1988,1.29618000984192
cub,1989,1.3761500120163
cub,1990,1.40496003627777
cub,1991,1.39944994449615
cub,1992,1.44447004795074
cub,1993,1.42005002498627
cub,1994,1.37065005302429
cub,1995,1.45687997341156
cub,1996,1.53592002391815
cub,1997,1.57016003131866
cub,1998,1.60155999660492
cub,1999,1.17736995220184
cub,2000,1.19033002853394
cub,2001,1.12665998935699
cub,2002,1.23157000541687
cub,2003,1.32275998592377
cub,2004,1.70963001251221
cub,2005,1.70062005519867
cub,2006,1.59894001483917
cub,2007,1.8089200258255
cub,2008,1.67332005500793
cub,2009,1.68692994117737
cub,2010,1.64403998851776
cub,2011,1.64336001873016
cub,2012,1.53633999824524
cub,2013,1.68715000152588
cub,2014,1.59211003780365
cuw,2013,2.33057999610901
cyp,1971,0.792599976062775
cyp,1972,1.049919962883
cyp,1973,0.822870016098022
cyp,1974,0.800499975681305
cyp,1978,1.29015004634857
cyp,1979,0.942719995975494
cyp,1980,0.897350013256073
cyp,1981,0.791540026664734
cyp,1982,0.680840015411377
cyp,1983,0.859589993953705
cyp,1984,0.911700010299683
cyp,1985,0.899909973144531
cyp,1986,1.04461002349854
cyp,1987,1.00100004673004
cyp,1988,1.09590995311737
cyp,1989,1.25039005279541
cyp,1990,1.3709100484848
cyp,1991,1.20817005634308
cyp,1992,1.64767003059387
cyp,1993,0.995280027389526
cyp,1994,1.15804994106293
cyp,1995,1.27448999881744
cyp,1996,1.42455005645752
cyp,1997,1.22251999378204
cyp,1999,1.1917599439621
cyp,2000,1.31442999839783
cyp,2001,1.36504995822906
cyp,2002,1.23049998283386
cyp,2003,1.0118499994278
cyp,2004,0.975820004940033
cyp,2005,1.14322996139526
cyp,2006,1.08678996562958
cyp,2007,1.05176997184753
cyp,2008,1.01656997203827
cyp,2009,0.929620027542114
cyp,2010,0.899219989776611
cyp,2011,1.03475999832153
cyp,2012,1.19511997699738
cyp,2013,1.3131400346756
cyp,2014,1.42366003990173
cze,1971,0.58253002166748
cze,1972,0.576409995555878
cze,1973,0.595390021800995
cze,1974,0.616230010986328
cze,1975,0.640569984912872
cze,1976,0.654519975185394
cze,1977,0.67755001783371
cze,1978,0.677179992198944
cze,1979,0.677169978618622
cze,1980,0.688610017299652
cze,1981,0.707539975643158
cze,1982,0.721490025520325
cze,1983,0.745010018348694
cze,1984,0.752939999103546
cze,1985,0.743680000305176
cze,1986,0.754899978637695
cze,1987,0.751089990139008
cze,1988,0.764289975166321
cze,1989,0.799839973449707
cze,1990,0.786889970302582
cze,1991,0.809379994869232
cze,1992,0.825619995594025
cze,1993,0.826349973678589
cze,1994,0.965659976005554
cze,1995,0.961099982261658
cze,1996,0.918349981307983
cze,1997,0.979399979114532
cze,1998,0.969659984111786
cze,1999,1.03443002700806
cze,2000,1.0370899438858
cze,2001,1.05107998847961
cze,2002,1.09991002082825
cze,2003,1.08474004268646
cze,2004,1.11668002605438
cze,2005,1.1757800579071
cze,2006,1.23385000228882
cze,2007,1.27862000465393
cze,2008,1.32618999481201
cze,2009,1.38458001613617
cze,2010,1.40429997444153
cze,2011,1.42448997497559
cze,2012,1.42295002937317
cze,2013,1.42958998680115
cze,2014,1.41009998321533
deu,1992,0.745559990406036
deu,1993,0.764240026473999
deu,1994,0.77512001991272
deu,1995,0.808740019798279
deu,1996,0.847069978713989
deu,1997,0.886990010738373
deu,2013,0.924549996852875
deu,2014,0.937860012054443
dji,1992,0.444029986858368
dji,1993,1.28173995018005
dji,1994,1.03857004642487
dji,1996,0.889090001583099
dji,1997,0.794080018997192
dji,1999,1.04577994346619
dji,2000,0.891460001468658
dji,2001,0.725260019302368
dji,2002,0.812399983406067
dji,2003,0.702499985694885
dji,2004,0.822019994258881
dji,2005,0.723550021648407
dji,2006,0.672559976577759
dji,2007,0.688950002193451
dji,2008,0.678290009498596
dji,2009,0.697160005569458
dji,2010,0.690400004386902
dji,2011,0.676270008087158
dma,1981,0.306349992752075
dma,1984,6.42016983032227
dma,1985,2.03742003440857
dma,1989,3.77769994735718
dma,1991,0.80664998292923
dma,1992,1.43661999702454
dma,1993,1.00414001941681
dnk,1971,0.615909993648529
dnk,1972,0.74957001209259
dnk,1973,0.804639995098114
dnk,1974,0.821619987487793
dnk,1976,0.845700025558472
dnk,1977,0.93681001663208
dnk,1978,0.918039977550507
dnk,1979,0.92655998468399
dnk,1980,0.988659977912903
dnk,1981,1.00585997104645
dnk,1982,1.03369998931885
dnk,1983,1.00488996505737
dnk,1984,1.0188000202179
dnk,1985,1.02400004863739
dnk,1986,1.024129986763
dnk,1987,1.04753005504608
dnk,1988,1.07703995704651
dnk,1989,1.10085999965668
dnk,1990,1.12427997589111
dnk,1991,1.14953994750977
dnk,1992,1.16706001758575
dnk,1993,1.08100998401642
dnk,1994,1.09098994731903
dnk,1995,1.11549997329712
dnk,1996,1.21407997608185
dnk,1998,1.2997100353241
dnk,1999,1.33474004268646
dnk,2000,1.36530995368958
dnk,2001,1.3337299823761
dnk,2002,1.38680994510651
dnk,2003,1.41314995288849
dnk,2004,1.40555000305176
dnk,2005,1.37841999530792
dnk,2006,1.36912000179291
dnk,2007,1.38022994995117
dnk,2008,1.4036500453949
dnk,2009,1.4140100479126
dnk,2010,1.40374994277954
dnk,2011,1.37758004665375
dnk,2012,1.36746001243591
dnk,2013,1.34619998931885
dnk,2014,1.37019002437592
dom,1971,0.724439978599548
dom,1972,0.726499974727631
dom,1973,0.761730015277863
dom,1975,0.837029993534088
dom,1997,1.32844996452332
dom,2003,1.57147002220154
dom,2012,1.60413002967834
dom,2014,1.61871004104614
dza,2004,1.07806003093719
dza,2005,1.27842998504639
dza,2006,1.25690996646881
dza,2007,1.39309000968933
dza,2009,1.43093001842499
dza,2010,1.44225001335144
dza,2011,1.44957995414734
dza,2012,1.4782600402832
dza,2013,1.50365996360779
dza,2014,1.52661001682281
eap,1973,0.748120009899139
eap,1974,0.721509993076324
eap,1975,0.707459986209869
eap,1976,0.696810007095337
eap,1977,0.710340023040771
eap,1978,0.694570004940033
eap,1979,0.66210001707077
eap,1980,0.645929992198944
eap,1981,0.604669988155365
eap,1982,0.629339993000031
eap,1983,0.641740024089813
eap,1984,0.64819997549057
eap,1985,0.632300019264221
eap,1986,0.61260998249054
eap,1987,0.618480026721954
eap,1988,0.638620018959045
eap,1989,0.664950013160706
eap,1990,0.680239975452423
eap,1991,0.717869997024536
eap,1992,0.743430018424988
eap,1993,0.769190013408661
eap,1994,0.756869971752167
eap,1995,0.757179975509644
eap,1996,0.751630008220673
eap,1997,0.778400003910065
eap,1998,0.810490012168884
eap,1999,0.853789985179901
eap,2000,0.865239977836609
eap,2001,0.83908998966217
eap,2002,0.873700022697449
eap,2003,0.877120018005371
eap,2004,0.908609986305237
eap,2005,0.919120013713837
eap,2006,0.955449998378754
eap,2007,0.996510028839111
eap,2008,1.01362001895905
eap,2009,1.04054999351501
eap,2010,1.05106997489929
eap,2011,1.06111001968384
eap,2012,1.09411001205444
eap,2013,1.12241005897522
eap,2014,1.14535999298096
eas,1973,0.561169981956482
eas,1974,0.569639980792999
eas,1975,0.582369983196259
eas,1976,0.586239993572235
eas,1977,0.602859973907471
eas,1978,0.591729998588562
eas,1979,0.585290014743805
eas,1980,0.576820015907288
eas,1981,0.559509992599487
eas,1982,0.577000021934509
eas,1983,0.587199985980988
eas,1984,0.599330008029938
eas,1985,0.602479994297028
eas,1986,0.590229988098145
eas,1987,0.600080013275146
eas,1988,0.621249973773956
eas,1989,0.645500004291534
eas,1990,0.663230001926422
eas,1991,0.690439999103546
eas,1992,0.722019970417023
eas,1993,0.755840003490448
eas,1994,0.759159982204437
eas,1995,0.762629985809326
eas,1996,0.758660018444061
eas,1997,0.78219997882843
eas,1998,0.800740003585815
eas,1999,0.829949975013733
eas,2000,0.841340005397797
eas,2001,0.824310004711151
eas,2002,0.85469001531601
eas,2003,0.862119972705841
eas,2004,0.89095002412796
eas,2005,0.901769995689392
eas,2006,0.934029996395111
eas,2007,0.969579994678497
eas,2008,0.98539000749588
eas,2009,1.00893998146057
eas,2010,1.01961994171143
eas,2011,1.02927994728088
eas,2012,1.05968999862671
eas,2013,1.08586001396179
eas,2014,1.10852003097534
eca,1970,1.13896000385284
eca,1971,1.13627004623413
eca,1972,1.14188003540039
eca,1973,1.14528000354767
eca,1974,1.15162003040314
eca,1975,1.13956999778748
eca,1976,1.13112998008728
eca,1977,1.13417994976044
eca,1978,1.14665997028351
eca,1979,1.15340995788574
eca,1980,1.16873002052307
eca,1981,1.17973005771637
eca,1982,1.18577003479004
eca,1983,1.19293999671936
eca,1984,1.19929003715515
eca,1985,1.19223999977112
eca,1986,1.19700002670288
eca,1987,1.18578994274139
eca,1988,1.1715099811554
eca,1989,1.15220999717712
eca,1990,1.12855994701385
eca,1991,1.10320997238159
eca,1992,1.09645998477936
eca,1993,1.09644997119904
eca,1994,1.09852004051208
eca,1995,1.1042799949646
eca,1996,1.09057998657227
eca,1997,1.07431995868683
eca,1998,1.0877799987793
eca,1999,1.10037994384766
eca,2000,1.11776995658875
eca,2001,1.14058005809784
eca,2002,1.17642998695374
eca,2003,1.1601300239563
eca,2004,1.18563997745514
eca,2005,1.192999958992
eca,2006,1.19339001178741
eca,2007,1.1909099817276
eca,2008,1.19106996059418
eca,2009,1.17840003967285
eca,2010,1.15714001655579
eca,2011,1.13846004009247
eca,2012,1.09772002696991
eca,2013,1.074010014534
eca,2014,1.05402994155884
ecs,1970,0.951640009880066
ecs,1971,0.953639984130859
ecs,1972,0.952719986438751
ecs,1973,0.956070005893707
ecs,1974,0.963240027427673
ecs,1975,0.955969989299774
ecs,1976,0.94897997379303
ecs,1977,0.953800022602081
ecs,1978,0.960370004177094
ecs,1979,0.965939998626709
ecs,1980,0.973370015621185
ecs,1981,0.986129999160767
ecs,1982,0.998929977416992
ecs,1983,1.02242004871368
ecs,1984,1.03378999233246
ecs,1985,1.03398001194
ecs,1986,1.04622995853424
ecs,1987,1.05079996585846
ecs,1988,1.05499994754791
ecs,1989,1.05637001991272
ecs,1990,1.0576000213623
ecs,1991,1.04955995082855
ecs,1992,1.05991005897522
ecs,1993,1.06558001041412
ecs,1994,1.07305002212524
ecs,1995,1.09501004219055
ecs,1996,1.09791994094849
ecs,1997,1.10773003101349
ecs,1998,1.12325000762939
ecs,1999,1.13208997249603
ecs,2000,1.14776003360748
ecs,2001,1.16658997535706
ecs,2002,1.19169998168945
ecs,2003,1.18747997283936
ecs,2004,1.20656001567841
ecs,2005,1.21397995948792
ecs,2006,1.21784996986389
ecs,2007,1.21905994415283
ecs,2008,1.22239005565643
ecs,2009,1.21781003475189
ecs,2010,1.20773994922638
ecs,2011,1.19806003570557
ecs,2012,1.17314004898071
ecs,2013,1.15111005306244
ecs,2014,1.14022994041443
ecu,1971,0.438369989395142
ecu,1972,0.436859995126724
ecu,1973,0.474959999322891
ecu,1979,0.559809982776642
ecu,1980,0.572799980640411
ecu,1984,0.648670017719269
ecu,1988,0.677779972553253
ecu,2008,1.13292002677917
ecu,2012,1.28304994106293
egy,1971,0.391609996557236
egy,1972,0.402480006217957
egy,1973,0.432850003242493
egy,1974,0.442110002040863
egy,1975,0.451469987630844
egy,1976,0.471040010452271
egy,1977,0.438699990510941
egy,1978,0.441130012273788
egy,1979,0.460150003433228
egy,1980,0.467449992895126
egy,1981,0.482520014047623
egy,1982,0.483709990978241
egy,1983,0.488240003585815
egy,1984,0.478509992361069
egy,1985,0.508360028266907
egy,1986,0.433219999074936
egy,1987,0.408930003643036
egy,1988,0.499040007591248
egy,1989,0.516520023345947
egy,1990,0.531409978866577
egy,1991,0.582620024681091
egy,2001,0.791109979152679
egy,2002,0.816879987716675
egy,2003,0.868080019950867
egy,2004,0.809340000152588
egy,2005,0.841229975223541
egy,2006,0.879700005054474
egy,2007,0.763459980487823
egy,2008,0.933350026607513
egy,2009,0.898810029029846
egy,2010,0.916190028190613
egy,2011,0.909940004348755
egy,2012,0.973280012607574
egy,2013,0.894400000572205
egy,2014,0.896510004997253
emu,1970,0.714540004730225
emu,1971,0.715309977531433
emu,1972,0.71381002664566
emu,1973,0.723070025444031
emu,1974,0.733449995517731
emu,1975,0.736180007457733
emu,1976,0.743070006370544
emu,1977,0.75220000743866
emu,1978,0.764090001583099
emu,1979,0.773000001907349
emu,1980,0.778450012207031
emu,1981,0.799899995326996
emu,1982,0.823989987373352
emu,1983,0.845189988613129
emu,1984,0.863940000534058
emu,1985,0.872940003871918
emu,1986,0.891610026359558
emu,1987,0.905789971351624
emu,1988,0.923099994659424
emu,1989,0.944270014762878
emu,1990,0.96331000328064
emu,1991,0.979399979114532
emu,1992,1.01329004764557
emu,1993,1.02921998500824
emu,1994,1.03591001033783
emu,1995,1.06986999511719
emu,1996,1.08652997016907
emu,1997,1.11144995689392
emu,1998,1.13782000541687
emu,1999,1.13048005104065
emu,2000,1.13501000404358
emu,2001,1.14367997646332
emu,2002,1.1588100194931
emu,2003,1.16232001781464
emu,2004,1.16987001895905
emu,2005,1.17603003978729
emu,2006,1.18456995487213
emu,2007,1.18965995311737
emu,2008,1.19255995750427
emu,2009,1.1951299905777
emu,2010,1.1895899772644
emu,2011,1.18818998336792
emu,2012,1.17857003211975
emu,2013,1.16270005702972
emu,2014,1.16045999526978
eri,1995,0.151969999074936
eri,1996,0.127230003476143
eri,1998,0.150340005755425
eri,1999,0.154679998755455
eri,2000,0.165950000286102
eri,2001,0.154249995946884
eri,2002,0.154730007052422
eri,2004,0.15174999833107
eri,2009,0.328139990568161
eri,2010,0.381680011749268
eri,2014,0.496980011463165
esp,1971,0.373400002717972
esp,1972,0.401250004768372
esp,1973,0.455460011959076
esp,1974,0.492220014333725
esp,1975,0.530110001564026
esp,1976,0.583270013332367
esp,1977,0.638650000095367
esp,1978,0.68283998966217
esp,1979,0.699760019779205
esp,1980,0.743380010128021
esp,1981,0.801140010356903
esp,1982,0.851790010929108
esp,1983,0.905569970607758
esp,1984,0.958339989185333
esp,1985,0.962670028209686
esp,1986,1.00610995292664
esp,1987,1.02283000946045
esp,1988,1.05316996574402
esp,1989,1.04368996620178
esp,1990,1.07489001750946
esp,1991,1.08938002586365
esp,1992,1.0974999666214
esp,1993,1.11775004863739
esp,1994,1.08700001239777
esp,1995,1.15604996681213
esp,1996,1.17033994197845
esp,1997,1.17418003082275
esp,1998,1.18537998199463
esp,1999,1.18017995357513
esp,2000,1.18286001682281
esp,2001,1.16944003105164
esp,2002,1.20977997779846
esp,2003,1.21707999706268
esp,2004,1.25413000583649
esp,2005,1.25392997264862
esp,2006,1.26355004310608
esp,2007,1.27351999282837
esp,2008,1.27465999126434
esp,2009,1.2789900302887
esp,2010,1.26593005657196
esp,2011,1.25694000720978
esp,2012,1.23230004310608
esp,2013,1.21481001377106
esp,2014,1.19423997402191
est,1992,1.03942000865936
est,1993,1.04755997657776
est,1994,1.08132004737854
est,1995,1.09633994102478
est,1996,1.14089000225067
est,1997,1.18944001197815
est,1998,1.42914998531342
est,1999,1.42738997936249
est,2000,1.47611999511719
est,2001,1.58395004272461
est,2002,1.67421996593475
est,2003,1.67720997333527
est,2004,1.69263005256653
est,2005,1.6739399433136
est,2006,1.67479002475739
est,2007,1.64549994468689
est,2008,1.69963002204895
est,2009,1.72267997264862
est,2010,1.65573000907898
est,2011,1.5756299495697
est,2012,1.53819000720978
est,2013,1.49111998081207
eth,1971,0.0855600014328957
eth,1972,0.0818200036883354
eth,1974,0.0981199964880943
eth,1979,0.141550004482269
eth,1980,0.191890001296997
eth,1982,0.148330003023148
eth,1983,0.13850000500679
eth,1984,0.120430000126362
eth,1986,0.215479999780655
eth,1987,0.197109997272491
eth,1988,0.205950006842613
eth,1989,0.218429997563362
eth,1990,0.219139993190765
eth,1991,0.216100007295609
eth,1994,0.283179998397827
eth,1995,0.258029997348785
eth,1996,0.241919994354248
eth,1997,0.257770001888275
eth,1998,0.23827999830246
eth,1999,0.229849994182587
eth,2000,0.275739997625351
eth,2001,0.2707299888134
eth,2002,0.356790006160736
eth,2003,0.334780007600784
eth,2004,0.334729999303818
eth,2005,0.320859998464584
eth,2008,0.311960011720657
eth,2009,0.442389994859695
eth,2010,0.430370002985001
eth,2011,0.437119990587235
eth,2012,0.464910000562668
eth,2014,0.481440007686615
euu,1970,0.715430021286011
euu,1971,0.717279970645905
euu,1972,0.718840003013611
euu,1973,0.733720004558563
euu,1974,0.754830002784729
euu,1975,0.76214998960495
euu,1976,0.76841002702713
euu,1977,0.77894002199173
euu,1978,0.788559973239899
euu,1979,0.79009997844696
euu,1980,0.794149994850159
euu,1981,0.809159994125366
euu,1982,0.828800022602081
euu,1983,0.866739988327026
euu,1984,0.884590029716492
euu,1985,0.894039988517761
euu,1986,0.913720011711121
euu,1987,0.930339992046356
euu,1988,0.947749972343445
euu,1989,0.967289984226227
euu,1990,0.990040004253387
euu,1991,0.999949991703033
euu,1992,1.02939999103546
euu,1993,1.04671001434326
euu,1994,1.06172001361847
euu,1995,1.09888005256653
euu,1996,1.11910998821259
euu,1997,1.14777004718781
euu,1998,1.16399002075195
euu,1999,1.16891002655029
euu,2000,1.18095004558563
euu,2001,1.19869995117188
euu,2002,1.21236002445221
euu,2003,1.22058999538422
euu,2004,1.23330998420715
euu,2005,1.24017000198364
euu,2006,1.25034999847412
euu,2007,1.25665998458862
euu,2008,1.26277005672455
euu,2009,1.2647500038147
euu,2010,1.26446998119354
euu,2011,1.26066994667053
euu,2012,1.24865996837616
euu,2013,1.23169994354248
euu,2014,1.22817003726959
fin,1971,0.990369975566864
fin,1972,0.981469988822937
fin,1973,0.988170027732849
fin,1974,1.03348004817963
fin,1975,1.05287003517151
fin,1977,0.933340013027191
fin,1978,0.936900019645691
fin,1979,0.937479972839355
fin,1980,0.948189973831177
fin,1981,0.976459980010986
fin,1982,0.998070001602173
fin,1983,1.01440000534058
fin,1984,0.954150021076202
fin,1985,0.975359976291656
fin,1986,0.995869994163513
fin,1987,1.03207004070282
fin,1988,1.05727005004883
fin,1989,1.0854799747467
fin,1990,1.10777997970581
fin,1991,1.13357996940613
fin,1992,1.16031002998352
fin,1993,1.177610039711
fin,1994,1.18067002296448
fin,1995,1.17446005344391
fin,1996,1.16437995433807
fin,1997,1.17119002342224
fin,1998,1.20253002643585
fin,1999,1.21361005306244
fin,2000,1.19920003414154
fin,2001,1.20685005187988
fin,2002,1.21974003314972
fin,2003,1.19317996501923
fin,2004,1.18903005123138
fin,2005,1.19772005081177
fin,2006,1.21504998207092
fin,2007,1.2244199514389
fin,2008,1.23773002624512
fin,2009,1.23093998432159
fin,2010,1.22334003448486
fin,2011,1.23132002353668
fin,2012,1.21498000621796
fin,2013,1.20992994308472
fin,2014,1.20790004730225
fji,1970,0.508750021457672
fji,1971,1.21539998054504
fji,1972,0.577700018882751
fji,1973,0.666920006275177
fji,1974,0.39835000038147
fji,1975,0.408749997615814
fji,1985,0.610329985618591
fji,1986,0.535669982433319
fji,2003,1.1985000371933
fji,2004,1.19621002674103
fji,2005,1.19385004043579
fra,1979,0.978799998760223
fra,1980,0.892799973487854
fra,1982,0.979719996452332
fra,1983,1.0056699514389
fra,1985,1.03492999076843
fra,1986,1.05120003223419
fra,1987,1.06576001644135
fra,1988,1.0892299413681
fra,1989,1.15593004226685
fra,1990,1.15141999721527
fra,1991,1.177649974823
fra,1992,1.20685994625092
fra,1993,1.22890996932983
fra,1994,1.24750995635986
fra,1995,1.26197004318237
fra,1996,1.25969004631042
fra,1997,1.26788997650146
fra,1998,1.25350999832153
fra,1999,1.23907995223999
fra,2000,1.22528994083405
fra,2001,1.21747004985809
fra,2002,1.24185001850128
fra,2003,1.2490199804306
fra,2004,1.24704003334045
fra,2005,1.25495994091034
fra,2006,1.25950002670288
fra,2007,1.26183998584747
fra,2008,1.26030004024506
fra,2009,1.2647500038147
fra,2010,1.2537499666214
fra,2011,1.24960994720459
fra,2012,1.24399995803833
fra,2013,1.22101998329163
fra,2014,1.22174000740051
fsm,1979,0.470209985971451
fsm,1980,0.564390003681183
fsm,1981,0.326519995927811
fsm,1982,0.879469990730286
gab,1971,0.178090006113052
gab,1972,0.162169992923737
gab,1973,0.215990006923676
gab,1976,0.251599997282028
gab,1977,0.215299993753433
gab,1978,0.229389995336533
gab,1979,0.288960009813309
gab,1980,0.282759994268417
gab,1983,0.339289993047714
gab,1984,0.365640014410019
gab,1987,0.395810008049011
gab,1988,0.418300002813339
gab,1989,0.437990009784698
gab,1990,0.42645999789238
gab,1999,0.562269985675812
gab,2001,0.681389987468719
gab,2003,0.585609972476959
gbr,1971,0.509360015392303
gbr,1972,0.522620022296906
gbr,1973,0.545350015163422
gbr,1974,0.570559978485107
gbr,1975,0.58228999376297
gbr,1976,0.585569977760315
gbr,1977,0.582140028476715
gbr,1978,0.577080011367798
gbr,1979,0.579410016536713
gbr,1980,0.597549974918365
gbr,1981,0.600300014019012
gbr,1982,0.616789996623993
gbr,1983,0.815500020980835
gbr,1984,0.824469983577728
gbr,1985,0.835749983787537
gbr,1986,0.859409987926483
gbr,1987,0.882080018520355
gbr,1988,0.89205002784729
gbr,1989,0.900960028171539
gbr,1990,0.933300018310547
gbr,1991,0.958580017089844
gbr,1992,0.978950023651123
gbr,1993,1.01161003112793
gbr,1994,1.02877998352051
gbr,1995,1.06386005878448
gbr,1996,1.04106998443604
gbr,1997,1.09209001064301
gbr,1998,1.11603999137878
gbr,1999,1.13592004776001
gbr,2000,1.18383002281189
gbr,2001,1.21680998802185
gbr,2002,1.22763001918793
gbr,2003,1.26172995567322
gbr,2004,1.32550001144409
gbr,2005,1.33991003036499
gbr,2006,1.3541100025177
gbr,2007,1.35203003883362
gbr,2008,1.35439002513885
gbr,2009,1.34147000312805
gbr,2010,1.31947004795074
gbr,2011,1.30648994445801
gbr,2012,1.30347001552582
gbr,2013,1.29609000682831
gbr,2014,1.29133999347687
geo,1981,0.875379979610443
geo,1991,0.912779986858368
geo,1995,1.32441997528076
geo,1996,1.12943005561829
geo,1997,1.04843997955322
geo,1999,1.06647002696991
geo,2000,0.946539998054504
geo,2001,0.935549974441528
geo,2002,0.970459997653961
geo,2003,0.93367999792099
geo,2004,1.00153994560242
geo,2005,1.00808000564575
geo,2006,1.09932994842529
geo,2007,1.09270000457764
geo,2008,1.2027200460434
geo,2009,1.23583996295929
geo,2010,1.25785994529724
geo,2011,1.20313000679016
geo,2012,1.28620004653931
geo,2013,1.29080998897552
geo,2014,1.26128995418549
gha,1971,0.177239999175072
gha,1972,0.169009998440742
gha,1973,0.181150004267693
gha,1974,0.205789998173714
gha,1975,0.271679997444153
gha,1976,0.198970004916191
gha,1982,0.273019999265671
gha,1991,0.305610001087189
gha,1992,0.310770004987717
gha,1993,0.244810000061989
gha,1994,0.304659992456436
gha,2005,0.537630021572113
gha,2006,0.506630003452301
gha,2007,0.518369972705841
gha,2008,0.428579986095428
gha,2009,0.592790007591248
gha,2011,0.591740012168884
gha,2012,0.611159980297089
gha,2013,0.630670011043549
gha,2014,0.667609989643097
gin,1971,0.0876900032162666
gin,1975,0.143140003085136
gin,1976,0.216490000486374
gin,1977,0.237479999661446
gin,1978,0.236680001020432
gin,1981,0.234019994735718
gin,1982,0.271950006484985
gin,1983,0.276849985122681
gin,1985,0.341870009899139
gin,1986,0.166679993271828
gin,1987,0.157030001282692
gin,1988,0.131520003080368
gin,1989,0.112810000777245
gin,1990,0.0896399989724159
gin,1991,0.0693299993872643
gin,1992,0.068000003695488
gin,1993,0.0742999985814095
gin,1994,0.0670699998736382
gin,1996,0.0959099978208542
gin,1997,0.12041000276804
gin,1998,0.133019998669624
gin,2004,0.180439993739128
gin,2005,0.231380000710487
gin,2006,0.264820009469986
gin,2007,0.32684001326561
gin,2008,0.321110010147095
gin,2009,0.324869990348816
gin,2010,0.319270014762878
gin,2011,0.341870009899139
gin,2012,0.369769990444183
gin,2013,0.439009994268417
gin,2014,0.440360009670258
gmb,1995,0.541310012340546
gmb,1999,0.270410001277924
gmb,2004,0.221819996833801
gmb,2010,0.637849986553192
gmb,2011,0.567449986934662
gmb,2012,0.602400004863739
gnb,1989,0.0623000003397465
gnq,1982,0.111170001327991
gnq,1991,0.147349998354912
gnq,2000,0.447230011224747
grc,1971,0.493849992752075
grc,1972,0.513849973678589
grc,1973,0.565010011196136
grc,1974,0.594139993190765
grc,1975,0.60359001159668
grc,1976,0.647469997406006
grc,1977,0.654720008373261
grc,1978,0.635959982872009
grc,1979,0.669939994812012
grc,1980,0.676060020923615
grc,1981,0.743170022964478
grc,1982,0.789359986782074
grc,1983,0.850759983062744
grc,1984,0.969250023365021
grc,1985,1.02183997631073
grc,1986,1.05087995529175
grc,1987,1.0507800579071
grc,1988,1.02838003635406
grc,1989,1.01194000244141
grc,1990,1.0334700345993
grc,1992,1.00585997104645
grc,1993,1.03859996795654
grc,1994,0.939949989318848
grc,1995,1.05572998523712
grc,1996,1.01494002342224
grc,1997,1.00020003318787
grc,1998,1.09373998641968
grc,1999,1.09582996368408
grc,2000,1.09800004959106
grc,2001,1.15471005439758
grc,2002,1.15804004669189
grc,2003,1.14084005355835
grc,2004,1.17211997509003
grc,2005,1.1345499753952
grc,2006,1.12197995185852
grc,2007,1.10026001930237
grc,2010,1.08246004581451
grc,2011,1.05322003364563
grc,2012,1.04498994350433
grc,2013,1.02618002891541
grd,1979,0.965179979801178
grd,1980,1.43787002563477
grd,1982,1.54071998596191
grd,1983,0.94760000705719
grd,1984,1.20408999919891
grd,2009,1.35740995407104
gtm,1970,0.233989998698235
gtm,1971,0.260230004787445
gtm,1972,0.278979986906052
gtm,1973,0.291700005531311
gtm,1974,0.279229998588562
gtm,1975,0.304049998521805
gtm,1976,0.327120006084442
gtm,1977,0.342830002307892
gtm,1978,0.37593999505043
gtm,2002,0.735589981079102
gtm,2007,1.02160000801086
gtm,2013,1.06243002414703
guy,1971,0.237849995493889
guy,1972,0.29135000705719
guy,1973,0.33474999666214
guy,1976,0.532989978790283
guy,1979,0.79186999797821
guy,1980,0.701870024204254
guy,1981,0.751230001449585
guy,1982,0.787989974021912
guy,1983,0.678659975528717
guy,1984,0.885169982910156
guy,1985,0.910489976406097
guy,1986,0.856299996376038
guy,1988,0.73539000749588
guy,1990,0.715219974517822
guy,1994,0.774410009384155
guy,1995,0.834590017795563
guy,1996,0.782069981098175
guy,1997,0.916939973831177
guy,2004,1.83246004581451
guy,2005,2.03085994720459
guy,2006,2.106369972229
guy,2007,2.13379001617432
guy,2008,1.42418003082275
guy,2009,2.15121006965637
guy,2010,2.5376501083374
guy,2011,2.35630011558533
guy,2012,2.03288006782532
hic,1970,0.665069997310638
hic,1971,0.665620028972626
hic,1972,0.681100010871887
hic,1973,0.717320024967194
hic,1974,0.741540014743805
hic,1975,0.763970017433167
hic,1976,0.76910001039505
hic,1977,0.80825001001358
hic,1978,0.828549981117249
hic,1979,0.8471599817276
hic,1980,0.862280011177063
hic,1981,0.878709971904755
hic,1982,0.888019979000092
hic,1983,0.894810020923615
hic,1984,0.904470026493073
hic,1985,0.917550027370453
hic,1986,0.929509997367859
hic,1987,0.948230028152466
hic,1988,0.971909999847412
hic,1989,0.993489980697632
hic,1990,1.03017997741699
hic,1991,1.04100000858307
hic,1992,1.06754004955292
hic,1993,1.07556998729706
hic,1994,1.08327996730804
hic,1995,1.10318994522095
hic,1996,1.1114000082016
hic,1997,1.12600004673004
hic,1998,1.13486003875732
hic,1999,1.1387699842453
hic,2000,1.13368999958038
hic,2001,1.14271998405457
hic,2002,1.16662001609802
hic,2003,1.18221998214722
hic,2004,1.19807004928589
hic,2005,1.20631003379822
hic,2006,1.21777999401093
hic,2007,1.22484004497528
hic,2008,1.230260014534
hic,2009,1.23345994949341
hic,2010,1.23492002487183
hic,2011,1.2299599647522
hic,2012,1.23141002655029
hic,2013,1.21543002128601
hic,2014,1.20948004722595
hkg,1971,0.473329991102219
hkg,1972,0.428279995918274
hkg,1973,0.424109995365143
hkg,1974,0.395559996366501
hkg,1975,0.403479993343353
hkg,1976,0.372090011835098
hkg,1977,0.416370004415512
hkg,1979,0.479200005531311
hkg,1980,0.500509977340698
hkg,1982,0.541909992694855
hkg,1983,0.563269972801209
hkg,1984,0.570510029792786
hkg,1992,0.695860028266907
hkg,1993,0.734910011291504
hkg,1994,0.75857001543045
hkg,2003,0.956709980964661
hkg,2004,0.971170008182526
hkg,2005,0.956019997596741
hkg,2006,0.93997997045517
hkg,2007,0.948989987373352
hkg,2008,0.958230018615723
hkg,2009,0.95032000541687
hkg,2010,0.987100005149841
hkg,2011,1.02849996089935
hkg,2012,1.0333000421524
hkg,2013,1.09704995155334
hkg,2014,1.12788999080658
hnd,1974,0.489969998598099
hnd,1975,0.51800000667572
hnd,1976,0.484950006008148
hnd,1977,0.582870006561279
hnd,1978,0.587769985198975
hnd,1980,0.608200013637543
hnd,1988,0.626460015773773
hnd,1989,0.645139992237091
hnd,1990,0.754700005054474
hnd,1991,0.788950026035309
hnd,1992,0.751349985599518
hnd,1993,0.799910008907318
hnd,1994,0.776369988918304
hnd,1999,1.2524299621582
hnd,2000,1.27208995819092
hnd,2003,1.38767004013062
hnd,2004,1.41434001922607
hnd,2008,1.47999000549316
hnd,2010,1.13926994800568
hnd,2012,1.38018000125885
hnd,2013,1.34477996826172
hnd,2014,1.32035005092621
hpc,1970,0.687460005283356
hpc,1971,0.677049994468689
hpc,1972,0.645810008049011
hpc,1973,0.627950012683868
hpc,1974,0.613370001316071
hpc,1975,0.59400999546051
hpc,1976,0.575770020484924
hpc,1977,0.577549993991852
hpc,1978,0.553049981594086
hpc,1979,0.541419982910156
hpc,1980,0.543340027332306
hpc,1981,0.541710019111633
hpc,1982,0.544189989566803
hpc,1983,0.541410028934479
hpc,1984,0.542230010032654
hpc,1985,0.54694002866745
hpc,1986,0.53658002614975
hpc,1987,0.539120018482208
hpc,1988,0.539349973201752
hpc,1989,0.538969993591309
hpc,1990,0.542779982089996
hpc,1991,0.535839974880219
hpc,1992,0.538349986076355
hpc,1993,0.537400007247925
hpc,1994,0.541740000247955
hpc,1995,0.543519973754883
hpc,1996,0.549600005149841
hpc,1997,0.556800007820129
hpc,1998,0.570150017738342
hpc,1999,0.578180015087128
hpc,2000,0.590059995651245
hpc,2001,0.591340005397797
hpc,2002,0.614160001277924
hpc,2003,0.60453999042511
hpc,2004,0.602370023727417
hpc,2005,0.607179999351501
hpc,2006,0.614780008792877
hpc,2007,0.616680026054382
hpc,2008,0.600669980049133
hpc,2009,0.605109989643097
hpc,2010,0.600790023803711
hpc,2011,0.60316002368927
hpc,2012,0.621089994907379
hpc,2013,0.617900013923645
hpc,2014,0.614069998264313
hrv,1993,0.965390026569366
hrv,1994,0.952579975128174
hrv,1995,1.01304996013641
hrv,1996,1.00443005561829
hrv,1997,1.08545994758606
hrv,1998,1.06014001369476
hrv,1999,1.16768002510071
hrv,2000,1.15824997425079
hrv,2001,1.14407002925873
hrv,2002,1.14221000671387
hrv,2003,1.17590999603271
hrv,2004,1.20516002178192
hrv,2005,1.20831000804901
hrv,2006,1.22412002086639
hrv,2007,1.22289001941681
hrv,2008,1.25169003009796
hrv,2009,1.27585995197296
hrv,2010,1.34336996078491
hrv,2011,1.39976000785828
hrv,2012,1.36468994617462
hrv,2014,1.37320995330811
hti,1976,0.301660001277924
hti,1977,0.304120004177094
hti,1978,0.254429996013641
hti,1979,0.298299998044968
hti,1981,0.425529986619949
hti,1984,0.49575001001358
hti,1986,0.33882001042366
hun,1971,0.774110019207001
hun,1972,0.824679970741272
hun,1973,0.879190027713776
hun,1974,0.89776998758316
hun,1975,0.932860016822815
hun,1976,0.973299980163574
hun,1977,1.03825998306274
hun,1978,1.06584000587463
hun,1979,1.05361998081207
hun,1980,1.04800999164581
hun,1981,1.03358995914459
hun,1982,1.08840000629425
hun,1983,1.11384999752045
hun,1984,1.16974997520447
hun,1985,1.17885005474091
hun,1986,1.20527005195618
hun,1987,1.20764994621277
hun,1988,1.19527995586395
hun,1989,1.18973004817963
hun,1990,1.08221995830536
hun,1991,1.06014001369476
hun,1992,1.05616998672485
hun,1993,1.07129001617432
hun,1994,1.12059998512268
hun,1995,1.12812995910645
hun,1996,1.18698000907898
hun,1997,1.18902003765106
hun,1998,1.22906005382538
hun,1999,1.23315000534058
hun,2000,1.21907997131348
hun,2001,1.26230001449585
hun,2002,1.29148995876312
hun,2003,1.3712500333786
hun,2004,1.40237998962402
hun,2005,1.46695005893707
hun,2006,1.46214997768402
hun,2007,1.45130002498627
hun,2008,1.42657005786896
hun,2009,1.36256003379822
hun,2010,1.34899997711182
hun,2011,1.31503999233246
hun,2012,1.29401004314423
hun,2013,1.2723799943924
hun,2014,1.27944004535675
idn,1970,0.321880012750626
idn,1972,0.380380004644394
idn,1976,0.401969999074936
idn,1982,0.464549988508224
idn,1983,0.483489990234375
idn,1984,0.463710010051727
idn,1985,0.488330006599426
idn,1993,0.667909979820251
idn,1995,0.634100019931793
idn,1996,0.546429991722107
idn,1999,0.836899995803833
idn,2000,0.887430012226105
idn,2001,0.769620001316071
idn,2002,0.868799984455109
idn,2003,0.798139989376068
idn,2004,0.793900012969971
idn,2006,0.907010018825531
idn,2007,0.983699977397919
idn,2008,0.909950017929077
idn,2009,0.945299983024597
idn,2010,0.874170005321503
idn,2011,0.851230025291443
idn,2012,1.03524994850159
idn,2013,1.108029961586
idn,2014,1.11520004272461
ind,1971,0.289440006017685
ind,1973,0.293969988822937
ind,1976,0.332659989595413
ind,1977,0.35861998796463
ind,1978,0.360150009393692
ind,1979,0.380149990320206
ind,1980,0.377319991588593
ind,1981,0.389169991016388
ind,1982,0.419099986553192
ind,1983,0.418170005083084
ind,1984,0.418790012598038
ind,1985,0.449570000171661
ind,1986,0.462639987468719
ind,1987,0.459769994020462
ind,1988,0.497779995203018
ind,1989,0.504320025444031
ind,1990,0.520839989185333
ind,1991,0.535560011863709
ind,1995,0.568639993667603
ind,1996,0.609679996967316
ind,1997,0.615260004997253
ind,2000,0.655539989471436
ind,2001,0.680719971656799
ind,2002,0.693880021572113
ind,2003,0.67536997795105
ind,2004,0.668600022792816
ind,2005,0.703859984874725
ind,2006,0.718739986419678
ind,2007,0.695749998092651
ind,2009,0.703419983386993
ind,2010,0.726119995117188
ind,2011,0.783879995346069
ind,2013,0.936029970645905
irl,1971,0.54271000623703
irl,1972,0.552590012550354
irl,1973,0.586640000343323
irl,1974,0.589659988880157
irl,1976,0.542829990386963
irl,1977,0.640100002288818
irl,1978,0.632420003414154
irl,1979,0.681940019130707
irl,1980,0.707690000534058
irl,1981,0.71451997756958
irl,1982,0.702459990978241
irl,1983,0.730300009250641
irl,1984,0.782149970531464
irl,1985,0.791639983654022
irl,1986,0.794550001621246
irl,1987,0.814079999923706
irl,1988,0.837800025939941
irl,1989,0.83363002538681
irl,1990,0.867349982261658
irl,1991,0.889959990978241
irl,1992,0.930159986019135
irl,1993,0.971090018749237
irl,1994,0.97733998298645
irl,1995,1.01830005645752
irl,1996,1.07432997226715
irl,1997,1.11697995662689
irl,1998,1.16322004795074
irl,1999,1.18452000617981
irl,2000,1.21198999881744
irl,2001,1.2506400346756
irl,2002,1.27149999141693
irl,2003,1.30314004421234
irl,2004,1.27579998970032
irl,2005,1.26260995864868
irl,2006,1.26959002017975
irl,2007,1.2653900384903
irl,2008,1.21212005615234
irl,2009,1.19033002853394
irl,2010,1.11900997161865
irl,2011,1.08938002586365
irl,2012,1.06221997737885
irl,2013,1.05217003822327
irn,1971,0.360709995031357
irn,1972,0.452320009469986
irn,1973,0.459969997406006
irn,1974,0.446949988603592
irn,1975,0.429650008678436
irn,1976,0.421059995889664
irn,1977,0.457630008459091
irn,1978,0.493849992752075
irn,1996,0.582910001277924
irn,1999,0.785430014133453
irn,2000,0.851549983024597
irn,2001,0.93383002281189
irn,2002,0.994449973106384
irn,2003,1.05929005146027
irn,2004,1.0801899433136
irn,2005,1.05815005302429
irn,2006,1.07799994945526
irn,2007,1.11210000514984
irn,2008,1.13397002220154
irn,2009,1.04812002182007
irn,2010,0.988009989261627
irn,2011,0.998070001602173
irn,2012,0.972580015659332
irn,2013,0.899590015411377
irn,2014,0.871810019016266
irq,1971,0.307119995355606
irq,1972,0.292140007019043
irq,1973,0.276760011911392
irq,1974,0.349469989538193
irq,1975,0.431389987468719
irq,1976,0.5105100274086
irq,1977,0.492159992456436
irq,1978,0.504149973392487
irq,1979,0.501569986343384
irq,1980,0.467370003461838
irq,1981,0.488370001316071
irq,1982,0.465110003948212
irq,1983,0.474469989538193
irq,1984,0.48105001449585
irq,1985,0.412319988012314
irq,1986,0.57261997461319
irq,1987,0.64096999168396
irq,1988,0.660279989242554
irq,1989,0.619279980659485
irq,1999,0.542050004005432
irq,2000,0.539070010185242
irq,2002,0.541130006313324
irq,2004,0.597360014915466
irq,2005,0.598730027675629
isl,1971,0.356700003147125
isl,1972,0.391409993171692
isl,1973,0.444810003042221
isl,1974,0.472609996795654
isl,1975,0.547150015830994
isl,1976,0.625639975070953
isl,1977,0.675209999084473
isl,1978,0.739889979362488
isl,1981,1.05241000652313
isl,1983,1.07991003990173
isl,1984,1.11863005161285
isl,1986,1.28726005554199
isl,1989,1.30976998806
isl,1990,1.31808996200562
isl,1991,1.38708996772766
isl,1992,1.45346999168396
isl,1993,1.39781999588013
isl,1994,1.4201500415802
isl,1995,1.40178000926971
isl,1996,1.47799003124237
isl,1997,1.46035003662109
isl,1998,1.54797995090485
isl,1999,1.69676005840302
isl,2000,1.66182005405426
isl,2001,1.71116995811462
isl,2002,1.76116001605988
isl,2003,1.79761004447937
isl,2004,1.86988997459412
isl,2005,1.90437996387482
isl,2006,1.86048996448517
isl,2007,1.85116004943848
isl,2008,1.88207995891571
isl,2009,1.87713003158569
isl,2010,1.81325995922089
isl,2011,1.72526001930237
isl,2012,1.73851001262665
isr,1971,0.847410023212433
isr,1973,0.863889992237091
isr,1975,0.876749992370605
isr,1977,0.892300009727478
isr,1978,0.914059996604919
isr,1979,0.921410024166107
isr,1980,0.945450007915497
isr,1981,1.09693002700806
isr,1982,0.894289970397949
isr,1983,0.906189978122711
isr,1984,0.934409976005554
isr,1986,0.935699999332428
isr,1987,0.907060027122498
isr,1988,0.936190009117126
isr,1989,0.94582998752594
isr,1990,0.975610017776489
isr,1991,1.00832998752594
isr,1993,1.09335005283356
isr,1998,1.3482700586319
isr,1999,1.35029995441437
isr,2000,1.42756998538971
isr,2001,1.39657998085022
isr,2002,1.3157000541687
isr,2003,1.28553998470306
isr,2004,1.28916001319885
isr,2005,1.3019700050354
isr,2006,1.24418997764587
isr,2007,1.28380000591278
isr,2008,1.26988005638123
isr,2009,1.27260005474091
isr,2011,1.28750002384186
isr,2012,1.28114998340607
isr,2013,1.30288994312286
isr,2014,1.29982995986938
ita,1971,0.61710000038147
ita,1972,0.602450013160706
ita,1973,0.633859992027283
ita,1974,0.659179985523224
ita,1975,0.658219993114471
ita,1976,0.651679992675781
ita,1977,0.667150020599365
ita,1978,0.694620013237
ita,1979,0.716040015220642
ita,1980,0.747820019721985
ita,1981,0.758790016174316
ita,1983,0.810519993305206
ita,1984,0.827380001544952
ita,1985,0.852840006351471
ita,1986,0.88239997625351
ita,1987,0.90693998336792
ita,1988,0.924470007419586
ita,1989,0.944069981575012
ita,1990,0.961489975452423
ita,1991,0.938530027866364
ita,1992,1.01612997055054
ita,1993,1.05813002586365
ita,1994,1.09848999977112
ita,1995,1.14128994941711
ita,1996,1.16319000720978
ita,1997,1.21328997612
ita,1998,1.33385002613068
ita,1999,1.27754998207092
ita,2000,1.29458999633789
ita,2001,1.32361996173859
ita,2002,1.34393000602722
ita,2003,1.3487800359726
ita,2004,1.35046005249023
ita,2005,1.3738499879837
ita,2006,1.39981997013092
ita,2007,1.41493999958038
ita,2008,1.4229199886322
ita,2009,1.43467998504639
ita,2010,1.42843997478485
ita,2011,1.42836999893188
ita,2012,1.41974997520447
ita,2013,1.38977003097534
jam,1971,0.679889976978302
jam,1972,0.632089972496033
jam,1973,0.613929986953735
jam,1974,0.613340020179749
jam,2000,1.83142995834351
jam,2001,1.97707998752594
jam,2002,2.17114996910095
jam,2008,2.31326007843018
jam,2009,2.33554005622864
jam,2010,2.30690002441406
jam,2011,2.3320300579071
jam,2012,2.05273008346558
jam,2013,2.28274989128113
jor,1971,0.500789999961853
jor,1972,0.540430009365082
jor,1973,0.539969980716705
jor,1974,0.550790011882782
jor,1975,0.576520025730133
jor,1976,0.569549977779388
jor,1977,0.604740023612976
jor,1978,0.665279984474182
jor,1979,0.782209992408752
jor,1980,0.877919971942902
jor,1981,0.990100026130676
jor,1982,0.796180009841919
jor,1983,0.856710016727448
jor,1984,0.89122998714447
jor,1985,0.955640017986298
jor,1986,0.998350024223328
jor,1987,1.13422000408173
jor,1988,1.24767005443573
jor,1989,1.2051899433136
jor,1990,1.28867995738983
jor,1991,1.12565004825592
jor,1992,1.10971999168396
jor,1993,1.11889004707336
jor,1994,1.05891001224518
jor,1996,0.953140020370483
jor,1997,0.97460001707077
jor,2000,1.15471005439758
jor,2002,1.03908002376556
jor,2003,1.12811005115509
jor,2004,1.13304996490479
jor,2005,1.08791995048523
jor,2006,1.14500999450684
jor,2007,1.12542998790741
jor,2008,1.12448000907898
jor,2009,1.11995995044708
jor,2010,1.15393996238708
jor,2011,1.17973005771637
jor,2012,1.17648994922638
jpn,1971,0.391959995031357
jpn,1972,0.393590003252029
jpn,1973,0.416060000658035
jpn,1974,0.436450004577637
jpn,1975,0.464599996805191
jpn,1976,0.48675000667572
jpn,1977,0.508109986782074
jpn,1978,0.494210004806519
jpn,1979,0.501810014247894
jpn,1980,0.498600006103516
jpn,1981,0.502330005168915
jpn,1982,0.507189989089966
jpn,1983,0.518060028553009
jpn,1984,0.527849972248077
jpn,1985,0.543709993362427
jpn,1986,0.557550013065338
jpn,1987,0.582989990711212
jpn,1988,0.614790022373199
jpn,1989,0.631560027599335
jpn,1990,0.650720000267029
jpn,1991,0.651549994945526
jpn,1992,0.707989990711212
jpn,1994,0.810940027236938
jpn,1995,0.820510029792786
jpn,1998,0.843089997768402
jpn,1999,0.847019970417023
jpn,2000,0.854680001735687
jpn,2001,0.853999972343445
jpn,2002,0.862600028514862
jpn,2003,0.877449989318848
jpn,2004,0.887160003185272
jpn,2005,0.88866001367569
jpn,2006,0.880949974060059
jpn,2007,0.879589974880219
jpn,2008,0.885269999504089
jpn,2009,0.88740998506546
jpn,2010,0.893180012702942
jpn,2011,0.895969986915588
jpn,2012,0.902079999446869
jpn,2013,0.913110017776489
kaz,1994,1.2496600151062
kaz,1995,1.25743997097015
kaz,1996,1.23791003227234
kaz,1999,1.13347995281219
kaz,2000,1.15462005138397
kaz,2006,1.3557300567627
kaz,2010,1.26876997947693
kaz,2011,1.26175999641418
kaz,2012,1.27174997329712
kaz,2013,1.26879000663757
kaz,2014,1.24994003772736
kaz,2015,1.26893997192383
ken,1984,0.510150015354156
ken,1985,0.349940001964569
ken,1987,0.381049990653992
ken,2000,0.542439997196198
ken,2001,0.536300003528595
ken,2002,0.537169992923737
ken,2004,0.602180004119873
ken,2005,0.596689999103546
ken,2009,0.702880024909973
kgz,1993,1.33108997344971
kgz,1994,1.30028998851776
kgz,1995,1.24979996681213
kgz,1996,1.20810997486115
kgz,1997,1.2129100561142
kgz,1998,1.15873003005981
kgz,1999,1.02927005290985
kgz,2000,0.994040012359619
kgz,2001,1.02442002296448
kgz,2002,1.12218999862671
kgz,2003,1.17743003368378
kgz,2004,1.17590999603271
kgz,2005,1.23993003368378
kgz,2006,1.26984000205994
kgz,2007,1.29207003116608
kgz,2008,1.34235000610352
kgz,2009,1.32651996612549
kgz,2010,1.29772996902466
kgz,2011,1.24178004264832
kgz,2013,1.29322004318237
kgz,2014,1.30147004127502
khm,1972,0.264739990234375
khm,1973,0.242880001664162
khm,1993,0.208409994840622
khm,1994,0.203119993209839
khm,1995,0.183929994702339
khm,1996,0.181439995765686
khm,1997,0.181549996137619
khm,2000,0.319420009851456
khm,2001,0.363099992275238
khm,2002,0.39520001411438
khm,2004,0.391009986400604
khm,2005,0.455570012331009
khm,2006,0.464399993419647
khm,2007,0.489820003509521
khm,2008,0.513119995594025
khm,2009,0.560289978981018
khm,2010,0.594669997692108
khm,2011,0.615339994430542
kna,1979,2.84040999412537
kna,1980,2.24010992050171
kna,1984,2.05152988433838
kna,1985,2.66641998291016
kna,1986,0.727859973907471
kna,1987,0.644909977912903
kna,1988,0.682630002498627
kna,1992,1.17509996891022
kna,1993,1.22307002544403
kna,2008,2.09303998947144
kna,2014,1.03264999389648
kor,1971,0.327939987182617
kor,1972,0.336739987134933
kor,1973,0.357840001583099
kor,1974,0.374260008335114
kor,1975,0.388150006532669
kor,1976,0.354990005493164
kor,1977,0.347889989614487
kor,1978,0.332859992980957
kor,1979,0.323619991540909
kor,1980,0.313650012016296
kor,1982,0.362569987773895
kor,1983,0.375990003347397
kor,1984,0.417809993028641
kor,1985,0.481200009584427
kor,1986,0.45100998878479
kor,1987,0.449710011482239
kor,1988,0.451370000839233
kor,1989,0.46127000451088
kor,1990,0.476319998502731
kor,1991,0.490119993686676
kor,1992,0.515649974346161
kor,1993,0.579580008983612
kor,1994,0.565429985523224
kor,1995,0.577499985694885
kor,1996,0.579739987850189
kor,1997,0.633819997310638
kor,1998,0.59197998046875
kor,1999,0.598550021648407
kor,2000,0.614480018615723
kor,2001,0.616379976272583
kor,2002,0.627300024032593
kor,2003,0.636150002479553
kor,2004,0.64724999666214
kor,2005,0.650430023670197
kor,2006,0.657710015773773
kor,2007,0.673290014266968
kor,2008,0.691879987716675
kor,2009,0.707069993019104
kor,2010,0.721660017967224
kor,2011,0.724669992923737
kor,2012,0.734629988670349
kor,2013,0.735759973526001
kwt,1971,1.14734995365143
kwt,1972,1.1523300409317
kwt,1973,1.29606997966766
kwt,1974,1.65171003341675
kwt,1975,1.77381002902985
kwt,1976,1.54756999015808
kwt,1977,1.50381004810333
kwt,1978,1.46430003643036
kwt,1979,1.73242998123169
kwt,1980,1.73680996894836
kwt,1981,1.75196003913879
kwt,1982,1.52643001079559
kwt,1983,1.54964995384216
kwt,1984,1.33037996292114
kwt,1985,1.19868004322052
kwt,1986,1.16148996353149
kwt,1987,1.10432004928589
kwt,1988,1.00979995727539
kwt,1989,1.00501000881195
kwt,1990,1.31496000289917
kwt,1992,1.64576005935669
kwt,1993,1.83220994472504
kwt,1994,1.59760999679565
kwt,1995,1.81915998458862
kwt,1996,1.81096994876862
kwt,1997,1.96529996395111
kwt,1999,1.89978003501892
kwt,2001,1.75110995769501
kwt,2002,1.86301004886627
kwt,2003,2.03456997871399
kwt,2004,2.05771994590759
kwt,2013,1.61944997310638
lac,1970,0.872039973735809
lac,1971,0.876160025596619
lac,1972,0.868659973144531
lac,1973,0.852469980716705
lac,1974,0.839579999446869
lac,1975,0.834500014781952
lac,1976,0.828159987926483
lac,1977,0.833899974822998
lac,1978,0.842970013618469
lac,1979,0.84825998544693
lac,1980,0.859160006046295
lac,1981,0.868830025196075
lac,1982,0.880289971828461
lac,1983,0.894450008869171
lac,1984,0.898450016975403
lac,1985,0.910650014877319
lac,1986,0.917999982833862
lac,1987,0.956269979476929
lac,1988,0.95346999168396
lac,1989,0.976809978485107
lac,1990,0.998279988765717
lac,1991,1.0164999961853
lac,1992,1.0388400554657
lac,1993,1.06385004520416
lac,1994,1.08248996734619
lac,1995,1.10395002365112
lac,1996,1.1280699968338
lac,1997,1.14697003364563
lac,1998,1.14412999153137
lac,1999,1.1569299697876
lac,2000,1.16017997264862
lac,2001,1.15058994293213
lac,2002,1.1630699634552
lac,2003,1.1824699640274
lac,2004,1.18036997318268
lac,2005,1.1981999874115
lac,2006,1.21923005580902
lac,2007,1.24880003929138
lac,2008,1.25738000869751
lac,2009,1.27284002304077
lac,2010,1.27218997478485
lac,2011,1.28269004821777
lac,2012,1.28573000431061
lac,2013,1.28851997852325
lac,2014,1.28629004955292
lao,1971,0.227009996771812
lao,1972,0.23989999294281
lao,1973,0.245770007371902
lao,1974,0.248809993267059
lao,1975,0.382109999656677
lao,1980,0.352169990539551
lao,1981,0.46382999420166
lao,1982,0.477560013532639
lao,1983,0.463660001754761
lao,1985,0.535880029201508
lao,1986,0.56647002696991
lao,1988,0.594829976558685
lao,1990,0.492119997739792
lao,1993,0.427419990301132
lao,1994,0.377490013837814
lao,1995,0.405339986085892
lao,1996,0.437330007553101
lao,1997,0.441449999809265
lao,1998,0.378740012645721
lao,1999,0.455280005931854
lao,2000,0.489769995212555
lao,2001,0.567319989204407
lao,2002,0.562430024147034
lao,2003,0.544350028038025
lao,2004,0.600310027599335
lao,2005,0.675849974155426
lao,2006,0.646499991416931
lao,2007,0.689580023288727
lao,2008,0.740549981594086
lao,2009,0.757459998130798
lao,2010,0.732760012149811
lao,2011,0.701189994812012
lao,2012,0.775529980659485
lao,2013,0.837859988212585
lao,2014,0.911960005760193
lbn,1971,0.320890009403229
lbn,1972,0.344579994678497
lbn,1980,0.562300026416779
lbn,1981,0.556840002536774
lbn,1982,0.584280014038086
lbn,1983,0.575649976730347
lbn,1985,0.604879975318909
lbn,1992,0.911419987678528
lbn,1996,1.02254998683929
lbn,1999,1.06415998935699
lbn,2000,1.12786996364594
lbn,2001,1.14146995544434
lbn,2002,1.1596200466156
lbn,2003,1.17554998397827
lbn,2004,1.06192994117737
lbn,2005,1.05078995227814
lbn,2006,1.03635001182556
lbn,2007,1.06772005558014
lbn,2008,1.09262001514435
lbn,2009,1.04502999782562
lbn,2010,1.04015004634857
lbn,2011,1.00252997875214
lbn,2012,1.07512998580933
lbn,2013,1.08718001842499
lbn,2014,1.1568900346756
lbr,1970,0.270420014858246
lbr,1971,0.245440006256104
lbr,1972,0.307370007038116
lbr,1973,0.310369998216629
lbr,1975,0.275940001010895
lbr,1979,0.372860014438629
lbr,1987,0.296389997005463
lbr,1999,0.239950001239777
lbr,2000,0.553149998188019
lbr,2010,0.532930016517639
lbr,2012,0.631429970264435
lby,1971,0.129570007324219
lby,1972,0.140680000185966
lby,1973,0.161190003156662
lby,1974,0.175530001521111
lby,1975,0.195690006017685
lby,1976,0.222509995102882
lby,1977,0.254409998655319
lby,1978,0.247060000896454
lby,1979,0.27581998705864
lby,1980,0.347889989614487
lby,1981,0.362109988927841
lby,1982,0.376439988613129
lby,1983,0.379940003156662
lby,1992,0.871649980545044
lby,1999,0.991919994354248
lby,2000,0.992940008640289
lby,2001,1.05455994606018
lby,2002,1.10906994342804
lby,2003,1.10781002044678
lca,1977,1.07376003265381
lca,1978,1.03138995170593
lca,1979,1.6912499666214
lca,1980,2.07846999168396
lca,1981,1.06488001346588
lca,1982,1.48186004161835
lca,1983,0.870899975299835
lca,1984,0.961790025234222
lca,1985,0.82956999540329
lca,1987,1.20884001255035
lca,1988,1.18162000179291
lca,1993,1.48872995376587
lca,1996,2.50641989707947
lca,2004,3.38182997703552
lca,2005,2.71785998344421
lca,2006,5.30859994888306
lca,2007,2.33021998405457
lca,2008,2.15957999229431
lca,2009,2.52270007133484
lca,2010,2.51066994667053
lca,2011,1.74162995815277
lca,2012,2.11365008354187
lca,2013,1.96648001670837
lca,2014,2.04290008544922
lcn,1970,0.902440011501312
lcn,1971,0.902499973773956
lcn,1972,0.892889976501465
lcn,1973,0.878319978713989
lcn,1974,0.867529988288879
lcn,1975,0.862389981746674
lcn,1976,0.852710008621216
lcn,1977,0.857209980487823
lcn,1978,0.865419983863831
lcn,1979,0.868110001087189
lcn,1980,0.880699992179871
lcn,1981,0.888750016689301
lcn,1982,0.898100018501282
lcn,1983,0.9098100066185
lcn,1984,0.913139998912811
lcn,1985,0.924989998340607
lcn,1986,0.932259976863861
lcn,1987,0.968550026416779
lcn,1988,0.965680003166199
lcn,1989,0.987760007381439
lcn,1990,1.00834000110626
lcn,1991,1.02578997612
lcn,1992,1.04598999023438
lcn,1993,1.06947994232178
lcn,1994,1.08772003650665
lcn,1995,1.10801994800568
lcn,1996,1.12978005409241
lcn,1997,1.14832997322083
lcn,1998,1.14534997940063
lcn,1999,1.15707004070282
lcn,2000,1.16040003299713
lcn,2001,1.15125000476837
lcn,2002,1.16312003135681
lcn,2003,1.18189001083374
lcn,2004,1.17980003356934
lcn,2005,1.19498002529144
lcn,2006,1.21633994579315
lcn,2007,1.24454998970032
lcn,2008,1.25370001792908
lcn,2009,1.2695300579071
lcn,2010,1.26806998252869
lcn,2011,1.27967000007629
lcn,2012,1.28323996067047
lcn,2013,1.28383004665375
lcn,2014,1.28207004070282
ldc,1970,0.442400008440018
ldc,1971,0.433239996433258
ldc,1972,0.420789986848831
ldc,1973,0.4132199883461
ldc,1974,0.381399989128113
ldc,1975,0.394010007381439
ldc,1976,0.410899996757507
ldc,1977,0.42451000213623
ldc,1978,0.439909994602203
ldc,1979,0.409700006246567
ldc,1980,0.417840003967285
ldc,1981,0.425639986991882
ldc,1982,0.456420004367828
ldc,1983,0.421550005674362
ldc,1984,0.412149995565414
ldc,1985,0.421579986810684
ldc,1986,0.413399994373322
ldc,1987,0.44582998752594
ldc,1988,0.429300010204315
ldc,1989,0.429650008678436
ldc,1990,0.42289999127388
ldc,1991,0.423759996891022
ldc,1992,0.429720014333725
ldc,1993,0.46000000834465
ldc,1994,0.47146001458168
ldc,1995,0.487480014562607
ldc,1996,0.506079971790314
ldc,1997,0.526130020618439
ldc,1998,0.540690004825592
ldc,1999,0.568840026855469
ldc,2000,0.589879989624023
ldc,2001,0.602680027484894
ldc,2002,0.589720010757446
ldc,2003,0.577470004558563
ldc,2004,0.577440023422241
ldc,2005,0.595409989356995
ldc,2006,0.599049985408783
ldc,2007,0.595619976520538
ldc,2008,0.594370007514954
ldc,2009,0.605359971523285
ldc,2010,0.618570029735565
ldc,2011,0.630060017108917
ldc,2012,0.652029991149902
ldc,2013,0.663789987564087
ldc,2014,0.660319983959198
lic,1970,0.432379990816116
lic,1971,0.42535001039505
lic,1972,0.420709997415543
lic,1973,0.427359998226166
lic,1974,0.430500000715256
lic,1975,0.434560000896454
lic,1976,0.436069995164871
lic,1977,0.43189999461174
lic,1978,0.41499999165535
lic,1979,0.403450012207031
lic,1980,0.398649990558624
lic,1981,0.394899994134903
lic,1982,0.400709986686707
lic,1983,0.406630009412766
lic,1984,0.4098199903965
lic,1985,0.413870006799698
lic,1986,0.410100013017654
lic,1987,0.412129998207092
lic,1988,0.410650014877319
lic,1989,0.409859985113144
lic,1990,0.415850013494492
lic,1991,0.41117000579834
lic,1992,0.410710006952286
lic,1993,0.408540010452271
lic,1994,0.406040012836456
lic,1995,0.399379998445511
lic,1996,0.398519992828369
lic,1997,0.401600003242493
lic,1998,0.408760011196136
lic,1999,0.414059996604919
lic,2000,0.426059991121292
lic,2001,0.415820002555847
lic,2002,0.420819997787476
lic,2003,0.423519998788834
lic,2004,0.429769992828369
lic,2005,0.449620008468628
lic,2006,0.449090003967285
lic,2007,0.461600005626678
lic,2008,0.467839986085892
lic,2009,0.474539995193481
lic,2010,0.485320001840591
lic,2011,0.499280005693436
lic,2012,0.521870017051697
lic,2013,0.524590015411377
lic,2014,0.519420027732849
lie,2003,0.374920010566711
lie,2004,0.376239985227585
lie,2006,0.464940011501312
lie,2007,0.491310000419617
lie,2008,0.538959980010986
lie,2009,0.479209989309311
lie,2010,0.622820019721985
lie,2011,0.567110002040863
lie,2012,0.550599992275238
lie,2014,0.533209979534149
lka,1970,0.788240015506744
lka,1971,0.661539971828461
lka,1973,0.633509993553162
lka,1974,0.610400021076202
lka,1975,0.567120015621185
lka,1977,0.565959990024567
lka,1978,0.55036997795105
lka,1979,0.610689997673035
lka,1981,0.760309994220734
lka,1983,0.676429986953735
lka,1984,0.666469991207123
lka,1985,0.696219980716705
lka,1986,0.706539988517761
lka,1994,0.497860014438629
lka,2010,1.78562998771667
lka,2011,1.6991800069809
lka,2012,1.59860002994537
lka,2013,1.54684996604919
lka,2014,1.48695003986359
lmc,1970,0.60113000869751
lmc,1971,0.602739989757538
lmc,1972,0.599690020084381
lmc,1973,0.590939998626709
lmc,1974,0.586740016937256
lmc,1975,0.585650026798248
lmc,1976,0.588329970836639
lmc,1977,0.603079974651337
lmc,1978,0.608889997005463
lmc,1979,0.62296998500824
lmc,1980,0.620360016822815
lmc,1981,0.621739983558655
lmc,1982,0.642960011959076
lmc,1983,0.628549993038177
lmc,1984,0.62238997220993
lmc,1985,0.638369977474213
lmc,1986,0.631099998950958
lmc,1987,0.62923002243042
lmc,1988,0.669690012931824
lmc,1989,0.679379999637604
lmc,1990,0.688059985637665
lmc,1991,0.707059979438782
lmc,1992,0.713959991931915
lmc,1993,0.722509980201721
lmc,1994,0.724650025367737
lmc,1995,0.729960024356842
lmc,1996,0.729160010814667
lmc,1997,0.743740022182465
lmc,1998,0.759419977664948
lmc,1999,0.784179985523224
lmc,2000,0.789309978485107
lmc,2001,0.789120018482208
lmc,2002,0.821420013904572
lmc,2003,0.80852997303009
lmc,2004,0.802420020103455
lmc,2005,0.82736998796463
lmc,2006,0.854990005493164
lmc,2007,0.838710010051727
lmc,2008,0.836870014667511
lmc,2009,0.839110016822815
lmc,2010,0.840740025043488
lmc,2011,0.855400025844574
lmc,2012,0.921859979629517
lmc,2013,0.959959983825684
lmc,2014,0.969980001449585
lmy,1970,0.821539998054504
lmy,1971,0.819970011711121
lmy,1972,0.818459987640381
lmy,1973,0.811029970645905
lmy,1974,0.804480016231537
lmy,1975,0.798629999160767
lmy,1976,0.792869985103607
lmy,1977,0.799880027770996
lmy,1978,0.797410011291504
lmy,1979,0.791050016880035
lmy,1980,0.787699997425079
lmy,1981,0.773050010204315
lmy,1982,0.782939970493317
lmy,1983,0.773020029067993
lmy,1984,0.76570999622345
lmy,1985,0.763859987258911
lmy,1986,0.755110025405884
lmy,1987,0.759779989719391
lmy,1988,0.783029973506927
lmy,1989,0.792200028896332
lmy,1990,0.799130022525787
lmy,1991,0.810970008373261
lmy,1992,0.821789979934692
lmy,1993,0.831330001354218
lmy,1994,0.832949995994568
lmy,1995,0.839309990406036
lmy,1996,0.842530012130737
lmy,1997,0.854399979114532
lmy,1998,0.869400024414063
lmy,1999,0.889370024204254
lmy,2000,0.899760007858276
lmy,2001,0.904280006885529
lmy,2002,0.927600026130676
lmy,2003,0.927649974822998
lmy,2004,0.93980997800827
lmy,2005,0.95728999376297
lmy,2006,0.97886997461319
lmy,2007,0.984950006008148
lmy,2008,0.990350008010864
lmy,2009,0.991919994354248
lmy,2010,0.990689992904663
lmy,2011,0.993059992790222
lmy,2012,1.02272999286652
lmy,2013,1.0448100566864
lmy,2014,1.05030000209808
lso,1970,0.445039987564087
lso,1971,0.507550001144409
lso,1973,0.731540024280548
lso,1974,0.706570029258728
lso,1975,0.662569999694824
lso,1977,0.856750011444092
lso,1978,0.950789988040924
lso,1979,0.859130024909973
lso,1981,0.957189977169037
lso,1982,0.984080016613007
lso,1983,0.938539981842041
lso,1984,0.921490013599396
lso,1985,1.00806999206543
lso,1986,1.07503998279572
lso,1987,1.37883996963501
lso,1988,1.58779001235962
lso,1989,1.60572004318237
lso,1990,1.45313000679016
lso,1991,1.53323996067047
lso,1992,1.27725994586945
lso,1993,1.35006999969482
lso,1994,1.32718002796173
lso,1995,1.35347998142242
lso,1996,1.31649005413055
lso,1999,1.85915994644165
lso,2000,1.71094000339508
lso,2001,1.8300199508667
lso,2002,1.44652998447418
lso,2003,1.64260005950928
lso,2005,1.39498996734619
lso,2006,1.32714998722076
lso,2012,1.70018005371094
lso,2013,1.63189005851746
lso,2014,1.58800995349884
ltu,1981,1.28194999694824
ltu,1986,1.88580000400543
ltu,1989,0.808059990406036
ltu,1990,0.710550010204315
ltu,1992,1.35877001285553
ltu,1993,1.40602004528046
ltu,1994,1.44971001148224
ltu,1995,1.43857002258301
ltu,1996,1.50883996486664
ltu,1997,1.48770999908447
ltu,1998,1.55025005340576
ltu,1999,1.53120994567871
ltu,2000,1.52538001537323
ltu,2001,1.51936995983124
ltu,2002,1.55176997184753
ltu,2003,1.52415001392365
ltu,2004,1.52438998222351
ltu,2005,1.53340005874634
ltu,2006,1.52469003200531
ltu,2007,1.53560996055603
ltu,2008,1.52697002887726
ltu,2009,1.48276996612549
ltu,2010,1.49397003650665
ltu,2011,1.46730005741119
ltu,2012,1.44711995124817
ltu,2013,1.45521998405457
ltu,2014,1.45152997970581
lux,1971,0.744199991226196
lux,1972,0.89148998260498
lux,1973,0.879190027713776
lux,1974,0.857200026512146
lux,1975,0.873470008373261
lux,1976,0.751200020313263
lux,1977,0.736720025539398
lux,1978,0.745010018348694
lux,1979,0.768010020256042
lux,1980,0.888499975204468
lux,1981,0.541930019855499
lux,1982,0.533949971199036
lux,1983,0.468639999628067
lux,1984,0.554059982299805
lux,1985,0.519420027732849
lux,1986,0.522700011730194
lux,1987,0.44268000125885
lux,2001,1.16632997989655
lux,2003,1.19237005710602
lux,2006,1.13929998874664
lux,2008,0.972940027713776
lux,2010,1.12322998046875
lux,2012,1.14073002338409
lva,1981,1.37689995765686
lva,1982,1.36983001232147
lva,1983,1.38176000118256
lva,1984,1.44598996639252
lva,1985,1.46194994449615
lva,1986,1.6190299987793
lva,1987,1.83252000808716
lva,1988,1.68248999118805
lva,1989,1.70546996593475
lva,1990,1.41606998443604
lva,1991,1.2844899892807
lva,1992,1.19137001037598
lva,1997,1.52541995048523
lva,1998,1.471519947052
lva,1999,1.63457000255585
lva,2000,1.75666999816895
lva,2001,1.64266002178192
lva,2002,1.62103998661041
lva,2003,1.63964998722076
lva,2004,1.67208003997803
lva,2005,1.74485003948212
lva,2006,1.76311004161835
lva,2007,1.81617999076843
lva,2008,1.86408996582031
lva,2009,1.80893003940582
lva,2010,1.74281001091003
lva,2011,1.62493002414703
lva,2012,1.53139996528625
lva,2013,1.49575996398926
lva,2014,1.4141800403595
mac,1989,0.402599990367889
mac,1990,0.378930002450943
mac,1991,0.480030000209808
mac,1992,0.554220020771027
mac,1993,0.593249976634979
mac,1994,0.681079983711243
mac,1997,0.839869976043701
mac,1999,0.732219994068146
mac,2000,0.911249995231628
mac,2001,0.675159990787506
mac,2002,0.499240010976791
mac,2003,0.506319999694824
mac,2004,0.594910025596619
mac,2005,0.653259992599487
mac,2006,0.753849983215332
mac,2007,0.840889990329742
mac,2008,0.876959979534149
mac,2009,0.888670027256012
mac,2010,0.94243997335434
mac,2011,0.949970006942749
mac,2012,1.22657001018524
mac,2013,1.26645004749298
mac,2014,1.29428005218506
mar,1971,0.196209996938705
mar,1972,0.196989998221397
mar,1973,0.186660006642342
mar,1974,0.2153500020504
mar,1975,0.230749994516373
mar,1976,0.234040006995201
mar,1977,0.255510002374649
mar,1978,0.264770001173019
mar,1979,0.335550010204315
mar,1986,0.497189998626709
mar,1987,0.52156001329422
mar,1988,0.525129973888397
mar,1989,0.558309972286224
mar,1990,0.610499978065491
mar,1991,0.585240006446838
mar,1992,0.624360024929047
mar,1993,0.653930008411407
mar,1994,0.680169999599457
mar,1995,0.707480013370514
mar,1997,0.703819990158081
mar,1998,0.728429973125458
mar,1999,0.722949981689453
mar,2000,0.731909990310669
mar,2001,0.757889986038208
mar,2002,0.775720000267029
mar,2003,0.774720013141632
mar,2004,0.830879986286163
mar,2005,0.803279995918274
mar,2006,0.875959992408752
mar,2007,0.899219989776611
mar,2008,0.946370005607605
mar,2009,0.882709980010986
mar,2010,0.902329981327057
mar,2011,0.921920001506805
mar,2012,0.924040019512177
mar,2013,0.95455002784729
mar,2014,0.961920022964478
mda,1995,1.15091001987457
mda,1996,1.25492000579834
mda,1997,1.23001003265381
mda,1999,1.28980004787445
mda,2000,1.32369005680084
mda,2001,1.27458000183105
mda,2002,1.32280004024506
mda,2003,1.30410003662109
mda,2004,1.34134995937347
mda,2005,1.43981003761292
mda,2006,1.37732005119324
mda,2007,1.37507998943329
mda,2008,1.43483996391296
mda,2009,1.37121999263763
mda,2010,1.32139003276825
mda,2011,1.34124994277954
mda,2012,1.31946003437042
mda,2013,1.28798997402191
mdg,1971,0.450709998607636
mdg,1973,0.372379988431931
mdg,1976,1.06567001342773
mdg,1977,0.553520023822784
mdg,1978,0.518280029296875
mdg,1979,0.487379997968674
mdg,1986,0.618650019168854
mdg,1987,0.685599982738495
mdg,1989,0.750180006027222
mdg,1990,0.767949998378754
mdg,1991,0.810100018978119
mdg,1994,0.773289978504181
mdg,1995,0.830889999866486
mdg,1996,0.813090026378632
mdg,1997,0.81726998090744
mdg,1998,0.787710011005402
mdg,1999,0.844600021839142
mdg,2000,0.867269992828369
mdg,2001,0.839789986610413
mdg,2002,0.834770023822784
mdg,2003,0.834640026092529
mdg,2004,0.902159988880157
mdg,2005,0.855669975280762
mdg,2006,0.838469982147217
mdg,2007,0.854040026664734
mdg,2008,0.852370023727417
mdg,2009,0.864859998226166
mdg,2010,0.874819993972778
mdg,2011,0.892679989337921
mdg,2012,0.882130026817322
mdg,2013,0.900049984455109
mdv,2003,2.2841899394989
mdv,2007,1.58264994621277
mdv,2008,1.12370002269745
mea,1970,0.464489996433258
mea,1971,0.46560001373291
mea,1972,0.480650007724762
mea,1973,0.487219989299774
mea,1974,0.492249995470047
mea,1975,0.495649993419647
mea,1976,0.507170021533966
mea,1977,0.497590005397797
mea,1978,0.503470003604889
mea,1979,0.525990009307861
mea,1980,0.536319971084595
mea,1981,0.548049986362457
mea,1982,0.548860013484955
mea,1983,0.556680023670197
mea,1984,0.561129987239838
mea,1985,0.573520004749298
mea,1986,0.565779983997345
mea,1987,0.572279989719391
mea,1988,0.615639984607697
mea,1989,0.634989976882935
mea,1990,0.662339985370636
mea,1991,0.685410022735596
mea,1992,0.691739976406097
mea,1993,0.710070013999939
mea,1994,0.712490022182465
mea,1995,0.722769975662231
mea,1996,0.730030000209808
mea,1997,0.75669002532959
mea,1998,0.793020009994507
mea,1999,0.827530026435852
mea,2000,0.859170019626617
mea,2001,0.89003998041153
mea,2002,0.921829998493195
mea,2003,0.972779989242554
mea,2004,0.968469977378845
mea,2005,0.984950006008148
mea,2006,1.01411998271942
mea,2007,1.00346004962921
mea,2008,1.07415997982025
mea,2009,1.04149997234344
mea,2010,1.02730000019073
mea,2011,1.03489005565643
mea,2012,1.03565001487732
mea,2013,0.999979972839355
mea,2014,0.993690013885498
mex,1971,0.257050007581711
mex,1972,0.282029986381531
mex,1977,0.370770007371902
mex,1978,0.40200001001358
mex,1980,0.467260003089905
mex,1981,0.485989987850189
mex,1982,0.512210011482239
mex,1983,0.542699992656708
mex,1984,0.551400005817413
mex,1993,0.82218998670578
mex,1994,0.852720022201538
mex,1995,0.875850021839142
mex,1996,0.902260005474091
mex,1997,0.912660002708435
mex,1998,0.922900021076202
mex,1999,0.929220020771027
mex,2000,0.942480027675629
mex,2001,0.953079998493195
mex,2002,0.953760027885437
mex,2003,0.967530012130737
mex,2004,0.984399974346161
mex,2005,1.00049996376038
mex,2006,1.00716996192932
mex,2007,1.01382005214691
mex,2008,1.01899003982544
mex,2009,1.0215300321579
mex,2010,1.0164999961853
mex,2011,1.02508997917175
mex,2012,1.00233995914459
mex,2013,0.993520021438599
mex,2014,0.995069980621338
mhl,2002,1.28468000888824
mhl,2012,0.906499981880188
mic,1970,0.833249986171722
mic,1971,0.831309974193573
mic,1972,0.831219971179962
mic,1973,0.825399994850159
mic,1974,0.820240020751953
mic,1975,0.815620005130768
mic,1976,0.810270011425018
mic,1977,0.817799985408783
mic,1978,0.815379977226257
mic,1979,0.80826997756958
mic,1980,0.803960025310516
mic,1981,0.788089990615845
mic,1982,0.798539996147156
mic,1983,0.788230001926422
mic,1984,0.780799984931946
mic,1985,0.778980016708374
mic,1986,0.770489990711212
mic,1987,0.775330007076263
mic,1988,0.800570011138916
mic,1989,0.810590028762817
mic,1990,0.817409992218018
mic,1991,0.830330014228821
mic,1992,0.841480016708374
mic,1993,0.850989997386932
mic,1994,0.851369976997375
mic,1995,0.856989979743958
mic,1996,0.859179973602295
mic,1997,0.870949983596802
mic,1998,0.886009991168976
mic,1999,0.906229972839355
mic,2000,0.917320013046265
mic,2001,0.922569990158081
mic,2002,0.946449995040894
mic,2003,0.946200013160706
mic,2004,0.958570003509521
mic,2005,0.976300001144409
mic,2006,0.999149978160858
mic,2007,1.00636994838715
mic,2008,1.0135999917984
mic,2009,1.0173499584198
mic,2010,1.01795995235443
mic,2011,1.02068996429443
mic,2012,1.05212998390198
mic,2013,1.07555997371674
mic,2014,1.08177995681763
mkd,1989,0.994470000267029
mkd,1990,1.00627994537354
mkd,1991,1.11825001239777
mkd,1992,1.07332003116608
mkd,1993,1.11889004707336
mkd,1994,1.16755998134613
mkd,1995,1.22453999519348
mkd,1996,1.24144995212555
mkd,1997,1.24457001686096
mkd,1998,1.25102996826172
mkd,1999,1.27515995502472
mkd,2000,1.27424001693726
mkd,2001,1.31438994407654
mkd,2002,1.28707003593445
mkd,2003,1.33625996112823
mkd,2004,1.38627004623413
mkd,2005,1.37004995346069
mkd,2006,1.37197005748749
mkd,2007,1.25929999351501
mkd,2008,1.19633996486664
mkd,2009,1.18555998802185
mkd,2010,1.16958999633789
mkd,2012,1.20089995861053
mkd,2013,1.26189005374908
mli,1971,0.118689998984337
mli,1975,0.104139998555183
mli,1976,0.117449998855591
mli,1977,0.121619999408722
mli,1978,0.13798999786377
mli,1979,0.13468000292778
mli,1980,0.130510002374649
mli,1982,0.125729992985725
mli,1983,0.141479998826981
mli,1985,0.152899995446205
mli,1986,0.150609999895096
mli,1987,0.153180003166199
mli,1989,0.159160003066063
mli,1990,0.152270004153252
mli,1991,0.158950001001358
mli,1992,0.161100000143051
mli,1993,0.179159998893738
mli,1995,0.177949994802475
mli,1996,0.206169992685318
mli,1997,0.246350005269051
mli,1998,0.257699996232986
mli,1999,0.477549999952316
mli,2000,0.489060014486313
mli,2001,0.513109982013702
mli,2002,0.5139399766922
mli,2008,0.454719990491867
mli,2009,0.41143000125885
mli,2010,0.408060014247894
mli,2011,0.469660013914108
mli,2012,0.417860001325607
mlt,1972,0.413870006799698
mlt,1973,0.488059997558594
mlt,1974,0.502680003643036
mlt,1975,0.487580001354218
mlt,1976,0.585690021514893
mlt,1977,0.390500009059906
mlt,1978,0.348760008811951
mlt,1979,0.268920004367828
mlt,1980,0.35495999455452
mlt,1981,0.331200003623962
mlt,1982,0.277579993009567
mlt,1983,0.285450011491776
mlt,1984,0.351119995117188
mlt,1985,0.450509995222092
mlt,1986,0.508920013904572
mlt,1987,0.552060008049011
mlt,1988,0.599860012531281
mlt,1989,0.644609987735748
mlt,1990,0.768599987030029
mlt,1991,0.820299983024597
mlt,1992,0.923269987106323
mlt,1993,0.975759983062744
mlt,1994,1.00384998321533
mlt,1995,0.979900002479553
mlt,1996,1.04314005374908
mlt,1997,1.11618995666504
mlt,1998,1.04980003833771
mlt,1999,1.07790005207062
mlt,2000,1.17550003528595
mlt,2001,1.26691997051239
mlt,2002,1.40650999546051
mlt,2003,1.42710995674133
mlt,2004,1.39850997924805
mlt,2005,1.45114994049072
mlt,2006,1.53544998168945
mlt,2007,1.5853099822998
mlt,2008,1.7469300031662
mlt,2009,1.64209997653961
mlt,2010,1.66974997520447
mlt,2011,1.65707004070282
mlt,2012,1.54184997081757
mlt,2013,1.37741005420685
mlt,2014,1.28289997577667
mmr,1972,0.558309972286224
mmr,1973,0.605970025062561
mmr,1977,0.901799976825714
mmr,1979,0.970679998397827
mmr,1992,1.2252299785614
mmr,1993,1.33981001377106
mmr,1995,1.57958996295929
mmr,1998,1.55862998962402
mmr,2007,1.37097001075745
mmr,2011,1.34105002880096
mmr,2012,1.22540998458862
mna,1970,0.443419992923737
mna,1971,0.444950014352798
mna,1972,0.45958000421524
mna,1973,0.464850008487701
mna,1974,0.470919996500015
mna,1975,0.476889997720718
mna,1976,0.488209992647171
mna,1977,0.477319985628128
mna,1978,0.485179990530014
mna,1979,0.505760014057159
mna,1980,0.516219973564148
mna,1981,0.52454000711441
mna,1982,0.529330015182495
mna,1983,0.534619987010956
mna,1984,0.536319971084595
mna,1985,0.547810018062592
mna,1986,0.537580013275146
mna,1987,0.541459977626801
mna,1988,0.583570003509521
mna,1989,0.60045999288559
mna,1990,0.624620020389557
mna,1991,0.643519997596741
mna,1992,0.655550003051758
mna,1993,0.666260004043579
mna,1994,0.67264997959137
mna,1995,0.68080997467041
mna,1996,0.690010011196136
mna,1997,0.718980014324188
mna,1998,0.746739983558655
mna,1999,0.776560008525848
mna,2000,0.809230029582977
mna,2001,0.848029971122742
mna,2002,0.8785600066185
mna,2003,0.923409998416901
mna,2004,0.915180027484894
mna,2005,0.935440003871918
mna,2006,0.968850016593933
mna,2007,0.954509973526001
mna,2008,1.02901995182037
mna,2009,0.995679974555969
mna,2010,0.98132997751236
mna,2011,0.996290028095245
mna,2012,1.0020899772644
mna,2013,0.964330017566681
mna,2014,0.953750014305115
mne,2001,1.32840001583099
mne,2002,1.37184000015259
mne,2003,1.47034001350403
mne,2004,1.63287997245789
mne,2005,1.58218002319336
mne,2006,1.56050002574921
mne,2007,1.40472996234894
mne,2008,1.26031994819641
mne,2009,1.30341005325317
mne,2010,1.25672996044159
mng,1996,2.27379989624023
mng,1997,2.22947001457214
mng,1998,2.1424400806427
mng,1999,1.86142003536224
mng,2000,1.79251003265381
mng,2001,1.75666999816895
mng,2002,1.78314995765686
mng,2003,1.72753000259399
mng,2004,1.67665994167328
mng,2005,1.64900994300842
mng,2006,1.59101998806
mng,2007,1.57126998901367
mng,2008,1.58981001377106
mng,2009,1.56932997703552
mng,2010,1.55265998840332
mng,2011,1.5024299621582
mng,2012,1.45361995697021
mng,2013,1.424880027771
mng,2014,1.43961000442505
moz,1973,0.812139987945557
moz,1977,0.495539993047714
moz,1982,0.246199995279312
moz,1985,0.291289985179901
moz,1987,0.271070003509521
moz,1992,0.326039999723434
moz,1993,0.312889993190765
moz,1994,0.312599986791611
moz,1995,0.296000003814697
moz,1996,0.279680013656616
moz,2003,0.456759989261627
moz,2004,0.448060005903244
moz,2005,0.484849989414215
moz,2008,0.621840000152588
moz,2009,0.619480013847351
moz,2010,0.654070019721985
moz,2011,0.624029994010925
moz,2012,0.646790027618408
moz,2013,0.688180029392242
moz,2014,0.711910009384155
mrt,1978,0.111699998378754
mrt,1988,0.15183000266552
mrt,1989,0.152979999780655
mrt,1990,0.133340001106262
mrt,1991,0.170420005917549
mrt,1992,0.178790003061295
mrt,1993,0.178770005702972
mrt,1994,0.213330000638962
mrt,1995,0.211640000343323
mrt,1996,0.217999994754791
mrt,1997,0.187549993395805
mrt,1998,0.200910001993179
mrt,1999,0.216949999332428
mrt,2001,0.208489999175072
mrt,2002,0.279009997844696
mrt,2003,0.282110005617142
mrt,2004,0.320939987897873
mrt,2005,0.33458998799324
mrt,2006,0.361180007457733
mrt,2008,0.399940013885498
mrt,2009,0.393990010023117
mrt,2010,0.405779987573624
mrt,2011,0.398550003767014
mrt,2012,0.407000005245209
mrt,2013,0.462440013885498
mrt,2015,0.491290003061295
mus,1970,0.0493299998342991
mus,1971,0.229469999670982
mus,1972,0.163509994745255
mus,1973,0.190290004014969
mus,1974,0.184119999408722
mus,1975,0.157110005617142
mus,1976,0.205400004982948
mus,1977,0.332590013742447
mus,1978,0.358240008354187
mus,1979,0.37338998913765
mus,1980,0.440710008144379
mus,1981,0.412609994411469
mus,1982,0.345620006322861
mus,1983,0.437900006771088
mus,1984,0.392760008573532
mus,1985,0.600430011749268
mus,1986,0.522830009460449
mus,1987,0.645969986915588
mus,1988,0.522390007972717
mus,1989,0.541830003261566
mus,1990,0.595709979534149
mus,1991,0.730050027370453
mus,1994,0.846069991588593
mus,1995,0.99864000082016
mus,1997,0.842700004577637
mus,1999,0.79992002248764
mus,2000,0.854170024394989
mus,2001,1.24231994152069
mus,2002,0.978890001773834
mus,2003,0.922010004520416
mus,2004,0.967119991779327
mus,2005,1.03139996528625
mus,2006,1.00682997703552
mus,2007,1.17138004302979
mus,2008,1.23695003986359
mus,2009,1.19281995296478
mus,2010,1.20875000953674
mus,2011,1.30455994606018
mus,2012,1.32797002792358
mus,2013,1.22406995296478
mus,2014,1.22967004776001
mwi,1980,0.346749991178513
mwi,1981,0.37117001414299
mwi,1982,0.313259989023209
mwi,1983,0.311549991369247
mwi,1984,0.284289985895157
mwi,1985,0.288659989833832
mwi,1986,0.29899999499321
mwi,1987,0.334600001573563
mwi,1988,0.321209996938705
mwi,1989,0.245939999818802
mwi,1990,0.352530002593994
mwi,1991,0.349819988012314
mwi,1992,0.357829988002777
mwi,1993,0.313230007886887
mwi,1994,0.364499986171722
mwi,1995,0.412699997425079
mwi,1996,0.426059991121292
mwi,1999,0.377429991960526
mwi,2000,0.377739995718002
mwi,2002,0.40913999080658
mwi,2004,0.5417799949646
mwi,2005,0.540929973125458
mwi,2006,0.500370025634766
mwi,2007,0.500450015068054
mwi,2010,0.601610004901886
mwi,2011,0.636290013790131
nac,1970,0.698059976100922
nac,1971,0.698069989681244
nac,1972,0.727689981460571
nac,1973,0.77921998500824
nac,1974,0.809029996395111
nac,1975,0.840349972248077
nac,1976,0.841970026493073
nac,1977,0.914189994335175
nac,1978,0.964789986610413
nac,1979,1.00740003585815
nac,1980,1.04565000534058
nac,1981,1.07263994216919
nac,1982,1.08619999885559
nac,1983,1.07957994937897
nac,1984,1.09083998203278
nac,1985,1.11137998104095
nac,1986,1.13326001167297
nac,1987,1.15874004364014
nac,1988,1.18877995014191
nac,1989,1.21236002445221
nac,1990,1.26699995994568
nac,1991,1.27557003498077
nac,1992,1.28042995929718
nac,1993,1.27775001525879
nac,1994,1.2775000333786
nac,1995,1.29287004470825
nac,1996,1.30707001686096
nac,1997,1.32121002674103
nac,1998,1.33407998085022
nac,1999,1.33622002601624
nac,2000,1.31430995464325
nac,2001,1.32245004177094
nac,2002,1.33942997455597
nac,2003,1.35390996932983
nac,2004,1.37493002414703
nac,2005,1.38829004764557
nac,2006,1.40119004249573
nac,2007,1.3989200592041
nac,2008,1.39091002941132
nac,2009,1.38812005519867
nac,2010,1.38592994213104
nac,2011,1.37997996807098
nac,2012,1.38618004322052
nac,2013,1.3622499704361
nac,2014,1.35148000717163
nam,1991,1.75980997085571
nam,1994,1.58340001106262
nam,1995,1.54858994483948
nam,1997,1.13192999362946
nam,1998,1.14283001422882
nam,2001,0.834999978542328
nam,2002,1.35834002494812
nam,2003,1.11662995815277
nam,2005,0.855159997940063
nam,2006,0.852429986000061
nam,2008,1.26095998287201
ner,1973,0.0473599992692471
ner,1974,0.0406799986958504
ner,1975,0.110079996287823
ner,1976,0.106669999659061
ner,1977,0.160850003361702
ner,1978,0.17025999724865
ner,1979,0.17892000079155
ner,1980,0.159999996423721
ner,1981,0.172920003533363
ner,1982,0.147620007395744
ner,1983,0.135210007429123
ner,1984,0.200680002570152
ner,1985,0.170849993824959
ner,1987,0.186839997768402
ner,1989,0.171739995479584
ner,1990,0.144329994916916
ner,2003,0.311269998550415
ner,2004,0.311150014400482
ner,2005,0.338490009307861
ner,2006,0.287979990243912
ner,2007,0.327060014009476
ner,2008,0.354710012674332
ner,2009,0.352149993181229
ner,2010,0.368479996919632
ner,2011,0.379099994897842
ner,2012,0.344199985265732
nga,1985,0.356610000133514
nga,1986,0.370810002088547
nga,1987,0.404060006141663
nga,1988,0.344509989023209
nga,1989,0.328359991312027
nga,1999,0.791469991207123
nga,2003,0.696150004863739
nga,2004,0.717450022697449
nga,2005,0.717869997024536
nic,1970,0.485590010881424
nic,1971,0.485029995441437
nic,1972,0.504279971122742
nic,1973,0.527199983596802
nic,1974,0.573319971561432
nic,1975,0.525510013103485
nic,1976,0.480190008878708
nic,1977,0.549549996852875
nic,1982,0.891300022602081
nic,1983,0.834819972515106
nic,1984,0.916689991950989
nic,1985,1.30067002773285
nic,1986,1.32512998580933
nic,1987,1.21395003795624
nic,1990,1.06990003585815
nic,1991,0.960340023040771
nic,1992,0.982860028743744
nic,1995,1.05193996429443
nic,1997,1.11408996582031
nic,2002,1.11781001091003
nld,1971,0.402610003948212
nld,1972,0.411130011081696
nld,1975,0.467880010604858
nld,1976,0.504310011863709
nld,1977,0.529370009899139
nld,1978,0.553529977798462
nld,1979,0.577759981155396
nld,1980,0.641499996185303
nld,1981,0.687300026416779
nld,1982,0.729080021381378
nld,1983,0.752120018005371
nld,1984,0.755289971828461
nld,1985,0.731190025806427
nld,1986,0.724699974060059
nld,1987,0.74906998872757
nld,1988,0.781040012836456
nld,1989,0.804639995098114
nld,1990,0.819859981536865
nld,1991,0.830810010433197
nld,1992,0.866869986057281
nld,1993,0.88646000623703
nld,1994,0.891160011291504
nld,1995,0.928200006484985
nld,1996,0.939350008964539
nld,1997,0.966409981250763
nld,1998,0.983169972896576
nld,1999,1.00976002216339
nld,2000,1.03749001026154
nld,2001,1.06123995780945
nld,2002,1.07085001468658
nld,2003,1.07676005363464
nld,2004,1.06733000278473
nld,2005,1.06849002838135
nld,2006,1.07395994663239
nld,2007,1.08659994602203
nld,2008,1.0952399969101
nld,2009,1.10283005237579
nld,2010,1.10408997535706
nld,2011,1.10399997234344
nld,2012,1.09257996082306
nor,1971,0.461400002241135
nor,1972,0.479759991168976
nor,1973,0.514100015163422
nor,1974,0.549090027809143
nor,1975,0.593289971351624
nor,1976,0.636179983615875
nor,1977,0.786140024662018
nor,1978,0.821969985961914
nor,1979,0.84307998418808
nor,1980,0.907999992370605
nor,1981,0.958819985389709
nor,1982,0.989549994468689
nor,1983,0.999010026454926
nor,1984,1.02447998523712
nor,1985,1.05007004737854
nor,1986,1.13783001899719
nor,1987,1.10749995708466
nor,1988,1.20371997356415
nor,1989,1.20427000522614
nor,1990,1.21493995189667
nor,1991,1.18515002727509
nor,1992,1.19600999355316
nor,1993,1.20063996315002
nor,1994,1.20799994468689
nor,1995,1.24823999404907
nor,1996,1.27849996089935
nor,1997,1.32855999469757
nor,1998,1.3714200258255
nor,1999,1.40566003322601
nor,2000,1.45448005199432
nor,2001,1.50721001625061
nor,2002,1.5249400138855
nor,2003,1.51867997646332
nor,2004,1.50275003910065
nor,2005,1.49804997444153
nor,2006,1.50668001174927
nor,2007,1.54282999038696
nor,2008,1.58450996875763
nor,2009,1.60385000705719
nor,2010,1.58975005149841
nor,2011,1.56315994262695
nor,2012,1.55779004096985
nor,2013,1.48842000961304
nor,2014,1.43798995018005
npl,1976,0.268720000982285
npl,1977,0.291399985551834
npl,1978,0.255620002746582
npl,1983,0.258199989795685
npl,1989,0.258940011262894
npl,1990,0.308189988136292
npl,1991,0.321979999542236
npl,2000,0.373129993677139
npl,2002,0.244639992713928
npl,2003,0.295769989490509
npl,2004,0.347750008106232
npl,2005,0.52946001291275
npl,2006,0.507130026817322
npl,2008,0.595040023326874
npl,2009,0.589890003204346
npl,2010,0.607710003852844
npl,2011,0.62620997428894
npl,2013,0.820529997348785
nzl,1970,0.67984002828598
nzl,1971,0.716840028762817
nzl,1972,0.521920025348663
nzl,1973,0.52267998456955
nzl,1974,0.616439998149872
nzl,1975,0.603670001029968
nzl,1976,0.608129978179932
nzl,1979,0.679629981517792
nzl,1980,0.715279996395111
nzl,1981,0.740970015525818
nzl,1982,0.727129995822906
nzl,1983,0.743330001831055
nzl,1984,0.836759984493256
nzl,1985,0.879260003566742
nzl,1986,0.91729998588562
nzl,1987,0.939000010490417
nzl,1988,0.964420020580292
nzl,1989,1.01681995391846
nzl,1990,1.08045995235443
nzl,1991,1.12039005756378
nzl,1992,1.16349005699158
nzl,1993,1.18561995029449
nzl,1994,1.2418999671936
nzl,1995,1.25264000892639
nzl,1996,1.27945995330811
nzl,1997,1.35229003429413
nzl,1998,1.42119002342224
nzl,1999,1.40126001834869
nzl,2000,1.45387995243073
nzl,2001,1.37326002120972
nzl,2002,1.38213002681732
nzl,2003,1.36214005947113
nzl,2004,1.35762000083923
nzl,2005,1.37902998924255
nzl,2006,1.40111994743347
nzl,2007,1.38949000835419
nzl,2008,1.38652002811432
nzl,2009,1.36877000331879
nzl,2010,1.38531005382538
nzl,2011,1.37088000774384
nzl,2012,1.38538002967834
nzl,2013,1.37650001049042
nzl,2014,1.3231999874115
oed,1970,0.639119982719421
oed,1971,0.638379991054535
oed,1972,0.653729975223541
oed,1973,0.688369989395142
oed,1974,0.711290001869202
oed,1975,0.729300022125244
oed,1976,0.732900023460388
oed,1977,0.770330011844635
oed,1978,0.791289985179901
oed,1979,0.81002002954483
oed,1980,0.826839983463287
oed,1981,0.844229996204376
oed,1982,0.853760004043579
oed,1983,0.861829996109009
oed,1984,0.870519995689392
oed,1985,0.880639970302582
oed,1986,0.891589999198914
oed,1987,0.910250008106232
oed,1988,0.932380020618439
oed,1989,0.953740000724792
oed,1990,0.988080024719238
oed,1991,0.998340010643005
oed,1992,1.02579998970032
oed,1993,1.03472995758057
oed,1994,1.04489994049072
oed,1995,1.06580996513367
oed,1996,1.0714099407196
oed,1997,1.0803200006485
oed,1998,1.08925998210907
oed,1999,1.09300994873047
oed,2000,1.09086000919342
oed,2001,1.10376000404358
oed,2002,1.12530994415283
oed,2003,1.13789999485016
oed,2004,1.14837002754211
oed,2005,1.15734994411469
oed,2006,1.16657996177673
oed,2007,1.17127001285553
oed,2008,1.17639005184174
oed,2009,1.17928004264832
oed,2010,1.18087005615234
oed,2011,1.18163001537323
oed,2012,1.17796003818512
oed,2013,1.1559499502182
oed,2014,1.14910995960236
omn,1978,0.116439998149872
omn,1979,0.20108999311924
omn,1980,0.0785100013017654
omn,1982,0.0856700018048286
omn,1983,0.0399499982595444
omn,1984,0.468620002269745
omn,1985,0.730530023574829
omn,1986,0.616180002689362
omn,1987,0.66540002822876
omn,1988,0.687770009040833
omn,1989,0.891680002212524
omn,1990,0.950360000133514
omn,1991,0.974489986896515
omn,1992,1.19586002826691
omn,1993,1.22689998149872
omn,1994,1.34628999233246
omn,1995,1.19737994670868
omn,1996,1.04069995880127
omn,1997,1.00646996498108
omn,1998,0.938960015773773
omn,2003,0.718379974365234
omn,2004,1.07378995418549
omn,2005,1.03225994110107
omn,2006,1.03863000869751
omn,2007,1.19897997379303
omn,2009,1.31652998924255
omn,2010,1.54785001277924
omn,2011,1.52428996562958
pak,1971,0.287220001220703
pak,1972,0.312629997730255
pak,1973,0.310339987277985
pak,1974,0.322730004787445
pak,1975,0.343019992113113
pak,1976,0.322620004415512
pak,1977,0.362540006637573
pak,1978,0.385170012712479
pak,1979,0.372099995613098
pak,1980,0.387529999017715
pak,1986,0.373010009527206
pak,1987,0.368189990520477
pak,1988,0.387279987335205
pak,1990,0.405220001935959
pak,1992,0.268510013818741
pak,2003,0.803110003471375
pak,2004,0.787890017032623
pak,2005,0.869210004806519
pak,2006,0.84705001115799
pak,2007,0.845719993114471
pak,2008,0.844510018825531
pak,2009,0.843500018119812
pak,2011,0.920520007610321
pak,2012,0.953689992427826
pak,2013,0.977370023727417
pak,2014,1.06104004383087
pan,1970,0.755060017108917
pan,1971,0.754310011863709
pan,1972,0.777869999408722
pan,1973,1.02996003627777
pan,1974,1.06576001644135
pan,1975,1.01382005214691
pan,1976,1.07340002059937
pan,1977,1.08881998062134
pan,1978,1.16626000404358
pan,1979,1.20718002319336
pan,1980,1.24646997451782
pan,1981,1.20462000370026
pan,1982,1.25150001049042
pan,1983,1.45670998096466
pan,1984,1.31003999710083
pan,1985,1.40018999576569
pan,1987,1.54848003387451
pan,1988,1.39835000038147
pan,1994,1.50375998020172
pan,1998,1.55306005477905
pan,1999,1.60342001914978
pan,2000,1.70441997051239
pan,2001,1.72660994529724
pan,2002,1.70930004119873
pan,2003,1.60220003128052
pan,2004,1.67174005508423
pan,2005,1.63768994808197
pan,2006,1.61836004257202
pan,2007,1.59233999252319
pan,2008,1.53237998485565
pan,2009,1.52473998069763
pan,2010,1.53024995326996
pan,2011,1.54848003387451
pan,2012,1.54850995540619
pan,2013,1.49242997169495
per,1970,0.532140016555786
per,1971,0.526419997215271
per,1972,0.491780012845993
per,1973,0.485210001468658
per,1974,0.486099988222122
per,1975,0.468609988689423
per,1976,0.435990005731583
per,1980,0.541299998760223
per,2001,0.976029992103577
per,2002,1.06783998012543
per,2003,1.07044994831085
per,2004,1.02348005771637
per,2005,1.02591001987457
per,2006,1.06531000137329
per,2010,1.10141003131866
phl,1971,1.32076001167297
phl,1973,1.28515994548798
phl,1979,1.17818999290466
phl,1980,1.17835998535156
phl,1981,1.19811999797821
phl,1982,1.20139002799988
phl,1992,1.49125003814697
phl,1995,1.37426996231079
phl,1996,1.36087000370026
phl,1998,1.32586002349854
phl,1999,1.26631999015808
phl,2001,1.1005699634552
phl,2002,1.29852998256683
phl,2003,1.28183996677399
phl,2004,1.27707004547119
phl,2005,1.22923994064331
phl,2006,1.24606001377106
phl,2008,1.24514997005463
phl,2009,1.23757004737854
phl,2010,1.25108003616333
phl,2011,1.23678004741669
phl,2012,1.22678995132446
phl,2013,1.25987005233765
phl,2014,1.28163003921509
plw,2001,2.02800011634827
plw,2002,2.04175996780396
plw,2013,1.5485999584198
png,1980,0.296090006828308
png,1983,0.317350000143051
png,1984,0.307810008525848
png,1985,0.316500008106232
png,1986,0.340590000152588
png,1995,0.470070004463196
png,1996,0.675050020217896
png,1998,0.583060026168823
png,1999,0.573409974575043
pol,1971,0.926429986953735
pol,1972,0.916109979152679
pol,1973,1.01399004459381
pol,1974,1.09645998477936
pol,1975,1.17324995994568
pol,1976,1.22535002231598
pol,1977,1.28140997886658
pol,1978,1.27772998809814
pol,1979,1.2949800491333
pol,1980,1.30463004112244
pol,1981,1.31955003738403
pol,1982,1.32078003883362
pol,1983,1.28592002391815
pol,1984,1.29015004634857
pol,1985,1.29760003089905
pol,1986,1.30765998363495
pol,1987,1.31668996810913
pol,1988,1.32769000530243
pol,1989,1.319620013237
pol,1990,1.46229004859924
pol,1991,1.32095003128052
pol,1992,1.34853994846344
pol,1993,1.30148994922638
pol,1994,1.3617000579834
pol,1995,1.40859997272491
pol,1996,1.45104002952576
pol,1997,1.46135997772217
pol,1998,1.37288999557495
pol,1999,1.38372004032135
pol,2000,1.41227996349335
pol,2001,1.4433000087738
pol,2002,1.42914998531342
pol,2003,1.4328099489212
pol,2004,1.41884005069733
pol,2005,1.41701996326447
pol,2006,1.41067004203796
pol,2007,1.40894997119904
pol,2008,1.4195499420166
pol,2009,1.43764996528625
pol,2010,1.50819003582001
pol,2011,1.55708003044128
pol,2012,1.55791997909546
pol,2013,1.54516005516052
pri,2007,1.59935998916626
pri,2008,1.55692005157471
pri,2009,1.55738997459412
pri,2010,1.47738003730774
pri,2011,1.45077002048492
pri,2012,1.43415999412537
pri,2013,1.42725002765656
prk,2009,0.504270017147064
prt,1971,0.738629996776581
prt,1972,0.801739990711212
prt,1973,0.871360003948212
prt,1974,0.922900021076202
prt,1975,0.76188999414444
prt,1976,0.812810003757477
prt,1977,0.762780010700226
prt,1978,0.745989978313446
prt,1979,0.904529988765717
prt,1980,0.919309973716736
prt,1981,0.947109997272491
prt,1982,0.998080015182495
prt,1983,1.01760995388031
prt,1984,1.22421002388
prt,1985,1.13629996776581
prt,1986,1.17226004600525
prt,1987,1.07746005058289
prt,1991,1.28696000576019
prt,1992,1.56517004966736
prt,1993,1.30492997169495
prt,1994,1.34624004364014
prt,1995,1.33512997627258
prt,1996,1.32956004142761
prt,1998,1.30664002895355
prt,1999,1.30171000957489
prt,2000,1.33673000335693
prt,2001,1.36697995662689
prt,2002,1.36073005199432
prt,2003,1.34542000293732
prt,2004,1.3241800069809
prt,2005,1.30887997150421
prt,2006,1.29030001163483
prt,2007,1.2284699678421
prt,2008,1.20185005664825
prt,2009,1.18726003170013
prt,2010,1.17788994312286
prt,2011,1.17804002761841
prt,2012,1.17320001125336
prt,2013,1.14736998081207
prt,2014,1.15346002578735
pry,1970,0.731710016727448
pry,1993,0.845579981803894
pry,1996,1.23173999786377
pry,1999,1.37785005569458
pry,2000,1.36325001716614
pry,2001,1.38013994693756
pry,2002,1.40066003799438
pry,2003,1.37977004051208
pry,2004,1.31756997108459
pry,2005,1.13230001926422
pry,2007,1.35289001464844
pry,2008,1.36082005500793
pry,2009,1.42888998985291
pry,2010,1.35654997825623
pse,1996,0.798359990119934
pse,1997,0.822380006313324
pse,1998,0.825269997119904
pse,1999,0.815169990062714
pse,2000,0.897430002689362
pse,2001,0.883029997348785
pse,2002,0.903450012207031
pse,2003,0.964370012283325
pse,2004,0.968500018119812
pse,2005,1.01481997966766
pse,2006,1.15448999404907
pse,2007,1.1640499830246
pse,2008,1.17402994632721
pse,2009,1.25185000896454
pse,2010,1.28664994239807
pse,2011,1.32602000236511
pse,2012,1.36658000946045
pse,2013,1.44993996620178
pse,2014,1.50292003154755
qat,1976,3.44340991973877
qat,1977,3.23175001144409
qat,1980,3.40283989906311
qat,1981,2.97882008552551
qat,1982,2.70571994781494
qat,1983,2.76554989814758
qat,1984,3.20920991897583
qat,1985,3.08015990257263
qat,1986,2.89819002151489
qat,1987,3.25322008132935
qat,1988,3.36089992523193
qat,1989,3.31077003479004
qat,1990,3.60951995849609
qat,1991,3.45828008651733
qat,1992,4.65011978149414
qat,1993,5.16526985168457
qat,1994,5.35409021377563
qat,1995,5.50475978851318
qat,1996,5.11820983886719
qat,1997,4.25190019607544
qat,1998,3.43448996543884
qat,1999,3.0408399105072
qat,2001,3.27067995071411
qat,2002,3.68292999267578
qat,2003,4.0422101020813
qat,2004,4.09125995635986
qat,2005,3.60769009590149
qat,2006,3.68201994895935
qat,2007,4.52917003631592
qat,2008,4.84941005706787
qat,2009,5.55695009231567
qat,2010,5.21160984039307
qat,2011,4.88609981536865
qat,2012,5.54786014556885
qat,2013,5.79619979858398
qat,2014,6.1977801322937
rou,1971,0.777760028839111
rou,1972,0.778779983520508
rou,1973,0.704320013523102
rou,1974,0.82548999786377
rou,1975,0.801029980182648
rou,1976,0.841600000858307
rou,1977,0.825240015983582
rou,1978,0.823889970779419
rou,1979,0.780979990959167
rou,1980,0.7846599817276
rou,1981,0.772159993648529
rou,1982,0.77877002954483
rou,1983,0.769410014152527
rou,1984,0.795210003852844
rou,1985,0.8089200258255
rou,1986,0.849659979343414
rou,1987,0.90760999917984
rou,1988,0.927999973297119
rou,1989,0.963349997997284
rou,1990,0.975660026073456
rou,1991,0.933149993419647
rou,1992,0.890290021896362
rou,1993,0.916190028190613
rou,1994,0.913850009441376
rou,1995,0.935109972953796
rou,1996,1.06234002113342
rou,1997,1.04462003707886
rou,1998,1.04691004753113
rou,1999,1.08222997188568
rou,2000,1.11909997463226
rou,2001,1.20150995254517
rou,2002,1.24466001987457
rou,2003,1.2495299577713
rou,2004,1.27610003948212
rou,2005,1.26805996894836
rou,2006,1.30694997310638
rou,2007,1.34230995178223
rou,2008,1.35470998287201
rou,2009,1.3537700176239
rou,2010,1.36485004425049
rou,2011,1.34411001205444
rou,2012,1.26721000671387
rou,2013,1.25252997875214
rou,2014,1.2534099817276
rus,1971,1.20770001411438
rus,1981,1.30771005153656
rus,1986,1.38736999034882
rus,1991,1.22755002975464
rus,1992,1.22477996349335
rus,1993,1.2359299659729
rus,2001,1.30090999603271
rus,2002,1.35093998908997
rus,2003,1.30505001544952
rus,2004,1.36819005012512
rus,2005,1.37327003479004
rus,2006,1.36913001537323
rus,2007,1.36213004589081
rus,2008,1.3608900308609
rus,2009,1.35116004943848
rus,2011,1.33683001995087
rus,2012,1.27393996715546
rus,2013,1.240110039711
rus,2014,1.20510005950928
rwa,1971,0.101439997553825
rwa,1973,0.116470001637936
rwa,1974,0.176919996738434
rwa,1975,0.137270003557205
rwa,1977,0.0951400026679039
rwa,1978,0.0957299992442131
rwa,1980,0.0976999998092651
rwa,1981,0.105290003120899
rwa,1984,0.150299996137619
rwa,1985,0.163939997553825
rwa,1986,0.151850000023842
rwa,1987,0.183579996228218
rwa,1988,0.213510006666183
rwa,1989,0.247549995779991
rwa,1990,0.225480005145073
rwa,2001,0.467779994010925
rwa,2002,0.469240009784698
rwa,2003,0.517639994621277
rwa,2004,0.568669974803925
rwa,2009,0.770179986953735
rwa,2010,0.78057998418808
rwa,2011,0.751900017261505
rwa,2012,0.717499971389771
rwa,2013,0.735949993133545
sas,1970,0.280349999666214
sas,1971,0.279790014028549
sas,1972,0.282400012016296
sas,1973,0.283840000629425
sas,1974,0.292279988527298
sas,1975,0.306109994649887
sas,1976,0.318809986114502
sas,1977,0.343300014734268
sas,1978,0.347389996051788
sas,1979,0.360680013895035
sas,1980,0.359539985656738
sas,1981,0.371030002832413
sas,1982,0.403569996356964
sas,1983,0.396530002355576
sas,1984,0.395319998264313
sas,1985,0.421240001916885
sas,1986,0.431629985570908
sas,1987,0.431340008974075
sas,1988,0.458409994840622
sas,1989,0.466199994087219
sas,1990,0.480019986629486
sas,1991,0.490900009870529
sas,1992,0.497040003538132
sas,1993,0.506429970264435
sas,1994,0.516550004482269
sas,1995,0.528330028057098
sas,1996,0.570060014724731
sas,1997,0.582180023193359
sas,1998,0.602450013160706
sas,1999,0.62185001373291
sas,2000,0.637780010700226
sas,2001,0.662840008735657
sas,2002,0.672399997711182
sas,2003,0.660629987716675
sas,2004,0.65693998336792
sas,2005,0.698369979858398
sas,2006,0.710950016975403
sas,2007,0.692089974880219
sas,2008,0.6944699883461
sas,2009,0.701170027256012
sas,2010,0.726610004901886
sas,2011,0.778900027275085
sas,2012,0.862489998340607
sas,2013,0.913829982280731
sas,2014,0.916549980640411
sau,1971,0.094140000641346
sau,1972,0.12194000184536
sau,1973,0.144659996032715
sau,1974,0.165020003914833
sau,1975,0.19242000579834
sau,1976,0.281720012426376
sau,1977,0.322140008211136
sau,1978,0.311870008707047
sau,1979,0.357899993658066
sau,1980,0.388009995222092
sau,1981,0.446610003709793
sau,1982,0.489829987287521
sau,1983,0.538569986820221
sau,1984,0.62049001455307
sau,1985,0.659269988536835
sau,1986,0.723489999771118
sau,1987,0.798290014266968
sau,1991,1.07298004627228
sau,1992,0.870260000228882
sau,1993,1.04896998405457
sau,1994,0.940240025520325
sau,1995,0.959129989147186
sau,1996,0.946990013122559
sau,1997,0.913129985332489
sau,1998,1.13912999629974
sau,1999,1.22399997711182
sau,2000,1.25945997238159
sau,2001,1.16588997840881
sau,2002,1.21080994606018
sau,2003,1.34101998806
sau,2004,1.37267994880676
sau,2005,1.34365999698639
sau,2006,1.35580003261566
sau,2007,1.31614995002747
sau,2008,1.35596001148224
sau,2009,1.29524004459381
sau,2010,1.25576996803284
sau,2011,1.16956996917725
sau,2012,1.07752001285553
sau,2013,1.01136004924774
sau,2014,1.02462995052338
sdn,1999,1.12451004981995
sdn,2000,1.23083996772766
sdn,2001,1.15552997589111
sdn,2002,1.18114995956421
sdn,2003,1.15551996231079
sdn,2004,1.13092005252838
sdn,2005,1.1287499666214
sdn,2006,1.19143998622894
sdn,2007,1.19129002094269
sdn,2008,1.09740996360779
sdn,2009,1.14111995697021
sdn,2010,1.17901003360748
sdn,2011,1.05028998851776
sdn,2012,1.12800002098083
sdn,2013,1.11529004573822
sen,1971,0.205070003867149
sen,1972,0.194059997797012
sen,1977,0.251690000295639
sen,1978,0.238159999251366
sen,1980,0.2308100014925
sen,1981,0.225690007209778
sen,1982,0.227139994502068
sen,1984,0.254280000925064
sen,1985,0.262380003929138
sen,1992,0.321630001068115
sen,2006,0.458790004253387
sen,2007,0.525370001792908
sen,2008,0.541140019893646
sen,2009,0.581889986991882
sen,2010,0.589800000190735
sgp,1970,0.448460012674332
sle,1971,0.187979996204376
sle,1972,0.16236999630928
sle,1973,0.161960005760193
sle,1974,0.167590007185936
sle,1975,0.197889998555183
sle,1976,0.176009997725487
sle,1984,0.295830011367798
sle,1985,0.296739995479584
sle,2000,0.814570009708405
sle,2001,0.395440012216568
sle,2002,0.399760007858276
slv,1973,0.418339997529984
slv,1974,0.419420003890991
slv,1975,0.493140012025833
slv,1978,0.460709989070892
slv,1982,0.595189988613129
slv,1983,0.715929985046387
slv,1984,0.741079986095428
slv,1985,0.731249988079071
slv,1986,0.711700022220612
slv,1994,0.930649995803833
slv,1995,0.971419990062714
slv,1996,0.958679974079132
slv,1998,1.15731000900269
slv,1999,1.15244996547699
slv,2000,1.11186003684998
slv,2001,1.1030900478363
slv,2002,1.10000002384186
slv,2003,1.08139002323151
slv,2004,1.09762001037598
slv,2005,1.07792997360229
slv,2006,1.07842004299164
slv,2007,1.07860994338989
slv,2008,1.06902003288269
slv,2009,1.05883002281189
slv,2010,1.05322003364563
slv,2011,1.02320003509521
slv,2012,1.00797998905182
slv,2013,1.01602005958557
slv,2014,1.02781999111176
smr,2010,1.44500994682312
smr,2011,1.44199001789093
smr,2012,1.35333001613617
som,1972,0.150830000638962
som,1975,0.126929998397827
som,1976,0.117260001599789
som,1987,0.243230000138283
srb,2001,1.21057999134064
srb,2002,1.24099004268646
srb,2003,1.30525004863739
srb,2004,1.31647002696991
srb,2005,1.29797005653381
srb,2006,1.28814005851746
srb,2007,1.28893995285034
srb,2008,1.29989004135132
srb,2009,1.29421997070313
srb,2010,1.30048000812531
srb,2011,1.32339000701904
srb,2012,1.3344099521637
srb,2013,1.34036004543304
srb,2014,1.31485998630524
ssa,1970,0.669529974460602
ssa,1971,0.669799983501434
ssa,1972,0.649460017681122
ssa,1973,0.635280013084412
ssa,1974,0.623570024967194
ssa,1975,0.613390028476715
ssa,1976,0.604409992694855
ssa,1977,0.591920018196106
ssa,1978,0.574230015277863
ssa,1979,0.557190001010895
ssa,1980,0.550999999046326
ssa,1981,0.539879977703094
ssa,1982,0.536220014095306
ssa,1983,0.536740005016327
ssa,1984,0.53794002532959
ssa,1985,0.531059980392456
ssa,1986,0.531440019607544
ssa,1987,0.543009996414185
ssa,1988,0.522889971733093
ssa,1989,0.51884001493454
ssa,1990,0.515330016613007
ssa,1991,0.532249987125397
ssa,1992,0.550339996814728
ssa,1993,0.564760029315948
ssa,1994,0.597660005092621
ssa,1995,0.615840017795563
ssa,1996,0.63739001750946
ssa,1997,0.658070027828217
ssa,1998,0.683700025081635
ssa,1999,0.707599997520447
ssa,2000,0.708459973335266
ssa,2001,0.699129998683929
ssa,2002,0.702430009841919
ssa,2003,0.686479985713959
ssa,2004,0.694779992103577
ssa,2005,0.69717001914978
ssa,2006,0.701690018177032
ssa,2007,0.705200016498566
ssa,2008,0.695100009441376
ssa,2009,0.70007997751236
ssa,2010,0.693340003490448
ssa,2011,0.687839984893799
ssa,2012,0.70864999294281
ssa,2013,0.716729998588562
ssa,2014,0.713900029659271
ssf,1970,0.669860005378723
ssf,1971,0.670140027999878
ssf,1972,0.649789988994598
ssf,1973,0.635599970817566
ssf,1974,0.623870015144348
ssf,1975,0.61369001865387
ssf,1976,0.60469001531601
ssf,1977,0.592190027236938
ssf,1978,0.574490010738373
ssf,1979,0.557430028915405
ssf,1980,0.551230013370514
ssf,1981,0.540090024471283
ssf,1982,0.536409974098206
ssf,1983,0.536920011043549
ssf,1984,0.538110017776489
ssf,1985,0.531210005283356
ssf,1986,0.531579971313477
ssf,1987,0.543150007724762
ssf,1988,0.523010015487671
ssf,1989,0.51894998550415
ssf,1990,0.515429973602295
ssf,1991,0.532360017299652
ssf,1992,0.550440013408661
ssf,1993,0.564849972724915
ssf,1994,0.597739994525909
ssf,1995,0.615930020809174
ssf,1996,0.637470006942749
ssf,1997,0.658140003681183
ssf,1998,0.683770000934601
ssf,1999,0.707669973373413
ssf,2000,0.708519995212555
ssf,2001,0.699190020561218
ssf,2002,0.702480018138886
ssf,2003,0.686529994010925
ssf,2004,0.694819986820221
ssf,2005,0.697210013866425
ssf,2006,0.701719999313354
ssf,2007,0.705229997634888
ssf,2008,0.69514000415802
ssf,2009,0.700119972229004
ssf,2010,0.69336998462677
ssf,2011,0.687860012054443
ssf,2012,0.708660006523132
ssf,2013,0.716750025749207
ssf,2014,0.713940024375916
stp,2009,0.919920027256012
stp,2010,0.967350006103516
stp,2012,0.856100022792816
stp,2014,0.865930020809174
stp,2015,1.03410995006561
sur,1985,1.12218999862671
sur,1986,1.24454998970032
sur,1987,1.12320995330811
sur,1988,1.14191997051239
sur,1989,1.21050000190735
sur,1990,1.21774005889893
sur,2002,1.71820998191833
svk,1993,0.963680028915405
svk,1994,0.986779987812042
svk,1995,0.999960005283356
svk,1996,1.02298998832703
svk,1997,1.04799997806549
svk,1998,1.08184003829956
svk,1999,1.11239004135132
svk,2000,1.05648005008698
svk,2001,1.09608995914459
svk,2002,1.12688994407654
svk,2003,1.17569005489349
svk,2004,1.22936999797821
svk,2005,1.29507005214691
svk,2006,1.42611002922058
svk,2007,1.49800002574921
svk,2008,1.58518004417419
svk,2009,1.59563004970551
svk,2010,1.54367995262146
svk,2011,1.538409948349
svk,2012,1.53732001781464
svk,2013,1.54043996334076
svk,2014,1.54252994060516
svn,1981,1.15934002399445
svn,1982,1.17411005496979
svn,1983,1.12164998054504
svn,1984,1.03578996658325
svn,1985,1.06049001216888
svn,1986,1.12425994873047
svn,1987,1.16048002243042
svn,1988,1.17414999008179
svn,1989,1.19203996658325
svn,1990,1.21143996715546
svn,1991,1.2509800195694
svn,1992,1.12541997432709
svn,1993,1.21249997615814
svn,1994,1.26219999790192
svn,1995,1.3400000333786
svn,1996,1.35562002658844
svn,1997,1.34931004047394
svn,1998,1.29927003383636
svn,1999,1.34751999378204
svn,2000,1.35401999950409
svn,2001,1.35525000095367
svn,2002,1.43236005306244
svn,2003,1.35204994678497
svn,2004,1.38191998004913
svn,2005,1.43185997009277
svn,2006,1.46457004547119
svn,2007,1.47508001327515
svn,2008,1.4855899810791
svn,2009,1.49387001991272
svn,2010,1.50130999088287
svn,2011,1.69491994380951
svn,2012,1.48611998558044
svn,2013,1.45501005649567
svn,2014,1.45073997974396
swe,1971,0.769209980964661
swe,1972,0.744310021400452
swe,1973,0.751389980316162
swe,1974,0.858980000019073
swe,1975,0.879589974880219
swe,1976,0.70345002412796
swe,1977,0.753549993038177
swe,1978,0.822510004043579
swe,1979,0.872359991073608
swe,1980,0.869300007820129
swe,1985,1.13882994651794
swe,1986,1.14087998867035
swe,1987,1.12815999984741
swe,1988,1.14761996269226
swe,1989,1.16890001296997
swe,1990,1.18874001502991
swe,1991,1.22276997566223
swe,1992,1.23054003715515
swe,1993,1.24441003799438
swe,1994,1.2506799697876
swe,1995,1.26470005512238
swe,1996,1.28545999526978
swe,1997,1.31264996528625
swe,1998,1.33674001693726
swe,1999,1.41210997104645
swe,2000,1.45033001899719
swe,2001,1.5032000541687
swe,2002,1.50648999214172
swe,2003,1.51057994365692
swe,2004,1.50618994235992
swe,2005,1.50863003730774
swe,2006,1.50659000873566
swe,2007,1.53246998786926
swe,2008,1.56343996524811
swe,2009,1.55770003795624
swe,2010,1.51494002342224
swe,2011,1.49985003471375
swe,2012,1.54185998439789
swe,2013,1.55162000656128
swe,2014,1.5335099697113
swz,1970,0.545289993286133
swz,1972,0.368059992790222
swz,1976,0.415300011634827
swz,1977,0.573710024356842
swz,1979,0.555199980735779
swz,1980,0.585659980773926
swz,1981,0.605799973011017
swz,1990,0.638909995555878
swz,1991,0.755389988422394
swz,1992,0.639649987220764
swz,1993,0.712570011615753
swz,1996,0.982039988040924
swz,1999,0.873189985752106
swz,2000,0.899940013885498
swz,2002,1.16129004955292
swz,2004,1.08069002628326
swz,2005,1.06839001178741
swz,2006,0.987079977989197
swz,2011,1.04164004325867
swz,2013,1.05816996097565
syc,2011,3.1394898891449
syc,2012,3.305340051651
syc,2013,2.15366005897522
syc,2014,2.50240993499756
syr,1971,0.264660000801086
syr,1972,0.283239990472794
syr,1973,0.267049998044968
syr,1974,0.279819995164871
syr,1975,0.303539991378784
syr,1976,0.343259990215302
syr,1977,0.325830012559891
syr,1978,0.366719990968704
syr,1979,0.373149991035461
syr,1980,0.413170009851456
syr,1981,0.422049999237061
syr,1982,0.493519991636276
syr,1983,0.479579985141754
syr,1984,0.509490013122559
syr,1985,0.517570018768311
syr,1986,0.551339983940125
syr,1987,0.565330028533936
syr,1988,0.563180029392242
syr,1989,0.562030017375946
syr,1990,0.640860021114349
syr,1991,0.651719987392426
syr,1992,0.672500014305115
syr,1993,0.708369970321655
syr,1994,0.715969979763031
syr,1995,0.724389970302582
syr,2002,0.858900010585785
syr,2003,0.886960029602051
syr,2004,0.848160028457642
syr,2005,0.895089983940125
syr,2006,0.915310025215149
syr,2007,0.873610019683838
syr,2008,0.898679971694946
syr,2009,0.922439992427826
syr,2010,0.86378002166748
syr,2011,0.990760028362274
syr,2012,0.990069985389709
syr,2013,1.03519999980927
tcd,1973,0.024320000782609
tcd,1974,0.0800699964165688
tcd,1975,0.04245999827981
tcd,1976,0.0529499985277653
tcd,1977,0.0528599992394447
tcd,1985,0.0931100025773048
tcd,1996,0.15149000287056
tcd,1997,0.17297999560833
tcd,1998,0.161050006747246
tcd,2000,0.177799999713898
tcd,2001,0.177959993481636
tcd,2003,0.114799998700619
tcd,2004,0.144590005278587
tcd,2005,0.0646599978208542
tcd,2008,0.147459998726845
tcd,2009,0.173820003867149
tcd,2010,0.174879997968674
tcd,2011,0.23904000222683
tcd,2014,0.197410002350807
tgo,1972,0.125060006976128
tgo,1973,0.117150001227856
tgo,1974,0.145610004663467
tgo,1975,0.151429995894432
tgo,1976,0.158270001411438
tgo,1977,0.189759999513626
tgo,1978,0.238639995455742
tgo,1979,0.195519998669624
tgo,1980,0.189219996333122
tgo,1981,0.172600001096725
tgo,1982,0.170169994235039
tgo,1983,0.163359999656677
tgo,1984,0.183569997549057
tgo,1987,0.146960005164146
tgo,1988,0.139599993824959
tgo,1990,0.149460002779961
tgo,1991,0.159270003437996
tgo,1992,0.131669998168945
tgo,1993,0.134460002183914
tgo,1994,0.131779998540878
tgo,1995,0.146530002355576
tgo,1996,0.168339997529984
tgo,1998,0.196299999952316
tgo,2012,0.272579997777939
tgo,2013,0.3923299908638
tgo,2014,0.416159987449646
tha,1976,0.660589993000031
tha,1977,0.798619985580444
tha,1978,0.742299973964691
tha,1993,1.1387699842453
tha,1999,1.17383003234863
tha,2000,1.21270000934601
tha,2001,1.14750003814697
tha,2002,1.10675001144409
tha,2003,1.16189002990723
tha,2004,1.18385004997253
tha,2005,1.13028001785278
tha,2006,1.08006000518799
tha,2007,1.23276996612549
tha,2008,1.19979000091553
tha,2009,1.20790004730225
tha,2010,1.27630996704102
tha,2011,1.26542997360229
tha,2012,1.30350005626678
tha,2013,1.33912003040314
tha,2014,1.32492995262146
tjk,1999,0.433279991149902
tjk,2000,0.448159992694855
tjk,2001,0.40158998966217
tjk,2002,0.421719998121262
tjk,2003,0.439900010824203
tjk,2004,0.450100004673004
tjk,2005,0.456710010766983
tjk,2006,0.465900003910065
tjk,2007,0.495559990406036
tjk,2008,0.518710017204285
tjk,2009,0.538240015506744
tjk,2010,0.538399994373322
tjk,2011,0.533940017223358
tjk,2012,0.532260000705719
tjk,2013,0.563109993934631
tjk,2014,0.609510004520416
tjk,2015,0.669640004634857
tkm,2014,0.636399984359741
tls,2002,1.15129005908966
tls,2009,0.662989974021912
tls,2010,0.71916002035141
ton,1978,0.868359982967377
ton,1979,0.697960019111633
ton,1981,0.81156998872757
ton,1984,1.40082001686096
ton,1985,1.41705000400543
ton,1999,1.34890997409821
ton,2002,1.68093001842499
ton,2003,1.6594500541687
tto,1971,0.555000007152557
tto,1972,0.58117002248764
tto,1973,0.590049982070923
tto,1974,0.603079974651337
tto,1975,0.645879983901978
tto,1976,0.615379989147186
tto,1977,0.589879989624023
tto,1978,0.554650008678436
tto,1979,0.483929991722107
tto,1980,0.65886002779007
tto,1981,0.739239990711212
tto,1982,0.659990012645721
tto,1983,0.821730017662048
tto,1984,0.588750004768372
tto,1985,0.610710024833679
tto,1986,0.630050003528595
tto,1987,0.678160011768341
tto,1989,0.612929999828339
tto,1991,0.786249995231628
tto,1992,0.68954998254776
tto,1993,0.711870014667511
tto,1999,1.37934005260468
tto,2000,1.48800003528595
tto,2001,1.52695000171661
tto,2002,1.49375998973846
tto,2003,1.5940500497818
tto,2004,1.26464998722076
tun,1971,0.254330009222031
tun,1972,0.292950004339218
tun,1973,0.326220005750656
tun,1974,0.264990001916885
tun,1975,0.333559989929199
tun,1976,0.3542799949646
tun,1977,0.364430010318756
tun,1978,0.373580008745193
tun,1979,0.404009997844696
tun,1980,0.431829988956451
tun,1981,0.434639990329742
tun,1982,0.470440000295639
tun,1983,0.508350014686584
tun,1984,0.547569990158081
tun,1985,0.584969997406006
tun,1986,0.576099991798401
tun,1987,0.596870005130768
tun,1988,0.603020012378693
tun,1989,0.608630001544952
tun,1990,0.614019989967346
tun,1991,0.641219973564148
tun,1992,0.678990006446838
tun,1993,0.706789970397949
tun,1994,0.747420012950897
tun,1995,0.779690027236938
tun,1996,0.803640007972717
tun,1997,0.830720007419586
tun,1998,0.873030006885529
tun,1999,0.956110000610352
tun,2000,1.03329002857208
tun,2001,1.09294998645782
tun,2002,1.17360997200012
tun,2003,1.22646999359131
tun,2004,1.29864001274109
tun,2005,1.22783994674683
tun,2006,1.40081000328064
tun,2007,1.45489001274109
tun,2008,1.45641994476318
tun,2009,1.4896399974823
tun,2010,1.53170001506805
tun,2011,1.61071002483368
tun,2012,1.55809998512268
tun,2013,1.59104001522064
tun,2014,1.63988995552063
tur,1971,0.225199997425079
tur,1972,0.226610004901886
tur,1973,0.225480005145073
tur,1974,0.23633000254631
tur,1975,0.199279993772507
tur,1976,0.1807000041008
tur,1977,0.21467000246048
tur,1978,0.255129992961884
tur,1979,0.288100004196167
tur,1980,0.301230013370514
tur,1982,0.343380004167557
tur,1983,0.425449997186661
tur,1984,0.502300024032593
tur,1985,0.455440014600754
tur,1986,0.475560009479523
tur,1987,0.500379979610443
tur,1988,0.498519986867905
tur,1989,0.504260003566742
tur,1990,0.50230997800827
tur,1991,0.503069996833801
tur,1992,0.512499988079071
tur,1993,0.524720013141632
tur,1994,0.591180026531219
tur,1995,0.616659998893738
tur,1997,0.542949974536896
tur,1998,0.626909971237183
tur,1999,0.631370007991791
tur,2001,0.696900010108948
tur,2002,0.70398998260498
tur,2003,0.732060015201569
tur,2004,0.693830013275146
tur,2005,0.711189985275269
tur,2006,0.727989971637726
tur,2007,0.738550007343292
tur,2008,0.757589995861053
tur,2009,0.773429989814758
tur,2010,0.798160016536713
tur,2011,0.825760006904602
tur,2012,0.836329996585846
tur,2013,0.834360003471375
tza,1970,0.190400004386902
tza,1971,0.206119999289513
tza,1972,0.191310003399849
tza,1973,0.191589996218681
tza,1974,0.178939998149872
tza,1975,0.155949994921684
tza,1976,0.0809200033545494
tza,1977,0.101829998195171
tza,1978,0.168760001659393
tza,1979,0.203219994902611
tza,1982,0.214839994907379
tza,1983,0.2049899995327
tza,1984,0.178910002112389
tza,1985,0.169080004096031
tza,1986,0.158619999885559
tza,1987,0.143580004572868
tza,1991,0.18741999566555
tza,1992,0.193650007247925
tza,1993,0.18019999563694
tza,1994,0.20813000202179
tza,1995,0.192809998989105
tza,1996,0.211889997124672
tza,1997,0.244749993085861
tza,1998,0.253190010786057
tza,1999,0.266469985246658
tza,2000,0.303180009126663
tza,2001,0.314449995756149
tza,2002,0.332100003957748
tza,2003,0.439069986343384
tza,2004,0.405019998550415
tza,2005,0.479360014200211
tza,2010,0.780900001525879
tza,2012,0.518490016460419
tza,2013,0.511250019073486
uga,1970,0.214159995317459
uga,1971,0.254629999399185
uga,1972,0.26282000541687
uga,1974,0.231539994478226
uga,1975,0.217669993638992
uga,1976,0.243579998612404
uga,1977,0.337700009346008
uga,1979,0.320279985666275
uga,1980,0.289680004119873
uga,1981,0.294690012931824
uga,1982,0.365229994058609
uga,1985,0.301959991455078
uga,1986,0.389360010623932
uga,1988,0.392230004072189
uga,1989,0.377570003271103
uga,1990,0.392509996891022
uga,1991,0.380459994077683
uga,1992,0.400660008192062
uga,1993,0.427269995212555
uga,1994,0.463970005512238
uga,1995,0.484809994697571
uga,1996,0.498490005731583
uga,1999,0.528500020503998
uga,2000,0.513100028038025
uga,2001,0.527360022068024
uga,2002,0.62475997209549
uga,2003,0.602419972419739
uga,2004,0.624350011348724
uga,2006,0.765079975128174
uga,2008,0.798020005226135
uga,2009,0.797950029373169
uga,2010,0.788730025291443
uga,2011,0.778810024261475
ukr,1994,1.31499004364014
ukr,1998,1.10724997520447
ukr,1999,1.13133001327515
ukr,2000,1.13265001773834
ukr,2001,1.15751004219055
ukr,2002,1.17808997631073
ukr,2003,1.20270001888275
ukr,2004,1.21263003349304
ukr,2005,1.22135996818542
ukr,2006,1.22772002220154
ukr,2007,1.23255002498627
ukr,2008,1.2417299747467
ukr,2009,1.26203000545502
ukr,2010,1.24882996082306
ukr,2011,1.17630994319916
ukr,2012,1.14314997196198
ukr,2013,1.18652999401093
ukr,2014,1.14927005767822
umc,1973,1.01543998718262
umc,1974,1.00574004650116
umc,1975,0.989329993724823
umc,1976,0.975319981575012
umc,1977,0.976589977741241
umc,1978,0.973439991474152
umc,1979,0.947870016098022
umc,1980,0.944410026073456
umc,1981,0.915030002593994
umc,1982,0.909959971904755
umc,1983,0.908819973468781
umc,1984,0.905640006065369
umc,1985,0.883949995040894
umc,1986,0.869599997997284
umc,1987,0.882990002632141
umc,1988,0.890529990196228
umc,1989,0.904190003871918
umc,1990,0.91143000125885
umc,1991,0.920220017433167
umc,1992,0.936940014362335
umc,1993,0.949869990348816
umc,1994,0.947979986667633
umc,1995,0.95456999540329
umc,1996,0.962840020656586
umc,1997,0.974449992179871
umc,1998,0.990840017795563
umc,1999,1.01090002059937
umc,2000,1.02567005157471
umc,2001,1.02697002887726
umc,2002,1.03507995605469
umc,2003,1.03699004650116
umc,2004,1.05824995040894
umc,2005,1.06676995754242
umc,2006,1.08359003067017
umc,2007,1.11451995372772
umc,2008,1.14003002643585
umc,2009,1.15341997146606
umc,2010,1.16076004505157
umc,2011,1.17320001125336
umc,2012,1.17403995990753
umc,2013,1.17806005477905
umc,2014,1.17618000507355
ury,1974,0.852310001850128
ury,1975,0.805769979953766
ury,1977,0.91279000043869
ury,1979,1.06294000148773
ury,1980,1.11248004436493
ury,1982,1.00171005725861
ury,1983,0.980520009994507
ury,1998,1.83697998523712
ury,1999,1.75803995132446
ury,2000,1.75888001918793
ury,2001,1.77819001674652
ury,2002,1.91040003299713
ury,2003,2.00117993354797
ury,2004,1.98663997650146
ury,2005,1.71144998073578
ury,2006,1.64821004867554
ury,2007,1.7166600227356
ury,2008,1.71174001693726
ury,2009,1.69834995269775
ury,2010,1.69158005714417
usa,1971,0.684909999370575
usa,1972,0.717320024967194
usa,1973,0.773819983005524
usa,1974,0.806670010089874
usa,1975,0.84128999710083
usa,1976,0.842999994754791
usa,1977,0.922710001468658
usa,1978,0.9792600274086
usa,1979,1.02790999412537
usa,1980,1.07149994373322
usa,1981,1.10153996944427
usa,1982,1.11646997928619
usa,1983,1.10804998874664
usa,1984,1.12000000476837
usa,1985,1.14286994934082
usa,1986,1.16682004928589
usa,1987,1.19576001167297
usa,1988,1.23075997829437
usa,1989,1.25822997093201
usa,1990,1.27196002006531
usa,1991,1.28146994113922
usa,1993,1.29102003574371
usa,1994,1.29261994361877
usa,1995,1.30882000923157
usa,1996,1.32193994522095
usa,1998,1.33569002151489
usa,1999,1.33622002601624
usa,2000,1.31193995475769
usa,2001,1.32084000110626
usa,2002,1.33947002887726
usa,2003,1.35515999794006
usa,2004,1.37782001495361
usa,2005,1.3921400308609
usa,2006,1.40595996379852
usa,2007,1.40345001220703
usa,2008,1.39481997489929
usa,2009,1.39175999164581
usa,2010,1.38945996761322
usa,2011,1.38322997093201
usa,2012,1.38980996608734
usa,2013,1.36418998241425
usa,2014,1.35266995429993
uzb,1999,0.813239991664886
uzb,2000,0.826919972896576
uzb,2001,0.800729990005493
uzb,2002,0.790430009365082
uzb,2003,0.759989976882935
uzb,2004,0.770110011100769
uzb,2005,0.682539999485016
uzb,2006,0.686259984970093
uzb,2007,0.693139970302582
uzb,2008,0.659290015697479
uzb,2009,0.682269990444183
uzb,2010,0.674430012702942
uzb,2011,0.636560022830963
vct,1979,6.89493989944458
vct,1980,3.37897992134094
vct,1986,2.21216988563538
vct,1987,1.74435997009277
vct,1990,2.16545009613037
ven,1986,0.721199989318848
ven,1987,1.07918000221252
ven,1988,0.932739973068237
ven,1989,0.91772997379303
ven,2000,1.45927000045776
ven,2002,1.08758997917175
ven,2003,1.07295000553131
ven,2008,1.68973004817963
vnm,1976,0.664120018482208
vnm,1977,0.498089998960495
vnm,1978,0.444229990243912
vnm,1979,0.447329998016357
vnm,1981,0.312940001487732
vnm,1998,0.662429988384247
vnm,1999,0.765839993953705
vnm,2000,0.726760029792786
vnm,2001,0.74168998003006
vnm,2002,0.765079975128174
vnm,2003,0.771629989147186
vnm,2005,0.710240006446838
vnm,2006,0.956990003585815
vnm,2007,0.997709989547729
vnm,2008,0.980949997901917
vnm,2009,0.99193000793457
vnm,2010,1.00249004364014
vnm,2011,1.01399004459381
vnm,2013,0.901610016822815
vnm,2014,1.04958999156952
vut,2002,0.570209980010986
vut,2003,0.590889990329742
vut,2004,0.589030027389526
wld,1970,0.742429971694946
wld,1971,0.742020010948181
wld,1972,0.748619973659515
wld,1973,0.763899981975555
wld,1974,0.773140013217926
wld,1975,0.781379997730255
wld,1976,0.780730009078979
wld,1977,0.804099977016449
wld,1978,0.812900006771088
wld,1979,0.817950010299683
wld,1980,0.822679996490479
wld,1981,0.820779979228973
wld,1982,0.829410016536713
wld,1983,0.825089991092682
wld,1984,0.822950005531311
wld,1985,0.824850022792816
wld,1986,0.822319984436035
wld,1987,0.83202999830246
wld,1988,0.857330024242401
wld,1989,0.872210025787354
wld,1990,0.892099976539612
wld,1991,0.904519975185394
wld,1992,0.923959970474243
wld,1993,0.935289978981018
wld,1994,0.938979983329773
wld,1995,0.949150025844574
wld,1996,0.950919985771179
wld,1997,0.960550010204315
wld,1998,0.968349993228912
wld,1999,0.980669975280762
wld,2000,0.981760025024414
wld,2001,0.984629988670349
wld,2002,1.00626003742218
wld,2003,1.00733995437622
wld,2004,1.01713001728058
wld,2005,1.02935004234314
wld,2006,1.04458999633789
wld,2007,1.04997003078461
wld,2008,1.05499005317688
wld,2009,1.05769002437592
wld,2010,1.05806994438171
wld,2011,1.05805003643036
wld,2012,1.0793000459671
wld,2013,1.08950996398926
wld,2014,1.0905100107193
wsm,1970,0.00927000027149916
wsm,1971,0.0506800003349781
wsm,1975,0.0578299984335899
wsm,1977,0.230700001120567
wsm,1981,0.0799899995326996
wsm,1983,0.966359972953796
wsm,1998,0.963800013065338
wsm,1999,1.04947996139526
wsm,2000,0.922850012779236
yem,1992,0.21076999604702
yem,1997,0.157409995794296
yem,1999,0.282160013914108
yem,2002,0.341410011053085
yem,2003,0.34977999329567
yem,2004,0.366389989852905
yem,2005,0.363299995660782
yem,2006,0.384090006351471
yem,2007,0.413599997758865
yem,2008,0.432000011205673
yem,2010,0.438450008630753
yem,2011,0.441909998655319
zaf,1988,0.837050020694733
zaf,1989,0.842050015926361
zaf,1990,0.790210008621216
zaf,1991,0.829750001430511
zaf,1992,0.857789993286133
zaf,1993,0.849990010261536
zaf,1994,0.91457998752594
zaf,2012,1.40909004211426
zaf,2013,1.4233900308609
zmb,1970,0.179609999060631
zmb,1974,0.305370002985001
zmb,1975,0.159889996051788
zmb,1979,0.301429986953735
zmb,1981,0.2603699862957
zmb,1982,0.277200013399124
zmb,1988,0.374029994010925
zmb,1989,0.390159994363785
zmb,1998,0.463160008192062
zmb,1999,0.462879985570908
zwe,1983,0.517650008201599
zwe,1984,0.529250025749207
zwe,1986,0.495290011167526
zwe,1992,0.480679988861084
zwe,2010,0.792360007762909
zwe,2011,0.754419982433319
zwe,2012,0.764689981937408
zwe,2013,0.838190019130707
