country,year,uis_ger_1t6_f
abw,1999,86.5736389160156
abw,2000,86.3086318969727
abw,2001,85.4689331054688
abw,2002,85.2319107055664
abw,2003,83.1899566650391
abw,2004,82.0610961914063
abw,2005,83.766731262207
abw,2006,84.9511337280273
abw,2007,88.7046890258789
abw,2008,86.8568878173828
abw,2009,88.3527297973633
abw,2010,89.043701171875
abw,2011,86.4366989135742
abw,2012,89.821907043457
afg,1970,4.52650022506714
afg,1972,4.77208995819092
afg,1973,5.11519002914429
afg,1974,5.1541600227356
afg,1975,5.32973003387451
afg,1976,5.73054981231689
afg,1977,6.29311990737915
afg,1978,6.77520990371704
afg,1986,11.0105695724487
afg,2003,32.9087104797363
afg,2004,30.8089809417725
afg,2009,46.5018196105957
afg,2011,51.5779991149902
afg,2014,54.3540916442871
ago,1998,26.7129001617432
ago,2010,52.8345718383789
ago,2011,51.8579788208008
alb,1978,70.1884002685547
alb,1981,68.20263671875
alb,1983,64.2405090332031
alb,1984,64.2420501708984
alb,1985,65.2993316650391
alb,1986,66.794921875
alb,1987,66.4087066650391
alb,1988,67.1550903320313
alb,1989,67.4158630371094
alb,1990,67.861572265625
alb,1991,68.9118194580078
alb,1992,64.8854370117188
alb,1993,62.7247314453125
alb,1994,61.850700378418
alb,1995,61.8192710876465
alb,1996,62.5644111633301
alb,1997,64.1213302612305
alb,1999,65.5642395019531
alb,2000,65.3361206054688
alb,2001,66.063117980957
alb,2004,65.5300216674805
alb,2005,67.7727279663086
alb,2006,68.2373504638672
alb,2007,71.2575302124023
alb,2008,72.6879196166992
alb,2009,74.8766479492188
alb,2010,79.7413177490234
alb,2011,82.6657867431641
alb,2012,86.5691909790039
alb,2013,89.5032119750977
alb,2014,90.3001022338867
arb,2000,56.0164985656738
arb,2001,57.1334915161133
arb,2002,58.3553314208984
arb,2003,59.3810501098633
arb,2004,60.4190788269043
arb,2005,61.5601806640625
arb,2006,62.0350303649902
arb,2007,61.7765693664551
arb,2008,62.6545600891113
arb,2009,63.2753791809082
arb,2010,64.1245880126953
arb,2011,64.7080001831055
arb,2012,66.4030914306641
arb,2013,66.0665283203125
arb,2014,66.6695022583008
are,1978,50.324031829834
are,1979,50.2811088562012
are,1980,52.0026893615723
are,1981,54.1534385681152
are,1982,57.8813285827637
are,1983,59.639461517334
are,1984,62.020378112793
are,1985,64.29345703125
are,1986,67.4022369384766
are,1987,68.2335662841797
are,1988,69.7774963378906
are,1989,71.8070907592773
are,1990,74.2046432495117
are,1991,75.9318084716797
are,1992,73.5381469726563
are,1993,72.7706069946289
arg,1970,62.7515716552734
arg,1971,63.7461700439453
arg,1972,64.0757598876953
arg,1973,65.4096984863281
arg,1974,67.1471633911133
arg,1975,69.0811614990234
arg,1976,69.4485473632813
arg,1977,69.2471694946289
arg,1978,69.1413726806641
arg,1979,69.3560562133789
arg,1980,69.9962615966797
arg,1981,71.7646408081055
arg,1982,72.5043487548828
arg,1984,75.5249710083008
arg,1985,79.2879486083984
arg,1986,79.9745712280273
arg,1987,80.7335586547852
arg,1999,92.718879699707
arg,2000,95.7462387084961
arg,2001,97.9726104736328
arg,2002,99.3688888549805
arg,2003,99.393310546875
arg,2004,99.521842956543
arg,2005,98.5282974243164
arg,2006,100.502227783203
arg,2007,100.789428710938
arg,2008,102.109802246094
arg,2009,103.619277954102
arg,2010,104.891311645508
arg,2011,106.592811584473
arg,2012,106.899337768555
arg,2013,106.897232055664
arm,2000,78.2457275390625
arm,2007,84.5392532348633
arm,2008,84.8861389160156
arm,2009,87.5564270019531
atg,2009,84.5563735961914
atg,2010,83.6418609619141
atg,2011,80.5888137817383
atg,2012,85.2500915527344
aus,1993,101.976921081543
aus,1994,102.038818359375
aus,1995,105.617767333984
aus,1996,109.548919677734
aus,1997,113.760902404785
aus,1998,116.15941619873
aus,1999,116.151443481445
aus,2000,118.427940368652
aus,2001,115.422607421875
aus,2002,117.765823364258
aus,2003,117.984497070313
aus,2004,115.195350646973
aus,2005,114.902618408203
aus,2006,108.466110229492
aus,2007,109.466728210449
aus,2008,110.041053771973
aus,2009,112.427581787109
aus,2010,115.067733764648
aus,2011,117.440727233887
aus,2012,119.632736206055
aus,2013,119.068359375
aut,1971,69.1412200927734
aut,1976,70.4552612304688
aut,1981,68.6121368408203
aut,1982,67.9616470336914
aut,1983,67.7598114013672
aut,1984,67.3871994018555
aut,1985,68.6653213500977
aut,1986,70.0531234741211
aut,1987,70.4053573608398
aut,1988,71.6563873291016
aut,1989,72.9495010375977
aut,1990,74.5575866699219
aut,1991,76.2795104980469
aut,1992,78.6592330932617
aut,1993,80.7051620483398
aut,1994,82.3649520874023
aut,1995,83.8763885498047
aut,1996,85.1514892578125
aut,1997,86.4395904541016
aut,1998,88.1194305419922
aut,1999,89.9354782104492
aut,2000,91.3448181152344
aut,2001,91.7082138061523
aut,2002,87.9651489257813
aut,2003,87.6929397583008
aut,2004,89.0272598266602
aut,2005,89.8177490234375
aut,2006,91.0658264160156
aut,2007,90.5346908569336
aut,2008,91.9042129516602
aut,2009,92.9720764160156
aut,2010,95.3472366333008
aut,2011,95.7031707763672
aut,2012,96.1836090087891
aut,2013,96.8217697143555
aut,2014,96.8660202026367
aze,1991,70.1493225097656
aze,1992,70.6423492431641
aze,1993,69.8037872314453
aze,1994,68.3666610717773
aze,1995,72.3142776489258
aze,1996,66.2138519287109
aze,1997,65.2311325073242
aze,2006,69.9253921508789
aze,2007,69.1520309448242
aze,2008,69.0922622680664
aze,2009,70.5090637207031
aze,2010,68.3612823486328
aze,2011,68.8072891235352
aze,2012,70.0236206054688
aze,2013,71.8044509887695
aze,2014,75.1271362304688
bdi,1971,8.92920970916748
bdi,1972,8.802490234375
bdi,1973,7.14849996566772
bdi,1974,6.80236005783081
bdi,1975,6.96345996856689
bdi,1976,7.02978992462158
bdi,1979,7.70246982574463
bdi,1980,8.26832962036133
bdi,1981,9.03094959259033
bdi,1982,10.2678098678589
bdi,1984,14.5740699768066
bdi,1985,16.6071701049805
bdi,1986,18.5587902069092
bdi,1987,21.6116008758545
bdi,1988,25.3107109069824
bdi,1989,26.4562702178955
bdi,1990,27.0418090820313
bdi,1991,28.4870491027832
bdi,1992,27.335620880127
bdi,1993,27.4955501556396
bdi,2004,30.7140007019043
bdi,2005,32.465259552002
bdi,2006,40.7541694641113
bdi,2010,54.9982681274414
bdi,2011,57.6512107849121
bdi,2012,58.447338104248
bdi,2013,60.0135192871094
bel,1971,70.4135208129883
bel,1972,71.0105133056641
bel,1973,70.4510192871094
bel,1974,71.6137771606445
bel,1975,71.6278305053711
bel,1978,73.4103698730469
bel,1979,73.6647109985352
bel,1980,73.7452087402344
bel,1981,73.8836975097656
bel,1982,74.4831771850586
bel,1983,73.9104309082031
bel,1984,74.6393585205078
bel,1985,75.917106628418
bel,1986,76.7396392822266
bel,1987,78.0845108032227
bel,1988,79.3578109741211
bel,1989,80.1146774291992
bel,1990,81.320671081543
bel,1991,81.8667373657227
bel,1993,99.1318130493164
bel,1994,101.099128723145
bel,1995,103.906181335449
bel,1996,104.774841308594
bel,1999,108.456329345703
bel,2000,110.547660827637
bel,2001,114.34008026123
bel,2002,115.409629821777
bel,2003,116.239936828613
bel,2004,94.1032485961914
bel,2005,94.5026473999023
bel,2006,95.0596008300781
bel,2007,94.9950714111328
bel,2008,95.0382919311523
bel,2009,95.8062896728516
bel,2010,96.4249420166016
bel,2011,97.4685668945313
bel,2012,98.1437225341797
bel,2013,124.804023742676
bel,2014,125.539909362793
ben,1971,9.52367973327637
ben,1973,11.9967803955078
ben,1974,11.6742696762085
ben,1975,13.5179996490479
ben,1985,21.255989074707
ben,1986,20.1912708282471
ben,1987,20.138599395752
ben,1999,30.0294990539551
ben,2000,31.7209205627441
ben,2001,35.1385383605957
ben,2002,37.8970603942871
ben,2003,39.7889213562012
ben,2004,42.2190093994141
ben,2005,44.1932601928711
ben,2011,58.7360191345215
ben,2013,64.6106185913086
bfa,1971,3.83420991897583
bfa,1972,4.05133008956909
bfa,1973,4.21080017089844
bfa,1974,4.4435601234436
bfa,1975,4.67163991928101
bfa,1976,4.79463005065918
bfa,1977,4.92733001708984
bfa,1979,5.45519018173218
bfa,1980,5.91250991821289
bfa,1981,6.21968984603882
bfa,1982,6.81740999221802
bfa,1983,7.34976005554199
bfa,1984,7.88688993453979
bfa,1985,8.7693395614624
bfa,1986,9.62287044525146
bfa,1994,14.2406797409058
bfa,1999,17.488410949707
bfa,2003,20.6659202575684
bfa,2005,25.593599319458
bfa,2006,27.488639831543
bfa,2007,30.3142204284668
bfa,2008,33.7018089294434
bfa,2009,36.246711730957
bfa,2010,37.4715118408203
bfa,2011,40.107780456543
bfa,2012,42.3678817749023
bfa,2013,44.4363594055176
bgd,1976,24.425479888916
bgd,1977,23.5890598297119
bgd,1979,22.1327095031738
bgd,1980,22.4845008850098
bgd,1981,22.436580657959
bgd,1984,25.2378196716309
bgd,1985,24.383150100708
bgd,1986,24.614839553833
bgd,1987,24.2327098846436
bgd,1988,29.5092697143555
bgd,1989,29.5896396636963
bgd,1990,31.2880592346191
bgd,2005,51.9574813842773
bgd,2006,52.6246185302734
bgd,2007,52.9050102233887
bgd,2008,51.9300804138184
bgd,2009,54.4048194885254
bgd,2011,60.7220191955566
bgr,1971,68.9266662597656
bgr,1972,69.803337097168
bgr,1973,70.6115417480469
bgr,1974,71.3518371582031
bgr,1975,71.87744140625
bgr,1976,70.2545776367188
bgr,1977,72.7378311157227
bgr,1978,74.0832595825195
bgr,1979,71.17822265625
bgr,1980,70.4203414916992
bgr,1981,70.4918823242188
bgr,1982,71.4069366455078
bgr,1983,72.1020812988281
bgr,1984,73.1884613037109
bgr,1985,74.4996109008789
bgr,1986,77.1883087158203
bgr,1987,78.8120803833008
bgr,1988,79.732780456543
bgr,1989,79.8320693969727
bgr,1990,76.6166076660156
bgr,1991,76.9868698120117
bgr,1992,75.9642028808594
bgr,1993,75.7040405273438
bgr,1994,75.5776214599609
bgr,1995,77.9906311035156
bgr,1996,81.0419311523438
bgr,1997,81.6762084960938
bgr,1998,81.3910827636719
bgr,1999,81.9138565063477
bgr,2000,81.0691833496094
bgr,2001,80.6891479492188
bgr,2002,79.5922088623047
bgr,2003,76.1801605224609
bgr,2004,76.7268905639648
bgr,2005,76.9741821289063
bgr,2006,77.7657165527344
bgr,2007,79.5734481811523
bgr,2008,80.6888885498047
bgr,2009,81.5685195922852
bgr,2010,83.4531402587891
bgr,2011,84.287971496582
bgr,2012,85.5883331298828
bgr,2013,89.4978713989258
bgr,2014,92.3191375732422
bhr,1971,55.5939598083496
bhr,1972,56.6398010253906
bhr,1973,57.099048614502
bhr,1974,58.2942886352539
bhr,1975,59.8854904174805
bhr,1976,59.4686698913574
bhr,1977,59.3295097351074
bhr,1978,59.2165718078613
bhr,1979,59.3704414367676
bhr,1980,56.8477516174316
bhr,1981,57.9470710754395
bhr,1982,60.1099281311035
bhr,1985,77.1064987182617
bhr,1986,81.8763809204102
bhr,1987,79.4809417724609
bhr,1988,80.1595001220703
bhr,1991,84.1430282592773
bhr,1992,83.0545120239258
bhr,1993,84.1877975463867
bhr,1994,84.5725936889648
bhr,1995,84.5902481079102
bhr,1996,84.4835586547852
bhr,1999,82.4197692871094
bhs,1995,72.0400695800781
bih,2011,75.9703521728516
bih,2012,77.89794921875
bih,2013,80.3478775024414
bih,2014,80.9413909912109
blr,2010,101.952659606934
blr,2011,103.77857208252
blr,2012,105.212448120117
blr,2013,104.448471069336
blr,2014,103.722541809082
blz,2001,73.6028289794922
blz,2003,77.7811584472656
blz,2004,79.109748840332
blz,2005,75.9789123535156
blz,2006,79.7809524536133
blz,2007,79.8563766479492
blz,2008,79.0626373291016
blz,2009,77.2439117431641
blz,2010,76.897102355957
blz,2011,76.2739028930664
blz,2012,78.1737899780273
blz,2013,77.6369476318359
bmu,1979,66.9888229370117
bmu,1980,68.5536117553711
bmu,2006,76.6072235107422
bmu,2011,73.4552536010742
bmu,2012,71.3788299560547
bmu,2013,70.7450485229492
bmu,2014,68.6005401611328
bol,2007,81.9587631225586
bra,2002,92.0345001220703
bra,2003,88.8809509277344
bra,2004,87.9575805664063
bra,2005,87.6607513427734
bra,2007,86.0775680541992
bra,2008,89.4146270751953
bra,2009,89.8108825683594
bra,2011,90.9213714599609
bra,2012,91.5343399047852
bra,2013,92.4704513549805
brb,1971,69.0149765014648
brb,1972,68.7318572998047
brb,1973,68.8441467285156
brb,1974,62.2012596130371
brb,1981,69.4447479248047
brb,1984,72.5362167358398
brb,1985,74.0311431884766
brb,1989,76.8572692871094
brb,1990,71.7779006958008
brb,1999,91.9418792724609
brb,2000,93.3708267211914
brb,2001,92.605827331543
brb,2007,102.447380065918
brb,2009,108.612998962402
brb,2010,105.611869812012
brb,2011,104.654502868652
brn,1977,69.6181869506836
brn,1979,63.4875984191895
brn,1983,65.2734069824219
brn,1984,66.6238403320313
brn,1992,70.9050674438477
brn,1993,72.5420608520508
brn,1994,73.0007171630859
brn,1998,74.189826965332
brn,1999,75.1667861938477
brn,2000,74.4121322631836
brn,2001,73.888557434082
brn,2002,74.9654235839844
brn,2003,77.3046569824219
brn,2004,79.0748672485352
brn,2005,79.7926864624023
brn,2006,79.948127746582
brn,2007,79.5318984985352
brn,2008,79.306022644043
brn,2009,79.7460327148438
brn,2010,79.2321090698242
brn,2011,79.9720993041992
brn,2012,83.8532485961914
brn,2013,84.6063537597656
brn,2014,84.6374206542969
btn,1983,18.3460102081299
btn,1999,39.108470916748
btn,2005,53.1574287414551
btn,2006,55.4191207885742
btn,2007,57.1009483337402
btn,2008,59.4044418334961
btn,2009,62.8221893310547
btn,2010,65.5798568725586
btn,2011,67.7089767456055
btn,2012,69.5608291625977
btn,2013,68.9263687133789
bwa,1970,33.6284408569336
bwa,1971,31.3274192810059
bwa,1972,31.8607997894287
bwa,1973,35.5110092163086
bwa,1974,37.7833786010742
bwa,1975,41.4715881347656
bwa,1976,43.8376388549805
bwa,1977,46.5875205993652
bwa,1978,47.76416015625
bwa,1979,49.5818786621094
bwa,1980,52.220630645752
bwa,1981,54.0850601196289
bwa,1983,55.5691604614258
bwa,1984,57.315990447998
bwa,1985,59.4242210388184
bwa,1987,61.2592887878418
bwa,1991,69.4238433837891
bwa,1993,67.8057022094727
bwa,1994,66.5290374755859
bwa,1995,66.9340667724609
bwa,1998,70.1819381713867
bwa,1999,71.2349319458008
bwa,2000,72.1438903808594
bwa,2001,72.4927978515625
bwa,2002,70.7666702270508
bwa,2003,70.8855133056641
bwa,2004,70.4936065673828
bwa,2005,70.2139282226563
bwa,2006,70.97216796875
bwa,2012,75.0904388427734
bwa,2013,77.7186431884766
caf,1979,22.0603809356689
caf,1980,23.1136493682861
caf,1981,22.887809753418
caf,1982,23.6856098175049
caf,1986,26.3798294067383
caf,1988,22.3966197967529
caf,1990,24.3530292510986
caf,1991,23.1636695861816
caf,1992,20.4478092193604
caf,2009,32.2277717590332
caf,2012,34.8407592773438
can,1976,79.1192092895508
can,1989,93.9743728637695
can,1990,100.914123535156
can,1991,103.06559753418
can,1992,103.888031005859
can,1993,100.24535369873
can,1994,100.850151062012
can,1995,100.998001098633
can,1996,101.29541015625
can,1998,96.5854797363281
can,1999,96.2212982177734
can,2000,95.4942474365234
che,1978,64.4228668212891
che,1979,65.0745086669922
che,1980,65.5199508666992
che,1981,65.7048797607422
che,1982,65.4568862915039
che,1983,64.9729690551758
che,1984,64.6362686157227
che,1985,64.2530364990234
che,1986,63.8622398376465
che,1987,63.9082412719727
che,1988,64.2133712768555
che,1989,65.1074905395508
che,1990,66.5919723510742
che,1991,67.8664169311523
che,1992,68.9306869506836
che,1993,70.6289291381836
che,1994,72.1252365112305
che,1995,73.4727401733398
che,1996,75.0257415771484
che,1998,79.3347702026367
che,1999,80.7925186157227
che,2000,82.1315307617188
che,2001,82.8093032836914
che,2002,82.6443481445313
che,2003,83.3091735839844
che,2004,83.5652694702148
che,2005,83.4974212646484
che,2006,83.7978363037109
che,2007,83.729606628418
che,2008,83.8345794677734
che,2009,84.2395401000977
che,2010,85.2876586914063
che,2011,85.9836578369141
che,2012,86.2992706298828
che,2013,87.3023529052734
che,2014,87.773551940918
chl,1970,67.7631607055664
chl,1971,72.5183715820313
chl,1972,74.1994934082031
chl,1975,73.0788879394531
chl,1976,70.7763137817383
chl,1977,70.0837097167969
chl,1978,69.6663665771484
chl,1979,69.7128829956055
chl,1980,68.6700286865234
chl,1983,67.7462768554688
chl,1984,67.4382934570313
chl,1985,68.8417510986328
chl,1986,69.1369323730469
chl,1993,71.0800170898438
chl,1998,76.5785903930664
chl,1999,79.1436614990234
chl,2000,80.3621292114258
chl,2002,82.280387878418
chl,2003,83.3495178222656
chl,2004,84.7966079711914
chl,2005,86.510856628418
chl,2006,86.3516693115234
chl,2007,87.7245178222656
chl,2008,88.2837371826172
chl,2009,88.4005813598633
chl,2010,90.4213104248047
chl,2011,91.8501205444336
chl,2012,92.7097473144531
chl,2013,96.4673919677734
chl,2014,97.6113586425781
chn,1976,61.4662208557129
chn,1977,60.1144714355469
chn,1978,57.0613708496094
chn,1979,54.7778396606445
chn,1980,51.9497413635254
chn,1994,49.9384803771973
chn,2003,63.5154495239258
chn,2006,63.2039985656738
chn,2007,64.6653594970703
chn,2008,66.0032424926758
chn,2009,67.5574722290039
chn,2010,68.4804382324219
chn,2011,70.1851272583008
chn,2012,72.7252578735352
chn,2013,76.2093887329102
chn,2014,78.9589233398438
civ,1971,21.1394500732422
civ,1972,21.5230693817139
civ,1973,22.3262195587158
civ,1974,22.6853294372559
civ,1999,32.6969413757324
civ,2014,46.850399017334
cmr,1971,32.2628402709961
cmr,1972,32.4682312011719
cmr,1973,33.2863006591797
cmr,1974,34.3210487365723
cmr,1975,35.588020324707
cmr,2003,46.7604789733887
cmr,2004,46.6071891784668
cmr,2005,45.7123985290527
cmr,2006,44.1887397766113
cmr,2007,48.2533683776855
cmr,2008,50.067138671875
cmr,2009,52.6895484924316
cmr,2011,56.7877502441406
cod,1971,30.977180480957
cod,1972,32.2718505859375
cod,1974,34.0379486083984
cod,2007,42.8722381591797
cod,2008,47.5426788330078
cod,2009,48.2224807739258
cod,2011,49.9892807006836
cod,2012,52.2847900390625
cod,2013,53.3583908081055
cog,1971,44.776611328125
cog,1972,48.584300994873
cog,1975,58.010311126709
cog,1976,60.233081817627
cog,1977,63.0316696166992
cog,1978,66.0281372070313
cog,1980,70.0142211914063
cog,1981,73.1646575927734
cog,1982,75.0908126831055
cog,1984,73.9323806762695
cog,1985,74.2861175537109
cog,1986,76.304931640625
cog,1988,74.3454818725586
cog,1989,69.2439270019531
cog,1990,64.8287124633789
cog,1992,62.3728294372559
cog,2002,52.4788703918457
cog,2003,50.7685203552246
cog,2012,66.5216217041016
col,1970,48.1516189575195
col,1974,54.6213684082031
col,1975,55.5333709716797
col,1977,57.0152587890625
col,1978,57.6046600341797
col,1979,58.2419586181641
col,1980,56.4820289611816
col,1981,57.2424087524414
col,1982,54.6221885681152
col,1984,54.7882995605469
col,1985,55.2560195922852
col,1986,56.3682098388672
col,1987,57.0676689147949
col,1988,57.4731483459473
col,1989,58.1846199035645
col,1991,60.5485687255859
col,1995,66.0780487060547
col,1996,68.3894500732422
col,1998,72.944709777832
col,1999,73.7388000488281
col,2000,73.8037796020508
col,2002,74.5335006713867
col,2004,78.5647888183594
col,2005,81.6499481201172
col,2006,84.5618209838867
col,2007,86.7125701904297
col,2008,87.7858428955078
col,2009,90.8305206298828
col,2010,90.8806991577148
col,2011,91.2911682128906
col,2012,89.6363220214844
col,2013,91.4584121704102
col,2014,90.2659606933594
com,1999,45.3196411132813
com,2003,52.6005401611328
com,2013,63.71826171875
cpv,2001,72.0669174194336
cpv,2002,72.1344604492188
cpv,2003,71.3005905151367
cpv,2004,69.7408828735352
cpv,2005,69.7681579589844
cpv,2006,74.2293930053711
cpv,2007,73.6501388549805
cpv,2008,73.7158508300781
cpv,2009,74.9829025268555
cpv,2010,76.7850570678711
cpv,2011,78.3533630371094
cpv,2012,78.4412078857422
cpv,2013,79.9648132324219
cpv,2014,78.8672103881836
cri,1970,59.4215202331543
cri,1971,59.6930694580078
cri,1972,60.8059883117676
cri,2004,78.6629104614258
cri,2011,91.6739273071289
cri,2012,92.9707183837891
cri,2013,94.5700912475586
cri,2014,97.1879730224609
cub,1972,57.515251159668
cub,1973,59.4845199584961
cub,1974,61.135440826416
cub,1975,63.3393707275391
cub,1979,73.1155776977539
cub,1980,75.1767883300781
cub,1981,72.8279876708984
cub,1982,71.3655090332031
cub,1983,69.5473403930664
cub,1984,69.1038284301758
cub,1985,68.2888793945313
cub,1986,68.735107421875
cub,1987,69.6473770141602
cub,1988,70.1815032958984
cub,1989,70.8464736938477
cub,1990,70.5843734741211
cub,1991,70.3127899169922
cub,1992,69.750602722168
cub,1993,67.4683685302734
cub,1994,65.7015380859375
cub,1995,64.8183212280273
cub,1996,67.4724273681641
cub,1997,69.9819717407227
cub,1999,73.8684310913086
cub,2000,75.4467086791992
cub,2001,77.0099716186523
cub,2002,77.9955978393555
cub,2003,80.246208190918
cub,2004,88.5050430297852
cub,2005,91.6422424316406
cub,2006,100.641052246094
cub,2007,110.307121276855
cub,2008,113.921272277832
cub,2009,113.240592956543
cub,2010,105.221229553223
cub,2011,99.5374908447266
cub,2012,91.3129272460938
cub,2013,86.1925277709961
cub,2014,84.3609390258789
cuw,2013,109.982353210449
cyp,1971,52.4723014831543
cyp,1972,52.4590797424316
cyp,1973,53.2410697937012
cyp,1974,53.9883193969727
cyp,1978,50.7996788024902
cyp,1979,50.552791595459
cyp,1980,49.4432792663574
cyp,1981,48.8556709289551
cyp,1982,48.9272384643555
cyp,1983,49.2869491577148
cyp,1984,50.2456016540527
cyp,1985,50.6208686828613
cyp,1986,51.5269088745117
cyp,1987,52.4950714111328
cyp,1988,52.5029602050781
cyp,1989,53.5498085021973
cyp,1990,54.5538482666016
cyp,1991,55.5265502929688
cyp,1992,56.263599395752
cyp,1993,74.7638931274414
cyp,1994,75.4935836791992
cyp,1995,76.2040023803711
cyp,1996,76.9795074462891
cyp,1997,76.6901321411133
cyp,1999,75.1516876220703
cyp,2000,74.2666091918945
cyp,2001,74.3286590576172
cyp,2002,76.9644012451172
cyp,2003,78.3477478027344
cyp,2004,78.8908996582031
cyp,2005,78.4906234741211
cyp,2006,77.8275527954102
cyp,2007,78.4119262695313
cyp,2008,80.7498779296875
cyp,2009,83.4845809936523
cyp,2010,78.4347991943359
cyp,2011,78.7670516967773
cyp,2012,80.1534118652344
cyp,2013,82.4193267822266
cyp,2014,86.2574005126953
cze,1971,67.2443923950195
cze,1972,67.8629684448242
cze,1973,68.4506301879883
cze,1974,69.2788696289063
cze,1975,70.5220718383789
cze,1976,72.0695495605469
cze,1977,74.0903930664063
cze,1978,75.6846313476563
cze,1979,76.77294921875
cze,1982,79.6107635498047
cze,1983,79.0111694335938
cze,1984,76.511100769043
cze,1985,75.5017395019531
cze,1986,74.6947708129883
cze,1987,77.7240371704102
cze,1988,76.1943893432617
cze,1989,71.7669906616211
cze,1990,69.8170700073242
cze,1991,70.0794067382813
cze,1992,70.7178497314453
cze,1993,69.896842956543
cze,1994,71.0434722900391
cze,1995,72.6373291015625
cze,1996,73.7523422241211
cze,1997,70.8546371459961
cze,1998,71.0932922363281
cze,1999,71.1066589355469
cze,2000,73.608642578125
cze,2001,76.8814697265625
cze,2002,79.4456787109375
cze,2003,81.8155136108398
cze,2004,81.4604187011719
cze,2005,83.9555969238281
cze,2006,85.3453521728516
cze,2007,86.9742965698242
cze,2008,88.6263427734375
cze,2009,90.0045471191406
cze,2010,91.0375671386719
cze,2011,91.5584869384766
cze,2012,91.7901000976563
cze,2013,97.9497604370117
cze,2014,98.7459335327148
deu,1992,75.6520690917969
deu,1993,80.195182800293
deu,1994,82.4350967407227
deu,1995,84.3399276733398
deu,1996,85.9541168212891
deu,1997,87.3243713378906
deu,2013,93.9494400024414
deu,2014,95.1391220092773
dji,1976,8.95217990875244
dji,1986,14.5100202560425
dji,1992,14.3642702102661
dji,1993,13.7126302719116
dji,1994,14.2728395462036
dji,1996,14.7815704345703
dji,1997,14.8863801956177
dji,1999,14.9573402404785
dji,2000,14.7171401977539
dji,2001,16.4770202636719
dji,2002,17.4324703216553
dji,2004,20.5724105834961
dji,2005,22.0373096466064
dji,2006,22.7960891723633
dji,2007,25.3091201782227
dji,2008,28.083179473877
dji,2009,29.2053108215332
dji,2011,33.7907981872559
dnk,1978,78.5152206420898
dnk,1979,77.608528137207
dnk,1980,78.8619537353516
dnk,1981,79.4680023193359
dnk,1982,79.5188217163086
dnk,1983,79.5719833374023
dnk,1984,79.1424179077148
dnk,1985,78.9370269775391
dnk,1986,79.4230194091797
dnk,1987,80.0588531494141
dnk,1988,80.7467269897461
dnk,1989,81.2016067504883
dnk,1990,82.1678466796875
dnk,1991,82.8665618896484
dnk,1992,83.4694519042969
dnk,1993,85.1325988769531
dnk,1994,87.25390625
dnk,1995,88.9682312011719
dnk,1996,91.348388671875
dnk,1998,95.8359832763672
dnk,1999,98.2052536010742
dnk,2000,99.5595703125
dnk,2001,102.063987731934
dnk,2002,103.27033996582
dnk,2004,105.781776428223
dnk,2005,106.926597595215
dnk,2006,105.471267700195
dnk,2007,105.402297973633
dnk,2008,104.336158752441
dnk,2009,103.799537658691
dnk,2010,103.739562988281
dnk,2011,105.852317810059
dnk,2012,106.828300476074
dnk,2013,109.455352783203
dnk,2014,109.768562316895
dom,2012,80.4243392944336
dom,2014,80.6243591308594
dza,2004,70.3742294311523
dza,2005,71.8175735473633
dza,2006,71.7624206542969
dza,2007,68.8692932128906
dza,2009,77.9090118408203
dza,2010,80.6688690185547
dza,2011,82.5634994506836
eap,1998,60.5746688842773
eap,1999,61.7620506286621
eap,2000,62.1791610717773
eap,2001,62.2227096557617
eap,2002,62.8440895080566
eap,2003,63.8272285461426
eap,2004,64.5449905395508
eap,2005,63.2631912231445
eap,2006,63.8338203430176
eap,2007,65.5306777954102
eap,2008,66.5913009643555
eap,2009,68.1623229980469
eap,2010,69.3789672851563
eap,2011,70.9447937011719
eap,2012,72.9445724487305
eap,2013,75.2282485961914
eap,2014,77.1033172607422
eas,1998,62.517749786377
eas,1999,63.6352882385254
eas,2000,64.0684204101563
eas,2001,64.0958404541016
eas,2002,64.7140808105469
eas,2003,65.6560134887695
eas,2004,66.29638671875
eas,2005,65.137321472168
eas,2006,65.658561706543
eas,2007,67.2805709838867
eas,2008,68.3370132446289
eas,2009,69.8663101196289
eas,2010,71.0719375610352
eas,2011,72.6091079711914
eas,2012,74.5321884155273
eas,2013,76.6740417480469
eas,2014,78.3957901000977
eca,1999,75.1424026489258
eca,2000,75.9273223876953
eca,2001,78.0184020996094
eca,2002,80.0381088256836
eca,2003,80.8862228393555
eca,2004,79.8994827270508
eca,2005,79.0524291992188
eca,2006,79.9523773193359
eca,2007,80.8260192871094
eca,2008,81.2119827270508
eca,2009,81.2702102661133
eca,2010,82.6121978759766
eca,2011,83.8233032226563
eca,2012,84.289421081543
eca,2013,87.5390472412109
eca,2014,87.8384323120117
ecs,1998,81.1464309692383
ecs,1999,82.1903533935547
ecs,2000,82.9961929321289
ecs,2001,84.6379623413086
ecs,2002,86.067138671875
ecs,2003,86.936408996582
ecs,2004,86.1289215087891
ecs,2005,86.3157272338867
ecs,2006,86.843017578125
ecs,2007,87.3581008911133
ecs,2008,87.825569152832
ecs,2009,88.0419311523438
ecs,2010,89.3216781616211
ecs,2011,90.0255584716797
ecs,2012,90.4012908935547
ecs,2013,94.2352600097656
ecs,2014,94.6079864501953
ecu,1971,49.3094711303711
ecu,1972,50.0013389587402
ecu,1973,51.585319519043
ecu,1979,67.1791305541992
ecu,1980,68.52587890625
ecu,1984,74.0356597900391
ecu,1988,75.6449966430664
ecu,2012,85.526123046875
egy,1971,30.7482490539551
egy,1972,31.7811794281006
egy,1973,32.7168998718262
egy,1974,32.6186904907227
egy,1975,33.8755912780762
egy,1976,35.0263900756836
egy,1977,36.1178817749023
egy,1978,36.9337310791016
egy,1979,37.8101501464844
egy,1980,38.8216896057129
egy,1981,40.0867118835449
egy,1982,41.9191398620605
egy,1983,44.0859413146973
egy,1984,46.2337493896484
egy,1985,48.2233085632324
egy,1986,50.1460800170898
egy,1987,52.3081398010254
egy,1988,53.3759803771973
egy,1989,54.5490493774414
egy,1990,57.8101501464844
egy,1991,58.8964309692383
egy,2001,68.9922027587891
egy,2003,68.9041290283203
egy,2004,69.1338577270508
egy,2009,69.4763107299805
egy,2010,70.6015472412109
egy,2011,71.1183319091797
egy,2012,74.7353897094727
egy,2013,76.445068359375
egy,2014,77.1869888305664
emu,1998,89.1941528320313
emu,1999,89.8404235839844
emu,2000,90.6042709350586
emu,2001,91.6944274902344
emu,2002,92.118049621582
emu,2003,92.992431640625
emu,2004,92.7780990600586
emu,2005,94.2725982666016
emu,2006,94.9420394897461
emu,2007,95.2943420410156
emu,2008,95.8710174560547
emu,2009,96.1578903198242
emu,2010,97.1980361938477
emu,2011,97.9931182861328
emu,2012,98.1555480957031
emu,2013,99.9125137329102
emu,2014,100.279670715332
eri,1995,20.5021991729736
eri,1996,21.6715602874756
eri,1999,23.0941200256348
eri,2000,25.4787693023682
eri,2001,25.4092597961426
eri,2002,26.3493499755859
eri,2004,27.4707508087158
eri,2009,26.6856098175049
eri,2010,26.6405906677246
esp,1971,58.3825187683105
esp,1972,58.8784294128418
esp,1973,60.6842918395996
esp,1974,62.6725997924805
esp,1975,65.8622283935547
esp,1976,68.1260833740234
esp,1977,69.5361328125
esp,1978,70.4588623046875
esp,1979,71.3683166503906
esp,1980,74.085090637207
esp,1981,74.5173492431641
esp,1982,74.87451171875
esp,1983,77.2427215576172
esp,1984,76.612907409668
esp,1985,77.8160934448242
esp,1986,81.8297500610352
esp,1987,83.406867980957
esp,1988,84.0443801879883
esp,1989,84.6683120727539
esp,1990,83.4688110351563
esp,1991,84.9780883789063
esp,1992,86.300910949707
esp,1993,89.0351409912109
esp,1994,90.4626770019531
esp,1995,91.6026229858398
esp,1996,92.7750396728516
esp,1997,91.4841079711914
esp,1998,92.5587997436523
esp,1999,92.9670791625977
esp,2000,93.9851608276367
esp,2001,94.1469116210938
esp,2002,94.8104476928711
esp,2003,95.43408203125
esp,2004,97.5928192138672
esp,2005,99.1432495117188
esp,2006,100.142196655273
esp,2007,101.416091918945
esp,2008,102.636650085449
esp,2009,103.752990722656
esp,2010,106.660713195801
esp,2011,109.075012207031
esp,2012,109.873931884766
esp,2013,111.270721435547
esp,2014,111.175743103027
est,1992,77.4188079833984
est,1993,74.5450286865234
est,1994,76.6836166381836
est,1995,78.4795989990234
est,1996,80.9628829956055
est,1998,87.4161376953125
est,1999,88.911262512207
est,2000,93.2338027954102
est,2001,96.6409301757813
est,2002,98.3873825073242
est,2003,99.2684783935547
est,2004,99.9130325317383
est,2005,101.002517700195
est,2006,100.844383239746
est,2007,100.670593261719
est,2008,100.301116943359
est,2009,100.642486572266
est,2010,101.651931762695
est,2011,102.567436218262
est,2012,103.640060424805
est,2013,103.985313415527
eth,1971,4.57008981704712
eth,1972,4.92622995376587
eth,1974,5.72972011566162
eth,1984,16.4558391571045
eth,1991,15.0434398651123
eth,1994,11.8587598800659
eth,1995,12.7076797485352
eth,1996,14.3149404525757
eth,1999,19.5705509185791
eth,2000,22.166820526123
eth,2001,25.5208892822266
eth,2002,27.5121002197266
eth,2003,28.3700504302979
eth,2004,31.0312099456787
eth,2005,37.2102317810059
eth,2008,48.6026916503906
eth,2009,49.3818283081055
eth,2010,49.4992790222168
eth,2011,51.1010093688965
eth,2012,51.2494812011719
euu,1998,86.9596328735352
euu,1999,88.129508972168
euu,2000,88.9841918945313
euu,2001,90.2252731323242
euu,2002,91.1316680908203
euu,2003,92.0276794433594
euu,2004,91.6690521240234
euu,2005,92.9645004272461
euu,2006,93.1580276489258
euu,2007,93.4585494995117
euu,2008,94.1988372802734
euu,2009,94.7123031616211
euu,2010,95.7982406616211
euu,2011,95.8293762207031
euu,2012,95.8943328857422
euu,2013,100.132949829102
euu,2014,100.548110961914
fin,1972,68.772102355957
fin,1973,69.9325103759766
fin,1974,72.4348983764648
fin,1977,76.8009414672852
fin,1978,77.6410903930664
fin,1979,78.557731628418
fin,1980,79.0036926269531
fin,1981,79.2306213378906
fin,1982,80.2931976318359
fin,1983,81.1846923828125
fin,1984,82.3497085571289
fin,1985,83.2616271972656
fin,1986,84.1412124633789
fin,1987,85.0599899291992
fin,1988,86.2112808227539
fin,1989,87.7714309692383
fin,1990,90.6217727661133
fin,1991,93.6558380126953
fin,1992,97.4866104125977
fin,1993,98.6638336181641
fin,1994,100.617851257324
fin,1995,100.739860534668
fin,1996,102.295387268066
fin,1997,103.287406921387
fin,1998,104.620819091797
fin,1999,106.512847900391
fin,2000,108.442390441895
fin,2001,110.206642150879
fin,2002,110.747749328613
fin,2003,111.622421264648
fin,2004,103.524101257324
fin,2005,104.5966796875
fin,2006,105.082260131836
fin,2007,105.212768554688
fin,2008,105.28874206543
fin,2009,103.722801208496
fin,2010,104.355178833008
fin,2011,105.077537536621
fin,2012,104.390701293945
fin,2013,120.267250061035
fin,2014,120.056838989258
fji,1970,59.6695213317871
fji,1972,64.4291763305664
fji,1973,65.6426696777344
fji,1974,67.1972427368164
fji,1975,67.7088470458984
fji,1985,63.8214912414551
fji,1986,65.7169799804688
fji,2003,76.7618103027344
fji,2004,79.0403671264648
fra,1979,75.5481567382813
fra,1980,75.9746170043945
fra,1982,76.4116897583008
fra,1983,76.4059524536133
fra,1985,77.3818511962891
fra,1986,78.4875717163086
fra,1987,79.6421508789063
fra,1988,80.864128112793
fra,1989,82.9739227294922
fra,1990,83.9737777709961
fra,1991,85.8886108398438
fra,1992,87.828369140625
fra,1993,88.4521636962891
fra,1994,92.3521194458008
fra,1995,92.9467697143555
fra,1996,93.6470413208008
fra,1997,93.7266006469727
fra,1998,93.7717971801758
fra,1999,93.9012832641602
fra,2000,93.5195083618164
fra,2001,92.9752578735352
fra,2002,92.4848937988281
fra,2003,93.0853729248047
fra,2004,92.7238922119141
fra,2005,96.1681976318359
fra,2006,96.0822067260742
fra,2007,95.9429092407227
fra,2008,95.7538299560547
fra,2009,95.6983184814453
fra,2010,96.5166091918945
fra,2011,96.8269271850586
fra,2012,97.293098449707
fra,2013,97.5005569458008
fra,2014,98.150520324707
gab,1971,54.874340057373
gab,1972,56.7174911499023
gab,1973,59.119499206543
gab,1976,65.9553909301758
gab,1977,65.3043823242188
gab,1978,68.5453414916992
gab,1979,66.7716369628906
gab,1980,68.1005096435547
gab,1983,69.5100326538086
gab,1984,70.6357574462891
gab,1987,72.6469268798828
gab,1988,72.1868667602539
gab,1989,74.1955032348633
gab,1999,74.5081787109375
gbr,1971,68.1980209350586
gbr,1972,69.2257690429688
gbr,1973,70.0043029785156
gbr,1974,72.3969116210938
gbr,1975,73.026611328125
gbr,1976,73.2964935302734
gbr,1977,73.1421127319336
gbr,1978,72.3483963012695
gbr,1979,71.6294784545898
gbr,1980,70.6301422119141
gbr,1981,69.6911315917969
gbr,1982,68.9363403320313
gbr,1983,69.4961166381836
gbr,1984,68.9864501953125
gbr,1985,68.5770568847656
gbr,1986,69.3970336914063
gbr,1987,69.8628463745117
gbr,1988,70.3765029907227
gbr,1989,71.0658416748047
gbr,1990,72.615608215332
gbr,1991,75.0439987182617
gbr,1992,77.7612228393555
gbr,1998,88.9787673950195
gbr,1999,91.4060897827148
gbr,2000,91.4665298461914
gbr,2001,91.7733612060547
gbr,2002,93.2597579956055
gbr,2003,93.4240493774414
gbr,2004,95.6590118408203
gbr,2005,95.8983306884766
gbr,2006,92.726676940918
gbr,2007,91.0304870605469
gbr,2008,91.0368804931641
gbr,2009,91.6203384399414
gbr,2010,92.6768569946289
gbr,2011,89.0732192993164
gbr,2012,89.0910186767578
gbr,2013,102.08219909668
gbr,2014,102.948959350586
geo,1981,71.984748840332
geo,1991,77.3443374633789
geo,1995,69.2610473632813
geo,1996,69.3277435302734
geo,1997,70.4530334472656
geo,1999,72.18115234375
geo,2000,73.4857177734375
geo,2001,73.9705963134766
geo,2002,73.9607315063477
geo,2003,74.0012130737305
geo,2004,74.5844497680664
geo,2005,76.5200729370117
geo,2006,76.9723587036133
geo,2008,75.2462692260742
geo,2013,80.5523300170898
geo,2014,84.0553436279297
gha,1971,37.480770111084
gha,1973,37.0380401611328
gha,1974,35.927619934082
gha,1975,35.3994407653809
gha,1976,36.9134101867676
gha,1982,40.6595687866211
gha,1999,44.6510581970215
gha,2000,46.850700378418
gha,2001,44.8894309997559
gha,2002,46.1650314331055
gha,2003,45.7419090270996
gha,2004,47.0352096557617
gha,2005,50.6991310119629
gha,2006,53.6261596679688
gha,2007,57.6069297790527
gha,2008,60.7918281555176
gha,2009,61.2932510375977
gha,2011,62.1589584350586
gha,2012,63.2013397216797
gha,2013,65.2471237182617
gha,2014,67.3985595703125
gin,1971,9.54574966430664
gin,1981,14.3148698806763
gin,1982,13.4860401153564
gin,1983,12.9816102981567
gin,1985,13.5506801605225
gin,1986,12.3870897293091
gin,1987,11.1247301101685
gin,1989,11.3387699127197
gin,1990,11.0539197921753
gin,1991,11.9077501296997
gin,1993,13.0045299530029
gin,1994,13.9420604705811
gin,1996,16.1473999023438
gin,2004,32.9349517822266
gin,2005,35.8736000061035
gin,2006,38.2899589538574
gin,2008,40.8421401977539
gin,2011,44.0675582885742
gin,2014,46.1554412841797
gmb,1995,29.7502593994141
gmb,2008,56.3998908996582
gmb,2010,55.2242317199707
gnb,1989,17.3764801025391
gnq,2000,47.1353607177734
grc,1971,61.1406288146973
grc,1972,63.1892890930176
grc,1973,64.4640579223633
grc,1974,65.6652984619141
grc,1975,66.2103805541992
grc,1976,67.0936431884766
grc,1977,67.1004867553711
grc,1978,66.7342224121094
grc,1979,66.5667724609375
grc,1980,66.5485992431641
grc,1981,68.1840209960938
grc,1982,70.0793914794922
grc,1983,70.6992721557617
grc,1984,73.1969604492188
grc,1985,74.7576675415039
grc,1986,75.611457824707
grc,1987,75.6468505859375
grc,1988,75.0998382568359
grc,1989,74.5897979736328
grc,1990,74.3050918579102
grc,1992,77.0691223144531
grc,1993,76.6851425170898
grc,1994,75.3818130493164
grc,1995,76.2543487548828
grc,1996,76.3413009643555
grc,1997,76.9424209594727
grc,1998,81.760986328125
grc,1999,81.5646514892578
grc,2000,83.8207397460938
grc,2001,87.1628265380859
grc,2002,91.1395263671875
grc,2003,91.554801940918
grc,2004,94.0235595703125
grc,2005,97.845329284668
grc,2006,98.3303909301758
grc,2007,95.8341674804688
grc,2010,101.888160705566
grc,2011,102.513198852539
grc,2012,103.962547302246
grc,2013,104.557113647461
grd,1979,73.2902603149414
grd,1980,73.3238296508789
grd,1982,71.4487609863281
grd,1983,68.1441116333008
grd,1984,69.0631103515625
grd,2009,94.3190536499023
gtm,1970,24.7557601928711
gtm,1971,25.0734806060791
gtm,1972,25.8818092346191
gtm,1973,25.9316596984863
gtm,1974,27.2215099334717
gtm,1975,27.9983806610107
gtm,1976,28.4736404418945
gtm,1977,29.7128200531006
gtm,1978,31.6695003509521
gtm,2002,56.4715995788574
gtm,2007,66.6219863891602
gtm,2013,67.3489379882813
guy,1971,63.8789710998535
guy,1972,64.3600311279297
guy,1973,65.1642990112305
guy,1976,66.6596298217773
guy,1984,59.5778884887695
guy,1985,60.5239715576172
guy,1986,62.6291885375977
guy,2005,78.9807510375977
guy,2007,73.6689300537109
guy,2008,73.2789993286133
guy,2009,70.9897613525391
guy,2010,71.2674865722656
guy,2011,71.848388671875
guy,2012,69.0703887939453
hic,1998,89.5038299560547
hic,1999,90.2692031860352
hic,2000,90.0400085449219
hic,2001,90.9915390014648
hic,2002,91.626823425293
hic,2003,92.6652984619141
hic,2004,92.7824935913086
hic,2005,93.6376800537109
hic,2006,93.7329788208008
hic,2007,94.1437835693359
hic,2008,94.6881332397461
hic,2009,95.3359832763672
hic,2010,96.3262634277344
hic,2011,96.8901519775391
hic,2012,97.1288833618164
hic,2013,98.8121185302734
hic,2014,98.9679107666016
hkg,1971,57.365421295166
hkg,1972,57.7711791992188
hkg,1973,57.7916717529297
hkg,1974,57.7608299255371
hkg,1975,57.8340492248535
hkg,1976,57.2712211608887
hkg,1977,56.1161193847656
hkg,1979,55.968391418457
hkg,1980,55.8319816589355
hkg,1982,57.1400604248047
hkg,1983,58.5684394836426
hkg,1984,59.9001884460449
hkg,2012,89.1100616455078
hkg,2013,92.1152877807617
hkg,2014,93.8535919189453
hnd,1980,53.3401985168457
hnd,1991,60.0851707458496
hnd,2008,74.918830871582
hnd,2010,76.9814529418945
hnd,2012,75.1165237426758
hnd,2013,73.3207473754883
hnd,2014,71.0919570922852
hpc,1999,33.3056793212891
hpc,2000,34.7497482299805
hpc,2001,36.3899612426758
hpc,2002,38.8713493347168
hpc,2003,40.7728996276855
hpc,2004,42.2079582214355
hpc,2005,44.311710357666
hpc,2006,46.2031784057617
hpc,2007,47.9104881286621
hpc,2008,50.3805198669434
hpc,2009,51.3113403320313
hpc,2010,52.1634101867676
hpc,2011,52.8581504821777
hpc,2012,53.862491607666
hpc,2013,54.2809181213379
hpc,2014,54.9285087585449
hrv,1993,64.9911575317383
hrv,1994,67.7771835327148
hrv,1995,67.1098175048828
hrv,1996,67.6537322998047
hrv,1997,68.2373504638672
hrv,1998,69.887580871582
hrv,1999,72.009147644043
hrv,2000,72.5223999023438
hrv,2001,73.6562118530273
hrv,2002,75.3220672607422
hrv,2003,77.2422714233398
hrv,2005,81.5584411621094
hrv,2006,82.1798324584961
hrv,2007,83.0380096435547
hrv,2008,84.1154022216797
hrv,2009,84.5759735107422
hrv,2010,88.0479888916016
hrv,2011,89.155029296875
hrv,2012,90.8176574707031
hrv,2014,94.19970703125
hun,1971,57.2241516113281
hun,1972,56.4524383544922
hun,1973,56.5868911743164
hun,1974,55.7502212524414
hun,1975,56.5593605041504
hun,1976,57.6048202514648
hun,1977,59.1736488342285
hun,1978,60.5285987854004
hun,1979,62.0909118652344
hun,1980,63.7423210144043
hun,1981,66.0741195678711
hun,1982,70.1181793212891
hun,1983,72.3547592163086
hun,1984,73.659782409668
hun,1985,74.0535888671875
hun,1986,73.5956115722656
hun,1987,72.1184387207031
hun,1988,70.3284301757813
hun,1989,69.1454086303711
hun,1990,68.0235214233398
hun,1991,67.211669921875
hun,1992,66.856559753418
hun,1994,72.3464508056641
hun,1995,72.8337631225586
hun,1996,73.7240905761719
hun,1997,74.5963592529297
hun,1998,76.9657669067383
hun,1999,78.9553375244141
hun,2000,81.2507629394531
hun,2001,84.0972900390625
hun,2002,87.2801208496094
hun,2003,91.3080596923828
hun,2004,90.1587066650391
hun,2005,92.7398223876953
hun,2006,94.0749816894531
hun,2007,93.8973922729492
hun,2008,93.0853576660156
hun,2009,91.9518203735352
hun,2010,92.2153625488281
hun,2011,91.7371826171875
hun,2012,92.0064086914063
hun,2013,95.8073120117188
hun,2014,94.2972030639648
idn,1970,38.7024116516113
idn,1972,39.184928894043
idn,1976,41.6850891113281
idn,1982,52.8261795043945
idn,1983,55.9142112731934
idn,1984,57.1099815368652
idn,1993,56.9095191955566
idn,1995,58.305778503418
idn,1996,58.5637817382813
idn,1999,62.0856895446777
idn,2000,61.5063781738281
idn,2001,61.5788612365723
idn,2002,62.6933708190918
idn,2003,63.871150970459
idn,2004,64.6741561889648
idn,2006,64.717903137207
idn,2007,68.6355514526367
idn,2008,68.5949478149414
idn,2009,71.499382019043
idn,2010,74.0060882568359
idn,2011,75.8826217651367
idn,2012,77.7624664306641
idn,2013,77.1960678100586
idn,2014,76.7504272460938
ind,1971,27.4371109008789
ind,1973,28.8243007659912
ind,1976,29.1698894500732
ind,1977,30.1496200561523
ind,1978,29.1224193572998
ind,1980,30.4464492797852
ind,1981,31.563159942627
ind,1982,32.1091995239258
ind,1983,34.1127014160156
ind,1984,34.5851707458496
ind,1986,36.785701751709
ind,1987,36.4929084777832
ind,1988,37.1300392150879
ind,1989,37.9629211425781
ind,1995,43.5247116088867
ind,1996,43.7392692565918
ind,1997,44.179271697998
ind,2000,45.0023918151855
ind,2001,45.1767196655273
ind,2002,46.6181716918945
ind,2003,52.334529876709
ind,2007,58.5426788330078
ind,2009,61.2552490234375
ind,2010,63.0126495361328
ind,2011,65.7569122314453
ind,2013,70.8486480712891
irl,1971,69.1906433105469
irl,1972,68.9178924560547
irl,1973,70.6383438110352
irl,1974,71.0339431762695
irl,1976,74.3942794799805
irl,1977,75.4915390014648
irl,1978,75.6879806518555
irl,1979,75.3794097900391
irl,1980,74.8612289428711
irl,1981,74.3489608764648
irl,1982,74.5972137451172
irl,1983,74.8889236450195
irl,1984,75.1705322265625
irl,1985,75.9419708251953
irl,1986,76.5767593383789
irl,1987,77.6778869628906
irl,1988,78.2966079711914
irl,1989,78.4434814453125
irl,1990,78.5652313232422
irl,1991,78.2830505371094
irl,1992,79.0421829223633
irl,1993,81.418342590332
irl,1994,82.4943237304688
irl,1995,83.2462997436523
irl,1996,84.0197067260742
irl,1997,85.7308807373047
irl,1998,88.7894973754883
irl,1999,90.0245513916016
irl,2000,91.3552169799805
irl,2001,92.414680480957
irl,2002,94.3272933959961
irl,2003,96.6095733642578
irl,2004,97.1453704833984
irl,2005,98.0750198364258
irl,2006,98.4807662963867
irl,2007,100.988761901855
irl,2008,100.317581176758
irl,2009,102.55908203125
irl,2010,104.844459533691
irl,2011,104.200042724609
irl,2012,105.002792358398
irn,1971,28.7126598358154
irn,1972,30.7110805511475
irn,1973,32.3150100708008
irn,1974,33.6703414916992
irn,1975,37.8261604309082
irn,1976,41.0947685241699
irn,1977,43.5621795654297
irn,1999,67.815559387207
irn,2000,67.4496002197266
irn,2001,67.1834030151367
irn,2002,65.8763122558594
irn,2003,64.6785202026367
irn,2004,63.501091003418
irn,2005,62.5021896362305
irn,2006,63.8046989440918
irn,2007,66.0890121459961
irn,2008,69.5926208496094
irn,2009,69.9102783203125
irn,2010,71.510368347168
irn,2011,75.4263000488281
irn,2012,87.5847930908203
irn,2013,85.9103698730469
irn,2014,87.3733901977539
irq,1971,23.0301895141602
irq,1972,23.602180480957
irq,1973,25.0338306427002
irq,1974,26.8870697021484
irq,1975,30.1363201141357
irq,1976,34.2842216491699
irq,1977,38.5044784545898
irq,1978,41.7432403564453
irq,1979,53.5100784301758
irq,1980,57.7168388366699
irq,1981,58.4738883972168
irq,1982,58.5042915344238
irq,1983,55.6964912414551
irq,1984,54.324390411377
irq,1985,53.5446586608887
irq,1986,53.7574501037598
irq,1987,53.9108505249023
irq,1988,54.2891807556152
irq,1989,52.8590316772461
irq,1999,46.7465896606445
irq,2000,47.040599822998
irq,2004,54.8383712768555
isl,1971,66.6078567504883
isl,1975,67.0859527587891
isl,1976,67.4687423706055
isl,1977,68.8166427612305
isl,1983,72.1826629638672
isl,1984,73.0253372192383
isl,1986,73.4211883544922
isl,1989,77.5210571289063
isl,1993,82.4412994384766
isl,1994,83.9692306518555
isl,1995,84.4316711425781
isl,1996,85.1859436035156
isl,1998,90.4452514648438
isl,1999,91.2450714111328
isl,2000,93.426887512207
isl,2001,94.3591537475586
isl,2002,97.2802734375
isl,2003,101.579711914063
isl,2004,99.7452621459961
isl,2005,100.89331817627
isl,2006,102.097183227539
isl,2007,102.446952819824
isl,2008,103.334617614746
isl,2009,102.982719421387
isl,2010,104.117462158203
isl,2011,103.920402526855
isl,2012,105.401992797852
isr,1973,70.4509887695313
isr,1975,71.0913696289063
isr,1977,73.2980728149414
isr,1978,74.1835708618164
isr,1979,75.9733581542969
isr,1980,77.8302001953125
isr,1983,80.0715179443359
isr,1984,81.2107162475586
isr,1986,81.1096496582031
isr,1987,80.5341110229492
isr,1988,80.7121276855469
isr,1989,79.8960800170898
isr,1990,78.7543487548828
isr,1991,80.3702926635742
isr,1993,81.9835662841797
isr,1999,89.8709564208984
isr,2000,91.6887893676758
isr,2001,92.6662902832031
isr,2002,94.9176406860352
isr,2003,94.0436782836914
isr,2004,93.9366073608398
isr,2005,93.9412536621094
isr,2006,93.3041534423828
isr,2007,94.6429901123047
isr,2008,93.8357772827148
isr,2009,94.7022094726563
isr,2011,96.7226791381836
isr,2012,96.8599395751953
isr,2013,96.8837966918945
isr,2014,96.9429702758789
ita,1971,58.862979888916
ita,1972,60.692699432373
ita,1973,62.4963684082031
ita,1974,63.9486618041992
ita,1975,64.8889923095703
ita,1976,66.0967330932617
ita,1977,66.6674728393555
ita,1978,67.067497253418
ita,1979,66.9549026489258
ita,1980,66.8751907348633
ita,1981,66.5705795288086
ita,1983,65.5561981201172
ita,1984,65.3245697021484
ita,1985,65.5063781738281
ita,1986,65.364013671875
ita,1987,65.1242370605469
ita,1988,65.8433303833008
ita,1989,66.5387802124023
ita,1990,67.8999710083008
ita,1991,68.3609619140625
ita,1992,69.9923324584961
ita,1993,71.7606582641602
ita,1994,74.8596496582031
ita,1995,75.4133682250977
ita,1996,76.6337585449219
ita,1997,79.2736968994141
ita,1998,81.1931381225586
ita,1999,82.3704528808594
ita,2000,82.7134170532227
ita,2001,85.5136413574219
ita,2002,87.0565567016602
ita,2003,89.140983581543
ita,2004,90.9375228881836
ita,2005,92.219841003418
ita,2006,93.5860977172852
ita,2007,94.2383270263672
ita,2008,94.5482330322266
ita,2009,94.8538970947266
ita,2010,94.7079086303711
ita,2011,94.9073333740234
ita,2012,93.8435211181641
ita,2013,93.6404266357422
jam,1973,67.8872680664063
jam,1974,66.4663467407227
jam,2000,71.9843978881836
jam,2001,72.5842971801758
jam,2002,79.2956314086914
jor,1971,53.3481292724609
jor,1972,55.4834403991699
jor,1973,59.0855293273926
jor,1974,62.9662017822266
jor,1975,66.168571472168
jor,1976,68.9534606933594
jor,1977,71.3554229736328
jor,1978,72.5682983398438
jor,1979,74.4315872192383
jor,1980,76.2981719970703
jor,1981,76.0055694580078
jor,1982,76.6150131225586
jor,1983,76.5116424560547
jor,1984,77.2813186645508
jor,1985,78.558349609375
jor,1986,78.0705490112305
jor,1987,77.8976669311523
jor,1988,78.7640991210938
jor,1989,76.3645172119141
jor,1990,75.2991561889648
jor,1991,75.5254364013672
jor,1992,76.9270095825195
jor,1993,76.1529922485352
jor,1994,74.7415924072266
jor,1996,74.7570190429688
jor,2000,78.5876235961914
jor,2002,80.7223892211914
jor,2003,82.8322830200195
jor,2004,83.9387588500977
jor,2005,83.3346710205078
jor,2006,83.7268600463867
jor,2007,83.2986602783203
jor,2008,83.5899276733398
jor,2010,78.4718704223633
jor,2011,77.4287796020508
jor,2012,77.9843902587891
jpn,1971,64.0418472290039
jpn,1972,65.6054000854492
jpn,1973,67.3244323730469
jpn,1974,68.6973037719727
jpn,1975,70.9266128540039
jpn,1976,73.0293807983398
jpn,1977,74.7666931152344
jpn,1978,75.8779678344727
jpn,1979,76.7122268676758
jpn,1980,77.2985076904297
jpn,1981,77.7103805541992
jpn,1982,77.5932922363281
jpn,1983,77.4066772460938
jpn,1984,77.1683197021484
jpn,1985,77.2439117431641
jpn,1986,77.6023483276367
jpn,1987,77.5210418701172
jpn,1988,77.2782821655273
jpn,1989,76.7838516235352
jpn,1990,76.2417221069336
jpn,1991,75.7429962158203
jpn,1992,75.3224029541016
jpn,1994,78.5225982666016
jpn,1995,78.8432922363281
jpn,1998,80.9800796508789
jpn,1999,81.6548233032227
jpn,2000,82.649040222168
jpn,2001,83.205192565918
jpn,2002,83.6290969848633
jpn,2003,83.8926086425781
jpn,2004,84.48779296875
jpn,2005,84.9814682006836
jpn,2006,85.7991180419922
jpn,2007,85.9721374511719
jpn,2008,86.0161895751953
jpn,2009,86.4222412109375
jpn,2010,86.9842834472656
jpn,2011,87.8948822021484
jpn,2012,88.4934463500977
jpn,2013,88.8312225341797
kaz,1999,78.4285736083984
kaz,2000,80.5639801025391
kaz,2006,92.4849395751953
kaz,2010,87.6831665039063
kaz,2011,89.3987121582031
kaz,2012,91.8525238037109
kaz,2013,92.5574417114258
kaz,2014,93.4045715332031
kaz,2015,94.5457077026367
ken,1984,56.695930480957
ken,1985,57.04833984375
ken,1987,57.3474884033203
ken,2000,51.8581199645996
ken,2001,52.2571907043457
ken,2002,49.6487617492676
ken,2004,56.8771209716797
ken,2005,57.7199897766113
ken,2007,61.7183609008789
ken,2009,65.4327163696289
kgz,1999,75.2004089355469
kgz,2000,76.7594909667969
kgz,2001,77.8960266113281
kgz,2002,78.6831970214844
kgz,2003,80.5518035888672
kgz,2004,79.8646011352539
kgz,2005,79.7576675415039
kgz,2006,80.1856536865234
kgz,2007,79.4619979858398
kgz,2008,77.6610488891602
kgz,2009,75.7914123535156
kgz,2010,74.1010665893555
kgz,2011,75.259521484375
kgz,2013,79.5529022216797
kgz,2014,81.5051193237305
khm,2000,46.311351776123
khm,2001,48.717170715332
khm,2002,53.6118087768555
khm,2004,55.3834381103516
khm,2006,56.8781890869141
khm,2007,57.9746513366699
khm,2008,58.5976104736328
kir,1971,50.4295196533203
kir,1972,62.2267913818359
kir,1973,50.2480010986328
kir,1977,57.9171714782715
kir,1978,58.7055892944336
kir,1979,59.7452507019043
kir,1980,60.6053314208984
kir,1981,60.2697906494141
kir,1982,62.1643295288086
kir,1983,60.830810546875
kir,1984,58.8859214782715
kir,1985,59.6309700012207
kir,1986,58.8468017578125
kir,1987,57.9570083618164
kir,1988,58.8422088623047
kir,1989,62.1311683654785
kir,1990,63.4901084899902
kir,1991,66.331657409668
kir,1992,68.6716079711914
kir,1995,71.4392929077148
kir,1996,72.2174224853516
kir,1999,67.8216934204102
kir,2000,69.1874618530273
kir,2001,77.753303527832
kir,2002,75.3832397460938
kir,2003,79.2581024169922
kir,2004,78.4000930786133
kir,2005,77.0255279541016
kir,2006,74.6949691772461
kir,2007,73.948371887207
kir,2008,74.4223098754883
kna,1984,66.5185012817383
kna,1985,63.1531410217285
kna,1986,61.9558982849121
kna,1987,71.3630981445313
kna,1988,72.6767425537109
kna,1992,75.0544815063477
kna,1993,75.8713836669922
kna,2008,78.1904602050781
kna,2014,86.2638778686523
kor,1971,55.7030982971191
kor,1972,56.8151702880859
kor,1973,57.0355682373047
kor,1974,57.129020690918
kor,1975,57.2696113586426
kor,1976,58.1115493774414
kor,1977,58.4771118164063
kor,1978,59.5500984191895
kor,1979,61.7342185974121
kor,1980,64.8848419189453
kor,1982,68.528190612793
kor,1983,69.594108581543
kor,1984,71.6310272216797
kor,1985,73.0063934326172
kor,1986,73.3940277099609
kor,1987,74.705680847168
kor,1988,73.533073425293
kor,1989,74.0655212402344
kor,1990,74.7883987426758
kor,1991,74.9380798339844
kor,1992,75.2951431274414
kor,1993,77.3596496582031
kor,1994,78.6330490112305
kor,1995,80.7370529174805
kor,1996,83.0955276489258
kor,1997,86.4033279418945
kor,1998,84.9878768920898
kor,1999,86.1771011352539
kor,2000,86.6296615600586
kor,2001,86.6103134155273
kor,2002,87.4266815185547
kor,2003,88.9223098754883
kor,2004,90.3458633422852
kor,2005,91.5614166259766
kor,2006,92.2018432617188
kor,2007,93.0980224609375
kor,2008,93.5616226196289
kor,2009,93.6612319946289
kor,2010,93.674186706543
kor,2011,93.5266723632813
kor,2012,92.6094207763672
kor,2013,92.1256790161133
kwt,1971,49.9925003051758
kwt,1972,52.3638000488281
kwt,1973,52.7861518859863
kwt,1974,53.1975517272949
kwt,1975,54.1484718322754
kwt,1976,56.8433990478516
kwt,1977,63.1086502075195
kwt,1978,65.4633407592773
kwt,1979,66.1772384643555
kwt,1980,67.9558563232422
kwt,1981,69.3505172729492
kwt,1982,70.3416595458984
kwt,1983,71.6549377441406
kwt,1984,72.3356475830078
kwt,1985,72.7707977294922
kwt,1986,72.2693405151367
kwt,1987,68.803108215332
kwt,1988,66.1993637084961
kwt,1989,63.6631698608398
kwt,1990,62.4277114868164
kwt,1992,41.9592895507813
kwt,1993,49.3639106750488
kwt,1994,59.447811126709
kwt,1995,71.5736923217773
kwt,1996,82.9461669921875
kwt,1997,85.6029586791992
kwt,1999,88.2946319580078
kwt,2001,87.0747833251953
kwt,2003,88.7036666870117
kwt,2004,87.3432083129883
kwt,2013,77.5455474853516
lac,1998,78.8838195800781
lac,1999,79.9439697265625
lac,2000,79.6325378417969
lac,2001,80.1279983520508
lac,2002,81.0200271606445
lac,2003,80.5458831787109
lac,2004,80.8890762329102
lac,2005,81.3475875854492
lac,2006,81.9424514770508
lac,2007,82.7844009399414
lac,2008,84.4135437011719
lac,2009,85.0136032104492
lac,2010,84.7662200927734
lac,2011,85.9173889160156
lac,2012,86.064826965332
lac,2013,86.9402923583984
lac,2014,86.3130798339844
lao,1971,17.5058097839355
lao,1972,20.0371799468994
lao,1973,20.8448791503906
lao,1980,40.4858589172363
lao,1981,41.3457412719727
lao,1986,40.4286117553711
lao,1988,41.0212516784668
lao,1990,38.7060890197754
lao,1993,39.3225288391113
lao,1994,41.1291809082031
lao,1995,42.3233604431152
lao,1996,43.9146308898926
lao,1997,45.1829490661621
lao,1998,47.0428810119629
lao,1999,47.9136505126953
lao,2000,47.9919509887695
lao,2001,48.0455284118652
lao,2002,49.6351890563965
lao,2003,51.2810592651367
lao,2004,52.3474807739258
lao,2005,53.2177314758301
lao,2006,53.2662200927734
lao,2007,53.8646507263184
lao,2008,55.0604591369629
lao,2009,56.5361213684082
lao,2010,57.4784088134766
lao,2011,56.2985801696777
lao,2012,57.0643615722656
lao,2013,58.8505783081055
lao,2014,60.7003402709961
lbn,1971,60.9825401306152
lbn,1982,71.2090530395508
lbn,1985,62.0409317016602
lbn,1992,73.2984085083008
lbn,1996,77.3728713989258
lbn,1999,90.1712036132813
lbn,2000,90.6471862792969
lbn,2001,92.1948699951172
lbn,2002,88.8112335205078
lbn,2003,84.0446014404297
lbn,2004,80.0774765014648
lbn,2005,76.7895278930664
lbn,2006,74.1145629882813
lbn,2007,75.3863677978516
lbn,2008,75.9653778076172
lbn,2009,76.4090576171875
lbn,2010,75.2997512817383
lbn,2011,74.8635025024414
lbn,2012,70.6784896850586
lbn,2013,69.1118698120117
lbr,1970,10.7736701965332
lbr,1971,11.3873996734619
lbr,1972,12.3978900909424
lbr,1975,14.384819984436
lbr,1979,18.983699798584
lbr,1999,43.1738510131836
lbr,2000,53.403980255127
lby,1971,36.9345703125
lby,1972,43.7076110839844
lby,1973,50.4714508056641
lby,1974,55.9235992431641
lby,1975,59.6225318908691
lby,1976,63.8224601745605
lby,1977,66.0844879150391
lby,1978,66.0829696655273
lby,1979,70.335823059082
lby,1980,70.3626403808594
lby,1981,69.2987823486328
lby,1983,70.48388671875
lby,2002,96.2720489501953
lby,2003,95.0309600830078
lca,1977,70.9179229736328
lca,1981,65.890983581543
lca,1982,68.8815231323242
lca,1983,69.8149032592773
lca,1984,70.3647232055664
lca,1985,74.8056564331055
lca,1987,75.0542678833008
lca,1993,85.0737915039063
lca,2004,73.2295532226563
lca,2005,76.5431671142578
lca,2006,77.6925506591797
lca,2007,75.923210144043
lcn,1998,78.9683837890625
lcn,1999,80.0449523925781
lcn,2000,79.7814178466797
lcn,2001,80.2924499511719
lcn,2002,81.184700012207
lcn,2003,80.7733917236328
lcn,2004,81.1393585205078
lcn,2005,81.6134796142578
lcn,2006,82.1855392456055
lcn,2007,83.0357818603516
lcn,2008,84.6330337524414
lcn,2009,85.2197265625
lcn,2010,85.0441970825195
lcn,2011,86.1777191162109
lcn,2012,86.3498916625977
lcn,2013,87.2756729125977
lcn,2014,86.6993179321289
ldc,1998,35.9359817504883
ldc,1999,36.5467681884766
ldc,2000,37.9083290100098
ldc,2001,39.2641181945801
ldc,2002,41.507209777832
ldc,2003,43.0385818481445
ldc,2004,43.8540191650391
ldc,2005,45.5583114624023
ldc,2006,47.2435302734375
ldc,2007,48.6936492919922
ldc,2008,50.4903984069824
ldc,2009,51.6894989013672
ldc,2010,52.9217109680176
ldc,2011,54.0812606811523
ldc,2012,54.8809814453125
ldc,2013,55.338321685791
ldc,2014,55.5765686035156
lic,1998,33.4856414794922
lic,1999,33.7430114746094
lic,2000,35.0514907836914
lic,2001,36.5790786743164
lic,2002,39.2725791931152
lic,2003,41.1206398010254
lic,2004,42.4594306945801
lic,2005,44.6407508850098
lic,2006,46.7671089172363
lic,2007,48.4737892150879
lic,2008,50.9240112304688
lic,2009,52.008129119873
lic,2010,53.0269012451172
lic,2011,53.9315910339355
lic,2012,54.750919342041
lic,2013,54.9966201782227
lic,2014,55.4117012023926
lie,2003,77.8604125976563
lie,2004,79.1065902709961
lie,2006,79.3615188598633
lie,2007,79.3103408813477
lie,2008,79.8940277099609
lie,2009,79.3200302124023
lie,2010,78.7204132080078
lie,2011,80.4317016601563
lie,2012,80.0510787963867
lie,2014,78.0188369750977
lka,1981,57.4964790344238
lka,1983,58.7371788024902
lka,1984,59.7376403808594
lka,1985,60.6667900085449
lka,1986,62.2610015869141
lka,1994,67.4991912841797
lka,2010,77.1854629516602
lka,2011,77.7618713378906
lka,2012,79.1588592529297
lka,2013,80.3203964233398
lmc,1998,48.2783393859863
lmc,1999,48.7719612121582
lmc,2000,49.7308311462402
lmc,2001,50.0392303466797
lmc,2002,51.0431900024414
lmc,2003,54.0507507324219
lmc,2004,54.9495582580566
lmc,2005,55.9776802062988
lmc,2006,56.8530807495117
lmc,2007,58.2739181518555
lmc,2008,59.5257186889648
lmc,2009,60.3586883544922
lmc,2010,61.9058113098145
lmc,2011,63.5932807922363
lmc,2012,65.2858276367188
lmc,2013,66.4033203125
lmc,2014,66.7102966308594
lmy,1998,54.5828094482422
lmy,1999,55.1925392150879
lmy,2000,55.8514518737793
lmy,2001,56.2542381286621
lmy,2002,57.2299613952637
lmy,2003,59.0716094970703
lmy,2004,59.8119583129883
lmy,2005,60.1174201965332
lmy,2006,60.9837989807129
lmy,2007,62.3319892883301
lmy,2008,63.6848487854004
lmy,2009,64.5701370239258
lmy,2010,65.6612319946289
lmy,2011,67.0681381225586
lmy,2012,68.4753265380859
lmy,2013,69.9417266845703
lmy,2014,70.4525680541992
lso,1970,52.1252288818359
lso,1973,53.6550483703613
lso,1975,60.3811302185059
lso,1977,59.4246215820313
lso,1978,58.8331909179688
lso,1979,59.7090682983398
lso,1981,61.6593894958496
lso,1982,63.293041229248
lso,1983,64.1808776855469
lso,1984,63.6646194458008
lso,1985,65.2563095092773
lso,1986,65.4855270385742
lso,1987,67.997802734375
lso,1988,69.9064102172852
lso,1989,69.1740036010742
lso,1990,68.264030456543
lso,1991,68.8751602172852
lso,1992,68.2783737182617
lso,1993,65.8755035400391
lso,1994,67.3961791992188
lso,1996,66.7203979492188
lso,1999,62.7102890014648
lso,2000,67.0536727905273
lso,2001,66.9687805175781
lso,2002,66.7469787597656
lso,2003,67.7615280151367
lso,2005,66.4919509887695
lso,2006,66.3695907592773
lso,2012,67.996467590332
lso,2013,66.3059387207031
lso,2014,65.3838272094727
ltu,1993,69.7356185913086
ltu,1995,72.6049499511719
ltu,1996,75.4211120605469
ltu,1997,78.5340194702148
ltu,1998,82.4677429199219
ltu,1999,86.2485198974609
ltu,2000,90.3357315063477
ltu,2001,93.755500793457
ltu,2002,96.6170120239258
ltu,2003,99.5020217895508
ltu,2004,100.139183044434
ltu,2005,101.69091796875
ltu,2006,101.681571960449
ltu,2007,101.966850280762
ltu,2008,102.535652160645
ltu,2009,103.416473388672
ltu,2010,102.622482299805
ltu,2011,100.477668762207
ltu,2012,99.1952362060547
ltu,2013,99.268310546875
ltu,2014,99.1490173339844
lux,1971,57.2187194824219
lux,1972,56.3791618347168
lux,1973,55.4665489196777
lux,1974,55.7498016357422
lux,1975,54.6730499267578
lux,1976,54.4749603271484
lux,1977,54.6014518737793
lux,1978,54.140380859375
lux,1979,53.5455589294434
lux,1980,52.3678703308105
lux,1981,51.3088188171387
lux,1982,54.5611991882324
lux,1983,53.8992881774902
lux,1984,53.6413917541504
lux,1986,54.45751953125
lux,1987,54.3132514953613
lux,2001,76.5417404174805
lux,2003,76.8007965087891
lux,2006,77.0253601074219
lux,2008,75.8207321166992
lux,2010,78.5212020874023
lux,2012,77.8724212646484
lva,1991,75.1417770385742
lva,1992,74.907600402832
lva,1997,76.9119110107422
lva,1998,81.97509765625
lva,1999,85.8239974975586
lva,2000,89.8164367675781
lva,2001,92.6658630371094
lva,2002,95.0394973754883
lva,2003,97.0413589477539
lva,2004,100.152870178223
lva,2005,102.276100158691
lva,2006,102.768859863281
lva,2007,103.094268798828
lva,2008,103.651741027832
lva,2009,100.59651184082
lva,2010,97.1510391235352
lva,2011,94.6185836791992
lva,2012,93.2551879882813
lva,2013,97.1232833862305
lva,2014,97.6883697509766
mac,1990,58.9360885620117
mac,1992,65.7884826660156
mac,1993,69.3621673583984
mar,1971,15.8863496780396
mar,1972,16.2952709197998
mar,1974,17.3309307098389
mar,1975,18.0553302764893
mar,1976,19.9217891693115
mar,1977,21.095630645752
mar,1978,22.7221202850342
mar,1979,24.3831596374512
mar,1986,31.8961391448975
mar,1987,32.0597915649414
mar,1988,32.1068382263184
mar,1989,31.4274597167969
mar,1990,32.6734580993652
mar,1991,32.8581008911133
mar,1992,33.6670303344727
mar,1993,35.1922912597656
mar,1994,36.918830871582
mar,1995,38.4443893432617
mar,1997,40.2304306030273
mar,1998,40.6700897216797
mar,1999,43.0980606079102
mar,2000,45.9865684509277
mar,2001,48.510181427002
mar,2002,51.0849418640137
mar,2003,52.9213790893555
mar,2004,54.247859954834
mar,2005,55.003101348877
mar,2006,55.263988494873
mar,2007,56.7680206298828
mar,2008,57.910701751709
mar,2009,59.212818145752
mar,2010,61.655029296875
mar,2011,63.9979286193848
mar,2012,66.3159790039063
mar,2013,68.6457824707031
mda,1995,72.4039535522461
mda,1999,73.1212692260742
mda,2000,73.2442092895508
mda,2001,71.9939422607422
mda,2002,72.5662002563477
mda,2003,73.0376586914063
mda,2004,73.9327621459961
mda,2005,74.1911087036133
mda,2006,74.9816513061523
mda,2007,74.6038589477539
mda,2008,73.7058792114258
mda,2009,72.2329635620117
mda,2010,71.4675598144531
mda,2011,71.9719924926758
mda,2012,72.3871994018555
mda,2013,72.8776168823242
mdg,1971,36.2891998291016
mdg,1989,41.6785888671875
mdg,1990,40.5879287719727
mdg,2005,58.6902809143066
mdg,2006,59.5176811218262
mdg,2007,60.653148651123
mdg,2008,61.7360801696777
mdg,2009,64.6805267333984
mdg,2011,64.5038833618164
mdg,2012,65.1179733276367
mdv,1998,71.5203094482422
mdv,1999,72.8244476318359
mdv,2000,74.9526519775391
mdv,2001,74.9721221923828
mdv,2002,73.0042419433594
mdv,2003,73.5796127319336
mea,1999,61.5903091430664
mea,2000,62.3108596801758
mea,2001,63.2278518676758
mea,2002,63.9452018737793
mea,2003,64.5415573120117
mea,2004,65.4077606201172
mea,2005,66.2643890380859
mea,2006,67.0240020751953
mea,2007,67.5759506225586
mea,2008,68.9845123291016
mea,2009,69.7292785644531
mea,2010,71.0410766601563
mea,2011,72.7515029907227
mea,2012,75.0243530273438
mea,2013,75.4941864013672
mea,2014,76.2715072631836
mex,1971,48.3521881103516
mex,1972,49.1024894714355
mex,1977,58.6349792480469
mex,1978,59.5299911499023
mex,1980,65.1061401367188
mex,1981,66.9399032592773
mex,1982,68.0998077392578
mex,1983,68.0407485961914
mex,1984,68.4640884399414
mex,1993,61.3478393554688
mex,1994,61.7147903442383
mex,1995,62.7173118591309
mex,1996,63.7388114929199
mex,1997,64.7555236816406
mex,1998,66.3468780517578
mex,1999,67.5710525512695
mex,2000,69.0037384033203
mex,2001,69.8991775512695
mex,2002,71.3458404541016
mex,2003,73.2015533447266
mex,2004,73.5529708862305
mex,2005,73.6743316650391
mex,2006,74.088493347168
mex,2007,74.5580825805664
mex,2008,75.3503112792969
mex,2009,75.5745391845703
mex,2010,76.0154724121094
mex,2011,76.3218002319336
mex,2012,77.2186965942383
mex,2013,77.7063522338867
mex,2014,78.7181167602539
mhl,2002,73.8406219482422
mic,1998,56.8216705322266
mic,1999,57.5168685913086
mic,2000,58.1452217102051
mic,2001,58.473518371582
mic,2002,59.2990913391113
mic,2003,61.1916198730469
mic,2004,61.8887901306152
mic,2005,62.0169296264648
mic,2006,62.7754707336426
mic,2007,64.128547668457
mic,2008,65.3907470703125
mic,2009,66.3022537231445
mic,2010,67.4595565795898
mic,2011,69.0066528320313
mic,2012,70.5696411132813
mic,2013,72.2969512939453
mic,2014,72.898567199707
mkd,1993,62.9124183654785
mkd,1994,64.029541015625
mkd,1995,65.6747207641602
mkd,1996,66.794792175293
mkd,1997,67.4993896484375
mkd,1998,68.0080718994141
mkd,1999,68.9140396118164
mkd,2000,69.2155685424805
mkd,2001,69.6805419921875
mkd,2002,69.9438629150391
mkd,2003,69.8735275268555
mkd,2004,69.7640380859375
mkd,2005,70.2230987548828
mkd,2007,70.7724761962891
mkd,2008,71.2978668212891
mkd,2009,71.0424270629883
mkd,2010,70.9224090576172
mkd,2012,70.9589080810547
mli,1971,7.52099990844727
mli,1976,8.90715026855469
mli,1978,9.92926025390625
mli,1979,10.3735198974609
mli,1980,10.2733402252197
mli,1982,9.708740234375
mli,1983,9.49063014984131
mli,1987,8.77126026153564
mli,1989,10.3377704620361
mli,1990,10.3125
mli,1991,10.6044998168945
mli,1992,11.2669496536255
mli,1993,12.7058000564575
mli,1995,15.8070497512817
mli,1996,16.9315700531006
mli,1997,18.7056198120117
mli,1998,20.8563194274902
mli,1999,23.1368103027344
mli,2000,24.9341201782227
mli,2008,40.8884391784668
mli,2009,42.7332611083984
mli,2010,44.4734382629395
mli,2011,45.9434013366699
mlt,1972,53.749080657959
mlt,1973,54.1715316772461
mlt,1974,53.7789192199707
mlt,1975,56.8193817138672
mlt,1976,58.6974716186523
mlt,1977,59.093448638916
mlt,1978,58.8723983764648
mlt,1979,58.3186683654785
mlt,1980,59.8264083862305
mlt,1981,58.564338684082
mlt,1982,60.5282211303711
mlt,1983,61.1541595458984
mlt,1984,63.1427803039551
mlt,1985,65.1736907958984
mlt,1986,66.2462463378906
mlt,1987,66.5686264038086
mlt,1988,68.0951766967773
mlt,1989,70.0329666137695
mlt,1990,72.5437393188477
mlt,1991,73.3092422485352
mlt,1992,73.6761779785156
mlt,1993,74.1084518432617
mlt,1994,73.411506652832
mlt,1995,73.6233062744141
mlt,1996,75.0518112182617
mlt,1997,74.7024002075195
mlt,1998,76.1305694580078
mlt,1999,74.6848831176758
mlt,2000,75.3297576904297
mlt,2001,75.9487609863281
mlt,2002,77.5640411376953
mlt,2003,81.1349334716797
mlt,2004,83.7458801269531
mlt,2005,84.6905288696289
mlt,2006,83.5677719116211
mlt,2007,83.8685989379883
mlt,2008,82.3325881958008
mlt,2010,81.0368576049805
mlt,2011,76.9324035644531
mlt,2012,76.2876892089844
mlt,2013,75.9357681274414
mlt,2014,76.5957870483398
mmr,1972,34.0892105102539
mmr,1977,34.616771697998
mmr,1992,45.2555389404297
mmr,1993,45.771900177002
mna,1999,60.8901901245117
mna,2000,61.5177993774414
mna,2001,62.3542213439941
mna,2002,62.9704208374023
mna,2003,63.3992805480957
mna,2004,64.1588897705078
mna,2005,64.9402236938477
mna,2006,65.7340774536133
mna,2007,66.3384628295898
mna,2008,67.8364715576172
mna,2009,68.6539306640625
mna,2010,69.8854522705078
mna,2011,71.5993270874023
mna,2012,73.8234710693359
mna,2013,74.0412521362305
mna,2014,74.6914215087891
mne,2003,73.9170074462891
mne,2004,75.1196594238281
mne,2005,77.3135833740234
mne,2006,79.8530197143555
mne,2007,83.1561889648438
mne,2008,89.2006530761719
mne,2009,89.4350128173828
mne,2010,90.6410675048828
mng,1996,62.4091911315918
mng,1997,64.2898025512695
mng,1998,67.1408004760742
mng,1999,68.0987701416016
mng,2000,71.132942199707
mng,2001,75.5979766845703
mng,2002,77.7396621704102
mng,2003,81.3506011962891
mng,2004,84.1110610961914
mng,2005,84.1587829589844
mng,2006,84.7615127563477
mng,2009,91.4668197631836
mng,2010,93.4550476074219
mng,2014,90.1407470703125
moz,1973,11.6231203079224
moz,1977,26.512939453125
moz,1982,28.5857105255127
moz,1985,24.9208393096924
moz,1987,23.5016098022461
moz,1992,20.0290699005127
moz,1993,19.757230758667
moz,1994,20.0937595367432
moz,1995,21.2987098693848
moz,1999,28.7426891326904
moz,2000,31.3986797332764
moz,2001,34.4321403503418
moz,2002,36.5343017578125
moz,2004,41.9028587341309
moz,2005,45.6950912475586
moz,2006,48.0912590026855
moz,2007,51.7405815124512
moz,2008,54.5924186706543
moz,2009,55.9594192504883
moz,2010,57.188419342041
moz,2011,55.9457702636719
moz,2012,55.4643287658691
moz,2013,55.6715507507324
moz,2014,55.805980682373
mrt,1988,20.5275897979736
mrt,1989,20.1741790771484
mrt,1990,19.3753108978271
mrt,1991,20.5292491912842
mrt,1992,22.9097690582275
mrt,1993,26.3292102813721
mrt,1994,29.2105693817139
mrt,1995,30.9241199493408
mrt,1996,32.568790435791
mrt,1997,34.7999687194824
mrt,1998,37.1031684875488
mrt,1999,38.6171188354492
mrt,2001,39.157470703125
mrt,2002,40.1258201599121
mrt,2003,41.6783714294434
mrt,2004,44.6994018554688
mrt,2005,45.1136703491211
mrt,2006,45.9786415100098
mrt,2008,42.9438095092773
mrt,2009,45.3573913574219
mrt,2010,45.9565086364746
mrt,2011,46.3041610717773
mrt,2012,48.2550315856934
mrt,2013,49.8230400085449
mus,1971,49.7240791320801
mus,1972,50.9126510620117
mus,1973,51.3191299438477
mus,1974,51.5706787109375
mus,1975,51.4748992919922
mus,1976,51.3947601318359
mus,1977,53.4870109558105
mus,1978,53.4350814819336
mus,1979,51.8409881591797
mus,1980,51.4381904602051
mus,1981,52.4058113098145
mus,1982,52.258659362793
mus,1983,52.780330657959
mus,1984,51.2572212219238
mus,1985,52.6187896728516
mus,1986,53.4609909057617
mus,1987,54.2623481750488
mus,1988,54.8164215087891
mus,1989,55.7089195251465
mus,1990,56.6128997802734
mus,1999,65.6340713500977
mus,2000,66.0347366333008
mus,2001,68.8893203735352
mus,2002,69.4468688964844
mus,2003,71.1429595947266
mus,2004,72.4415893554688
mus,2005,75.1764907836914
mus,2006,76.5643615722656
mus,2007,77.6450805664063
mus,2008,78.4507217407227
mus,2009,79.7574462890625
mus,2010,79.8275833129883
mus,2011,80.8131332397461
mus,2012,83.744873046875
mus,2013,82.2666625976563
mus,2014,84.6950912475586
mwi,1980,26.7262592315674
mwi,1981,27.1636905670166
mwi,1982,29.1793994903564
mwi,1983,28.1941108703613
mwi,1984,26.6468391418457
mwi,1985,27.2970695495605
mwi,1986,27.5400390625
mwi,1987,28.4239501953125
mwi,1988,28.2508697509766
mwi,1989,30.3520202636719
mwi,1990,32.3641014099121
mwi,1991,33.6467781066895
mwi,1993,43.9186592102051
mwi,1994,46.9775581359863
mwi,1995,67.7900619506836
mwi,1996,67.018798828125
mwi,1999,65.7665786743164
mwi,2000,65.3576431274414
mwi,2002,65.5294876098633
mwi,2004,63.3885307312012
mwi,2005,62.2558784484863
mwi,2006,62.8995208740234
mwi,2007,61.3964805603027
mwi,2010,67.770751953125
mwi,2011,69.0214080810547
nac,1998,98.2866134643555
nac,1999,98.0914001464844
nac,2000,95.1227798461914
nac,2001,96.1108093261719
nac,2002,96.275016784668
nac,2003,97.5803298950195
nac,2004,97.9880523681641
nac,2005,98.4040069580078
nac,2006,98.6418685913086
nac,2007,99.5343933105469
nac,2008,100.038749694824
nac,2009,101.124572753906
nac,2010,101.815139770508
nac,2011,102.563346862793
nac,2012,102.131057739258
nac,2013,101.276779174805
nac,2014,101.150146484375
nam,1991,73.9945373535156
nam,1994,77.5677108764648
nam,1995,75.9584121704102
nam,1997,73.8340301513672
nam,1998,73.4386596679688
nam,1999,71.7891616821289
nam,2001,73.8567962646484
nam,2002,73.7098007202148
nam,2003,73.5157623291016
nam,2005,71.5244827270508
nam,2006,70.9105987548828
ner,1971,3.53526997566223
ner,1972,3.70799994468689
ner,1973,3.9292299747467
ner,1974,4.29325008392334
ner,1975,4.60279989242554
ner,1976,5.2387900352478
ner,1977,5.82735013961792
ner,1978,6.32952976226807
ner,1979,6.85415983200073
ner,1980,7.28636980056763
ner,1981,7.79733991622925
ner,1989,9.17846965789795
ner,1990,9.43698024749756
ner,2003,16.9516296386719
ner,2004,18.9187107086182
ner,2005,20.1546306610107
ner,2006,20.9522800445557
ner,2007,21.9564800262451
ner,2008,24.1378402709961
ner,2009,26.0813598632813
ner,2010,28.6440696716309
ner,2011,30.4940299987793
ner,2012,31.9986705780029
nga,1986,44.1984596252441
nga,1987,43.3000411987305
nga,1989,40.334041595459
nga,1999,43.1994094848633
nga,2000,44.8409690856934
nga,2001,44.9974212646484
nga,2002,46.2615203857422
nga,2004,49.9725799560547
nga,2005,50.796028137207
nic,1970,36.9690017700195
nic,1971,37.7047691345215
nic,1972,37.7802314758301
nic,1973,38.1298713684082
nic,1975,40.7150688171387
nic,1977,43.2129898071289
nic,1982,53.7071418762207
nic,1983,56.3951110839844
nic,1984,54.0590400695801
nic,1985,56.2517013549805
nic,1986,54.4073295593262
nic,1987,56.082088470459
nic,2002,71.7095413208008
nld,1971,63.9531288146973
nld,1972,65.7110824584961
nld,1975,68.9221725463867
nld,1976,71.2342376708984
nld,1977,72.0800018310547
nld,1978,72.6612014770508
nld,1979,72.6941986083984
nld,1980,73.3522720336914
nld,1981,73.4496994018555
nld,1982,73.5965576171875
nld,1983,73.8020629882813
nld,1984,74.1484603881836
nld,1985,73.9104080200195
nld,1986,80.0865936279297
nld,1987,80.5932922363281
nld,1988,80.7498474121094
nld,1989,81.0263214111328
nld,1990,82.016471862793
nld,1991,83.8978576660156
nld,1992,84.2389678955078
nld,1993,86.7292022705078
nld,1994,96.2248611450195
nld,1995,96.8241271972656
nld,1996,96.9522323608398
nld,1997,95.864013671875
nld,1998,96.6914825439453
nld,1999,96.0904235839844
nld,2000,97.6319198608398
nld,2001,98.9270477294922
nld,2002,97.860237121582
nld,2003,98.3360977172852
nld,2004,97.3093719482422
nld,2005,97.7258682250977
nld,2006,98.1770401000977
nld,2007,98.8728713989258
nld,2008,99.6297073364258
nld,2009,100.17960357666
nld,2010,101.652809143066
nld,2011,107.547790527344
nld,2012,107.430549621582
nor,1971,70.2778015136719
nor,1972,69.2722015380859
nor,1973,71.0169830322266
nor,1974,71.997673034668
nor,1975,72.9351196289063
nor,1976,72.6131896972656
nor,1977,74.1944808959961
nor,1978,74.4942321777344
nor,1979,75.6084136962891
nor,1980,76.5514831542969
nor,1981,77.0663299560547
nor,1982,77.7232284545898
nor,1983,78.3708572387695
nor,1984,78.6287231445313
nor,1985,78.5557022094727
nor,1986,78.4050064086914
nor,1987,78.2231979370117
nor,1988,78.0146408081055
nor,1989,78.9597396850586
nor,1990,82.0946807861328
nor,1991,83.7030410766602
nor,1992,85.3823089599609
nor,1993,88.4503402709961
nor,1994,93.6559066772461
nor,1995,90.5012664794922
nor,1996,92.3010864257813
nor,1997,95.3661575317383
nor,1998,97.782356262207
nor,1999,100.515670776367
nor,2000,101.60082244873
nor,2001,101.499031066895
nor,2002,101.913871765137
nor,2003,104.042137145996
nor,2004,104.618446350098
nor,2005,103.212921142578
nor,2006,103.449340820313
nor,2007,102.693382263184
nor,2008,101.351539611816
nor,2009,101.256736755371
nor,2010,102.178726196289
nor,2011,102.180793762207
nor,2012,101.430717468262
nor,2013,102.202903747559
nor,2014,101.7802734375
npl,1976,8.04399967193604
npl,1977,10.1636695861816
npl,1978,12.1210298538208
npl,1983,21.3955707550049
npl,1989,35.259578704834
npl,1990,39.070068359375
npl,1991,41.1775817871094
npl,2000,48.0647811889648
npl,2002,51.9689903259277
npl,2003,52.6926193237305
npl,2005,56.5991401672363
npl,2006,60.7259407043457
npl,2008,63.9018783569336
npl,2009,67.6764221191406
npl,2010,73.3076934814453
npl,2011,75.3489532470703
npl,2013,75.866813659668
nru,2000,64.7751617431641
nru,2001,58.6759185791016
nru,2002,54.43505859375
nru,2003,51.7370414733887
nru,2004,53.8628883361816
nru,2005,65.6267395019531
nru,2006,60.8818511962891
nru,2007,54.9717483520508
nru,2008,58.8268508911133
nzl,1970,72.7668228149414
nzl,1971,72.3374404907227
nzl,1972,72.8394012451172
nzl,1973,72.6871795654297
nzl,1974,72.9406585693359
nzl,1975,73.66943359375
nzl,1976,74.7742309570313
nzl,1979,74.8774108886719
nzl,1980,74.0439224243164
nzl,1981,73.3089981079102
nzl,1982,73.1158218383789
nzl,1983,73.6573867797852
nzl,1984,75.0066223144531
nzl,1985,74.9279403686523
nzl,1986,75.4707870483398
nzl,1987,76.3683319091797
nzl,1988,77.9352874755859
nzl,1989,79.3026580810547
nzl,1990,79.3072662353516
nzl,1991,81.6754531860352
nzl,1992,84.0474319458008
nzl,1993,89.1225204467773
nzl,1994,93.8934707641602
nzl,1995,94.9393310546875
nzl,1996,97.5249786376953
nzl,1997,99.698600769043
nzl,1998,100.932228088379
nzl,1999,101.162719726563
nzl,2000,101.511253356934
nzl,2002,107.085823059082
nzl,2003,108.566711425781
nzl,2004,110.733329772949
nzl,2005,111.588851928711
nzl,2006,111.183921813965
nzl,2007,112.105506896973
nzl,2008,111.07585144043
nzl,2009,115.512512207031
nzl,2010,113.462593078613
nzl,2011,112.401329040527
nzl,2012,111.365997314453
nzl,2013,110.127517700195
nzl,2014,109.875
oed,1998,85.2003479003906
oed,1999,86.0759887695313
oed,2000,86.1031188964844
oed,2001,87.2595291137695
oed,2002,88.0999221801758
oed,2003,89.1974487304688
oed,2004,89.2715301513672
oed,2005,90.0244827270508
oed,2006,90.3365478515625
oed,2007,90.9024276733398
oed,2008,91.3775863647461
oed,2009,91.7711181640625
oed,2010,92.9250335693359
oed,2011,93.595329284668
oed,2012,93.7996826171875
oed,2013,96.0431289672852
oed,2014,96.2979431152344
omn,1978,12.3404397964478
omn,1979,14.1415596008301
omn,1980,15.2315797805786
omn,1981,17.3024005889893
omn,1982,19.6195201873779
omn,1983,23.0872402191162
omn,1984,27.1563091278076
omn,1985,31.92799949646
omn,1986,36.0807609558105
omn,1987,39.8075981140137
omn,1988,42.9719886779785
omn,1989,46.0870590209961
omn,1990,49.1367111206055
omn,1991,52.6752090454102
omn,1992,56.0341491699219
omn,1993,59.2793083190918
omn,1994,61.8161315917969
omn,1995,63.1787796020508
omn,1996,63.7632484436035
omn,1997,63.7477416992188
omn,1998,64.0465087890625
omn,2003,66.9319076538086
omn,2005,68.3944320678711
omn,2006,68.4633026123047
omn,2007,70.0544586181641
omn,2009,76.8815002441406
omn,2011,80.0515823364258
pak,1971,12.9680099487305
pak,1972,13.2265701293945
pak,1973,14.5237903594971
pak,1974,15.1036996841431
pak,1975,15.5260095596313
pak,1976,15.9648303985596
pak,1977,15.9508695602417
pak,1978,15.6578197479248
pak,1979,15.4507904052734
pak,1980,15.4314403533936
pak,1986,18.1781806945801
pak,1987,18.8303298950195
pak,1988,19.3796501159668
pak,1990,19.9895305633545
pak,2006,36.5359306335449
pak,2007,39.593318939209
pak,2008,39.9151802062988
pak,2009,41.0165710449219
pak,2011,40.8746604919434
pak,2012,41.7365417480469
pak,2013,42.0937385559082
pak,2014,44.5910491943359
pan,1970,55.854549407959
pan,1971,61.4710693359375
pan,1972,64.662712097168
pan,1973,67.5212478637695
pan,1974,69.391731262207
pan,1975,69.8340606689453
pan,1976,71.044677734375
pan,1977,71.5361022949219
pan,1978,71.6375122070313
pan,1979,70.7996826171875
pan,1980,69.6945037841797
pan,1981,68.4719390869141
pan,1982,67.8404083251953
pan,1983,66.9301376342773
pan,1984,67.4253921508789
pan,1985,67.4334716796875
pan,1987,67.1128387451172
pan,1988,65.4558715820313
pan,1999,74.6604919433594
pan,2000,76.6362686157227
pan,2001,78.1722030639648
pan,2002,79.2036666870117
pan,2004,80.3362426757813
pan,2005,80.3406600952148
pan,2006,80.4935836791992
pan,2007,80.2322616577148
pan,2008,79.1137084960938
pan,2009,79.0118179321289
pan,2010,79.5017929077148
pan,2011,78.9281768798828
pan,2012,84.2880325317383
pan,2013,78.3820495605469
per,1970,54.1506195068359
per,1980,65.7024230957031
per,2001,87.1084289550781
per,2002,83.761100769043
per,2003,80.8560562133789
per,2004,82.0773620605469
per,2005,81.8511810302734
per,2006,82.8708572387695
per,2010,84.4426193237305
phl,1981,75.6538772583008
phl,1982,73.9944534301758
phl,1998,78.2855606079102
phl,1999,79.1019668579102
phl,2001,78.601676940918
phl,2002,80.4786071777344
phl,2003,80.48095703125
phl,2004,81.2529220581055
phl,2005,79.991569519043
phl,2006,78.9039001464844
phl,2008,81.2513427734375
phl,2009,79.1952362060547
phl,2013,87.2794036865234
plw,2013,102.557800292969
png,1984,24.9160308837891
png,1986,25.3710994720459
png,1995,29.5448608398438
png,1998,33.5270004272461
pol,1972,64.6238708496094
pol,1973,64.2766189575195
pol,1974,64.0576019287109
pol,1989,76.1330413818359
pol,1990,76.6474380493164
pol,1991,76.5300064086914
pol,1992,76.1672515869141
pol,1993,79.1746978759766
pol,1994,80.2175979614258
pol,1995,79.8264923095703
pol,1996,80.8475494384766
pol,1997,83.533576965332
pol,1998,85.2768096923828
pol,1999,87.1281585693359
pol,2000,88.7300186157227
pol,2001,90.7094802856445
pol,2002,91.8473129272461
pol,2003,92.5344390869141
pol,2004,89.0475997924805
pol,2005,90.0571594238281
pol,2006,90.1904983520508
pol,2007,90.6467132568359
pol,2008,91.5336380004883
pol,2009,92.5021286010742
pol,2010,94.5397262573242
pol,2011,95.3611068725586
pol,2012,96.0864868164063
pol,2013,103.968139648438
pri,2009,100.101676940918
pri,2010,103.141357421875
pri,2011,101.136131286621
pri,2012,91.4543380737305
pri,2013,91.0971298217773
prk,2009,77.35498046875
prt,1971,56.7171897888184
prt,1972,58.3951301574707
prt,1973,59.7728004455566
prt,1974,61.5894088745117
prt,1975,62.9076194763184
prt,1976,66.0192718505859
prt,1977,66.8031311035156
prt,1978,67.1675186157227
prt,1979,65.2601013183594
prt,1980,62.5257987976074
prt,1986,69.2340316772461
prt,1991,72.8724212646484
prt,1993,84.4269714355469
prt,1994,87.0512084960938
prt,1995,88.6021575927734
prt,1996,90.4346771240234
prt,1998,91.9075088500977
prt,1999,91.3982391357422
prt,2000,93.203727722168
prt,2001,95.1882629394531
prt,2002,95.0154418945313
prt,2003,96.0885620117188
prt,2004,92.3464508056641
prt,2005,93.2191009521484
prt,2006,93.2470932006836
prt,2007,94.7580490112305
prt,2008,96.3176727294922
prt,2009,97.0639495849609
prt,2010,97.8624725341797
prt,2011,98.5822219848633
prt,2012,98.5620422363281
prt,2013,100.95987701416
prt,2014,98.8724594116211
pry,1970,46.6217994689941
pry,1993,61.4445190429688
pry,1996,65.1041107177734
pry,1999,71.315803527832
pry,2000,73.1693801879883
pry,2001,74.4484710693359
pry,2002,76.7222366333008
pry,2003,73.6833419799805
pry,2004,73.4396362304688
pry,2005,72.8976898193359
pry,2007,72.1067581176758
pry,2008,73.4327087402344
pry,2009,74.0765533447266
pry,2010,73.2559509277344
pse,1996,63.8820610046387
pse,1997,66.5588531494141
pse,1999,70.6471786499023
pse,2000,71.9384384155273
pse,2001,73.6006164550781
pse,2002,74.3899078369141
pse,2003,76.2494201660156
pse,2004,77.9973907470703
pse,2005,79.2555923461914
pse,2006,80.966667175293
pse,2007,81.8807373046875
pse,2008,81.7632217407227
pse,2009,81.13671875
pse,2010,80.8585815429688
pse,2011,81.347053527832
pse,2012,80.7568588256836
pse,2013,80.0878982543945
pse,2014,79.6669006347656
qat,1971,53.5139083862305
qat,1976,77.6519165039063
qat,1977,74.3881378173828
qat,1980,77.1354675292969
qat,1981,77.4886474609375
qat,1982,78.2445373535156
qat,1983,80.6864700317383
qat,1984,79.4059524536133
qat,1985,80.3424682617188
qat,1986,81.2968063354492
qat,1987,79.2257919311523
qat,1988,78.2120208740234
qat,1989,78.7727966308594
qat,1990,79.1869812011719
qat,1991,76.3977813720703
qat,1992,76.4139709472656
qat,1993,80.9990463256836
qat,1994,84.5615997314453
qat,1995,86.9942932128906
qat,1996,90.1401977539063
qat,1998,87.3819580078125
qat,1999,86.8576507568359
qat,2001,82.3546524047852
qat,2002,82.0726928710938
qat,2003,83.8556289672852
qat,2004,83.2488174438477
qat,2005,84.3710174560547
qat,2006,82.1235961914063
qat,2007,78.5375518798828
qat,2008,77.3728332519531
qat,2009,77.1028366088867
qat,2010,77.54638671875
qat,2011,80.797607421875
rou,1971,60.4389305114746
rou,1972,59.1277809143066
rou,1973,58.2514915466309
rou,1974,58.3490180969238
rou,1989,70.138786315918
rou,1990,69.476188659668
rou,1991,63.8189811706543
rou,1992,61.0009307861328
rou,1993,59.5392417907715
rou,1994,59.7551689147949
rou,1995,60.7137603759766
rou,1996,63.0966606140137
rou,1997,63.652889251709
rou,1998,65.8678436279297
rou,1999,67.2061767578125
rou,2000,68.2026824951172
rou,2001,70.1939086914063
rou,2002,72.9450302124023
rou,2003,75.3263320922852
rou,2004,77.7632675170898
rou,2005,79.1354522705078
rou,2006,81.3638763427734
rou,2007,85.4510803222656
rou,2008,90.9103469848633
rou,2009,94.1005401611328
rou,2010,93.9450378417969
rou,2011,92.0782623291016
rou,2012,88.2572021484375
rus,2003,92.1737213134766
rus,2005,86.0280685424805
rus,2006,85.8898696899414
rus,2007,86.5313491821289
rus,2008,87.2750396728516
rus,2009,88.5445175170898
rus,2011,92.152587890625
rus,2012,92.9509735107422
rus,2013,94.3940887451172
rus,2014,94.6136627197266
rwa,1971,24.6365203857422
rwa,1977,23.5595798492432
rwa,1978,24.796329498291
rwa,1980,29.4042701721191
rwa,1981,31.6243305206299
rwa,1984,32.2544097900391
rwa,1985,32.7544593811035
rwa,1986,33.4233894348145
rwa,1987,34.5727691650391
rwa,1988,35.2988204956055
rwa,1989,36.2093887329102
rwa,1990,36.1103286743164
rwa,2001,46.0362091064453
rwa,2002,47.2415504455566
rwa,2003,49.9002914428711
rwa,2004,53.5173988342285
rwa,2009,66.9736022949219
rwa,2010,69.3156661987305
rwa,2011,71.6212310791016
rwa,2012,72.6090774536133
rwa,2013,73.285530090332
sas,1998,42.2381706237793
sas,1999,42.4599609375
sas,2000,43.5721282958984
sas,2001,43.794979095459
sas,2002,45.3027000427246
sas,2003,49.8459014892578
sas,2004,50.7396392822266
sas,2005,52.4134216308594
sas,2006,53.725959777832
sas,2007,55.6621704101563
sas,2008,57.6553611755371
sas,2009,58.3196487426758
sas,2010,60.1413917541504
sas,2011,62.5052299499512
sas,2012,64.6048431396484
sas,2013,66.5434036254883
sas,2014,66.7530822753906
sau,1979,26.2368297576904
sau,2005,74.8057479858398
sau,2009,77.341667175293
sau,2013,89.1036911010742
sau,2014,89.9657516479492
sdn,2001,34.2713012695313
sdn,2002,35.5537185668945
sdn,2003,36.2722702026367
sdn,2004,38.1871681213379
sdn,2005,39.307788848877
sdn,2006,41.0261383056641
sdn,2007,39.8986511230469
sdn,2008,43.2461814880371
sdn,2009,44.4530410766602
sdn,2010,44.4702987670898
sdn,2011,41.9870491027832
sdn,2012,43.8700714111328
sdn,2013,45.9446296691895
sen,1971,14.59202003479
sen,1972,14.8235998153687
sen,1978,16.3463191986084
sen,1980,17.2317905426025
sen,1981,17.8834095001221
sen,1982,18.6945896148682
sen,1984,20.2515506744385
sen,1985,20.87672996521
sen,1992,23.612720489502
sen,2006,38.5822486877441
sen,2008,43.3375396728516
sen,2010,46.2899208068848
slb,1970,27.8652992248535
slb,1971,30.3497009277344
slb,1975,32.0554084777832
slb,1986,36.3297691345215
slb,1990,37.6541481018066
slb,1991,38.0186080932617
slb,1992,40.145938873291
slb,1993,42.2630882263184
slb,1994,44.237060546875
slb,1999,40.7025718688965
slb,2000,38.0886306762695
slb,2002,45.7745780944824
slb,2005,48.0568313598633
slb,2006,51.904369354248
slb,2007,52.6151504516602
sle,1971,14.6493196487427
sle,1972,15.5111103057861
sle,1973,14.6269702911377
sle,1974,15.6617698669434
sle,1975,16.0908107757568
sle,1976,17.0718307495117
sle,1984,26.9619007110596
sle,1985,28.5733299255371
sle,2001,38.9035415649414
slv,1973,44.7301902770996
slv,1974,47.0967483520508
slv,1975,48.8353118896484
slv,1978,53.2457389831543
slv,1983,51.9009208679199
slv,1984,53.7274703979492
slv,1998,68.4883193969727
slv,1999,68.8125915527344
slv,2000,69.3899917602539
slv,2001,70.5429077148438
slv,2002,72.1313934326172
slv,2003,74.8951797485352
slv,2004,77.5746002197266
slv,2005,77.5193786621094
slv,2006,77.2971267700195
slv,2007,80.5703125
slv,2008,76.3610229492188
slv,2009,75.9448318481445
slv,2010,76.0764007568359
slv,2011,76.1709136962891
slv,2012,75.9804534912109
slv,2013,75.2650299072266
slv,2014,75.1403198242188
smr,2010,93.3358612060547
smr,2011,89.5516891479492
smr,2012,88.1564178466797
som,1972,2.38843989372253
som,1976,10.3906002044678
srb,2001,77.3935928344727
srb,2002,76.2499237060547
srb,2003,77.67919921875
srb,2004,77.9441070556641
srb,2005,79.3826599121094
srb,2006,80.2515182495117
srb,2007,80.4825286865234
srb,2008,81.1115264892578
srb,2009,81.557258605957
srb,2010,80.9755325317383
srb,2011,84.3752975463867
srb,2012,85.3827972412109
srb,2013,86.7180023193359
srb,2014,87.1434707641602
ssa,1998,38.9622993469238
ssa,1999,39.3861312866211
ssa,2000,40.5037612915039
ssa,2001,41.7845916748047
ssa,2002,42.9094009399414
ssa,2003,44.4801902770996
ssa,2004,45.931568145752
ssa,2005,47.4592094421387
ssa,2006,48.7846717834473
ssa,2007,49.8386192321777
ssa,2008,51.3334808349609
ssa,2009,52.4064712524414
ssa,2010,53.2419013977051
ssa,2011,53.7341613769531
ssa,2012,54.5039710998535
ssa,2013,54.8901481628418
ssa,2014,55.3303985595703
ssf,1998,38.9659690856934
ssf,1999,39.3895492553711
ssf,2000,40.5069885253906
ssf,2001,41.7873306274414
ssf,2002,42.9118804931641
ssf,2003,44.4824600219727
ssf,2004,45.9335708618164
ssf,2005,47.461368560791
ssf,2006,48.7867393493652
ssf,2007,49.8406410217285
ssf,2008,51.3353881835938
ssf,2009,52.4081382751465
ssf,2010,53.243350982666
ssf,2011,53.7355918884277
ssf,2012,54.5051918029785
ssf,2013,54.8914489746094
ssf,2014,55.3320693969727
stp,1971,34.8341407775879
stp,1972,42.8540306091309
stp,1977,49.103759765625
stp,1988,55.5769882202148
stp,2003,65.4316864013672
stp,2004,66.3182220458984
stp,2005,67.8796920776367
stp,2007,67.0683135986328
stp,2008,65.5511779785156
stp,2009,70.244010925293
stp,2010,69.2128372192383
stp,2012,70.1953277587891
stp,2015,80.77783203125
sur,1986,75.6304016113281
sur,1987,71.4267883300781
sur,1988,71.51220703125
sur,1989,73.4279632568359
sur,1990,71.568717956543
sur,2002,72.67333984375
svk,1993,71.5202789306641
svk,1994,71.4645919799805
svk,1995,72.1557922363281
svk,1996,72.4384613037109
svk,1997,72.3967895507813
svk,1998,71.1898193359375
svk,1999,71.6182708740234
svk,2000,72.4053573608398
svk,2001,73.0348815917969
svk,2002,74.1825485229492
svk,2003,75.6719970703125
svk,2004,77.431037902832
svk,2005,79.491081237793
svk,2006,81.7031402587891
svk,2007,84.1545867919922
svk,2008,85.7386932373047
svk,2009,86.5128479003906
svk,2010,86.6270599365234
svk,2011,86.1790008544922
svk,2012,86.2792129516602
svk,2013,86.6563110351563
svk,2014,85.8579025268555
svn,1993,72.87841796875
svn,1994,73.9933319091797
svn,1995,75.8126983642578
svn,1996,77.0725173950195
svn,1997,78.7819900512695
svn,1998,81.8984222412109
svn,1999,87.3951187133789
svn,2000,89.1608200073242
svn,2001,93.8564529418945
svn,2002,97.4601287841797
svn,2003,99.3088073730469
svn,2004,97.5344314575195
svn,2005,96.7816162109375
svn,2006,98.701301574707
svn,2007,99.3155364990234
svn,2008,99.8629608154297
svn,2009,100.299537658691
svn,2010,101.383682250977
svn,2011,101.759368896484
svn,2012,100.470222473145
svn,2013,104.276847839355
svn,2014,103.244239807129
swe,1971,66.2153015136719
swe,1972,64.3724899291992
swe,1973,69.0665664672852
swe,1974,69.6555099487305
swe,1975,70.936637878418
swe,1976,72.1829299926758
swe,1977,72.6194076538086
swe,1978,74.3406372070313
swe,1979,76.3193283081055
swe,1980,76.8442993164063
swe,1985,75.925422668457
swe,1987,74.6496810913086
swe,1988,74.828239440918
swe,1989,74.8972396850586
swe,1990,75.2324981689453
swe,1991,75.9775085449219
swe,1992,77.5788421630859
swe,1993,92.3533172607422
swe,1994,95.2846984863281
swe,1995,98.2528610229492
swe,1996,101.946853637695
swe,1997,105.758361816406
swe,1998,116.697387695313
swe,1999,122.639839172363
swe,2000,122.744033813477
swe,2001,122.917747497559
swe,2002,122.245422363281
swe,2003,120.913619995117
swe,2004,101.533416748047
swe,2005,100.210380554199
swe,2006,99.3275833129883
swe,2007,98.0468597412109
swe,2008,97.5483627319336
swe,2009,97.1388473510742
swe,2010,97.8288726806641
swe,2011,96.6612701416016
swe,2012,96.1185989379883
swe,2013,113.170372009277
swe,2014,113.956367492676
swz,1970,40.3471298217773
swz,1972,42.9009590148926
swz,1976,49.1323890686035
swz,1977,50.6057891845703
swz,1999,58.5771217346191
swz,2000,57.2544593811035
swz,2002,55.8176498413086
swz,2004,58.2551498413086
swz,2005,59.5067481994629
swz,2006,61.9497985839844
swz,2011,63.9874496459961
swz,2013,64.5486679077148
syc,1970,58.0408592224121
syc,1971,59.3423004150391
syc,1972,59.1550598144531
syc,1973,59.6570892333984
syc,1974,60.257999420166
syc,1975,59.3053092956543
syc,1976,53.5329704284668
syc,1978,57.407829284668
syc,1979,57.2108917236328
syc,1980,57.1575202941895
syc,1981,60.0609283447266
syc,1982,64.4082489013672
syc,1983,64.5885772705078
syc,1985,73.7398376464844
syc,1986,74.3037414550781
syc,1987,73.7966232299805
syc,1988,73.8760070800781
syc,1989,73.5928573608398
syc,1991,74.8104400634766
syc,1992,74.8262405395508
syc,1993,74.7176208496094
syc,1994,76.4715423583984
syc,1995,75.0507125854492
syc,1996,75.9611511230469
syc,1998,76.0380630493164
syc,1999,71.1130294799805
syc,2000,71.0692291259766
syc,2001,68.4456329345703
syc,2002,67.7223434448242
syc,2003,68.0966262817383
syc,2004,67.6336822509766
syc,2005,72.0843200683594
syc,2007,74.6319808959961
syc,2008,75.6748199462891
syc,2009,75.2085800170898
syc,2010,74.6207580566406
syc,2011,76.1387634277344
syc,2012,72.4771423339844
syc,2013,74.5820999145508
syc,2014,81.2725219726563
syr,1971,32.8038711547852
syr,1972,35.5838203430176
syr,1973,38.4302406311035
syr,1974,40.1142387390137
syr,1975,41.2118682861328
syr,1976,42.8827781677246
syr,1977,44.1784515380859
syr,1978,45.4455184936523
syr,1979,46.8421516418457
syr,1980,48.6652183532715
syr,1981,50.0550994873047
syr,1982,51.9462509155273
syr,1983,53.2797088623047
syr,1984,55.7666511535645
syr,1985,57.9453010559082
syr,1986,59.9315185546875
syr,1987,61.6994705200195
syr,1988,61.5524215698242
syr,1989,61.246410369873
syr,1990,60.6606483459473
syr,1991,60.393871307373
syr,1992,60.1178398132324
syr,1993,59.8259201049805
syr,1994,58.9691390991211
syr,1995,58.1099510192871
syr,2002,60.5036315917969
syr,2003,63.0364799499512
syr,2004,65.1826095581055
syr,2005,67.8920669555664
syr,2006,68.9045333862305
syr,2007,69.6629180908203
syr,2008,70.4713973999023
syr,2009,70.3668823242188
syr,2010,71.5264282226563
syr,2011,74.685173034668
syr,2012,78.6709518432617
syr,2013,53.9103088378906
tcd,1971,6.52359008789063
tcd,1972,6.37337017059326
tcd,1974,6.61216020584106
tcd,1985,8.6934700012207
tcd,1996,14.6562404632568
tcd,1997,16.8219699859619
tcd,1998,19.2485103607178
tcd,2000,22.1872406005859
tcd,2001,23.8403205871582
tcd,2002,25.6532592773438
tcd,2003,26.836109161377
tcd,2004,27.9889106750488
tcd,2005,27.3590908050537
tcd,2008,31.6463794708252
tcd,2009,33.6479797363281
tcd,2010,34.1834983825684
tcd,2011,37.1785697937012
tgo,1972,20.2308197021484
tgo,1973,22.4235191345215
tgo,1974,24.1365509033203
tgo,1975,25.7331790924072
tgo,1976,29.0606098175049
tgo,1977,32.1058006286621
tgo,1978,34.814079284668
tgo,1979,38.2576217651367
tgo,1980,40.2293090820313
tgo,1982,39.6044616699219
tgo,1983,37.1869201660156
tgo,1984,32.4194602966309
tgo,1987,30.9433898925781
tgo,1988,31.6891899108887
tgo,1990,34.0939292907715
tgo,1991,35.5194282531738
tgo,1992,35.0308799743652
tgo,1994,33.7403106689453
tgo,1995,38.1403999328613
tgo,1996,40.5708503723145
tgo,2000,46.2133712768555
tgo,2003,50.2199592590332
tgo,2004,50.8330497741699
tgo,2005,51.6316413879395
tgo,2006,54.0603294372559
tgo,2007,51.1605987548828
tha,1976,45.354061126709
tha,1977,45.8166389465332
tha,1978,45.9394187927246
tha,1993,52.9025688171387
tha,2001,67.831413269043
tha,2002,69.1456985473633
tha,2004,72.1349411010742
tha,2005,73.7154006958008
tha,2006,73.3238830566406
tha,2007,77.7539672851563
tha,2008,77.695671081543
tha,2009,78.8531036376953
tha,2010,80.0720520019531
tha,2011,82.3638076782227
tha,2012,82.2204971313477
tha,2013,82.4077529907227
tjk,1999,61.862190246582
tjk,2000,61.4137687683105
tjk,2001,60.7010383605957
tjk,2002,62.0294418334961
tjk,2003,63.5134315490723
tjk,2004,63.5990409851074
tjk,2005,63.2806587219238
tjk,2006,62.8615608215332
tjk,2007,62.8375282287598
tjk,2008,63.7884101867676
tjk,2009,63.783260345459
tjk,2010,63.6005401611328
tjk,2011,63.7224617004395
tjk,2012,64.636833190918
tjk,2013,65.5824584960938
tkm,2014,59.6999282836914
tls,2009,72.7319793701172
tls,2010,79.8804092407227
ton,1970,79.0910186767578
ton,1978,81.311882019043
ton,1981,84.8552474975586
ton,1984,82.2750930786133
ton,1985,78.691780090332
ton,1999,83.5724563598633
ton,2002,84.3028793334961
tto,1971,67.7274475097656
tto,1972,66.8155670166016
tto,1973,65.2171401977539
tto,1977,64.3133087158203
tto,1982,62.9017791748047
tto,1983,64.0142288208008
tto,1984,63.3605499267578
tto,1985,64.3466110229492
tto,1987,68.2317199707031
tto,1989,69.7855072021484
tto,1991,68.9167327880859
tto,1992,68.2896881103516
tto,1993,68.6185531616211
tto,2004,68.5840911865234
tun,1971,39.9260902404785
tun,1972,38.8933486938477
tun,1973,36.0247383117676
tun,1974,34.4380989074707
tun,1975,35.0028991699219
tun,1976,35.9827613830566
tun,1977,37.1777801513672
tun,1978,38.3822784423828
tun,1979,39.3245582580566
tun,1980,40.3205986022949
tun,1981,41.119068145752
tun,1982,43.3283195495605
tun,1983,46.1660804748535
tun,1984,48.3605117797852
tun,1985,50.4293785095215
tun,1986,52.4177513122559
tun,1987,52.8848114013672
tun,1988,53.4790802001953
tun,1989,54.4277000427246
tun,1990,55.8842582702637
tun,1991,56.9651489257813
tun,1992,58.1072616577148
tun,1993,59.7436599731445
tun,1994,62.726001739502
tun,1995,64.3117828369141
tun,1996,65.6332626342773
tun,1997,65.8796081542969
tun,1999,71.4465713500977
tun,2000,73.3143768310547
tun,2001,74.4712066650391
tun,2002,74.8032379150391
tun,2003,75.7607498168945
tun,2005,79.0181121826172
tun,2006,79.6625823974609
tun,2008,80.2410583496094
tun,2009,80.0511474609375
tun,2010,80.5177001953125
tun,2011,81.1096496582031
tur,1971,38.2846412658691
tur,1972,38.8996505737305
tur,1973,39.7616691589355
tur,1974,40.1752090454102
tur,1976,41.5917587280273
tur,1977,42.1124305725098
tur,1978,42.0287284851074
tur,1979,42.4679908752441
tur,1982,43.6881713867188
tur,1984,47.6765213012695
tur,1986,49.0431900024414
tur,1987,49.3367195129395
tur,1988,50.3857498168945
tur,1989,50.1840209960938
tur,1990,50.7039413452148
tur,1991,51.1404800415039
tur,1992,51.6876182556152
tur,1993,52.1893501281738
tur,1994,53.1179008483887
tur,1995,53.572811126709
tur,1997,53.7034797668457
tur,1999,58.0848197937012
tur,2001,63.95458984375
tur,2002,66.0516204833984
tur,2003,66.977653503418
tur,2004,67.1935195922852
tur,2005,68.3093490600586
tur,2006,71.112419128418
tur,2007,73.1163787841797
tur,2008,73.7453689575195
tur,2009,72.7556610107422
tur,2010,77.7311706542969
tur,2011,80.8794097900391
tur,2012,81.7726593017578
tur,2013,93.128547668457
tuv,2001,73.0423583984375
tza,1970,12.9513597488403
tza,1971,13.5067195892334
tza,1972,14.4224796295166
tza,1973,15.6627197265625
tza,1974,17.2903709411621
tza,1975,21.6491107940674
tza,1976,26.4236507415771
tza,1977,30.4542293548584
tza,1978,39.7689018249512
tza,1979,41.9778709411621
tza,1982,43.1830101013184
tza,1983,43.0178298950195
tza,1985,36.6609916687012
tza,1986,35.6123809814453
tza,1987,34.4893608093262
tza,1991,33.8858489990234
tza,1992,33.4433708190918
tza,1993,33.5332794189453
tza,1994,33.099609375
tza,1995,32.8651084899902
tza,1996,32.492000579834
tza,1997,32.7080993652344
tza,2010,54.9351501464844
tza,2012,54.0668983459473
tza,2013,51.645320892334
uga,1975,17.9870300292969
uga,1976,19.1788997650146
uga,1977,20.5408000946045
uga,1979,21.2202205657959
uga,1981,23.3515491485596
uga,1982,26.526330947876
uga,1986,33.7914390563965
uga,1990,32.5967483520508
uga,1992,29.232120513916
uga,1994,34.3144187927246
uga,2000,65.8207168579102
uga,2001,67.8224334716797
uga,2002,71.3340911865234
uga,2003,71.4382934570313
uga,2004,67.2019195556641
uga,2006,64.2524871826172
uga,2008,66.7142181396484
uga,2009,67.5442886352539
uga,2010,66.26416015625
uga,2011,62.4429206848145
ukr,1994,82.668586730957
ukr,1999,88.4795074462891
ukr,2000,87.4803619384766
ukr,2001,91.4591369628906
ukr,2002,94.4905014038086
ukr,2003,91.9477767944336
ukr,2004,91.6295928955078
ukr,2005,92.1026077270508
ukr,2006,95.0507736206055
ukr,2007,96.3991775512695
ukr,2008,96.8081893920898
ukr,2009,97.0141906738281
ukr,2010,96.6448669433594
ukr,2011,96.2935485839844
ukr,2012,97.2481079101563
ukr,2013,97.5368270874023
ukr,2014,97.9257888793945
umc,1998,66.9134674072266
umc,1999,68.0220489501953
umc,2000,68.3117523193359
umc,2001,68.8022537231445
umc,2002,69.5235977172852
umc,2003,70.1562728881836
umc,2004,70.4738922119141
umc,2005,69.6252593994141
umc,2006,70.3559722900391
umc,2007,71.7550964355469
umc,2008,73.1927032470703
umc,2009,74.3743362426758
umc,2010,75.1698608398438
umc,2011,76.7439727783203
umc,2012,78.3430404663086
umc,2013,81.1493530273438
umc,2014,82.4304885864258
ury,1979,65.4860534667969
ury,1998,88.0253829956055
ury,1999,86.6297378540039
ury,2000,88.0643920898438
ury,2001,90.8984680175781
ury,2002,94.4012222290039
ury,2003,97.4989776611328
ury,2004,97.7563400268555
ury,2005,95.9084625244141
ury,2006,96.1918563842773
ury,2007,96.2008209228516
ury,2008,96.7991180419922
ury,2009,96.8094329833984
ury,2010,96.3727722167969
usa,1981,83.0439376831055
usa,1982,85.1404495239258
usa,1983,84.5120315551758
usa,1984,85.3574295043945
usa,1985,85.2738800048828
usa,1986,86.9853134155273
usa,1987,88.4774703979492
usa,1990,92.5110626220703
usa,1991,93.0755996704102
usa,1993,96.0771102905273
usa,1994,96.2896270751953
usa,1995,96.836669921875
usa,1996,96.3806915283203
usa,1998,98.4692535400391
usa,2000,95.0885162353516
usa,2001,96.2224807739258
usa,2002,96.4543609619141
usa,2003,97.9443893432617
usa,2004,98.4443283081055
usa,2005,98.9624404907227
usa,2006,99.1537933349609
usa,2007,100.122901916504
usa,2008,100.684829711914
usa,2009,101.8232421875
usa,2010,102.598731994629
usa,2011,103.392967224121
usa,2012,102.615478515625
usa,2013,101.671173095703
usa,2014,101.53685760498
uzb,1999,70.1390533447266
uzb,2000,70.5788192749023
uzb,2003,74.2222595214844
uzb,2004,73.8168563842773
uzb,2005,70.0897827148438
uzb,2006,69.4159698486328
uzb,2007,69.2091674804688
uzb,2008,67.7174530029297
uzb,2009,67.7324371337891
uzb,2010,67.2781677246094
uzb,2011,66.6218185424805
vct,1986,66.1783065795898
vct,1987,66.8081130981445
vct,2000,79.1907806396484
vct,2001,78.0918502807617
vct,2002,77.7865982055664
vct,2003,79.9764175415039
vct,2004,79.2841567993164
ven,1986,67.1858825683594
ven,1987,68.576789855957
ven,1988,68.4368591308594
ven,1989,68.7428970336914
ven,2000,69.614387512207
ven,2002,75.2438430786133
ven,2003,75.0008773803711
ven,2008,94.4320220947266
vnm,1976,52.9208183288574
vnm,1977,54.2033081054688
vnm,1998,60.1543388366699
vut,1999,57.7004089355469
vut,2000,61.720588684082
vut,2002,61.6350784301758
vut,2003,62.1247291564941
vut,2004,61.2985801696777
wld,1998,58.9884300231934
wld,1999,59.5766181945801
wld,2000,60.0717582702637
wld,2001,60.5063095092773
wld,2002,61.4129104614258
wld,2003,63.1271018981934
wld,2004,63.723331451416
wld,2005,64.0630187988281
wld,2006,64.8132781982422
wld,2007,66.0372161865234
wld,2008,67.2848892211914
wld,2009,68.1317291259766
wld,2010,69.1997299194336
wld,2011,70.5059661865234
wld,2012,71.7721099853516
wld,2013,73.248893737793
wld,2014,73.7127914428711
wsm,1970,58.5608787536621
wsm,1975,67.6565322875977
wsm,1977,68.6310806274414
wsm,1998,74.0861892700195
wsm,1999,73.6264419555664
wsm,2000,73.7927017211914
yem,1999,31.2336692810059
yem,2003,39.3932113647461
yem,2004,41.2579193115234
yem,2005,42.4854888916016
yem,2008,43.2902984619141
yem,2010,44.5185813903809
yem,2011,46.3127593994141
zaf,1989,69.921257019043
zaf,1990,71.3491287231445
zaf,1991,73.3572235107422
zaf,1994,78.8277130126953
zaf,2012,77.0665893554688
zaf,2013,78.5327529907227
zmb,1970,41.5961685180664
zmb,1974,45.0876312255859
zmb,1979,45.2106513977051
zmb,1981,45.5116500854492
zmb,1982,45.7615203857422
zmb,1988,48.2814102172852
zwe,1983,65.3906326293945
zwe,1984,67.557861328125
zwe,1986,68.784912109375
zwe,1992,58.9669609069824
zwe,1999,56.0200004577637
zwe,2000,55.6419410705566
zwe,2001,56.9590110778809
zwe,2002,53.8827285766602
zwe,2003,51.9269104003906
zwe,2012,58.5296516418457
zwe,2013,58.2751693725586
