country,year,uis_sle_1_f
abw,1999,6.71435022354126
abw,2000,6.57656002044678
abw,2001,6.51566982269287
abw,2002,6.52523994445801
abw,2003,6.35019016265869
abw,2004,6.39825010299683
abw,2005,6.46403980255127
abw,2006,6.66893005371094
abw,2007,6.72014999389648
abw,2008,6.61317014694214
abw,2009,6.70207977294922
abw,2010,6.74439001083374
abw,2011,6.22018003463745
abw,2012,6.32417011260986
abw,2013,6.84983015060425
abw,2014,6.89068984985352
afg,1970,0.538829982280731
afg,1971,0.540579974651337
afg,1972,0.556119978427887
afg,1973,0.584330022335052
afg,1974,0.597840011119843
afg,1975,0.612110018730164
afg,1976,0.647270023822784
afg,1977,0.689790010452271
afg,1978,0.738380014896393
afg,1980,0.992879986763
afg,1981,1.10234999656677
afg,1982,0.705290019512177
afg,1984,0.867820024490356
afg,1985,0.960609972476959
afg,1986,1.12041997909546
afg,1988,1.33425998687744
afg,1989,1.28578996658325
afg,1990,1.26977002620697
afg,1991,1.20701003074646
afg,1993,0.971530020236969
afg,1994,1.70963001251221
afg,1995,1.85476005077362
afg,1999,0.246199995279312
afg,2002,2.77220988273621
afg,2003,4.26205015182495
afg,2004,4.00149011611938
afg,2005,4.58856010437012
afg,2006,4.9562201499939
afg,2007,4.91336011886597
afg,2008,4.9609899520874
afg,2009,4.86174011230469
afg,2010,5.12035989761353
afg,2011,5.13157987594604
afg,2012,5.46999979019165
afg,2013,5.44984006881714
afg,2014,5.51104021072388
ago,1971,1.66413998603821
ago,1972,1.84959995746613
ago,1982,5.08940982818604
ago,1983,4.4342999458313
ago,1986,2.92290997505188
ago,1987,2.9387800693512
ago,1988,2.87860989570618
ago,1989,2.98639988899231
ago,1990,2.99268007278442
ago,1991,2.74991989135742
ago,1992,2.56521010398865
ago,1998,3.00838994979858
ago,2008,6.55503988265991
ago,2009,6.47154998779297
ago,2010,6.4438099861145
ago,2011,6.31062984466553
alb,1976,4.6542501449585
alb,1978,4.50888013839722
alb,1979,4.39769983291626
alb,1980,4.23988008499146
alb,1981,4.13297986984253
alb,1982,4.09362983703613
alb,1983,4.08894014358521
alb,1984,4.09046983718872
alb,1985,4.12097978591919
alb,1986,4.12933015823364
alb,1987,4.01169013977051
alb,1988,4.00250005722046
alb,1989,3.98496007919312
alb,1990,3.97835993766785
alb,1991,4.0452299118042
alb,1992,4.00149011611938
alb,1993,3.9970600605011
alb,1994,4.0246901512146
alb,1995,4.08793020248413
alb,1996,4.19216012954712
alb,1997,4.24529981613159
alb,1998,4.21893978118896
alb,1999,4.17912006378174
alb,2000,4.14057016372681
alb,2001,4.11632013320923
alb,2002,4.0162501335144
alb,2003,3.96510004997253
alb,2004,3.90811991691589
alb,2005,4.04053020477295
alb,2006,3.97432994842529
alb,2007,3.94706010818481
alb,2008,3.90539002418518
alb,2009,4.74382019042969
alb,2010,4.81094980239868
alb,2011,4.92633008956909
alb,2012,5.09022998809814
alb,2013,5.24720001220703
alb,2014,5.48898983001709
and,1975,4.60236978530884
and,1983,5.60150003433228
arb,1970,3.07056951522827
arb,1971,3.07166075706482
arb,1972,3.15939092636108
arb,1973,3.25362944602966
arb,1974,3.29788208007813
arb,1975,3.40141439437866
arb,1976,3.50971269607544
arb,1977,3.5945131778717
arb,1978,3.64349222183228
arb,1979,3.8032500743866
arb,1980,3.90261960029602
arb,1981,3.94356989860535
arb,1982,4.00602293014526
arb,1983,4.06884908676147
arb,1984,4.12500858306885
arb,1985,4.15329217910767
arb,1986,4.21165466308594
arb,1987,4.28731441497803
arb,1988,4.30717849731445
arb,1989,4.32557821273804
arb,1990,4.19367122650146
arb,1991,4.28871297836304
arb,1992,4.18152570724487
arb,1993,4.2249116897583
arb,1994,4.36192512512207
arb,1995,4.32236480712891
arb,1996,4.35868692398071
arb,1997,4.47967481613159
arb,1998,4.53283023834229
arb,1999,4.61984395980835
arb,2000,4.68687582015991
arb,2001,4.78015279769897
arb,2002,4.88055276870728
arb,2003,4.86425161361694
arb,2004,4.91024398803711
arb,2005,5.15820932388306
arb,2006,5.22526788711548
arb,2007,5.274489402771
arb,2008,5.35378885269165
arb,2009,5.33709096908569
arb,2010,5.39186334609985
arb,2011,5.3743896484375
arb,2012,5.49278497695923
arb,2013,5.43010807037354
arb,2014,5.41143369674683
are,1971,3.78966999053955
are,1972,4.05762004852295
are,1973,4.42146015167236
are,1974,4.55590009689331
are,1975,4.64058017730713
are,1976,5.37929010391235
are,1977,5.79124021530151
are,1978,6.04984998703003
are,1979,5.63571977615356
are,1980,5.75523996353149
are,1981,5.57450008392334
are,1982,5.83679008483887
are,1983,5.43308019638062
are,1984,5.47620010375977
are,1985,5.45624017715454
are,1986,5.53564977645874
are,1987,5.91340017318726
are,1988,5.98116016387939
are,1989,6.22780990600586
are,1990,6.48520994186401
are,1991,6.56574010848999
are,1992,6.28973007202148
are,1993,6.17246007919312
are,1994,6.1593599319458
are,1995,6.2492299079895
are,1996,6.16339015960693
are,1997,5.93029022216797
are,1998,5.76225996017456
are,1999,5.63513994216919
are,2003,4.87995004653931
are,2004,5.09180021286011
are,2005,5.24755001068115
are,2006,5.26967000961304
are,2007,5.20765018463135
are,2009,4.89682006835938
are,2010,5.00467014312744
are,2011,4.89827013015747
are,2012,5.04519987106323
are,2013,5.01949977874756
are,2014,5.27816009521484
arg,1970,7.43057012557983
arg,1971,7.46298980712891
arg,1972,7.41479015350342
arg,1973,7.40054988861084
arg,1974,7.44721984863281
arg,1975,7.43701982498169
arg,1976,7.38610982894897
arg,1977,7.45020008087158
arg,1978,7.46448993682861
arg,1979,7.44088983535767
arg,1980,7.44510984420776
arg,1981,7.48320007324219
arg,1982,7.47832012176514
arg,1984,7.35087013244629
arg,1985,7.3687801361084
arg,1986,7.36658000946045
arg,1987,7.42324018478394
arg,1988,7.66740989685059
arg,1990,7.4139199256897
arg,1991,7.67807006835938
arg,1996,7.74955987930298
arg,1997,7.57445001602173
arg,1998,6.75576019287109
arg,1999,7.01871013641357
arg,2000,7.07723999023438
arg,2001,7.12149000167847
arg,2002,7.16207981109619
arg,2003,7.01653003692627
arg,2004,7.07845020294189
arg,2005,7.01865005493164
arg,2006,7.12427997589111
arg,2007,7.16078996658325
arg,2008,7.16400003433228
arg,2009,7.09465980529785
arg,2010,6.98361015319824
arg,2011,6.87197017669678
arg,2012,6.76391983032227
arg,2013,6.62769985198975
arm,1991,3.15204000473022
arm,1992,3.02623009681702
arm,1993,3.12392997741699
arm,1994,3.85795998573303
arm,1995,3.67775011062622
arm,1996,3.72336006164551
arm,1997,3.86833000183105
arm,1999,4.10542011260986
arm,2000,2.94992995262146
arm,2001,3.09327006340027
arm,2002,2.91613006591797
arm,2003,2.9103798866272
arm,2004,2.9513099193573
arm,2005,2.99207997322083
arm,2006,3.13302993774414
arm,2007,3.49272990226746
arm,2008,3.41476011276245
arm,2009,3.34878993034363
atg,1971,5.42130994796753
atg,1974,7.07849979400635
atg,1975,6.02472019195557
atg,1976,6.12472009658813
atg,1977,6.16018009185791
atg,1978,5.42419004440308
atg,1979,5.32353019714355
atg,1984,7.3176097869873
atg,1992,6.72187995910645
atg,2007,7.1764497756958
atg,2008,7.14471006393433
atg,2009,7.02241992950439
atg,2010,6.88694000244141
atg,2011,6.73190021514893
atg,2012,6.5943398475647
atg,2014,6.53194999694824
aus,1971,6.63886022567749
aus,1972,6.60634994506836
aus,1973,6.57483005523682
aus,1974,6.28281021118164
aus,1975,6.43036985397339
aus,1976,6.47139978408813
aus,1977,6.5899600982666
aus,1978,6.65259981155396
aus,1979,6.63231992721558
aus,1980,6.58762979507446
aus,1981,6.50181007385254
aus,1982,6.43571996688843
aus,1983,6.34487009048462
aus,1984,6.29054021835327
aus,1985,6.21783018112183
aus,1986,6.25081014633179
aus,1987,6.28304004669189
aus,1988,6.33224010467529
aus,1989,6.35419988632202
aus,1990,6.34427976608276
aus,1991,6.3297700881958
aus,1992,6.32250022888184
aus,1993,6.31341981887817
aus,1994,6.30846977233887
aus,1995,7.03735017776489
aus,1996,7.07072019577026
aus,1997,7.06272983551025
aus,1998,7.07196998596191
aus,1999,7.08199977874756
aus,2000,7.10408020019531
aus,2001,7.09989023208618
aus,2002,7.15390014648438
aus,2003,7.15395021438599
aus,2004,7.18081998825073
aus,2005,7.19815015792847
aus,2006,7.22936010360718
aus,2007,7.3589301109314
aus,2008,7.35812997817993
aus,2009,7.36590003967285
aus,2010,7.38425016403198
aus,2011,7.40456008911133
aus,2012,7.43559980392456
aus,2013,7.45264005661011
aut,1971,4.11206007003784
aut,1972,4.09742021560669
aut,1973,4.03915023803711
aut,1974,4.00256013870239
aut,1975,3.97912001609802
aut,1976,3.95900988578796
aut,1977,3.9706699848175
aut,1978,3.88161993026733
aut,1979,3.86361002922058
aut,1980,3.84217000007629
aut,1981,3.84863996505737
aut,1982,3.88075995445251
aut,1983,3.87680006027222
aut,1984,3.87719988822937
aut,1985,3.85952997207642
aut,1986,3.93332004547119
aut,1987,4.01458978652954
aut,1988,4.12541007995605
aut,1989,4.21275997161865
aut,1990,4.21106004714966
aut,1991,4.16689014434814
aut,1992,4.15084981918335
aut,1993,4.12800979614258
aut,1994,4.08985996246338
aut,1995,4.08145999908447
aut,1996,4.08653020858765
aut,1997,4.10016012191772
aut,1998,4.1318998336792
aut,1999,4.14552021026611
aut,2000,4.14135980606079
aut,2001,4.10577011108398
aut,2002,4.02662992477417
aut,2003,3.98790001869202
aut,2004,3.99830007553101
aut,2005,3.98462009429932
aut,2006,3.99776005744934
aut,2007,3.99612998962402
aut,2008,3.95592999458313
aut,2009,3.95536994934082
aut,2010,3.9436399936676
aut,2011,3.95543003082275
aut,2012,3.9888699054718
aut,2013,4.01300001144409
aut,2014,4.04966020584106
aze,1991,3.22527003288269
aze,1992,3.21805000305176
aze,1993,3.18357992172241
aze,1994,3.2082200050354
aze,1995,3.52767992019653
aze,1996,3.91145992279053
aze,1997,3.76733994483948
aze,1998,3.69713997840881
aze,1999,3.81820011138916
aze,2000,3.86047005653381
aze,2001,3.86418008804321
aze,2002,3.84032988548279
aze,2003,3.71497988700867
aze,2004,3.74156999588013
aze,2005,3.65553998947144
aze,2006,3.59067988395691
aze,2007,3.72333002090454
aze,2008,3.72154998779297
aze,2009,3.75010991096497
aze,2010,3.72468996047974
aze,2011,3.77249002456665
aze,2012,3.87928009033203
aze,2013,3.9525101184845
aze,2014,4.19905996322632
bdi,1971,1.29967999458313
bdi,1972,1.28109002113342
bdi,1973,1.02209997177124
bdi,1974,0.960080027580261
bdi,1975,0.981130003929138
bdi,1976,0.999409973621368
bdi,1977,1.02091002464294
bdi,1978,1.10587000846863
bdi,1979,1.12460994720459
bdi,1980,1.23619997501373
bdi,1981,1.35564005374908
bdi,1982,1.52788996696472
bdi,1983,1.88887000083923
bdi,1984,2.17351007461548
bdi,1985,2.44336009025574
bdi,1986,2.71258997917175
bdi,1987,3.11922001838684
bdi,1988,3.63220000267029
bdi,1989,3.57333993911743
bdi,1990,3.5945999622345
bdi,1991,3.75284004211426
bdi,1992,3.51696991920471
bdi,1993,3.65740990638733
bdi,1995,2.56481003761292
bdi,1996,2.06856989860535
bdi,1997,2.13188004493713
bdi,1998,2.50043988227844
bdi,1999,2.90932989120483
bdi,2000,3.10773992538452
bdi,2001,3.20487999916077
bdi,2002,3.4352400302887
bdi,2003,3.76188993453979
bdi,2004,4.10054016113281
bdi,2005,4.4022102355957
bdi,2006,5.71894979476929
bdi,2007,6.41195011138916
bdi,2008,6.85549020767212
bdi,2009,7.45857000350952
bdi,2010,7.8859601020813
bdi,2011,8.21652984619141
bdi,2012,8.18323993682861
bdi,2013,8.079270362854
bdi,2014,7.93459987640381
bel,1971,6.40896987915039
bel,1972,6.36732006072998
bel,1973,6.10401010513306
bel,1974,6.22830009460449
bel,1975,6.25360012054443
bel,1976,6.31839990615845
bel,1977,6.31091976165771
bel,1978,6.3584098815918
bel,1979,6.31768989562988
bel,1980,6.30399990081787
bel,1981,6.25779008865356
bel,1982,6.20600986480713
bel,1983,6.02981996536255
bel,1984,5.97766017913818
bel,1985,5.93057012557983
bel,1986,5.94416999816895
bel,1987,6.01012992858887
bel,1988,6.0739598274231
bel,1989,6.09358978271484
bel,1990,6.05869007110596
bel,1991,6.0245099067688
bel,1992,5.93235015869141
bel,1993,6.07252979278564
bel,1994,6.02948999404907
bel,1995,6.02866983413696
bel,1996,6.04888010025024
bel,1999,6.19259023666382
bel,2000,6.2730598449707
bel,2001,6.2344799041748
bel,2002,6.18214988708496
bel,2003,6.13265991210938
bel,2004,6.06312990188599
bel,2005,6.05335998535156
bel,2006,6.0842399597168
bel,2007,6.1478099822998
bel,2008,6.19393014907837
bel,2009,6.19251012802124
bel,2010,6.1840500831604
bel,2011,6.185959815979
bel,2012,6.20242023468018
bel,2013,6.29698991775513
bel,2014,6.28534984588623
ben,1971,1.27651000022888
ben,1972,1.40031003952026
ben,1973,1.54506003856659
ben,1974,1.45379996299744
ben,1975,1.66798996925354
ben,1976,1.77779996395111
ben,1977,1.8299800157547
ben,1978,1.90181005001068
ben,1979,2.13224005699158
ben,1980,2.29690003395081
ben,1981,2.26291990280151
ben,1982,2.43903994560242
ben,1983,2.51875996589661
ben,1984,2.5661199092865
ben,1985,2.56942009925842
ben,1986,2.51698994636536
ben,1987,2.47493004798889
ben,1988,2.50246000289917
ben,1989,2.48359990119934
ben,1990,2.1149799823761
ben,1991,2.28211998939514
ben,1992,2.48300004005432
ben,1993,2.72630000114441
ben,1994,2.83185005187988
ben,1995,3.0201199054718
ben,1996,3.17265009880066
ben,1997,3.39856004714966
ben,1998,3.59169006347656
ben,1999,3.6808500289917
ben,2000,3.89980006217957
ben,2001,4.32093000411987
ben,2002,4.65621995925903
ben,2003,4.9551100730896
ben,2004,5.26131010055542
ben,2005,5.2151198387146
ben,2006,5.29737997055054
ben,2008,6.02190017700195
ben,2009,6.35137987136841
ben,2010,6.49868011474609
ben,2011,6.64659976959229
ben,2012,6.92938995361328
ben,2013,7.06098985671997
ben,2014,7.14724016189575
bfa,1971,0.541360020637512
bfa,1972,0.572459995746613
bfa,1973,0.589049994945526
bfa,1974,0.613489985466003
bfa,1975,0.643100023269653
bfa,1976,0.658930003643036
bfa,1977,0.681519985198975
bfa,1978,0.710919976234436
bfa,1979,0.740239977836609
bfa,1980,0.786080002784729
bfa,1981,0.83474999666214
bfa,1982,0.903299987316132
bfa,1983,0.982500016689301
bfa,1984,1.05339002609253
bfa,1985,1.15083003044128
bfa,1986,1.25260996818542
bfa,1987,1.35975003242493
bfa,1988,1.38937997817993
bfa,1989,1.45986998081207
bfa,1990,1.50504004955292
bfa,1991,1.59537994861603
bfa,1992,1.63996005058289
bfa,1993,1.6904000043869
bfa,1994,1.75957000255585
bfa,1995,1.86172997951508
bfa,1996,1.95826995372772
bfa,1998,2.14825010299683
bfa,1999,2.20692992210388
bfa,2000,2.24019002914429
bfa,2001,2.32335996627808
bfa,2002,2.37504005432129
bfa,2003,2.52810001373291
bfa,2004,2.79089999198914
bfa,2005,3.05567002296448
bfa,2006,3.28727006912231
bfa,2007,3.64026999473572
bfa,2008,4.01916980743408
bfa,2009,4.34359979629517
bfa,2010,4.63712978363037
bfa,2011,4.86633014678955
bfa,2012,5.05488014221191
bfa,2013,5.19911003112793
bfa,2014,5.32435989379883
bgd,1970,1.79255998134613
bgd,1971,1.65555000305176
bgd,1972,2.22339010238647
bgd,1973,2.59942007064819
bgd,1974,2.44983005523682
bgd,1975,2.68060994148254
bgd,1976,2.73809003829956
bgd,1977,2.74351000785828
bgd,1978,2.70420002937317
bgd,1979,2.70380997657776
bgd,1980,2.67262005805969
bgd,1981,2.82610988616943
bgd,1982,2.94250011444092
bgd,1983,2.67051005363464
bgd,1984,2.84067988395691
bgd,1985,2.73770999908447
bgd,1986,2.70640993118286
bgd,1987,2.66016006469727
bgd,1988,3.41867995262146
bgd,1989,3.43758988380432
bgd,1990,3.66832995414734
bgd,2005,5.0450701713562
bgd,2006,5.10819005966187
bgd,2007,5.10777997970581
bgd,2008,4.97910976409912
bgd,2009,5.11410999298096
bgd,2010,5.2985200881958
bgd,2011,5.75943994522095
bgr,1971,4.21871995925903
bgr,1972,4.151939868927
bgr,1973,4.06598997116089
bgr,1974,3.97431993484497
bgr,1975,3.8345799446106
bgr,1976,3.92178010940552
bgr,1977,4.01398992538452
bgr,1978,4.11999988555908
bgr,1979,4.14230012893677
bgr,1980,4.04228019714355
bgr,1981,4.02383995056152
bgr,1982,4.14323997497559
bgr,1983,4.18931007385254
bgr,1984,4.26347017288208
bgr,1985,4.28988981246948
bgr,1986,4.1938099861145
bgr,1987,4.22309017181396
bgr,1988,4.13662004470825
bgr,1989,4.03821992874146
bgr,1990,3.76567006111145
bgr,1991,3.71803998947144
bgr,1992,3.71509003639221
bgr,1993,3.75588011741638
bgr,1994,3.83511996269226
bgr,1995,3.89280009269714
bgr,1996,4.01599979400635
bgr,1997,4.05518007278442
bgr,1998,4.08857011795044
bgr,1999,4.0946102142334
bgr,2000,4.10767984390259
bgr,2001,4.16015005111694
bgr,2002,4.13986015319824
bgr,2003,4.17346000671387
bgr,2004,4.14365005493164
bgr,2005,3.99466991424561
bgr,2006,3.90092992782593
bgr,2007,3.99150991439819
bgr,2008,4.05976009368896
bgr,2009,4.11773014068604
bgr,2010,4.13962984085083
bgr,2011,4.05125999450684
bgr,2012,3.9886200428009
bgr,2013,3.95499992370605
bgr,2014,3.94300007820129
bhr,1971,5.49254989624023
bhr,1972,5.6284499168396
bhr,1973,5.7728099822998
bhr,1974,5.875
bhr,1975,6.09301996231079
bhr,1976,6.06088018417358
bhr,1977,6.01022005081177
bhr,1978,5.95978021621704
bhr,1979,6.07695007324219
bhr,1980,6.13651990890503
bhr,1981,6.14486980438232
bhr,1982,6.10818004608154
bhr,1983,6.3536901473999
bhr,1984,6.64269018173218
bhr,1985,6.83562994003296
bhr,1986,6.94468021392822
bhr,1987,6.91559982299805
bhr,1988,6.93015003204346
bhr,1989,6.93635988235474
bhr,1990,6.72538995742798
bhr,1991,6.81135988235474
bhr,1992,6.59543991088867
bhr,1993,6.60103988647461
bhr,1994,6.5517201423645
bhr,1995,6.54484987258911
bhr,1996,6.46779012680054
bhr,1997,6.42042016983032
bhr,1998,6.36845016479492
bhr,1999,6.26653003692627
bhs,1976,6.28463983535767
bhs,1977,6.43057012557983
bhs,1978,6.54789018630981
bhs,1979,6.4338002204895
bhs,1980,6.23852014541626
bhs,1982,6.17127990722656
bhs,1983,6.11218023300171
bhs,1985,6.3514199256897
bhs,1986,6.43494987487793
bhs,1992,5.73964023590088
bhs,1993,5.81657981872559
bhs,1995,5.76953983306885
bhs,1996,6.19575023651123
bhs,1997,5.95331001281738
bhs,1998,5.95848989486694
bhs,1999,5.72280979156494
bhs,2002,5.65522003173828
bhs,2004,6.15665006637573
bhs,2005,6.46744012832642
bhs,2006,6.41239023208618
bhs,2007,6.59915018081665
bhs,2008,6.60587978363037
bhs,2009,6.4695200920105
bhs,2010,6.46437978744507
bih,2011,4.87448978424072
bih,2012,5.05325984954834
bih,2013,5.06472015380859
bih,2014,5.02000999450684
blr,1993,3.84301996231079
blr,1994,3.83705997467041
blr,1995,3.8198299407959
blr,1996,3.87468004226685
blr,1997,3.91511011123657
blr,1998,4.00999021530151
blr,1999,4.42104005813599
blr,2000,4.4993200302124
blr,2001,4.42108011245728
blr,2002,4.30325984954834
blr,2003,3.96257996559143
blr,2004,3.83353996276855
blr,2005,3.78919005393982
blr,2006,3.86806011199951
blr,2007,3.98624992370605
blr,2008,4.13531017303467
blr,2009,4.17969989776611
blr,2010,4.13436985015869
blr,2011,4.05276012420654
blr,2012,3.9739100933075
blr,2013,3.92828011512756
blr,2014,3.97880005836487
blz,1971,6.68664979934692
blz,1974,6.51140022277832
blz,1976,6.50483989715576
blz,1977,6.50691986083984
blz,1986,6.54762983322144
blz,1987,6.65721988677979
blz,1991,6.72509002685547
blz,1992,6.66679000854492
blz,1993,6.72904014587402
blz,1994,6.89379978179932
blz,1995,7.02116012573242
blz,1996,7.21258020401001
blz,1997,7.17243003845215
blz,1999,7.04423999786377
blz,2000,6.85777997970581
blz,2001,6.69967985153198
blz,2002,6.31366014480591
blz,2003,6.64650011062622
blz,2004,6.72693014144897
blz,2005,6.70179986953735
blz,2006,6.75314998626709
blz,2007,6.76003980636597
blz,2008,6.63940000534058
blz,2009,6.67720985412598
blz,2010,6.63827991485596
blz,2011,6.55259990692139
blz,2012,6.72233009338379
blz,2013,6.57782983779907
blz,2014,6.54397010803223
bmu,1971,7.08667993545532
bmu,1972,7.15885019302368
bmu,1973,6.54732990264893
bmu,1974,6.60879993438721
bmu,1975,6.56509017944336
bmu,1976,6.82966995239258
bmu,1977,6.9521598815918
bmu,1978,7.1007399559021
bmu,1979,6.63676977157593
bmu,1980,6.70650005340576
bmu,1981,6.70039987564087
bmu,1982,6.72825002670288
bmu,1983,6.7423300743103
bmu,1984,6.79172992706299
bmu,1985,6.8336501121521
bmu,1995,7.24384021759033
bmu,1997,6.92601013183594
bmu,2001,6.12184000015259
bmu,2002,6.21401977539063
bmu,2003,6.20558023452759
bmu,2004,6.2086501121521
bmu,2005,6.0912299156189
bmu,2006,6.04049015045166
bmu,2011,5.34015989303589
bmu,2012,5.17014980316162
bmu,2013,5.11140012741089
bmu,2014,5.16370010375977
bol,1970,4.19188022613525
bol,1971,4.420569896698
bol,1973,4.73657989501953
bol,1974,4.90608978271484
bol,1975,5.20429992675781
bol,1976,5.3592700958252
bol,1977,5.24821996688843
bol,1978,5.34718990325928
bol,1979,5.43899011611938
bol,1980,5.49245023727417
bol,1981,5.4835000038147
bol,1983,5.6616997718811
bol,1984,6.03434991836548
bol,1986,5.87669992446899
bol,1987,6.21300983428955
bol,1989,5.63070011138916
bol,1990,5.78017997741699
bol,1991,5.89510011672974
bol,1992,5.93979978561401
bol,1993,6.07637977600098
bol,1994,6.25463008880615
bol,1995,6.45918989181519
bol,1996,6.59372997283936
bol,1997,6.71621990203857
bol,1998,6.87683010101318
bol,1999,7.03817987442017
bol,2000,7.1976900100708
bol,2001,7.16349983215332
bol,2002,7.28467988967896
bol,2003,7.14923000335693
bol,2004,6.89218997955322
bol,2006,6.82374000549316
bol,2007,6.77551984786987
bol,2008,6.70185995101929
bra,1999,6.27321004867554
bra,2001,5.76064014434814
bra,2002,5.6153998374939
bra,2003,5.48698997497559
bra,2004,5.25015020370483
bra,2005,5.20176982879639
bra,2007,4.98760986328125
bra,2008,5.10735988616943
bra,2009,5.13644981384277
bra,2011,5.0272102355957
bra,2012,5.07672023773193
bra,2013,5.28349018096924
brb,1971,6.04447984695435
brb,1972,5.96619987487793
brb,1973,6.05687999725342
brb,1974,5.39807987213135
brb,1975,6.01723003387451
brb,1976,6.45826005935669
brb,1977,6.79871988296509
brb,1978,6.88296985626221
brb,1979,6.81520986557007
brb,1980,6.04434013366699
brb,1981,5.88104009628296
brb,1982,5.79341983795166
brb,1983,5.80459022521973
brb,1984,6.35184001922607
brb,1985,6.38563013076782
brb,1989,7.18667984008789
brb,1990,6.84145021438599
brb,1992,6.38429021835327
brb,1999,6.08031988143921
brb,2000,5.98113012313843
brb,2001,5.92139005661011
brb,2002,5.77516984939575
brb,2003,5.73397016525269
brb,2004,5.63545989990234
brb,2005,5.74887990951538
brb,2006,5.82369995117188
brb,2007,5.9934401512146
brb,2008,6.07286977767944
brb,2009,6.04840993881226
brb,2010,6.02918004989624
brb,2011,5.90456008911133
brb,2014,5.64798021316528
brn,1970,7.65971994400024
brn,1971,7.77756977081299
brn,1972,7.83733987808228
brn,1973,7.70617008209229
brn,1974,7.57755994796753
brn,1975,7.30753993988037
brn,1976,7.28373003005981
brn,1977,7.52104997634888
brn,1978,7.50333976745605
brn,1979,6.68372011184692
brn,1980,6.5449800491333
brn,1981,6.68254995346069
brn,1982,6.53328990936279
brn,1983,6.52044010162354
brn,1984,6.64023017883301
brn,1986,6.94626998901367
brn,1987,6.51238012313843
brn,1988,6.76372003555298
brn,1989,6.97190999984741
brn,1991,6.65434980392456
brn,1992,6.73578977584839
brn,1993,6.90247011184692
brn,1994,6.98544979095459
brn,1995,6.91107988357544
brn,1996,6.77089977264404
brn,1997,6.5969500541687
brn,1998,6.68639993667603
brn,1999,6.60472011566162
brn,2000,6.55456018447876
brn,2001,6.39608001708984
brn,2002,6.45791006088257
brn,2003,6.68437004089355
brn,2004,6.69317007064819
brn,2005,6.66598987579346
brn,2006,6.61795997619629
brn,2007,6.57337999343872
brn,2008,6.46912002563477
brn,2009,6.43787002563477
brn,2010,6.4103798866272
brn,2011,6.41448020935059
brn,2012,6.37419986724854
brn,2013,6.43898010253906
brn,2014,6.44016981124878
btn,1970,0.122529998421669
btn,1971,0.46985998749733
btn,1972,0.464130014181137
btn,1974,0.712790012359619
btn,1976,0.980849981307983
btn,1977,1.09605002403259
btn,1978,1.12995994091034
btn,1979,1.326779961586
btn,1982,2.0593900680542
btn,1983,2.24969005584717
btn,1984,2.37164998054504
btn,1985,2.43465995788574
btn,1986,2.6512598991394
btn,1988,2.94152998924255
btn,1991,2.67124009132385
btn,1992,3.03180003166199
btn,1993,3.38850998878479
btn,1994,3.61547994613647
btn,1995,3.8808000087738
btn,1996,4.1770601272583
btn,1997,4.44728994369507
btn,1998,4.79640007019043
btn,1999,4.95815992355347
btn,2000,5.18660020828247
btn,2001,5.41630983352661
btn,2002,5.65260982513428
btn,2003,5.97643995285034
btn,2004,6.32820987701416
btn,2005,6.47820997238159
btn,2006,6.73639011383057
btn,2007,7.00890016555786
btn,2008,7.2013897895813
btn,2009,7.50183010101318
btn,2010,7.69422006607056
btn,2011,7.78030014038086
btn,2012,7.78200006484985
btn,2013,7.35082006454468
btn,2014,7.18383979797363
bwa,1970,4.56061983108521
bwa,1971,4.22275018692017
bwa,1972,4.29164981842041
bwa,1973,4.88280010223389
bwa,1974,5.14277982711792
bwa,1975,5.59558010101318
bwa,1976,5.8504900932312
bwa,1977,6.19731998443604
bwa,1978,6.38663005828857
bwa,1979,6.6522798538208
bwa,1980,6.99047994613647
bwa,1981,6.92319011688232
bwa,1982,6.90310001373291
bwa,1983,7.14071989059448
bwa,1984,7.22532987594604
bwa,1985,7.38118982315063
bwa,1986,7.43108987808228
bwa,1987,7.54813003540039
bwa,1988,7.63392019271851
bwa,1989,7.74546003341675
bwa,1990,7.71393013000488
bwa,1991,7.85741996765137
bwa,1992,7.66315984725952
bwa,1993,7.51211977005005
bwa,1994,7.45117998123169
bwa,1995,7.38824987411499
bwa,1996,7.37585020065308
bwa,1997,7.314040184021
bwa,1998,7.28213977813721
bwa,1999,7.31299018859863
bwa,2000,7.35739994049072
bwa,2001,7.47186994552612
bwa,2002,7.48857021331787
bwa,2003,7.49512004852295
bwa,2004,7.43647003173828
bwa,2005,7.45092010498047
bwa,2006,7.46112012863159
bwa,2007,7.37371015548706
bwa,2008,7.36137008666992
bwa,2009,7.40375995635986
bwa,2012,7.48463010787964
bwa,2013,7.51081991195679
caf,1971,2.56870007514954
caf,1972,2.53464007377625
caf,1973,2.73534989356995
caf,1974,2.79082989692688
caf,1975,2.88201999664307
caf,1976,3.05612993240356
caf,1977,3.23063993453979
caf,1978,3.18594002723694
caf,1979,3.04274988174438
caf,1980,3.11264991760254
caf,1981,3.11241006851196
caf,1982,3.16985011100769
caf,1983,3.07221007347107
caf,1984,3.2490599155426
caf,1985,3.33429002761841
caf,1986,3.60989999771118
caf,1987,3.0544900894165
caf,1988,3.10918998718262
caf,1989,3.1374499797821
caf,1990,3.31095004081726
caf,1991,3.12779998779297
caf,1992,2.71893000602722
caf,2001,3.79837989807129
caf,2002,3.30762004852295
caf,2003,3.32979011535645
caf,2004,2.80158996582031
caf,2005,3.26309990882874
caf,2006,3.25053000450134
caf,2007,3.79596996307373
caf,2008,4.40853023529053
caf,2009,4.5327000617981
caf,2010,4.67098999023438
caf,2011,4.76212978363037
caf,2012,4.85306978225708
can,1971,6.11153984069824
can,1972,6.00146007537842
can,1973,5.87250995635986
can,1974,5.79777002334595
can,1975,5.8306097984314
can,1976,5.88154983520508
can,1977,5.91144990921021
can,1978,5.94573020935059
can,1979,5.95178985595703
can,1980,5.95721006393433
can,1981,5.94685983657837
can,1982,6.2279200553894
can,1983,6.16480016708374
can,1984,6.1263599395752
can,1985,6.11720991134644
can,1986,6.13792991638184
can,1987,6.14162015914917
can,1988,6.1458101272583
can,1989,6.12244987487793
can,1990,6.19728994369507
can,1991,6.18176984786987
can,1992,6.14022016525269
can,1993,6.08716011047363
can,1994,6.03670978546143
can,1995,6.0347900390625
can,1996,6.09235000610352
can,1998,5.95647001266479
can,1999,5.9910101890564
can,2000,6.0245099067688
can,2004,5.85973978042603
can,2005,5.79813003540039
can,2006,5.89594984054565
can,2007,5.91230010986328
can,2008,5.86877012252808
can,2009,5.94312000274658
can,2010,5.93633985519409
can,2011,5.91827011108398
can,2012,6.01396989822388
can,2013,6.06769990921021
che,1973,5.63185977935791
che,1974,5.59055995941162
che,1975,5.56307983398438
che,1976,5.52555990219116
che,1977,5.02376985549927
che,1978,5.08196020126343
che,1979,5.00127983093262
che,1980,4.96596002578735
che,1981,5.03027009963989
che,1982,5.02840995788574
che,1983,5.00133991241455
che,1984,4.9800500869751
che,1985,4.95752000808716
che,1986,4.96639013290405
che,1987,5.03843021392822
che,1988,5.13679981231689
che,1989,5.26445007324219
che,1990,5.38876008987427
che,1991,5.45306015014648
che,1992,5.48065996170044
che,1993,5.6870698928833
che,1994,5.63729000091553
che,1995,5.73026990890503
che,1996,5.85734987258911
che,1998,6.29172992706299
che,1999,6.30767011642456
che,2000,6.37026977539063
che,2001,6.32084989547729
che,2002,6.26832008361816
che,2003,6.24065017700195
che,2004,6.19465017318726
che,2005,6.14386987686157
che,2006,6.13058996200562
che,2007,6.13900995254517
che,2008,6.16201019287109
che,2009,6.18004989624023
che,2010,6.18132019042969
che,2011,6.19470977783203
che,2012,6.19609022140503
che,2013,6.21249008178711
che,2014,6.20149993896484
chl,1970,7.31318998336792
chl,1971,7.68576002120972
chl,1972,7.6726598739624
chl,1973,7.66089010238647
chl,1974,7.55650997161865
chl,1975,7.32132005691528
chl,1976,7.065110206604
chl,1977,6.96077013015747
chl,1978,6.91710996627808
chl,1979,6.95006990432739
chl,1980,6.8391900062561
chl,1981,6.77542018890381
chl,1982,6.65257978439331
chl,1983,6.61993980407715
chl,1984,6.43314981460571
chl,1985,6.46973991394043
chl,1986,6.38791990280151
chl,1989,6.28631019592285
chl,1990,6.32988023757935
chl,1991,6.30394983291626
chl,1992,6.08779001235962
chl,1993,6.07680988311768
chl,1996,6.0101900100708
chl,1997,6.19329023361206
chl,1998,6.25076007843018
chl,1999,6.37448978424072
chl,2000,6.41146993637085
chl,2002,6.36122989654541
chl,2003,6.27403020858765
chl,2004,6.42742013931274
chl,2005,6.37555980682373
chl,2006,6.34855985641479
chl,2007,6.3567099571228
chl,2008,6.32864999771118
chl,2009,6.22469997406006
chl,2010,6.07174015045166
chl,2011,6.00106000900269
chl,2012,5.97511005401611
chl,2013,5.89318990707397
chl,2014,5.91723012924194
chn,1974,5.06237983703613
chn,1975,5.5285701751709
chn,1976,5.70640993118286
chn,1977,5.48907995223999
chn,1978,5.19588994979858
chn,1979,5.08425998687744
chn,1980,5.1072998046875
chn,1981,5.15429019927979
chn,1982,5.08117008209229
chn,1983,5.0587100982666
chn,1984,5.11221981048584
chn,1985,5.35986995697021
chn,1986,5.7047700881958
chn,1987,5.8206000328064
chn,1988,6.0967001914978
chn,1989,6.00959014892578
chn,1990,6.04376983642578
chn,1991,5.98722982406616
chn,1992,5.93199014663696
chn,1993,5.80689001083374
chn,1994,5.69713020324707
chn,1995,5.60690021514893
chn,1996,5.47677993774414
chn,1997,5.3718900680542
chn,1998,5.26763010025024
chn,2001,5.44575023651123
chn,2002,5.50973987579346
chn,2003,5.66836023330688
chn,2006,6.22419023513794
chn,2007,6.42093992233276
chn,2008,6.56999015808105
chn,2009,6.61763000488281
chn,2010,6.57542991638184
chn,2011,6.5407600402832
chn,2012,6.54986000061035
chn,2013,6.51952981948853
chn,2014,6.24626016616821
civ,1970,2.63386011123657
civ,1971,2.71688008308411
civ,1972,2.71967005729675
civ,1973,2.79946994781494
civ,1974,2.84253001213074
civ,1975,2.86317992210388
civ,1976,2.89294004440308
civ,1977,3.17831993103027
civ,1978,3.18559002876282
civ,1979,3.35795998573303
civ,1980,3.48372006416321
civ,1981,3.6297299861908
civ,1982,3.69078993797302
civ,1983,3.70324993133545
civ,1984,3.64195990562439
civ,1985,3.55468988418579
civ,1986,3.52926993370056
civ,1987,3.47919988632202
civ,1988,3.49461007118225
civ,1989,3.53382992744446
civ,1990,3.53663992881775
civ,1991,3.44965004920959
civ,1992,3.44289994239807
civ,1993,3.37762999534607
civ,1994,3.50174999237061
civ,1995,3.56118011474609
civ,1996,3.64766001701355
civ,1997,3.70158004760742
civ,1998,3.74809002876282
civ,1999,3.886549949646
civ,2000,3.76127004623413
civ,2001,3.9031400680542
civ,2002,3.84903001785278
civ,2003,3.82260990142822
civ,2006,3.67760992050171
civ,2007,3.70793008804321
civ,2008,3.91529989242554
civ,2009,4.03251981735229
civ,2011,4.46008014678955
civ,2012,4.68572998046875
civ,2013,4.86363983154297
civ,2014,5.06001996994019
cmr,1971,4.73262977600098
cmr,1972,4.70987987518311
cmr,1973,4.71353006362915
cmr,1974,5.00835990905762
cmr,1975,4.96437978744507
cmr,1976,5.0675802230835
cmr,1977,5.01983976364136
cmr,1978,5.08900022506714
cmr,1979,5.16633987426758
cmr,1980,5.20564985275269
cmr,1981,5.16032981872559
cmr,1982,5.22770977020264
cmr,1983,5.36992979049683
cmr,1984,5.29390001296997
cmr,1985,5.35053014755249
cmr,1986,5.42887020111084
cmr,1987,5.54265022277832
cmr,1988,5.80783987045288
cmr,1989,5.40437984466553
cmr,1990,5.61546993255615
cmr,1991,5.48156976699829
cmr,1992,5.11824989318848
cmr,1994,4.66746997833252
cmr,1995,4.5429801940918
cmr,1996,4.06421995162964
cmr,1997,4.28171014785767
cmr,1998,4.28448009490967
cmr,1999,4.38529014587402
cmr,2000,4.58994007110596
cmr,2001,5.46825981140137
cmr,2002,5.43230009078979
cmr,2003,5.40518999099731
cmr,2004,5.65451002120972
cmr,2005,5.48426008224487
cmr,2006,5.42824983596802
cmr,2007,5.61521005630493
cmr,2008,5.67989015579224
cmr,2009,5.82106018066406
cmr,2010,5.92476987838745
cmr,2011,5.9442400932312
cmr,2012,6.27538013458252
cmr,2014,6.43442010879517
cod,1971,4.4297399520874
cod,1972,4.58723020553589
cod,1973,4.43867015838623
cod,1974,4.51447010040283
cod,1975,4.64837980270386
cod,1976,4.54452991485596
cod,1977,4.59375
cod,1978,4.64165019989014
cod,1979,4.87168979644775
cod,1980,4.77322006225586
cod,1981,4.87415981292725
cod,1982,4.94193983078003
cod,1983,5.22168016433716
cod,1984,5.32507991790771
cod,1985,4.46492004394531
cod,1986,4.48868989944458
cod,1987,4.34647989273071
cod,1988,4.40884017944336
cod,1990,3.04656004905701
cod,1991,4.19188976287842
cod,1992,4.10678005218506
cod,1993,4.2372899055481
cod,1994,3.94186997413635
cod,1995,3.87536001205444
cod,1998,3.24349999427795
cod,1999,3.10985994338989
cod,2002,3.38910007476807
cod,2007,4.7978401184082
cod,2008,5.31251001358032
cod,2009,5.32426023483276
cod,2010,5.34465980529785
cod,2011,5.63079023361206
cod,2012,5.70423984527588
cod,2013,5.86875009536743
cod,2014,6.11067008972168
cog,1971,5.97410011291504
cog,1972,6.6736798286438
cog,1973,6.57139015197754
cog,1974,6.98966979980469
cog,1975,6.92683982849121
cog,1976,7.314040184021
cog,1977,7.10584020614624
cog,1978,7.54913997650146
cog,1979,7.58652019500732
cog,1980,8.15948963165283
cog,1981,8.10377979278564
cog,1982,8.17835998535156
cog,1983,8.25979995727539
cog,1984,8.31427955627441
cog,1985,7.81350994110107
cog,1986,7.88571977615356
cog,1987,7.81843996047974
cog,1988,7.69787979125977
cog,1989,7.48936986923218
cog,1990,7.29492998123169
cog,1991,7.10891008377075
cog,1992,7.03626012802124
cog,1993,7.15919017791748
cog,1994,6.93777990341187
cog,1995,6.65214014053345
cog,1996,6.59354019165039
cog,1997,6.34092998504639
cog,1998,5.3189001083374
cog,1999,3.49545001983643
cog,2000,5.08889007568359
cog,2001,6.03986978530884
cog,2002,6.19745016098022
cog,2003,5.85439014434814
cog,2004,6.53524017333984
cog,2005,6.89212989807129
cog,2006,6.94408988952637
cog,2007,6.34422016143799
cog,2008,6.20626020431519
cog,2009,6.42681980133057
cog,2010,6.69043016433716
cog,2011,6.59890985488892
cog,2012,7.04031991958618
col,1970,5.23363018035889
col,1971,5.37461996078491
col,1972,5.39225006103516
col,1973,5.49893999099731
col,1974,5.47452020645142
col,1975,5.53660011291504
col,1976,5.56769990921021
col,1977,5.68471002578735
col,1978,5.87405014038086
col,1979,6.05273008346558
col,1980,5.88032007217407
col,1981,6.00005006790161
col,1982,5.55417013168335
col,1983,5.54055976867676
col,1984,5.41363000869751
col,1985,5.35496997833252
col,1986,5.40170001983643
col,1987,5.18801021575928
col,1988,5.15700006484985
col,1989,5.14078998565674
col,1990,5.4454197883606
col,1991,5.154709815979
col,1992,5.45447015762329
col,1993,5.42705011367798
col,1994,5.39894008636475
col,1995,5.44869995117188
col,1996,5.71786022186279
col,1998,5.8824200630188
col,1999,5.99494981765747
col,2000,6.04736995697021
col,2001,5.92782020568848
col,2002,6.0214900970459
col,2004,6.20695018768311
col,2005,6.29137992858887
col,2006,6.37040996551514
col,2007,6.42606019973755
col,2008,6.4433798789978
col,2009,6.46129989624023
col,2010,6.15144014358521
col,2011,5.91346979141235
col,2012,5.71834993362427
col,2013,5.74818992614746
col,2014,5.57661008834839
com,1971,1.49214005470276
com,1972,1.65244996547699
com,1973,2.0753800868988
com,1974,2.13697004318237
com,1975,2.89432001113892
com,1981,5.86484003067017
com,1984,5.65818023681641
com,1985,6.05518007278442
com,1986,5.66236019134521
com,1987,5.5715799331665
com,1988,5.30318021774292
com,1989,5.24744987487793
com,1990,4.77050018310547
com,1991,5.04523992538452
com,1992,5.72328996658325
com,1993,5.49074983596802
com,1994,5.72652006149292
com,1998,5.51672983169556
com,1999,5.31942987442017
com,2000,5.89315986633301
com,2002,6.01483011245728
com,2003,5.92882013320923
com,2004,6.05203008651733
com,2007,5.93204021453857
com,2008,6.16890001296997
com,2011,5.84137010574341
com,2013,6.19226980209351
cpv,1974,5.37273979187012
cpv,1975,5.70037984848022
cpv,1977,6.78820991516113
cpv,1978,6.82055997848511
cpv,1979,6.81888008117676
cpv,1980,6.72658014297485
cpv,1981,6.59882020950317
cpv,1982,6.56045007705688
cpv,1983,6.1905198097229
cpv,1984,6.65232992172241
cpv,1985,6.75922012329102
cpv,1986,6.92671012878418
cpv,1987,7.15652990341187
cpv,1988,7.34578990936279
cpv,1989,7.44656991958618
cpv,1990,7.51124000549316
cpv,1991,7.51159000396729
cpv,1994,7.32755994796753
cpv,1998,7.36618995666504
cpv,1999,7.09247016906738
cpv,2000,7.05622005462646
cpv,2001,6.90400981903076
cpv,2002,6.83726978302002
cpv,2003,6.68357992172241
cpv,2004,6.53234004974365
cpv,2005,6.44969987869263
cpv,2006,6.44618988037109
cpv,2007,6.38086986541748
cpv,2008,6.38176012039185
cpv,2009,6.37656021118164
cpv,2010,6.44570016860962
cpv,2011,6.53238010406494
cpv,2012,6.54607009887695
cpv,2013,6.63184022903442
cpv,2014,6.57237005233765
cri,1970,6.68569993972778
cri,1971,6.39702987670898
cri,1972,6.58543014526367
cri,1973,6.59892988204956
cri,1974,6.33770990371704
cri,1975,6.26129007339478
cri,1976,6.30742979049683
cri,1977,6.34351015090942
cri,1978,6.22709989547729
cri,1979,6.18048000335693
cri,1980,6.14194011688232
cri,1981,6.17693996429443
cri,1982,6.06751012802124
cri,1983,5.96493005752563
cri,1984,5.90497016906738
cri,1985,6.03011989593506
cri,1986,6.12230014801025
cri,1987,6.13042020797729
cri,1988,6.06226015090942
cri,1989,6.20490980148315
cri,1990,6.22852993011475
cri,1991,6.31246995925903
cri,1992,6.26654005050659
cri,1993,6.31428003311157
cri,1994,6.33927011489868
cri,1995,6.39067983627319
cri,1996,6.45108985900879
cri,1997,6.44021987915039
cri,1998,6.47730016708374
cri,1999,6.8941798210144
cri,2000,6.64850997924805
cri,2001,6.74460983276367
cri,2002,6.58023023605347
cri,2004,6.81664991378784
cri,2005,6.65312004089355
cri,2006,6.76660013198853
cri,2007,6.71555995941162
cri,2008,6.79043006896973
cri,2009,6.85354995727539
cri,2010,6.83960008621216
cri,2011,6.82962989807129
cri,2012,6.74905014038086
cri,2013,6.61254978179932
cri,2014,6.56797981262207
cub,1971,6.98208999633789
cub,1972,7.43218994140625
cub,1973,7.49504995346069
cub,1974,7.41705989837646
cub,1975,7.12551021575928
cub,1976,7.18987989425659
cub,1977,7.08459997177124
cub,1978,6.89815998077393
cub,1979,6.66387987136841
cub,1980,6.39910984039307
cub,1981,6.17756986618042
cub,1982,6.0547399520874
cub,1983,6.06419992446899
cub,1984,6.04829978942871
cub,1985,5.90670013427734
cub,1986,5.90254020690918
cub,1987,5.91951990127563
cub,1988,5.86233997344971
cub,1989,5.85368013381958
cub,1990,5.81891012191772
cub,1991,5.7667498588562
cub,1992,5.9031400680542
cub,1993,5.94409990310669
cub,1994,6.05573987960815
cub,1995,6.03318023681641
cub,1996,6.19344997406006
cub,1997,6.17301988601685
cub,1998,6.0180401802063
cub,1999,6.01888990402222
cub,2000,5.95924997329712
cub,2001,5.90977001190186
cub,2002,5.90631008148193
cub,2003,5.79813003540039
cub,2004,5.80656003952026
cub,2005,5.8345799446106
cub,2006,5.87166023254395
cub,2007,5.92597007751465
cub,2008,5.97479009628296
cub,2009,6.0855598449707
cub,2010,6.10084009170532
cub,2011,6.03812980651855
cub,2012,5.94894981384277
cub,2013,5.81766986846924
cub,2014,5.73601007461548
cuw,2013,10.2764501571655
cyp,1971,5.27316999435425
cyp,1972,5.15488004684448
cyp,1973,5.1216402053833
cyp,1974,5.12698984146118
cyp,1975,4.64635992050171
cyp,1976,4.69951009750366
cyp,1977,4.67511987686157
cyp,1978,4.74075984954834
cyp,1979,4.75865983963013
cyp,1980,4.54404020309448
cyp,1981,4.47295999526978
cyp,1982,4.25761985778809
cyp,1983,4.23280000686646
cyp,1984,4.239990234375
cyp,1985,4.28951978683472
cyp,1986,4.5944299697876
cyp,1987,4.81669998168945
cyp,1988,4.88363981246948
cyp,1989,4.90254020690918
cyp,1990,4.92084980010986
cyp,1991,4.90077018737793
cyp,1992,4.80485010147095
cyp,1993,6.06008005142212
cyp,1994,6.04397010803223
cyp,1995,5.99516010284424
cyp,1996,5.96882009506226
cyp,1997,5.99074983596802
cyp,1999,5.83099985122681
cyp,2000,5.81234979629517
cyp,2001,5.80319976806641
cyp,2002,5.87465000152588
cyp,2003,5.86325979232788
cyp,2004,5.86717987060547
cyp,2005,6.03975009918213
cyp,2006,6.12652015686035
cyp,2007,6.117760181427
cyp,2008,6.15705013275146
cyp,2009,6.26724004745483
cyp,2010,6.08179998397827
cyp,2011,6.03378009796143
cyp,2012,5.9935998916626
cyp,2013,5.98788976669312
cyp,2014,5.96652984619141
cze,1971,4.95415019989014
cze,1972,5.08756017684937
cze,1973,5.17004013061523
cze,1974,5.22103023529053
cze,1975,5.17421007156372
cze,1976,5.03473997116089
cze,1977,4.91958999633789
cze,1978,4.82501983642578
cze,1979,4.70687007904053
cze,1981,3.92055010795593
cze,1982,3.99022006988525
cze,1983,4.05023002624512
cze,1984,3.95520997047424
cze,1985,3.86704993247986
cze,1986,3.80756998062134
cze,1987,3.70588994026184
cze,1988,3.62527990341187
cze,1989,3.69271993637085
cze,1990,3.74270009994507
cze,1991,3.87244009971619
cze,1992,4.35416984558105
cze,1993,4.13544988632202
cze,1994,4.23264980316162
cze,1995,4.18612003326416
cze,1996,4.15741014480591
cze,1997,5.09414005279541
cze,1998,5.15545988082886
cze,1999,5.10606002807617
cze,2000,5.11373996734619
cze,2001,5.08895015716553
cze,2002,4.96006011962891
cze,2003,4.79587984085083
cze,2004,4.75415992736816
cze,2005,4.76870012283325
cze,2006,4.84317016601563
cze,2007,5.02468013763428
cze,2008,5.18018007278442
cze,2009,5.26627016067505
cze,2010,5.2278299331665
cze,2011,5.1103401184082
cze,2012,5.05678987503052
cze,2013,5.0359001159668
cze,2014,5.03287982940674
deu,1992,3.99882006645203
deu,1993,4.03248977661133
deu,1994,4.02145004272461
deu,1995,4.06862020492554
deu,1996,4.12404012680054
deu,1997,4.18815994262695
deu,1998,4.2509298324585
deu,1999,4.25287008285522
deu,2000,4.26976013183594
deu,2001,4.25118017196655
deu,2002,4.17374992370605
deu,2003,4.15766000747681
deu,2004,4.18459987640381
deu,2005,4.19024991989136
deu,2006,4.22765016555786
deu,2007,4.24096012115479
deu,2008,4.19964981079102
deu,2009,4.16729021072388
deu,2010,4.14524984359741
deu,2011,4.11760997772217
deu,2012,4.11956977844238
deu,2013,4.10587978363037
deu,2014,4.11879014968872
dji,1971,0.890160024166107
dji,1972,0.958819985389709
dji,1973,1.02591001987457
dji,1974,1.11177003383636
dji,1975,1.17674994468689
dji,1976,1.09107995033264
dji,1982,1.51844000816345
dji,1983,1.59995996952057
dji,1984,1.6611499786377
dji,1985,1.68952000141144
dji,1986,1.77052998542786
dji,1987,1.76319003105164
dji,1988,1.75814998149872
dji,1989,1.72742998600006
dji,1990,1.74126005172729
dji,1991,1.68019998073578
dji,1992,1.75654995441437
dji,1993,1.65033996105194
dji,1994,1.73002994060516
dji,1995,1.77240002155304
dji,1996,1.72623002529144
dji,1997,1.69019997119904
dji,1998,1.59127998352051
dji,1999,1.60309994220734
dji,2000,1.60897994041443
dji,2001,1.81219005584717
dji,2002,1.9306800365448
dji,2004,2.19139003753662
dji,2005,2.35044002532959
dji,2006,2.51906991004944
dji,2007,2.77476000785828
dji,2008,2.83661007881165
dji,2009,2.82204008102417
dji,2011,3.129390001297
dji,2012,3.22985005378723
dji,2013,3.16584992408752
dji,2014,3.1762900352478
dji,2015,3.12719011306763
dma,1971,8.81130981445313
dma,1972,8.94684028625488
dma,1973,8.71475028991699
dma,1974,8.21691036224365
dma,1975,8.38321971893311
dma,1976,7.86833000183105
dma,1977,7.99119997024536
dma,1978,7.69801998138428
dma,1979,7.46534013748169
dma,1980,7.21059989929199
dma,1981,7.26447010040283
dma,1982,7.21252012252808
dma,1984,7.02682018280029
dma,1986,6.59057998657227
dma,1987,6.80559015274048
dma,1988,6.7273998260498
dma,1990,7.01132011413574
dma,1991,7.45427989959717
dma,1992,7.53974008560181
dma,1993,8.70697975158691
dma,1994,9.42930030822754
dma,1995,9.97770977020264
dma,1999,9.09090042114258
dma,2000,8.49413013458252
dma,2001,7.9721097946167
dma,2002,7.58769989013672
dma,2003,7.33686017990112
dma,2004,7.04179000854492
dma,2005,7.01368999481201
dma,2006,6.89938020706177
dma,2007,6.94570016860962
dma,2008,7.10399007797241
dma,2009,7.34305000305176
dma,2010,7.6646900177002
dma,2011,8.00127029418945
dma,2012,8.24763011932373
dma,2013,8.20604038238525
dma,2014,8.23754978179932
dnk,1971,5.81440019607544
dnk,1972,5.84371995925903
dnk,1973,5.9867901802063
dnk,1974,6.15265989303589
dnk,1975,6.26519012451172
dnk,1976,6.23007011413574
dnk,1977,6.13823986053467
dnk,1978,6.04666996002197
dnk,1979,5.94392013549805
dnk,1980,5.8545298576355
dnk,1981,5.74274015426636
dnk,1982,5.79125022888184
dnk,1983,5.8976001739502
dnk,1984,5.93981981277466
dnk,1985,5.94280004501343
dnk,1986,5.92077016830444
dnk,1987,5.94014978408813
dnk,1988,5.95107984542847
dnk,1989,5.88152980804443
dnk,1990,5.87487983703613
dnk,1991,5.90139007568359
dnk,1992,5.84244012832642
dnk,1993,5.90991020202637
dnk,1994,6.01242017745972
dnk,1995,6.03219985961914
dnk,1996,6.02638006210327
dnk,1998,6.10810995101929
dnk,1999,6.09503984451294
dnk,2000,6.10076999664307
dnk,2001,6.09680986404419
dnk,2002,6.21507978439331
dnk,2004,6.05214023590088
dnk,2005,5.92984008789063
dnk,2006,5.96312999725342
dnk,2007,6.00164985656738
dnk,2008,5.99172019958496
dnk,2009,5.98297023773193
dnk,2010,5.97817993164063
dnk,2011,7.03021001815796
dnk,2012,7.05675983428955
dnk,2013,7.06399011611938
dnk,2014,7.04246997833252
dom,1971,5.68181991577148
dom,1972,5.97793006896973
dom,1973,5.92679977416992
dom,1983,6.97819995880127
dom,1985,7.3257098197937
dom,1986,7.36258983612061
dom,1998,6.38612985610962
dom,1999,6.65148019790649
dom,2000,6.80947017669678
dom,2002,7.03655004501343
dom,2003,6.87602996826172
dom,2004,6.18095016479492
dom,2005,6.21821022033691
dom,2006,5.95239019393921
dom,2007,6.49304008483887
dom,2008,6.24234008789063
dom,2009,6.07254981994629
dom,2010,6.04244995117188
dom,2011,6.04856014251709
dom,2012,5.88745021820068
dom,2013,5.90440988540649
dom,2014,5.76950979232788
dza,1971,3.40632009506226
dza,1972,3.69775009155273
dza,1973,4.04192018508911
dza,1974,4.24677991867065
dza,1975,4.37808990478516
dza,1976,4.55678987503052
dza,1977,4.71974992752075
dza,1978,4.80040979385376
dza,1979,4.84569978713989
dza,1980,4.87402009963989
dza,1981,4.85028982162476
dza,1982,4.81086015701294
dza,1983,4.77194976806641
dza,1984,4.76263999938965
dza,1985,4.75437021255493
dza,1986,4.73448991775513
dza,1987,4.84599018096924
dza,1988,4.95584011077881
dza,1989,5.00084018707275
dza,1990,5.04762983322144
dza,1991,5.16411018371582
dza,1992,5.30832004547119
dza,1993,5.35409021377563
dza,1994,5.4278998374939
dza,1995,5.45623016357422
dza,1996,5.5543098449707
dza,1997,5.64297008514404
dza,1998,5.72596979141235
dza,1999,5.8633599281311
dza,2000,6.0170202255249
dza,2001,5.94951009750366
dza,2002,6.03700017929077
dza,2003,6.07510995864868
dza,2004,6.13240003585815
dza,2005,6.15974998474121
dza,2006,6.17532014846802
dza,2007,6.27181005477905
dza,2008,6.28041982650757
dza,2009,5.382080078125
dza,2010,5.53093004226685
dza,2011,5.60490989685059
dza,2012,5.69477987289429
dza,2013,5.78550004959106
dza,2014,5.75547981262207
eap,1973,4.92691898345947
eap,1974,5.03785371780396
eap,1975,5.41174411773682
eap,1976,5.56545829772949
eap,1977,5.42752361297607
eap,1978,5.25979423522949
eap,1979,5.19378614425659
eap,1980,5.25267028808594
eap,1981,5.32690954208374
eap,1982,5.33433818817139
eap,1983,5.36936378479004
eap,1984,5.44354391098022
eap,1985,5.61538457870483
eap,1986,5.81871128082275
eap,1987,5.89988374710083
eap,1988,6.0722017288208
eap,1989,6.01542043685913
eap,1990,5.99119234085083
eap,1991,5.97120904922485
eap,1992,5.93521404266357
eap,1993,5.84800863265991
eap,1994,5.77860021591187
eap,1995,5.69644212722778
eap,1996,5.60978269577026
eap,1997,5.54694843292236
eap,1998,5.48351144790649
eap,1999,5.54357528686523
eap,2000,5.58101844787598
eap,2001,5.63697052001953
eap,2002,5.68122243881226
eap,2003,5.77839374542236
eap,2004,5.90770769119263
eap,2005,6.01125574111938
eap,2006,6.03476667404175
eap,2007,6.17445945739746
eap,2008,6.26955556869507
eap,2009,6.32447719573975
eap,2010,6.36417627334595
eap,2011,6.37043619155884
eap,2012,6.38457727432251
eap,2013,6.35725116729736
eap,2014,6.20617532730103
eas,1973,5.02370309829712
eas,1974,5.11575365066528
eas,1975,5.46262454986572
eas,1976,5.60942125320435
eas,1977,5.48478603363037
eas,1978,5.33227825164795
eas,1979,5.27697277069092
eas,1980,5.33772230148315
eas,1981,5.40201616287231
eas,1982,5.40366315841675
eas,1983,5.43204498291016
eas,1984,5.4970006942749
eas,1985,5.65449857711792
eas,1986,5.84409952163696
eas,1987,5.92148303985596
eas,1988,6.08028936386108
eas,1989,6.02901363372803
eas,1990,6.00720310211182
eas,1991,5.98603487014771
eas,1992,5.95055723190308
eas,1993,5.86642217636108
eas,1994,5.8013744354248
eas,1995,5.72869491577148
eas,1996,5.64669370651245
eas,1997,5.58667802810669
eas,1998,5.52900218963623
eas,1999,5.58796405792236
eas,2000,5.62270784378052
eas,2001,5.67420816421509
eas,2002,5.7200231552124
eas,2003,5.81592082977295
eas,2004,5.94046068191528
eas,2005,6.03917837142944
eas,2006,6.05812549591064
eas,2007,6.18547916412354
eas,2008,6.26934432983398
eas,2009,6.31957960128784
eas,2010,6.35866641998291
eas,2011,6.36626243591309
eas,2012,6.37802028656006
eas,2013,6.34984970092773
eas,2014,6.21014976501465
eca,1980,3.64579391479492
eca,1981,3.59966564178467
eca,1982,3.62149786949158
eca,1983,3.63400506973267
eca,1984,3.70846891403198
eca,1985,3.72963070869446
eca,1986,3.75761270523071
eca,1987,3.7841956615448
eca,1988,3.80608487129211
eca,1989,3.75469851493835
eca,1990,3.74970674514771
eca,1991,3.74581670761108
eca,1992,3.72282767295837
eca,1993,3.68972444534302
eca,1994,3.66281676292419
eca,1995,3.69235944747925
eca,1996,3.80313444137573
eca,1997,3.79146933555603
eca,1998,3.81305909156799
eca,1999,3.84965682029724
eca,2000,3.88801550865173
eca,2001,3.98282885551453
eca,2002,4.09484815597534
eca,2003,4.12862253189087
eca,2004,4.20175790786743
eca,2005,4.26674461364746
eca,2006,4.23391103744507
eca,2007,4.23998355865479
eca,2008,4.25201272964478
eca,2009,4.24198436737061
eca,2010,4.27726888656616
eca,2011,4.29600811004639
eca,2012,4.27265882492065
eca,2013,4.11486148834229
eca,2014,4.0963659286499
ecs,1970,4.54419660568237
ecs,1971,4.55391359329224
ecs,1972,4.55271053314209
ecs,1973,4.54675197601318
ecs,1974,4.5487494468689
ecs,1975,4.54835319519043
ecs,1976,4.56561279296875
ecs,1977,4.53145551681519
ecs,1978,4.51652812957764
ecs,1979,4.49618339538574
ecs,1980,4.47044229507446
ecs,1981,4.42647790908813
ecs,1982,4.42514944076538
ecs,1983,4.41399621963501
ecs,1984,4.44354677200317
ecs,1985,4.44650459289551
ecs,1986,4.4616265296936
ecs,1987,4.48244380950928
ecs,1988,4.48879384994507
ecs,1989,4.45327234268188
ecs,1990,4.43294668197632
ecs,1991,4.41842269897461
ecs,1992,4.38174915313721
ecs,1993,4.36482620239258
ecs,1994,4.34895420074463
ecs,1995,4.36047554016113
ecs,1996,4.46961641311646
ecs,1997,4.49627065658569
ecs,1998,4.56602668762207
ecs,1999,4.61474418640137
ecs,2000,4.65716981887817
ecs,2001,4.70984888076782
ecs,2002,4.75341796875
ecs,2003,4.76432704925537
ecs,2004,4.8148980140686
ecs,2005,4.86524057388306
ecs,2006,4.8603777885437
ecs,2007,4.88084173202515
ecs,2008,4.90387058258057
ecs,2009,4.89925622940063
ecs,2010,4.91566944122314
ecs,2011,4.92627763748169
ecs,2012,4.91613531112671
ecs,2013,4.84957790374756
ecs,2014,4.83133745193481
ecu,1971,5.85733985900879
ecu,1972,5.78632020950317
ecu,1973,6.01259994506836
ecu,1974,6.25046014785767
ecu,1975,6.27839994430542
ecu,1976,6.38563013076782
ecu,1977,6.4265398979187
ecu,1978,6.50471019744873
ecu,1979,6.805260181427
ecu,1980,6.8615198135376
ecu,1981,6.99006986618042
ecu,1983,7.21112012863159
ecu,1984,7.32648992538452
ecu,1985,7.29989004135132
ecu,1986,7.3613600730896
ecu,1987,7.47737979888916
ecu,1988,7.5073299407959
ecu,1993,7.56541013717651
ecu,1994,6.63092994689941
ecu,1995,6.61375999450684
ecu,1996,6.63178014755249
ecu,1997,6.80101013183594
ecu,1998,6.69961977005005
ecu,1999,6.68667984008789
ecu,2000,6.69805002212524
ecu,2001,6.76240015029907
ecu,2002,6.7993597984314
ecu,2003,6.76586008071899
ecu,2004,6.70727014541626
ecu,2005,6.7055401802063
ecu,2006,6.69229984283447
ecu,2007,6.77766990661621
ecu,2009,6.70524978637695
ecu,2010,6.94025993347168
ecu,2011,7.0283899307251
ecu,2012,7.02023983001709
ecu,2013,6.98051977157593
ecu,2014,6.81595993041992
egy,1971,3.26760005950928
egy,1972,3.31579995155334
egy,1973,3.34489011764526
egy,1974,3.23675990104675
egy,1975,3.30826997756958
egy,1976,3.32210993766785
egy,1977,3.32178997993469
egy,1978,3.35102009773254
egy,1979,3.41495990753174
egy,1980,3.5266900062561
egy,1981,3.62590003013611
egy,1982,3.7728099822998
egy,1983,3.96883988380432
egy,1984,4.16325998306274
egy,1985,4.33678007125854
egy,1986,4.49009990692139
egy,1987,4.64489984512329
egy,1988,4.6559100151062
egy,1989,4.83436012268066
egy,1990,4.14243984222412
egy,1991,4.22363996505737
egy,1992,3.90004992485046
egy,1993,3.94529008865356
egy,1994,4.32988023757935
egy,1995,4.07228994369507
egy,1996,4.10569000244141
egy,1997,4.42744016647339
egy,1999,4.47687005996704
egy,2000,4.49955987930298
egy,2001,4.57461023330688
egy,2002,4.67651987075806
egy,2003,4.78244018554688
egy,2004,4.89432001113892
egy,2005,5.83765983581543
egy,2006,6.00813007354736
egy,2007,6.1666898727417
egy,2009,6.36008977890015
egy,2010,6.34945011138916
egy,2011,5.98957014083862
egy,2012,6.35438013076782
egy,2013,6.32684993743896
egy,2014,6.23064994812012
emu,1970,5.21710062026978
emu,1971,5.21695327758789
emu,1972,5.21745681762695
emu,1973,5.18799686431885
emu,1974,5.15439510345459
emu,1975,5.15383005142212
emu,1976,5.19678068161011
emu,1977,5.14087104797363
emu,1978,5.16229391098022
emu,1979,5.1667423248291
emu,1980,5.18735218048096
emu,1981,5.1827597618103
emu,1982,5.16511487960815
emu,1983,5.12653064727783
emu,1984,5.10240411758423
emu,1985,5.09264898300171
emu,1986,5.10615348815918
emu,1987,5.13797616958618
emu,1988,5.13099956512451
emu,1989,5.12567090988159
emu,1990,5.07609748840332
emu,1991,5.03983020782471
emu,1992,4.96641111373901
emu,1993,4.96314525604248
emu,1994,4.9623875617981
emu,1995,4.95488882064819
emu,1996,5.10186290740967
emu,1997,5.13391065597534
emu,1998,5.21721744537354
emu,1999,5.2542872428894
emu,2000,5.27166795730591
emu,2001,5.25860834121704
emu,2002,5.21578359603882
emu,2003,5.20575714111328
emu,2004,5.20580101013184
emu,2005,5.26518201828003
emu,2006,5.30220222473145
emu,2007,5.36854934692383
emu,2008,5.39083385467529
emu,2009,5.39099645614624
emu,2010,5.3747034072876
emu,2011,5.35578870773315
emu,2012,5.32654762268066
emu,2013,5.33415746688843
emu,2014,5.3210711479187
eri,1989,1.43592000007629
eri,1990,1.28268003463745
eri,1991,1.19106996059418
eri,1992,1.58390998840332
eri,1993,1.7148300409317
eri,1994,2.03408002853394
eri,1995,2.1494300365448
eri,1996,2.24522995948792
eri,1997,2.19766998291016
eri,1999,2.28376007080078
eri,2000,2.52128005027771
eri,2001,2.52401995658875
eri,2002,2.74830007553101
eri,2003,3.00522994995117
eri,2004,3.12610006332397
eri,2005,3.166179895401
eri,2006,3.06574988365173
eri,2007,2.81525993347168
eri,2008,2.61046004295349
eri,2009,2.44539999961853
eri,2010,2.25905990600586
eri,2011,2.33876991271973
eri,2012,2.41291999816895
eri,2013,2.44502997398376
esp,1971,5.64004993438721
esp,1972,5.85512018203735
esp,1973,5.54583978652954
esp,1974,5.61644983291626
esp,1975,5.66912984848022
esp,1976,5.61172008514404
esp,1977,5.55742979049683
esp,1978,5.4989800453186
esp,1979,5.48757982254028
esp,1980,5.47854995727539
esp,1981,5.45094013214111
esp,1982,5.45574998855591
esp,1983,5.45316982269287
esp,1984,5.42093992233276
esp,1985,5.40185022354126
esp,1986,5.33239984512329
esp,1987,5.33907985687256
esp,1988,5.17085981369019
esp,1989,5.16409015655518
esp,1990,5.15281009674072
esp,1991,5.21171998977661
esp,1992,5.16561985015869
esp,1993,5.23367023468018
esp,1994,5.21971988677979
esp,1995,5.18307018280029
esp,1996,6.19582986831665
esp,1997,6.19794988632202
esp,1998,6.22845983505249
esp,1999,6.22808980941772
esp,2000,6.23445987701416
esp,2001,6.20641994476318
esp,2002,6.17818021774292
esp,2003,6.16499996185303
esp,2004,6.18316984176636
esp,2005,6.13936996459961
esp,2006,6.17712020874023
esp,2007,6.29287004470825
esp,2008,6.39153003692627
esp,2009,6.41226005554199
esp,2010,6.34086990356445
esp,2011,6.28269004821777
esp,2012,6.21180009841919
esp,2013,6.29953002929688
esp,2014,6.26041984558105
est,1981,6.11325979232788
est,1982,6.10746002197266
est,1983,6.08624982833862
est,1984,6.06045007705688
est,1985,6.14411020278931
est,1986,6.20707988739014
est,1987,6.70223999023438
est,1988,6.80382013320923
est,1989,6.7060399055481
est,1990,5.52572011947632
est,1991,5.45364999771118
est,1992,5.43095016479492
est,1993,5.31489992141724
est,1994,5.36246013641357
est,1995,5.40669012069702
est,1996,5.65588998794556
est,1997,5.78378009796143
est,1998,5.9416298866272
est,1999,6.06149005889893
est,2000,6.17394018173218
est,2001,6.18849992752075
est,2002,6.08300018310547
est,2003,5.988450050354
est,2004,5.91806983947754
est,2005,5.872230052948
est,2006,5.82788991928101
est,2007,5.92518997192383
est,2008,6.06505012512207
est,2009,6.12915992736816
est,2010,6.1182599067688
est,2011,6.06949996948242
est,2012,6.06563997268677
est,2013,5.99992990493774
eth,1971,0.566640019416809
eth,1972,0.604340016841888
eth,1973,0.620829999446869
eth,1974,0.679690003395081
eth,1975,0.741509974002838
eth,1976,0.825969994068146
eth,1977,0.893149971961975
eth,1978,0.87474000453949
eth,1979,1.02342998981476
eth,1980,1.4108099937439
eth,1981,1.66242003440857
eth,1982,1.82033002376556
eth,1983,1.90190005302429
eth,1984,1.84686005115509
eth,1985,1.77086997032166
eth,1986,1.7548600435257
eth,1987,1.94947004318237
eth,1988,1.95721995830536
eth,1989,1.92104995250702
eth,1990,1.67888998985291
eth,1991,1.51349997520447
eth,1992,1.27655005455017
eth,1993,1.06947994232178
eth,1994,1.22774994373322
eth,1995,1.35743999481201
eth,1996,1.5796799659729
eth,1997,1.74907994270325
eth,1998,2.32137989997864
eth,1999,2.33064007759094
eth,2000,2.66558003425598
eth,2001,3.05870008468628
eth,2002,3.29711008071899
eth,2003,3.42918992042542
eth,2004,3.71768999099731
eth,2005,4.45359992980957
eth,2006,4.82783985137939
eth,2007,5.21789979934692
eth,2008,5.57357978820801
eth,2009,5.55614995956421
eth,2010,5.45006990432739
eth,2011,5.5489501953125
eth,2012,5.54577016830444
eth,2014,5.78844022750854
euu,1970,5.32330417633057
euu,1971,5.32271099090576
euu,1972,5.32172727584839
euu,1973,5.28622150421143
euu,1974,5.25577545166016
euu,1975,5.24326848983765
euu,1976,5.26320505142212
euu,1977,5.21862363815308
euu,1978,5.22173547744751
euu,1979,5.21307277679443
euu,1980,5.21138429641724
euu,1981,5.18780612945557
euu,1982,5.18487119674683
euu,1983,5.16541624069214
euu,1984,5.15894031524658
euu,1985,5.1557183265686
euu,1986,5.17205619812012
euu,1987,5.19932651519775
euu,1988,5.19924402236938
euu,1989,5.19430828094482
euu,1990,5.15959548950195
euu,1991,5.12819719314575
euu,1992,5.08104372024536
euu,1993,5.08872985839844
euu,1994,5.09331512451172
euu,1995,5.09072875976563
euu,1996,5.18815612792969
euu,1997,5.2386908531189
euu,1998,5.30892992019653
euu,1999,5.33264112472534
euu,2000,5.34947729110718
euu,2001,5.34395551681519
euu,2002,5.31316471099854
euu,2003,5.30231714248657
euu,2004,5.34183311462402
euu,2005,5.37165546417236
euu,2006,5.38307809829712
euu,2007,5.41328477859497
euu,2008,5.43857622146606
euu,2009,5.44312238693237
euu,2010,5.44377613067627
euu,2011,5.44803810119629
euu,2012,5.45590496063232
euu,2013,5.49149894714355
euu,2014,5.48908519744873
fin,1972,4.69531011581421
fin,1973,4.73262977600098
fin,1974,4.96600008010864
fin,1975,5.27812004089355
fin,1976,6.06670999526978
fin,1977,6.00461006164551
fin,1978,5.93268013000488
fin,1979,5.88102006912231
fin,1980,5.81333017349243
fin,1981,5.74733018875122
fin,1982,5.85996007919312
fin,1983,5.98210000991821
fin,1984,6.10075998306274
fin,1985,6.1602201461792
fin,1986,6.14752006530762
fin,1987,6.15607023239136
fin,1988,6.0577597618103
fin,1989,5.94916009902954
fin,1990,5.90128993988037
fin,1991,5.91087007522583
fin,1992,5.94708013534546
fin,1993,5.95884990692139
fin,1994,5.95699977874756
fin,1995,5.93558979034424
fin,1996,5.95583009719849
fin,1997,5.96371984481812
fin,1998,5.99366998672485
fin,1999,6.02034997940063
fin,2000,6.06478023529053
fin,2001,6.07038021087646
fin,2002,6.01396989822388
fin,2003,5.96396017074585
fin,2004,5.90783977508545
fin,2005,5.88858985900879
fin,2006,5.87244987487793
fin,2007,5.891930103302
fin,2008,5.89720010757446
fin,2009,5.90961980819702
fin,2010,5.92304992675781
fin,2011,5.94265985488892
fin,2012,6.00364017486572
fin,2013,6.03504991531372
fin,2014,6.08344984054565
fji,1970,6.27298021316528
fji,1971,6.48057985305786
fji,1972,6.65380001068115
fji,1973,6.78444004058838
fji,1974,6.95415019989014
fji,1975,7.01531982421875
fji,1976,6.87362003326416
fji,1977,6.72566986083984
fji,1978,6.56746006011963
fji,1979,6.35867977142334
fji,1980,6.27342987060547
fji,1981,6.2597599029541
fji,1983,6.10791015625
fji,1984,6.06806993484497
fji,1985,6.08669996261597
fji,1986,6.19416999816895
fji,1987,6.26773977279663
fji,1991,6.51533985137939
fji,1992,6.4164400100708
fji,1994,6.45621013641357
fji,1995,6.42170000076294
fji,1996,6.22890996932983
fji,1997,6.23417997360229
fji,1998,6.25866985321045
fji,1999,6.18533992767334
fji,2000,6.035560131073
fji,2001,6.22024011611938
fji,2002,6.37220001220703
fji,2003,6.51187992095947
fji,2004,6.7107400894165
fji,2006,6.774010181427
fji,2007,6.39165019989014
fji,2008,6.37689018249512
fji,2009,6.25413990020752
fji,2011,6.29276990890503
fji,2012,6.32513999938965
fji,2013,6.39328002929688
fra,1971,5.82985019683838
fra,1972,5.69013977050781
fra,1973,5.77462005615234
fra,1974,5.51845979690552
fra,1975,5.48556995391846
fra,1976,5.68002986907959
fra,1977,5.4063401222229
fra,1978,5.51724004745483
fra,1979,5.53101015090942
fra,1980,5.55454015731812
fra,1981,5.52157020568848
fra,1982,5.43419981002808
fra,1983,5.32843017578125
fra,1985,5.2774600982666
fra,1986,5.41857004165649
fra,1987,5.56902980804443
fra,1988,5.6808500289917
fra,1989,5.69225978851318
fra,1990,5.57419013977051
fra,1991,5.45242977142334
fra,1992,5.3127498626709
fra,1993,5.19582986831665
fra,1994,5.18938016891479
fra,1995,5.20362997055054
fra,1996,5.24047994613647
fra,1997,5.20602989196777
fra,1998,5.21715021133423
fra,1999,5.21619987487793
fra,2000,5.19707012176514
fra,2001,5.18802976608276
fra,2002,5.17503023147583
fra,2003,5.15791988372803
fra,2004,5.13868999481201
fra,2005,5.4100399017334
fra,2006,5.42094993591309
fra,2007,5.45174980163574
fra,2008,5.44783020019531
fra,2009,5.42281007766724
fra,2010,5.38351011276245
fra,2011,5.37952995300293
fra,2012,5.31321001052856
fra,2013,5.27108001708984
fra,2014,5.2511100769043
fsm,1971,12.6801300048828
fsm,1972,12.7629995346069
fsm,1973,13.4269599914551
fsm,1974,13.1250696182251
fsm,1975,12.9619102478027
fsm,1976,12.391619682312
fsm,1977,12.2113103866577
fsm,1978,12.0904598236084
fsm,1979,11.5847101211548
fsm,2004,6.72214984893799
fsm,2005,6.58703994750977
fsm,2007,6.74283981323242
fsm,2014,5.83149003982544
gab,1971,7.90808010101318
gab,1972,8.00559997558594
gab,1973,8.1212100982666
gab,1974,8.0800895690918
gab,1975,8.68801975250244
gab,1976,8.47630977630615
gab,1977,8.25932025909424
gab,1978,8.56110954284668
gab,1979,8.33917999267578
gab,1980,8.51368045806885
gab,1981,8.62287998199463
gab,1982,8.65032958984375
gab,1983,8.64626026153564
gab,1984,8.70843982696533
gab,1985,8.7628002166748
gab,1986,8.69289970397949
gab,1987,9.15382957458496
gab,1988,8.65242004394531
gab,1989,8.90484046936035
gab,1992,8.1471004486084
gab,1994,8.35931015014648
gab,1995,8.73071002960205
gab,1996,8.64898014068604
gab,1997,9.14060974121094
gab,1999,8.51729965209961
gab,2001,8.20820045471191
gab,2002,8.52799987792969
gab,2003,8.319580078125
gab,2011,8.43101978302002
gbr,1971,6.28617000579834
gbr,1972,6.2309398651123
gbr,1973,6.17544984817505
gbr,1974,6.17081022262573
gbr,1975,6.17449998855591
gbr,1976,6.19831991195679
gbr,1977,6.22112989425659
gbr,1978,6.22273015975952
gbr,1979,6.22409009933472
gbr,1980,6.26617002487183
gbr,1981,6.23920011520386
gbr,1982,6.17850017547607
gbr,1983,6.10404014587402
gbr,1984,6.13560009002686
gbr,1985,6.17027997970581
gbr,1986,6.3161301612854
gbr,1987,6.41470003128052
gbr,1988,6.47000980377197
gbr,1989,6.45918989181519
gbr,1990,6.43275022506714
gbr,1991,6.36240005493164
gbr,1992,6.26384019851685
gbr,1998,6.04448986053467
gbr,1999,6.04315996170044
gbr,2000,6.02463006973267
gbr,2001,6.01665019989014
gbr,2002,5.98931980133057
gbr,2003,5.99891996383667
gbr,2004,6.36164999008179
gbr,2005,6.38689994812012
gbr,2006,6.32697010040283
gbr,2007,6.20993995666504
gbr,2008,6.31075000762939
gbr,2009,6.29224014282227
gbr,2010,6.33140993118286
gbr,2011,6.35697984695435
gbr,2012,6.45884990692139
gbr,2013,6.47671985626221
gbr,2014,6.45502996444702
geo,1981,3.69194006919861
geo,1986,3.55924010276794
geo,1991,3.88715004920959
geo,1992,3.83300995826721
geo,1993,3.48229002952576
geo,1994,3.31818008422852
geo,1995,3.32705998420715
geo,1996,3.36768007278442
geo,1997,3.42765998840332
geo,1998,3.61714005470276
geo,1999,3.73901009559631
geo,2000,3.83593010902405
geo,2001,3.79608988761902
geo,2002,3.65468001365662
geo,2003,3.60002994537354
geo,2004,5.62070989608765
geo,2005,5.70051002502441
geo,2006,6.09139013290405
geo,2007,6.32110977172852
geo,2008,6.50476980209351
geo,2009,6.54306983947754
geo,2010,6.6398401260376
geo,2011,6.65217018127441
geo,2012,6.83692979812622
geo,2013,7.00069999694824
geo,2014,7.04347991943359
gha,1971,3.67189002037048
gha,1972,3.55220007896423
gha,1973,3.59097003936768
gha,1974,3.52518010139465
gha,1975,3.4858500957489
gha,1976,3.72245001792908
gha,1977,3.81799006462097
gha,1978,3.83513998985291
gha,1979,3.9476900100708
gha,1980,4.05436992645264
gha,1981,4.21404981613159
gha,1982,4.26211023330688
gha,1983,4.13059997558594
gha,1984,3.93715000152588
gha,1985,3.9465000629425
gha,1987,3.73949003219604
gha,1988,3.78623008728027
gha,1989,4.00477981567383
gha,1990,3.92658996582031
gha,1991,4.41630983352661
gha,1992,4.49749994277954
gha,1993,4.48935985565186
gha,1994,4.59078979492188
gha,1995,4.54582977294922
gha,1999,4.79319000244141
gha,2000,5.08688020706177
gha,2001,4.87298011779785
gha,2002,4.99623012542725
gha,2003,4.85538005828857
gha,2004,4.99221992492676
gha,2005,5.41139984130859
gha,2006,5.79979991912842
gha,2007,6.13423013687134
gha,2008,6.48007011413574
gha,2009,6.42903995513916
gha,2011,6.51470994949341
gha,2012,6.62063980102539
gha,2013,6.65628004074097
gha,2014,6.50581979751587
gha,2015,6.72251987457275
gin,1971,1.1541999578476
gin,1972,1.11717998981476
gin,1973,1.13218998908997
gin,1974,1.15766000747681
gin,1975,1.18826997280121
gin,1976,1.25650000572205
gin,1977,1.46353995800018
gin,1978,1.51447999477386
gin,1979,1.62234997749329
gin,1981,1.56486999988556
gin,1982,1.47174000740051
gin,1983,1.39988994598389
gin,1984,1.36814999580383
gin,1985,1.49863004684448
gin,1986,1.41311001777649
gin,1987,1.30218994617462
gin,1988,1.34319996833801
gin,1989,1.33891999721527
gin,1990,1.31388998031616
gin,1991,1.42932999134064
gin,1992,1.37327003479004
gin,1993,1.52251005172729
gin,1994,1.64867997169495
gin,1995,1.84868001937866
gin,1996,1.94579994678497
gin,1997,2.18743991851807
gin,1998,2.32782006263733
gin,1999,2.52312994003296
gin,2000,2.81416988372803
gin,2001,3.06384992599487
gin,2002,3.57787990570068
gin,2003,3.85116004943848
gin,2004,4.09924983978271
gin,2005,4.30729007720947
gin,2006,4.46743011474609
gin,2007,4.61609983444214
gin,2008,4.66096019744873
gin,2009,4.61007022857666
gin,2010,4.6318998336792
gin,2011,4.83809995651245
gin,2012,4.89042997360229
gin,2013,4.975830078125
gin,2014,5.03035020828247
gmb,1971,1.09657001495361
gmb,1972,1.05840003490448
gmb,1973,1.13001000881195
gmb,1974,1.16176998615265
gmb,1975,1.24066996574402
gmb,1976,1.30039000511169
gmb,1977,1.27289998531342
gmb,1978,1.31983995437622
gmb,1979,1.48227000236511
gmb,1980,1.70371997356415
gmb,1981,2.16816997528076
gmb,1982,2.37993001937866
gmb,1983,2.588210105896
gmb,1984,2.84838008880615
gmb,1985,2.99148988723755
gmb,1986,3.05010008811951
gmb,1987,3.00290989875793
gmb,1989,2.64499998092651
gmb,1992,2.9349799156189
gmb,1993,3.04575991630554
gmb,1994,3.1964099407196
gmb,1995,3.38055992126465
gmb,1996,3.72726988792419
gmb,1997,3.94603991508484
gmb,1998,4.19830989837646
gmb,1999,5.00626993179321
gmb,2000,5.125
gmb,2001,5.32184982299805
gmb,2002,5.18418979644775
gmb,2003,5.59967994689941
gmb,2004,5.75673007965088
gmb,2005,5.66300010681152
gmb,2006,5.53508996963501
gmb,2007,5.62959003448486
gmb,2008,5.53739976882935
gmb,2010,5.2234001159668
gmb,2011,5.08203983306885
gmb,2012,5.25566005706787
gmb,2013,5.36016988754272
gmb,2014,5.39027976989746
gnb,1971,0.981540024280548
gnb,1972,1.49890995025635
gnb,1973,2.04542994499207
gnb,1976,3.08538007736206
gnb,1978,2.78186988830566
gnb,1979,2.55064988136292
gnb,1980,2.36613011360168
gnb,1981,2.33324003219604
gnb,1982,2.27277994155884
gnb,1983,2.22726988792419
gnb,1984,2.28242993354797
gnb,1985,2.29449009895325
gnb,1987,2.29381990432739
gnb,1988,2.18526005744934
gnb,1989,2.16632008552551
gnb,1992,1.9534900188446
gnb,1993,1.88963997364044
gnb,1994,2.12396001815796
gnb,1995,2.3189001083374
gnb,1996,2.41250991821289
gnb,1997,2.60657000541687
gnb,1998,2.7386999130249
gnb,2000,3.59126996994019
gnb,2010,6.82117986679077
gnq,1971,3.97453999519348
gnq,1974,4.39549016952515
gnq,1993,7.24549007415771
gnq,1994,8.92057037353516
gnq,2000,5.18997001647949
gnq,2001,5.78966999053955
gnq,2002,5.50186014175415
gnq,2003,5.04679012298584
gnq,2005,4.70232009887695
gnq,2008,4.91683006286621
gnq,2009,4.91140985488892
gnq,2010,4.98676013946533
gnq,2011,4.99027013778687
gnq,2012,5.14153003692627
grc,1971,6.37265014648438
grc,1972,6.39755010604858
grc,1973,6.38850021362305
grc,1974,6.38006019592285
grc,1975,6.28952980041504
grc,1976,6.22982978820801
grc,1977,6.16854000091553
grc,1978,6.12108993530273
grc,1979,6.0873498916626
grc,1980,6.04757976531982
grc,1981,6.2397198677063
grc,1982,6.28945016860962
grc,1983,6.36530017852783
grc,1984,6.37959003448486
grc,1985,6.37333011627197
grc,1986,6.33663988113403
grc,1987,6.12651014328003
grc,1988,6.13878011703491
grc,1989,6.06437015533447
grc,1990,6.0063099861145
grc,1991,6.00061988830566
grc,1992,5.92014980316162
grc,1993,5.78039979934692
grc,1994,5.71447992324829
grc,1995,5.82906007766724
grc,1996,5.66981983184814
grc,1997,5.61291980743408
grc,1998,5.68501996994019
grc,1999,5.74556016921997
grc,2000,5.80220985412598
grc,2001,5.76263999938965
grc,2002,5.8262300491333
grc,2003,5.87112998962402
grc,2004,5.89884996414185
grc,2005,5.86508989334106
grc,2006,5.8513298034668
grc,2007,5.84997987747192
grc,2010,5.95638990402222
grc,2011,5.91142988204956
grc,2012,5.9137601852417
grc,2013,5.87673997879028
grd,1971,8.63549995422363
grd,1972,9.13430023193359
grd,1973,9.06179046630859
grd,1974,9.47239971160889
grd,1975,7.86494016647339
grd,1976,8.04666042327881
grd,1977,7.95112991333008
grd,1978,7.96451997756958
grd,1979,7.85794019699097
grd,1980,7.62896013259888
grd,1981,7.31463003158569
grd,1982,7.27892017364502
grd,1983,7.21033000946045
grd,1984,7.03646993637085
grd,1985,7.06200981140137
grd,1986,6.40112018585205
grd,1988,7.65677976608276
grd,1993,8.53170967102051
grd,1994,8.1817798614502
grd,1995,8.02486038208008
grd,1996,7.62124013900757
grd,1997,8.41555976867676
grd,1998,7.88845014572144
grd,1999,7.52277994155884
grd,2000,6.27082014083862
grd,2001,6.42400979995728
grd,2002,7.27682018280029
grd,2003,7.42735004425049
grd,2004,7.13903999328613
grd,2005,6.6800799369812
grd,2007,6.69985008239746
grd,2008,6.78977012634277
grd,2009,7.09000015258789
grd,2010,7.10212993621826
grd,2013,7.03663015365601
grd,2014,7.14918994903564
gtm,1970,3.19849991798401
gtm,1971,3.26642990112305
gtm,1972,3.33199000358582
gtm,1973,3.24860000610352
gtm,1974,3.41985011100769
gtm,1975,3.47390007972717
gtm,1976,3.39551997184753
gtm,1977,3.50905990600586
gtm,1978,3.6867299079895
gtm,1979,3.6815299987793
gtm,1980,3.80036997795105
gtm,1981,4.11621999740601
gtm,1982,3.90955996513367
gtm,1983,4.10851001739502
gtm,1985,4.1190299987793
gtm,1986,4.09790992736816
gtm,1991,4.29447984695435
gtm,1992,4.49744987487793
gtm,1993,4.59160995483398
gtm,1994,4.56761980056763
gtm,1995,4.71020984649658
gtm,1996,4.79509019851685
gtm,1997,4.88598012924194
gtm,1998,5.23621988296509
gtm,1999,5.58597993850708
gtm,2000,5.81294012069702
gtm,2001,5.89609003067017
gtm,2002,6.10439014434814
gtm,2004,6.46031999588013
gtm,2005,6.51944017410278
gtm,2006,6.5761399269104
gtm,2007,6.60303020477295
gtm,2008,6.65518999099731
gtm,2009,6.94177007675171
gtm,2010,6.96139001846313
gtm,2011,6.86745977401733
gtm,2012,6.56820011138916
gtm,2013,6.37154006958008
gtm,2014,6.1144700050354
guy,1971,5.79964017868042
guy,1972,5.79964017868042
guy,1973,5.85445022583008
guy,1974,6.03739976882935
guy,1976,6.12826013565063
guy,1977,6.55019998550415
guy,1978,6.35368013381958
guy,1979,6.21617984771729
guy,1980,5.86395978927612
guy,1981,5.74015998840332
guy,1982,5.74467992782593
guy,1984,5.54401016235352
guy,1985,5.57571983337402
guy,1986,5.65498018264771
guy,1987,5.87228012084961
guy,1988,6.17887020111084
guy,1989,6.5278000831604
guy,1991,6.14851999282837
guy,1992,5.92027997970581
guy,1993,5.79077005386353
guy,1995,5.83917999267578
guy,1996,5.92406988143921
guy,1997,6.35423994064331
guy,1999,6.62671995162964
guy,2000,6.37985992431641
guy,2001,6.03797006607056
guy,2003,5.62115001678467
guy,2005,5.77493000030518
guy,2006,5.50213003158569
guy,2007,5.48827981948853
guy,2008,5.43688011169434
guy,2009,5.08964014053345
guy,2010,5.04766988754272
guy,2011,5.08291006088257
guy,2012,5.08461999893188
hic,1970,5.5711784362793
hic,1971,5.5776538848877
hic,1972,5.56788873672485
hic,1973,5.58440494537354
hic,1974,5.53595352172852
hic,1975,5.52372932434082
hic,1976,5.57314825057983
hic,1977,5.55919790267944
hic,1978,5.56992340087891
hic,1979,5.56659507751465
hic,1980,5.69699573516846
hic,1981,5.67651796340942
hic,1982,5.68446588516235
hic,1983,5.62887811660767
hic,1984,5.60723257064819
hic,1985,5.61612367630005
hic,1986,5.65151453018188
hic,1987,5.67831420898438
hic,1988,5.70697736740112
hic,1989,5.73539924621582
hic,1990,5.7557258605957
hic,1991,5.71599817276001
hic,1992,5.67738628387451
hic,1993,5.66746807098389
hic,1994,5.67446517944336
hic,1995,5.71534299850464
hic,1996,5.7603964805603
hic,1997,5.80590152740479
hic,1998,5.86486721038818
hic,1999,5.87907409667969
hic,2000,5.82354164123535
hic,2001,5.83890342712402
hic,2002,5.8007378578186
hic,2003,5.79966402053833
hic,2004,5.80962467193604
hic,2005,5.84095907211304
hic,2006,5.87531757354736
hic,2007,5.90000438690186
hic,2008,5.92153692245483
hic,2009,5.9082932472229
hic,2010,5.87026071548462
hic,2011,5.87611198425293
hic,2012,5.86380577087402
hic,2013,5.88649559020996
hic,2014,5.88820552825928
hkg,1971,6.95841979980469
hkg,1972,6.93281984329224
hkg,1973,6.82095003128052
hkg,1974,6.71198987960815
hkg,1975,6.60595989227295
hkg,1976,6.49001979827881
hkg,1977,6.40963983535767
hkg,1978,6.31430006027222
hkg,1979,6.25925016403198
hkg,1980,6.27391004562378
hkg,1981,6.24893999099731
hkg,1982,6.21826982498169
hkg,1983,6.26016998291016
hkg,1984,6.33807992935181
hkg,1985,6.37612009048462
hkg,1986,6.43219995498657
hkg,1987,6.38376998901367
hkg,1988,6.38502979278564
hkg,1995,5.82532978057861
hkg,1996,5.81329011917114
hkg,1998,5.66180992126465
hkg,1999,5.74162006378174
hkg,2000,5.83212995529175
hkg,2012,6.17974996566772
hkg,2013,6.37124013900757
hkg,2014,6.66914987564087
hnd,1970,5.0447998046875
hnd,1971,5.00342988967896
hnd,1972,5.09848022460938
hnd,1973,5.03237009048462
hnd,1974,5.14308023452759
hnd,1975,5.09533023834229
hnd,1976,5.2265100479126
hnd,1977,5.18055009841919
hnd,1978,5.33747005462646
hnd,1979,5.78700017929077
hnd,1980,5.9015998840332
hnd,1981,5.79136991500854
hnd,1982,6.25215005874634
hnd,1983,6.39302015304565
hnd,1984,6.50488996505737
hnd,1985,6.47112989425659
hnd,1986,6.7565598487854
hnd,1988,6.61299991607666
hnd,1990,6.44779014587402
hnd,1991,6.46658992767334
hnd,1992,6.61032009124756
hnd,1993,6.68159008026123
hnd,1994,6.62591981887817
hnd,1995,6.49870014190674
hnd,1996,6.586510181427
hnd,1997,6.60149002075195
hnd,1998,6.63184976577759
hnd,1999,6.51167011260986
hnd,2000,6.47264003753662
hnd,2003,6.98676013946533
hnd,2004,6.92969989776611
hnd,2005,6.75132989883423
hnd,2006,7.0333399772644
hnd,2007,6.80710983276367
hnd,2008,6.91907978057861
hnd,2009,6.87913990020752
hnd,2010,6.96681976318359
hnd,2011,6.92498016357422
hnd,2012,6.74183988571167
hnd,2013,6.57955980300903
hnd,2014,6.46444988250732
hpc,1970,2.38346314430237
hpc,1971,2.40643882751465
hpc,1972,2.45554804801941
hpc,1973,2.48958253860474
hpc,1974,2.56024599075317
hpc,1975,2.67616939544678
hpc,1976,2.81598782539368
hpc,1977,2.95791387557983
hpc,1978,3.10494923591614
hpc,1979,3.24439835548401
hpc,1980,3.37092995643616
hpc,1981,3.51186895370483
hpc,1982,3.54770708084106
hpc,1983,3.5654673576355
hpc,1984,3.52616143226624
hpc,1985,3.45325446128845
hpc,1986,3.47299265861511
hpc,1987,3.46093964576721
hpc,1988,3.4591372013092
hpc,1989,3.38018989562988
hpc,1990,3.29305529594421
hpc,1991,3.41964244842529
hpc,1992,3.34453940391541
hpc,1993,3.36470222473145
hpc,1994,3.42383480072021
hpc,1995,3.5175154209137
hpc,1996,3.52574419975281
hpc,1997,3.75159621238709
hpc,1998,3.85092091560364
hpc,1999,3.92844247817993
hpc,2000,4.1100697517395
hpc,2001,4.32680702209473
hpc,2002,4.62136268615723
hpc,2003,4.85139799118042
hpc,2004,5.01366901397705
hpc,2005,5.26296377182007
hpc,2006,5.47292804718018
hpc,2007,5.63543605804443
hpc,2008,5.87636709213257
hpc,2009,5.91152572631836
hpc,2010,5.94212627410889
hpc,2011,5.98040676116943
hpc,2012,6.02702569961548
hpc,2013,6.05691194534302
hpc,2014,6.10896158218384
hrv,1993,3.21788001060486
hrv,1994,3.35994005203247
hrv,1995,3.39805006980896
hrv,1996,3.456130027771
hrv,1997,3.48669004440308
hrv,1998,3.66715002059937
hrv,1999,3.74142003059387
hrv,2000,3.82002997398376
hrv,2001,3.89579010009766
hrv,2002,3.99863004684448
hrv,2003,4.06878995895386
hrv,2005,4.1244101524353
hrv,2006,4.02193021774292
hrv,2007,3.91462993621826
hrv,2008,3.77085995674133
hrv,2009,3.69157004356384
hrv,2010,3.70447993278503
hrv,2011,3.75845003128052
hrv,2012,3.85259008407593
hrv,2014,3.93835997581482
hti,1978,3.41294002532959
hti,1979,3.45731997489929
hti,1980,3.76624989509583
hti,1981,4.27962017059326
hti,1982,4.3442702293396
hti,1983,4.72825002670288
hti,1984,4.98443984985352
hti,1985,5.11138010025024
hti,1986,5.31583976745605
hti,1987,4.6896800994873
hti,1992,4.38657999038696
hti,1993,4.58373022079468
hti,1994,4.92139005661011
hti,1995,5.32954978942871
hti,1996,5.81027984619141
hti,1997,6.67738008499146
hti,1998,6.64531993865967
hun,1971,3.87721991539001
hun,1972,4.01722002029419
hun,1973,4.14917993545532
hun,1974,4.22171020507813
hun,1975,4.25567007064819
hun,1976,4.18916988372803
hun,1977,4.16761016845703
hun,1978,4.06918001174927
hun,1979,3.94381999969482
hun,1980,3.90467000007629
hun,1981,3.97548007965088
hun,1982,4.21003007888794
hun,1983,4.33957004547119
hun,1984,4.36695003509521
hun,1985,4.22518014907837
hun,1986,3.91821002960205
hun,1987,3.66922998428345
hun,1988,3.42741990089417
hun,1989,3.3545401096344
hun,1990,3.40666007995605
hun,1991,3.56657004356384
hun,1992,3.7879900932312
hun,1994,4.19374990463257
hun,1995,4.16448020935059
hun,1996,4.04319000244141
hun,1997,3.9847400188446
hun,1998,3.99457001686096
hun,1999,3.99812006950378
hun,2000,4.01998996734619
hun,2001,3.98678994178772
hun,2002,3.94390988349915
hun,2003,3.92186999320984
hun,2004,3.90161991119385
hun,2005,3.91622996330261
hun,2006,3.96619009971619
hun,2007,3.96432995796204
hun,2008,4.04466009140015
hun,2009,4.06712007522583
hun,2010,4.05900001525879
hun,2011,4.02347993850708
hun,2012,3.98611998558044
hun,2013,3.97084999084473
hun,2014,4.03029012680054
idn,1970,4.64293003082275
idn,1971,4.71801996231079
idn,1972,4.77177000045776
idn,1973,4.67982006072998
idn,1974,4.61318016052246
idn,1975,4.86323976516724
idn,1976,5.06981992721558
idn,1977,5.181960105896
idn,1978,5.66374015808105
idn,1981,6.1900200843811
idn,1982,6.51324987411499
idn,1983,6.80386018753052
idn,1984,7.00027990341187
idn,1985,7.10731983184814
idn,1986,6.97886991500854
idn,1987,6.92769002914429
idn,1988,6.85842990875244
idn,1989,6.85743999481201
idn,1990,6.74989986419678
idn,1991,6.70597982406616
idn,1992,6.63846015930176
idn,1993,6.54518985748291
idn,1994,6.57804012298584
idn,1995,6.53523015975952
idn,1996,6.49931001663208
idn,1997,6.4862699508667
idn,1998,6.45105981826782
idn,1999,6.58339977264404
idn,2000,6.43230009078979
idn,2001,6.50989007949829
idn,2002,6.52372980117798
idn,2003,6.51099014282227
idn,2004,6.48373985290527
idn,2005,6.36603021621704
idn,2006,6.2651801109314
idn,2007,6.42127990722656
idn,2008,6.39208984375
idn,2009,6.41990995407104
idn,2010,6.63329982757568
idn,2011,6.63892984390259
idn,2012,6.51997995376587
idn,2013,6.38510990142822
idn,2014,6.28625011444092
ind,1971,3.05215001106262
ind,1972,3.09498000144959
ind,1973,3.24156999588013
ind,1974,3.21918988227844
ind,1975,3.25850009918213
ind,1976,3.26694989204407
ind,1977,3.37623000144959
ind,1978,3.19168996810913
ind,1979,3.22179007530212
ind,1980,3.28818988800049
ind,1981,3.37297010421753
ind,1982,3.39894008636475
ind,1983,3.50160002708435
ind,1984,3.57641005516052
ind,1985,3.61683988571167
ind,1986,3.77174997329712
ind,1987,3.7209300994873
ind,1988,3.79205989837646
ind,1989,3.86776995658875
ind,1990,3.8568000793457
ind,1991,3.93291997909546
ind,1992,3.97684001922607
ind,1993,4.1414098739624
ind,1994,4.21695995330811
ind,1995,4.20854997634888
ind,1996,4.23148012161255
ind,1997,4.23838996887207
ind,1998,4.17993021011353
ind,1999,4.21368980407715
ind,2000,4.30806016921997
ind,2001,4.3284797668457
ind,2002,4.40526008605957
ind,2003,5.06044006347656
ind,2007,5.45514011383057
ind,2008,5.56836986541748
ind,2009,5.54232978820801
ind,2010,5.51426982879639
ind,2011,5.49981021881104
ind,2012,5.58560991287231
ind,2013,5.84977006912231
irl,1971,6.60992002487183
irl,1972,6.46728992462158
irl,1973,6.43022012710571
irl,1974,6.31945991516113
irl,1975,6.34500980377197
irl,1976,6.39704990386963
irl,1977,6.44481992721558
irl,1978,6.47393989562988
irl,1979,6.41716003417969
irl,1980,6.31565999984741
irl,1981,6.15023994445801
irl,1982,5.98465013504028
irl,1983,5.85401010513306
irl,1984,5.70550012588501
irl,1985,5.71416997909546
irl,1986,5.74895000457764
irl,1987,5.80974006652832
irl,1988,5.87160015106201
irl,1989,5.93291997909546
irl,1990,5.97640991210938
irl,1991,5.93806982040405
irl,1992,5.87137985229492
irl,1993,5.86350011825562
irl,1994,5.8500599861145
irl,1995,5.86183977127075
irl,1996,5.86534976959229
irl,1997,5.94520998001099
irl,1998,8.25891017913818
irl,1999,8.30986022949219
irl,2000,8.34457969665527
irl,2001,8.35896015167236
irl,2002,8.50444030761719
irl,2003,8.53588962554932
irl,2004,8.5216703414917
irl,2005,8.46926021575928
irl,2006,8.44906997680664
irl,2007,8.54994964599609
irl,2008,8.57866954803467
irl,2009,8.57748031616211
irl,2010,8.48661994934082
irl,2011,8.35457992553711
irl,2012,8.2501802444458
irl,2013,8.18083953857422
irn,1971,3.13399004936218
irn,1972,2.86206007003784
irn,1973,2.99409008026123
irn,1974,3.09175992012024
irn,1975,3.51714992523193
irn,1976,3.85364007949829
irn,1977,4.07932996749878
irn,1978,4.24734020233154
irn,1982,4.0488600730896
irn,1983,4.17343997955322
irn,1984,4.49003982543945
irn,1985,4.58924007415771
irn,1986,4.71649980545044
irn,1987,4.76800012588501
irn,1988,4.87713003158569
irn,1989,4.97550010681152
irn,1990,5.07678985595703
irn,1991,5.14955997467041
irn,1992,5.34773015975952
irn,1993,5.25897979736328
irn,1994,5.1836199760437
irn,1995,5.11180019378662
irn,1996,5.05285978317261
irn,1997,4.92546987533569
irn,1998,4.93110990524292
irn,1999,4.7908501625061
irn,2000,4.74703979492188
irn,2001,4.88427019119263
irn,2002,4.82989978790283
irn,2003,4.81825017929077
irn,2004,4.91297006607056
irn,2005,4.92257022857666
irn,2006,5.09905004501343
irn,2007,5.18272018432617
irn,2008,5.29123020172119
irn,2009,5.32190990447998
irn,2010,5.25771999359131
irn,2011,5.22407007217407
irn,2012,5.21478986740112
irn,2013,6.94807004928589
irn,2014,6.53338003158569
irq,1971,2.60355997085571
irq,1972,2.6782500743866
irq,1973,2.80178999900818
irq,1974,2.94034004211426
irq,1975,3.24127006530762
irq,1976,3.6452898979187
irq,1977,4.07942008972168
irq,1978,4.31417989730835
irq,1979,5.68139982223511
irq,1980,6.13964986801147
irq,1981,6.20337009429932
irq,1982,6.09473991394043
irq,1983,5.93491983413696
irq,1984,5.77155017852783
irq,1985,5.72227001190186
irq,1986,5.69465017318726
irq,1987,5.74398994445801
irq,1988,5.82870006561279
irq,1989,5.63423013687134
irq,1991,5.94741010665894
irq,1992,5.00610017776489
irq,1993,4.97635984420776
irq,1996,4.70776987075806
irq,1999,5.3286600112915
irq,2000,5.26498985290527
irq,2003,5.86138010025024
irq,2004,5.75952005386353
irq,2007,5.99651002883911
isl,1971,5.87873983383179
isl,1972,5.92895984649658
isl,1973,5.9173002243042
isl,1974,5.94312000274658
isl,1975,5.99681997299194
isl,1976,5.96580982208252
isl,1977,6.00142002105713
isl,1983,5.97250986099243
isl,1984,6.02008008956909
isl,1986,5.8645601272583
isl,1987,5.85142993927002
isl,1988,6.00194978713989
isl,1989,6.08925008773804
isl,1993,6.90783023834229
isl,1994,6.8174901008606
isl,1995,6.84693002700806
isl,1996,6.89556980133057
isl,1997,6.90839004516602
isl,1998,6.90995979309082
isl,1999,6.94095993041992
isl,2000,7.09006977081299
isl,2001,7.14586019515991
isl,2002,6.97402000427246
isl,2003,6.89958000183105
isl,2004,6.77893018722534
isl,2005,6.76912021636963
isl,2006,6.81828022003174
isl,2007,6.88184976577759
isl,2008,6.92406988143921
isl,2009,6.95056009292603
isl,2010,6.93165016174316
isl,2011,6.91876983642578
isl,2012,6.92004013061523
isr,1973,6.27425003051758
isr,1974,6.1904501914978
isr,1975,6.20320987701416
isr,1976,6.23559999465942
isr,1977,6.24631977081299
isr,1978,6.23408985137939
isr,1979,6.17079019546509
isr,1980,6.18795013427734
isr,1983,6.01618003845215
isr,1984,6.04506015777588
isr,1985,6.05175018310547
isr,1986,6.03886985778809
isr,1987,5.94048976898193
isr,1988,5.99152994155884
isr,1989,5.86899995803833
isr,1990,5.80756998062134
isr,1991,5.98526000976563
isr,1992,6.08294010162354
isr,1993,6.10137987136841
isr,1994,6.07186985015869
isr,1999,6.2505898475647
isr,2000,6.32912015914917
isr,2001,6.35848999023438
isr,2002,6.35193014144897
isr,2003,6.33206987380981
isr,2004,6.32910013198853
isr,2005,6.25165987014771
isr,2006,6.21025991439819
isr,2007,6.24221992492676
isr,2008,6.19394016265869
isr,2009,6.21037006378174
isr,2010,6.28018999099731
isr,2011,6.3261399269104
isr,2012,6.36429977416992
isr,2013,6.2940502166748
isr,2014,6.28169012069702
ita,1971,5.38619995117188
ita,1972,5.38086986541748
ita,1973,5.3999400138855
ita,1974,5.36880016326904
ita,1975,5.34923982620239
ita,1976,5.2911901473999
ita,1977,5.21790981292725
ita,1978,5.15729999542236
ita,1979,5.09708023071289
ita,1980,5.09884977340698
ita,1981,5.08563995361328
ita,1982,5.07841014862061
ita,1983,5.04649019241333
ita,1984,5.03750991821289
ita,1985,5.02608013153076
ita,1986,4.98273992538452
ita,1987,4.92609977722168
ita,1988,4.92292022705078
ita,1989,4.90505981445313
ita,1990,4.9242000579834
ita,1991,4.92184019088745
ita,1992,4.96871995925903
ita,1993,5.07753992080688
ita,1994,5.02533006668091
ita,1995,4.87116003036499
ita,1996,4.93444013595581
ita,1997,4.98711013793945
ita,1998,5.02132987976074
ita,1999,5.17107009887695
ita,2000,5.14093017578125
ita,2001,5.0934100151062
ita,2002,5.02454996109009
ita,2003,5.03692007064819
ita,2004,5.03621006011963
ita,2005,5.04538011550903
ita,2006,5.0946798324585
ita,2007,5.14444017410278
ita,2008,5.14763021469116
ita,2009,5.10281991958618
ita,2010,5.07849979400635
ita,2011,5.04898977279663
ita,2012,5.01415014266968
ita,2013,5.06094980239868
jam,1971,6.43276977539063
jam,1972,6.48116016387939
jam,1973,6.18217992782593
jam,1974,6.33323001861572
jam,1975,5.98917007446289
jam,1976,5.97965002059937
jam,1977,6.01699018478394
jam,1978,6.12998008728027
jam,1979,6.27209997177124
jam,1980,6.26202011108398
jam,1981,6.21808004379272
jam,1983,6.32834005355835
jam,1984,6.28328990936279
jam,1985,6.2197699546814
jam,1986,6.19082021713257
jam,1987,6.26246976852417
jam,1988,6.21086978912354
jam,1989,6.31979990005493
jam,1990,6.23030996322632
jam,1991,6.17997980117798
jam,1993,5.87015008926392
jam,1999,5.71415996551514
jam,2000,5.79493999481201
jam,2001,5.77670001983643
jam,2002,5.81838989257813
jam,2003,5.74509000778198
jam,2004,5.84964990615845
jor,1971,5.65065002441406
jor,1972,5.99417018890381
jor,1973,6.259850025177
jor,1974,6.55241012573242
jor,1975,6.68823003768921
jor,1976,6.76784992218018
jor,1977,6.76824998855591
jor,1978,6.63181018829346
jor,1979,6.61018991470337
jor,1980,6.56175994873047
jor,1981,6.39341020584106
jor,1982,6.30962991714478
jor,1983,6.19815015792847
jor,1984,6.19270992279053
jor,1985,6.32351016998291
jor,1986,6.34197998046875
jor,1987,6.33525991439819
jor,1988,6.53767013549805
jor,1989,6.25493001937866
jor,1990,6.10226011276245
jor,1991,6.05482006072998
jor,1992,6.16356992721558
jor,1993,6.12807989120483
jor,1994,6.05216979980469
jor,1995,6.0056300163269
jor,1996,6.11161994934082
jor,1998,6.04917001724243
jor,1999,6.09728002548218
jor,2000,6.16196012496948
jor,2002,6.33673000335693
jor,2003,6.42892980575562
jor,2004,6.44091987609863
jor,2005,6.35997009277344
jor,2006,6.26231002807617
jor,2007,6.07013988494873
jor,2008,5.87865018844604
jor,2010,5.45725011825562
jor,2011,5.37719011306763
jor,2012,5.29175996780396
jpn,1971,6.00554990768433
jpn,1972,5.96367979049683
jpn,1973,5.93203020095825
jpn,1974,5.84622001647949
jpn,1975,5.92887020111084
jpn,1976,6.00982999801636
jpn,1977,6.05742979049683
jpn,1978,6.03952980041504
jpn,1979,6.05333995819092
jpn,1980,6.13770008087158
jpn,1981,6.06297016143799
jpn,1982,5.99132013320923
jpn,1983,5.9649600982666
jpn,1984,5.97309017181396
jpn,1985,6.03037977218628
jpn,1986,6.1094799041748
jpn,1987,6.14375019073486
jpn,1988,6.12911987304688
jpn,1989,6.11241006851196
jpn,1990,6.09802007675171
jpn,1991,6.06650018692017
jpn,1992,6.06306982040405
jpn,1993,6.0696702003479
jpn,1994,6.13009023666382
jpn,1995,6.16590976715088
jpn,1996,6.16582012176514
jpn,1997,6.12505006790161
jpn,1998,6.09387016296387
jpn,1999,6.07618999481201
jpn,2000,6.05829000473022
jpn,2001,6.04257011413574
jpn,2002,6.06652021408081
jpn,2003,6.0802698135376
jpn,2004,6.10984992980957
jpn,2005,6.1145601272583
jpn,2006,6.12682008743286
jpn,2007,6.11875009536743
jpn,2008,6.08854007720947
jpn,2009,6.11640977859497
jpn,2010,6.13018989562988
jpn,2011,6.15395021438599
jpn,2012,6.13180017471313
jpn,2013,6.08739995956421
kaz,1990,3.50973010063171
kaz,1991,3.61717009544373
kaz,1992,3.7525999546051
kaz,1993,3.81631994247437
kaz,1994,3.69055008888245
kaz,1995,4.04714012145996
kaz,1996,4.04681015014648
kaz,1997,3.96737003326416
kaz,1998,3.8814799785614
kaz,1999,3.83030009269714
kaz,2000,3.90946006774902
kaz,2001,4.00648021697998
kaz,2002,4.07799005508423
kaz,2003,4.12607002258301
kaz,2004,4.1487398147583
kaz,2005,4.11186981201172
kaz,2006,4.06441020965576
kaz,2007,4.10261011123657
kaz,2008,4.25031995773315
kaz,2009,4.26839017868042
kaz,2010,4.26434993743896
kaz,2011,4.27974987030029
kaz,2012,4.2674298286438
kaz,2013,4.28742980957031
kaz,2014,4.28623008728027
kaz,2015,4.25025987625122
ken,1970,3.19031000137329
ken,1971,3.3440899848938
ken,1972,3.58677005767822
ken,1973,3.80576992034912
ken,1974,5.78717994689941
ken,1975,6.06303977966309
ken,1976,5.89078998565674
ken,1977,5.87015008926392
ken,1978,5.64611005783081
ken,1979,6.81131982803345
ken,1980,6.89646005630493
ken,1981,6.72109985351563
ken,1982,6.82972002029419
ken,1983,6.77389001846313
ken,1984,6.52956008911133
ken,1985,6.24807977676392
ken,1986,6.20210981369019
ken,1987,6.16996002197266
ken,1988,6.08716011047363
ken,1989,6.11248016357422
ken,1990,5.91987991333008
ken,1991,5.80765008926392
ken,1992,5.72448015213013
ken,1993,5.70095014572144
ken,1994,5.51826000213623
ken,1995,5.38678979873657
ken,1998,5.46688985824585
ken,1999,5.47554016113281
ken,2000,5.76922988891602
ken,2001,5.83706998825073
ken,2002,5.44335985183716
ken,2003,6.38985013961792
ken,2004,6.40405988693237
ken,2005,6.51759004592896
ken,2006,6.46334981918335
ken,2007,6.9361400604248
ken,2008,6.95414018630981
ken,2009,7.03155994415283
ken,2012,7.32912015914917
ken,2014,6.69461011886597
kgz,1981,3.42926001548767
kgz,1986,3.66322994232178
kgz,1989,3.42040991783142
kgz,1990,3.32756996154785
kgz,1992,3.33853006362915
kgz,1993,3.33332991600037
kgz,1994,3.37977004051209
kgz,1995,3.35574007034302
kgz,1996,3.96642994880676
kgz,1997,3.91522002220154
kgz,1998,3.80198001861572
kgz,1999,3.84060001373291
kgz,2000,3.81957006454468
kgz,2001,3.80162000656128
kgz,2002,3.79987001419067
kgz,2003,3.84519004821777
kgz,2004,3.90213990211487
kgz,2005,3.9095299243927
kgz,2006,3.95554995536804
kgz,2007,3.903559923172
kgz,2008,3.91067004203796
kgz,2009,3.90335011482239
kgz,2010,3.90910005569458
kgz,2011,3.91472005844116
kgz,2012,4.06645011901855
kgz,2013,4.16682004928589
kgz,2014,4.21304988861084
khm,1971,1.41167998313904
khm,1972,1.90544998645782
khm,1973,1.88805997371674
khm,1986,7.10899019241333
khm,1987,6.81105995178223
khm,1988,6.38371992111206
khm,1989,5.88190984725952
khm,1994,4.47967004776001
khm,1995,4.54364013671875
khm,1997,5.05640983581543
khm,1998,5.25714015960693
khm,1999,5.61836004257202
khm,2000,5.95766019821167
khm,2001,6.53125
khm,2002,7.33044004440308
khm,2003,7.48530006408691
khm,2004,7.5534200668335
khm,2005,7.53143978118896
khm,2006,7.34353017807007
khm,2007,7.21742010116577
khm,2008,7.02118015289307
khm,2009,7.11756992340088
khm,2010,7.08690977096558
khm,2011,6.98816013336182
khm,2012,6.98063993453979
khm,2013,7.00447988510132
khm,2014,6.78885984420776
kir,1971,7.09700012207031
kir,1972,8.97163009643555
kir,1973,7.23910999298096
kir,1977,8.9639196395874
kir,1978,8.95460033416748
kir,1979,8.93719959259033
kir,1980,9.09986019134521
kir,1981,9.26438045501709
kir,1982,9.6221399307251
kir,1983,9.4406099319458
kir,1984,9.12390995025635
kir,1985,9.11375045776367
kir,1986,8.8730297088623
kir,1987,8.47305011749268
kir,1988,8.04434967041016
kir,1989,8.69989013671875
kir,1990,8.27035999298096
kir,1991,8.6597204208374
kir,1992,8.637619972229
kir,1993,8.6010103225708
kir,1994,8.61534023284912
kir,1995,8.54617023468018
kir,1996,8.51912021636963
kir,1997,8.47799015045166
kir,1998,8.26189994812012
kir,1999,6.60398006439209
kir,2000,6.54917001724243
kir,2001,7.2621898651123
kir,2002,6.72227001190186
kir,2003,6.96715021133423
kir,2004,6.83758020401001
kir,2005,6.76805019378662
kir,2006,6.46255016326904
kir,2007,6.43624019622803
kir,2008,6.78527021408081
kir,2009,6.82507991790771
kir,2014,6.94056987762451
kna,1976,6.40422010421753
kna,1977,6.55668020248413
kna,1978,6.51227998733521
kna,1979,6.57418012619019
kna,1980,7.36576986312866
kna,1981,6.47982978820801
kna,1982,5.67206001281738
kna,1984,7.70059013366699
kna,1985,6.89410018920898
kna,1986,6.47875022888184
kna,1987,7.78068017959595
kna,1988,7.64411020278931
kna,1989,7.61885976791382
kna,1990,7.72197008132935
kna,1991,7.47965002059937
kna,1992,7.47485017776489
kna,1993,7.40215015411377
kna,1994,7.46478986740112
kna,1995,7.39190006256104
kna,1998,6.72211980819702
kna,2000,7.56133985519409
kna,2001,7.51758003234863
kna,2002,7.16552019119263
kna,2003,7.06919002532959
kna,2004,7.18451023101807
kna,2005,6.99454021453857
kna,2007,6.51924991607666
kna,2008,6.81391000747681
kna,2009,6.65871000289917
kna,2010,6.55919981002808
kna,2011,6.38138008117676
kna,2012,6.19019985198975
kna,2013,6.02227020263672
kna,2014,5.91315984725952
kor,1971,6.3059401512146
kor,1972,6.41331005096436
kor,1973,6.40223979949951
kor,1974,6.3273401260376
kor,1975,6.25395011901855
kor,1976,6.29330015182495
kor,1977,6.21878004074097
kor,1978,6.22992992401123
kor,1979,6.32123994827271
kor,1980,6.34057998657227
kor,1981,6.37344980239868
kor,1982,6.34721994400024
kor,1983,6.30037021636963
kor,1984,6.1883602142334
kor,1985,6.11053991317749
kor,1986,6.07248020172119
kor,1987,6.1431999206543
kor,1988,6.18875980377197
kor,1989,6.28598022460938
kor,1990,6.39654016494751
kor,1991,6.40937995910645
kor,1992,6.38601016998291
kor,1993,6.32145977020264
kor,1994,6.30213022232056
kor,1995,6.28836011886597
kor,1996,6.25138998031616
kor,1997,6.20461988449097
kor,1998,6.22964000701904
kor,1999,6.22748994827271
kor,2000,6.10662984848022
kor,2001,6.06818008422852
kor,2002,6.18857002258301
kor,2003,6.41149997711182
kor,2004,6.56364011764526
kor,2005,6.66555976867676
kor,2006,6.46587991714478
kor,2007,6.3362398147583
kor,2008,6.17700004577637
kor,2009,6.02930021286011
kor,2010,6.0618200302124
kor,2011,6.07883977890015
kor,2012,6.00825977325439
kor,2013,5.89054012298584
kwt,1971,3.29726004600525
kwt,1972,3.42457008361816
kwt,1973,3.41086006164551
kwt,1974,3.457279920578
kwt,1975,3.56018996238709
kwt,1976,3.75592994689941
kwt,1977,4.05951976776123
kwt,1978,3.95192003250122
kwt,1979,4.01567983627319
kwt,1980,4.02272987365723
kwt,1981,3.98743009567261
kwt,1982,4.0977897644043
kwt,1983,4.1886100769043
kwt,1984,4.2454400062561
kwt,1985,4.26694011688232
kwt,1986,4.20103979110718
kwt,1987,4.06473016738892
kwt,1988,3.96398997306824
kwt,1989,3.77868008613586
kwt,1990,3.68651008605957
kwt,1991,2.36222004890442
kwt,1992,2.33395004272461
kwt,1993,2.71906995773315
kwt,1994,3.23095011711121
kwt,1995,3.6640100479126
kwt,1996,4.07989978790283
kwt,1997,4.32781982421875
kwt,1998,4.39544010162354
kwt,1999,4.2940502166748
kwt,2000,4.2746901512146
kwt,2001,4.2344799041748
kwt,2002,4.31397008895874
kwt,2003,4.37338018417358
kwt,2004,4.34786987304688
kwt,2005,5.36429977416992
kwt,2006,5.17906999588013
kwt,2007,5.24581003189087
kwt,2008,5.14160013198853
kwt,2009,5.19326019287109
kwt,2010,5.20523977279663
kwt,2011,5.36046981811523
kwt,2012,5.28855991363525
kwt,2013,5.17892980575562
kwt,2014,5.07002019882202
lac,1970,5.96255540847778
lac,1971,5.96179294586182
lac,1972,5.94439029693604
lac,1973,6.0133261680603
lac,1974,6.05842876434326
lac,1975,6.05541229248047
lac,1976,6.1131649017334
lac,1977,6.21243715286255
lac,1978,6.24110221862793
lac,1979,6.35891151428223
lac,1980,6.38148927688599
lac,1981,6.40339183807373
lac,1982,6.3726282119751
lac,1983,6.34834384918213
lac,1984,6.33443641662598
lac,1985,6.35656452178955
lac,1986,6.34033536911011
lac,1987,6.31723165512085
lac,1988,6.31107139587402
lac,1989,6.27183771133423
lac,1990,6.26774406433105
lac,1991,6.26543188095093
lac,1992,6.31798219680786
lac,1993,6.3336033821106
lac,1994,6.31245756149292
lac,1995,6.32944393157959
lac,1996,6.36126279830933
lac,1997,6.37861394882202
lac,1998,6.34730291366577
lac,1999,6.397057056427
lac,2000,6.3386869430542
lac,2001,6.27102661132813
lac,2002,6.25839042663574
lac,2003,6.19364500045776
lac,2004,6.11044788360596
lac,2005,6.06754779815674
lac,2006,6.04848623275757
lac,2007,6.05741262435913
lac,2008,6.06561231613159
lac,2009,6.09999465942383
lac,2010,6.03900527954102
lac,2011,6.0683708190918
lac,2012,6.06457901000977
lac,2013,6.11031055450439
lac,2014,6.05731773376465
lao,1971,2.60180997848511
lao,1972,2.961669921875
lao,1973,3.03881001472473
lao,1977,4.18739986419678
lao,1978,4.5785698890686
lao,1979,4.60811996459961
lao,1980,4.70727014541626
lao,1981,4.76974010467529
lao,1982,4.68458986282349
lao,1984,4.17856979370117
lao,1985,4.28210020065308
lao,1986,4.6040301322937
lao,1988,4.59206008911133
lao,1990,4.35348987579346
lao,1991,4.33245992660522
lao,1992,4.48923015594482
lao,1993,4.7599401473999
lao,1994,4.90475988388062
lao,1995,4.73142004013062
lao,1996,5.19480991363525
lao,1997,5.22680997848511
lao,1998,5.29685020446777
lao,1999,5.22235012054443
lao,2000,5.08650016784668
lao,2001,4.96174001693726
lao,2002,5.01234006881714
lao,2003,5.09318017959595
lao,2004,5.15522003173828
lao,2005,5.21750020980835
lao,2006,5.29327011108398
lao,2007,5.3834400177002
lao,2008,5.54013013839722
lao,2009,5.69741010665894
lao,2010,5.84603977203369
lao,2011,5.82941007614136
lao,2012,5.79268980026245
lao,2013,5.77200984954834
lao,2014,5.69107007980347
lbn,1971,6.28337001800537
lbn,1974,6.55022001266479
lbn,1982,5.84647989273071
lbn,1983,5.56922006607056
lbn,1985,4.83923006057739
lbn,1989,5.47070980072021
lbn,1992,5.59009981155396
lbn,1994,5.79128980636597
lbn,1995,5.81747007369995
lbn,1996,5.85624980926514
lbn,1997,6.05815982818604
lbn,1998,6.31199979782104
lbn,1999,6.6017599105835
lbn,2000,6.45207977294922
lbn,2001,7.61288976669312
lbn,2002,7.04352998733521
lbn,2003,6.5341100692749
lbn,2004,6.20401000976563
lbn,2005,5.93999004364014
lbn,2006,5.7660698890686
lbn,2007,5.83907985687256
lbn,2008,5.87617015838623
lbn,2009,5.98076009750366
lbn,2010,6.00931978225708
lbn,2011,5.95276021957397
lbn,2012,5.70328998565674
lbn,2013,5.59590005874634
lbr,1970,1.3029500246048
lbr,1971,1.38274002075195
lbr,1972,1.4864000082016
lbr,1975,1.63496994972229
lbr,1976,1.49965000152588
lbr,1978,1.98794996738434
lbr,1979,2.04873991012573
lbr,1980,2.07930994033813
lbr,1998,3.59619998931885
lbr,1999,5.25924015045166
lbr,2000,6.04476022720337
lbr,2006,6.14463996887207
lbr,2008,6.08410978317261
lbr,2009,6.61393976211548
lbr,2011,6.83729982376099
lbr,2014,6.31248998641968
lby,1971,4.73477983474731
lby,1972,5.61373996734619
lby,1973,6.37574005126953
lby,1974,6.82773017883301
lby,1975,7.06552982330322
lby,1976,7.12961006164551
lby,1977,7.01914978027344
lby,1978,6.6828498840332
lby,1979,6.68664979934692
lby,1980,6.7406702041626
lby,1981,6.67824983596802
lby,1983,6.7097601890564
lby,1986,6.39017009735107
lby,1999,6.54162979125977
lby,2001,6.54103994369507
lby,2002,6.53670978546143
lby,2003,6.47437000274658
lby,2004,6.63330984115601
lby,2005,6.45447015762329
lby,2006,6.72726011276245
lca,1971,7.028480052948
lca,1972,7.72135019302368
lca,1973,7.74512004852295
lca,1974,8.04627990722656
lca,1975,8.15546989440918
lca,1976,8.44915962219238
lca,1977,8.71251964569092
lca,1978,8.75387954711914
lca,1979,8.86244964599609
lca,1980,8.66878032684326
lca,1981,8.74536037445068
lca,1982,9.06208992004395
lca,1983,9.24312973022461
lca,1984,9.29458045959473
lca,1985,9.41392993927002
lca,1986,9.17218017578125
lca,1987,9.26585006713867
lca,1988,9.37825965881348
lca,1989,9.49534034729004
lca,1990,9.82141017913818
lca,1991,9.55119037628174
lca,1992,9.29508018493652
lca,1993,9.35606002807617
lca,1997,8.75539016723633
lca,1999,7.11118984222412
lca,2000,7.14447021484375
lca,2001,7.16845989227295
lca,2002,7.13947010040283
lca,2003,7.06115007400513
lca,2004,6.95801019668579
lca,2005,7.04667997360229
lca,2006,7.18743991851807
lca,2007,6.84624004364014
lcn,1970,6.02374076843262
lcn,1971,6.03468418121338
lcn,1972,6.0169506072998
lcn,1973,6.08191823959351
lcn,1974,6.11736917495728
lcn,1975,6.10385799407959
lcn,1976,6.15102005004883
lcn,1977,6.24348592758179
lcn,1978,6.27122211456299
lcn,1979,6.38241720199585
lcn,1980,6.40104246139526
lcn,1981,6.42615365982056
lcn,1982,6.39069032669067
lcn,1983,6.36483812332153
lcn,1984,6.34626865386963
lcn,1985,6.36779546737671
lcn,1986,6.3492603302002
lcn,1987,6.32547950744629
lcn,1988,6.31770753860474
lcn,1989,6.28050756454468
lcn,1990,6.27709865570068
lcn,1991,6.27301120758057
lcn,1992,6.31771183013916
lcn,1993,6.33218383789063
lcn,1994,6.31068468093872
lcn,1995,6.32623147964478
lcn,1996,6.35627222061157
lcn,1997,6.37869358062744
lcn,1998,6.34968614578247
lcn,1999,6.4001841545105
lcn,2000,6.34383869171143
lcn,2001,6.27678871154785
lcn,2002,6.26344156265259
lcn,2003,6.19910573959351
lcn,2004,6.12247943878174
lcn,2005,6.07954740524292
lcn,2006,6.06098461151123
lcn,2007,6.06979846954346
lcn,2008,6.07670640945435
lcn,2009,6.10707139968872
lcn,2010,6.04433488845825
lcn,2011,6.06929397583008
lcn,2012,6.06541919708252
lcn,2013,6.10734748840332
lcn,2014,6.05679368972778
ldc,1970,2.21605086326599
ldc,1971,2.19497036933899
ldc,1972,2.35105681419373
ldc,1973,2.45168995857239
ldc,1974,2.48267602920532
ldc,1975,2.62013292312622
ldc,1976,2.73368978500366
ldc,1977,2.85896897315979
ldc,1978,2.99037384986877
ldc,1979,3.09989881515503
ldc,1980,3.19726586341858
ldc,1981,3.33914256095886
ldc,1982,3.41176557540894
ldc,1983,3.36097478866577
ldc,1984,3.34632420539856
ldc,1985,3.25026345252991
ldc,1986,3.27625703811646
ldc,1987,3.27010440826416
ldc,1988,3.42233371734619
ldc,1989,3.40559983253479
ldc,1990,3.35584902763367
ldc,1991,3.48003005981445
ldc,1992,3.47861671447754
ldc,1993,3.51848387718201
ldc,1994,3.58723425865173
ldc,1995,3.6631543636322
ldc,1996,3.71195220947266
ldc,1997,3.87569808959961
ldc,1998,3.97010779380798
ldc,1999,4.05340480804443
ldc,2000,4.21541547775269
ldc,2001,4.37039804458618
ldc,2002,4.63513898849487
ldc,2003,4.8537859916687
ldc,2004,4.99644088745117
ldc,2005,5.20760011672974
ldc,2006,5.40322208404541
ldc,2007,5.53739976882935
ldc,2008,5.72141599655151
ldc,2009,5.78197336196899
ldc,2010,5.83407688140869
ldc,2011,5.92830181121826
ldc,2012,5.94565773010254
ldc,2013,5.96657085418701
ldc,2014,6.00194120407104
lic,1970,2.05384922027588
lic,1971,2.05921173095703
lic,1972,2.12067556381226
lic,1973,2.15685296058655
lic,1974,2.2335102558136
lic,1975,2.3732430934906
lic,1976,2.51168775558472
lic,1977,2.66845846176147
lic,1978,2.81448125839233
lic,1979,2.95109510421753
lic,1980,3.12388968467712
lic,1981,3.36064195632935
lic,1982,3.40178847312927
lic,1983,3.42841029167175
lic,1984,3.39828014373779
lic,1985,3.31185603141785
lic,1986,3.34008741378784
lic,1987,3.30151796340942
lic,1988,3.29259872436523
lic,1989,3.2609703540802
lic,1990,3.16308951377869
lic,1991,3.30520129203796
lic,1992,3.23626947402954
lic,1993,3.2702784538269
lic,1994,3.3372004032135
lic,1995,3.45232272148132
lic,1996,3.49072480201721
lic,1997,3.7218029499054
lic,1998,3.83604311943054
lic,1999,3.92566299438477
lic,2000,4.11583805084229
lic,2001,4.31070804595947
lic,2002,4.63412666320801
lic,2003,4.88056039810181
lic,2004,5.03134632110596
lic,2005,5.28156089782715
lic,2006,5.52116537094116
lic,2007,5.70330572128296
lic,2008,5.93046092987061
lic,2009,5.99686717987061
lic,2010,6.02855253219604
lic,2011,6.06925487518311
lic,2012,6.09077072143555
lic,2013,6.11221551895142
lic,2014,6.16040945053101
lie,2003,5.35020017623901
lie,2004,5.38706016540527
lie,2006,5.40696001052856
lie,2007,5.4005298614502
lie,2008,5.24871015548706
lie,2009,5.38985013961792
lie,2010,5.20867013931274
lie,2011,5.32081985473633
lie,2012,5.2281699180603
lie,2014,5.17901992797852
lka,1970,4.82453012466431
lka,1971,5.14750003814697
lka,1975,3.95316004753113
lka,1976,3.92857003211975
lka,1977,4.16371011734009
lka,1978,5.28076982498169
lka,1980,5.79586982727051
lka,1981,5.94644021987915
lka,1982,5.94137001037598
lka,1983,5.88747978210449
lka,1984,5.87693977355957
lka,1985,5.92532014846802
lka,1986,6.01153993606567
lka,1987,5.22006988525391
lka,1988,5.31670999526978
lka,1989,5.39595985412598
lka,1990,5.40101003646851
lka,1991,5.42944002151489
lka,1992,5.36511993408203
lka,1993,5.36710977554321
lka,1994,5.35578012466431
lka,1995,5.4835901260376
lka,1996,5.26235008239746
lka,1998,5.28959989547729
lka,2001,5.33945989608765
lka,2002,5.26473999023438
lka,2003,5.12182998657227
lka,2004,5.04301023483276
lka,2005,4.96774005889893
lka,2006,4.92703008651733
lka,2007,4.89087009429932
lka,2008,4.84001016616821
lka,2009,4.71463012695313
lka,2010,4.9263801574707
lka,2011,4.88979005813599
lka,2012,4.94715023040771
lka,2013,4.97228002548218
lka,2014,5.00592994689941
lmc,1970,3.30378174781799
lmc,1971,3.32103252410889
lmc,1972,3.38967418670654
lmc,1973,3.48256349563599
lmc,1974,3.49201726913452
lmc,1975,3.56343865394592
lmc,1976,3.60908818244934
lmc,1977,3.72118878364563
lmc,1978,3.73544859886169
lmc,1979,3.82709860801697
lmc,1980,3.90829300880432
lmc,1981,4.01150035858154
lmc,1982,4.1042160987854
lmc,1983,4.1680064201355
lmc,1984,4.2276291847229
lmc,1985,4.23363590240479
lmc,1986,4.25927400588989
lmc,1987,4.22945976257324
lmc,1988,4.28447008132935
lmc,1989,4.3208646774292
lmc,1990,4.27519798278809
lmc,1991,4.33764410018921
lmc,1992,4.36685228347778
lmc,1993,4.45639038085938
lmc,1994,4.52035665512085
lmc,1995,4.495445728302
lmc,1996,4.50270318984985
lmc,1997,4.55684852600098
lmc,1998,4.56922912597656
lmc,1999,4.63193464279175
lmc,2000,4.71075916290283
lmc,2001,4.73558616638184
lmc,2002,4.78954792022705
lmc,2003,5.12436008453369
lmc,2004,5.21616363525391
lmc,2005,5.32425975799561
lmc,2006,5.37662172317505
lmc,2007,5.43915319442749
lmc,2008,5.46827697753906
lmc,2009,5.50046110153198
lmc,2010,5.54755353927612
lmc,2011,5.56639385223389
lmc,2012,5.6241888999939
lmc,2013,5.6953272819519
lmc,2014,5.68181562423706
lmy,1970,3.93375849723816
lmy,1971,3.93464875221252
lmy,1972,3.9894711971283
lmy,1973,4.13460826873779
lmy,1974,4.20139312744141
lmy,1975,4.39214611053467
lmy,1976,4.48066759109497
lmy,1977,4.47669219970703
lmy,1978,4.3982367515564
lmy,1979,4.41456460952759
lmy,1980,4.47124528884888
lmy,1981,4.53804206848145
lmy,1982,4.55457353591919
lmy,1983,4.56499290466309
lmy,1984,4.59303569793701
lmy,1985,4.62863922119141
lmy,1986,4.70396566390991
lmy,1987,4.70382928848267
lmy,1988,4.78582048416138
lmy,1989,4.7993631362915
lmy,1990,4.78191995620728
lmy,1991,4.82280540466309
lmy,1992,4.82838296890259
lmy,1993,4.85335731506348
lmy,1994,4.86597871780396
lmy,1995,4.84902715682983
lmy,1996,4.82069063186646
lmy,1997,4.8358006477356
lmy,1998,4.82072257995605
lmy,1999,4.86595726013184
lmy,2000,4.92731046676636
lmy,2001,4.96865320205688
lmy,2002,5.0465292930603
lmy,2003,5.27232646942139
lmy,2004,5.36737394332886
lmy,2005,5.48656415939331
lmy,2006,5.55870389938354
lmy,2007,5.6494927406311
lmy,2008,5.7275276184082
lmy,2009,5.75857162475586
lmy,2010,5.77660226821899
lmy,2011,5.78669452667236
lmy,2012,5.81958246231079
lmy,2013,5.87441730499268
lmy,2014,5.83356857299805
lso,1970,7.93864011764526
lso,1972,7.61159992218018
lso,1973,7.89278984069824
lso,1974,8.94911003112793
lso,1975,8.34475994110107
lso,1976,8.41059017181396
lso,1977,8.37275981903076
lso,1978,8.51704978942871
lso,1979,8.48655033111572
lso,1980,8.55714988708496
lso,1981,8.69799995422363
lso,1982,8.89542961120605
lso,1983,8.90808963775635
lso,1984,8.80883979797363
lso,1985,9.01002025604248
lso,1986,9.01766967773438
lso,1987,9.24458980560303
lso,1988,9.43492031097412
lso,1989,9.30865955352783
lso,1990,9.14175987243652
lso,1991,9.26469039916992
lso,1992,9.02760028839111
lso,1993,8.58215045928955
lso,1994,8.70590972900391
lso,1995,8.8389196395874
lso,1996,8.56995010375977
lso,1997,7.95442008972168
lso,1998,8.23978996276855
lso,1999,8.07236957550049
lso,2000,8.66697978973389
lso,2001,8.60365962982178
lso,2002,8.60324001312256
lso,2003,8.76737976074219
lso,2004,8.60398006439209
lso,2005,8.43437004089355
lso,2006,8.42716979980469
lso,2007,7.89039993286133
lso,2008,7.78960990905762
lso,2009,7.70839977264404
lso,2010,7.65651988983154
lso,2011,7.61855983734131
lso,2012,7.61644983291626
lso,2013,7.43738985061646
lso,2014,7.3815598487854
ltu,1981,3.16318011283875
ltu,1986,3.26690006256104
ltu,1991,3.5440399646759
ltu,1992,3.54801988601685
ltu,1993,3.66427993774414
ltu,1994,3.66979002952576
ltu,1995,3.89481997489929
ltu,1996,3.95260000228882
ltu,1997,4
ltu,1998,4.03369998931885
ltu,1999,4.10087013244629
ltu,2000,4.25687980651855
ltu,2001,4.30835008621216
ltu,2002,4.14765977859497
ltu,2003,3.99135994911194
ltu,2004,3.87511992454529
ltu,2005,3.80011010169983
ltu,2006,3.83516001701355
ltu,2007,3.9290599822998
ltu,2008,3.94295001029968
ltu,2009,3.99399995803833
ltu,2010,3.98258996009827
ltu,2011,3.92354011535645
ltu,2012,3.97762989997864
ltu,2013,4.03375005722046
ltu,2014,4.10154008865356
lux,1970,7.10404014587402
lux,1971,6.66871976852417
lux,1972,6.62770986557007
lux,1973,6.49982976913452
lux,1974,6.5627498626709
lux,1975,5.73217010498047
lux,1976,5.73467016220093
lux,1977,5.74250984191895
lux,1978,5.7079701423645
lux,1979,5.62661981582642
lux,1980,5.38573980331421
lux,1981,5.26008987426758
lux,1982,5.33949995040894
lux,1983,5.25423002243042
lux,1984,5.22455978393555
lux,1986,5.35879993438721
lux,1987,5.35637998580933
lux,1988,5.70616006851196
lux,1991,5.66536998748779
lux,1999,6.03649997711182
lux,2000,6.05586004257202
lux,2001,6.00888013839722
lux,2002,6.00780010223389
lux,2003,5.966139793396
lux,2004,6.00940990447998
lux,2005,6.05743980407715
lux,2006,6.10716009140015
lux,2007,6.09160995483398
lux,2008,6.06818008422852
lux,2010,5.88649988174438
lux,2011,5.85060977935791
lux,2012,5.8282299041748
lux,2013,5.80894994735718
lva,1989,4.70770978927612
lva,1990,3.90805006027222
lva,1991,3.92360997200012
lva,1992,3.95026993751526
lva,1993,3.64467000961304
lva,1994,3.44958996772766
lva,1995,3.38861989974976
lva,1996,3.58156991004944
lva,1997,3.78911995887756
lva,1998,3.8785400390625
lva,1999,3.90022993087769
lva,2000,3.93389010429382
lva,2001,3.9423999786377
lva,2002,3.85371994972229
lva,2003,3.77603006362915
lva,2004,3.65830993652344
lva,2005,3.64663004875183
lva,2006,3.70591998100281
lva,2007,5.71503019332886
lva,2008,5.96002006530762
lva,2009,6.13940000534058
lva,2010,6.29701995849609
lva,2011,6.28751993179321
lva,2012,6.25263977050781
lva,2013,6.16724014282227
lva,2014,6.02526998519897
mac,1971,3.49469995498657
mac,1972,3.62367010116577
mac,1973,3.64650011062622
mac,1974,3.44584989547729
mac,1990,6.46781015396118
mac,1991,6.19558000564575
mac,1992,6.57874011993408
mac,1993,6.36485004425049
mar,1971,1.66881000995636
mar,1972,1.73372995853424
mar,1973,1.79455995559692
mar,1974,1.86928999423981
mar,1975,1.99506998062134
mar,1976,2.16702008247375
mar,1977,2.31738996505737
mar,1978,2.48614001274109
mar,1979,2.66135001182556
mar,1980,2.82186007499695
mar,1981,2.99669003486633
mar,1982,3.19372010231018
mar,1983,3.36798000335693
mar,1984,3.36388993263245
mar,1985,3.07405996322632
mar,1986,3.03447008132935
mar,1987,2.92279005050659
mar,1988,2.80806994438171
mar,1989,2.67532992362976
mar,1990,2.70691990852356
mar,1991,3.09843993186951
mar,1992,3.18196988105774
mar,1993,3.34365010261536
mar,1994,3.54210996627808
mar,1995,3.74472999572754
mar,1996,3.92401003837585
mar,1997,4.06810998916626
mar,1998,4.27154016494751
mar,1999,4.6700701713562
mar,2000,5.05823993682861
mar,2001,5.4085898399353
mar,2002,5.76082992553711
mar,2003,5.93942022323608
mar,2004,5.95876979827881
mar,2005,5.95944023132324
mar,2006,5.94134998321533
mar,2007,6.07529020309448
mar,2008,6.12080001831055
mar,2009,6.21580982208252
mar,2010,6.49156999588013
mar,2011,6.68245983123779
mar,2012,6.78552007675171
mar,2013,6.81702995300293
mar,2014,6.7927098274231
mda,1981,3.28375005722046
mda,1986,3.34996008872986
mda,1989,3.50338006019592
mda,1990,3.58249998092651
mda,1991,3.72452998161316
mda,1992,3.72695994377136
mda,1993,3.67962002754211
mda,1994,3.64949989318848
mda,1995,3.79428005218506
mda,1999,3.99426007270813
mda,2000,4.04749011993408
mda,2001,3.98584008216858
mda,2002,3.98868989944458
mda,2003,3.99444007873535
mda,2004,3.98719000816345
mda,2005,3.87856006622314
mda,2006,3.8254599571228
mda,2007,3.74353003501892
mda,2008,3.71951007843018
mda,2009,3.70970010757446
mda,2010,3.73502993583679
mda,2011,3.72498989105225
mda,2012,3.74252009391785
mda,2013,3.74482989311218
mda,2014,3.71216011047363
mdg,1971,4.76109981536865
mdg,1972,5.11240005493164
mdg,1973,4.9472599029541
mdg,1974,4.80046987533569
mdg,1975,5.17535018920898
mdg,1976,4.99277019500732
mdg,1977,5.3395299911499
mdg,1978,5.77786016464233
mdg,1979,5.74933004379272
mdg,1980,6.19289016723633
mdg,1981,6.63785982131958
mdg,1982,6.44913005828857
mdg,1983,5.8498101234436
mdg,1985,5.41059017181396
mdg,1988,4.66157007217407
mdg,1989,4.94352006912231
mdg,1990,4.8312201499939
mdg,1991,4.93763017654419
mdg,1992,4.48095989227295
mdg,1993,4.43001985549927
mdg,1994,4.31077003479004
mdg,1995,4.48815011978149
mdg,1996,4.48557996749878
mdg,1998,4.47317981719971
mdg,1999,4.89393997192383
mdg,2000,5.19858980178833
mdg,2001,5.23507976531982
mdg,2002,5.27134990692139
mdg,2003,6.02356004714966
mdg,2004,6.83287000656128
mdg,2005,7.06934022903442
mdg,2006,7.04589986801147
mdg,2007,7.10306978225708
mdg,2008,7.2535400390625
mdg,2009,7.63296985626221
mdg,2010,7.32417011260986
mdg,2011,7.28326988220215
mdg,2012,7.31921005249023
mdg,2013,7.34277009963989
mdg,2014,7.43304014205933
mdv,1992,5.9300799369812
mdv,1993,6.08168983459473
mdv,1994,6.20696020126343
mdv,1995,6.05977010726929
mdv,1996,6.03793001174927
mdv,1997,5.97655010223389
mdv,1998,8.87001991271973
mdv,1999,9.12360954284668
mdv,2000,9.02674007415771
mdv,2001,8.78221035003662
mdv,2002,8.55152988433838
mdv,2003,8.56937980651855
mdv,2004,8.29216003417969
mdv,2005,7.88055992126465
mdv,2006,7.71869993209839
mdv,2007,7.376540184021
mdv,2008,7.1141300201416
mdv,2009,6.99069976806641
mea,1970,3.20398259162903
mea,1971,3.20474910736084
mea,1972,3.23594880104065
mea,1973,3.35155081748962
mea,1974,3.40950083732605
mea,1975,3.58605432510376
mea,1976,3.74863791465759
mea,1977,3.87658548355103
mea,1978,3.96406888961792
mea,1979,4.00008487701416
mea,1980,4.17293977737427
mea,1981,4.18431854248047
mea,1982,4.28841495513916
mea,1983,4.36655426025391
mea,1984,4.47619152069092
mea,1985,4.51623439788818
mea,1986,4.59270286560059
mea,1987,4.66478776931763
mea,1988,4.70270347595215
mea,1989,4.73686599731445
mea,1990,4.63994789123535
mea,1991,4.73748970031738
mea,1992,4.68225336074829
mea,1993,4.69140243530273
mea,1994,4.78550720214844
mea,1995,4.72981786727905
mea,1996,4.74519491195679
mea,1997,4.82756757736206
mea,1998,4.8812518119812
mea,1999,4.93433475494385
mea,2000,4.99985313415527
mea,2001,5.12648916244507
mea,2002,5.22520446777344
mea,2003,5.20688962936401
mea,2004,5.26839876174927
mea,2005,5.51627969741821
mea,2006,5.58989763259888
mea,2007,5.6685357093811
mea,2008,5.72007751464844
mea,2009,5.69905710220337
mea,2010,5.74781465530396
mea,2011,5.72296142578125
mea,2012,5.84165000915527
mea,2013,6.02817964553833
mea,2014,5.94137096405029
mex,1971,6.11814022064209
mex,1972,5.94611978530884
mex,1974,6.3355598449707
mex,1975,6.23251008987427
mex,1976,6.30353021621704
mex,1977,6.5974497795105
mex,1978,6.54278993606567
mex,1979,6.87641000747681
mex,1980,6.93822002410889
mex,1981,6.90315008163452
mex,1982,6.82274007797241
mex,1983,6.73016977310181
mex,1984,6.73687982559204
mex,1985,6.70410013198853
mex,1986,6.70887994766235
mex,1987,6.69697999954224
mex,1988,6.62572002410889
mex,1989,6.60070991516113
mex,1990,6.51319980621338
mex,1991,6.49422979354858
mex,1992,6.49386978149414
mex,1993,6.49190998077393
mex,1994,6.46165990829468
mex,1995,6.46965980529785
mex,1996,6.42923021316528
mex,1997,6.40325021743774
mex,1998,6.35585021972656
mex,1999,6.33954000473022
mex,2000,6.33559989929199
mex,2001,6.3137001991272
mex,2002,6.30287981033325
mex,2003,6.27708005905151
mex,2004,6.21661996841431
mex,2005,6.14459991455078
mex,2006,6.06480979919434
mex,2007,6.058030128479
mex,2008,6.07000017166138
mex,2009,6.13846015930176
mex,2010,6.17553997039795
mex,2011,6.21726989746094
mex,2012,6.25959014892578
mex,2013,6.24232006072998
mex,2014,6.19294023513794
mhl,1999,5.35979986190796
mhl,2002,6.8182201385498
mhl,2003,6.63671016693115
mhl,2004,7.04981994628906
mhl,2005,7.791100025177
mhl,2006,6.95881986618042
mhl,2007,6.69866991043091
mhl,2008,6.67786979675293
mhl,2009,6.47397994995117
mhl,2011,6.30952978134155
mic,1970,4.08836078643799
mic,1971,4.08928298950195
mic,1972,4.14469909667969
mic,1973,4.30043506622314
mic,1974,4.36812305450439
mic,1975,4.56493854522705
mic,1976,4.65119600296021
mic,1977,4.63611555099487
mic,1978,4.54064559936523
mic,1979,4.54881143569946
mic,1980,4.59716701507568
mic,1981,4.65010023117065
mic,1982,4.66680383682251
mic,1983,4.67813158035278
mic,1984,4.71441698074341
mic,1985,4.76467514038086
mic,1986,4.84675073623657
mic,1987,4.85259866714478
mic,1988,4.94575119018555
mic,1989,4.96524953842163
mic,1990,4.95742082595825
mic,1991,4.98889017105103
mic,1992,5.00425386428833
mic,1993,5.02952432632446
mic,1994,5.0374813079834
mic,1995,5.00770044326782
mic,1996,4.97549438476563
mic,1997,4.970627784729
mic,1998,4.94593143463135
mic,1999,4.99211883544922
mic,2000,5.04136180877686
mic,2001,5.06485319137573
mic,2002,5.10931253433228
mic,2003,5.33418273925781
mic,2004,5.42229318618774
mic,2005,5.52104473114014
mic,2006,5.56521940231323
mic,2007,5.63990449905396
mic,2008,5.69066572189331
mic,2009,5.71455812454224
mic,2010,5.72977542877197
mic,2011,5.73302412033081
mic,2012,5.76729869842529
mic,2013,5.82792472839355
mic,2014,5.76886081695557
mkd,1993,3.80732989311218
mkd,1994,3.8572199344635
mkd,1995,3.94096994400024
mkd,1996,4.03601980209351
mkd,1997,4.06218004226685
mkd,1998,4.06509017944336
mkd,1999,4.04862022399902
mkd,2000,3.98916006088257
mkd,2001,3.92520999908447
mkd,2002,3.90693998336792
mkd,2003,3.79632997512817
mkd,2004,3.7632999420166
mkd,2005,3.74842000007629
mkd,2006,3.66743993759155
mkd,2007,3.61515998840332
mkd,2008,4.26800012588501
mkd,2009,4.24144983291626
mkd,2010,4.25794982910156
mkd,2012,4.26560020446777
mli,1971,1.03433001041412
mli,1972,1.06456005573273
mli,1973,1.14724004268646
mli,1974,1.13280999660492
mli,1975,1.120609998703
mli,1976,1.13917005062103
mli,1977,1.1878000497818
mli,1978,1.21246004104614
mli,1979,1.24286997318268
mli,1980,1.22420001029968
mli,1981,1.16990995407104
mli,1982,1.15627002716064
mli,1983,1.14013004302979
mli,1984,1.09275996685028
mli,1985,1.08401000499725
mli,1986,1.05919003486633
mli,1987,1.05518996715546
mli,1988,1.05866003036499
mli,1989,1.22800004482269
mli,1990,1.22582995891571
mli,1991,1.25390994548798
mli,1992,1.3374799489975
mli,1993,1.52375996112823
mli,1994,1.70439994335175
mli,1995,1.90927994251251
mli,1996,2.05302000045776
mli,1997,2.28615999221802
mli,1998,2.55676007270813
mli,1999,2.80557990074158
mli,2000,2.95236992835999
mli,2001,3.16172003746033
mli,2002,3.38737988471985
mli,2003,3.50013995170593
mli,2004,3.70617008209229
mli,2005,3.89953994750977
mli,2006,4.06512022018433
mli,2007,4.23556995391846
mli,2008,4.36356019973755
mli,2009,4.46513986587524
mli,2010,4.53339004516602
mli,2011,4.62301015853882
mli,2012,4.48227977752686
mli,2014,4.32903003692627
mlt,1971,6.16811990737915
mlt,1972,5.9829797744751
mlt,1973,5.82969999313354
mlt,1974,5.84259986877441
mlt,1975,5.84221982955933
mlt,1976,6.10312986373901
mlt,1977,6.72676992416382
mlt,1978,6.91761016845703
mlt,1979,7.10417985916138
mlt,1980,6.94901990890503
mlt,1981,6.79592990875244
mlt,1982,6.61325979232788
mlt,1983,6.29645013809204
mlt,1984,6.27782011032104
mlt,1985,6.14002990722656
mlt,1986,6.17501020431519
mlt,1987,6.09004020690918
mlt,1988,6.12523984909058
mlt,1989,6.2766900062561
mlt,1990,6.40461015701294
mlt,1991,6.50394010543823
mlt,1992,6.37142992019653
mlt,1993,6.38060998916626
mlt,1994,6.30931997299194
mlt,1995,6.1065502166748
mlt,1996,6.13503980636597
mlt,1997,6.11562013626099
mlt,1998,6.13535022735596
mlt,1999,6.1189398765564
mlt,2000,6.08865022659302
mlt,2001,6.02810001373291
mlt,2002,6.0174298286438
mlt,2003,5.95611000061035
mlt,2004,5.96293020248413
mlt,2005,5.7440299987793
mlt,2006,5.77489995956421
mlt,2007,5.51232004165649
mlt,2008,5.32342004776001
mlt,2009,4.98369979858398
mlt,2010,5.13442993164063
mlt,2011,5.10665988922119
mlt,2012,5.17256021499634
mlt,2013,5.3977198600769
mlt,2014,5.71474981307983
mmr,1971,4.02869987487793
mmr,1972,3.90476989746094
mmr,1973,3.97687005996704
mmr,1974,4.01646995544434
mmr,1976,3.85701990127563
mmr,1977,3.84127998352051
mmr,1978,4.01880979537964
mmr,1981,4.24314022064209
mmr,1982,4.41415023803711
mmr,1983,4.46221017837524
mmr,1984,4.45101022720337
mmr,1985,4.36518001556396
mmr,1986,4.42175006866455
mmr,1987,4.60346984863281
mmr,1988,4.56548023223877
mmr,1989,4.64455986022949
mmr,1990,4.28968000411987
mmr,1991,4.782790184021
mmr,1992,5.19599008560181
mmr,1993,5.26698017120361
mmr,1994,5.34712982177734
mmr,1995,5.10651016235352
mmr,1999,4.68187999725342
mmr,2000,4.84388017654419
mmr,2001,4.80991983413696
mmr,2002,4.83586978912354
mmr,2003,4.93381977081299
mmr,2004,4.94362020492554
mmr,2005,4.92707014083862
mmr,2006,4.88068008422852
mmr,2008,4.92353010177612
mmr,2009,4.82904005050659
mmr,2010,4.83250999450684
mmr,2014,4.92483997344971
mna,1970,3.18178510665894
mna,1971,3.18321442604065
mna,1972,3.21508765220642
mna,1973,3.3386082649231
mna,1974,3.40040373802185
mna,1975,3.58855581283569
mna,1976,3.7599766254425
mna,1977,3.89533972740173
mna,1978,3.9911060333252
mna,1979,4.03276205062866
mna,1980,4.21917486190796
mna,1981,4.23020648956299
mna,1982,4.33908939361572
mna,1983,4.41907835006714
mna,1984,4.53082656860352
mna,1985,4.56542730331421
mna,1986,4.64245986938477
mna,1987,4.71554517745972
mna,1988,4.75023555755615
mna,1989,4.78355932235718
mna,1990,4.66985845565796
mna,1991,4.77789402008057
mna,1992,4.70765352249146
mna,1993,4.70502328872681
mna,1994,4.7967381477356
mna,1995,4.72117185592651
mna,1996,4.72692537307739
mna,1997,4.80768823623657
mna,1998,4.8576078414917
mna,1999,4.90712738037109
mna,2000,4.97017478942871
mna,2001,5.10278367996216
mna,2002,5.20537567138672
mna,2003,5.17591762542725
mna,2004,5.23383140563965
mna,2005,5.49843072891235
mna,2006,5.58296537399292
mna,2007,5.66771173477173
mna,2008,5.7220401763916
mna,2009,5.68858766555786
mna,2010,5.72674894332886
mna,2011,5.6927752494812
mna,2012,5.80820989608765
mna,2013,5.99937677383423
mna,2014,5.90982723236084
mne,2003,4.30077981948853
mne,2004,4.31902980804443
mne,2005,4.51635980606079
mne,2006,4.67173004150391
mne,2007,4.73216009140015
mne,2008,4.78615999221802
mne,2009,4.45184993743896
mne,2010,4.23075008392334
mne,2011,4.76718997955322
mne,2012,4.76682996749878
mne,2015,4.66579008102417
mng,1975,3.05708003044128
mng,1976,3.01426005363464
mng,1978,3.12342000007629
mng,1979,3.09545993804932
mng,1980,3.0205500125885
mng,1981,3.01955008506775
mng,1982,2.9924099445343
mng,1983,3.01266002655029
mng,1984,2.98762011528015
mng,1985,2.98659992218018
mng,1986,2.98698997497559
mng,1987,3.0077600479126
mng,1991,2.99183988571167
mng,1992,2.75588011741638
mng,1993,2.43309998512268
mng,1994,2.46234011650085
mng,1995,2.64486002922058
mng,1996,2.83509993553162
mng,1997,3.75746011734009
mng,1998,3.83949995040894
mng,1999,3.91394996643066
mng,2000,4.01534986495972
mng,2001,4.10632991790771
mng,2002,4.12731981277466
mng,2003,4.21833992004395
mng,2004,4.36501979827881
mng,2005,4.88571977615356
mng,2006,5.05817985534668
mng,2007,5.02538013458252
mng,2008,5.19995021820068
mng,2009,5.62141990661621
mng,2010,6.1414999961853
mng,2011,5.99331998825073
mng,2012,5.76039981842041
mng,2013,5.39118003845215
mng,2014,5.03487014770508
moz,1973,1.49566996097565
moz,1977,3.3985800743103
moz,1978,3.55596995353699
moz,1979,3.89872002601624
moz,1981,3.75833010673523
moz,1982,3.49482989311218
moz,1983,3.00413990020752
moz,1984,2.97122001647949
moz,1985,3.1601300239563
moz,1986,3.1363000869751
moz,1987,3.1536500453949
moz,1988,2.72852993011475
moz,1989,2.80198001861572
moz,1990,2.72076010704041
moz,1991,2.65744996070862
moz,1992,2.58009004592896
moz,1993,2.55620002746582
moz,1994,2.62936997413635
moz,1995,2.80070996284485
moz,1998,3.93232011795044
moz,1999,4.25872993469238
moz,2000,4.6319899559021
moz,2001,5.05629014968872
moz,2002,5.38461017608643
moz,2004,6.00930023193359
moz,2005,6.45928001403809
moz,2006,6.64585018157959
moz,2007,7.05166006088257
moz,2008,7.36735010147095
moz,2009,7.43354988098145
moz,2010,7.49965000152588
moz,2011,7.23836994171143
moz,2012,7.14656019210815
moz,2013,7.13816022872925
moz,2014,7.12727022171021
mrt,1971,0.562569975852966
mrt,1972,0.598789989948273
mrt,1976,0.991789996623993
mrt,1977,1.12929999828339
mrt,1978,1.29155004024506
mrt,1979,1.48195004463196
mrt,1981,1.50130999088287
mrt,1982,1.7833399772644
mrt,1983,1.85716998577118
mrt,1984,2.03868007659912
mrt,1985,2.11952996253967
mrt,1986,2.29840993881226
mrt,1987,2.38059997558594
mrt,1988,2.49229001998901
mrt,1989,2.44932007789612
mrt,1990,2.3659200668335
mrt,1991,2.53220009803772
mrt,1992,2.84245991706848
mrt,1993,3.31532001495361
mrt,1994,3.93078994750977
mrt,1995,4.06863021850586
mrt,1996,4.33892011642456
mrt,1997,4.49782991409302
mrt,1998,4.91471004486084
mrt,1999,5.09679985046387
mrt,2000,5.10387992858887
mrt,2001,4.96096992492676
mrt,2002,5.08906984329224
mrt,2003,5.23510980606079
mrt,2004,5.64073991775513
mrt,2005,5.70141983032227
mrt,2006,5.80319976806641
mrt,2007,5.91150999069214
mrt,2008,5.67768001556396
mrt,2009,6.06344985961914
mrt,2010,6.14359998703003
mrt,2011,6.05857992172241
mrt,2012,6.10712003707886
mrt,2013,6.11497020721436
mrt,2014,6.21997976303101
mus,1970,5.70387983322144
mus,1971,5.73132991790771
mus,1972,5.9101300239563
mus,1973,5.88823986053467
mus,1974,5.87630987167358
mus,1975,5.95171022415161
mus,1976,5.92725992202759
mus,1977,5.95159006118774
mus,1978,5.83674001693726
mus,1979,5.51756000518799
mus,1980,5.43024015426636
mus,1981,5.8459300994873
mus,1982,6.0089898109436
mus,1983,6.20928001403809
mus,1984,6.17061996459961
mus,1985,6.50651979446411
mus,1986,6.76398992538452
mus,1987,6.84068012237549
mus,1988,6.72090005874634
mus,1989,6.67233991622925
mus,1990,6.7039098739624
mus,1991,6.63908004760742
mus,1992,6.48517990112305
mus,1993,6.31379985809326
mus,1994,6.25029993057251
mus,1995,6.27017021179199
mus,1996,6.34036016464233
mus,1997,6.39075994491577
mus,1998,6.4179801940918
mus,1999,6.38971996307373
mus,2000,6.30842018127441
mus,2001,6.15980005264282
mus,2002,6.09287023544312
mus,2003,6.06302976608276
mus,2004,6.0746898651123
mus,2005,6.14462995529175
mus,2006,6.19711017608643
mus,2007,6.19352006912231
mus,2008,6.19991016387939
mus,2009,6.1718897819519
mus,2010,6.17184019088745
mus,2011,6.19111013412476
mus,2012,6.16346979141235
mus,2013,6.14132022857666
mus,2014,6.17229986190796
mwi,1972,2.16747999191284
mwi,1973,2.37349009513855
mwi,1974,2.67582011222839
mwi,1975,2.97095990180969
mwi,1976,3.04753994941711
mwi,1977,3.04981994628906
mwi,1978,2.99530005455017
mwi,1979,3.03909993171692
mwi,1980,3.24819993972778
mwi,1981,3.3153600692749
mwi,1982,3.55169010162354
mwi,1983,3.39549994468689
mwi,1984,3.15957999229431
mwi,1985,3.24470996856689
mwi,1986,3.2702100276947
mwi,1987,3.3841700553894
mwi,1988,3.37818002700806
mwi,1989,3.72915005683899
mwi,1990,4.04916000366211
mwi,1991,4.22700977325439
mwi,1992,5.08714008331299
mwi,1993,5.63568019866943
mwi,1994,6.07512998580933
mwi,1995,8.67556953430176
mwi,1996,8.46317005157471
mwi,1999,8.14719009399414
mwi,2000,7.95765018463135
mwi,2001,8.20820999145508
mwi,2002,8.2227201461792
mwi,2004,7.99807977676392
mwi,2005,7.85885000228882
mwi,2006,7.886549949646
mwi,2007,7.7671799659729
mwi,2008,8.18661975860596
mwi,2009,8.11303043365479
mwi,2010,8.52857971191406
mwi,2011,8.67698001861572
mwi,2012,8.73746013641357
mwi,2013,9.06272029876709
mwi,2014,9.12905979156494
nac,1980,5.99433135986328
nac,1981,5.98504066467285
nac,1982,6.09619855880737
nac,1983,5.96508312225342
nac,1984,5.93616437911987
nac,1985,5.96667194366455
nac,1986,6.03485584259033
nac,1987,6.05091190338135
nac,1988,6.13353586196899
nac,1989,6.21371126174927
nac,1990,6.30329132080078
nac,1991,6.22506761550903
nac,1992,6.17607164382935
nac,1993,6.12608051300049
nac,1994,6.11826944351196
nac,1995,6.19159841537476
nac,1996,6.1923770904541
nac,1997,6.24361085891724
nac,1998,6.29494762420654
nac,1999,6.28289270401001
nac,2000,6.10175609588623
nac,2001,6.16131639480591
nac,2002,6.05735063552856
nac,2003,6.03283405303955
nac,2004,5.97449731826782
nac,2005,5.98703193664551
nac,2006,6.09253644943237
nac,2007,6.13033628463745
nac,2008,6.1760311126709
nac,2009,6.13370227813721
nac,2010,5.99868631362915
nac,2011,5.99919557571411
nac,2012,5.9331226348877
nac,2013,5.94696855545044
nac,2014,5.96490812301636
nam,1989,8.92593955993652
nam,1990,8.8871898651123
nam,1991,8.9714298248291
nam,1992,9.1515998840332
nam,1993,8.77447986602783
nam,1994,8.89377021789551
nam,1995,8.66423988342285
nam,1996,8.53429985046387
nam,1997,8.44954013824463
nam,1998,8.56719017028809
nam,1999,8.26739978790283
nam,2000,8.17171001434326
nam,2001,8.11516952514648
nam,2002,8.10044956207275
nam,2003,8.02670955657959
nam,2004,7.81945991516113
nam,2005,7.72361993789673
nam,2006,7.63709020614624
nam,2007,7.6875901222229
nam,2008,7.59553003311157
nam,2009,7.53061008453369
nam,2010,7.4721999168396
nam,2012,7.56002998352051
nam,2013,7.68326997756958
ner,1971,0.498789995908737
ner,1972,0.518029987812042
ner,1973,0.539799988269806
ner,1974,0.585110008716583
ner,1975,0.627669990062714
ner,1976,0.718850016593933
ner,1977,0.792869985103607
ner,1978,0.854200005531311
ner,1979,0.921339988708496
ner,1980,0.968649983406067
ner,1981,1.02557003498077
ner,1982,1.04183995723724
ner,1983,1.04897999763489
ner,1984,1.02471995353699
ner,1985,1.00615000724792
ner,1986,1.08546996116638
ner,1987,1.11023998260498
ner,1988,1.08946001529694
ner,1989,1.1572699546814
ner,1990,1.20533001422882
ner,1991,1.26291000843048
ner,1992,1.26895999908447
ner,1993,1.26195001602173
ner,1994,1.2581399679184
ner,1995,1.33140003681183
ner,1996,1.33917999267578
ner,1997,1.39127004146576
ner,1998,1.41232001781464
ner,1999,1.50230002403259
ner,2000,1.61250996589661
ner,2001,1.73582994937897
ner,2002,1.92453002929688
ner,2003,2.08490991592407
ner,2004,2.28667998313904
ner,2005,2.44242000579834
ner,2006,2.5038800239563
ner,2007,2.66707992553711
ner,2008,2.91503000259399
ner,2009,3.123379945755
ner,2010,3.35716009140015
ner,2011,3.59495997428894
ner,2012,3.75925993919373
ner,2013,3.83814001083374
ner,2014,3.91298007965088
nga,1970,1.83218002319336
nga,1971,2.0655300617218
nga,1972,2.30763006210327
nga,1973,2.43911004066467
nga,1976,2.39222002029419
nga,1977,3.10538005828857
nga,1978,4.01868009567261
nga,1979,4.70483016967773
nga,1980,5.01417016983032
nga,1981,5.47681999206543
nga,1982,5.95406007766724
nga,1983,5.91761016845703
nga,1984,5.86227989196777
nga,1985,5.69984006881714
nga,1986,5.04521989822388
nga,1987,4.85332012176514
nga,1988,4.41395998001099
nga,1989,4.55536985397339
nga,1990,4.55596017837524
nga,1991,4.57609987258911
nga,1992,4.82801008224487
nga,1993,5.00518989562988
nga,1994,5.03255987167358
nga,1995,4.85294008255005
nga,1996,4.34611988067627
nga,1999,5.23764991760254
nga,2000,5.50433015823364
nga,2001,5.22254991531372
nga,2002,5.30737018585205
nga,2004,5.75325012207031
nga,2005,5.82512998580933
nga,2006,5.94013977050781
nga,2007,5.38360023498535
nga,2008,4.87883996963501
nga,2009,4.98157978057861
nga,2010,5.00633001327515
nic,1970,4.1111102104187
nic,1971,4.37821006774902
nic,1972,4.31136989593506
nic,1973,4.48509979248047
nic,1975,4.54991006851196
nic,1976,4.68016004562378
nic,1977,4.62713003158569
nic,1978,4.55265998840332
nic,1979,4.83059978485107
nic,1980,5.55134010314941
nic,1982,5.57663011550903
nic,1983,5.70547008514404
nic,1984,5.45101976394653
nic,1985,5.70685005187988
nic,1986,5.47439002990723
nic,1987,5.58049011230469
nic,1988,5.6201000213623
nic,1989,5.4121298789978
nic,1990,5.53355979919434
nic,1991,5.74794006347656
nic,1992,5.83328008651733
nic,1993,5.99174022674561
nic,1994,6.09798002243042
nic,1995,6.02670001983643
nic,1996,5.89318990707397
nic,1997,5.97811985015869
nic,1998,5.99484014511108
nic,1999,6.3157000541687
nic,2000,6.37821006774902
nic,2001,6.6187801361084
nic,2002,7.00808000564575
nic,2003,7.03539991378784
nic,2004,7.17970991134644
nic,2005,7.22181987762451
nic,2006,7.43950986862183
nic,2007,7.41166019439697
nic,2008,7.39802980422974
nic,2010,7.35550022125244
nld,1971,6.14385986328125
nld,1972,6.07260990142822
nld,1973,6.00533008575439
nld,1974,5.92714023590088
nld,1975,5.87494993209839
nld,1976,5.89834976196289
nld,1977,5.89579010009766
nld,1978,5.90368986129761
nld,1979,5.9284200668335
nld,1980,5.94268989562988
nld,1981,5.93561983108521
nld,1982,5.85982990264893
nld,1983,5.7670202255249
nld,1984,5.70251989364624
nld,1985,5.70323991775513
nld,1986,5.99462985992432
nld,1987,6.11840009689331
nld,1988,6.2386999130249
nld,1989,6.28589010238647
nld,1990,6.29773998260498
nld,1991,6.2746000289917
nld,1992,5.95344018936157
nld,1993,5.94784021377563
nld,1994,6.4261999130249
nld,1995,6.42846012115479
nld,1996,6.42975997924805
nld,1997,6.45262002944946
nld,1998,6.46577978134155
nld,1999,6.4662299156189
nld,2000,6.45766019821167
nld,2001,6.42552995681763
nld,2002,6.40929985046387
nld,2003,6.39563989639282
nld,2004,6.34250020980835
nld,2005,6.32882976531982
nld,2006,6.34104013442993
nld,2007,6.3877100944519
nld,2008,6.43410015106201
nld,2009,6.47493982315063
nld,2010,6.512619972229
nld,2011,6.50501012802124
nld,2012,6.42859983444214
nld,2013,6.33921003341675
nld,2014,6.23647022247314
nor,1971,6.53625011444092
nor,1972,6.23199987411499
nor,1973,6.03215980529785
nor,1974,6.06763982772827
nor,1975,6.09188985824585
nor,1976,6.05987977981567
nor,1977,6.05788993835449
nor,1978,6.00816011428833
nor,1979,5.98046016693115
nor,1980,5.98156976699829
nor,1981,5.96981000900269
nor,1982,5.95307016372681
nor,1983,5.90129995346069
nor,1984,5.87015008926392
nor,1985,5.80523014068604
nor,1986,5.8121600151062
nor,1987,5.86834001541138
nor,1988,5.89609003067017
nor,1989,5.95827007293701
nor,1990,6.02259016036987
nor,1991,6.02288007736206
nor,1992,6.00552988052368
nor,1993,5.95496988296509
nor,1994,5.9308500289917
nor,1995,5.90739011764526
nor,1996,5.91484022140503
nor,1997,5.96633005142212
nor,1998,7.02329015731812
nor,1999,7.04682016372681
nor,2000,7.07296991348267
nor,2001,7.07381010055542
nor,2002,7.02977991104126
nor,2003,7.00765991210938
nor,2004,6.96640014648438
nor,2005,6.91097021102905
nor,2006,6.92818021774292
nor,2007,6.94686985015869
nor,2008,6.96070003509521
nor,2009,6.9487099647522
nor,2010,6.93847990036011
nor,2011,6.95519018173218
nor,2012,7.00220012664795
nor,2013,7.02029991149902
nor,2014,7.00858020782471
npl,1970,0.393229991197586
npl,1972,0.427940011024475
npl,1973,0.364389985799789
npl,1974,0.421160012483597
npl,1975,0.498879998922348
npl,1976,0.753090023994446
npl,1977,0.960879981517792
npl,1978,1.14693999290466
npl,1979,1.45396995544434
npl,1980,1.57019996643066
npl,1981,1.97746002674103
npl,1982,2.09367990493774
npl,1983,2.31290006637573
npl,1984,2.51024007797241
npl,1985,2.55209994316101
npl,1986,2.56839990615845
npl,1987,2.65708994865417
npl,1988,2.97662997245789
npl,1989,3.67947006225586
npl,1990,4.1119499206543
npl,1991,4.29755020141602
npl,1992,4.53148984909058
npl,1993,4.54763984680176
npl,1994,4.66989994049072
npl,1995,4.7193398475647
npl,1996,4.97048997879028
npl,1999,5.1690502166748
npl,2000,5.43388986587524
npl,2001,5.09746980667114
npl,2002,5.39849996566772
npl,2003,5.45699977874756
npl,2004,5.51098012924194
npl,2005,5.5026798248291
npl,2006,6.26859998703003
npl,2007,6.399169921875
npl,2008,6.358069896698
npl,2009,7.01204013824463
npl,2010,7.31571006774902
npl,2011,7.50919008255005
npl,2012,7.36011981964111
npl,2013,7.13807010650635
npl,2014,6.95156002044678
npl,2015,6.96415996551514
nru,1998,4.95917987823486
nru,2000,6.87332010269165
nru,2001,6.46026992797852
nru,2002,5.7460298538208
nru,2003,5.25613021850586
nru,2004,6.13559007644653
nru,2005,7.7117600440979
nru,2006,6.23772001266479
nru,2007,5.67828989028931
nru,2008,5.75963020324707
nru,2012,5.84271001815796
nru,2014,6.07586002349854
nzl,1970,6.53620004653931
nzl,1971,6.41495990753174
nzl,1972,6.33664989471436
nzl,1973,6.26375007629395
nzl,1974,6.22222995758057
nzl,1975,6.31787014007568
nzl,1976,6.417640209198
nzl,1977,6.47652006149292
nzl,1978,6.49258995056152
nzl,1979,6.45964002609253
nzl,1980,6.35890007019043
nzl,1981,6.19856977462769
nzl,1982,6.15488004684448
nzl,1983,6.11244010925293
nzl,1984,6.18779993057251
nzl,1985,6.24490976333618
nzl,1986,6.24337005615234
nzl,1987,6.28942012786865
nzl,1988,6.2534499168396
nzl,1989,6.20382022857666
nzl,1990,6.21985006332397
nzl,1991,6.11751985549927
nzl,1992,6.02189016342163
nzl,1993,5.98394012451172
nzl,1994,5.99090003967285
nzl,1995,6.08343982696533
nzl,1996,5.99433994293213
nzl,1997,6.05817985534668
nzl,1998,6.08738994598389
nzl,1999,6.01888990402222
nzl,2000,5.96977996826172
nzl,2001,5.84002017974854
nzl,2002,5.81942987442017
nzl,2003,5.88416004180908
nzl,2004,5.88482999801636
nzl,2005,5.95277976989746
nzl,2006,5.98220014572144
nzl,2007,6.01782989501953
nzl,2008,6.03937005996704
nzl,2009,6.05978012084961
nzl,2010,6.07518005371094
nzl,2011,6.01176023483276
nzl,2012,5.93289995193481
nzl,2013,5.91963005065918
nzl,2014,5.90809011459351
oed,1970,5.59588241577148
oed,1971,5.60350847244263
oed,1972,5.58426475524902
oed,1973,5.62734031677246
oed,1974,5.62180852890015
oed,1975,5.60289430618286
oed,1976,5.65910005569458
oed,1977,5.684006690979
oed,1978,5.68396759033203
oed,1979,5.7334885597229
oed,1980,5.85203123092651
oed,1981,5.82476711273193
oed,1982,5.83098220825195
oed,1983,5.77709913253784
oed,1984,5.78143119812012
oed,1985,5.77995777130127
oed,1986,5.81225538253784
oed,1987,5.82907104492188
oed,1988,5.84829664230347
oed,1989,5.85695314407349
oed,1990,5.86518383026123
oed,1991,5.83293199539185
oed,1992,5.79927921295166
oed,1993,5.77690124511719
oed,1994,5.76737546920776
oed,1995,5.79738330841064
oed,1996,5.82446908950806
oed,1997,5.85357761383057
oed,1998,5.89975452423096
oed,1999,5.9126353263855
oed,2000,5.86280822753906
oed,2001,5.88177251815796
oed,2002,5.85168838500977
oed,2003,5.83192539215088
oed,2004,5.82792997360229
oed,2005,5.83568143844604
oed,2006,5.8512978553772
oed,2007,5.87224960327148
oed,2008,5.89021396636963
oed,2009,5.87815999984741
oed,2010,5.85103225708008
oed,2011,5.86069440841675
oed,2012,5.83538246154785
oed,2013,5.78671169281006
oed,2014,5.78244400024414
omn,1971,0.0466899983584881
omn,1972,0.187110006809235
omn,1973,0.394650012254715
omn,1974,0.725939989089966
omn,1975,1.08077001571655
omn,1976,1.27687001228333
omn,1977,1.43508005142212
omn,1978,1.6968400478363
omn,1979,1.89646005630493
omn,1980,1.93596994876862
omn,1981,2.17157006263733
omn,1982,2.3952898979187
omn,1983,2.78009009361267
omn,1984,3.18555998802185
omn,1985,3.68883991241455
omn,1986,3.96899008750916
omn,1987,4.29883003234863
omn,1988,4.5845799446106
omn,1989,4.75004005432129
omn,1990,4.84599018096924
omn,1991,4.96909999847412
omn,1992,5.07504987716675
omn,1993,5.15453004837036
omn,1994,5.18163013458252
omn,1995,5.2065601348877
omn,1996,5.24920988082886
omn,1997,5.36541986465454
omn,1998,5.42882013320923
omn,1999,5.49370002746582
omn,2000,5.52825021743774
omn,2001,5.58452987670898
omn,2002,5.49536991119385
omn,2003,5.36788988113403
omn,2005,5.26195001602173
omn,2006,5.15793991088867
omn,2007,5.28298997879028
omn,2008,5.51152992248535
omn,2009,5.99936008453369
omn,2011,6.29314994812012
omn,2012,6.40774011611938
omn,2013,6.72174978256226
omn,2014,4.52162981033325
pak,1971,1.34386003017426
pak,1972,1.36175000667572
pak,1973,1.49752998352051
pak,1974,1.56896996498108
pak,1975,1.59421002864838
pak,1976,1.67841994762421
pak,1977,1.67432999610901
pak,1978,1.63769996166229
pak,1979,1.62487995624542
pak,1980,1.62695002555847
pak,1981,1.68402004241943
pak,1982,1.73603999614716
pak,1983,1.78110003471375
pak,1984,1.79261994361877
pak,1985,1.8672000169754
pak,1986,1.90125000476837
pak,1987,1.96198999881744
pak,1988,2.00012993812561
pak,1989,1.99322998523712
pak,1990,2.02298998832703
pak,2000,2.97684001922607
pak,2001,3.01048994064331
pak,2002,3.04236006736755
pak,2003,3.26788997650146
pak,2004,3.49959993362427
pak,2005,3.80778002738953
pak,2006,3.73581004142761
pak,2007,4.12846994400024
pak,2008,4.20217990875244
pak,2009,4.31524991989136
pak,2010,4.38940000534058
pak,2011,4.23150014877319
pak,2012,4.23538017272949
pak,2013,4.15386009216309
pak,2014,4.27894020080566
pan,1970,6.09018993377686
pan,1971,6.63958978652954
pan,1972,6.86532020568848
pan,1973,6.96562004089355
pan,1974,6.79222011566162
pan,1975,6.9315299987793
pan,1976,6.91091012954712
pan,1977,6.63286018371582
pan,1978,6.66696977615356
pan,1979,6.47049999237061
pan,1980,6.2994499206543
pan,1981,6.14603996276855
pan,1982,6.08674001693726
pan,1983,5.96820020675659
pan,1984,5.94763994216919
pan,1985,5.92741012573242
pan,1986,5.94598007202148
pan,1987,5.94498014450073
pan,1988,5.91193008422852
pan,1989,5.98310995101929
pan,1990,5.94384002685547
pan,1999,6.18730020523071
pan,2000,6.26887989044189
pan,2001,6.34607982635498
pan,2002,6.4576997756958
pan,2003,6.36081981658936
pan,2004,6.44668006896973
pan,2005,6.34940004348755
pan,2006,6.3648099899292
pan,2007,6.43923997879028
pan,2008,6.38019990921021
pan,2009,6.30707979202271
pan,2010,6.29671001434326
pan,2011,6.31748008728027
pan,2012,6.26807022094727
pan,2013,6.22759008407593
per,1970,6.15874004364014
per,1973,6.09333992004395
per,1977,6.56275987625122
per,1978,6.6498498916626
per,1979,6.53011989593506
per,1980,6.57260990142822
per,1981,6.79719018936157
per,1982,6.81455993652344
per,1985,7.03029012680054
per,1991,6.93300008773804
per,1992,6.81254005432129
per,1993,6.94864988327026
per,1995,7.225830078125
per,1998,7.27757978439331
per,1999,7.3552098274231
per,2000,7.31003999710083
per,2001,7.28594017028809
per,2002,7.25554990768433
per,2003,7.14574003219604
per,2004,7.098219871521
per,2005,7.07594013214111
per,2006,7.03247022628784
per,2007,7.02035999298096
per,2008,6.81108999252319
per,2009,6.70160007476807
per,2010,6.66615009307861
per,2011,6.46160984039307
per,2012,6.08593988418579
per,2013,6.19558000564575
per,2014,6.10244989395142
phl,1976,6.91113996505737
phl,1981,6.75911998748779
phl,1982,6.64411020278931
phl,1983,6.55940008163452
phl,1984,6.52121019363403
phl,1985,6.33366012573242
phl,1986,6.3468599319458
phl,1987,6.34451007843018
phl,1988,6.55815982818604
phl,1989,6.65752983093262
phl,1990,6.61038017272949
phl,1991,6.53609991073608
phl,1992,6.47243976593018
phl,1993,6.43245983123779
phl,1994,6.40753984451294
phl,1995,6.2755298614502
phl,1996,6.45565986633301
phl,1997,6.54841995239258
phl,1998,6.58554983139038
phl,1999,6.65153980255127
phl,2001,6.60329008102417
phl,2002,6.51987981796265
phl,2003,6.49691009521484
phl,2004,6.43193006515503
phl,2005,6.39408016204834
phl,2006,6.27112007141113
phl,2007,6.29058980941772
phl,2008,6.40783977508545
phl,2009,6.54457998275757
phl,2013,7.01337003707886
plw,2004,5.05681991577148
plw,2013,6.80780982971191
plw,2014,6.71051979064941
png,1970,2.24531006813049
png,1971,2.23489999771118
png,1972,2.22504997253418
png,1973,2.29686999320984
png,1974,2.39016008377075
png,1975,2.51263999938965
png,1976,2.57495999336243
png,1977,2.58184003829956
png,1978,2.63937997817993
png,1979,2.73188996315002
png,1981,2.7582700252533
png,1982,2.81580996513367
png,1984,3.02636003494263
png,1986,3.19704008102417
png,1987,3.27506995201111
png,1988,3.34636998176575
png,1989,3.43865990638733
png,1990,3.39152002334595
png,1991,3.40455007553101
png,1992,3.51706004142761
png,1993,3.77508997917175
png,1994,3.93462991714478
png,1995,4.01600980758667
png,1996,3.99892997741699
png,1997,4.07072019577026
png,1998,4.30974006652832
png,2000,3.93871998786926
png,2001,3.55542993545532
png,2002,3.38720989227295
png,2003,3.18871998786926
png,2004,3.18291997909546
png,2005,3.19596004486084
png,2006,3.10332989692688
png,2008,3.41313004493713
png,2012,7.85875988006592
pol,1972,5.80254983901978
pol,1973,5.89595985412598
pol,1974,5.92608976364136
pol,1989,5.92719984054565
pol,1990,5.83859014511108
pol,1991,5.81872987747192
pol,1992,5.77907991409302
pol,1993,5.8609299659729
pol,1994,5.83494997024536
pol,1995,5.75509023666382
pol,1996,5.76565980911255
pol,1997,5.82298994064331
pol,1998,5.8640398979187
pol,1999,5.8284797668457
pol,2000,5.82340002059937
pol,2001,5.8306999206543
pol,2002,5.81193017959595
pol,2003,5.78797006607056
pol,2004,5.76878976821899
pol,2005,5.7545599937439
pol,2006,5.77075004577637
pol,2007,5.78191995620728
pol,2008,5.79029989242554
pol,2009,5.83498001098633
pol,2010,5.89850997924805
pol,2011,5.96015977859497
pol,2012,6.09555006027222
pol,2013,6.0682201385498
pri,2009,5.73141002655029
pri,2010,5.76667976379395
pri,2011,5.37399005889893
pri,2012,5.48995018005371
pri,2013,5.44048023223877
prk,2009,3.99144005775452
prt,1971,6.71717977523804
prt,1972,6.79991006851196
prt,1973,6.91527986526489
prt,1974,6.97541999816895
prt,1975,6.90264987945557
prt,1976,7.03735017776489
prt,1977,7.02238988876343
prt,1978,7.09423017501831
prt,1979,6.9952597618103
prt,1980,7.09379005432129
prt,1981,7.10050010681152
prt,1982,7.17119979858398
prt,1983,7.19100999832153
prt,1984,7.14305019378662
prt,1985,7.42336988449097
prt,1986,7.30481004714966
prt,1987,7.41776990890503
prt,1988,7.15518999099731
prt,1990,7.04778003692627
prt,1991,6.87616014480591
prt,1992,7.06697988510132
prt,1993,6.94068002700806
prt,1994,6.88150978088379
prt,1995,6.94515991210938
prt,1996,6.98823022842407
prt,1998,7.18168020248413
prt,1999,7.01459980010986
prt,2000,7.072350025177
prt,2001,7.17052984237671
prt,2002,6.96232986450195
prt,2003,6.94686985015869
prt,2004,6.91260004043579
prt,2005,6.90320014953613
prt,2006,6.8984899520874
prt,2007,6.83171987533569
prt,2008,6.75486993789673
prt,2009,6.68415021896362
prt,2010,6.60227012634277
prt,2011,6.55270004272461
prt,2012,6.48013019561768
prt,2013,6.43343019485474
prt,2014,6.32803010940552
pry,1970,5.76245021820068
pry,1971,5.73872995376587
pry,1972,5.77103996276855
pry,1973,5.71187019348145
pry,1974,5.65555000305176
pry,1975,5.55616998672485
pry,1976,5.62320995330811
pry,1977,5.66799020767212
pry,1978,5.77443981170654
pry,1979,5.84499979019165
pry,1980,5.97033023834229
pry,1981,6.06092977523804
pry,1982,6.12175989151001
pry,1983,6.09303998947144
pry,1984,6.06427001953125
pry,1985,6.02638006210327
pry,1986,5.9459400177002
pry,1987,5.9581298828125
pry,1988,6.01811981201172
pry,1989,6.1115198135376
pry,1990,6.19310998916626
pry,1991,6.30842018127441
pry,1992,6.36728000640869
pry,1993,6.61522006988525
pry,1994,6.74526977539063
pry,1995,6.73025989532471
pry,1996,6.97904014587402
pry,1997,6.86323976516724
pry,1998,7.24441003799438
pry,1999,7.096519947052
pry,2000,7.13610982894897
pry,2001,7.08119010925293
pry,2002,7.03787994384766
pry,2003,6.73666000366211
pry,2004,6.65848016738892
pry,2005,6.64988994598389
pry,2006,6.47233009338379
pry,2007,6.32976007461548
pry,2008,6.20973014831543
pry,2009,6.12459993362427
pry,2010,6.08540010452271
pry,2011,6.03267002105713
pry,2012,6.26934003829956
pse,1995,3.65678000450134
pse,1996,3.72049999237061
pse,1997,3.80978989601135
pse,1999,3.856369972229
pse,2000,3.84696006774902
pse,2001,3.81695008277893
pse,2002,3.73563003540039
pse,2003,3.66503000259399
pse,2004,3.53408002853394
pse,2005,3.51607990264893
pse,2006,3.48724007606506
pse,2007,3.48267006874084
pse,2008,3.52515006065369
pse,2009,3.56100988388062
pse,2010,3.5876100063324
pse,2011,3.65869998931885
pse,2012,3.72754001617432
pse,2013,3.77226996421814
pse,2014,3.77886009216309
qat,1971,6.56076002120972
qat,1972,7.36899995803833
qat,1973,7.64027976989746
qat,1974,7.44950008392334
qat,1975,7.36972999572754
qat,1976,7.86830997467041
qat,1977,7.87784004211426
qat,1978,7.54610013961792
qat,1979,7.42414999008179
qat,1980,7.29841995239258
qat,1981,7.17165994644165
qat,1982,7.06215000152588
qat,1983,6.95407009124756
qat,1984,6.76955986022949
qat,1985,6.70760011672974
qat,1986,6.58099985122681
qat,1987,6.34376001358032
qat,1988,6.20185995101929
qat,1989,6.04956007003784
qat,1990,5.79165983200073
qat,1991,5.41708993911743
qat,1992,5.255539894104
qat,1993,5.29171991348267
qat,1994,5.65387010574341
qat,1995,5.80180978775024
qat,1996,6.21717977523804
qat,1997,6.38807010650635
qat,1998,6.37849998474121
qat,1999,6.55711984634399
qat,2000,6.43280982971191
qat,2001,6.44636011123657
qat,2002,6.36220979690552
qat,2003,6.35406017303467
qat,2004,5.89151000976563
qat,2005,5.85429000854492
qat,2006,5.37123012542725
qat,2007,5.55829000473022
qat,2008,5.56538009643555
qat,2009,5.74979019165039
qat,2010,5.78626012802124
qat,2011,5.91256999969482
rou,1971,4.53732013702393
rou,1972,4.57741022109985
rou,1973,4.30450010299683
rou,1974,4.22485017776489
rou,1989,3.64196991920471
rou,1990,3.5831298828125
rou,1991,3.40638995170593
rou,1992,3.39713001251221
rou,1993,3.45785999298096
rou,1994,3.55621004104614
rou,1995,3.79992008209229
rou,1996,3.91838002204895
rou,1997,3.95531010627747
rou,1998,3.93460988998413
rou,1999,3.85373997688293
rou,2000,3.8511700630188
rou,2001,3.86431002616882
rou,2002,4.00642013549805
rou,2003,4.14007997512817
rou,2004,4.40572023391724
rou,2005,4.31036996841431
rou,2006,4.1689600944519
rou,2007,4.11113977432251
rou,2008,3.88763999938965
rou,2009,3.8831000328064
rou,2010,3.86298990249634
rou,2011,3.82892990112305
rou,2012,3.78414011001587
rus,1981,3.08692002296448
rus,1986,3.15423989295959
rus,1989,3.23319005966187
rus,1990,3.23421001434326
rus,1991,3.30574989318848
rus,1992,3.31329989433289
rus,1993,3.28880000114441
rus,1994,3.21812009811401
rus,1995,3.22953009605408
rus,1999,3.0307400226593
rus,2000,3.07017993927002
rus,2001,3.1281099319458
rus,2002,3.36351990699768
rus,2003,3.57034993171692
rus,2005,3.84822988510132
rus,2006,3.83493995666504
rus,2007,3.84792995452881
rus,2008,3.9091899394989
rus,2009,3.96809005737305
rus,2011,4.03166007995605
rus,2012,4.04814004898071
rus,2013,4.01233005523682
rus,2014,3.95064997673035
rwa,1971,3.38243007659912
rwa,1972,3.2119300365448
rwa,1973,3.17296004295349
rwa,1974,3.10000991821289
rwa,1975,3.00686001777649
rwa,1976,3.09257006645203
rwa,1977,3.29755997657776
rwa,1978,3.44841003417969
rwa,1979,3.75011992454529
rwa,1980,3.9756600856781
rwa,1981,4.25089979171753
rwa,1982,4.31243991851807
rwa,1983,4.15076017379761
rwa,1984,4.06569004058838
rwa,1985,4.02423000335693
rwa,1986,4.08044004440308
rwa,1987,4.21301984786987
rwa,1988,4.29585981369019
rwa,1989,4.36412000656128
rwa,1990,4.36197996139526
rwa,1991,4.49327993392944
rwa,1992,4.78754997253418
rwa,1997,5.84124994277954
rwa,1998,6.08479022979736
rwa,1999,5.9448299407959
rwa,2000,6.28250980377197
rwa,2001,6.42223978042603
rwa,2002,6.73912000656128
rwa,2003,7.26708984375
rwa,2004,7.81928014755249
rwa,2005,8.22461032867432
rwa,2006,8.90929985046387
rwa,2007,9.04572010040283
rwa,2008,8.7253999710083
rwa,2009,9.01963043212891
rwa,2010,8.80805969238281
rwa,2011,8.72999954223633
rwa,2012,8.65231037139893
rwa,2013,8.52239036560059
rwa,2014,8.10694026947021
sas,1970,2.72009253501892
sas,1971,2.70703554153442
sas,1972,2.78974890708923
sas,1973,2.94632768630981
sas,1974,2.91418433189392
sas,1975,2.96726250648499
sas,1976,2.98946690559387
sas,1977,3.07932662963867
sas,1978,2.95292472839355
sas,1979,2.9846465587616
sas,1980,3.03976702690125
sas,1981,3.134037733078
sas,1982,3.16499185562134
sas,1983,3.22096943855286
sas,1984,3.29923391342163
sas,1985,3.3270902633667
sas,1986,3.44464015960693
sas,1987,3.3987340927124
sas,1988,3.54381775856018
sas,1989,3.61262726783752
sas,1990,3.63597536087036
sas,1991,3.71078085899353
sas,1992,3.75984621047974
sas,1993,3.89438819885254
sas,1994,3.97903370857239
sas,1995,3.99439334869385
sas,1996,4.02404403686523
sas,1997,4.04069089889526
sas,1998,4.01585340499878
sas,1999,4.05903720855713
sas,2000,4.15200471878052
sas,2001,4.17087173461914
sas,2002,4.28665971755981
sas,2003,4.82922220230103
sas,2004,4.92770481109619
sas,2005,5.05462455749512
sas,2006,5.14967823028564
sas,2007,5.26884126663208
sas,2008,5.34773445129395
sas,2009,5.36415815353394
sas,2010,5.38444662094116
sas,2011,5.40090942382813
sas,2012,5.46647071838379
sas,2013,5.63748121261597
sas,2014,5.64418506622314
sau,1979,2.79158997535706
sau,2005,5.5828800201416
sau,2007,5.64607000350952
sau,2008,5.7114200592041
sau,2009,5.79223012924194
sau,2010,5.95842981338501
sau,2011,6.00834989547729
sau,2012,6.21502017974854
sau,2013,6.47043991088867
sau,2014,6.56022977828979
sdn,2001,3.19609999656677
sdn,2002,3.2021598815918
sdn,2003,3.30462002754211
sdn,2004,3.3622899055481
sdn,2005,3.47004008293152
sdn,2006,3.6863100528717
sdn,2007,3.60191988945007
sdn,2008,3.96499991416931
sdn,2009,3.98824000358582
sdn,2010,3.96684002876282
sdn,2011,3.97855997085571
sdn,2012,3.96002006530762
sdn,2013,3.99872994422913
sen,1971,1.83012998104095
sen,1972,1.83851003646851
sen,1973,1.87363994121552
sen,1974,2.03340005874634
sen,1975,2.06463003158569
sen,1976,2.03718996047974
sen,1977,2.05186009407043
sen,1978,2.07891988754272
sen,1979,2.11860990524292
sen,1980,2.154629945755
sen,1981,2.21490001678467
sen,1982,2.28574991226196
sen,1983,2.4125599861145
sen,1984,2.51108002662659
sen,1985,2.59926009178162
sen,1986,2.60720992088318
sen,1987,2.63852000236511
sen,1988,2.73770999908447
sen,1989,2.70542001724243
sen,1990,2.79913997650146
sen,1991,2.78958010673523
sen,1992,2.84210991859436
sen,1993,2.7881600856781
sen,1994,2.84086990356445
sen,1995,2.90277004241943
sen,1996,3.16803002357483
sen,1997,3.39352989196777
sen,1998,3.62580990791321
sen,1999,3.53983998298645
sen,2000,3.81098008155823
sen,2001,3.94280004501343
sen,2002,4.13559007644653
sen,2003,4.29717016220093
sen,2004,4.58366012573242
sen,2005,4.73235988616943
sen,2006,4.7809100151062
sen,2007,5.03400993347168
sen,2008,5.12307977676392
sen,2009,5.14073991775513
sen,2010,5.15662002563477
sen,2011,5.11269998550415
sen,2012,5.14237022399902
sen,2014,5.14134979248047
slb,1970,3.90131998062134
slb,1971,4.18381977081299
slb,1972,4.47054004669189
slb,1973,4.23348999023438
slb,1974,4.26186990737915
slb,1975,4.27302980422974
slb,1976,4.01836013793945
slb,1977,3.98007988929749
slb,1978,3.80553007125854
slb,1979,3.71989011764526
slb,1980,3.85683989524841
slb,1981,3.67480993270874
slb,1982,3.68565988540649
slb,1983,4.06223011016846
slb,1986,4.16723012924194
slb,1990,4.8475399017334
slb,1991,4.93919992446899
slb,1992,5.27125978469849
slb,1993,5.57450008392334
slb,1994,5.82163000106812
slb,1999,5.14152002334595
slb,2000,4.95057010650635
slb,2002,5.49972009658813
slb,2005,6.00910997390747
slb,2006,6.38425016403198
slb,2007,6.46323013305664
slb,2010,7.17289018630981
slb,2011,7.223219871521
slb,2012,7.03316020965576
slb,2013,7.14721012115479
slb,2014,7.04652976989746
sle,1971,2.10553002357483
sle,1972,2.207200050354
sle,1973,2.00943994522095
sle,1974,2.13573002815247
sle,1975,2.17831993103027
sle,1976,2.31467008590698
sle,1977,2.40311002731323
sle,1978,2.43317008018494
sle,1980,3.09980010986328
sle,1981,3.22474002838135
sle,1982,3.3527500629425
sle,1983,3.34740996360779
sle,1984,3.48352003097534
sle,1985,3.68790006637573
sle,1988,3.37602996826172
sle,1989,3.12791991233826
sle,1990,2.9408700466156
sle,1991,2.74130010604858
sle,2000,3.89891004562378
sle,2001,4.11728000640869
sle,2011,7.39520978927612
sle,2012,7.69129991531372
sle,2013,7.78708982467651
slv,1970,4.9378399848938
slv,1971,4.941810131073
slv,1972,4.90783977508545
slv,1973,5.2013897895813
slv,1974,5.33307981491089
slv,1975,5.46863985061646
slv,1976,5.64512014389038
slv,1977,5.71848011016846
slv,1978,5.85952997207642
slv,1979,6.02131986618042
slv,1980,5.60378980636597
slv,1981,4.59322023391724
slv,1982,5.12942981719971
slv,1983,5.56629991531372
slv,1984,5.49517011642456
slv,1987,6.15757989883423
slv,1988,6.26553010940552
slv,1989,6.09466981887817
slv,1991,5.94170999526978
slv,1992,6.13224983215332
slv,1993,6.16484022140503
slv,1995,6.17984008789063
slv,1996,6.59008979797363
slv,1997,6.78964996337891
slv,1998,6.77599000930786
slv,1999,6.68415021896362
slv,2000,6.77408981323242
slv,2001,6.87088012695313
slv,2002,6.89098978042603
slv,2003,7.12954998016357
slv,2004,7.24190998077393
slv,2005,7.32873010635376
slv,2006,7.30314016342163
slv,2007,7.93835020065308
slv,2008,7.18547010421753
slv,2009,7.08494997024536
slv,2010,7.0190601348877
slv,2011,6.92414999008179
slv,2012,6.79948997497559
slv,2013,6.65584993362427
slv,2014,6.50003004074097
smr,2009,4.68029022216797
smr,2010,5.03692007064819
smr,2011,4.57524013519287
smr,2012,4.64463996887207
som,1971,0.228919997811317
som,1972,0.274599999189377
som,1973,0.380930006504059
som,1974,0.518339991569519
som,1976,1.43578004837036
som,1977,1.53959000110626
som,1978,1.42920005321503
som,1979,1.47876000404358
som,1980,1.41600000858307
som,1981,0.931999981403351
som,1982,0.817030012607574
som,1983,0.752789974212646
som,1984,0.778039991855621
som,1985,0.697910010814667
som,1986,0.634419977664948
som,2007,1.24658000469208
srb,1999,4.36298990249634
srb,2000,4.12304019927979
srb,2001,4.09555006027222
srb,2002,4.07310009002686
srb,2003,4.04328012466431
srb,2004,4.06446981430054
srb,2005,4.12884998321533
srb,2006,4.07983016967773
srb,2007,4.03872013092041
srb,2008,4.01327991485596
srb,2009,3.87962007522583
srb,2010,3.8206799030304
srb,2011,4.06475019454956
srb,2012,4.02865982055664
srb,2013,4.04276990890503
srb,2014,4.06537008285522
ssa,1970,2.77885150909424
ssa,1971,2.82774114608765
ssa,1972,2.91710019111633
ssa,1973,2.97281742095947
ssa,1974,3.11178421974182
ssa,1975,3.20759844779968
ssa,1976,3.27520704269409
ssa,1977,3.47735071182251
ssa,1978,3.70031094551086
ssa,1979,3.97091150283813
ssa,1980,4.15218114852905
ssa,1981,4.34881925582886
ssa,1982,4.47455739974976
ssa,1983,4.45659208297729
ssa,1984,4.37621927261353
ssa,1985,4.25760364532471
ssa,1986,4.14957571029663
ssa,1987,4.09563779830933
ssa,1988,4.00442981719971
ssa,1989,4.09286069869995
ssa,1990,4.01072072982788
ssa,1991,4.10860443115234
ssa,1992,4.09325456619263
ssa,1993,4.14165449142456
ssa,1994,4.15706348419189
ssa,1995,4.18233871459961
ssa,1996,4.0937557220459
ssa,1997,4.295578956604
ssa,1998,4.42124366760254
ssa,1999,4.52858543395996
ssa,2000,4.6914496421814
ssa,2001,4.80322027206421
ssa,2002,4.94141149520874
ssa,2003,5.14564037322998
ssa,2004,5.32314348220825
ssa,2005,5.50935411453247
ssa,2006,5.67527961730957
ssa,2007,5.73415994644165
ssa,2008,5.83845376968384
ssa,2009,5.88285541534424
ssa,2010,5.88703060150146
ssa,2011,5.90049695968628
ssa,2012,5.91782999038696
ssa,2013,5.92338228225708
ssa,2014,5.94664859771729
ssd,2011,4.36853981018066
ssf,1970,2.77943515777588
ssf,1971,2.82834672927856
ssf,1972,2.91769075393677
ssf,1973,2.97339653968811
ssf,1974,3.11232590675354
ssf,1975,3.20810842514038
ssf,1976,3.27564668655396
ssf,1977,3.47775650024414
ssf,1978,3.70067453384399
ssf,1979,3.97120022773743
ssf,1980,4.15240049362183
ssf,1981,4.34901714324951
ssf,1982,4.47474479675293
ssf,1983,4.45677852630615
ssf,1984,4.37640571594238
ssf,1985,4.25780916213989
ssf,1986,4.14979934692383
ssf,1987,4.09584951400757
ssf,1988,4.00463056564331
ssf,1989,4.09303903579712
ssf,1990,4.01091480255127
ssf,1991,4.10879039764404
ssf,1992,4.09342813491821
ssf,1993,4.14182090759277
ssf,1994,4.15723943710327
ssf,1995,4.18251514434814
ssf,1996,4.09393644332886
ssf,1997,4.295729637146
ssf,1998,4.42138147354126
ssf,1999,4.528724193573
ssf,2000,4.69157838821411
ssf,2001,4.80332851409912
ssf,2002,4.94150352478027
ssf,2003,5.14571523666382
ssf,2004,5.32319164276123
ssf,2005,5.50940942764282
ssf,2006,5.67532682418823
ssf,2007,5.73420476913452
ssf,2008,5.83849382400513
ssf,2009,5.88289213180542
ssf,2010,5.88707542419434
ssf,2011,5.90054416656494
ssf,2012,5.91786861419678
ssf,2013,5.9234037399292
ssf,2014,5.9466700553894
stp,1971,3.99598002433777
stp,1972,4.91316986083984
stp,1973,5.29222011566162
stp,1977,4.98341989517212
stp,1978,5.37014007568359
stp,1983,6.06865978240967
stp,1984,5.6553897857666
stp,1987,4.68346977233887
stp,1988,5.09186983108521
stp,1990,5.37117004394531
stp,1991,5.66652011871338
stp,1992,6.24846982955933
stp,1996,5.69520998001099
stp,1998,4.64199018478394
stp,1999,6.23450994491577
stp,2002,7.27754020690918
stp,2003,7.44000005722046
stp,2004,7.54744005203247
stp,2005,7.60136985778809
stp,2007,7.63811016082764
stp,2008,7.66577005386353
stp,2009,7.79212999343872
stp,2010,7.55150985717773
stp,2011,7.49997997283936
stp,2012,6.92843008041382
stp,2013,6.94456005096436
stp,2014,6.67792987823486
stp,2015,6.78681993484497
sur,1971,7.38791990280151
sur,1972,7.35448980331421
sur,1973,7.51333999633789
sur,1974,7.70122003555298
sur,1975,7.11952018737793
sur,1976,6.43147993087769
sur,1977,7.34001016616821
sur,1978,7.41731023788452
sur,1979,7.63504981994629
sur,1982,7.74111986160278
sur,1985,8.27418041229248
sur,1986,8.4944896697998
sur,1987,7.72537994384766
sur,1988,7.73300981521606
sur,1989,8.1630802154541
sur,1990,7.67904996871948
sur,1991,6.91229009628296
sur,1992,8.0626802444458
sur,1993,8.25827980041504
sur,1994,9.18169021606445
sur,2001,5.93141984939575
sur,2002,6.01699018478394
sur,2005,6.70013999938965
sur,2006,6.8272500038147
sur,2007,6.56916999816895
sur,2008,6.99287986755371
sur,2009,7.05791997909546
sur,2011,7.0864200592041
sur,2013,6.90011978149414
sur,2014,7.11983013153076
svk,1991,3.98779988288879
svk,1992,4.07488012313843
svk,1993,4.03382015228271
svk,1994,4.04131984710693
svk,1995,4.01080989837646
svk,1996,3.97091007232666
svk,1997,3.93893003463745
svk,1998,4.04595994949341
svk,1999,4.0311598777771
svk,2000,4.05072021484375
svk,2001,4.0081901550293
svk,2002,3.91925001144409
svk,2003,3.8487401008606
svk,2004,3.81008005142212
svk,2005,3.82351994514465
svk,2006,3.91693997383118
svk,2007,4.02878999710083
svk,2008,4.07886981964111
svk,2009,4.06218004226685
svk,2010,4.02370977401733
svk,2011,4.00019979476929
svk,2012,4.028480052948
svk,2013,4.04589986801147
svk,2014,4.04706001281738
svn,1993,3.73776006698608
svn,1994,3.76188993453979
svn,1995,3.86702990531921
svn,1996,3.91905999183655
svn,1997,3.94436001777649
svn,1998,3.95623993873596
svn,1999,3.91656994819641
svn,2000,3.93185997009277
svn,2001,4.04849004745483
svn,2002,4.20982980728149
svn,2003,4.4386100769043
svn,2004,4.91350984573364
svn,2005,4.95657014846802
svn,2006,5.01895999908447
svn,2007,5.81575012207031
svn,2008,5.83912992477417
svn,2009,5.86651992797852
svn,2010,5.88067007064819
svn,2011,5.90336990356445
svn,2012,5.9471001625061
svn,2013,5.95346021652222
svn,2014,5.96544981002808
swe,1971,5.69941997528076
swe,1972,5.80495977401733
swe,1973,5.87440013885498
swe,1974,5.95912981033325
swe,1975,6.05356979370117
swe,1976,6.09578990936279
swe,1977,6.04691982269287
swe,1978,5.94449996948242
swe,1979,5.89811992645264
swe,1980,5.83922004699707
swe,1981,5.79586982727051
swe,1982,5.82080984115601
swe,1983,5.87311983108521
swe,1984,5.88506984710693
swe,1985,5.90995979309082
swe,1986,5.85637998580933
swe,1987,5.88464021682739
swe,1988,5.91161012649536
swe,1989,5.93249988555908
swe,1990,5.97758007049561
swe,1991,5.99315023422241
swe,1992,6.03111982345581
swe,1993,6.25342988967896
swe,1994,6.25438022613525
swe,1995,6.29641008377075
swe,1996,6.28239011764526
swe,1997,6.33862018585205
swe,1998,6.72644996643066
swe,1999,6.67136001586914
swe,2000,6.66021013259888
swe,2001,6.68160009384155
swe,2002,6.63124990463257
swe,2003,6.55706977844238
swe,2004,5.82107019424438
swe,2005,5.73681020736694
swe,2006,5.74170017242432
swe,2007,5.81168985366821
swe,2008,5.93069982528687
swe,2009,5.99515008926392
swe,2010,6.07624006271362
swe,2011,6.01739978790283
swe,2012,6.11366987228394
swe,2013,7.23675012588501
swe,2014,7.26469993591309
swz,1970,5.50198984146118
swz,1971,5.55559015274048
swz,1972,5.73788976669312
swz,1973,5.93533992767334
swz,1974,6.10230016708374
swz,1975,6.150710105896
swz,1976,6.17771005630493
swz,1977,6.2406702041626
swz,1978,6.28314018249512
swz,1979,6.36459016799927
swz,1980,6.24795007705688
swz,1981,6.73705005645752
swz,1982,6.83895015716553
swz,1983,6.84612989425659
swz,1984,6.88161993026733
swz,1985,6.88387012481689
swz,1986,6.78388023376465
swz,1987,6.76712989807129
swz,1988,6.72388982772827
swz,1989,6.68797016143799
swz,1990,6.81107997894287
swz,1991,6.80127000808716
swz,1992,6.8284797668457
swz,1993,6.81886005401611
swz,1994,6.81643009185791
swz,1995,6.89281988143921
swz,1996,6.70830011367798
swz,1997,6.431960105896
swz,1998,6.58363008499146
swz,1999,6.63264989852905
swz,2000,6.58754014968872
swz,2001,6.57183980941772
swz,2002,6.43928003311157
swz,2003,6.53609991073608
swz,2004,6.85734987258911
swz,2005,6.99168014526367
swz,2006,7.29828977584839
swz,2007,7.43349981307983
swz,2009,7.38650989532471
swz,2010,7.71880006790161
swz,2011,7.60595989227295
swz,2012,7.68165016174316
swz,2013,7.63589000701904
syc,1970,6.36143016815186
syc,1971,6.58345985412598
syc,1972,6.65907001495361
syc,1973,6.72996997833252
syc,1974,6.72494983673096
syc,1975,6.6980299949646
syc,1976,6.31606006622314
syc,1977,6.32937002182007
syc,1978,6.30235004425049
syc,1979,6.08693981170654
syc,1980,5.80772018432617
syc,1981,5.88297986984253
syc,1982,5.98265981674194
syc,1983,6.00872993469238
syc,1984,5.98114013671875
syc,1985,6.1004900932312
syc,1986,6.16660022735596
syc,1987,6.01991987228394
syc,1988,5.85562992095947
syc,1989,5.77172994613647
syc,1991,5.98674011230469
syc,1992,5.93009996414185
syc,1993,5.97016000747681
syc,1994,6.14959001541138
syc,1995,6.21670007705688
syc,1996,6.22888994216919
syc,1997,6.12540006637573
syc,1998,6.15126991271973
syc,1999,6.32122993469238
syc,2000,6.4153299331665
syc,2001,6.32629013061523
syc,2002,6.31280994415283
syc,2003,6.31561994552612
syc,2004,6.10872983932495
syc,2005,6.44339990615845
syc,2007,6.5239200592041
syc,2008,6.56710004806519
syc,2009,6.57196998596191
syc,2010,6.7542200088501
syc,2011,6.80862998962402
syc,2012,6.64894008636475
syc,2013,6.33014011383057
syc,2014,6.34275007247925
syr,1971,3.59059000015259
syr,1972,3.87621998786926
syr,1973,4.23327016830444
syr,1974,4.39544010162354
syr,1975,4.48979997634888
syr,1976,4.63247013092041
syr,1977,4.68331003189087
syr,1978,4.69521999359131
syr,1979,4.73705005645752
syr,1980,4.91836977005005
syr,1981,5.02893018722534
syr,1982,5.20221996307373
syr,1983,5.28690004348755
syr,1984,5.46843004226685
syr,1985,5.62181997299194
syr,1986,5.78412008285522
syr,1987,5.99169015884399
syr,1988,5.98208999633789
syr,1989,6.03966999053955
syr,1990,6.00945997238159
syr,1991,6.0934100151062
syr,1992,6.1596999168396
syr,1993,6.13160991668701
syr,1994,6.15020990371704
syr,1995,6.12287998199463
syr,1996,6.09539985656738
syr,1997,6.06826019287109
syr,1998,6.06643009185791
syr,1999,6.10920000076294
syr,2000,6.20106983184814
syr,2001,6.36030006408691
syr,2002,6.49430990219116
syr,2003,4.75532007217407
syr,2004,4.75374984741211
syr,2005,4.77822017669678
syr,2006,4.684730052948
syr,2007,4.65728998184204
syr,2008,4.674880027771
syr,2009,4.69049978256226
syr,2010,4.80207014083862
syr,2011,5.05603981018066
syr,2012,5.13556003570557
syr,2013,3.14723992347717
tcd,1971,0.970659971237183
tcd,1972,0.949240028858185
tcd,1973,0.98701000213623
tcd,1974,0.984130024909973
tcd,1975,1.04866003990173
tcd,1976,1.05402994155884
tcd,1977,1.11623001098633
tcd,1985,1.14532005786896
tcd,1986,1.34396994113922
tcd,1987,1.30891001224518
tcd,1988,1.63855004310608
tcd,1989,1.58491003513336
tcd,1990,1.82527995109558
tcd,1991,1.9206600189209
tcd,1992,2.072350025177
tcd,1993,1.94641995429993
tcd,1994,1.85362005233765
tcd,1995,1.8173600435257
tcd,1996,1.924919962883
tcd,1997,2.27955007553101
tcd,1998,2.60610008239746
tcd,1999,2.78520011901855
tcd,2000,2.99657011032104
tcd,2001,3.19648003578186
tcd,2002,3.41033005714417
tcd,2003,3.55400991439819
tcd,2004,3.58859992027283
tcd,2005,3.4824800491333
tcd,2006,3.46324992179871
tcd,2007,3.4640200138092
tcd,2008,3.88072991371155
tcd,2009,4.10832977294922
tcd,2010,4.19583988189697
tcd,2011,4.75565004348755
tcd,2012,4.87241983413696
tcd,2013,5.39373016357422
tgo,1971,2.52434992790222
tgo,1972,2.83188009262085
tgo,1973,3.03254008293152
tgo,1974,3.22842001914978
tgo,1975,3.39151000976563
tgo,1976,3.76325988769531
tgo,1977,4.10633993148804
tgo,1978,4.57543992996216
tgo,1979,5.01083993911743
tgo,1980,5.26923990249634
tgo,1981,5.11976003646851
tgo,1982,5.20151996612549
tgo,1983,4.90898990631104
tgo,1984,4.3254599571228
tgo,1985,4.04618978500366
tgo,1986,4.03171014785767
tgo,1987,4.14973020553589
tgo,1988,4.17715978622437
tgo,1989,4.41271018981934
tgo,1990,4.55590009689331
tgo,1991,4.82752990722656
tgo,1992,4.59340000152588
tgo,1994,4.60775995254517
tgo,1995,5.19817018508911
tgo,1996,5.52356004714966
tgo,1997,5.74046993255615
tgo,1998,5.72327995300293
tgo,1999,6.30453014373779
tgo,2000,6.0162501335144
tgo,2001,6.1837100982666
tgo,2002,6.35781002044678
tgo,2003,6.26326990127563
tgo,2004,6.26869010925293
tgo,2005,6.2627100944519
tgo,2006,6.51237010955811
tgo,2007,6.22045993804932
tgo,2008,6.30162000656128
tgo,2009,7.00046014785767
tgo,2010,7.37205982208252
tgo,2011,7.25453996658325
tgo,2012,7.43757009506226
tgo,2013,7.6059398651123
tgo,2014,7.42934989929199
tha,1971,5.47749996185303
tha,1972,5.58560991287231
tha,1973,5.46497011184692
tha,1974,5.51560020446777
tha,1975,5.64542007446289
tha,1976,5.61773014068604
tha,1977,5.57823991775513
tha,1978,5.5683798789978
tha,1981,5.72173023223877
tha,1991,6.09278011322021
tha,1992,5.9607400894165
tha,1993,5.90999984741211
tha,1998,5.55892992019653
tha,1999,5.71420001983643
tha,2000,5.76001977920532
tha,2001,5.75247001647949
tha,2002,5.7957501411438
tha,2004,5.8617000579834
tha,2005,5.76403999328613
tha,2006,5.74889993667603
tha,2007,5.76282978057861
tha,2008,5.79311990737915
tha,2009,5.77793979644775
tha,2010,5.68557977676392
tha,2011,5.71599006652832
tha,2012,5.73409986495972
tha,2013,5.75911998748779
tha,2014,6.15276002883911
tjk,1991,3.58049011230469
tjk,1992,3.63359999656677
tjk,1993,3.34750008583069
tjk,1994,3.52603006362915
tjk,1995,3.51978993415833
tjk,1996,3.4542601108551
tjk,1997,3.53796005249023
tjk,1998,3.67518997192383
tjk,1999,3.67186999320984
tjk,2000,3.66817998886108
tjk,2001,3.65048003196716
tjk,2002,3.77679991722107
tjk,2003,3.86618995666504
tjk,2004,3.85342001914978
tjk,2005,3.887540102005
tjk,2006,3.84119009971619
tjk,2007,3.81840991973877
tjk,2008,3.89981007575989
tjk,2009,3.90652990341187
tjk,2010,3.94129991531372
tjk,2011,3.91510009765625
tjk,2012,3.9118800163269
tjk,2013,3.92048001289368
tjk,2014,3.88504004478455
tjk,2015,3.93232011795044
tkm,2014,3.54554009437561
tls,2004,5.86602020263672
tls,2005,5.40681982040405
tls,2008,6.54107999801636
tls,2009,7.06985998153687
tls,2010,7.88124990463257
tls,2011,8.10404968261719
tls,2012,8.11563014984131
tls,2013,8.1717700958252
tls,2014,8.22904968261719
ton,1970,6.55456018447876
ton,1971,5.88826990127563
ton,1972,5.99168014526367
ton,1973,5.759850025177
ton,1974,5.94157981872559
ton,1975,6.81730985641479
ton,1976,6.90585994720459
ton,1977,6.95451021194458
ton,1978,7.23856019973755
ton,1979,7.44950008392334
ton,1981,7.07826995849609
ton,1982,6.8504900932312
ton,1983,6.73741006851196
ton,1984,7.01778984069824
ton,1985,7.11223983764648
ton,1986,7.09531021118164
ton,1990,6.57307004928589
ton,1991,6.3914098739624
ton,1992,6.39870977401733
ton,1993,6.58370018005371
ton,1994,6.56812000274658
ton,1995,6.84060001373291
ton,1996,6.99315023422241
ton,1997,6.84110021591187
ton,1998,6.74000978469849
ton,1999,6.80747985839844
ton,2000,6.36014986038208
ton,2001,6.55305004119873
ton,2002,6.48673009872437
ton,2003,6.78658008575439
ton,2004,6.58976984024048
ton,2005,6.65199995040894
ton,2006,6.59596014022827
ton,2007,6.50614023208618
ton,2008,6.35072994232178
ton,2009,6.42880010604858
ton,2010,6.43498992919922
ton,2011,6.47377014160156
ton,2012,6.59300994873047
ton,2013,6.59859991073608
ton,2014,6.39521980285645
tto,1971,8.15207958221436
tto,1972,8.03396034240723
tto,1973,7.89728021621704
tto,1974,7.77896022796631
tto,1975,7.67953014373779
tto,1976,7.84743976593018
tto,1977,7.75268983840942
tto,1978,7.64309978485107
tto,1979,7.31734991073608
tto,1980,7.10965013504028
tto,1981,7.18325996398926
tto,1982,7.07084989547729
tto,1983,7.12274980545044
tto,1984,6.81853008270264
tto,1985,6.82077980041504
tto,1986,6.70886993408203
tto,1987,6.87274980545044
tto,1988,6.93375015258789
tto,1989,6.83891010284424
tto,1990,6.78911018371582
tto,1991,6.70246982574463
tto,1992,6.66771984100342
tto,1993,6.67037010192871
tto,1994,6.67055988311768
tto,1995,6.73010015487671
tto,1996,6.75319004058838
tto,1997,6.82855987548828
tto,1998,6.99400997161865
tto,1999,7.14273023605347
tto,2000,7.2628698348999
tto,2001,6.99642992019653
tto,2002,6.71190977096558
tto,2003,6.90580987930298
tto,2004,6.9689998626709
tto,2005,6.79502010345459
tto,2007,7.19999980926514
tto,2008,7.26732015609741
tto,2009,7.28072023391724
tto,2010,7.28154993057251
tun,1971,5.08654022216797
tun,1972,4.85328006744385
tun,1973,4.51963996887207
tun,1974,4.35443019866943
tun,1975,4.55792999267578
tun,1976,4.63218021392822
tun,1977,4.78500986099243
tun,1978,4.96222019195557
tun,1979,5.04026985168457
tun,1980,5.15967988967896
tun,1981,5.27476978302002
tun,1982,5.48760986328125
tun,1983,5.79019021987915
tun,1984,6.01556015014648
tun,1985,6.18344020843506
tun,1986,6.35144996643066
tun,1987,6.42487001419067
tun,1988,6.41251993179321
tun,1989,6.28078985214233
tun,1990,6.42364978790283
tun,1991,6.49868011474609
tun,1992,6.52908992767334
tun,1993,6.54438018798828
tun,1994,6.65724992752075
tun,1995,6.65233993530273
tun,1996,6.60020017623901
tun,1997,6.52923011779785
tun,1998,6.56684017181396
tun,1999,6.63910007476807
tun,2000,6.66019010543823
tun,2001,6.68980979919434
tun,2002,6.66423988342285
tun,2003,6.61743021011353
tun,2004,6.55486011505127
tun,2005,6.50294017791748
tun,2006,6.39554023742676
tun,2007,6.19048023223877
tun,2008,6.1447901725769
tun,2009,6.20094013214111
tun,2010,6.30823993682861
tun,2011,6.34813976287842
tun,2012,6.49616003036499
tun,2013,6.56029987335205
tun,2014,6.67684984207153
tur,1971,4.49748992919922
tur,1972,4.57557010650635
tur,1973,4.69397020339966
tur,1974,4.81167984008789
tur,1975,4.76716995239258
tur,1976,4.80083990097046
tur,1977,4.7671799659729
tur,1978,4.65497016906738
tur,1979,4.65427017211914
tur,1981,4.5196099281311
tur,1982,4.63710021972656
tur,1984,5.00878000259399
tur,1985,4.98540019989014
tur,1986,5.02488994598389
tur,1987,4.99871015548706
tur,1988,5.07249021530151
tur,1989,4.93493986129761
tur,1990,4.95987987518311
tur,1991,4.94634008407593
tur,1992,4.94152021408081
tur,1993,4.8261399269104
tur,1994,4.73601007461548
tur,1995,4.72252988815308
tur,1997,4.70625019073486
tur,1999,4.8840799331665
tur,2000,4.89315986633301
tur,2001,5.03738021850586
tur,2002,5.11535978317261
tur,2003,4.98310995101929
tur,2004,5.01038980484009
tur,2005,5.02672004699707
tur,2006,5.03029012680054
tur,2007,5.07091999053955
tur,2008,5.06935977935791
tur,2009,4.97145986557007
tur,2010,5.03749990463257
tur,2011,5.03074979782104
tur,2012,4.89041996002197
tur,2013,4.26064014434814
tuv,2000,6.42228984832764
tuv,2001,6.4113302230835
tuv,2002,5.80530977249146
tuv,2003,5.86186981201172
tuv,2004,5.92394018173218
tuv,2005,5.85794019699097
tuv,2006,5.85773992538452
tuv,2014,5.98450994491577
tza,1970,1.86349999904633
tza,1971,1.94052004814148
tza,1972,2.07709002494812
tza,1973,2.25082993507385
tza,1974,2.4749801158905
tza,1975,3.11726999282837
tza,1976,3.8101499080658
tza,1977,4.39840984344482
tza,1978,5.77053022384644
tza,1979,6.09643983840942
tza,1980,6.28430986404419
tza,1981,6.93666982650757
tza,1982,6.78995990753174
tza,1983,6.75939989089966
tza,1984,5.98831987380981
tza,1985,5.66434001922607
tza,1986,5.49174976348877
tza,1987,5.29665994644165
tza,1988,5.13113021850586
tza,1989,5.09652996063232
tza,1990,5.14122009277344
tza,1991,5.16900014877319
tza,1992,5.08893013000488
tza,1993,5.1237998008728
tza,1994,5.05712985992432
tza,1995,5.01670980453491
tza,1996,4.96146011352539
tza,1997,4.98733997344971
tza,1998,4.83575010299683
tza,1999,4.90605020523071
tza,2000,4.91142988204956
tza,2001,5.31403017044067
tza,2002,6.19081020355225
tza,2003,6.53049993515015
tza,2004,6.88908004760742
tza,2005,7.15944004058838
tza,2006,7.40775012969971
tza,2007,7.58041000366211
tza,2008,7.66372013092041
tza,2009,7.26106023788452
tza,2010,7.03877019882202
tza,2012,6.3987398147583
tza,2013,6.16377019882202
uga,1970,2.15105009078979
uga,1971,2.28003001213074
uga,1972,2.2316300868988
uga,1974,2.41722989082336
uga,1975,2.5575098991394
uga,1976,2.70770001411438
uga,1977,2.89568996429443
uga,1978,2.99285006523132
uga,1979,3.14124989509583
uga,1980,3.14706993103027
uga,1981,3.434730052948
uga,1982,3.8396999835968
uga,1983,3.86581993103027
uga,1984,4.18376016616821
uga,1985,4.49749994277954
uga,1986,4.79126977920532
uga,1987,4.65081977844238
uga,1988,4.57987022399902
uga,1989,4.37446022033691
uga,1990,4.39864015579224
uga,1991,4.45947980880737
uga,1992,3.92422008514404
uga,1993,4.24574995040894
uga,1994,4.65019989013672
uga,1995,4.46482992172241
uga,1996,4.61659002304077
uga,1997,7.75429010391235
uga,1998,8.31558990478516
uga,1999,8.73933029174805
uga,2000,9.359450340271
uga,2001,9.64004039764404
uga,2002,10.0265998840332
uga,2003,10.0224895477295
uga,2004,9.38376998901367
uga,2005,8.91804981231689
uga,2006,8.84949970245361
uga,2007,8.76805973052979
uga,2008,8.97227001190186
uga,2009,9.04804039001465
uga,2010,8.82454013824463
uga,2011,8.18902015686035
uga,2013,7.96062994003296
ukr,1993,3.53267002105713
ukr,1994,3.57851004600525
ukr,1998,3.56118988990784
ukr,1999,3.49095010757446
ukr,2000,3.44894003868103
ukr,2001,3.62822008132935
ukr,2002,3.76465010643005
ukr,2003,3.80177998542786
ukr,2004,3.76770997047424
ukr,2005,4.13018989562988
ukr,2006,3.91970992088318
ukr,2007,3.86097002029419
ukr,2008,3.86267995834351
ukr,2009,3.91911005973816
ukr,2010,4.09332990646362
ukr,2011,4.28178977966309
ukr,2012,4.36462020874023
ukr,2013,4.40088987350464
ukr,2014,4.28485012054443
umc,1973,5.00069808959961
umc,1974,5.11420297622681
umc,1975,5.41726446151733
umc,1976,5.54621839523315
umc,1977,5.43931865692139
umc,1978,5.26927757263184
umc,1979,5.22561597824097
umc,1980,5.26745748519897
umc,1981,5.29184198379517
umc,1982,5.25694274902344
umc,1983,5.2383394241333
umc,1984,5.27300405502319
umc,1985,5.39629983901978
umc,1986,5.56004428863525
umc,1987,5.61882972717285
umc,1988,5.76056146621704
umc,1989,5.75460052490234
umc,1990,5.7846794128418
umc,1991,5.77128171920776
umc,1992,5.75669813156128
umc,1993,5.69077062606812
umc,1994,5.62177705764771
umc,1995,5.58101606369019
umc,1996,5.51172924041748
umc,1997,5.45645093917847
umc,1998,5.41300249099731
umc,1999,5.47121620178223
umc,2000,5.50677633285522
umc,2001,5.54760217666626
umc,2002,5.59895896911621
umc,2003,5.66709518432617
umc,2004,5.76043510437012
umc,2005,5.85083150863647
umc,2006,5.89110469818115
umc,2007,5.99189567565918
umc,2008,6.08049583435059
umc,2009,6.08888053894043
umc,2010,6.04074096679688
umc,2011,6.02135372161865
umc,2012,6.01470041275024
umc,2013,6.05705833435059
umc,2014,5.91904544830322
ury,1970,6.55018997192383
ury,1971,6.8073902130127
ury,1972,6.67858982086182
ury,1973,6.81835985183716
ury,1974,6.40631008148193
ury,1975,6.34599018096924
ury,1976,6.47101020812988
ury,1977,6.53690004348755
ury,1978,6.78641986846924
ury,1979,6.40805006027222
ury,1980,6.39066982269287
ury,1981,7.27454996109009
ury,1983,6.38743019104004
ury,1984,6.42033004760742
ury,1985,6.37293004989624
ury,1986,6.32160997390747
ury,1987,6.31230020523071
ury,1988,6.32694005966187
ury,1989,6.4029598236084
ury,1990,6.47351980209351
ury,1991,6.41520977020264
ury,1992,6.44211006164551
ury,1993,6.48485994338989
ury,1994,6.4647102355957
ury,1995,6.47650003433228
ury,1996,6.50448989868164
ury,1997,6.79107999801636
ury,1998,6.73078012466431
ury,1999,6.68927001953125
ury,2000,6.53927993774414
ury,2001,6.47178983688354
ury,2002,6.56362009048462
ury,2003,6.5957498550415
ury,2004,6.65107011795044
ury,2005,6.72686004638672
ury,2006,6.7934398651123
ury,2007,6.74538993835449
ury,2008,6.69736003875732
ury,2009,6.65673017501831
ury,2010,6.59110021591187
ury,2013,6.48032999038696
usa,1981,5.98902988433838
usa,1982,6.08164978027344
usa,1983,5.94315004348755
usa,1984,5.91534996032715
usa,1985,5.95024013519287
usa,1986,6.02360010147095
usa,1987,6.04106998443604
usa,1990,6.31418991088867
usa,1991,6.22940015792847
usa,1993,6.12986993789673
usa,1994,6.12643003463745
usa,1995,6.20750999450684
usa,1996,6.20248985290527
usa,1998,6.32926988601685
usa,1999,6.31229019165039
usa,2000,6.10943984985352
usa,2001,6.1789698600769
usa,2002,6.06861019134521
usa,2003,6.04552984237671
usa,2004,5.9853401184082
usa,2005,6.00466012954712
usa,2006,6.11069011688232
usa,2007,6.15001010894775
usa,2008,6.20317983627319
usa,2009,6.15035009384155
usa,2010,6.00417995452881
usa,2011,6.00643014907837
usa,2012,5.92607021331787
usa,2013,5.9361400604248
usa,2014,5.95546007156372
uzb,1981,3.23336005210876
uzb,1986,3.43886995315552
uzb,1989,3.27760004997253
uzb,1990,3.28535008430481
uzb,1991,3.28507995605469
uzb,1992,3.07767009735107
uzb,1993,3.08495998382568
uzb,1994,3.09236001968384
uzb,1995,3.03165006637573
uzb,1996,3.86112999916077
uzb,1997,3.89619994163513
uzb,1998,3.88410997390747
uzb,1999,3.949049949646
uzb,2000,4.0368800163269
uzb,2001,4.1021900177002
uzb,2002,4.11138010025024
uzb,2003,4.13575983047485
uzb,2004,4.11288022994995
uzb,2005,4.10459995269775
uzb,2006,4.03472995758057
uzb,2007,3.94144010543823
uzb,2008,3.87840008735657
uzb,2009,3.82254004478455
uzb,2010,3.83511996269226
uzb,2011,3.82863998413086
vct,1971,9.45538997650146
vct,1972,11.4805898666382
vct,1974,7.06616020202637
vct,1975,6.81993007659912
vct,1976,7.12837982177734
vct,1982,7.15705013275146
vct,1984,7.61137008666992
vct,1986,8.66814994812012
vct,1987,8.02676963806152
vct,1991,7.87255001068115
vct,1994,7.98624992370605
vct,1998,8.05387020111084
vct,1999,8.07264041900635
vct,2000,8.01723957061768
vct,2001,8.09605979919434
vct,2002,7.83881998062134
vct,2003,8.22095012664795
vct,2004,7.81119012832642
vct,2005,7.86421012878418
vct,2007,7.45370006561279
vct,2008,7.27547979354858
vct,2009,7.20359992980957
vct,2010,7.11602020263672
vct,2011,6.89011001586914
vct,2012,7.22755002975464
vct,2013,7.18159008026123
vct,2014,7.21411991119385
ven,1971,5.33917999267578
ven,1972,5.29591989517212
ven,1973,5.24989986419678
ven,1974,5.17440986633301
ven,1975,5.23307991027832
ven,1976,5.46342992782593
ven,1977,5.64088010787964
ven,1978,5.87457990646362
ven,1979,6.02488994598389
ven,1980,6.19771003723145
ven,1983,6.60216999053955
ven,1984,6.46259021759033
ven,1985,6.4894700050354
ven,1986,6.48504018783569
ven,1987,6.40172004699707
ven,1988,6.35775995254517
ven,1989,6.32390022277832
ven,1991,6.51386022567749
ven,1992,6.57311010360718
ven,1993,6.44434976577759
ven,1996,5.88050985336304
ven,1997,5.90527009963989
ven,1999,5.84163999557495
ven,2000,5.92793989181519
ven,2001,6.08722019195557
ven,2002,6.22348022460938
ven,2003,6.11536979675293
ven,2004,6.11491012573242
ven,2005,6.10720014572144
ven,2006,6.09292984008789
ven,2007,6.19510984420776
ven,2008,6.03554010391235
ven,2009,6.0529899597168
ven,2010,6.01405000686646
ven,2011,6.01038980484009
ven,2012,6.03400993347168
ven,2013,6.08304977416992
ven,2014,5.98769998550415
vnm,1976,5.49756002426147
vnm,1977,5.69875001907349
vnm,1978,5.3214898109436
vnm,1979,5.04896020889282
vnm,1980,5.32643985748291
vnm,1981,5.16302013397217
vnm,1985,5.05460977554321
vnm,1986,5.06117010116577
vnm,1991,5.27234983444214
vnm,1995,5.60909986495972
vnm,1998,5.54510021209717
vnm,1999,5.35566997528076
vnm,2000,5.29890012741089
vnm,2001,5.15486001968384
vnm,2002,4.97864007949829
vnm,2003,4.84351015090942
vnm,2004,4.76890993118286
vnm,2005,4.73040008544922
vnm,2006,4.79735994338989
vnm,2007,4.87415981292725
vnm,2009,5.02101993560791
vnm,2010,5.11575984954834
vnm,2011,5.19688987731934
vnm,2012,5.35620021820068
vnm,2013,5.30321979522705
vnm,2014,5.43263006210327
vut,1970,6.72535991668701
vut,1971,7.00559997558594
vut,1972,6.73509979248047
vut,1973,6.73030996322632
vut,1974,6.68690013885498
vut,1975,6.64467000961304
vut,1976,6.64468002319336
vut,1977,6.63250017166138
vut,1978,6.69485998153687
vut,1979,6.78121995925903
vut,1980,6.87484979629517
vut,1981,6.81833982467651
vut,1989,6.17547988891602
vut,1990,5.75852012634277
vut,1991,5.66086006164551
vut,1992,5.80215978622437
vut,1993,6.54737997055054
vut,1994,6.49638986587524
vut,1997,6.62367010116577
vut,1998,7.11644983291626
vut,1999,7.08150005340576
vut,2000,7.21858978271484
vut,2001,7.29419994354248
vut,2002,7.36625003814697
vut,2003,7.61995983123779
vut,2004,7.33249998092651
vut,2005,7.0727801322937
vut,2006,6.75869989395142
vut,2007,6.78737020492554
vut,2008,6.94785022735596
vut,2009,6.8683500289917
vut,2010,7.40848016738892
vut,2013,7.57547998428345
wld,1970,4.1974081993103
wld,1971,4.19366645812988
wld,1972,4.23101663589478
wld,1973,4.3495569229126
wld,1974,4.39326763153076
wld,1975,4.55063724517822
wld,1976,4.63103103637695
wld,1977,4.62343072891235
wld,1978,4.5554838180542
wld,1979,4.56809377670288
wld,1980,4.63341093063354
wld,1981,4.68682384490967
wld,1982,4.70018196105957
wld,1983,4.70022392272949
wld,1984,4.72029209136963
wld,1985,4.75115156173706
wld,1986,4.82010841369629
wld,1987,4.82161855697632
wld,1988,4.89553785324097
wld,1989,4.90912532806396
wld,1990,4.89419221878052
wld,1991,4.92400503158569
wld,1992,4.92246675491333
wld,1993,4.94141530990601
wld,1994,4.95154666900635
wld,1995,4.93941211700439
wld,1996,4.91850996017456
wld,1997,4.93743658065796
wld,1998,4.93179368972778
wld,1999,4.97585535049438
wld,2000,5.02563571929932
wld,2001,5.06425285339355
wld,2002,5.12901735305786
wld,2003,5.32946586608887
wld,2004,5.41483736038208
wld,2005,5.52425336837769
wld,2006,5.5923056602478
wld,2007,5.67599010467529
wld,2008,5.74793577194214
wld,2009,5.77424621582031
wld,2010,5.78630781173706
wld,2011,5.79595947265625
wld,2012,5.8241605758667
wld,2013,5.8756685256958
wld,2014,5.83922958374023
wsm,1970,4.89440011978149
wsm,1971,4.67292976379395
wsm,1972,5.01237010955811
wsm,1973,5.26468992233276
wsm,1975,5.94851016998291
wsm,1976,5.73074007034302
wsm,1977,5.83507013320923
wsm,1978,5.87811994552612
wsm,1979,6.0746898651123
wsm,1980,5.92718982696533
wsm,1981,5.89758014678955
wsm,1982,5.87065982818604
wsm,1983,5.9425802230835
wsm,1986,6.26160001754761
wsm,1994,6.02599000930786
wsm,1995,6.09613990783691
wsm,1996,6.03663015365601
wsm,1997,6.08429002761841
wsm,1998,6.09816980361938
wsm,1999,5.79335021972656
wsm,2000,5.88098001480103
wsm,2001,6.11786985397339
wsm,2002,6.33344984054565
wsm,2003,6.4655499458313
wsm,2004,6.57226991653442
wsm,2005,6.58635997772217
wsm,2006,6.52515983581543
wsm,2007,6.52157020568848
wsm,2009,6.32155990600586
wsm,2010,6.63428020477295
wsm,2011,6.43513011932373
wsm,2012,6.3446798324585
wsm,2014,6.42174005508423
yem,1999,3.16561007499695
yem,2001,3.52909994125366
yem,2002,3.72645998001099
yem,2003,4.02962017059326
yem,2004,4.25449991226196
yem,2005,4.50017976760864
yem,2008,4.76890993118286
yem,2010,4.90436983108521
yem,2011,5.1521201133728
yem,2012,5.14682006835938
yem,2013,5.37962007522583
zaf,1970,7.21198987960815
zaf,1986,5.409019947052
zaf,1987,5.52241992950439
zaf,1988,5.57563018798828
zaf,1989,7.36307001113892
zaf,1990,7.42906999588013
zaf,1991,7.66170978546143
zaf,1994,8.0478401184082
zaf,1995,8.23880004882813
zaf,1997,7.93092012405396
zaf,1998,7.8823299407959
zaf,1999,7.79930019378662
zaf,2000,7.2494797706604
zaf,2001,7.25170993804932
zaf,2002,7.30715990066528
zaf,2003,7.31290006637573
zaf,2004,7.30038976669312
zaf,2005,7.20871019363403
zaf,2006,7.18984985351563
zaf,2007,7.29385995864868
zaf,2008,7.22460985183716
zaf,2009,7.09875011444092
zaf,2010,6.94975996017456
zaf,2011,6.81642007827759
zaf,2012,6.78227996826172
zaf,2013,6.75457000732422
zaf,2014,6.80881977081299
zmb,1970,5.55604982376099
zmb,1971,5.66861009597778
zmb,1972,5.84153985977173
zmb,1973,5.83260011672974
zmb,1974,5.95264005661011
zmb,1975,5.85370016098022
zmb,1976,6.00857019424438
zmb,1977,6.02819013595581
zmb,1978,6.02501010894775
zmb,1979,6.03248977661133
zmb,1980,6.10328006744385
zmb,1981,6.09687995910645
zmb,1982,6.15039014816284
zmb,1983,6.32019996643066
zmb,1984,6.4575400352478
zmb,1985,6.47786998748779
zmb,1986,6.61180019378662
zmb,1988,6.43246984481812
zmb,1994,5.84252977371216
zmb,1995,5.69820022583008
zmb,1996,5.42615985870361
zmb,1998,5.39442014694214
zmb,1999,5.24131011962891
zmb,2000,5.2685399055481
zmb,2001,5.27609014511108
zmb,2002,5.49634981155396
zmb,2004,6.95796012878418
zmb,2005,7.75718021392822
zmb,2006,8.00545978546143
zmb,2007,8.07793045043945
zmb,2008,8.2154598236084
zmb,2009,7.82798004150391
zmb,2010,7.85722017288208
zmb,2011,7.84836006164551
zmb,2012,7.89750003814697
zmb,2013,7.46576976776123
zwe,1970,4.57703018188477
zwe,1971,4.19370985031128
zwe,1972,4.38078022003174
zwe,1973,4.42418003082275
zwe,1974,4.54122018814087
zwe,1975,4.57879018783569
zwe,1976,4.55940008163452
zwe,1977,4.49836015701294
zwe,1978,4.0493597984314
zwe,1979,3.92106008529663
zwe,1981,7.73740005493164
zwe,1982,8.26568984985352
zwe,1983,8.549880027771
zwe,1984,8.70893955230713
zwe,1985,8.58942031860352
zwe,1986,8.64144992828369
zwe,1987,7.81962013244629
zwe,1988,7.43601989746094
zwe,1989,7.31943988800049
zwe,1990,6.7897801399231
zwe,1991,7.03090000152588
zwe,1992,6.9653902053833
zwe,1995,7.16787004470825
zwe,1996,7.11720991134644
zwe,1998,7.03080987930298
zwe,1999,6.92243003845215
zwe,2000,6.91948986053467
zwe,2001,7.12751007080078
zwe,2002,6.77281999588013
zwe,2003,6.68869018554688
zwe,2012,7.24287986755371
zwe,2013,7.08736991882324
