country,year,sp_prm_totl_in
abw,1970,9212
abw,1971,9192
abw,1972,9106
abw,1973,8914
abw,1974,8601
abw,1975,8160
abw,1976,7623
abw,1977,7279
abw,1978,6972
abw,1979,6682
abw,1980,6384
abw,1981,6045
abw,1982,5732
abw,1983,5512
abw,1984,5373
abw,1985,5313
abw,1986,5310
abw,1987,5452
abw,1988,5586
abw,1989,5724
abw,1990,5891
abw,1991,6075
abw,1992,6285
abw,1993,6573
abw,1994,6885
abw,1995,7157
abw,1996,7356
abw,1997,7615
abw,1998,7862
abw,1999,8107
abw,2000,8360
abw,2001,8625
abw,2002,8865
abw,2003,9062
abw,2004,9189
abw,2005,9203
abw,2006,9095
abw,2007,8979
abw,2008,8854
abw,2009,8740
abw,2010,8667
abw,2011,8660
abw,2012,8541
abw,2013,8443
abw,2014,8367
abw,2015,8297
abw,2016,8203
afg,1970,1725127
afg,1971,1778724
afg,1972,1838067
afg,1973,1899306
afg,1974,1956507
afg,1975,2078092
afg,1976,2127789
afg,1977,2175721
afg,1978,2213337
afg,1979,2230934
afg,1980,2143152
afg,1981,2110981
afg,1982,2066943
afg,1983,2018770
afg,1984,1974961
afg,1985,1940257
afg,1986,1921010
afg,1987,1921588
afg,1988,1945177
afg,1989,1995009
afg,1990,2068758
afg,1991,2188972
afg,1992,2348094
afg,1993,2524680
afg,1994,2692937
afg,1995,2837598
afg,1996,2957414
afg,1997,3053633
afg,1998,3140972
afg,1999,3238098
afg,2000,3355122
afg,2001,3484415
afg,2002,3638854
afg,2003,3809645
afg,2004,3981772
afg,2005,4145879
afg,2006,4330571
afg,2007,4506677
afg,2008,4673236
afg,2009,4837973
afg,2010,5003108
afg,2011,5147012
afg,2012,5294796
afg,2013,5438826
afg,2014,5564280
afg,2015,5661298
ago,1970,719949
ago,1971,739640
ago,1972,760525
ago,1973,780839
ago,1974,799397
ago,1975,815414
ago,1976,841817
ago,1977,869585
ago,1978,897741
ago,1979,925867
ago,1980,953354
ago,1981,994355
ago,1982,1038862
ago,1983,1083562
ago,1984,1124889
ago,1985,1160164
ago,1986,1202022
ago,1987,1239515
ago,1988,1272345
ago,1989,1302136
ago,1990,1330368
ago,1991,1376520
ago,1992,1426358
ago,1993,1476191
ago,1994,1522272
ago,1995,1561997
ago,1996,1613652
ago,1997,1664072
ago,1998,1712573
ago,1999,1759736
ago,2000,1805669
ago,2001,1872801
ago,2002,1946779
ago,2003,2024233
ago,2004,2101389
ago,2005,2174887
ago,2006,2262027
ago,2007,3382370
ago,2008,3511678
ago,2009,3640092
ago,2010,3764502
ago,2011,3905704
ago,2012,4052028
ago,2013,4198802
ago,2014,4340588
ago,2015,4472585
ago,2016,4617865
alb,1970,236281
alb,1971,240853
alb,1972,245276
alb,1973,247608
alb,1974,247903
alb,1975,246996
alb,1976,246107
alb,1977,246227
alb,1978,247519
alb,1979,250048
alb,1980,253209
alb,1981,256050
alb,1982,258380
alb,1983,260091
alb,1984,261339
alb,1985,262645
alb,1986,264507
alb,1987,267874
alb,1988,271976
alb,1989,276018
alb,1990,278944
alb,1991,280049
alb,1992,281858
alb,1993,282472
alb,1994,282472
alb,1995,282336
alb,1996,281822
alb,1997,279670
alb,1998,277689
alb,1999,274746
alb,2000,270406
alb,2001,265026
alb,2002,259556
alb,2003,252784
alb,2004,244445
alb,2005,234522
alb,2006,223309
alb,2007,212048
alb,2008,200417
alb,2009,242093
alb,2010,227021
alb,2011,211814
alb,2012,197183
alb,2013,184532
alb,2014,173994
alb,2015,165674
alb,2016,159473
and,1970,2848
and,1971,2800
and,1972,2758
and,1973,2686
and,1974,2585
and,1975,2466
and,1976,2354
and,1977,2535
and,1978,2857
and,1979,3215
and,1980,3498
and,1981,3609
and,1982,3360
and,1983,3019
and,1984,2924
and,1985,3034
and,1986,3274
and,1987,3249
and,1988,3227
and,1989,3215
and,1990,3223
and,1991,3255
and,1992,3223
and,1993,3214
and,1994,3221
and,1995,3236
and,1996,3260
and,1997,3919
and,1998,3898
arb,1970,21989940
arb,1971,22556852
arb,1972,23104148
arb,1973,23672008
arb,1974,24243620
arb,1975,24801440
arb,1976,25327400
arb,1977,25944620
arb,1978,26595876
arb,1979,27253000
arb,1980,27851668
arb,1981,28457280
arb,1982,29082324
arb,1983,29786454
arb,1984,30557414
arb,1985,31376920
arb,1986,32209878
arb,1987,33082382
arb,1988,33994996
arb,1989,34930576
arb,1990,34570660
arb,1991,36043760
arb,1992,36899800
arb,1993,37728052
arb,1994,38484020
arb,1995,39118568
arb,1996,39586804
arb,1997,39965776
arb,1998,40281988
arb,1999,40421648
arb,2000,40597504
arb,2001,40768480
arb,2002,40920324
arb,2003,40173536
arb,2004,40335432
arb,2005,42146904
arb,2006,42269064
arb,2007,42393496
arb,2008,42598524
arb,2009,42294796
arb,2010,42736332
arb,2011,43260988
arb,2012,43947584
arb,2013,44744228
arb,2014,46509624
are,1970,24825
are,1971,27838
are,1972,30470
are,1973,34564
are,1974,40074
are,1975,46951
are,1976,54947
are,1977,61001
are,1978,68416
are,1979,77333
are,1980,87859
are,1981,100033
are,1982,111339
are,1983,121775
are,1984,132166
are,1985,143685
are,1986,157386
are,1987,168995
are,1988,178745
are,1989,187667
are,1990,197033
are,1991,207997
are,1992,220783
are,1993,232918
are,1994,243292
are,1995,250216
are,1996,252929
are,1997,260390
are,1998,272382
are,1999,287152
are,2000,303030
are,2001,319563
are,2002,310155
are,2003,250601
are,2004,246019
are,2005,249090
are,2006,261714
are,2007,275519
are,2008,293907
are,2009,312599
are,2010,327572
are,2011,338051
are,2012,358909
are,2013,373016
are,2014,384003
are,2015,396211
arg,1970,3204737
arg,1971,3237171
arg,1972,3270136
arg,1973,3302861
arg,1974,3334178
arg,1975,3363839
arg,1976,3401338
arg,1977,3446513
arg,1978,3503198
arg,1979,3575360
arg,1980,3665103
arg,1981,3767184
arg,1982,3894551
arg,1983,4041295
arg,1984,4197069
arg,1985,4351272
arg,1986,4504479
arg,1987,4613464
arg,1988,4670862
arg,1989,4683784
arg,1990,4659650
arg,1991,4623697
arg,1992,4600834
arg,1993,4603833
arg,1994,4627971
arg,1995,4669419
arg,1996,4714417
arg,1997,4759775
arg,1998,4130927
arg,1999,4156558
arg,2000,4175878
arg,2001,4193190
arg,2002,4199074
arg,2003,4193656
arg,2004,4178697
arg,2005,4160123
arg,2006,4147188
arg,2007,4148772
arg,2008,4165666
arg,2009,4197413
arg,2010,4238505
arg,2011,4279726
arg,2012,4311588
arg,2013,4333651
arg,2014,4345989
arg,2015,4351532
arg,2016,4361114
arm,1970,215175
arm,1971,217349
arm,1972,218391
arm,1973,215418
arm,1974,208299
arm,1975,198899
arm,1976,189882
arm,1977,182408
arm,1978,177664
arm,1979,176479
arm,1980,177942
arm,1981,180299
arm,1982,182445
arm,1983,184565
arm,1984,186373
arm,1985,188220
arm,1986,190566
arm,1987,194113
arm,1988,199635
arm,1989,206182
arm,1990,212289
arm,1991,216528
arm,1992,216935
arm,1993,215598
arm,1994,280892
arm,1995,277543
arm,1996,274407
arm,1997,204188
arm,1998,199532
arm,1999,192386
arm,2000,183003
arm,2001,172467
arm,2002,162613
arm,2003,152474
arm,2004,142320
arm,2005,132715
arm,2006,124348
arm,2007,117590
arm,2008,113284
arm,2009,111790
arm,2015,146800
arm,2016,148324
atg,1970,11941
atg,1971,11976
atg,1972,12006
atg,1973,12092
atg,1974,12220
atg,1975,12374
atg,1976,12515
atg,1977,12545
atg,1978,12523
atg,1979,12425
atg,1980,12220
atg,1981,11898
atg,1982,11445
atg,1983,10824
atg,1984,10101
atg,1985,9359
atg,1986,8701
atg,1987,8102
atg,1988,7842
atg,1989,7916
atg,1990,8301
atg,1991,8917
atg,1992,9285
atg,1993,9565
atg,1994,9748
atg,1995,9828
atg,1996,9846
atg,1997,9909
atg,1998,10077
atg,1999,10291
atg,2000,10493
atg,2001,10660
atg,2002,10651
atg,2003,10728
atg,2004,10860
atg,2005,11008
atg,2006,11128
atg,2007,11090
atg,2008,11038
atg,2009,10969
atg,2010,10883
atg,2011,10782
atg,2012,10678
atg,2013,10574
atg,2014,10475
atg,2015,10383
atg,2016,10301
aus,1970,1513244
aus,1971,1521278
aus,1972,1526349
aus,1973,1527427
aus,1974,1524407
aus,1975,1517983
aus,1976,1511320
aus,1977,1513621
aus,1978,1524155
aus,1979,1540951
aus,1980,1558858
aus,1981,1571519
aus,1982,1568634
aus,1983,1550257
aus,1984,1518005
aus,1985,1478936
aus,1986,1449805
aus,1987,1438270
aus,1988,1443935
aus,1989,1465303
aus,1990,1496079
aus,1991,1521554
aus,1992,1539688
aus,1993,1551199
aus,1994,1557168
aus,1995,1819261
aus,1996,1828076
aus,1997,1842348
aus,1998,1860522
aus,1999,1880521
aus,2000,1899544
aus,2001,1909587
aus,2002,1911775
aus,2003,1907497
aus,2004,1898867
aus,2005,1889791
aus,2006,1882189
aus,2007,1879753
aus,2008,1882612
aus,2009,1891125
aus,2010,1906281
aus,2011,1926646
aus,2012,1956838
aus,2013,1996598
aus,2014,2044324
aus,2015,2094332
aus,2016,2154284
aut,1970,507198
aut,1971,514298
aut,1972,519842
aut,1973,521852
aut,1974,519907
aut,1975,514118
aut,1976,505198
aut,1977,494820
aut,1978,479430
aut,1979,459443
aut,1980,436902
aut,1981,414806
aut,1982,395172
aut,1983,378138
aut,1984,364518
aut,1985,354186
aut,1986,346303
aut,1987,339227
aut,1988,337409
aut,1989,340963
aut,1990,347932
aut,1991,354980
aut,1992,363864
aut,1993,369844
aut,1994,372093
aut,1995,372016
aut,1996,372528
aut,1997,370926
aut,1998,371314
aut,1999,374090
aut,2000,377978
aut,2001,380568
aut,2002,381193
aut,2003,377637
aut,2004,369740
aut,2005,359292
aut,2006,349389
aut,2007,341255
aut,2008,334855
aut,2009,330800
aut,2010,328545
aut,2011,326778
aut,2012,324459
aut,2013,322159
aut,2014,320049
aut,2015,318361
aut,2016,317419
aze,1970,484285
aze,1971,492159
aze,1972,499923
aze,1973,500868
aze,1974,493966
aze,1975,481625
aze,1976,467813
aze,1977,453917
aze,1978,440669
aze,1979,429040
aze,1980,419000
aze,1981,409978
aze,1982,404338
aze,1983,402051
aze,1984,403070
aze,1985,406591
aze,1986,411359
aze,1987,418487
aze,1988,428015
aze,1989,441158
aze,1990,457311
aze,1991,474875
aze,1992,489228
aze,1993,505131
aze,1994,521655
aze,1995,537222
aze,1996,739655
aze,1997,751560
aze,1998,755513
aze,1999,723982
aze,2000,720249
aze,2001,701753
aze,2002,680128
aze,2003,660670
aze,2004,624099
aze,2005,594698
aze,2006,570656
aze,2007,540583
aze,2008,527994
aze,2009,515672
aze,2010,513587
aze,2011,505132
aze,2012,501738
aze,2013,495756
aze,2014,488128
aze,2015,516989
bdi,1970,627659
bdi,1971,640074
bdi,1972,653026
bdi,1973,578147
bdi,1974,586559
bdi,1975,592799
bdi,1976,595917
bdi,1977,598385
bdi,1978,602923
bdi,1979,608794
bdi,1980,614602
bdi,1981,618854
bdi,1982,628202
bdi,1983,643220
bdi,1984,664318
bdi,1985,690864
bdi,1986,722103
bdi,1987,761077
bdi,1988,802969
bdi,1989,845012
bdi,1990,885376
bdi,1991,922194
bdi,1992,967665
bdi,1993,1014003
bdi,1994,1059054
bdi,1995,1099808
bdi,1996,1133428
bdi,1997,1164195
bdi,1998,1191862
bdi,1999,1216409
bdi,2000,1238519
bdi,2001,1257851
bdi,2002,1267571
bdi,2003,1280656
bdi,2004,1296199
bdi,2005,1311448
bdi,2006,1324341
bdi,2007,1339487
bdi,2008,1357448
bdi,2009,1379750
bdi,2010,1407199
bdi,2011,1440486
bdi,2012,1485947
bdi,2013,1540557
bdi,2014,1603621
bdi,2015,1674243
bdi,2016,1751148
bel,1970,946435
bel,1971,948804
bel,1972,948595
bel,1973,942579
bel,1974,930484
bel,1975,912581
bel,1976,890632
bel,1977,868109
bel,1978,847856
bel,1979,830247
bel,1980,815495
bel,1981,802898
bel,1982,789624
bel,1983,775668
bel,1984,761881
bel,1985,749122
bel,1986,738055
bel,1987,728884
bel,1988,722499
bel,1989,719196
bel,1990,719117
bel,1991,721707
bel,1992,724219
bel,1993,726804
bel,1994,729240
bel,1995,731332
bel,1996,733365
bel,1997,733566
bel,1998,734323
bel,1999,735732
bel,2000,737876
bel,2001,740484
bel,2002,742397
bel,2003,741553
bel,2004,737403
bel,2005,729644
bel,2006,719567
bel,2007,712512
bel,2008,708103
bel,2009,706704
bel,2010,708620
bel,2011,713317
bel,2012,718812
bel,2013,726919
bel,2014,737755
bel,2015,751112
bel,2016,765858
ben,1970,437804
ben,1971,449875
ben,1972,464959
ben,1973,480942
ben,1974,517479
ben,1975,532488
ben,1976,545910
ben,1977,563956
ben,1978,582645
ben,1979,601107
ben,1980,618675
ben,1981,634984
ben,1982,631265
ben,1983,652525
ben,1984,674639
ben,1985,696610
ben,1986,717562
ben,1987,741832
ben,1988,767485
ben,1989,794054
ben,1990,821136
ben,1991,848249
ben,1992,877954
ben,1993,910463
ben,1994,943959
ben,1995,976265
ben,1996,1005779
ben,1997,1041229
ben,1998,1076829
ben,1999,1112472
ben,2000,1148275
ben,2001,1183966
ben,2002,1221456
ben,2003,1260428
ben,2004,1299622
ben,2005,1337599
ben,2006,1373389
ben,2007,1413691
ben,2008,1455146
ben,2009,1496780
ben,2010,1537500
ben,2011,1576105
ben,2012,1618628
ben,2013,1659884
ben,2014,1699036
ben,2015,1735251
ben,2016,1768080
bfa,1970,849384
bfa,1971,863137
bfa,1972,880233
bfa,1973,900930
bfa,1974,923892
bfa,1975,946479
bfa,1976,966004
bfa,1977,990367
bfa,1978,1016779
bfa,1979,1043502
bfa,1980,1068867
bfa,1981,1090654
bfa,1982,1115671
bfa,1983,1147677
bfa,1984,1185523
bfa,1985,1226169
bfa,1986,1266558
bfa,1987,1310719
bfa,1988,1358697
bfa,1989,1407447
bfa,1990,1454179
bfa,1991,1495758
bfa,1992,1540068
bfa,1993,1585959
bfa,1994,1631570
bfa,1995,1674229
bfa,1996,1711014
bfa,1997,1750809
bfa,1998,1795307
bfa,1999,1843570
bfa,2000,1892991
bfa,2001,1940854
bfa,2002,1993677
bfa,2003,2052297
bfa,2004,2114780
bfa,2005,2178576
bfa,2006,2240499
bfa,2007,2307327
bfa,2008,2380277
bfa,2009,2457864
bfa,2010,2630889
bfa,2011,2713139
bfa,2012,2801111
bfa,2013,2892687
bfa,2014,2985409
bfa,2015,3076170
bfa,2016,3161705
bgd,1970,9534428
bgd,1971,9853068
bgd,1972,10148274
bgd,1973,10398338
bgd,1974,10594135
bgd,1975,10727698
bgd,1976,10956856
bgd,1977,11162097
bgd,1978,11337311
bgd,1979,11497613
bgd,1980,11670369
bgd,1981,11942673
bgd,1982,11903376
bgd,1983,12272388
bgd,1984,12693878
bgd,1985,13110967
bgd,1986,13519011
bgd,1987,13902399
bgd,1988,14239263
bgd,1989,14515249
bgd,1990,14732028
bgd,1991,14986350
bgd,1992,15222795
bgd,1993,15428659
bgd,1994,15595618
bgd,1995,15719890
bgd,1996,15852721
bgd,1997,15962507
bgd,1998,16041176
bgd,1999,16086513
bgd,2000,16103452
bgd,2001,16172529
bgd,2002,16252565
bgd,2003,16334170
bgd,2004,16402888
bgd,2005,16439597
bgd,2006,16495670
bgd,2007,16543877
bgd,2008,16574160
bgd,2009,16577631
bgd,2010,16547555
bgd,2011,16475747
bgd,2012,16370800
bgd,2013,16222056
bgd,2014,16034164
bgd,2015,15832664
bgr,1970,515518
bgr,1971,510591
bgr,1972,506373
bgr,1973,503663
bgr,1974,502571
bgr,1975,502935
bgr,1976,504187
bgr,1977,505255
bgr,1978,506891
bgr,1979,509752
bgr,1980,513990
bgr,1981,518916
bgr,1982,524755
bgr,1983,530685
bgr,1984,535912
bgr,1985,539385
bgr,1986,540285
bgr,1987,538491
bgr,1988,532078
bgr,1989,520248
bgr,1990,503783
bgr,1991,485152
bgr,1992,467756
bgr,1993,452764
bgr,1994,441600
bgr,1995,434070
bgr,1996,427691
bgr,1997,420938
bgr,1998,411124
bgr,1999,396430
bgr,2000,376600
bgr,2001,353842
bgr,2002,333011
bgr,2003,314490
bgr,2004,298930
bgr,2005,286586
bgr,2006,276801
bgr,2007,266583
bgr,2008,258726
bgr,2009,253587
bgr,2010,251213
bgr,2011,251315
bgr,2012,252047
bgr,2013,255272
bgr,2014,261246
bgr,2015,269284
bgr,2016,277725
bhr,1970,36160
bhr,1971,36352
bhr,1972,36066
bhr,1973,36197
bhr,1974,36840
bhr,1975,38093
bhr,1976,39899
bhr,1977,41412
bhr,1978,42719
bhr,1979,43794
bhr,1980,44615
bhr,1981,45290
bhr,1982,46485
bhr,1983,47696
bhr,1984,48867
bhr,1985,49951
bhr,1986,50956
bhr,1987,52273
bhr,1988,54045
bhr,1989,56041
bhr,1990,58006
bhr,1991,59756
bhr,1992,61808
bhr,1993,63980
bhr,1994,65918
bhr,1995,67159
bhr,1996,67354
bhr,1997,67646
bhr,1998,68701
bhr,1999,70720
bhr,2000,74046
bhr,2001,78874
bhr,2002,80461
bhr,2003,82043
bhr,2004,84068
bhr,2005,87000
bhr,2006,91164
bhr,2007,93386
bhr,2008,95848
bhr,2009,97855
bhr,2010,98616
bhr,2011,98070
bhr,2012,100211
bhr,2013,102119
bhr,2014,104139
bhr,2015,106902
bhs,1970,30214
bhs,1971,31575
bhs,1972,32200
bhs,1973,32165
bhs,1974,31633
bhs,1975,30957
bhs,1976,30624
bhs,1977,30352
bhs,1978,30406
bhs,1979,30830
bhs,1980,31526
bhs,1981,32244
bhs,1982,32523
bhs,1983,32373
bhs,1984,31868
bhs,1985,31235
bhs,1986,30846
bhs,1987,30774
bhs,1988,31243
bhs,1989,32218
bhs,1990,33476
bhs,1991,34564
bhs,1992,35328
bhs,1993,35555
bhs,1994,35240
bhs,1995,34567
bhs,1996,33944
bhs,1997,33858
bhs,1998,34184
bhs,1999,34865
bhs,2000,35722
bhs,2001,36417
bhs,2002,36162
bhs,2003,35569
bhs,2004,34769
bhs,2005,33940
bhs,2006,33308
bhs,2007,33378
bhs,2008,33110
bhs,2009,32477
bhs,2010,31490
bhs,2011,30232
bhs,2012,29699
bhs,2013,29674
bhs,2014,30192
bhs,2015,31132
bhs,2016,32137
bih,1970,354779
bih,1971,359714
bih,1972,362199
bih,1973,360306
bih,1974,353813
bih,1975,344625
bih,1976,335730
bih,1977,328942
bih,1978,325029
bih,1979,324103
bih,1980,324541
bih,1981,323800
bih,1982,321018
bih,1983,314945
bih,1984,305831
bih,1985,295865
bih,1986,287991
bih,1987,284668
bih,1988,287072
bih,1989,294157
bih,1990,301971
bih,1991,305461
bih,1992,300357
bih,1993,289058
bih,1994,272858
bih,1995,255010
bih,1996,238779
bih,1997,227166
bih,1998,216162
blr,1970,969741
blr,1971,956602
blr,1972,937100
blr,1973,912647
blr,1974,882455
blr,1975,846816
blr,1976,808272
blr,1977,768363
blr,1978,739254
blr,1979,722143
blr,1980,717224
blr,1981,721602
blr,1982,727323
blr,1983,731191
blr,1984,733221
blr,1985,733584
blr,1986,733106
blr,1987,887876
blr,1988,897907
blr,1989,912366
blr,1990,930607
blr,1991,646362
blr,1992,654480
blr,1993,658167
blr,1994,656669
blr,1995,650101
blr,1996,639209
blr,1997,624212
blr,1998,600427
blr,1999,567930
blr,2000,530064
blr,2001,492378
blr,2002,460832
blr,2003,432908
blr,2004,409452
blr,2005,390102
blr,2006,373578
blr,2007,358103
blr,2008,348280
blr,2009,344615
blr,2010,345864
blr,2011,349563
blr,2012,355419
blr,2013,363625
blr,2014,372635
blr,2015,381927
blr,2016,391549
blz,1970,21859
blz,1971,22136
blz,1972,22598
blz,1973,23028
blz,1974,23426
blz,1975,23804
blz,1976,24170
blz,1977,24463
blz,1978,24801
blz,1979,25202
blz,1980,25665
blz,1981,26151
blz,1982,26532
blz,1983,26832
blz,1984,27058
blz,1985,27233
blz,1986,27920
blz,1987,28569
blz,1988,29504
blz,1989,30615
blz,1990,31716
blz,1991,32575
blz,1992,33460
blz,1993,34085
blz,1994,34437
blz,1995,34610
blz,1996,34750
blz,1997,35050
blz,1998,35864
blz,1999,37112
blz,2000,38647
blz,2001,40253
blz,2002,41419
blz,2003,42445
blz,2004,43401
blz,2005,44340
blz,2006,45280
blz,2007,45863
blz,2008,46278
blz,2009,46568
blz,2010,46779
blz,2011,46998
blz,2012,47108
blz,2013,46927
blz,2014,46521
blz,2015,46025
blz,2016,45630
bmu,1970,7991
bmu,1971,7957
bmu,1972,7887
bmu,1973,7715
bmu,1974,7450
bmu,1975,7122
bmu,1976,6780
bmu,1977,6478
bmu,1978,6273
bmu,1979,6152
bmu,1980,6102
bmu,1981,6073
bmu,1982,6022
bmu,1983,5915
bmu,1984,5760
bmu,1985,5577
bmu,1986,5397
bmu,1987,5268
bmu,1988,5201
bmu,1989,5191
bmu,1990,5237
bmu,1991,5316
bmu,1992,5404
bmu,1993,5513
bmu,1994,5631
bmu,1995,5752
bmu,1996,5858
bmu,1997,5135
bmu,1998,5138
bmu,1999,5084
bmu,2000,4990
bmu,2001,4896
bmu,2002,4837
bmu,2003,4801
bmu,2004,4791
bmu,2005,4803
bmu,2006,4817
bmu,2007,4822
bmu,2008,4830
bmu,2009,4839
bmu,2010,4847
bmu,2011,4839
bmu,2012,4818
bmu,2013,4768
bmu,2014,4687
bmu,2015,4590
bmu,2016,4498
bol,1970,716497
bol,1971,731410
bol,1972,747846
bol,1973,764723
bol,1974,780836
bol,1975,795094
bol,1976,812591
bol,1977,831687
bol,1978,851247
bol,1979,870106
bol,1980,887322
bol,1981,907139
bol,1982,929481
bol,1983,953008
bol,1984,976149
bol,1985,997219
bol,1986,1019453
bol,1987,1041684
bol,1988,1062670
bol,1989,1081120
bol,1990,1096212
bol,1991,1112503
bol,1992,1128892
bol,1993,1144329
bol,1994,1157783
bol,1995,1168723
bol,1996,1181141
bol,1997,1569476
bol,1998,1210342
bol,1999,1225350
bol,2000,1239233
bol,2001,1253838
bol,2002,1269809
bol,2003,1286257
bol,2004,1302096
bol,2005,1316026
bol,2006,1329809
bol,2007,1342246
bol,2008,1352582
bol,2009,1360157
bol,2010,1364833
bol,2011,1369765
bol,2012,1374844
bol,2013,1379408
bol,2014,1382691
bol,2015,1384086
bol,2016,1386408
bra,1999,12640905
bra,2001,13083272
bra,2002,13199400
bra,2003,13461305
bra,2004,14195761
bra,2005,14003304
bra,2007,14039719
bra,2008,13488628
bra,2009,13305276
bra,2011,12443247
bra,2012,12375657
bra,2013,15268851
bra,2014,14973562
bra,2015,14770082
brb,1970,38240
brb,1971,38097
brb,1972,37376
brb,1973,36226
brb,1974,34609
brb,1975,32630
brb,1976,30579
brb,1977,29666
brb,1978,29511
brb,1979,29994
brb,1980,30868
brb,1981,31736
brb,1982,31273
brb,1983,30401
brb,1984,29165
brb,1985,27748
brb,1986,26468
brb,1987,25495
brb,1988,24924
brb,1989,24763
brb,1990,24908
brb,1991,25097
brb,1992,25083
brb,1993,25010
brb,1994,24867
brb,1995,24667
brb,1996,24472
brb,1997,24331
brb,1998,24254
brb,1999,24252
brb,2000,24314
brb,2001,24401
brb,2002,24176
brb,2003,23873
brb,2004,23511
brb,2005,23143
brb,2006,22861
brb,2007,22657
brb,2008,22572
brb,2009,22604
brb,2010,22726
brb,2011,22871
brb,2012,22821
brb,2013,22733
brb,2014,22612
brb,2015,22480
brb,2016,22392
brn,1970,21616
brn,1971,22325
brn,1972,22909
brn,1973,23391
brn,1974,23803
brn,1975,24202
brn,1976,24875
brn,1977,25619
brn,1978,26421
brn,1979,27248
brn,1980,28057
brn,1981,28948
brn,1982,29892
brn,1983,30875
brn,1984,31882
brn,1985,32887
brn,1986,33128
brn,1987,33296
brn,1988,33436
brn,1989,33591
brn,1990,33846
brn,1991,34431
brn,1992,34961
brn,1993,35500
brn,1994,36123
brn,1995,36885
brn,1996,37962
brn,1997,39020
brn,1998,39946
brn,1999,40584
brn,2000,40818
brn,2001,41007
brn,2002,41165
brn,2003,41236
brn,2004,41191
brn,2005,41047
brn,2006,41233
brn,2007,41435
brn,2008,41561
brn,2009,41519
brn,2010,41272
brn,2011,40748
brn,2012,40037
brn,2013,39171
brn,2014,38232
brn,2015,37357
brn,2016,36705
btn,1970,44872
btn,1971,46328
btn,1972,47962
btn,1973,49686
btn,1974,51396
btn,1975,53016
btn,1976,55166
btn,1977,57435
btn,1978,59734
btn,1979,61983
btn,1980,64093
btn,1981,66733
btn,1982,69392
btn,1983,72068
btn,1984,74768
btn,1985,77409
btn,1986,92176
btn,1987,95797
btn,1988,98910
btn,1989,101010
btn,1990,101806
btn,1991,101738
btn,1992,101303
btn,1993,101010
btn,1994,101367
btn,1995,102649
btn,1996,103952
btn,1997,105562
btn,1998,107088
btn,1999,108230
btn,2000,108759
btn,2001,107884
btn,2002,107195
btn,2003,106660
btn,2004,106038
btn,2005,105164
btn,2006,104708
btn,2007,103937
btn,2008,102948
btn,2009,101895
btn,2010,100883
btn,2011,100090
btn,2012,99639
btn,2013,99504
btn,2014,99545
btn,2015,99625
btn,2016,99902
bwa,1970,138666
bwa,1971,142107
bwa,1972,145925
bwa,1973,154940
bwa,1974,159779
bwa,1975,164919
bwa,1976,170400
bwa,1977,176348
bwa,1978,182648
bwa,1979,189183
bwa,1980,195837
bwa,1981,195571
bwa,1982,202973
bwa,1983,210912
bwa,1984,219351
bwa,1985,228192
bwa,1986,237244
bwa,1987,246565
bwa,1988,255826
bwa,1989,264716
bwa,1990,273038
bwa,1991,281235
bwa,1992,288507
bwa,1993,294591
bwa,1994,299277
bwa,1995,305328
bwa,1996,307905
bwa,1997,309392
bwa,1998,309971
bwa,1999,309675
bwa,2000,308601
bwa,2001,308134
bwa,2002,307497
bwa,2003,306973
bwa,2004,306792
bwa,2005,307095
bwa,2006,306951
bwa,2007,307073
bwa,2008,307321
bwa,2009,307670
bwa,2010,308130
bwa,2011,309126
bwa,2012,310765
bwa,2013,313215
bwa,2014,316546
bwa,2015,320788
bwa,2016,325839
caf,1970,266457
caf,1971,271754
caf,1972,279549
caf,1973,287717
caf,1974,295824
caf,1975,303442
caf,1976,310197
caf,1977,318574
caf,1978,327610
caf,1979,336949
caf,1980,346219
caf,1981,355059
caf,1982,365633
caf,1983,377128
caf,1984,388793
caf,1985,399775
caf,1986,409486
caf,1987,422356
caf,1988,435362
caf,1989,448387
caf,1990,461433
caf,1991,474254
caf,1992,488097
caf,1993,502641
caf,1994,516949
caf,1995,529836
caf,1996,540397
caf,1997,554024
caf,1998,566101
caf,1999,576070
caf,2000,583574
caf,2001,588824
caf,2002,597961
caf,2003,608842
caf,2004,621069
caf,2005,634103
caf,2006,646789
caf,2007,659886
caf,2008,672661
caf,2009,684268
caf,2010,693693
caf,2011,700306
caf,2012,708696
caf,2013,716167
caf,2014,722297
caf,2015,726903
caf,2016,730316
can,1970,2777235
can,1971,2778974
can,1972,2774378
can,1973,2741085
can,1974,2679167
can,1975,2591200
can,1976,2488072
can,1977,2393644
can,1978,2315255
can,1979,2256841
can,1980,2221790
can,1981,2206425
can,1982,2193189
can,1983,2181355
can,1984,2173697
can,1985,2172375
can,1986,2177651
can,1987,2193402
can,1988,2212614
can,1989,2234848
can,1990,2259487
can,1991,2285841
can,1992,2320952
can,1993,2348292
can,1994,2368420
can,1995,2382762
can,1996,2393771
can,1997,2406780
can,1998,2420001
can,1999,2433912
can,2000,2448283
can,2001,2460110
can,2002,2470582
can,2003,2462082
can,2004,2435044
can,2005,2391138
can,2006,2337200
can,2007,2288591
can,2008,2247227
can,2009,2215681
can,2010,2196809
can,2011,2191130
can,2012,2189548
can,2013,2193582
can,2014,2208736
can,2015,2239811
can,2016,2284607
che,1970,562485
che,1971,573664
che,1972,586624
che,1973,597914
che,1974,606015
che,1975,610034
che,1976,609371
che,1977,606737
che,1978,598690
che,1979,585796
che,1980,568714
che,1981,547927
che,1982,527855
che,1983,508458
che,1984,490903
che,1985,475377
che,1986,462326
che,1987,451959
che,1988,444423
che,1989,440442
che,1990,440621
che,1991,445292
che,1992,454870
che,1993,464980
che,1994,474113
che,1995,481925
che,1996,488147
che,1997,493122
che,1998,497434
che,1999,501758
che,2000,506151
che,2001,510612
che,2002,514153
che,2003,516283
che,2004,516220
che,2005,513660
che,2006,508235
che,2007,501600
che,2008,494216
che,2009,486985
che,2010,480101
che,2011,473842
che,2012,469798
che,2013,468007
che,2014,468741
che,2015,471990
che,2016,477636
chl,1970,1433897
chl,1971,1456860
chl,1972,1479808
chl,1973,1501727
chl,1974,1521129
chl,1975,1536025
chl,1976,1548158
chl,1977,1551419
chl,1978,1545568
chl,1979,1530983
chl,1980,1510355
chl,1981,1491287
chl,1982,1474884
chl,1983,1461707
chl,1984,1452291
chl,1985,1446609
chl,1986,1443634
chl,1987,1445335
chl,1988,1452427
chl,1989,1465497
chl,1990,1483734
chl,1991,1503555
chl,1992,1528445
chl,1993,1557598
chl,1994,1589378
chl,1995,1620411
chl,1996,1647875
chl,1997,2185182
chl,1998,1670851
chl,1999,1665300
chl,2000,1651057
chl,2001,1637356
chl,2002,1622424
chl,2003,1606297
chl,2004,1589230
chl,2005,1571577
chl,2006,1554958
chl,2007,1538670
chl,2008,1523393
chl,2009,1509685
chl,2010,1497353
chl,2011,1487719
chl,2012,1478387
chl,2013,1469584
chl,2014,1461410
chl,2015,1453644
chl,2016,1448929
chn,1970,92239360
chn,1971,97210728
chn,1972,101988176
chn,1973,106987568
chn,1974,112190128
chn,1975,117461408
chn,1976,122446504
chn,1977,127065296
chn,1978,130396112
chn,1979,132079912
chn,1980,131815728
chn,1981,129709464
chn,1982,127505376
chn,1983,124197856
chn,1984,119753512
chn,1985,114271824
chn,1986,108202896
chn,1987,102681744
chn,1988,98440608
chn,1989,95884608
chn,1990,95396224
chn,1991,96892056
chn,1992,98572128
chn,1993,101808240
chn,1994,106820608
chn,1995,113485240
chn,1996,120926472
chn,1997,154846768
chn,1998,131777944
chn,1999,132042224
chn,2000,128272232
chn,2001,121126240
chn,2002,114074552
chn,2003,107224096
chn,2004,117177720
chn,2005,110203680
chn,2006,103982408
chn,2007,98198144
chn,2008,93763952
chn,2009,90930128
chn,2010,89815152
chn,2011,90002040
chn,2012,90418376
chn,2013,90929120
chn,2014,91520464
chn,2015,92156464
chn,2016,92844368
civ,1970,770081
civ,1971,809567
civ,1972,856420
civ,1973,904294
civ,1974,953032
civ,1975,1002441
civ,1976,1052283
civ,1977,1111499
civ,1978,1170891
civ,1979,1230650
civ,1980,1291190
civ,1981,1352542
civ,1982,1423156
civ,1983,1494792
civ,1984,1566726
civ,1985,1637834
civ,1986,1706535
civ,1987,1784582
civ,1988,1856337
civ,1989,1921889
civ,1990,1981938
civ,1991,2038064
civ,1992,2102887
civ,1993,2166928
civ,1994,2229542
civ,1995,2289916
civ,1996,2347436
civ,1997,2418069
civ,1998,2486706
civ,1999,2552837
civ,2000,2615951
civ,2001,2675384
civ,2002,2749881
civ,2003,2824601
civ,2004,2900083
civ,2005,2976879
civ,2006,3053733
civ,2007,3129438
civ,2008,3200905
civ,2009,3267082
civ,2010,3326866
civ,2011,3381113
civ,2012,3436471
civ,2013,3491177
civ,2014,3545393
civ,2015,3599696
civ,2016,3655303
cmr,1970,1001245
cmr,1971,1032901
cmr,1972,1071828
cmr,1973,1112715
cmr,1974,1153921
cmr,1975,1193713
cmr,1976,1230773
cmr,1977,1275536
cmr,1978,1322809
cmr,1979,1370798
cmr,1980,1417494
cmr,1981,1461434
cmr,1982,1513212
cmr,1983,1566571
cmr,1984,1620277
cmr,1985,1673329
cmr,1986,1725239
cmr,1987,1785968
cmr,1988,1853492
cmr,1989,1925752
cmr,1990,2000061
cmr,1991,2072796
cmr,1992,2151863
cmr,1993,2229829
cmr,1994,2304330
cmr,1995,2372975
cmr,1996,2434288
cmr,1997,2503364
cmr,1998,2570679
cmr,1999,2633907
cmr,2000,2690658
cmr,2001,2739926
cmr,2002,2798801
cmr,2003,2857140
cmr,2004,2913726
cmr,2005,2967684
cmr,2006,3018856
cmr,2007,3080069
cmr,2008,3149675
cmr,2009,3225769
cmr,2010,3305690
cmr,2011,3385240
cmr,2012,3473121
cmr,2013,3561666
cmr,2014,3648407
cmr,2015,3730764
cmr,2016,3806736
cod,1970,3117857
cod,1971,3200333
cod,1972,3303740
cod,1973,3411482
cod,1974,3518808
cod,1975,3620965
cod,1976,3713963
cod,1977,3834470
cod,1978,3962285
cod,1979,4088977
cod,1980,4205105
cod,1981,4304494
cod,1982,4425273
cod,1983,4547976
cod,1984,4669119
cod,1985,4785856
cod,1986,4896614
cod,1987,5045118
cod,1988,5213799
cod,1989,5399099
cod,1990,5596792
cod,1991,5799917
cod,1992,6060172
cod,1993,6344105
cod,1994,6632367
cod,1995,6903418
cod,1996,7144191
cod,1997,7388614
cod,1998,7620845
cod,1999,7841837
cod,2000,8053522
cod,2001,8254612
cod,2002,8512696
cod,2003,8790325
cod,2004,9075703
cod,2005,9356469
cod,2006,9624808
cod,2007,9939057
cod,2008,10287267
cod,2009,10659217
cod,2010,11042440
cod,2011,11421155
cod,2012,11832128
cod,2013,12245441
cod,2014,12652364
cod,2015,13044152
cod,2016,13414930
cog,1970,206938
cog,1971,213868
cog,1972,221766
cog,1973,229991
cog,1974,238292
cog,1975,246401
cog,1976,254138
cog,1977,263172
cog,1978,272596
cog,1979,282249
cog,1980,291985
cog,1981,301597
cog,1982,311968
cog,1983,322805
cog,1984,333758
cog,1985,344394
cog,1986,354282
cog,1987,364945
cog,1988,374931
cog,1989,383995
cog,1990,391959
cog,1991,398874
cog,1992,406832
cog,1993,414888
cog,1994,422878
cog,1995,430633
cog,1996,438045
cog,1997,447027
cog,1998,456276
cog,1999,465485
cog,2000,474331
cog,2001,482720
cog,2002,493661
cog,2003,505747
cog,2004,519139
cog,2005,534010
cog,2006,550073
cog,2007,567178
cog,2008,585660
cog,2009,604774
cog,2010,623607
cog,2011,641582
cog,2012,662371
cog,2013,683627
cog,2014,705312
cog,2015,727530
cog,2016,750087
col,1970,3205283
col,1971,3297352
col,1972,3389195
col,1973,3477472
col,1974,3556461
col,1975,3620470
col,1976,3729198
col,1977,3738432
col,1978,3709917
col,1979,3655491
col,1980,3600031
col,1981,3571961
col,1982,3584231
col,1983,3640382
col,1984,3732143
col,1985,3834394
col,1986,3920370
col,1987,4000190
col,1988,4070261
col,1989,4128358
col,1990,4176246
col,1991,4226747
col,1992,4263765
col,1993,4284766
col,1994,4291583
col,1995,4290832
col,1996,4291426
col,1997,4296489
col,1998,4305580
col,1999,4315118
col,2000,4318069
col,2001,4312802
col,2002,4292241
col,2003,4255451
col,2004,4206499
col,2005,4155352
col,2006,4114623
col,2007,4089532
col,2008,4081520
col,2009,4086249
col,2010,4091392
col,2011,4085959
col,2012,4068640
col,2013,4037406
col,2014,3993652
col,2015,3944268
col,2016,3902421
com,1970,37761
com,1971,38477
com,1972,39289
com,1973,40125
com,1974,40995
com,1975,41921
com,1976,42896
com,1977,44331
com,1978,46007
com,1979,47792
com,1980,49534
com,1981,51152
com,1982,52839
com,1983,54604
com,1984,56457
com,1985,58417
com,1986,60460
com,1987,62725
com,1988,65188
com,1989,67780
com,1990,70411
com,1991,72972
com,1992,72714
com,1993,75385
com,1994,77951
com,1995,80326
com,1996,82423
com,1997,84492
com,1998,86391
com,1999,90079
com,2000,91399
com,2001,92518
com,2002,93768
com,2003,95149
com,2004,96651
com,2005,98243
com,2006,99869
com,2007,101685
com,2008,103595
com,2009,105570
com,2010,107581
com,2011,109590
com,2012,111815
com,2013,114192
com,2014,116682
com,2015,119234
com,2016,121783
cpv,1970,46714
cpv,1971,48963
cpv,1972,50747
cpv,1973,51983
cpv,1974,52505
cpv,1975,52476
cpv,1976,51896
cpv,1977,51510
cpv,1978,51229
cpv,1979,51168
cpv,1980,51165
cpv,1981,51112
cpv,1982,50251
cpv,1983,49724
cpv,1984,49506
cpv,1985,49572
cpv,1986,49906
cpv,1987,50469
cpv,1988,51234
cpv,1989,52285
cpv,1990,53739
cpv,1991,55684
cpv,1992,57974
cpv,1993,60653
cpv,1994,63471
cpv,1995,66223
cpv,1996,68693
cpv,1997,73309
cpv,1998,75382
cpv,1999,76959
cpv,2000,77935
cpv,2001,78356
cpv,2002,77974
cpv,2003,77370
cpv,2004,76499
cpv,2005,75294
cpv,2006,73732
cpv,2007,71556
cpv,2008,69025
cpv,2009,66332
cpv,2010,63693
cpv,2011,61274
cpv,2012,59974
cpv,2013,59305
cpv,2014,59232
cpv,2015,59679
cpv,2016,60444
cri,1970,323342
cri,1971,331968
cri,1972,338664
cri,1973,343123
cri,1974,345046
cri,1975,344718
cri,1976,344698
cri,1977,343020
cri,1978,340020
cri,1979,336313
cri,1980,332941
cri,1981,331284
cri,1982,333552
cri,1983,339894
cri,1984,350182
cri,1985,363167
cri,1986,376319
cri,1987,389049
cri,1988,401380
cri,1989,413350
cri,1990,424997
cri,1991,436717
cri,1992,447657
cri,1993,457485
cri,1994,465885
cri,1995,472791
cri,1996,479667
cri,1997,484975
cri,1998,488483
cri,1999,490030
cri,2000,489714
cri,2001,489467
cri,2002,488334
cri,2003,486367
cri,2004,483579
cri,2005,479846
cri,2006,476156
cri,2007,470512
cri,2008,463098
cri,2009,454291
cri,2010,444987
cri,2011,437130
cri,2012,431866
cri,2013,429322
cri,2014,429411
cri,2015,431121
cri,2016,432643
cub,1970,1209247
cub,1971,1312169
cub,1972,1403403
cub,1973,1464130
cub,1974,1493067
cub,1975,1492272
cub,1976,1470737
cub,1977,1446878
cub,1978,1430197
cub,1979,1417697
cub,1980,1404902
cub,1981,1386115
cub,1982,1358854
cub,1983,1307862
cub,1984,1236249
cub,1985,1149086
cub,1986,1056435
cub,1987,975580
cub,1988,920060
cub,1989,890833
cub,1990,888157
cub,1991,905340
cub,1992,921245
cub,1993,941792
cub,1994,967002
cub,1995,995463
cub,1996,1023331
cub,1997,1047802
cub,1998,1058251
cub,1999,1053026
cub,2000,1031997
cub,2001,1000466
cub,2002,967241
cub,2003,939976
cub,2004,919184
cub,2005,905315
cub,2006,896702
cub,2007,882678
cub,2008,866418
cub,2009,849284
cub,2010,832530
cub,2011,817192
cub,2012,804444
cub,2013,791398
cub,2014,778042
cub,2015,764455
cub,2016,751187
cuw,2011,12042
cuw,2012,11998
cuw,2013,11876
cuw,2014,11708
cuw,2015,11525
cuw,2016,11374
cym,1970,1336
cyp,1970,79706
cyp,1971,78730
cyp,1972,76554
cyp,1973,74906
cyp,1974,73658
cyp,1975,72748
cyp,1976,72150
cyp,1977,71209
cyp,1978,70210
cyp,1979,69027
cyp,1980,67528
cyp,1981,65701
cyp,1982,65402
cyp,1983,65422
cyp,1984,65628
cyp,1985,65918
cyp,1986,66176
cyp,1987,66956
cyp,1988,68647
cyp,1989,71031
cyp,1990,73860
cyp,1991,76809
cyp,1992,78858
cyp,1993,63614
cyp,1994,64410
cyp,1995,64959
cyp,1996,64800
cyp,1997,64895
cyp,1998,65104
cyp,1999,65937
cyp,2000,66113
cyp,2001,65843
cyp,2002,65168
cyp,2003,64407
cyp,2004,63155
cyp,2005,60726
cyp,2006,58318
cyp,2007,56390
cyp,2008,54957
cyp,2009,52994
cyp,2010,53930
cyp,2011,53726
cyp,2012,54177
cyp,2013,54198
cyp,2014,53583
cyp,2015,54152
cze,1970,546206
cze,1971,545226
cze,1972,543820
cze,1973,541568
cze,1974,538494
cze,1975,536773
cze,1976,539705
cze,1977,548895
cze,1978,568122
cze,1979,597269
cze,1980,631531
cze,1981,663180
cze,1982,687945
cze,1983,706737
cze,1984,717941
cze,1985,721466
cze,1986,718428
cze,1987,710840
cze,1988,688203
cze,1989,651203
cze,1990,606786
cze,1991,565490
cze,1992,533325
cze,1993,514247
cze,1994,509701
cze,1995,514486
cze,1996,519040
cze,1997,646922
cze,1998,642018
cze,1999,634425
cze,2000,623248
cze,2001,608886
cze,2002,593594
cze,2003,571104
cze,2004,540943
cze,2005,505820
cze,2006,472367
cze,2007,447706
cze,2008,434142
cze,2009,433710
cze,2010,445539
cze,2011,463870
cze,2012,479456
cze,2013,497085
cze,2014,516474
cze,2015,536289
cze,2016,554502
deu,1970,5006374
deu,1971,5097245
deu,1972,5154894
deu,1973,5180472
deu,1974,5168140
deu,1975,5114306
deu,1976,5019467
deu,1977,4887398
deu,1978,4658771
deu,1979,4340545
deu,1980,3977842
deu,1981,3638454
deu,1982,3368155
deu,1983,3187070
deu,1984,3109130
deu,1985,3107267
deu,1986,3126563
deu,1987,3135271
deu,1988,3167542
deu,1989,3219825
deu,1990,3288373
deu,1991,3368196
deu,1992,3461816
deu,1993,3546437
deu,1994,3613305
deu,1995,3657538
deu,1996,3679719
deu,1997,3675324
deu,1998,3624718
deu,1999,3530023
deu,2000,3411162
deu,2001,3297700
deu,2002,3220440
deu,2003,3171978
deu,2004,3155955
deu,2005,3158216
deu,2006,3153330
deu,2007,3125066
deu,2008,3081659
deu,2009,3023326
deu,2010,2958415
deu,2011,2899623
deu,2012,2848717
deu,2013,2805223
deu,2014,2770311
deu,2015,2743076
deu,2016,2722351
dji,1970,24204
dji,1971,26083
dji,1972,28141
dji,1973,30217
dji,1974,32472
dji,1975,35125
dji,1976,38293
dji,1977,43066
dji,1978,48137
dji,1979,53025
dji,1980,57212
dji,1981,60469
dji,1982,62767
dji,1983,64864
dji,1984,67223
dji,1985,70334
dji,1986,74252
dji,1987,79778
dji,1988,85048
dji,1989,89497
dji,1990,92668
dji,1991,94788
dji,1992,96179
dji,1993,98529
dji,1994,102030
dji,1995,106718
dji,1996,111984
dji,1997,117023
dji,1998,120576
dji,1999,122497
dji,2000,122707
dji,2001,121523
dji,2002,120580
dji,2003,119474
dji,2004,118150
dji,2005,116597
dji,2006,114885
dji,2007,113323
dji,2008,93333
dji,2009,92987
dji,2010,93012
dji,2011,93101
dji,2012,93639
dji,2013,94188
dji,2014,94650
dji,2015,94985
dji,2016,95246
dma,1970,14148
dma,1971,13787
dma,1972,13588
dma,1973,13752
dma,1974,14221
dma,1975,14884
dma,1976,15558
dma,1977,15887
dma,1978,15868
dma,1979,15565
dma,1980,15091
dma,1981,14618
dma,1982,13908
dma,1983,13395
dma,1984,13083
dma,1985,12946
dma,1986,12917
dma,1987,12824
dma,1988,12702
dma,1989,12525
dma,1990,12263
dma,1991,11925
dma,1992,11295
dma,1993,10666
dma,1994,10048
dma,1995,9475
dma,1996,9020
dma,1997,8932
dma,1998,9070
dma,1999,9383
dma,2000,9780
dma,2001,10114
dma,2002,10149
dma,2003,10058
dma,2004,9839
dma,2005,9498
dma,2006,9086
dma,2007,8671
dma,2008,8261
dma,2009,7859
dma,2010,7479
dma,2011,7136
dma,2012,6843
dma,2013,6638
dma,2014,6524
dma,2015,6495
dma,2016,6519
dnk,1970,455392
dnk,1971,461934
dnk,1972,468204
dnk,1973,472412
dnk,1974,474267
dnk,1975,473606
dnk,1976,470878
dnk,1977,468153
dnk,1978,464617
dnk,1979,460133
dnk,1980,454630
dnk,1981,454864
dnk,1982,448416
dnk,1983,440448
dnk,1984,430930
dnk,1985,419994
dnk,1986,407802
dnk,1987,396161
dnk,1988,383749
dnk,1989,370983
dnk,1990,358295
dnk,1991,346129
dnk,1992,335495
dnk,1993,328225
dnk,1994,325432
dnk,1995,327415
dnk,1996,334369
dnk,1997,343742
dnk,1998,354913
dnk,1999,366621
dnk,2000,378565
dnk,2001,390288
dnk,2002,401583
dnk,2003,410529
dnk,2004,416420
dnk,2005,419080
dnk,2006,418403
dnk,2007,415498
dnk,2008,411824
dnk,2009,408287
dnk,2010,404943
dnk,2011,467059
dnk,2012,464326
dnk,2013,462313
dnk,2014,461339
dnk,2015,461539
dnk,2016,463009
dom,1970,788627
dom,1971,809897
dom,1972,829233
dom,1973,848009
dom,1974,865975
dom,1975,882620
dom,1976,897402
dom,1977,910199
dom,1978,923012
dom,1979,935852
dom,1980,948313
dom,1981,960035
dom,1982,970621
dom,1983,980917
dom,1984,991000
dom,1985,1001098
dom,1986,1011277
dom,1987,1019914
dom,1988,1030745
dom,1989,1043963
dom,1990,1059087
dom,1991,1075681
dom,1992,1091601
dom,1993,1106809
dom,1994,1120482
dom,1995,1146963
dom,1996,1156024
dom,1997,1163867
dom,1998,1173230
dom,1999,1183735
dom,2000,1194690
dom,2001,1205026
dom,2002,1213313
dom,2003,1217853
dom,2004,1218865
dom,2005,1217009
dom,2006,1213948
dom,2007,1210882
dom,2008,1211991
dom,2009,1217301
dom,2010,1226477
dom,2011,1237958
dom,2012,1247168
dom,2013,1254423
dom,2014,1259698
dom,2015,1263041
dom,2016,1264933
dza,1970,2474112
dza,1971,2549665
dza,1972,2632140
dza,1973,2710373
dza,1974,2782384
dza,1975,2846885
dza,1976,2904296
dza,1977,2974039
dza,1978,3055939
dza,1979,3147417
dza,1980,3245284
dza,1981,3344705
dza,1982,3450559
dza,1983,3565523
dza,1984,3686518
dza,1985,3809742
dza,1986,3929766
dza,1987,4049698
dza,1988,4165732
dza,1989,4274925
dza,1990,4374216
dza,1991,4460644
dza,1992,4542362
dza,1993,4610398
dza,1994,4662030
dza,1995,4695250
dza,1996,4709351
dza,1997,4711004
dza,1998,4698100
dza,1999,4667840
dza,2000,4616843
dza,2001,4543671
dza,2002,4461803
dza,2003,4350131
dza,2004,4210890
dza,2005,4048223
dza,2006,3875416
dza,2007,3727980
dza,2008,3606411
dza,2009,2893038
dza,2010,2869041
dza,2011,2880792
dza,2012,2918462
dza,2013,3013580
dza,2014,3170799
dza,2015,3379491
eap,1970,138261504
eap,1971,144344176
eap,1972,150306016
eap,1973,156524176
eap,1974,163042816
eap,1975,169627104
eap,1976,175829568
eap,1977,181585136
eap,1978,185671040
eap,1979,187253776
eap,1980,187871072
eap,1981,186518464
eap,1982,185064720
eap,1983,182410784
eap,1984,178538096
eap,1985,173581664
eap,1986,168022032
eap,1987,163266048
eap,1988,159717392
eap,1989,158076656
eap,1990,158562896
eap,1991,160943824
eap,1992,163460816
eap,1993,167328544
eap,1994,172743088
eap,1995,179626688
eap,1996,187176048
eap,1997,194570464
eap,1998,198837040
eap,1999,199233072
eap,2000,195572640
eap,2001,188451648
eap,2002,181681392
eap,2003,175012352
eap,2004,185006528
eap,2005,177996304
eap,2006,171688544
eap,2007,165388832
eap,2008,160618608
eap,2009,157629584
eap,2010,156507344
eap,2011,156734048
eap,2012,157301248
eap,2013,158105792
eap,2014,158568144
eas,1970,156120048
eas,1971,162335248
eas,1972,168430448
eas,1973,174774096
eas,1974,181399456
eas,1975,188069360
eas,1976,194305520
eas,1977,200166128
eas,1978,204472736
eas,1979,206372176
eas,1980,207360784
eas,1981,206330304
eas,1982,205055632
eas,1983,202316128
eas,1984,198091872
eas,1985,192555520
eas,1986,186290800
eas,1987,180935648
eas,1988,176931888
eas,1989,174977008
eas,1990,175264720
eas,1991,177478688
eas,1992,179729776
eas,1993,183249024
eas,1994,188256096
eas,1995,194970592
eas,1996,202157152
eas,1997,209312208
eas,1998,213450768
eas,1999,213826512
eas,2000,210217872
eas,2001,203071856
eas,2002,196165296
eas,2003,189291568
eas,2004,199060128
eas,2005,191851568
eas,2006,185527904
eas,2007,179181136
eas,2008,174300320
eas,2009,171121744
eas,2010,169730544
eas,2011,169684160
eas,2012,170039824
eas,2013,170698544
eas,2014,171112880
eca,1970,23081348
eca,1971,22871028
eca,1972,22655924
eca,1973,22362030
eca,1974,22000892
eca,1975,21640936
eca,1976,21356616
eca,1977,21172000
eca,1978,21195428
eca,1979,21459756
eca,1980,21880902
eca,1981,22318292
eca,1982,22725910
eca,1983,23075592
eca,1984,23328698
eca,1985,23515544
eca,1986,23694000
eca,1987,24111294
eca,1988,24410680
eca,1989,24738036
eca,1990,25054986
eca,1991,25006830
eca,1992,25204620
eca,1993,25376828
eca,1994,25582074
eca,1995,25975768
eca,1996,26829368
eca,1997,26737640
eca,1998,25945080
eca,1999,25184132
eca,2000,24125332
eca,2001,23055360
eca,2002,22135828
eca,2003,21831832
eca,2004,22961490
eca,2005,22385304
eca,2006,21958622
eca,2007,21469644
eca,2008,21097676
eca,2009,20887844
eca,2010,20828008
eca,2011,20877008
eca,2012,21031856
eca,2013,20311524
eca,2014,20710824
ecs,1970,59544240
ecs,1971,59543040
ecs,1972,59413784
ecs,1973,59074844
ecs,1974,58533860
ecs,1975,57867448
ecs,1976,57206944
ecs,1977,56659096
ecs,1978,56224628
ecs,1979,55939128
ecs,1980,55757792
ecs,1981,55595984
ecs,1982,55462008
ecs,1983,55313004
ecs,1984,55120152
ecs,1985,54901072
ecs,1986,54691860
ecs,1987,54791608
ecs,1988,54846896
ecs,1989,55005452
ecs,1990,55216832
ecs,1991,55089504
ecs,1992,55232968
ecs,1993,55324320
ecs,1994,55436720
ecs,1995,55697920
ecs,1996,56856048
ecs,1997,56646032
ecs,1998,55732756
ecs,1999,54631752
ecs,2000,53210560
ecs,2001,51791488
ecs,2002,50590928
ecs,2003,50003332
ecs,2004,50836700
ecs,2005,49961896
ecs,2006,49196768
ecs,2007,48497408
ecs,2008,47894436
ecs,2009,47524048
ecs,2010,47385436
ecs,2011,47495392
ecs,2012,47715904
ecs,2013,47149720
ecs,2014,47786228
ecu,1970,982551
ecu,1971,1008594
ecu,1972,1036938
ecu,1973,1066934
ecu,1974,1097870
ecu,1975,1128827
ecu,1976,1158448
ecu,1977,1189640
ecu,1978,1220138
ecu,1979,1249025
ecu,1980,1275345
ecu,1981,1298511
ecu,1982,1323256
ecu,1983,1346802
ecu,1984,1368654
ecu,1985,1388416
ecu,1986,1406146
ecu,1987,1425976
ecu,1988,1447015
ecu,1989,1469087
ecu,1990,1492027
ecu,1991,1515329
ecu,1992,1539739
ecu,1993,1565658
ecu,1994,1592565
ecu,1995,1619624
ecu,1996,1645499
ecu,1997,1672026
ecu,1998,1695119
ecu,1999,1714348
ecu,2000,1729531
ecu,2001,1741230
ecu,2002,1753758
ecu,2003,1765793
ecu,2004,1777248
ecu,2005,1787916
ecu,2006,1797333
ecu,2007,1805634
ecu,2008,1810713
ecu,2009,1812684
ecu,2010,1811999
ecu,2011,1810102
ecu,2012,1810408
ecu,2013,1815441
ecu,2014,1825288
ecu,2015,1839645
ecu,2016,1856609
egy,1970,5397835
egy,1971,5477690
egy,1972,5587039
egy,1973,5705291
egy,1974,5821411
egy,1975,5922208
egy,1976,5997059
egy,1977,6095757
egy,1978,6189712
egy,1979,6274456
egy,1980,6348057
egy,1981,6415281
egy,1982,6512946
egy,1983,6667009
egy,1984,6872327
egy,1985,7119722
egy,1986,7389492
egy,1987,7671822
egy,1988,7971442
egy,1989,8277743
egy,1990,7280469
egy,1991,7515952
egy,1992,7748855
egy,1993,7987178
egy,1994,8221951
egy,1995,8434138
egy,1996,8597291
egy,1997,8720458
egy,1998,8745570
egy,1999,8665865
egy,2000,8501330
egy,2001,8305741
egy,2002,8157725
egy,2003,8037467
egy,2004,7954869
egy,2005,9534540
egy,2006,9504162
egy,2007,9498506
egy,2008,9550756
egy,2009,9666346
egy,2010,9842546
egy,2011,10059471
egy,2012,10306146
egy,2013,10520329
egy,2014,10707263
egy,2015,10883491
emu,1970,23459800
emu,1971,23740948
emu,1972,23937424
emu,1973,24038912
emu,1974,24023156
emu,1975,23889408
emu,1976,23670042
emu,1977,23436560
emu,1978,23113052
emu,1979,22706092
emu,1980,22245642
emu,1981,21766848
emu,1982,21318440
emu,1983,20893232
emu,1984,20500332
emu,1985,20125648
emu,1986,19753824
emu,1987,19422624
emu,1988,19150500
emu,1989,18942284
emu,1990,18791754
emu,1991,18667436
emu,1992,18569718
emu,1993,18452892
emu,1994,18337108
emu,1995,18200484
emu,1996,18529408
emu,1997,18343266
emu,1998,18239136
emu,1999,17988788
emu,2000,17735632
emu,2001,17511156
emu,2002,17375572
emu,2003,17278812
emu,2004,17215688
emu,2005,17184364
emu,2006,17127922
emu,2007,17155412
emu,2008,17143382
emu,2009,17162024
emu,2010,17212668
emu,2011,17279570
emu,2012,17357860
emu,2013,17432286
emu,2014,17495508
eri,1970,283086
eri,1971,290237
eri,1972,298173
eri,1973,306927
eri,1974,316426
eri,1975,326191
eri,1976,335786
eri,1977,346491
eri,1978,357836
eri,1979,369524
eri,1980,381241
eri,1981,392603
eri,1982,405134
eri,1983,418090
eri,1984,431374
eri,1985,444843
eri,1986,458136
eri,1987,473887
eri,1988,491373
eri,1989,509092
eri,1990,524964
eri,1991,537417
eri,1992,469727
eri,1993,483352
eri,1994,496743
eri,1995,510294
eri,1996,524140
eri,1997,529892
eri,1998,535572
eri,1999,539909
eri,2000,541573
eri,2001,540406
eri,2002,537028
eri,2003,535107
eri,2004,534326
eri,2005,534478
eri,2006,535587
eri,2007,541524
eri,2008,551075
eri,2009,565183
eri,2010,584516
eri,2011,608187
eri,2012,631636
eri,2013,682440
eri,2014,706330
eri,2015,728657
eri,2016,748907
esp,1970,3197505
esp,1971,3224394
esp,1972,3250341
esp,1973,3267103
esp,1974,3273117
esp,1975,3270170
esp,1976,3263932
esp,1977,3261670
esp,1978,3266651
esp,1979,3280341
esp,1980,3299973
esp,1981,3315951
esp,1982,3319052
esp,1983,3316336
esp,1984,3305465
esp,1985,3282279
esp,1986,3242521
esp,1987,3189302
esp,1988,3103400
esp,1989,2982900
esp,1990,2835041
esp,1991,2679051
esp,1992,2544400
esp,1993,2426819
esp,1994,2329725
esp,1995,2252482
esp,1996,2674302
esp,1997,2593496
esp,1998,2523784
esp,1999,2468815
esp,2000,2431060
esp,2001,2408256
esp,2002,2403740
esp,2003,2404714
esp,2004,2407658
esp,2005,2408862
esp,2006,2409207
esp,2007,2420547
esp,2008,2452889
esp,2009,2504569
esp,2010,2572205
esp,2011,2646922
esp,2012,2720108
esp,2013,2780010
esp,2014,2827987
esp,2015,2866333
esp,2016,2895384
est,1970,120923
est,1971,121475
est,1972,121722
est,1973,121252
est,1974,120335
est,1975,119353
est,1976,118719
est,1977,119120
est,1978,120315
est,1979,122313
est,1980,125008
est,1981,128007
est,1982,130529
est,1983,132055
est,1984,132683
est,1985,132632
est,1986,132348
est,1987,132745
est,1988,133895
est,1989,135460
est,1990,137012
est,1991,138104
est,1992,137420
est,1993,136229
est,1994,133397
est,1995,132336
est,1996,131644
est,1997,130437
est,1998,128385
est,1999,124946
est,2000,119852
est,2001,113022
est,2002,106117
est,2003,99001
est,2004,92394
est,2005,86481
est,2006,81461
est,2007,76869
est,2008,73448
est,2009,71371
est,2010,70804
est,2011,71822
est,2012,73001
est,2013,75121
est,2014,77787
est,2015,80879
est,2016,84217
eth,1970,4231776
eth,1971,4360924
eth,1972,4522165
eth,1973,4691555
eth,1974,4852802
eth,1975,4989648
eth,1976,5088975
eth,1977,5126694
eth,1978,5171895
eth,1979,5237087
eth,1980,5329708
eth,1981,5452163
eth,1982,5678909
eth,1983,5929099
eth,1984,6182282
eth,1985,6418446
eth,1986,6617087
eth,1987,6815613
eth,1988,7035449
eth,1989,7278230
eth,1990,7537997
eth,1991,7808361
eth,1992,8162893
eth,1993,8558831
eth,1994,8962080
eth,1995,9336587
eth,1996,9644245
eth,1997,9903327
eth,1998,10160931
eth,1999,10431279
eth,2000,10716606
eth,2001,11016575
eth,2002,11349973
eth,2003,11747753
eth,2004,12194230
eth,2005,12668615
eth,2006,13149222
eth,2007,13630259
eth,2008,14081325
eth,2009,14482936
eth,2010,14825194
eth,2011,15097269
eth,2012,15332946
eth,2013,15536769
eth,2014,15713962
eth,2015,15861457
eth,2016,15976660
euu,1970,37355596
euu,1971,37461264
euu,1972,37464592
euu,1973,37389628
euu,1974,37251620
euu,1975,37054460
euu,1976,36818680
euu,1977,36569272
euu,1978,36197452
euu,1979,35691336
euu,1980,35091752
euu,1981,34477848
euu,1982,33945120
euu,1983,33468056
euu,1984,33058174
euu,1985,32699412
euu,1986,32356888
euu,1987,32067564
euu,1988,31824702
euu,1989,31622738
euu,1990,31452362
euu,1991,31286278
euu,1992,31154276
euu,1993,31014464
euu,1994,30891440
euu,1995,30753356
euu,1996,31056866
euu,1997,30921424
euu,1998,30690536
euu,1999,30256936
euu,2000,29762308
euu,2001,29264316
euu,2002,28857968
euu,2003,28476260
euu,2004,28118624
euu,2005,27795524
euu,2006,27455314
euu,2007,27236232
euu,2008,27000796
euu,2009,26836472
euu,2010,26753508
euu,2011,26811482
euu,2012,26873274
euu,2013,27237280
euu,2014,27478592
fin,1970,476108
fin,1971,472112
fin,1972,467353
fin,1973,462915
fin,1974,457895
fin,1975,451611
fin,1976,443596
fin,1977,435666
fin,1978,425705
fin,1979,414121
fin,1980,401455
fin,1981,388092
fin,1982,374836
fin,1983,365689
fin,1984,361947
fin,1985,363453
fin,1986,370080
fin,1987,378252
fin,1988,385978
fin,1989,391391
fin,1990,394528
fin,1991,395219
fin,1992,395508
fin,1993,394685
fin,1994,393167
fin,1995,390776
fin,1996,387515
fin,1997,383483
fin,1998,380976
fin,1999,380753
fin,2000,382711
fin,2001,386733
fin,2002,391212
fin,2003,393465
fin,2004,392126
fin,2005,387356
fin,2006,379235
fin,2007,370363
fin,2008,361733
fin,2009,354928
fin,2010,350114
fin,2011,347579
fin,2012,345814
fin,2013,345577
fin,2014,346812
fin,2015,349865
fin,2016,354983
fji,1970,90972
fji,1971,91380
fji,1972,91581
fji,1973,91389
fji,1974,90635
fji,1975,89311
fji,1976,89634
fji,1977,90493
fji,1978,91651
fji,1979,92842
fji,1980,93786
fji,1981,94430
fji,1982,96567
fji,1983,99739
fji,1984,103360
fji,1985,106793
fji,1986,108430
fji,1987,109424
fji,1988,110009
fji,1989,110510
fji,1990,111138
fji,1991,112227
fji,1992,112895
fji,1993,112980
fji,1994,112309
fji,1995,110932
fji,1996,110323
fji,1997,110298
fji,1998,110800
fji,1999,111758
fji,2000,112933
fji,2001,110895
fji,2002,107958
fji,2003,104453
fji,2004,100738
fji,2005,97167
fji,2006,96681
fji,2007,96383
fji,2008,96201
fji,2009,96054
fji,2010,95806
fji,2011,96701
fji,2012,97961
fji,2013,99517
fji,2014,101278
fji,2015,103015
fji,2016,104583
fra,1970,4214641
fra,1971,4257116
fra,1972,4284750
fra,1973,4295416
fra,1974,4286042
fra,1975,4258563
fra,1976,4223000
fra,1977,4194613
fra,1978,4174136
fra,1979,4163246
fra,1980,4157647
fra,1981,4145284
fra,1982,4126066
fra,1983,4070151
fra,1984,3975210
fra,1985,3852456
fra,1986,3730527
fra,1987,3647388
fra,1988,3613818
fra,1989,3636568
fra,1990,3706368
fra,1991,3789441
fra,1992,3847084
fra,1993,3883719
fra,1994,3893412
fra,1995,3876533
fra,1996,3845889
fra,1997,3824421
fra,1998,3795118
fra,1999,3757611
fra,2000,3715700
fra,2001,3676522
fra,2002,3659060
fra,2003,3655010
fra,2004,3665192
fra,2005,3686915
fra,2006,3712196
fra,2007,3740546
fra,2008,3772492
fra,2009,3807030
fra,2010,3841664
fra,2011,3872806
fra,2012,3911883
fra,2013,3948194
fra,2014,3975529
fra,2015,3990779
fra,2016,3996407
fsm,1970,10376
fsm,1971,10571
fsm,1972,10722
fsm,1973,10836
fsm,1974,10966
fsm,1975,11182
fsm,1976,11515
fsm,1977,11834
fsm,1978,12232
fsm,1979,12678
fsm,1980,13130
fsm,1981,13568
fsm,1982,13953
fsm,1983,14258
fsm,1984,14482
fsm,1985,14636
fsm,1986,14755
fsm,1987,14930
fsm,1988,15246
fsm,1989,15692
fsm,1990,16246
fsm,1991,16837
fsm,1992,17526
fsm,1993,18080
fsm,1994,18452
fsm,1995,18611
fsm,1996,18578
fsm,1997,18360
fsm,1998,18061
fsm,1999,17711
fsm,2000,17342
fsm,2001,16957
fsm,2002,16851
fsm,2003,16847
fsm,2004,16884
fsm,2005,16881
fsm,2006,16764
fsm,2007,16581
fsm,2008,16382
fsm,2009,16153
fsm,2010,15891
fsm,2011,15600
fsm,2012,15239
fsm,2013,14929
fsm,2014,14654
fsm,2015,14403
fsm,2016,14162
gab,1970,70245
gab,1971,72412
gab,1972,75377
gab,1973,78587
gab,1974,81958
gab,1975,85392
gab,1976,88741
gab,1977,92525
gab,1978,96268
gab,1979,99858
gab,1980,103190
gab,1981,106247
gab,1982,109789
gab,1983,113549
gab,1984,117458
gab,1985,121445
gab,1986,125433
gab,1987,129836
gab,1988,134509
gab,1989,139373
gab,1990,144332
gab,1991,149252
gab,1992,154447
gab,1993,159594
gab,1994,164615
gab,1995,169431
gab,1996,173973
gab,1997,178576
gab,1998,182999
gab,1999,187139
gab,2000,190899
gab,2001,194255
gab,2002,197856
gab,2003,201340
gab,2004,204657
gab,2005,207745
gab,2006,210556
gab,2007,213627
gab,2008,216472
gab,2009,219096
gab,2010,221536
gab,2011,223916
gab,2012,190594
gab,2013,193913
gab,2014,197845
gab,2015,202311
gab,2016,207005
gbr,1970,5445563
gbr,1971,5582807
gbr,1972,5689593
gbr,1973,5738782
gbr,1974,5723846
gbr,1975,5650287
gbr,1976,5542125
gbr,1977,5434106
gbr,1978,5291709
gbr,1979,5118040
gbr,1980,4923424
gbr,1981,4726135
gbr,1982,4551596
gbr,1983,4394631
gbr,1984,4262688
gbr,1985,4160826
gbr,1986,4088088
gbr,1987,4048780
gbr,1988,4055795
gbr,1989,4109853
gbr,1990,4199208
gbr,1991,4296231
gbr,1992,4376227
gbr,1993,4446335
gbr,1994,4502374
gbr,1995,4544268
gbr,1996,4579316
gbr,1997,4608716
gbr,1998,4626933
gbr,1999,4629094
gbr,2000,4613812
gbr,2001,4585143
gbr,2002,4545653
gbr,2003,4492288
gbr,2004,4428662
gbr,2005,4361483
gbr,2006,4300495
gbr,2007,4273531
gbr,2008,4241820
gbr,2009,4207727
gbr,2010,4177092
gbr,2011,4159551
gbr,2012,4179094
gbr,2013,4250616
gbr,2014,4376440
gbr,2015,4539962
gbr,2016,4698393
geo,1970,418233
geo,1971,418741
geo,1972,416595
geo,1973,407322
geo,1974,391630
geo,1975,373333
geo,1976,357868
geo,1977,347189
geo,1978,341872
geo,1979,341658
geo,1980,344219
geo,1981,345965
geo,1982,346752
geo,1983,347471
geo,1984,347491
geo,1985,347268
geo,1986,347678
geo,1987,349236
geo,1988,352774
geo,1989,357191
geo,1990,360764
geo,1991,361757
geo,1992,358512
geo,1993,354387
geo,1994,350310
geo,1995,346892
geo,1996,344102
geo,1997,339838
geo,1998,332534
geo,1999,321298
geo,2000,306665
geo,2001,290361
geo,2002,276143
geo,2003,259425
geo,2004,384256
geo,2005,355704
geo,2006,324591
geo,2007,300323
geo,2008,282602
geo,2009,270571
geo,2010,263036
geo,2011,257875
geo,2012,250803
geo,2013,245802
geo,2014,244159
geo,2015,247071
geo,2016,253940
gha,1970,1400828
gha,1971,1439051
gha,1972,1488744
gha,1973,1543644
gha,1974,1598897
gha,1975,1648801
gha,1976,1689763
gha,1977,1728207
gha,1978,1761622
gha,1979,1792350
gha,1980,1823590
gha,1981,1856907
gha,1982,1907800
gha,1983,1967934
gha,1984,2032098
gha,1985,2094218
gha,1986,2150286
gha,1987,2208377
gha,1988,2265790
gha,1989,2322466
gha,1990,2378590
gha,1991,2433364
gha,1992,2496586
gha,1993,2562095
gha,1994,2627184
gha,1995,2688867
gha,1996,2744859
gha,1997,2805381
gha,1998,2864744
gha,1999,2922344
gha,2000,2977429
gha,2001,3028976
gha,2002,3089146
gha,2003,3145739
gha,2004,3197083
gha,2005,3242271
gha,2006,3283201
gha,2007,3334657
gha,2008,3396487
gha,2009,3466861
gha,2010,3542670
gha,2011,3619014
gha,2012,3702476
gha,2013,3785079
gha,2014,3867190
gha,2015,3950238
gha,2016,4035296
gib,2002,2140
gin,1970,621970
gin,1971,626185
gin,1972,630561
gin,1973,634477
gin,1974,637122
gin,1975,637802
gin,1976,635526
gin,1977,635069
gin,1978,637034
gin,1979,641464
gin,1980,647802
gin,1981,655004
gin,1982,669253
gin,1983,689016
gin,1984,712363
gin,1985,736931
gin,1986,760579
gin,1987,788078
gin,1988,818353
gin,1989,852191
gin,1990,890587
gin,1991,932886
gin,1992,989494
gin,1993,1054935
gin,1994,1123208
gin,1995,1186748
gin,1996,1240277
gin,1997,1284508
gin,1998,1321507
gin,1999,1353130
gin,2000,1381388
gin,2001,1406980
gin,2002,1434905
gin,2003,1463964
gin,2004,1493979
gin,2005,1524468
gin,2006,1554380
gin,2007,1590287
gin,2008,1631102
gin,2009,1674864
gin,2010,1718722
gin,2011,1760128
gin,2012,1804250
gin,2013,1849532
gin,2014,1895315
gin,2015,1940950
gin,2016,1985627
gmb,1970,58673
gmb,1971,60349
gmb,1972,64143
gmb,1973,67757
gmb,1974,71328
gmb,1975,74940
gmb,1976,78506
gmb,1977,77926
gmb,1978,77207
gmb,1979,81642
gmb,1980,85375
gmb,1981,88323
gmb,1982,92159
gmb,1983,95696
gmb,1984,99547
gmb,1985,104075
gmb,1986,109253
gmb,1987,115565
gmb,1988,122575
gmb,1989,129612
gmb,1990,135997
gmb,1991,147770
gmb,1992,154959
gmb,1993,161342
gmb,1994,166959
gmb,1995,171777
gmb,1996,175729
gmb,1997,179967
gmb,1998,184198
gmb,1999,188545
gmb,2000,192978
gmb,2001,197440
gmb,2002,203899
gmb,2003,211019
gmb,2004,218577
gmb,2005,226396
gmb,2006,234315
gmb,2007,243533
gmb,2008,252917
gmb,2009,262277
gmb,2010,271499
gmb,2011,280459
gmb,2012,290469
gmb,2013,300532
gmb,2014,310587
gmb,2015,320571
gmb,2016,330414
gnb,1970,100930
gnb,1971,102056
gnb,1972,103681
gnb,1973,105596
gnb,1974,107597
gnb,1975,109542
gnb,1976,111249
gnb,1977,113414
gnb,1978,115927
gnb,1979,118679
gnb,1980,121477
gnb,1981,124101
gnb,1982,127396
gnb,1983,130985
gnb,1984,134714
gnb,1985,138424
gnb,1986,141917
gnb,1987,145877
gnb,1988,150671
gnb,1989,156166
gnb,1990,161980
gnb,1991,167743
gnb,1992,174097
gnb,1993,180213
gnb,1994,185658
gnb,1995,190233
gnb,1996,193665
gnb,1997,197134
gnb,1998,200902
gnb,1999,204970
gnb,2000,208976
gnb,2001,212600
gnb,2002,216640
gnb,2003,220688
gnb,2004,224493
gnb,2005,227881
gnb,2006,230629
gnb,2007,233778
gnb,2008,237335
gnb,2009,241271
gnb,2010,245383
gnb,2011,255538
gnb,2012,260834
gnb,2013,266636
gnb,2014,272680
gnb,2015,278681
gnb,2016,277021
gnq,1970,34948
gnq,1971,34751
gnq,1972,35505
gnq,1973,36083
gnq,1974,36454
gnq,1975,36645
gnq,1976,36622
gnq,1977,35743
gnq,1978,34792
gnq,1979,33842
gnq,1980,33046
gnq,1981,32565
gnq,1982,31179
gnq,1983,30327
gnq,1984,29692
gnq,1985,29110
gnq,1986,28710
gnq,1987,29516
gnq,1988,31024
gnq,1989,33423
gnq,1990,36690
gnq,1991,40446
gnq,1992,44398
gnq,1993,48589
gnq,1994,52878
gnq,1995,57048
gnq,1996,60882
gnq,1997,64789
gnq,1998,64530
gnq,1999,67621
gnq,2000,69948
gnq,2001,71576
gnq,2002,73370
gnq,2003,75212
gnq,2004,77041
gnq,2005,78800
gnq,2006,80446
gnq,2007,97693
gnq,2008,99939
gnq,2009,102121
gnq,2010,104290
gnq,2011,106469
gnq,2012,108965
gnq,2013,111732
gnq,2014,114773
gnq,2015,118043
gnq,2016,121491
grc,1970,860193
grc,1971,847242
grc,1972,841300
grc,1973,844985
grc,1974,857184
grc,1975,875799
grc,1976,895886
grc,1977,910468
grc,1978,916075
grc,1979,911324
grc,1980,895574
grc,1981,872187
grc,1982,854048
grc,1983,842829
grc,1984,838285
grc,1985,839847
grc,1986,844539
grc,1987,852466
grc,1988,855125
grc,1989,851378
grc,1990,839848
grc,1991,819916
grc,1992,804248
grc,1993,787070
grc,1994,767757
grc,1995,745991
grc,1996,722372
grc,1997,703902
grc,1998,688299
grc,1999,676240
grc,2000,668181
grc,2001,663057
grc,2002,662010
grc,2003,660740
grc,2004,658941
grc,2005,656258
grc,2006,652563
grc,2007,647476
grc,2008,643955
grc,2009,641845
grc,2010,641011
grc,2011,641321
grc,2012,641248
grc,2013,642524
grc,2014,644082
grc,2015,644856
grc,2016,643989
grd,1970,24729
grd,1971,24451
grd,1972,23462
grd,1973,22164
grd,1974,20656
grd,1975,19092
grd,1976,17719
grd,1977,16756
grd,1978,16302
grd,1979,16260
grd,1980,16485
grd,1981,16764
grd,1982,16731
grd,1983,16723
grd,1984,16671
grd,1985,16521
grd,1986,16301
grd,1987,16028
grd,1988,15896
grd,1989,15981
grd,1990,16362
grd,1991,16995
grd,1992,17651
grd,1993,18232
grd,1994,18724
grd,1995,19068
grd,1996,19214
grd,1997,19333
grd,1998,19077
grd,1999,18510
grd,2000,17739
grd,2001,16936
grd,2002,16205
grd,2003,15635
grd,2004,15206
grd,2005,14878
grd,2006,14578
grd,2007,14265
grd,2008,13921
grd,2009,13565
grd,2010,13217
grd,2011,12910
grd,2012,12687
grd,2013,12611
grd,2014,12665
grd,2015,12821
grd,2016,13015
gtm,1970,864413
gtm,1971,891371
gtm,1972,919802
gtm,1973,948211
gtm,1974,975759
gtm,1975,1001453
gtm,1976,1029861
gtm,1977,1060020
gtm,1978,1091971
gtm,1979,1125065
gtm,1980,1158564
gtm,1981,1194856
gtm,1982,1233238
gtm,1983,1273029
gtm,1984,1313632
gtm,1985,1354297
gtm,1986,1395111
gtm,1987,1438457
gtm,1988,1483335
gtm,1989,1527985
gtm,1990,1570854
gtm,1991,1615069
gtm,1992,1653672
gtm,1993,1685379
gtm,1994,1710826
gtm,1995,1730134
gtm,1996,1745649
gtm,1997,1766779
gtm,1998,1796485
gtm,1999,1834085
gtm,2000,1879274
gtm,2001,1925848
gtm,2002,1973521
gtm,2003,2019294
gtm,2004,2062905
gtm,2005,2103636
gtm,2006,2142186
gtm,2007,2178721
gtm,2008,2212660
gtm,2009,2267794
gtm,2010,2267794
gtm,2011,2291242
gtm,2012,2309756
gtm,2013,2323668
gtm,2014,2333615
gtm,2015,2339997
gtm,2016,2344590
guy,1970,132427
guy,1971,135019
guy,1972,135047
guy,1973,133373
guy,1974,130684
guy,1975,127996
guy,1976,126443
guy,1977,127036
guy,1978,128364
guy,1979,130022
guy,1980,131385
guy,1981,131890
guy,1982,131618
guy,1983,130502
guy,1984,128112
guy,1985,124016
guy,1986,118094
guy,1987,113005
guy,1988,109099
guy,1989,105660
guy,1990,101920
guy,1991,97250
guy,1992,95700
guy,1993,96355
guy,1994,98277
guy,1995,100350
guy,1996,101442
guy,1997,98880
guy,1998,98007
guy,1999,98874
guy,2000,101613
guy,2001,106071
guy,2002,109274
guy,2003,112508
guy,2004,115407
guy,2005,117565
guy,2006,118845
guy,2007,118113
guy,2008,117792
guy,2009,117351
guy,2010,116247
guy,2011,114333
guy,2012,110592
guy,2013,105615
guy,2014,99580
guy,2015,92795
guy,2016,85865
hic,1970,86228096
hic,1971,86480984
hic,1972,86503256
hic,1973,86231016
hic,1974,85658048
hic,1975,84810032
hic,1976,83779128
hic,1977,83020240
hic,1978,82393320
hic,1979,81882288
hic,1980,81614608
hic,1981,81242384
hic,1982,80795384
hic,1983,80183824
hic,1984,79428496
hic,1985,78552112
hic,1986,77632928
hic,1987,77025752
hic,1988,76702776
hic,1989,76657120
hic,1990,76838664
hic,1991,77095432
hic,1992,77445232
hic,1993,77620320
hic,1994,77633112
hic,1995,77727152
hic,1996,77942520
hic,1997,78439056
hic,1998,77861528
hic,1999,77868416
hic,2000,77893888
hic,2001,77788208
hic,2002,77538304
hic,2003,77007432
hic,2004,76338328
hic,2005,75592048
hic,2006,74878776
hic,2007,74448120
hic,2008,74097808
hic,2009,73869608
hic,2010,73727704
hic,2011,73735992
hic,2012,73653968
hic,2013,73808256
hic,2014,74185136
hic,2015,74691416
hkg,1970,634931
hnd,1970,455792
hnd,1971,469812
hnd,1972,485646
hnd,1973,502722
hnd,1974,520253
hnd,1975,537438
hnd,1976,555729
hnd,1977,573614
hnd,1978,590470
hnd,1979,606052
hnd,1980,619966
hnd,1981,633797
hnd,1982,649832
hnd,1983,668570
hnd,1984,689518
hnd,1985,712248
hnd,1986,736089
hnd,1987,760703
hnd,1988,785060
hnd,1989,808766
hnd,1990,831333
hnd,1991,853715
hnd,1992,875335
hnd,1993,896008
hnd,1994,915506
hnd,1995,933585
hnd,1996,949881
hnd,1997,966792
hnd,1998,984621
hnd,1999,1003164
hnd,2000,1022214
hnd,2001,1039730
hnd,2002,1056257
hnd,2003,1087751
hnd,2004,1097140
hnd,2005,1103651
hnd,2006,1107994
hnd,2007,1109335
hnd,2008,1107352
hnd,2009,1101910
hnd,2010,1093562
hnd,2011,1084018
hnd,2012,1074223
hnd,2013,1064147
hnd,2014,1053638
hnd,2015,1042453
hnd,2016,1031219
hpc,1970,35978312
hpc,1971,36827876
hpc,1972,37834340
hpc,1973,38802828
hpc,1974,39869328
hpc,1975,40659024
hpc,1976,41598000
hpc,1977,42438832
hpc,1978,43520264
hpc,1979,44623252
hpc,1980,45569064
hpc,1981,46626400
hpc,1982,47863064
hpc,1983,49153440
hpc,1984,50534400
hpc,1985,51885720
hpc,1986,53204680
hpc,1987,55091384
hpc,1988,56735120
hpc,1989,58411508
hpc,1990,60049160
hpc,1991,61686020
hpc,1992,63483112
hpc,1993,65483420
hpc,1994,67495800
hpc,1995,69404920
hpc,1996,71197144
hpc,1997,73074656
hpc,1998,75872152
hpc,1999,77794368
hpc,2000,79822224
hpc,2001,81845552
hpc,2002,84053568
hpc,2003,86457136
hpc,2004,89003912
hpc,2005,91588872
hpc,2006,94172512
hpc,2007,96937560
hpc,2008,99798688
hpc,2009,102690744
hpc,2010,105567784
hpc,2011,108325808
hpc,2012,111191344
hpc,2013,114106768
hpc,2014,116973312
hrv,1970,285667
hrv,1971,281717
hrv,1972,277721
hrv,1973,273115
hrv,1974,267807
hrv,1975,262121
hrv,1976,256811
hrv,1977,252307
hrv,1978,250002
hrv,1979,250627
hrv,1980,253995
hrv,1981,258736
hrv,1982,262623
hrv,1983,265286
hrv,1984,266128
hrv,1985,265157
hrv,1986,263230
hrv,1987,262209
hrv,1988,261674
hrv,1989,261663
hrv,1990,261852
hrv,1991,261477
hrv,1992,260388
hrv,1993,257947
hrv,1994,253775
hrv,1995,247856
hrv,1996,240694
hrv,1997,233648
hrv,1998,226184
hrv,1999,217996
hrv,2000,209457
hrv,2001,201509
hrv,2002,193633
hrv,2003,188746
hrv,2004,187683
hrv,2005,189949
hrv,2006,193389
hrv,2007,195178
hrv,2008,194425
hrv,2009,190063
hrv,2010,182424
hrv,2011,173650
hrv,2012,167044
hrv,2013,163043
hrv,2014,162649
hrv,2015,165729
hrv,2016,170435
hti,1970,715036
hti,1971,732349
hti,1972,750115
hti,1973,767409
hti,1974,782911
hti,1975,795747
hti,1976,804866
hti,1977,828833
hti,1978,838505
hti,1979,847391
hti,1980,855089
hti,1981,862123
hti,1982,874078
hti,1983,892160
hti,1984,916076
hti,1985,945473
hti,1986,978815
hti,1987,1014145
hti,1988,1055481
hti,1989,1101295
hti,1990,1149018
hti,1991,1194636
hti,1992,1238492
hti,1993,1273076
hti,1994,1297225
hti,1995,1310576
hti,1996,1315412
hti,1997,1320964
hti,1998,1327986
hti,1999,1335832
hti,2000,1343855
hti,2001,1351238
hti,2002,1357856
hti,2003,1365635
hti,2004,1374314
hti,2005,1383319
hti,2006,1391491
hti,2007,1399447
hti,2008,1405945
hti,2009,1410561
hti,2010,1413044
hti,2011,1413711
hti,2012,1415113
hti,2013,1419142
hti,2014,1425090
hti,2015,1431916
hti,2016,1438058
hun,1970,570190
hun,1971,538950
hun,1972,512395
hun,1973,497778
hun,1974,499429
hun,1975,516586
hun,1976,541886
hun,1977,562726
hun,1978,580454
hun,1979,592883
hun,1980,600119
hun,1981,605529
hun,1982,614294
hun,1983,627900
hun,1984,647425
hun,1985,670447
hun,1986,690682
hun,1987,703092
hun,1988,697905
hun,1989,670086
hun,1990,622449
hun,1991,566726
hun,1992,523377
hun,1993,493180
hun,1994,480349
hun,1995,484235
hun,1996,496524
hun,1997,499559
hun,1998,500723
hun,1999,499481
hun,2000,495268
hun,2001,488566
hun,2002,482500
hun,2003,472852
hun,2004,458139
hun,2005,438962
hun,2006,418357
hun,2007,401311
hun,2008,388302
hun,2009,381150
hun,2010,380054
hun,2011,382719
hun,2012,383682
hun,2013,385184
hun,2014,387167
hun,2015,389258
hun,2016,391123
idn,1970,17765682
idn,1971,18287048
idn,1972,18800512
idn,1973,19324958
idn,1974,19865636
idn,1975,20400510
idn,1976,20910976
idn,1977,21430716
idn,1978,21933532
idn,1979,22404590
idn,1980,22836892
idn,1981,23219908
idn,1982,23603560
idn,1983,23976832
idn,1984,24337668
idn,1985,24677902
idn,1986,24989192
idn,1987,25290414
idn,1988,25594142
idn,1989,25891438
idn,1990,26166354
idn,1991,26404892
idn,1992,26656612
idn,1993,26831452
idn,1994,26908544
idn,1995,26888202
idn,1996,26767596
idn,1997,26591420
idn,1998,26426518
idn,1999,26301936
idn,2000,26208386
idn,2001,26137632
idn,2002,26319028
idn,2003,26537144
idn,2004,26777788
idn,2005,27042530
idn,2006,27330476
idn,2007,27322454
idn,2008,27438332
idn,2009,27650132
idn,2010,27924582
idn,2011,28225132
idn,2012,28322722
idn,2013,28313428
idn,2014,28218430
idn,2015,28057628
idn,2016,27844164
ind,1970,71018576
ind,1971,72332448
ind,1972,73918704
ind,1973,75493896
ind,1974,76970360
ind,1975,78290120
ind,1976,79441936
ind,1977,81028160
ind,1978,82736792
ind,1979,84495728
ind,1980,86212520
ind,1981,87779424
ind,1982,89719504
ind,1983,91630184
ind,1984,93444296
ind,1985,95140240
ind,1986,96738656
ind,1987,98748624
ind,1988,101011720
ind,1989,103468256
ind,1990,105971872
ind,1991,108276128
ind,1992,110615592
ind,1993,112663016
ind,1994,114317280
ind,1995,115550888
ind,1996,116449784
ind,1997,117615072
ind,1998,118640960
ind,1999,119478920
ind,2000,120113528
ind,2001,120563504
ind,2002,121227392
ind,2003,121955840
ind,2004,122739584
ind,2005,123530080
ind,2006,124219408
ind,2007,124969016
ind,2008,125666240
ind,2009,126279360
ind,2010,126771584
ind,2011,127102344
ind,2012,127435104
ind,2013,127644072
ind,2014,127693736
ind,2015,127548104
irl,1970,356803
irl,1971,366104
irl,1972,374143
irl,1973,379376
irl,1974,381460
irl,1975,380344
irl,1976,377298
irl,1977,376043
irl,1978,380248
irl,1979,389467
irl,1980,402754
irl,1981,417518
irl,1982,429826
irl,1983,438074
irl,1984,442171
irl,1985,442327
irl,1986,439518
irl,1987,435840
irl,1988,431949
irl,1989,427970
irl,1990,424009
irl,1991,419850
irl,1992,413921
irl,1993,405643
irl,1994,394994
irl,1995,382066
irl,1996,367847
irl,1997,454637
irl,1998,457090
irl,1999,444178
irl,2000,434155
irl,2001,426826
irl,2002,420325
irl,2003,418444
irl,2004,420491
irl,2005,425604
irl,2006,432495
irl,2007,440545
irl,2008,450736
irl,2009,462205
irl,2010,474204
irl,2011,486148
irl,2012,500033
irl,2013,513088
irl,2014,525347
irl,2015,537185
irl,2016,548603
irn,1970,4657382
irn,1971,4766445
irn,1972,4126810
irn,1973,4226963
irn,1974,4325094
irn,1975,4419699
irn,1976,4511615
irn,1977,4626878
irn,1978,4747191
irn,1979,4874114
irn,1980,5011924
irn,1981,5166947
irn,1982,5385457
irn,1983,5640772
irn,1984,5935448
irn,1985,6269396
irn,1986,6632950
irn,1987,7031300
irn,1988,7458508
irn,1989,7891829
irn,1990,8291522
irn,1991,8610482
irn,1992,8886668
irn,1993,9083504
irn,1994,9185787
irn,1995,9195869
irn,1996,9132340
irn,1997,9017410
irn,1998,8843453
irn,1999,8595908
irn,2000,8280424
irn,2001,7932177
irn,2002,7515122
irn,2003,7070699
irn,2004,6626960
irn,2005,6201489
irn,2006,5792544
irn,2007,5555811
irn,2008,5393477
irn,2009,5316833
irn,2010,5322886
irn,2011,5387281
irn,2012,5458521
irn,2013,6636655
irn,2014,6815167
irn,2015,7042284
irq,1970,1403319
irq,1971,1549097
irq,1972,1634925
irq,1973,1731421
irq,1974,1837449
irq,1975,1949816
irq,1976,2061665
irq,1977,2175783
irq,1978,2272900
irq,1979,2350824
irq,1980,2409172
irq,1981,2452913
irq,1982,2507875
irq,1983,2569215
irq,1984,2634575
irq,1985,2700820
irq,1986,2764527
irq,1987,2831651
irq,1988,2894090
irq,1989,2953525
irq,1990,3012652
irq,1991,3073921
irq,1992,3128242
irq,1993,3194469
irq,1994,3270566
irq,1995,3353267
irq,1996,3438718
irq,1997,3524078
irq,1998,3608324
irq,1999,3690697
irq,2000,3771229
irq,2001,3851209
irq,2002,3940868
irq,2003,4041851
irq,2004,4151898
irq,2005,4266827
irq,2006,4380859
irq,2007,4498954
irq,2008,4600838
irq,2009,4691405
irq,2010,4778838
irq,2011,4873786
irq,2012,4976366
irq,2013,5114516
irq,2014,5283400
irq,2015,5475069
isl,1970,27495
isl,1971,27571
isl,1972,27630
isl,1973,27550
isl,1974,27332
isl,1975,26979
isl,1976,26505
isl,1977,25971
isl,1978,25504
isl,1979,25173
isl,1980,24988
isl,1981,24954
isl,1982,25049
isl,1983,25153
isl,1984,25210
isl,1985,25218
isl,1986,25177
isl,1987,25126
isl,1988,25097
isl,1989,25107
isl,1990,25141
isl,1991,29445
isl,1992,29582
isl,1993,29671
isl,1994,29711
isl,1995,29741
isl,1996,29786
isl,1997,29835
isl,1998,29994
isl,1999,30264
isl,2000,30611
isl,2001,31000
isl,2002,31432
isl,2003,31661
isl,2004,31650
isl,2005,31435
isl,2006,31059
isl,2007,30685
isl,2008,30357
isl,2009,30123
isl,2010,29961
isl,2011,29866
isl,2012,29784
isl,2013,29837
isl,2014,30032
isl,2015,30386
isl,2016,30894
isr,1970,353054
isr,1971,359331
isr,1972,367586
isr,1973,376079
isr,1974,384773
isr,1975,393616
isr,1976,402799
isr,1977,413818
isr,1978,427759
isr,1979,444558
isr,1980,463813
isr,1981,483975
isr,1982,502902
isr,1983,518356
isr,1984,530044
isr,1985,537793
isr,1986,542369
isr,1987,546104
isr,1988,548163
isr,1989,549399
isr,1990,551122
isr,1991,554693
isr,1992,562589
isr,1993,574551
isr,1994,588450
isr,1995,601464
isr,1996,611285
isr,1997,619548
isr,1998,626281
isr,1999,632234
isr,2000,638572
isr,2001,646241
isr,2002,655154
isr,2003,666152
isr,2004,679989
isr,2005,697283
isr,2006,717451
isr,2007,734612
isr,2008,750320
isr,2009,763903
isr,2010,774518
isr,2011,782486
isr,2012,797468
isr,2013,812170
isr,2014,827154
isr,2015,843421
isr,2016,861557
ita,1970,4387311
ita,1971,4474405
ita,1972,4547021
ita,1973,4592469
ita,1974,4604264
ita,1975,4584377
ita,1976,4546733
ita,1977,4519506
ita,1978,4488635
ita,1979,4451999
ita,1980,4404877
ita,1981,4338948
ita,1982,4260649
ita,1983,4157360
ita,1984,4026617
ita,1985,3872410
ita,1986,3708192
ita,1987,3555877
ita,1988,3415565
ita,1989,3292926
ita,1990,3189925
ita,1991,3100951
ita,1992,3020636
ita,1993,2954900
ita,1994,2904791
ita,1995,2867851
ita,1996,2838117
ita,1997,2811917
ita,1998,2789162
ita,1999,2770690
ita,2000,2757269
ita,2001,2748980
ita,2002,2747924
ita,2003,2746279
ita,2004,2741054
ita,2005,2731700
ita,2006,2722403
ita,2007,2724341
ita,2008,2731452
ita,2009,2744672
ita,2010,2762931
ita,2011,2781215
ita,2012,2794769
ita,2013,2807777
ita,2014,2819229
ita,2015,2826922
ita,2016,2827932
jam,1970,290892
jam,1971,353083
jam,1972,361482
jam,1973,368770
jam,1974,374226
jam,1975,377101
jam,1976,377238
jam,1977,370220
jam,1978,364007
jam,1979,358570
jam,1980,353871
jam,1981,350131
jam,1982,348322
jam,1983,345915
jam,1984,342478
jam,1985,337632
jam,1986,331580
jam,1987,325415
jam,1988,322824
jam,1989,323578
jam,1990,327159
jam,1991,332073
jam,1992,335153
jam,1993,337017
jam,1994,337523
jam,1995,336725
jam,1996,335065
jam,1997,334081
jam,1998,334580
jam,1999,336071
jam,2000,338000
jam,2001,339848
jam,2002,339977
jam,2003,340318
jam,2004,340671
jor,1970,252603
jor,1971,270070
jor,1972,286082
jor,1973,300369
jor,1974,313199
jor,1975,325297
jor,1976,337049
jor,1977,355210
jor,1978,374355
jor,1979,394429
jor,1980,415098
jor,1981,435292
jor,1982,453342
jor,1983,469573
jor,1984,483526
jor,1985,494858
jor,1986,504171
jor,1987,517387
jor,1988,533536
jor,1989,554132
jor,1990,581107
jor,1991,614809
jor,1992,639411
jor,1993,660034
jor,1994,674292
jor,1995,679437
jor,1996,675873
jor,1997,683568
jor,1998,690225
jor,1999,697053
jor,2000,705664
jor,2001,716323
jor,2002,724762
jor,2003,734638
jor,2004,746975
jor,2005,762581
jor,2006,781115
jor,2007,807665
jor,2008,837783
jor,2009,869483
jor,2010,900555
jor,2011,929925
jor,2012,957393
jor,2013,982998
jor,2014,1006537
jor,2015,1027989
jpn,1970,9447563
jpn,1971,9617639
jpn,1972,9778431
jpn,1973,9933664
jpn,1974,10080097
jpn,1975,10217502
jpn,1976,10352928
jpn,1977,10515336
jpn,1978,10749733
jpn,1979,11046681
jpn,1980,11385013
jpn,1981,11712558
jpn,1982,11946575
jpn,1983,11976144
jpn,1984,11795847
jpn,1985,11416903
jpn,1986,10910121
jpn,1987,10430149
jpn,1988,10021204
jpn,1989,9692405
jpn,1990,9450881
jpn,1991,9274239
jpn,1992,9070391
jpn,1993,8846138
jpn,1994,8612079
jpn,1995,8376697
jpn,1996,8149960
jpn,1997,7946389
jpn,1998,7759038
jpn,1999,7592758
jpn,2000,7452744
jpn,2001,7340203
jpn,2002,7245998
jpn,2003,7174005
jpn,2004,7124715
jpn,2005,7096437
jpn,2006,7081215
jpn,2007,7079742
jpn,2008,7061028
jpn,2009,7018456
jpn,2010,6946534
jpn,2011,6849208
jpn,2012,6768278
jpn,2013,6696234
jpn,2014,6633304
jpn,2015,6580834
jpn,2016,6537452
kaz,1970,1043420
kaz,1971,1054449
kaz,1972,1060562
kaz,1973,1049228
kaz,1974,1019358
kaz,1975,979258
kaz,1976,940991
kaz,1977,914193
kaz,1978,903664
kaz,1979,911161
kaz,1980,930821
kaz,1981,952944
kaz,1982,967241
kaz,1983,978251
kaz,1984,982631
kaz,1985,982705
kaz,1986,983037
kaz,1987,987465
kaz,1988,996108
kaz,1989,1006335
kaz,1990,1015520
kaz,1991,1021278
kaz,1992,1017168
kaz,1993,1016845
kaz,1994,1021816
kaz,1995,1352955
kaz,1996,1357498
kaz,1997,1357014
kaz,1998,1340057
kaz,1999,1304149
kaz,2000,1253233
kaz,2001,1197847
kaz,2002,1146964
kaz,2003,1098506
kaz,2004,1051557
kaz,2005,1006794
kaz,2006,967167
kaz,2007,930844
kaz,2008,901583
kaz,2009,886993
kaz,2010,890282
kaz,2011,907788
kaz,2012,923758
kaz,2013,955115
kaz,2014,1007898
kaz,2015,1081754
kaz,2016,1169032
ken,1970,2011594
ken,1971,2090688
ken,1972,2173293
ken,1973,2257883
ken,1974,2343090
ken,1975,2428068
ken,1976,2524474
ken,1977,2630545
ken,1978,2744227
ken,1979,2862746
ken,1980,2982441
ken,1981,3112638
ken,1982,3246041
ken,1983,3380511
ken,1984,3514041
ken,1985,3645180
ken,1986,3785054
ken,1987,3929866
ken,1988,4077349
ken,1989,4225427
ken,1990,4370443
ken,1991,4516550
ken,1992,4661869
ken,1993,4799253
ken,1994,4919148
ken,1995,5014249
ken,1996,5126124
ken,1997,5203096
ken,1998,5246661
ken,1999,5262000
ken,2000,5261739
ken,2001,5285183
ken,2002,5335158
ken,2003,5412434
ken,2004,5516816
ken,2005,5642463
ken,2006,5779287
ken,2007,5937611
ken,2008,6116352
ken,2009,6312691
ken,2010,6518431
ken,2011,6727057
ken,2012,6934503
ken,2013,7135249
ken,2014,7323432
ken,2015,7496022
ken,2016,7671792
kgz,1970,253544
kgz,1971,259065
kgz,1972,263744
kgz,1973,264305
kgz,1974,260645
kgz,1975,254912
kgz,1976,249982
kgz,1977,246561
kgz,1978,246868
kgz,1979,251214
kgz,1980,257900
kgz,1981,264325
kgz,1982,270354
kgz,1983,275057
kgz,1984,277438
kgz,1985,278488
kgz,1986,279956
kgz,1987,284398
kgz,1988,291174
kgz,1989,300194
kgz,1990,310178
kgz,1991,319371
kgz,1992,326534
kgz,1993,333573
kgz,1994,340779
kgz,1995,348130
kgz,1996,467549
kgz,1997,476619
kgz,1998,483700
kgz,1999,486863
kgz,2000,485056
kgz,2001,479139
kgz,2002,475114
kgz,2003,468023
kgz,2004,457572
kgz,2005,444199
kgz,2006,428857
kgz,2007,418654
kgz,2008,409903
kgz,2009,403121
kgz,2010,398786
kgz,2011,397161
kgz,2012,393717
kgz,2013,395068
kgz,2014,403673
kgz,2015,420285
kgz,2016,443008
khm,1970,1205514
khm,1971,1223008
khm,1972,1243457
khm,1973,1263318
khm,1974,1277552
khm,1975,1281424
khm,1976,1273354
khm,1977,1247183
khm,1978,834895
khm,1979,818142
khm,1980,802318
khm,1981,785228
khm,1982,777976
khm,1983,755846
khm,1984,718769
khm,1985,679771
khm,1986,659453
khm,1987,826970
khm,1988,874772
khm,1989,983138
khm,1990,1140964
khm,1991,1311456
khm,1992,1456054
khm,1993,1568911
khm,1994,1642904
khm,1995,1681891
khm,1996,1703904
khm,1997,2066267
khm,1998,2093824
khm,1999,2108080
khm,2000,2111500
khm,2001,2106016
khm,2002,2115524
khm,2003,2115856
khm,2004,2101500
khm,2005,2066397
khm,2006,2011450
khm,2007,1946492
khm,2008,1898143
khm,2009,1864075
khm,2010,1841745
khm,2011,1827595
khm,2012,1808517
khm,2013,1808784
khm,2014,1828930
khm,2015,1867795
khm,2016,1918100
kir,1970,10614
kir,1971,10774
kir,1972,10885
kir,1973,10933
kir,1974,10900
kir,1975,10776
kir,1976,10665
kir,1977,10525
kir,1978,10376
kir,1979,10220
kir,1980,10062
kir,1981,9931
kir,1982,9879
kir,1983,9956
kir,1984,10172
kir,1985,10539
kir,1986,10969
kir,1987,11428
kir,1988,11848
kir,1989,12225
kir,1990,12550
kir,1991,12924
kir,1992,13296
kir,1993,13675
kir,1994,14044
kir,1995,14386
kir,1996,14687
kir,1997,14931
kir,1998,15122
kir,1999,13208
kir,2000,13288
kir,2001,13294
kir,2002,13388
kir,2003,13602
kir,2004,13954
kir,2005,14407
kir,2006,14839
kir,2007,14870
kir,2008,14568
kir,2009,14047
kir,2010,13492
kir,2011,13142
kir,2012,13172
kir,2013,13578
kir,2014,14315
kir,2015,15235
kir,2016,16074
kna,1970,11055
kna,1971,11008
kna,1972,10493
kna,1973,10069
kna,1974,9728
kna,1975,9469
kna,1976,9312
kna,1977,8953
kna,1978,8554
kna,1979,8156
kna,1980,7802
kna,1981,7528
kna,1982,7413
kna,1983,7324
kna,1984,7256
kna,1985,7201
kna,1986,7144
kna,1987,6982
kna,1988,6863
kna,1989,6783
kna,1990,6750
kna,1991,6756
kna,1992,6666
kna,1993,6618
kna,1994,6605
kna,1995,6616
kna,1996,6653
kna,1997,6621
kna,1998,6582
kna,1999,6545
kna,2000,6523
kna,2001,6529
kna,2002,6452
kna,2003,6395
kna,2004,6375
kna,2005,6406
kna,2006,6484
kna,2007,6625
kna,2008,6702
kna,2009,6720
kna,2010,6692
kna,2011,6642
kna,2012,6613
kna,2013,6602
kna,2014,6609
kna,2015,6625
kna,2016,6645
kor,1970,5487511
kor,1971,5440893
kor,1972,5416743
kor,1973,5406729
kor,1974,5402797
kor,1975,5399208
kor,1976,5347758
kor,1977,5324534
kor,1978,5324691
kor,1979,5340378
kor,1980,5359751
kor,1981,5342364
kor,1982,5293633
kor,1983,5209503
kor,1984,5090188
kor,1985,4949938
kor,1986,4800029
kor,1987,4699761
kor,1988,4644506
kor,1989,4624983
kor,1990,4619252
kor,1991,4582408
kor,1992,4486692
kor,1993,4338333
kor,1994,4149249
kor,1995,3946059
kor,1996,3789790
kor,1997,3717189
kor,1998,3731090
kor,1999,3829316
kor,2000,3980305
kor,2001,4049919
kor,2002,4009276
kor,2003,3893935
kor,2004,3747103
kor,2005,3611588
kor,2006,3642822
kor,2007,3628961
kor,2008,3562501
kor,2009,3433264
kor,2010,3244037
kor,2011,3062853
kor,2012,2919096
kor,2013,2818170
kor,2014,2764734
kor,2015,2749007
kor,2016,2749007
kwt,1970,77452
kwt,1971,85528
kwt,1972,92721
kwt,1973,98697
kwt,1974,103794
kwt,1975,108941
kwt,1976,115225
kwt,1977,121421
kwt,1978,128854
kwt,1979,136600
kwt,1980,143557
kwt,1981,148628
kwt,1982,153106
kwt,1983,156434
kwt,1984,158700
kwt,1985,160836
kwt,1986,163733
kwt,1987,171585
kwt,1988,181912
kwt,1989,193500
kwt,1990,202843
kwt,1991,206287
kwt,1992,194404
kwt,1993,177624
kwt,1994,159892
kwt,1995,145914
kwt,1996,139194
kwt,1997,136183
kwt,1998,134852
kwt,1999,134249
kwt,2000,133709
kwt,2001,133955
kwt,2002,136460
kwt,2003,140159
kwt,2004,145281
kwt,2005,186580
kwt,2006,196396
kwt,2007,201810
kwt,2008,205489
kwt,2009,207284
kwt,2010,207907
kwt,2011,209443
kwt,2012,217268
kwt,2013,229611
kwt,2014,245984
lac,1970,38549624
lac,1971,39727584
lac,1972,40784176
lac,1973,41692968
lac,1974,42436620
lac,1975,43051212
lac,1976,43766996
lac,1977,44414816
lac,1978,45126416
lac,1979,45915264
lac,1980,46760260
lac,1981,47636008
lac,1982,48590020
lac,1983,49535064
lac,1984,50437552
lac,1985,51231904
lac,1986,51904388
lac,1987,52586340
lac,1988,53168120
lac,1989,53702832
lac,1990,54184408
lac,1991,54686600
lac,1992,55104528
lac,1993,55457708
lac,1994,55755436
lac,1995,56004236
lac,1996,56268032
lac,1997,56513244
lac,1998,56040432
lac,1999,55067928
lac,2000,56280072
lac,2001,55949780
lac,2002,56199088
lac,2003,56566960
lac,2004,57353256
lac,2005,57198312
lac,2006,57251384
lac,2007,57330132
lac,2008,56819120
lac,2009,56689240
lac,2010,57462808
lac,2011,55743872
lac,2012,55612720
lac,2013,58423972
lac,2014,58030696
lao,1970,411481
lao,1971,420487
lao,1972,432219
lao,1973,445203
lao,1974,458245
lao,1975,469922
lao,1976,479205
lao,1977,416765
lao,1978,427902
lao,1979,438911
lao,1980,450183
lao,1981,461680
lao,1982,473191
lao,1983,485401
lao,1984,497313
lao,1985,508146
lao,1986,517936
lao,1987,530274
lao,1988,543663
lao,1989,557728
lao,1990,572191
lao,1991,586743
lao,1992,604663
lao,1993,624834
lao,1994,646806
lao,1995,669647
lao,1996,691615
lao,1997,714188
lao,1998,737123
lao,1999,759352
lao,2000,779033
lao,2001,793939
lao,2002,806834
lao,2003,811862
lao,2004,808325
lao,2005,797556
lao,2006,783406
lao,2007,772293
lao,2008,761981
lao,2009,752861
lao,2010,745448
lao,2011,739927
lao,2012,736216
lao,2013,738909
lao,2014,748579
lao,2015,763806
lbn,1970,315215
lbn,1971,320047
lbn,1972,325451
lbn,1973,330549
lbn,1974,334370
lbn,1975,336049
lbn,1976,335566
lbn,1977,335238
lbn,1978,334092
lbn,1979,332854
lbn,1980,332345
lbn,1981,332838
lbn,1982,330048
lbn,1983,328401
lbn,1984,327315
lbn,1985,326044
lbn,1986,324133
lbn,1987,321870
lbn,1988,318894
lbn,1989,315583
lbn,1990,312492
lbn,1991,309846
lbn,1992,309615
lbn,1993,310822
lbn,1994,312324
lbn,1995,313032
lbn,1996,312708
lbn,1997,311970
lbn,1998,310076
lbn,1999,308439
lbn,2000,308562
lbn,2001,372759
lbn,2002,394829
lbn,2003,419724
lbn,2004,443261
lbn,2005,460312
lbn,2006,467973
lbn,2007,463951
lbn,2008,455528
lbn,2009,446413
lbn,2010,440867
lbn,2011,440469
lbn,2012,460415
lbn,2013,485480
lbn,2014,510970
lbn,2015,531798
lbr,1970,220378
lbr,1971,225848
lbr,1972,232892
lbr,1973,240369
lbr,1974,247980
lbr,1975,255424
lbr,1976,262464
lbr,1977,271187
lbr,1978,280587
lbr,1979,290507
lbr,1980,300781
lbr,1981,311041
lbr,1982,311522
lbr,1983,324782
lbr,1984,337392
lbr,1985,347482
lbr,1986,353830
lbr,1987,355873
lbr,1988,355465
lbr,1989,353192
lbr,1990,349568
lbr,1991,344840
lbr,1992,340050
lbr,1993,335494
lbr,1994,332818
lbr,1995,334030
lbr,1996,339538
lbr,1997,364225
lbr,1998,388588
lbr,1999,415700
lbr,2000,440379
lbr,2001,459955
lbr,2002,473914
lbr,2003,484929
lbr,2004,495744
lbr,2005,509658
lbr,2006,527901
lbr,2007,551754
lbr,2008,578932
lbr,2009,607434
lbr,2010,634645
lbr,2011,658823
lbr,2012,680697
lbr,2013,699321
lbr,2014,715102
lbr,2015,728738
lbr,2016,740963
lby,1970,324418
lby,1971,342830
lby,1972,362778
lby,1973,385177
lby,1974,409727
lby,1975,435902
lby,1976,462694
lby,1977,489693
lby,1978,515924
lby,1979,541247
lby,1980,565644
lby,1981,589096
lby,1982,611250
lby,1983,632529
lby,1984,652044
lby,1985,668655
lby,1986,681812
lby,1987,696959
lby,1988,708480
lby,1989,716765
lby,1990,722737
lby,1991,727469
lby,1992,731369
lby,1993,737408
lby,1994,745027
lby,1995,753055
lby,1996,759511
lby,1997,763562
lby,1998,759801
lby,1999,748506
lby,2000,730614
lby,2001,709032
lby,2002,689447
lby,2003,674526
lby,2004,664652
lby,2005,659975
lby,2006,659456
lby,2007,662369
lby,2008,667197
lby,2009,673318
lby,2010,679841
lby,2011,685966
lby,2012,696352
lby,2013,707915
lby,2014,721233
lby,2015,737208
lca,1970,23744
lca,1971,24819
lca,1972,24997
lca,1973,24996
lca,1974,24898
lca,1975,24793
lca,1976,24758
lca,1977,24884
lca,1978,24947
lca,1979,24947
lca,1980,24895
lca,1981,24830
lca,1982,24558
lca,1983,24424
lca,1984,24433
lca,1985,24579
lca,1986,24841
lca,1987,24355
lca,1988,23898
lca,1989,23555
lca,1990,23411
lca,1991,23544
lca,1992,23707
lca,1993,23849
lca,1994,23984
lca,1995,24115
lca,1996,24261
lca,1997,24372
lca,1998,24473
lca,1999,24528
lca,2000,24499
lca,2001,24352
lca,2002,24114
lca,2003,23767
lca,2004,23340
lca,2005,22868
lca,2006,22388
lca,2007,21963
lcn,1970,41009556
lcn,1971,42222240
lcn,1972,43295992
lcn,1973,44215216
lcn,1974,44962336
lcn,1975,45574180
lcn,1976,46286752
lcn,1977,46929436
lcn,1978,47633444
lcn,1979,48412084
lcn,1980,49379528
lcn,1981,50244424
lcn,1982,51192136
lcn,1983,52131656
lcn,1984,53029480
lcn,1985,53820016
lcn,1986,54488544
lcn,1987,55170168
lcn,1988,55758684
lcn,1989,56306344
lcn,1990,56804812
lcn,1991,57322444
lcn,1992,57759832
lcn,1993,58135848
lcn,1994,58458504
lcn,1995,58730624
lcn,1996,59013028
lcn,1997,59269296
lcn,1998,58676080
lcn,1999,57695944
lcn,2000,58891432
lcn,2001,58542896
lcn,2002,58768260
lcn,2003,59107504
lcn,2004,59861852
lcn,2005,59673540
lcn,2006,59695088
lcn,2007,59745728
lcn,2008,59208300
lcn,2009,59054072
lcn,2010,59805176
lcn,2011,58066556
lcn,2012,57917360
lcn,2013,60712396
lcn,2014,60305032
ldc,1970,50641820
ldc,1971,51831260
ldc,1972,52571084
ldc,1973,53830380
ldc,1974,55136200
ldc,1975,56094396
ldc,1976,57276064
ldc,1977,58255528
ldc,1978,59122972
ldc,1979,60378140
ldc,1980,61476728
ldc,1981,63526224
ldc,1982,64743592
ldc,1983,66414384
ldc,1984,68215816
ldc,1985,69981160
ldc,1986,71736112
ldc,1987,74216112
ldc,1988,76292688
ldc,1989,78403320
ldc,1990,80457856
ldc,1991,82554048
ldc,1992,84745464
ldc,1993,87045032
ldc,1994,89242888
ldc,1995,91237608
ldc,1996,93124736
ldc,1997,95444336
ldc,1998,98326792
ldc,1999,100302824
ldc,2000,102355408
ldc,2001,104464104
ldc,2002,106781408
ldc,2003,109343472
ldc,2004,111951632
ldc,2005,114512824
ldc,2006,117097384
ldc,2007,120876160
ldc,2008,123719560
ldc,2009,126593480
ldc,2010,129420872
ldc,2011,132184360
ldc,2012,134911936
ldc,2013,137647600
ldc,2014,140287072
lic,1970,30764624
lic,1971,31401500
lic,1972,31634268
lic,1973,32486208
lic,1974,33510800
lic,1975,34303160
lic,1976,35224208
lic,1977,35980916
lic,1978,36937576
lic,1979,37869840
lic,1980,38647872
lic,1981,40209276
lic,1982,41212620
lic,1983,42208528
lic,1984,43250644
lic,1985,44258500
lic,1986,45264468
lic,1987,46947596
lic,1988,48394792
lic,1989,49961528
lic,1990,51545200
lic,1991,53138956
lic,1992,54816792
lic,1993,56649364
lic,1994,58445820
lic,1995,60114708
lic,1996,61684508
lic,1997,63743176
lic,1998,65919224
lic,1999,67633128
lic,2000,69370496
lic,2001,71114864
lic,2002,72977640
lic,2003,75080312
lic,2004,77259104
lic,2005,79467152
lic,2006,81712016
lic,2007,84110064
lic,2008,86574720
lic,2009,89052296
lic,2010,91518000
lic,2011,93944936
lic,2012,96402352
lic,2013,99316624
lic,2014,101804184
lic,2015,104193784
lie,2003,2090
lie,2004,2076
lie,2006,2090
lie,2007,2095
lie,2008,2045
lie,2009,2018
lie,2010,1960
lie,2011,1919
lie,2012,1907
lie,2013,1897
lie,2014,1879
lie,2015,1871
lka,1970,1649728
lka,1971,1659801
lka,1972,1674982
lka,1973,1695438
lka,1974,1718669
lka,1975,1739117
lka,1976,1757316
lka,1977,1765898
lka,1978,2118337
lka,1979,2108689
lka,1980,2101887
lka,1981,2105985
lka,1982,2122631
lka,1983,2152220
lka,1984,2191008
lka,1985,2228992
lka,1986,2258599
lka,1987,1914972
lka,1988,1925682
lka,1989,1928012
lka,1990,1922181
lka,1991,1912502
lka,1992,1887284
lka,1993,1848365
lka,1994,1803138
lka,1995,1762357
lka,1996,1729430
lka,1997,1703422
lka,1998,1684766
lka,1999,1669774
lka,2000,1651988
lka,2001,1640231
lka,2002,1630722
lka,2003,1622892
lka,2004,1617667
lka,2005,1616802
lka,2006,1628448
lka,2007,1648207
lka,2008,1674746
lka,2009,1703071
lka,2010,1725860
lka,2011,1739971
lka,2012,1750460
lka,2013,1755933
lka,2014,1755519
lka,2015,1748853
lmc,1970,164317600
lmc,1971,167899840
lmc,1972,171917104
lmc,1973,175835744
lmc,1974,179559920
lmc,1975,182934912
lmc,1976,186119424
lmc,1977,189869584
lmc,1978,193866320
lmc,1979,198010592
lmc,1980,202098048
lmc,1981,206124960
lmc,1982,210464416
lmc,1983,215286464
lmc,1984,220095760
lmc,1985,224755120
lmc,1986,229275312
lmc,1987,234246688
lmc,1988,239753104
lmc,1989,245463328
lmc,1990,249819808
lmc,1991,255702496
lmc,1992,261121856
lmc,1993,266059568
lmc,1994,270354944
lmc,1995,273741728
lmc,1996,277105024
lmc,1997,281338976
lmc,1998,282941888
lmc,1999,284854720
lmc,2000,286310784
lmc,2001,287429888
lmc,2002,289323712
lmc,2003,290910496
lmc,2004,292813024
lmc,2005,296270080
lmc,2006,297882592
lmc,2007,299478496
lmc,2008,301297376
lmc,2009,303330592
lmc,2010,305404000
lmc,2011,307502560
lmc,2012,310007840
lmc,2013,312363520
lmc,2014,315655648
lmc,2015,317891584
lmy,1970,364011200
lmy,1971,374805472
lmy,1972,384525472
lmy,1973,395554272
lmy,1974,406579392
lmy,1975,416987648
lmy,1976,427218688
lmy,1977,437535328
lmy,1978,447217408
lmy,1979,454442112
lmy,1980,460727872
lmy,1981,465893632
lmy,1982,470806624
lmy,1983,475067104
lmy,1984,478147904
lmy,1985,479879360
lmy,1986,480760704
lmy,1987,483559232
lmy,1988,487644160
lmy,1989,493762112
lmy,1990,500493024
lmy,1991,510310240
lmy,1992,520064736
lmy,1993,530875200
lmy,1994,542589504
lmy,1995,555026432
lmy,1996,567885184
lmy,1997,579875840
lmy,1998,587675072
lmy,1999,589723520
lmy,2000,589141952
lmy,2001,583340416
lmy,2002,579151616
lmy,2003,575318464
lmy,2004,591042944
lmy,2005,588761472
lmy,2006,585840192
lmy,2007,584530880
lmy,2008,583415616
lmy,2009,584088960
lmy,2010,588360064
lmy,2011,591567872
lmy,2012,597214976
lmy,2013,606523136
lmy,2014,613385728
lso,1970,197201
lso,1971,201462
lso,1972,206103
lso,1973,211039
lso,1974,216130
lso,1975,221165
lso,1976,226445
lso,1977,232469
lso,1978,238976
lso,1979,245561
lso,1980,251810
lso,1981,259313
lso,1982,267375
lso,1983,275548
lso,1984,283307
lso,1985,290127
lso,1986,295310
lso,1987,300841
lso,1988,306701
lso,1989,312870
lso,1990,319217
lso,1991,324054
lso,1992,328699
lso,1993,332738
lso,1994,335772
lso,1995,337534
lso,1996,340206
lso,1997,342581
lso,1998,344876
lso,1999,347098
lso,2000,349213
lso,2001,350788
lso,2002,353007
lso,2003,355634
lso,2004,358261
lso,2005,360497
lso,2006,361849
lso,2007,361503
lso,2008,359424
lso,2009,356047
lso,2010,351777
lso,2011,347330
lso,2012,343979
lso,2013,342181
lso,2014,341800
lso,2015,342718
lso,2016,344554
ltu,1970,236233
ltu,1971,236310
ltu,1972,235342
ltu,1973,233244
ltu,1974,229899
ltu,1975,225639
ltu,1976,221149
ltu,1977,217531
ltu,1978,215057
ltu,1979,214276
ltu,1980,215096
ltu,1981,216630
ltu,1982,217580
ltu,1983,217557
ltu,1984,216279
ltu,1985,213995
ltu,1986,211609
ltu,1987,210292
ltu,1988,210405
ltu,1989,212338
ltu,1990,215872
ltu,1991,220014
ltu,1992,222156
ltu,1993,223567
ltu,1994,224288
ltu,1995,224268
ltu,1996,223403
ltu,1997,222006
ltu,1998,218357
ltu,1999,212254
ltu,2000,204057
ltu,2001,194731
ltu,2002,188653
ltu,2003,182550
ltu,2004,175533
ltu,2005,167060
ltu,2006,157179
ltu,2007,146711
ltu,2008,137099
ltu,2009,128899
ltu,2010,122359
ltu,2011,117140
ltu,2012,111903
ltu,2013,107973
ltu,2014,105519
ltu,2015,104446
ltu,2016,104351
lux,1970,30943
lux,1971,31161
lux,1972,31343
lux,1973,31406
lux,1974,31346
lux,1975,31149
lux,1976,30830
lux,1977,30549
lux,1978,30072
lux,1979,29400
lux,1980,28551
lux,1981,27614
lux,1982,26557
lux,1983,25679
lux,1984,25039
lux,1985,24695
lux,1986,24617
lux,1987,24693
lux,1988,24855
lux,1989,25108
lux,1990,25441
lux,1991,25850
lux,1992,26362
lux,1993,26958
lux,1994,27626
lux,1995,28356
lux,1996,29155
lux,1997,29900
lux,1998,30709
lux,1999,31559
lux,2000,32413
lux,2001,33224
lux,2002,33860
lux,2003,34287
lux,2004,34553
lux,2005,34736
lux,2006,34920
lux,2007,35132
lux,2008,35414
lux,2009,35732
lux,2010,36046
lux,2011,36349
lux,2012,36475
lux,2013,36512
lux,2014,36482
lux,2015,36406
lux,2016,36325
lva,1970,140055
lva,1971,139833
lva,1972,139742
lva,1973,138538
lva,1974,136582
lva,1975,134373
lva,1976,132446
lva,1977,131597
lva,1978,131406
lva,1979,132595
lva,1980,135189
lva,1981,138381
lva,1982,141553
lva,1983,143337
lva,1984,143362
lva,1985,141909
lva,1986,140082
lva,1987,139582
lva,1988,139956
lva,1989,141393
lva,1990,143660
lva,1991,145998
lva,1992,148574
lva,1993,150919
lva,1994,152856
lva,1995,154057
lva,1996,153985
lva,1997,152580
lva,1998,149375
lva,1999,143545
lva,2000,135073
lva,2001,125135
lva,2002,115803
lva,2003,106732
lva,2004,98066
lva,2005,90081
lva,2006,83020
lva,2007,124332
lva,2008,115790
lva,2009,110066
lva,2010,107410
lva,2011,107951
lva,2012,108647
lva,2013,111058
lva,2014,114157
lva,2015,117697
lva,2016,121270
mac,1970,43093
mac,1971,42421
mac,1972,39831
mac,1973,36846
mac,1974,33690
mac,1975,30648
mac,1976,27916
mac,1977,25999
mac,1978,24770
mac,1979,24078
mac,1980,23707
mac,1981,23342
mac,1982,23378
mac,1983,23419
mac,1984,23413
mac,1985,23351
mac,1986,23344
mac,1987,24314
mac,1988,26057
mac,1989,28349
mac,1990,30870
mac,1991,33132
mac,1992,35328
mac,1993,37545
mac,1994,39759
mac,1995,41960
mac,1996,44034
mac,1997,45957
mac,1998,46905
mac,1999,46871
mac,2000,45901
mac,2001,44259
mac,2002,41996
mac,2003,39819
mac,2004,37734
mac,2005,35763
mac,2006,33983
mac,2007,32079
mac,2008,30286
mac,2009,28556
mac,2010,26847
mac,2011,25144
mac,2012,24288
mac,2013,23735
mac,2014,23637
mac,2015,24158
mac,2016,25322
mar,1970,2362275
mar,1971,2429471
mar,1972,2489870
mar,1973,2546660
mar,1974,2595120
mar,1975,2631030
mar,1976,2652491
mar,1977,2671776
mar,1978,2695222
mar,1979,2719431
mar,1980,2740892
mar,1981,2757372
mar,1982,2777565
mar,1983,2808577
mar,1984,2849414
mar,1985,2898911
mar,1986,2953692
mar,1987,3005908
mar,1988,3069364
mar,1989,3141678
mar,1990,3218025
mar,1991,3898375
mar,1992,3981939
mar,1993,4047814
mar,1994,4087619
mar,1995,4100086
mar,1996,4082423
mar,1997,4046377
mar,1998,4001828
mar,1999,3990744
mar,2000,3986149
mar,2001,3979676
mar,2002,3964035
mar,2003,3934975
mar,2004,3890712
mar,2005,3829841
mar,2006,3755825
mar,2007,3682340
mar,2008,3617197
mar,2009,3560761
mar,2010,3513857
mar,2011,3477631
mar,2012,3447755
mar,2013,3445217
mar,2014,3470244
mar,2015,3521513
mda,1970,333012
mda,1971,328955
mda,1972,324267
mda,1973,317513
mda,1974,307818
mda,1975,295711
mda,1976,283174
mda,1977,271947
mda,1978,265559
mda,1979,265353
mda,1980,270827
mda,1981,278981
mda,1982,284685
mda,1983,288660
mda,1984,291048
mda,1985,292393
mda,1986,293794
mda,1987,298461
mda,1988,304060
mda,1989,310554
mda,1990,317533
mda,1991,324106
mda,1992,328760
mda,1993,332942
mda,1994,336511
mda,1995,338825
mda,1996,338927
mda,1997,338386
mda,1998,275916
mda,1999,262867
mda,2000,248769
mda,2001,236975
mda,2002,225671
mda,2003,213649
mda,2004,199264
mda,2005,188126
mda,2006,176947
mda,2007,170019
mda,2008,161370
mda,2009,155346
mda,2010,150947
mda,2011,147897
mda,2012,147226
mda,2013,147472
mda,2014,148736
mda,2015,149910
mdg,1970,1062390
mdg,1971,1089251
mdg,1972,1123750
mdg,1973,1159299
mdg,1974,1195000
mdg,1975,1229948
mdg,1976,1263345
mdg,1977,1108467
mdg,1978,1147982
mdg,1979,1189260
mdg,1980,1230867
mdg,1981,1270597
mdg,1982,1314595
mdg,1983,1360980
mdg,1984,1407481
mdg,1985,1450321
mdg,1986,1485687
mdg,1987,1526681
mdg,1988,1553563
mdg,1989,1565589
mdg,1990,1568026
mdg,1991,1571847
mdg,1992,1596189
mdg,1993,1643686
mdg,1994,1714812
mdg,1995,1803478
mdg,1996,1895219
mdg,1997,1986290
mdg,1998,2071399
mdg,1999,2147957
mdg,2000,2216416
mdg,2001,2281012
mdg,2002,2356146
mdg,2003,2435928
mdg,2004,2518643
mdg,2005,2600981
mdg,2006,2678199
mdg,2007,2755361
mdg,2008,2824342
mdg,2009,2883582
mdg,2010,2934003
mdg,2011,2979751
mdg,2012,3032473
mdg,2013,3086488
mdg,2014,3142000
mdg,2015,3199262
mdg,2016,3258125
mdv,1970,16879
mdv,1971,17486
mdv,1972,18140
mdv,1973,18785
mdv,1974,19369
mdv,1975,19848
mdv,1976,20456
mdv,1977,21051
mdv,1978,21624
mdv,1979,22170
mdv,1980,22686
mdv,1981,23371
mdv,1982,24028
mdv,1983,24654
mdv,1984,25296
mdv,1985,26036
mdv,1986,27073
mdv,1987,28508
mdv,1988,30348
mdv,1989,32468
mdv,1990,34586
mdv,1991,36481
mdv,1992,38157
mdv,1993,39523
mdv,1994,40538
mdv,1995,41243
mdv,1996,41778
mdv,1997,41996
mdv,1998,58229
mdv,1999,58038
mdv,2000,57364
mdv,2001,56326
mdv,2002,54990
mdv,2003,53442
mdv,2004,51717
mdv,2005,49849
mdv,2006,47912
mdv,2007,46173
mdv,2008,44732
mdv,2009,43616
mdv,2015,43719
mdv,2016,44712
mea,1970,21846912
mea,1971,22512604
mea,1972,22411924
mea,1973,23072562
mea,1974,23730764
mea,1975,24361354
mea,1976,24945568
mea,1977,25614184
mea,1978,26308108
mea,1979,27014504
mea,1980,27726772
mea,1981,28449046
mea,1982,29278336
mea,1983,30241100
mea,1984,31319588
mea,1985,32485308
mea,1986,33688336
mea,1987,34948752
mea,1988,36267304
mea,1989,37610200
mea,1990,37627336
mea,1991,39406076
mea,1992,40532592
mea,1993,41554096
mea,1994,42410228
mea,1995,43049352
mea,1996,43442544
mea,1997,43674152
mea,1998,43727444
mea,1999,43610636
mea,2000,43312264
mea,2001,42975304
mea,2002,42530608
mea,2003,41155140
mea,2004,40691048
mea,2005,41904328
mea,2006,41459720
mea,2007,41171940
mea,2008,41036756
mea,2009,40481988
mea,2010,40764976
mea,2011,41205236
mea,2012,41816944
mea,2013,43652768
mea,2014,45466068
mex,1970,8837757
mex,1971,9075793
mex,1972,9334852
mex,1973,9604298
mex,1974,9885008
mex,1975,10181973
mex,1976,10496850
mex,1977,10809931
mex,1978,11198562
mex,1979,11648272
mex,1980,12131362
mex,1981,12599638
mex,1982,13014291
mex,1983,13290938
mex,1984,13426492
mex,1985,13429504
mex,1986,13341638
mex,1987,13237266
mex,1988,13158659
mex,1989,13107838
mex,1990,13086933
mex,1991,13093717
mex,1992,13097815
mex,1993,13135626
mex,1994,13209196
mex,1995,13316080
mex,1996,13441926
mex,1997,13572680
mex,1998,13691857
mex,1999,13799804
mex,2000,13897535
mex,2001,13985945
mex,2002,14062103
mex,2003,14131546
mex,2004,14198777
mex,2005,14269225
mex,2006,14344806
mex,2007,14396483
mex,2008,14431709
mex,2009,14441380
mex,2010,14415410
mex,2011,14355278
mex,2012,14292190
mex,2013,14222111
mex,2014,14147869
mex,2015,14074349
mex,2016,14005593
mhl,1970,3723
mhl,1971,3781
mhl,1972,3810
mhl,1973,3879
mhl,1974,3984
mhl,1975,4126
mhl,1976,4302
mhl,1977,4502
mhl,1978,4740
mhl,1979,5012
mhl,1980,5314
mhl,1981,5637
mhl,1982,5980
mhl,1983,6333
mhl,1984,6673
mhl,1985,6983
mhl,1986,7263
mhl,1987,7555
mhl,1988,7930
mhl,1989,8347
mhl,1990,8753
mhl,1991,9104
mhl,1992,9388
mhl,1993,9624
mhl,1994,9774
mhl,1995,9801
mhl,1996,9702
mhl,1997,9626
mhl,1998,9455
mhl,1999,9142
mhl,2000,8635
mhl,2001,7911
mhl,2002,7270
mhl,2003,6926
mhl,2004,6834
mhl,2005,6941
mhl,2006,7142
mhl,2007,7317
mhl,2008,7553
mhl,2009,7801
mhl,2010,8004
mhl,2011,8108
mhl,2012,8331
mhl,2013,8536
mhl,2014,8700
mhl,2015,8818
mhl,2016,8893
mic,1970,333246560
mic,1971,343403968
mic,1972,352891200
mic,1973,363068064
mic,1974,373068608
mic,1975,382684512
mic,1976,391994496
mic,1977,401554464
mic,1978,410279872
mic,1979,416572288
mic,1980,422080000
mic,1981,425684352
mic,1982,429593984
mic,1983,432858560
mic,1984,434897248
mic,1985,435620864
mic,1986,435496224
mic,1987,436611616
mic,1988,439249344
mic,1989,443800576
mic,1990,448947840
mic,1991,457171264
mic,1992,465247936
mic,1993,474225856
mic,1994,484143712
mic,1995,494911712
mic,1996,506200672
mic,1997,545619008
mic,1998,521688576
mic,1999,522023360
mic,2000,519771488
mic,2001,512225888
mic,2002,506174080
mic,2003,500237472
mic,2004,513782144
mic,2005,509292032
mic,2006,504125952
mic,2007,500421312
mic,2008,496848096
mic,2009,495055936
mic,2010,496878208
mic,2011,497667776
mic,2012,500872736
mic,2013,507189120
mic,2014,511690528
mic,2015,515374496
mkd,1970,151492
mkd,1971,151393
mkd,1972,150084
mkd,1973,149700
mkd,1974,150619
mkd,1975,152772
mkd,1976,155548
mkd,1977,158061
mkd,1978,159421
mkd,1979,158992
mkd,1980,156718
mkd,1981,153405
mkd,1982,150198
mkd,1983,147239
mkd,1984,144911
mkd,1985,143404
mkd,1986,142474
mkd,1987,141638
mkd,1988,141279
mkd,1989,141335
mkd,1990,141527
mkd,1991,141462
mkd,1992,141409
mkd,1993,140360
mkd,1994,138218
mkd,1995,135273
mkd,1996,132065
mkd,1997,129435
mkd,1998,127637
mkd,1999,126642
mkd,2000,126144
mkd,2001,125608
mkd,2002,124317
mkd,2003,122446
mkd,2004,119901
mkd,2005,116814
mkd,2006,113559
mkd,2007,110779
mkd,2008,134038
mkd,2009,131539
mkd,2010,129393
mkd,2011,127311
mkd,2012,125095
mkd,2013,122578
mkd,2014,119739
mkd,2015,116744
mkd,2016,114017
mli,1970,862465
mli,1971,870261
mli,1972,884161
mli,1973,903236
mli,1974,924765
mli,1975,945315
mli,1976,961108
mli,1977,983805
mli,1978,1011119
mli,1979,1040662
mli,1980,1069234
mli,1981,1093082
mli,1982,1123392
mli,1983,1158408
mli,1984,1194528
mli,1985,1227035
mli,1986,1251347
mli,1987,1282274
mli,1988,1316329
mli,1989,1352286
mli,1990,1388136
mli,1991,1420963
mli,1992,1452693
mli,1993,1490463
mli,1994,1530847
mli,1995,1569232
mli,1996,1601089
mli,1997,1635614
mli,1998,1676184
mli,1999,1721785
mli,2000,1769704
mli,2001,1816893
mli,2002,1869935
mli,2003,1929405
mli,2004,1992539
mli,2005,2056284
mli,2006,2116855
mli,2007,2184603
mli,2008,2260922
mli,2009,2344229
mli,2010,2431284
mli,2011,2518886
mli,2012,2614412
mli,2013,2717466
mli,2014,2826192
mli,2015,2938477
mli,2016,3051873
mlt,1970,39019
mlt,1971,38132
mlt,1972,37405
mlt,1973,36153
mlt,1974,34347
mlt,1975,32216
mlt,1976,30313
mlt,1977,28960
mlt,1978,28452
mlt,1979,28775
mlt,1980,29731
mlt,1981,30809
mlt,1982,31765
mlt,1983,32691
mlt,1984,33505
mlt,1985,34134
mlt,1986,34571
mlt,1987,34886
mlt,1988,35028
mlt,1989,34980
mlt,1990,34773
mlt,1991,34488
mlt,1992,34274
mlt,1993,34081
mlt,1994,33908
mlt,1995,33746
mlt,1996,33551
mlt,1997,33236
mlt,1998,32900
mlt,1999,32537
mlt,2000,32153
mlt,2001,31764
mlt,2002,31501
mlt,2003,31232
mlt,2004,30933
mlt,2005,30552
mlt,2006,30010
mlt,2007,28927
mlt,2008,27700
mlt,2009,26423
mlt,2010,25236
mlt,2011,24313
mlt,2012,23868
mlt,2013,23629
mlt,2014,23622
mlt,2015,23811
mlt,2016,24083
mmr,1970,3675025
mmr,1971,3751070
mmr,1972,3846454
mmr,1973,3951896
mmr,1974,4062105
mmr,1975,4168336
mmr,1976,4259758
mmr,1977,4363618
mmr,1978,4456557
mmr,1979,4536271
mmr,1980,4605778
mmr,1981,4670659
mmr,1982,4759614
mmr,1983,4852293
mmr,1984,4945180
mmr,1985,5032985
mmr,1986,5108496
mmr,1987,5195201
mmr,1988,5285837
mmr,1989,5370613
mmr,1990,5433323
mmr,1991,5456440
mmr,1992,5472704
mmr,1993,5438245
mmr,1994,5356252
mmr,1995,5248516
mmr,1996,5145954
mmr,1997,5074311
mmr,1998,5018092
mmr,1999,4976530
mmr,2000,4943792
mmr,2001,4912032
mmr,2002,4911870
mmr,2003,4936819
mmr,2004,4981488
mmr,2005,5034520
mmr,2006,5079375
mmr,2007,5130658
mmr,2008,5189666
mmr,2009,5249804
mmr,2010,5299592
mmr,2011,5324503
mmr,2012,5317127
mmr,2013,5274108
mmr,2014,5195028
mmr,2015,5092491
mna,1970,20280752
mna,1971,20886536
mna,1972,20721086
mna,1973,21313026
mna,1974,21898144
mna,1975,22450310
mna,1976,22949556
mna,1977,23528104
mna,1978,24113496
mna,1979,24692300
mna,1980,25257512
mna,1981,25815928
mna,1982,26489818
mna,1983,27301728
mna,1984,28236632
mna,1985,29268958
mna,1986,30348414
mna,1987,31489368
mna,1988,32675544
mna,1989,33872760
mna,1990,33731788
mna,1991,35344544
mna,1992,36293768
mna,1993,37159712
mna,1994,37891216
mna,1995,38447576
mna,1996,38801516
mna,1997,39051772
mna,1998,39089244
mna,1999,38931236
mna,2000,38574436
mna,2001,38164768
mna,2002,37688160
mna,2003,36316784
mna,2004,35792820
mna,2005,36901512
mna,2006,36377756
mna,2007,36077728
mna,2008,35924296
mna,2009,35348000
mna,2010,35606992
mna,2011,36013824
mna,2012,36570656
mna,2013,38319664
mna,2014,40107444
mne,1970,47789
mne,1971,47453
mne,1972,47322
mne,1973,47105
mne,1974,46596
mne,1975,45691
mne,1976,44530
mne,1977,43540
mne,1978,42759
mne,1979,42350
mne,1980,42343
mne,1981,42565
mne,1982,42643
mne,1983,42617
mne,1984,42377
mne,1985,41893
mne,1986,41263
mne,1987,41057
mne,1988,41008
mne,1989,41243
mne,1990,41786
mne,1991,42476
mne,1992,42403
mne,1993,42129
mne,1994,41546
mne,1995,40623
mne,1996,39486
mne,1997,38673
mne,1998,37810
mne,1999,36968
mne,2000,36201
mne,2001,35485
mne,2002,34967
mne,2003,34486
mne,2004,34024
mne,2005,33566
mne,2006,33112
mne,2007,33095
mne,2008,33128
mne,2009,33124
mne,2010,33026
mne,2011,40770
mne,2012,40263
mne,2013,39942
mne,2014,39822
mne,2015,39854
mne,2016,39884
mng,1970,124937
mng,1971,134078
mng,1972,143750
mng,1973,117549
mng,1974,121935
mng,1975,124305
mng,1976,125433
mng,1977,127336
mng,1978,129740
mng,1979,132932
mng,1980,136821
mng,1981,140818
mng,1982,144747
mng,1983,148185
mng,1984,150649
mng,1985,152082
mng,1986,152912
mng,1987,154645
mng,1988,156885
mng,1989,159723
mng,1990,163014
mng,1991,166263
mng,1992,168815
mng,1993,171848
mng,1994,176210
mng,1995,181873
mng,1996,187823
mng,1997,253301
mng,1998,258637
mng,1999,259946
mng,2000,255941
mng,2001,246928
mng,2002,236386
mng,2003,226450
mng,2004,217227
mng,2005,256419
mng,2006,247650
mng,2007,239216
mng,2008,231515
mng,2009,220643
mng,2010,217958
mng,2011,217623
mng,2012,219457
mng,2013,225272
mng,2014,235339
mng,2015,248973
mng,2016,264140
moz,1970,1240493
moz,1971,1275530
moz,1972,1311966
moz,1973,1347443
moz,1974,1380169
moz,1975,1146031
moz,1976,1181139
moz,1977,1216862
moz,1978,1250644
moz,1979,1281041
moz,1980,1307410
moz,1981,1354778
moz,1982,1404651
moz,1983,1391682
moz,1984,1429717
moz,1985,1455792
moz,1986,1495214
moz,1987,1876280
moz,1988,1914640
moz,1989,1952785
moz,1990,1992399
moz,1991,2002776
moz,1992,2033653
moz,1993,2074398
moz,1994,2113773
moz,1995,2146588
moz,1996,2198920
moz,1997,2255465
moz,1998,3260415
moz,1999,3353661
moz,2000,3451063
moz,2001,3570651
moz,2002,3700860
moz,2003,3836048
moz,2004,3971588
moz,2005,4102626
moz,2006,4249155
moz,2007,4400032
moz,2008,4552357
moz,2009,4702751
moz,2010,4847558
moz,2011,5000255
moz,2012,5152824
moz,2013,5302217
moz,2014,5445124
moz,2015,5578344
moz,2016,5718430
mrt,1970,219501
mrt,1971,225515
mrt,1972,232353
mrt,1973,239443
mrt,1974,246665
mrt,1975,253695
mrt,1976,260208
mrt,1977,267614
mrt,1978,275491
mrt,1979,283615
mrt,1980,253864
mrt,1981,260377
mrt,1982,267998
mrt,1983,275989
mrt,1984,284033
mrt,1985,291765
mrt,1986,298886
mrt,1987,307187
mrt,1988,315603
mrt,1989,323947
mrt,1990,332069
mrt,1991,339889
mrt,1992,348420
mrt,1993,357717
mrt,1994,367540
mrt,1995,377597
mrt,1996,387562
mrt,1997,397965
mrt,1998,408670
mrt,1999,419512
mrt,2000,430332
mrt,2001,441008
mrt,2002,452625
mrt,2003,464732
mrt,2004,476945
mrt,2005,488810
mrt,2006,499983
mrt,2007,513046
mrt,2008,526130
mrt,2009,539094
mrt,2010,551828
mrt,2011,564142
mrt,2012,577433
mrt,2013,590998
mrt,2014,604514
mrt,2015,617616
mrt,2016,629987
mus,1970,156864
mus,1971,158700
mus,1972,158257
mus,1973,155157
mus,1974,149895
mus,1975,144036
mus,1976,139499
mus,1977,137580
mus,1978,137419
mus,1979,138138
mus,1980,138971
mus,1981,136964
mus,1982,134890
mus,1983,132845
mus,1984,130904
mus,1985,128974
mus,1986,127142
mus,1987,125703
mus,1988,124651
mus,1989,123844
mus,1990,123002
mus,1991,122048
mus,1992,120815
mus,1993,119345
mus,1994,117952
mus,1995,117214
mus,1996,117619
mus,1997,119589
mus,1998,122883
mus,1999,126643
mus,2000,129340
mus,2001,130985
mus,2002,130486
mus,2003,127826
mus,2004,123713
mus,2005,119700
mus,2006,116757
mus,2007,115101
mus,2008,114573
mus,2009,114638
mus,2010,114249
mus,2011,112643
mus,2012,110136
mus,2013,106726
mus,2014,102677
mus,2015,98638
mus,2016,95216
mwi,1970,752453
mwi,1971,778076
mwi,1972,806875
mwi,1973,836640
mwi,1974,864982
mwi,1975,889998
mwi,1976,922318
mwi,1977,957615
mwi,1978,993057
mwi,1979,1025535
mwi,1980,1053052
mwi,1981,1085118
mwi,1982,1118785
mwi,1983,1156027
mwi,1984,1199802
mwi,1985,1250758
mwi,1986,1321447
mwi,1987,1401394
mwi,1988,1477607
mwi,1989,1534983
mwi,1990,1565729
mwi,1991,1593834
mwi,1992,1615416
mwi,1993,1636323
mwi,1994,1664077
mwi,1995,1700254
mwi,1996,1755435
mwi,1997,2328567
mwi,1998,1879468
mwi,1999,1935474
mwi,2000,1981752
mwi,2001,2032224
mwi,2002,2085672
mwi,2003,2141294
mwi,2004,2198304
mwi,2005,2255350
mwi,2006,2314062
mwi,2007,2374333
mwi,2008,2435896
mwi,2009,2499060
mwi,2010,2499060
mwi,2011,2564481
mwi,2012,2630980
mwi,2013,2708780
mwi,2014,2796199
mwi,2015,2890372
mwi,2016,3082589
mys,1970,1985517
mys,1971,2039908
mys,1972,2071106
mys,1973,2082477
mys,1974,2080204
mys,1975,2074857
mys,1976,2073822
mys,1977,2079783
mys,1978,2093139
mys,1979,2112292
mys,1980,2133587
mys,1981,2151646
mys,1982,2170695
mys,1983,2197024
mys,1984,2239339
mys,1985,2304512
mys,1986,2368633
mys,1987,2436550
mys,1988,2507948
mys,1989,2580089
mys,1990,2649136
mys,1991,2714276
mys,1992,2768924
mys,1993,2814572
mys,1994,2854327
mys,1995,2892932
mys,1996,2932824
mys,1997,2974004
mys,1998,3014771
mys,1999,3052734
mys,2000,3085348
mys,2001,3117691
mys,2002,3138711
mys,2003,3151020
mys,2004,3157255
mys,2005,3157640
mys,2006,3188575
mys,2007,3207840
mys,2008,3218966
mys,2009,3225729
mys,2010,3230071
mys,2011,3214335
mys,2012,3182144
mys,2013,3139144
mys,2014,3092807
mys,2015,3053156
nac,1970,27874068
nac,1971,27689616
nac,1972,27409734
nac,1973,26977156
nac,1974,26400348
nac,1975,25697466
nac,1976,24927340
nac,1977,24341694
nac,1978,23851012
nac,1979,23455740
nac,1980,23149846
nac,1981,22901968
nac,1982,22668604
nac,1983,22496232
nac,1984,22397282
nac,1985,22380236
nac,1986,22434444
nac,1987,22625024
nac,1988,22861984
nac,1989,23140150
nac,1990,23450110
nac,1991,23771312
nac,1992,24243668
nac,1993,24669016
nac,1994,25032380
nac,1995,25322306
nac,1996,25538752
nac,1997,25845220
nac,1998,26180916
nac,1999,26516616
nac,2000,26811748
nac,2001,27026236
nac,2002,27184112
nac,2003,27173244
nac,2004,26998340
nac,2005,26680048
nac,2006,26278344
nac,2007,26121576
nac,2008,26121456
nac,2009,26245840
nac,2010,26448736
nac,2011,26652950
nac,2012,26682960
nac,2013,26758016
nac,2014,26867164
nam,1970,138773
nam,1971,143201
nam,1972,147901
nam,1973,152702
nam,1974,157411
nam,1975,161859
nam,1976,167105
nam,1977,172960
nam,1978,179470
nam,1979,186572
nam,1980,194092
nam,1981,201244
nam,1982,208772
nam,1983,216603
nam,1984,224839
nam,1985,233544
nam,1986,240420
nam,1987,247465
nam,1988,254309
nam,1989,260451
nam,1990,265553
nam,1991,271445
nam,1992,276946
nam,1993,282684
nam,1994,289207
nam,1995,296697
nam,1996,305544
nam,1997,315177
nam,1998,324783
nam,1999,333407
nam,2000,340555
nam,2001,349812
nam,2002,357355
nam,2003,363128
nam,2004,367459
nam,2005,370643
nam,2006,372279
nam,2007,373442
nam,2008,374580
nam,2009,375984
nam,2010,377592
nam,2011,378077
nam,2012,379365
nam,2013,381629
nam,2014,384974
nam,2015,389402
nam,2016,394356
ner,1970,736888
ner,1971,755553
ner,1972,777966
ner,1973,802371
ner,1974,826045
ner,1975,846280
ner,1976,859852
ner,1977,872680
ner,1978,895008
ner,1979,923618
ner,1980,952800
ner,1981,976191
ner,1982,1002072
ner,1983,1033193
ner,1984,1067604
ner,1985,1101266
ner,1986,1129946
ner,1987,1158703
ner,1988,1198436
ner,1989,1243039
ner,1990,1285577
ner,1991,1317560
ner,1992,1345688
ner,1993,1382612
ner,1994,1427069
ner,1995,1473288
ner,1996,1515394
ner,1997,1558997
ner,1998,1617867
ner,1999,1686804
ner,2000,1759180
ner,2001,1827150
ner,2002,1896847
ner,2003,1980536
ner,2004,2075291
ner,2005,2175042
ner,2006,2273210
ner,2007,2373793
ner,2008,2485180
ner,2009,2603442
ner,2010,2723587
ner,2011,2839450
ner,2012,2955507
ner,2013,3084718
ner,2014,3225223
ner,2015,3372415
ner,2016,3521636
nga,1970,8608502
nga,1971,8788666
nga,1972,9031816
nga,1973,9281135
nga,1974,9526865
nga,1975,9761545
nga,1976,9982794
nga,1977,10281568
nga,1978,10634673
nga,1979,11020616
nga,1980,11412690
nga,1981,11783485
nga,1982,12231292
nga,1983,12686476
nga,1984,13135538
nga,1985,13566031
nga,1986,13965552
nga,1987,14427653
nga,1988,14900409
nga,1989,15358652
nga,1990,15774375
nga,1991,16128060
nga,1992,16549456
nga,1993,16961832
nga,1994,17343860
nga,1995,17674574
nga,1996,17944088
nga,1997,18305744
nga,1998,18693336
nga,1999,19088476
nga,2000,19471304
nga,2001,19825400
nga,2002,20283938
nga,2003,20793006
nga,2004,21339996
nga,2005,21910900
nga,2006,22485740
nga,2007,23157638
nga,2008,23887524
nga,2009,24658040
nga,2010,25447056
nga,2011,26226370
nga,2012,27081366
nga,2013,27934428
nga,2014,28768486
nga,2015,29568784
nga,2016,30327392
nic,1970,424846
nic,1971,430230
nic,1972,436854
nic,1973,445276
nic,1974,455348
nic,1975,466889
nic,1976,479556
nic,1977,494558
nic,1978,511287
nic,1979,529195
nic,1980,547657
nic,1981,566584
nic,1982,585869
nic,1983,604829
nic,1984,623139
nic,1985,640340
nic,1986,655505
nic,1987,671511
nic,1988,688466
nic,1989,706014
nic,1990,723760
nic,1991,740069
nic,1992,755338
nic,1993,768653
nic,1994,779506
nic,1995,787426
nic,1996,792645
nic,1997,796389
nic,1998,798938
nic,1999,800112
nic,2000,799803
nic,2001,796616
nic,2002,792857
nic,2003,788850
nic,2004,784739
nic,2005,780634
nic,2006,774416
nic,2007,767971
nic,2008,761470
nic,2009,755164
nic,2010,749433
nic,2011,742822
nic,2012,738335
nic,2013,735973
nic,2014,735520
nic,2015,736183
nic,2016,735485
nld,1970,1422566
nld,1971,1441055
nld,1972,1459055
nld,1973,1473354
nld,1974,1483068
nld,1975,1487332
nld,1976,1485927
nld,1977,1479860
nld,1978,1462661
nld,1979,1433730
nld,1980,1393058
nld,1981,1343889
nld,1982,1293955
nld,1983,1244469
nld,1984,1196916
nld,1985,1153134
nld,1986,1114652
nld,1987,1081952
nld,1988,1058444
nld,1989,1045320
nld,1990,1043064
nld,1991,1049276
nld,1992,1059100
nld,1993,1071418
nld,1994,1085918
nld,1995,1101993
nld,1996,1118897
nld,1997,1136523
nld,1998,1152522
nld,1999,1166283
nld,2000,1177336
nld,2001,1185873
nld,2002,1192883
nld,2003,1196836
nld,2004,1197701
nld,2005,1195899
nld,2006,1192866
nld,2007,1188196
nld,2008,1185333
nld,2009,1184498
nld,2010,1185464
nld,2011,1186529
nld,2012,1187209
nld,2013,1182090
nld,2014,1170898
nld,2015,1153790
nld,2016,1133016
nor,1970,371080
nor,1971,371492
nor,1972,371893
nor,1973,373526
nor,1974,376771
nor,1975,381348
nor,1976,387023
nor,1977,392645
nor,1978,396623
nor,1979,397968
nor,1980,396537
nor,1981,392176
nor,1982,386677
nor,1983,378956
nor,1984,369483
nor,1985,358435
nor,1986,346087
nor,1987,333709
nor,1988,322926
nor,1989,314852
nor,1990,309817
nor,1991,308125
nor,1992,308349
nor,1993,310393
nor,1994,313831
nor,1995,318814
nor,1996,325325
nor,1997,391843
nor,1998,400383
nor,1999,408518
nor,2000,415968
nor,2001,422514
nor,2002,428296
nor,2003,432367
nor,2004,434820
nor,2005,435830
nor,2006,435608
nor,2007,434338
nor,2008,432453
nor,2009,430386
nor,2010,428302
nor,2011,426433
nor,2012,424067
nor,2013,423580
nor,2014,425310
nor,2015,429058
nor,2016,434508
npl,1970,1510776
npl,1971,1531393
npl,1972,961113
npl,1973,984684
npl,1974,1009051
npl,1975,1032495
npl,1976,1052934
npl,1977,1082953
npl,1978,1113100
npl,1979,1142286
npl,1980,1170132
npl,1981,1932960
npl,1982,1988435
npl,1983,2049052
npl,1984,2111671
npl,1985,2172711
npl,1986,2228621
npl,1987,2294594
npl,1988,2361292
npl,1989,2427095
npl,1990,2491431
npl,1991,2553936
npl,1992,2619184
npl,1993,2687559
npl,1994,2755887
npl,1995,2820132
npl,1996,2876685
npl,1997,2943563
npl,1998,3011521
npl,1999,3078936
npl,2000,3144103
npl,2001,3204296
npl,2002,3263778
npl,2003,3398215
npl,2004,3452757
npl,2005,3494615
npl,2006,3518602
npl,2007,3523756
npl,2008,3512674
npl,2009,3483712
npl,2010,3444249
npl,2011,3405562
npl,2012,3353071
npl,2013,3304077
npl,2014,3254940
npl,2015,3201095
npl,2016,3139169
nru,1998,1972
nru,1999,2027
nru,2000,1602
nru,2001,1570
nru,2002,1611
nru,2003,1565
nru,2004,1512
nru,2005,1447
nru,2006,1335
nru,2007,1341
nru,2008,1349
nru,2009,1359
nru,2010,1370
nru,2011,1333
nru,2012,1370
nru,2013,1427
nru,2014,1503
nru,2015,1600
nru,2016,1711
nzl,1970,364007
nzl,1971,367290
nzl,1972,370078
nzl,1973,371244
nzl,1974,370060
nzl,1975,366813
nzl,1976,363743
nzl,1977,361328
nzl,1978,359755
nzl,1979,358499
nzl,1980,355754
nzl,1981,351240
nzl,1982,344219
nzl,1983,334636
nzl,1984,323313
nzl,1985,312476
nzl,1986,304998
nzl,1987,300320
nzl,1988,298924
nzl,1989,300710
nzl,1990,304344
nzl,1991,308458
nzl,1992,314688
nzl,1993,322839
nzl,1994,331969
nzl,1995,340506
nzl,1996,347829
nzl,1997,352947
nzl,1998,356485
nzl,1999,359211
nzl,2000,361689
nzl,2001,363994
nzl,2002,364313
nzl,2003,362416
nzl,2004,358587
nzl,2005,354159
nzl,2006,350680
nzl,2007,347716
nzl,2008,345633
nzl,2009,344681
nzl,2010,344739
nzl,2011,347992
nzl,2012,352619
nzl,2013,358600
nzl,2014,365197
nzl,2015,370675
nzl,2016,374886
oed,1970,95788112
oed,1971,96282624
oed,1972,96608760
oed,1973,96669744
oed,1974,96453272
oed,1975,95979680
oed,1976,95329120
oed,1977,94950856
oed,1978,94759024
oed,1979,94720848
oed,1980,94800064
oed,1981,94871296
oed,1982,94814176
oed,1983,94464480
oed,1984,93834256
oed,1985,92956880
oed,1986,91937656
oed,1987,91215160
oed,1988,90762608
oed,1989,90575160
oed,1990,90609656
oed,1991,90721384
oed,1992,90925456
oed,1993,91016360
oed,1994,90980256
oed,1995,91084272
oed,1996,91356240
oed,1997,91414656
oed,1998,91584640
oed,1999,91623824
oed,2000,91668824
oed,2001,91583760
oed,2002,91404864
oed,2003,91009912
oed,2004,90445456
oed,2005,89787952
oed,2006,89195872
oed,2007,88908216
oed,2008,88652000
oed,2009,88462240
oed,2010,88295128
oed,2011,88225512
oed,2012,88104464
oed,2013,86864520
oed,2014,87146272
omn,1970,118812
omn,1971,122868
omn,1972,126800
omn,1973,131202
omn,1974,136042
omn,1975,141261
omn,1976,146825
omn,1977,152332
omn,1978,158293
omn,1979,164745
omn,1980,171769
omn,1981,179542
omn,1982,188946
omn,1983,200452
omn,1984,213846
omn,1985,228739
omn,1986,244384
omn,1987,259617
omn,1988,274196
omn,1989,288094
omn,1990,301464
omn,1991,314382
omn,1992,324833
omn,1993,335886
omn,1994,345156
omn,1995,349686
omn,1996,347906
omn,1997,347864
omn,1998,345351
omn,1999,341621
omn,2000,338477
omn,2001,337051
omn,2002,339691
omn,2003,344266
omn,2004,349074
omn,2005,351922
omn,2006,351898
omn,2007,331167
omn,2008,309930
omn,2009,292321
omn,2010,282496
omn,2011,282729
omn,2012,280320
omn,2013,288731
omn,2014,303813
omn,2015,320773
pak,1970,7870053
pak,1971,8114854
pak,1972,8403571
pak,1973,8688333
pak,1974,8963986
pak,1975,9228285
pak,1976,9481354
pak,1977,9765851
pak,1978,10048638
pak,1979,10328389
pak,1980,10609926
pak,1981,10900324
pak,1982,11246958
pak,1983,11621545
pak,1984,12016816
pak,1985,12418733
pak,1986,12811379
pak,1987,13285499
pak,1988,13759413
pak,1989,14226262
pak,1990,14686698
pak,1991,15141744
pak,1992,15676426
pak,1993,16251775
pak,1994,16842496
pak,1995,17398344
pak,1996,17857400
pak,1997,18292578
pak,1998,18609204
pak,1999,18801948
pak,2000,18910260
pak,2001,18997248
pak,2002,19142902
pak,2003,19300276
pak,2004,19457636
pak,2005,19582394
pak,2006,19637908
pak,2007,19717492
pak,2008,19714668
pak,2009,19649564
pak,2010,19590720
pak,2011,19625742
pak,2012,19820758
pak,2013,20208472
pak,2014,20768412
pak,2015,21407528
pan,1970,256467
pan,1971,263722
pan,1972,270811
pan,1973,277600
pan,1974,283982
pan,1975,289911
pan,1976,295811
pan,1977,301857
pan,1978,307916
pan,1979,313804
pan,1980,319275
pan,1981,324513
pan,1982,329010
pan,1983,332705
pan,1984,335569
pan,1985,337747
pan,1986,340001
pan,1987,342179
pan,1988,344305
pan,1989,346437
pan,1990,348628
pan,1991,350972
pan,1992,353758
pan,1993,356957
pan,1994,360446
pan,1995,363982
pan,1996,367749
pan,1997,370887
pan,1998,373431
pan,1999,375527
pan,2000,377510
pan,2001,380064
pan,2002,383916
pan,2003,388945
pan,2004,394855
pan,2005,400928
pan,2006,406694
pan,2007,410455
pan,2008,412206
pan,2009,412114
pan,2010,410919
pan,2011,410676
pan,2012,411678
pan,2013,413928
pan,2014,417357
pan,2015,421489
pan,2016,425741
per,1970,2232485
per,1971,2304303
per,1972,2374397
per,1973,2440322
per,1974,2499311
per,1975,2549675
per,1976,2609947
per,1977,2666758
per,1978,2718332
per,1979,2763823
per,1980,2803941
per,1981,2848168
per,1982,2903013
per,1983,2966025
per,1984,3033034
per,1985,3097105
per,1986,3161424
per,1987,3210700
per,1988,3244452
per,1989,3263812
per,1990,3273552
per,1991,3290658
per,1992,3318936
per,1993,3356703
per,1994,3401141
per,1995,3446232
per,1996,3490352
per,1997,3526180
per,1998,3552768
per,1999,3569315
per,2000,3576326
per,2001,3571217
per,2002,3555630
per,2003,3531574
per,2004,3501984
per,2005,3470835
per,2006,3447182
per,2007,3427800
per,2008,3414576
per,2009,3408862
per,2010,3409304
per,2011,3419634
per,2012,3429259
per,2013,3438219
per,2014,3446600
per,2015,3454873
per,2016,3468174
phl,1970,6001144
phl,1971,6150851
phl,1972,6305099
phl,1973,6461124
phl,1974,6612781
phl,1975,6759117
phl,1976,6898151
phl,1977,7041955
phl,1978,7188022
phl,1979,7336812
phl,1980,7487445
phl,1981,7638216
phl,1982,7791854
phl,1983,7959405
phl,1984,8140097
phl,1985,8329692
phl,1986,8524236
phl,1987,8731697
phl,1988,8939927
phl,1989,9144617
phl,1990,9345544
phl,1991,9541218
phl,1992,9738961
phl,1993,9949789
phl,1994,10172853
phl,1995,10401334
phl,1996,10629443
phl,1997,11096005
phl,1998,11297359
phl,1999,11471427
phl,2000,11617189
phl,2001,11740275
phl,2002,11878957
phl,2003,12029971
phl,2004,12186543
phl,2005,12344507
phl,2006,12502564
phl,2007,12576842
phl,2008,12599210
phl,2009,12570982
phl,2010,12487691
phl,2011,12342993
phl,2012,12345797
phl,2013,12378460
phl,2014,12436423
phl,2015,12517082
phl,2016,12613593
plw,2001,1699
plw,2002,1764
plw,2003,1803
plw,2004,1803
plw,2005,1766
plw,2006,1609
plw,2007,1522
plw,2008,1464
plw,2009,1433
plw,2010,1416
plw,2011,1432
plw,2012,1446
plw,2013,1446
plw,2014,1434
plw,2015,1414
plw,2016,1396
png,1970,381797
png,1971,391643
png,1972,402129
png,1973,413190
png,1974,425050
png,1975,437702
png,1976,450529
png,1977,467555
png,1978,488742
png,1979,512944
png,1980,539145
png,1981,567271
png,1982,591825
png,1983,610695
png,1984,623996
png,1985,631486
png,1986,636751
png,1987,642712
png,1988,650835
png,1989,660297
png,1990,670678
png,1991,682349
png,1992,693271
png,1993,702748
png,1994,711147
png,1995,718532
png,1996,726779
png,1997,737527
png,1998,751527
png,1999,768601
png,2000,788586
png,2001,810332
png,2002,834636
png,2003,860610
png,2004,887651
png,2005,915078
png,2006,943634
png,2007,970125
png,2008,993401
png,2009,1013187
png,2010,1029095
png,2011,1043777
png,2012,1243630
png,2013,1260918
png,2014,1277780
png,2015,1293601
png,2016,1309870
pol,1970,4123833
pol,1971,3922639
pol,1972,3706443
pol,1973,3504623
pol,1974,3339830
pol,1975,3215257
pol,1976,3135499
pol,1977,3082712
pol,1978,3060692
pol,1979,3065189
pol,1980,3100224
pol,1981,3166913
pol,1982,3251365
pol,1983,3346754
pol,1984,3445035
pol,1985,3543933
pol,1986,3640849
pol,1987,3740874
pol,1988,3834847
pol,1989,3919609
pol,1990,3989894
pol,1991,4040981
pol,1992,4079055
pol,1993,4084580
pol,1994,4051776
pol,1995,3980648
pol,1996,3871658
pol,1997,3744826
pol,1998,3617729
pol,1999,3501222
pol,2000,3393504
pol,2001,3293825
pol,2002,3187733
pol,2003,3077039
pol,2004,2956900
pol,2005,2829708
pol,2006,2697227
pol,2007,2570244
pol,2008,2452300
pol,2009,2350039
pol,2010,2266167
pol,2011,2203044
pol,2012,2154419
pol,2013,2132908
pol,2014,2140422
pol,2015,2140422
pol,2016,2239824
pri,1970,399433
pri,1971,406104
pri,1972,401208
pri,1973,397061
pri,1974,394110
pri,1975,392986
pri,1976,394123
pri,1977,396221
pri,1978,397268
pri,1979,397436
pri,1980,531553
pri,1981,530253
pri,1982,532915
pri,1983,535224
pri,1984,536575
pri,1985,536214
pri,1986,533144
pri,1987,530276
pri,1988,528699
pri,1989,527168
pri,1990,524189
pri,1991,518107
pri,1992,510949
pri,1993,504007
pri,1994,497722
pri,1995,492216
pri,1996,487574
pri,1997,362710
pri,1998,362841
pri,1999,364229
pri,2000,365792
pri,2001,365908
pri,2002,364915
pri,2003,361585
pri,2004,356368
pri,2005,349976
pri,2006,343212
pri,2007,337509
pri,2008,331036
pri,2009,323939
pri,2010,316356
pri,2011,308520
pri,2012,301286
pri,2013,294566
pri,2014,288538
pri,2015,283342
pri,2016,278854
prk,1970,1458660
prk,1971,1376262
prk,1972,1354476
prk,1973,1408664
prk,1974,1541202
prk,1975,1713781
prk,1976,1864458
prk,1977,1961159
prk,1978,2014556
prk,1979,2016655
prk,1980,1976888
prk,1981,1915440
prk,1982,1861308
prk,1983,1753233
prk,1984,1600404
prk,1985,1433639
prk,1986,1293130
prk,1987,1197418
prk,1988,1181440
prk,1989,1249210
prk,1990,1367777
prk,1991,1479943
prk,1992,1554252
prk,1993,1593516
prk,1994,1591512
prk,1995,1564490
prk,1996,1540814
prk,1998,1541390
prk,1999,1556835
prk,2000,1582147
prk,2001,1609249
prk,2002,1628224
prk,2003,1637898
prk,2004,1635284
prk,2005,1620657
prk,2006,1598911
prk,2007,1581024
prk,2008,1564247
prk,2009,1549818
prk,2010,1537409
prk,2011,1524544
prk,2012,1509907
prk,2013,1873119
prk,2014,1843170
prk,2015,1766939
prt,1970,993481
prt,1971,1014650
prt,1972,1016349
prt,1973,1017430
prt,1974,1015995
prt,1975,1010436
prt,1976,1001654
prt,1977,998632
prt,1978,1001476
prt,1979,1008524
prt,1980,1017489
prt,1981,1024853
prt,1982,1024597
prt,1983,1020518
prt,1984,1011846
prt,1985,997985
prt,1986,979324
prt,1987,959948
prt,1988,937815
prt,1989,912429
prt,1990,883371
prt,1991,850769
prt,1992,820803
prt,1993,792815
prt,1994,766288
prt,1995,740759
prt,1996,716171
prt,1997,695856
prt,1998,679456
prt,1999,667016
prt,2000,658212
prt,2001,651377
prt,2002,646067
prt,2003,641793
prt,2004,638488
prt,2005,636105
prt,2006,634579
prt,2007,642476
prt,2008,650058
prt,2009,655154
prt,2010,655234
prt,2011,648354
prt,2012,639518
prt,2013,630495
prt,2014,621167
prt,2015,611649
prt,2016,601978
pry,1970,429234
pry,1971,437301
pry,1972,446508
pry,1973,456483
pry,1974,466751
pry,1975,476901
pry,1976,486146
pry,1977,493759
pry,1978,499552
pry,1979,503910
pry,1980,506953
pry,1981,508842
pry,1982,513690
pry,1983,522678
pry,1984,535509
pry,1985,552022
pry,1986,570042
pry,1987,589686
pry,1988,609962
pry,1989,630655
pry,1990,651400
pry,1991,672821
pry,1992,693354
pry,1993,712299
pry,1994,745136
pry,1995,757383
pry,1996,769551
pry,1997,780242
pry,1998,789382
pry,1999,797128
pry,2000,803767
pry,2001,809749
pry,2002,816522
pry,2003,823567
pry,2004,829942
pry,2005,834378
pry,2006,837821
pry,2007,836024
pry,2008,829494
pry,2009,819308
pry,2010,807585
pry,2011,796947
pry,2012,790856
pry,2013,789246
pry,2014,791655
pry,2015,796436
pry,2016,800585
pse,1970,141631
pse,1971,144482
pse,1972,149795
pse,1973,156280
pse,1974,162876
pse,1975,168707
pse,1976,173598
pse,1977,178339
pse,1978,182215
pse,1979,185540
pse,1980,188834
pse,1981,192519
pse,1982,197099
pse,1983,202858
pse,1984,209627
pse,1985,216857
pse,1986,223899
pse,1987,231148
pse,1988,237850
pse,1989,244162
pse,1990,250750
pse,1991,258441
pse,1992,268209
pse,1993,279722
pse,1994,293142
pse,1995,308299
pse,1996,324646
pse,1997,341914
pse,1998,361564
pse,1999,382434
pse,2000,402277
pse,2001,418856
pse,2002,431104
pse,2003,437775
pse,2004,439627
pse,2005,438956
pse,2006,438333
pse,2007,439916
pse,2008,441328
pse,2009,442671
pse,2010,444245
pse,2011,446620
pse,2012,450507
pse,2013,457000
pse,2014,466185
pse,2015,477246
qat,1970,12863
qat,1971,13914
qat,1972,15202
qat,1973,16372
qat,1974,17437
qat,1975,18405
qat,1976,19287
qat,1977,20427
qat,1978,21282
qat,1979,22193
qat,1980,23565
qat,1981,25692
qat,1982,27212
qat,1983,29299
qat,1984,34373
qat,1985,34373
qat,1986,36963
qat,1987,40407
qat,1988,43821
qat,1989,47186
qat,1990,50450
qat,1991,53401
qat,1992,55660
qat,1993,56897
qat,1994,57233
qat,1995,56879
qat,1996,56261
qat,1997,56054
qat,1998,56298
qat,1999,56980
qat,2000,58076
qat,2001,59700
qat,2002,59509
qat,2003,60145
qat,2004,62194
qat,2005,66379
qat,2007,71330
qat,2008,73866
qat,2009,78752
qat,2010,84272
qat,2011,89403
qat,2012,99112
qat,2013,108898
qat,2014,118222
qat,2015,126667
rou,1970,1307397
rou,1971,1222233
rou,1972,1158846
rou,1973,1146240
rou,1974,1202267
rou,1975,1321441
rou,1976,1466805
rou,1977,1583477
rou,1978,1664138
rou,1979,1693045
rou,1980,1672178
rou,1981,1626173
rou,1982,1602362
rou,1983,1589564
rou,1984,1592241
rou,1985,1608510
rou,1986,1626818
rou,1987,1633449
rou,1988,1622648
rou,1989,1589661
rou,1990,1537226
rou,1991,1476931
rou,1992,1426865
rou,1993,1395100
rou,1994,1388339
rou,1995,1402553
rou,1996,1420264
rou,1997,1421995
rou,1998,1394626
rou,1999,1328889
rou,2000,1228827
rou,2001,1114742
rou,2002,1020877
rou,2003,948543
rou,2004,905915
rou,2005,892750
rou,2006,895425
rou,2007,889338
rou,2008,883794
rou,2009,876288
rou,2010,865928
rou,2011,855105
rou,2012,844717
rou,2013,1049745
rou,2014,1051077
rou,2015,1054993
rou,2016,1056631
rus,1970,7506038
rus,1971,7243627
rus,1972,6989727
rus,1973,6692715
rus,1974,6360355
rus,1975,6026926
rus,1976,5736316
rus,1977,5501764
rus,1978,5398097
rus,1979,5457352
rus,1980,5631589
rus,1981,5831156
rus,1982,6000203
rus,1983,6130611
rus,1984,6200708
rus,1985,6233000
rus,1986,6270617
rus,1987,6352772
rus,1988,6458255
rus,1989,6595112
rus,1990,6747593
rus,1991,6887424
rus,1992,7009250
rus,1993,7124621
rus,1994,7223290
rus,1995,7280414
rus,1996,7268278
rus,1997,7219658
rus,1998,6990808
rus,1999,6551038
rus,2000,5971921
rus,2001,5374873
rus,2002,4874083
rus,2003,4473819
rus,2004,5829019
rus,2005,5572166
rus,2006,5433900
rus,2007,5235780
rus,2008,5095086
rus,2009,5055136
rus,2010,5123602
rus,2011,5269626
rus,2012,5449673
rus,2013,5638211
rus,2014,5808937
rus,2015,5951558
rus,2016,6083836
rwa,1970,640303
rwa,1971,648094
rwa,1972,657768
rwa,1973,668732
rwa,1974,681464
rwa,1975,695333
rwa,1976,709626
rwa,1977,728193
rwa,1978,750706
rwa,1979,776374
rwa,1980,804123
rwa,1981,832600
rwa,1982,865227
rwa,1983,901699
rwa,1984,942586
rwa,1985,988374
rwa,1986,1037989
rwa,1987,1098687
rwa,1988,1164958
rwa,1989,1225743
rwa,1990,1269579
rwa,1991,1290614
rwa,1992,1273337
rwa,1993,1235569
rwa,1994,1191148
rwa,1995,1155304
rwa,1996,1132013
rwa,1997,1171482
rwa,1998,1235548
rwa,1999,1301640
rwa,2000,1350758
rwa,2001,1374409
rwa,2002,1343571
rwa,2003,1314509
rwa,2004,1304726
rwa,2005,1360078
rwa,2006,1415399
rwa,2007,1474398
rwa,2008,1527553
rwa,2009,1574956
rwa,2010,1615365
rwa,2011,1652293
rwa,2012,1694732
rwa,2013,1743941
rwa,2014,1796225
rwa,2015,1848890
rwa,2016,1901755
sas,1970,93370440
sas,1971,95334096
sas,1972,97010808
sas,1973,99228464
sas,1974,101283472
sas,1975,103168672
sas,1976,104893808
sas,1977,107059168
sas,1978,109648872
sas,1979,111887792
sas,1980,113994768
sas,1981,116862448
sas,1982,119141264
sas,1983,121840880
sas,1984,124532696
sas,1985,127115344
sas,1986,129596520
sas,1987,132191984
sas,1988,135371808
sas,1989,138693360
sas,1990,142009360
sas,1991,145197856
sas,1992,148508832
sas,1993,151544592
sas,1994,154149264
sas,1995,156233104
sas,1996,157869168
sas,1997,159718336
sas,1998,161293920
sas,1999,162520448
sas,2000,163444576
sas,2001,164226432
sas,2002,165318400
sas,2003,166581136
sas,2004,167810064
sas,2005,168964384
sas,2006,169983216
sas,2007,171059136
sas,2008,171963408
sas,2009,172676832
sas,2010,173226800
sas,2011,173638752
sas,2012,174166736
sas,2013,174715248
sas,2014,175213456
sau,1970,903529
sau,1971,942510
sau,1972,985791
sau,1973,1032048
sau,1974,1081363
sau,1975,1133610
sau,1976,1188658
sau,1977,1248581
sau,1978,1320641
sau,1979,1405908
sau,1980,1505894
sau,1981,1620453
sau,1982,1727910
sau,1983,1833609
sau,1984,1934715
sau,1985,2027149
sau,1986,2109558
sau,1987,2185222
sau,1988,2275550
sau,1989,2380581
sau,1990,2500385
sau,1991,2631542
sau,1992,2786583
sau,1993,2921369
sau,1994,3028414
sau,1995,3099698
sau,1996,3134858
sau,1997,3101477
sau,1998,3099183
sau,1999,3119721
sau,2000,3154351
sau,2001,3197627
sau,2002,3225579
sau,2003,3260972
sau,2004,3297860
sau,2005,3329130
sau,2006,3350512
sau,2007,3347233
sau,2008,3344886
sau,2009,3344795
sau,2010,3348879
sau,2011,3360825
sau,2012,3359969
sau,2013,3385934
sau,2014,3437468
sau,2015,3511678
sdn,1999,4400558
sdn,2000,4507566
sdn,2001,4619366
sdn,2002,4747459
sdn,2003,4877268
sdn,2004,5004800
sdn,2005,5125929
sdn,2006,5238590
sdn,2007,5361386
sdn,2008,5492617
sdn,2009,5626954
sdn,2010,5757513
sdn,2011,5876880
sdn,2012,5994185
sdn,2013,6096320
sdn,2014,6184046
sdn,2015,6259699
sen,1970,659143
sen,1971,671946
sen,1972,693284
sen,1973,716864
sen,1974,740480
sen,1975,761705
sen,1976,778672
sen,1977,807075
sen,1978,839169
sen,1979,873485
sen,1980,908522
sen,1981,942240
sen,1982,980782
sen,1983,1022224
sen,1984,1064419
sen,1985,1104799
sen,1986,1097538
sen,1987,1137293
sen,1988,1177793
sen,1989,1217727
sen,1990,1255618
sen,1991,1289803
sen,1992,1325660
sen,1993,1363890
sen,1994,1403359
sen,1995,1441663
sen,1996,1476761
sen,1997,1516330
sen,1998,1555417
sen,1999,1592736
sen,2000,1627308
sen,2001,1657580
sen,2002,1688435
sen,2003,1721665
sen,2004,1798039
sen,2005,1834193
sen,2006,1869207
sen,2007,1909701
sen,2008,1956916
sen,2009,2010392
sen,2010,2069186
sen,2011,2131221
sen,2012,2197164
sen,2013,2265031
sen,2014,2334628
sen,2015,2406403
sen,2016,2481051
slb,1970,28742
slb,1971,29858
slb,1972,31216
slb,1973,32780
slb,1974,34509
slb,1975,36338
slb,1976,32373
slb,1977,33346
slb,1978,34681
slb,1979,36378
slb,1980,38439
slb,1981,40962
slb,1982,43380
slb,1983,45495
slb,1984,47271
slb,1985,50087
slb,1986,51232
slb,1987,52189
slb,1988,52950
slb,1989,53531
slb,1990,53982
slb,1991,54629
slb,1992,55491
slb,1993,56551
slb,1994,57778
slb,1995,59086
slb,1996,60522
slb,1997,62013
slb,1998,63529
slb,1999,65027
slb,2000,66459
slb,2001,68257
slb,2002,70054
slb,2003,71744
slb,2004,73226
slb,2005,74476
slb,2006,75818
slb,2007,77474
slb,2008,79310
slb,2009,81176
slb,2010,82935
slb,2011,84467
slb,2012,86119
slb,2013,87838
slb,2014,89557
slb,2015,91177
slb,2016,92671
sle,1970,419784
sle,1971,423770
sle,1972,433620
sle,1973,444709
sle,1974,456043
sle,1975,466629
sle,1976,475667
sle,1977,490276
sle,1978,506903
sle,1979,524470
sle,1980,541703
sle,1981,557254
sle,1982,577142
sle,1983,597096
sle,1984,616779
sle,1985,636005
sle,1986,654360
sle,1987,680116
sle,1988,707642
sle,1989,733466
sle,1990,753592
sle,1991,765612
sle,1992,773067
sle,1993,774437
sle,1994,771138
sle,1995,765022
sle,1996,757062
sle,1997,638282
sle,1998,640444
sle,1999,645417
sle,2000,653759
sle,2001,665405
sle,2002,690297
sle,2003,723582
sle,2004,761224
sle,2005,798390
sle,2006,831436
sle,2007,861717
sle,2008,888127
sle,2009,911467
sle,2010,933044
sle,2011,953359
sle,2012,975950
sle,2013,999502
sle,2014,1023161
sle,2015,1066030
sle,2016,1066030
slv,1970,614163
slv,1971,629745
slv,1972,645584
slv,1973,660964
slv,1974,675301
slv,1975,687863
slv,1976,697951
slv,1977,709418
slv,1978,722185
slv,1979,735635
slv,1980,749141
slv,1981,759638
slv,1982,771031
slv,1983,782731
slv,1984,794188
slv,1985,804741
slv,1986,809583
slv,1987,812913
slv,1988,814774
slv,1989,815269
slv,1990,814363
slv,1991,809366
slv,1992,805745
slv,1993,804222
slv,1994,804795
slv,1995,807572
slv,1996,810461
slv,1997,1183285
slv,1998,819739
slv,1999,825940
slv,2000,833115
slv,2001,840715
slv,2002,847170
slv,2003,851097
slv,2004,851559
slv,2005,847643
slv,2006,838927
slv,2007,827715
slv,2008,814040
slv,2009,797448
slv,2010,777409
slv,2011,751869
slv,2012,728679
slv,2013,709056
slv,2014,692617
slv,2015,679062
slv,2016,664170
smr,2009,1687
smr,2010,1671
smr,2011,1700
smr,2012,1687
smr,2013,1649
smr,2014,1665
som,1970,535094
som,1971,543181
som,1972,550587
som,1973,556699
som,1974,566769
som,1975,587376
som,1976,620944
som,1977,685713
som,1978,767310
som,1979,852275
som,1980,924854
som,1981,976553
som,1982,1001549
som,1983,1005063
som,1984,995106
som,1985,981863
som,1986,971495
som,1987,975665
som,1988,988195
som,1989,1004094
som,1990,1016987
som,1991,1022828
som,1992,1027859
som,1993,1031466
som,1994,1035460
som,1995,1042114
som,1996,1051840
som,1997,1080225
som,1998,1163230
som,1999,1163230
som,2000,1208607
som,2001,1251759
som,2002,1298474
som,2003,1349788
som,2004,1404063
som,2005,1458977
som,2006,1510964
som,2007,1565408
som,2008,1612123
som,2009,1650090
som,2010,1679252
som,2011,1701712
som,2012,1729189
som,2013,1764048
som,2014,1805330
som,2015,1851344
som,2016,1898839
srb,1970,528270
srb,1971,531657
srb,1972,532786
srb,1973,534355
srb,1974,536109
srb,1975,537895
srb,1976,540177
srb,1977,544784
srb,1978,550800
srb,1979,558198
srb,1980,566689
srb,1981,575604
srb,1982,584443
srb,1983,593086
srb,1984,601206
srb,1985,608323
srb,1986,613988
srb,1987,618855
srb,1988,620939
srb,1989,620034
srb,1990,616926
srb,1991,613051
srb,1992,610926
srb,1993,610162
srb,1994,610035
srb,1995,608766
srb,1996,604324
srb,1997,594051
srb,1998,347099
srb,1999,346358
srb,2000,338672
srb,2001,335879
srb,2002,331915
srb,2003,329223
srb,2004,324193
srb,2005,316226
srb,2006,306869
srb,2007,294686
srb,2008,287972
srb,2009,289085
srb,2010,295280
srb,2011,284442
srb,2012,287759
srb,2013,285638
srb,2014,281569
srb,2015,275520
ssa,1970,50467528
ssa,1971,51642032
ssa,1972,53047452
ssa,1973,54433596
ssa,1974,55917464
ssa,1975,57049400
ssa,1976,58422144
ssa,1977,59776108
ssa,1978,61462152
ssa,1979,63233212
ssa,1980,64963348
ssa,1981,66742480
ssa,1982,68794872
ssa,1983,70903048
ssa,1984,73074224
ssa,1985,75165968
ssa,1986,77195336
ssa,1987,79914176
ssa,1988,82300608
ssa,1989,84678472
ssa,1990,86949600
ssa,1991,89130584
ssa,1992,91492160
ssa,1993,94007832
ssa,1994,96468456
ssa,1995,98739040
ssa,1996,100941080
ssa,1997,103284408
ssa,1998,106469352
ssa,1999,108786672
ssa,2000,111144936
ssa,2001,113492408
ssa,2002,116128752
ssa,2003,119009392
ssa,2004,122118816
ssa,2005,125315632
ssa,2006,128580688
ssa,2007,133205440
ssa,2008,136992528
ssa,2009,140857472
ssa,2010,144728128
ssa,2011,148560368
ssa,2012,152531760
ssa,2013,156646944
ssa,2014,160755136
ssd,2005,1316636
ssd,2006,1366775
ssd,2007,1426046
ssd,2008,1485755
ssd,2009,1544812
ssd,2010,1602341
ssd,2011,1722045
ssd,2012,1789959
ssd,2013,1858932
ssd,2014,1925299
ssd,2015,1986051
ssd,2016,2043049
ssf,1970,50476448
ssf,1971,51651168
ssf,1972,53056800
ssf,1973,54443132
ssf,1974,55927128
ssf,1975,57059112
ssf,1976,58431912
ssf,1977,59785964
ssf,1978,61472104
ssf,1979,63243244
ssf,1980,64973416
ssf,1981,66752496
ssf,1982,68804840
ssf,1983,70912952
ssf,1984,73084040
ssf,1985,75175656
ssf,1986,77205088
ssf,1987,79924048
ssf,1988,82310632
ssf,1989,84688672
ssf,1990,86959976
ssf,1991,89140744
ssf,1992,91502144
ssf,1993,94017672
ssf,1994,96478176
ssf,1995,98748656
ssf,1996,100950712
ssf,1997,103294024
ssf,1998,106478936
ssf,1999,108796208
ssf,2000,111154432
ssf,2001,113501720
ssf,2002,116137872
ssf,2003,119018304
ssf,2004,122127488
ssf,2005,125324072
ssf,2006,128589024
ssf,2007,133213664
ssf,2008,137000640
ssf,2009,140865472
ssf,2010,144735968
ssf,2011,148568256
ssf,2012,152539760
ssf,2013,156655136
ssf,2014,160763600
stp,1970,7880
stp,1971,8117
stp,1972,8329
stp,1973,8574
stp,1974,8860
stp,1975,9170
stp,1976,9463
stp,1977,9812
stp,1978,10094
stp,1979,10277
stp,1980,10361
stp,1981,10374
stp,1982,10553
stp,1983,10957
stp,1984,11620
stp,1985,12470
stp,1986,13330
stp,1987,14092
stp,1988,14539
stp,1989,14586
stp,1990,14285
stp,1991,13830
stp,1992,13528
stp,1993,13439
stp,1994,13610
stp,1995,14012
stp,1996,14526
stp,1997,15049
stp,1998,15503
stp,1999,22998
stp,2000,23387
stp,2001,23448
stp,2002,23163
stp,2003,23027
stp,2004,23141
stp,2005,23482
stp,2006,24855
stp,2007,25542
stp,2008,26297
stp,2009,27113
stp,2010,27970
stp,2011,28823
stp,2012,29629
stp,2013,30314
stp,2014,30868
stp,2015,31301
stp,2016,31659
sur,1970,71161
sur,1971,72336
sur,1972,72565
sur,1973,72460
sur,1974,72204
sur,1975,72076
sur,1976,72298
sur,1977,70181
sur,1978,67598
sur,1979,64764
sur,1980,61863
sur,1981,59147
sur,1982,57199
sur,1983,55056
sur,1984,52822
sur,1985,50612
sur,1986,48625
sur,1987,47486
sur,1988,47449
sur,1989,48433
sur,1990,50299
sur,1991,52669
sur,1992,54863
sur,1993,56773
sur,1994,58425
sur,1995,59873
sur,1996,61196
sur,1997,62729
sur,1998,64093
sur,1999,65143
sur,2000,65710
sur,2001,65763
sur,2002,63695
sur,2003,61466
sur,2004,59500
sur,2005,58273
sur,2006,58040
sur,2007,59014
sur,2008,59675
sur,2009,59999
sur,2010,59928
sur,2011,59537
sur,2012,59246
sur,2013,58995
sur,2014,58767
sur,2015,58562
sur,2016,58373
svk,1970,337626
svk,1971,330689
svk,1972,323940
svk,1973,317446
svk,1974,311584
svk,1975,307077
svk,1976,304710
svk,1977,304584
svk,1978,309379
svk,1979,319277
svk,1980,332437
svk,1981,345724
svk,1982,356617
svk,1983,366355
svk,1984,374281
svk,1985,380222
svk,1986,384350
svk,1987,387271
svk,1988,385680
svk,1989,379577
svk,1990,370574
svk,1991,361249
svk,1992,353482
svk,1993,346886
svk,1994,341722
svk,1995,337234
svk,1996,332032
svk,1997,325768
svk,1998,319027
svk,1999,311648
svk,2000,303437
svk,2001,294230
svk,2002,284454
svk,2003,272873
svk,2004,259633
svk,2005,245826
svk,2006,233137
svk,2007,222775
svk,2008,214940
svk,2009,210025
svk,2010,207565
svk,2011,206494
svk,2012,205972
svk,2013,207755
svk,2014,211690
svk,2015,216847
svk,2016,221832
svn,1970,106252
svn,1971,107618
svn,1972,108971
svn,1973,109831
svn,1974,109930
svn,1975,109283
svn,1976,108354
svn,1977,108101
svn,1978,108321
svn,1979,109146
svn,1980,110590
svn,1981,112428
svn,1982,113626
svn,1983,114793
svn,1984,116239
svn,1985,118008
svn,1986,119829
svn,1987,121577
svn,1988,122339
svn,1989,121735
svn,1990,119700
svn,1991,116669
svn,1992,114184
svn,1993,111448
svn,1994,108637
svn,1995,105893
svn,1996,103168
svn,1997,100129
svn,1998,96847
svn,1999,93244
svn,2000,89378
svn,2001,85537
svn,2002,81932
svn,2003,78825
svn,2004,76479
svn,2005,92991
svn,2006,91993
svn,2007,110334
svn,2008,109569
svn,2009,109045
svn,2010,108732
svn,2011,108693
svn,2012,109124
svn,2013,110340
svn,2014,112431
svn,2015,115468
svn,2016,119241
swe,1970,646029
swe,1971,654220
swe,1972,663774
swe,1973,672536
swe,1974,679954
swe,1975,686047
swe,1976,690740
swe,1977,695082
swe,1978,697776
swe,1979,698307
swe,1980,696017
swe,1981,690552
swe,1982,683325
swe,1983,672820
swe,1984,659541
swe,1985,644046
swe,1986,626883
swe,1987,611045
swe,1988,597302
swe,1989,587148
swe,1990,581115
swe,1991,579725
swe,1992,582071
swe,1993,589195
swe,1994,600986
swe,1995,617339
swe,1996,637903
swe,1997,657811
swe,1998,677150
swe,1999,693990
swe,2000,707395
swe,2001,716358
swe,2002,723810
swe,2003,721857
swe,2004,709346
swe,2005,686821
swe,2006,654928
swe,2007,621430
swe,2008,592081
swe,2009,573596
swe,2010,567480
swe,2011,575599
swe,2012,590628
swe,2013,608829
swe,2014,626269
swe,2015,643715
swe,2016,661320
swz,1970,88640
swz,1971,91265
swz,1972,94270
swz,1973,97554
swz,1974,100967
swz,1975,104332
swz,1976,108027
swz,1977,112119
swz,1978,116449
swz,1979,120809
swz,1980,125014
swz,1981,128938
swz,1982,132818
swz,1983,136822
swz,1984,141166
swz,1985,145921
swz,1986,151352
swz,1987,157562
swz,1988,164204
swz,1989,170793
swz,1990,177004
swz,1991,183877
swz,1992,190705
swz,1993,197358
swz,1994,203774
swz,1995,209742
swz,1996,215628
swz,1997,220655
swz,1998,224210
swz,1999,225721
swz,2000,224828
swz,2001,223456
swz,2002,221332
swz,2003,218986
swz,2004,216761
swz,2005,214840
swz,2006,212334
swz,2007,210543
swz,2008,209436
swz,2009,208777
swz,2010,208371
swz,2011,208463
swz,2012,209395
swz,2013,211023
swz,2014,213218
swz,2015,215808
swz,2016,219251
syc,1970,8923
syc,1971,9135
syc,1972,9349
syc,1973,9537
syc,1974,9666
syc,1975,9710
syc,1976,9767
syc,1977,9855
syc,1978,9953
syc,1979,10032
syc,1980,10069
syc,1981,10016
syc,1982,9965
syc,1983,9904
syc,1984,9815
syc,1985,9688
syc,1986,9756
syc,1987,9876
syc,1988,10031
syc,1989,10203
syc,1990,10373
syc,1991,10161
syc,1992,9986
syc,1993,9844
syc,1994,9722
syc,1995,9618
syc,1996,9632
syc,1997,9616
syc,1998,9581
syc,1999,9542
syc,2000,9500
syc,2001,9312
syc,2002,9120
syc,2003,8910
syc,2004,8676
syc,2005,8439
syc,2006,8338
syc,2007,8229
syc,2008,8116
syc,2009,7991
syc,2010,7834
syc,2011,7876
syc,2012,7994
syc,2013,8192
syc,2014,8461
syc,2015,8773
syc,2016,9069
syr,1970,1102769
syr,1971,1137770
syr,1972,1176809
syr,1973,1216409
syr,1974,1256447
syr,1975,1296963
syr,1976,1338176
syr,1977,1385003
syr,1978,1437463
syr,1979,1495446
syr,1980,1558614
syr,1981,1625432
syr,1982,1692897
syr,1983,1762732
syr,1984,1833635
syr,1985,1904009
syr,1986,1972316
syr,1987,2041048
syr,1988,2108070
syr,1989,2172641
syr,1990,2234258
syr,1991,2292343
syr,1992,2345580
syr,1993,2394990
syr,1994,2439352
syr,1995,2476877
syr,1996,2506924
syr,1997,2538530
syr,1998,2560407
syr,1999,2572738
syr,2000,2577104
syr,2001,2577814
syr,2002,2588898
syr,2003,1761503
syr,2004,1803057
syr,2005,1856641
syr,2006,1912046
syr,2007,1954205
syr,2008,1988682
syr,2009,2002291
syr,2010,1987519
syr,2011,1948608
syr,2012,1949930
syr,2013,1931709
syr,2014,2846477
syr,2015,2820382
tcd,1970,557277
tcd,1971,565882
tcd,1972,579502
tcd,1973,594536
tcd,1974,609743
tcd,1975,623840
tcd,1976,636039
tcd,1977,652117
tcd,1978,670363
tcd,1979,689986
tcd,1980,710047
tcd,1981,729274
tcd,1982,753968
tcd,1983,780081
tcd,1984,806481
tcd,1985,831975
tcd,1986,855663
tcd,1987,887022
tcd,1988,921474
tcd,1989,957088
tcd,1990,991756
tcd,1991,1024040
tcd,1992,1062485
tcd,1993,1102513
tcd,1994,1143044
tcd,1995,1183034
tcd,1996,1221698
tcd,1997,1268941
tcd,1998,1320205
tcd,1999,1374145
tcd,2000,1429244
tcd,2001,1483837
tcd,2002,1549052
tcd,2003,1618075
tcd,2004,1688016
tcd,2005,1755691
tcd,2006,1818820
tcd,2007,1887522
tcd,2008,1956603
tcd,2009,2024738
tcd,2010,2090640
tcd,2011,2153033
tcd,2012,2224255
tcd,2013,2298525
tcd,2014,2373304
tcd,2015,2445757
tcd,2016,2513554
tgo,1970,329228
tgo,1971,342875
tgo,1972,356391
tgo,1973,368916
tgo,1974,380359
tgo,1975,390770
tgo,1976,400166
tgo,1977,411272
tgo,1978,423140
tgo,1979,435742
tgo,1980,449060
tgo,1981,462782
tgo,1982,480936
tgo,1983,501474
tgo,1984,523053
tgo,1985,544110
tgo,1986,563461
tgo,1987,584632
tgo,1988,605526
tgo,1989,625456
tgo,1990,643755
tgo,1991,659910
tgo,1992,679237
tgo,1993,698551
tgo,1994,717289
tgo,1995,734881
tgo,1996,750777
tgo,1997,766918
tgo,1998,782616
tgo,1999,797315
tgo,2000,810471
tgo,2001,822049
tgo,2002,835853
tgo,2003,850980
tgo,2004,867216
tgo,2005,884357
tgo,2006,902126
tgo,2007,922903
tgo,2008,946704
tgo,2009,973297
tgo,2010,1002307
tgo,2011,1032676
tgo,2012,1064798
tgo,2013,1097333
tgo,2014,1129550
tgo,2015,1160551
tgo,2016,1189546
tha,1970,6578648
tha,1971,6807549
tha,1972,7039201
tha,1973,7278083
tha,1974,7521562
tha,1975,7761513
tha,1976,7991117
tha,1977,8230971
tha,1978,8443357
tha,1979,7472939
tha,1980,7559263
tha,1981,7599562
tha,1982,7603537
tha,1983,7587880
tha,1984,7560933
tha,1985,7521459
tha,1986,7468374
tha,1987,7394988
tha,1988,7250577
tha,1989,7171091
tha,1990,7079235
tha,1991,6969181
tha,1992,6878370
tha,1993,6779180
tha,1994,6678646
tha,1995,6586009
tha,1996,6506279
tha,1997,6405973
tha,1998,6330831
tha,1999,6275436
tha,2000,6230574
tha,2001,6183915
tha,2002,6160894
tha,2003,6138346
tha,2004,6111689
tha,2005,6076510
tha,2006,6032728
tha,2007,5863249
tha,2008,5686402
tha,2009,5513243
tha,2010,5355248
tha,2011,5220288
tha,2012,5134929
tha,2013,5060710
tha,2014,4997981
tha,2015,4946078
tjk,1970,346628
tjk,1971,364387
tjk,1972,379264
tjk,1973,389827
tjk,1974,395178
tjk,1975,396545
tjk,1976,397116
tjk,1977,400232
tjk,1978,405096
tjk,1979,412208
tjk,1980,421047
tjk,1981,430082
tjk,1982,440158
tjk,1983,449068
tjk,1984,456063
tjk,1985,461663
tjk,1986,467645
tjk,1987,477943
tjk,1988,492871
tjk,1989,512496
tjk,1990,535832
tjk,1991,560542
tjk,1992,583946
tjk,1993,609209
tjk,1994,636350
tjk,1995,663783
tjk,1996,688594
tjk,1997,732155
tjk,1998,725812
tjk,1999,730254
tjk,2000,725924
tjk,2001,717200
tjk,2002,708633
tjk,2003,703094
tjk,2004,700686
tjk,2005,700486
tjk,2006,700639
tjk,2007,700477
tjk,2008,697555
tjk,2009,691053
tjk,2010,681801
tjk,2011,672528
tjk,2012,669539
tjk,2013,671740
tjk,2014,680490
tjk,2015,695758
tjk,2016,715148
tkm,1970,255707
tkm,1971,265718
tkm,1972,274402
tkm,1973,280101
tkm,1974,282439
tkm,1975,282244
tkm,1976,281419
tkm,1977,282485
tkm,1978,285320
tkm,1979,290070
tkm,1980,296294
tkm,1981,302978
tkm,1982,309265
tkm,1983,315376
tkm,1984,320691
tkm,1985,325099
tkm,1986,329163
tkm,1987,334888
tkm,1988,341886
tkm,1989,350056
tkm,1990,359418
tkm,1991,369788
tkm,1992,380596
tkm,1993,393759
tkm,1994,409185
tkm,1995,425794
tkm,1996,441545
tkm,1997,345705
tkm,1998,352117
tkm,1999,355177
tkm,2000,354785
tkm,2001,351366
tkm,2002,348952
tkm,2003,340987
tkm,2004,327317
tkm,2005,310819
tkm,2006,295437
tkm,2007,282734
tkm,2008,276468
tkm,2009,278093
tkm,2010,285028
tkm,2011,292735
tkm,2012,297926
tkm,2013,301037
tkm,2014,401785
tkm,2015,399060
tkm,2016,397057
tls,1970,92946
tls,1971,95079
tls,1972,97923
tls,1973,101094
tls,1974,103935
tls,1975,105692
tls,1976,105884
tls,1977,104456
tls,1978,101451
tls,1979,97821
tls,1980,94624
tls,1981,92359
tls,1982,92146
tls,1983,91600
tls,1984,90418
tls,1985,88474
tls,1986,86479
tls,1987,85643
tls,1988,87112
tls,1989,91125
tls,1990,97722
tls,1991,105846
tls,1992,115378
tls,1993,123424
tls,1994,129223
tls,1995,132036
tls,1996,132090
tls,1997,135014
tls,1998,138132
tls,1999,142092
tls,2000,148010
tls,2001,156472
tls,2002,162334
tls,2003,170435
tls,2004,179750
tls,2005,188633
tls,2006,195556
tls,2007,194206
tls,2008,189967
tls,2009,184316
tls,2010,175509
tls,2011,179399
tls,2012,181233
tls,2013,181183
tls,2014,179694
tls,2015,177984
tls,2016,177984
ton,1970,16117
ton,1971,16585
ton,1972,16909
ton,1973,17064
ton,1974,17032
ton,1975,16828
ton,1976,16668
ton,1977,16474
ton,1978,16163
ton,1979,15653
ton,1980,14954
ton,1981,14456
ton,1982,14175
ton,1983,14077
ton,1984,14278
ton,1985,14386
ton,1986,14338
ton,1987,14482
ton,1988,14782
ton,1989,15139
ton,1990,15411
ton,1991,15665
ton,1992,15661
ton,1993,15400
ton,1994,14961
ton,1995,14512
ton,1996,14250
ton,1997,14246
ton,1998,14490
ton,1999,14898
ton,2000,15292
ton,2001,15421
ton,2002,15444
ton,2003,15371
ton,2004,15258
ton,2005,15206
ton,2006,15214
ton,2007,15271
ton,2008,15366
ton,2009,15472
ton,2010,15551
ton,2011,15672
ton,2012,15598
ton,2013,15717
ton,2014,15816
ton,2015,15881
ton,2016,15868
tto,1970,194531
tto,1971,196982
tto,1972,197592
tto,1973,194958
tto,1974,189436
tto,1975,181753
tto,1976,173542
tto,1977,166546
tto,1978,162621
tto,1979,161495
tto,1980,162653
tto,1981,164916
tto,1982,167653
tto,1983,170136
tto,1984,172451
tto,1985,174796
tto,1986,177406
tto,1987,180801
tto,1988,185772
tto,1989,191846
tto,1990,198242
tto,1991,203609
tto,1992,207235
tto,1993,207647
tto,1994,204800
tto,1995,198951
tto,1996,191235
tto,1997,183199
tto,1998,175429
tto,1999,167914
tto,2000,160653
tto,2001,153640
tto,2002,146536
tto,2003,140293
tto,2004,134996
tto,2005,130669
tto,2006,127182
tto,2007,124491
tto,2008,123085
tto,2009,122889
tto,2010,123728
tto,2011,125147
tto,2012,126741
tto,2013,128476
tto,2014,130236
tto,2015,131885
tto,2016,133292
tun,1970,876426
tun,1971,904027
tun,1972,924028
tun,1973,939548
tun,1974,950620
tun,1975,957809
tun,1976,962760
tun,1977,970703
tun,1978,980674
tun,1979,992341
tun,1980,1005346
tun,1981,1019373
tun,1982,1030723
tun,1983,1047247
tun,1984,1068039
tun,1985,1091703
tun,1986,1115918
tun,1987,1140742
tun,1988,1163787
tun,1989,1185005
tun,1990,1204614
tun,1991,1222594
tun,1992,1240668
tun,1993,1258320
tun,1994,1273590
tun,1995,1284003
tun,1996,1287533
tun,1997,1288293
tun,1998,1279299
tun,1999,1260088
tun,2000,1230789
tun,2001,1193809
tun,2002,1157576
tun,2003,1122546
tun,2004,1089625
tun,2005,1059829
tun,2006,1033401
tun,2007,1008694
tun,2008,987915
tun,2009,971763
tun,2010,960663
tun,2011,954298
tun,2012,952657
tun,2013,955494
tun,2014,963285
tun,2015,976473
tur,1970,4632311
tur,1971,4695174
tur,1972,4773326
tur,1973,4856025
tur,1974,4938833
tur,1975,5018431
tur,1976,5092891
tur,1977,5187893
tur,1978,5298735
tur,1979,5424461
tur,1980,5560390
tur,1981,5695557
tur,1982,5825076
tur,1983,5952248
tur,1984,6071808
tur,1985,6178389
tur,1986,6268195
tur,1987,6366335
tur,1988,6451494
tur,1989,6520641
tur,1990,6571148
tur,1991,6601394
tur,1992,6628908
tur,1993,6633169
tur,1994,6612818
tur,1995,6571154
tur,1996,6517830
tur,1997,7789808
tur,1998,6444354
tur,1999,6411407
tur,2000,6384308
tur,2001,6364463
tur,2002,6356374
tur,2003,6373472
tur,2004,6415661
tur,2005,6473882
tur,2006,6529183
tur,2007,6566414
tur,2008,6578256
tur,2009,6564775
tur,2010,6533765
tur,2011,6501338
tur,2012,6520403
tur,2013,5234608
tur,2014,5268034
tur,2015,5302144
tur,2016,6669156
tuv,2000,1446
tuv,2001,1419
tuv,2002,1409
tuv,2003,1428
tuv,2004,1446
tuv,2005,1457
tuv,2006,1459
tuv,2007,1467
tuv,2008,1435
tuv,2009,1412
tuv,2010,1389
tuv,2011,1325
tuv,2012,1347
tuv,2013,1373
tuv,2014,1402
tuv,2015,1436
tuv,2016,1477
tza,1970,2531457
tza,1971,2617470
tza,1972,2709347
tza,1973,2805532
tza,1974,2902724
tza,1975,2996119
tza,1976,3096180
tza,1977,3201454
tza,1978,3310504
tza,1979,3421185
tza,1980,3530105
tza,1981,3649368
tza,1982,3776230
tza,1983,3907536
tza,1984,4038685
tza,1985,4164520
tza,1986,4299815
tza,1987,4437826
tza,1988,4577644
tza,1989,4718289
tza,1990,4856425
tza,1991,5016047
tza,1992,5185854
tza,1993,5359680
tza,1994,5528826
tza,1995,5684981
tza,1996,5843173
tza,1997,6000049
tza,1998,6155410
tza,1999,6307591
tza,2000,6453069
tza,2001,6604854
tza,2002,6762369
tza,2003,6925923
tza,2004,7097928
tza,2005,7279457
tza,2006,7464622
tza,2007,7681582
tza,2008,7932701
tza,2009,8211619
tza,2010,8508189
tza,2011,8823371
tza,2012,9152871
tza,2013,9487231
tza,2014,9821908
tza,2015,10156267
tza,2016,10488133
uga,1970,1841564
uga,1971,1899939
uga,1972,1960319
uga,1973,2021746
uga,1974,2082981
uga,1975,2142034
uga,1976,2212362
uga,1977,2285361
uga,1978,2358348
uga,1979,2428454
uga,1980,2492972
uga,1981,2568177
uga,1982,2648647
uga,1983,2733983
uga,1984,2822064
uga,1985,2909970
uga,1986,3020331
uga,1987,3139662
uga,1988,3263344
uga,1989,3385619
uga,1990,3501233
uga,1991,3636234
uga,1992,3774206
uga,1993,3912762
uga,1994,4049017
uga,1995,4179853
uga,1996,4324069
uga,1997,4477190
uga,1998,4637764
uga,1999,4802286
uga,2000,4966457
uga,2001,5144912
uga,2002,5329375
uga,2003,5516080
uga,2004,5702746
uga,2005,5886836
uga,2006,6077847
uga,2007,6284432
uga,2008,6504748
uga,2009,6733213
uga,2010,6964259
uga,2011,7206200
uga,2012,7452435
uga,2013,7698251
uga,2014,7940576
uga,2015,8175769
uga,2016,8417509
ukr,1970,2396647
ukr,1971,2391463
ukr,1972,2364457
ukr,1973,2317361
ukr,1974,2246221
ukr,1975,2163736
ukr,1976,2089554
ukr,1977,2033914
ukr,1978,2013948
ukr,1979,2037194
ukr,1980,2088761
ukr,1981,2141994
ukr,1982,2187496
ukr,1983,2219191
ukr,1984,2230450
ukr,1985,2227372
ukr,1986,2221894
ukr,1987,2223313
ukr,1988,2230585
ukr,1989,2245503
ukr,1990,2261990
ukr,1991,2270431
ukr,1992,2277857
ukr,1993,2267384
ukr,1994,2232893
ukr,1995,2178264
ukr,1996,2112868
ukr,1997,2042282
ukr,1998,1965532
ukr,1999,1886079
ukr,2000,1805274
ukr,2001,1723182
ukr,2002,1642055
ukr,2003,2032921
ukr,2004,1931565
ukr,2005,1837277
ukr,2006,1754128
ukr,2007,1679055
ukr,2008,1610393
ukr,2009,1549197
ukr,2010,1499122
ukr,2011,1464674
ukr,2012,1467597
ukr,2013,1519859
ukr,2014,1621551
umc,1970,168928976
umc,1971,175504128
umc,1972,180974096
umc,1973,187232320
umc,1974,193508704
umc,1975,199749584
umc,1976,205875088
umc,1977,211684880
umc,1978,216413552
umc,1979,218561696
umc,1980,219981968
umc,1981,219559392
umc,1982,219129584
umc,1983,217572112
umc,1984,214801488
umc,1985,210865744
umc,1986,206220912
umc,1987,202364928
umc,1988,199496256
umc,1989,198337264
umc,1990,199128016
umc,1991,201468784
umc,1992,204126112
umc,1993,208166288
umc,1994,213788752
umc,1995,221169984
umc,1996,229095648
umc,1997,264280016
umc,1998,238746672
umc,1999,237168656
umc,2000,233460720
umc,2001,224796000
umc,2002,216850384
umc,2003,209326976
umc,2004,220969120
umc,2005,213021968
umc,2006,206243376
umc,2007,200942816
umc,2008,195550704
umc,2009,191725328
umc,2010,191474208
umc,2011,190165200
umc,2012,190864912
umc,2013,194825616
umc,2014,196034880
umc,2015,197482912
ury,1970,315891
ury,1971,317226
ury,1972,316332
ury,1973,313277
ury,1974,308431
ury,1975,302733
ury,1976,297330
ury,1977,295616
ury,1978,297501
ury,1979,302642
ury,1980,309685
ury,1981,316270
ury,1982,321980
ury,1983,326764
ury,1984,330521
ury,1985,333329
ury,1986,335190
ury,1987,334476
ury,1988,331212
ury,1989,325698
ury,1990,319070
ury,1991,313347
ury,1992,310135
ury,1993,309588
ury,1994,311725
ury,1995,315712
ury,1996,319576
ury,1997,323275
ury,1998,326626
ury,1999,329302
ury,2000,330976
ury,2001,331871
ury,2002,331092
ury,2003,328743
ury,2004,325142
ury,2005,320932
ury,2006,316919
ury,2007,313395
ury,2008,310311
ury,2009,307576
ury,2010,305060
ury,2011,302531
ury,2012,300196
ury,2013,298140
ury,2014,296421
ury,2015,294970
ury,2016,293731
usa,1970,25088842
usa,1971,24902684
usa,1972,24627468
usa,1973,24228356
usa,1974,23713732
usa,1975,23099144
usa,1976,22432488
usa,1977,21941572
usa,1978,21529484
usa,1979,21192748
usa,1980,20921954
usa,1981,20689468
usa,1982,20469392
usa,1983,20308960
usa,1984,20217824
usa,1985,20202284
usa,1986,20251396
usa,1987,20426354
usa,1988,20644168
usa,1989,20900112
usa,1990,21185386
usa,1991,21480154
usa,1992,21917312
usa,1993,22315212
usa,1994,22658328
usa,1995,22933792
usa,1996,23139122
usa,1997,23432500
usa,1998,23755778
usa,1999,24077620
usa,2000,24358474
usa,2001,24561228
usa,2002,24708692
usa,2003,24706360
usa,2004,24558504
usa,2005,24284106
usa,2006,23936328
usa,2007,23828164
usa,2008,23869400
usa,2009,24025320
usa,2010,24247080
usa,2011,24456980
usa,2012,24488592
usa,2013,24559664
usa,2014,24653740
usa,2015,24749306
usa,2016,24823100
uzb,1970,1085081
uzb,1971,1119445
uzb,1972,1151279
uzb,1973,1169723
uzb,1974,1173817
uzb,1975,1170146
uzb,1976,1168253
uzb,1977,1170849
uzb,1978,1182126
uzb,1979,1204935
uzb,1980,1235220
uzb,1981,1265919
uzb,1982,1296775
uzb,1983,1323625
uzb,1984,1343889
uzb,1985,1360747
uzb,1986,1379665
uzb,1987,1409975
uzb,1988,1448915
uzb,1989,1497551
uzb,1990,1552640
uzb,1991,1608392
uzb,1992,1660872
uzb,1993,1719998
uzb,1994,1783838
uzb,1995,1846059
uzb,1996,2494475
uzb,1997,2558481
uzb,1998,2599214
uzb,1999,2608284
uzb,2000,2584955
uzb,2001,2538677
uzb,2002,2497474
uzb,2003,2447379
uzb,2004,2388060
uzb,2005,2321703
uzb,2006,2252321
uzb,2007,2186269
uzb,2008,2126562
uzb,2009,2076110
uzb,2010,2037419
uzb,2011,2011258
uzb,2012,1992407
uzb,2013,1997098
uzb,2014,2030716
uzb,2015,2090819
uzb,2016,2165291
vct,1970,20655
vct,1971,20886
vct,1972,21058
vct,1973,21157
vct,1974,21184
vct,1975,21150
vct,1976,21074
vct,1977,20965
vct,1978,20902
vct,1979,20866
vct,1980,20833
vct,1981,20768
vct,1982,20622
vct,1983,20395
vct,1984,20105
vct,1985,19776
vct,1986,19440
vct,1987,19263
vct,1988,19234
vct,1989,19298
vct,1990,19388
vct,1991,19447
vct,1992,19116
vct,1993,18735
vct,1994,18318
vct,1995,17887
vct,1996,17471
vct,1997,17077
vct,1998,16750
vct,1999,16483
vct,2000,16266
vct,2001,16080
vct,2002,15837
vct,2003,15603
vct,2004,15365
vct,2005,15112
vct,2006,14835
vct,2007,14619
vct,2008,14364
vct,2009,14070
vct,2010,13743
vct,2011,13411
vct,2012,13113
vct,2013,12924
vct,2014,12823
vct,2015,12784
vct,2016,12753
ven,1970,1922377
ven,1971,2013102
ven,1972,2105596
ven,1973,2187232
ven,1974,2252759
ven,1975,2301136
ven,1976,2330898
ven,1977,2356124
ven,1978,2372503
ven,1979,2384235
ven,1980,2392352
ven,1981,2397956
ven,1982,2402487
ven,1983,2418926
ven,1984,2450335
ven,1985,2495975
ven,1986,2555468
ven,1987,2693277
ven,1988,2758012
ven,1989,2816176
ven,1990,2868349
ven,1991,2916743
ven,1992,2968237
ven,1993,3026667
ven,1994,3090037
ven,1995,3155295
ven,1996,3217586
ven,1997,3274490
ven,1998,3316167
ven,1999,3341849
ven,2000,3351773
ven,2001,3349949
ven,2002,3349416
ven,2003,3350242
ven,2004,3352384
ven,2005,3355878
ven,2006,3360320
ven,2007,3365739
ven,2008,3374137
ven,2009,3385838
ven,2010,3400671
ven,2011,3416987
ven,2012,3433804
ven,2013,3449473
ven,2014,3463775
ven,2015,3476479
ven,2016,3487517
vgb,2002,2728
vgb,2003,2779
vgb,2004,2831
vgb,2005,2914
vgb,2006,2994
vgb,2007,3075
vgb,2008,3180
vgb,2009,3307
vgb,2011,3303
vgb,2012,3312
vgb,2013,3323
vgb,2014,3358
vgb,2015,3393
vgb,2016,3434
vnm,1970,6132748
vnm,1971,6244838
vnm,1972,6366744
vnm,1973,6471818
vnm,1974,6563678
vnm,1975,6649007
vnm,1976,6734204
vnm,1977,6830048
vnm,1978,6941915
vnm,1979,7069326
vnm,1980,7205124
vnm,1981,7335601
vnm,1982,7453218
vnm,1983,7552728
vnm,1984,7631357
vnm,1985,7693732
vnm,1986,7753900
vnm,1987,7834937
vnm,1988,7937739
vnm,1989,8063996
vnm,1990,8208641
vnm,1991,8356956
vnm,1992,8500636
vnm,1993,8638658
vnm,1994,8769060
vnm,1995,8890350
vnm,1996,8997841
vnm,1997,9080564
vnm,1998,9159895
vnm,1999,9225639
vnm,2000,9254137
vnm,2001,9216140
vnm,2002,9119528
vnm,2003,8878609
vnm,2004,8491693
vnm,2005,8000586
vnm,2006,7498745
vnm,2007,7094264
vnm,2008,6795875
vnm,2009,6628364
vnm,2010,6587471
vnm,2011,6618100
vnm,2012,6638969
vnm,2013,6699140
vnm,2014,6798838
vnm,2015,6928602
vut,1970,14820
vut,1971,15300
vut,1972,15819
vut,1973,16330
vut,1974,16798
vut,1975,17197
vut,1976,17591
vut,1977,18064
vut,1978,18589
vut,1979,19131
vut,1980,19657
vut,1981,20053
vut,1982,20520
vut,1983,21047
vut,1984,21621
vut,1985,22226
vut,1986,22678
vut,1987,23218
vut,1988,23825
vut,1989,24482
vut,1990,25175
vut,1991,25832
vut,1992,26528
vut,1993,27175
vut,1994,27677
vut,1995,28007
vut,1996,28176
vut,1997,28390
vut,1998,28682
vut,1999,29101
vut,2000,29658
vut,2001,30172
vut,2002,30793
vut,2003,31472
vut,2004,32139
vut,2005,32734
vut,2006,33189
vut,2007,33629
vut,2008,33966
vut,2009,34128
vut,2010,34152
vut,2011,34156
vut,2012,34708
vut,2013,35703
vut,2014,37002
vut,2015,38370
wld,1970,450244128
wld,1971,461291296
wld,1972,471033568
wld,1973,481790144
wld,1974,492242304
wld,1975,501802528
wld,1976,511002688
wld,1977,520560448
wld,1978,529615584
wld,1979,536329248
wld,1980,542347328
wld,1981,547140800
wld,1982,551606784
wld,1983,555255744
wld,1984,557581184
wld,1985,558436288
wld,1986,558398400
wld,1987,560589760
wld,1988,564351744
wld,1989,570424000
wld,1990,577336448
wld,1991,587410432
wld,1992,597514752
wld,1993,608500288
wld,1994,620227392
wld,1995,632758336
wld,1996,645832512
wld,1997,687806080
wld,1998,665474112
wld,1999,667529728
wld,2000,667040320
wld,2001,661133376
wld,2002,656694400
wld,2003,652329600
wld,2004,667383936
wld,2005,664355584
wld,2006,660720960
wld,2007,658983680
wld,2008,657524736
wld,2009,657981888
wld,2010,662128000
wld,2011,665352768
wld,2012,670933056
wld,2013,680318016
wld,2014,687683904
wld,2015,694263744
wsm,1970,29535
wsm,1971,30237
wsm,1972,30692
wsm,1973,30883
wsm,1974,30840
wsm,1975,30660
wsm,1976,30315
wsm,1977,29948
wsm,1978,29573
wsm,1979,29197
wsm,1980,28811
wsm,1981,28430
wsm,1982,28075
wsm,1983,27753
wsm,1984,27454
wsm,1985,27151
wsm,1986,26834
wsm,1987,26492
wsm,1988,26172
wsm,1989,25907
wsm,1990,25687
wsm,1991,25842
wsm,1992,26134
wsm,1993,26499
wsm,1994,26858
wsm,1995,27166
wsm,1996,27187
wsm,1997,35829
wsm,1998,27854
wsm,1999,28419
wsm,2000,29018
wsm,2001,29125
wsm,2002,29095
wsm,2003,28909
wsm,2004,28609
wsm,2005,28312
wsm,2006,28099
wsm,2007,27971
wsm,2008,27900
wsm,2009,27874
wsm,2010,27873
wsm,2011,28030
wsm,2012,28405
wsm,2013,28946
wsm,2014,29533
wsm,2015,29980
wsm,2016,30256
yem,1970,948562
yem,1971,968860
yem,1972,997218
yem,1973,1033769
yem,1974,1076975
yem,1975,1124820
yem,1976,1174293
yem,1977,1226620
yem,1978,1279672
yem,1979,1331176
yem,1980,1379091
yem,1981,1423691
yem,1982,1477290
yem,1983,1542427
yem,1984,1616940
yem,1985,1697907
yem,1986,1781486
yem,1987,1870057
yem,1988,1960744
yem,1989,2055273
yem,1990,2156277
yem,1991,2264882
yem,1992,2374670
yem,1993,2496524
yem,1994,2623504
yem,1995,2747546
yem,1996,2862213
yem,1997,2987584
yem,1998,3110021
yem,1999,3228427
yem,2000,3340744
yem,2001,3442178
yem,2002,3541413
yem,2003,3611477
yem,2004,3652144
yem,2005,3665699
yem,2006,3661741
yem,2007,3664014
yem,2008,3683849
yem,2009,3720690
yem,2010,3773124
yem,2011,3835878
yem,2012,3902512
yem,2013,3974584
yem,2014,4051235
yem,2015,4130525
zaf,1970,4114093
zaf,1971,4208150
zaf,1972,4314419
zaf,1973,4432276
zaf,1974,4557431
zaf,1975,4685756
zaf,1976,4823945
zaf,1977,4965279
zaf,1978,5106121
zaf,1979,5244836
zaf,1980,5378771
zaf,1981,5514833
zaf,1982,5644766
zaf,1983,5765504
zaf,1984,5874385
zaf,1985,5969802
zaf,1986,6066460
zaf,1987,6165540
zaf,1988,6272014
zaf,1989,6388363
zaf,1990,6514698
zaf,1991,6625495
zaf,1992,6737185
zaf,1993,6837224
zaf,1994,6912581
zaf,1995,6953669
zaf,1996,7031650
zaf,1997,7032866
zaf,1998,7083506
zaf,1999,7129839
zaf,2000,7177220
zaf,2001,7207660
zaf,2002,7236781
zaf,2003,7272814
zaf,2004,7311700
zaf,2005,7344489
zaf,2006,7390530
zaf,2007,7412407
zaf,2008,7400521
zaf,2009,7358379
zaf,2010,7297755
zaf,2011,7223560
zaf,2012,7174536
zaf,2013,7171307
zaf,2014,7215161
zaf,2015,7296033
zaf,2016,7424846
zmb,1970,779280
zmb,1971,809678
zmb,1972,842819
zmb,1973,878053
zmb,1974,914228
zmb,1975,949971
zmb,1976,989030
zmb,1977,1029230
zmb,1978,1070003
zmb,1979,1110945
zmb,1980,1151317
zmb,1981,1193653
zmb,1982,1238767
zmb,1983,1285750
zmb,1984,1332551
zmb,1985,1376921
zmb,1986,1428722
zmb,1987,1478085
zmb,1988,1523378
zmb,1989,1564025
zmb,1990,1599466
zmb,1991,1637072
zmb,1992,1677353
zmb,1993,1721792
zmb,1994,1769751
zmb,1995,1818860
zmb,1996,1873660
zmb,1997,1929678
zmb,1998,1983153
zmb,1999,2031287
zmb,2000,2072760
zmb,2001,2117504
zmb,2002,2163550
zmb,2003,2213264
zmb,2004,2267833
zmb,2005,2326538
zmb,2006,2386468
zmb,2007,2454399
zmb,2008,2529286
zmb,2009,2609732
zmb,2010,2694417
zmb,2011,2779479
zmb,2012,2871004
zmb,2013,2966785
zmb,2014,3063991
zmb,2015,3160482
zmb,2016,3260312
zwe,1970,1016116
zwe,1971,1055060
zwe,1972,1095914
zwe,1973,1136763
zwe,1974,1176157
zwe,1975,1213390
zwe,1976,1252716
zwe,1977,1293859
zwe,1978,1338452
zwe,1979,1387828
zwe,1980,1441838
zwe,1981,1494689
zwe,1982,1553987
zwe,1983,1618432
zwe,1984,1686069
zwe,1985,1755103
zwe,1986,1828378
zwe,1987,1978260
zwe,1988,2050228
zwe,1989,2115858
zwe,1990,2172348
zwe,1991,2240403
zwe,1992,2296900
zwe,1993,2340823
zwe,1994,2372447
zwe,1995,2392033
zwe,1996,2419271
zwe,1997,2440512
zwe,1998,2455719
zwe,1999,2462779
zwe,2000,2460666
zwe,2001,2463717
zwe,2002,2461920
zwe,2003,2457314
zwe,2004,2452649
zwe,2005,2449848
zwe,2006,2442035
zwe,2007,2445059
zwe,2008,2459614
zwe,2009,2485168
zwe,2010,2520854
zwe,2011,2554192
zwe,2012,2602762
zwe,2013,2664843
zwe,2014,2738602
zwe,2015,2821597
zwe,2016,2902600
