country,year,uis_e_1_g5_f
abw,1999,674.0
abw,2000,735.0
abw,2001,739.0
abw,2002,701.0
abw,2003,715.0
abw,2004,774.0
abw,2005,775.0
abw,2006,817.0
abw,2007,791.0
abw,2008,756.0
abw,2009,771.0
abw,2010,796.0
abw,2013,754.0
abw,2014,729.0
afg,1970,9075.0
afg,1971,9054.0
afg,1972,10287.0
afg,1973,10352.0
afg,1974,10707.0
afg,1975,11706.0
afg,1976,12816.0
afg,1977,14087.0
afg,1978,16250.0
afg,1980,21049.0
afg,1981,25214.0
afg,1982,17095.0
afg,1984,19039.0
afg,1985,19441.0
afg,1986,20871.0
afg,1988,25779.0
afg,1989,29186.0
afg,1993,30986.0
afg,2003,92196.0
afg,2005,121121.0
afg,2007,243304.0
afg,2009,268598.0
afg,2010,292115.0
afg,2011,284417.0
afg,2012,310909.0
afg,2013,320580.0
afg,2014,339244.0
ago,1972,11694.0
ago,2008,159251.0
ago,2009,162055.0
ago,2010,167947.0
ago,2011,171844.0
alb,1996,7199.0
alb,2009,24845.0
alb,2010,22920.0
alb,2011,22966.0
alb,2012,22397.0
alb,2013,18550.0
alb,2014,20285.0
and,2002,340.0
and,2003,349.0
and,2004,344.0
and,2005,305.0
and,2006,325.0
and,2007,321.0
and,2008,349.0
and,2009,373.0
and,2010,413.0
and,2011,341.0
and,2012,333.0
and,2013,342.0
and,2014,350.0
arb,1970,760246.0
arb,1971,780618.8125
arb,1972,810794.8125
arb,1973,857019.9375
arb,1974,920287.0
arb,1975,993334.4375
arb,1976,1049502.0
arb,1977,1089209.875
arb,1978,1132595.125
arb,1979,1200715.75
arb,1980,1295414.125
arb,1981,1352473.0
arb,1982,1425335.75
arb,1983,1569021.125
arb,1984,1621588.625
arb,1985,1602442.75
arb,1986,1663305.875
arb,1987,1727413.25
arb,1988,1807359.75
arb,1989,1839117.75
arb,1990,1920473.125
arb,1991,1996778.75
arb,1992,2057140.375
arb,1993,2130809.75
arb,1994,2230630.0
arb,1995,2325612.5
arb,1996,2405676.0
arb,1997,2479591.25
arb,1998,2564529.75
arb,1999,2635583.25
arb,2000,2663945.0
arb,2001,2691201.5
arb,2002,2745324.0
arb,2003,2621812.75
arb,2004,2675088.0
arb,2005,2675629.75
arb,2006,2743210.75
arb,2007,2765248.75
arb,2008,2737976.0
arb,2009,2846177.0
arb,2010,2857231.0
arb,2011,2930462.5
arb,2012,2997555.25
arb,2013,3085840.75
arb,2014,3072749.5
are,1973,1469.0
are,1974,1810.0
are,1975,2225.0
are,1976,2673.0
are,1977,3089.0
are,1978,3652.0
are,1979,4245.0
are,1980,4984.0
are,1981,5134.0
are,1982,7002.0
are,1983,7545.0
are,1984,8131.0
are,1985,9083.0
are,1986,10553.0
are,1987,10851.0
are,1988,12115.0
are,1989,13715.0
are,1990,15263.0
are,1991,16767.0
are,1992,17100.0
are,1993,17917.0
are,1994,18934.0
are,1995,19296.0
are,1996,19795.0
are,1997,19947.0
are,1999,21421.0
are,2000,21255.0
are,2001,21347.0
are,2002,21684.0
are,2003,21900.0
are,2004,22511.0
are,2005,23707.0
are,2006,24672.0
are,2007,26378.0
are,2009,26262.0
are,2010,27846.0
are,2011,28292.0
are,2012,31160.0
are,2013,33070.0
are,2014,35523.0
arg,1970,209335.0
arg,1971,214691.0
arg,1974,226175.0
arg,1975,227091.0
arg,1976,223093.0
arg,1977,226482.0
arg,1978,233614.0
arg,1979,241219.0
arg,1980,247800.0
arg,1981,258469.0
arg,1991,341959.0
arg,1996,346028.0
arg,1997,354674.0
arg,1999,352989.46875
arg,2000,356613.96875
arg,2001,372336.9375
arg,2002,374928.75
arg,2003,361500.15625
arg,2004,360657.90625
arg,2005,361661.8125
arg,2006,367599.78125
arg,2007,372493.03125
arg,2008,371378.46875
arg,2009,369787.8125
arg,2010,373045.34375
arg,2011,369244.96875
arg,2012,364101.9375
arg,2013,368432.96875
asm,1984,383.0
asm,1986,463.0
asm,1987,445.0
asm,1988,458.0
asm,1989,463.0
asm,1990,517.0
asm,1992,449.0
atg,1971,723.0
atg,1975,738.0
atg,1976,806.0
atg,1979,629.0
atg,1992,616.0
atg,2007,764.0
atg,2008,778.0
atg,2009,743.0
atg,2010,805.0
atg,2011,754.0
atg,2012,714.0
atg,2014,670.0
aus,1971,124813.0
aus,1972,125957.0
aus,1973,124632.0
aus,1974,122540.0
aus,1975,121631.0
aus,1976,119963.0
aus,1977,121786.0
aus,1978,123517.0
aus,1979,129140.0
aus,1980,131006.0
aus,1981,138652.0
aus,1982,137235.0
aus,1983,130080.0
aus,1984,125563.0
aus,1985,120133.0
aus,1986,117070.0
aus,1987,115105.0
aus,1988,115164.0
aus,1989,115688.0
aus,1990,116401.0
aus,1991,120484.0
aus,1992,123718.0
aus,1993,125583.0
aus,1994,125040.0
aus,1996,124713.0
aus,1997,124257.0
aus,1999,126326.0
aus,2000,130420.0
aus,2001,132554.0
aus,2002,136655.0
aus,2003,131073.0
aus,2004,131770.0
aus,2005,130971.0
aus,2006,125018.0
aus,2007,130321.0
aus,2008,131447.0
aus,2009,133467.0
aus,2010,132170.0
aus,2011,122333.0
aus,2012,132784.0
aus,2013,135465.0
aus,2014,137554.0
bdi,1971,5949.0
bdi,1972,6503.0
bdi,1973,6124.0
bdi,1974,6485.0
bdi,1975,7027.0
bdi,1976,7252.0
bdi,1977,7438.0
bdi,1978,8452.0
bdi,1979,8462.0
bdi,1980,8934.0
bdi,1981,9943.0
bdi,1982,10768.0
bdi,1983,12031.0
bdi,1984,13555.0
bdi,1985,15325.0
bdi,1986,16310.0
bdi,1987,25328.0
bdi,1988,29540.0
bdi,1989,33246.0
bdi,1990,36250.0
bdi,1991,42955.0
bdi,1992,46769.0
bdi,1993,47964.0
bdi,2000,35175.0
bdi,2001,37460.0
bdi,2002,42172.0
bdi,2003,49509.0
bdi,2004,55608.0
bdi,2005,61668.0
bdi,2006,69757.0
bdi,2007,78087.0
bdi,2008,88392.0
bdi,2009,102241.0
bdi,2010,122407.0
bdi,2011,135768.0
bdi,2012,142001.0
bdi,2013,140407.0
bdi,2014,142455.0
bel,1971,79939.0
bel,1972,81251.0
bel,1974,78996.0
bel,1975,80016.0
bel,1976,76763.0
bel,1977,76481.0
bel,1978,73078.0
bel,1979,71465.0
bel,1980,69959.0
bel,1981,69231.0
bel,1982,69854.0
bel,1983,64479.0
bel,1984,63386.0
bel,1985,60951.0
bel,1986,58117.0
bel,1987,58142.0
bel,1988,58635.0
bel,1991,59670.0
bel,1992,59288.0
bel,1993,59389.0
bel,1994,58283.0
bel,2001,60017.0
bel,2002,60559.0
bel,2003,59767.0
bel,2004,58502.0
bel,2005,56018.0
bel,2006,55980.0
bel,2007,56551.0
bel,2008,55733.0
bel,2009,55319.0
bel,2010,56212.0
bel,2012,55589.0
bel,2013,55601.0
bel,2014,56245.0
ben,1971,5973.0
ben,1972,6746.0
ben,1973,7445.0
ben,1974,7518.0
ben,1975,8611.0
ben,1976,9559.0
ben,1977,10204.0
ben,1978,10708.0
ben,1979,12217.0
ben,1980,12700.0
ben,1981,12620.0
ben,1982,14504.0
ben,1983,16705.0
ben,1984,18230.0
ben,1985,18310.0
ben,1986,18324.0
ben,1987,18483.0
ben,1988,18798.0
ben,1989,18907.0
ben,1990,13923.0
ben,1991,16722.0
ben,1992,18581.0
ben,1993,22115.0
ben,1994,26188.0
ben,1995,29008.0
ben,1996,31099.0
ben,1997,33475.0
ben,1998,36713.0
ben,2000,43398.0
ben,2001,49096.0
ben,2002,57126.0
ben,2003,63285.0
ben,2004,80293.0
ben,2005,74161.0
ben,2006,80512.0
ben,2008,89411.0
ben,2009,94676.0
ben,2010,101390.0
ben,2011,109666.0
ben,2012,121967.0
ben,2013,130445.0
ben,2014,137129.0
bfa,1971,4461.0
bfa,1972,4946.0
bfa,1973,4922.0
bfa,1974,5291.0
bfa,1975,5712.0
bfa,1976,6253.0
bfa,1977,6556.0
bfa,1978,7146.0
bfa,1979,7347.0
bfa,1980,7968.0
bfa,1981,8233.0
bfa,1982,9243.0
bfa,1983,10347.0
bfa,1984,11365.0
bfa,1985,12738.0
bfa,1986,14415.0
bfa,1987,16344.0
bfa,1988,16917.0
bfa,1989,21225.0
bfa,1990,22472.0
bfa,1991,24767.0
bfa,1992,26607.0
bfa,1993,23731.0
bfa,1994,25425.0
bfa,1995,34415.0
bfa,1996,32807.0
bfa,1999,41303.0
bfa,2000,44968.0
bfa,2001,48081.0
bfa,2002,51399.0
bfa,2003,54508.0
bfa,2004,58074.0
bfa,2005,64816.0
bfa,2006,71211.0
bfa,2007,82738.0
bfa,2008,99984.0
bfa,2009,116132.0
bfa,2010,129167.0
bfa,2011,144256.0
bfa,2012,162712.0
bfa,2013,163423.0
bfa,2014,179048.0
bgd,1970,156524.0
bgd,1973,216924.0
bgd,1974,210548.0
bgd,1976,335879.0
bgd,1977,279733.0
bgd,1978,279430.0
bgd,1979,279971.0
bgd,1980,280138.0
bgd,1981,265454.0
bgd,1982,239190.0
bgd,1983,258940.0
bgd,1984,286915.0
bgd,1985,285449.0
bgd,1986,253218.0
bgd,1987,255750.0
bgd,1988,506909.0
bgd,1989,587314.0
bgd,1990,675848.0
bgd,2005,1133060.0
bgd,2008,1030140.0
bgd,2009,1111395.0
bgd,2010,1219727.0
bgd,2011,1333080.0
bhr,1975,2684.0
bhr,1976,2970.0
bhr,1977,3238.0
bhr,1978,3384.0
bhr,1979,3358.0
bhr,1980,3395.0
bhr,1981,3279.0
bhr,1982,3461.0
bhr,1983,3679.0
bhr,1984,3688.0
bhr,1985,3839.0
bhr,1986,4161.0
bhr,1987,4343.0
bhr,1988,4711.0
bhr,1989,5003.0
bhr,1990,5188.0
bhr,1991,5172.0
bhr,1992,5131.0
bhr,1993,5378.0
bhr,1994,5621.0
bhr,1995,5789.0
bhr,1996,5684.0
bhr,1997,5875.0
bhr,1999,5902.0
bhr,2000,6204.0
bhr,2001,6156.0
bhr,2002,6329.0
bhr,2003,6734.0
bhr,2004,6857.0
bhr,2005,6781.0
bhr,2006,7125.0
bhr,2008,6797.0
bhr,2009,7084.0
bhr,2010,7163.0
bhr,2011,7285.0
bhr,2012,7188.0
bhr,2013,7608.0
bhr,2014,8123.0
bhs,1982,2687.0
bhs,1983,2564.0
bhs,1985,2669.0
bhs,1986,2697.0
bhs,1999,2649.0
bhs,2005,3015.0
bhs,2006,2846.0
bhs,2007,2967.0
bhs,2008,2900.0
bhs,2009,2741.0
bhs,2010,2801.0
bih,2010,15013.0
bih,2011,15254.0
bih,2012,14644.0
bih,2013,14003.0
bih,2014,15087.0
blz,1971,1694.0
blz,1974,1853.0
blz,1976,2008.0
blz,1977,2034.0
blz,1986,2166.0
blz,1987,2311.0
blz,1991,2530.0
blz,1992,2589.0
blz,1993,2676.0
blz,1994,2816.0
blz,1995,2920.0
blz,1996,2909.0
blz,1997,3051.0
blz,1999,3241.0
blz,2000,3331.0
blz,2001,3397.0
blz,2002,3349.0
blz,2003,3583.0
blz,2004,3720.0
blz,2005,3717.0
blz,2006,4004.0
blz,2007,3846.0
blz,2008,4030.0
blz,2009,4058.0
blz,2010,4294.0
blz,2011,4296.0
blz,2012,4278.0
blz,2013,4211.0
blz,2014,4268.0
bmu,1975,393.0
bmu,1976,382.0
bmu,1977,382.0
bmu,1978,362.0
bmu,1979,359.0
bmu,1980,349.0
bmu,1981,443.0
bmu,1982,425.0
bmu,1983,384.0
bmu,1984,374.0
bmu,1985,352.0
bmu,2001,424.0
bmu,2002,421.0
bmu,2003,384.0
bmu,2011,365.0
bmu,2012,351.0
bmu,2013,320.0
bol,1970,23507.0
bol,1971,24933.0
bol,1973,29537.0
bol,1974,32134.0
bol,1975,32725.0
bol,1976,35384.0
bol,1977,37159.0
bol,1978,39447.0
bol,1979,42941.0
bol,1980,41361.0
bol,1981,46198.0
bol,1983,52016.0
bol,1984,56346.0
bol,1986,59848.0
bol,1987,61196.0
bol,1989,61357.0
bol,1990,65483.0
bol,1991,71260.0
bol,1992,72322.0
bol,1993,76447.0
bol,1994,79887.0
bol,1995,83286.0
bol,1996,86571.0
bol,1997,89856.0
bol,1998,102155.0
bol,1999,102155.0
bol,2000,106404.0
bol,2001,109196.0
bol,2002,111393.0
bol,2003,113611.0
bol,2004,114833.0
bol,2006,116292.0
bol,2007,113342.0
bol,2008,114085.0
bol,2009,114965.0
bol,2010,116419.0
bol,2011,117224.0
bol,2012,112449.0
bol,2013,108074.0
bra,2012,1611543.0
bra,2013,1506994.0
brb,1971,3005.0
brb,1973,2874.0
brb,1974,2795.0
brb,1975,2903.0
brb,1976,2710.0
brb,1977,2834.0
brb,1978,2821.0
brb,1979,2735.0
brb,1981,2647.0
brb,1982,2741.0
brb,1983,2540.0
brb,1984,2566.0
brb,1985,2309.0
brb,1989,2026.0
brb,1990,1918.0
brb,1992,1886.0
brb,1999,1889.0
brb,2000,2078.0
brb,2001,2025.0
brb,2002,2094.0
brb,2003,1872.0
brb,2004,1795.0
brb,2005,1759.0
brb,2006,1764.0
brb,2007,1851.0
brb,2008,1739.0
brb,2009,1773.0
brb,2010,1835.0
brb,2011,1894.0
brb,2014,1706.0
brn,1972,2163.0
brn,1973,2446.0
brn,1974,2063.0
brn,1975,2290.0
brn,1976,2453.0
brn,1977,2537.0
brn,1978,2470.0
brn,1979,2358.0
brn,1980,2391.0
brn,1981,2424.0
brn,1982,2592.0
brn,1983,1560.0
brn,1984,2250.0
brn,1986,2559.0
brn,1991,2974.0
brn,1992,3114.0
brn,1993,3188.0
brn,1994,3213.0
brn,1997,3202.0
brn,1999,3515.0
brn,2001,3398.0
brn,2002,3546.0
brn,2003,3708.0
brn,2004,3791.0
brn,2005,3714.0
brn,2006,3743.0
brn,2007,3659.0
brn,2008,3546.0
brn,2009,3688.0
brn,2010,3844.0
brn,2011,3664.0
brn,2012,3639.0
brn,2013,3449.0
brn,2014,3532.0
btn,1976,245.0
btn,1977,277.0
btn,1978,310.0
btn,1979,370.0
btn,1983,972.0
btn,1984,1061.0
btn,1985,1136.0
btn,1986,1270.0
btn,1988,1866.0
btn,1993,2382.0
btn,1994,3047.0
btn,1997,4596.0
btn,1999,4727.0
btn,2000,5222.0
btn,2001,5695.0
btn,2005,6647.0
btn,2006,7157.0
btn,2008,7790.0
btn,2009,7471.0
btn,2010,8049.0
btn,2011,8135.0
btn,2012,8435.0
btn,2013,8485.0
btn,2014,8214.0
bwa,1970,6130.0
bwa,1971,6309.0
bwa,1972,6942.0
bwa,1973,6573.0
bwa,1974,6289.0
bwa,1975,6012.0
bwa,1976,7471.0
bwa,1977,10484.0
bwa,1978,10469.0
bwa,1979,12485.0
bwa,1980,12318.0
bwa,1981,11303.0
bwa,1982,11174.0
bwa,1983,13403.0
bwa,1984,14654.0
bwa,1985,15554.0
bwa,1986,15376.0
bwa,1987,15612.0
bwa,1988,17271.0
bwa,1989,18010.0
bwa,1990,18311.0
bwa,1991,19779.0
bwa,1992,21263.0
bwa,1993,21417.0
bwa,1994,21553.0
bwa,1995,22236.0
bwa,1996,22024.0
bwa,1999,22150.0
bwa,2000,22229.0
bwa,2001,22791.0
bwa,2002,22648.0
bwa,2003,22956.0
bwa,2004,22944.0
bwa,2005,22610.0
bwa,2006,22595.0
bwa,2007,21166.0
bwa,2008,21911.0
bwa,2009,22725.0
bwa,2012,22372.0
bwa,2013,22345.0
caf,1971,4781.0
caf,1972,4537.0
caf,1973,5333.0
caf,1974,6123.0
caf,1975,7373.0
caf,1976,7525.0
caf,1977,8311.0
caf,1978,8446.0
caf,1980,9353.0
caf,1981,9048.0
caf,1982,9301.0
caf,1983,9440.0
caf,1984,10098.0
caf,1985,10974.0
caf,1986,13900.0
caf,1987,11508.0
caf,1988,11978.0
caf,1989,12027.0
caf,1990,13132.0
caf,1991,12731.0
caf,1992,10725.0
caf,2004,15949.0
caf,2006,18185.0
caf,2007,21720.0
caf,2008,24277.0
caf,2009,26467.0
caf,2010,27854.0
caf,2011,31114.0
caf,2012,33137.0
can,1971,231968.0
can,1972,228203.0
can,1973,222638.0
can,1974,223864.0
can,1975,224325.0
can,1976,210087.0
can,1977,194585.0
can,1978,185818.0
can,1979,180357.0
can,1980,181782.0
can,1981,183380.0
can,1982,188215.0
can,1983,179356.0
can,1984,176144.0
can,1985,176678.0
can,1986,179750.0
can,1987,178249.0
can,1988,179522.0
can,1989,181134.0
can,1990,183195.0
can,1991,188417.0
can,1992,190114.0
can,1993,191994.0
can,1994,194292.0
can,1996,199575.0
can,1999,192321.0
can,2000,197977.0
che,1973,46982.0
che,1974,47698.0
che,1975,49799.0
che,1976,44814.0
che,1977,40319.0
che,1978,38580.0
che,1979,37207.0
che,1980,37116.0
che,1981,33376.0
che,1982,32295.0
che,1983,31155.0
che,1984,29103.0
che,1985,27713.0
che,1986,26610.0
che,1987,25550.0
che,1988,25672.0
che,1989,25285.0
che,1990,25701.0
che,1991,26746.0
che,1992,27518.0
che,1993,30632.0
che,1994,31858.0
che,1996,36852.0
che,1999,39788.0
che,2000,40718.0
che,2001,41237.0
che,2002,41783.0
che,2003,42760.0
che,2004,42225.0
che,2005,40897.0
che,2006,40489.0
che,2007,40247.0
che,2008,40472.0
che,2009,39800.0
che,2010,39534.0
che,2011,39285.0
che,2012,38314.0
che,2013,37205.0
che,2014,37228.0
chl,1970,119375.0
chl,1971,129256.0
chl,1972,133158.0
chl,1973,135105.0
chl,1974,140073.0
chl,1975,145012.0
chl,1976,141716.0
chl,1977,143804.0
chl,1978,142992.0
chl,1979,138489.0
chl,1980,131855.0
chl,1981,132330.0
chl,1982,131677.0
chl,1983,137736.0
chl,1984,138123.0
chl,1985,140315.0
chl,1986,130306.0
chl,1989,126949.0
chl,1990,127340.0
chl,1991,129178.0
chl,1992,133283.0
chl,1993,130044.0
chl,1996,121490.0
chl,1997,137124.0
chl,1999,144606.0
chl,2000,150520.0
chl,2002,146205.0
chl,2003,142195.0
chl,2004,140734.0
chl,2005,138732.0
chl,2006,133426.0
chl,2007,131310.0
chl,2008,127641.0
chl,2009,125003.0
chl,2010,123483.0
chl,2011,125087.0
chl,2012,120735.0
chl,2013,120849.0
chl,2014,117717.0
chn,1980,10396000.0
chn,1985,9784000.0
chn,1986,9789000.0
chn,1987,9821000.0
chn,1988,9693000.0
chn,1989,9373000.0
chn,1990,9089000.0
chn,1991,9160000.0
chn,1992,8953000.0
chn,1993,9228000.0
chn,1994,9524000.0
chn,1995,9333117.0
chn,1996,9415888.0
chn,1997,10024301.0
chn,2001,12043878.0
chn,2006,9208373.0
chn,2007,9198139.0
chn,2008,8639882.0
chn,2009,8237413.0
chn,2010,7825700.0
chn,2011,7772885.0
chn,2012,7715017.0
chn,2013,7309863.0
chn,2014,6691923.0
civ,1971,23386.0
civ,1972,24843.0
civ,1973,27222.0
civ,1974,30113.0
civ,1975,33100.0
civ,1976,35407.0
civ,1977,36420.0
civ,1978,38698.0
civ,1979,42703.0
civ,1980,47481.0
civ,1981,49629.0
civ,1982,56259.0
civ,1983,60861.0
civ,1984,64956.0
civ,1985,67230.0
civ,1986,69190.0
civ,1987,69432.0
civ,1988,71302.0
civ,1989,73381.0
civ,1990,76892.0
civ,1991,77088.0
civ,1992,82186.0
civ,1993,82654.0
civ,1994,86802.0
civ,1995,89243.0
civ,1996,90536.0
civ,1997,94541.0
civ,1999,108346.0
civ,2000,112680.0
civ,2001,126359.0
civ,2006,127109.0
civ,2007,130607.0
civ,2008,138785.0
civ,2009,143412.0
civ,2011,176300.0
civ,2012,186581.0
civ,2013,192195.0
civ,2014,202474.0
cmr,1971,43972.0
cmr,1972,45811.0
cmr,1973,48491.0
cmr,1974,52559.0
cmr,1975,55311.0
cmr,1976,58691.0
cmr,1977,61081.0
cmr,1978,65352.0
cmr,1979,68941.0
cmr,1980,73751.0
cmr,1981,77036.0
cmr,1982,80752.0
cmr,1983,85949.0
cmr,1984,90015.0
cmr,1985,94257.0
cmr,1986,100543.0
cmr,1987,105176.0
cmr,1988,112244.0
cmr,1990,123365.0
cmr,1991,127675.0
cmr,1999,133385.0
cmr,2000,142583.0
cmr,2001,161303.0
cmr,2003,171036.0
cmr,2004,192772.0
cmr,2006,201638.0
cmr,2007,201674.0
cmr,2008,204230.0
cmr,2009,216538.0
cmr,2010,226218.0
cmr,2011,232350.0
cmr,2012,252742.0
cmr,2014,274473.0
cod,1971,90961.0
cod,1972,102948.0
cod,1973,115886.0
cod,1974,130937.0
cod,1975,137243.0
cod,1976,150933.0
cod,1977,165742.0
cod,1978,180709.0
cod,1979,183231.0
cod,1980,196955.0
cod,1981,211707.0
cod,1982,227564.0
cod,1983,244609.0
cod,1984,262930.0
cod,1985,175900.0
cod,1986,181235.0
cod,1987,213086.0
cod,1988,220363.0
cod,1991,233023.0
cod,1992,237808.0
cod,1993,270960.0
cod,1994,264767.0
cod,1995,260481.0
cod,1999,248154.0
cod,2002,299317.0
cod,2007,458768.0
cod,2008,525979.0
cod,2009,570520.0
cod,2010,608988.0
cod,2011,628298.0
cod,2012,699040.0
cod,2013,762485.0
cod,2014,837907.0
cog,1972,13009.0
cog,1973,14521.0
cog,1974,15375.0
cog,1975,17545.0
cog,1976,17936.0
cog,1977,19121.0
cog,1978,20700.0
cog,1979,22546.0
cog,1980,25442.0
cog,1981,26629.0
cog,1982,28351.0
cog,1983,28502.0
cog,1984,29108.0
cog,1985,31300.0
cog,1986,32665.0
cog,1987,34225.0
cog,1988,35302.0
cog,1989,34504.0
cog,1990,35151.0
cog,1991,33937.0
cog,1992,34096.0
cog,1993,34049.0
cog,1994,33683.0
cog,1995,33897.0
cog,1996,33392.0
cog,1999,19737.0
cog,2001,33259.0
cog,2002,35372.0
cog,2003,36259.0
cog,2005,43869.0
cog,2006,42688.0
cog,2007,43691.0
cog,2008,42514.0
cog,2009,45080.0
cog,2010,47601.0
cog,2011,52075.0
cog,2012,54274.0
col,1970,117913.0
col,1971,177913.0
col,1972,188843.0
col,1973,203218.0
col,1974,212132.0
col,1975,220475.0
col,1976,231309.0
col,1977,237150.0
col,1978,244877.0
col,1979,247911.0
col,1980,274700.0
col,1981,280520.0
col,1982,267873.0
col,1983,278502.0
col,1984,280594.0
col,1985,273184.0
col,1986,272262.0
col,1987,287979.0
col,1988,291173.0
col,1989,294327.0
col,1990,344150.0
col,1991,314150.0
col,1992,362497.0
col,1993,355804.0
col,1994,356015.0
col,1995,375672.0
col,1996,376118.0
col,1999,415132.0
col,2000,420382.0
col,2002,420034.0
col,2004,452600.0
col,2005,466772.0
col,2006,491205.0
col,2007,499813.0
col,2008,495298.0
col,2009,510898.0
col,2010,503312.0
col,2011,489464.0
col,2012,461122.0
col,2013,409975.0
col,2014,401770.0
com,1981,2849.0
com,1986,3806.0
com,1987,3763.0
com,1992,3955.0
com,1993,3963.0
com,1994,4401.0
com,1999,4676.0
com,2003,6010.0
com,2004,6409.0
com,2007,6836.0
com,2008,6897.0
com,2013,8063.0
cpv,1974,1103.0
cpv,1975,1211.0
cpv,1976,1294.0
cpv,1977,1232.0
cpv,1978,1319.0
cpv,1979,1441.0
cpv,1980,1863.0
cpv,1981,1867.0
cpv,1982,2087.0
cpv,1983,2204.0
cpv,1984,2311.0
cpv,1985,2680.0
cpv,1986,2810.0
cpv,1987,2919.0
cpv,1988,3300.0
cpv,1990,3658.0
cpv,1994,5161.0
cpv,1998,5971.0
cpv,2000,6457.0
cpv,2001,6561.0
cpv,2002,6806.0
cpv,2003,6566.0
cpv,2004,6166.0
cpv,2005,6890.0
cpv,2006,6304.0
cpv,2007,6590.0
cpv,2008,6021.0
cpv,2009,5896.0
cpv,2010,5702.0
cpv,2011,5536.0
cpv,2012,5113.0
cpv,2013,5161.0
cpv,2014,5346.0
cri,1970,22550.0
cri,1971,25102.0
cri,1972,25808.0
cri,1973,26930.0
cri,1974,27050.0
cri,1975,27125.0
cri,1976,29798.0
cri,1977,28970.0
cri,1978,27319.0
cri,1979,27411.0
cri,1980,28209.0
cri,1981,28144.0
cri,1982,25815.0
cri,1983,22966.0
cri,1984,24318.0
cri,1985,24744.0
cri,1986,25044.0
cri,1987,26273.0
cri,1988,27188.0
cri,1989,28283.0
cri,1990,30676.0
cri,1991,31979.0
cri,1992,32853.0
cri,1993,33677.0
cri,1994,34325.0
cri,1995,37112.0
cri,1996,38966.0
cri,1999,40813.0
cri,2000,42370.0
cri,2001,42489.0
cri,2002,42241.0
cri,2004,41529.0
cri,2005,40177.0
cri,2006,40958.0
cri,2007,40023.0
cri,2008,39856.0
cri,2009,40310.0
cri,2010,41367.0
cri,2011,40116.0
cri,2012,37007.0
cri,2013,35898.0
cri,2014,35604.0
cub,1971,91153.0
cub,1972,97026.0
cub,1973,108994.0
cub,1974,113781.0
cub,1975,130466.0
cub,1976,145063.0
cub,1977,150121.0
cub,1978,138829.0
cub,1979,131643.0
cub,1980,119914.0
cub,1981,109289.0
cub,1982,118662.0
cub,1983,119752.0
cub,1984,111711.0
cub,1985,100455.0
cub,1986,94916.0
cub,1987,89903.0
cub,1988,78253.0
cub,1989,69925.0
cub,1990,67633.0
cub,1991,63767.0
cub,1992,63203.0
cub,1993,73464.0
cub,1994,75140.0
cub,1995,75704.0
cub,1996,88501.0
cub,1997,78733.0
cub,1999,85537.0
cub,2000,84387.0
cub,2001,85723.0
cub,2002,78880.0
cub,2003,73228.0
cub,2004,70330.0
cub,2005,67877.0
cub,2006,67729.0
cub,2007,64103.0
cub,2008,69351.0
cub,2009,68800.0
cub,2010,68336.0
cub,2011,64698.0
cub,2012,63857.0
cub,2013,65053.0
cub,2014,63261.0
cym,1972,143.0
cym,1973,130.0
cym,1974,152.0
cym,1975,177.0
cym,1976,175.0
cym,1978,157.0
cym,1979,148.0
cym,1980,173.0
cym,1981,187.0
cym,1999,210.0
cym,2000,244.0
cym,2001,301.0
cym,2002,292.0
cym,2004,279.0
cym,2005,239.0
cym,2006,301.0
cym,2007,269.0
cym,2008,314.0
cym,2011,333.0
cym,2012,327.0
cym,2013,315.0
cyp,1971,5641.0
cyp,1972,5343.0
cyp,1973,5374.0
cyp,1974,5193.0
cyp,1975,4623.0
cyp,1976,4188.0
cyp,1977,4444.0
cyp,1978,4743.0
cyp,1979,4172.0
cyp,1980,4993.0
cyp,1981,4243.0
cyp,1982,4182.0
cyp,1983,4020.0
cyp,1984,3124.0
cyp,1985,3298.0
cyp,1986,3692.0
cyp,1987,4162.0
cyp,1988,4189.0
cyp,1989,4403.0
cyp,1990,4824.0
cyp,1991,4931.0
cyp,1992,4825.0
cyp,1993,5355.0
cyp,1994,5314.0
cyp,1995,5188.0
cyp,1996,5167.0
cyp,1997,5251.0
cyp,1999,5245.0
cyp,2000,5072.0
cyp,2001,5253.0
cyp,2002,5262.0
cyp,2003,4961.0
cyp,2004,5295.0
cyp,2005,5293.0
cyp,2006,4964.0
cyp,2007,4853.0
cyp,2008,4888.0
cyp,2009,4677.0
cyp,2010,4612.0
cyp,2011,4447.0
cyp,2012,4460.0
cyp,2013,4161.0
cyp,2014,4162.0
cze,1997,64851.0
cze,1999,63640.0
cze,2000,63339.0
cze,2001,62077.0
cze,2002,64059.0
cze,2003,59487.0
cze,2004,59137.0
cze,2005,55668.0
cze,2006,48716.0
cze,2007,46236.0
cze,2008,44575.0
cze,2009,44214.0
cze,2010,44484.0
cze,2011,44275.0
cze,2012,44228.0
cze,2013,45254.0
cze,2014,45856.0
dji,1971,223.0
dji,1972,299.0
dji,1973,374.0
dji,1974,447.0
dji,1975,482.0
dji,1976,505.0
dji,1982,1391.0
dji,1983,976.0
dji,1984,966.0
dji,1985,1264.0
dji,1986,1562.0
dji,1987,1707.0
dji,1988,1664.0
dji,1989,1642.0
dji,1990,1730.0
dji,1991,1791.0
dji,1992,1860.0
dji,1993,1884.0
dji,1994,1902.0
dji,1995,2018.0
dji,1996,2085.0
dji,1997,2076.0
dji,1999,2212.0
dji,2000,2350.0
dji,2001,2447.0
dji,2004,2950.0
dji,2005,3389.0
dji,2006,3387.0
dji,2007,3737.0
dji,2008,5322.0
dji,2009,4756.0
dji,2011,5835.0
dji,2013,5562.0
dji,2014,6582.0
dji,2015,6869.0
dma,1971,1096.0
dma,1972,1141.0
dma,1973,1111.0
dma,1974,1253.0
dma,1975,1262.0
dma,1976,1234.0
dma,1977,1237.0
dma,1978,1183.0
dma,1979,1138.0
dma,1980,1165.0
dma,1981,1127.0
dma,1982,1107.0
dma,1984,842.0
dma,1986,743.0
dma,1987,759.0
dma,1988,737.0
dma,1990,818.0
dma,1991,858.0
dma,1992,741.0
dma,1993,956.0
dma,1994,876.0
dma,1995,820.0
dma,1999,769.0
dma,2000,757.0
dma,2001,742.0
dma,2002,770.0
dma,2003,749.0
dma,2004,711.0
dma,2005,678.0
dma,2006,640.0
dma,2007,546.0
dma,2008,505.0
dma,2009,607.0
dma,2010,567.0
dma,2011,579.0
dma,2012,545.0
dma,2013,558.0
dma,2014,545.0
dnk,1971,34563.0
dnk,1972,35850.0
dnk,1973,35903.0
dnk,1974,37087.0
dnk,1981,34328.0
dnk,1982,34647.0
dnk,1983,35987.0
dnk,1984,36620.0
dnk,1985,34791.0
dnk,1986,34429.0
dnk,1987,35058.0
dnk,1988,32013.0
dnk,1989,30692.0
dnk,1990,30397.0
dnk,1991,29252.0
dnk,1992,28462.0
dnk,1993,26369.0
dnk,1994,26441.0
dnk,1995,25857.0
dnk,1996,26251.0
dnk,1999,28337.0
dnk,2000,29674.0
dnk,2001,31049.0
dnk,2002,32578.0
dnk,2004,34150.0
dnk,2005,34243.0
dnk,2006,34849.0
dnk,2007,34849.0
dnk,2008,33417.0
dnk,2009,33555.0
dnk,2010,32829.0
dnk,2011,33284.0
dnk,2012,32642.0
dnk,2013,31762.0
dnk,2014,32475.0
dom,1971,32572.0
dom,1972,37585.0
dom,1999,84845.0
dom,2000,95370.0
dom,2002,103427.0
dom,2003,101564.0
dom,2004,96234.0
dom,2006,93462.0
dom,2007,99848.0
dom,2008,99683.0
dom,2009,96467.0
dom,2010,96543.0
dom,2011,99315.0
dom,2012,97731.0
dom,2013,99154.0
dom,2014,96475.0
dza,1972,101299.0
dza,1973,107566.0
dza,1974,121845.0
dza,1975,139020.0
dza,1976,150846.0
dza,1977,160006.0
dza,1978,163549.0
dza,1979,169241.0
dza,1980,180358.0
dza,1981,191128.0
dza,1982,199690.0
dza,1983,206608.0
dza,1984,236379.0
dza,1985,202622.0
dza,1986,220053.0
dza,1987,230150.0
dza,1988,249586.0
dza,1989,254730.0
dza,1990,272393.0
dza,1991,288161.0
dza,1992,295118.0
dza,1993,296764.0
dza,1994,312011.0
dza,1995,334013.0
dza,1996,343997.0
dza,1997,343524.0
dza,1999,349994.0
dza,2000,365680.0
dza,2001,369411.0
dza,2002,370806.0
dza,2003,377077.0
dza,2004,373560.0
dza,2005,328923.0
dza,2006,355186.0
dza,2007,352502.0
dza,2008,276115.0
dza,2009,306685.0
dza,2010,296356.0
dza,2011,288253.0
dza,2012,289861.0
dza,2013,302368.0
dza,2014,315237.0
eap,1979,13291660.0
eap,1980,13773268.0
eap,1981,13763669.0
eap,1982,14054117.0
eap,1983,14343457.0
eap,1984,14269618.0
eap,1985,14098854.0
eap,1986,14129241.0
eap,1987,14386038.0
eap,1988,14347675.0
eap,1989,14055097.0
eap,1990,13785969.0
eap,1991,13934004.0
eap,1992,13879606.0
eap,1993,14091040.0
eap,1994,14428077.0
eap,1995,14413460.0
eap,1996,14490246.0
eap,1997,15082678.0
eap,1998,16168268.0
eap,1999,16974142.0
eap,2000,17500896.0
eap,2001,17433666.0
eap,2002,17015284.0
eap,2003,16686535.0
eap,2004,15647751.0
eap,2005,15177081.0
eap,2006,14740742.0
eap,2007,14732145.0
eap,2008,13993545.0
eap,2009,13596181.0
eap,2010,13199496.0
eap,2011,13392758.0
eap,2012,13391681.0
eap,2013,12896857.0
eap,2014,12313796.0
eas,1979,14860809.0
eas,1980,15380769.0
eas,1981,15363777.0
eas,1982,15687204.0
eas,1983,16031173.0
eas,1984,15951098.0
eas,1985,15755836.0
eas,1986,15729859.0
eas,1987,15893599.0
eas,1988,15778916.0
eas,1989,15482361.0
eas,1990,15182389.0
eas,1991,15349965.0
eas,1992,15263106.0
eas,1993,15473442.0
eas,1994,15784375.0
eas,1995,15726660.0
eas,1996,15732859.0
eas,1997,16300687.0
eas,1998,17353264.0
eas,1999,18144060.0
eas,2000,18670650.0
eas,2001,18574600.0
eas,2002,18182720.0
eas,2003,17853094.0
eas,2004,16797570.0
eas,2005,16315650.0
eas,2006,15895960.0
eas,2007,15853744.0
eas,2008,15120658.0
eas,2009,14700407.0
eas,2010,14299092.0
eas,2011,14474585.0
eas,2012,14443956.0
eas,2013,13915421.0
eas,2014,13321270.0
eca,1970,313659.375
eca,1971,318778.0
eca,1972,312325.0
eca,1973,311282.0
eca,1974,353872.0
eca,1975,378743.0
eca,1976,415223.53125
eca,1977,453676.0
eca,1978,416827.0
eca,1979,430926.0
eca,1980,438879.625
eca,1981,448642.0
eca,1982,457114.0
eca,1983,466711.15625
eca,1984,476134.0
eca,1985,498973.0
eca,1986,550339.0
eca,1987,553130.0
eca,1988,638598.0
eca,1989,559190.0
eca,1990,573103.0
eca,1991,594401.0
eca,1992,636636.0
eca,1993,598685.0
eca,1994,602113.0
eca,1995,594325.0
eca,1996,600274.0
eca,1997,592327.125
eca,1998,591437.0
eca,1999,590331.0
eca,2000,589289.0
eca,2001,603397.0
eca,2002,623562.0
eca,2003,595516.0
eca,2004,634117.0
eca,2005,659338.0
eca,2006,648675.0
eca,2007,643585.0
eca,2008,672479.0
eca,2009,706414.0
eca,2010,717353.4375
eca,2011,735807.25
eca,2012,721559.125
eca,2013,68822.234375
ecs,1970,2584353.25
ecs,1971,2613011.5
ecs,1972,2783714.75
ecs,1973,2762741.0
ecs,1974,2835646.0
ecs,1975,2934714.0
ecs,1976,2963810.0
ecs,1977,2966994.75
ecs,1978,2900634.25
ecs,1979,2872584.75
ecs,1980,2871095.75
ecs,1981,2840642.25
ecs,1982,2851114.25
ecs,1983,2837713.75
ecs,1984,2818075.75
ecs,1985,2810554.0
ecs,1986,2820855.75
ecs,1987,2783594.0
ecs,1988,2835526.25
ecs,1989,2721600.0
ecs,1990,2716292.25
ecs,1991,2736040.75
ecs,1992,2757776.75
ecs,1993,2708597.5
ecs,1994,2684283.75
ecs,1995,2642403.5
ecs,1996,2622815.75
ecs,1997,2651353.0
ecs,1998,2651149.5
ecs,1999,2673156.75
ecs,2000,2640879.0
ecs,2001,2654427.5
ecs,2002,2700055.5
ecs,2003,2652348.5
ecs,2004,2663363.25
ecs,2005,2644792.0
ecs,2006,2609835.0
ecs,2007,2603306.75
ecs,2008,2637331.0
ecs,2009,2648736.25
ecs,2010,2668807.0
ecs,2011,2686032.5
ecs,2012,2654309.0
ecs,2013,1998098.5
ecs,2014,2020949.25
ecu,1971,52040.0
ecu,1972,55478.0
ecu,1973,58545.0
ecu,1974,62772.0
ecu,1975,68097.0
ecu,1976,71685.0
ecu,1977,75405.0
ecu,1978,79021.0
ecu,1979,83712.0
ecu,1980,87796.0
ecu,1981,94536.0
ecu,1984,110620.0
ecu,1987,118897.0
ecu,1988,122649.0
ecu,1993,136030.0
ecu,1994,125509.0
ecu,1995,126035.0
ecu,1996,128934.0
ecu,1997,135270.0
ecu,1999,139731.0
ecu,2000,141455.0
ecu,2001,141613.0
ecu,2002,143177.0
ecu,2003,147372.0
ecu,2004,147995.0
ecu,2005,150130.0
ecu,2006,150391.0
ecu,2007,153849.0
ecu,2009,147626.0
ecu,2010,162616.0
ecu,2011,168495.0
ecu,2012,171213.0
ecu,2013,171397.0
ecu,2014,167788.0
egy,1971,173604.0
egy,1972,188251.0
egy,1973,202434.0
egy,1974,219099.0
egy,1975,235994.0
egy,1976,230438.0
egy,1977,225661.0
egy,1978,237743.0
egy,1979,244980.0
egy,1980,257193.0
egy,1981,268038.0
egy,1982,285383.0
egy,1983,301704.0
egy,1984,322753.0
egy,1986,381988.0
egy,1987,407549.0
egy,1988,435935.0
egy,1989,460376.0
egy,1997,742173.0
egy,1999,820845.0
egy,2000,804362.0
egy,2001,782062.0
egy,2002,781597.0
egy,2003,760388.0
egy,2004,756491.0
egy,2005,721613.0
egy,2006,744984.0
egy,2007,761272.0
egy,2009,819754.0
egy,2010,803611.0
egy,2013,881677.0
egy,2014,846611.0
emu,1970,1432276.375
emu,1971,1454195.0
emu,1972,1633895.375
emu,1973,1618397.125
emu,1974,1658895.0
emu,1975,1732616.5
emu,1976,1723990.625
emu,1977,1706166.5
emu,1978,1690807.125
emu,1979,1676292.5
emu,1980,1682442.25
emu,1981,1662413.75
emu,1982,1668721.0
emu,1983,1652109.0
emu,1984,1631206.0
emu,1985,1603934.125
emu,1986,1559325.125
emu,1987,1518475.75
emu,1988,1485441.0
emu,1989,1457215.25
emu,1990,1431231.75
emu,1991,1414616.125
emu,1992,1387702.0
emu,1993,1364192.5
emu,1994,1320895.25
emu,1995,1277423.25
emu,1996,1253943.875
emu,1997,1223194.375
emu,1998,1213092.25
emu,1999,1207754.25
emu,2000,1205768.0
emu,2001,1207878.0
emu,2002,1199678.75
emu,2003,1196788.25
emu,2004,1186945.0
emu,2005,1171639.625
emu,2006,1170772.25
emu,2007,1192388.5
emu,2008,1211412.5
emu,2009,1206160.5
emu,2010,1220679.625
emu,2011,1235216.625
emu,2012,1231444.0
emu,2013,1235864.5
emu,2014,1249913.625
eri,1992,9297.0
eri,1993,8871.0
eri,1994,9327.0
eri,1995,10488.0
eri,1996,13942.0
eri,1997,15708.0
eri,1999,17388.0
eri,2000,18898.0
eri,2001,18256.0
eri,2002,18166.0
eri,2003,20242.0
eri,2004,21918.0
eri,2005,25303.0
eri,2006,25330.0
eri,2007,25337.0
eri,2008,25903.0
eri,2009,27018.0
eri,2010,23760.0
eri,2012,21327.0
eri,2013,22105.0
esp,1971,174580.0
esp,1972,339108.0
esp,1973,317856.0
esp,1974,342394.0
esp,1975,367341.0
esp,1976,357864.0
esp,1977,351198.0
esp,1978,350646.0
esp,1979,350372.0
esp,1980,348711.0
esp,1981,346236.0
esp,1982,347036.0
esp,1983,349023.0
esp,1984,358563.0
esp,1985,362217.0
esp,1986,361691.0
esp,1987,365380.0
esp,1988,350123.0
esp,1989,342806.0
esp,1990,326204.0
esp,1991,314394.0
esp,1992,294571.0
esp,1993,282754.0
esp,1994,266405.0
esp,1995,250045.0
esp,1996,234613.0
esp,1997,222139.0
esp,1999,208814.0
esp,2000,204395.0
esp,2001,201965.0
esp,2002,201523.0
esp,2003,203814.0
esp,2004,201421.0
esp,2005,195128.0
esp,2006,193939.0
esp,2007,197126.0
esp,2008,202166.0
esp,2009,202619.0
esp,2010,208519.0
esp,2011,214221.0
esp,2012,215957.0
esp,2013,215811.0
esp,2014,223236.0
est,1995,9741.0
est,1996,9695.0
est,1999,10250.0
est,2000,10779.0
est,2001,10491.0
est,2002,9960.0
est,2003,9019.0
est,2004,8347.0
est,2005,7174.0
est,2006,6682.0
est,2007,6419.0
est,2008,6198.0
est,2009,5808.0
est,2010,5647.0
est,2011,5683.0
est,2012,5904.0
est,2013,5816.0
eth,1971,21113.0
eth,1972,24088.0
eth,1973,25977.0
eth,1974,30020.0
eth,1975,32597.0
eth,1976,37373.0
eth,1977,38913.0
eth,1978,37796.0
eth,1979,41293.0
eth,1980,48226.0
eth,1981,54531.0
eth,1982,62840.0
eth,1983,79832.0
eth,1984,102286.0
eth,1985,109998.0
eth,1986,109125.0
eth,1987,107913.0
eth,1988,109132.0
eth,1989,110356.0
eth,1990,110474.0
eth,1991,114545.0
eth,1992,107227.0
eth,1993,88392.0
eth,1994,88465.0
eth,1995,91445.0
eth,1996,103614.0
eth,1999,164368.0
eth,2000,203278.0
eth,2001,247370.0
eth,2002,300704.0
eth,2003,357371.0
eth,2004,415248.0
eth,2005,469874.0
eth,2006,522316.0
eth,2007,611905.0
eth,2008,713819.0
eth,2009,846813.0
eth,2010,815414.0
eth,2011,804030.0
eth,2012,865224.0
eth,2014,841152.0
euu,1970,2196183.5
euu,1971,2218655.75
euu,1972,2395602.25
euu,1973,2375659.5
euu,1974,2404058.5
euu,1975,2474591.25
euu,1976,2472239.5
euu,1977,2440616.0
euu,1978,2412605.0
euu,1979,2371848.75
euu,1980,2362360.75
euu,1981,2325395.5
euu,1982,2330032.0
euu,1983,2308113.25
euu,1984,2281089.25
euu,1985,2253790.0
euu,1986,2214261.25
euu,1987,2176996.0
euu,1988,2144944.75
euu,1989,2111921.75
euu,1990,2092064.75
euu,1991,2089539.875
euu,1992,2068632.5
euu,1993,2053894.25
euu,1994,2024944.5
euu,1995,1988903.5
euu,1996,1960512.625
euu,1997,1995569.625
euu,1998,1994029.5
euu,1999,2014548.0
euu,2000,1981346.0
euu,2001,1979382.75
euu,2002,2004221.125
euu,2003,1983744.5
euu,2004,1956519.75
euu,2005,1914068.5
euu,2006,1889916.0
euu,2007,1888083.25
euu,2008,1893526.625
euu,2009,1871837.625
euu,2010,1880881.25
euu,2011,1879658.625
euu,2012,1864218.875
euu,2013,1862456.625
euu,2014,1882440.625
fin,1978,36365.0
fin,1979,35563.0
fin,1980,34348.0
fin,1981,31546.0
fin,1982,30878.0
fin,1983,29851.0
fin,1984,28378.0
fin,1985,27281.0
fin,1986,30253.0
fin,1987,31508.0
fin,1988,32300.0
fin,1989,32042.0
fin,1990,31455.0
fin,1991,31609.0
fin,1992,31212.0
fin,1993,31419.0
fin,1994,32509.0
fin,1995,32948.0
fin,1996,32419.0
fin,1997,31261.0
fin,1999,29728.0
fin,2000,31276.0
fin,2001,31188.0
fin,2002,32193.0
fin,2003,32237.0
fin,2004,32568.0
fin,2005,31936.0
fin,2006,31997.0
fin,2007,30911.0
fin,2008,29895.0
fin,2009,29311.0
fin,2010,28179.0
fin,2011,28398.0
fin,2012,27935.0
fin,2013,27961.0
fin,2014,27827.0
fji,1970,7167.0
fji,1971,7529.0
fji,1972,8085.0
fji,1973,7908.0
fji,1974,8521.0
fji,1975,8451.0
fji,1976,8482.0
fji,1977,8719.0
fji,1978,8128.0
fji,1979,8027.0
fji,1980,7887.0
fji,1981,7793.0
fji,1983,7527.0
fji,1984,8054.0
fji,1985,8262.0
fji,1986,8449.0
fji,1987,8532.0
fji,1991,9755.0
fji,1992,9833.0
fji,1994,9759.0
fji,1995,9798.0
fji,1996,9553.0
fji,1997,9558.0
fji,1999,8533.0
fji,2000,8706.0
fji,2001,9102.0
fji,2002,9445.0
fji,2003,9329.0
fji,2004,9241.0
fji,2007,8274.0
fji,2008,8395.0
fji,2009,8020.0
fji,2011,7929.0
fji,2012,8021.0
fji,2013,8048.0
fra,1971,455778.0
fra,1972,452703.0
fra,1974,447141.0
fra,1975,453991.0
fra,1977,441173.0
fra,1978,445313.0
fra,1979,442029.0
fra,1980,442847.0
fra,1981,445653.0
fra,1982,454423.0
fra,1983,456613.0
fra,1985,423906.0
fra,1986,404903.0
fra,1987,386830.0
fra,1988,386857.0
fra,1989,382788.0
fra,1990,385303.0
fra,1991,401402.0
fra,1992,406666.0
fra,1993,402631.0
fra,1994,386171.0
fra,1999,377437.0
fsm,1971,1616.0
fsm,1972,1871.0
fsm,1973,1840.0
fsm,1974,1769.0
fsm,1975,1821.0
fsm,1976,1754.0
fsm,1977,1802.0
fsm,1978,1872.0
fsm,1979,1785.0
fsm,2004,1527.0
fsm,2005,1407.0
fsm,2007,1508.0
fsm,2014,1103.0
gab,1971,4556.0
gab,1972,4884.0
gab,1973,5204.0
gab,1974,5522.0
gab,1975,5912.0
gab,1976,6337.0
gab,1977,6342.0
gab,1978,6769.0
gab,1979,6716.0
gab,1980,6891.0
gab,1981,7686.0
gab,1982,8158.0
gab,1983,8332.0
gab,1984,8822.0
gab,1985,9186.0
gab,1986,9560.0
gab,1987,9923.0
gab,1988,9970.0
gab,1989,10795.0
gab,1992,10673.0
gab,1995,14802.0
gab,1996,15203.0
gab,1997,16158.0
gab,2002,19283.0
gab,2003,19143.0
geo,2004,30059.0
geo,2005,27164.0
geo,2006,28108.0
geo,2007,26990.0
geo,2008,26026.0
geo,2009,24998.0
geo,2010,22389.0
geo,2011,22562.0
geo,2012,21888.0
geo,2013,21395.0
geo,2014,20897.0
gha,1971,63263.0
gha,1972,59515.0
gha,1973,59737.0
gha,1974,62930.0
gha,1975,65098.0
gha,1976,70540.0
gha,1977,73819.0
gha,1978,75194.0
gha,1979,78413.0
gha,1980,84557.0
gha,1981,90199.0
gha,1982,89835.0
gha,1983,89848.0
gha,1984,88988.0
gha,1985,99036.0
gha,1988,99295.0
gha,1989,104915.0
gha,1991,121504.0
gha,1992,128340.0
gha,1993,134842.0
gha,1994,142939.0
gha,1995,147744.0
gha,1999,160497.0
gha,2000,175358.0
gha,2001,169931.0
gha,2002,179297.0
gha,2003,173758.0
gha,2004,183546.0
gha,2005,204508.0
gha,2006,216184.0
gha,2007,233662.0
gha,2008,252663.0
gha,2009,259319.0
gha,2011,286904.0
gha,2012,274951.0
gha,2013,312620.0
gha,2014,314077.0
gha,2015,333576.0
gib,1972,200.0
gib,1973,203.0
gib,1974,163.0
gib,1975,177.0
gib,1976,172.0
gib,1977,166.0
gib,1978,207.0
gib,1979,189.0
gib,1980,177.0
gib,1981,169.0
gib,1982,172.0
gib,1983,189.0
gib,1984,172.0
gib,1985,192.0
gin,1975,8745.0
gin,1976,6852.0
gin,1977,7721.0
gin,1978,7610.0
gin,1979,9113.0
gin,1981,10457.0
gin,1982,10215.0
gin,1983,10981.0
gin,1984,9886.0
gin,1985,10172.0
gin,1986,9947.0
gin,1987,8628.0
gin,1988,7973.0
gin,1989,10095.0
gin,1990,9950.0
gin,1991,10712.0
gin,1992,12267.0
gin,1993,14107.0
gin,1994,15622.0
gin,1995,16660.0
gin,1996,19556.0
gin,1998,27822.0
gin,1999,31964.0
gin,2000,35957.0
gin,2001,40915.0
gin,2002,47043.0
gin,2003,51381.0
gin,2004,57808.0
gin,2005,66405.0
gin,2006,70177.0
gin,2007,80303.0
gin,2008,83234.0
gin,2009,81532.0
gin,2010,79946.0
gin,2011,89070.0
gin,2012,86208.0
gin,2013,86862.0
gin,2014,95040.0
gmb,1971,721.0
gmb,1972,747.0
gmb,1973,834.0
gmb,1974,972.0
gmb,1975,945.0
gmb,1976,947.0
gmb,1977,1123.0
gmb,1978,1157.0
gmb,1979,1314.0
gmb,1980,1530.0
gmb,1981,1601.0
gmb,1982,1734.0
gmb,1983,2293.0
gmb,1984,2859.0
gmb,1985,3401.0
gmb,1986,3803.0
gmb,1987,4094.0
gmb,1989,4455.0
gmb,1992,4801.0
gmb,1993,4918.0
gmb,1994,5543.0
gmb,1995,6769.0
gmb,1996,6700.0
gmb,1997,7197.0
gmb,1999,10226.0
gmb,2000,10639.0
gmb,2001,11289.0
gmb,2002,11336.0
gmb,2003,12672.0
gmb,2004,13227.0
gmb,2005,13693.0
gmb,2006,13939.0
gmb,2007,16718.0
gmb,2008,16486.0
gmb,2010,16022.0
gmb,2011,16340.0
gmb,2012,17254.0
gmb,2013,17748.0
gmb,2014,18638.0
gnb,1976,561.0
gnb,1978,954.0
gnb,1979,1130.0
gnb,1980,1438.0
gnb,1981,1486.0
gnb,1982,1536.0
gnb,1983,1852.0
gnb,1984,1909.0
gnb,1985,1817.0
gnb,1987,1964.0
gnb,1988,1804.0
gnb,1989,2021.0
gnb,2000,5871.0
gnb,2010,12924.0
gnq,1994,2791.0
gnq,2000,3069.0
gnq,2001,4266.0
gnq,2002,4222.0
gnq,2003,3376.0
gnq,2005,4316.0
gnq,2008,4860.0
gnq,2009,5332.0
gnq,2010,5510.0
gnq,2011,5400.0
gnq,2012,5932.0
grc,1971,72442.0
grc,1972,69846.0
grc,1973,68822.0
grc,1974,68988.0
grc,1975,69857.0
grc,1976,72440.0
grc,1977,75127.0
grc,1978,77017.0
grc,1979,76110.0
grc,1980,72738.0
grc,1981,71444.0
grc,1982,71057.0
grc,1983,71014.0
grc,1984,71323.0
grc,1985,74938.0
grc,1986,71088.0
grc,1987,70399.0
grc,1988,70663.0
grc,1989,69821.0
grc,1990,70771.0
grc,1991,70073.0
grc,1992,66558.0
grc,1996,56432.0
grc,1997,53999.0
grc,2004,52748.0
grc,2005,53227.0
grc,2006,52743.0
grc,2007,52484.0
grc,2010,50708.0
grc,2011,51835.0
grc,2012,50392.0
grc,2013,50628.0
grd,1975,1644.0
grd,1976,1483.0
grd,1977,1386.0
grd,1978,1328.0
grd,1979,1293.0
grd,1980,1183.0
grd,1981,1238.0
grd,1982,1215.0
grd,1983,1182.0
grd,1984,1230.0
grd,1993,1456.0
grd,1999,1515.0
grd,2002,1193.0
grd,2003,1201.0
grd,2005,1057.0
grd,2007,999.0
grd,2008,845.0
grd,2009,957.0
grd,2010,826.0
grd,2013,867.0
grd,2014,919.0
gtm,1970,17444.0
gtm,1971,19077.0
gtm,1972,21376.0
gtm,1973,22651.0
gtm,1974,23626.0
gtm,1975,25208.0
gtm,1976,26322.0
gtm,1977,27578.0
gtm,1978,28986.0
gtm,1979,30978.0
gtm,1980,32461.0
gtm,1981,34132.0
gtm,1982,34639.0
gtm,1983,37486.0
gtm,1985,42623.0
gtm,1986,45232.0
gtm,1991,56187.0
gtm,1993,63732.0
gtm,1995,67552.0
gtm,1996,70674.0
gtm,1997,73034.0
gtm,1999,82596.0
gtm,2000,92473.0
gtm,2001,100004.0
gtm,2002,108762.0
gtm,2004,127765.0
gtm,2005,136907.0
gtm,2006,141924.0
gtm,2007,150114.0
gtm,2008,157165.0
gtm,2009,164524.0
gtm,2010,171271.0
gtm,2011,178122.0
gtm,2012,180680.0
gtm,2013,178650.0
gtm,2014,175597.0
gum,1971,961.0
guy,1971,10678.0
guy,1972,10167.0
guy,1973,9243.0
guy,1974,8760.0
guy,1976,9804.0
guy,1977,11014.0
guy,1978,10673.0
guy,1979,10006.0
guy,1980,9241.0
guy,1981,10489.0
guy,1982,10695.0
guy,1987,8736.0
guy,1988,8776.0
guy,1989,9710.0
guy,1991,8588.0
guy,1992,8250.0
guy,1993,7864.0
guy,1995,7788.0
guy,1996,7411.0
guy,1997,7563.0
guy,1999,8590.0
guy,2000,8208.0
guy,2001,7841.0
guy,2003,8576.0
guy,2005,9967.0
guy,2006,9351.0
guy,2007,9092.0
guy,2008,9412.0
guy,2009,8165.0
guy,2010,8335.0
guy,2011,8293.0
guy,2012,8281.0
hic,1970,5974774.0
hic,1971,6017949.5
hic,1972,6252512.0
hic,1973,6237686.0
hic,1974,6276990.5
hic,1975,6362107.0
hic,1976,6268037.5
hic,1977,6093889.0
hic,1978,5948168.0
hic,1979,6030261.5
hic,1980,6250219.0
hic,1981,6307266.0
hic,1982,6248000.5
hic,1983,6277997.5
hic,1984,6175303.5
hic,1985,6156878.5
hic,1986,5971232.5
hic,1987,5911422.0
hic,1988,5831489.5
hic,1989,5855607.0
hic,1990,5856905.0
hic,1991,5928385.0
hic,1992,5889376.5
hic,1993,5881835.0
hic,1994,5916187.0
hic,1995,5854201.5
hic,1996,5848916.5
hic,1997,5964785.5
hic,1998,6029018.0
hic,1999,6085622.5
hic,2000,5944951.5
hic,2001,6009405.5
hic,2002,6051546.0
hic,2003,6022752.0
hic,2004,5959892.5
hic,2005,5864711.0
hic,2006,5905759.5
hic,2007,5736044.0
hic,2008,5834382.0
hic,2009,5823655.0
hic,2010,5830323.0
hic,2011,5792168.5
hic,2012,5784706.0
hic,2013,5679797.5
hic,2014,5619129.5
hkg,1971,55528.0
hkg,1972,59901.0
hkg,1973,61082.0
hkg,1974,59535.0
hkg,1975,58239.0
hkg,1976,56637.0
hkg,1977,53644.0
hkg,1978,48900.0
hkg,1979,45746.0
hkg,1980,43166.0
hkg,1981,42480.0
hkg,1982,41968.0
hkg,1983,43524.0
hkg,1984,43665.0
hkg,1985,44781.0
hkg,1987,42319.0
hkg,1988,42311.0
hkg,1995,40202.0
hkg,2001,40824.0
hkg,2002,41112.0
hkg,2003,41047.0
hkg,2004,40313.0
hkg,2005,39658.0
hkg,2006,38961.0
hkg,2007,36730.0
hkg,2008,34825.0
hkg,2009,31662.0
hkg,2010,29383.0
hkg,2011,29835.0
hkg,2012,27236.0
hkg,2013,26145.0
hkg,2014,25148.0
hnd,1970,17055.0
hnd,1971,17856.0
hnd,1972,18802.0
hnd,1973,18957.0
hnd,1974,20522.0
hnd,1975,19644.0
hnd,1976,22583.0
hnd,1977,23148.0
hnd,1978,24264.0
hnd,1980,28619.0
hnd,1982,33459.0
hnd,1983,35323.0
hnd,1984,37558.0
hnd,1985,39857.0
hnd,1986,42743.0
hnd,1991,49424.0
hnd,1992,56854.0
hnd,1993,59765.0
hnd,1994,61300.0
hnd,1995,60768.0
hnd,1996,64467.0
hnd,1997,66298.0
hnd,2000,66663.0
hnd,2003,81954.0
hnd,2005,84641.0
hnd,2006,89025.0
hnd,2007,85789.0
hnd,2008,92170.0
hnd,2009,93171.0
hnd,2010,100408.0
hnd,2011,101053.0
hnd,2012,94510.0
hnd,2013,88896.0
hnd,2014,85056.0
hpc,1970,754271.375
hpc,1971,781769.3125
hpc,1972,823621.9375
hpc,1973,868260.6875
hpc,1974,921785.0
hpc,1975,964406.4375
hpc,1976,1033311.75
hpc,1977,1094805.0
hpc,1978,1166242.375
hpc,1979,1297089.25
hpc,1980,1424157.625
hpc,1981,1507657.625
hpc,1982,1663778.5
hpc,1983,1655158.375
hpc,1984,1717950.25
hpc,1985,1691199.25
hpc,1986,1732413.625
hpc,1987,1798918.375
hpc,1988,1873143.0
hpc,1989,1972604.25
hpc,1990,2008977.25
hpc,1991,2101433.25
hpc,1992,2146132.5
hpc,1993,2225711.0
hpc,1994,2265839.25
hpc,1995,2382231.25
hpc,1996,2422114.75
hpc,1997,2572086.0
hpc,1998,2672819.25
hpc,1999,2867737.25
hpc,2000,3102773.25
hpc,2001,3366915.75
hpc,2002,3605296.5
hpc,2003,3866258.75
hpc,2004,4244469.0
hpc,2005,4594027.5
hpc,2006,5093216.0
hpc,2007,5423938.5
hpc,2008,5817823.0
hpc,2009,6314076.0
hpc,2010,6461924.5
hpc,2011,6621227.5
hpc,2012,6928175.0
hpc,2013,7117530.0
hpc,2014,7392957.5
hti,1978,21778.0
hti,1979,23070.0
hti,1980,25126.0
hti,1981,29544.0
hti,1982,25661.0
hti,1983,28635.0
hti,1984,33551.0
hti,1985,31926.0
hti,1986,37396.0
hti,1987,38756.0
hti,1997,68902.0
idn,1972,879522.0
idn,1973,901719.0
idn,1974,880594.0
idn,1975,898514.0
idn,1976,939642.0
idn,1977,1011582.0
idn,1978,1169517.0
idn,1981,1375813.0
idn,1982,1500121.0
idn,1983,1472329.0
idn,1984,2005624.0
idn,1985,2049040.0
idn,1986,2113332.0
idn,1987,2161098.0
idn,1988,2203602.0
idn,1989,2194119.0
idn,1990,2135628.0
idn,1991,2143569.0
idn,1992,2232925.0
idn,1993,2125346.0
idn,1994,2127173.0
idn,1995,2277360.0
idn,1996,2265097.0
idn,1997,2222300.0
idn,2001,2199747.0
idn,2002,2191294.0
idn,2003,2210242.0
idn,2004,2236204.0
idn,2005,2223674.0
idn,2007,2314957.0
idn,2008,2190829.0
idn,2009,2267899.0
idn,2010,2295579.0
idn,2011,2438811.0
idn,2012,2449265.0
idn,2013,2385402.0
idn,2014,2381170.0
ind,1971,2184437.0
ind,1972,2265014.0
ind,1973,2406786.0
ind,1974,2463910.0
ind,1975,2636002.0
ind,1976,2777442.0
ind,1977,2891726.0
ind,1978,2952175.0
ind,1979,2992170.0
ind,1980,3173132.0
ind,1981,3521929.0
ind,1982,3680911.0
ind,1983,3879008.0
ind,1984,4093937.0
ind,1986,4593690.0
ind,1987,4753298.0
ind,1988,5027397.0
ind,1993,6339154.0
ind,1994,6701011.0
ind,1995,6931459.0
ind,1996,7139376.0
ind,1998,6973653.0
ind,1999,7093563.0
ind,2000,7496141.0
ind,2001,7774610.0
ind,2002,8213418.0
ind,2003,9234434.0
ind,2008,11612814.0
ind,2009,11858380.0
ind,2010,11329041.0
ind,2011,11515656.0
ind,2013,12073963.0
irl,1975,32544.0
irl,1976,32916.0
irl,1977,32672.0
irl,1978,32831.0
irl,1979,32172.0
irl,1980,33064.0
irl,1981,33430.0
irl,1982,34549.0
irl,1983,35015.0
irl,1986,33194.0
irl,1987,32969.0
irl,1988,33050.0
irl,1989,34133.0
irl,1990,34835.0
irl,1991,34757.0
irl,1992,34939.0
irl,1993,34380.0
irl,1994,33665.0
irl,1995,31789.0
irl,1996,30743.0
irl,1999,26561.0
irl,2000,26563.0
irl,2001,26697.0
irl,2002,25394.0
irl,2003,24926.0
irl,2004,25166.0
irl,2005,25503.0
irl,2006,27160.0
irl,2007,27999.0
irl,2008,28523.0
irl,2009,28773.0
irl,2010,29525.0
irl,2011,30228.0
irl,2013,31586.0
irn,1971,157257.0
irn,1972,183855.0
irn,1973,204200.0
irn,1974,211999.0
irn,1975,222664.0
irn,1976,240088.0
irn,1977,264064.0
irn,1978,285612.0
irn,1982,334238.0
irn,1983,329935.0
irn,1984,382902.0
irn,1985,413174.0
irn,1986,438852.0
irn,1987,496712.0
irn,1988,544259.0
irn,1989,583215.0
irn,1990,647799.0
irn,1991,717302.0
irn,1992,783000.0
irn,1993,835263.0
irn,1994,852302.0
irn,1995,908989.0
irn,1997,881286.0
irn,2000,801470.0
irn,2001,802003.0
irn,2002,767033.0
irn,2003,683097.0
irn,2004,756894.0
irn,2005,743537.0
irn,2006,612086.0
irn,2007,561208.0
irn,2008,549212.0
irn,2009,548027.0
irn,2010,542832.0
irn,2011,537459.0
irn,2012,528061.0
irn,2013,561455.0
irn,2014,538503.0
irq,1971,48054.0
irq,1972,48203.0
irq,1973,52107.0
irq,1974,56317.0
irq,1975,66498.0
irq,1976,79867.0
irq,1977,89012.0
irq,1978,100924.0
irq,1979,121361.0
irq,1980,155288.0
irq,1981,171163.0
irq,1982,178553.0
irq,1983,262154.0
irq,1984,229820.0
irq,1985,207510.0
irq,1986,197830.0
irq,1987,202854.0
irq,1988,215789.0
irq,1989,214609.0
irq,1993,206054.0
irq,1996,207700.0
irq,1999,237949.0
irq,2000,240378.0
irq,2004,290278.0
irq,2007,331458.0
isl,1971,2199.0
isl,1972,2241.0
isl,1973,2128.0
isl,1974,2220.0
isl,1975,2252.0
isl,1976,2296.0
isl,1977,2187.0
isl,1994,2139.0
isl,1995,1976.0
isl,1996,1961.0
isl,1997,1864.0
isl,1999,2150.0
isl,2000,2175.0
isl,2001,2328.0
isl,2002,2136.0
isl,2003,2192.0
isl,2004,2298.0
isl,2005,2158.0
isl,2006,2083.0
isl,2007,2143.0
isl,2008,2070.0
isl,2009,2106.0
isl,2010,2127.0
isl,2011,2155.0
isl,2012,1996.0
isr,1973,30102.0
isr,1974,30474.0
isr,1975,31743.0
isr,1976,32860.0
isr,1977,32982.0
isr,1978,32713.0
isr,1979,34315.0
isr,1980,36614.0
isr,1983,40630.0
isr,1984,42131.0
isr,1985,42460.0
isr,1986,44751.0
isr,1987,46194.0
isr,1988,43871.0
isr,1989,44197.0
isr,1990,42395.0
isr,1991,43862.0
isr,1992,46279.0
isr,1993,45998.0
isr,1994,47121.0
isr,1999,52410.0
isr,2000,55611.0
isr,2001,54454.0
isr,2002,55276.0
isr,2003,57898.0
isr,2004,56116.0
isr,2005,56763.0
isr,2006,59301.0
isr,2007,58733.0
isr,2008,62455.0
isr,2009,62474.0
isr,2010,62739.0
isr,2011,66874.0
isr,2012,65424.0
isr,2013,66749.0
isr,2014,72154.0
ita,1971,426105.0
ita,1972,441626.0
ita,1973,449291.0
ita,1974,459266.0
ita,1975,495525.0
ita,1976,482824.0
ita,1977,478523.0
ita,1978,462505.0
ita,1979,455321.0
ita,1980,460351.0
ita,1981,443736.0
ita,1982,443384.0
ita,1983,432635.0
ita,1984,426074.0
ita,1985,421653.0
ita,1986,403934.0
ita,1987,379743.0
ita,1988,362857.0
ita,1989,348411.0
ita,1990,336431.0
ita,1991,316147.0
ita,1992,308915.0
ita,1994,299965.0
ita,1995,281417.0
ita,1996,280294.0
ita,1997,267681.0
ita,1999,273132.0
ita,2000,274869.0
ita,2001,280531.0
ita,2002,275607.0
ita,2003,276987.0
ita,2004,273745.0
ita,2005,267831.0
ita,2006,266135.0
ita,2007,270710.0
ita,2008,279800.0
ita,2009,271965.0
ita,2010,275154.0
ita,2011,278828.0
ita,2012,271591.0
ita,2013,271852.0
jam,1975,28891.0
jam,1976,29623.0
jam,1977,29514.0
jam,1978,30111.0
jam,1979,28468.0
jam,1980,28373.0
jam,1981,27927.0
jam,1983,28850.0
jam,1984,28216.0
jam,1985,27125.0
jam,1987,25595.0
jam,1988,27344.0
jam,1989,26877.0
jam,1990,26540.0
jam,1991,26986.0
jam,1993,26469.0
jam,2000,23939.0
jam,2001,25498.0
jam,2002,25493.0
jam,2003,24842.0
jam,2004,26611.0
jam,2007,23838.0
jam,2008,22969.0
jam,2009,22133.0
jam,2010,24699.0
jam,2011,23451.0
jam,2012,23419.0
jam,2013,21579.0
jam,2014,20990.0
jor,1971,15714.0
jor,1972,17433.0
jor,1973,19949.0
jor,1974,23905.0
jor,1975,25734.0
jor,1976,28411.0
jor,1977,30481.0
jor,1978,31052.0
jor,1979,32988.0
jor,1980,34573.0
jor,1981,36233.0
jor,1982,36883.0
jor,1983,39554.0
jor,1984,41574.0
jor,1985,40733.0
jor,1986,40972.0
jor,1987,42200.0
jor,1988,44780.0
jor,1989,46603.0
jor,1990,48687.0
jor,1991,50014.0
jor,1992,53847.0
jor,1993,55043.0
jor,1994,56018.0
jor,1996,55572.0
jor,1999,57293.0
jor,2000,56891.0
jor,2002,58763.0
jor,2003,60613.0
jor,2004,63630.0
jor,2005,66838.0
jor,2006,67369.0
jor,2007,68184.0
jor,2008,64799.0
jor,2010,63226.0
jor,2011,65893.0
jpn,1971,775824.0
jpn,1972,768319.0
jpn,1973,773937.0
jpn,1974,787764.0
jpn,1975,800235.0
jpn,1976,844761.0
jpn,1977,822448.0
jpn,1978,760629.0
jpn,1979,905735.0
jpn,1980,919005.0
jpn,1981,918602.0
jpn,1982,944458.0
jpn,1983,979280.0
jpn,1984,999364.0
jpn,1985,1001919.0
jpn,1986,967957.0
jpn,1987,909397.0
jpn,1988,866177.0
jpn,1989,846270.0
jpn,1990,820084.0
jpn,1991,791669.0
jpn,1992,753917.0
jpn,1994,740630.0
jpn,1995,736807.0
jpn,1999,648829.0
jpn,2000,637241.0
jpn,2001,606573.0
jpn,2002,595299.0
jpn,2003,595458.0
jpn,2004,588802.0
jpn,2005,583987.0
jpn,2006,603865.0
jpn,2007,579840.0
jpn,2008,588783.0
jpn,2009,584974.0
jpn,2010,588674.0
jpn,2011,578916.0
jpn,2012,575505.0
jpn,2013,572604.0
ken,1970,65244.0
ken,1971,74960.0
ken,1972,83295.0
ken,1973,89666.0
ken,1974,100386.0
ken,1975,118213.0
ken,1976,135829.0
ken,1977,156647.0
ken,1978,205928.0
ken,1979,216981.0
ken,1980,220111.0
ken,1981,222031.0
ken,1982,234735.0
ken,1983,260611.0
ken,1984,274560.0
ken,1985,276725.0
ken,1986,282342.0
ken,1987,290157.0
ken,1988,290496.0
ken,1989,305475.0
ken,1990,305054.0
ken,1991,317809.0
ken,1992,329350.0
ken,1993,339370.0
ken,1994,337003.0
ken,1995,334021.0
ken,1999,349053.0
ken,2000,368897.0
ken,2001,376159.0
ken,2002,392863.0
ken,2003,416234.0
ken,2004,401940.0
ken,2005,427549.0
ken,2006,442090.0
ken,2007,484938.0
ken,2008,535997.0
ken,2009,558549.0
ken,2012,628921.0
ken,2014,628163.0
khm,1971,12291.0
khm,1972,14319.0
khm,1973,15805.0
khm,1994,71138.0
khm,1995,80514.0
khm,1997,62735.0
khm,1998,79086.0
khm,1999,88730.0
khm,2000,97191.0
khm,2001,109994.0
khm,2002,124897.0
khm,2003,152151.0
khm,2004,178937.0
khm,2005,187525.0
khm,2006,183531.0
khm,2007,165885.0
khm,2008,155673.0
khm,2010,152223.0
khm,2011,156365.0
khm,2012,152418.0
khm,2013,168748.0
khm,2014,153814.0
kir,1971,803.0
kir,1972,921.0
kir,1973,704.0
kir,1977,865.0
kir,1978,861.0
kir,1979,847.0
kir,1980,802.0
kir,1981,842.0
kir,1982,734.0
kir,1983,703.0
kir,1984,706.0
kir,1985,670.0
kir,1986,738.0
kir,1987,769.0
kir,1988,740.0
kir,1989,822.0
kir,1990,863.0
kir,1991,845.0
kir,1992,967.0
kir,1993,1021.0
kir,1994,1009.0
kir,1995,1026.0
kir,1996,1058.0
kir,1997,1036.0
kir,1999,1095.0
kir,2000,1174.0
kir,2001,1265.0
kir,2002,1178.0
kir,2003,1269.0
kir,2004,1283.0
kir,2005,1216.0
kir,2006,1159.0
kir,2007,1280.0
kir,2008,1367.0
kir,2014,1164.0
kna,1985,442.0
kna,1986,456.0
kna,1987,471.0
kna,1988,465.0
kna,1989,490.0
kna,1992,482.0
kna,2000,498.0
kna,2001,502.0
kna,2002,441.0
kna,2003,496.0
kna,2004,459.0
kna,2005,441.0
kna,2007,426.0
kna,2008,415.0
kna,2009,482.0
kna,2010,403.0
kna,2011,444.0
kna,2012,410.0
kna,2013,404.0
kna,2014,372.0
kor,1971,426014.0
kor,1972,470421.0
kor,1973,463796.0
kor,1974,458387.0
kor,1975,470760.0
kor,1976,445874.0
kor,1977,428247.0
kor,1978,441311.0
kor,1979,430538.0
kor,1980,456213.0
kor,1981,438083.0
kor,1982,452362.0
kor,1983,478210.0
kor,1984,457773.0
kor,1985,438754.0
kor,1986,422393.0
kor,1987,390240.0
kor,1988,358815.0
kor,1989,374344.0
kor,1990,367792.0
kor,1991,411130.0
kor,1992,409075.0
kor,1993,415157.0
kor,1994,397350.0
kor,1995,359358.0
kor,1996,313537.0
kor,1997,309021.0
kor,1999,294640.0
kor,2000,299685.0
kor,2001,299155.0
kor,2002,331936.0
kor,2003,336287.0
kor,2004,325628.0
kor,2005,321499.0
kor,2006,324120.0
kor,2007,313694.0
kor,2008,312726.0
kor,2009,295298.0
kor,2010,286247.0
kor,2011,287860.0
kor,2012,254704.0
kor,2013,222222.0
kwt,2005,18852.0
kwt,2007,20033.0
kwt,2008,19791.0
kwt,2009,19803.0
kwt,2010,19888.0
kwt,2011,20230.0
kwt,2012,20259.0
kwt,2013,21413.0
kwt,2014,22102.0
lac,1970,1438265.0
lac,1971,1551002.625
lac,1972,1621874.625
lac,1973,1719981.75
lac,1974,1798809.375
lac,1975,1871065.625
lac,1976,1989592.25
lac,1977,2077022.375
lac,1978,2153719.25
lac,1979,2240042.5
lac,1980,2363939.75
lac,1981,2432786.75
lac,1982,2515203.0
lac,1983,2597754.0
lac,1984,2674390.75
lac,1985,2737088.0
lac,1986,2768731.0
lac,1987,2804154.0
lac,1988,2814422.25
lac,1989,2815863.25
lac,1990,2877587.0
lac,1991,2894198.5
lac,1992,2977465.25
lac,1993,3020561.75
lac,1994,3058046.5
lac,1995,3121691.75
lac,1996,3180694.75
lac,1997,3270879.25
lac,1998,3314600.0
lac,1999,3379710.75
lac,2000,3431202.0
lac,2001,3509739.75
lac,2002,3556382.75
lac,2003,3607841.75
lac,2004,3649441.25
lac,2005,3688684.25
lac,2006,3742830.5
lac,2007,3749959.75
lac,2008,3715522.25
lac,2009,3728363.25
lac,2010,3753902.75
lac,2011,3813153.5
lac,2012,5398059.0
lac,2013,5250843.0
lac,2014,5204410.5
lao,1971,5523.0
lao,1972,7113.0
lao,1973,7879.0
lao,1977,12408.0
lao,1978,14875.0
lao,1979,14920.0
lao,1980,17761.0
lao,1981,20243.0
lao,1984,17360.0
lao,1985,16673.0
lao,1986,18201.0
lao,1988,22279.0
lao,1990,23571.0
lao,1992,23732.0
lao,1993,26290.0
lao,1994,28283.0
lao,1996,36881.0
lao,1997,38942.0
lao,1998,42056.0
lao,1999,46118.0
lao,2000,46759.0
lao,2001,48285.0
lao,2002,50500.0
lao,2003,51522.0
lao,2004,52467.0
lao,2005,54235.0
lao,2006,55569.0
lao,2007,56999.0
lao,2008,58360.0
lao,2009,59418.0
lao,2010,62116.0
lao,2011,65534.0
lao,2012,67782.0
lao,2013,70222.0
lao,2014,70940.0
lbn,1974,32703.0
lbn,1999,40151.0
lbn,2000,37847.0
lbn,2001,37849.0
lbn,2002,39034.0
lbn,2003,39184.0
lbn,2004,37674.0
lbn,2005,37744.0
lbn,2006,38003.0
lbn,2007,39093.0
lbn,2008,38644.0
lbn,2009,39197.0
lbn,2010,38074.0
lbn,2011,37251.0
lbn,2012,36753.0
lbn,2013,37807.0
lbr,1970,2383.0
lbr,1971,2667.0
lbr,1972,3255.0
lbr,1975,3775.0
lbr,1976,3679.0
lbr,1978,5229.0
lbr,1979,5568.0
lbr,1980,5907.0
lbr,2000,6980.0
lbr,2006,30032.0
lbr,2008,32538.0
lbr,2009,34906.0
lbr,2011,39342.0
lbr,2014,40898.0
lby,1971,11459.0
lby,1972,11805.0
lby,1973,17545.0
lby,1974,25496.0
lby,1975,33386.0
lby,1976,42279.0
lby,1977,44873.0
lby,1978,40980.0
lby,1979,43003.0
lby,1980,45493.0
lby,1981,47824.0
lby,1983,54684.0
lby,1986,53313.0
lby,2001,63487.0
lby,2002,63757.0
lby,2003,62547.0
lby,2004,62737.0
lby,2005,61473.0
lca,1973,1521.0
lca,1974,1579.0
lca,1975,1829.0
lca,1976,1750.0
lca,1977,1810.0
lca,1981,1553.0
lca,1982,1860.0
lca,1983,1763.0
lca,1984,1740.0
lca,1985,1801.0
lca,1986,1788.0
lca,1987,1841.0
lca,1988,1910.0
lca,1989,1710.0
lca,1990,1735.0
lca,1991,1721.0
lca,1992,1933.0
lca,1993,2029.0
lca,1997,1825.0
lca,1999,1772.0
lca,2000,1800.0
lca,2001,1787.0
lca,2002,1716.0
lca,2003,1647.0
lca,2004,1672.0
lca,2005,1593.0
lca,2006,1561.0
lca,2007,1537.0
lca,2008,1402.0
lca,2009,1461.0
lca,2010,1451.0
lca,2011,1348.0
lca,2012,1263.0
lca,2013,1221.0
lca,2014,1167.0
lcn,1970,1631361.125
lcn,1971,1755902.375
lcn,1972,1831972.375
lcn,1973,1932347.125
lcn,1974,2014244.5
lcn,1975,2090416.375
lcn,1976,2203473.75
lcn,1977,2293219.0
lcn,1978,2367893.25
lcn,1979,2448767.25
lcn,1980,2566255.0
lcn,1981,2637581.75
lcn,1982,2720642.5
lcn,1983,2810590.25
lcn,1984,2887687.5
lcn,1985,2953622.25
lcn,1986,2976012.5
lcn,1987,3002411.0
lcn,1988,3003962.0
lcn,1989,3021341.0
lcn,1990,3082698.0
lcn,1991,3100206.0
lcn,1992,3187337.0
lcn,1993,3226521.25
lcn,1994,3260320.25
lcn,1995,3321537.5
lcn,1996,3376687.0
lcn,1997,3482486.0
lcn,1998,3529782.25
lcn,1999,3598989.5
lcn,2000,3656837.25
lcn,2001,3732980.5
lcn,2002,3776012.25
lcn,2003,3822407.5
lcn,2004,3862580.5
lcn,2005,3899397.25
lcn,2006,3948610.25
lcn,2007,3953416.75
lcn,2008,3913479.5
lcn,2009,3922237.25
lcn,2010,3945645.5
lcn,2011,4004634.25
lcn,2012,5584201.5
lcn,2013,5434904.5
lcn,2014,5384662.5
ldc,1970,947452.875
ldc,1971,987362.0625
ldc,1972,1059157.0
ldc,1973,1129611.75
ldc,1974,1169435.75
ldc,1975,1266408.125
ldc,1976,1391096.125
ldc,1977,1404186.25
ldc,1978,1447657.375
ldc,1979,1572439.875
ldc,1980,1694547.125
ldc,1981,1762975.875
ldc,1982,1909650.75
ldc,1983,1920840.25
ldc,1984,2017488.625
ldc,1985,1976770.875
ldc,1986,1993049.625
ldc,1987,2153223.0
ldc,1988,2488601.5
ldc,1989,2670305.75
ldc,1990,2799993.75
ldc,1991,2936690.75
ldc,1992,3022629.0
ldc,1993,3143937.5
ldc,1994,3217446.25
ldc,1995,3382986.5
ldc,1996,3451517.5
ldc,1997,3632425.25
ldc,1998,3790548.0
ldc,1999,4029739.75
ldc,2000,4302096.0
ldc,2001,4583077.0
ldc,2002,4873655.0
ldc,2003,5220599.0
ldc,2004,5658490.5
ldc,2005,6064894.0
ldc,2006,6551109.0
ldc,2007,6921213.0
ldc,2008,7331824.5
ldc,2009,7907455.5
ldc,2010,8157785.0
ldc,2011,8446239.0
ldc,2012,8790001.0
ldc,2013,8965852.0
ldc,2014,9209640.0
lic,1970,429581.625
lic,1971,441731.09375
lic,1972,477922.5
lic,1973,511994.84375
lic,1974,551464.4375
lic,1975,582053.8125
lic,1976,628840.0
lic,1977,674240.3125
lic,1978,728694.625
lic,1979,836978.6875
lic,1980,953094.3125
lic,1981,1037411.25
lic,1982,1205175.75
lic,1983,1197459.25
lic,1984,1295336.5
lic,1985,1262254.75
lic,1986,1283478.875
lic,1987,1332263.75
lic,1988,1385966.75
lic,1989,1475832.0
lic,1990,1490330.75
lic,1991,1584115.375
lic,1992,1621709.0
lic,1993,1699568.375
lic,1994,1729181.625
lic,1995,1841108.5
lic,1996,1879027.625
lic,1997,2026950.125
lic,1998,2126514.0
lic,1999,2311849.5
lic,2000,2509233.5
lic,2001,2730897.75
lic,2002,2935583.0
lic,2003,3173700.75
lic,2004,3500712.5
lic,2005,3796922.75
lic,2006,4270260.5
lic,2007,4583561.5
lic,2008,4923488.0
lic,2009,5394557.0
lic,2010,5501991.5
lic,2011,5640518.5
lic,2012,5942964.0
lic,2013,6088078.0
lic,2014,6334342.0
lie,2003,198.0
lie,2004,215.0
lie,2005,221.0
lie,2006,203.0
lie,2007,226.0
lie,2008,210.0
lie,2009,214.0
lie,2010,225.0
lie,2011,218.0
lie,2012,193.0
lie,2014,164.0
lka,1970,119259.0
lka,1971,126952.0
lka,1975,133818.0
lka,1976,78032.0
lka,1977,106338.0
lka,1978,142307.0
lka,1980,158414.0
lka,1981,174150.0
lka,1982,163079.0
lka,1983,160854.0
lka,1984,166862.0
lka,1985,167128.0
lka,1986,169913.0
lka,1987,174979.0
lka,1988,183290.0
lka,1989,186815.0
lka,1990,194409.0
lka,1991,199903.0
lka,1992,198311.0
lka,1993,195768.0
lka,1994,194183.0
lka,1995,194319.0
lka,2001,176281.0
lka,2002,181927.0
lka,2003,170061.0
lka,2005,162418.0
lka,2006,160640.0
lka,2007,155860.0
lka,2008,149646.0
lka,2009,151795.0
lka,2010,164665.0
lka,2011,167273.0
lka,2012,167269.0
lka,2013,169410.0
lka,2014,169930.0
lmc,1970,5665764.0
lmc,1971,5850312.0
lmc,1972,6099259.0
lmc,1973,6413995.5
lmc,1974,6595988.5
lmc,1975,7017789.5
lmc,1976,7380418.0
lmc,1977,7711383.0
lmc,1978,8115186.5
lmc,1979,8433773.0
lmc,1980,8887351.0
lmc,1981,9499608.0
lmc,1982,9984428.0
lmc,1983,10314618.0
lmc,1984,11254578.0
lmc,1985,11648101.0
lmc,1986,11922207.0
lmc,1987,12384113.0
lmc,1988,12969718.0
lmc,1989,13403209.0
lmc,1990,13877455.0
lmc,1991,14436576.0
lmc,1992,15110159.0
lmc,1993,15524741.0
lmc,1994,16144829.0
lmc,1995,16721037.0
lmc,1996,17080286.0
lmc,1997,17192618.0
lmc,1998,17395106.0
lmc,1999,17602218.0
lmc,2000,18257690.0
lmc,2001,18698180.0
lmc,2002,19295452.0
lmc,2003,20373916.0
lmc,2004,21178530.0
lmc,2005,21905990.0
lmc,2006,22602498.0
lmc,2007,23161522.0
lmc,2008,23450674.0
lmc,2009,23983576.0
lmc,2010,23881592.0
lmc,2011,24578264.0
lmc,2012,25170598.0
lmc,2013,25510750.0
lmc,2014,25656568.0
lmy,1970,15346662.0
lmy,1971,15875303.0
lmy,1972,16680665.0
lmy,1973,17552134.0
lmy,1974,18313082.0
lmy,1975,19319888.0
lmy,1976,20403140.0
lmy,1977,21461528.0
lmy,1978,22460580.0
lmy,1979,23557370.0
lmy,1980,24700184.0
lmy,1981,25409516.0
lmy,1982,26317938.0
lmy,1983,27115162.0
lmy,1984,27668252.0
lmy,1985,27857688.0
lmy,1986,28251072.0
lmy,1987,28907238.0
lmy,1988,29597256.0
lmy,1989,29774786.0
lmy,1990,30151330.0
lmy,1991,31005556.0
lmy,1992,31721050.0
lmy,1993,32553998.0
lmy,1994,33554808.0
lmy,1995,34163708.0
lmy,1996,34685984.0
lmy,1997,35627828.0
lmy,1998,36966052.0
lmy,1999,38114564.0
lmy,2000,39428528.0
lmy,2001,40023992.0
lmy,2002,40456464.0
lmy,2003,41279640.0
lmy,2004,41410052.0
lmy,2005,42013456.0
lmy,2006,42663616.0
lmy,2007,43592668.0
lmy,2008,43633964.0
lmy,2009,44257300.0
lmy,2010,43801536.0
lmy,2011,44648028.0
lmy,2012,47037188.0
lmy,2013,46381972.0
lmy,2014,46121824.0
lso,1970,14679.0
lso,1972,13700.0
lso,1973,13517.0
lso,1974,14636.0
lso,1975,15163.0
lso,1976,15874.0
lso,1977,16181.0
lso,1978,16630.0
lso,1979,16750.0
lso,1980,17221.0
lso,1981,17566.0
lso,1982,18028.0
lso,1983,18217.0
lso,1984,18674.0
lso,1985,19875.0
lso,1986,20901.0
lso,1987,21995.0
lso,1988,23358.0
lso,1989,23905.0
lso,1990,24687.0
lso,1991,25273.0
lso,1992,25434.0
lso,1993,24911.0
lso,1994,25553.0
lso,1995,26012.0
lso,1996,25672.0
lso,1997,24903.0
lso,1999,25073.0
lso,2000,25622.0
lso,2001,25027.0
lso,2002,24314.0
lso,2003,22807.0
lso,2004,32345.0
lso,2005,30690.0
lso,2006,29213.0
lso,2007,27973.0
lso,2008,27399.0
lso,2009,27088.0
lso,2010,26385.0
lso,2011,26310.0
lso,2012,26078.0
lso,2013,25544.0
lso,2014,25867.0
lux,1971,2371.0
lux,1972,2343.0
lux,1973,2340.0
lux,1974,2310.0
lux,1975,2351.0
lux,1976,2454.0
lux,1977,2394.0
lux,1978,2346.0
lux,1979,2236.0
lux,1980,2159.0
lux,1981,2174.0
lux,1982,2049.0
lux,1983,1931.0
lux,1984,1512.0
lux,1986,1710.0
lux,1987,1641.0
lux,1988,1876.0
lux,1999,2433.0
lux,2000,2515.0
lux,2001,2611.0
lux,2002,2586.0
lux,2003,2678.0
lux,2004,2718.0
lux,2005,2857.0
lux,2006,2819.0
lux,2007,2930.0
lux,2008,3001.0
lux,2010,2922.0
lux,2011,2937.0
lux,2012,2911.0
lux,2013,2713.0
lva,2007,10245.0
lva,2008,9129.0
lva,2009,8814.0
lva,2010,8614.0
lva,2011,8848.0
lva,2012,9250.0
lva,2013,8946.0
lva,2014,9130.0
mac,1990,2448.0
mac,1992,2756.0
mac,1993,2870.0
mac,1999,4063.0
mac,2000,4105.0
mac,2001,4057.0
mac,2002,3825.0
mac,2003,3701.0
mac,2004,3385.0
mac,2005,3348.0
mac,2006,3091.0
mac,2007,3000.0
mac,2008,2694.0
mac,2009,2543.0
mac,2010,2404.0
mac,2011,2159.0
mac,2012,1932.0
mac,2013,1826.0
mac,2014,1684.0
mar,1971,74672.0
mar,1972,78940.0
mar,1973,82503.0
mar,1974,87649.0
mar,1975,94453.0
mar,1976,101906.0
mar,1977,111229.0
mar,1978,125274.0
mar,1979,138067.0
mar,1980,147331.0
mar,1981,160183.0
mar,1982,171018.0
mar,1983,177887.0
mar,1984,185724.0
mar,1985,173803.0
mar,1986,172208.0
mar,1987,168392.0
mar,1988,149620.0
mar,1989,126820.0
mar,1990,137097.0
mar,1991,136043.0
mar,1992,141296.0
mar,1993,145059.0
mar,1994,152729.0
mar,1995,162172.0
mar,1996,171495.0
mar,1997,182191.0
mar,1999,196050.0
mar,2000,204910.0
mar,2001,212657.0
mar,2002,235216.0
mar,2003,270066.0
mar,2004,287686.0
mar,2005,294110.0
mar,2006,285410.0
mar,2007,275068.0
mar,2008,266380.0
mar,2009,265209.0
mar,2010,275259.0
mar,2011,301811.0
mar,2012,300374.0
mar,2013,307334.0
mar,2014,309821.0
mco,1991,168.0
mco,1992,174.0
mco,1994,183.0
mco,1995,189.0
mco,1996,182.0
mco,1997,199.0
mco,2009,184.0
mco,2011,185.0
mco,2012,189.0
mdg,1971,31208.0
mdg,1972,35052.0
mdg,1973,36194.0
mdg,1974,36164.0
mdg,1975,43052.0
mdg,1981,79644.0
mdg,1982,78526.0
mdg,1983,83323.0
mdg,1988,84986.0
mdg,1989,84511.0
mdg,1990,81546.0
mdg,1991,81447.0
mdg,1992,73058.0
mdg,1993,76814.0
mdg,1994,79422.0
mdg,1995,73049.0
mdg,1996,79027.0
mdg,1999,87920.0
mdg,2000,99002.0
mdg,2001,101515.0
mdg,2002,101861.0
mdg,2003,122067.0
mdg,2004,141511.0
mdg,2005,176581.0
mdg,2006,180716.0
mdg,2007,192265.0
mdg,2008,219532.0
mdg,2009,255733.0
mdg,2010,230382.0
mdg,2011,233920.0
mdg,2012,239272.0
mdg,2013,246607.0
mdg,2014,244523.0
mdv,1992,3712.0
mdv,1993,4416.0
mdv,1996,5619.0
mdv,1997,5926.0
mdv,1998,5775.0
mdv,1999,5537.0
mdv,2000,5463.0
mdv,2001,4866.0
mdv,2002,4650.0
mdv,2003,4358.0
mdv,2004,4194.0
mdv,2005,3831.0
mdv,2006,3606.0
mdv,2007,3613.0
mdv,2008,3229.0
mdv,2009,3071.0
mdv,2010,2786.0
mdv,2011,2793.0
mdv,2012,2577.0
mdv,2013,2489.0
mdv,2014,2430.0
mea,1970,773441.125
mea,1971,798133.5625
mea,1972,854880.0625
mea,1973,921188.875
mea,1974,991713.125
mea,1975,1075691.5
mea,1976,1150222.25
mea,1977,1212941.0
mea,1978,1276718.0
mea,1979,1350291.5
mea,1980,1446782.875
mea,1981,1530794.625
mea,1982,1616593.0
mea,1983,1754459.5
mea,1984,1862235.875
mea,1985,1874591.375
mea,1986,1963381.875
mea,1987,2085920.25
mea,1988,2210393.0
mea,1989,2281711.5
mea,1990,2425287.75
mea,1991,2572451.75
mea,1992,2700729.75
mea,1993,2825056.25
mea,1994,2941323.5
mea,1995,3095411.0
mea,1996,3162778.25
mea,1997,3217088.5
mea,1998,3280391.75
mea,1999,3325805.75
mea,2000,3315761.5
mea,2001,3336157.0
mea,2002,3351542.5
mea,2003,3129836.25
mea,2004,3252541.5
mea,2005,3224480.0
mea,2006,3146318.75
mea,2007,3116679.75
mea,2008,3055405.25
mea,2009,3134275.25
mea,2010,3126818.75
mea,2011,3202082.25
mea,2012,3247564.5
mea,2013,3358488.0
mea,2014,3322138.25
mex,1975,604418.0
mex,1976,657287.0
mex,1977,700912.0
mex,1978,748536.0
mex,1979,799094.0
mex,1980,879663.0
mex,1981,919593.0
mex,1982,973322.0
mex,1983,1014408.0
mex,1984,1058178.0
mex,1985,1094922.0
mex,1986,1095949.0
mex,1987,1089246.0
mex,1988,1070857.0
mex,1989,1047660.0
mex,1990,1027465.0
mex,1991,1030583.0
mex,1992,1030537.0
mex,1993,1038359.0
mex,1994,1063030.0
mex,1995,1073751.0
mex,1996,1084017.0
mex,1997,1114163.0
mex,1999,1104700.0
mex,2000,1108087.0
mex,2001,1132727.0
mex,2002,1133909.0
mex,2003,1164314.0
mex,2004,1174497.0
mex,2005,1172738.0
mex,2006,1179250.0
mex,2007,1168518.0
mex,2008,1137955.0
mex,2009,1138734.0
mex,2010,1130904.0
mex,2011,1201423.0
mex,2012,1238298.0
mex,2013,1246165.0
mex,2014,1184792.0
mhl,1999,729.0
mhl,2003,591.0
mhl,2005,643.0
mhl,2006,614.0
mhl,2007,577.0
mhl,2008,604.0
mhl,2009,668.0
mhl,2011,671.0
mic,1970,14917080.0
mic,1971,15433571.0
mic,1972,16202742.0
mic,1973,17040140.0
mic,1974,17761618.0
mic,1975,18737836.0
mic,1976,19774300.0
mic,1977,20787286.0
mic,1978,21731884.0
mic,1979,22720390.0
mic,1980,23747088.0
mic,1981,24372104.0
mic,1982,25112762.0
mic,1983,25917704.0
mic,1984,26372914.0
mic,1985,26595432.0
mic,1986,26967592.0
mic,1987,27574976.0
mic,1988,28211290.0
mic,1989,28298954.0
mic,1990,28660998.0
mic,1991,29421440.0
mic,1992,30099342.0
mic,1993,30854430.0
mic,1994,31825624.0
mic,1995,32322598.0
mic,1996,32806958.0
mic,1997,33600880.0
mic,1998,34839536.0
mic,1999,35802716.0
mic,2000,36919296.0
mic,2001,37293096.0
mic,2002,37520880.0
mic,2003,38105936.0
mic,2004,37909340.0
mic,2005,38216532.0
mic,2006,38393356.0
mic,2007,39009104.0
mic,2008,38710476.0
mic,2009,38862744.0
mic,2010,38299548.0
mic,2011,39007508.0
mic,2012,41094224.0
mic,2013,40293896.0
mic,2014,39787480.0
mkd,2008,12371.0
mkd,2009,11896.0
mli,1971,7445.0
mli,1972,7714.0
mli,1973,9374.0
mli,1974,9353.0
mli,1975,10046.0
mli,1976,10852.0
mli,1977,11229.0
mli,1978,12009.0
mli,1979,12306.0
mli,1980,12762.0
mli,1981,12692.0
mli,1982,13330.0
mli,1983,13309.0
mli,1984,12792.0
mli,1985,12929.0
mli,1986,12925.0
mli,1987,12645.0
mli,1988,13254.0
mli,1999,53731.0
mli,2000,57742.0
mli,2001,66185.0
mli,2002,74389.0
mli,2003,79189.0
mli,2004,83309.0
mli,2005,94304.0
mli,2006,103193.0
mli,2007,109650.0
mli,2008,115992.0
mli,2009,123945.0
mli,2010,138701.0
mli,2011,146441.0
mli,2012,150988.0
mli,2014,163022.765625
mlt,1971,3417.0
mlt,1972,3348.0
mlt,1973,3472.0
mlt,1974,2774.0
mlt,1975,2034.0
mlt,1976,2504.0
mlt,1977,2375.0
mlt,1978,2424.0
mlt,1979,2354.0
mlt,1980,2809.0
mlt,1981,2576.0
mlt,1982,2636.0
mlt,1983,2665.0
mlt,1984,2655.0
mlt,1985,2616.0
mlt,1986,2815.0
mlt,1987,2758.0
mlt,1988,2820.0
mlt,1989,2830.0
mlt,1990,2833.0
mlt,1991,2874.0
mlt,1992,3005.0
mlt,1993,2963.0
mlt,1994,2766.0
mlt,1995,2782.0
mlt,1996,2657.0
mlt,1997,2819.0
mlt,1999,2928.0
mlt,2000,2803.0
mlt,2001,2840.0
mlt,2002,2732.0
mlt,2003,2618.0
mlt,2004,2549.0
mlt,2005,2370.0
mlt,2006,2353.0
mlt,2007,2298.0
mlt,2008,2265.0
mlt,2009,2096.0
mlt,2010,2207.0
mlt,2011,1917.0
mlt,2012,1878.0
mlt,2013,2040.0
mlt,2014,1902.0
mmr,1971,135542.0
mmr,1972,132042.0
mmr,1973,154269.0
mmr,1974,151764.0
mmr,1976,149387.0
mmr,1977,161361.0
mmr,1978,178170.0
mmr,1999,346181.0
mmr,2000,371083.0
mmr,2001,370592.0
mmr,2002,373715.0
mmr,2003,382732.0
mmr,2004,391763.0
mmr,2005,411666.0
mmr,2006,427724.0
mmr,2007,436141.0
mmr,2008,435061.0
mmr,2009,433452.0
mmr,2010,444819.0
mna,1970,710220.5
mna,1971,733221.25
mna,1972,787907.1875
mna,1973,851834.375
mna,1974,920455.3125
mna,1975,1001617.1875
mna,1976,1071778.875
mna,1977,1131490.875
mna,1978,1192084.875
mna,1979,1260613.5
mna,1980,1348740.5
mna,1981,1424882.0
mna,1982,1500446.0
mna,1983,1629418.625
mna,1984,1727822.5
mna,1985,1730592.75
mna,1986,1808365.875
mna,1987,1920980.5
mna,1988,2037408.375
mna,1989,2096954.125
mna,1990,2230339.0
mna,1991,2363125.25
mna,1992,2475337.25
mna,1993,2585114.75
mna,1994,2684770.75
mna,1995,2822611.25
mna,1996,2880102.0
mna,1997,2929984.0
mna,1998,2986102.75
mna,1999,3023014.5
mna,2000,3001681.75
mna,2001,3014952.25
mna,2002,3020539.5
mna,2003,2785552.0
mna,2004,2898852.0
mna,2005,2840030.5
mna,2006,2751353.25
mna,2007,2717533.5
mna,2008,2658700.5
mna,2009,2735028.25
mna,2010,2718363.25
mna,2011,2781692.25
mna,2012,2818348.5
mna,2013,2916905.0
mna,2014,2894094.25
mne,2011,2892.0
mne,2012,3860.0
mne,2015,3587.0
mng,2005,26723.0
mng,2014,22987.0
moz,1973,7833.0
moz,1987,44830.0
moz,1988,46803.0
moz,1989,46766.0
moz,1990,48485.0
moz,1991,49495.0
moz,1992,49640.0
moz,1993,49692.0
moz,1994,50477.0
moz,1995,53038.0
moz,1999,72205.0
moz,2000,83775.0
moz,2001,95961.0
moz,2002,112234.0
moz,2004,144421.0
moz,2005,167660.0
moz,2006,236336.0
moz,2007,235621.0
moz,2008,283763.0
moz,2009,290425.0
moz,2010,292166.0
moz,2011,284649.0
moz,2012,286792.0
moz,2013,289798.0
moz,2014,295901.0
mrt,1976,1992.0
mrt,1977,2366.0
mrt,1978,2043.0
mrt,1979,2826.0
mrt,1981,4465.0
mrt,1983,5556.0
mrt,1985,6409.0
mrt,1986,7291.0
mrt,1987,8093.0
mrt,1988,8651.0
mrt,1989,8139.0
mrt,1990,8476.0
mrt,1991,8458.0
mrt,1992,8819.0
mrt,1993,10018.0
mrt,1994,11006.0
mrt,1995,11956.0
mrt,1996,13798.0
mrt,1997,16632.0
mrt,1999,20405.0
mrt,2001,22325.0
mrt,2002,21378.0
mrt,2003,20297.0
mrt,2004,23826.0
mrt,2005,24584.0
mrt,2006,27824.0
mrt,2007,30668.0
mrt,2008,30684.0
mrt,2009,34790.0
mrt,2010,37225.0
mrt,2011,38637.0
mrt,2012,40739.0
mrt,2013,39777.0
mrt,2014,39245.0
mus,1970,9578.0
mus,1971,10985.0
mus,1972,10952.0
mus,1973,12063.0
mus,1974,11921.0
mus,1975,11388.0
mus,1976,11315.0
mus,1977,10274.0
mus,1978,10409.0
mus,1979,9596.0
mus,1980,9979.0
mus,1981,9172.0
mus,1982,9202.0
mus,1983,9228.0
mus,1984,10430.0
mus,1985,13814.0
mus,1986,10560.0
mus,1987,11047.0
mus,1988,7194.0
mus,1989,11891.0
mus,1990,11808.0
mus,1991,11362.0
mus,1992,10393.0
mus,1993,9757.0
mus,1994,9427.0
mus,1995,9114.0
mus,1996,8908.0
mus,1997,9543.0
mus,1999,10363.0
mus,2000,10769.0
mus,2001,10635.0
mus,2002,10886.0
mus,2003,10766.0
mus,2004,10395.0
mus,2005,9901.0
mus,2006,9850.0
mus,2007,9417.0
mus,2008,9071.0
mus,2009,9505.0
mus,2010,9494.0
mus,2011,9322.0
mus,2012,9437.0
mus,2013,9124.0
mus,2014,9218.0
mwi,1972,12113.0
mwi,1973,12995.0
mwi,1974,12924.0
mwi,1975,15155.0
mwi,1976,17906.0
mwi,1977,20433.0
mwi,1978,22743.0
mwi,1979,23031.0
mwi,1980,24645.0
mwi,1981,23910.0
mwi,1982,25596.0
mwi,1983,27383.0
mwi,1984,29513.0
mwi,1985,30325.0
mwi,1986,31596.0
mwi,1987,33572.0
mwi,1988,38745.0
mwi,1989,44003.0
mwi,1990,49936.0
mwi,1991,55547.0
mwi,1992,61114.0
mwi,1993,65876.0
mwi,1994,67060.0
mwi,1995,97539.0
mwi,1996,103340.0
mwi,1999,128165.0
mwi,2000,132955.0
mwi,2001,142827.0
mwi,2002,136086.0
mwi,2004,148097.0
mwi,2005,152109.0
mwi,2006,158532.0
mwi,2007,164991.0
mwi,2008,178031.0
mwi,2009,182621.0
mwi,2010,197399.0
mwi,2011,214531.0
mwi,2012,225306.0
mwi,2014,258018.0
mys,1974,136650.0
mys,1980,154058.0
mys,1981,157118.0
mys,1982,164374.0
mys,1983,166160.0
mys,1984,165925.0
mys,1985,172137.0
mys,1987,179209.0
mys,1988,178966.0
mys,1989,180621.0
mys,1990,188667.0
mys,1991,194999.0
mys,1992,204156.0
mys,1993,207969.0
mys,1994,209454.0
mys,2002,234960.0
mys,2003,244580.0
mys,2004,252204.0
mys,2005,257375.0
mys,2006,261543.0
mys,2007,266080.0
mys,2008,269180.0
mys,2009,260387.0
mys,2010,266082.0
mys,2011,281103.0
mys,2012,264600.0
mys,2013,268304.0
mys,2014,256670.0
nac,1980,1909472.875
nac,1981,2003823.0
nac,1982,1898640.0
nac,1983,1880740.0
nac,1984,1803518.0
nac,1985,1827030.0
nac,1986,1737093.5
nac,1987,1809586.75
nac,1988,1840157.125
nac,1989,1875013.125
nac,1990,1916538.625
nac,1991,1954772.75
nac,1992,1948798.25
nac,1993,1943041.125
nac,1994,2018174.375
nac,1995,2019513.625
nac,1996,2104417.0
nac,1997,2188381.25
nac,1998,2274190.5
nac,1999,2310153.75
nac,2000,2183178.25
nac,2001,2272286.0
nac,2002,2256294.0
nac,2003,2239827.75
nac,2004,2213330.75
nac,2005,2144882.5
nac,2006,2188001.0
nac,2007,2051504.25
nac,2008,2147155.5
nac,2009,2183403.0
nac,2010,2178506.0
nac,2011,2147677.25
nac,2012,2183756.75
nac,2013,2105734.75
nac,2014,2052690.375
nam,1989,20572.0
nam,1990,20644.0
nam,1991,20822.0
nam,1992,20310.0
nam,1993,20687.0
nam,1994,22307.0
nam,1995,24084.0
nam,1996,26963.0
nam,1997,27661.0
nam,1999,29622.0
nam,2000,29487.0
nam,2001,29619.0
nam,2002,29544.0
nam,2003,30407.0
nam,2004,30513.0
nam,2005,30370.0
nam,2006,30806.0
nam,2007,31603.0
nam,2008,30881.0
nam,2009,30769.0
nam,2010,30530.0
nam,2012,30949.0
nam,2013,30415.0
ncl,1970,1387.0
ncl,1971,1483.0
ncl,1972,1569.0
ncl,1973,1690.0
ncl,1974,1821.0
ncl,1975,1900.0
ncl,1976,2090.0
ncl,1977,1983.0
ncl,1978,2051.0
ncl,1979,2214.0
ncl,1981,2249.0
ncl,1982,2265.0
ncl,1983,2388.0
ncl,1984,2305.0
ncl,1985,2174.0
ncl,1986,2158.0
ncl,1987,2051.0
ncl,1988,2065.0
ncl,1989,1975.0
ncl,1990,2063.0
ncl,1991,2164.0
ner,1971,3496.0
ner,1972,3724.0
ner,1973,3970.0
ner,1974,4413.0
ner,1975,4685.0
ner,1976,5223.0
ner,1977,6286.0
ner,1978,6611.0
ner,1979,8259.0
ner,1980,9601.0
ner,1981,10572.0
ner,1982,11460.0
ner,1983,11974.0
ner,1984,13284.0
ner,1985,14073.0
ner,1986,14720.0
ner,1987,14051.0
ner,1989,14499.0
ner,1990,16335.0
ner,1991,18148.0
ner,1992,18845.0
ner,1993,20736.0
ner,1995,21057.0
ner,1996,21305.0
ner,1997,23148.0
ner,1999,25329.0
ner,2000,26282.0
ner,2001,29737.0
ner,2002,29121.0
ner,2003,37600.0
ner,2004,44154.0
ner,2005,50322.0
ner,2006,59513.0
ner,2007,61591.0
ner,2008,70548.0
ner,2009,74351.0
ner,2010,86242.0
ner,2011,90367.0
ner,2012,107705.0
ner,2013,125257.0
ner,2014,148172.0
nga,1970,125621.0
nga,1971,140542.0
nga,1972,167283.0
nga,1973,194907.0
nga,1982,876127.0
nga,1983,890431.0
nga,1985,934570.0
nga,1986,863940.0
nga,1987,852023.0
nga,1988,740176.0
nga,1989,769426.0
nga,1990,794404.0
nga,1991,864169.0
nga,1992,986247.0
nga,1993,1038950.0
nga,1994,1084358.0
nga,1999,1161902.0
nga,2000,1231382.0
nga,2001,1194646.0
nga,2002,1228105.0
nga,2004,1374246.0
nga,2005,1467427.0
nga,2006,1573614.0
nga,2007,1561732.0
nga,2008,1430959.0
nga,2009,1459206.0
nga,2010,1539514.0
nic,1970,11946.0
nic,1971,13779.0
nic,1972,14396.0
nic,1973,15233.0
nic,1976,17718.0
nic,1977,18516.0
nic,1978,18786.0
nic,1979,18653.0
nic,1980,19575.0
nic,1982,19605.0
nic,1983,23402.0
nic,1984,25438.0
nic,1985,33141.0
nic,1986,33320.0
nic,1987,32291.0
nic,1988,30994.0
nic,1989,28788.0
nic,1990,29943.0
nic,1991,33831.0
nic,1992,36947.0
nic,1993,39780.0
nic,1994,41629.0
nic,1995,43395.0
nic,1996,45238.0
nic,1998,44921.0
nic,1999,48574.0
nic,2000,49828.0
nic,2001,54353.0
nic,2002,57323.0
nic,2003,58185.0
nic,2004,58934.0
nic,2005,58542.0
nic,2006,58938.0
nic,2007,58097.0
nic,2008,55824.0
nic,2010,59804.0
nld,1971,115961.0
nld,1972,118268.0
nld,1973,118646.0
nld,1974,119262.0
nld,1975,120055.0
nld,1976,118472.0
nld,1977,117356.0
nld,1978,115612.0
nld,1979,115288.0
nld,1980,119286.0
nld,1981,118365.0
nld,1982,113205.0
nld,1983,107729.0
nld,1984,99174.0
nld,1985,91891.0
nld,1999,93257.0
nld,2000,94942.0
nld,2001,98219.0
nld,2002,99115.0
nld,2003,97794.0
nld,2004,96412.0
nld,2005,95879.0
nld,2006,94178.0
nld,2007,93197.0
nld,2008,95225.0
nld,2009,96234.0
nld,2010,98520.0
nld,2012,98944.0
nor,1971,31462.0
nor,1973,29487.0
nor,1974,29845.0
nor,1975,30656.0
nor,1976,31020.0
nor,1977,31861.0
nor,1978,32168.0
nor,1979,32081.0
nor,1980,32689.0
nor,1981,32945.0
nor,1982,31470.0
nor,1984,31540.0
nor,1985,29843.0
nor,1986,29592.0
nor,1987,27821.0
nor,1988,26275.0
nor,1989,25171.0
nor,1990,25406.0
nor,1991,25373.0
nor,1992,25145.0
nor,1993,25474.0
nor,1994,25249.0
nor,1995,24756.0
nor,1996,25138.0
nor,1997,25878.0
nor,1999,28471.0
nor,2000,29423.0
nor,2001,30153.0
nor,2002,30289.0
nor,2003,29948.0
nor,2004,29949.0
nor,2005,29914.0
nor,2006,30244.0
nor,2007,30743.0
nor,2008,30232.0
nor,2009,29828.0
nor,2010,30205.0
nor,2011,30231.0
nor,2012,29298.0
nor,2013,28897.0
nor,2014,29573.0
npl,1982,31177.0
npl,1983,39002.0
npl,1984,48861.0
npl,1988,66647.0
npl,1991,98352.0
npl,1992,111865.0
npl,1999,180060.0
npl,2000,188986.0
npl,2001,197886.0
npl,2002,213206.0
npl,2003,235360.0
npl,2004,241196.0
npl,2005,261685.0
npl,2006,279516.0
npl,2007,279276.0
npl,2008,288540.0
npl,2012,376309.0
npl,2013,370158.0
npl,2014,376115.0
npl,2015,378563.0
nru,1972,92.0
nru,1973,67.0
nru,1974,101.0
nru,1985,93.0
nru,2001,110.0
nru,2007,115.0
nru,2012,106.0
nru,2014,118.0
nzl,1970,31366.0
nzl,1971,31894.0
nzl,1972,32065.0
nzl,1973,31369.0
nzl,1974,30323.0
nzl,1975,30123.0
nzl,1976,30327.0
nzl,1977,30339.0
nzl,1978,30575.0
nzl,1979,30605.0
nzl,1980,31425.0
nzl,1981,31156.0
nzl,1982,29667.0
nzl,1983,29051.0
nzl,1984,27765.0
nzl,1985,26107.0
nzl,1986,25874.0
nzl,1987,24940.0
nzl,1988,25265.0
nzl,1989,24622.0
nzl,1990,25021.0
nzl,1991,24672.0
nzl,1992,24370.0
nzl,1993,24539.0
nzl,1994,25171.0
nzl,1995,26010.0
nzl,1996,26475.0
nzl,1997,28051.0
nzl,1999,29724.0
nzl,2000,30134.0
nzl,2001,29284.0
nzl,2002,29252.0
nzl,2003,28815.0
nzl,2004,29367.0
nzl,2005,28456.0
nzl,2006,28546.0
nzl,2007,29025.0
nzl,2008,28058.0
nzl,2009,29131.0
nzl,2010,28542.0
nzl,2011,28124.0
nzl,2012,27667.0
nzl,2013,28149.0
nzl,2014,27871.0
oed,1970,6568234.0
oed,1971,6626823.5
oed,1972,6871888.5
oed,1973,6888495.0
oed,1974,7005460.5
oed,1975,7131302.0
oed,1976,7129128.5
oed,1977,7037002.0
oed,1978,6906197.0
oed,1979,7055489.0
oed,1980,7360201.5
oed,1981,7456125.0
oed,1982,7453163.0
oed,1983,7522640.5
oed,1984,7466218.5
oed,1985,7497796.0
oed,1986,7357451.0
oed,1987,7284026.0
oed,1988,7262528.0
oed,1989,7170834.0
oed,1990,7153402.0
oed,1991,7236355.0
oed,1992,7221831.0
oed,1993,7172507.5
oed,1994,7221389.0
oed,1995,7150988.5
oed,1996,7146367.5
oed,1997,7287368.0
oed,1998,7324207.0
oed,1999,7378076.0
oed,2000,7229525.0
oed,2001,7323452.0
oed,2002,7378402.0
oed,2003,7342065.5
oed,2004,7287050.0
oed,2005,7189185.0
oed,2006,7217104.0
oed,2007,7033213.0
oed,2008,7129070.0
oed,2009,7133588.5
oed,2010,7122207.0
oed,2011,7163544.0
oed,2012,7173479.5
oed,2013,6421952.5
oed,2014,6320792.0
omn,1972,41.0
omn,1973,61.0
omn,1974,194.0
omn,1975,343.0
omn,1976,765.0
omn,1977,1306.0
omn,1978,2189.0
omn,1979,2939.0
omn,1981,3354.0
omn,1982,4208.0
omn,1983,5130.0
omn,1984,5566.0
omn,1985,7208.0
omn,1986,8077.0
omn,1987,10426.0
omn,1988,13030.0
omn,1989,15688.0
omn,1990,17650.0
omn,1991,18719.0
omn,1992,19828.0
omn,1993,20121.0
omn,1994,20978.0
omn,1995,22550.0
omn,1996,24027.0
omn,1997,24255.0
omn,1999,23504.0
omn,2000,23781.0
omn,2001,24329.0
omn,2002,24821.0
omn,2003,25448.0
omn,2009,24852.0
omn,2011,24530.0
omn,2012,24103.0
omn,2013,25403.0
pak,2001,808426.0
pak,2003,840813.0
pak,2004,965209.0
pak,2005,1034085.0
pak,2006,1048711.0
pak,2007,1115230.0
pak,2008,1112713.0
pak,2009,1129954.0
pak,2010,1207835.0
pak,2011,1172927.0
pak,2012,1266618.0
pak,2013,1269145.0
pak,2014,1283612.0
pan,1970,15336.0
pan,1971,16724.0
pan,1972,18470.0
pan,1973,19695.0
pan,1974,20898.0
pan,1975,25178.0
pan,1976,24250.0
pan,1977,24506.0
pan,1978,24673.0
pan,1979,24523.0
pan,1980,24020.0
pan,1981,24018.0
pan,1982,24704.0
pan,1983,23298.0
pan,1984,24238.0
pan,1985,23944.0
pan,1986,24341.0
pan,1987,24181.0
pan,1988,24261.0
pan,1989,24352.0
pan,1990,25012.0
pan,1999,29038.0
pan,2000,29506.0
pan,2001,29664.0
pan,2002,30774.0
pan,2004,30997.0
pan,2005,30716.0
pan,2006,32239.0
pan,2007,33977.0
pan,2008,34467.0
pan,2009,32814.0
pan,2010,34467.0
pan,2011,35201.0
pan,2012,34715.0
pan,2013,34554.0
per,1970,129990.0
per,1973,140224.0
per,1977,193625.0
per,1978,201041.0
per,1979,205184.0
per,1980,206146.0
per,1981,205268.0
per,1982,213094.0
per,1985,234260.0
per,1992,261678.0
per,1993,261005.0
per,1995,275509.0
per,1999,330912.0
per,2000,321793.0
per,2001,324293.0
per,2002,334636.0
per,2003,333772.0
per,2004,331478.0
per,2005,332048.0
per,2006,330038.0
per,2007,324902.0
per,2008,310241.0
per,2009,309143.0
per,2010,301283.0
per,2011,287878.0
per,2012,269242.0
per,2013,281521.0
per,2014,285967.0
phl,1981,584749.0
phl,1982,616682.0
phl,1983,629965.0
phl,1984,633264.0
phl,1985,627235.0
phl,1986,626528.0
phl,1987,666038.0
phl,1988,664962.0
phl,1989,688568.0
phl,1990,721854.0
phl,1999,891606.0
phl,2001,962823.0
phl,2002,960193.0
phl,2003,963543.0
phl,2004,978177.0
phl,2005,972491.0
phl,2006,974021.0
phl,2007,984982.0
phl,2008,986510.0
phl,2009,1005510.0
phl,2013,1068178.0
plw,2000,150.0
plw,2004,202.0
plw,2013,118.0
plw,2014,125.0
png,1970,8599.0
png,1971,9134.0
png,1972,10114.0
png,1973,11064.0
png,1974,12025.0
png,1975,13469.0
png,1976,11881.0
png,1977,13245.0
png,1978,12916.0
png,1979,15178.0
png,1981,17702.0
png,1982,16597.0
png,1984,19642.0
png,1986,21211.0
png,1987,23852.0
png,1988,23675.0
png,1989,25075.0
png,1990,23338.0
png,1991,23920.0
png,1992,25387.0
png,1993,27982.0
png,1994,29513.0
png,1995,30453.0
png,1996,29828.0
png,1997,31708.0
png,2000,35972.0
png,2001,36957.0
png,2002,38725.0
png,2003,39990.0
png,2004,43487.0
png,2005,44353.0
png,2006,44392.0
png,2012,75116.0
pol,1972,315055.0
pol,1973,300761.0
pol,1974,279822.0
pol,1989,309560.0
pol,1990,309477.0
pol,1991,315002.0
pol,1992,314915.0
pol,1993,314499.0
pol,1994,325721.0
pol,1995,332368.0
pol,1996,321724.0
pol,1997,315572.0
pol,1999,281945.0
pol,2000,276580.0
pol,2001,268538.0
pol,2002,265923.0
pol,2003,259240.0
pol,2004,244936.0
pol,2005,235195.0
pol,2006,225726.0
pol,2007,210906.0
pol,2008,202878.0
pol,2009,193370.0
pol,2010,185407.0
pol,2011,179724.0
pol,2013,172457.0
pri,2009,25175.0
pri,2010,24276.0
pri,2011,22722.0
pri,2012,22281.0
pri,2013,20526.0
prt,1971,58272.0
prt,1972,60980.0
prt,1973,66610.0
prt,1974,68854.0
prt,1975,64329.0
prt,1976,77276.0
prt,1993,81920.0
prt,1994,77559.0
pry,1970,19115.0
pry,1972,20670.0
pry,1973,22032.0
pry,1974,22987.0
pry,1975,22959.0
pry,1976,23888.0
pry,1977,24877.0
pry,1978,26207.0
pry,1980,27926.0
pry,1981,28794.0
pry,1982,30200.0
pry,1983,31713.0
pry,1984,32953.0
pry,1985,33514.0
pry,1986,34257.0
pry,1987,34914.0
pry,1988,36084.0
pry,1989,37288.0
pry,1990,40668.0
pry,1991,44336.0
pry,1992,48085.0
pry,1993,50921.0
pry,1994,52944.0
pry,1995,55989.0
pry,1996,57241.0
pry,1997,64105.0
pry,1999,65382.0
pry,2000,67185.0
pry,2002,69361.0
pry,2003,68975.0
pry,2004,68115.0
pry,2005,69054.0
pry,2006,69496.0
pry,2007,69530.0
pry,2008,69566.0
pry,2009,66525.0
pry,2010,63771.0
pry,2011,61498.0
pry,2012,60606.0
pyf,1972,1593.0
pyf,1973,1727.0
pyf,1974,1866.0
pyf,1975,1909.0
pyf,1976,1998.0
pyf,1977,1950.0
pyf,1978,2130.0
pyf,1979,2202.0
pyf,1980,2284.0
pyf,1982,2294.0
pyf,1983,2728.0
pyf,1984,2372.0
pyf,1985,2383.0
pyf,1988,2205.0
pyf,1989,2303.0
pyf,1990,2249.0
pyf,1991,2356.0
pyf,1993,2504.0
pyf,1995,2726.0
pyf,1996,2791.0
qat,1971,930.0
qat,1972,1050.0
qat,1973,1113.0
qat,1974,1361.0
qat,1975,1475.0
qat,1976,1544.0
qat,1977,1746.0
qat,1978,1755.0
qat,1979,1808.0
qat,1980,1837.0
qat,1981,1957.0
qat,1982,2012.0
qat,1983,2202.0
qat,1984,2289.0
qat,1985,2375.0
qat,1986,2370.0
qat,1987,2619.0
qat,1988,2740.0
qat,1989,2856.0
qat,1990,2872.0
qat,1991,3115.0
qat,1992,2927.0
qat,1993,2971.0
qat,1994,2992.0
qat,1995,2523.0
qat,1996,3057.0
qat,1999,4867.0
qat,2000,4913.0
qat,2001,4937.0
qat,2002,4912.0
qat,2003,5242.0
qat,2004,5129.0
qat,2005,5314.0
qat,2006,5612.0
qat,2007,5928.0
qat,2008,6150.0
qat,2009,6443.0
qat,2010,6741.0
qat,2011,7128.0
qat,2012,7802.0
qat,2013,8123.0
qat,2014,8661.0
rwa,1971,18013.0
rwa,1972,19548.0
rwa,1973,20618.0
rwa,1974,21199.0
rwa,1975,21762.0
rwa,1976,21328.0
rwa,1977,20957.0
rwa,1978,22368.0
rwa,1979,23002.0
rwa,1980,30360.0
rwa,1981,37212.0
rwa,1982,39387.0
rwa,1983,39965.0
rwa,1984,42229.0
rwa,1985,41632.0
rwa,1986,42974.0
rwa,1987,45208.0
rwa,1988,48352.0
rwa,1989,50802.0
rwa,1990,55040.0
rwa,1991,59774.0
rwa,1992,62850.0
rwa,1999,62103.0
rwa,2000,67396.0
rwa,2001,73011.0
rwa,2002,75506.0
rwa,2003,88883.0
rwa,2004,100233.0
rwa,2006,113303.0
rwa,2007,131048.0
rwa,2008,126849.0
rwa,2009,137320.0
rwa,2010,150123.0
rwa,2011,161372.0
rwa,2012,164278.0
rwa,2013,159285.0
sas,1970,2739681.25
sas,1971,2821777.25
sas,1972,2955675.25
sas,1973,3130078.0
sas,1974,3185245.25
sas,1975,3425462.75
sas,1976,3591154.25
sas,1977,3691050.75
sas,1978,3801773.0
sas,1979,3864994.0
sas,1980,4067895.0
sas,1981,4441060.5
sas,1982,4591303.0
sas,1983,4829846.0
sas,1984,5104609.0
sas,1985,5374387.0
sas,1986,5615675.5
sas,1987,5808527.0
sas,1988,6369151.0
sas,1989,6710611.5
sas,1990,7086359.5
sas,1991,7426907.5
sas,1992,7772171.0
sas,1993,8120929.5
sas,1994,8554691.0
sas,1995,8859436.0
sas,1996,9130442.0
sas,1997,9185015.0
sas,1998,9234570.0
sas,1999,9274410.0
sas,2000,9729767.0
sas,2001,10059255.0
sas,2002,10571550.0
sas,2003,11656314.0
sas,2004,12271696.0
sas,2005,12865262.0
sas,2006,13400469.0
sas,2007,13985277.0
sas,2008,14460967.0
sas,2009,14843300.0
sas,2010,14558805.0
sas,2011,14840573.0
sas,2012,15259982.0
sas,2013,15543363.0
sas,2014,15607806.0
sau,1979,40659.0
sau,2005,243140.0
sau,2007,250732.0
sau,2008,246875.0
sau,2009,250233.0
sau,2011,264134.0
sau,2012,271402.0
sau,2013,277177.0
sau,2014,279579.0
sdn,2001,176245.0
sdn,2002,180917.0
sdn,2003,197972.0
sdn,2004,196062.0
sdn,2005,210327.0
sdn,2006,223147.0
sdn,2007,219712.0
sdn,2008,244799.0
sdn,2009,267989.0
sdn,2010,278683.0
sdn,2011,273308.0
sdn,2012,281485.0
sdn,2013,294194.0
sen,1971,13813.0
sen,1972,14796.0
sen,1973,14695.0
sen,1978,19839.0
sen,1979,19529.0
sen,1980,20621.0
sen,1981,21511.0
sen,1982,23795.0
sen,1983,25781.0
sen,1984,27140.0
sen,1985,29492.0
sen,1986,32320.0
sen,1987,36571.0
sen,1988,38942.0
sen,1989,40613.0
sen,1990,41073.0
sen,1992,44366.0
sen,1994,46097.0
sen,1995,49085.0
sen,1996,50763.0
sen,1997,54329.0
sen,1998,59523.0
sen,2000,67648.0
sen,2001,73561.0
sen,2002,74785.0
sen,2003,78034.0
sen,2004,92101.0
sen,2005,94589.0
sen,2006,99643.0
sen,2007,110994.0
sen,2008,115455.0
sen,2009,118125.0
sen,2010,123617.0
sen,2011,124215.0
sen,2012,129833.0
sen,2014,138459.0
sgp,1970,28465.0
sgp,1971,27302.0
sgp,1972,26532.0
sgp,1973,26387.0
sgp,1974,26764.0
sgp,1975,27170.0
sgp,1976,25776.0
sgp,1977,25482.0
sgp,1978,23807.0
sgp,1979,22694.0
sgp,1980,22017.0
sgp,1981,26458.0
sgp,1982,22557.0
sgp,1983,23749.0
sgp,1984,22825.0
sgp,1985,20627.0
sgp,1986,19385.0
sgp,1987,20718.0
sgp,1988,18518.0
sgp,1989,18976.0
sgp,1990,19155.0
sgp,1991,19448.0
sgp,1992,22849.0
sgp,1993,20046.0
sgp,1994,19240.0
sgp,2007,25215.0
sgp,2008,24920.0
sgp,2009,23349.0
slb,1973,941.0
slb,1974,1047.0
slb,1975,1353.0
slb,1980,1725.0
slb,1981,1620.0
slb,1982,1616.0
slb,1983,1671.0
slb,1986,2265.0
slb,1990,3138.0
slb,1991,3216.0
slb,1992,3371.0
slb,1993,3486.0
slb,1994,3494.0
slb,2000,3959.0
slb,2002,4435.0
slb,2005,4822.0
slb,2006,5160.0
slb,2007,5470.0
slb,2010,6501.0
slb,2011,6844.0
slb,2012,6829.0
slb,2013,7228.0
slb,2014,7333.0
sle,1971,8027.0
sle,1974,7297.0
sle,1975,7713.0
sle,1976,8741.0
sle,1978,10353.0
sle,2000,28761.0
sle,2001,30923.0
sle,2011,77630.0
sle,2012,76309.0
sle,2013,80322.0
slv,1970,24624.0
slv,1971,24607.0
slv,1972,26583.0
slv,1973,29902.0
slv,1974,31026.0
slv,1975,30685.0
slv,1976,32730.0
slv,1977,34368.0
slv,1978,37611.0
slv,1979,40656.0
slv,1980,41003.0
slv,1981,32540.0
slv,1982,35872.0
slv,1983,35697.0
slv,1984,36254.0
slv,1987,48667.0
slv,1988,50618.0
slv,1989,50204.0
slv,1991,49954.0
slv,1992,51019.0
slv,1993,52895.0
slv,1995,56879.0
slv,1996,55906.0
slv,1997,59181.0
slv,2000,62819.0
slv,2001,64269.0
slv,2002,64947.0
slv,2003,67071.0
slv,2005,70787.0
slv,2006,74783.0
slv,2007,74181.0
slv,2008,75722.0
slv,2009,74849.0
slv,2010,76004.0
slv,2011,73825.0
slv,2012,70836.0
slv,2013,66861.0
slv,2014,62296.0
smr,1971,138.0
smr,1972,150.0
smr,1973,145.0
smr,1974,169.0
smr,1975,142.0
smr,1976,163.0
smr,1977,159.0
smr,1978,163.0
smr,1979,175.0
smr,1980,154.0
smr,1981,145.0
smr,1982,129.0
smr,1983,167.0
smr,1984,149.0
smr,1985,151.0
smr,1986,141.0
smr,1987,134.0
smr,1988,138.0
smr,1989,146.0
smr,1990,132.0
smr,1991,120.0
smr,1992,106.0
smr,1993,118.0
smr,1994,122.0
smr,1996,116.0
smr,1997,111.0
smr,2000,107.0
smr,2008,143.0
smr,2009,146.0
smr,2010,162.0
smr,2011,146.0
smr,2012,169.0
som,1971,1296.0
som,1972,1468.0
som,1973,1677.0
som,1974,1879.0
som,1977,3001.0
som,1978,4169.0
som,1979,10899.0
som,1980,22254.0
som,1981,7713.0
som,1982,9743.0
som,1983,10992.0
som,1984,9700.0
som,1985,8192.0
som,1986,7402.0
som,2007,13592.0
ssa,1970,1266057.75
ssa,1971,1317140.875
ssa,1972,1411294.5
ssa,1973,1485723.625
ssa,1974,1613192.625
ssa,1975,1740927.375
ssa,1976,1894014.75
ssa,1977,2047984.625
ssa,1978,2244996.5
ssa,1979,2469133.75
ssa,1980,2707460.0
ssa,1981,2898474.25
ssa,1982,3199755.0
ssa,1983,3247976.0
ssa,1984,3415677.5
ssa,1985,3417791.75
ssa,1986,3378718.75
ssa,1987,3434408.5
ssa,1988,3390001.25
ssa,1989,3537071.5
ssa,1990,3597972.5
ssa,1991,3792920.25
ssa,1992,3979834.75
ssa,1993,4137667.5
ssa,1994,4227108.5
ssa,1995,4352182.5
ssa,1996,4404226.5
ssa,1997,4566946.0
ssa,1998,4671073.5
ssa,1999,4872957.0
ssa,2000,5175692.0
ssa,2001,5402983.5
ssa,2002,5669145.0
ssa,2003,5947879.5
ssa,2004,6308195.5
ssa,2005,6783059.5
ssa,2006,7379546.5
ssa,2007,7764166.5
ssa,2008,8132750.5
ssa,2009,8648013.0
ssa,2010,8853617.0
ssa,2011,9084042.0
ssa,2012,9447558.0
ssa,2013,9705183.0
ssa,2014,10030865.0
ssd,2011,42908.0
ssf,1970,1266764.75
ssf,1971,1317914.875
ssf,1972,1412074.5
ssf,1973,1486581.625
ssf,1974,1614068.625
ssf,1975,1741795.375
ssf,1976,1894800.75
ssf,1977,2048905.625
ssf,1978,2245885.5
ssf,1979,2469996.75
ssf,1980,2708247.0
ssf,1981,2899217.25
ssf,1982,3200557.0
ssf,1983,3248753.0
ssf,1984,3416446.5
ssf,1985,3418637.75
ssf,1986,3379541.75
ssf,1987,3435139.5
ssf,1988,3390758.25
ssf,1989,3537874.5
ssf,1990,3598789.25
ssf,1991,3793718.25
ssf,1992,3980629.75
ssf,1993,4138368.5
ssf,1994,4227948.5
ssf,1995,4353070.5
ssf,1996,4405026.5
ssf,1997,4567730.0
ssf,1998,4671847.5
ssf,1999,4873743.0
ssf,2000,5176523.0
ssf,2001,5403802.5
ssf,2002,5669949.0
ssf,2003,5948678.5
ssf,2004,6308980.5
ssf,2005,6783820.5
ssf,2006,7380293.0
ssf,2007,7764897.0
ssf,2008,8133464.5
ssf,2009,8648710.0
ssf,2010,8854300.0
ssf,2011,9084717.0
ssf,2012,9448230.0
ssf,2013,9705872.0
ssf,2014,10031554.0
stp,1999,1303.0
stp,2002,1655.0
stp,2003,1788.0
stp,2004,1931.0
stp,2005,1910.0
stp,2007,2189.0
stp,2008,2348.0
stp,2009,2490.0
stp,2010,2373.0
stp,2011,2609.0
stp,2012,2673.0
stp,2013,2691.0
stp,2014,2874.0
stp,2015,2670.0
sur,1974,7200.0
sur,1975,7120.0
sur,1976,6151.0
sur,1977,6579.0
sur,1978,6470.0
sur,1979,6462.0
sur,1985,5715.0
sur,1987,4875.0
sur,1988,4902.0
sur,1989,5155.0
sur,2005,4840.0
sur,2006,4790.0
sur,2007,4640.0
sur,2008,5080.0
sur,2009,5355.0
sur,2011,5547.0
sur,2013,5423.0
sur,2014,5425.0
svn,2008,8651.0
svn,2009,8638.0
svn,2010,8519.0
svn,2011,8854.0
svn,2012,8647.0
svn,2013,8673.0
svn,2014,8522.0
swe,1971,49231.0
swe,1972,48646.0
swe,1973,49585.0
swe,1974,50838.0
swe,1975,53250.0
swe,1976,58291.0
swe,1977,58711.0
swe,1978,58907.0
swe,1979,58618.0
swe,1980,55372.0
swe,1981,52380.0
swe,1982,53209.0
swe,1983,54910.0
swe,1984,54470.0
swe,1987,51100.0
swe,1988,48400.0
swe,1989,46980.0
swe,1990,46110.0
swe,1991,47592.0
swe,1992,48619.0
swe,1993,49576.0
swe,1994,49273.0
swe,1995,49292.0
swe,1996,51249.0
swe,1997,53764.0
swe,1999,54483.0
swe,2000,57197.0
swe,2001,58988.0
swe,2002,62523.0
swe,2003,61311.0
swe,2004,60662.0
swe,2005,58370.0
swe,2006,56081.0
swe,2007,51854.0
swe,2008,48750.0
swe,2009,46193.0
swe,2010,45912.0
swe,2011,45079.0
swe,2012,47087.0
swe,2013,47797.0
swe,2014,50357.0
swz,1970,3829.0
swz,1971,4277.0
swz,1972,4720.0
swz,1973,5127.0
swz,1974,5361.0
swz,1975,5582.0
swz,1976,5684.0
swz,1977,6003.0
swz,1978,6235.0
swz,1979,6527.0
swz,1980,6800.0
swz,1981,7325.0
swz,1982,7760.0
swz,1983,8201.0
swz,1984,8681.0
swz,1985,8988.0
swz,1986,9402.0
swz,1987,9477.0
swz,1988,9432.0
swz,1989,9807.0
swz,1990,10126.0
swz,1991,10624.0
swz,1992,11084.0
swz,1993,11829.0
swz,1994,12572.0
swz,1995,13315.0
swz,1996,13292.0
swz,1997,13836.0
swz,1999,13820.0
swz,2000,14187.0
swz,2001,14495.0
swz,2002,13185.0
swz,2003,14180.0
swz,2004,14423.0
swz,2005,15047.0
swz,2006,15251.0
swz,2007,15435.0
swz,2009,15983.0
swz,2010,16578.0
swz,2011,16610.0
swz,2012,16628.0
swz,2013,17280.0
sxm,2012,310.0
sxm,2014,317.0
syc,1970,707.0
syc,1971,774.0
syc,1972,780.0
syc,1973,858.0
syc,1974,876.0
syc,1975,868.0
syc,1976,786.0
syc,1977,921.0
syc,1978,889.0
syc,1979,863.0
syc,1980,787.0
syc,1981,743.0
syc,1982,802.0
syc,1983,777.0
syc,1984,769.0
syc,1985,846.0
syc,1986,823.0
syc,1987,731.0
syc,1988,757.0
syc,1989,803.0
syc,1991,798.0
syc,1992,795.0
syc,1993,701.0
syc,1994,840.0
syc,1995,888.0
syc,1996,800.0
syc,1997,784.0
syc,1999,786.0
syc,2000,831.0
syc,2001,819.0
syc,2002,804.0
syc,2003,799.0
syc,2004,785.0
syc,2005,761.0
syc,2013,689.0
syc,2014,689.0
syr,1971,41469.0
syr,1972,43970.0
syr,1973,50762.0
syr,1974,56733.0
syr,1975,63140.0
syr,1976,69769.0
syr,1977,75441.0
syr,1978,75334.0
syr,1979,78153.0
syr,1980,82302.0
syr,1981,91073.0
syr,1982,98206.0
syr,1983,105675.0
syr,1984,115983.0
syr,1985,123905.0
syr,1986,130547.0
syr,1987,137363.0
syr,1988,153427.0
syr,1989,158461.0
syr,1990,163874.0
syr,1991,178398.0
syr,1992,168568.0
syr,1993,179270.0
syr,1994,187138.0
syr,1995,192374.0
syr,1996,192541.0
syr,1997,194789.0
syr,1999,198284.0
syr,2000,199689.0
syr,2001,204725.0
syr,2002,193638.0
tca,1978,119.0
tca,1994,96.0
tca,1997,121.0
tca,1999,134.0
tca,2000,128.0
tca,2001,161.0
tca,2002,155.0
tca,2003,131.0
tca,2004,151.0
tca,2005,182.0
tca,2009,229.0
tca,2014,194.0
tca,2015,190.0
tcd,1972,3376.0
tcd,1974,3680.0
tcd,1976,4130.0
tcd,1977,4097.0
tcd,1985,5199.0
tcd,1986,4781.0
tcd,1987,5245.0
tcd,1988,6113.0
tcd,1989,8048.0
tcd,1990,10751.0
tcd,1991,11676.0
tcd,1992,13397.0
tcd,1994,12738.0
tcd,1995,13145.0
tcd,1996,13304.0
tcd,1997,15354.0
tcd,1998,17502.0
tcd,1999,20137.0
tcd,2000,25244.0
tcd,2001,31373.0
tcd,2002,37558.0
tcd,2003,46124.0
tcd,2004,49013.0
tcd,2005,49411.0
tcd,2006,50245.0
tcd,2009,65044.0
tcd,2010,67728.0
tcd,2011,76864.0
tcd,2012,83798.0
tcd,2013,94630.0
tgo,1971,7358.0
tgo,1972,8135.0
tgo,1976,12461.0
tgo,1978,15991.0
tgo,1979,18174.0
tgo,1980,20257.0
tgo,1981,22135.0
tgo,1982,22493.0
tgo,1983,22577.0
tgo,1984,20248.0
tgo,1985,18825.0
tgo,1986,18655.0
tgo,1987,20283.0
tgo,1988,21353.0
tgo,1989,23264.0
tgo,1990,24703.0
tgo,1991,27336.0
tgo,1992,29331.0
tgo,1994,27295.0
tgo,1995,31644.0
tgo,1996,34044.0
tgo,1998,41506.0
tgo,1999,49242.0
tgo,2000,50990.0
tgo,2001,54592.0
tgo,2002,59110.0
tgo,2003,60662.0
tgo,2004,62085.0
tgo,2005,63788.0
tgo,2006,66203.0
tgo,2007,63124.0
tgo,2008,65305.0
tgo,2009,70813.0
tgo,2010,77771.0
tgo,2011,80154.0
tgo,2012,86878.0
tgo,2013,93852.0
tgo,2014,99748.0
tha,1971,160403.0
tha,1972,173327.0
tha,1973,201699.0
tha,1974,227444.0
tha,1975,246270.0
tha,1976,274103.0
tha,1977,302440.0
tha,1978,334547.0
tha,1981,553581.0
tha,1991,542523.0
tha,1999,465703.0
tha,2000,460098.0
tha,2001,466796.0
tha,2002,482331.0
tha,2004,484645.0
tha,2005,476449.0
tha,2006,466620.0
tha,2007,484879.0
tha,2008,484638.0
tha,2009,461900.0
tha,2010,415225.0
tha,2011,410275.0
tha,2012,404360.0
tha,2013,391649.0
tha,2014,393741.0
tls,2008,12827.0
tls,2009,12398.0
tls,2010,12262.0
tls,2011,13833.0
tls,2012,15766.0
tls,2013,16596.0
tls,2014,18119.0
ton,1972,1381.0
ton,1973,1407.0
ton,1974,1364.0
ton,1975,1022.0
ton,1976,1292.0
ton,1977,1292.0
ton,1978,1402.0
ton,1979,1961.0
ton,1981,1208.0
ton,1982,1254.0
ton,1983,1237.0
ton,1984,1086.0
ton,1985,1097.0
ton,1986,1115.0
ton,1990,1230.0
ton,1991,1165.0
ton,1992,1449.0
ton,1993,947.0
ton,1999,1211.0
ton,2000,1165.0
ton,2001,1187.0
ton,2004,1261.0
ton,2005,1265.0
ton,2006,1260.0
ton,2012,1244.0
ton,2013,1367.0
ton,2014,1262.0
tto,1971,12408.0
tto,1972,12595.0
tto,1973,12331.0
tto,1974,11966.0
tto,1975,11995.0
tto,1976,11603.0
tto,1977,10944.0
tto,1978,10513.0
tto,1979,9923.0
tto,1980,9608.0
tto,1981,10518.0
tto,1982,10373.0
tto,1983,10287.0
tto,1984,10535.0
tto,1985,10539.0
tto,1986,10567.0
tto,1987,11056.0
tto,1988,11522.0
tto,1989,12217.0
tto,1990,12141.0
tto,1991,12734.0
tto,1992,13002.0
tto,1993,13069.0
tto,1994,13392.0
tto,1995,13353.0
tto,1996,12652.0
tto,1997,12541.0
tto,1999,11650.0
tto,2000,11770.0
tto,2001,11315.0
tto,2003,10163.0
tto,2004,9550.0
tto,2005,9137.0
tto,2007,8856.0
tto,2008,8706.0
tto,2009,8632.0
tto,2010,8941.0
tun,1973,49806.0
tun,1976,57647.0
tun,1977,58425.0
tun,1978,57378.0
tun,1979,59466.0
tun,1980,59752.0
tun,1981,59859.0
tun,1982,64190.0
tun,1983,68885.0
tun,1984,73688.0
tun,1985,77874.0
tun,1986,82589.0
tun,1987,87941.0
tun,1988,91905.0
tun,1989,95727.0
tun,1990,94028.0
tun,1991,91764.0
tun,1992,97411.0
tun,1993,100949.0
tun,1994,111063.0
tun,1995,111460.0
tun,1996,115668.0
tun,1997,116505.0
tun,1999,113820.0
tun,2000,110851.0
tun,2001,109162.0
tun,2002,108514.0
tun,2003,108913.0
tun,2004,107938.0
tun,2005,112717.0
tun,2006,92198.0
tun,2007,81083.0
tun,2008,76371.0
tun,2009,82654.0
tun,2010,78125.0
tun,2011,77650.0
tun,2012,79230.0
tun,2013,80446.0
tun,2014,81470.0
tur,1971,318778.0
tur,1972,312325.0
tur,1973,311282.0
tur,1974,353872.0
tur,1975,378743.0
tur,1977,453676.0
tur,1978,416827.0
tur,1979,430926.0
tur,1981,448642.0
tur,1982,457114.0
tur,1984,476134.0
tur,1985,498973.0
tur,1986,550339.0
tur,1987,553130.0
tur,1988,638598.0
tur,1989,559190.0
tur,1990,573103.0
tur,1991,594401.0
tur,1992,636636.0
tur,1993,598685.0
tur,1994,602113.0
tur,1995,594325.0
tur,1999,590331.0
tur,2000,589289.0
tur,2001,603397.0
tur,2002,623562.0
tur,2003,595516.0
tur,2004,604058.0
tur,2005,632174.0
tur,2006,620567.0
tur,2007,616595.0
tur,2008,634082.0
tur,2009,644675.0
tur,2010,645372.0
tur,2011,660649.0
tur,2012,647468.0
tuv,1984,78.0
tuv,1986,62.0
tuv,1987,67.0
tuv,1990,95.0
tuv,1993,94.0
tuv,1994,119.0
tuv,2001,107.0
tuv,2002,106.0
tuv,2003,117.0
tuv,2004,127.0
tuv,2005,113.0
tuv,2006,128.0
tuv,2014,117.0
tza,1970,33929.0
tza,1971,39545.0
tza,1972,45223.0
tza,1973,51911.0
tza,1974,59466.0
tza,1975,66194.0
tza,1976,74415.0
tza,1977,82642.0
tza,1978,100646.0
tza,1979,174012.0
tza,1980,209651.0
tza,1981,230809.0
tza,1982,333492.0
tza,1983,238507.0
tza,1984,213868.0
tza,1985,212134.0
tza,1986,206518.0
tza,1987,156992.0
tza,1988,177293.0
tza,1989,226821.0
tza,1990,204831.0
tza,1991,215729.0
tza,1992,223502.0
tza,1993,241566.0
tza,1994,230464.0
tza,1995,262809.0
tza,1996,231516.0
tza,1997,267018.0
tza,1999,269102.0
tza,2000,286612.0
tza,2001,282435.0
tza,2002,290809.0
tza,2003,270028.0
tza,2004,367195.0
tza,2005,420119.0
tza,2006,570187.0
tza,2007,568340.0
tza,2008,522462.0
tza,2009,614823.0
tza,2010,555546.0
tza,2012,551026.0
tza,2013,534016.0
uga,1970,33261.0
uga,1971,36359.0
uga,1972,36359.0
uga,1974,41564.0
uga,1975,45253.0
uga,1976,49445.0
uga,1977,52641.0
uga,1978,56877.0
uga,1979,58498.0
uga,1980,62667.0
uga,1981,65632.0
uga,1982,69942.0
uga,1983,77533.0
uga,1984,87699.0
uga,1985,99880.0
uga,1986,108310.0
uga,1987,115650.0
uga,1988,118360.0
uga,1989,113957.0
uga,1990,118997.0
uga,1991,130816.0
uga,1992,119146.0
uga,1995,146337.0
uga,1996,153760.0
uga,1997,198140.0
uga,1999,302506.0
uga,2000,342025.0
uga,2001,403713.0
uga,2002,450592.0
uga,2003,475102.0
uga,2004,461180.0
uga,2005,458255.0
uga,2006,461809.0
uga,2007,473035.0
uga,2008,501390.0
uga,2009,526838.0
uga,2010,539245.0
uga,2011,540704.0
uga,2013,576893.0
umc,1979,14286617.0
umc,1980,14859738.0
umc,1981,14872496.0
umc,1982,15128334.0
umc,1983,15603085.0
umc,1984,15118337.0
umc,1985,14947332.0
umc,1986,15045386.0
umc,1987,15190862.0
umc,1988,15241571.0
umc,1989,14895746.0
umc,1990,14783544.0
umc,1991,14984865.0
umc,1992,14989183.0
umc,1993,15329689.0
umc,1994,15680796.0
umc,1995,15601561.0
umc,1996,15726672.0
umc,1997,16408262.0
umc,1998,17444432.0
umc,1999,18200496.0
umc,2000,18661606.0
umc,2001,18594916.0
umc,2002,18225428.0
umc,2003,17732022.0
umc,2004,16730810.0
umc,2005,16310542.0
umc,2006,15790858.0
umc,2007,15847583.0
umc,2008,15259802.0
umc,2009,14879166.0
umc,2010,14417955.0
umc,2011,14429244.0
umc,2012,15923626.0
umc,2013,14783144.0
umc,2014,14130913.0
ury,1974,21139.0
ury,1976,19384.0
ury,1977,19615.0
ury,1978,19430.0
ury,1979,19670.0
ury,1980,20705.0
ury,1984,25441.0
ury,1985,26780.0
ury,1986,27755.0
ury,1987,27942.0
ury,1988,27950.0
ury,1989,28282.0
ury,1990,27858.0
ury,1991,26624.0
ury,1992,26493.0
ury,1993,26148.0
ury,1994,25565.0
ury,1995,25986.0
ury,1996,26198.0
ury,1997,26586.0
ury,1999,27533.0
ury,2000,27391.0
ury,2001,27165.0
ury,2002,26357.0
ury,2003,26125.0
ury,2004,27130.0
ury,2005,27626.0
ury,2006,28640.0
ury,2007,28856.0
ury,2008,27786.0
ury,2009,26998.0
ury,2010,26794.0
ury,2013,25723.0
usa,1981,1820000.0
usa,1982,1710000.0
usa,1983,1701000.0
usa,1984,1627000.0
usa,1985,1650000.0
usa,1986,1557000.0
usa,1987,1631000.0
usa,1990,1733000.0
usa,1991,1766000.0
usa,1993,1750669.0
usa,1994,1823489.0
usa,1995,1821847.0
usa,1996,1904433.0
usa,1999,2117405.0
usa,2000,1984774.0
usa,2001,2071654.0
usa,2002,2053357.0
usa,2003,2035308.0
usa,2004,2008398.0
usa,2005,1942150.0
usa,2006,1990114.0
usa,2007,1858012.0
usa,2008,1958162.0
usa,2009,1998683.0
usa,2010,1996797.0
usa,2011,1967344.0
usa,2012,2004175.0
usa,2013,1928074.5
usa,2014,1876635.0
vct,1971,1399.0
vct,1974,1483.0
vct,1975,1537.0
vct,1976,1459.0
vct,1982,1394.0
vct,1984,1541.0
vct,1987,1507.0
vct,1994,1526.0
vct,2001,1228.0
vct,2003,1257.0
vct,2004,1213.0
vct,2007,1095.0
vct,2008,993.0
vct,2009,948.0
vct,2010,1026.0
vct,2011,1030.0
vct,2013,935.0
vct,2014,899.0
ven,1971,118778.0
ven,1972,127606.0
ven,1973,132941.0
ven,1974,141695.0
ven,1975,141504.0
ven,1976,144612.0
ven,1977,149242.0
ven,1978,152808.0
ven,1979,162596.0
ven,1980,172233.0
ven,1983,186452.0
ven,1984,185913.0
ven,1985,190928.0
ven,1986,195342.0
ven,1987,201979.0
ven,1988,207251.0
ven,1989,210691.0
ven,1991,230462.0
ven,1992,234841.0
ven,1993,236491.0
ven,1996,233751.0
ven,1997,238153.0
ven,1999,244186.0
ven,2000,254756.0
ven,2001,261969.0
ven,2002,264315.0
ven,2003,260300.0
ven,2004,265637.0
ven,2005,274765.0
ven,2006,272894.0
ven,2007,272581.0
ven,2008,267448.0
ven,2009,262990.0
ven,2010,266728.0
ven,2011,274816.0
ven,2012,274959.0
ven,2013,276701.0
ven,2014,278688.0
vir,1991,950.0
vnm,1977,544687.0
vnm,1978,534538.0
vnm,1979,555463.0
vnm,1980,591408.0
vnm,1981,587498.0
vnm,1985,593018.0
vnm,1986,551975.0
vnm,1999,864934.0
vnm,2000,873699.0
vnm,2001,928565.0
vnm,2002,904772.0
vnm,2003,890679.0
vnm,2011,652832.0
vnm,2012,693052.0
vnm,2013,633108.0
vnm,2014,691995.0
vut,1970,660.0
vut,1971,888.0
vut,1972,982.0
vut,1973,1054.0
vut,1974,1079.0
vut,1975,1127.0
vut,1976,1124.0
vut,1977,1194.0
vut,1978,1289.0
vut,1979,1408.0
vut,1980,1427.0
vut,1981,1424.0
vut,1989,1827.0
vut,1991,1937.0
vut,1992,1837.0
vut,1993,1939.0
vut,1994,2027.0
vut,1997,2031.0
vut,1999,2297.0
vut,2000,2345.0
vut,2001,2471.0
vut,2004,2730.0
vut,2005,2650.0
vut,2006,2666.0
vut,2007,2477.0
vut,2008,2727.0
vut,2009,2683.0
vut,2010,2788.0
vut,2013,2883.0
wld,1970,21321436.0
wld,1971,21893252.0
wld,1972,22933176.0
wld,1973,23789820.0
wld,1974,24590072.0
wld,1975,25681996.0
wld,1976,26671176.0
wld,1977,27555416.0
wld,1978,28408748.0
wld,1979,29587630.0
wld,1980,30950402.0
wld,1981,31716782.0
wld,1982,32565938.0
wld,1983,33393160.0
wld,1984,33843556.0
wld,1985,34014564.0
wld,1986,34222304.0
wld,1987,34818660.0
wld,1988,35428744.0
wld,1989,35630392.0
wld,1990,36008236.0
wld,1991,36933940.0
wld,1992,37610428.0
wld,1993,38435832.0
wld,1994,39470992.0
wld,1995,40017908.0
wld,1996,40534900.0
wld,1997,41592616.0
wld,1998,42995068.0
wld,1999,44200188.0
wld,2000,45373480.0
wld,2001,46033400.0
wld,2002,46508008.0
wld,2003,47302392.0
wld,2004,47369944.0
wld,2005,47878164.0
wld,2006,48569376.0
wld,2007,49328708.0
wld,2008,49468348.0
wld,2009,50080956.0
wld,2010,49631860.0
wld,2011,50440196.0
wld,2012,52821892.0
wld,2013,52061772.0
wld,2014,51740952.0
wsm,1970,1763.0
wsm,1972,1890.0
wsm,1973,2174.0
wsm,1975,2173.0
wsm,1976,2215.0
wsm,1977,2164.0
wsm,1978,2315.0
wsm,1979,2286.0
wsm,1980,2216.0
wsm,1981,2223.0
wsm,1982,2318.0
wsm,1983,2359.0
wsm,1986,2095.0
wsm,1994,1935.0
wsm,1995,2045.0
wsm,1996,2096.0
wsm,1997,2086.0
wsm,1999,2114.0
wsm,2000,1998.0
wsm,2001,2177.0
wsm,2002,2226.0
wsm,2003,2329.0
wsm,2004,2407.0
wsm,2005,2485.0
wsm,2006,2463.0
wsm,2007,2459.0
wsm,2009,2363.0
wsm,2010,2414.0
wsm,2011,2243.0
wsm,2012,2314.0
wsm,2014,2488.0
yem,1999,102963.0
yem,2001,121349.0
yem,2002,135611.0
yem,2003,144163.0
yem,2004,159014.0
yem,2005,166638.0
yem,2008,191614.0
yem,2010,197385.0
yem,2012,222790.0
yem,2013,231489.0
zaf,1989,438660.0
zaf,1990,453660.0
zaf,1991,472790.0
zaf,1994,521535.0
zaf,1999,536763.0
zaf,2000,529439.0
zaf,2001,541437.0
zaf,2002,554770.0
zaf,2003,505124.0
zaf,2004,438881.0
zaf,2005,467428.0
zaf,2006,509440.0
zaf,2007,509932.0
zaf,2008,512493.0
zaf,2009,492956.0
zaf,2010,476847.0
zaf,2011,465827.0
zaf,2012,454779.0
zaf,2013,448846.0
zaf,2014,454858.0
zmb,1970,32306.0
zmb,1971,35112.0
zmb,1972,38972.0
zmb,1973,41230.0
zmb,1974,43463.0
zmb,1975,45753.0
zmb,1976,50763.0
zmb,1977,52872.0
zmb,1978,54084.0
zmb,1979,56598.0
zmb,1980,60259.0
zmb,1981,63319.0
zmb,1982,67255.0
zmb,1983,70851.0
zmb,1984,75940.0
zmb,1985,80637.0
zmb,1986,81633.0
zmb,1988,88841.0
zmb,1994,96069.0
zmb,1995,97506.0
zmb,1999,96223.0
zmb,2000,97728.0
zmb,2001,100449.0
zmb,2002,107559.0
zmb,2004,140828.0
zmb,2005,168816.0
zmb,2006,178454.0
zmb,2007,184107.0
zmb,2008,191836.0
zmb,2009,189219.0
zmb,2010,191114.0
zmb,2012,211908.0
zmb,2013,206597.0
zwe,1970,44770.0
zwe,1971,41267.0
zwe,1972,43353.0
zwe,1973,45254.0
zwe,1974,47601.0
zwe,1975,49414.0
zwe,1976,51855.0
zwe,1977,50460.0
zwe,1978,47202.0
zwe,1979,46147.0
zwe,1981,76161.0
zwe,1982,85921.0
zwe,1983,101380.0
zwe,1984,148212.0
zwe,1985,173309.0
zwe,1986,163906.0
zwe,1987,152365.0
zwe,1988,144039.0
zwe,1989,138469.0
zwe,1990,131654.0
zwe,1991,144250.0
zwe,1992,150156.0
zwe,1995,164458.0
zwe,1996,166905.0
zwe,1999,163716.0
zwe,2001,167710.0
zwe,2002,156199.0
zwe,2003,153733.0
zwe,2012,173145.0
zwe,2013,184902.0
