country,year,se_prm_rept_fe_zs
abw,1999,5.87308979034424
abw,2000,5.64194011688232
abw,2001,7.01525020599365
abw,2002,6.44617986679077
abw,2003,7.53843021392822
abw,2004,7.32006978988647
abw,2005,7.93137979507446
abw,2006,7.67107009887695
abw,2007,7.51940011978149
abw,2008,6.42107009887695
abw,2009,5.58197021484375
abw,2010,6.47303009033203
abw,2013,7.18802976608276
abw,2014,6.30287981033325
afg,1974,25.9059791564941
afg,1977,27.5428199768066
afg,1978,27.161470413208
afg,1980,16.0567607879639
afg,1981,3.95608997344971
afg,1982,9.27772045135498
afg,1984,5.12328004837036
afg,1985,5.12290000915527
afg,1993,9.17271041870117
ago,2008,9.7014102935791
ago,2009,11.6669797897339
ago,2010,11.6909503936768
ago,2011,12.9289302825928
alb,1996,2.78807997703552
alb,2000,3.25183010101318
alb,2001,3.44913005828857
alb,2003,2.39117002487183
alb,2004,1.7766900062561
alb,2007,0.917659997940063
alb,2008,0.932399988174438
alb,2009,1.09075999259949
alb,2010,0.812780022621155
alb,2011,0.724510014057159
alb,2012,0.667119979858398
alb,2013,0.618510007858276
alb,2014,0.606850028038025
alb,2015,0.681739985942841
and,2002,0.0
and,2003,0.0
and,2004,0.0
and,2005,0.0
and,2006,0.0
and,2007,2.53589010238647
and,2008,2.1698100566864
and,2009,1.92668998241425
and,2010,2.32999992370605
and,2011,1.76730000972748
and,2012,1.85376000404358
and,2013,1.51277995109558
and,2014,0.835510015487671
and,2015,1.11845004558563
arb,1970,9.99921226501465
arb,1971,10.0892429351807
arb,1972,9.86312198638916
arb,1973,9.85224723815918
arb,1974,9.87399482727051
arb,1975,10.574743270874
arb,1976,10.829288482666
arb,1977,10.4322481155396
arb,1978,10.7407264709473
arb,1979,11.2603521347046
arb,1980,10.2348785400391
arb,1981,10.8994026184082
arb,1982,9.87812423706055
arb,1983,9.84312152862549
arb,1984,9.75936126708984
arb,1985,8.73385715484619
arb,1986,8.25029373168945
arb,1987,8.08834648132324
arb,1988,7.87104511260986
arb,1989,7.50463342666626
arb,1990,7.53401756286621
arb,1991,7.56885623931885
arb,1992,7.47241353988647
arb,1993,7.46472692489624
arb,1994,7.25513172149658
arb,1995,7.19890356063843
arb,1996,7.20181083679199
arb,1997,7.35635375976563
arb,1998,7.28575468063354
arb,1999,7.18302059173584
arb,2000,7.3212308883667
arb,2001,6.82092046737671
arb,2002,6.44523477554321
arb,2003,6.16693782806396
arb,2004,5.79212379455566
arb,2005,5.51678371429443
arb,2006,5.68656444549561
arb,2007,5.77566576004028
arb,2008,5.62212610244751
arb,2009,5.78391647338867
arb,2010,5.51301383972168
arb,2011,5.29621124267578
arb,2012,5.02206516265869
arb,2013,5.17856693267822
arb,2014,5.21381568908691
are,1974,19.3142890930176
are,1975,17.7331504821777
are,1976,13.4084596633911
are,1977,11.3796997070313
are,1978,8.75020027160645
are,1979,8.53542041778564
are,1980,7.3672399520874
are,1981,7.27628993988037
are,1982,6.20137977600098
are,1983,5.7284197807312
are,1984,5.19805002212524
are,1985,5.81386995315552
are,1986,5.21498012542725
are,1987,5.70679998397827
are,1988,5.39666986465454
are,1989,5.03565979003906
are,1990,4.51197004318237
are,1991,4.10068988800049
are,1992,3.56206011772156
are,1993,3.45445990562439
are,1994,3.81438994407654
are,1995,4.01845979690552
are,1996,3.8784499168396
are,1997,3.14134001731873
are,1998,3.28153991699219
are,1999,2.46936011314392
are,2000,2.60950994491577
are,2001,2.51231002807617
are,2002,2.42287993431091
are,2003,2.05899000167847
are,2004,1.80857002735138
are,2005,1.52611994743347
are,2006,1.65040004253387
are,2007,1.70542001724243
are,2009,1.93083000183105
are,2010,1.89932000637054
are,2011,0.0
are,2012,0.0
are,2013,0.0
are,2014,0.160589993000031
are,2015,0.1526899933815
arg,1970,10.0157403945923
arg,1971,9.06630992889404
arg,1975,7.65370988845825
arg,1976,7.11734008789063
arg,1996,4.73368978500366
arg,1997,4.33888006210327
arg,1998,4.51667022705078
arg,1999,4.87716007232666
arg,2000,5.02763986587524
arg,2001,5.17353010177612
arg,2002,4.89694976806641
arg,2003,5.14742994308472
arg,2004,5.17327976226807
arg,2005,5.14870023727416
arg,2006,5.31301021575928
arg,2007,4.86911010742188
arg,2008,4.59794998168945
arg,2009,4.11542987823486
arg,2010,3.74522995948792
arg,2011,3.29908990859985
arg,2012,2.91880989074707
arg,2013,2.28327989578247
arg,2014,1.71375000476837
arm,2002,0.0884499996900558
arm,2003,0.0788500010967255
arm,2004,0.113660000264645
arm,2005,0.149230003356934
arm,2006,0.234080001711845
arm,2007,0.174349993467331
arm,2008,0.115889996290207
arm,2009,0.210690006613731
arm,2010,0.161550000309944
arm,2011,0.122309997677803
arm,2012,0.177970007061958
arm,2014,0.212830007076263
arm,2015,0.448500007390976
atg,1975,1.02574002742767
atg,1976,1.76138997077942
atg,1992,2.53940010070801
atg,2007,1.6967099905014
atg,2008,4.11964988708496
atg,2009,6.66055011749268
atg,2010,5.66922998428345
atg,2011,4.09662008285522
atg,2012,2.40078997612
atg,2014,1.89989995956421
atg,2015,2.33081007003784
aut,1971,4.52923011779785
aut,1972,4.15332984924316
aut,1973,4.0342698097229
aut,1998,1.18122005462646
aut,1999,1.27406001091003
aut,2002,1.03424000740051
aut,2003,0.0
aut,2004,1.07380998134613
aut,2005,0.0
aut,2006,0.0
aut,2007,0.0
aut,2008,0.0
aut,2009,0.0
aut,2010,0.0
aut,2011,2.13986992835999
aut,2012,2.12737989425659
aut,2013,2.25571990013123
aut,2014,2.34598994255066
aut,2015,2.39618992805481
aze,1993,0.18716000020504
aze,1994,0.319319993257523
aze,1995,0.327479988336563
aze,1996,0.42425000667572
aze,1997,0.437689989805222
aze,1998,0.43299001455307
aze,1999,0.441870003938675
aze,2000,0.45048001408577
aze,2001,0.396930009126663
aze,2002,0.294409990310669
aze,2003,0.28600999712944
aze,2004,0.253899991512299
aze,2005,0.293119996786118
aze,2006,0.276569992303848
aze,2007,0.238049998879433
aze,2008,0.266779989004135
aze,2009,0.256150007247925
aze,2010,0.238769993185997
aze,2011,0.277500003576279
aze,2012,0.238480001688004
aze,2013,0.234809994697571
aze,2014,0.168540000915527
aze,2015,0.142700001597404
bdi,1971,20.6356601715088
bdi,1973,21.580020904541
bdi,1974,24.5011005401611
bdi,1975,22.6912803649902
bdi,1976,24.1442699432373
bdi,1977,23.012580871582
bdi,1978,25.3273792266846
bdi,1979,26.6572608947754
bdi,1980,28.3015003204346
bdi,1981,30.4331493377686
bdi,1982,28.8904304504395
bdi,1983,17.9849891662598
bdi,1984,14.3052501678467
bdi,1985,15.5748996734619
bdi,1986,17.6747798919678
bdi,1987,17.4958400726318
bdi,1988,17.8089904785156
bdi,1989,23.6788291931152
bdi,1990,21.6764793395996
bdi,1991,21.0972099304199
bdi,1992,22.5011291503906
bdi,1993,23.2579708099365
bdi,2000,26.0948009490967
bdi,2001,24.984769821167
bdi,2002,27.2305793762207
bdi,2003,26.87672996521
bdi,2004,30.5900096893311
bdi,2005,30.4072494506836
bdi,2006,28.43092918396
bdi,2007,32.4476013183594
bdi,2008,34.0313987731934
bdi,2009,32.3422203063965
bdi,2010,33.8701400756836
bdi,2011,36.4578018188477
bdi,2012,33.3405303955078
bdi,2013,29.0991802215576
bdi,2014,23.9347496032715
bdi,2015,22.2231407165527
bel,1974,23.0044803619385
bel,1975,22.9107398986816
bel,1976,22.8762092590332
bel,1977,22.517110824585
bel,1978,21.873649597168
bel,1979,21.9826507568359
bel,1980,21.389799118042
bel,1981,17.791109085083
bel,1982,17.3916397094727
bel,1983,18.895959854126
bel,1984,16.5230808258057
bel,1985,16.234489440918
bel,1986,14.974570274353
bel,1987,14.4883003234863
bel,1988,14.6324501037598
bel,1991,14.2766704559326
bel,2006,3.05423998832703
bel,2007,3.06666994094849
bel,2008,3.27374005317687
bel,2009,3.19861006736755
bel,2010,3.17225003242493
bel,2011,3.06503009796143
bel,2012,2.89846992492676
bel,2013,2.53153991699219
bel,2014,2.40585994720458
bel,2015,2.3995099067688
ben,1971,19.7335605621338
ben,1972,18.6017894744873
ben,1973,20.6898803710938
ben,1974,21.7711906433105
ben,1975,19.4712696075439
ben,1976,23.29368019104
ben,1977,23.3391304016113
ben,1978,22.8359203338623
ben,1979,19.2567501068115
ben,1980,23.5588207244873
ben,1981,21.5943202972412
ben,1982,20.3030300140381
ben,1983,24.9874496459961
ben,1984,29.9790802001953
ben,1985,27.3117809295654
ben,1986,27.857629776001
ben,1987,26.7700691223145
ben,1988,26.6200904846191
ben,1989,26.8228092193604
ben,1990,24.596170425415
ben,1991,22.1143493652344
ben,1992,23.8586502075195
ben,1993,24.4675903320313
ben,1994,24.9023990631104
ben,1995,24.7762508392333
ben,1996,25.4455699920654
ben,1997,25.1795597076416
ben,1998,23.6950702667236
ben,2000,19.822380065918
ben,2001,19.8392505645752
ben,2002,22.5239791870117
ben,2003,19.9687309265137
ben,2004,23.1627502441406
ben,2005,16.9091606140137
ben,2008,14.3298902511597
ben,2010,13.3169202804565
ben,2011,10.7517404556274
ben,2012,11.557559967041
ben,2013,11.1764097213745
ben,2014,10.6493997573853
ben,2015,10.4001598358154
bfa,1971,17.0789604187012
bfa,1972,18.6156196594238
bfa,1973,18.122989654541
bfa,1974,18.7384490966797
bfa,1975,17.981029510498
bfa,1976,18.6590099334717
bfa,1977,19.5527591705322
bfa,1978,19.5258293151855
bfa,1979,18.832820892334
bfa,1980,18.7377700805664
bfa,1981,18.0510196685791
bfa,1982,17.2153301239014
bfa,1983,17.3029308319092
bfa,1984,15.5870399475098
bfa,1985,14.7329597473145
bfa,1987,15.9018096923828
bfa,1988,16.9549694061279
bfa,1989,17.5230407714844
bfa,1990,17.7404499053955
bfa,1991,18.0075607299805
bfa,1992,17.1781196594238
bfa,1993,16.9137706756592
bfa,1994,16.3148097991943
bfa,1995,16.7800598144531
bfa,1996,16.4618091583252
bfa,1999,17.9794406890869
bfa,2000,17.2017402648926
bfa,2001,17.7393493652344
bfa,2002,17.5918407440186
bfa,2003,15.1996002197266
bfa,2004,12.8397903442383
bfa,2005,11.7349901199341
bfa,2006,11.8355302810669
bfa,2007,11.7083597183228
bfa,2008,10.4540195465088
bfa,2009,10.5840702056885
bfa,2010,10.1268796920776
bfa,2012,8.23128986358643
bfa,2013,7.50961017608643
bfa,2014,7.00581979751587
bfa,2015,5.63801002502441
bgd,1976,18.7111206054688
bgd,1981,18.0161800384521
bgd,2005,10.0912599563599
bgd,2006,10.7038898468018
bgd,2008,12.9384298324585
bgd,2009,12.6965999603271
bgd,2010,12.2798500061035
bgd,2011,9.08874034881592
bgd,2013,6.47445011138916
bgd,2015,5.29384994506836
bgr,1986,0.892889976501465
bgr,1987,1.22984004020691
bgr,1988,1.49202001094818
bgr,1989,1.78984999656677
bgr,1990,1.8610600233078
bgr,1991,2.75500011444092
bgr,1992,3.65493011474609
bgr,1993,4.39971017837524
bgr,1994,3.68803000450134
bgr,1995,3.03819990158081
bgr,1996,2.81844997406006
bgr,1997,2.65704011917114
bgr,1998,2.74495005607604
bgr,1999,2.65581011772156
bgr,2000,2.47661995887756
bgr,2001,1.95598995685577
bgr,2002,1.9938999414444
bgr,2003,1.90062999725342
bgr,2004,1.83835995197296
bgr,2005,1.98031997680664
bgr,2006,1.95829999446869
bgr,2007,1.76037001609802
bgr,2008,1.47005999088287
bgr,2009,1.24346995353699
bgr,2010,0.500779986381531
bgr,2011,0.181409999728203
bgr,2012,0.139459997415543
bgr,2013,0.103670001029968
bgr,2014,0.0727299973368645
bgr,2015,0.094879999756813
bhr,1982,10.3597002029419
bhr,1983,11.6743001937866
bhr,1984,10.2092599868774
bhr,1985,6.96267986297607
bhr,1986,8.70090007781982
bhr,1987,8.91215991973876
bhr,1988,8.69740009307861
bhr,1989,7.63612985610962
bhr,1991,4.94671010971069
bhr,1992,4.76762008666992
bhr,1993,4.60908985137939
bhr,1994,4.96936988830566
bhr,1995,4.62958002090454
bhr,1996,4.55097007751465
bhr,1998,4.91907978057861
bhr,1999,3.06926989555359
bhr,2000,3.62330007553101
bhr,2001,3.88998007774353
bhr,2002,3.16458988189697
bhr,2004,2.71285009384155
bhr,2005,2.26707005500793
bhr,2006,2.31469011306763
bhr,2011,1.07731997966766
bhr,2012,0.906949996948242
bhr,2013,0.973079979419708
bhr,2014,0.633639991283417
bhr,2015,0.642780005931854
bhs,1994,0.0
bhs,2004,0.0
bhs,2005,0.0
bhs,2006,0.0
bhs,2007,0.0
bhs,2008,0.0
bhs,2009,0.0
bhs,2010,2.66065001487732
bih,2008,0.0508299991488457
bih,2009,0.0435599982738495
bih,2010,0.0326999984681606
bih,2011,0.0337000004947186
bih,2012,0.044429998844862
bih,2013,0.0822699964046478
bih,2014,0.0983799993991852
bih,2015,0.106080003082752
blr,1993,1.25362002849579
blr,1994,1.19547998905182
blr,1995,1.20914995670319
blr,1996,1.08875000476837
blr,1997,0.938650012016296
blr,1998,0.443230003118515
blr,1999,0.524089992046356
blr,2000,0.56165999174118
blr,2001,0.371960014104843
blr,2002,0.317350000143051
blr,2003,0.2483000010252
blr,2004,0.105719998478889
blr,2005,0.0700599998235703
blr,2006,0.0531699992716312
blr,2007,0.0504599995911121
blr,2008,0.0415299981832504
blr,2011,0.0621999986469746
blr,2012,0.0292000006884336
blr,2013,0.0381000004708767
blr,2014,0.0289500001817942
blr,2015,0.0286800004541874
blz,1992,5.85196018218994
blz,1995,8.62353038787842
blz,1996,8.61200046539307
blz,1999,8.42827987670898
blz,2000,8.35184001922607
blz,2001,8.13274955749512
blz,2003,7.74641990661621
blz,2004,9.03184986114501
blz,2005,10.1488599777222
blz,2006,8.91524028778076
blz,2007,7.86133003234863
blz,2008,6.95493984222412
blz,2009,6.75379991531372
blz,2010,6.22365999221802
blz,2011,6.60084009170532
blz,2012,6.23636007308959
blz,2013,5.90086984634399
blz,2014,5.36998987197875
blz,2015,6.13655996322632
bmu,1975,5.93195009231567
bol,1990,3.10138010978699
bol,1991,5.21863985061646
bol,1992,8.5057201385498
bol,1993,3.88814997673035
bol,1994,3.9832398891449
bol,1995,4.02751016616821
bol,1996,5.68234014511108
bol,1997,5.41424989700317
bol,1998,6.22742986679077
bol,1999,2.32133007049561
bol,2000,2.97742009162903
bol,2001,2.34637999534607
bol,2002,1.9308899641037
bol,2003,1.49550998210907
bol,2004,0.262439996004105
bol,2005,0.226459994912148
bol,2006,0.665870010852814
bol,2007,2.22418999671936
bol,2008,0.70508998632431
bol,2009,5.41516017913818
bol,2010,5.11011981964111
bol,2011,5.73993015289307
bol,2012,5.32852983474731
bol,2013,4.80546998977661
bol,2014,3.4889600276947
bol,2015,1.65360999107361
bra,1971,15.3096704483032
bra,1972,17.0826091766357
bra,1973,16.9379405975342
bra,1974,16.3020401000977
bra,1999,24.0441207885742
brn,1972,6.51472997665405
brn,1973,6.82500982284546
brn,1974,7.58102989196777
brn,1975,7.45601987838745
brn,1976,5.87716007232666
brn,1977,7.22402000427246
brn,1978,7.97658014297485
brn,1979,12.3644695281982
brn,1980,10.0206203460693
brn,1981,10.1792402267456
brn,1982,12.148980140686
brn,1983,6.71141004562378
brn,1984,8.58397960662842
brn,1986,6.35035991668701
brn,2004,1.41447997093201
brn,2005,1.38908004760742
brn,2006,0.928120017051697
brn,2007,1.28666996955872
brn,2008,0.467379987239838
brn,2009,0.302450001239777
brn,2010,0.0655599981546402
brn,2011,0.0944600030779839
brn,2012,0.0483400002121925
brn,2013,0.0587100014090538
brn,2014,0.105080001056194
brn,2015,0.0765699967741966
btn,1978,4.58141994476318
btn,1979,11.9545497894287
btn,1993,17.8047695159912
btn,1994,18.3536491394043
btn,1998,12.0670099258423
btn,1999,11.6688299179077
btn,2000,12.5426797866821
btn,2001,12.259349822998
btn,2006,6.08993005752563
btn,2008,5.53409004211426
btn,2009,5.74467992782593
btn,2010,5.53950977325439
btn,2011,4.90079021453857
btn,2012,4.51492977142333
btn,2013,5.01731014251708
btn,2014,5.31759023666382
btn,2016,5.04231977462769
bwa,1970,0.363200008869171
bwa,1971,0.707000017166138
bwa,1972,0.93843001127243
bwa,1979,2.69464993476868
bwa,1981,4.69856977462769
bwa,1982,5.74237012863159
bwa,1983,6.56735992431641
bwa,1984,5.93408012390137
bwa,1985,5.66454982757568
bwa,1986,4.82952976226807
bwa,1987,5.3511300086975
bwa,1988,4.91020011901855
bwa,1989,4.92988014221191
bwa,1990,4.670569896698
bwa,1991,4.36482000350952
bwa,1992,2.99802994728088
bwa,1993,2.23100996017456
bwa,1994,2.26111006736755
bwa,1995,2.85045003890991
bwa,1996,2.6777400970459
bwa,1998,2.50454998016357
bwa,1999,2.73275995254517
bwa,2000,2.64695000648499
bwa,2001,2.50734996795654
bwa,2002,2.43109011650085
bwa,2003,3.53787994384766
bwa,2004,3.49341988563538
bwa,2005,3.60654997825623
bwa,2006,3.57192993164063
bwa,2007,3.81130003929138
bwa,2008,3.57609009742737
bwa,2009,3.5823700428009
bwa,2012,3.52203989028931
bwa,2013,3.25023007392883
caf,1971,29.5722103118896
caf,1972,28.5466403961182
caf,1973,26.1545295715332
caf,1974,33.5176086425781
caf,1975,32.761890411377
caf,1976,34.3288803100586
caf,1978,31.6330890655518
caf,1981,36.6306304931641
caf,1982,35.4506607055664
caf,1983,36.8910217285156
caf,1986,28.7158603668213
caf,1987,34.7049903869629
caf,1988,34.1185417175292
caf,1989,33.7138404846191
caf,1990,32.0310897827148
caf,1991,31.51828956604
caf,1992,36.5127105712891
caf,2004,30.7794094085693
caf,2005,29.5921306610107
caf,2006,28.1808795928955
caf,2008,26.02467918396
caf,2009,23.7490196228027
caf,2010,20.8708000183105
caf,2011,23.4597606658936
caf,2012,22.911340713501
can,1998,0.0
can,1999,0.0
can,2000,0.0
can,2006,0.0
can,2008,0.0
can,2009,0.0
can,2010,0.0
can,2011,0.0
che,1977,2.14790010452271
che,1978,2.03662991523743
che,1979,1.97642004489899
che,1980,1.69635999202728
che,1981,1.71719002723694
che,1982,1.83738994598389
che,1983,1.82070994377136
che,1984,1.9050999879837
che,1985,1.78650999069214
che,1986,1.73070001602173
che,1987,1.74176001548767
che,1988,1.72946000099182
che,1989,1.62480998039246
che,1990,1.55253994464874
che,1991,1.44517004489899
che,1992,1.53849995136261
che,1993,1.42120003700256
che,1994,1.41375005245209
che,1996,1.39331996440887
che,1999,1.57879996299744
che,2000,1.46178996562958
che,2001,1.53391003608704
che,2002,1.57560002803802
che,2003,1.52233004570007
che,2005,1.46730005741119
che,2006,1.31254994869232
che,2007,1.32676005363464
che,2008,1.37170994281769
che,2009,1.33801996707916
che,2010,1.34414005279541
che,2011,1.24832999706268
che,2012,1.23210000991821
che,2013,1.11664998531342
che,2014,1.12100994586945
che,2015,0.95048999786377
chl,1970,10.6164798736572
chl,1971,7.95048999786377
chl,1972,8.47696018218994
chl,1973,11.2779598236084
chl,1974,11.5021896362305
chl,1975,11.9138298034668
chl,1976,11.7253704071045
chl,1977,13.7347002029419
chl,1983,6.78374004364014
chl,1997,3.36408996582031
chl,2011,3.67979001998901
chl,2012,3.51157999038696
chl,2013,3.35811996459961
chl,2014,3.02898001670837
chl,2015,2.66528010368347
chn,1996,1.954509973526
chn,1997,1.46879005432129
chn,2002,0.238529995083809
chn,2003,0.278719991445541
chn,2006,0.237320005893707
chn,2007,0.218520000576973
chn,2008,0.257189989089966
chn,2009,0.247749999165535
chn,2010,0.246020004153252
chn,2011,0.232820004224777
chn,2012,0.143910005688667
chn,2013,0.130620002746582
chn,2014,0.0721300020813942
chn,2015,0.0193199999630451
civ,1973,24.3662204742432
civ,1974,25.276969909668
civ,1976,20.5878200531006
civ,1977,18.9086799621582
civ,1978,17.4433498382568
civ,1979,18.3837699890137
civ,1980,18.8911991119385
civ,1981,19.547700881958
civ,1983,24.4509601593018
civ,1984,25.6246700286865
civ,1985,27.9294109344482
civ,1986,27.9782791137695
civ,1987,26.7101898193359
civ,1988,25.4526901245117
civ,1989,25.9133491516113
civ,1990,25.9876308441162
civ,1991,24.0712509155273
civ,1992,27.4063301086426
civ,1993,26.3449096679688
civ,1994,24.9334506988525
civ,1995,26.6145000457764
civ,1996,23.5158195495605
civ,1997,24.6623001098633
civ,1998,25.0669498443604
civ,1999,24.8510494232178
civ,2000,25.2067604064941
civ,2001,23.6468696594238
civ,2002,22.1305198669434
civ,2003,17.7305908203125
civ,2006,23.6920394897461
civ,2007,20.679500579834
civ,2009,18.6982803344727
civ,2012,19.2047595977783
civ,2013,19.70166015625
civ,2014,14.6418895721436
civ,2015,14.8318395614624
cmr,1973,25.2985591888428
cmr,1974,26.1649608612061
cmr,1975,25.908109664917
cmr,1976,24.4876003265381
cmr,1977,25.2706508636475
cmr,1978,17.6042308807373
cmr,1979,26.7033996582031
cmr,1980,28.6445503234863
cmr,1981,29.4708194732666
cmr,1982,29.6319599151611
cmr,1983,29.2072296142578
cmr,1984,28.9547996520996
cmr,1985,28.0822906494141
cmr,1986,28.4790802001953
cmr,1987,28.452709197998
cmr,1988,28.3042907714844
cmr,1990,27.3703498840332
cmr,1991,27.9327392578125
cmr,1999,26.4708499908447
cmr,2000,26.470890045166
cmr,2002,24.3561401367188
cmr,2003,25.1148700714111
cmr,2004,24.480770111084
cmr,2005,25.7690505981445
cmr,2006,23.1177597045898
cmr,2007,19.2403202056885
cmr,2008,16.0416393280029
cmr,2009,14.111120223999
cmr,2010,12.6854000091553
cmr,2011,12.0342597961426
cmr,2012,11.860650062561
cmr,2014,12.189920425415
cmr,2015,11.7277097702026
cod,1971,23.3695201873779
cod,1972,23.4727993011475
cod,1976,21.7094192504883
cod,1977,21.48703956604
cod,1978,21.3021507263184
cod,1980,19.3428497314453
cod,1981,19.1506195068359
cod,1982,19.0192203521729
cod,1983,18.8243808746338
cod,1984,18.6270694732666
cod,1988,21.0663299560547
cod,1991,17.9974803924561
cod,1992,11.975830078125
cod,1993,10.583589553833
cod,1994,20.8631191253662
cod,1999,11.9093704223633
cod,2002,16.70631980896
cod,2007,16.3789806365967
cod,2008,15.5506200790405
cod,2009,15.5506200790405
cod,2010,14.2628803253174
cod,2011,12.5893898010254
cod,2012,11.4252395629883
cod,2013,10.9276399612427
cog,1971,33.092830657959
cog,1972,31.7489700317383
cog,1973,29.8840808868408
cog,1974,30.5537796020508
cog,1975,28.5269794464111
cog,1976,25.5582904815674
cog,1977,24.3476104736328
cog,1978,24.3495502471924
cog,1979,24.5721206665039
cog,1980,24.5183696746826
cog,1981,25.223560333252
cog,1982,27.2870998382568
cog,1983,29.7560195922852
cog,1984,31.0604591369629
cog,1985,32.0179710388184
cog,1986,29.0640602111816
cog,1987,30.8322906494141
cog,1988,29.5848903656006
cog,1989,34.3141403198242
cog,1990,38.0933609008789
cog,1992,31.7292003631592
cog,1993,33.9504318237305
cog,1994,34.6825294494629
cog,1996,31.6037998199463
cog,1999,38.1929512023926
cog,2000,26.7244300842285
cog,2001,24.0401592254639
cog,2002,24.3877506256104
cog,2003,27.178689956665
cog,2004,23.9094009399414
cog,2005,23.115650177002
cog,2006,20.9369106292725
cog,2007,20.9369201660156
cog,2008,21.5231704711914
cog,2009,18.7410202026367
cog,2010,18.4195194244385
cog,2011,17.9667491912842
cog,2012,20.9214496612549
col,1970,15.9715404510498
col,1971,15.5019903182983
col,1972,15.3779096603394
col,1973,14.2338104248047
col,1974,14.1938800811768
col,1982,12.4318895339966
col,1983,11.9740400314331
col,1984,11.5884895324707
col,1985,16.7509593963623
col,1986,16.750509262085
col,1987,11.5885696411133
col,1988,11.5885896682739
col,1989,11.5885896682739
col,1990,8.54181003570557
col,1991,10.7028398513794
col,1992,8.19882011413574
col,1993,6.86133003234863
col,1994,8.83117008209229
col,1995,8.90277004241943
col,1996,6.62021017074584
col,1998,4.20875978469849
col,1999,4.63279008865356
col,2000,4.74828004837036
col,2001,5.88659000396729
col,2002,5.88599014282227
col,2004,3.83576989173889
col,2005,3.58519005775452
col,2006,3.28232002258301
col,2007,3.21700000762939
col,2008,2.95779991149902
col,2009,1.67806005477905
col,2010,1.64702999591827
col,2011,2.08622002601624
col,2012,2.14083003997803
col,2013,1.16879999637604
col,2014,1.24768996238708
col,2015,1.87100005149841
com,1986,33.1432991027832
com,1987,36.4319610595703
com,1992,38.9787483215332
com,1999,24.3486595153809
com,2000,25.2890701293945
com,2002,26.2650108337402
com,2003,26.27366065979
com,2004,25.8837299346924
com,2007,24.6799793243408
com,2008,24.4019908905029
com,2013,19.3473491668701
com,2014,16.5114898681641
cpv,1979,26.7818298339844
cpv,1980,31.6626205444336
cpv,1981,28.508129119873
cpv,1982,28.7612209320068
cpv,1983,27.9714298248291
cpv,1984,28.4530601501465
cpv,1985,28.5955295562744
cpv,1986,26.0646305084229
cpv,1987,25.6353893280029
cpv,1988,22.2635402679443
cpv,1990,17.4499092102051
cpv,1994,15.6119604110718
cpv,1998,7.70995998382568
cpv,2000,10.3039102554321
cpv,2001,10.2465896606445
cpv,2002,11.427339553833
cpv,2003,11.2319898605347
cpv,2004,10.813099861145
cpv,2005,12.7531299591064
cpv,2006,11.4894599914551
cpv,2007,10.3481798171997
cpv,2008,9.08275032043457
cpv,2009,8.26047039031982
cpv,2010,7.52381992340088
cpv,2011,8.1056604385376
cpv,2012,7.70228004455566
cpv,2013,7.48588991165161
cpv,2014,6.7017297744751
cpv,2015,5.99993991851807
cri,1970,9.11804008483887
cri,1971,9.70396995544434
cri,1972,5.10638999938965
cri,1973,1.61624002456665
cri,1974,2.11862993240356
cri,1975,5.33281993865967
cri,1976,6.27098989486694
cri,1977,6.10519981384277
cri,1978,6.6203498840332
cri,1979,6.49034976959229
cri,1980,7.09669017791748
cri,1981,6.23891019821166
cri,1982,6.12477016448975
cri,1985,9.23622989654541
cri,1986,8.39190006256104
cri,1987,8.90050983428955
cri,1988,9.24314022064208
cri,1989,9.69552993774414
cri,1991,9.21428966522217
cri,1992,8.32765007019042
cri,1993,6.9299201965332
cri,1994,7.52631998062134
cri,1995,7.99220991134644
cri,1996,9.89612007141113
cri,1999,7.60163021087646
cri,2000,7.00180006027222
cri,2001,6.87209987640381
cri,2002,6.33062982559204
cri,2004,5.7770299911499
cri,2005,5.98332977294922
cri,2006,6.1176700592041
cri,2007,6.33386993408203
cri,2008,5.82290983200073
cri,2009,4.21858978271484
cri,2010,4.73678016662598
cri,2011,4.5290699005127
cri,2012,4.48485994338989
cri,2013,4.13219022750854
cri,2014,3.48110008239746
cri,2015,2.56966996192932
cub,1971,19.1948204040527
cub,1972,25.698579788208
cub,1999,0.968710005283356
cub,2000,0.770730018615723
cub,2001,0.707910001277924
cub,2002,0.618099987506866
cub,2003,0.533079981803894
cub,2004,0.383899986743927
cub,2005,0.298940002918243
cub,2006,0.293480008840561
cub,2007,0.271010011434555
cub,2008,0.362830013036728
cub,2009,0.236059993505478
cub,2010,0.264079988002777
cub,2011,0.343690007925034
cub,2012,0.356610000133514
cub,2013,0.33720999956131
cub,2014,0.402090013027191
cub,2015,0.375110000371933
cym,1999,0.132190003991127
cym,2000,0.23309999704361
cym,2001,0.172409996390343
cym,2002,0.0565899983048439
cym,2004,0.0
cym,2005,0.0637800022959709
cym,2006,0.0
cym,2007,0.0
cym,2008,0.0
cym,2011,0.0
cym,2012,0.0
cym,2013,0.0509399995207787
cyp,1971,2.00166988372803
cyp,1972,1.88531005382538
cyp,1973,1.51988995075226
cyp,1974,1.21359002590179
cyp,1975,0.864090025424957
cyp,1976,0.821529984474182
cyp,1977,0.866879999637604
cyp,1978,0.610530018806458
cyp,1979,0.550859987735748
cyp,1980,0.790989995002747
cyp,1981,0.462399989366531
cyp,1982,0.354739993810654
cyp,1983,0.320580005645752
cyp,1984,0.49592998623848
cyp,1985,0.366140007972717
cyp,1986,0.352999985218048
cyp,1987,0.282999992370605
cyp,1988,0.280030012130737
cyp,1989,0.262529999017715
cyp,1990,0.214520007371902
cyp,1991,0.29297000169754
cyp,1992,0.281870007514954
cyp,1993,0.203170001506805
cyp,1994,0.258210003376007
cyp,1995,0.226349994540215
cyp,1996,0.253809988498688
cyp,1997,0.251989990472794
cyp,1999,0.299089998006821
cyp,2000,0.26758998632431
cyp,2001,0.288089990615845
cyp,2002,0.213029995560646
cyp,2003,0.183160006999969
cyp,2004,0.245900005102158
cyp,2005,0.214709997177124
cyp,2006,0.171759992837906
cyp,2007,0.174480006098747
cyp,2008,0.39724001288414
cyp,2009,0.162269994616508
cyp,2010,0.105159997940063
cyp,2011,0.128910005092621
cyp,2012,0.117559999227524
cyp,2013,0.121729999780655
cyp,2014,0.116729997098446
cyp,2015,0.0998099967837334
cze,1993,0.953369975090027
cze,1994,0.838819980621338
cze,1996,1.01574003696442
cze,1999,0.956019997596741
cze,2000,0.961380004882813
cze,2001,0.920059978961945
cze,2002,0.892880022525787
cze,2003,0.931060016155243
cze,2004,0.91948002576828
cze,2005,0.863179981708527
cze,2006,0.573189973831177
cze,2007,0.498970001935959
cze,2008,0.525099992752075
cze,2009,0.526960015296936
cze,2010,0.558579981327057
cze,2011,0.493759989738464
cze,2012,0.461239993572235
cze,2013,0.470679998397827
cze,2014,0.484769999980927
cze,2015,0.455350011587143
deu,1993,1.55182003974915
deu,1994,1.56837999820709
deu,1995,1.51905000209808
deu,1996,1.48909997940063
deu,1997,1.5113400220871
deu,1999,1.51735997200012
deu,2000,1.54499995708466
deu,2001,1.56106996536255
deu,2002,1.58998000621796
deu,2003,1.51160001754761
deu,2004,1.34246003627777
deu,2005,1.27067005634308
deu,2006,1.06729996204376
deu,2007,1.07779002189636
deu,2008,1.19877994060516
deu,2009,0.510460019111633
deu,2010,0.470889985561371
deu,2011,0.461719989776611
deu,2012,0.445389986038208
deu,2013,0.401279985904694
deu,2014,0.381500005722046
deu,2015,0.385419994592667
dji,1972,10.4510898590088
dji,1973,11.9658098220825
dji,1974,18.6395492553711
dji,1975,16.8706302642822
dji,1976,15.8487300872803
dji,1999,16.1452407836914
dji,2000,13.5744600296021
dji,2001,14.4257001876831
dji,2002,11.2513103485107
dji,2005,9.12230968475342
dji,2006,7.2095799446106
dji,2007,8.80776977539063
dji,2008,10.4879903793335
dji,2011,9.36180973052979
dji,2012,9.12788963317871
dji,2014,9.25944995880126
dji,2015,8.76543998718262
dji,2016,8.25191974639893
dma,1988,4.5890998840332
dma,1999,3.49037003517151
dma,2000,2.90084004402161
dma,2001,2.02824997901917
dma,2002,3.01421999931335
dma,2003,2.53314995765686
dma,2004,2.9128201007843
dma,2005,2.32810997962952
dma,2006,3.04358005523682
dma,2007,2.74529004096985
dma,2008,2.37978005409241
dma,2009,3.78579998016357
dma,2010,2.81265997886658
dma,2011,5.02876996994019
dma,2012,3.81505990028381
dma,2013,3.03585004806519
dma,2014,1.8763200044632
dma,2015,1.66393995285034
dnk,1971,0.0
dnk,1972,0.0
dnk,1973,0.0
dnk,1974,0.0
dnk,1980,0.0
dnk,1981,0.0
dnk,1982,0.0
dnk,1983,0.0
dnk,1984,0.0
dnk,1985,0.0
dnk,1986,0.0
dnk,1987,0.0
dnk,1988,0.0
dnk,1989,0.0
dnk,1990,0.0
dnk,1991,0.0
dnk,1992,0.0
dnk,1993,0.0
dnk,1998,0.0
dnk,1999,0.0
dnk,2000,0.0
dnk,2001,0.0
dnk,2002,0.0
dnk,2004,0.0
dnk,2005,0.0
dnk,2006,0.0
dnk,2007,0.0
dnk,2008,0.0
dnk,2009,0.139980003237724
dnk,2010,0.135040000081062
dnk,2011,0.294400006532669
dnk,2012,0.502640008926392
dnk,2013,0.747659981250763
dnk,2014,0.752120018005371
dnk,2015,0.800759971141815
dom,1971,20.7892398834229
dom,1999,3.73582005500793
dom,2000,3.9459400177002
dom,2002,4.63927984237671
dom,2004,5.53338003158569
dom,2005,6.19820022583008
dom,2006,5.54628992080688
dom,2007,4.12193012237549
dom,2009,4.71484994888306
dom,2010,4.95325994491577
dom,2011,5.18744993209839
dom,2012,5.29726982116699
dom,2013,4.87839984893799
dom,2014,4.54026985168457
dom,2015,3.04788994789124
dza,1972,12.6578702926636
dza,1973,12.4481201171875
dza,1974,12.1296100616455
dza,1975,11.9939498901367
dza,1976,12.0480804443359
dza,1977,11.6816596984863
dza,1978,12.3292102813721
dza,1979,12.2737302780151
dza,1980,11.6566095352173
dza,1981,10.6643695831299
dza,1982,8.83705043792725
dza,1983,5.7414698600769
dza,1984,5.91535997390747
dza,1985,5.7326397895813
dza,1986,5.98296022415161
dza,1987,5.38994979858398
dza,1988,5.16091012954712
dza,1989,5.04612016677856
dza,1990,5.11563014984131
dza,1991,6.8569598197937
dza,1992,6.64397001266479
dza,1993,6.77660989761353
dza,1994,6.68456983566284
dza,1995,6.44590997695923
dza,1996,6.38663005828857
dza,1997,7.62979984283447
dza,1999,8.74969005584717
dza,2000,10.8418302536011
dza,2001,9.51105022430419
dza,2002,9.00714015960693
dza,2003,8.84465026855469
dza,2004,8.86425971984863
dza,2005,8.4140100479126
dza,2006,9.1907901763916
dza,2007,8.23075008392333
dza,2008,5.86496019363403
dza,2009,8.351149559021
dza,2010,5.59483003616333
dza,2011,5.48979997634888
dza,2012,4.87112998962402
dza,2013,5.02184009552002
dza,2014,5.03795003890991
dza,2015,4.55410003662109
eap,1995,3.24059772491455
eap,1996,3.09528088569641
eap,1997,2.58519887924194
eap,1998,2.37037324905396
eap,1999,2.19146800041199
eap,2000,1.94656610488892
eap,2001,1.78071844577789
eap,2002,1.46885585784912
eap,2003,1.33234226703644
eap,2004,1.18629026412964
eap,2005,1.40900826454163
eap,2006,1.300950050354
eap,2007,1.23366737365723
eap,2008,1.13237142562866
eap,2009,1.19501113891602
eap,2010,1.13712322711945
eap,2011,1.09565496444702
eap,2012,0.918881833553314
eap,2013,0.66938591003418
eap,2014,0.643604278564453
eas,1995,3.03030490875244
eas,1996,2.90570855140686
eas,1997,2.4395010471344
eas,1998,2.24529647827148
eas,1999,2.08289980888367
eas,2000,1.84950804710388
eas,2001,1.6894143819809
eas,2002,1.39824879169464
eas,2003,1.26960849761963
eas,2004,1.137286901474
eas,2005,1.34114170074463
eas,2006,1.23855006694794
eas,2007,1.17546987533569
eas,2008,1.08144950866699
eas,2009,1.13888466358185
eas,2010,1.0836740732193
eas,2011,1.04943478107452
eas,2012,0.885361075401306
eas,2013,0.657050967216492
eas,2014,0.637839376926422
eca,1989,2.87432861328125
eca,1992,2.74424910545349
eca,1993,2.53849935531616
eca,1994,2.32468247413635
eca,1995,2.25400686264038
eca,1996,2.09142422676086
eca,1997,2.00659346580505
eca,1998,1.95741438865662
eca,1999,1.90002083778381
eca,2000,1.82715117931366
eca,2001,1.733766913414
eca,2002,1.63069987297058
eca,2003,1.51590478420258
eca,2004,1.41673374176025
eca,2005,1.23164069652557
eca,2006,1.22778248786926
eca,2007,1.08053541183472
eca,2008,1.03161478042603
eca,2009,0.907233834266663
eca,2010,0.866477906703949
eca,2011,1.04687356948853
eca,2012,1.0071542263031
eca,2013,0.826496422290802
eca,2014,0.793354034423828
ecs,1983,3.37760186195374
ecs,1984,3.29901027679443
ecs,1985,3.30024790763855
ecs,1986,3.1766185760498
ecs,1987,3.20359992980957
ecs,1988,2.97270131111145
ecs,1989,3.00659322738647
ecs,1990,2.8901686668396
ecs,1991,2.87406826019287
ecs,1992,2.86030244827271
ecs,1993,2.72842073440552
ecs,1994,2.55800533294678
ecs,1995,2.50549411773682
ecs,1996,2.39858460426331
ecs,1997,2.33600187301636
ecs,1998,2.29429578781128
ecs,1999,2.25093984603882
ecs,2000,2.21195125579834
ecs,2001,2.15825319290161
ecs,2002,2.09704542160034
ecs,2003,2.02939701080322
ecs,2004,1.95937025547028
ecs,2005,1.92956840991974
ecs,2006,1.93614792823792
ecs,2007,1.88419651985168
ecs,2008,1.92839419841766
ecs,2009,1.83814764022827
ecs,2010,1.80870079994202
ecs,2011,1.89864575862885
ecs,2012,1.85920214653015
ecs,2013,1.77625477313995
ecs,2014,1.7419912815094
ecu,1971,11.9534702301025
ecu,1972,13.6512804031372
ecu,1973,11.5630903244019
ecu,1974,12.9178495407104
ecu,1975,10.3076696395874
ecu,1976,11.0012702941895
ecu,1977,10.8037900924683
ecu,1978,11.9884395599365
ecu,1979,12.5370101928711
ecu,1980,10.3684396743774
ecu,1987,6.39537000656128
ecu,1988,5.69981002807617
ecu,1994,4.35554981231689
ecu,1995,4.1230001449585
ecu,1996,3.66824007034302
ecu,1997,3.0742199420929
ecu,1999,2.42098999023438
ecu,2000,2.1154899597168
ecu,2001,1.95309996604919
ecu,2002,1.79811000823975
ecu,2003,1.78389000892639
ecu,2004,1.78386998176575
ecu,2005,1.42094004154205
ecu,2006,1.28895998001099
ecu,2007,1.21737003326416
ecu,2010,2.44408011436462
ecu,2011,1.90927004814148
ecu,2012,1.91551005840302
ecu,2013,1.56363999843597
ecu,2014,1.93238997459412
ecu,2015,1.02277994155884
ecu,2016,0.710399985313416
egy,1971,5.74050998687744
egy,1972,4.94809007644653
egy,1973,4.79306983947754
egy,1974,4.68346977233887
egy,1975,7.07253980636597
egy,1976,6.8622899055481
egy,1977,5.10561990737915
egy,1978,8.27980041503906
egy,1979,11.2490701675415
egy,1980,6.68448019027709
egy,1981,8.81591033935547
egy,1982,2.45313000679016
egy,1983,1.70843994617462
egy,1986,1.33413994312286
egy,1997,5.28514003753662
egy,1999,4.64948987960815
egy,2000,4.16350984573364
egy,2001,3.92507004737854
egy,2002,3.82037997245789
egy,2003,3.33226990699768
egy,2004,2.85111999511719
egy,2005,1.53989994525909
egy,2009,2.44807004928589
egy,2010,2.50902009010315
egy,2011,2.54608988761902
egy,2012,2.43259000778198
egy,2013,2.39246988296509
emu,1970,7.03329133987427
emu,1971,7.0319242477417
emu,1972,6.55137920379639
emu,1973,6.38875722885132
emu,1974,6.18601703643799
emu,1975,5.91387939453125
emu,1976,5.36697959899902
emu,1977,5.31572675704956
emu,1978,5.44023323059082
emu,1979,5.34871530532837
emu,1980,5.40376806259155
emu,1981,5.301344871521
emu,1982,5.38314723968506
emu,1983,5.34019660949707
emu,1984,5.06993055343628
emu,1985,5.000563621521
emu,1986,4.91638517379761
emu,1987,5.08386611938477
emu,1988,4.57949733734131
emu,1989,4.71415328979492
emu,1990,4.62497282028198
emu,1991,4.60072612762451
emu,1992,4.56885480880737
emu,1993,4.48912525177002
emu,1994,4.29163551330566
emu,1995,4.24095678329468
emu,1996,4.11029720306396
emu,1997,4.05221796035767
emu,1998,3.98212361335754
emu,1999,3.92438101768494
emu,2000,3.89914679527283
emu,2001,3.86837887763977
emu,2002,3.82640480995178
emu,2003,3.75514197349548
emu,2004,3.71197366714478
emu,2005,3.7867259979248
emu,2006,3.76472735404968
emu,2007,3.73522806167603
emu,2008,3.82303285598755
emu,2009,3.72104239463806
emu,2010,3.71277499198914
emu,2011,3.75021195411682
emu,2012,3.70981359481812
emu,2013,3.67809391021729
emu,2014,3.65536212921143
eri,1992,35.9341583251953
eri,1993,29.0227794647217
eri,1994,22.7812309265137
eri,1995,21.3037490844727
eri,1996,22.8185596466064
eri,1997,22.3436908721924
eri,1999,20.823579788208
eri,2000,19.9766807556152
eri,2001,14.059009552002
eri,2002,17.9485397338867
eri,2003,21.4713191986083
eri,2004,22.2224903106689
eri,2005,12.7028198242188
eri,2006,13.5030097961426
eri,2007,14.1764898300171
eri,2008,14.6457195281982
eri,2009,12.7923698425293
eri,2010,13.2961397171021
eri,2011,10.2784004211426
eri,2012,11.5175399780273
eri,2013,10.1977996826172
eri,2015,5.45407009124756
esp,1981,5.52495002746582
esp,1982,5.88686990737915
esp,1983,5.36610984802246
esp,1984,4.3558201789856
esp,1985,4.07713985443115
esp,1986,4.100830078125
esp,1987,5.29576015472412
esp,1988,2.47407007217407
esp,1989,3.53393006324768
esp,1990,3.27157998085022
esp,1993,3.29814004898071
esp,1994,2.12623000144959
esp,2004,1.85426998138428
esp,2006,2.35392999649048
esp,2007,2.06065011024475
esp,2008,2.2644898891449
esp,2009,2.30427002906799
esp,2010,2.27714991569519
esp,2011,2.15209007263184
esp,2012,2.0506899356842
esp,2013,2.10357999801636
esp,2014,2.00083994865417
esp,2015,1.89716994762421
est,1993,1.48713004589081
est,1994,1.38243997097015
est,1995,1.73204004764557
est,1996,1.47623002529144
est,1998,1.40891003608704
est,1999,1.35259997844696
est,2000,1.22151005268097
est,2001,1.25492000579834
est,2002,1.01780998706818
est,2003,1.12975001335144
est,2004,0.972769975662231
est,2005,0.800040006637573
est,2006,1.2688399553299
est,2007,0.0
est,2008,0.455689996480942
est,2009,0.349629998207092
est,2010,0.335070013999939
est,2011,0.349500000476837
est,2012,0.373939990997314
est,2013,0.367460012435913
est,2014,0.330799996852875
est,2015,0.320250004529953
eth,1982,13.9913501739502
eth,1987,11.2296199798584
eth,1988,12.6644296646118
eth,1989,10.7574596405029
eth,1994,10.378809928894
eth,1995,10.7962503433228
eth,1996,11.6978998184204
eth,1997,8.99748992919922
eth,1999,11.8597202301025
eth,2000,13.0049600601196
eth,2001,13.496319770813
eth,2002,14.1284999847412
eth,2003,14.9166202545166
eth,2004,10.8872404098511
eth,2005,6.47637987136841
eth,2006,5.92773008346558
eth,2007,5.4210901260376
eth,2008,5.08126020431519
eth,2009,6.09927988052368
eth,2010,8.3370304107666
eth,2011,10.0468902587891
eth,2012,8.30428981781006
eth,2014,7.42550992965698
eth,2015,6.69266986846924
euu,1970,4.64435148239136
euu,1971,4.6753716468811
euu,1972,4.38935327529907
euu,1973,4.2986044883728
euu,1980,3.63151812553406
euu,1981,3.56049847602844
euu,1982,3.59609842300415
euu,1983,3.54583048820496
euu,1984,3.35276246070862
euu,1985,3.29391050338745
euu,1986,3.22158622741699
euu,1987,3.31612229347229
euu,1988,2.99379968643188
euu,1989,3.06792521476746
euu,1990,2.99996876716614
euu,1991,3.01279640197754
euu,1992,3.01097750663757
euu,1993,2.98279738426209
euu,1994,2.8308892250061
euu,1995,2.7758104801178
euu,1996,2.70325994491577
euu,1997,2.66358852386475
euu,1998,2.63327527046204
euu,1999,2.60344266891479
euu,2000,2.58498430252075
euu,2001,2.54992008209229
euu,2002,2.52327823638916
euu,2003,2.47957324981689
euu,2004,2.43981623649597
euu,2005,2.51014280319214
euu,2006,2.51688027381897
euu,2007,2.50138401985168
euu,2008,2.61883091926575
euu,2009,2.54990148544312
euu,2010,2.53113579750061
euu,2011,2.55253052711487
euu,2012,2.51007628440857
euu,2013,2.47562170028687
euu,2014,2.44622921943665
fin,1987,0.225109994411469
fin,1988,0.239820003509521
fin,1989,0.229719996452332
fin,1990,0.241359993815422
fin,1991,0.227500006556511
fin,1992,0.232769995927811
fin,1993,0.201529994606972
fin,1994,0.241710007190704
fin,1995,0.22180999815464
fin,1996,0.242119997739792
fin,1998,0.23445999622345
fin,1999,0.28532001376152
fin,2000,0.303739994764328
fin,2001,0.348749995231628
fin,2002,0.313349992036819
fin,2003,0.327479988336563
fin,2004,0.328319996595383
fin,2005,0.286760002374649
fin,2006,0.309139996767044
fin,2007,0.302700012922287
fin,2008,0.279439985752106
fin,2009,0.279740005731583
fin,2010,0.282550007104874
fin,2011,0.280449986457825
fin,2012,0.262070000171661
fin,2013,0.225679993629456
fin,2014,0.216169998049736
fin,2015,0.203810006380081
fji,1980,3.7731499671936
fji,1981,3.09562993049622
fji,1983,3.07779002189636
fji,1984,2.55137991905212
fji,1985,2.25404000282288
fji,1986,2.19982004165649
fji,2004,1.54148995876312
fji,2006,1.73108005523682
fji,2008,1.3411899805069
fji,2009,0.804979979991913
fji,2011,0.464370012283325
fji,2012,0.363640010356903
fji,2013,0.1649100035429
fji,2015,0.384130001068115
fra,1971,12.0332899093628
fra,1972,11.0811996459961
gab,1972,32.2159690856934
gab,1973,36.3232917785645
gab,1975,34.1452713012695
gab,1976,34.3917388916016
gab,1977,33.6761512756348
gab,1978,34.7537307739258
gab,1979,35.4677200317383
gab,1980,34.7859992980957
gab,1981,34.3686408996582
gab,1982,33.6486587524414
gab,1983,32.6477813720703
gab,1984,32.6585083007813
gab,1987,35.1224594116211
gab,1988,31.2283592224121
gab,1989,33.2607307434082
gab,1992,33.6088218688965
gab,1995,37.6076583862305
gab,1996,34.1990585327148
gab,1997,33.7685089111328
gab,2001,35.5603981018066
gab,2002,33.6638107299805
gab,2003,33.6628608703613
gbr,1991,0.0
gbr,1998,0.0
gbr,1999,0.0
gbr,2000,0.0
gbr,2001,0.0
gbr,2002,0.0
gbr,2003,0.0
gbr,2004,0.0
gbr,2005,0.0
gbr,2006,0.0
gbr,2007,0.0
gbr,2008,0.0
gbr,2009,0.0
gbr,2010,0.0
gbr,2011,0.0
gbr,2012,0.0
geo,2000,0.200200006365776
geo,2001,0.107189998030663
geo,2002,0.168329998850822
geo,2003,0.138490006327629
geo,2004,0.158329993486404
geo,2005,0.197769999504089
geo,2008,0.213819995522499
geo,2009,0.0748599991202354
geo,2010,0.0918499976396561
geo,2012,0.199190005660057
geo,2013,0.191440001130104
geo,2014,0.160160005092621
geo,2015,0.214540004730225
gha,1971,3.52920007705688
gha,1972,3.9246199131012
gha,1974,3.55018997192383
gha,1975,2.88243007659912
gha,1976,2.40922999382019
gha,1977,2.47232007980347
gha,1978,2.38216996192932
gha,1979,2.17236995697021
gha,1980,2.38758993148804
gha,1981,2.17547988891602
gha,1991,2.95236992835999
gha,1992,3.07782006263733
gha,1999,4.10517978668213
gha,2000,4.84457015991211
gha,2001,5.04368019104004
gha,2002,6.68761014938354
gha,2003,5.63675022125244
gha,2004,5.55923986434937
gha,2005,5.67618989944458
gha,2006,5.95634984970093
gha,2007,5.98683977127075
gha,2008,5.97126007080078
gha,2009,4.00103998184204
gha,2011,2.62715005874634
gha,2012,2.72705006599426
gha,2013,2.51803994178772
gha,2014,2.56581997871399
gha,2015,1.91065001487732
gin,1984,21.7880306243896
gin,1985,26.2684192657471
gin,1986,30.8210697174072
gin,1987,27.3228607177734
gin,1988,26.7522792816162
gin,1989,23.8960800170898
gin,1990,20.7268295288086
gin,1991,22.9664096832275
gin,1992,22.4724102020264
gin,1993,23.4016304016113
gin,1994,24.3599891662598
gin,1995,24.0847606658936
gin,1998,29.2422790527344
gin,1999,27.3555507659912
gin,2000,23.926700592041
gin,2001,21.2109699249268
gin,2002,22.3752002716064
gin,2003,21.0130195617676
gin,2004,10.9979000091553
gin,2005,8.96356010437012
gin,2006,9.04994010925292
gin,2007,9.5086498260498
gin,2008,15.8966302871704
gin,2009,16.1090793609619
gin,2010,17.6422691345215
gin,2011,14.4890003204346
gin,2012,14.4267101287842
gin,2013,14.3003902435303
gin,2014,13.8950996398926
gmb,1971,10.9503002166748
gmb,1972,9.80537986755371
gmb,1973,11.3014802932739
gmb,1974,10.2936697006226
gmb,1975,9.49623012542725
gmb,1976,9.76863956451416
gmb,1977,25.1487598419189
gmb,1978,18.3406105041504
gmb,1979,15.876350402832
gmb,1980,13.2034597396851
gmb,1981,12.0123100280762
gmb,1982,11.1991395950317
gmb,1983,12.0571804046631
gmb,1984,9.97519016265869
gmb,1985,11.4661502838135
gmb,1986,14.9185600280762
gmb,1987,14.8773498535156
gmb,1989,16.2088298797607
gmb,1992,15.0528898239136
gmb,1993,13.5064697265625
gmb,1994,13.2741403579712
gmb,1995,12.9021596908569
gmb,1996,12.3695802688599
gmb,1997,13.324649810791
gmb,1999,9.08998012542725
gmb,2000,8.45341014862061
gmb,2001,8.73978042602539
gmb,2002,8.74925994873047
gmb,2003,5.79395008087158
gmb,2004,5.27201986312866
gmb,2005,6.66055011749268
gmb,2006,5.28943014144897
gmb,2007,5.53626012802124
gmb,2008,5.31793022155762
gmb,2010,3.06963992118835
gmb,2011,2.8738899230957
gmb,2012,2.53948998451233
gmb,2013,3.33084011077881
gmb,2014,3.60281991958618
gmb,2015,5.02861022949219
gmb,2016,4.8286600112915
gnb,1979,32.6630401611328
gnb,1980,34.7934494018555
gnb,1981,30.1838703155518
gnb,1982,30.9105491638184
gnb,1983,32.7246589660645
gnb,1984,31.3180694580078
gnb,1987,42.0705909729004
gnb,1988,42.6127014160156
gnb,2000,24.4673595428467
gnb,2010,14.2202301025391
gnq,1994,24.7043895721436
gnq,2000,14.9473695755005
gnq,2005,25.5898399353027
gnq,2008,21.711109161377
gnq,2009,21.2761707305908
gnq,2010,18.9743099212646
gnq,2011,18.1444396972656
gnq,2012,17.0404396057129
gnq,2015,17.4397602081299
grc,1971,4.31122016906738
grc,1972,4.2216100692749
grc,1973,3.77030992507935
grc,1974,3.3019700050354
grc,1975,2.91387009620667
grc,1976,2.35113000869751
grc,1977,1.91784000396729
grc,1978,1.5516300201416
grc,1979,1.20487999916077
grc,1980,1.03308999538422
grc,1981,0.872640013694763
grc,1982,0.097120001912117
grc,1983,0.162019997835159
grc,1984,0.160840004682541
grc,1985,0.128150001168251
grc,1986,0.138870000839233
grc,1987,0.136930003762245
grc,1988,0.0443999990820885
grc,1989,0.0280200000852346
grc,1992,0.102200001478195
grc,1998,0.0
grc,1999,0.0
grc,2000,0.0
grc,2001,0.0
grc,2002,0.0
grc,2003,0.0
grc,2004,0.0
grc,2005,0.499289989471436
grc,2006,0.536050021648406
grc,2007,0.572480022907257
grc,2010,0.608489990234375
grc,2011,0.689909994602203
grc,2012,0.624239981174468
grc,2013,0.668770015239716
grc,2014,0.631070017814636
grd,1978,9.83152008056641
grd,1979,9.68945026397705
grd,1983,4.4869499206543
grd,1984,4.86212015151978
grd,1999,1.98547005653381
grd,2002,2.2137598991394
grd,2003,2.05246996879578
grd,2004,2.05434989929199
grd,2005,3.00027990341187
grd,2007,1.74836003780364
grd,2008,1.96464002132416
grd,2009,2.13903999328613
grd,2010,2.41850996017456
grd,2013,0.275040000677109
grd,2014,1.94959998130798
gtm,1976,13.9833602905273
gtm,1977,15.0185499191284
gtm,1978,14.80006980896
gtm,1993,15.6072998046875
gtm,1996,14.4997997283936
gtm,1999,13.756139755249
gtm,2000,13.7236604690552
gtm,2001,13.516300201416
gtm,2002,13.3666496276855
gtm,2004,12.5238304138184
gtm,2005,11.603759765625
gtm,2006,11.143630027771
gtm,2007,11.1585998535156
gtm,2008,11.3345699310303
gtm,2009,9.92090034484863
gtm,2010,11.0832595825195
gtm,2011,10.1440496444702
gtm,2012,11.0829496383666
gtm,2013,9.47854042053223
gtm,2014,8.25111961364746
gtm,2015,8.62042999267578
guy,1971,8.51299953460693
guy,1972,10.2087602615356
guy,1973,9.12351989746094
guy,1974,9.62648963928223
guy,1976,7.76223993301392
guy,1977,6.91199016571045
guy,1978,7.12127017974854
guy,1979,6.09561014175415
guy,1980,7.7149600982666
guy,1982,3.43306994438171
guy,1987,5.38890981674194
guy,1992,5.04949998855591
guy,1993,3.94749999046326
guy,1995,3.416100025177
guy,1996,3.27429008483887
guy,1997,3.49028992652893
guy,1999,2.53480005264282
guy,2000,2.08731007575989
guy,2001,1.31017005443572
guy,2003,1.1498099565506
guy,2005,0.753459990024567
guy,2006,0.983290016651154
guy,2007,1.20339000225067
guy,2008,0.623780012130737
guy,2009,0.746179997920989
guy,2010,0.425599992275238
hic,1970,3.59540009498596
hic,1971,3.55665993690491
hic,1972,3.39998006820679
hic,1973,3.38617992401123
hic,1974,3.32007002830505
hic,1975,3.200119972229
hic,1976,2.93264007568359
hic,1977,2.96964001655579
hic,1978,2.98523998260498
hic,1979,2.88474988937378
hic,1980,2.84887003898621
hic,1981,2.72130990028381
hic,1982,2.67955994606018
hic,1983,2.6321198940277
hic,1984,2.51984000205994
hic,1985,2.49721002578735
hic,1986,2.46083998680115
hic,1987,2.50295996665955
hic,1988,2.32763004302979
hic,1989,2.34926009178162
hic,1990,2.29152011871338
hic,1991,2.28980994224548
hic,1992,2.2667601108551
hic,1993,2.23380994796753
hic,1994,2.1768798828125
hic,1995,2.15398001670837
hic,1996,2.12674999237061
hic,1997,2.09219002723694
hic,1998,2.09261989593506
hic,1999,2.10298991203308
hic,2000,2.07554006576538
hic,2001,2.03927993774414
hic,2002,2.0040500164032
hic,2003,1.94237005710602
hic,2004,1.92357003688812
hic,2005,1.94042003154755
hic,2006,1.86647999286652
hic,2007,1.84320998191833
hic,2008,1.91067004203796
hic,2009,1.82026994228363
hic,2010,1.76777994632721
hic,2011,1.75396001338959
hic,2012,1.70087003707886
hic,2013,1.74630999565125
hic,2014,1.74925994873047
hic,2015,1.73774003982544
hkg,1980,3.28690004348755
hkg,1981,2.73267006874084
hkg,1982,2.80313992500305
hkg,1983,2.37019991874695
hkg,1984,1.88664996623993
hkg,1985,1.64402997493744
hkg,2003,0.696550011634827
hkg,2004,0.671890020370483
hkg,2005,0.714250028133392
hkg,2006,0.73308002948761
hkg,2007,0.738820016384125
hkg,2008,0.741859972476959
hkg,2009,0.711049973964691
hkg,2010,0.65760999917984
hkg,2011,0.61396998167038
hkg,2012,0.604579985141754
hkg,2013,0.520070016384125
hkg,2014,0.511770009994507
hkg,2015,0.483480006456375
hnd,1980,15.3795099258423
hnd,1982,15.0718097686768
hnd,1984,14.534930229187
hnd,1991,13.169059753418
hnd,1992,12.6254997253418
hnd,1993,10.6033697128296
hnd,1994,10.8929100036621
hnd,1995,9.98803997039794
hnd,1996,9.21786022186279
hnd,1997,8.77723026275635
hnd,1998,8.7152099609375
hnd,2003,7.67787981033325
hnd,2004,7.48021984100342
hnd,2005,8.10025024414063
hnd,2006,6.45408010482788
hnd,2007,7.05638980865479
hnd,2008,4.53371000289916
hnd,2009,3.62785005569458
hnd,2010,0.656480014324188
hnd,2011,3.85557007789612
hnd,2012,3.91696000099182
hnd,2013,3.41901993751526
hnd,2014,1.34690999984741
hnd,2015,0.661130011081696
hpc,1970,15.5566425323486
hpc,1971,15.4845485687256
hpc,1972,15.5083513259888
hpc,1973,15.4884967803955
hpc,1974,15.4102449417114
hpc,1975,14.7506532669067
hpc,1976,14.4235782623291
hpc,1977,14.5245714187622
hpc,1978,13.776237487793
hpc,1979,14.0552959442139
hpc,1980,14.1866397857666
hpc,1981,14.1331033706665
hpc,1982,14.3874750137329
hpc,1983,14.2848663330078
hpc,1984,14.1492099761963
hpc,1985,14.4029483795166
hpc,1986,14.6275806427002
hpc,1987,15.1550741195679
hpc,1988,15.4548139572144
hpc,1989,15.3189916610718
hpc,1990,15.0606622695923
hpc,1991,14.9093456268311
hpc,1992,14.2888870239258
hpc,1993,14.0966577529907
hpc,1994,15.1143064498901
hpc,1995,15.0465202331543
hpc,1996,14.4944829940796
hpc,1997,14.1118726730347
hpc,1998,14.4210653305054
hpc,1999,13.9984006881714
hpc,2000,14.1288261413574
hpc,2001,14.3022775650024
hpc,2002,14.3932323455811
hpc,2003,14.1464948654175
hpc,2004,13.9189357757568
hpc,2005,12.186619758606
hpc,2006,11.648886680603
hpc,2007,11.4091033935547
hpc,2008,10.7054691314697
hpc,2009,10.7033576965332
hpc,2010,10.6490793228149
hpc,2011,10.6299772262573
hpc,2012,10.3897523880005
hpc,2013,10.2768564224243
hpc,2014,9.83406639099121
hrv,1995,0.474020004272461
hrv,1996,0.44115999341011
hrv,1997,0.373270004987717
hrv,1998,0.408089995384216
hrv,1999,0.349290013313293
hrv,2000,0.384909987449646
hrv,2001,0.419050008058548
hrv,2002,0.330309987068176
hrv,2003,0.319130003452301
hrv,2005,0.216499999165535
hrv,2006,0.248080000281334
hrv,2007,0.238030001521111
hrv,2008,0.270150005817413
hrv,2009,0.17229999601841
hrv,2010,0.239250004291534
hrv,2011,0.201879993081093
hrv,2012,0.224959999322891
hrv,2013,0.165270000696182
hrv,2014,0.176789999008179
hrv,2015,0.131610006093979
hti,1979,22.4969692230225
hti,1980,20.7251205444336
hti,1982,15.1228399276733
hti,1983,12.9694795608521
hti,1985,13.2868299484253
hti,1986,9.48274993896484
hti,1997,16.6474304199219
hun,1976,2.52994990348816
hun,1977,2.08698010444641
hun,1978,1.89795994758606
hun,1979,1.84317994117737
hun,1980,2.07757997512817
hun,1981,2.01142001152039
hun,1982,2.19226002693176
hun,1983,2.24531006813049
hun,1984,2.38850998878479
hun,1985,2.54394006729126
hun,1986,2.61389994621277
hun,1987,2.66687989234924
hun,1988,2.72969007492065
hun,1989,2.48063993453979
hun,1990,2.4516499042511
hun,1997,2.19137001037598
hun,1998,2.29122996330261
hun,1999,2.17687010765076
hun,2000,2.11665010452271
hun,2001,2.03442001342773
hun,2002,2.02140998840332
hun,2003,1.95081996917725
hun,2004,1.74714004993439
hun,2005,1.67183995246887
hun,2006,1.54874002933502
hun,2007,1.57317996025085
hun,2008,1.41736996173859
hun,2009,1.57400000095367
hun,2010,1.53491997718811
hun,2011,1.45237994194031
hun,2012,1.51796996593475
hun,2013,1.44381999969482
hun,2014,1.40201997756958
hun,2015,1.37916004657745
idn,1995,7.38841009140015
idn,1996,7.01438999176025
idn,1997,6.00172996520996
idn,1999,6.21780014038086
idn,2000,6.21180009841919
idn,2001,6.15778017044067
idn,2002,5.11409997940063
idn,2003,3.76842999458312
idn,2004,2.89003992080688
idn,2005,3.58127999305725
idn,2006,2.86538004875183
idn,2007,2.65042996406555
idn,2008,2.19343996047974
idn,2009,2.71614003181458
idn,2010,2.71795010566711
idn,2011,2.91999006271362
idn,2012,2.71602010726929
idn,2013,1.80939996242523
idn,2014,2.03958010673523
idn,2015,1.14938998222351
ind,1971,21.3669204711914
ind,1974,17.4969501495361
ind,1987,3.91069006919861
ind,1988,3.95456004142761
ind,1995,3.93390011787415
ind,1999,4.07475996017456
ind,2000,4.07988023757935
ind,2001,3.70900988578796
ind,2002,3.66447997093201
ind,2003,3.60951995849609
ind,2007,3.48471999168395
ind,2008,3.51304006576538
ind,2011,4.95487022399902
ind,2012,2.59609007835388
ind,2013,2.12174010276794
ind,2014,1.29181003570557
irl,1992,1.86387002468109
irl,1993,1.71253001689911
irl,1994,1.71473002433777
irl,1995,1.57656002044678
irl,1998,1.69142997264862
irl,1999,1.62118995189667
irl,2000,1.52306997776031
irl,2001,1.3825900554657
irl,2002,1.09303998947144
irl,2003,0.939589977264404
irl,2004,0.873329997062683
irl,2005,0.720610022544861
irl,2006,0.680069983005524
irl,2007,0.644670009613037
irl,2008,0.626079976558685
irl,2009,0.58025997877121
irl,2010,0.589049994945526
irl,2011,0.579490005970001
irl,2013,0.460409998893738
irl,2014,0.371239989995956
irl,2015,0.384579986333847
irn,1971,6.53689002990723
irn,1987,9.42735004425049
irn,1988,8.529709815979
irn,1989,8.61009979248047
irn,1990,8.13292026519775
irn,1991,7.79728984832764
irn,1992,7.97038984298706
irn,1993,5.86118984222412
irn,1994,5.72576999664307
irn,1995,5.55664014816284
irn,1997,4.25007009506226
irn,2000,4.06120014190674
irn,2001,3.66191005706787
irn,2002,3.28340005874634
irn,2003,2.85665988922119
irn,2004,1.88951003551483
irn,2005,1.84108996391296
irn,2006,1.93927001953125
irn,2007,2.23943996429443
irn,2008,1.73889005184174
irn,2009,1.30955994129181
irn,2010,1.30747997760773
irn,2011,1.24960005283356
irn,2012,1.17741000652313
irn,2013,0.905430018901824
irn,2014,1.0140700340271
irn,2015,1.10471999645233
irq,1971,21.6044101715088
irq,1972,20.2606792449951
irq,1973,18.7447490692139
irq,1974,18.1164207458496
irq,1975,17.0321502685547
irq,1976,15.1894903182983
irq,1977,13.4153203964233
irq,1978,10.4361400604248
irq,1980,9.03065013885498
irq,1983,21.2676105499268
irq,1985,20.9249000549316
irq,1986,18.9403495788574
irq,1987,18.6328907012939
irq,1988,17.2181301116943
irq,1989,16.3421401977539
irq,1993,13.477089881897
irq,1999,9.22157955169678
irq,2000,9.97299957275391
irq,2004,6.52623987197875
irq,2007,14.3521900177002
isl,1998,0.0
isl,1999,0.0
isl,2000,0.0
isl,2001,0.0
isl,2002,0.0
isl,2003,0.0
isl,2004,0.0
isl,2005,0.0
isl,2006,0.0
isl,2007,0.0
isl,2008,0.0
isl,2009,0.0
isl,2010,0.0
isl,2011,0.0
isl,2012,0.0
isr,2002,0.91636997461319
isr,2003,0.998520016670227
isr,2004,0.860960006713867
isr,2005,0.813570022583008
isr,2006,0.792490005493164
isr,2007,0.727389991283417
isr,2008,0.827480018138886
isr,2009,0.827170014381409
isr,2010,0.787209987640381
isr,2011,0.867749989032745
isr,2012,0.813809990882874
isr,2013,1.01754999160767
isr,2014,0.885879993438721
isr,2015,0.630930006504059
ita,1971,6.22976016998291
ita,1972,5.02631998062134
ita,1973,4.45442008972167
ita,1974,3.74758005142212
ita,1975,3.18762993812561
ita,1976,2.4056499004364
ita,1977,2.03571009635925
ita,1978,1.73962998390198
ita,1979,1.06149995326996
ita,1980,1.03743994235992
ita,1981,0.951749980449677
ita,1982,1.06765997409821
ita,1983,0.965939998626708
ita,1984,0.906629979610443
ita,1985,0.793950021266937
ita,1986,0.764699995517731
ita,1987,0.733330011367798
ita,1988,0.720210015773773
ita,1989,0.685360014438629
ita,1990,0.649999976158142
ita,1992,0.520659983158112
ita,1994,0.450410008430481
ita,1995,0.402410000562668
ita,1996,0.319819986820221
ita,1997,0.324829995632172
ita,1999,0.27963000535965
ita,2000,0.320850014686584
ita,2001,0.247840002179146
ita,2002,0.216199994087219
ita,2003,0.228300005197525
ita,2004,0.225260004401207
ita,2005,0.165270000696182
ita,2006,0.157030001282692
ita,2007,0.1788399964571
ita,2008,0.199180006980896
ita,2009,0.230780005455017
ita,2010,0.214430004358292
ita,2011,0.242559999227524
ita,2012,0.21713000535965
ita,2013,0.161160007119179
ita,2014,0.288170009851456
ita,2015,0.288560003042221
jam,1976,3.18427991867065
jam,1977,3.89297008514404
jam,1979,3.79191994667053
jam,1980,3.59059000015259
jam,1981,3.56522989273071
jam,1984,4.41479015350342
jam,1987,3.49290990829468
jam,1988,3.12676000595093
jam,1989,2.91518998146057
jam,1990,3.38162994384766
jam,1991,3.68736004829407
jam,1993,3.21690988540649
jam,2000,3.51253008842468
jam,2001,3.66380000114441
jam,2002,2.56845998764038
jam,2004,2.2688000202179
jam,2005,2.26851010322571
jam,2007,2.49913001060486
jam,2008,2.63533997535706
jam,2009,3.02523994445801
jam,2010,2.57398009300232
jam,2011,2.60419011116028
jam,2012,2.59658002853394
jam,2013,2.67090010643005
jam,2014,2.81265997886658
jam,2015,2.5176100730896
jor,1972,6.07391977310181
jor,1973,6.53049993515015
jor,1974,4.01172018051147
jor,1975,4.55663013458252
jor,1976,4.29946994781494
jor,1977,4.88098001480103
jor,1978,4.17676019668579
jor,1979,2.79751992225647
jor,1980,3.03561997413635
jor,1981,3.25656008720398
jor,1982,4.0130500793457
jor,1983,4.46647977828979
jor,1984,4.51889991760254
jor,1985,4.51771020889282
jor,1987,6.15648984909058
jor,1988,6.2225399017334
jor,1989,5.31748008728027
jor,1990,4.7946400642395
jor,1991,4.38043022155762
jor,1992,4.57916021347046
jor,1993,3.81541991233826
jor,1994,1.51794004440308
jor,1996,1.16930997371674
jor,1999,0.736180007457733
jor,2000,0.641529977321625
jor,2002,0.50466001033783
jor,2003,0.445309996604919
jor,2004,1.06231999397278
jor,2005,0.986329972743988
jor,2006,1.13821005821228
jor,2007,1.09380996227264
jor,2008,0.600189983844757
jor,2011,0.556230008602142
jor,2012,0.540820002555847
jor,2013,0.487630009651184
jor,2014,0.435730010271072
jpn,1971,0.0
jpn,1972,0.0
jpn,1973,0.0
jpn,1974,0.0
jpn,1975,0.0
jpn,1976,0.0
jpn,1977,0.0
jpn,1978,0.0
jpn,1979,0.0
jpn,1980,0.0
jpn,1981,0.0
jpn,1982,0.0
jpn,1983,0.0
jpn,1984,0.0
jpn,1985,0.0
jpn,1986,0.0
jpn,1987,0.0
jpn,1988,0.0
jpn,1989,0.0
jpn,1990,0.0
jpn,1991,0.0
jpn,1992,0.0
jpn,1994,0.0
jpn,1998,0.0
jpn,1999,0.0
jpn,2000,0.0
jpn,2001,0.0
jpn,2002,0.0
jpn,2003,0.0
jpn,2004,0.0
jpn,2005,0.0
jpn,2006,0.0
jpn,2007,0.0
jpn,2008,0.0
jpn,2009,0.0
jpn,2010,0.0
jpn,2011,0.0
jpn,2012,0.0
kaz,1994,0.930800020694733
kaz,1995,0.276059985160828
kaz,2000,0.131889998912811
kaz,2001,0.131769999861717
kaz,2002,0.104510001838207
kaz,2003,0.0829700008034706
kaz,2004,0.0757300034165382
kaz,2005,0.0658600032329559
kaz,2006,0.0673400014638901
kaz,2007,0.0559899993240833
kaz,2008,0.0548800006508827
kaz,2009,0.0536400005221367
kaz,2010,0.0407899990677834
kaz,2011,0.0363599993288517
kaz,2012,0.032090000808239
kaz,2014,0.0312700010836124
kaz,2015,0.0166500005871058
kaz,2016,0.0356499999761581
ken,1970,3.71895003318787
ken,1971,3.80822992324829
ken,1972,4.0164999961853
ken,1973,4.17858982086182
ken,1977,5.72925996780396
ken,1978,6.1832799911499
ken,1980,12.8697004318237
ken,1981,13.1316795349121
ken,2004,5.64296007156372
ken,2005,5.62720012664795
ken,2009,0.0
ken,2014,4.74198007583618
ken,2015,3.18067002296448
kgz,1999,0.218579992651939
kgz,2000,0.170210003852844
kgz,2001,0.156450003385544
kgz,2002,0.101450003683567
kgz,2003,0.0869399979710579
kgz,2004,0.061099998652935
kgz,2005,0.0533999986946583
kgz,2006,0.0846299976110458
kgz,2007,0.0729100033640862
kgz,2008,0.0717599987983704
kgz,2009,0.0599200017750263
kgz,2010,0.0561599992215633
kgz,2011,0.0550800003111362
kgz,2012,0.0445800013840199
kgz,2013,0.0342600010335445
kgz,2014,0.0226300004869699
kgz,2015,0.0403899997472763
khm,1995,29.8310508728027
khm,1997,26.4477806091309
khm,1998,25.4363803863525
khm,1999,23.120719909668
khm,2001,15.5394897460938
khm,2002,8.87090015411376
khm,2003,9.2565803527832
khm,2004,9.40221977233887
khm,2005,12.4054002761841
khm,2006,11.3932504653931
khm,2007,10.3667402267456
khm,2008,10.1310796737671
khm,2009,8.95221042633057
khm,2010,7.75134992599487
khm,2011,6.30040979385375
khm,2012,5.05684995651245
khm,2013,4.32386016845703
khm,2014,4.36591005325317
khm,2015,4.28159999847412
kir,1977,4.43579006195068
kir,1978,5.16375017166138
kir,1979,6.49290990829468
kir,1980,4.42929983139038
kir,1981,4.08379983901978
kir,1982,3.91381001472473
kir,1983,2.65315008163452
kir,1984,2.85845994949341
kir,1985,2.82263994216919
kir,1986,1.77380001544952
kir,1987,1.16654002666473
kir,1988,2.09393000602722
kir,1989,1.0854400396347
kir,1990,0.589200019836426
kir,1991,0.559899985790253
kir,1992,0.164470002055168
kir,1993,0.322299987077713
kir,1994,0.132880002260208
kir,1995,0.369749993085861
kir,1996,0.222719997167587
kir,1997,0.185609996318817
kir,2014,1.66166996955872
kna,1992,0.0
kna,2007,1.01573002338409
kna,2008,0.930230021476746
kna,2009,1.86945998668671
kna,2010,1.19740998744965
kna,2011,1.77435994148254
kna,2012,0.762830018997192
kna,2013,0.821430027484894
kna,2014,1.27225995063782
kna,2015,1.32304000854492
kor,1971,0.0675200000405312
kor,1972,0.0957899987697601
kor,1973,0.0
kor,1974,0.0
kor,1975,0.0
kor,1976,0.0
kor,1977,0.0
kor,1978,0.0
kor,1979,0.0
kor,1980,0.0
kor,1981,0.0
kor,1982,0.0
kor,1983,0.0
kor,1984,0.0
kor,1985,0.0
kor,1986,0.0
kor,1987,0.0
kor,1988,0.0
kor,1989,0.0
kor,1990,0.0
kor,1991,0.0
kor,1992,0.0
kor,1993,0.0
kor,1997,0.0
kor,1998,0.0
kor,1999,0.0
kor,2000,0.0
kor,2001,0.0
kor,2002,0.0
kor,2003,0.0
kor,2004,0.0092700002714991
kor,2005,0.0
kor,2006,0.0
kor,2007,0.0
kor,2008,0.0
kor,2009,0.0
kor,2010,0.0
kor,2011,0.0
kor,2012,0.0
kor,2013,0.0
kor,2014,0.0
kor,2015,0.0
kwt,1971,12.1646699905396
kwt,1972,14.2076196670532
kwt,1973,12.6505699157715
kwt,1974,12.2963895797729
kwt,1975,12.3669996261597
kwt,1976,11.0217399597168
kwt,1977,8.47375965118408
kwt,1978,7.66462993621826
kwt,1979,6.39444017410278
kwt,1980,7.10481977462769
kwt,1981,6.29201984405518
kwt,1982,5.48368978500366
kwt,1983,5.30681991577148
kwt,1984,6.14403009414673
kwt,1985,5.76236009597778
kwt,1986,5.16067981719971
kwt,1987,5.05262994766235
kwt,1992,3.09173989295959
kwt,1994,4.08277988433838
kwt,1995,3.72133994102478
kwt,1996,3.51455998420715
kwt,1997,3.41369009017944
kwt,1999,3.14247989654541
kwt,2000,3.3230299949646
kwt,2001,3.05752992630005
kwt,2002,2.67199993133545
kwt,2003,2.26372003555298
kwt,2004,2.16321992874146
kwt,2005,1.69147002696991
kwt,2007,0.711109995841979
kwt,2010,0.583369970321655
kwt,2011,0.662989974021912
kwt,2012,0.54255998134613
kwt,2013,0.511879980564117
lac,1970,13.5501499176025
lac,1971,13.3747425079346
lac,1972,14.006462097168
lac,1973,13.5990180969238
lac,1974,13.2701644897461
lac,1975,13.1285438537598
lac,1976,12.8448266983032
lac,1977,12.4760847091675
lac,1978,12.8635931015015
lac,1979,12.885781288147
lac,1980,12.9790353775024
lac,1981,12.8810358047485
lac,1982,12.8122253417969
lac,1983,12.6705121994019
lac,1984,12.6601810455322
lac,1985,13.041675567627
lac,1986,13.4526071548462
lac,1987,12.5366687774658
lac,1988,12.683669090271
lac,1989,12.6922082901001
lac,1990,12.7496538162231
lac,1991,12.7705097198486
lac,1992,12.6055316925049
lac,1993,12.4164266586304
lac,1994,12.3822364807129
lac,1995,12.9800910949707
lac,1996,12.6308603286743
lac,1997,11.9270515441895
lac,1998,12.1283102035522
lac,1999,11.5950632095337
lac,2000,11.3704566955566
lac,2001,11.1953058242798
lac,2002,11.1017589569092
lac,2003,10.6892919540405
lac,2004,10.5358066558838
lac,2005,10.4104127883911
lac,2006,10.1226062774658
lac,2007,9.78369808197021
lac,2008,9.52513790130615
lac,2009,9.29133605957031
lac,2010,9.09865951538086
lac,2011,8.9675350189209
lac,2012,8.8798131942749
lac,2013,8.71932411193848
lac,2014,8.31490802764893
lao,1992,29.2974395751953
lao,1993,25.9836807250977
lao,1994,24.7415904998779
lao,1996,22.3488903045654
lao,1997,21.8208293914795
lao,1998,19.862829208374
lao,1999,19.120979309082
lao,2000,17.9759101867676
lao,2001,18.2177505493164
lao,2002,18.5254993438721
lao,2003,18.3687496185303
lao,2004,18.4966793060303
lao,2005,17.868709564209
lao,2006,16.9630699157715
lao,2007,15.7493495941162
lao,2008,15.6199102401733
lao,2009,14.5170297622681
lao,2010,12.7748603820801
lao,2011,11.3183498382568
lao,2012,9.57738018035889
lao,2013,8.08265972137451
lao,2014,6.09274005889893
lao,2015,5.18038988113403
lbn,1998,10.6526203155518
lbn,1999,7.63732004165649
lbn,2000,7.19608020782471
lbn,2001,5.8139500617981
lbn,2002,7.1895899772644
lbn,2003,7.89481019973755
lbn,2004,8.74862957000732
lbn,2005,8.37355041503906
lbn,2006,7.81941986083984
lbn,2007,7.65916013717651
lbn,2008,7.23429012298583
lbn,2009,7.29214000701904
lbn,2010,6.72946977615356
lbn,2011,7.71217012405396
lbn,2012,6.80311012268066
lbn,2013,6.63844013214111
lbn,2014,6.85620021820068
lbn,2015,6.24469995498657
lbr,1978,12.3620796203613
lbr,2006,6.88496017456055
lbr,2008,6.89529991149902
lbr,2009,5.78375005722046
lbr,2011,6.87670993804932
lbr,2014,6.49346017837524
lbr,2015,4.61415004730225
lby,1972,3.80177998542786
lby,1973,6.06519985198975
lby,1974,5.4571099281311
lby,1975,7.59380006790161
lby,1976,15.8518295288086
lby,1977,13.720760345459
lby,1978,13.5913200378418
lby,1979,12.9855298995972
lby,1980,12.6609497070313
lby,1981,7.97724008560181
lby,1983,8.26922035217285
lca,1983,3.2206699848175
lca,1984,6.3275899887085
lca,1990,0.0
lca,1991,0.0
lca,1993,0.0
lca,2002,1.96544003486633
lca,2003,1.93570005893707
lca,2004,2.10251998901367
lca,2005,2.55784010887145
lca,2006,1.72383999824524
lca,2007,1.99700999259949
lca,2008,1.63375997543335
lca,2009,1.64680004119873
lca,2010,2.14421010017395
lca,2011,1.63723003864288
lca,2012,1.80322003364563
lca,2013,1.90875005722046
lca,2014,1.65989995002747
lcn,1970,13.2367849349976
lcn,1971,12.963662147522
lcn,1972,13.5810394287109
lcn,1973,13.3288078308105
lcn,1974,13.0421934127808
lcn,1975,12.9364795684814
lcn,1976,12.6703395843506
lcn,1977,12.3905601501465
lcn,1978,12.7202434539795
lcn,1979,12.7194108963013
lcn,1980,12.7568712234497
lcn,1981,12.6297903060913
lcn,1982,12.5392141342163
lcn,1983,12.3735857009888
lcn,1984,12.3730926513672
lcn,1985,12.7323799133301
lcn,1986,13.1394605636597
lcn,1987,12.2313766479492
lcn,1988,12.3679876327515
lcn,1989,12.3624229431152
lcn,1990,12.4211530685425
lcn,1991,12.4330463409424
lcn,1992,12.2775011062622
lcn,1993,12.0909366607666
lcn,1994,12.0560646057129
lcn,1995,12.6458225250244
lcn,1996,12.3051805496216
lcn,1997,11.5979452133179
lcn,1998,11.8127164840698
lcn,1999,11.2910652160645
lcn,2000,11.0880069732666
lcn,2001,10.9190034866333
lcn,2002,10.8349342346191
lcn,2003,10.43577003479
lcn,2004,10.28053855896
lcn,2005,10.1645879745483
lcn,2006,9.88184356689453
lcn,2007,9.55517101287842
lcn,2008,9.31303119659424
lcn,2009,9.08570098876953
lcn,2010,8.90767383575439
lcn,2011,8.78483104705811
lcn,2012,8.69261264801025
lcn,2013,8.53649425506592
lcn,2014,8.13721179962158
ldc,1970,17.515193939209
ldc,1971,17.4856090545654
ldc,1972,16.2440338134766
ldc,1973,16.8238735198975
ldc,1974,16.9389762878418
ldc,1975,16.5485248565674
ldc,1976,16.4390735626221
ldc,1977,16.4801731109619
ldc,1978,15.9422283172607
ldc,1979,15.7246150970459
ldc,1980,15.5637874603271
ldc,1981,15.4842977523804
ldc,1982,15.4817972183228
ldc,1983,15.098051071167
ldc,1984,14.8922233581543
ldc,1985,14.7287693023682
ldc,1986,14.6734046936035
ldc,1987,14.8214111328125
ldc,1988,14.819655418396
ldc,1989,14.5376501083374
ldc,1990,14.1507186889648
ldc,1991,13.8970794677734
ldc,1992,13.1493663787842
ldc,1993,12.9497880935669
ldc,1994,13.5128612518311
ldc,1995,13.3468446731567
ldc,1996,12.882924079895
ldc,1997,12.5075960159302
ldc,1998,12.5735721588135
ldc,1999,12.2199506759644
ldc,2000,12.175633430481
ldc,2001,12.1964130401611
ldc,2002,12.1600685119629
ldc,2003,12.1258955001831
ldc,2004,12.2354364395142
ldc,2005,11.3224430084229
ldc,2006,11.0185718536377
ldc,2007,11.0785055160522
ldc,2008,10.6794719696045
ldc,2009,10.7109727859497
ldc,2010,10.6576738357544
ldc,2011,10.1031150817871
ldc,2012,9.86331653594971
ldc,2013,9.74407482147217
ldc,2014,9.46714878082275
lic,1970,16.0822792053223
lic,1971,16.287540435791
lic,1972,16.1574592590332
lic,1973,16.1424598693848
lic,1974,15.7167196273804
lic,1975,14.8261804580688
lic,1976,14.6323099136353
lic,1977,14.764030456543
lic,1978,14.3665800094604
lic,1979,14.2230796813965
lic,1980,13.9377698898315
lic,1981,13.6897296905518
lic,1982,13.857780456543
lic,1983,13.5741300582886
lic,1984,13.6483697891235
lic,1985,13.804539680481
lic,1986,14.115909576416
lic,1987,14.8154401779175
lic,1988,15.2897901535034
lic,1989,15.1540403366089
lic,1990,14.8644504547119
lic,1991,14.7533302307129
lic,1992,13.8431901931763
lic,1993,13.8421802520752
lic,1994,15.1626100540161
lic,1995,15.082989692688
lic,1996,14.6689300537109
lic,1997,14.1840896606445
lic,1998,14.336199760437
lic,1999,14.2604904174805
lic,2000,14.4742803573608
lic,2001,14.5126104354858
lic,2002,14.5703802108765
lic,2003,14.49524974823
lic,2004,14.2693004608154
lic,2005,12.4025297164916
lic,2006,11.8221502304077
lic,2007,11.7465801239014
lic,2008,11.0212202072144
lic,2009,11.2849502563477
lic,2010,11.1232299804688
lic,2011,11.0043201446533
lic,2012,10.7620296478271
lic,2013,10.4491500854492
lic,2014,9.85766983032227
lic,2015,9.64900016784667
lie,2003,0.0
lie,2004,0.0
lie,2005,0.0
lie,2006,0.0
lie,2007,0.0
lie,2008,0.0
lie,2009,0.0
lie,2010,0.0
lie,2011,0.0
lie,2012,0.0
lie,2014,3.46638989448547
lie,2015,3.17459988594055
lka,1970,19.6671295166016
lka,1983,8.69964027404785
lka,1985,8.82299041748047
lka,1986,6.60101985931396
lka,1987,7.62271022796631
lka,1989,6.16470003128052
lka,1990,6.84706020355225
lka,1991,6.30089998245239
lka,1992,5.7677698135376
lka,1996,2.0441300868988
lka,1998,4.19939994812012
lka,2001,1.15538001060486
lka,2003,0.680800020694733
lka,2005,0.742370009422302
lka,2006,0.822969973087311
lka,2007,0.645319998264313
lka,2008,0.655939996242523
lka,2009,0.736779987812042
lka,2010,0.625069975852966
lka,2011,0.603910028934479
lka,2012,0.703930020332336
lka,2013,0.701659977436066
lka,2014,0.864709973335266
lka,2015,0.876630008220673
lmc,1970,13.4584302902222
lmc,1971,13.3747901916504
lmc,1972,12.5856304168701
lmc,1973,12.2798595428467
lmc,1974,11.7674798965454
lmc,1975,11.41748046875
lmc,1976,10.9659795761108
lmc,1977,10.4787302017212
lmc,1978,9.82293033599854
lmc,1979,9.55875015258789
lmc,1980,9.13267993927001
lmc,1981,8.77038955688477
lmc,1982,8.15044021606445
lmc,1983,7.70496988296509
lmc,1984,7.25852012634277
lmc,1985,6.6970100402832
lmc,1986,6.23663997650146
lmc,1987,5.79390001296997
lmc,1988,5.82298994064331
lmc,1989,5.72846984863281
lmc,1990,5.68116998672485
lmc,1991,5.58471012115479
lmc,1992,5.54149007797241
lmc,1993,5.40356016159058
lmc,1994,5.29268980026245
lmc,1995,5.23948001861572
lmc,1996,5.10973978042603
lmc,1997,4.96603012084961
lmc,1998,4.92582988739014
lmc,1999,4.8191499710083
lmc,2000,4.71857976913452
lmc,2001,4.54044008255005
lmc,2002,4.31591987609863
lmc,2003,4.06774997711182
lmc,2004,4.00867986679077
lmc,2005,4.12982988357544
lmc,2006,3.99271011352539
lmc,2007,4.0805401802063
lmc,2008,3.98975992202759
lmc,2009,4.17088985443115
lmc,2010,4.31820011138916
lmc,2011,4.32036018371582
lmc,2012,3.15590000152588
lmc,2013,2.75617003440857
lmc,2014,2.35980010032654
lmc,2015,1.9162700176239
lmy,1971,8.96941757202148
lmy,1972,8.74524784088135
lmy,1973,8.46612167358398
lmy,1974,8.11897373199463
lmy,1975,7.74345254898071
lmy,1976,7.46994686126709
lmy,1977,7.36548662185669
lmy,1978,7.28142118453979
lmy,1979,7.28352212905884
lmy,1980,7.18317651748657
lmy,1981,7.11224937438965
lmy,1982,6.99981927871704
lmy,1983,6.86502313613892
lmy,1984,6.77778339385986
lmy,1985,6.6007342338562
lmy,1986,6.55209827423096
lmy,1987,6.22230672836304
lmy,1988,6.3007869720459
lmy,1989,6.28054618835449
lmy,1990,6.26613759994507
lmy,1991,6.23419666290283
lmy,1992,6.12108612060547
lmy,1993,5.99080848693848
lmy,1994,6.00136947631836
lmy,1995,6.08224868774414
lmy,1996,5.9013876914978
lmy,1997,5.55551481246948
lmy,1998,5.55423593521118
lmy,1999,5.40963792800903
lmy,2000,5.35016536712646
lmy,2001,5.35051488876343
lmy,2002,5.22992610931396
lmy,2003,5.11227035522461
lmy,2004,5.07805061340332
lmy,2005,5.09985113143921
lmy,2006,5.05493593215942
lmy,2007,5.14611911773682
lmy,2008,5.0363974571228
lmy,2009,5.17656421661377
lmy,2010,5.24641370773315
lmy,2011,5.24161672592163
lmy,2012,4.8100209236145
lmy,2013,4.36960077285767
lmy,2014,4.28092432022095
lso,1972,21.7442798614502
lso,1973,18.5682697296143
lso,1974,5.82316017150879
lso,1975,6.12911987304688
lso,1976,7.78107976913452
lso,1977,14.2202596664429
lso,1978,15.180760383606
lso,1979,15.9514198303223
lso,1980,19.7209205627441
lso,1981,20.9833393096924
lso,1982,22.3899002075195
lso,1983,23.0490608215332
lso,1984,22.4062099456787
lso,1985,21.0760097503662
lso,1986,21.6814403533936
lso,1987,20.6140308380127
lso,1988,19.995189666748
lso,1989,19.728609085083
lso,1990,19.2394199371338
lso,1991,19.6625499725342
lso,1992,18.6038799285889
lso,1993,17.1497802734375
lso,1994,15.9954299926758
lso,1995,15.9568796157837
lso,1996,17.6760292053223
lso,1997,17.2769107818604
lso,1998,17.4292907714844
lso,1999,17.9186191558838
lso,2000,16.429069519043
lso,2001,17.2759208679199
lso,2002,18.5729103088379
lso,2003,18.7901802062988
lso,2004,15.6025800704956
lso,2005,16.9865703582764
lso,2006,17.5673408508301
lso,2007,17.6434993743896
lso,2008,17.83669090271
lso,2009,16.727689743042
lso,2010,16.5330791473389
lso,2011,15.1625499725342
lso,2012,13.7426996231079
lso,2013,11.4894304275513
lso,2014,7.52778005599976
lso,2015,7.16429996490479
ltu,1995,1.23254001140594
ltu,1996,0.825049996376038
ltu,1997,0.783010005950928
ltu,1999,0.514930009841918
ltu,2000,0.513090014457703
ltu,2001,0.46424999833107
ltu,2002,0.429729998111725
ltu,2003,0.438910007476807
ltu,2004,0.435559988021851
ltu,2005,0.460779994726181
ltu,2006,0.46832001209259
ltu,2007,0.523779988288879
ltu,2008,0.510519981384277
ltu,2009,0.430090010166168
ltu,2010,0.380380004644394
ltu,2011,0.387180000543594
ltu,2012,0.391860008239746
ltu,2013,0.335979998111725
ltu,2014,0.401919990777969
ltu,2015,0.340519994497299
lux,1975,5.38209009170532
lux,1976,5.47415018081665
lux,1977,5.16929006576538
lux,1978,4.96186017990112
lux,1979,5.19596004486083
lux,1983,4.96878004074097
lux,2001,3.65824007987976
lux,2004,3.76832008361816
lux,2005,3.85876989364624
lux,2006,3.59823989868164
lux,2007,3.31377005577087
lux,2008,3.60624003410339
lux,2010,0.0
lux,2011,0.0
lux,2012,0.0
lux,2013,3.04394006729126
lux,2014,3.26925992965698
lva,1999,1.31976997852325
lva,2000,1.16264998912811
lva,2001,1.22449004650116
lva,2002,1.14544999599457
lva,2003,1.2885400056839
lva,2004,1.60484004020691
lva,2005,1.90725994110107
lva,2006,1.78004002571106
lva,2007,1.82539999485016
lva,2008,1.89988005161285
lva,2009,1.5237900018692
lva,2010,1.56975996494293
lva,2011,1.77199995517731
lva,2012,1.12635004520416
lva,2013,0.743330001831055
lva,2014,0.570070028305054
lva,2015,0.498010009527206
mac,1990,6.02023983001708
mac,1992,5.90267992019653
mac,1993,8.14072036743164
mac,1999,5.11815023422241
mac,2000,5.45121002197266
mac,2001,5.40514993667603
mac,2002,4.82533979415894
mac,2003,5.07334995269775
mac,2004,4.14900016784667
mac,2005,4.05807018280029
mac,2006,4.19131994247437
mac,2007,4.0201997756958
mac,2008,4.43747997283936
mac,2009,4.60424995422363
mac,2010,4.33628988265991
mac,2011,4.19784021377563
mac,2012,3.11053991317749
mac,2013,2.76342010498047
mac,2014,2.03097009658813
mac,2015,1.50770998001099
mar,1973,28.3917293548583
mar,1974,28.7599296569824
mar,1975,29.0079593658447
mar,1977,27.7393703460693
mar,1978,26.8718299865723
mar,1979,26.9096603393555
mar,1980,27.1451892852783
mar,1981,27.7996807098389
mar,1982,27.3480796813965
mar,1983,27.5585308074951
mar,1984,29.0454902648926
mar,1985,20.0546607971191
mar,1986,18.0841999053955
mar,1987,16.6089992523193
mar,1988,15.1166000366211
mar,1989,13.7374496459961
mar,1990,11.964469909668
mar,1991,9.73861980438232
mar,1992,10.3132600784302
mar,1993,10.4869403839111
mar,1994,10.2871904373169
mar,1995,9.99209022521973
mar,1996,10.0467596054077
mar,1997,10.3319902420044
mar,1998,10.27476978302
mar,1999,10.1950597763062
mar,2000,10.4808797836304
mar,2001,10.7760095596313
mar,2002,10.8427600860596
mar,2003,11.4563398361206
mar,2004,10.9663095474243
mar,2005,10.3865203857422
mar,2006,10.2379999160767
mar,2007,9.74098968505859
mar,2008,9.59502029418945
mar,2009,9.19898986816406
mar,2010,8.71158981323242
mar,2011,6.4698600769043
mar,2012,5.65873003005981
mar,2013,7.20044994354248
mar,2014,7.52405977249146
mar,2015,7.08507013320923
mco,1991,5.5741400718689
mco,1992,5.86881017684937
mco,1999,0.0
mco,2001,0.0
mco,2009,0.0
mco,2013,0.911159992218018
mco,2014,2.76817011833191
mda,1995,1.39928996562958
mda,2002,0.899850010871887
mda,2003,0.426169991493225
mda,2004,0.387549996376038
mda,2005,0.172499999403954
mda,2006,0.10598000138998
mda,2007,0.10402999818325
mda,2008,0.0723199993371964
mda,2009,0.0584399998188019
mda,2010,0.0
mda,2011,0.0
mda,2015,0.0
mdg,1971,28.1419105529785
mdg,1972,27.5322399139404
mdg,1973,30.1121006011963
mdg,1975,23.6568393707275
mdg,1988,31.2529392242432
mdg,1989,33.4253616333008
mdg,1990,33.2349815368652
mdg,1991,34.0626792907715
mdg,1992,33.2597312927246
mdg,1993,31.6619205474854
mdg,1994,31.1734294891357
mdg,1995,30.297700881958
mdg,1996,32.7423286437988
mdg,1998,30.769359588623
mdg,1999,28.928279876709
mdg,2000,27.0501899719238
mdg,2001,29.0035495758057
mdg,2002,29.4212493896484
mdg,2003,28.2923698425293
mdg,2004,28.97878074646
mdg,2005,17.7379093170166
mdg,2006,19.0391407012939
mdg,2007,18.4194297790527
mdg,2008,18.7149295806885
mdg,2009,19.6083202362061
mdg,2010,18.8042106628418
mdg,2011,18.2845897674561
mdg,2012,19.3297004699707
mdg,2013,20.8381099700928
mdg,2014,19.7094402313232
mdg,2015,19.854549407959
mdv,1997,9.96240043640137
mdv,2001,0.0
mdv,2002,0.0
mdv,2003,0.562919974327087
mdv,2004,0.0
mdv,2005,4.46742010116577
mdv,2006,3.73874998092651
mdv,2008,3.20632004737854
mdv,2009,3.27464008331299
mdv,2010,3.49057006835938
mdv,2011,3.38398003578186
mdv,2012,2.83206009864807
mdv,2013,2.79815006256104
mdv,2014,2.41084003448486
mdv,2016,0.340499997138977
mea,1970,10.1592273712158
mea,1971,10.2213745117188
mea,1972,10.0579776763916
mea,1973,10.0250377655029
mea,1974,10.0489797592163
mea,1975,10.6604862213135
mea,1976,10.8707027435303
mea,1977,10.4899930953979
mea,1978,10.7542753219604
mea,1979,11.343433380127
mea,1980,10.3505792617798
mea,1981,10.9590167999268
mea,1982,10.0022382736206
mea,1983,9.96511745452881
mea,1984,9.88906669616699
mea,1985,9.00427532196045
mea,1986,8.61153507232666
mea,1987,8.49999046325684
mea,1988,8.10959148406982
mea,1989,7.82869148254395
mea,1990,7.74980068206787
mea,1991,7.68420267105103
mea,1992,7.64213418960571
mea,1993,7.06743955612183
mea,1994,6.87391519546509
mea,1995,6.78867053985596
mea,1996,6.63978433609009
mea,1997,6.64195823669434
mea,1998,6.59394788742065
mea,1999,6.52817106246948
mea,2000,6.66394424438477
mea,2001,6.19010210037231
mea,2002,5.83806467056274
mea,2003,5.56278038024902
mea,2004,5.10358428955078
mea,2005,4.92588806152344
mea,2006,5.12557697296143
mea,2007,5.3503041267395
mea,2008,5.16466903686523
mea,2009,5.27513790130615
mea,2010,5.0202317237854
mea,2011,4.82587862014771
mea,2012,4.58872842788696
mea,2013,4.57314586639404
mea,2014,4.66337728500366
mex,1975,11.0268802642822
mex,1976,10.4547004699707
mex,1977,9.17765045166016
mex,1993,7.40555000305176
mex,1994,5.99414014816284
mex,1995,5.86112022399902
mex,1996,5.71038007736206
mex,1997,5.86861991882324
mex,1999,5.50338983535767
mex,2000,5.15410995483398
mex,2001,4.43002986907958
mex,2002,4.62583017349243
mex,2003,4.11779022216797
mex,2004,3.81575989723206
mex,2005,3.62211990356445
mex,2006,3.27349996566772
mex,2007,2.93780994415283
mex,2008,2.76592993736267
mex,2009,2.76389002799988
mex,2010,2.61749005317687
mex,2011,2.39423990249634
mex,2012,2.20823001861572
mex,2013,1.55244994163513
mex,2014,0.614090025424957
mic,1971,8.67187023162842
mic,1972,8.44388961791992
mic,1973,8.15725994110107
mic,1974,7.80416011810303
mic,1975,7.44680976867676
mic,1976,7.15396976470947
mic,1977,7.01655006408691
mic,1978,6.92038011550903
mic,1979,6.91593980789185
mic,1980,6.8032398223877
mic,1981,6.71985006332397
mic,1982,6.58190011978149
mic,1983,6.44767999649048
mic,1984,6.34501981735229
mic,1985,6.15652990341187
mic,1986,6.08803987503052
mic,1987,5.68333005905151
mic,1988,5.7337498664856
mic,1989,5.7147798538208
mic,1990,5.71965980529785
mic,1991,5.66156005859375
mic,1992,5.60334014892578
mic,1993,5.45397996902466
mic,1994,5.35538005828857
mic,1995,5.42055988311768
mic,1996,5.24284982681274
mic,1997,4.85737991333008
mic,1998,4.79138994216919
mic,1999,4.62905979156494
mic,2000,4.49018001556396
mic,2001,4.41325998306274
mic,2002,4.16812992095947
mic,2003,3.98599004745483
mic,2004,3.92728996276855
mic,2005,4.09647989273071
mic,2006,4.04142999649048
mic,2007,4.08959007263184
mic,2008,3.99866008758545
mic,2009,4.1029200553894
mic,2010,4.16053009033203
mic,2011,4.15521001815796
mic,2012,3.38927006721497
mic,2013,3.11438989639282
mic,2014,2.83822989463806
mic,2015,2.55242991447449
mkd,1995,0.755039989948273
mkd,1996,0.727580010890961
mkd,1997,0.0859099999070168
mkd,1999,0.0416800007224083
mkd,2000,0.0441000014543533
mkd,2001,0.0850400030612946
mkd,2002,0.0863500013947487
mkd,2003,0.129199996590614
mkd,2004,0.129460006952286
mkd,2005,0.154139995574951
mkd,2006,0.100780002772808
mkd,2007,0.0739500001072884
mkd,2008,0.0107699995860457
mkd,2009,0.165649995207787
mkd,2010,0.156709998846054
mkd,2012,0.0
mkd,2013,0.0
mkd,2014,0.0
mkd,2015,0.0
mli,1979,27.7533798217773
mli,1981,30.3800601959229
mli,1984,30.4699001312256
mli,1985,30.3224201202393
mli,1987,28.4857997894287
mli,1988,30.0461597442627
mli,1999,17.6954307556152
mli,2000,17.5039691925049
mli,2001,17.7423801422119
mli,2002,19.7075290679932
mli,2003,19.9947490692139
mli,2004,19.3480796813965
mli,2005,18.8793697357178
mli,2006,17.2876396179199
mli,2007,17.2876796722412
mli,2008,14.4231901168823
mli,2009,13.6562900543213
mli,2010,12.8773403167725
mli,2011,12.8773002624512
mli,2012,19.0192699432373
mli,2014,19.8192291259766
mli,2015,19.2340908050537
mlt,1971,1.40290999412537
mlt,1972,0.78099000453949
mlt,1973,0.364659994840622
mlt,1974,0.544269979000092
mlt,1975,0.966350018978119
mlt,1976,1.16833996772766
mlt,1977,0.905449986457825
mlt,1978,3.93453001976013
mlt,1979,3.00446009635925
mlt,1980,1.93982994556427
mlt,1981,1.51780998706818
mlt,1982,1.37682998180389
mlt,1983,1.32763004302979
mlt,1984,1.21178996562958
mlt,1985,1.09883999824524
mlt,1986,2.30302000045776
mlt,1987,2.21058988571166
mlt,1988,1.8916699886322
mlt,1989,1.63368999958038
mlt,1990,0.845019996166229
mlt,1991,1.12943005561829
mlt,1992,1.21332001686096
mlt,1993,1.29543995857239
mlt,1994,1.65220999717712
mlt,1995,1.49742996692657
mlt,1996,1.39450001716614
mlt,1997,1.42557001113892
mlt,1998,1.36372005939484
mlt,1999,1.79066002368927
mlt,2000,1.59702003002167
mlt,2001,1.98495995998383
mlt,2002,1.97196996212006
mlt,2003,2.0975399017334
mlt,2004,1.64886999130249
mlt,2005,2.16978001594543
mlt,2006,1.98533999919891
mlt,2007,1.76061999797821
mlt,2008,1.70880997180939
mlt,2009,1.4324699640274
mlt,2010,0.850229978561401
mlt,2011,0.220249995589256
mlt,2012,0.400770008563995
mlt,2013,0.173480004072189
mlt,2014,0.543799996376038
mlt,2015,0.275319993495941
mmr,1971,23.6847591400146
mmr,1972,14.5443000793457
mmr,1973,18.2262306213379
mmr,1974,20.8347091674805
mmr,1999,1.72871005535126
mmr,2000,0.524839997291565
mmr,2001,0.698589980602264
mmr,2002,0.69157999753952
mmr,2003,0.696739971637726
mmr,2004,0.552039980888367
mmr,2005,0.481550008058548
mmr,2006,0.415140002965927
mmr,2007,0.468780010938644
mmr,2008,0.444579988718033
mmr,2009,0.351579993963242
mmr,2010,0.335810005664825
mmr,2014,0.198349997401237
mna,1970,10.4880847930908
mna,1971,10.5474185943604
mna,1972,10.3459281921387
mna,1973,10.3027839660645
mna,1974,10.3101301193237
mna,1975,10.965950012207
mna,1976,11.196831703186
mna,1977,10.7972040176392
mna,1978,11.0904111862183
mna,1979,11.7492151260376
mna,1980,10.6777725219727
mna,1981,11.360276222229
mna,1982,10.342170715332
mna,1983,10.3099565505981
mna,1984,10.234974861145
mna,1985,9.27727031707764
mna,1986,8.84699726104736
mna,1987,8.72106647491455
mna,1988,8.29621315002441
mna,1989,8.00185298919678
mna,1990,7.93496751785278
mna,1991,7.86959362030029
mna,1992,7.84517383575439
mna,1993,7.22617959976196
mna,1994,7.02032804489136
mna,1995,6.94533729553223
mna,1996,6.79439783096313
mna,1997,6.80748748779297
mna,1998,6.76935815811157
mna,1999,6.72428750991821
mna,2000,6.89341306686401
mna,2001,6.3866024017334
mna,2002,6.0238356590271
mna,2003,5.75825214385986
mna,2004,5.26022005081177
mna,2005,5.07687091827393
mna,2006,5.40657615661621
mna,2007,5.76858949661255
mna,2008,5.53678846359253
mna,2009,5.70288467407227
mna,2010,5.45847320556641
mna,2011,5.29247283935547
mna,2012,5.08538389205933
mna,2013,5.0739221572876
mna,2014,5.20720481872559
mne,2011,0.048020001500845
mne,2012,0.0540399998426437
mne,2015,0.318489998579025
mng,1995,0.866919994354248
mng,1996,0.756049990653992
mng,1997,0.595830023288727
mng,1998,0.612320005893707
mng,1999,0.832319974899291
mng,2000,0.690140008926392
mng,2001,0.495629996061325
mng,2002,0.591390013694763
mng,2003,0.60223001241684
mng,2004,0.560289978981018
mng,2005,0.410149991512299
mng,2006,0.305779993534088
mng,2007,0.456640005111694
mng,2008,0.153359994292259
mng,2009,0.0942199975252151
mng,2010,0.0685599967837334
mng,2011,0.0838799998164177
mng,2012,0.0910699963569641
mng,2013,0.0543200001120567
mng,2014,0.0503600016236305
mng,2015,0.064180001616478
moz,1973,27.1704902648926
moz,1982,30.698070526123
moz,1983,30.4472198486328
moz,1984,28.8264808654785
moz,1985,24.4181900024414
moz,1986,26.4254207611083
moz,1987,25.9662494659424
moz,1988,29.8164501190186
moz,1989,28.3263301849365
moz,1990,27.3037109375
moz,1991,25.509349822998
moz,1992,26.1882400512695
moz,1993,26.4288806915283
moz,1994,26.8406391143799
moz,1995,26.7852001190186
moz,1999,24.654670715332
moz,2000,24.0554790496826
moz,2001,23.4483108520508
moz,2002,23.5792293548583
moz,2004,20.5386505126953
moz,2005,10.1722202301025
moz,2006,5.0709400177002
moz,2007,5.67605018615723
moz,2008,5.26102018356323
moz,2009,6.74113988876343
moz,2010,7.1440601348877
moz,2011,7.35649013519287
moz,2012,7.20809984207153
moz,2013,6.51429986953735
moz,2014,6.02888011932373
moz,2015,5.80001020431519
mrt,1976,17.5356197357178
mrt,1977,15.5942096710205
mrt,1978,16.9802303314208
mrt,1979,16.2347106933594
mrt,1981,16.7295799255371
mrt,1985,18.9173202514648
mrt,1986,20.3434906005859
mrt,1987,21.8551502227783
mrt,1988,21.1112804412842
mrt,1989,21.2084903717041
mrt,1990,20.9284591674805
mrt,1991,18.9734802246094
mrt,1992,18.4649505615234
mrt,1993,16.6904792785645
mrt,1994,17.1009693145752
mrt,1995,16.8883895874023
mrt,1996,16.7481899261475
mrt,1997,16.6718902587891
mrt,1998,16.1994209289551
mrt,1999,16.2697696685791
mrt,2001,15.4778499603271
mrt,2002,14.3674297332764
mrt,2005,10.2589502334595
mrt,2006,10.2724704742432
mrt,2007,3.36525988578796
mrt,2009,2.66121006011963
mrt,2010,3.54873991012573
mrt,2012,3.7815899848938
mrt,2013,3.48839998245239
mrt,2014,3.62245011329651
mrt,2015,3.11726999282837
mus,1983,4.34464979171753
mus,1984,5.76543998718262
mus,1985,5.63369989395142
mus,1986,6.26889991760254
mus,1987,9.33858013153076
mus,1988,7.76392984390259
mus,1989,7.60383987426758
mus,1990,4.5336799621582
mus,1991,7.03087997436523
mus,1992,7.82005977630615
mus,1993,7.56290006637573
mus,1994,6.26532983779907
mus,1995,5.32882022857666
mus,1996,4.14636993408203
mus,1997,3.86779999732971
mus,1998,3.30070996284485
mus,1999,3.49158000946045
mus,2000,3.75942993164063
mus,2001,3.68239998817444
mus,2002,4.00287008285522
mus,2003,3.70828008651733
mus,2004,4.02045011520386
mus,2005,4.20331001281738
mus,2006,3.60971999168395
mus,2007,3.03397011756897
mus,2008,3.3362500667572
mus,2009,3.01342010498047
mus,2010,2.84106993675232
mus,2011,2.90024995803833
mus,2012,3.03474998474121
mus,2013,1.33752000331879
mus,2014,0.849640011787415
mus,2015,0.724049985408782
mwi,1974,17.6612892150879
mwi,1975,16.8210792541504
mwi,1976,16.0406093597412
mwi,1977,17.4831695556641
mwi,1978,15.0185804367065
mwi,1979,15.0317802429199
mwi,1980,15.8250598907471
mwi,1981,15.5171699523926
mwi,1982,12.985969543457
mwi,1983,11.8467302322388
mwi,1984,13.6220102310181
mwi,1985,13.6636695861816
mwi,1986,15.7294902801514
mwi,1987,18.1981601715088
mwi,1988,19.026180267334
mwi,1989,18.4879703521729
mwi,1990,18.9028797149658
mwi,1991,17.7403697967529
mwi,1992,13.4340200424194
mwi,1993,17.9251308441162
mwi,1994,16.4742107391357
mwi,1995,18.5055904388428
mwi,1996,15.5648498535156
mwi,1999,14.4261703491211
mwi,2000,15.1661701202393
mwi,2001,15.5240201950073
mwi,2002,15.4704599380493
mwi,2004,17.5875492095947
mwi,2005,19.7447395324707
mwi,2006,20.4051990509033
mwi,2007,20.2665691375732
mwi,2008,19.636209487915
mwi,2009,18.4091701507568
mwi,2010,18.7217693328857
mwi,2011,19.3355903625488
mwi,2012,19.4879608154297
mwi,2013,18.50705909729
mwi,2014,19.3009605407715
mys,1974,0.0
mys,1980,0.0
mys,1981,0.0
mys,1982,0.0
mys,1983,0.0
mys,1984,0.0
mys,1985,0.0
mys,1987,0.0
mys,1988,0.0
mys,1989,0.0
mys,1991,0.0
mys,2009,0.0
mys,2010,0.0
nam,1992,23.2027702331543
nam,1994,21.3112297058105
nam,1996,12.3779001235962
nam,1998,10.5867004394531
nam,1999,10.6544198989868
nam,2000,11.4225301742554
nam,2001,11.3178901672363
nam,2002,11.5436201095581
nam,2003,11.6354303359985
nam,2004,13.0764198303223
nam,2005,12.8964195251465
nam,2006,14.1236000061035
nam,2008,14.3666896820068
nam,2009,13.5086002349854
nam,2010,13.1573400497437
nam,2012,12.4060897827148
nam,2013,12.444390296936
ner,1971,19.8017196655273
ner,1972,20.2799301147461
ner,1973,19.1264095306396
ner,1974,17.8024597167969
ner,1975,16.0701007843018
ner,1976,13.2683000564575
ner,1977,13.1116399765015
ner,1978,13.0090303421021
ner,1979,12.9985704421997
ner,1980,13.0012102127075
ner,1981,13.999059677124
ner,1982,14.9994697570801
ner,1983,14.9991502761841
ner,1984,14.9990997314453
ner,1985,14.9994401931763
ner,1986,14.9998502731323
ner,1987,15.0687398910522
ner,1989,13.0589504241943
ner,1990,14.4882802963257
ner,1991,14.1528797149658
ner,1992,15.7523097991943
ner,1993,16.2564907073975
ner,1995,19.6119403839111
ner,1996,11.711009979248
ner,1997,12.7986402511597
ner,1998,12.5251998901367
ner,1999,11.7927904129028
ner,2000,11.7228097915649
ner,2001,10.4848403930664
ner,2002,8.74750995635986
ner,2003,7.50450992584229
ner,2004,5.46732997894287
ner,2005,5.53432989120483
ner,2006,5.01485013961791
ner,2007,5.06428003311157
ner,2008,6.33839988708496
ner,2009,5.13725996017456
ner,2010,4.35362005233765
ner,2011,3.81737995147705
ner,2012,3.53598999977112
ner,2013,4.27254009246826
ner,2014,3.94710993766785
ner,2015,3.55058002471924
nic,1970,12.3408203125
nic,1971,10.6583595275879
nic,1972,12.7733497619629
nic,1973,10.5674600601196
nic,1977,12.4078397750854
nic,1978,13.1434803009033
nic,1979,12.0881595611572
nic,1980,16.022970199585
nic,1982,14.3720102310181
nic,1983,16.7299308776855
nic,1984,8.24164962768555
nic,1985,14.5974903106689
nic,1986,13.0076398849487
nic,1987,14.199179649353
nic,1988,15.0558004379272
nic,1993,15.6664199829102
nic,1994,13.6054201126099
nic,1995,13.5102596282959
nic,1999,4.07139015197754
nic,2000,4.37915992736816
nic,2001,5.70099020004272
nic,2002,7.67861986160278
nic,2003,9.22035026550292
nic,2004,9.22029972076416
nic,2005,8.55154991149902
nic,2006,8.20718002319335
nic,2007,7.59224987030029
nic,2008,9.41166019439697
nic,2010,6.58852005004883
nld,1971,2.64674997329712
nld,1972,2.16972994804382
nld,1973,2.22562003135681
nld,1974,2.35711002349854
nld,1975,2.19860005378723
nld,1976,2.03710007667542
nld,1977,2.16862988471985
nld,1978,2.16181993484497
nld,1979,2.02443003654479
nld,1980,2.10396003723145
nld,1981,1.95273995399475
nld,1982,1.9213000535965
nld,1983,1.79196000099182
nld,1984,1.7364900112152
nld,1985,1.77230000495911
nor,1971,0.0
nor,1973,0.0
nor,1974,0.0
nor,1975,0.0
nor,1976,0.0
nor,1977,0.0
nor,1978,0.0
nor,1979,0.0
nor,1980,0.0
nor,1981,0.0
nor,1982,0.0
nor,1984,0.0
nor,1985,0.0
nor,1986,0.0
nor,1987,0.0
nor,1988,0.0
nor,1989,0.0
nor,1990,0.0
nor,1991,0.0
nor,1992,0.0
nor,1993,0.0
npl,1992,24.1154708862305
npl,1999,23.8114395141602
npl,2000,24.6363105773926
npl,2001,23.6128005981445
npl,2002,21.3737506866455
npl,2003,21.8056201934814
npl,2004,21.8056392669678
npl,2005,23.3352909088135
npl,2006,20.3615493774414
npl,2007,19.7298202514648
npl,2008,16.7335891723633
npl,2009,14.4122800827026
npl,2010,13.9927396774291
npl,2011,11.828519821167
npl,2012,11.8219299316406
npl,2013,10.9506998062134
npl,2014,10.0964298248291
npl,2015,9.86025047302246
npl,2016,8.74518013000488
nru,1991,0.0
nru,2000,0.0
nru,2001,0.0
nru,2002,0.0
nru,2003,0.0
nru,2005,0.0
nru,2006,0.0
nru,2007,0.0
nru,2012,0.0
nru,2014,0.133159995079041
nzl,1970,0.0
nzl,1971,0.0
nzl,1972,0.0
nzl,1973,0.0
nzl,1974,0.0
nzl,1975,0.0
nzl,1976,0.0
nzl,1977,0.0
nzl,1978,0.0
nzl,1979,0.0
nzl,1980,3.21595001220703
nzl,1981,3.14795994758606
nzl,1982,3.00126004219055
nzl,1983,3.10240006446838
nzl,1984,2.85414004325867
nzl,1985,2.86334991455078
nzl,1986,3.12220001220703
nzl,1987,3.13403010368347
nzl,1988,3.11888003349304
nzl,1989,3.00234007835388
nzl,1990,2.87384009361267
nzl,1991,3.1823399066925
nzl,1992,3.52462005615234
oed,1971,4.42202043533325
oed,1972,4.30489778518677
oed,1973,4.34029626846313
oed,1974,4.3414626121521
oed,1975,4.25656414031982
oed,1976,3.99222922325134
oed,1977,3.9123420715332
oed,1978,3.95438599586487
oed,1979,3.93404221534729
oed,1980,3.91175389289856
oed,1981,3.82902479171753
oed,1982,3.81739616394043
oed,1983,3.79634308815002
oed,1984,3.72918176651001
oed,1985,3.72232222557068
oed,1986,3.63543176651001
oed,1987,3.6397123336792
oed,1988,3.44669079780579
oed,1989,3.44133043289185
oed,1990,3.32057309150696
oed,1991,3.29439926147461
oed,1992,3.25308609008789
oed,1993,3.13988137245178
oed,1994,2.82521843910217
oed,1995,2.79335427284241
oed,1996,2.73072552680969
oed,1997,2.71906924247742
oed,1998,2.67933034896851
oed,1999,2.65633463859558
oed,2000,2.5631902217865
oed,2001,2.41447329521179
oed,2002,2.41345047950745
oed,2003,2.28140330314636
oed,2004,2.20874333381653
oed,2005,2.15036225318909
oed,2006,2.07454919815063
oed,2007,2.01787400245667
oed,2008,2.02390575408936
oed,2009,1.94389688968658
oed,2010,1.88779902458191
oed,2011,1.91464364528656
oed,2012,1.8691314458847
oed,2013,1.78307271003723
oed,2014,1.63794469833374
omn,1974,16.7667007446289
omn,1975,8.59286022186279
omn,1976,9.07322025299072
omn,1978,14.0048599243164
omn,1979,11.3477401733398
omn,1983,9.42955017089844
omn,1984,8.46389007568359
omn,1985,8.89039039611816
omn,1986,9.48826026916504
omn,1987,8.8253698348999
omn,1988,10.2277202606201
omn,1989,9.69015979766846
omn,1990,9.22539043426514
omn,1992,8.41088008880615
omn,1994,7.20984983444214
omn,1995,6.8951997756958
omn,1996,6.93385982513428
omn,1997,7.45887994766235
omn,1998,6.96659994125366
omn,1999,6.37847995758057
omn,2000,5.79359006881714
omn,2001,4.8840799331665
omn,2002,3.29615998268127
omn,2003,0.416409999132156
omn,2009,1.62796998023987
omn,2011,1.02498996257782
omn,2012,1.1319500207901
omn,2013,2.23193001747131
omn,2014,1.28538000583649
omn,2015,1.47535002231598
pak,2005,2.66861009597778
pak,2006,1.94220995903015
pak,2007,4.8875298500061
pak,2008,3.93723011016846
pak,2009,4.15657997131348
pak,2010,4.05185985565186
pak,2011,4.01651000976563
pak,2012,3.14110994338989
pak,2013,2.49313998222351
pak,2014,2.19552993774414
pak,2015,1.65040004253387
pan,1970,13.7394695281982
pan,1971,12.5604801177979
pan,1972,11.757550239563
pan,1973,11.136830329895
pan,1974,11.7800397872925
pan,1975,10.7660598754883
pan,1976,9.2495698928833
pan,1977,9.43037986755371
pan,1978,9.44785022735596
pan,1979,10.4708204269409
pan,1980,10.5962696075439
pan,1981,10.4878702163696
pan,1982,10.2937803268433
pan,1983,9.95864963531494
pan,1984,10.3648996353149
pan,1985,10.7867498397827
pan,1986,9.52984046936035
pan,1987,9.47904014587402
pan,1988,9.00442981719971
pan,1989,8.31367969512939
pan,1999,5.21510982513428
pan,2000,4.86985015869141
pan,2001,4.5967001914978
pan,2002,4.36386013031006
pan,2004,4.50434017181396
pan,2005,4.59496021270752
pan,2006,4.56972980499268
pan,2007,4.39454984664916
pan,2008,4.30285978317261
pan,2009,4.27142000198364
pan,2010,4.48836994171143
pan,2011,4.61615991592407
pan,2012,4.62685012817383
pan,2013,4.02688980102539
pan,2014,2.00976991653442
per,1970,16.40212059021
per,1977,9.27567958831787
per,1978,14.9357795715332
per,1979,15.608980178833
per,1980,18.2693195343018
per,1981,18.6492099761963
per,1993,13.8940095901489
per,1995,14.8668804168701
per,1998,9.51642990112305
per,1999,9.93101978302001
per,2000,10.3901100158691
per,2001,10.3947696685791
per,2002,9.67593955993652
per,2003,7.38550996780396
per,2004,7.3831000328064
per,2005,8.68778991699219
per,2006,8.40347003936768
per,2007,7.50579023361206
per,2008,6.73749017715454
per,2009,6.46747016906738
per,2010,5.8792200088501
per,2011,5.14483022689819
per,2012,4.48300981521606
per,2013,4.48023986816406
per,2014,3.88772010803223
per,2015,2.89066004753113
phl,1981,1.99840998649597
phl,1983,1.61951005458832
phl,1984,1.68237996101379
phl,1985,1.39455997943878
phl,1986,1.80033004283905
phl,1987,1.8076399564743
phl,1988,1.73488998413086
phl,1989,1.99862003326416
phl,1998,1.38887000083923
phl,1999,1.36276996135712
phl,2001,1.45727002620697
phl,2002,1.57375001907349
phl,2003,1.43660998344421
phl,2004,1.48995995521545
phl,2005,1.55488002300262
phl,2006,1.87404000759125
phl,2007,1.61606001853943
phl,2008,1.54142999649048
phl,2009,1.78132998943329
phl,2013,0.856869995594025
plw,1999,0.0
plw,2000,0.0
plw,2013,2.22804999351501
plw,2014,4.13885021209717
plw,2016,4.4407901763916
png,1987,0.0
png,1988,0.0
png,1989,0.0
png,1990,0.0
png,1991,0.0
png,1992,0.0
png,1996,0.0
png,1997,0.0
png,1998,0.0
png,2000,0.0
png,2001,0.0
png,2002,0.0
png,2003,0.0
png,2012,0.0
pol,2004,0.247889995574951
pol,2005,0.279749989509583
pol,2006,0.305920004844666
pol,2007,0.316650003194809
pol,2008,0.815150022506714
pol,2009,0.618600010871887
pol,2010,0.451359987258911
pol,2011,0.540830016136169
pol,2012,0.499350011348724
pol,2013,0.589950025081635
pol,2014,0.569379985332489
prt,1972,22.1694602966309
prt,1973,21.5416107177734
prt,1974,21.0039596557617
prt,1975,18.4025592803955
prt,1976,9.77515029907227
prt,1977,11.4643602371216
prt,1978,14.7463302612305
prt,1985,15.3008699417114
prt,1990,11.9839200973511
prt,1991,12.0698699951172
pry,1970,15.3383798599243
pry,1972,15.7092599868774
pry,1973,15.4282598495483
pry,1974,15.061559677124
pry,1975,13.7937803268433
pry,1976,13.0728597640991
pry,1977,12.6420402526855
pry,1978,12.7633895874023
pry,1980,12.0817699432373
pry,1981,11.6972799301147
pry,1982,11.3721599578857
pry,1983,9.10478973388672
pry,1984,9.76889991760254
pry,1985,9.30842971801758
pry,1986,8.34167003631592
pry,1987,8.09636974334717
pry,1988,7.69339990615845
pry,1989,7.9119701385498
pry,1990,7.29714012145996
pry,1991,7.69927978515625
pry,1992,7.72444009780884
pry,1993,7.01878976821899
pry,1994,6.92572021484375
pry,1995,6.72914981842041
pry,1996,7.73749017715454
pry,1998,7.26905012130737
pry,1999,6.68791007995605
pry,2000,6.51270008087158
pry,2001,6.65913009643555
pry,2002,6.28020000457764
pry,2003,5.97371006011963
pry,2004,5.3773398399353
pry,2005,4.07161998748779
pry,2006,3.825119972229
pry,2007,3.23984003067017
pry,2008,3.48329997062683
pry,2009,3.87137007713318
pry,2010,3.69970989227295
pry,2011,3.57379007339478
pry,2012,3.51845002174377
pse,1995,4.48079013824463
pse,1996,3.79848003387451
pse,1997,3.32096004486083
pse,1999,2.02506995201111
pse,2000,1.94834995269775
pse,2001,1.59178996086121
pse,2002,1.39874005317688
pse,2003,1.19020998477936
pse,2004,0.155469998717308
pse,2005,0.661559998989105
pse,2007,0.51011997461319
pse,2008,0.454650014638901
pse,2009,0.0
pse,2010,0.0
pse,2011,0.576749980449677
pse,2012,0.65064001083374
pse,2013,0.154330000281334
pse,2014,0.153359994292259
pse,2015,0.190209999680519
qat,1971,22.9820098876953
qat,1972,21.1377105712891
qat,1973,19.3699703216553
qat,1974,20.4070701599121
qat,1975,19.4486103057861
qat,1976,19.2512893676758
qat,1977,19.4456005096436
qat,1978,13.8159999847412
qat,1979,11.9862804412842
qat,1980,12.5045499801636
qat,1981,10.8278102874756
qat,1982,7.21877002716064
qat,1984,7.10720014572144
qat,1985,7.56881999969482
qat,1986,6.34847021102905
qat,1987,7.83272981643677
qat,1988,5.34858989715576
qat,1989,4.06533002853394
qat,1990,4.4253101348877
qat,1991,3.99672007560729
qat,1992,2.97192001342773
qat,1993,2.58621001243591
qat,1994,2.37626004219055
qat,1995,2.22815990447998
qat,1996,2.08151006698608
qat,1998,1.86592996120453
qat,1999,1.8862099647522
qat,2005,1.68754994869232
qat,2006,1.02585995197296
qat,2007,0.761349976062775
qat,2008,0.574429988861083
qat,2009,0.48811000585556
qat,2011,0.183610007166862
qat,2013,0.470169991254807
qat,2014,1.35549998283386
qat,2015,1.35186994075775
rou,1990,1.41212999820709
rou,1993,3.3561999797821
rou,1996,2.21351003646851
rou,1999,2.64040994644165
rou,2000,2.64623999595642
rou,2001,2.51623010635376
rou,2002,2.48891997337341
rou,2003,2.22795009613037
rou,2004,1.9711400270462
rou,2005,1.82956004142761
rou,2006,1.78365004062653
rou,2007,1.00109994411469
rou,2008,1.36974000930786
rou,2009,1.39037001132965
rou,2010,1.50065004825592
rou,2011,1.3667299747467
rou,2012,1.24678003787994
rou,2015,0.715110003948212
rus,1994,1.97420001029968
rus,1995,1.90500998497009
rus,2014,0.381989985704422
rus,2015,0.306039988994598
rwa,1971,28.9808902740479
rwa,1972,27.2632904052734
rwa,1973,23.7048397064208
rwa,1974,23.288330078125
rwa,1975,20.5139694213867
rwa,1977,16.4002494812012
rwa,1980,6.84503984451294
rwa,1981,6.44767999649048
rwa,1982,14.6513900756836
rwa,1983,14.0246696472168
rwa,1984,12.4937696456909
rwa,1985,12.2551698684692
rwa,1986,12.3591604232788
rwa,1987,12.6942796707153
rwa,1988,9.7613697052002
rwa,1989,10.2080602645874
rwa,1990,10.7176504135132
rwa,1991,12.3103504180908
rwa,1992,13.8189697265625
rwa,1999,28.9698905944824
rwa,2000,34.1012115478516
rwa,2001,36.2275695800781
rwa,2002,36.2275695800781
rwa,2003,16.3550491333008
rwa,2004,18.914529800415
rwa,2006,14.6470203399658
rwa,2008,17.7999706268311
rwa,2009,14.4590797424316
rwa,2010,13.5078897476196
rwa,2011,13.2337398529053
rwa,2012,12.4824800491333
rwa,2013,12.1532602310181
rwa,2014,16.5745296478271
rwa,2015,18.1441707611083
sas,1970,20.3611698150635
sas,1971,20.3329181671143
sas,1972,19.1866722106934
sas,1973,18.0482406616211
sas,1974,16.9080352783203
sas,1975,16.0341529846191
sas,1976,15.1408205032349
sas,1977,14.2664957046509
sas,1978,13.3851823806763
sas,1979,12.4917831420898
sas,1980,11.5675201416016
sas,1981,10.6637830734253
sas,1982,9.75748634338379
sas,1983,8.75878238677979
sas,1984,7.90115594863892
sas,1985,6.96675968170166
sas,1986,5.97081804275513
sas,1987,5.09395456314087
sas,1988,5.26680469512939
sas,1989,5.23846340179443
sas,1990,5.26512956619263
sas,1991,5.19931221008301
sas,1992,5.14027214050293
sas,1993,5.02811145782471
sas,1994,4.96001243591309
sas,1995,4.89235496520996
sas,1996,4.85918188095093
sas,1997,4.82663679122925
sas,1998,4.80759048461914
sas,1999,4.74454116821289
sas,2000,4.77254247665405
sas,2001,4.45211505889893
sas,2002,4.44840860366821
sas,2003,4.37821340560913
sas,2004,4.49661493301392
sas,2005,4.65877628326416
sas,2006,4.62114906311035
sas,2007,4.92476797103882
sas,2008,4.84862184524536
sas,2009,5.19528675079346
sas,2010,5.53044319152832
sas,2011,5.55570888519287
sas,2012,4.41236782073975
sas,2013,3.22479915618896
sas,2014,3.16665363311768
sau,1979,9.41359996795654
sau,2005,5.20658016204833
sau,2007,2.93347001075745
sau,2008,3.14500999450684
sau,2011,2.05101990699768
sau,2012,1.36195003986359
sau,2013,1.0704699754715
sau,2014,0.85809999704361
sau,2015,1.01890003681183
sdn,2010,4.05245018005371
sdn,2012,3.52747988700867
sdn,2013,3.08704996109009
sen,1971,20.1663208007813
sen,1972,19.5008792877197
sen,1978,15.2357301712036
sen,1979,15.6138601303101
sen,1980,16.2795791625977
sen,1981,15.9076900482178
sen,1982,15.9348297119141
sen,1983,15.8900098800659
sen,1984,15.3547096252441
sen,1985,16.1659297943115
sen,1986,16.5485992431641
sen,1988,14.9560203552246
sen,1989,15.9359903335571
sen,1990,16.1183204650879
sen,1992,16.0356292724609
sen,1994,15.2196598052979
sen,1996,13.969349861145
sen,1997,13.3685302734375
sen,1998,13.2729501724243
sen,1999,14.5281400680541
sen,2000,13.4962100982666
sen,2001,13.6803798675537
sen,2002,13.5782604217529
sen,2003,13.6456804275513
sen,2004,12.8022899627686
sen,2005,11.8056602478027
sen,2006,10.4781703948975
sen,2007,10.4782199859619
sen,2008,7.58788013458252
sen,2009,7.3786301612854
sen,2010,6.20415019989014
sen,2011,2.89867997169495
sen,2012,3.36131000518799
sen,2013,2.73578000068665
sen,2014,2.76132011413574
sen,2015,2.63840007781982
sgp,1972,6.30542993545532
sgp,1973,5.30456018447875
sgp,1974,5.56245994567871
sgp,1975,5.56985998153687
sgp,1976,7.39904022216797
sgp,1977,16.3821601867676
sgp,1978,9.62584972381592
sgp,1979,6.84739017486572
sgp,1980,5.58028984069824
sgp,1982,1.87926995754242
sgp,1983,1.30647003650665
sgp,1984,1.26590001583099
sgp,2007,0.289880007505417
sgp,2008,0.281139999628067
sgp,2009,0.362210005521774
slb,1975,5.61295986175537
slb,1980,4.6410698890686
slb,1981,4.04505014419556
slb,1982,4.08763980865479
slb,1983,3.70444989204407
slb,1986,6.84127998352051
slb,2011,7.57957983016968
slb,2012,7.58314990997314
slb,2013,6.6220498085022
slb,2014,6.53531980514526
slb,2015,11.8012800216675
sle,1978,16.113260269165
sle,2007,10.1821002960205
sle,2011,16.064359664917
sle,2012,14.0629901885986
sle,2013,13.7813997268677
sle,2015,13.2714099884033
slv,1971,17.0764598846436
slv,1972,9.07178974151611
slv,1973,7.31673002243041
slv,1974,7.9426097869873
slv,1976,8.33918952941895
slv,1977,8.39610958099365
slv,1981,9.84512042999268
slv,1982,8.87386989593506
slv,1983,8.75271987915039
slv,1984,9.53314018249512
slv,1987,8.458740234375
slv,1988,7.85571002960205
slv,1989,8.8436803817749
slv,1991,9.04792022705078
slv,1992,7.46997022628784
slv,1993,8.31091976165771
slv,1995,6.66870021820068
slv,1996,4.67943000793457
slv,1998,6.742919921875
slv,2000,5.90888977050781
slv,2001,5.64523983001708
slv,2002,6.07612991333008
slv,2003,5.742760181427
slv,2005,5.32527017593384
slv,2006,6.30288982391357
slv,2007,5.40179014205933
slv,2008,5.01357984542847
slv,2009,4.24989986419678
slv,2010,4.61408996582031
slv,2011,4.51543998718262
slv,2012,4.88703012466431
slv,2013,5.20996999740601
slv,2014,4.64004993438721
slv,2015,4.31401014328003
smr,1992,0.0
smr,1993,0.0
smr,2000,0.0
smr,2008,0.0
smr,2009,0.0
smr,2010,0.0
smr,2011,0.0
smr,2012,0.0
som,1975,0.0
srb,2007,0.512679994106293
srb,2008,0.504670023918152
srb,2009,0.538129985332489
srb,2010,0.396450012922287
srb,2011,0.292079985141754
srb,2012,0.355879992246628
srb,2013,0.338939994573593
srb,2014,0.352259993553162
srb,2015,0.530939996242523
ssa,1972,11.5670795440674
ssa,1973,11.5180730819702
ssa,1974,11.2343034744263
ssa,1975,10.9281482696533
ssa,1976,10.913501739502
ssa,1977,10.7280645370483
ssa,1978,9.97589492797852
ssa,1979,10.1447248458862
ssa,1980,10.3666152954102
ssa,1981,10.2610549926758
ssa,1982,10.1687784194946
ssa,1983,10.0892143249512
ssa,1984,10.0922250747681
ssa,1985,10.1247510910034
ssa,1986,10.586706161499
ssa,1987,10.9484453201294
ssa,1988,11.256477355957
ssa,1989,11.0040235519409
ssa,1990,10.7826480865479
ssa,1991,10.6940698623657
ssa,1992,10.0179529190063
ssa,1993,9.83671474456787
ssa,1994,10.3843336105347
ssa,1995,10.4307231903076
ssa,1996,10.2260255813599
ssa,1997,9.98996067047119
ssa,1998,10.1295366287231
ssa,1999,10.1526012420654
ssa,2000,10.0672845840454
ssa,2001,10.7862129211426
ssa,2002,10.5292997360229
ssa,2003,10.3095254898071
ssa,2004,10.4259471893311
ssa,2005,9.32840919494629
ssa,2006,9.02746295928955
ssa,2007,9.00055408477783
ssa,2008,8.72457408905029
ssa,2009,8.71184062957764
ssa,2010,8.69218921661377
ssa,2011,8.66336441040039
ssa,2012,8.47719764709473
ssa,2013,8.38667678833008
ssa,2014,8.0699291229248
ssd,2011,12.4791898727416
ssf,1972,11.5625925064087
ssf,1973,11.5139713287354
ssf,1974,11.2307920455933
ssf,1975,10.9247446060181
ssf,1976,10.9101085662842
ssf,1977,10.7249612808228
ssf,1978,9.97339725494385
ssf,1979,10.142370223999
ssf,1980,10.3643817901611
ssf,1981,10.2589740753174
ssf,1982,10.1668033599854
ssf,1983,10.0873098373413
ssf,1984,10.0903825759888
ssf,1985,10.1228885650635
ssf,1986,10.5847177505493
ssf,1987,10.9464492797852
ssf,1988,11.2544527053833
ssf,1989,11.0021438598633
ssf,1990,10.7807569503784
ssf,1991,10.6922817230225
ssf,1992,10.0163631439209
ssf,1993,9.83522510528564
ssf,1994,10.3827819824219
ssf,1995,10.4292116165161
ssf,1996,10.2245378494263
ssf,1997,9.98863220214844
ssf,1998,10.1282548904419
ssf,1999,10.1513319015503
ssf,2000,10.0660820007324
ssf,2001,10.7850255966187
ssf,2002,10.5282182693481
ssf,2003,10.3085470199585
ssf,2004,10.4250631332397
ssf,2005,9.32764339447021
ssf,2006,9.02676391601563
ssf,2007,8.99989700317383
ssf,2008,8.72397041320801
ssf,2009,8.71126651763916
ssf,2010,8.69162654876709
ssf,2011,8.66281223297119
ssf,2012,8.4766788482666
ssf,2013,8.3861837387085
ssf,2014,8.06946468353271
stp,1977,39.9833602905273
stp,1984,18.1150093078613
stp,1988,35.4378395080566
stp,1999,28.6924896240234
stp,2002,24.4837799072266
stp,2003,28.3816108703613
stp,2004,23.8485908508301
stp,2005,22.4382305145264
stp,2007,24.4590797424316
stp,2008,22.7611694335938
stp,2009,14.1137199401855
stp,2010,11.879599571228
stp,2011,11.1595497131348
stp,2012,9.73810005187988
stp,2014,9.00792980194092
stp,2016,11.7381401062012
sur,1976,21.3815097808838
sur,1977,20.1069602966309
sur,1978,22.4965000152588
sur,1979,23.4093399047852
sur,1985,19.5024394989014
sur,1987,20.4280490875244
sur,1988,20.8942909240723
sur,1989,20.1695499420166
sur,2005,18.077880859375
sur,2006,12.0556898117065
sur,2007,13.4774799346924
sur,2008,14.3656797409058
sur,2009,14.4662704467773
sur,2010,14.6501502990723
sur,2011,13.2583999633789
sur,2012,14.0915498733521
sur,2013,13.3347501754761
sur,2014,13.0408601760864
sur,2015,14.0651302337646
svk,1992,1.9868700504303
svk,1993,1.88066005706787
svk,1994,1.86126005649567
svk,1995,1.84377002716064
svk,1996,1.88259994983673
svk,1997,1.93903005123138
svk,1998,2.06900000572205
svk,1999,2.02377009391785
svk,2000,2.10925006866455
svk,2001,2.1435399055481
svk,2002,2.30922007560729
svk,2003,2.22994995117188
svk,2004,2.38112998008728
svk,2005,2.417799949646
svk,2006,2.47259998321533
svk,2007,2.47431993484497
svk,2008,2.67899990081787
svk,2009,2.94381999969482
svk,2010,2.93559002876282
svk,2011,2.70595002174377
svk,2012,2.70027995109558
svk,2013,2.64252996444702
svk,2014,2.82423996925354
svk,2015,3.03953003883362
svn,1997,0.851019978523254
svn,1998,0.65489000082016
svn,1999,0.743709981441498
svn,2000,0.680850028991699
svn,2001,0.615149974822998
svn,2002,0.582790017127991
svn,2003,0.444999992847443
svn,2004,0.394650012254715
svn,2005,0.364039987325668
svn,2006,0.319160014390945
svn,2007,0.316449999809265
svn,2008,0.441100001335144
svn,2009,0.395649999380112
svn,2010,0.533590018749237
svn,2011,0.524060010910034
svn,2012,0.629459977149963
svn,2013,0.554700016975403
svn,2014,0.611370027065277
swe,1971,0.0
swe,1972,0.0
swe,1973,0.0
swe,1974,0.0
swe,1975,0.0
swe,1976,0.0
swe,1977,0.0
swe,1978,0.0
swe,1979,0.0
swe,1980,0.0
swe,1981,0.0
swe,1982,0.0
swe,1983,0.0
swe,1984,0.0
swe,1987,0.0
swe,1988,0.0
swe,1989,0.0
swe,1990,0.0
swe,1991,0.0
swe,1992,0.0
swe,1999,0.0
swe,2000,0.0
swe,2001,0.0
swe,2002,0.0
swe,2003,0.0
swe,2004,0.0
swe,2005,0.0
swe,2006,0.0
swe,2007,0.0
swe,2008,0.0
swe,2009,0.0
swe,2010,0.0
swe,2011,0.0
swe,2012,0.0
swe,2013,0.0
swe,2014,0.0
swe,2015,0.0
swz,1970,9.77182960510254
swz,1971,14.1703901290894
swz,1972,14.1798696517944
swz,1973,12.2137203216553
swz,1974,9.831130027771
swz,1975,9.09648990631104
swz,1976,11.9600200653076
swz,1977,9.26840972900391
swz,1978,9.31231021881104
swz,1979,9.51340961456299
swz,1980,9.37662029266357
swz,1981,10.2457103729248
swz,1982,11.069390296936
swz,1983,11.2283201217651
swz,1984,10.7699499130249
swz,1985,12.1230602264404
swz,1986,13.0960998535156
swz,1987,13.29833984375
swz,1988,13.0178804397583
swz,1989,12.7448701858521
swz,1990,12.7756595611572
swz,1991,12.9542503356934
swz,1992,13.2576198577881
swz,1993,13.5043096542358
swz,1994,12.6972703933716
swz,1995,13.1651401519775
swz,1996,13.2998695373535
swz,1997,13.3282403945923
swz,1998,13.2865896224976
swz,1999,14.4899702072144
swz,2000,13.1704998016357
swz,2001,14.3481798171997
swz,2002,13.2426099777222
swz,2003,13.657320022583
swz,2004,13.6485595703125
swz,2005,14.9830503463745
swz,2006,13.9857196807861
swz,2007,15.3059101104736
swz,2009,14.4272003173828
swz,2010,12.942720413208
swz,2011,13.0269203186035
swz,2012,13.1134395599365
swz,2013,14.3701601028442
sxm,2012,8.78567028045654
sxm,2014,4.92257022857666
syc,1970,0.799310028553009
syc,1971,0.653460025787354
syc,1972,0.572899997234344
syc,1974,1.84096002578735
syc,1975,1.32878005504608
syc,1976,0.340270012617111
syc,1977,0.29679000377655
syc,1978,0.845459997653961
syc,1980,0.0
syc,1981,0.0
syc,1982,0.0
syc,1983,0.0
syc,1984,0.0
syc,1985,0.0
syc,1986,0.0
syc,1987,0.0
syc,1988,0.0
syc,1989,0.0
syc,1991,0.0
syc,1992,0.0
syc,1993,0.0
syc,1994,0.0
syr,1971,9.76900959014893
syr,1972,8.8861198425293
syr,1973,8.96140956878662
syr,1974,9.22224998474121
syr,1975,9.62866020202637
syr,1976,9.89525032043457
syr,1977,9.19449996948242
syr,1978,8.18047046661376
syr,1979,8.021559715271
syr,1980,7.96842002868652
syr,1981,7.16868019104004
syr,1982,7.39966011047363
syr,1983,7.50420999526978
syr,1984,7.06727981567383
syr,1985,7.04041004180908
syr,1986,6.66691017150879
syr,1987,6.3260498046875
syr,1988,6.43451976776123
syr,1989,6.49258995056152
syr,1990,6.53001022338867
syr,1991,6.26892995834351
syr,1992,5.98231983184814
syr,1993,6.3937201499939
syr,1994,6.0066499710083
syr,1995,6.3669900894165
syr,1996,6.1209602355957
syr,1997,6.27758979797363
syr,1998,5.88270998001099
syr,1999,5.61359977722167
syr,2000,5.98886013031006
syr,2001,6.04946994781494
syr,2002,5.69210004806519
syr,2003,6.90627002716064
syr,2004,6.56398010253906
syr,2005,6.43269014358521
syr,2006,5.40276002883911
syr,2007,5.92870998382568
syr,2008,6.34186983108521
syr,2009,6.53844976425171
syr,2010,6.47948980331421
syr,2011,6.39073991775513
syr,2012,6.40859985351563
syr,2013,6.39785003662109
tca,1994,0.0
tca,1997,5.04527997970581
tca,2000,7.99585008621216
tca,2001,7.84314012527466
tca,2002,4.78010988235474
tca,2004,4.27112007141113
tca,2005,2.64549994468689
tca,2009,0.9964399933815
tca,2014,1.45929002761841
tca,2015,4.6399998664856
tcd,1976,33.5650291442871
tcd,1977,34.2821807861328
tcd,1988,34.6473693847656
tcd,1989,33.5685501098633
tcd,1990,34.5021705627441
tcd,1991,33.6491508483887
tcd,1994,28.9188804626465
tcd,1995,34.6014785766602
tcd,1996,32.7036590576172
tcd,1997,32.1381988525391
tcd,1998,30.5526790618896
tcd,1999,26.316780090332
tcd,2000,24.9529304504395
tcd,2001,25.9372596740723
tcd,2002,25.9066104888916
tcd,2003,24.4521903991699
tcd,2004,21.1652202606201
tcd,2005,23.5000801086426
tcd,2006,22.7557697296143
tcd,2007,22.7558193206787
tcd,2008,23.5883693695068
tcd,2009,23.5883293151855
tcd,2010,22.8932304382324
tcd,2011,22.1967906951904
tcd,2012,23.6354904174805
tcd,2013,24.9001293182373
tgo,1971,34.6690216064453
tgo,1972,31.7208404541016
tgo,1976,29.9577102661133
tgo,1978,28.7416591644287
tgo,1979,31.0360107421875
tgo,1980,32.0054893493652
tgo,1981,36.7048416137695
tgo,1982,38.0367012023926
tgo,1983,36.2554512023926
tgo,1984,37.1002616882324
tgo,1985,38.1478385925292
tgo,1986,35.9440307617188
tgo,1987,35.8627891540527
tgo,1988,32.0783309936523
tgo,1989,38.1260986328125
tgo,1990,34.6716003417969
tgo,1991,36.6669006347656
tgo,1992,37.6890411376953
tgo,1994,46.2315101623535
tgo,1995,33.6678085327148
tgo,1996,25.1104698181152
tgo,1999,31.568000793457
tgo,2000,27.1082897186279
tgo,2001,24.2715396881104
tgo,2002,23.1520004272461
tgo,2003,24.2590293884277
tgo,2004,24.0969905853271
tgo,2005,23.2556304931641
tgo,2006,23.8728408813477
tgo,2007,24.0120697021484
tgo,2008,23.0333099365234
tgo,2009,22.7030506134033
tgo,2010,22.2532501220703
tgo,2011,21.7419300079346
tgo,2012,20.0385303497314
tgo,2013,17.8753204345703
tgo,2014,11.132550239563
tgo,2015,9.35313034057617
tha,1975,9.51399993896484
tha,1976,9.35933017730713
tha,1977,9.16847038269042
tha,1978,9.26618957519531
tha,1981,7.32289981842041
tha,1999,3.53186011314392
tha,2000,3.60935997962952
tha,2001,3.67125010490417
tha,2007,6.47208976745605
tha,2015,1.19841003417969
tjk,2009,0.308279991149902
tjk,2010,0.277460008859634
tjk,2011,0.0949700027704239
tjk,2012,0.223030000925064
tjk,2014,0.0568099990487099
tjk,2015,0.0354500003159046
tjk,2016,0.0438299998641014
tls,2008,11.8135404586791
tls,2009,16.8409900665283
tls,2010,14.9467401504517
tls,2011,16.2463798522949
tls,2012,15.2094297409058
tls,2013,15.7039003372192
tls,2014,15.4302701950073
tls,2015,13.2411298751831
ton,1977,4.65090990066528
ton,1978,5.19384002685547
ton,1979,5.13557004928589
ton,1981,8.64766979217529
ton,1982,7.73228979110718
ton,1983,6.47585010528564
ton,1984,6.19721984863281
ton,1985,6.98358011245728
ton,1986,4.82391023635864
ton,1990,4.15666007995605
ton,1991,9.95617008209229
ton,1993,7.53065013885498
ton,1998,6.86570978164673
ton,1999,9.2390604019165
ton,2001,5.40977001190186
ton,2005,4.49354982376099
ton,2006,4.38431978225708
ton,2012,2.47832989692687
ton,2013,2.55540990829468
tto,1982,3.86020994186401
tto,1985,5.49589014053345
tto,1988,3.42571997642517
tto,1991,3.33745002746582
tto,1992,3.21307992935181
tto,1993,3.66741991043091
tto,1996,5.41172981262207
tto,1997,5.23731994628906
tto,1999,4.3844199180603
tto,2000,7.4329400062561
tto,2001,5.16009998321533
tto,2003,4.02748012542725
tto,2004,4.23196983337402
tto,2005,4.42512989044189
tto,2007,2.97683000564575
tto,2008,5.46358013153076
tto,2009,4.72430992126465
tto,2010,5.20801019668579
tun,1973,16.3598499298096
tun,1976,18.110710144043
tun,1977,22.5018005371094
tun,1978,20.0861206054688
tun,1979,20.6284198760986
tun,1980,20.8986797332764
tun,1981,19.044750213623
tun,1982,18.1796493530273
tun,1983,19.0134296417236
tun,1984,18.472110748291
tun,1985,19.3355693817139
tun,1986,18.9679508209229
tun,1987,20.4892692565918
tun,1988,21.0358200073242
tun,1989,19.5268001556396
tun,1990,18.9936199188232
tun,1991,18.2340698242188
tun,1993,16.9682693481445
tun,1994,16.1283302307129
tun,1995,14.6637201309204
tun,1996,15.5474300384521
tun,1997,14.5667400360107
tun,1999,16.3599300384521
tun,2000,14.3454904556274
tun,2001,12.2777700424194
tun,2002,8.00446033477783
tun,2003,7.30583000183105
tun,2004,5.73725986480713
tun,2005,6.62059020996094
tun,2006,4.73173999786377
tun,2007,5.70844984054565
tun,2008,6.47181987762451
tun,2009,5.07357978820801
tun,2010,4.44207000732422
tun,2013,5.46855020523071
tun,2014,5.08934020996094
tur,1984,8.60618019104004
tur,1985,8.93819999694824
tur,1986,8.1818504333496
tur,1987,7.99531984329224
tur,1988,7.57275009155273
tur,1989,7.64618015289307
tur,1990,7.02408981323242
tur,1991,6.93315982818604
tur,1992,6.82629013061523
tur,1993,5.95134019851685
tur,1994,5.34770011901855
tur,1995,5.47202014923096
tur,2004,3.33816003799438
tur,2005,2.72217988967896
tur,2006,2.69857001304626
tur,2007,2.34606003761292
tur,2008,2.18709993362427
tur,2009,1.86620998382568
tur,2010,1.83261001110077
tur,2011,2.54392004013062
tur,2012,2.54889988899231
tur,2013,2.23836994171143
tur,2014,2.01787996292114
tur,2015,1.88593995571136
tuv,1990,0.0
tuv,1991,0.0
tuv,1993,0.0
tuv,1994,0.0
tuv,1998,5.3681001663208
tuv,2015,0.141440004110336
tza,1975,0.428369998931885
tza,1976,0.339210003614426
tza,1981,1.23485994338989
tza,1982,1.18964004516602
tza,1983,1.07957994937897
tza,1984,0.980960011482239
tza,1986,1.1380900144577
tza,1987,4.91624021530151
tza,1988,6.09488010406494
tza,1989,4.79550981521606
tza,1990,4.51204013824463
tza,1991,3.860759973526
tza,1992,3.57457995414734
tza,1993,3.19425010681152
tza,1994,3.01072001457214
tza,1997,2.18951988220215
tza,1998,2.99828004837036
tza,1999,3.17545008659363
tza,2000,2.66200995445251
tza,2001,2.54701995849609
tza,2002,2.45057010650635
tza,2004,5.4242901802063
tza,2005,5.93043994903564
tza,2006,4.96551990509033
tza,2007,4.18099021911621
tza,2009,2.27090001106262
tza,2010,2.26975989341736
tza,2012,2.53289008140564
tza,2013,3.34093999862671
uga,1982,10.3029804229736
uga,1986,13.9075698852539
uga,2001,9.31085014343262
uga,2002,10.2554702758789
uga,2003,13.1007995605469
uga,2004,13.7073802947998
uga,2005,13.3400897979736
uga,2007,14.563380241394
uga,2008,10.7843198776245
uga,2009,13.9474897384644
uga,2010,10.5256204605103
uga,2011,10.0302495956421
uga,2012,10.4271202087402
uga,2013,10.1425895690918
uga,2014,6.95669984817505
uga,2015,7.06928014755249
ukr,1993,1.03455996513367
ukr,1994,0.923080027103424
ukr,1999,0.789470016956329
ukr,2000,0.704280018806458
ukr,2001,0.487159997224808
ukr,2002,0.196050003170967
ukr,2003,0.118079997599125
ukr,2004,0.124640002846718
ukr,2005,0.10860999673605
ukr,2006,0.118500001728535
ukr,2007,0.118419997394085
ukr,2008,0.116329997777939
ukr,2009,0.0925299972295761
ukr,2010,0.0709199979901314
ukr,2011,0.0640000030398369
ukr,2012,0.0557200014591217
ukr,2013,0.0547300018370152
ukr,2014,0.0566600002348423
ukr,2015,0.0512400008738041
umc,1984,5.61894989013672
umc,1985,5.71890020370483
umc,1986,5.96844005584717
umc,1987,5.59144020080566
umc,1988,5.65691995620728
umc,1989,5.7025899887085
umc,1990,5.75403022766113
umc,1991,5.7327299118042
umc,1992,5.66187000274658
umc,1993,5.50326013565063
umc,1994,5.41765022277832
umc,1995,5.59493017196655
umc,1996,5.37036991119385
umc,1997,4.75188016891479
umc,1998,4.66245985031128
umc,1999,4.44208002090454
umc,2000,4.2564902305603
umc,2001,4.27783012390137
umc,2002,4.00447988510132
umc,2003,3.88636994361877
umc,2004,3.82814002037048
umc,2005,4.05183982849121
umc,2006,4.10903978347778
umc,2007,4.10243988037109
umc,2008,4.01156997680664
umc,2009,4.00147008895874
umc,2010,3.91774988174438
umc,2011,3.89505004882813
umc,2012,3.76596999168395
umc,2013,3.69953989982604
umc,2014,3.62468004226685
umc,2015,3.59834003448486
ury,1974,11.7635402679443
ury,1976,12.4738397598267
ury,1977,11.0090703964233
ury,1978,10.5219097137451
ury,1979,11.4089803695679
ury,1980,10.6235198974609
ury,1985,9.27950954437256
ury,1986,8.43418979644775
ury,1987,7.9957799911499
ury,1988,7.35080003738403
ury,1989,7.00906991958618
ury,1990,7.51379013061523
ury,1991,8.4097204208374
ury,1992,8.30078029632568
ury,1993,8.10420989990234
ury,1994,8.15754985809326
ury,1995,8.11375045776367
ury,1996,7.78385019302368
ury,1997,6.71737003326416
ury,1998,6.86288976669312
ury,1999,6.48960018157958
ury,2000,7.31210994720458
ury,2001,7.42598009109497
ury,2002,6.8915901184082
ury,2003,6.85914993286133
ury,2004,6.04314994812012
ury,2005,6.07990980148315
ury,2006,5.70762014389038
ury,2007,5.59162998199463
ury,2008,5.42433023452759
ury,2009,4.21668004989624
ury,2010,4.38324022293091
ury,2013,3.64120006561279
ury,2014,3.69716000556946
uzb,2001,0.0341599993407726
uzb,2002,0.0252000000327826
uzb,2003,0.0166599992662668
uzb,2004,0.0121499998494983
uzb,2005,0.0091399997472763
uzb,2006,0.0087599996477365
uzb,2007,0.0057100001722574
uzb,2008,0.0
uzb,2009,0.0
uzb,2010,0.0053400001488626
uzb,2011,0.0
uzb,2012,0.0
uzb,2013,0.0
uzb,2014,0.0
uzb,2015,0.0
uzb,2016,0.0
vct,1999,7.87910985946655
vct,2002,8.04741954803467
vct,2003,7.76612997055054
vct,2004,5.24639987945557
vct,2005,3.012619972229
vct,2008,3.8858699798584
vct,2010,3.44477009773254
vct,2011,3.50284004211426
vct,2012,3.68822002410889
vct,2013,3.57196998596191
vct,2014,1.88216996192932
vct,2015,3.370609998703
ven,1988,7.70678997039795
ven,1989,8.07660007476807
ven,1991,8.3308801651001
ven,1992,8.4199800491333
ven,1993,8.68379974365234
ven,1996,8.10657978057861
ven,1997,7.90232992172241
ven,1999,5.45476007461548
ven,2000,5.1875
ven,2001,5.18751001358032
ven,2002,5.92482995986938
ven,2003,5.77144002914429
ven,2004,5.68423986434937
ven,2005,5.11833000183105
ven,2006,4.58624982833862
ven,2007,3.67121005058289
ven,2008,2.54604005813599
ven,2009,2.52195000648499
ven,2010,2.65260004997253
ven,2011,2.52393007278442
ven,2012,2.72574996948242
ven,2013,2.77606010437012
ven,2014,2.12502002716064
ven,2015,2.13484001159668
vgb,1985,8.20668983459473
vgb,1994,4.81727981567383
vgb,2002,3.41569995880127
vgb,2003,4.207359790802
vgb,2004,2.49815988540649
vgb,2005,4.93561983108521
vgb,2006,4.85914993286133
vgb,2007,2.69179010391235
vgb,2009,4.69361019134521
vgb,2010,4.30868005752563
vgb,2011,4.44591999053955
vgb,2012,3.46859002113342
vgb,2013,3.85873007774353
vgb,2014,3.85604000091553
vgb,2015,3.18673992156982
vnm,1999,3.2331600189209
vnm,2000,2.82515001296997
vnm,2001,2.41580009460449
vnm,2002,1.91832995414734
vnm,2003,1.91831994056702
vnm,2013,0.712790012359619
vnm,2014,0.686909973621368
vnm,2015,0.610329985618591
vut,1992,11.4420604705811
vut,1994,13.62024974823
vut,1998,10.2880201339722
vut,2000,9.93225002288818
vut,2001,5.87561988830566
vut,2002,7.08053016662598
vut,2004,9.73079967498779
vut,2007,12.305290222168
vut,2008,11.538459777832
vut,2009,12.6706695556641
vut,2010,11.9862699508666
vut,2013,13.6132898330688
wld,1970,7.73641014099121
wld,1971,7.7039999961853
wld,1972,7.5359001159668
wld,1973,7.37330007553101
wld,1974,7.1318998336792
wld,1975,6.86674976348877
wld,1976,6.63073015213013
wld,1977,6.5800199508667
wld,1978,6.52234983444214
wld,1979,6.52691984176636
wld,1980,6.44359016418457
wld,1981,6.38170003890991
wld,1982,6.2913498878479
wld,1983,6.18575000762939
wld,1984,6.11012983322144
wld,1985,5.96826982498169
wld,1986,5.93947982788086
wld,1987,5.66677999496459
wld,1988,5.71606016159058
wld,1989,5.70782995223999
wld,1990,5.69059991836548
wld,1991,5.67343997955322
wld,1992,5.58155012130737
wld,1993,5.47487020492554
wld,1994,5.48600006103516
wld,1995,5.56227016448975
wld,1996,5.40578985214233
wld,1997,5.11758995056152
wld,1998,5.09800004959106
wld,1999,4.98539018630981
wld,2000,4.93548011779785
wld,2001,4.9288501739502
wld,2002,4.82482004165649
wld,2003,4.72585010528564
wld,2004,4.69995021820068
wld,2005,4.72067022323608
wld,2006,4.66466999053955
wld,2007,4.73456001281738
wld,2008,4.6398401260376
wld,2009,4.77696990966797
wld,2010,4.82168006896973
wld,2011,4.82215023040771
wld,2012,4.23000001907349
wld,2013,3.99891996383666
wld,2014,3.74019002914429
wld,2015,3.50565004348755
wsm,1999,0.884140014648438
wsm,2000,0.957120001316071
wsm,2001,0.668940007686614
wsm,2007,0.911670029163361
wsm,2009,0.844330012798309
wsm,2010,0.733810007572174
wsm,2011,1.84738004207611
wsm,2012,1.02154004573822
wsm,2014,1.15397000312805
wsm,2015,1.13525998592377
yem,1999,8.66471004486083
yem,2001,5.54933977127075
yem,2002,5.5549201965332
yem,2003,3.69322991371155
yem,2004,3.69528007507324
yem,2005,4.33305978775024
yem,2008,5.01895999908447
yem,2010,5.74839019775391
yem,2012,5.83516979217529
yem,2013,7.29754018783569
zaf,1991,10.7160396575928
zaf,1998,6.89420986175537
zaf,1999,9.15653038024902
zaf,2000,7.34776020050049
zaf,2001,12.7047100067139
zaf,2002,6.28894996643066
zaf,2003,4.54183006286621
zaf,2004,7.50756978988647
zmb,1972,1.69825994968414
zmb,1973,1.62311005592346
zmb,1974,1.73247003555298
zmb,1975,1.75460994243622
zmb,1976,1.46349000930786
zmb,1977,1.11743998527527
zmb,1978,1.00174999237061
zmb,1979,1.39046001434326
zmb,1980,1.59979999065399
zmb,1981,1.27388000488281
zmb,1982,1.09951996803284
zmb,1983,1.30297994613647
zmb,1984,1.55880999565125
zmb,1986,1.88724005222321
zmb,1994,2.23697996139526
zmb,1995,2.56312990188599
zmb,1998,6.17027997970581
zmb,1999,5.79223012924194
zmb,2000,5.86040019989014
zmb,2002,7.06868982315063
zmb,2004,6.81032991409302
zmb,2005,6.01386022567749
zmb,2006,6.47731018066406
zmb,2007,6.15534019470215
zmb,2008,5.6554799079895
zmb,2009,5.8922700881958
zmb,2010,5.66962003707886
zmb,2011,5.6524600982666
zmb,2012,5.13346004486083
zmb,2013,5.35050010681152
zwe,1984,0.782670021057129
zwe,2012,1.85839998722076
zwe,2013,1.66942000389099
