country,year,uis_e_1_g2_f
abw,1999,726
abw,2000,728
abw,2001,818
abw,2002,794
abw,2003,854
abw,2004,805
abw,2005,798
abw,2006,832
abw,2007,824
abw,2008,765
abw,2009,801
abw,2010,766
abw,2013,755
abw,2014,817
afg,1970,15149
afg,1971,15696
afg,1972,17747
afg,1973,18577
afg,1974,19426
afg,1975,21546
afg,1976,23625
afg,1977,24167
afg,1978,25900
afg,1980,33560
afg,1981,39855
afg,1982,23736
afg,1984,27231
afg,1985,32413
afg,1986,34761
afg,1988,44685
afg,1989,42281
afg,1993,32972
afg,2003,314445
afg,2005,340432
afg,2007,338782
afg,2009,372298
afg,2010,408142
afg,2011,430558
afg,2012,484701
afg,2013,504236
afg,2014,504440
ago,1972,55686
ago,1982,186619
ago,1986,135883
ago,1987,136300
ago,1988,143621
ago,1989,152684
ago,1990,151563
ago,1991,136582
ago,1992,131428
ago,2008,434834
ago,2009,445780
ago,2010,459154
ago,2011,469810
alb,1976,35026
alb,1978,33585
alb,1979,32614
alb,1980,32602
alb,1981,31624
alb,1982,31940
alb,1983,32000
alb,1984,33659
alb,1985,33808
alb,1986,33310
alb,1987,31983
alb,1988,32792
alb,1989,33561
alb,1990,34317
alb,1991,34256
alb,1994,34724
alb,1995,36822
alb,1996,35624
alb,2000,34405
alb,2001,33143
alb,2003,30834
alb,2004,28837
alb,2005,28385
alb,2006,25902
alb,2007,24097
alb,2008,23553
alb,2009,22685
alb,2010,18372
alb,2011,20015
alb,2012,18496
alb,2013,18314
alb,2014,17895
and,2002,316
and,2003,333
and,2004,316
and,2005,365
and,2006,417
and,2007,445
and,2008,381
and,2009,375
and,2010,374
and,2011,358
and,2012,351
and,2013,330
and,2014,331
arb,1970,1121242
arb,1971,1148873.875
arb,1972,1201600.125
arb,1973,1237514.75
arb,1974,1286181.625
arb,1975,1305597.5
arb,1976,1405527.625
arb,1977,1509757
arb,1978,1572289.625
arb,1979,1620768.125
arb,1980,1857901.625
arb,1981,1792822.75
arb,1982,1810363.5
arb,1983,1880497.875
arb,1984,1980084.625
arb,1985,2084045.625
arb,1986,2134441.75
arb,1987,2277279.5
arb,1988,2380337.75
arb,1989,2374938.75
arb,1990,2425215.25
arb,1991,2515730.75
arb,1992,2601487
arb,1993,2678833.25
arb,1994,2732875.25
arb,1995,2788977.5
arb,1996,2816543
arb,1997,2886418.25
arb,1998,2929469.5
arb,1999,2982878
arb,2000,3084515.5
arb,2001,3168577.75
arb,2002,3180261.5
arb,2003,3278371.5
arb,2004,3299150
arb,2005,3338961
arb,2006,3399871
arb,2007,3443975.25
arb,2008,3569488.75
arb,2009,3608420.5
arb,2010,3656633.75
arb,2011,3720115.75
arb,2012,3797047.25
arb,2013,3751973.75
arb,2014,3845418.25
are,1973,2519
are,1974,3256
are,1975,3741
are,1976,4598
are,1977,5276
are,1978,5434
are,1979,5706
are,1980,5518
are,1981,6377
are,1982,9411
are,1983,11155
are,1984,11617
are,1985,12865
are,1986,14562
are,1987,15709
are,1988,17001
are,1989,18342
are,1990,19602
are,1991,20407
are,1992,19749
are,1993,20588
are,1994,21799
are,1995,22388
are,1996,22357
are,1997,21672
are,1999,21880
are,2000,22231
are,2001,22966
are,2002,24430
are,2003,24040
are,2004,25729
are,2005,25610
are,2006,27671
are,2007,28175
are,2009,30476
are,2010,33763
are,2011,34500
are,2012,37487
are,2013,38202
are,2014,40795
arg,1970,282091
arg,1971,281250
arg,1974,277287
arg,1975,286940
arg,1976,290678
arg,1977,293769
arg,1978,312261
arg,1979,321081
arg,1980,318123
arg,1981,323801
arg,1991,365017
arg,1996,434373
arg,1997,381303
arg,1999,401916.09375
arg,2000,394667.75
arg,2001,390589.34375
arg,2002,395132.71875
arg,2003,387128.03125
arg,2004,390791.53125
arg,2005,381228.3125
arg,2006,379657.625
arg,2007,386499.71875
arg,2008,383919.6875
arg,2009,376369.46875
arg,2010,381517.96875
arg,2011,379879.46875
arg,2012,382944.125
arg,2013,377856.875
arm,1994,32672
arm,2000,30190
arm,2002,24049
arm,2003,24681
arm,2004,20913
arm,2005,19585
arm,2006,19482
arm,2007,18571
arm,2009,15420
arm,2010,15688
arm,2011,16397
arm,2012,16517
arm,2013,16713
arm,2014,16285
asm,1984,462
asm,1986,477
asm,1987,497
asm,1988,480
asm,1989,559
asm,1990,529
asm,1992,513
atg,1971,653
atg,1975,709
atg,1976,736
atg,1979,579
atg,1992,633
atg,2007,846
atg,2008,761
atg,2009,651
atg,2010,700
atg,2011,666
atg,2012,669
atg,2014,702
aus,1971,124065
aus,1972,121137
aus,1973,119726
aus,1974,121721
aus,1975,125458
aus,1976,131254
aus,1977,132764
aus,1978,139804
aus,1979,137199
aus,1980,129963
aus,1981,125595
aus,1982,122019
aus,1983,118462
aus,1984,116403
aus,1985,114197
aus,1986,113906
aus,1987,113995
aus,1988,118386
aus,1989,122607
aus,1990,125259
aus,1991,125022
aus,1992,126032
aus,1993,125150
aus,1994,123815
aus,1996,127787
aus,1997,131985
aus,1999,128673
aus,2000,130727
aus,2001,133576
aus,2002,134033
aus,2003,123214
aus,2004,127955
aus,2005,128741
aus,2006,129796
aus,2007,129656
aus,2008,119468
aus,2009,130240
aus,2010,132622
aus,2011,134770
aus,2012,142024
aus,2013,147594
aus,2014,151410
aut,1971,65641
aut,1972,65303
aut,1973,64590
aut,1974,62332
aut,1975,62230
aut,1976,61391
aut,1977,60049
aut,1978,55579
aut,1979,53126
aut,1980,50145
aut,1981,47041
aut,1982,45626
aut,1983,44983
aut,1984,41616
aut,1985,40618
aut,1986,41007
aut,1987,41154
aut,1988,42440
aut,1989,44926
aut,1990,45853
aut,1991,45149
aut,1992,45392
aut,1993,45970
aut,1994,46190
aut,1995,45729
aut,1996,46267
aut,1997,46462
aut,1999,47673
aut,2002,46636
aut,2003,45008
aut,2004,45635
aut,2005,44288
aut,2006,41916
aut,2007,40877
aut,2008,40187
aut,2009,39542
aut,2010,39637
aut,2011,39402
aut,2012,39779
aut,2013,39908.5
aut,2014,39608.33203125
aze,1991,73856
aze,1992,75581
aze,1993,75196
aze,1994,76065
aze,1995,95831
aze,1996,94054
aze,1997,83352
aze,1999,86296
aze,2000,84779
aze,2001,80281
aze,2002,80296
aze,2003,73571
aze,2004,68604
aze,2005,65246
aze,2006,59332
aze,2007,58735
aze,2008,55721
aze,2009,55035
aze,2010,55838
aze,2011,54360
aze,2012,55302
aze,2013,57619
aze,2014,62553
bdi,1971,12531
bdi,1972,12661
bdi,1973,9838
bdi,1974,8774
bdi,1975,8745
bdi,1976,8850
bdi,1977,9080
bdi,1978,9792
bdi,1979,10410
bdi,1980,11329
bdi,1981,12799
bdi,1982,15099
bdi,1983,16155
bdi,1984,29093
bdi,1985,30808
bdi,1986,33008
bdi,1987,37866
bdi,1988,47079
bdi,1989,54185
bdi,1990,49804
bdi,1991,49505
bdi,1992,50099
bdi,1993,49657
bdi,2000,70723
bdi,2001,70094
bdi,2002,72371
bdi,2003,79861
bdi,2004,86921
bdi,2005,98884
bdi,2006,111370
bdi,2007,152868
bdi,2008,169351
bdi,2009,174345
bdi,2010,173917
bdi,2011,176124
bdi,2012,187528
bdi,2013,195585
bdi,2014,205016
bel,1971,83507
bel,1972,84510
bel,1974,77932
bel,1975,76530
bel,1976,74034
bel,1977,73689
bel,1978,72004
bel,1979,71557
bel,1980,69198
bel,1981,67127
bel,1982,63361
bel,1983,61854
bel,1984,59851
bel,1985,59871
bel,1986,60165
bel,1987,60249
bel,1988,61402
bel,1991,58208
bel,1992,57531
bel,1993,58642
bel,1994,60200
bel,2001,61389
bel,2002,59052
bel,2003,58468
bel,2004,58878
bel,2005,58739
bel,2006,58183
bel,2007,58084
bel,2008,57723
bel,2009,57535
bel,2010,57577
bel,2012,58677
bel,2013,60958
bel,2014,62548
ben,1971,8971
ben,1972,10393
ben,1973,11176
ben,1974,11863
ben,1975,13997
ben,1976,16575
ben,1977,16254
ben,1978,18412
ben,1979,20302
ben,1980,28954
ben,1981,23009
ben,1982,25725
ben,1983,27200
ben,1984,26498
ben,1985,28590
ben,1986,28657
ben,1987,29679
ben,1988,30800
ben,1989,32692
ben,1990,28158
ben,1991,35294
ben,1992,38458
ben,1993,41151
ben,1994,44415
ben,1995,49676
ben,1996,54153
ben,1997,59843
ben,1998,67936
ben,2000,76752
ben,2001,99203
ben,2002,95744
ben,2003,105827
ben,2004,107033
ben,2005,117975
ben,2006,123849
ben,2008,139975
ben,2009,173348
ben,2010,177049
ben,2011,177873
ben,2012,186686
ben,2013,193353
ben,2014,199033
bfa,1971,7779
bfa,1972,7990
bfa,1973,9272
bfa,1974,9599
bfa,1975,10618
bfa,1976,10459
bfa,1977,11174
bfa,1978,11262
bfa,1979,12921
bfa,1980,14061
bfa,1981,14866
bfa,1982,17298
bfa,1983,19164
bfa,1984,21207
bfa,1985,22726
bfa,1986,28927
bfa,1987,29967
bfa,1988,31860
bfa,1989,30786
bfa,1990,35044
bfa,1991,37832
bfa,1992,37434
bfa,1993,41578
bfa,1994,48606
bfa,1995,44760
bfa,1996,55016
bfa,1999,64041
bfa,2000,67101
bfa,2001,69671
bfa,2002,74056
bfa,2003,81613
bfa,2004,93639
bfa,2005,118984
bfa,2006,129632
bfa,2007,140740
bfa,2008,160595
bfa,2009,182991
bfa,2010,175567
bfa,2011,199373
bfa,2012,205899
bfa,2013,220465
bfa,2014,230671
bgd,1970,378486
bgd,1973,594862
bgd,1974,577379
bgd,1976,604091
bgd,1977,663757
bgd,1978,663048
bgd,1979,664332
bgd,1980,664730
bgd,1981,638971
bgd,1982,649230
bgd,1983,623363
bgd,1984,681425
bgd,1985,713623
bgd,1986,711343
bgd,1987,718456
bgd,1988,1113964
bgd,1989,1145174
bgd,1990,1209760
bgd,2005,1766210
bgd,2008,1824559
bgd,2009,1868590
bgd,2010,1903056
bgd,2011,2141134
bgr,1971,63914
bgr,1972,66765
bgr,1973,59707
bgr,1974,58809
bgr,1975,57668
bgr,1976,58143
bgr,1977,65142
bgr,1978,65994
bgr,1979,63355
bgr,1980,62112
bgr,1981,60786
bgr,1982,65962
bgr,1983,73412
bgr,1984,68074
bgr,1985,69007
bgr,1986,69480
bgr,1987,68430
bgr,1988,68639
bgr,1989,60809
bgr,1990,54047
bgr,1991,52094
bgr,1992,52066
bgr,1993,49751
bgr,1994,51622
bgr,1995,52657
bgr,1996,52635
bgr,1997,52403
bgr,1999,50420
bgr,2000,45463
bgr,2001,43354
bgr,2002,41219
bgr,2003,38877
bgr,2004,37041
bgr,2005,34903
bgr,2006,30625
bgr,2007,31346
bgr,2008,33759
bgr,2009,32736
bgr,2010,30545
bgr,2011,30128
bgr,2012,30782
bgr,2013,31134
bgr,2014,31572
bhr,1975,3498
bhr,1976,3466
bhr,1977,3417
bhr,1978,3477
bhr,1979,3712
bhr,1980,4029
bhr,1981,4022
bhr,1982,3951
bhr,1983,4200
bhr,1984,4647
bhr,1985,5137
bhr,1986,5112
bhr,1987,5312
bhr,1988,5253
bhr,1989,5383
bhr,1990,5347
bhr,1991,5864
bhr,1992,5840
bhr,1993,5928
bhr,1994,6221
bhr,1995,6193
bhr,1996,6196
bhr,1997,6311
bhr,1999,6500
bhr,2000,6747
bhr,2001,6749
bhr,2002,6796
bhr,2003,6946
bhr,2004,6766
bhr,2005,6708
bhr,2006,7353
bhr,2008,7306
bhr,2009,7276
bhr,2010,7485
bhr,2011,8040
bhr,2012,8188
bhr,2013,8378
bhr,2014,8634
bhs,1982,2725
bhs,1983,2691
bhs,1985,2584
bhs,1986,2624
bhs,1999,2922
bhs,2005,2867
bhs,2006,2795
bhs,2007,3013
bhs,2008,3036
bhs,2009,2848
bhs,2010,2796
bih,2007,20339
bih,2008,19068
bih,2009,17510
bih,2010,16682
bih,2011,17583
bih,2012,16236
bih,2013,15914
bih,2014,15564
blr,1993,76700
blr,1994,76700
blr,1995,75800
blr,1996,75400
blr,1997,74600
blr,1999,70427
blr,2000,83625
blr,2001,59511
blr,2002,54224
blr,2003,49293
blr,2004,46312
blr,2005,43677
blr,2006,42763
blr,2007,44148
blr,2008,44153
blr,2009,44414
blr,2010,42659
blr,2011,41888
blr,2012,42628
blr,2013,42842
blr,2014,44943
blz,1971,2042
blz,1974,2089
blz,1976,2120
blz,1977,2148
blz,1986,2458
blz,1987,2669
blz,1991,3108
blz,1992,3235
blz,1993,3123
blz,1994,3245
blz,1995,3352
blz,1996,3524
blz,1997,3619
blz,1999,3565
blz,2000,3644
blz,2001,3791
blz,2002,3798
blz,2003,3964
blz,2004,4131
blz,2005,4121
blz,2006,4246
blz,2007,4329
blz,2008,4472
blz,2009,4202
blz,2010,4130
blz,2011,4207
blz,2012,4193
blz,2013,4176
blz,2014,4054
bmu,1975,379
bmu,1976,354
bmu,1977,378
bmu,1978,385
bmu,1979,333
bmu,1980,293
bmu,1981,399
bmu,1982,376
bmu,1983,413
bmu,1984,397
bmu,1985,376
bmu,2001,405
bmu,2002,412
bmu,2003,399
bmu,2010,368
bmu,2011,359
bmu,2012,327
bmu,2013,316
bol,1970,55035
bol,1971,59612
bol,1973,66622
bol,1974,70480
bol,1975,71294
bol,1976,76916
bol,1977,79325
bol,1978,80742
bol,1979,81209
bol,1980,79943
bol,1981,88518
bol,1983,91685
bol,1984,100126
bol,1986,107100
bol,1987,112050
bol,1989,102326
bol,1990,104276
bol,1991,106902
bol,1992,107612
bol,1993,109352
bol,1994,113930
bol,1995,118776
bol,1996,121389
bol,1997,124002
bol,1998,126706
bol,1999,126706
bol,2000,129352
bol,2001,127807
bol,2002,130173
bol,2003,129063
bol,2004,126298
bol,2006,127324
bol,2007,128775
bol,2008,132373
bol,2009,122544
bol,2010,113737
bol,2011,107063
bol,2012,106899
bol,2013,109008
bra,1971,1491412
bra,1972,1573248
bra,1973,1590930
bra,1974,1568450
bra,1979,1788799
bra,1989,2279373
bra,2000,2384477
bra,2001,2251004
bra,2002,2249231
bra,2003,2221390
bra,2004,2169849
bra,2012,1509096
bra,2013,1466094
brb,1971,2830
brb,1973,2625
brb,1974,2384
brb,1975,2646
brb,1976,2587
brb,1977,2580
brb,1978,2859
brb,1979,2974
brb,1981,2427
brb,1982,2303
brb,1983,2320
brb,1984,2424
brb,1985,2174
brb,1989,2334
brb,1990,2075
brb,1992,2044
brb,1999,2203
brb,2000,1883
brb,2001,1796
brb,2002,1777
brb,2003,1765
brb,2004,1811
brb,2005,1782
brb,2006,1778
brb,2007,1833
brb,2008,1924
brb,2009,1783
brb,2010,1842
brb,2011,1672
brb,2014,1632
brn,1972,2527
brn,1973,2085
brn,1974,2147
brn,1975,2102
brn,1976,2161
brn,1977,2205
brn,1978,2372
brn,1979,2410
brn,1980,1093
brn,1981,2349
brn,1982,2563
brn,1983,2705
brn,1984,2703
brn,1986,2929
brn,1991,2907
brn,1992,3161
brn,1993,3406
brn,1994,3388
brn,1997,3574
brn,1999,3705
brn,2001,3574
brn,2002,3514
brn,2003,3775
brn,2004,3580
brn,2005,3528
brn,2006,3581
brn,2007,3733
brn,2008,3576
brn,2009,3608
brn,2010,3323
brn,2011,3408
brn,2012,3426
brn,2013,3341
brn,2014,3283
btn,1976,869
btn,1977,864
btn,1978,950
btn,1979,1138
btn,1983,2139
btn,1984,2535
btn,1985,2852
btn,1986,3391
btn,1988,5093
btn,1993,5096
btn,1994,5350
btn,1997,5834
btn,1999,6264
btn,2000,6620
btn,2001,6949
btn,2005,8035
btn,2006,7467
btn,2008,7880
btn,2009,8208
btn,2010,8244
btn,2011,8269
btn,2012,7837
btn,2013,6408
btn,2014,6073
bwa,1970,7395
bwa,1971,6193
bwa,1972,5743
bwa,1973,7767
bwa,1974,11386
bwa,1975,10920
bwa,1976,13508
bwa,1977,12654
bwa,1978,13101
bwa,1979,12378
bwa,1980,14247
bwa,1981,15581
bwa,1982,15152
bwa,1983,15067
bwa,1984,15788
bwa,1985,17556
bwa,1986,18244
bwa,1987,18472
bwa,1988,19851
bwa,1989,21840
bwa,1990,21931
bwa,1991,22752
bwa,1992,22891
bwa,1993,22865
bwa,1994,21962
bwa,1995,21703
bwa,1996,23269
bwa,1999,23189
bwa,2000,23649
bwa,2001,23665
bwa,2002,24232
bwa,2003,23532
bwa,2004,23556
bwa,2005,23505
bwa,2006,23812
bwa,2007,24478
bwa,2008,23654
bwa,2009,22857
bwa,2012,24058
bwa,2013,25670
caf,1971,13029
caf,1972,13311
caf,1973,14629
caf,1974,15356
caf,1975,15549
caf,1976,18287
caf,1977,17732
caf,1978,18770
caf,1980,18769
caf,1981,18728
caf,1982,20448
caf,1983,21043
caf,1984,25080
caf,1985,26139
caf,1986,23287
caf,1987,20349
caf,1988,20397
caf,1989,22603
caf,1990,24750
caf,1991,24993
caf,1992,22613
caf,2004,26072
caf,2005,32847
caf,2006,35846
caf,2007,41169
caf,2008,48639
caf,2009,50258
caf,2010,53666
caf,2011,54577
caf,2012,55780
can,1971,230375
can,1972,227099
can,1973,210999
can,1974,194378
can,1975,186709
can,1976,182573
can,1977,183514
can,1978,185179
can,1979,180286
can,1980,172609
can,1981,169808
can,1982,179530
can,1983,183516
can,1984,180359
can,1985,181741
can,1986,181535
can,1987,183876
can,1988,188456
can,1989,189917
can,1990,193213
can,1991,193420
can,1992,196236
can,1993,194627
can,1994,194603
can,1996,192446
can,1999,201400
can,2000,202098
che,1973,51867
che,1974,51646
che,1975,49571
che,1976,47805
che,1977,50352
che,1978,48010
che,1979,46435
che,1980,44434
che,1981,39393
che,1982,37815
che,1983,36456
che,1984,34909
che,1985,35111
che,1986,34376
che,1987,34381
che,1988,35528
che,1989,36597
che,1990,38382
che,1991,39603
che,1992,38700
che,1993,40933
che,1994,41343
che,1996,42294
che,1999,42726
che,2000,43512
che,2001,42883
che,2002,41398
che,2003,41061
che,2004,40749
che,2005,40771
che,2006,39882
che,2007,39349
che,2008,39187
che,2009,38352
che,2010,37427
che,2011,37186
che,2012,37534
che,2013,38170
che,2014,37738
chl,1970,165684
chl,1971,170942
chl,1972,183250
chl,1973,173464
chl,1974,169839
chl,1975,168216
chl,1976,156848
chl,1977,150957
chl,1978,152179
chl,1979,153583
chl,1980,150590
chl,1981,145102
chl,1982,142191
chl,1983,131165
chl,1984,115752
chl,1985,114317
chl,1986,133941
chl,1989,136939
chl,1990,133700
chl,1991,132435
chl,1992,127630
chl,1993,125067
chl,1996,146628
chl,1997,151246
chl,1999,148570
chl,2000,144952
chl,2002,141043
chl,2003,135917
chl,2004,131026
chl,2005,127722
chl,2006,127134
chl,2007,123098
chl,2008,124813
chl,2009,118867
chl,2010,119155
chl,2011,115650
chl,2012,113749
chl,2013,114793
chl,2014,117533
chn,1980,14294000
chn,1985,11857000
chn,1986,11835000
chn,1987,11423000
chn,1988,11233000
chn,1989,10678000
chn,1990,10691000
chn,1991,10932000
chn,1992,10513000
chn,1993,10441000
chn,1994,10900000
chn,1995,11803935
chn,1996,12545830
chn,1997,12582003
chn,2001,9979824
chn,2006,8138722
chn,2007,7820236
chn,2008,7893841
chn,2009,7893321
chn,2010,7667394
chn,2011,7424525
chn,2012,7752147
chn,2013,7771542
chn,2014,7656834
civ,1971,35692
civ,1972,38340
civ,1973,41052
civ,1974,41670
civ,1975,43979
civ,1976,45681
civ,1977,53147
civ,1978,56701
civ,1979,65785
civ,1980,70580
civ,1981,76297
civ,1982,77213
civ,1983,83263
civ,1984,82313
civ,1985,84194
civ,1986,86606
civ,1987,92588
civ,1988,98308
civ,1989,106108
civ,1990,109258
civ,1991,109172
civ,1992,106858
civ,1993,107678
civ,1994,120030
civ,1995,126323
civ,1996,135325
civ,1997,136661
civ,1999,153620
civ,2000,154430
civ,2001,162274
civ,2006,176366
civ,2007,181279
civ,2008,199404
civ,2009,207457
civ,2011,237709
civ,2012,240262
civ,2013,262987
civ,2014,276683
cmr,1971,74836
cmr,1972,76124
cmr,1973,78755
cmr,1974,81323
cmr,1975,88155
cmr,1976,91414
cmr,1977,93227
cmr,1978,95988
cmr,1979,99762
cmr,1980,103310
cmr,1981,108355
cmr,1982,114186
cmr,1983,120479
cmr,1984,124155
cmr,1985,127784
cmr,1986,132481
cmr,1987,139599
cmr,1988,147387
cmr,1990,147622
cmr,1991,147189
cmr,1999,158837
cmr,2000,169791
cmr,2001,218020
cmr,2003,218049
cmr,2004,223346
cmr,2006,233424
cmr,2007,294634
cmr,2008,266369
cmr,2009,282320
cmr,2010,294228
cmr,2011,303628
cmr,2012,309006
cmr,2014,357938
cod,1971,262660
cod,1972,270317
cod,1973,283811
cod,1974,283371
cod,1975,282329
cod,1976,286717
cod,1977,290728
cod,1978,292727
cod,1979,319310
cod,1980,329304
cod,1981,339612
cod,1982,350241
cod,1983,361204
cod,1984,372509
cod,1985,376008
cod,1986,386809
cod,1987,343236
cod,1988,366798
cod,1991,386250
cod,1992,395036
cod,1993,405957
cod,1994,408079
cod,1995,436213
cod,1999,357531
cod,2002,464600
cod,2007,780035
cod,2008,886378
cod,2009,932500
cod,2010,949145
cod,2011,992516
cod,2012,1090403
cod,2013,1114642
cod,2014,1198227
cog,1972,22038
cog,1973,23836
cog,1974,25560
cog,1975,26461
cog,1976,28201
cog,1977,28513
cog,1978,29235
cog,1979,29329
cog,1980,30486
cog,1981,30777
cog,1982,31709
cog,1983,32831
cog,1984,35231
cog,1985,36693
cog,1986,37406
cog,1987,37803
cog,1988,37104
cog,1989,36299
cog,1990,35561
cog,1991,38046
cog,1992,37788
cog,1993,38957
cog,1994,40842
cog,1995,40246
cog,1996,41152
cog,1999,21883
cog,2000,32893
cog,2002,46025
cog,2003,40451
cog,2004,46127
cog,2005,47355
cog,2006,50758
cog,2007,51951
cog,2008,52506
cog,2009,55909
cog,2010,59495
cog,2011,61225
cog,2012,63313
col,1970,416236
col,1971,416236
col,1972,425572
col,1973,441468
col,1974,447781
col,1975,459252
col,1976,473574
col,1977,482621
col,1978,496244
col,1979,508602
col,1980,452900
col,1981,457283
col,1982,421077
col,1983,427303
col,1984,432753
col,1985,424968
col,1986,419257
col,1987,444143
col,1988,449068
col,1989,453933
col,1990,449151
col,1991,460666
col,1992,446749
col,1993,440037
col,1994,454457
col,1995,445753
col,1996,488498
col,1999,519541
col,2000,520588
col,2002,518932
col,2004,522894
col,2005,519082
col,2006,513373
col,2007,530213
col,2008,535078
col,2009,533585
col,2010,494020
col,2011,462651
col,2012,454285
col,2013,425534
col,2014,432318
com,1981,5457
com,1986,4917
com,1987,4879
com,1992,5896
com,1993,6265
com,1994,6444
com,1999,7476
com,2003,8848
com,2004,9544
com,2007,8887
com,2008,9061
com,2013,10149
cpv,1974,6521
cpv,1975,7012
cpv,1976,6812
cpv,1977,8139
cpv,1978,7735
cpv,1979,7540
cpv,1980,6824
cpv,1981,6518
cpv,1982,6082
cpv,1983,5539
cpv,1984,5772
cpv,1985,6041
cpv,1986,6344
cpv,1987,6460
cpv,1988,6602
cpv,1990,7343
cpv,1994,7470
cpv,1998,8831
cpv,2000,8827
cpv,2001,8432
cpv,2002,8634
cpv,2003,8005
cpv,2004,8086
cpv,2005,7315
cpv,2006,7246
cpv,2007,6867
cpv,2008,6501
cpv,2009,6128
cpv,2010,6110
cpv,2011,5989
cpv,2012,5826
cpv,2013,5638
cpv,2014,5691
cri,1970,32874
cri,1971,33480
cri,1972,33396
cri,1973,33882
cri,1974,32297
cri,1975,29813
cri,1976,33448
cri,1977,34305
cri,1978,34519
cri,1979,31883
cri,1980,29910
cri,1981,31750
cri,1982,32116
cri,1983,30168
cri,1984,32212
cri,1985,32918
cri,1986,34938
cri,1987,37110
cri,1988,38190
cri,1989,38684
cri,1990,39418
cri,1991,39679
cri,1992,42759
cri,1993,44987
cri,1994,44620
cri,1995,44357
cri,1996,44514
cri,1999,44807
cri,2000,44731
cri,2001,44190
cri,2002,42839
cri,2004,42964
cri,2005,42758
cri,2006,42519
cri,2007,43079
cri,2008,41857
cri,2009,39529
cri,2010,38412
cri,2011,38053
cri,2012,37146
cri,2013,36322
cri,2014,36391
cub,1971,139714
cub,1972,149113
cub,1973,168862
cub,1974,173768
cub,1975,157882
cub,1976,143560
cub,1977,144649
cub,1978,120965
cub,1979,135855
cub,1980,137520
cub,1981,125956
cub,1982,114722
cub,1983,107128
cub,1984,101804
cub,1985,88427
cub,1986,75965
cub,1987,73403
cub,1988,70947
cub,1989,70686
cub,1990,80152
cub,1991,80594
cub,1992,81257
cub,1993,92733
cub,1994,82982
cub,1995,89826
cub,1996,95107
cub,1997,93341
cub,1999,81124
cub,2000,74319
cub,2001,71332
cub,2002,68800
cub,2003,69243
cub,2004,65086
cub,2005,70754
cub,2006,70727
cub,2007,70741
cub,2008,66561
cub,2009,64932
cub,2010,66234
cub,2011,64130
cub,2012,59602
cub,2013,56801
cub,2014,52185
cym,1972,124
cym,1973,133
cym,1974,122
cym,1975,161
cym,1976,170
cym,1978,175
cym,1979,193
cym,1980,175
cym,1981,160
cym,1999,249
cym,2000,286
cym,2001,322
cym,2002,261
cym,2004,282
cym,2005,252
cym,2006,266
cym,2007,318
cym,2008,319
cym,2011,314
cym,2012,373
cym,2013,346
cyp,1971,5400
cyp,1972,5143
cyp,1973,4660
cyp,1974,4939
cyp,1975,4814
cyp,1976,4149
cyp,1977,4980
cyp,1978,4265
cyp,1979,4188
cyp,1980,3991
cyp,1981,3098
cyp,1982,3244
cyp,1983,3647
cyp,1984,4164
cyp,1985,4198
cyp,1986,4369
cyp,1987,4800
cyp,1988,4839
cyp,1989,4719
cyp,1990,5176
cyp,1991,5254
cyp,1992,5085
cyp,1993,5100
cyp,1994,5124
cyp,1995,5232
cyp,1996,5213
cyp,1997,5072
cyp,1999,5185
cyp,2000,4847
cyp,2001,5193
cyp,2002,5187
cyp,2003,4892
cyp,2004,4825
cyp,2005,4764
cyp,2006,4506
cyp,2007,4472
cyp,2008,4310
cyp,2009,4422
cyp,2010,4238
cyp,2011,4309
cyp,2012,4536
cyp,2013,4401
cyp,2014,4397
cze,1993,64491
cze,1994,64748
cze,1995,65063
cze,1996,64171
cze,1997,63936
cze,1999,64380
cze,2000,59913
cze,2001,59614
cze,2002,56082
cze,2003,48819
cze,2004,46312
cze,2005,44588
cze,2006,44200
cze,2007,44469
cze,2008,44096
cze,2009,44319
cze,2010,45302
cze,2011,45807
cze,2012,46728
cze,2013,49365
cze,2014,51559
deu,1993,435567
deu,1994,446085
deu,1995,460173
deu,1996,474097
deu,1997,473564
deu,1999,463660
deu,2000,433515
deu,2001,416648
deu,2002,403669
deu,2003,393582
deu,2004,400784
deu,2005,419748
deu,2006,409558
deu,2007,407810
deu,2008,383759
deu,2009,384130
deu,2010,369098
deu,2011,363930
deu,2012,355596
deu,2013,356577
deu,2014,348775
dji,1971,431
dji,1972,439
dji,1973,530
dji,1974,614
dji,1975,701
dji,1976,684
dji,1982,1521
dji,1983,1761
dji,1984,1841
dji,1985,1657
dji,1986,1803
dji,1987,1871
dji,1988,2050
dji,1989,2180
dji,1990,2399
dji,1991,2316
dji,1992,2411
dji,1993,2310
dji,1994,2544
dji,1995,2606
dji,1996,2809
dji,1997,2826
dji,1999,2809
dji,2000,2693
dji,2001,3005
dji,2002,3887
dji,2004,3887
dji,2005,4109
dji,2006,4452
dji,2007,5074
dji,2008,5370
dji,2009,5896
dji,2011,5659
dji,2012,5792
dji,2013,5625
dji,2014,5793
dji,2015,5850
dma,1972,1206
dma,1973,1140
dma,1974,1165
dma,1975,1178
dma,1976,1146
dma,1977,1206
dma,1978,1342
dma,1979,1202
dma,1980,1071
dma,1981,901
dma,1982,923
dma,1984,743
dma,1986,834
dma,1987,921
dma,1988,921
dma,1990,961
dma,1991,910
dma,1992,781
dma,1993,798
dma,1994,851
dma,1995,837
dma,1999,848
dma,2000,865
dma,2001,786
dma,2002,734
dma,2003,708
dma,2004,604
dma,2005,516
dma,2006,616
dma,2007,585
dma,2008,566
dma,2009,587
dma,2010,555
dma,2011,555
dma,2012,517
dma,2013,560
dma,2014,531
dnk,1971,37563
dnk,1972,39062
dnk,1973,39614
dnk,1974,42599
dnk,1981,36629
dnk,1982,34753
dnk,1983,34538
dnk,1984,35018
dnk,1985,31960
dnk,1986,30495
dnk,1987,30295
dnk,1988,29106
dnk,1989,28576
dnk,1990,26385
dnk,1991,26033
dnk,1992,25180
dnk,1993,25714
dnk,1994,27109
dnk,1995,27448
dnk,1996,27944
dnk,1999,31738
dnk,2000,32356
dnk,2001,33711
dnk,2002,34776
dnk,2004,34929
dnk,2005,33336
dnk,2006,32715
dnk,2007,32715
dnk,2008,33022
dnk,2009,33159
dnk,2010,32464
dnk,2011,32925
dnk,2012,32911
dnk,2013,32414
dnk,2014,32854
dom,1971,72294
dom,1972,79316
dom,1999,121739
dom,2000,121063
dom,2002,121709
dom,2003,119516
dom,2004,107099
dom,2005,105768
dom,2006,97848
dom,2007,108883
dom,2008,111349
dom,2009,106796
dom,2010,100517
dom,2011,105811
dom,2012,97933
dom,2013,102689
dom,2014,100606
dza,1972,160713
dza,1973,169582
dza,1974,182187
dza,1975,181743
dza,1976,184919
dza,1977,200242
dza,1978,216833
dza,1979,223159
dza,1980,226617
dza,1981,235488
dza,1982,234530
dza,1983,239074
dza,1984,248274
dza,1985,270441
dza,1986,277129
dza,1987,298553
dza,1988,317234
dza,1989,323157
dza,1990,321197
dza,1991,338650
dza,1992,364694
dza,1993,376078
dza,1994,364578
dza,1995,364342
dza,1996,361226
dza,1997,376055
dza,1999,374148
dza,2000,382443
dza,2001,376369
dza,2002,325451
dza,2003,359429
dza,2004,340607
dza,2005,321179
dza,2006,309860
dza,2007,302680
dza,2008,305185
dza,2009,311876
dza,2010,339534
dza,2011,349643
dza,2012,348980
dza,2013,373640
dza,2014,394028
eap,1979,20021858
eap,1980,20097792
eap,1981,19705252
eap,1982,19043482
eap,1983,18678948
eap,1984,18094002
eap,1985,17856324
eap,1986,17748092
eap,1987,17363958
eap,1988,17243104
eap,1989,16883198
eap,1990,16969846
eap,1991,17225936
eap,1992,16779482
eap,1993,16757697
eap,1994,17214612
eap,1995,17998398
eap,1996,18768320
eap,1997,18974164
eap,1998,18929628
eap,1999,18289922
eap,2000,17307316
eap,2001,16282265
eap,2002,16190491
eap,2003,16044709
eap,2004,15381669
eap,2005,15010014
eap,2006,14116645
eap,2007,13799927
eap,2008,14133795
eap,2009,14080755
eap,2010,13834473
eap,2011,13765754
eap,2012,14052534
eap,2013,14028009
eap,2014,13636300
eas,1979,21665680
eas,1980,21795896
eas,1981,21390632
eas,1982,20712146
eas,1983,20288538
eas,1984,19609004
eas,1985,19291954
eas,1986,19179278
eas,1987,18763332
eas,1988,18661634
eas,1989,18267150
eas,1990,18347420
eas,1991,18583796
eas,1992,18095398
eas,1993,18005980
eas,1994,18433912
eas,1995,19189002
eas,1996,19941146
eas,1997,20131418
eas,1998,20071796
eas,1999,19455650
eas,2000,18479726
eas,2001,17439122
eas,2002,17338092
eas,2003,17204980
eas,2004,16508264
eas,2005,16141958
eas,2006,15225993
eas,2007,14891719
eas,2008,15208716
eas,2009,15124791
eas,2010,14853216
eas,2011,14777689
eas,2012,15053255
eas,2013,15007161
eas,2014,14619077
eca,1992,3306139
eca,1993,3341845.75
eca,1994,3356635.25
eca,1995,3447446.25
eca,1996,3447775.5
eca,1997,3413840.5
eca,1998,3301368
eca,1999,3168956
eca,2000,3046146.5
eca,2001,2882524.75
eca,2002,2865067.75
eca,2003,2741156.25
eca,2004,2612365.25
eca,2005,2529077.5
eca,2006,2446049.75
eca,2007,2397509
eca,2008,2360482.25
eca,2009,2351765.25
eca,2010,2298837.5
eca,2011,2363951.75
eca,2012,2387798.75
eca,2013,2420271.25
eca,2014,2439171.75
ecs,1970,6820233.5
ecs,1971,6797356.5
ecs,1972,6865335.5
ecs,1973,6707700.5
ecs,1974,6585266.5
ecs,1975,6426187
ecs,1976,6351496
ecs,1977,6296386.5
ecs,1978,6204699
ecs,1979,6189074
ecs,1980,6171696.5
ecs,1981,6137054
ecs,1982,6131566.5
ecs,1983,6161213.5
ecs,1984,6146044
ecs,1985,6219929.5
ecs,1986,6092792
ecs,1987,6198034
ecs,1988,6359750
ecs,1989,6270179.5
ecs,1990,6132375.5
ecs,1991,6157117
ecs,1992,6172902
ecs,1993,6215711.5
ecs,1994,6216052
ecs,1995,6276123
ecs,1996,6277243
ecs,1997,6236050.5
ecs,1998,6107897.5
ecs,1999,5966523.5
ecs,2000,5778881.5
ecs,2001,5556859
ecs,2002,5470431
ecs,2003,5300749
ecs,2004,5163793
ecs,2005,5091018
ecs,2006,4963512.5
ecs,2007,4923426
ecs,2008,4866550.5
ecs,2009,4849045
ecs,2010,4779739
ecs,2011,4848382.5
ecs,2012,4898016
ecs,2013,4956722
ecs,2014,5001017.5
ecu,1971,94436
ecu,1972,97868
ecu,1973,101891
ecu,1974,109423
ecu,1975,111759
ecu,1976,113654
ecu,1977,117584
ecu,1978,121739
ecu,1979,131763
ecu,1980,136319
ecu,1981,141916
ecu,1984,152308
ecu,1987,163498
ecu,1988,164293
ecu,1993,162947
ecu,1994,152635
ecu,1995,156535
ecu,1996,160338
ecu,1997,167238
ecu,1999,162503
ecu,2000,166878
ecu,2001,171551
ecu,2002,172203
ecu,2003,170099
ecu,2004,170727
ecu,2005,169283
ecu,2006,164892
ecu,2007,175043
ecu,2009,176275
ecu,2010,181062
ecu,2011,178048
ecu,2012,172813
ecu,2013,168854
ecu,2014,170977
egy,1971,272730
egy,1972,281699
egy,1973,272263
egy,1974,278882
egy,1975,275882
egy,1976,321865
egy,1977,333799
egy,1978,339871
egy,1979,350218
egy,1980,354115
egy,1981,369007
egy,1982,388496
egy,1983,417626
egy,1984,446533
egy,1986,512060
egy,1987,549320
egy,1988,607264
egy,1989,597749
egy,1997,744356
egy,1999,731424
egy,2000,720118
egy,2001,731446
egy,2002,731012
egy,2003,757716
egy,2004,763163
egy,2005,787222
egy,2006,787476
egy,2007,804693
egy,2009,864817
egy,2010,860592
egy,2013,886672
egy,2014,900394
emu,1970,2574236
emu,1971,2600765.75
emu,1972,2664590.75
emu,1973,2585366.25
emu,1974,2554240.5
emu,1975,2523752.5
emu,1976,2508409
emu,1977,2487238.5
emu,1978,2425083.5
emu,1979,2383875.5
emu,1980,2322136.5
emu,1981,2251007
emu,1982,2184535
emu,1983,2128796
emu,1984,2080834.375
emu,1985,2042584.625
emu,1986,2016562.75
emu,1987,1986733.875
emu,1988,1975263.375
emu,1989,1950372.625
emu,1990,1921420
emu,1991,1891693.125
emu,1992,1878537.5
emu,1993,1874583.375
emu,1994,1857675.25
emu,1995,1847968.625
emu,1996,1858386.625
emu,1997,1846028.5
emu,1998,1834740.875
emu,1999,1824451.5
emu,2000,1779704.875
emu,2001,1741762.75
emu,2002,1701633.75
emu,2003,1682917.5
emu,2004,1703157.75
emu,2005,1734111.875
emu,2006,1710837.625
emu,2007,1724570.875
emu,2008,1720534.5
emu,2009,1720287.375
emu,2010,1708933.625
emu,2011,1713068.875
emu,2012,1717255
emu,2013,1720478.375
emu,2014,1719062
eri,1992,11821
eri,1993,21165
eri,1994,22833
eri,1995,22386
eri,1996,22693
eri,1997,23405
eri,1999,23450
eri,2000,26966
eri,2001,29456
eri,2002,31046
eri,2003,34620
eri,2004,36472
eri,2005,36869
eri,2006,37523
eri,2007,31916
eri,2008,27972
eri,2009,26187
eri,2010,26682
eri,2011,30330
eri,2012,35874
eri,2013,37686
esp,1971,377344
esp,1972,394128
esp,1973,348893
esp,1974,344459
esp,1975,353910
esp,1976,351967
esp,1977,347195
esp,1978,342859
esp,1979,345605
esp,1980,351430
esp,1981,350409
esp,1982,355001
esp,1983,364637
esp,1984,358235
esp,1985,346526
esp,1986,338504
esp,1987,325107
esp,1988,307005
esp,1989,292176
esp,1990,276575
esp,1991,263068
esp,1992,248494
esp,1993,243021
esp,1994,233226
esp,1995,220254
esp,1996,212011
esp,1997,207769
esp,1999,201153
esp,2000,203254
esp,2001,198176
esp,2002,192897
esp,2003,193449
esp,2004,197240
esp,2005,201255
esp,2006,200850
esp,2007,211070
esp,2008,220750
esp,2009,225284
esp,2010,225683
esp,2011,234853
esp,2012,237533
esp,2013,240265
esp,2014,242844
est,1995,10237
est,1996,10415
est,1999,9960
est,2000,9042
est,2001,8431
est,2002,7228
est,2003,6754
est,2004,6449
est,2005,6277
est,2006,5873
est,2007,5718
est,2008,5780
est,2009,6029
est,2010,5940
est,2011,6046
est,2012,6193
est,2013,6385
eth,1971,37813
eth,1972,42238
eth,1973,44047
eth,1974,48471
eth,1975,51660
eth,1976,61132
eth,1977,64588
eth,1978,61021
eth,1979,75901
eth,1980,110136
eth,1981,156476
eth,1982,183409
eth,1983,188605
eth,1984,170056
eth,1985,158492
eth,1986,158460
eth,1987,177664
eth,1988,199934
eth,1989,201877
eth,1990,194519
eth,1991,177486
eth,1992,144609
eth,1993,129644
eth,1994,149148
eth,1995,177068
eth,1996,218841
eth,1999,401149
eth,2000,497771
eth,2001,586367
eth,2002,637477
eth,2003,640563
eth,2004,683119
eth,2005,907571
eth,2006,1266061
eth,2007,1144307
eth,2008,1185687
eth,2009,1392917
eth,2010,1238302
eth,2011,1243050
eth,2012,1396911
eth,2014,1505669
euu,1970,3842655.5
euu,1971,3842905.75
euu,1972,3903241.5
euu,1973,3788470.5
euu,1974,3731674.5
euu,1975,3701992.25
euu,1976,3685077.25
euu,1977,3672167
euu,1978,3597799.75
euu,1979,3546601
euu,1980,3478676
euu,1981,3389928.25
euu,1982,3334208.5
euu,1983,3303961.5
euu,1984,3251186
euu,1985,3214580.5
euu,1986,3179913.5
euu,1987,3146341.75
euu,1988,3143854.25
euu,1989,3103378
euu,1990,3046179.25
euu,1991,3008969.75
euu,1992,2983679.5
euu,1993,3010887.75
euu,1994,2999559.5
euu,1995,2981931.75
euu,1996,2989031.5
euu,1997,2977139.5
euu,1998,2952664
euu,1999,2926075.5
euu,2000,2836540.75
euu,2001,2769182
euu,2002,2694566.75
euu,2003,2645146
euu,2004,2630678
euu,2005,2658367
euu,2006,2582652.5
euu,2007,2595033.5
euu,2008,2576282.75
euu,2009,2567476
euu,2010,2546791
euu,2011,2544930.5
euu,2012,2570318.25
euu,2013,2595959.75
euu,2014,2621774.5
fin,1978,31645
fin,1979,30916
fin,1980,29755
fin,1981,28281
fin,1982,27238
fin,1983,30237
fin,1984,31447
fin,1985,32409
fin,1986,31989
fin,1987,31108
fin,1988,31399
fin,1989,30968
fin,1990,31258
fin,1991,32268
fin,1992,32844
fin,1993,32284
fin,1994,31173
fin,1995,30120
fin,1996,29640
fin,1997,31344
fin,1999,32352
fin,2000,32314
fin,2001,32661
fin,2002,32018
fin,2003,32028
fin,2004,30946
fin,2005,29904
fin,2006,29415
fin,2007,28091
fin,2008,28417
fin,2009,27853
fin,2010,27887
fin,2011,27679
fin,2012,28480
fin,2013,28727
fin,2014,29091
fji,1970,8069
fji,1971,8659
fji,1972,8727
fji,1973,8839
fji,1974,9179
fji,1975,8285
fji,1976,8142
fji,1977,8077
fji,1978,8009
fji,1979,7906
fji,1980,7780
fji,1981,8239
fji,1983,8737
fji,1984,8896
fji,1985,9290
fji,1986,9803
fji,1987,9836
fji,1991,10017
fji,1992,9768
fji,1994,10026
fji,1995,9384
fji,1996,8639
fji,1997,9336
fji,1999,10107
fji,2000,9707
fji,2001,9496
fji,2002,9293
fji,2003,9018
fji,2004,8730
fji,2007,8189
fji,2008,8244
fji,2009,8023
fji,2011,8510
fji,2012,8496
fji,2013,8813
fra,1971,465241
fra,1972,471306
fra,1974,455378
fra,1975,444521
fra,1977,436128
fra,1978,445575
fra,1979,453957
fra,1980,452681
fra,1981,445796
fra,1982,422830
fra,1983,397913
fra,1985,389998
fra,1986,391024
fra,1987,397478
fra,1988,413283
fra,1989,417803
fra,1990,411108
fra,1991,390276
fra,1992,394955
fra,1993,400349
fra,1994,407062
fra,1999,387473
fsm,1971,1816
fsm,1972,1879
fsm,1973,1930
fsm,1974,1988
fsm,1975,1928
fsm,1976,1957
fsm,1977,1893
fsm,1978,2106
fsm,1979,1997
fsm,2004,1535
fsm,2005,1492
fsm,2007,1494
fsm,2014,1195
gab,1971,8594
gab,1972,9166
gab,1973,9670
gab,1974,10011
gab,1975,10712
gab,1976,11538
gab,1977,11652
gab,1978,12462
gab,1979,12999
gab,1980,13496
gab,1981,13956
gab,1982,14544
gab,1983,14728
gab,1984,15100
gab,1985,15777
gab,1986,16228
gab,1987,17423
gab,1988,17822
gab,1989,19108
gab,1992,19199
gab,1995,21433
gab,1996,21377
gab,1997,22250
gab,2001,23761
gab,2002,24652
gab,2003,24474
geo,1995,35751
geo,1996,34871
geo,1997,34360
geo,1999,38242
geo,2000,36444
geo,2001,32290
geo,2002,29021
geo,2003,29385
geo,2004,27691
geo,2005,26210
geo,2006,25794
geo,2007,22897
geo,2008,22834
geo,2009,22393
geo,2010,21909
geo,2011,21248
geo,2012,23598
geo,2013,24550
geo,2014,21510
gha,1971,74885
gha,1972,78380
gha,1973,84496
gha,1974,87237
gha,1975,86377
gha,1976,93749
gha,1977,101792
gha,1978,104466
gha,1979,106831
gha,1980,116128
gha,1981,119337
gha,1982,125084
gha,1983,125101
gha,1984,123903
gha,1985,124644
gha,1988,130857
gha,1989,140959
gha,1991,166735
gha,1992,172784
gha,1993,174103
gha,1994,179974
gha,1995,179909
gha,1999,203101
gha,2000,220894
gha,2001,213607
gha,2002,219720
gha,2003,216149
gha,2004,231082
gha,2005,252336
gha,2006,275458
gha,2007,299338
gha,2008,323987
gha,2009,324648
gha,2011,333037
gha,2012,348381
gha,2013,352423
gha,2014,353687
gha,2015,372300
gib,1972,237
gib,1973,153
gib,1974,176
gib,1975,153
gib,1976,157
gib,1977,156
gib,1978,175
gib,1979,159
gib,1980,191
gib,1981,167
gib,1982,187
gib,1983,167
gib,1984,171
gib,1985,175
gin,1975,10997
gin,1976,13898
gin,1977,16037
gin,1978,19260
gin,1979,17825
gin,1981,17622
gin,1982,16561
gin,1983,15981
gin,1984,14707
gin,1985,14331
gin,1986,23547
gin,1987,18410
gin,1988,17520
gin,1989,21766
gin,1990,22213
gin,1991,22658
gin,1992,24753
gin,1993,26319
gin,1994,34868
gin,1995,42790
gin,1996,44645
gin,1998,57388
gin,1999,55498
gin,2000,63525
gin,2001,77462
gin,2002,89148
gin,2003,94039
gin,2004,114027
gin,2005,115362
gin,2006,118029
gin,2007,119892
gin,2008,119620
gin,2009,121611
gin,2010,134516
gin,2011,149599
gin,2012,146810
gin,2013,160398
gin,2014,161036
gmb,1971,977
gmb,1972,923
gmb,1973,1006
gmb,1974,1142
gmb,1975,1345
gmb,1976,1518
gmb,1977,1613
gmb,1978,1518
gmb,1979,1953
gmb,1980,2556
gmb,1981,3230
gmb,1982,4040
gmb,1983,4434
gmb,1984,4883
gmb,1985,4918
gmb,1986,5006
gmb,1987,5067
gmb,1989,4859
gmb,1992,7652
gmb,1993,7466
gmb,1994,8497
gmb,1995,8908
gmb,1996,10040
gmb,1997,12204
gmb,1999,14391
gmb,2000,14972
gmb,2001,15887
gmb,2002,15954
gmb,2003,17834
gmb,2004,20209
gmb,2005,19277
gmb,2006,19623
gmb,2007,19422
gmb,2008,19898
gmb,2010,21820
gmb,2011,21567
gmb,2012,22903
gmb,2013,24664
gmb,2014,27090
gnb,1976,3362
gnb,1978,5927
gnb,1979,6075
gnb,1980,5600
gnb,1981,5475
gnb,1982,5318
gnb,1983,5485
gnb,1984,5864
gnb,1985,6174
gnb,1987,6688
gnb,1988,6909
gnb,1989,7037
gnb,2000,12163
gnb,2010,27615
gnq,1994,5869
gnq,2000,5092
gnq,2001,7688
gnq,2002,7609
gnq,2005,6613
gnq,2008,7211
gnq,2009,7373
gnq,2010,7794
gnq,2011,8109
gnq,2012,8776
grc,1971,72980
grc,1972,73960
grc,1973,76033
grc,1974,78249
grc,1975,78784
grc,1976,77608
grc,1977,75027
grc,1978,72580
grc,1979,72245
grc,1980,70895
grc,1981,71659
grc,1982,74871
grc,1983,70992
grc,1984,71477
grc,1985,70925
grc,1986,70180
grc,1987,70215
grc,1988,70632
grc,1989,66589
grc,1990,65191
grc,1991,62037
grc,1992,59482
grc,1996,52404
grc,1997,48431
grc,2004,52416
grc,2005,52200
grc,2006,51064
grc,2007,50286
grc,2010,52712
grc,2011,51828
grc,2012,51582
grc,2013,51445
grd,1975,1396
grd,1976,1330
grd,1977,1327
grd,1978,1257
grd,1979,1251
grd,1980,1264
grd,1981,1216
grd,1982,1244
grd,1983,1189
grd,1984,1120
grd,1993,1634
grd,1999,1203
grd,2002,1079
grd,2003,1072
grd,2005,818
grd,2007,799
grd,2008,872
grd,2009,894
grd,2010,894
grd,2013,932
grd,2014,888
gtm,1970,47579
gtm,1971,48074
gtm,1972,50500
gtm,1973,51519
gtm,1974,54208
gtm,1975,56580
gtm,1976,59119
gtm,1977,59929
gtm,1978,64778
gtm,1979,68719
gtm,1980,72948
gtm,1981,78951
gtm,1982,81012
gtm,1983,86577
gtm,1985,98426
gtm,1986,97110
gtm,1991,119191
gtm,1993,129825
gtm,1995,137061
gtm,1996,142607
gtm,1997,146493
gtm,1999,175041
gtm,2000,183047
gtm,2001,190841
gtm,2002,201177
gtm,2004,218146
gtm,2005,227511
gtm,2006,222964
gtm,2007,225464
gtm,2008,229872
gtm,2009,244688
gtm,2010,250039
gtm,2011,240657
gtm,2012,226578
gtm,2013,214374
gtm,2014,205046
gum,1971,1198
guy,1971,9547
guy,1972,10534
guy,1973,10704
guy,1974,11645
guy,1976,10718
guy,1977,10912
guy,1978,12038
guy,1979,11589
guy,1980,11626
guy,1981,10858
guy,1982,10736
guy,1987,9356
guy,1988,9579
guy,1989,9891
guy,1991,7898
guy,1992,8273
guy,1993,7945
guy,1995,8546
guy,1996,9214
guy,1997,8920
guy,1999,8560
guy,2000,9425
guy,2001,9412
guy,2003,9833
guy,2005,9889
guy,2006,8640
guy,2007,8673
guy,2008,8370
guy,2009,8113
guy,2010,7544
guy,2011,7982
guy,2012,7506
hic,1970,7535534.5
hic,1971,7548056
hic,1972,7597464
hic,1973,7449076.5
hic,1974,7279448.5
hic,1975,7128983
hic,1976,7206851.5
hic,1977,7231509
hic,1978,7197120.5
hic,1979,7145214.5
hic,1980,7164335.5
hic,1981,6983142
hic,1982,7029634.5
hic,1983,6832348.5
hic,1984,6697088
hic,1985,6642366.5
hic,1986,6735815
hic,1987,6705198
hic,1988,6782435
hic,1989,6789173
hic,1990,6805256
hic,1991,6786538
hic,1992,6766964
hic,1993,6722592
hic,1994,6700793
hic,1995,6701649.5
hic,1996,6749790.5
hic,1997,6740578.5
hic,1998,6726537
hic,1999,6831324.5
hic,2000,6740211.5
hic,2001,6660844
hic,2002,6475910
hic,2003,6528423
hic,2004,6424065
hic,2005,6484857
hic,2006,6401987
hic,2007,6428632
hic,2008,6315147
hic,2009,6342389
hic,2010,6273628
hic,2011,6239799.5
hic,2012,6385638
hic,2013,6312952.5
hic,2014,6512108.5
hkg,1971,59863
hkg,1972,58596
hkg,1973,55231
hkg,1974,52441
hkg,1975,50558
hkg,1976,46572
hkg,1977,43064
hkg,1978,41688
hkg,1979,41709
hkg,1980,43002
hkg,1981,43243
hkg,1982,44240
hkg,1983,41971
hkg,1984,41783
hkg,1985,41605
hkg,1987,42180
hkg,1988,42629
hkg,1995,35897
hkg,2001,38907
hkg,2002,38783
hkg,2003,37972
hkg,2004,35213
hkg,2005,33172
hkg,2006,30074
hkg,2007,28368
hkg,2008,29025
hkg,2009,26353
hkg,2010,25404
hkg,2011,24380
hkg,2012,24163
hkg,2013,24879
hkg,2014,26305
hnd,1970,40578
hnd,1971,42062
hnd,1972,42334
hnd,1973,44614
hnd,1974,46864
hnd,1975,47410
hnd,1976,49749
hnd,1977,50127
hnd,1978,53011
hnd,1980,61788
hnd,1982,66471
hnd,1983,71275
hnd,1984,74414
hnd,1985,77849
hnd,1986,84864
hnd,1991,91604
hnd,1992,95866
hnd,1993,97419
hnd,1994,97800
hnd,1995,100589
hnd,1996,99476
hnd,1997,103130
hnd,2000,104706
hnd,2003,117465
hnd,2005,113548
hnd,2006,116720
hnd,2007,116162
hnd,2008,118074
hnd,2009,111431
hnd,2010,107909
hnd,2011,103174
hnd,2012,102424
hnd,2013,100867
hnd,2014,101423
hpc,1970,1412475.75
hpc,1971,1452014.375
hpc,1972,1512652.875
hpc,1973,1581378.125
hpc,1974,1640277
hpc,1975,1715443.125
hpc,1976,1890526.125
hpc,1977,2027748.5
hpc,1978,2116152
hpc,1979,2371822
hpc,1980,2369332.25
hpc,1981,2495475.75
hpc,1982,2598199
hpc,1983,2673504.5
hpc,1984,2746546
hpc,1985,2767351.25
hpc,1986,2867968
hpc,1987,2894522
hpc,1988,3010010.25
hpc,1989,3102202
hpc,1990,3200995.75
hpc,1991,3257666.75
hpc,1992,3291062
hpc,1993,3393541.75
hpc,1994,3570464.25
hpc,1995,3811185
hpc,1996,4027858.5
hpc,1997,4360361.5
hpc,1998,4815883.5
hpc,1999,4896224
hpc,2000,5241907
hpc,2001,5695298
hpc,2002,6135408.5
hpc,2003,6612993.5
hpc,2004,6906250
hpc,2005,7579904.5
hpc,2006,8137894.5
hpc,2007,8346513.5
hpc,2008,8839757
hpc,2009,9336705
hpc,2010,9321596
hpc,2011,9555382
hpc,2012,10038581
hpc,2013,10345800
hpc,2014,10720219
hrv,1993,24571
hrv,1994,26042
hrv,1995,25417
hrv,1996,25533
hrv,1997,24277
hrv,1999,24646
hrv,2000,24230
hrv,2001,22987
hrv,2002,22912
hrv,2003,23771
hrv,2005,24492
hrv,2006,23881
hrv,2007,22782
hrv,2008,21472
hrv,2009,20770
hrv,2010,19821
hrv,2011,19266
hrv,2012,18959
hrv,2014,19976
hti,1978,45502
hti,1979,46265
hti,1980,51789
hti,1981,60080
hti,1982,53534
hti,1983,58853
hti,1984,69096
hti,1985,66655
hti,1986,76970
hti,1987,61994
hti,1997,146614
hun,1971,61159
hun,1972,61970
hun,1973,62339
hun,1974,63269
hun,1975,66515
hun,1976,72350
hun,1977,71401
hun,1978,71749
hun,1979,69411
hun,1980,69906
hun,1981,72061
hun,1982,79913
hun,1983,91182
hun,1984,87241
hun,1985,84707
hun,1986,80461
hun,1987,75608
hun,1988,71693
hun,1989,63817
hun,1990,62149
hun,1991,60197
hun,1992,59045
hun,1994,62423
hun,1995,60656
hun,1996,60916
hun,1997,59596
hun,1999,61320
hun,2000,60695
hun,2001,58758
hun,2002,56759
hun,2003,54141
hun,2004,54104
hun,2005,50113
hun,2006,48348
hun,2007,47145
hun,2008,46251
hun,2009,47582
hun,2010,46604
hun,2012,46114
hun,2013,46268
hun,2014,47100
idn,1972,1530630
idn,1973,1564575
idn,1974,1522811
idn,1975,1707114
idn,1976,1996832
idn,1977,2014939
idn,1978,2146480
idn,1981,2750610
idn,1982,2633767
idn,1983,2957887
idn,1984,2685002
idn,1985,2745066
idn,1986,2651270
idn,1987,2579841
idn,1988,2570300
idn,1989,2666892
idn,1990,2683600
idn,1991,2655684
idn,1992,2589703
idn,1993,2631226
idn,1994,2649939
idn,1995,2505126
idn,1996,2467769
idn,1997,2464924
idn,2001,2426116
idn,2002,2457345
idn,2003,2478594
idn,2004,2608171
idn,2005,2402002
idn,2007,2449696
idn,2008,2619338
idn,2009,2567623
idn,2010,2514702
idn,2011,2607360
idn,2012,2541823
idn,2013,2470266
idn,2014,2199318
ind,1971,4725426
ind,1972,4830953
ind,1973,5366167
ind,1974,5543086
ind,1975,5606111
ind,1976,5623811
ind,1977,5955544
ind,1978,5934623
ind,1979,5997225
ind,1980,6289835
ind,1981,6346795
ind,1982,6737474
ind,1983,6663841
ind,1984,7005978
ind,1986,7600749
ind,1987,8300204
ind,1988,8585311
ind,1993,9867557
ind,1994,10172662
ind,1995,10299126
ind,1996,10443607
ind,1998,10230720
ind,1999,10464270
ind,2000,10562843
ind,2001,10442350
ind,2002,10642978
ind,2011,13440299
ind,2013,12911830
irl,1975,33053
irl,1976,32754
irl,1977,33340
irl,1978,33617
irl,1979,34731
irl,1980,35310
irl,1981,34892
irl,1982,33779
irl,1983,33537
irl,1986,34996
irl,1987,35640
irl,1988,35016
irl,1989,34870
irl,1990,34279
irl,1991,33097
irl,1992,31428
irl,1993,30547
irl,1994,30252
irl,1995,29957
irl,1996,28893
irl,1999,25460
irl,2000,24828
irl,2001,24826
irl,2002,25307
irl,2003,26704
irl,2004,27319
irl,2005,27696
irl,2006,27897
irl,2007,28862
irl,2008,30249
irl,2009,31002
irl,2010,31716
irl,2011,31149
irl,2013,33406
irn,1971,241098
irn,1972,245629
irn,1973,262516
irn,1974,283809
irn,1975,320637
irn,1976,395935
irn,1977,419759
irn,1978,437584
irn,1982,462018
irn,1983,480487
irn,1984,542123
irn,1985,588879
irn,1986,622908
irn,1987,690331
irn,1988,739314
irn,1989,805304
irn,1990,870229
irn,1991,912361
irn,1992,978336
irn,1993,1000382
irn,1994,950577
irn,1995,904140
irn,1997,858095
irn,2000,773714
irn,2001,724273
irn,2002,682755
irn,2003,637463
irn,2008,554933
irn,2009,541609
irn,2010,545653
irn,2011,553272
irn,2012,567379
irn,2013,603433
irn,2014,603155
irq,1971,59904
irq,1972,67254
irq,1973,77188
irq,1974,86539
irq,1975,97535
irq,1976,120323
irq,1977,150223
irq,1978,168892
irq,1979,171203
irq,1980,366095
irq,1981,231758
irq,1982,197717
irq,1983,190244
irq,1984,205327
irq,1985,223390
irq,1986,236918
irq,1987,249122
irq,1988,255903
irq,1989,242539
irq,1993,236161
irq,1996,236433
irq,1999,307698
irq,2000,310839
irq,2004,350228
irq,2007,404812
isl,1971,2219
isl,1972,2253
isl,1973,2294
isl,1974,2172
isl,1975,2212
isl,1976,2059
isl,1977,1927
isl,1994,1907
isl,1995,1939
isl,1996,2187
isl,1997,2197
isl,1999,2124
isl,2000,2151
isl,2001,2279
isl,2002,2128
isl,2003,2064
isl,2004,2110
isl,2005,2017
isl,2006,2044
isl,2007,2082
isl,2008,2134
isl,2009,2030
isl,2010,1999
isl,2011,2068
isl,2012,2097
isr,1973,33601
isr,1974,33733
isr,1975,33495
isr,1976,34809
isr,1977,36555
isr,1978,38516
isr,1979,40567
isr,1980,40488
isr,1983,43740
isr,1984,46153
isr,1985,43841
isr,1986,44440
isr,1987,42269
isr,1988,42833
isr,1989,44114
isr,1990,43198
isr,1991,45150
isr,1992,48347
isr,1993,47593
isr,1994,50223
isr,1999,53333
isr,2000,56535
isr,2001,55054
isr,2002,56059
isr,2003,58616
isr,2004,57583
isr,2005,61444
isr,2006,61723
isr,2007,61842
isr,2008,65945
isr,2009,64378
isr,2010,66039
isr,2011,71758
isr,2012,68289
isr,2013,71192
isr,2014,70337
ita,1971,484856
ita,1972,519772
ita,1973,501203
ita,1974,492640
ita,1975,475058
ita,1976,466213
ita,1977,469143
ita,1978,449702
ita,1979,446338
ita,1980,435648
ita,1981,428118
ita,1982,422217
ita,1983,405008
ita,1984,381100
ita,1985,362732
ita,1986,345972
ita,1987,325888
ita,1988,313980
ita,1989,300100
ita,1990,290555
ita,1991,294773
ita,1992,287216
ita,1994,273000
ita,1995,266648
ita,1996,276774
ita,1997,277773
ita,1999,282001
ita,2000,278353
ita,2001,268657
ita,2002,257955
ita,2003,257547
ita,2004,267337
ita,2005,275696
ita,2006,267864
ita,2007,271236
ita,2008,275808
ita,2009,269369
ita,2010,270318
ita,2011,271971
ita,2012,276117
ita,2013,271090
jam,1975,33482
jam,1976,31689
jam,1977,30910
jam,1978,31418
jam,1979,32215
jam,1980,31853
jam,1981,30433
jam,1983,30433
jam,1984,29600
jam,1985,29275
jam,1987,27684
jam,1988,27678
jam,1989,28175
jam,1990,28446
jam,1991,28973
jam,1993,27274
jam,2000,26537
jam,2001,27908
jam,2002,28052
jam,2003,26979
jam,2004,26747
jam,2007,21444
jam,2008,22241
jam,2009,21210
jam,2010,22310
jam,2011,21041
jam,2012,21824
jam,2013,21445
jam,2014,20339
jor,1971,25823
jor,1972,24404
jor,1973,29125
jor,1974,29168
jor,1975,30311
jor,1976,30533
jor,1977,31717
jor,1978,33446
jor,1979,34702
jor,1980,37825
jor,1981,38539
jor,1982,36024
jor,1983,36412
jor,1984,37757
jor,1985,41017
jor,1986,43997
jor,1987,46547
jor,1988,48057
jor,1989,47069
jor,1990,48151
jor,1991,49665
jor,1992,53527
jor,1993,54478
jor,1994,54987
jor,1996,56811
jor,1999,58921
jor,2000,60460
jor,2002,66802
jor,2003,67464
jor,2004,67734
jor,2005,63944
jor,2006,64452
jor,2007,66463
jor,2008,69399
jor,2010,67274
jor,2011,71489
jpn,1971,788685
jpn,1972,800775
jpn,1973,845745
jpn,1974,823700
jpn,1975,761684
jpn,1976,906687
jpn,1977,920322
jpn,1978,919693
jpn,1979,945538
jpn,1980,980048
jpn,1981,1000057
jpn,1982,1002537
jpn,1983,968744
jpn,1984,909847
jpn,1985,866635
jpn,1986,846652
jpn,1987,820465
jpn,1988,792081
jpn,1989,753873
jpn,1990,737552
jpn,1991,737990
jpn,1992,734218
jpn,1994,690090
jpn,1995,668459
jpn,1999,594912
jpn,2000,595109
jpn,2001,588524
jpn,2002,583759
jpn,2003,603735
jpn,2004,579544
jpn,2005,588329
jpn,2006,584226
jpn,2007,587999
jpn,2008,578379
jpn,2009,575428
jpn,2010,572614
jpn,2011,559647
jpn,2012,549613
jpn,2013,538052
kaz,1994,174925
kaz,1995,169189
kaz,1996,170000
kaz,1997,166232
kaz,2000,146621
kaz,2001,143198
kaz,2002,144089
kaz,2003,138084
kaz,2004,127558
kaz,2005,117846
kaz,2006,117335
kaz,2007,113154
kaz,2008,114816
kaz,2009,121856
kaz,2010,115249
kaz,2011,117804
kaz,2012,126808
kaz,2013,132713
kaz,2014,138796
kaz,2015,149221
ken,1970,104866
ken,1971,116611
ken,1972,124656
ken,1973,142426
ken,1974,199402
ken,1975,342696
ken,1976,259944
ken,1977,231472
ken,1978,226654
ken,1979,273768
ken,1980,345393
ken,1981,342150
ken,1982,335417
ken,1983,342994
ken,1984,340866
ken,1985,338132
ken,1986,346443
ken,1987,373645
ken,1988,382562
ken,1989,397278
ken,1990,389409
ken,1991,384911
ken,1992,399444
ken,1993,399399
ken,1994,399830
ken,1995,405778
ken,1999,422942
ken,2000,453374
ken,2001,462299
ken,2002,395340
ken,2003,488954
ken,2004,550331
ken,2005,549777
ken,2006,534788
ken,2007,614334
ken,2008,582610
ken,2009,638091
ken,2012,726906
ken,2014,644853
kgz,1995,59499
kgz,1996,57329
kgz,1999,57290
kgz,2000,57476
kgz,2001,55193
kgz,2002,54420
kgz,2003,56226
kgz,2004,56230
kgz,2005,51824
kgz,2006,49538
kgz,2007,49777
kgz,2008,48566
kgz,2009,47161
kgz,2010,46950
kgz,2011,48326
kgz,2012,49539
kgz,2013,54172
kgz,2014,53534
khm,1971,29354
khm,1972,39771
khm,1973,43446
khm,1994,163548
khm,1995,185460
khm,1997,205318
khm,1998,209093
khm,1999,207967
khm,2000,222004
khm,2001,254727
khm,2002,281409
khm,2003,281400
khm,2004,243413
khm,2005,230896
khm,2006,220172
khm,2007,214353
khm,2008,211563
khm,2010,204126
khm,2011,198642
khm,2012,191995
khm,2013,174334
khm,2014,170438
kir,1971,741
kir,1972,995
kir,1973,741
kir,1977,863
kir,1978,870
kir,1979,662
kir,1980,751
kir,1981,714
kir,1982,666
kir,1983,814
kir,1984,736
kir,1985,732
kir,1986,787
kir,1987,825
kir,1988,800
kir,1989,934
kir,1990,1039
kir,1991,1061
kir,1992,1029
kir,1993,1136
kir,1994,1065
kir,1995,1136
kir,1996,1115
kir,1997,1181
kir,1999,1154
kir,2000,1228
kir,2001,1256
kir,2002,1177
kir,2003,1204
kir,2004,1304
kir,2005,1362
kir,2006,1363
kir,2007,1343
kir,2008,1352
kir,2014,1589
kna,1985,381
kna,1986,452
kna,1987,462
kna,1988,495
kna,1989,596
kna,1992,487
kna,2000,459
kna,2001,468
kna,2002,449
kna,2003,446
kna,2004,462
kna,2005,450
kna,2007,420
kna,2008,410
kna,2009,406
kna,2010,400
kna,2011,378
kna,2012,352
kna,2013,389
kna,2014,424
kor,1971,473877
kor,1972,485258
kor,1973,460286
kor,1974,441611
kor,1975,453387
kor,1976,442040
kor,1977,462585
kor,1978,448530
kor,1979,456544
kor,1980,483004
kor,1981,456639
kor,1982,443968
kor,1983,425544
kor,1984,391759
kor,1985,359850
kor,1986,375506
kor,1987,368882
kor,1988,411945
kor,1989,409923
kor,1990,416108
kor,1991,398067
kor,1992,359420
kor,1993,314372
kor,1994,311120
kor,1995,299025
kor,1996,296509
kor,1997,295317
kor,1999,334294
kor,2000,338584
kor,2001,329180
kor,2002,324942
kor,2003,328526
kor,2004,317387
kor,2005,316458
kor,2006,299336
kor,2007,288671
kor,2008,289796
kor,2009,255960
kor,2010,223218
kor,2011,228398
kor,2012,219697
kor,2013,203088
kwt,1971,6241
kwt,1972,6447
kwt,1973,8624
kwt,1974,9699
kwt,1975,9787
kwt,1976,13403
kwt,1977,12384
kwt,1978,14888
kwt,1979,14816
kwt,1980,14531
kwt,1981,18733
kwt,1982,19735
kwt,1983,20476
kwt,1984,20495
kwt,1985,21702
kwt,1986,21929
kwt,1987,21529
kwt,1992,15905
kwt,1994,16915
kwt,1995,16861
kwt,1996,17827
kwt,1997,17515
kwt,1999,16028
kwt,2000,17097
kwt,2001,17715
kwt,2002,18460
kwt,2003,19114
kwt,2004,19985
kwt,2005,20138
kwt,2007,20440
kwt,2008,20553
kwt,2009,20502
kwt,2010,21418
kwt,2011,22577
kwt,2012,23393
kwt,2013,24594
kwt,2014,25737
lac,1970,4032004.75
lac,1971,4202261
lac,1972,4371940
lac,1973,4528370
lac,1974,4581748
lac,1975,4649262
lac,1976,4720056
lac,1977,4888538
lac,1978,5050466
lac,1979,5308326
lac,1980,5346991.5
lac,1981,5430448.5
lac,1982,5541549.5
lac,1983,5606346.5
lac,1984,5767210.5
lac,1985,5902880
lac,1986,6168110.5
lac,1987,5893790
lac,1988,6126282.5
lac,1989,6035368
lac,1990,6301362
lac,1991,6117934.5
lac,1992,6155230
lac,1993,6201645.5
lac,1994,6489563
lac,1995,6506115
lac,1996,6563350.5
lac,1997,6495889.5
lac,1998,6572917
lac,1999,6302324
lac,2000,6574228.5
lac,2001,6447826.5
lac,2002,6474775.5
lac,2003,6464857.5
lac,2004,6373641
lac,2005,6201149.5
lac,2006,6165068
lac,2007,6123576.5
lac,2008,6126824.5
lac,2009,6001974
lac,2010,6024819
lac,2011,5589217
lac,2012,5474119.5
lac,2013,5354969.5
lac,2014,5288859.5
lao,1971,18915
lao,1972,22830
lao,1973,23627
lao,1977,33719
lao,1978,44565
lao,1979,46778
lao,1980,46249
lao,1981,46528
lao,1984,45661
lao,1985,47536
lao,1986,49630
lao,1988,54438
lao,1990,53083
lao,1992,55618
lao,1993,60314
lao,1994,64228
lao,1996,76360
lao,1997,74785
lao,1998,77683
lao,1999,81377
lao,2000,80503
lao,2001,79045
lao,2002,81719
lao,2003,85564
lao,2004,87243
lao,2005,87093
lao,2006,86500
lao,2007,86959
lao,2008,89405
lao,2009,90771
lao,2010,92339
lao,2011,89551
lao,2012,86108
lao,2013,84466
lao,2014,88956
lbn,1974,46417
lbn,1999,41330
lbn,2000,40820
lbn,2001,35901
lbn,2002,36022
lbn,2003,36353
lbn,2004,38277
lbn,2005,37955
lbn,2006,37733
lbn,2007,36608
lbn,2008,35968
lbn,2009,35641
lbn,2010,36124
lbn,2011,35676
lbn,2012,36519
lbn,2013,37882
lbr,1970,5262
lbr,1971,5245
lbr,1972,5875
lbr,1975,7205
lbr,1976,6873
lbr,1978,9437
lbr,1979,10011
lbr,1980,10715
lbr,2000,58636
lbr,2006,46469
lbr,2008,50418
lbr,2009,55621
lbr,2011,63867
lbr,2014,65025
lby,1971,28884
lby,1972,41682
lby,1973,38278
lby,1974,40915
lby,1975,41309
lby,1976,42075
lby,1977,46275
lby,1978,47991
lby,1979,54666
lby,1980,53968
lby,1981,57922
lby,1983,59053
lby,1986,62977
lby,2001,63029
lby,2002,58954
lby,2003,48463
lby,2004,57678
lby,2005,55048
lca,1973,1709
lca,1974,1861
lca,1975,1733
lca,1976,1676
lca,1977,1669
lca,1981,1714
lca,1982,1788
lca,1983,1919
lca,1984,1850
lca,1985,1959
lca,1986,1783
lca,1987,1809
lca,1988,1809
lca,1989,1948
lca,1990,2021
lca,1991,2001
lca,1992,2076
lca,1993,1947
lca,1997,1972
lca,1999,1819
lca,2000,1711
lca,2001,1757
lca,2002,1680
lca,2003,1643
lca,2004,1578
lca,2005,1416
lca,2006,1515
lca,2007,1499
lca,2008,1443
lca,2009,1289
lca,2010,1249
lca,2011,1216
lca,2012,1172
lca,2013,1132
lca,2014,1140
lcn,1970,4279749
lcn,1971,4454651
lcn,1972,4635523
lcn,1973,4780797.5
lcn,1974,4827278
lcn,1975,4891885.5
lcn,1976,4951052
lcn,1977,5112256
lcn,1978,5275599
lcn,1979,5535146
lcn,1980,5567901.5
lcn,1981,5649239.5
lcn,1982,5759247.5
lcn,1983,5816389.5
lcn,1984,5962163.5
lcn,1985,6096201
lcn,1986,6380582.5
lcn,1987,6105283
lcn,1988,6335790.5
lcn,1989,6251295.5
lcn,1990,6513257
lcn,1991,6327731
lcn,1992,6360036.5
lcn,1993,6403234.5
lcn,1994,6698795
lcn,1995,6721695
lcn,1996,6785912
lcn,1997,6723319.5
lcn,1998,6803793.5
lcn,1999,6530164.5
lcn,2000,6795700
lcn,2001,6666904
lcn,2002,6691686.5
lcn,2003,6676430.5
lcn,2004,6579912
lcn,2005,6401537.5
lcn,2006,6363282.5
lcn,2007,6317913
lcn,2008,6321257.5
lcn,2009,6189148
lcn,2010,6210842.5
lcn,2011,5769003.5
lcn,2012,5651536
lcn,2013,5532639.5
lcn,2014,5469211.5
ldc,1970,2093240.625
ldc,1971,2197626.75
ldc,1972,2377474.25
ldc,1973,2526209.25
ldc,1974,2553941.25
ldc,1975,2668575.25
ldc,1976,2872722
ldc,1977,3096132.75
ldc,1978,3230081.75
ldc,1979,3520015
ldc,1980,3544980
ldc,1981,3665658
ldc,1982,3817080.5
ldc,1983,3849655.75
ldc,1984,3945542.25
ldc,1985,3958541.5
ldc,1986,4059866
ldc,1987,4094760.5
ldc,1988,4638128
ldc,1989,4811051.5
ldc,1990,5011986.5
ldc,1991,5136922.5
ldc,1992,5225550
ldc,1993,5385715
ldc,1994,5600340
ldc,1995,5914657
ldc,1996,6190826
ldc,1997,6584083
ldc,1998,7090096
ldc,1999,7228274.5
ldc,2000,7629233
ldc,2001,8150994.5
ldc,2002,8706245
ldc,2003,9286006
ldc,2004,9619282
ldc,2005,10317538
ldc,2006,10941795
ldc,2007,11181911
ldc,2008,11687595
ldc,2009,12248800
ldc,2010,12296414
ldc,2011,12788449
ldc,2012,13233303
ldc,2013,13432955
ldc,2014,13709938
lic,1970,1150962.75
lic,1971,1166147
lic,1972,1214890.125
lic,1973,1273593.5
lic,1974,1335559.5
lic,1975,1429951.375
lic,1976,1602756.75
lic,1977,1735418
lic,1978,1814651.125
lic,1979,2053424.75
lic,1980,2060679.875
lic,1981,2230835
lic,1982,2330014.75
lic,1983,2346171
lic,1984,2359930.25
lic,1985,2345657.5
lic,1986,2408021.75
lic,1987,2403866.5
lic,1988,2523602.5
lic,1989,2643435.75
lic,1990,2775098.25
lic,1991,2856990.25
lic,1992,2892168.5
lic,1993,2985310
lic,1994,3139095
lic,1995,3372510
lic,1996,3569973
lic,1997,3895317.5
lic,1998,4338260.5
lic,1999,4421569.5
lic,2000,4735606
lic,2001,5141770
lic,2002,5562892
lic,2003,6011094
lic,2004,6245166.5
lic,2005,6845488
lic,2006,7389360.5
lic,2007,7575491.5
lic,2008,7974083
lic,2009,8485375
lic,2010,8480392
lic,2011,8720775
lic,2012,9142833
lic,2013,9345999
lic,2014,9628696
lie,2003,236
lie,2004,227
lie,2005,214
lie,2006,211
lie,2007,255
lie,2008,215
lie,2009,187
lie,2010,189
lie,2011,154
lie,2012,192
lie,2014,176
lka,1970,169337
lka,1971,183393
lka,1975,156085
lka,1976,160561
lka,1977,160983
lka,1978,195016
lka,1980,169593
lka,1981,185351
lka,1982,180178
lka,1983,184184
lka,1984,188614
lka,1985,198730
lka,1986,199994
lka,1987,209800
lka,1988,214223
lka,1989,210950
lka,1990,205712
lka,1991,204816
lka,1992,202203
lka,1993,190239
lka,1994,187023
lka,1995,187168
lka,2001,165846
lka,2002,163772
lka,2003,161487
lka,2005,150720
lka,2006,157939
lka,2007,162512
lka,2008,165866
lka,2009,160072
lka,2010,170207
lka,2011,170476
lka,2012,173405
lka,2013,177122
lka,2014,178960
lmc,1970,11334444
lmc,1971,11701687
lmc,1972,12150005
lmc,1973,12801178
lmc,1974,13112556
lmc,1975,13671037
lmc,1976,14119897
lmc,1977,14674296
lmc,1978,14943830
lmc,1979,15439739
lmc,1980,16261915
lmc,1981,16732445
lmc,1982,17274004
lmc,1983,17667630
lmc,1984,18021202
lmc,1985,18489564
lmc,1986,18697290
lmc,1987,19680156
lmc,1988,20689970
lmc,1989,21198718
lmc,1990,21626842
lmc,1991,22058130
lmc,1992,22583796
lmc,1993,23019128
lmc,1994,23547074
lmc,1995,23777566
lmc,1996,24138054
lmc,1997,24472246
lmc,1998,24542652
lmc,1999,24629030
lmc,2000,24969852
lmc,2001,24997774
lmc,2002,25458512
lmc,2003,26049792
lmc,2004,26638790
lmc,2005,26952210
lmc,2006,27422232
lmc,2007,27949092
lmc,2008,28602574
lmc,2009,29125144
lmc,2010,29488302
lmc,2011,30320850
lmc,2012,30152984
lmc,2013,29799162
lmc,2014,29771892
lmy,1970,30849666
lmy,1971,32023808
lmy,1972,33263686
lmy,1973,34721504
lmy,1974,35797296
lmy,1975,37051284
lmy,1976,38327060
lmy,1977,39718544
lmy,1978,40528608
lmy,1979,41516804
lmy,1980,42449508
lmy,1981,42506360
lmy,1982,42695944
lmy,1983,42541124
lmy,1984,42800372
lmy,1985,43268048
lmy,1986,43759220
lmy,1987,44232424
lmy,1988,45554940
lmy,1989,45623208
lmy,1990,46487648
lmy,1991,47119600
lmy,1992,47359364
lmy,1993,47927416
lmy,1994,49289084
lmy,1995,50662376
lmy,1996,51965420
lmy,1997,52569184
lmy,1998,53058012
lmy,1999,52166908
lmy,2000,51959936
lmy,2001,51053304
lmy,2002,51787848
lmy,2003,52639820
lmy,2004,52525920
lmy,2005,53136392
lmy,2006,53210816
lmy,2007,53522124
lmy,2008,54660412
lmy,2009,55555224
lmy,2010,55708580
lmy,2011,56219628
lmy,2012,56806592
lmy,2013,56727016
lmy,2014,56853236
lso,1970,18605
lso,1972,18078
lso,1973,19724
lso,1974,22780
lso,1975,25089
lso,1976,22909
lso,1977,22008
lso,1978,23201
lso,1979,23262
lso,1980,24040
lso,1981,25311
lso,1982,26812
lso,1983,28127
lso,1984,29887
lso,1985,30785
lso,1986,31435
lso,1987,32209
lso,1988,32754
lso,1989,32522
lso,1990,32539
lso,1991,31692
lso,1992,32066
lso,1993,30626
lso,1994,30659
lso,1995,31657
lso,1996,31635
lso,1997,30795
lso,1999,29802
lso,2000,27653
lso,2001,43546
lso,2002,38152
lso,2003,35131
lso,2004,32805
lso,2005,31707
lso,2006,30354
lso,2007,28600
lso,2008,29116
lso,2009,28586
lso,2010,27424
lso,2011,27366
lso,2012,27976
lso,2013,26524
lso,2014,24574
ltu,1995,26869
ltu,1996,27541
ltu,1997,26476
ltu,1999,27085
ltu,2000,26476
ltu,2001,26072
ltu,2002,23085
ltu,2003,20246
ltu,2004,19836
ltu,2005,19393
ltu,2006,17286
ltu,2007,16612
ltu,2008,16508
ltu,2009,14987
ltu,2010,14324
ltu,2011,13405
ltu,2012,13412
ltu,2013,13281
ltu,2014,13228
lux,1971,2404
lux,1972,2456
lux,1973,2400
lux,1974,2481
lux,1975,2417
lux,1976,2337
lux,1977,2307
lux,1978,2262
lux,1979,2211
lux,1980,2028
lux,1981,1547
lux,1982,1724
lux,1983,1907
lux,1984,1800
lux,1986,1933
lux,1987,1836
lux,1988,1980
lux,1999,2654
lux,2000,2744
lux,2001,2785
lux,2002,2963
lux,2003,2915
lux,2004,2959
lux,2005,2995
lux,2006,2971
lux,2007,3004
lux,2008,3005
lux,2010,2887
lux,2011,3012
lux,2012,3040
lux,2013,3132
lva,1993,18531
lva,1994,14599
lva,1995,17045
lva,1996,18181
lva,1997,17939
lva,1999,17070
lva,2000,15688
lva,2001,14890
lva,2002,13016
lva,2003,11464
lva,2004,10331
lva,2005,9346
lva,2006,9050
lva,2007,8790
lva,2008,9040
lva,2009,9592
lva,2010,9369
lva,2011,9561
lva,2012,9329
lva,2013,9101
lva,2014,9587
mac,1990,2732
mac,1992,3341
mac,1993,3780
mac,1999,3322
mac,2000,3362
mac,2001,2998
mac,2002,3032
mac,2003,2836
mac,2004,2712
mac,2005,2438
mac,2006,2252
mac,2007,2209
mac,2008,2008
mac,2009,1782
mac,2010,1663
mac,2011,1572
mac,2012,1574
mac,2013,1724
mac,2014,1887
mar,1971,80199
mar,1972,84026
mar,1973,88804
mar,1974,93157
mar,1975,101134
mar,1976,111087
mar,1977,119144
mar,1978,129675
mar,1979,139100
mar,1980,147751
mar,1981,157005
mar,1982,170113
mar,1983,184765
mar,1984,199298
mar,1985,182125
mar,1986,151268
mar,1987,189914
mar,1988,179145
mar,1989,179535
mar,1990,180110
mar,1991,187299
mar,1992,200088
mar,1993,212225
mar,1994,232141
mar,1995,250148
mar,1996,255203
mar,1997,258143
mar,1999,287363
mar,2000,343960
mar,2001,364790
mar,2002,376843
mar,2003,368816
mar,2004,333514
mar,2005,319103
mar,2006,318089
mar,2007,320094
mar,2008,343000
mar,2009,330324
mar,2010,332399
mar,2011,346112
mar,2012,333367
mar,2013,319843
mar,2014,322932
mco,1991,180
mco,1992,174
mco,1994,195
mco,1995,148
mco,1996,170
mco,1997,199
mco,2009,185
mco,2011,174
mco,2012,142
mda,1992,42479
mda,1994,37444
mda,1995,39975
mda,1999,31219
mda,2000,29450
mda,2001,28420
mda,2002,27088
mda,2003,25743
mda,2004,23399
mda,2005,21686
mda,2006,19667
mda,2007,18801
mda,2008,18266
mda,2009,17150
mda,2010,16731
mda,2011,16828
mda,2012,16759
mda,2013,16980
mda,2014,16908
mdg,1971,92767
mdg,1972,99293
mdg,1973,97506
mdg,1974,97505
mdg,1975,106669
mdg,1981,156457
mdg,1982,164941
mdg,1983,156624
mdg,1988,155237
mdg,1989,158551
mdg,1990,163186
mdg,1991,168284
mdg,1992,160755
mdg,1993,159609
mdg,1994,164365
mdg,1995,176848
mdg,1996,176167
mdg,1999,222511
mdg,2000,262250
mdg,2001,263596
mdg,2002,267046
mdg,2003,300482
mdg,2004,356604
mdg,2005,504329
mdg,2006,496464
mdg,2007,498839
mdg,2008,479705
mdg,2009,506123
mdg,2010,493242
mdg,2011,491516
mdg,2012,498716
mdg,2013,497315
mdg,2014,517412
mdv,1992,4660
mdv,1993,4984
mdv,1996,4637
mdv,1997,4468
mdv,1998,4195
mdv,1999,4117
mdv,2000,4018
mdv,2001,3864
mdv,2002,3653
mdv,2003,3471
mdv,2004,3589
mdv,2005,3231
mdv,2006,3072
mdv,2007,2842
mdv,2008,2790
mdv,2009,2812
mdv,2010,2585
mdv,2011,2528
mdv,2012,2543
mdv,2013,2822
mdv,2014,2870
mea,1970,1165861.25
mea,1971,1199051.125
mea,1972,1255504.625
mea,1973,1307634.75
mea,1974,1375101.375
mea,1975,1428781.5
mea,1976,1602306.25
mea,1977,1710336
mea,1978,1803132
mea,1979,1862443.375
mea,1980,2100683
mea,1981,2044805.5
mea,1982,2076039.625
mea,1983,2167584.75
mea,1984,2330224.25
mea,1985,2476883.5
mea,1986,2563227.5
mea,1987,2768762.75
mea,1988,2920164.5
mea,1989,2980531.25
mea,1990,3093576
mea,1991,3226537.75
mea,1992,3378757.5
mea,1993,3471330.25
mea,1994,3472518.25
mea,1995,3478317.5
mea,1996,3484940.5
mea,1997,3524365.5
mea,1998,3542278.5
mea,1999,3565906.25
mea,2000,3629840
mea,2001,3654829.25
mea,2002,3614545
mea,2003,3649520.75
mea,2004,3615469
mea,2005,3621208.75
mea,2006,3619371.75
mea,2007,3656140
mea,2008,3742069.75
mea,2009,3769159.5
mea,2010,3822548.75
mea,2011,3909165.75
mea,2012,3972392
mea,2013,3950159
mea,2014,4034644
mex,1975,1058598
mex,1976,1087853
mex,1977,1174328
mex,1978,1205453
mex,1979,1299004
mex,1980,1346621
mex,1981,1382573
mex,1982,1408548
mex,1983,1378042
mex,1984,1363108
mex,1985,1331876
mex,1986,1303106
mex,1987,1290886
mex,1988,1285355
mex,1989,1274646
mex,1990,1257978
mex,1991,1263485
mex,1992,1257423
mex,1993,1248674
mex,1994,1293869
mex,1995,1250600
mex,1996,1252565
mex,1997,1233553
mex,1999,1252078
mex,2000,1269422
mex,2001,1268530
mex,2002,1254165
mex,2003,1274022
mex,2004,1252019
mex,2005,1216058
mex,2006,1211057
mex,2007,1197950
mex,2008,1267320
mex,2009,1303982
mex,2010,1312446
mex,2011,1237937
mex,2012,1215475
mex,2013,1202038
mex,2014,1180731
mhl,1999,625
mhl,2003,639
mhl,2005,639
mhl,2006,780
mhl,2007,723
mhl,2008,706
mhl,2009,693
mhl,2011,701
mic,1970,29698702
mic,1971,30857662
mic,1972,32048794
mic,1973,33447912
mic,1974,34461736
mic,1975,35621336
mic,1976,36724304
mic,1977,37983124
mic,1978,38713956
mic,1979,39463380
mic,1980,40388828
mic,1981,40275528
mic,1982,40365928
mic,1983,40194956
mic,1984,40440440
mic,1985,40922392
mic,1986,41351200
mic,1987,41828560
mic,1988,43031340
mic,1989,42979772
mic,1990,43712548
mic,1991,44262612
mic,1992,44467196
mic,1993,44942104
mic,1994,46149988
mic,1995,47289864
mic,1996,48395444
mic,1997,48673868
mic,1998,48719752
mic,1999,47745340
mic,2000,47224328
mic,2001,45911536
mic,2002,46224956
mic,2003,46628724
mic,2004,46280752
mic,2005,46290904
mic,2006,45821456
mic,2007,45946632
mic,2008,46686328
mic,2009,47069848
mic,2010,47228188
mic,2011,47498852
mic,2012,47663756
mic,2013,47381016
mic,2014,47224540
mkd,1993,16161
mkd,1994,16260
mkd,1995,16168
mkd,1996,16466
mkd,1997,16037
mkd,1999,15248
mkd,2000,15750
mkd,2001,14796
mkd,2002,14526
mkd,2003,14248
mkd,2004,13365
mkd,2005,12980
mkd,2006,12462
mkd,2007,12023
mkd,2009,8813
mkd,2010,11214
mkd,2012,10715
mli,1971,16109
mli,1972,18078
mli,1973,19940
mli,1974,18081
mli,1975,18825
mli,1976,18150
mli,1977,20887
mli,1978,20318
mli,1979,23446
mli,1980,21609
mli,1981,22288
mli,1982,21606
mli,1983,21165
mli,1984,21914
mli,1985,23109
mli,1986,22148
mli,1987,22208
mli,1988,23111
mli,1999,75717
mli,2000,81369
mli,2001,89297
mli,2002,99171
mli,2003,105613
mli,2004,114285
mli,2005,123701
mli,2006,130756
mli,2007,148591
mli,2008,155530
mli,2009,169579
mli,2010,169850
mli,2011,179328
mli,2012,175634
mli,2014,172341.25
mlt,1971,2707
mlt,1972,1830
mlt,1973,2451
mlt,1974,2147
mlt,1975,2355
mlt,1976,2305
mlt,1977,2857
mlt,1978,2612
mlt,1979,2634
mlt,1980,2751
mlt,1981,2632
mlt,1982,2630
mlt,1983,2719
mlt,1984,2769
mlt,1985,2813
mlt,1986,2835
mlt,1987,2808
mlt,1988,2845
mlt,1989,3012
mlt,1990,2870
mlt,1991,2788
mlt,1992,2771
mlt,1993,2646
mlt,1994,2785
mlt,1995,2835
mlt,1996,2952
mlt,1997,2804
mlt,1999,2734
mlt,2000,2610
mlt,2001,2559
mlt,2002,2445
mlt,2003,2363
mlt,2004,2288
mlt,2005,2241
mlt,2006,2204
mlt,2007,2261
mlt,2008,1967
mlt,2009,1775
mlt,2010,2021
mlt,2011,1913
mlt,2012,1913
mlt,2013,1871
mlt,2014,1908
mmr,1971,337342
mmr,1972,377193
mmr,1973,384490
mmr,1974,352222
mmr,1976,357586
mmr,1977,363772
mmr,1978,372917
mmr,2000,501720
mmr,2001,481010
mmr,2002,494947
mmr,2003,506866
mmr,2004,524729
mmr,2005,520020
mmr,2006,513680
mmr,2007,522520
mmr,2008,523427
mmr,2009,519428
mmr,2010,534429
mmr,2014,507725
mna,1970,1084183.5
mna,1971,1114334.375
mna,1972,1167986.75
mna,1973,1214010.125
mna,1974,1276658.375
mna,1975,1326151.125
mna,1976,1490394.625
mna,1977,1594579.5
mna,1978,1679088
mna,1979,1731103.375
mna,1980,1962788.5
mna,1981,1893796.875
mna,1982,1911660.75
mna,1983,1991090.625
mna,1984,2140367
mna,1985,2276312.75
mna,1986,2350426
mna,1987,2547839.75
mna,1988,2687934.5
mna,1989,2735148.5
mna,1990,2836621
mna,1991,2954960
mna,1992,3094099.25
mna,1993,3174104.5
mna,1994,3161859.75
mna,1995,3161285.25
mna,1996,3161582.25
mna,1997,3195421.5
mna,1998,3205000.75
mna,1999,3222779.75
mna,2000,3273996.5
mna,2001,3290004.25
mna,2002,3240440.5
mna,2003,3265770.25
mna,2004,3222161.25
mna,2005,3215188
mna,2006,3206869.25
mna,2007,3241000.25
mna,2008,3317902.25
mna,2009,3344972.5
mna,2010,3389507.25
mna,2011,3463071.75
mna,2012,3514522
mna,2013,3476879
mna,2014,3544208
mne,2011,3726
mne,2012,3574
mne,2015,3582
mng,1976,21256
mng,1978,22688
mng,1979,23087
mng,1980,23072
mng,1983,24700
mng,1995,25752
mng,1996,30660
mng,1997,31028
mng,1999,32227
mng,2000,32747
mng,2001,31743
mng,2002,28773
mng,2003,27366
mng,2004,29877
mng,2014,22955
moz,1973,39693
moz,1982,152134
moz,1983,148938
moz,1984,160982
moz,1985,147438
moz,1986,146171
moz,1987,146935
moz,1988,132330
moz,1989,125919
moz,1990,138311
moz,1991,132936
moz,1992,127243
moz,1993,122584
moz,1994,131042
moz,1995,143064
moz,1999,224549
moz,2000,246117
moz,2001,274880
moz,2002,301552
moz,2004,347859
moz,2005,432296
moz,2006,415167
moz,2007,430107
moz,2008,465573
moz,2009,490097
moz,2010,505774
moz,2011,514685
moz,2012,529885
moz,2013,547727
moz,2014,564499
mrt,1976,2859
mrt,1977,4798
mrt,1978,5434
mrt,1979,5923
mrt,1981,5959
mrt,1983,7715
mrt,1985,9614
mrt,1986,10483
mrt,1987,12325
mrt,1988,12515
mrt,1989,13077
mrt,1990,13083
mrt,1991,13632
mrt,1992,15483
mrt,1993,20283
mrt,1994,25154
mrt,1995,27737
mrt,1996,27549
mrt,1997,31928
mrt,1999,33432
mrt,2001,34714
mrt,2002,38364
mrt,2003,44133
mrt,2004,47990
mrt,2005,48029
mrt,2006,49460
mrt,2007,51459
mrt,2008,45548
mrt,2009,51597
mrt,2010,50886
mrt,2011,49435
mrt,2012,54222
mrt,2013,57047
mrt,2014,59716
mus,1970,12631
mus,1971,12523
mus,1972,11835
mus,1973,11871
mus,1974,10710
mus,1975,10842
mus,1976,9979
mus,1977,10122
mus,1978,9375
mus,1979,9491
mus,1980,9594
mus,1981,10747
mus,1982,14210
mus,1983,10793
mus,1984,11288
mus,1985,7348
mus,1986,12071
mus,1987,12049
mus,1988,11455
mus,1989,10577
mus,1990,9848
mus,1991,9548
mus,1992,9095
mus,1993,8946
mus,1994,9686
mus,1995,9985
mus,1996,10344
mus,1997,10748
mus,1999,10947
mus,2000,10806
mus,2001,10397
mus,2002,10119
mus,2003,9977
mus,2004,9485
mus,2005,9158
mus,2006,9686
mus,2007,9618
mus,2008,9382
mus,2009,9517
mus,2010,9094
mus,2011,9192
mus,2012,8948
mus,2013,8221
mus,2014,8345
mwi,1972,33600
mwi,1973,37085
mwi,1974,44239
mwi,1975,48909
mwi,1976,52505
mwi,1977,52839
mwi,1978,51850
mwi,1979,52135
mwi,1980,54286
mwi,1981,62849
mwi,1982,70374
mwi,1983,70905
mwi,1984,68480
mwi,1985,70513
mwi,1986,76749
mwi,1987,87391
mwi,1988,90111
mwi,1989,101196
mwi,1990,114133
mwi,1991,122399
mwi,1992,141864
mwi,1993,168035
mwi,1994,188081
mwi,1995,246639
mwi,1996,284301
mwi,1999,267174
mwi,2000,272644
mwi,2001,288949
mwi,2002,295757
mwi,2004,286496
mwi,2005,289939
mwi,2006,290633
mwi,2007,296167
mwi,2008,333733
mwi,2009,323205
mwi,2010,342111
mwi,2011,355383
mwi,2012,364452
mwi,2014,402671
mys,1974,156586
mys,1980,170329
mys,1981,169343
mys,1982,174185
mys,1983,177870
mys,1984,182337
mys,1985,183804
mys,1987,191999
mys,1988,198638
mys,1989,207954
mys,1990,211886
mys,1991,212157
mys,1992,223466
mys,1993,235242
mys,1994,234390
mys,1999,238479
mys,2000,255401
mys,2001,256800
mys,2002,249078
mys,2003,251248
mys,2004,260082
mys,2005,264005
mys,2006,253036
mys,2007,253505
mys,2008,267489
mys,2009,252361
mys,2010,254871
mys,2011,249629
mys,2012,254150
mys,2013,256667
mys,2014,251643
nac,1980,1793109.5
nac,1981,1702207
nac,1982,1814906
nac,1983,1711929
nac,1984,1725756
nac,1985,1783117
nac,1986,1888902.125
nac,1987,1916240.25
nac,1988,1965450
nac,1989,2014454.25
nac,1990,2065597.875
nac,1991,2073814
nac,1992,2094099.625
nac,1993,2101005
nac,1994,2101571.5
nac,1995,2149145.25
nac,1996,2200999.5
nac,1997,2204113.25
nac,1998,2209033.5
nac,1999,2296422.5
nac,2000,2257058
nac,2001,2245066.75
nac,2002,2131326.25
nac,2003,2212615.5
nac,2004,2145879.25
nac,2005,2183978
nac,2006,2163866.75
nac,2007,2200855.75
nac,2008,2114979.5
nac,2009,2189150.75
nac,2010,2154377.25
nac,2011,2117005
nac,2012,2238859
nac,2013,2145855
nac,2014,2296070.5
nam,1989,24578
nam,1990,24766
nam,1991,27731
nam,1992,30404
nam,1993,31284
nam,1994,31752
nam,1995,31299
nam,1996,30614
nam,1997,26746
nam,1999,27740
nam,2000,28566
nam,2001,29160
nam,2002,29888
nam,2003,29916
nam,2004,29603
nam,2005,28001
nam,2006,28344
nam,2007,28784
nam,2008,29400
nam,2009,28730
nam,2010,28209
nam,2012,29184
nam,2013,30947
ncl,1970,1916
ncl,1971,1970
ncl,1972,2050
ncl,1973,2151
ncl,1974,2093
ncl,1975,2076
ncl,1976,2261
ncl,1977,2166
ncl,1978,2274
ncl,1979,2297
ncl,1981,2347
ncl,1982,2312
ncl,1983,2179
ncl,1984,2063
ncl,1985,1907
ncl,1986,1936
ncl,1987,2065
ncl,1988,2107
ncl,1989,2138
ncl,1990,2147
ncl,1991,2138
ner,1971,6625
ner,1972,7030
ner,1973,7566
ner,1974,8120
ner,1975,9809
ner,1976,11104
ner,1977,13215
ner,1978,13624
ner,1979,14527
ner,1980,14466
ner,1981,15850
ner,1982,16661
ner,1983,16412
ner,1984,15702
ner,1985,14676
ner,1986,18133
ner,1987,19869
ner,1989,22836
ner,1990,25240
ner,1991,24934
ner,1992,24774
ner,1993,25413
ner,1995,32109
ner,1996,30055
ner,1997,34212
ner,1999,35819
ner,2000,48568
ner,2001,56833
ner,2002,61989
ner,2003,77424
ner,2004,87359
ner,2005,96773
ner,2006,89918
ner,2007,107932
ner,2008,111248
ner,2009,137315
ner,2010,156276
ner,2011,186884
ner,2012,176925
ner,2013,183444
ner,2014,182388
nga,1970,267930
nga,1971,340986
nga,1972,379636
nga,1973,408636
nga,1982,1117740
nga,1983,1139648
nga,1985,1134048
nga,1986,1035263
nga,1987,1007293
nga,1988,1048943
nga,1989,1084876
nga,1990,1100944
nga,1991,1105044
nga,1992,1205840
nga,1993,1229815
nga,1994,1261360
nga,1999,1426380
nga,2000,1554019
nga,2001,1578229
nga,2002,1683851
nga,2004,1784046
nga,2005,1831549
nga,2006,1905308
nga,2007,1801697
nga,2008,1699741
nga,2009,1756805
nga,2010,1802658
nic,1970,29221
nic,1971,30049
nic,1972,30753
nic,1973,31690
nic,1976,36179
nic,1977,37087
nic,1978,36064
nic,1979,37651
nic,1980,47632
nic,1982,55344
nic,1983,56367
nic,1984,63843
nic,1985,56372
nic,1986,49259
nic,1987,56903
nic,1988,60567
nic,1989,60683
nic,1990,65512
nic,1991,66253
nic,1992,69856
nic,1993,76690
nic,1994,75723
nic,1995,72682
nic,1996,71716
nic,1998,78647
nic,1999,81443
nic,2000,79208
nic,2001,81526
nic,2002,84317
nic,2003,83465
nic,2004,85420
nic,2005,83217
nic,2006,84328
nic,2007,87244
nic,2008,87457
nic,2010,81027
nld,1971,122297
nld,1972,122748
nld,1973,120590
nld,1974,119168
nld,1975,117608
nld,1976,117984
nld,1977,122208
nld,1978,120633
nld,1979,115683
nld,1980,110461
nld,1981,102250
nld,1982,94997
nld,1983,91568
nld,1984,87589
nld,1985,85875
nld,1999,97978
nld,2000,97024
nld,2001,96255
nld,2002,95959
nld,2003,94564
nld,2004,93545
nld,2005,95494
nld,2006,96249
nld,2007,97880
nld,2008,99089
nld,2009,98607
nld,2010,97530
nld,2012,94370
nor,1971,31233
nor,1973,31268
nor,1974,31980
nor,1975,32196
nor,1976,32070
nor,1977,32713
nor,1978,32899
nor,1979,31267
nor,1980,31980
nor,1981,31356
nor,1982,29867
nor,1984,27690
nor,1985,26162
nor,1986,25051
nor,1987,25403
nor,1988,25297
nor,1989,24972
nor,1990,25285
nor,1991,25096
nor,1992,24503
nor,1993,24813
nor,1994,25198
nor,1995,25753
nor,1996,26775
nor,1997,28058
nor,1999,30042
nor,2000,29679
nor,2001,29764
nor,2002,29710
nor,2003,29840
nor,2004,30304
nor,2005,29733
nor,2006,29174
nor,2007,29635
nor,2008,29692
nor,2009,28781
nor,2010,28470
nor,2011,29129
nor,2012,29499
nor,2013,29472
nor,2014,30375
npl,1974,15792
npl,1975,20024
npl,1976,25481
npl,1977,36111
npl,1978,45535
npl,1979,58516
npl,1980,75498
npl,1982,80802
npl,1983,88115
npl,1984,96379
npl,1988,120861
npl,1991,207548
npl,1992,219113
npl,1999,284992
npl,2000,300845
npl,2001,322102
npl,2002,352655
npl,2003,355660
npl,2004,364479
npl,2005,358412
npl,2007,493289
npl,2008,468533
npl,2011,512086
npl,2012,500672
npl,2013,467623
npl,2014,446867
npl,2015,438195
nru,1972,114
nru,1973,95
nru,1974,143
nru,1985,112
nru,2001,134
nru,2007,90
nru,2012,136
nru,2014,122
nzl,1980,35151
nzl,1981,32988
nzl,1982,30927
nzl,1983,30847
nzl,1984,29740
nzl,1985,29971
nzl,1986,29446
nzl,1987,29569
nzl,1988,28879
nzl,1989,28686
nzl,1990,29697
nzl,1991,29731
nzl,1992,30894
nzl,1993,30573
nzl,1994,32130
nzl,1995,33172
nzl,1996,29981
nzl,1997,30388
nzl,1999,29069
nzl,2000,28106
nzl,2001,28409
nzl,2002,27830
nzl,2003,28265
nzl,2004,28590
nzl,2005,27646
nzl,2006,28740
nzl,2007,28335
nzl,2008,27861
nzl,2009,27943
nzl,2010,28465
nzl,2011,28058
nzl,2012,28764
nzl,2013,29475
nzl,2014,31154
oed,1970,8532797
oed,1971,8572356
oed,1972,8705754
oed,1973,8640046
oed,1974,8544240
oed,1975,8392156
oed,1976,8509334
oed,1977,8637217
oed,1978,8636050
oed,1979,8676878
oed,1980,8745232
oed,1981,8589830
oed,1982,8672788
oed,1983,8462936
oed,1984,8329199
oed,1985,8332075.5
oed,1986,8286179
oed,1987,8240783
oed,1988,8321604
oed,1989,8348995.5
oed,1990,8291935.5
oed,1991,8272402.5
oed,1992,8228933.5
oed,1993,8160795.5
oed,1994,8158280.5
oed,1995,8090869.5
oed,1996,8130535.5
oed,1997,8104623.5
oed,1998,8106347
oed,1999,8207897.5
oed,2000,8120779
oed,2001,8046787.5
oed,2002,7877756
oed,2003,7908586.5
oed,2004,7766994.5
oed,2005,7806331.5
oed,2006,7738080
oed,2007,7756221.5
oed,2008,7712439.5
oed,2009,7768249
oed,2010,7642110
oed,2011,7548077.5
oed,2012,7644505
oed,2013,7549743
oed,2014,7711548
omn,1971,85
omn,1972,820
omn,1973,1005
omn,1974,1953
omn,1975,3381
omn,1976,4660
omn,1977,3951
omn,1978,4599
omn,1979,5643
omn,1981,6341
omn,1982,8179
omn,1983,8930
omn,1984,12145
omn,1985,15268
omn,1986,17926
omn,1987,19426
omn,1988,19853
omn,1989,19990
omn,1990,21150
omn,1991,22580
omn,1992,24475
omn,1993,25765
omn,1994,26469
omn,1995,26144
omn,1996,25133
omn,1997,25268
omn,1999,26677
omn,2000,27007
omn,2001,27273
omn,2002,26286
omn,2003,25343
omn,2009,23965
omn,2011,23675
omn,2012,25273
omn,2013,27031
omn,2014,27460
pak,2001,1190084
pak,2003,1346314
pak,2004,1383000
pak,2005,1546098
pak,2008,1767533
pak,2009,1825206
pak,2010,1759346
pak,2011,1739372
pak,2012,1726964
pak,2013,1762751
pak,2014,1913060
pan,1970,24300
pan,1971,25835
pan,1972,32329
pan,1973,30305
pan,1974,29506
pan,1975,29473
pan,1976,29244
pan,1977,29062
pan,1978,29311
pan,1979,30170
pan,1980,28222
pan,1981,29040
pan,1982,28850
pan,1983,28630
pan,1984,28938
pan,1985,29395
pan,1986,29832
pan,1987,29946
pan,1988,29686
pan,1989,31418
pan,1990,32311
pan,1999,34311
pan,2000,34863
pan,2001,34809
pan,2002,36843
pan,2004,38473
pan,2005,38285
pan,2006,36565
pan,2007,38584
pan,2008,38518
pan,2009,36748
pan,2010,36076
pan,2011,36062
pan,2012,35872
pan,2013,35268
per,1970,209489
per,1973,261257
per,1977,278885
per,1978,272293
per,1979,267734
per,1980,267168
per,1981,294578
per,1982,305674
per,1985,336463
per,1992,339460
per,1993,354794
per,1995,374510
per,1999,409062
per,2000,410330
per,2001,401290
per,2002,394908
per,2003,387784
per,2004,375087
per,2005,359206
per,2006,354833
per,2007,345644
per,2008,331561
per,2009,321516
per,2010,323145
per,2011,322207
per,2012,309938
per,2013,295738
per,2014,288223
phl,1981,740971
phl,1982,745361
phl,1983,740932
phl,1984,756432
phl,1985,784349
phl,1986,797688
phl,1987,826487
phl,1988,883047
phl,1989,919715
phl,1990,912744
phl,1999,1082971
phl,2001,1063503
phl,2002,1069618
phl,2003,1082745
phl,2004,1094772
phl,2005,1089586
phl,2006,1095564
phl,2007,1086072
phl,2008,1127596
phl,2009,1162000
phl,2013,1279449
plw,2000,196
plw,2004,166
plw,2013,138
plw,2014,134
png,1970,14700
png,1971,14510
png,1972,14321
png,1973,13532
png,1974,16396
png,1975,15810
png,1976,20249
png,1977,18722
png,1978,21857
png,1979,21334
png,1981,23803
png,1982,26724
png,1984,30344
png,1986,31960
png,1987,32592
png,1988,33003
png,1989,35360
png,1990,36874
png,1991,37309
png,1992,39975
png,1993,43790
png,1994,44961
png,1995,44357
png,1996,46810
png,1997,48498
png,2000,44028
png,2001,35772
png,2002,30943
png,2003,25459
png,2004,22142
png,2005,22462
png,2006,22462
png,2012,120964
pol,1972,271394
pol,1973,263794
pol,1974,256616
pol,1989,323399
pol,1990,314638
pol,1991,324439
pol,1992,332928
pol,1993,327605
pol,1994,316626
pol,1995,294031
pol,1996,279925
pol,1997,278701
pol,1999,266594
pol,2000,259821
pol,2001,245846
pol,2002,235200
pol,2003,225937
pol,2004,211967
pol,2005,205126
pol,2006,196033
pol,2007,186826
pol,2008,180286
pol,2009,177697
pol,2010,173432
pol,2011,173913
pol,2013,186801
pri,2009,24371
pri,2010,22678
pri,2011,21067
pri,2012,21218
pri,2013,20951
prk,2009,184952
prt,1971,113142
prt,1972,112956
prt,1973,112515
prt,1974,110721
prt,1975,112738
prt,1976,138627
prt,1993,81619
prt,1994,68561
pry,1970,45188
pry,1972,46179
pry,1973,47266
pry,1974,47264
pry,1975,46415
pry,1976,46905
pry,1977,49094
pry,1978,49934
pry,1980,52672
pry,1981,53382
pry,1982,53171
pry,1983,54111
pry,1984,54243
pry,1985,55286
pry,1986,56472
pry,1987,58983
pry,1988,63271
pry,1989,67274
pry,1990,68857
pry,1991,70365
pry,1992,73414
pry,1993,73091
pry,1994,81123
pry,1995,82039
pry,1996,82967
pry,1997,82131
pry,1999,85994
pry,2000,85444
pry,2002,80610
pry,2003,80514
pry,2004,80443
pry,2005,81784
pry,2006,77015
pry,2007,73018
pry,2008,69291
pry,2009,67977
pry,2010,69592
pry,2011,67612
pry,2012,66544
pse,1995,33930
pse,1996,38482
pse,1997,41235
pse,1999,46574
pse,2000,47123
pse,2001,50388
pse,2002,48990
pse,2003,49484
pse,2004,47451
pse,2005,45049
pse,2006,46346
pse,2007,46543
pse,2008,48200
pse,2009,47738
pse,2010,48047
pse,2011,49433
pse,2012,52501
pse,2013,53225
pse,2014,53751
pyf,1972,2412
pyf,1973,2454
pyf,1974,2521
pyf,1975,2658
pyf,1976,2712
pyf,1977,2604
pyf,1978,2585
pyf,1979,2596
pyf,1980,2579
pyf,1982,2587
pyf,1983,2493
pyf,1984,2392
pyf,1985,2411
pyf,1988,2682
pyf,1989,2437
pyf,1990,2672
pyf,1991,2732
pyf,1993,2899
pyf,1995,2892
pyf,1996,2951
qat,1971,1314
qat,1972,1392
qat,1973,1587
qat,1974,1823
qat,1975,1850
qat,1976,1949
qat,1977,2032
qat,1978,2016
qat,1979,2001
qat,1980,2061
qat,1981,2166
qat,1982,2220
qat,1983,2346
qat,1984,2422
qat,1985,2549
qat,1986,2696
qat,1987,2963
qat,1988,3103
qat,1989,3253
qat,1990,3271
qat,1991,3316
qat,1992,2407
qat,1993,2927
qat,1994,3047
qat,1995,2966
qat,1996,3114
qat,1999,4940
qat,2000,4986
qat,2001,5377
qat,2002,5325
qat,2003,5545
qat,2004,5399
qat,2005,6186
qat,2006,5891
qat,2007,6361
qat,2008,6730
qat,2009,7377
qat,2010,7725
qat,2011,8146
qat,2012,8838
qat,2013,9111
qat,2014,10090
rou,1971,166625
rou,1972,163550
rou,1973,140119
rou,1974,130270
rou,1989,175049
rou,1990,163103
rou,1991,148709
rou,1992,128031
rou,1993,153123
rou,1994,155024
rou,1995,168183
rou,1996,176074
rou,1997,173276
rou,1999,151149
rou,2000,131878
rou,2001,124714
rou,2002,119619
rou,2003,118131
rou,2004,113886
rou,2005,132648
rou,2006,104343
rou,2007,107528
rou,2008,106339
rou,2009,105681
rou,2010,102074
rou,2011,97616
rou,2012,97367
rus,1994,1111000
rus,1995,1159000
rus,1999,978790
rus,2000,887500
rus,2001,804919
rus,2002,741345
rus,2003,720278
rus,2006,612016
rus,2007,613425
rus,2008,592425
rus,2009,608932
rus,2011,667934
rus,2012,691796
rus,2013,706090
rus,2014,694459
rwa,1971,39891
rwa,1972,39035
rwa,1973,35305
rwa,1974,34320
rwa,1975,35781
rwa,1976,34166
rwa,1977,41129
rwa,1978,48219
rwa,1979,53035
rwa,1980,59415
rwa,1981,62189
rwa,1982,61139
rwa,1983,62402
rwa,1984,62550
rwa,1985,64959
rwa,1986,68480
rwa,1987,78553
rwa,1988,91291
rwa,1989,95259
rwa,1990,95825
rwa,1991,96934
rwa,1992,100983
rwa,1999,133932
rwa,2000,144251
rwa,2001,161687
rwa,2002,163090
rwa,2003,172275
rwa,2004,173823
rwa,2006,213421
rwa,2007,208809
rwa,2008,221422
rwa,2009,233159
rwa,2010,230037
rwa,2011,237043
rwa,2012,247795
rwa,2013,252318
sas,1970,5733072
sas,1971,5912403.5
sas,1972,6139864.5
sas,1973,6653064
sas,1974,6876766
sas,1975,6986919.5
sas,1976,7048373.5
sas,1977,7469149.5
sas,1978,7510369.5
sas,1979,7579823.5
sas,1980,7915824.5
sas,1981,7990689
sas,1982,8396633
sas,1983,8335532
sas,1984,8776646
sas,1985,9152922
sas,1986,9484344
sas,1987,10243987
sas,1988,10972217
sas,1989,11340789
sas,1990,11733999
sas,1991,12086009
sas,1992,12427311
sas,1993,12715197
sas,1994,13120656
sas,1995,13345790
sas,1996,13578223
sas,1997,13690219
sas,1998,13774625
sas,1999,13833926
sas,2000,14006589
sas,2001,13977658
sas,2002,14361460
sas,2003,14835689
sas,2004,15245044
sas,2005,15758764
sas,2006,16235609
sas,2007,16723358
sas,2008,17126184
sas,2009,17569064
sas,2010,17901652
sas,2011,18444722
sas,2012,18200844
sas,2013,17926410
sas,2014,18019416
sau,1979,56261
sau,2005,256953
sau,2007,261705
sau,2008,267554
sau,2009,268438
sau,2011,275485
sau,2012,284489
sau,2013,292901
sau,2014,305475
sdn,2001,227825
sdn,2002,233240
sdn,2003,245288
sdn,2004,265806
sdn,2005,274892
sdn,2006,308098
sdn,2007,304690
sdn,2008,356879
sdn,2009,346797
sdn,2010,347601
sdn,2011,338481
sdn,2012,357051
sdn,2013,369049
sen,1971,19091
sen,1972,19510
sen,1973,20939
sen,1978,25327
sen,1979,27948
sen,1980,30064
sen,1981,31619
sen,1982,33956
sen,1983,37650
sen,1984,43010
sen,1985,44587
sen,1986,45337
sen,1987,43035
sen,1988,46696
sen,1989,50113
sen,1990,49656
sen,1992,57963
sen,1994,61408
sen,1995,64917
sen,1996,68452
sen,1997,88009
sen,1998,96124
sen,2000,91669
sen,2001,112618
sen,2002,106530
sen,2003,118463
sen,2004,129533
sen,2005,137351
sen,2006,135659
sen,2007,149271
sen,2008,155090
sen,2009,158949
sen,2010,162416
sen,2011,169151
sen,2012,177401
sen,2014,184824
sgp,1970,26565
sgp,1971,26868
sgp,1972,26867
sgp,1973,25395
sgp,1974,24732
sgp,1975,23094
sgp,1976,21755
sgp,1977,21245
sgp,1978,22393
sgp,1979,22669
sgp,1980,23807
sgp,1981,22502
sgp,1982,20395
sgp,1983,19310
sgp,1984,20771
sgp,1985,18601
sgp,1986,19037
sgp,1987,19185
sgp,1988,19308
sgp,1989,19755
sgp,1990,19799
sgp,1991,18910
sgp,1992,19327
sgp,1993,19981
sgp,1994,18318
sgp,2007,22731
sgp,2008,24710
sgp,2009,22615
slb,1973,1888
slb,1974,2117
slb,1975,1823
slb,1980,1984
slb,1981,2426
slb,1982,2474
slb,1983,2923
slb,1986,3175
slb,1990,3749
slb,1991,3825
slb,1992,4431
slb,1993,4797
slb,1994,5345
slb,2000,4815
slb,2002,5752
slb,2005,6704
slb,2006,7335
slb,2007,7487
slb,2010,8418
slb,2011,8846
slb,2012,8676
slb,2013,8802
slb,2014,9143
sle,1971,11074
sle,1974,13167
sle,1975,13627
sle,1976,14622
sle,1978,15909
sle,2000,50119
sle,2001,53886
sle,2011,123215
sle,2012,122471
sle,2013,127404
slv,1970,51068
slv,1971,53151
slv,1972,53455
slv,1973,58419
slv,1974,60609
slv,1975,65801
slv,1976,68409
slv,1977,67760
slv,1978,70348
slv,1979,73939
slv,1980,66981
slv,1981,51670
slv,1982,64738
slv,1983,69492
slv,1984,74888
slv,1987,82513
slv,1988,81654
slv,1989,77724
slv,1991,74816
slv,1992,76063
slv,1993,75038
slv,1995,76182
slv,1996,83607
slv,1997,85803
slv,2000,81389
slv,2001,83268
slv,2002,83721
slv,2003,90446
slv,2005,90209
slv,2006,87677
slv,2007,85790
slv,2008,81353
slv,2009,76841
slv,2010,72270
slv,2011,67770
slv,2012,63856
slv,2013,61954
slv,2014,58833
smr,1971,169
smr,1972,153
smr,1973,156
smr,1974,157
smr,1975,164
smr,1976,168
smr,1977,145
smr,1978,137
smr,1979,127
smr,1980,160
smr,1981,145
smr,1982,146
smr,1983,139
smr,1984,136
smr,1985,138
smr,1986,140
smr,1987,132
smr,1988,118
smr,1989,105
smr,1990,115
smr,1991,120
smr,1992,112
smr,1993,112
smr,1994,112
smr,1996,102
smr,1997,106
smr,2000,112
smr,2008,143
smr,2009,164
smr,2010,176
smr,2011,141
smr,2012,152
som,1971,1886
som,1972,2452
som,1973,3986
som,1974,5937
som,1976,12104
som,1977,32323
som,1978,20783
som,1979,14593
som,1980,17612
som,1981,14552
som,1982,12314
som,1983,10774
som,1984,10791
som,1985,11505
som,1986,9242
som,2007,37946
srb,1999,45226
srb,2000,43491
srb,2001,41164
srb,2002,40781
srb,2003,40446
srb,2004,40191
srb,2005,39288
srb,2006,38838
srb,2007,34693
srb,2008,33413
srb,2009,34907
srb,2010,35077
srb,2011,34846
srb,2012,36024
srb,2013,35185
srb,2014,33966
ssa,1970,2233302.5
ssa,1971,2357578
ssa,1972,2474009.25
ssa,1973,2611305
ssa,1974,2805718.75
ssa,1975,3107565.25
ssa,1976,3276646
ssa,1977,3478953
ssa,1978,3660420.75
ssa,1979,4064729.25
ssa,1980,4268129.5
ssa,1981,4574276.5
ssa,1982,4834376.5
ssa,1983,4891626.5
ssa,1984,4947062
ssa,1985,4888745.5
ssa,1986,4905305.5
ssa,1987,4941285
ssa,1988,5121743.5
ssa,1989,5287323.5
ssa,1990,5406007
ssa,1991,5450479.5
ssa,1992,5597103
ssa,1993,5736924.5
ssa,1994,5945757
ssa,1995,6203342
ssa,1996,6446166.5
ssa,1997,6799649.5
ssa,1998,7274474
ssa,1999,7348999.5
ssa,2000,7751659
ssa,2001,8173026.5
ssa,2002,8655612
ssa,2003,9287637
ssa,2004,9691040
ssa,2005,10422201
ssa,2006,11040574
ssa,2007,11236753
ssa,2008,11595223
ssa,2009,12206691
ssa,2010,12259291
ssa,2011,12592911
ssa,2012,13176772
ssa,2013,13520475
ssa,2014,13925281
ssd,2011,137253
ssf,1970,2234163.5
ssf,1971,2358473
ssf,1972,2474867.25
ssf,1973,2612150
ssf,1974,2806619.75
ssf,1975,3108443.25
ssf,1976,3277468
ssf,1977,3479752
ssf,1978,3661185.75
ssf,1979,4065566.25
ssf,1980,4268924.5
ssf,1981,4575067.5
ssf,1982,4835231.5
ssf,1983,4892476.5
ssf,1984,4947810
ssf,1985,4889522.5
ssf,1986,4906098.5
ssf,1987,4942172
ssf,1988,5122557.5
ssf,1989,5288166.5
ssf,1990,5406863.5
ssf,1991,5451318.5
ssf,1992,5598008
ssf,1993,5737732.5
ssf,1994,5946555
ssf,1995,6204136
ssf,1996,6446928.5
ssf,1997,6800457.5
ssf,1998,7275306
ssf,1999,7349824.5
ssf,2000,7752487
ssf,2001,8173843.5
ssf,2002,8656350
ssf,2003,9288382
ssf,2004,9691740
ssf,2005,10422891
ssf,2006,11041259
ssf,2007,11237434
ssf,2008,11595899
ssf,2009,12207360
ssf,2010,12259948
ssf,2011,12593580
ssf,2012,13177462
ssf,2013,13521148
ssf,2014,13926030
stp,1977,1313
stp,1978,1531
stp,1983,1931
stp,1984,2015
stp,1987,2122
stp,1988,2246
stp,1990,2571
stp,1991,2439
stp,1992,2583
stp,1999,2194
stp,2001,2693
stp,2002,2657
stp,2003,2763
stp,2004,2682
stp,2005,2865
stp,2007,2854
stp,2008,2899
stp,2009,3539
stp,2010,3533
stp,2011,3366
stp,2012,3130
stp,2013,3360
stp,2014,3172
stp,2015,2962
sur,1974,7865
sur,1975,7744
sur,1976,6535
sur,1977,7040
sur,1978,7074
sur,1979,6937
sur,1985,5698
sur,1987,4985
sur,1988,4908
sur,1989,5189
sur,2005,5534
sur,2006,5561
sur,2007,5513
sur,2008,5659
sur,2009,5879
sur,2011,5762
sur,2013,5069
sur,2014,5363
svk,1991,43840
svk,1992,43962
svk,1993,42620
svk,1994,41567
svk,1995,40613
svk,1996,39767
svk,1997,38464
svk,1999,38590
svk,2000,36548
svk,2001,35708
svk,2002,34152
svk,2003,30859
svk,2004,29097
svk,2005,28461
svk,2006,27798
svk,2007,27318
svk,2008,26741
svk,2009,25299
svk,2010,24448
svk,2011,24473
svk,2012,25219
svk,2013,25488
svk,2014,25248
svn,1993,12646
svn,1994,12291
svn,1995,12232
svn,1996,12468
svn,1997,12054
svn,1999,10933
svn,2000,10302
svn,2001,10244
svn,2002,10400
svn,2003,10587
svn,2004,10994
svn,2008,8807
svn,2009,8547
svn,2010,8611
svn,2011,8416
svn,2012,8866
svn,2013,8868
svn,2014,9435
swe,1971,51001
swe,1972,53859
swe,1973,58670
swe,1974,58266
swe,1975,58338
swe,1976,57979
swe,1977,54878
swe,1978,52076
swe,1979,53437
swe,1980,55284
swe,1981,54644
swe,1982,53702
swe,1983,53900
swe,1984,50987
swe,1987,45700
swe,1988,47100
swe,1989,47820
swe,1990,46810
swe,1991,46518
swe,1992,46137
swe,1993,52101
swe,1994,54958
swe,1995,56568
swe,1996,56320
swe,1997,59212
swe,1999,62320
swe,2000,60768
swe,2001,60104
swe,2002,57893
swe,2003,55499
swe,2004,51356
swe,2005,48031
swe,2006,45619
swe,2007,45228
swe,2008,45123
swe,2009,45958
swe,2010,46717
swe,2011,48384
swe,2012,50902
swe,2013,51602
swe,2014,52441
swz,1970,6104
swz,1971,5803
swz,1972,6186
swz,1973,6630
swz,1974,7013
swz,1975,7195
swz,1976,7559
swz,1977,8014
swz,1978,8576
swz,1979,9000
swz,1980,9538
swz,1981,10176
swz,1982,10594
swz,1983,10727
swz,1984,10907
swz,1985,11237
swz,1986,11751
swz,1987,11903
swz,1988,12620
swz,1989,13583
swz,1990,14322
swz,1991,15128
swz,1992,15339
swz,1993,15535
swz,1994,15793
swz,1995,15850
swz,1996,15822
swz,1997,16028
swz,1999,16649
swz,2000,16401
swz,2001,15988
swz,2002,15400
swz,2003,15444
swz,2004,15978
swz,2005,16747
swz,2006,16915
swz,2007,17119
swz,2009,16563
swz,2010,16967
swz,2011,16370
swz,2012,16572
swz,2013,16187
sxm,2012,287
sxm,2014,293
syc,1970,861
syc,1971,895
syc,1972,858
syc,1973,845
syc,1974,901
syc,1975,878
syc,1976,822
syc,1977,799
syc,1978,765
syc,1979,837
syc,1980,795
syc,1981,791
syc,1982,855
syc,1983,850
syc,1984,748
syc,1985,777
syc,1986,793
syc,1987,887
syc,1988,814
syc,1989,843
syc,1991,839
syc,1992,905
syc,1993,808
syc,1994,798
syc,1995,794
syc,1996,762
syc,1997,808
syc,1999,825
syc,2000,828
syc,2001,817
syc,2002,738
syc,2003,745
syc,2004,700
syc,2005,690
syc,2013,673
syc,2014,749
syr,1971,69577
syr,1972,81112
syr,1973,88667
syr,1974,96977
syr,1975,92886
syr,1976,96649
syr,1977,101607
syr,1978,106062
syr,1979,112475
syr,1980,119546
syr,1981,134215
syr,1982,139339
syr,1983,145138
syr,1984,150880
syr,1985,170253
syr,1986,177371
syr,1987,186576
syr,1988,203507
syr,1989,188413
syr,1990,198663
syr,1991,208583
syr,1992,219484
syr,1993,222170
syr,1994,220688
syr,1995,222037
syr,1996,221520
syr,1997,227129
syr,1999,222522
syr,2000,229591
syr,2001,244337
syr,2002,253370
syr,2003,261799
syr,2004,267938
syr,2005,271242
syr,2006,275569
syr,2007,282696
syr,2008,284487
syr,2009,289864
syr,2010,294749
syr,2011,305668
syr,2012,313796
syr,2013,182825
tca,1978,98
tca,1994,116
tca,1997,135
tca,1999,149
tca,2000,145
tca,2001,171
tca,2002,194
tca,2003,153
tca,2004,163
tca,2005,195
tca,2009,214
tca,2014,235
tca,2015,226
tcd,1972,9118
tcd,1974,10550
tcd,1976,10955
tcd,1977,11284
tcd,1985,16537
tcd,1986,19924
tcd,1987,20413
tcd,1988,27928
tcd,1989,29079
tcd,1990,33647
tcd,1991,35901
tcd,1992,40746
tcd,1994,39670
tcd,1995,38944
tcd,1996,42643
tcd,1997,52054
tcd,1998,63174
tcd,1999,76449
tcd,2000,81426
tcd,2001,86443
tcd,2002,94203
tcd,2003,96705
tcd,2004,105077
tcd,2005,109141
tcd,2006,109552
tcd,2009,152262
tcd,2010,155554
tcd,2011,178456
tcd,2012,200004
tcd,2013,219607
tgo,1971,13395
tgo,1972,15657
tgo,1976,25510
tgo,1978,32096
tgo,1979,35262
tgo,1980,38137
tgo,1981,40090
tgo,1982,38774
tgo,1983,37850
tgo,1984,35827
tgo,1985,35784
tgo,1986,36175
tgo,1987,39643
tgo,1988,43036
tgo,1989,46551
tgo,1990,50753
tgo,1991,55034
tgo,1992,55068
tgo,1994,54193
tgo,1995,65869
tgo,1996,74235
tgo,1998,79944
tgo,1999,84370
tgo,2000,79123
tgo,2001,79585
tgo,2002,83169
tgo,2003,83119
tgo,2004,83649
tgo,2005,84404
tgo,2006,90344
tgo,2007,92266
tgo,2008,95949
tgo,2009,107836
tgo,2010,118428
tgo,2011,121961
tgo,2012,126624
tgo,2013,128526
tgo,2014,133919
tha,1971,568348
tha,1972,583372
tha,1973,608155
tha,1974,624183
tha,1975,612976
tha,1976,612695
tha,1977,624925
tha,1978,625345
tha,1981,622769
tha,1991,577539
tha,1999,510158
tha,2000,499511
tha,2001,494442
tha,2002,492410
tha,2004,485324
tha,2005,493489
tha,2006,456105
tha,2007,422334
tha,2008,415658
tha,2009,412997
tha,2010,394987
tha,2011,400296
tha,2012,395278
tha,2013,405230
tha,2014,397323
tjk,1995,63521
tjk,1997,81853
tjk,1999,85345
tjk,2000,84587
tjk,2001,80529
tjk,2002,78930
tjk,2003,86442
tjk,2004,89518
tjk,2005,78804
tjk,2006,80694
tjk,2007,83586
tjk,2008,85493
tjk,2009,84307
tjk,2010,79019
tjk,2011,81259
tjk,2012,78600
tjk,2013,81342
tjk,2014,79901
tjk,2015,82855
tkm,2014,41446
tls,2008,18798
tls,2009,21227
tls,2010,21598
tls,2011,23810
tls,2012,22121
tls,2013,21011
tls,2014,21075
ton,1972,380
ton,1973,1104
ton,1974,1311
ton,1975,2084
ton,1976,1577
ton,1977,1577
ton,1978,1306
ton,1979,1270
ton,1981,1094
ton,1982,1170
ton,1983,1167
ton,1984,1229
ton,1985,1604
ton,1986,1317
ton,1990,887
ton,1991,1366
ton,1992,1261
ton,1993,1253
ton,1999,1148
ton,2000,1293
ton,2001,1299
ton,2004,1274
ton,2005,1299
ton,2006,1282
ton,2012,1370
ton,2013,1322
ton,2014,1395
tto,1971,13464
tto,1972,13214
tto,1973,12939
tto,1974,11948
tto,1975,11218
tto,1976,10829
tto,1977,10374
tto,1978,9966
tto,1979,9404
tto,1980,9088
tto,1981,10703
tto,1982,10337
tto,1983,11063
tto,1984,11311
tto,1985,11718
tto,1986,11833
tto,1987,12653
tto,1988,13009
tto,1989,13437
tto,1990,13493
tto,1991,13723
tto,1992,13615
tto,1993,12903
tto,1994,12684
tto,1995,11722
tto,1996,11297
tto,1997,11268
tto,1999,11548
tto,2000,10585
tto,2001,9899
tto,2003,8978
tto,2004,9001
tto,2005,8461
tto,2007,9180
tto,2008,9098
tto,2009,8960
tto,2010,9189
tun,1973,70289
tun,1976,60299
tun,1977,61986
tun,1978,66237
tun,1979,69764
tun,1980,75070
tun,1981,79571
tun,1982,81988
tun,1983,91175
tun,1984,97709
tun,1985,102859
tun,1986,104610
tun,1987,107105
tun,1988,101529
tun,1989,110088
tun,1990,110151
tun,1991,124925
tun,1992,118343
tun,1993,119724
tun,1994,119113
tun,1995,118080
tun,1996,114658
tun,1997,109306
tun,1999,111062
tun,2000,112130
tun,2001,109076
tun,2002,112899
tun,2003,99991
tun,2004,87819
tun,2005,86856
tun,2006,87214
tun,2007,84169
tun,2008,84318
tun,2009,84785
tun,2010,85566
tun,2011,87260
tun,2012,85929
tun,2013,89636
tun,2014,91350
tur,1971,442978
tur,1972,484566
tur,1973,508318
tur,1974,538784
tur,1975,484320
tur,1977,508232
tur,1978,515657
tur,1979,520977
tur,1981,533437
tur,1982,558103
tur,1984,616091
tur,1985,715095
tur,1986,616153
tur,1987,625644
tur,1988,645484
tur,1989,691262
tur,1990,647616
tur,1991,651748
tur,1992,641942
tur,1993,639982
tur,1994,622664
tur,1995,605533
tur,1999,631215
tur,2000,624317
tur,2001,636604
tur,2002,671675
tur,2003,634244
tur,2004,625469
tur,2005,643898
tur,2006,661688
tur,2007,657104
tur,2008,661320
tur,2009,646408
tur,2010,591878
tur,2011,608537
tur,2012,595883
tuv,1984,79
tuv,1986,82
tuv,1987,100
tuv,1990,111
tuv,1993,122
tuv,1994,133
tuv,2001,120
tuv,2002,107
tuv,2003,105
tuv,2004,102
tuv,2005,129
tuv,2006,104
tuv,2014,107
tza,1970,65158
tza,1971,69536
tza,1972,75492
tza,1973,86673
tza,1974,95950
tza,1975,111673
tza,1976,200324
tza,1977,231748
tza,1978,266104
tza,1979,408208
tza,1980,258213
tza,1981,235591
tza,1982,236219
tza,1983,248611
tza,1984,251195
tza,1985,242569
tza,1986,245237
tza,1987,243345
tza,1988,244152
tza,1989,261560
tza,1990,273472
tza,1991,273947
tza,1992,285324
tza,1993,298871
tza,1994,304741
tza,1995,306328
tza,1996,324632
tza,1997,335916
tza,1999,324610
tza,2000,335885
tza,2001,399525
tza,2002,544940
tza,2003,718899
tza,2004,680761
tza,2005,638532
tza,2006,628237
tza,2007,624043
tza,2008,657286
tza,2009,653916
tza,2010,648513
tza,2012,663389
tza,2013,673059
uga,1970,47765
uga,1971,52431
uga,1972,53932
uga,1974,61328
uga,1975,68729
uga,1976,76343
uga,1977,84896
uga,1978,90382
uga,1979,93176
uga,1980,98758
uga,1981,110421
uga,1982,129002
uga,1983,144555
uga,1984,160844
uga,1985,173800
uga,1986,190614
uga,1987,191250
uga,1988,195360
uga,1989,194046
uga,1990,204367
uga,1991,204736
uga,1992,189002
uga,1995,237083
uga,1996,260018
uga,1997,385398
uga,1999,575112
uga,2000,568363
uga,2001,571445
uga,2002,597372
uga,2003,617827
uga,2004,591114
uga,2005,582077
uga,2006,597782
uga,2007,603223
uga,2008,657247
uga,2009,673625
uga,2010,667451
uga,2011,638038
uga,2013,654435
ukr,1993,358800
ukr,1994,357800
ukr,1999,305262
ukr,2000,297998
ukr,2001,287855
ukr,2002,329880
ukr,2005,220144
ukr,2006,205003
ukr,2007,190888
ukr,2008,187813
ukr,2009,184884
ukr,2010,184899
ukr,2011,195957
ukr,2012,199625
ukr,2013,196322
ukr,2014,210491
umc,1979,24023640
umc,1980,24126914
umc,1981,23543082
umc,1982,23091926
umc,1983,22527324
umc,1984,22419240
umc,1985,22432828
umc,1986,22653910
umc,1987,22148402
umc,1988,22341370
umc,1989,21781054
umc,1990,22085706
umc,1991,22204482
umc,1992,21883400
umc,1993,21922978
umc,1994,22602914
umc,1995,23512300
umc,1996,24257392
umc,1997,24201620
umc,1998,24177100
umc,1999,23116308
umc,2000,22254478
umc,2001,20913762
umc,2002,20766444
umc,2003,20578932
umc,2004,19641964
umc,2005,19338694
umc,2006,18399222
umc,2007,17997540
umc,2008,18083754
umc,2009,17944702
umc,2010,17739886
umc,2011,17178002
umc,2012,17510774
umc,2013,17581854
umc,2014,17452648
ury,1974,21792
ury,1976,24602
ury,1977,23047
ury,1978,23823
ury,1979,24936
ury,1980,23051
ury,1984,30593
ury,1985,30418
ury,1986,30072
ury,1987,29951
ury,1988,28679
ury,1989,28644
ury,1990,28344
ury,1991,27817
ury,1992,28119
ury,1993,28157
ury,1994,28687
ury,1995,28723
ury,1996,29475
ury,1997,29460
ury,1999,31354
ury,2000,29526
ury,2001,29635
ury,2002,30274
ury,2003,30791
ury,2004,30939
ury,2005,29560
ury,2006,28159
ury,2007,28073
ury,2008,27082
ury,2009,26872
ury,2010,26828
ury,2013,24456
usa,1981,1532000
usa,1982,1635000
usa,1983,1528000
usa,1984,1545000
usa,1985,1601000
usa,1986,1707000
usa,1987,1732000
usa,1990,1872000
usa,1991,1880000
usa,1993,1905966
usa,1994,1906546
usa,1995,1955169
usa,1996,2008121
usa,1999,2094605
usa,2000,2054550
usa,2001,2042319
usa,2002,1929163
usa,2003,2013546
usa,2004,1951428
usa,2005,1994762
usa,2006,1979494
usa,2007,2020093
usa,2008,1936514
usa,2009,2011814
usa,2010,1977144
usa,2011,1938989
usa,2012,2060548
usa,2013,1965100.125
usa,2014,2111528
uzb,1994,288440
uzb,1995,306453
uzb,1999,322871
uzb,2000,333547
uzb,2001,312864
uzb,2002,306419
uzb,2003,306435
uzb,2004,302200
uzb,2005,285155
uzb,2006,272144
uzb,2007,253940
uzb,2008,244402
uzb,2009,239494
uzb,2010,235886
uzb,2011,238323
vct,1971,1968
vct,1974,1634
vct,1975,1324
vct,1976,1468
vct,1982,1666
vct,1984,1562
vct,1987,1645
vct,2001,1279
vct,2003,1075
vct,2004,1095
vct,2007,1047
vct,2008,1049
vct,2009,987
vct,2010,908
vct,2011,898
vct,2012,876
vct,2013,978
vct,2014,901
ven,1971,179721
ven,1972,172509
ven,1973,174961
ven,1974,176516
ven,1975,178925
ven,1976,199705
ven,1977,210892
ven,1978,219104
ven,1979,224509
ven,1980,222987
ven,1983,238779
ven,1984,238850
ven,1985,243993
ven,1986,248719
ven,1987,256508
ven,1988,267211
ven,1989,267103
ven,1991,282264
ven,1992,290338
ven,1993,286271
ven,1996,272812
ven,1997,281933
ven,1999,279708
ven,2000,275793
ven,2001,283601
ven,2002,301376
ven,2003,292357
ven,2004,285854
ven,2005,284239
ven,2006,278669
ven,2007,290967
ven,2008,290596
ven,2009,285269
ven,2010,280190
ven,2011,281457
ven,2012,281398
ven,2013,283207
ven,2014,256920
vir,1991,953
vnm,1977,859844
vnm,1978,795370
vnm,1979,756851
vnm,1980,804836
vnm,1981,793100
vnm,1985,829094
vnm,1986,848255
vnm,1999,1006378
vnm,2000,954004
vnm,2001,943231
vnm,2002,858677
vnm,2003,801560
vnm,2011,703233
vnm,2012,691035
vnm,2013,694634
vnm,2014,702791
vut,1970,1696
vut,1971,1918
vut,1972,1666
vut,1973,1837
vut,1974,1722
vut,1975,1809
vut,1976,1875
vut,1977,1822
vut,1978,1873
vut,1979,1725
vut,1980,1931
vut,1981,1936
vut,1989,2080
vut,1991,2012
vut,1992,2073
vut,1993,2586
vut,1994,2809
vut,1997,2666
vut,1999,3091
vut,2000,2955
vut,2001,3123
vut,2004,3309
vut,2005,3372
vut,2006,3335
vut,2007,3242
vut,2008,3363
vut,2009,3396
vut,2010,3519
vut,2013,3764
wld,1970,38385200
wld,1971,39571864
wld,1972,40861148
wld,1973,42170580
wld,1974,43076744
wld,1975,44180268
wld,1976,45533912
wld,1977,46950052
wld,1978,47725728
wld,1979,48662016
wld,1980,49613844
wld,1981,49489504
wld,1982,49725580
wld,1983,49373472
wld,1984,49497460
wld,1985,49910416
wld,1986,50495036
wld,1987,50937624
wld,1988,52337376
wld,1989,52412380
wld,1990,53292904
wld,1991,53906140
wld,1992,54126328
wld,1993,54650008
wld,1994,55989876
wld,1995,57364024
wld,1996,58715208
wld,1997,59309764
wld,1998,59784548
wld,1999,58998232
wld,2000,58700148
wld,2001,57714148
wld,2002,58263756
wld,2003,59168240
wld,2004,58949984
wld,2005,59621248
wld,2006,59612804
wld,2007,59950756
wld,2008,60975560
wld,2009,61897612
wld,2010,61982208
wld,2011,62459428
wld,2012,63192228
wld,2013,63039968
wld,2014,63365344
wsm,1970,2090
wsm,1972,2255
wsm,1973,2264
wsm,1975,2502
wsm,1976,2326
wsm,1977,2329
wsm,1978,2277
wsm,1979,2336
wsm,1980,2340
wsm,1981,2159
wsm,1982,2014
wsm,1983,2020
wsm,1986,2437
wsm,1994,2105
wsm,1995,2187
wsm,1996,2206
wsm,1997,2135
wsm,1999,2257
wsm,2000,2361
wsm,2001,2378
wsm,2002,2538
wsm,2003,2591
wsm,2004,2481
wsm,2005,2434
wsm,2006,2354
wsm,2007,2429
wsm,2009,2264
wsm,2010,2435
wsm,2011,2563
wsm,2012,2460
wsm,2014,2520
yem,1999,165518
yem,2001,204897
yem,2002,215445
yem,2003,236168
yem,2004,252811
yem,2005,270593
yem,2008,283922
yem,2010,287486
yem,2012,309397
yem,2013,323612
zaf,1989,527106
zaf,1990,541316
zaf,1991,552039
zaf,1994,596292
zaf,1999,586043
zaf,2000,507463
zaf,2001,450838
zaf,2002,493022
zaf,2003,545337
zaf,2004,539732
zaf,2005,543240
zaf,2006,523232
zaf,2007,508121
zaf,2008,498763
zaf,2009,485408
zaf,2010,480904
zaf,2011,485514
zaf,2012,521637
zaf,2013,539636
zaf,2014,553903
zmb,1970,58489
zmb,1971,59269
zmb,1972,61591
zmb,1973,67185
zmb,1974,70247
zmb,1975,68292
zmb,1976,71430
zmb,1977,73865
zmb,1978,75937
zmb,1979,79171
zmb,1980,81315
zmb,1981,84721
zmb,1982,88081
zmb,1983,93077
zmb,1984,98244
zmb,1985,103734
zmb,1986,112403
zmb,1988,107373
zmb,1994,114710
zmb,1995,114994
zmb,1999,123237
zmb,2000,125964
zmb,2001,129471
zmb,2002,145650
zmb,2004,177641
zmb,2005,207624
zmb,2006,219100
zmb,2007,219995
zmb,2008,228505
zmb,2009,231495
zmb,2010,223833
zmb,2012,248750
zmb,2013,250196
zwe,1970,59759
zwe,1971,59549
zwe,1972,62918
zwe,1973,68325
zwe,1974,70290
zwe,1975,73325
zwe,1976,74217
zwe,1977,74297
zwe,1978,69268
zwe,1979,68399
zwe,1981,182355
zwe,1982,209227
zwe,1983,185926
zwe,1984,167665
zwe,1985,159975
zwe,1986,154186
zwe,1987,155704
zwe,1988,163885
zwe,1989,168738
zwe,1990,179669
zwe,1991,179181
zwe,1992,179424
zwe,1995,185378
zwe,1996,181516
zwe,1999,183401
zwe,2001,178949
zwe,2002,178088
zwe,2003,175277
zwe,2012,201805
zwe,2013,197437
