country,year,se_pre_enrl
abw,1999,2712.0
abw,2000,2809.0
abw,2001,2867.0
abw,2002,2895.0
abw,2003,2906.0
abw,2004,2836.0
abw,2005,2821.0
abw,2006,2985.0
abw,2007,2914.0
abw,2008,2740.0
abw,2009,2707.0
abw,2010,2809.0
abw,2011,2782.0
abw,2012,2874.0
abw,2013,2822.0
abw,2014,2811.0
afg,1970,979.0
afg,1971,995.0
afg,1972,1364.0
afg,1973,1333.0
afg,1974,1473.0
afg,1975,1891.0
afg,1976,2891.0
afg,1977,3733.0
afg,1980,4470.0
afg,1981,4970.0
afg,1982,4735.0
afg,1984,12714.0
afg,1985,17000.0
afg,1986,18002.0
afg,1988,19660.0
afg,2003,24220.0
ago,1981,390512.0
ago,1982,342316.0
ago,1983,292457.0
ago,1984,254736.0
ago,1985,208459.0
ago,1986,230154.0
ago,1987,222161.0
ago,1988,212733.0
ago,1989,209171.0
ago,1990,191882.0
ago,1991,164146.0
ago,1992,214867.0
ago,1998,311749.0
ago,1999,388605.0
ago,2007,938389.0
ago,2008,716061.0
ago,2009,695562.0
ago,2010,668358.0
ago,2011,595938.0
alb,1971,47524.0
alb,1972,52727.0
alb,1980,86280.0
alb,1981,92490.0
alb,1982,96790.0
alb,1983,99120.0
alb,1984,103000.0
alb,1985,107450.0
alb,1986,110603.0
alb,1987,113840.0
alb,1988,118277.0
alb,1989,121000.0
alb,1990,125312.0
alb,1991,130007.0
alb,1992,108889.0
alb,1993,81117.0
alb,1994,80395.0
alb,1995,80384.0
alb,1996,84536.0
alb,1997,84232.0
alb,1998,80813.0
alb,1999,81734.0
alb,2000,82880.0
alb,2001,82290.0
alb,2002,78473.0
alb,2003,81285.0
alb,2004,79906.0
alb,2005,78765.0
alb,2006,78483.0
alb,2007,75781.0
alb,2008,76278.0
alb,2009,75445.0
alb,2010,74914.0
alb,2011,76389.0
alb,2012,80488.0
alb,2013,81865.0
alb,2014,81448.0
alb,2015,82494.0
and,1975,1594.0
and,1983,1925.0
and,2002,2440.0
and,2003,2640.0
and,2004,2614.0
and,2005,2655.0
and,2006,2614.0
and,2007,2558.0
and,2008,2507.0
and,2009,2408.0
and,2010,2411.0
and,2011,2380.0
and,2012,2435.0
and,2013,2423.0
and,2014,2453.0
and,2015,2427.0
arb,1970,915850.625
arb,1971,924685.3125
arb,1972,937870.75
arb,1973,953963.625
arb,1974,960163.875
arb,1975,1012383.625
arb,1976,1085752.25
arb,1977,1153071.25
arb,1978,1175443.875
arb,1979,1241014.75
arb,1980,1301585.125
arb,1981,1395147.375
arb,1982,1448030.375
arb,1983,1512125.0
arb,1984,1587159.0
arb,1985,1676095.75
arb,1986,1710682.25
arb,1987,1766344.875
arb,1988,1810583.25
arb,1989,1885178.625
arb,1990,1934449.125
arb,1991,1982412.625
arb,1992,2003613.75
arb,1993,2057059.125
arb,1994,2107651.25
arb,1995,2144955.75
arb,1996,2198955.0
arb,1997,2274882.25
arb,1998,2407831.25
arb,1999,2372421.0
arb,2000,2454093.5
arb,2001,2459283.25
arb,2002,2517448.25
arb,2003,2607002.0
arb,2004,2709028.75
arb,2005,2851838.5
arb,2006,3107668.25
arb,2007,3138275.75
arb,2008,3457077.5
arb,2009,4033259.5
arb,2010,4187611.0
arb,2011,4267723.5
arb,2012,4449275.0
arb,2013,4442366.5
arb,2014,4940329.5
are,1973,3276.0
are,1974,4493.0
are,1975,4415.0
are,1976,7603.0
are,1977,8252.0
are,1978,9424.0
are,1979,9250.0
are,1980,13323.0
are,1981,17263.0
are,1982,24490.0
are,1983,30128.0
are,1984,29744.0
are,1985,32012.0
are,1986,35360.0
are,1987,37083.0
are,1988,40470.0
are,1989,44555.0
are,1990,47007.0
are,1991,47049.0
are,1992,49064.0
are,1993,51885.0
are,1994,55566.0
are,1995,56428.0
are,1996,56202.0
are,1997,55624.0
are,1998,59390.0
are,1999,64423.0
are,2000,65835.0
are,2001,67749.0
are,2002,70702.0
are,2003,74811.0
are,2004,78000.0
are,2005,82733.0
are,2006,89511.0
are,2007,100269.0
are,2009,116688.0
are,2010,124699.0
are,2011,130575.0
are,2012,135051.0
are,2013,145401.0
are,2014,165533.0
are,2015,155483.0
arg,1970,223251.0
arg,1971,240617.0
arg,1972,259509.0
arg,1973,288904.0
arg,1974,317793.0
arg,1975,369082.0
arg,1976,402702.0
arg,1977,430916.0
arg,1979,455745.0
arg,1980,480216.0
arg,1981,526964.0
arg,1982,570353.0
arg,1983,602226.0
arg,1984,654645.0
arg,1985,693259.0
arg,1986,719928.0
arg,1987,766138.0
arg,1988,798235.0
arg,1991,982483.0
arg,1994,1009610.0
arg,1996,1116951.0
arg,1997,1145919.0
arg,1998,1178249.0
arg,1999,1191336.0
arg,2000,1256491.0
arg,2001,1265771.0
arg,2002,1268657.0
arg,2003,1266292.0
arg,2004,1302835.0
arg,2005,1335169.0
arg,2006,1342505.0
arg,2007,1374995.0
arg,2008,1429412.0
arg,2009,1462363.0
arg,2010,1484207.0
arg,2011,1487105.0
arg,2012,1527075.0
arg,2013,1566810.0
arg,2014,1597990.0
arm,1980,134839.0
arm,1986,159000.0
arm,1987,166000.0
arm,1988,166000.0
arm,1989,162279.0
arm,1990,146500.0
arm,1991,143900.0
arm,1992,143900.0
arm,1993,122221.0
arm,1994,104100.0
arm,1995,88400.0
arm,1996,71300.0
arm,1997,72800.0
arm,1998,67251.0
arm,1999,56604.0
arm,2000,52901.0
arm,2001,46629.0
arm,2002,44646.0
arm,2003,45390.0
arm,2004,46855.0
arm,2005,45971.0
arm,2006,48674.0
arm,2007,48015.0
arm,2008,50491.0
arm,2009,53718.0
arm,2010,53877.0
arm,2011,58316.0
arm,2012,63542.0
arm,2013,59591.0
arm,2014,61086.0
arm,2015,64959.0
asm,1974,2300.0
asm,1975,2000.0
asm,1978,1816.0
asm,1981,1922.0
asm,1982,1809.0
asm,1983,1820.0
asm,1984,1845.0
asm,1985,1966.0
asm,1986,2001.0
asm,1987,2235.0
asm,1988,2324.0
asm,1989,2882.0
asm,1990,2874.0
asm,1991,2880.0
asm,1992,2694.0
atg,1975,595.0
atg,1976,985.0
atg,1977,820.0
atg,1978,1054.0
atg,1979,912.0
atg,1984,677.0
atg,2000,1636.0
atg,2007,2318.0
atg,2008,2356.0
atg,2010,2512.0
atg,2011,2438.0
atg,2012,2596.0
atg,2014,2182.0
atg,2015,2766.0
aus,1971,184381.0
aus,1974,182545.0
aus,1975,186652.0
aus,1976,203146.0
aus,1977,203114.0
aus,1978,195348.0
aus,1979,173521.0
aus,1980,165742.0
aus,1981,160580.0
aus,1982,158188.0
aus,1983,158468.0
aus,1984,156641.0
aus,1985,161974.0
aus,1986,168448.0
aus,1987,172815.0
aus,1988,175079.0
aus,1989,179344.0
aus,1990,180470.0
aus,1991,180809.0
aus,1992,181358.0
aus,1993,182269.0
aus,1994,186163.0
aus,1995,243800.0
aus,1996,200500.0
aus,1997,207000.0
aus,2001,272996.0
aus,2002,263541.0
aus,2003,211627.0
aus,2004,214059.0
aus,2005,221672.0
aus,2006,212998.0
aus,2007,212402.0
aus,2008,215526.0
aus,2009,219741.0
aus,2010,218387.0
aus,2011,273564.0
aus,2012,320254.0
aus,2013,334387.0
aus,2014,357052.0
aus,2015,393403.0
aut,1971,120359.0
aut,1972,126641.0
aut,1973,133406.0
aut,1974,141103.0
aut,1975,148221.0
aut,1976,154318.0
aut,1977,156278.0
aut,1978,163608.0
aut,1979,167571.0
aut,1980,168586.0
aut,1981,165611.0
aut,1982,163373.0
aut,1983,163735.0
aut,1984,166542.0
aut,1985,171881.0
aut,1986,181582.0
aut,1987,190373.0
aut,1988,192571.0
aut,1989,192385.0
aut,1990,192946.0
aut,1991,194829.0
aut,1992,197186.0
aut,1993,202294.0
aut,1994,209743.0
aut,1995,214951.0
aut,1996,220314.0
aut,1997,225034.0
aut,1998,226686.0
aut,1999,225413.0
aut,2000,223401.0
aut,2001,223366.0
aut,2002,221629.0
aut,2003,219844.0
aut,2004,216619.0
aut,2005,216508.0
aut,2006,216801.0
aut,2007,218667.0
aut,2008,225178.0
aut,2009,233533.0
aut,2010,240230.0
aut,2011,239597.0
aut,2012,245529.0
aut,2013,237336.5
aut,2014,239904.0
aut,2015,245251.0
aze,1981,109721.0
aze,1986,125636.0
aze,1989,122856.0
aze,1990,140092.0
aze,1991,132338.0
aze,1992,128785.0
aze,1993,123121.0
aze,1994,124371.0
aze,1995,109492.0
aze,1996,103608.0
aze,1997,96318.0
aze,1998,90984.0
aze,1999,87802.0
aze,2000,95564.0
aze,2001,94983.0
aze,2002,95939.0
aze,2003,95950.0
aze,2004,95304.0
aze,2005,93759.0
aze,2006,95455.0
aze,2007,94193.0
aze,2008,89213.0
aze,2009,88207.0
aze,2010,93039.0
aze,2011,97520.0
aze,2012,98502.0
aze,2013,109424.0
aze,2014,107130.0
aze,2015,116352.0
bdi,1971,916.0
bdi,1972,600.0
bdi,1973,740.0
bdi,1974,532.0
bdi,1982,1049.0
bdi,1983,1326.0
bdi,1984,1333.0
bdi,1985,1446.0
bdi,1986,1774.0
bdi,1987,1971.0
bdi,1988,2140.0
bdi,1989,2381.0
bdi,1998,4480.0
bdi,1999,4938.0
bdi,2000,5225.0
bdi,2001,7616.0
bdi,2002,8309.0
bdi,2003,8304.0
bdi,2004,8898.0
bdi,2005,12092.0
bdi,2006,12155.0
bdi,2007,16144.0
bdi,2009,59923.0
bdi,2010,55103.0
bdi,2011,43249.0
bdi,2012,46742.0
bdi,2013,52772.0
bdi,2014,66972.0
bdi,2015,86185.0
bel,1971,458702.0
bel,1972,449351.0
bel,1973,440340.0
bel,1974,439504.0
bel,1975,438932.0
bel,1976,437838.0
bel,1977,425480.0
bel,1978,404229.0
bel,1979,391705.0
bel,1980,384152.0
bel,1981,383955.0
bel,1982,386100.0
bel,1983,387926.0
bel,1984,391204.0
bel,1985,394027.0
bel,1986,391848.0
bel,1987,379893.0
bel,1988,371509.0
bel,1989,367245.0
bel,1990,369683.0
bel,1991,374343.0
bel,1992,398005.0
bel,1993,410183.0
bel,1994,421409.0
bel,1995,429726.0
bel,1996,428134.0
bel,1999,399443.0
bel,2000,400421.0
bel,2001,400805.0
bel,2002,401034.0
bel,2003,401975.0
bel,2004,399437.0
bel,2005,412041.0
bel,2006,411712.0
bel,2007,411951.0
bel,2008,416891.0
bel,2009,424853.0
bel,2010,434262.0
bel,2011,444960.0
bel,2012,452309.0
bel,2013,456989.0
bel,2014,462831.0
bel,2015,461070.0
ben,1976,0.0
ben,1978,0.0
ben,1979,0.0
ben,1980,0.0
ben,1981,3779.0
ben,1982,4925.0
ben,1983,5667.0
ben,1984,7655.0
ben,1985,9895.0
ben,1986,11302.0
ben,1987,13040.0
ben,1988,13288.0
ben,1989,13433.0
ben,1990,13164.0
ben,1991,13623.0
ben,1992,13827.0
ben,1993,14814.0
ben,1994,14512.0
ben,1995,15979.0
ben,1996,16738.0
ben,1999,17891.0
ben,2000,27748.0
ben,2001,25010.0
ben,2002,23395.0
ben,2003,21857.0
ben,2004,22022.0
ben,2005,27673.0
ben,2006,31200.0
ben,2008,68026.0
ben,2009,74033.0
ben,2010,97333.0
ben,2011,109449.0
ben,2012,111621.0
ben,2013,119138.0
ben,2014,128703.0
ben,2015,151732.0
bfa,1971,355.0
bfa,1972,416.0
bfa,1973,581.0
bfa,1974,537.0
bfa,1975,478.0
bfa,1976,497.0
bfa,1977,729.0
bfa,1978,580.0
bfa,1979,785.0
bfa,1980,829.0
bfa,1981,382.0
bfa,1982,546.0
bfa,1983,689.0
bfa,1984,1631.0
bfa,1985,2713.0
bfa,1986,3543.0
bfa,1987,4726.0
bfa,1988,5593.0
bfa,1989,6251.0
bfa,1990,5590.0
bfa,1991,6781.0
bfa,1992,7593.0
bfa,1993,7943.0
bfa,1994,9958.0
bfa,1995,10067.0
bfa,1996,13695.0
bfa,1997,17005.0
bfa,1998,18045.0
bfa,1999,19850.0
bfa,2007,40659.0
bfa,2009,41906.0
bfa,2010,43016.0
bfa,2011,48878.0
bfa,2012,59533.0
bfa,2013,67321.0
bfa,2014,72210.0
bfa,2015,73081.0
bgd,1972,4928.0
bgd,1973,8215.0
bgd,1988,2317181.0
bgd,1998,2086330.0
bgd,1999,1824548.0
bgd,2000,1693548.0
bgd,2001,1642715.0
bgd,2002,1423714.0
bgd,2003,1165212.0
bgd,2004,1108754.0
bgd,2005,1101429.0
bgd,2009,1066978.0
bgd,2010,1233593.0
bgd,2011,2375955.0
bgd,2013,2961031.0
bgd,2015,2864877.0
bgr,1971,331960.0
bgr,1972,322389.0
bgr,1973,336163.0
bgr,1974,360582.0
bgr,1975,379629.0
bgr,1976,392625.0
bgr,1977,394878.0
bgr,1978,396925.0
bgr,1979,404001.0
bgr,1980,419194.0
bgr,1981,420804.0
bgr,1982,407297.0
bgr,1983,403518.0
bgr,1984,391902.0
bgr,1985,380430.0
bgr,1986,360395.0
bgr,1987,349131.0
bgr,1988,344396.0
bgr,1989,339891.0
bgr,1990,317559.0
bgr,1991,303779.0
bgr,1992,258995.0
bgr,1993,263004.0
bgr,1994,247472.0
bgr,1995,246608.0
bgr,1996,254234.0
bgr,1997,247015.0
bgr,1998,220177.0
bgr,1999,218525.0
bgr,2000,211943.0
bgr,2001,200449.0
bgr,2002,199206.0
bgr,2003,201317.0
bgr,2004,201145.0
bgr,2005,202803.0
bgr,2006,206243.0
bgr,2007,206745.0
bgr,2008,207682.0
bgr,2009,212454.0
bgr,2010,217804.0
bgr,2011,223186.0
bgr,2012,227971.0
bgr,2013,235015.0
bgr,2014,240622.0
bgr,2015,241123.0
bhr,1971,1097.0
bhr,1973,1100.0
bhr,1974,1290.0
bhr,1975,1408.0
bhr,1976,1983.0
bhr,1977,2658.0
bhr,1978,2403.0
bhr,1979,2621.0
bhr,1980,2931.0
bhr,1981,3730.0
bhr,1982,4383.0
bhr,1983,5053.0
bhr,1984,5217.0
bhr,1985,6731.0
bhr,1986,7608.0
bhr,1987,8238.0
bhr,1988,8670.0
bhr,1989,8994.0
bhr,1991,9056.0
bhr,1992,10161.0
bhr,1993,11492.0
bhr,1994,12008.0
bhr,1995,12807.0
bhr,1996,12277.0
bhr,1997,12308.0
bhr,1998,13666.0
bhr,1999,14064.0
bhr,2000,14493.0
bhr,2001,15200.0
bhr,2002,15610.0
bhr,2003,16248.0
bhr,2004,17740.0
bhr,2005,18393.0
bhr,2006,18992.0
bhr,2008,21859.0
bhr,2009,24486.0
bhr,2010,26107.0
bhr,2011,27080.0
bhr,2012,27891.0
bhr,2013,30285.0
bhr,2014,32868.0
bhr,2015,33186.0
bhs,1993,788.0
bhs,1997,1094.0
bhs,1999,1436.0
bhs,2000,1918.0
bhs,2002,3779.0
bih,2005,13135.0
bih,2006,12989.0
bih,2007,13384.0
bih,2008,14517.0
bih,2009,16260.0
bih,2010,16789.0
bih,2011,17028.0
bih,2012,17293.0
bih,2013,15463.0
bih,2014,16380.0
bih,2015,17529.0
blr,1971,220191.0
blr,1972,236952.0
blr,1973,256625.0
blr,1974,279286.0
blr,1975,327283.0
blr,1977,371601.0
blr,1978,396186.0
blr,1979,416900.0
blr,1980,440100.0
blr,1981,345300.0
blr,1982,362300.0
blr,1983,376200.0
blr,1984,387600.0
blr,1985,399300.0
blr,1986,407100.0
blr,1987,424400.0
blr,1988,448700.0
blr,1989,465600.0
blr,1990,468200.0
blr,1991,419600.0
blr,1992,416000.0
blr,1993,380200.0
blr,1994,367600.0
blr,1995,368700.0
blr,1996,349500.0
blr,1999,277569.0
blr,2000,263211.0
blr,2001,254595.0
blr,2002,256698.0
blr,2003,252597.0
blr,2004,255885.0
blr,2005,266975.0
blr,2006,269126.0
blr,2007,270779.0
blr,2008,271407.0
blr,2009,270652.0
blr,2010,281575.0
blr,2011,296823.0
blr,2012,302631.0
blr,2013,318900.0
blr,2014,326933.0
blr,2015,330616.0
blz,1974,873.0
blz,1976,1084.0
blz,1981,2000.0
blz,1986,2219.0
blz,1987,2100.0
blz,1990,2695.0
blz,1991,2753.0
blz,1992,3250.0
blz,1993,3377.0
blz,1994,3162.0
blz,1995,3311.0
blz,1996,3306.0
blz,1997,3355.0
blz,1999,3634.0
blz,2000,3685.0
blz,2001,3714.0
blz,2003,3773.0
blz,2004,3765.0
blz,2005,4412.0
blz,2006,4861.0
blz,2007,4983.0
blz,2008,5801.0
blz,2009,6034.0
blz,2010,6596.0
blz,2011,6739.0
blz,2012,7116.0
blz,2013,7400.0
blz,2014,7501.0
blz,2015,7505.0
bmu,1971,1205.0
bmu,1977,1009.0
bmu,1979,1125.0
bmu,1980,1139.0
bmu,1981,1067.0
bmu,1982,1085.0
bmu,1983,1006.0
bmu,1984,1284.0
bmu,1985,1287.0
bmu,2001,437.0
bmu,2002,414.0
bmu,2003,391.0
bmu,2004,430.0
bmu,2005,397.0
bmu,2006,397.0
bmu,2010,357.0
bmu,2011,341.0
bmu,2012,421.0
bmu,2013,389.0
bmu,2014,395.0
bmu,2015,440.0
bol,1970,62044.0
bol,1971,70620.0
bol,1972,75247.0
bol,1973,71704.0
bol,1974,74031.0
bol,1980,90031.0
bol,1981,105399.0
bol,1982,111043.0
bol,1983,116614.0
bol,1984,132837.0
bol,1986,133677.0
bol,1987,144574.0
bol,1988,113872.0
bol,1989,112086.0
bol,1990,121132.0
bol,1991,126340.0
bol,1992,132585.0
bol,1993,143479.0
bol,1994,149724.0
bol,1995,156912.0
bol,1996,159470.0
bol,1997,162028.0
bol,1998,201991.0
bol,1999,207789.0
bol,2000,215602.0
bol,2001,218237.0
bol,2002,222313.0
bol,2003,223177.0
bol,2004,235607.0
bol,2005,241293.0
bol,2006,241312.0
bol,2007,237957.0
bol,2008,229878.0
bol,2009,220640.0
bol,2010,225399.0
bol,2011,258121.0
bol,2012,280057.0
bol,2013,297503.0
bol,2014,317256.0
bol,2015,331285.0
bra,1970,374267.0
bra,1971,422313.0
bra,1972,459960.0
bra,1973,498824.0
bra,1974,529845.0
bra,1975,566008.0
bra,1976,707470.0
bra,1977,780048.0
bra,1978,944583.0
bra,1979,1198104.0
bra,1980,1335317.0
bra,1981,1543822.0
bra,1982,1866868.0
bra,1983,2084109.0
bra,1984,2481848.0
bra,1985,2650490.0
bra,1986,3083997.0
bra,1987,4735873.0
bra,1988,4726591.0
bra,1989,4839083.0
bra,1991,5283894.0
bra,1992,5574514.0
bra,1993,5780566.0
bra,1994,5686762.0
bra,1995,5749237.0
bra,1996,5714303.0
bra,1997,5718902.0
bra,2007,4976641.0
bra,2008,5015087.0
bra,2009,4900441.0
bra,2010,4717516.0
bra,2011,4696625.0
bra,2012,4765943.0
bra,2013,4870332.0
bra,2014,4971941.0
bra,2015,4923158.0
brb,1974,1787.0
brb,1978,3131.0
brb,1979,3072.0
brb,1980,3497.0
brb,1981,3936.0
brb,1982,3610.0
brb,1983,3052.0
brb,1999,5794.0
brb,2000,5464.0
brb,2001,5460.0
brb,2002,5981.0
brb,2003,5881.0
brb,2004,5901.0
brb,2005,6132.0
brb,2006,6383.0
brb,2007,6138.0
brb,2008,5931.0
brb,2009,6079.0
brb,2010,5814.0
brb,2011,5620.0
brb,2014,5966.0
brn,1978,2661.0
brn,1979,6330.0
brn,1980,6760.0
brn,1981,6879.0
brn,1982,7224.0
brn,1983,7345.0
brn,1984,7655.0
brn,1985,8055.0
brn,1986,7958.0
brn,1987,8671.0
brn,1988,8270.0
brn,1989,8634.0
brn,1991,9278.0
brn,1992,9869.0
brn,1993,11729.0
brn,1994,10717.0
brn,1995,11135.0
brn,1996,11703.0
brn,1997,11960.0
brn,1998,11381.0
brn,1999,11306.0
brn,2000,9943.0
brn,2001,10066.0
brn,2002,11152.0
brn,2003,11257.0
brn,2004,11877.0
brn,2005,11984.0
brn,2006,11699.0
brn,2007,11740.0
brn,2008,11855.0
brn,2009,13009.0
brn,2010,13078.0
brn,2011,13053.0
brn,2012,13095.0
brn,2013,13034.0
brn,2014,13376.0
brn,2015,13301.0
btn,1995,230.0
btn,1998,357.0
btn,1999,286.0
btn,2000,358.0
btn,2004,526.0
btn,2005,416.0
btn,2007,215.0
btn,2008,294.0
btn,2009,363.0
btn,2010,659.0
btn,2011,1520.0
btn,2012,2586.0
btn,2013,3835.0
btn,2014,4896.0
btn,2016,7125.0
bwa,2005,21086.0
bwa,2006,22387.0
bwa,2007,21196.0
bwa,2008,24489.0
bwa,2009,24433.0
bwa,2012,22050.0
bwa,2013,26608.0
caf,1971,7779.0
caf,1972,8748.0
caf,1973,8496.0
caf,1976,10673.0
caf,1981,10015.0
caf,1987,11450.0
caf,1988,11677.0
caf,1991,15734.0
caf,2003,6018.0
caf,2005,12223.0
caf,2006,12282.0
caf,2007,12340.0
caf,2008,15392.0
caf,2009,17027.0
caf,2011,21163.0
can,1971,350242.0
can,1972,336845.0
can,1973,341270.0
can,1974,349198.0
can,1975,384919.0
can,1976,398476.0
can,1977,393147.0
can,1978,377841.0
can,1979,377025.0
can,1980,378690.0
can,1981,397266.0
can,1982,391969.0
can,1983,400219.0
can,1984,402264.0
can,1985,413674.0
can,1986,422085.0
can,1987,430128.0
can,1988,440623.0
can,1989,452230.0
can,1990,475000.0
can,1991,472802.0
can,1992,486609.0
can,1993,482446.0
can,1994,491140.0
can,1995,502300.0
can,1996,509589.0
can,1998,528582.0
can,1999,511792.0
can,2000,507355.0
can,2005,475621.0
can,2006,485762.0
can,2007,486874.0
can,2008,489423.0
can,2009,504279.0
can,2010,507922.0
can,2011,516764.0
can,2012,536812.0
can,2013,556285.0
che,1977,130116.0
che,1978,127869.0
che,1979,124807.0
che,1980,122060.0
che,1981,120315.0
che,1982,118764.0
che,1983,120076.0
che,1984,119261.0
che,1985,120727.0
che,1986,123128.0
che,1987,127428.0
che,1988,132879.0
che,1989,134804.0
che,1990,136845.0
che,1991,139798.0
che,1992,141360.0
che,1993,147077.0
che,1994,151785.0
che,1995,157469.0
che,1996,160987.0
che,1998,160616.0
che,1999,157696.0
che,2000,157751.0
che,2001,156364.0
che,2002,156425.0
che,2003,155879.0
che,2004,153780.0
che,2005,156157.0
che,2006,156129.0
che,2007,153204.0
che,2008,151699.0
che,2009,152919.0
che,2010,147200.0
che,2011,148573.0
che,2012,149660.0
che,2013,157798.0
che,2014,165633.0
che,2015,168860.0
chl,1970,60360.0
chl,1971,68700.0
chl,1972,77875.0
chl,1973,79363.0
chl,1974,109584.0
chl,1975,124697.0
chl,1976,131608.0
chl,1977,148181.0
chl,1978,157920.0
chl,1979,162993.0
chl,1980,174909.0
chl,1981,175450.0
chl,1982,184526.0
chl,1984,176183.0
chl,1985,202252.0
chl,1986,209970.0
chl,1988,217100.0
chl,1989,213200.0
chl,1990,220396.0
chl,1991,205283.0
chl,1992,241759.0
chl,1993,256348.0
chl,1994,263337.0
chl,1995,283061.0
chl,1996,289762.0
chl,1998,434754.0
chl,1999,449630.0
chl,2000,450978.0
chl,2002,420576.0
chl,2003,392995.0
chl,2004,394314.0
chl,2005,408013.0
chl,2006,401899.0
chl,2007,407418.0
chl,2008,402496.0
chl,2009,413895.0
chl,2010,516183.0
chl,2011,544104.0
chl,2012,555046.0
chl,2013,586616.0
chl,2014,608860.0
chl,2015,616237.0
chn,1974,2450000.0
chn,1975,2638000.0
chn,1976,6200000.0
chn,1977,13955000.0
chn,1978,8968000.0
chn,1979,7877000.0
chn,1980,8792300.0
chn,1981,11507700.0
chn,1982,10562200.0
chn,1983,11130900.0
chn,1984,11402500.0
chn,1985,12947400.0
chn,1986,14796900.0
chn,1987,16289800.0
chn,1988,18078400.0
chn,1989,18545300.0
chn,1990,18476600.0
chn,1991,19722300.0
chn,1992,22092900.0
chn,1993,24282100.0
chn,1994,25525400.0
chn,1995,26302724.0
chn,1996,27112328.0
chn,1997,26663270.0
chn,1998,25189638.0
chn,1999,24030344.0
chn,2000,23262588.0
chn,2001,22441806.0
chn,2002,20218372.0
chn,2003,20360244.0
chn,2006,21790290.0
chn,2007,22638508.0
chn,2008,23488300.0
chn,2009,24749600.0
chn,2010,26578140.0
chn,2011,29766696.0
chn,2012,34244456.0
chn,2013,36857624.0
chn,2014,38946904.0
chn,2015,40507144.0
civ,1971,4110.0
civ,1972,4031.0
civ,1973,4520.0
civ,1976,4656.0
civ,1977,4669.0
civ,1978,5059.0
civ,1979,5456.0
civ,1980,6081.0
civ,1981,6291.0
civ,1982,6881.0
civ,1983,7200.0
civ,1984,7493.0
civ,1985,8539.0
civ,1986,8570.0
civ,1987,9441.0
civ,1988,10952.0
civ,1989,11936.0
civ,1990,12482.0
civ,1991,11624.0
civ,1992,11217.0
civ,1993,17949.0
civ,1994,22458.0
civ,1995,25638.0
civ,1996,30885.0
civ,1997,32141.0
civ,1998,34909.0
civ,1999,35553.0
civ,2000,38957.0
civ,2001,41592.0
civ,2002,44420.0
civ,2003,48647.0
civ,2006,53706.0
civ,2007,52272.0
civ,2008,52583.0
civ,2009,64136.0
civ,2011,75453.0
civ,2012,91393.0
civ,2013,111384.0
civ,2014,129371.0
civ,2015,144128.0
cmr,1971,12557.0
cmr,1972,14396.0
cmr,1973,16235.0
cmr,1974,18074.0
cmr,1975,19913.0
cmr,1976,21752.0
cmr,1977,23594.0
cmr,1978,25354.0
cmr,1979,32763.0
cmr,1980,36681.0
cmr,1981,40574.0
cmr,1982,39861.0
cmr,1983,41038.0
cmr,1984,55490.0
cmr,1985,67688.0
cmr,1986,73486.0
cmr,1987,84039.0
cmr,1988,91179.0
cmr,1989,91861.0
cmr,1990,92966.0
cmr,1991,93771.0
cmr,1992,94068.0
cmr,1993,93944.0
cmr,1994,91179.0
cmr,1995,91242.0
cmr,1997,87318.0
cmr,1998,91708.0
cmr,1999,103908.0
cmr,2000,122366.0
cmr,2001,125674.0
cmr,2002,132339.0
cmr,2003,138716.0
cmr,2004,175970.0
cmr,2005,193567.0
cmr,2006,195183.0
cmr,2007,217284.0
cmr,2008,263855.0
cmr,2009,287885.0
cmr,2010,316722.0
cmr,2011,339519.0
cmr,2012,388585.0
cmr,2014,467235.0
cmr,2015,522429.0
cod,1971,18315.0
cod,1973,19671.0
cod,1993,33235.0
cod,2001,40432.0
cod,2002,68710.0
cod,2007,172300.0
cod,2008,201351.0
cod,2009,249326.0
cod,2010,218842.0
cod,2011,244676.0
cod,2012,274189.0
cod,2013,283012.0
cod,2014,309143.0
cog,1971,355.0
cog,1973,1574.0
cog,1978,3221.0
cog,1979,2859.0
cog,1980,3174.0
cog,1981,3498.0
cog,1982,3607.0
cog,1983,4567.0
cog,1984,5714.0
cog,1985,5369.0
cog,1986,5595.0
cog,1987,5913.0
cog,1988,5548.0
cog,1989,5466.0
cog,1990,5870.0
cog,1991,5810.0
cog,1992,6836.0
cog,1993,4673.0
cog,1994,4415.0
cog,1995,2686.0
cog,1996,2229.0
cog,1997,3704.0
cog,1998,1266.0
cog,1999,6033.0
cog,2000,7954.0
cog,2001,9636.0
cog,2002,15174.0
cog,2003,18319.0
cog,2004,21647.0
cog,2005,23320.0
cog,2006,27639.0
cog,2007,31629.0
cog,2008,38187.0
cog,2009,39652.0
cog,2010,43472.0
cog,2011,45284.0
cog,2012,53920.0
col,1972,72417.0
col,1973,74963.0
col,1974,84705.0
col,1975,95908.0
col,1976,107553.0
col,1977,116569.0
col,1978,126341.0
col,1979,147113.0
col,1980,174369.0
col,1981,204541.0
col,1982,194005.0
col,1983,221262.0
col,1984,259845.0
col,1985,285286.0
col,1986,276476.0
col,1987,296190.0
col,1988,312308.0
col,1989,328425.0
col,1991,342514.0
col,1992,468379.0
col,1993,506080.0
col,1994,627782.0
col,1995,726721.0
col,1996,919680.0
col,1998,991862.0
col,1999,1034182.0
col,2000,1070482.0
col,2001,1058345.0
col,2002,1069716.0
col,2004,1065885.0
col,2005,1108409.0
col,2006,1105726.0
col,2007,1067341.0
col,2008,1312470.0
col,2009,1371863.0
col,2010,1301689.0
col,2011,1309386.0
col,2015,1922637.0
com,1999,1312.0
com,2000,1063.0
com,2003,1618.0
com,2004,2279.0
com,2008,14058.0
com,2013,14836.0
com,2014,13478.0
cpv,1972,20641.0
cpv,1973,16889.0
cpv,1974,14996.0
cpv,1975,16574.0
cpv,1982,1823.0
cpv,1984,1973.0
cpv,1987,4523.0
cpv,1999,18074.0
cpv,2001,19810.0
cpv,2002,20642.0
cpv,2003,21207.0
cpv,2004,21003.0
cpv,2005,21569.0
cpv,2006,21358.0
cpv,2007,21576.0
cpv,2008,22148.0
cpv,2009,22191.0
cpv,2010,21632.0
cpv,2011,22610.0
cpv,2012,21933.0
cpv,2013,22052.0
cpv,2014,22144.0
cpv,2015,23316.0
cri,1970,7483.0
cri,1971,9148.0
cri,1972,13088.0
cri,1973,15071.0
cri,1974,15578.0
cri,1975,15608.0
cri,1976,18074.0
cri,1977,18971.0
cri,1978,19516.0
cri,1979,20200.0
cri,1980,21857.0
cri,1981,23969.0
cri,1982,27584.0
cri,1983,31008.0
cri,1984,29220.0
cri,1985,36356.0
cri,1986,38705.0
cri,1987,38950.0
cri,1988,41155.0
cri,1989,43641.0
cri,1990,46638.0
cri,1991,52040.0
cri,1992,52644.0
cri,1993,53774.0
cri,1994,55125.0
cri,1995,58371.0
cri,1996,60710.0
cri,1997,71104.0
cri,1998,67325.0
cri,1999,75396.0
cri,2000,74288.0
cri,2001,93733.0
cri,2002,97617.0
cri,2004,102339.0
cri,2005,108968.0
cri,2006,110438.0
cri,2008,107941.0
cri,2009,109007.0
cri,2010,108246.0
cri,2011,109012.0
cri,2012,109033.0
cri,2013,112444.0
cri,2014,114799.0
cri,2015,112854.0
cub,1971,134258.0
cub,1972,127980.0
cub,1973,119506.0
cub,1974,118491.0
cub,1975,122099.0
cub,1976,126565.0
cub,1977,151294.0
cub,1978,151314.0
cub,1979,134848.0
cub,1980,122637.0
cub,1981,123741.0
cub,1982,123302.0
cub,1983,118072.0
cub,1984,107660.0
cub,1985,109061.0
cub,1986,108881.0
cub,1987,111582.0
cub,1988,136211.0
cub,1989,143705.0
cub,1990,144710.0
cub,1991,166337.0
cub,1992,147550.0
cub,1993,161699.0
cub,1994,165278.0
cub,1995,160283.0
cub,1996,169369.0
cub,1997,154520.0
cub,1998,152009.0
cub,1999,484315.0
cub,2000,473069.0
cub,2001,474314.0
cub,2002,469212.0
cub,2003,477532.0
cub,2004,483831.0
cub,2005,466790.0
cub,2006,465029.0
cub,2007,454304.0
cub,2008,442621.0
cub,2009,408293.0
cub,2010,386225.0
cub,2011,389184.0
cub,2012,391919.0
cub,2013,335909.0
cub,2014,357056.0
cub,2015,367628.0
cym,1980,158.0
cym,1999,483.0
cym,2000,621.0
cym,2001,647.0
cym,2002,591.0
cym,2004,580.0
cym,2005,610.0
cym,2006,664.0
cym,2007,843.0
cym,2012,591.0
cym,2013,1266.0
cyp,1971,4325.0
cyp,1972,4173.0
cyp,1973,5600.0
cyp,1974,6319.0
cyp,1975,3221.0
cyp,1976,4229.0
cyp,1977,5394.0
cyp,1978,5824.0
cyp,1979,6802.0
cyp,1980,8926.0
cyp,1981,10397.0
cyp,1982,11541.0
cyp,1983,12466.0
cyp,1984,13960.0
cyp,1985,15607.0
cyp,1986,16810.0
cyp,1987,17279.0
cyp,1988,19637.0
cyp,1989,20280.0
cyp,1990,22008.0
cyp,1991,23694.0
cyp,1992,24793.0
cyp,1993,24977.0
cyp,1994,25236.0
cyp,1995,25819.0
cyp,1996,26254.0
cyp,1997,25996.0
cyp,1999,18609.0
cyp,2000,17307.0
cyp,2001,17552.0
cyp,2002,16971.0
cyp,2003,16218.0
cyp,2004,15919.0
cyp,2005,16501.0
cyp,2006,19544.0
cyp,2007,19513.0
cyp,2008,20437.0
cyp,2009,20349.0
cyp,2010,21065.0
cyp,2011,21530.0
cyp,2012,22122.0
cyp,2013,22783.0
cyp,2014,22772.0
cyp,2015,23560.0
cze,1971,258567.0
cze,1972,262722.0
cze,1973,269830.0
cze,1974,281156.0
cze,1975,295608.0
cze,1976,316991.0
cze,1977,350963.0
cze,1978,391807.0
cze,1979,423093.0
cze,1980,446053.0
cze,1981,463565.0
cze,1982,469902.0
cze,1983,471989.0
cze,1984,466488.0
cze,1985,450693.0
cze,1986,432067.0
cze,1987,420971.0
cze,1988,411991.0
cze,1989,404612.0
cze,1990,395164.0
cze,1991,352139.0
cze,1992,323270.0
cze,1993,325576.0
cze,1994,338498.0
cze,1995,345553.0
cze,1996,342161.0
cze,1997,325554.0
cze,1998,315963.0
cze,1999,311627.0
cze,2000,298608.0
cze,2001,288173.0
cze,2002,284716.0
cze,2003,287008.0
cze,2004,288602.0
cze,2005,288442.0
cze,2006,284034.0
cze,2007,287434.0
cze,2008,293383.0
cze,2009,303899.0
cze,2010,316671.0
cze,2011,331782.0
cze,2012,345850.0
cze,2013,358104.0
cze,2014,367352.0
cze,2015,371690.0
deu,1993,2404776.0
deu,1994,2415757.0
deu,1995,2233768.0
deu,1996,2332924.0
deu,1997,2343520.0
deu,1998,2283308.0
deu,1999,2332585.0
deu,2000,2297821.0
deu,2001,2398104.0
deu,2002,2352829.0
deu,2003,2316687.0
deu,2004,2238270.0
deu,2005,2232306.0
deu,2006,2443550.0
deu,2007,2420124.0
deu,2008,2410081.0
deu,2009,2385856.0
deu,2010,2359646.0
deu,2011,2362441.0
deu,2012,2355640.0
deu,2013,2207123.0
deu,2014,2224600.0
deu,2015,2230504.0
dji,1972,266.0
dji,1973,240.0
dji,1974,220.0
dji,1975,156.0
dji,1976,159.0
dji,1979,273.0
dji,1985,160.0
dji,1986,234.0
dji,1987,224.0
dji,1988,220.0
dji,1989,211.0
dji,1990,220.0
dji,1991,220.0
dji,1992,210.0
dji,1993,218.0
dji,1994,236.0
dji,1995,259.0
dji,1996,206.0
dji,1997,247.0
dji,1998,253.0
dji,1999,171.0
dji,2000,214.0
dji,2001,213.0
dji,2002,316.0
dji,2004,800.0
dji,2006,735.0
dji,2007,1137.0
dji,2008,1301.0
dji,2009,1228.0
dji,2011,1857.0
dji,2012,1595.0
dji,2015,1856.0
dji,2016,2123.0
dma,1974,2242.0
dma,1975,2383.0
dma,1976,2300.0
dma,1977,2400.0
dma,1979,2280.0
dma,1986,2500.0
dma,1987,2406.0
dma,1988,2598.0
dma,1990,2192.0
dma,1991,2246.0
dma,1992,2000.0
dma,1993,3000.0
dma,1999,2564.0
dma,2000,2069.0
dma,2001,2300.0
dma,2002,2144.0
dma,2003,1608.0
dma,2004,1812.0
dma,2005,2149.0
dma,2006,2016.0
dma,2007,1882.0
dma,2008,2006.0
dma,2009,1891.0
dma,2010,1891.0
dma,2011,1824.0
dma,2012,1734.0
dma,2013,1868.0
dma,2014,1650.0
dma,2015,1703.0
dnk,1971,20874.0
dnk,1972,31325.0
dnk,1973,37638.0
dnk,1974,41356.0
dnk,1975,42919.0
dnk,1976,44859.0
dnk,1977,48834.0
dnk,1978,54930.0
dnk,1979,59682.0
dnk,1980,60898.0
dnk,1981,62936.0
dnk,1982,65942.0
dnk,1983,61478.0
dnk,1984,59335.0
dnk,1985,59013.0
dnk,1986,56735.0
dnk,1987,56132.0
dnk,1988,51988.0
dnk,1989,51814.0
dnk,1990,50679.0
dnk,1991,51583.0
dnk,1992,53138.0
dnk,1993,184009.0
dnk,1994,196605.0
dnk,1995,201571.0
dnk,1996,209005.0
dnk,1998,243286.0
dnk,1999,250629.0
dnk,2000,255246.0
dnk,2001,250696.0
dnk,2002,249839.0
dnk,2003,249981.0
dnk,2004,250123.0
dnk,2005,253732.0
dnk,2006,253028.0
dnk,2007,252067.0
dnk,2008,250897.0
dnk,2009,251459.0
dnk,2010,259656.0
dnk,2011,193877.0
dnk,2012,198438.0
dnk,2013,192192.0
dnk,2014,191214.0
dnk,2015,187625.0
dom,1971,16848.0
dom,1972,20764.0
dom,1973,21676.0
dom,1974,22007.0
dom,1975,22707.0
dom,1976,24015.0
dom,1977,24929.0
dom,1978,25398.0
dom,1979,25897.0
dom,1980,26587.0
dom,1981,27278.0
dom,1982,27983.0
dom,1983,39907.0
dom,1984,68837.0
dom,1985,62331.0
dom,1986,67615.0
dom,1987,79403.0
dom,1993,134603.0
dom,1994,148435.0
dom,1995,143475.0
dom,1996,179351.0
dom,1997,189085.0
dom,1998,190541.0
dom,1999,195346.0
dom,2000,207994.0
dom,2002,194256.0
dom,2003,190437.0
dom,2004,183549.0
dom,2005,197708.0
dom,2006,211513.0
dom,2007,210435.0
dom,2008,222241.0
dom,2009,239886.0
dom,2010,241681.0
dom,2011,239399.0
dom,2012,247203.0
dom,2013,267279.0
dom,2014,278132.0
dom,2015,281008.0
dza,1993,21120.0
dza,1994,27409.0
dza,1995,27657.0
dza,1996,31897.0
dza,1997,33503.0
dza,1999,35701.0
dza,2000,38773.0
dza,2001,46670.0
dza,2003,50095.0
dza,2004,56606.0
dza,2005,71265.0
dza,2006,166205.0
dza,2007,170523.0
dza,2008,206159.0
dza,2009,464499.0
dza,2010,500165.0
dza,2011,490035.0
eap,1973,4760822.0
eap,1974,4925767.5
eap,1975,5354138.0
eap,1976,8985847.0
eap,1977,16858354.0
eap,1978,12179483.0
eap,1979,11247949.0
eap,1980,12728841.0
eap,1981,15624871.0
eap,1982,14871113.0
eap,1983,15278594.0
eap,1984,15746018.0
eap,1985,17443956.0
eap,1986,19592214.0
eap,1987,21470274.0
eap,1988,23900010.0
eap,1989,24733050.0
eap,1990,24680266.0
eap,1991,26027478.0
eap,1992,28427256.0
eap,1993,30860402.0
eap,1994,32650364.0
eap,1995,33762272.0
eap,1996,34477164.0
eap,1997,34421672.0
eap,1998,33198086.0
eap,1999,32379534.0
eap,2000,31583676.0
eap,2001,30871042.0
eap,2002,28763206.0
eap,2003,29226378.0
eap,2004,29763988.0
eap,2005,30665626.0
eap,2006,32126904.0
eap,2007,33731376.0
eap,2008,35071148.0
eap,2009,36834876.0
eap,2010,38461476.0
eap,2011,42080656.0
eap,2012,47955552.0
eap,2013,51255308.0
eap,2014,53858196.0
eas,1973,7013389.5
eas,1974,7449764.5
eas,1975,8020150.5
eas,1976,11745027.0
eas,1977,19717400.0
eas,1978,15131377.0
eas,1979,14250218.0
eas,1980,15715089.0
eas,1981,18551980.0
eas,1982,17763078.0
eas,1983,18126930.0
eas,1984,18605224.0
eas,1985,20315846.0
eas,1986,22472058.0
eas,1987,24351064.0
eas,1988,26819196.0
eas,1989,27685526.0
eas,1990,27641894.0
eas,1991,28966318.0
eas,1992,31352542.0
eas,1993,33788884.0
eas,1994,35567528.0
eas,1995,36721768.0
eas,1996,37372724.0
eas,1997,37339416.0
eas,1998,37345176.0
eas,1999,36599568.0
eas,2000,35839976.0
eas,2001,35133140.0
eas,2002,32987976.0
eas,2003,33400698.0
eas,2004,33927356.0
eas,2005,34838416.0
eas,2006,36278888.0
eas,2007,37840840.0
eas,2008,39135368.0
eas,2009,40832968.0
eas,2010,43140848.0
eas,2011,46783156.0
eas,2012,52757596.0
eas,2013,56186752.0
eas,2014,58800316.0
eca,1970,11186308.0
eca,1971,10916428.0
eca,1972,10765618.0
eca,1973,10648482.0
eca,1974,10640037.0
eca,1975,11002816.0
eca,1976,11195957.0
eca,1977,11576346.0
eca,1978,12133626.0
eca,1979,12520483.0
eca,1980,12803982.0
eca,1981,12350432.0
eca,1982,12620709.0
eca,1983,12816273.0
eca,1984,13031948.0
eca,1985,13427394.0
eca,1986,13769261.0
eca,1987,14087316.0
eca,1988,14491050.0
eca,1989,14852454.0
eca,1990,15105467.0
eca,1991,14792934.0
eca,1992,14397069.0
eca,1993,13599492.0
eca,1994,12100117.0
eca,1995,11480013.0
eca,1996,10769525.0
eca,1997,9848746.0
eca,1998,8721329.0
eca,1999,8074974.5
eca,2000,7689572.0
eca,2001,7524033.5
eca,2002,7541355.0
eca,2003,7679718.5
eca,2004,7770865.5
eca,2005,7881355.5
eca,2006,8146674.0
eca,2007,8477244.0
eca,2008,8951517.0
eca,2009,9303149.0
eca,2010,9716739.0
eca,2011,10155130.0
eca,2012,10698547.0
eca,2013,10036643.0
eca,2014,10542931.0
ecs,1970,23470234.0
ecs,1971,23112928.0
ecs,1972,23026866.0
ecs,1973,23159772.0
ecs,1974,23409126.0
ecs,1975,23889274.0
ecs,1976,24238032.0
ecs,1977,24621578.0
ecs,1978,25094354.0
ecs,1979,25371002.0
ecs,1980,25664914.0
ecs,1981,25200524.0
ecs,1982,25434556.0
ecs,1983,25687644.0
ecs,1984,25981516.0
ecs,1985,26406200.0
ecs,1986,26824058.0
ecs,1987,27119458.0
ecs,1988,27475272.0
ecs,1989,27778100.0
ecs,1990,28078770.0
ecs,1991,27763480.0
ecs,1992,27286162.0
ecs,1993,26651238.0
ecs,1994,25260424.0
ecs,1995,24603750.0
ecs,1996,24086668.0
ecs,1997,23230154.0
ecs,1998,21958994.0
ecs,1999,21335898.0
ecs,2000,20889472.0
ecs,2001,20782796.0
ecs,2002,20712736.0
ecs,2003,20758950.0
ecs,2004,20565318.0
ecs,2005,21022214.0
ecs,2006,21558174.0
ecs,2007,21950722.0
ecs,2008,22617908.0
ecs,2009,23121580.0
ecs,2010,23766008.0
ecs,2011,24557668.0
ecs,2012,25328186.0
ecs,2013,24618090.0
ecs,2014,25441858.0
ecu,1971,13755.0
ecu,1972,14679.0
ecu,1973,15983.0
ecu,1974,18532.0
ecu,1975,21215.0
ecu,1976,23864.0
ecu,1977,28168.0
ecu,1978,32347.0
ecu,1979,39861.0
ecu,1980,41016.0
ecu,1981,50819.0
ecu,1982,57830.0
ecu,1983,65959.0
ecu,1984,80079.0
ecu,1985,86535.0
ecu,1986,93665.0
ecu,1987,102137.0
ecu,1988,108348.0
ecu,1989,108524.0
ecu,1990,114182.0
ecu,1991,115024.0
ecu,1992,123074.0
ecu,1993,130378.0
ecu,1994,124436.0
ecu,1995,136158.0
ecu,1996,145858.0
ecu,1997,156772.0
ecu,1998,168128.0
ecu,1999,181147.0
ecu,2000,189407.0
ecu,2001,199588.0
ecu,2002,209334.0
ecu,2003,212938.0
ecu,2004,221197.0
ecu,2005,231539.0
ecu,2006,260559.0
ecu,2007,289700.0
ecu,2010,421532.0
ecu,2011,446298.0
ecu,2012,488932.0
ecu,2013,523849.0
ecu,2014,596023.0
ecu,2015,680003.0
ecu,2016,686176.0
egy,1971,24558.0
egy,1972,27138.0
egy,1973,31767.0
egy,1974,35054.0
egy,1975,35897.0
egy,1976,41948.0
egy,1977,47252.0
egy,1979,59050.0
egy,1980,67913.0
egy,1981,74921.0
egy,1982,76732.0
egy,1983,84539.0
egy,1986,128272.0
egy,1987,135820.0
egy,1988,152371.0
egy,1989,164269.0
egy,1990,177740.0
egy,1991,198742.0
egy,1992,223051.0
egy,1993,235733.0
egy,1994,246100.0
egy,1995,257815.0
egy,1996,266502.0
egy,1997,289995.0
egy,1998,316801.0
egy,1999,328140.0
egy,2000,354435.0
egy,2001,383616.0
egy,2002,413725.0
egy,2003,446346.0
egy,2004,469942.0
egy,2005,541799.0
egy,2006,586078.0
egy,2007,579766.0
egy,2008,752481.0
egy,2009,813934.0
egy,2010,1005693.0
egy,2011,911779.0
egy,2012,938572.0
egy,2013,934920.0
egy,2014,1176597.0
emu,1970,9975981.0
emu,1971,9921948.0
emu,1972,9932177.0
emu,1973,10046200.0
emu,1974,10149628.0
emu,1975,10164250.0
emu,1976,10242491.0
emu,1977,10099774.0
emu,1978,9868021.0
emu,1979,9638290.0
emu,1980,9523200.0
emu,1981,9431635.0
emu,1982,9415527.0
emu,1983,9477262.0
emu,1984,9561246.0
emu,1985,9564884.0
emu,1986,9599645.0
emu,1987,9538799.0
emu,1988,9466793.0
emu,1989,9409648.0
emu,1990,9468274.0
emu,1991,9538814.0
emu,1992,9550266.0
emu,1993,9570930.0
emu,1994,9621815.0
emu,1995,9463259.0
emu,1996,9562464.0
emu,1997,9568409.0
emu,1998,9429369.0
emu,1999,9463373.0
emu,2000,9443776.0
emu,2001,9571302.0
emu,2002,9550404.0
emu,2003,9564743.0
emu,2004,9539376.0
emu,2005,9718599.0
emu,2006,9971432.0
emu,2007,9967251.0
emu,2008,10026163.0
emu,2009,10082873.0
emu,2010,10146864.0
emu,2011,10387284.0
emu,2012,10441423.0
emu,2013,10329794.0
emu,2014,10351343.0
eri,1992,6461.0
eri,1993,7031.0
eri,1994,7748.0
eri,1995,8032.0
eri,1996,8180.0
eri,1997,7443.0
eri,1999,11581.0
eri,2000,11885.0
eri,2001,12436.0
eri,2002,12747.0
eri,2003,14958.0
eri,2004,18540.0
eri,2005,31244.0
eri,2006,35569.0
eri,2007,37263.0
eri,2008,35833.0
eri,2009,37565.0
eri,2010,40506.0
eri,2011,46104.0
eri,2012,45973.0
eri,2013,46488.0
eri,2014,45291.0
eri,2015,42122.0
esp,1971,819914.0
esp,1972,760277.0
esp,1973,801119.0
esp,1974,829155.0
esp,1975,853322.0
esp,1976,920336.0
esp,1977,958184.0
esp,1978,1008796.0
esp,1979,1077652.0
esp,1980,1159854.0
esp,1981,1182425.0
esp,1982,1197897.0
esp,1983,1187617.0
esp,1984,1171062.0
esp,1985,1145968.0
esp,1986,1127348.0
esp,1987,1084752.0
esp,1988,1054241.0
esp,1989,1010765.0
esp,1990,1000301.0
esp,1991,994322.0
esp,1992,1025797.0
esp,1993,1056221.0
esp,1994,1086376.0
esp,1995,1095973.0
esp,1996,1098693.0
esp,1997,1117343.0
esp,1998,1124782.0
esp,2013,1465571.0
esp,2014,1443001.0
esp,2015,1398107.0
est,1981,65953.0
est,1982,66518.0
est,1983,67608.0
est,1984,68036.0
est,1985,65596.0
est,1986,66711.0
est,1987,66990.0
est,1988,68018.0
est,1989,66875.0
est,1990,66011.0
est,1991,71689.0
est,1992,64718.0
est,1993,57262.0
est,1994,57212.0
est,1995,55166.0
est,1996,54658.0
est,1997,51875.0
est,1998,55077.0
est,1999,54574.0
est,2000,52522.0
est,2001,52533.0
est,2002,51093.0
est,2003,52355.0
est,2004,54252.0
est,2005,55843.0
est,2006,45414.0
est,2007,47428.0
est,2008,49044.0
est,2009,50972.0
est,2010,48167.0
est,2011,49880.0
est,2012,52298.0
eth,1974,7570.0
eth,1983,52749.0
eth,1984,52255.0
eth,1985,60298.0
eth,1986,69736.0
eth,1987,74107.0
eth,1988,87000.0
eth,1989,87355.0
eth,1990,87609.0
eth,1991,73668.0
eth,1992,58444.0
eth,1993,57006.0
eth,1994,66086.0
eth,1995,70255.0
eth,1997,80835.0
eth,1998,86104.0
eth,1999,90321.0
eth,2000,99710.0
eth,2001,109358.0
eth,2002,118986.0
eth,2003,123057.0
eth,2004,138918.0
eth,2005,153280.0
eth,2006,186728.0
eth,2007,219068.0
eth,2008,263466.0
eth,2009,292641.0
eth,2010,341315.0
eth,2011,382741.0
eth,2012,1429012.0
eth,2014,2077468.0
eth,2015,2513127.0
euu,1970,12893252.0
euu,1971,12820737.0
euu,1972,12932794.0
euu,1973,13277544.0
euu,1974,13669471.0
euu,1975,13869747.0
euu,1976,14081245.0
euu,1977,14097751.0
euu,1978,14016351.0
euu,1979,13938881.0
euu,1980,13997336.0
euu,1981,14008362.0
euu,1982,13950685.0
euu,1983,13970376.0
euu,1984,14024560.0
euu,1985,14029240.0
euu,1986,14056431.0
euu,1987,13984559.0
euu,1988,13911818.0
euu,1989,13845010.0
euu,1990,13863802.0
euu,1991,13741102.0
euu,1992,13588122.0
euu,1993,13740304.0
euu,1994,13804927.0
euu,1995,13752172.0
euu,1996,13924447.0
euu,1997,13936920.0
euu,1998,13779696.0
euu,1999,13800155.0
euu,2000,13720600.0
euu,2001,13761285.0
euu,2002,13676326.0
euu,2003,13597023.0
euu,2004,13316746.0
euu,2005,13666709.0
euu,2006,13941864.0
euu,2007,14006248.0
euu,2008,14198527.0
euu,2009,14351951.0
euu,2010,14603505.0
euu,2011,14966222.0
euu,2012,15192844.0
euu,2013,15046366.0
euu,2014,15345734.0
fin,1971,25464.0
fin,1973,34600.0
fin,1974,41480.0
fin,1975,45095.0
fin,1985,72645.0
fin,1986,76097.0
fin,1987,77690.0
fin,1988,81283.0
fin,1989,83577.0
fin,1990,86806.0
fin,1991,86400.0
fin,1992,88492.0
fin,1993,89670.0
fin,1994,92229.0
fin,1995,96366.0
fin,1996,104662.0
fin,1997,114696.0
fin,1998,118995.0
fin,1999,124640.0
fin,2000,126630.0
fin,2001,137985.0
fin,2002,139849.0
fin,2003,137824.0
fin,2004,138931.0
fin,2005,137431.0
fin,2006,139870.0
fin,2007,143253.0
fin,2008,146890.0
fin,2009,151484.0
fin,2010,156618.0
fin,2011,161057.0
fin,2012,165779.0
fin,2013,194452.0
fin,2014,195769.0
fin,2015,196887.0
fji,1974,3256.0
fji,1975,3339.0
fji,1977,3581.0
fji,1978,3894.0
fji,1979,4089.0
fji,1980,4493.0
fji,1981,4536.0
fji,1982,4815.0
fji,1983,5393.0
fji,1984,5340.0
fji,1985,4206.0
fji,1986,5400.0
fji,1987,6217.0
fji,1990,7506.0
fji,1991,7839.0
fji,1992,8209.0
fji,1994,6344.0
fji,1995,7034.0
fji,1996,8457.0
fji,1997,8490.0
fji,1998,8466.0
fji,1999,9223.0
fji,2000,6508.0
fji,2001,7076.0
fji,2004,8628.0
fji,2006,8644.0
fji,2009,9149.0
fra,1971,2213346.0
fra,1972,2297686.0
fra,1973,2370614.0
fra,1974,2455250.0
fra,1975,2540469.0
fra,1976,2591142.0
fra,1977,2598669.0
fra,1978,2575972.0
fra,1979,2502843.0
fra,1980,2412711.0
fra,1981,2383465.0
fra,1982,2373940.0
fra,1983,2406418.0
fra,1984,2461362.0
fra,1985,2525624.0
fra,1986,2563464.0
fra,1987,2539895.0
fra,1988,2518602.0
fra,1989,2504125.0
fra,1990,2535955.0
fra,1991,2555684.0
fra,1992,2558735.0
fra,1993,2549638.0
fra,1994,2548490.0
fra,1995,2530856.0
fra,1996,2500867.0
fra,1997,2451210.0
fra,1998,2402984.0
fra,1999,2393055.0
fra,2000,2416724.0
fra,2001,2443116.0
fra,2002,2456129.0
fra,2003,2466267.0
fra,2004,2498768.0
fra,2005,2624466.0
fra,2006,2627780.0
fra,2007,2594074.0
fra,2008,2570041.0
fra,2009,2554085.0
fra,2010,2551312.0
fra,2011,2559485.0
fra,2012,2564469.0
fra,2013,2560774.0
fra,2014,2583890.0
fsm,1971,466.0
fsm,1973,423.0
fsm,1974,384.0
fsm,1975,695.0
fsm,1976,691.0
fsm,1999,3230.0
fsm,2015,2264.0
gab,1992,950.0
gab,1997,8835.0
gab,2001,15568.0
gab,2011,45225.0
gbr,1976,571545.0
gbr,1983,603000.0
gbr,1984,649000.0
gbr,1985,671000.0
gbr,1986,665000.0
gbr,1987,675000.0
gbr,1988,695000.0
gbr,1989,716000.0
gbr,1990,763000.0
gbr,1991,792700.0
gbr,1992,810600.0
gbr,1998,1151508.0
gbr,1999,1155380.0
gbr,2000,1183250.0
gbr,2001,1187270.0
gbr,2002,1180484.0
gbr,2003,1083589.0
gbr,2004,822407.0
gbr,2005,977448.0
gbr,2006,989596.0
gbr,2007,1004677.0
gbr,2008,1108148.0
gbr,2009,1121699.0
gbr,2010,1175407.0
gbr,2011,1248282.0
gbr,2012,1281727.0
gbr,2013,1258174.25
gbr,2014,1480288.0
geo,1981,131686.0
geo,1986,113338.0
geo,1991,162944.0
geo,1993,112323.0
geo,1994,94606.0
geo,1995,66575.0
geo,1996,81938.0
geo,1997,71407.0
geo,1998,72267.0
geo,1999,74247.0
geo,2000,73956.0
geo,2001,72708.0
geo,2002,73182.0
geo,2003,73261.0
geo,2004,74309.0
geo,2005,75108.0
geo,2006,76416.0
geo,2007,77922.0
geo,2008,78642.0
gha,1971,18841.0
gha,1973,25395.0
gha,1975,56089.0
gha,1978,149402.0
gha,1979,161974.0
gha,1980,193917.0
gha,1981,158395.0
gha,1982,142755.0
gha,1983,143820.0
gha,1984,151011.0
gha,1985,158597.0
gha,1986,171182.0
gha,1987,236665.0
gha,1988,282607.0
gha,1989,285865.0
gha,1990,323406.0
gha,1999,506128.0
gha,2000,672842.0
gha,2001,647126.0
gha,2002,702304.0
gha,2003,768818.0
gha,2004,807101.0
gha,2005,731331.0
gha,2006,998819.0
gha,2007,1104779.0
gha,2008,1258483.0
gha,2009,1546236.0
gha,2011,1491450.0
gha,2012,1543314.0
gha,2013,1604505.0
gha,2014,1645550.0
gha,2015,1766715.0
gha,2016,1770587.0
gib,1972,20.0
gib,1974,14.0
gib,1975,14.0
gib,1976,13.0
gib,1977,17.0
gib,1978,17.0
gib,1979,22.0
gib,1981,28.0
gib,1982,72.0
gib,1983,75.0
gib,1984,75.0
gib,1985,150.0
gib,1999,370.0
gib,2000,387.0
gib,2001,471.0
gin,1994,10260.0
gin,1996,21850.0
gin,1997,23736.0
gin,1998,30857.0
gin,2004,67881.0
gin,2005,75882.0
gin,2006,79946.0
gin,2007,85842.0
gin,2008,98720.0
gin,2009,108802.0
gin,2010,120715.0
gin,2011,151512.0
gmb,1992,13118.0
gmb,1998,29910.0
gmb,1999,28823.0
gmb,2003,29440.0
gmb,2007,42391.0
gmb,2009,60946.0
gmb,2010,64677.0
gmb,2013,75872.0
gmb,2014,95755.0
gmb,2015,97652.0
gnb,1971,217.0
gnb,1980,384.0
gnb,1981,459.0
gnb,1982,479.0
gnb,1983,1645.0
gnb,1987,1246.0
gnb,2000,4159.0
gnb,2010,8950.0
gnq,1999,16645.0
gnq,2000,16654.0
gnq,2001,20039.0
gnq,2003,23644.0
gnq,2004,25938.0
gnq,2005,25208.0
gnq,2006,32017.0
gnq,2008,39551.0
gnq,2011,42125.0
gnq,2012,42431.0
gnq,2015,39596.0
grc,1971,87087.0
grc,1972,91178.0
grc,1973,101285.0
grc,1974,108358.0
grc,1975,109643.0
grc,1976,108357.0
grc,1977,118120.0
grc,1978,126415.0
grc,1979,137146.0
grc,1980,142441.0
grc,1981,145924.0
grc,1982,151666.0
grc,1983,153587.0
grc,1984,158816.0
grc,1985,162155.0
grc,1986,160079.0
grc,1987,155527.0
grc,1988,155246.0
grc,1989,147737.0
grc,1990,141756.0
grc,1991,136536.0
grc,1992,135014.0
grc,1993,134991.0
grc,1994,132818.0
grc,1995,131138.0
grc,1996,127947.0
grc,1997,132746.0
grc,1998,141044.0
grc,1999,142559.0
grc,2000,147881.0
grc,2001,147046.0
grc,2002,143568.0
grc,2003,142051.0
grc,2004,140290.0
grc,2005,141654.0
grc,2006,142982.0
grc,2007,142666.0
grc,2010,159986.0
grc,2011,166657.0
grc,2012,166423.0
grc,2013,167073.0
grc,2014,161461.0
grd,1971,2101.0
grd,1972,2612.0
grd,1977,2487.0
grd,1978,2867.0
grd,1979,2869.0
grd,1981,2500.0
grd,1982,2616.0
grd,1983,2823.0
grd,1984,2790.0
grd,1987,3283.0
grd,1988,3584.0
grd,1994,3550.0
grd,1995,3761.0
grd,1996,3438.0
grd,1997,3556.0
grd,1998,3271.0
grd,1999,3173.0
grd,2001,3678.0
grd,2002,3132.0
grd,2003,3373.0
grd,2004,3376.0
grd,2005,3400.0
grd,2007,3435.0
grd,2008,3808.0
grd,2009,3657.0
grd,2010,3562.0
grd,2013,3647.0
grd,2014,3627.0
grd,2015,3400.0
gtm,1975,63869.0
gtm,1983,133527.0
gtm,1984,132655.0
gtm,1985,133726.0
gtm,1986,130264.0
gtm,1987,144312.0
gtm,1991,145719.0
gtm,1992,189760.0
gtm,1993,193061.0
gtm,1994,199016.0
gtm,1995,208882.0
gtm,1996,217748.0
gtm,1997,222703.0
gtm,1998,245831.0
gtm,1999,308240.0
gtm,2000,351825.0
gtm,2001,387585.0
gtm,2002,393728.0
gtm,2004,425825.0
gtm,2005,436154.0
gtm,2006,451157.0
gtm,2007,456541.0
gtm,2008,477920.0
gtm,2009,584833.0
gtm,2010,549695.0
gtm,2011,537265.0
gtm,2012,501445.0
gtm,2013,508659.0
gtm,2014,520972.0
gtm,2015,535747.0
gum,1971,2175.0
gum,1972,2361.0
gum,1973,2334.0
gum,1974,2279.0
gum,1980,2965.0
gum,1984,2892.0
guy,1977,25784.0
guy,1978,26416.0
guy,1979,27022.0
guy,1980,26907.0
guy,1981,27955.0
guy,1982,29958.0
guy,1983,30460.0
guy,1985,28577.0
guy,1986,25685.0
guy,1987,25316.0
guy,1988,25520.0
guy,1989,26080.0
guy,1991,26986.0
guy,1992,27053.0
guy,1993,30079.0
guy,1994,29954.0
guy,1995,30004.0
guy,1996,29306.0
guy,1997,30736.0
guy,1999,37088.0
guy,2000,37003.0
guy,2001,35809.0
guy,2003,33455.0
guy,2005,32785.0
guy,2007,28436.0
guy,2008,27153.0
guy,2009,26432.0
guy,2010,25470.0
guy,2011,27097.0
guy,2012,27872.0
hic,1970,19376456.0
hic,1971,19231752.0
hic,1972,19191704.0
hic,1973,19706514.0
hic,1974,20411242.0
hic,1975,21146664.0
hic,1976,21810432.0
hic,1977,21809438.0
hic,1978,21605646.0
hic,1979,21614372.0
hic,1980,21637784.0
hic,1981,21972882.0
hic,1982,21994216.0
hic,1983,22269114.0
hic,1984,22625744.0
hic,1985,22843358.0
hic,1986,23438342.0
hic,1987,23657646.0
hic,1988,23777886.0
hic,1989,23787798.0
hic,1990,24036996.0
hic,1991,24553440.0
hic,1992,24797564.0
hic,1993,25234244.0
hic,1994,25584288.0
hic,1995,25810096.0
hic,1996,26206710.0
hic,1997,25720782.0
hic,1998,26230634.0
hic,1999,26456262.0
hic,2000,26383722.0
hic,2001,26901328.0
hic,2002,26921722.0
hic,2003,26356752.0
hic,2004,26246554.0
hic,2005,27473746.0
hic,2006,27714080.0
hic,2007,27913208.0
hic,2008,28226532.0
hic,2009,28492902.0
hic,2010,29434536.0
hic,2011,30034746.0
hic,2012,30548520.0
hic,2013,30730204.0
hic,2014,31242796.0
hic,2015,31149368.0
hkg,1971,140960.0
hkg,1972,141466.0
hkg,1973,144115.0
hkg,1974,143706.0
hkg,1975,151456.0
hkg,1976,160184.0
hkg,1977,172410.0
hkg,1978,186225.0
hkg,1979,198351.0
hkg,1980,192517.0
hkg,1981,197410.0
hkg,1982,200426.0
hkg,1983,205200.0
hkg,1984,209869.0
hkg,1985,226450.0
hkg,1986,229089.0
hkg,1987,231610.0
hkg,1988,225108.0
hkg,1989,214703.0
hkg,1990,201750.0
hkg,1991,196466.0
hkg,1992,193658.0
hkg,1993,189730.0
hkg,1994,187549.0
hkg,1995,180109.0
hkg,1996,180317.0
hkg,1998,177462.0
hkg,2002,181819.0
hkg,2003,168844.0
hkg,2004,159895.0
hkg,2005,152792.0
hkg,2006,149155.0
hkg,2007,140783.0
hkg,2008,138393.0
hkg,2009,139228.0
hkg,2010,141967.0
hkg,2011,150457.0
hkg,2012,159040.0
hkg,2013,166400.0
hkg,2014,171497.0
hkg,2015,178119.0
hnd,1970,9720.0
hnd,1971,10480.0
hnd,1972,11544.0
hnd,1973,12905.0
hnd,1974,13253.0
hnd,1975,16136.0
hnd,1976,20205.0
hnd,1977,24815.0
hnd,1978,28860.0
hnd,1979,28580.0
hnd,1980,33034.0
hnd,1981,36016.0
hnd,1982,37957.0
hnd,1983,46228.0
hnd,1984,44793.0
hnd,1985,48610.0
hnd,1986,52831.0
hnd,1990,55592.0
hnd,1991,60137.0
hnd,1992,63103.0
hnd,1993,64876.0
hnd,1994,69776.0
hnd,1995,72306.0
hnd,1996,80459.0
hnd,1997,86064.0
hnd,1998,69966.0
hnd,1999,93481.0
hnd,2000,120141.0
hnd,2003,180792.0
hnd,2004,189578.0
hnd,2005,189835.0
hnd,2006,210562.0
hnd,2007,214051.0
hnd,2008,227394.0
hnd,2009,234891.0
hnd,2010,247800.0
hnd,2011,251220.0
hnd,2012,244167.0
hnd,2013,239279.0
hnd,2014,238205.0
hnd,2015,229396.0
hpc,1970,986181.0
hpc,1971,1014417.6875
hpc,1972,1045420.75
hpc,1973,1066411.625
hpc,1974,1111271.125
hpc,1975,1163068.625
hpc,1976,1233657.625
hpc,1977,1300154.25
hpc,1978,1380660.125
hpc,1979,1458335.75
hpc,1980,1554570.875
hpc,1981,1586220.875
hpc,1982,1646857.25
hpc,1983,1663700.375
hpc,1984,1732348.0
hpc,1985,1788903.5
hpc,1986,1874380.375
hpc,1987,2023768.375
hpc,1988,2115136.75
hpc,1989,2162958.5
hpc,1990,2258517.5
hpc,1991,2334804.25
hpc,1992,2404245.25
hpc,1993,2506167.0
hpc,1994,2615717.75
hpc,1995,2702775.75
hpc,1996,2819980.75
hpc,1997,2945986.75
hpc,1998,3581379.5
hpc,1999,3534894.5
hpc,2000,3786124.5
hpc,2001,3902159.5
hpc,2002,4161562.0
hpc,2003,4471390.0
hpc,2004,4806255.5
hpc,2005,5250983.5
hpc,2006,5847853.5
hpc,2007,6327169.0
hpc,2008,7061636.0
hpc,2009,7640775.5
hpc,2010,7863614.0
hpc,2011,8413295.0
hpc,2012,9914608.0
hpc,2013,10443236.0
hpc,2014,11085528.0
hrv,1980,60169.0
hrv,1981,62937.0
hrv,1982,66254.0
hrv,1983,67847.0
hrv,1984,67481.0
hrv,1985,69080.0
hrv,1986,69374.0
hrv,1987,71520.0
hrv,1988,73032.0
hrv,1989,74583.0
hrv,1990,72274.0
hrv,1991,70396.0
hrv,1995,79891.0
hrv,1996,80380.0
hrv,1997,81893.0
hrv,1998,84467.0
hrv,1999,81288.0
hrv,2000,84526.0
hrv,2001,84023.0
hrv,2002,87083.0
hrv,2003,87469.0
hrv,2004,89212.0
hrv,2005,88930.0
hrv,2006,89571.0
hrv,2007,90947.0
hrv,2008,93274.0
hrv,2009,95516.0
hrv,2010,99317.0
hrv,2011,101638.0
hrv,2012,102857.0
hrv,2013,105004.0
hrv,2014,108281.0
hrv,2015,110572.0
hti,1984,24850.0
hti,1985,21000.0
hun,1971,227279.0
hun,1972,246654.0
hun,1973,270121.0
hun,1974,296101.0
hun,1975,315644.0
hun,1976,329408.0
hun,1977,349209.0
hun,1978,384367.0
hun,1979,422476.0
hun,1980,457346.0
hun,1981,478100.0
hun,1982,477038.0
hun,1983,466402.0
hun,1984,455205.0
hun,1985,440773.0
hun,1986,424678.0
hun,1987,405995.0
hun,1988,398325.0
hun,1989,393735.0
hun,1990,392273.0
hun,1991,391129.0
hun,1992,394091.0
hun,1993,394420.0
hun,1994,398082.0
hun,1995,397311.0
hun,1996,400527.0
hun,1997,395518.0
hun,1998,384669.0
hun,1999,376135.0
hun,2000,366871.0
hun,2001,353100.0
hun,2002,342285.0
hun,2003,331707.0
hun,2004,327508.0
hun,2005,325999.0
hun,2006,326605.0
hun,2007,327644.0
hun,2008,323958.0
hun,2009,325677.0
hun,2010,328545.0
hun,2011,338162.0
hun,2012,341190.0
hun,2013,340204.0
hun,2014,330184.0
hun,2015,310912.0
idn,1970,343466.0
idn,1971,394100.0
idn,1972,387470.0
idn,1973,410409.0
idn,1974,392016.0
idn,1975,511829.0
idn,1976,525775.0
idn,1977,579876.0
idn,1978,674292.0
idn,1979,754497.0
idn,1980,894915.0
idn,1981,1005226.0
idn,1982,1245825.0
idn,1983,1141215.0
idn,1984,1220686.0
idn,1985,1233793.0
idn,1986,1258468.0
idn,1987,1268470.0
idn,1988,1510321.0
idn,1989,1568450.0
idn,1990,1544541.0
idn,1991,1604208.0
idn,1992,1614715.0
idn,1993,1660295.0
idn,1994,1596283.0
idn,1995,1636342.0
idn,1996,1649145.0
idn,1997,1624961.0
idn,1998,1687465.0
idn,1999,1981209.0
idn,2000,2094495.0
idn,2001,2114503.0
idn,2002,2129403.0
idn,2003,2266200.0
idn,2004,2402919.0
idn,2005,2831870.0
idn,2006,3142820.0
idn,2007,3723924.0
idn,2008,3984338.0
idn,2009,4203300.0
idn,2010,3862508.0
idn,2011,4055035.0
idn,2012,4686572.0
idn,2013,5058077.0
idn,2014,5349040.0
ind,1971,357749.0
ind,1972,414769.0
ind,1973,458636.0
ind,1975,521456.0
ind,1976,569296.0
ind,1977,671420.0
ind,1978,690352.0
ind,1981,918238.0
ind,1982,836484.0
ind,1983,1021093.0
ind,1984,979915.0
ind,1985,1033315.0
ind,1986,1235750.0
ind,1987,1271584.0
ind,1988,1420709.0
ind,1989,1439581.0
ind,1990,1353023.0
ind,1991,1510090.0
ind,1992,1435724.0
ind,1993,1463486.0
ind,1994,1940692.0
ind,1995,2115751.0
ind,1996,2139200.0
ind,1997,2382401.0
ind,2001,2617403.0
ind,2002,4623168.0
ind,2003,5507559.0
ind,2004,5050006.0
ind,2005,4761485.0
ind,2006,5264053.0
ind,2007,5366340.0
ind,2008,6576483.0
ind,2009,5839725.0
ind,2010,5570382.0
ind,2011,5936510.0
ind,2012,6073502.0
ind,2013,7376378.0
ind,2014,8967362.0
ind,2015,9260581.0
irl,1971,131500.0
irl,1972,134000.0
irl,1973,135200.0
irl,1974,135951.0
irl,1975,131731.0
irl,1976,135783.0
irl,1977,141392.0
irl,1978,141454.0
irl,1979,139278.0
irl,1980,137133.0
irl,1981,137533.0
irl,1982,139846.0
irl,1983,142501.0
irl,1984,146581.0
irl,1985,147686.0
irl,1986,147908.0
irl,1987,145576.0
irl,1988,142018.0
irl,1989,135923.0
irl,1990,129983.0
irl,1991,127512.0
irl,1992,126168.0
irl,1993,123711.0
irl,1994,118205.0
irl,1995,114363.0
irl,1996,116004.0
irl,1997,115569.0
irl,2012,72347.0
irl,2013,78056.0
irl,2014,78056.0
irl,2015,71098.0
irn,1971,19308.0
irn,1972,21237.0
irn,1973,21773.0
irn,1974,40987.0
irn,1975,88854.0
irn,1976,175424.0
irn,1977,211869.0
irn,1978,235136.0
irn,1979,259000.0
irn,1980,236000.0
irn,1981,172000.0
irn,1982,195639.0
irn,1983,177525.0
irn,1984,202899.0
irn,1985,77794.0
irn,1986,106986.0
irn,1987,123437.0
irn,1988,146409.0
irn,1989,177979.0
irn,1990,217496.0
irn,1991,227492.0
irn,1992,252513.0
irn,1993,168864.0
irn,1994,132653.0
irn,1995,141728.0
irn,1997,195181.0
irn,1998,252513.0
irn,1999,220434.0
irn,2000,251556.0
irn,2001,286903.0
irn,2002,329062.0
irn,2003,403654.0
irn,2004,436497.0
irn,2005,499180.0
irn,2006,548761.0
irn,2007,561399.0
irn,2008,559950.0
irn,2009,464548.0
irn,2010,462862.0
irn,2011,474883.0
irn,2012,415539.0
irn,2013,469565.0
irn,2014,542682.0
irn,2015,672021.0
irq,1971,13686.0
irq,1972,13857.0
irq,1973,15583.0
irq,1974,16874.0
irq,1975,35367.0
irq,1976,44413.0
irq,1977,51840.0
irq,1978,56347.0
irq,1979,67275.0
irq,1980,70418.0
irq,1981,76507.0
irq,1982,81449.0
irq,1983,79457.0
irq,1984,76663.0
irq,1985,80812.0
irq,1986,81431.0
irq,1987,80264.0
irq,1988,76558.0
irq,1989,85096.0
irq,1991,86508.0
irq,1992,79006.0
irq,1993,90836.0
irq,1996,85024.0
irq,1998,70585.0
irq,1999,68169.0
irq,2000,72154.0
irq,2003,53499.0
irq,2004,90966.0
irq,2007,108929.0
isl,1972,2560.0
isl,1973,3035.0
isl,1974,3213.0
isl,1975,3419.0
isl,1976,3502.0
isl,1977,3656.0
isl,1978,3911.0
isl,1979,4379.0
isl,1980,4305.0
isl,1981,4041.0
isl,1982,4195.0
isl,1983,4235.0
isl,1984,3989.0
isl,1985,4208.0
isl,1986,4528.0
isl,1987,4581.0
isl,1988,4426.0
isl,1989,4456.0
isl,1990,4229.0
isl,1998,11792.0
isl,1999,11897.0
isl,2000,11837.0
isl,2001,11932.0
isl,2002,12014.0
isl,2003,11888.0
isl,2004,12083.0
isl,2005,12007.0
isl,2006,11923.0
isl,2007,11899.0
isl,2008,12226.0
isl,2009,12471.0
isl,2010,12668.0
isl,2011,12822.0
isl,2012,13242.0
isl,2013,13549.0
isr,1971,121858.0
isr,1972,129950.0
isr,1973,128417.0
isr,1974,140927.0
isr,1975,189246.0
isr,1976,200710.0
isr,1977,200822.0
isr,1978,203557.0
isr,1979,260428.0
isr,1980,263944.0
isr,1981,269506.0
isr,1982,278800.0
isr,1983,284480.0
isr,1984,285040.0
isr,1985,282100.0
isr,1986,292000.0
isr,1987,294700.0
isr,1988,301100.0
isr,1989,314000.0
isr,1990,318160.0
isr,1991,329050.0
isr,1992,336500.0
isr,1993,338180.0
isr,1994,344900.0
isr,1995,315000.0
isr,1996,315200.0
isr,1999,293721.0
isr,2000,298518.0
isr,2001,323519.0
isr,2002,341053.0
isr,2003,369488.0
isr,2004,354521.0
isr,2005,361068.0
isr,2006,361810.0
isr,2007,394034.0
isr,2008,397062.0
isr,2009,428286.0
isr,2010,402536.0
isr,2011,437271.0
isr,2012,440456.0
isr,2013,499440.0
isr,2014,502406.0
isr,2015,516395.0
ita,1971,1586785.0
ita,1972,1619773.0
ita,1973,1686382.0
ita,1974,1734710.0
ita,1975,1767612.0
ita,1976,1822527.0
ita,1977,1866104.0
ita,1978,1894238.0
ita,1979,1916674.0
ita,1980,1901849.0
ita,1981,1870477.0
ita,1982,1804708.0
ita,1983,1757411.0
ita,1984,1695911.0
ita,1985,1648833.0
ita,1986,1660986.0
ita,1987,1632284.0
ita,1988,1586850.0
ita,1989,1550283.0
ita,1990,1566364.0
ita,1991,1552694.0
ita,1992,1552255.0
ita,1993,1569811.0
ita,1994,1578420.0
ita,1995,1582338.0
ita,1996,1582556.0
ita,1997,1584283.0
ita,1998,1592286.0
ita,1999,1577696.0
ita,2000,1574034.0
ita,2001,1576562.0
ita,2002,1596431.0
ita,2003,1623229.0
ita,2004,1643713.0
ita,2005,1654833.0
ita,2006,1662139.0
ita,2007,1652689.0
ita,2008,1655386.0
ita,2009,1651713.0
ita,2010,1680987.0
ita,2011,1687840.0
ita,2012,1694912.0
ita,2013,1686095.0
ita,2014,1663963.0
ita,2015,1637110.0
jam,1974,82705.0
jam,1975,97773.0
jam,1976,126217.0
jam,1977,128413.0
jam,1978,123662.0
jam,1979,133202.0
jam,1980,132356.0
jam,1981,119508.0
jam,1982,123374.0
jam,1983,129299.0
jam,1984,123597.0
jam,1985,120716.0
jam,1986,125046.0
jam,1987,122611.0
jam,1988,136815.0
jam,1989,136415.0
jam,1990,136671.0
jam,1991,133687.0
jam,1995,132837.0
jam,1996,134458.0
jam,1999,137620.0
jam,2000,144617.0
jam,2001,134615.0
jam,2002,141227.0
jam,2003,137615.0
jam,2004,153114.0
jam,2005,154186.0
jam,2007,141856.0
jam,2008,133903.0
jam,2009,134321.0
jam,2013,146410.0
jam,2014,122372.0
jam,2015,127497.0
jor,1971,10674.0
jor,1972,13047.0
jor,1973,13889.0
jor,1974,14261.0
jor,1975,15107.0
jor,1976,14952.0
jor,1977,14299.0
jor,1978,14045.0
jor,1979,15241.0
jor,1980,17160.0
jor,1981,19598.0
jor,1982,21198.0
jor,1983,22930.0
jor,1984,24579.0
jor,1985,27236.0
jor,1986,27954.0
jor,1987,32035.0
jor,1988,34982.0
jor,1989,37910.0
jor,1990,42223.0
jor,1991,44856.0
jor,1992,49422.0
jor,1993,52284.0
jor,1994,55996.0
jor,1995,57734.0
jor,1996,63250.0
jor,1997,69647.0
jor,1998,69425.0
jor,1999,74380.0
jor,2000,80257.0
jor,2002,86500.0
jor,2003,86065.0
jor,2004,87767.0
jor,2005,92114.0
jor,2006,95389.0
jor,2007,93236.0
jor,2008,104762.0
jor,2010,99168.0
jor,2011,103544.0
jor,2012,110165.0
jor,2013,111771.0
jor,2014,118037.0
jor,2015,118386.0
jpn,1971,1690404.0
jpn,1972,1732737.0
jpn,1973,1860416.0
jpn,1974,2129471.0
jpn,1975,2233470.0
jpn,1976,2292591.0
jpn,1977,2371422.0
jpn,1978,2453687.0
jpn,1979,2497895.0
jpn,1980,2486604.0
jpn,1981,2407093.0
jpn,1982,2292810.0
jpn,1983,2227615.0
jpn,1984,2192808.0
jpn,1985,2132942.0
jpn,1986,2067951.0
jpn,1987,2018523.0
jpn,1988,2016224.0
jpn,1989,2041820.0
jpn,1990,2037614.0
jpn,1991,2007964.0
jpn,1992,1977611.0
jpn,1993,1948868.0
jpn,1994,1909136.0
jpn,1995,1853922.0
jpn,1996,1808432.0
jpn,1997,1798050.0
jpn,1998,2938480.0
jpn,1999,2962175.0
jpn,2000,2982587.0
jpn,2001,3000398.0
jpn,2002,3004935.0
jpn,2003,3047169.0
jpn,2004,3059578.0
jpn,2005,3070307.0
jpn,2006,3072637.0
jpn,2007,3055750.0
jpn,2008,3031927.0
jpn,2009,2984517.0
jpn,2010,2903905.0
jpn,2011,2844155.0
jpn,2012,2850735.0
jpn,2013,2910036.0
jpn,2014,2880706.0
kaz,1981,814900.0
kaz,1986,965100.0
kaz,1989,1064000.0
kaz,1990,1162621.0
kaz,1991,1084239.0
kaz,1992,1040726.0
kaz,1993,885812.0
kaz,1994,747790.0
kaz,1995,538701.0
kaz,1996,392134.0
kaz,1997,323656.0
kaz,1998,174230.0
kaz,1999,164680.0
kaz,2000,215342.0
kaz,2001,270421.0
kaz,2002,260053.0
kaz,2003,267408.0
kaz,2004,268596.0
kaz,2005,287590.0
kaz,2006,301665.0
kaz,2007,330897.0
kaz,2008,355185.0
kaz,2009,375441.0
kaz,2011,519760.0
kaz,2012,617827.0
kaz,2013,711009.0
kaz,2014,763266.0
kaz,2015,852257.0
kaz,2016,880568.0
ken,1983,537878.0
ken,1985,582505.0
ken,1986,657688.0
ken,1987,660973.0
ken,1989,801368.0
ken,1990,850000.0
ken,1991,908966.0
ken,1992,931826.0
ken,1993,924094.0
ken,1994,951997.0
ken,1995,988800.0
ken,1996,1033400.0
ken,1997,1064053.0
ken,1998,1076606.0
ken,1999,1187883.0
ken,2000,1224446.0
ken,2001,1249294.0
ken,2002,1433141.0
ken,2003,1592899.0
ken,2004,1627721.0
ken,2005,1643175.0
ken,2006,1672336.0
ken,2007,1691093.0
ken,2008,1720245.0
ken,2009,1914222.0
ken,2012,2405504.0
ken,2014,3019867.0
ken,2015,3167856.0
kgz,1986,122900.0
kgz,1989,148700.0
kgz,1990,157600.0
kgz,1991,158500.0
kgz,1992,147389.0
kgz,1993,113529.0
kgz,1994,68744.0
kgz,1995,45680.0
kgz,1999,47568.0
kgz,2000,45658.0
kgz,2001,46830.0
kgz,2002,46387.0
kgz,2003,47348.0
kgz,2004,49224.0
kgz,2005,52939.0
kgz,2006,57186.0
kgz,2007,62435.0
kgz,2008,67450.0
kgz,2009,72424.0
kgz,2010,75955.0
kgz,2011,85236.0
kgz,2012,106161.0
kgz,2013,122952.0
kgz,2014,125908.0
kgz,2015,144904.0
khm,1981,15077.0
khm,1982,16579.0
khm,1983,23797.0
khm,1984,35466.0
khm,1985,39920.0
khm,1986,56165.0
khm,1987,55760.0
khm,1988,59679.0
khm,1989,61349.0
khm,1990,56017.0
khm,1991,49277.0
khm,1994,53080.0
khm,1995,49542.0
khm,1997,44814.0
khm,1998,46460.0
khm,1999,55118.0
khm,2000,65295.0
khm,2001,79325.0
khm,2002,90102.0
khm,2003,85650.0
khm,2004,94864.0
khm,2005,95412.0
khm,2006,101559.0
khm,2007,111090.0
khm,2008,119399.0
khm,2010,114958.0
khm,2011,115492.0
khm,2012,139195.0
khm,2013,145705.0
khm,2014,181649.0
khm,2015,187450.0
kir,2002,3843.0
kir,2003,4874.0
kna,1985,1151.0
kna,1986,1501.0
kna,1988,1323.0
kna,1989,1618.0
kna,1990,1486.0
kna,1991,1428.0
kna,1992,1688.0
kna,1993,1890.0
kna,1994,1830.0
kna,1995,1830.0
kna,1996,2360.0
kna,1997,2410.0
kna,2002,2241.0
kna,2004,1910.0
kna,2005,1941.0
kna,2007,1752.0
kna,2008,1608.0
kna,2009,1605.0
kna,2010,1685.0
kna,2011,1796.0
kna,2013,1557.0
kna,2014,1807.0
kna,2015,1650.0
kor,1971,22271.0
kor,1972,22207.0
kor,1973,22466.0
kor,1974,25339.0
kor,1975,27774.0
kor,1976,32032.0
kor,1977,37197.0
kor,1978,41866.0
kor,1979,47571.0
kor,1980,57430.0
kor,1981,66433.0
kor,1982,153823.0
kor,1983,168653.0
kor,1984,206404.0
kor,1985,254438.0
kor,1986,314692.0
kor,1987,354537.0
kor,1988,397020.0
kor,1989,405255.0
kor,1990,410824.0
kor,1991,414532.0
kor,1992,425535.0
kor,1993,450882.0
kor,1994,470271.0
kor,1995,511043.0
kor,1996,530245.0
kor,2013,1262232.0
kor,2014,1269518.0
kor,2015,1278960.0
kwt,1971,19273.0
kwt,1972,18997.0
kwt,1973,19281.0
kwt,1974,19863.0
kwt,1975,21334.0
kwt,1976,24097.0
kwt,1977,25519.0
kwt,1978,25964.0
kwt,1979,27321.0
kwt,1980,27328.0
kwt,1981,29965.0
kwt,1982,33038.0
kwt,1983,35096.0
kwt,1984,37028.0
kwt,1985,39185.0
kwt,1986,42830.0
kwt,1987,45961.0
kwt,1988,49475.0
kwt,1989,52105.0
kwt,1990,53375.0
kwt,1991,37771.0
kwt,1992,39246.0
kwt,1993,47677.0
kwt,1994,46482.0
kwt,1995,49016.0
kwt,1996,49393.0
kwt,1997,49693.0
kwt,1998,54572.0
kwt,1999,57365.0
kwt,2000,59666.0
kwt,2001,61570.0
kwt,2002,62831.0
kwt,2003,62724.0
kwt,2004,61939.0
kwt,2005,65311.0
kwt,2006,67060.0
kwt,2007,70082.0
kwt,2008,71146.0
kwt,2010,73632.0
kwt,2011,77884.0
kwt,2012,82209.0
kwt,2013,83044.0
kwt,2014,81783.0
kwt,2015,80853.0
lac,1970,1718302.0
lac,1971,1823940.375
lac,1972,1942604.625
lac,1973,2060787.0
lac,1974,2184141.5
lac,1975,2438134.25
lac,1976,2814600.5
lac,1977,3127293.0
lac,1978,3415522.75
lac,1979,3828503.25
lac,1980,4156324.25
lac,1981,4811324.0
lac,1982,5629773.5
lac,1983,6319751.0
lac,1984,7106885.5
lac,1985,7649307.5
lac,1986,8452102.0
lac,1987,10454226.0
lac,1988,10687324.0
lac,1989,10894876.0
lac,1990,12023705.0
lac,1991,11862395.0
lac,1992,12497897.0
lac,1993,13001490.0
lac,1994,13242421.0
lac,1995,13701430.0
lac,1996,14156201.0
lac,1997,14462735.0
lac,1998,14824662.0
lac,1999,14930315.0
lac,2000,15762835.0
lac,2001,15926973.0
lac,2002,16034682.0
lac,2003,16259035.0
lac,2004,16827270.0
lac,2005,17284252.0
lac,2006,17591674.0
lac,2007,17819318.0
lac,2008,18457286.0
lac,2009,18679472.0
lac,2010,18423532.0
lac,2011,18510490.0
lac,2012,18715562.0
lac,2013,19148134.0
lac,2014,19222704.0
lao,1972,2040.0
lao,1973,1136.0
lao,1978,2358.0
lao,1979,3419.0
lao,1980,3909.0
lao,1981,5296.0
lao,1982,9736.0
lao,1983,10399.0
lao,1984,13269.0
lao,1985,16137.0
lao,1986,21625.0
lao,1988,27298.0
lao,1990,28167.0
lao,1991,28802.0
lao,1992,25675.0
lao,1993,27389.0
lao,1994,29703.0
lao,1995,31677.0
lao,1996,35039.0
lao,1997,37851.0
lao,1998,38434.0
lao,1999,36947.0
lao,2000,37786.0
lao,2001,34577.0
lao,2002,34156.0
lao,2003,36438.0
lao,2004,38588.0
lao,2005,42251.0
lao,2006,46103.0
lao,2007,51160.0
lao,2008,64950.0
lao,2009,80025.0
lao,2010,89765.0
lao,2011,96761.0
lao,2012,113262.0
lao,2013,137359.0
lao,2014,159491.0
lao,2015,175492.0
lbn,1971,137744.0
lbn,1974,136244.0
lbn,1978,117397.0
lbn,1980,125300.0
lbn,1981,123530.0
lbn,1982,120431.0
lbn,1983,120873.0
lbn,1985,116344.0
lbn,1987,129590.0
lbn,1989,131217.0
lbn,1992,131074.0
lbn,1993,135504.0
lbn,1994,148400.0
lbn,1995,157083.0
lbn,1996,161590.0
lbn,1997,161757.0
lbn,1998,159894.0
lbn,1999,143152.0
lbn,2000,149143.0
lbn,2001,155496.0
lbn,2002,152892.0
lbn,2003,152333.0
lbn,2004,154356.0
lbn,2005,150750.0
lbn,2006,148488.0
lbn,2007,151037.0
lbn,2008,150489.0
lbn,2009,152740.0
lbn,2010,154159.0
lbn,2011,154168.0
lbn,2012,158873.0
lbn,2013,172404.0
lbn,2014,208750.0
lbn,2015,188334.0
lbr,1970,40028.0
lbr,1971,43809.0
lbr,1972,48853.0
lbr,1975,53785.0
lbr,1976,49829.0
lbr,1978,62409.0
lbr,1979,72218.0
lbr,1980,80215.0
lbr,1984,70507.0
lbr,1998,65676.0
lbr,1999,111590.0
lbr,2000,155123.0
lbr,2014,624655.0
lbr,2015,625098.0
lby,1971,1365.0
lby,1972,2638.0
lby,1973,4101.0
lby,1974,5285.0
lby,1975,6087.0
lby,1976,7727.0
lby,1977,8236.0
lby,1978,5240.0
lby,1980,7650.0
lby,1981,9008.0
lby,1983,12493.0
lby,1984,13101.0
lby,1985,14264.0
lby,1986,15028.0
lby,1999,10429.0
lby,2001,17232.0
lby,2002,16807.0
lby,2006,22246.0
lca,1986,3711.0
lca,1987,4175.0
lca,1989,4235.0
lca,1990,4500.0
lca,1991,5366.0
lca,1992,5300.0
lca,1993,4566.0
lca,1994,4956.0
lca,1995,4826.0
lca,1996,5759.0
lca,1997,5396.0
lca,1998,5539.0
lca,1999,5582.0
lca,2000,4288.0
lca,2001,4275.0
lca,2002,4201.0
lca,2003,3939.0
lca,2004,3957.0
lca,2005,4118.0
lca,2006,3813.0
lca,2007,3824.0
lca,2008,3882.0
lca,2009,3807.0
lca,2010,3421.0
lca,2011,3423.0
lca,2012,3483.0
lca,2013,3382.0
lca,2014,3621.0
lca,2015,3183.0
lcn,1970,1852627.375
lcn,1971,1965597.25
lcn,1972,2092461.75
lcn,1973,2210954.0
lcn,1974,2364173.0
lcn,1975,2635252.0
lcn,1976,3021263.5
lcn,1977,3354579.0
lcn,1978,3656747.5
lcn,1979,4078817.75
lcn,1980,4421308.0
lcn,1981,5082405.5
lcn,1982,5918370.5
lcn,1983,6611354.0
lcn,1984,7398319.5
lcn,1985,7970356.5
lcn,1986,8784484.0
lcn,1987,10796809.0
lcn,1988,11039445.0
lcn,1989,11250847.0
lcn,1990,12388018.0
lcn,1991,12217579.0
lcn,1992,12896391.0
lcn,1993,13419115.0
lcn,1994,13673659.0
lcn,1995,14158677.0
lcn,1996,14632079.0
lcn,1997,14920996.0
lcn,1998,15476244.0
lcn,1999,15607645.0
lcn,2000,16451319.0
lcn,2001,16602400.0
lcn,2002,16701258.0
lcn,2003,16897292.0
lcn,2004,17470572.0
lcn,2005,17955124.0
lcn,2006,18260848.0
lcn,2007,18494474.0
lcn,2008,19136180.0
lcn,2009,19374064.0
lcn,2010,19218954.0
lcn,2011,19330820.0
lcn,2012,19527880.0
lcn,2013,19965796.0
lcn,2014,20061834.0
ldc,1971,1270217.0
ldc,1972,1301617.75
ldc,1973,1332666.625
ldc,1974,1483602.375
ldc,1975,1639922.75
ldc,1976,1803719.375
ldc,1977,1968618.25
ldc,1978,2152996.75
ldc,1979,2348522.75
ldc,1980,2551871.75
ldc,1981,2780668.25
ldc,1982,2931757.75
ldc,1983,3064334.75
ldc,1984,3253702.75
ldc,1985,3430868.0
ldc,1986,3729553.5
ldc,1987,3981188.5
ldc,1988,4246029.5
ldc,1989,4167805.25
ldc,1990,4054204.75
ldc,1991,3930292.5
ldc,1992,3879462.5
ldc,1993,3796895.75
ldc,1994,3717305.75
ldc,1995,3622925.0
ldc,1996,3551407.5
ldc,1997,3485492.0
ldc,1998,5097744.5
ldc,1999,5067638.5
ldc,2000,5375883.5
ldc,2001,5749671.5
ldc,2002,6018256.5
ldc,2003,6306383.5
ldc,2004,6827973.0
ldc,2005,7751257.0
ldc,2006,8485207.0
ldc,2007,7248957.0
ldc,2008,7850654.5
ldc,2009,8367162.0
ldc,2010,8738977.0
ldc,2011,10415141.0
ldc,2012,12252802.0
ldc,2013,13049592.0
ldc,2014,13711413.0
lic,1970,1549152.375
lic,1971,1639910.0
lic,1972,1737675.375
lic,1973,1856918.25
lic,1974,1980194.5
lic,1975,2077062.375
lic,1976,2115683.25
lic,1977,2149281.5
lic,1978,2177310.0
lic,1979,2196197.5
lic,1980,2202982.0
lic,1981,2223922.0
lic,1982,2247169.25
lic,1983,2186759.75
lic,1984,2163670.0
lic,1985,2191324.75
lic,1986,2292909.25
lic,1987,2551357.0
lic,1988,2721152.0
lic,1989,2875628.0
lic,1990,2991301.75
lic,1991,3060611.75
lic,1992,3120683.0
lic,1993,3167899.25
lic,1994,3210376.5
lic,1995,3260904.25
lic,1996,3440057.0
lic,1997,3279713.25
lic,1998,3861371.5
lic,1999,4043827.75
lic,2000,4239260.0
lic,2001,4363778.5
lic,2002,4531299.0
lic,2003,4742925.0
lic,2004,4959876.0
lic,2005,5517515.5
lic,2006,5787161.5
lic,2007,6157262.5
lic,2008,6882143.5
lic,2009,7260270.0
lic,2010,7464557.0
lic,2011,7882720.5
lic,2012,9129603.0
lic,2013,9728246.0
lic,2014,10312295.0
lic,2015,11012688.0
lie,2003,811.0
lie,2004,834.0
lie,2005,849.0
lie,2006,799.0
lie,2007,786.0
lie,2008,736.0
lie,2009,715.0
lie,2010,748.0
lie,2011,725.0
lie,2012,747.0
lie,2014,762.0
lie,2015,798.0
lka,2009,293093.0
lka,2010,320802.0
lka,2011,323414.0
lka,2012,336424.0
lka,2013,335441.0
lka,2014,326801.0
lka,2015,319773.0
lmc,1970,9385549.0
lmc,1971,9561760.0
lmc,1972,9876221.0
lmc,1973,10187401.0
lmc,1974,10575848.0
lmc,1975,11341314.0
lmc,1976,11915603.0
lmc,1977,12665797.0
lmc,1978,13598444.0
lmc,1979,14258388.0
lmc,1980,15416683.0
lmc,1981,15562003.0
lmc,1982,16169733.0
lmc,1983,16777412.0
lmc,1984,17534344.0
lmc,1985,18228164.0
lmc,1986,19133158.0
lmc,1987,19813138.0
lmc,1988,21050892.0
lmc,1989,21374300.0
lmc,1990,21477196.0
lmc,1991,21794376.0
lmc,1992,21754490.0
lmc,1993,21546556.0
lmc,1994,22002458.0
lmc,1995,22249698.0
lmc,1996,22230134.0
lmc,1997,22714828.0
lmc,1998,25000092.0
lmc,1999,22686514.0
lmc,2000,22557638.0
lmc,2001,22234130.0
lmc,2002,23635012.0
lmc,2003,24706282.0
lmc,2004,25456112.0
lmc,2005,26417458.0
lmc,2006,29852378.0
lmc,2007,31871602.0
lmc,2008,34160396.0
lmc,2009,34773120.0
lmc,2010,34921848.0
lmc,2011,38192732.0
lmc,2012,41709288.0
lmc,2013,45712072.0
lmc,2014,48319332.0
lmc,2015,49437344.0
lmy,1970,22955992.0
lmy,1971,23137274.0
lmy,1972,23493078.0
lmy,1973,23931628.0
lmy,1974,24540264.0
lmy,1975,25987794.0
lmy,1976,30699476.0
lmy,1977,39800636.0
lmy,1978,36380588.0
lmy,1979,36755736.0
lmy,1980,39335048.0
lmy,1981,42874328.0
lmy,1982,43494748.0
lmy,1983,45317772.0
lmy,1984,47223148.0
lmy,1985,50221444.0
lmy,1986,54260656.0
lmy,1987,59164276.0
lmy,1988,62968060.0
lmy,1989,64614552.0
lmy,1990,66050016.0
lmy,1991,67233832.0
lmy,1992,69990832.0
lmy,1993,72200368.0
lmy,1994,73302752.0
lmy,1995,74482256.0
lmy,1996,75186584.0
lmy,1997,74921200.0
lmy,1998,75949976.0
lmy,1999,73719232.0
lmy,2000,73672136.0
lmy,2001,72954336.0
lmy,2002,72686840.0
lmy,2003,74689200.0
lmy,2004,77000088.0
lmy,2005,79941944.0
lmy,2006,85597312.0
lmy,2007,87667328.0
lmy,2008,92468624.0
lmy,2009,95090536.0
lmy,2010,97584104.0
lmy,2011,103932296.0
lmy,2012,112899208.0
lmy,2013,118823176.0
lmy,2014,123853088.0
lso,1998,36079.0
lso,1999,33310.0
lso,2000,30540.0
lso,2001,41507.0
lso,2002,41792.0
lso,2003,41760.0
lso,2005,45036.0
lso,2010,52646.0
lso,2011,60117.0
lso,2012,61013.0
lso,2013,55925.0
lso,2014,48396.0
lso,2015,53530.0
ltu,1981,110778.0
ltu,1986,136210.0
ltu,1989,150654.0
ltu,1990,141233.0
ltu,1991,134765.0
ltu,1992,112404.0
ltu,1993,92027.0
ltu,1994,69304.0
ltu,1995,74936.0
ltu,1996,80574.0
ltu,1997,84160.0
ltu,1998,91287.0
ltu,1999,93645.0
ltu,2000,93444.0
ltu,2001,87959.0
ltu,2002,88533.0
ltu,2003,90434.0
ltu,2004,88297.0
ltu,2005,87282.0
ltu,2006,89067.0
ltu,2007,86793.0
ltu,2008,87412.0
ltu,2009,89390.0
ltu,2010,88254.0
ltu,2011,87439.0
ltu,2012,89180.0
ltu,2013,93569.0
ltu,2014,98780.0
ltu,2015,102295.0
lux,1970,7435.0
lux,1971,7814.0
lux,1972,8263.0
lux,1973,8524.0
lux,1974,8604.0
lux,1975,8487.0
lux,1976,8625.0
lux,1977,8372.0
lux,1978,7057.0
lux,1979,6928.0
lux,1980,7593.0
lux,1981,7621.0
lux,1982,7551.0
lux,1983,7579.0
lux,1984,7827.0
lux,1985,7655.0
lux,1986,7779.0
lux,1987,8315.0
lux,1988,7983.0
lux,1989,7867.0
lux,1990,8037.0
lux,1991,8354.0
lux,1992,8689.0
lux,1994,9408.0
lux,1995,10398.0
lux,1996,9882.0
lux,1997,9932.0
lux,1998,10192.0
lux,1999,12145.0
lux,2000,13452.0
lux,2001,13822.0
lux,2002,14495.0
lux,2003,14791.0
lux,2004,14405.0
lux,2005,14800.0
lux,2006,14894.0
lux,2007,14649.0
lux,2008,14802.0
lux,2010,15431.0
lux,2011,15525.0
lux,2012,16155.0
lux,2013,16488.0
lux,2014,16685.0
lva,1981,84165.0
lva,1986,95684.0
lva,1990,87706.0
lva,1991,74423.0
lva,1992,60926.0
lva,1993,44659.0
lva,1994,49188.0
lva,1995,56806.0
lva,1996,62942.0
lva,1997,62673.0
lva,1998,60125.0
lva,1999,57747.0
lva,2000,56585.0
lva,2001,53060.0
lva,2002,51892.0
lva,2003,59811.0
lva,2004,60715.0
lva,2005,62811.0
lva,2006,64668.0
lva,2007,67067.0
lva,2008,68512.0
lva,2009,71012.0
lva,2010,71057.0
lva,2011,74587.0
lva,2012,78200.0
lva,2013,79681.0
lva,2014,78732.0
lva,2015,76069.0
mac,1971,7063.0
mac,1972,6259.0
mac,1974,4795.0
mac,1975,4118.0
mac,1976,5072.0
mac,1977,7362.0
mac,1978,7711.0
mac,1979,8960.0
mac,1989,19054.0
mac,1990,19477.0
mac,1991,20814.0
mac,1992,21573.0
mac,1993,21600.0
mac,1999,17092.0
mac,2000,16162.0
mac,2001,14847.0
mac,2002,13620.0
mac,2003,12639.0
mac,2004,11874.0
mac,2005,10962.0
mac,2006,10041.0
mac,2007,9301.0
mac,2008,9065.0
mac,2009,9127.0
mac,2010,9776.0
mac,2011,10804.0
mac,2012,11787.0
mac,2013,12669.0
mac,2014,13395.0
mac,2015,14552.0
mar,1973,297460.0
mar,1974,295642.0
mar,1975,323105.0
mar,1976,375567.0
mar,1977,425581.0
mar,1978,445732.0
mar,1979,478570.0
mar,1980,514966.0
mar,1981,579547.0
mar,1982,603604.0
mar,1983,635283.0
mar,1984,683510.0
mar,1985,730933.0
mar,1986,723770.0
mar,1987,739657.0
mar,1988,746088.0
mar,1989,778781.0
mar,1990,787472.0
mar,1991,812487.0
mar,1992,788326.0
mar,1993,779043.0
mar,1994,783456.0
mar,1995,796669.0
mar,1996,816619.0
mar,1997,829384.0
mar,1998,869946.0
mar,1999,805231.0
mar,2000,802225.0
mar,2001,742287.0
mar,2002,733611.0
mar,2003,695626.0
mar,2004,684783.0
mar,2005,690568.0
mar,2006,705070.0
mar,2007,705753.0
mar,2008,669365.0
mar,2009,721835.0
mar,2010,673759.0
mar,2012,682701.0
mar,2013,679268.0
mar,2014,740342.0
mar,2015,729676.0
mco,1972,634.0
mco,1978,573.0
mco,1983,658.0
mco,1991,903.0
mco,1992,962.0
mco,1994,1055.0
mco,1995,1034.0
mco,1996,1015.0
mco,1997,996.0
mco,1998,998.0
mco,1999,933.0
mco,2000,954.0
mco,2001,978.0
mco,2004,894.0
mco,2008,927.0
mco,2009,890.0
mco,2010,857.0
mco,2011,855.0
mco,2012,850.0
mco,2013,851.0
mco,2014,899.0
mco,2015,989.0
mda,1981,175660.0
mda,1986,209349.0
mda,1989,241849.0
mda,1990,246927.0
mda,1991,248384.0
mda,1992,239350.0
mda,1993,207288.0
mda,1994,190235.0
mda,1995,162062.0
mda,1999,103406.0
mda,2000,84757.0
mda,2001,83108.0
mda,2002,84458.0
mda,2003,95461.0
mda,2004,97258.0
mda,2005,99231.0
mda,2006,102391.0
mda,2007,103811.0
mda,2008,106995.0
mda,2009,109714.0
mda,2010,112398.0
mda,2011,115738.0
mda,2012,119748.0
mda,2013,125408.0
mda,2014,129569.0
mda,2015,130937.0
mdg,1995,57843.0
mdg,1998,58101.0
mdg,1999,49566.0
mdg,2000,51082.0
mdg,2001,52751.0
mdg,2005,132504.0
mdg,2006,146191.0
mdg,2007,152580.0
mdg,2008,160352.0
mdg,2009,179536.0
mdg,2010,163731.0
mdg,2013,248750.0
mdg,2014,285353.0
mdg,2015,378379.0
mdv,1970,857.0
mdv,1971,805.0
mdv,1977,1258.0
mdv,1978,1257.0
mdv,1981,1651.0
mdv,1982,1909.0
mdv,1986,2327.0
mdv,1992,3298.0
mdv,1993,9592.0
mdv,1995,11198.0
mdv,1996,10530.0
mdv,1997,10682.0
mdv,1998,11508.0
mdv,1999,12031.0
mdv,2000,12894.0
mdv,2001,12809.0
mdv,2002,12886.0
mdv,2003,11206.0
mdv,2004,13075.0
mdv,2005,13505.0
mdv,2006,14330.0
mdv,2007,14851.0
mdv,2008,15536.0
mdv,2009,16126.0
mdv,2010,17692.0
mdv,2011,17885.0
mdv,2012,22049.0
mdv,2013,22481.0
mdv,2014,22823.0
mdv,2016,22263.0
mea,1970,733069.25
mea,1971,745756.5
mea,1972,768557.8125
mea,1973,783534.125
mea,1974,821097.4375
mea,1975,970535.875
mea,1976,1144794.0
mea,1977,1249366.625
mea,1978,1297123.25
mea,1979,1440084.75
mea,1980,1484817.75
mea,1981,1519837.625
mea,1982,1605861.75
mea,1983,1657338.0
mea,1984,1759103.25
mea,1985,1719857.125
mea,1986,1793403.25
mea,1987,1868473.125
mea,1988,1942046.125
mea,1989,2064110.375
mea,1990,2156974.5
mea,1991,2225792.25
mea,1992,2279494.75
mea,1993,2251165.75
mea,1994,2272092.75
mea,1995,2287081.0
mea,1996,2369388.75
mea,1997,2495524.75
mea,1998,2616208.0
mea,1999,2568341.25
mea,2000,2677699.75
mea,2001,2736445.0
mea,2002,2846231.25
mea,2003,2970283.75
mea,2004,3086916.25
mea,2005,3290608.25
mea,2006,3537831.75
mea,2007,3610312.75
mea,2008,3842428.5
mea,2009,4182764.75
mea,2010,4375853.5
mea,2011,4411145.0
mea,2012,4469819.0
mea,2013,4635776.0
mea,2014,5203255.0
mex,1971,422682.0
mex,1972,442242.0
mex,1974,462719.0
mex,1975,490380.0
mex,1976,537090.0
mex,1977,627880.0
mex,1978,659023.0
mex,1980,836316.0
mex,1981,1071619.0
mex,1982,1411316.0
mex,1983,1690964.0
mex,1984,1893643.0
mex,1985,2147495.0
mex,1986,2381412.0
mex,1987,2547358.0
mex,1988,2625678.0
mex,1989,2668561.0
mex,1990,2662588.0
mex,1991,2734054.0
mex,1992,2791550.0
mex,1993,2858890.0
mex,1994,2980024.0
mex,1995,3092834.0
mex,1996,3169951.0
mex,1997,3238337.0
mex,1998,3312181.0
mex,1999,3360518.0
mex,2000,3393741.0
mex,2001,3423608.0
mex,2002,3432326.0
mex,2003,3635903.0
mex,2004,3742633.0
mex,2005,4098406.0
mex,2006,4463473.0
mex,2007,4750394.0
mex,2008,4756870.0
mex,2009,4645464.0
mex,2010,4619209.0
mex,2011,4652294.0
mex,2012,4716545.0
mex,2013,4772612.0
mex,2014,4797728.0
mhl,1999,1648.0
mhl,2002,1470.0
mhl,2007,1443.0
mhl,2008,1551.0
mhl,2009,1524.0
mhl,2011,1448.0
mhl,2015,1205.0
mic,1970,22717962.0
mic,1971,22838334.0
mic,1972,23135312.0
mic,1973,23493988.0
mic,1974,24014572.0
mic,1975,25402240.0
mic,1976,30123816.0
mic,1977,39252524.0
mic,1978,35867420.0
mic,1979,36283676.0
mic,1980,38899692.0
mic,1981,42463488.0
mic,1982,43124740.0
mic,1983,45068444.0
mic,1984,47047328.0
mic,1985,50071408.0
mic,1986,54062548.0
mic,1987,58778716.0
mic,1988,62477704.0
mic,1989,64027336.0
mic,1990,65377672.0
mic,1991,66530404.0
mic,1992,69259648.0
mic,1993,71446520.0
mic,1994,72519432.0
mic,1995,73668696.0
mic,1996,74223048.0
mic,1997,73905040.0
mic,1998,74411992.0
mic,1999,70384432.0
mic,2000,70266552.0
mic,2001,69447600.0
mic,2002,68968536.0
mic,2003,70907712.0
mic,2004,73026328.0
mic,2005,75187936.0
mic,2006,80511064.0
mic,2007,82309744.0
mic,2008,86426320.0
mic,2009,88919608.0
mic,2010,91115640.0
mic,2011,97902232.0
mic,2012,106766128.0
mic,2013,114370456.0
mic,2014,120048200.0
mic,2015,123683248.0
mkd,1993,30946.0
mkd,1994,30432.0
mkd,1995,31980.0
mkd,1996,32826.0
mkd,1997,32466.0
mkd,1998,32019.0
mkd,1999,33272.0
mkd,2000,34879.0
mkd,2001,34547.0
mkd,2002,33245.0
mkd,2003,33092.0
mkd,2004,33091.0
mkd,2005,33231.0
mkd,2006,34388.0
mkd,2007,37106.0
mkd,2008,16029.0
mkd,2009,17021.0
mkd,2010,17405.0
mkd,2011,17942.0
mkd,2012,19785.0
mkd,2013,21001.0
mkd,2014,22770.0
mkd,2015,24031.0
mli,1995,15908.0
mli,1996,17165.0
mli,1997,20322.0
mli,1998,23548.0
mli,1999,21406.0
mli,2000,21814.0
mli,2001,22747.0
mli,2002,20200.0
mli,2003,27417.0
mli,2004,35000.0
mli,2005,45500.0
mli,2006,51017.0
mli,2007,54591.0
mli,2008,61476.0
mli,2009,62242.0
mli,2010,64409.0
mli,2011,71216.0
mli,2013,83194.0
mli,2014,91607.0
mli,2015,96627.0
mlt,1970,2241.0
mlt,1971,2640.0
mlt,1972,2421.0
mlt,1973,2704.0
mlt,1974,2467.0
mlt,1975,3434.0
mlt,1976,6237.0
mlt,1977,7093.0
mlt,1978,6949.0
mlt,1979,7291.0
mlt,1980,7747.0
mlt,1981,7691.0
mlt,1982,7603.0
mlt,1983,7645.0
mlt,1984,7744.0
mlt,1985,7810.0
mlt,1986,7899.0
mlt,1987,8217.0
mlt,1988,8251.0
mlt,1989,11322.0
mlt,1990,11300.0
mlt,1991,11313.0
mlt,1992,11770.0
mlt,1993,12025.0
mlt,1994,12226.0
mlt,1995,11119.0
mlt,1996,11160.0
mlt,1997,11171.0
mlt,1998,10637.0
mlt,1999,10443.0
mlt,2000,10039.0
mlt,2001,9847.0
mlt,2002,9604.0
mlt,2003,9368.0
mlt,2004,9141.0
mlt,2005,8551.0
mlt,2006,8261.0
mlt,2007,8698.0
mlt,2008,8530.0
mlt,2009,8083.0
mlt,2010,8515.0
mlt,2011,8750.0
mlt,2012,9127.0
mlt,2013,8901.0
mlt,2014,8910.0
mlt,2015,9217.0
mmr,1999,41318.0
mmr,2006,93090.0
mmr,2007,98545.0
mmr,2008,112268.0
mmr,2009,120345.0
mmr,2010,159270.0
mmr,2014,453480.0
mna,1970,576549.0
mna,1971,582934.9375
mna,1972,596916.75
mna,1973,611675.0
mna,1974,634212.25
mna,1975,731788.75
mna,1976,883993.4375
mna,1977,983069.9375
mna,1978,1025824.0625
mna,1979,1108232.75
mna,1980,1141055.0
mna,1981,1159375.75
mna,1982,1221096.625
mna,1983,1255137.375
mna,1984,1350687.5
mna,1985,1304003.0
mna,1986,1354218.25
mna,1987,1415376.625
mna,1988,1469143.875
mna,1989,1561903.25
mna,1990,1641000.125
mna,1991,1709921.125
mna,1992,1745787.375
mna,1993,1699082.875
mna,1994,1706198.25
mna,1995,1745001.875
mna,1996,1824469.75
mna,1997,1920554.375
mna,1998,2047028.75
mna,1999,1961793.0
mna,2000,2052673.375
mna,2001,2072442.0
mna,2002,2150756.25
mna,2003,2232289.5
mna,2004,2351506.0
mna,2005,2530792.25
mna,2006,2761073.25
mna,2007,2781302.25
mna,2008,2987126.25
mna,2009,3278718.75
mna,2010,3473637.5
mna,2011,3434096.75
mna,2012,3444952.25
mna,2013,3530616.0
mna,2014,3999431.0
mne,2001,10904.0
mne,2002,11579.0
mne,2003,11134.0
mne,2004,10451.0
mne,2005,10191.0
mne,2006,9902.0
mne,2007,8603.0
mne,2008,9124.0
mne,2009,9657.0
mne,2010,9927.0
mne,2011,12803.0
mne,2012,14155.0
mne,2015,13046.0
mng,1970,27583.0
mng,1971,29613.0
mng,1972,32628.0
mng,1973,33495.0
mng,1974,34924.0
mng,1975,35961.0
mng,1976,36974.0
mng,1977,38569.0
mng,1978,40844.0
mng,1979,43686.0
mng,1980,47011.0
mng,1981,49807.0
mng,1982,52278.0
mng,1983,53849.0
mng,1984,55703.0
mng,1985,59143.0
mng,1986,62470.0
mng,1987,69746.0
mng,1988,70594.0
mng,1989,81029.0
mng,1990,88274.0
mng,1991,97212.0
mng,1992,95715.0
mng,1993,85671.0
mng,1994,59909.0
mng,1995,60959.0
mng,1996,64086.0
mng,1997,67972.0
mng,1998,70035.0
mng,1999,74299.0
mng,2000,78630.0
mng,2001,79294.0
mng,2002,83578.0
mng,2003,87711.0
mng,2004,90215.0
mng,2005,82674.0
mng,2006,95038.0
mng,2007,94702.0
mng,2008,100449.0
mng,2009,102522.0
mng,2010,109479.0
mng,2011,122105.0
mng,2012,133351.0
moz,1971,1059.0
moz,1972,1104.0
moz,1973,1336.0
moz,1982,90151.0
moz,1983,57522.0
moz,1984,65833.0
moz,1985,62940.0
moz,1986,45100.0
mrt,1993,800.0
mrt,2003,5040.0
mrt,2004,4709.0
mrt,2014,11136.0
mrt,2015,36182.0
mus,1970,10504.0
mus,1971,9860.0
mus,1972,9198.0
mus,1973,8940.0
mus,1974,8667.0
mus,1975,9233.0
mus,1976,8024.0
mus,1977,7914.0
mus,1978,11680.0
mus,1979,12196.0
mus,1980,11704.0
mus,1981,11105.0
mus,1982,10617.0
mus,1990,21481.0
mus,1993,32697.0
mus,1995,31384.0
mus,1996,34444.0
mus,1997,42904.0
mus,1998,42279.0
mus,1999,41711.0
mus,2000,39232.0
mus,2001,38340.0
mus,2002,36982.0
mus,2003,38620.0
mus,2004,37483.0
mus,2005,37356.0
mus,2006,37129.0
mus,2007,36467.0
mus,2008,36242.0
mus,2009,35974.0
mus,2010,36717.0
mus,2011,35591.0
mus,2012,33518.0
mus,2013,31419.0
mus,2014,30142.0
mus,2015,29832.0
mwi,2015,1360619.0
mys,1974,55624.0
mys,1980,170955.0
mys,1982,238326.0
mys,1983,259711.0
mys,1984,269477.0
mys,1985,293801.0
mys,1987,313864.0
mys,1988,298097.0
mys,1989,331520.0
mys,1990,328813.0
mys,1991,372767.0
mys,1992,383715.0
mys,1993,395611.0
mys,1994,599391.0
mys,1995,459015.0
mys,1996,410217.0
mys,1998,588832.0
mys,1999,571564.0
mys,2000,549754.0
mys,2001,557868.0
mys,2002,565981.0
mys,2003,602844.0
mys,2004,650013.0
mys,2005,668291.0
mys,2006,611991.0
mys,2007,654150.0
mys,2008,771225.0
mys,2009,786177.0
mys,2010,805474.0
mys,2012,833121.0
mys,2013,866710.0
mys,2014,894079.0
mys,2015,934418.0
nac,1970,4747878.5
nac,1971,4651447.0
nac,1972,4485994.5
nac,1973,4619626.0
nac,1974,4750216.5
nac,1975,5157209.0
nac,1976,5540464.5
nac,1977,5410156.0
nac,1978,5178906.5
nac,1979,5178150.0
nac,1980,5179829.0
nac,1981,5561333.0
nac,1982,5612054.0
nac,1983,5853225.0
nac,1984,6114548.0
nac,1985,6252961.0
nac,1986,6729344.0
nac,1987,6946356.5
nac,1988,7046754.0
nac,1989,7049759.5
nac,1990,7221311.5
nac,1991,7773904.5
nac,1992,8053435.0
nac,1993,8288301.5
nac,1994,8515070.0
nac,1995,8734271.0
nac,1996,8981331.0
nac,1997,8318875.0
nac,1998,7628834.5
nac,1999,7695480.0
nac,2000,7617915.5
nac,2001,8044649.5
nac,2002,8168110.0
nac,2003,7734216.0
nac,2004,7917633.0
nac,2005,7837700.0
nac,2006,7828448.0
nac,2007,7999780.5
nac,2008,7681135.0
nac,2009,7699161.0
nac,2010,9348584.0
nac,2011,9524307.0
nac,2012,9697503.0
nac,2013,9277801.0
nac,2014,9333491.0
nam,1986,4568.0
nam,1987,3224.0
nam,1988,4727.0
nam,1989,4756.0
nam,1990,5649.0
nam,1991,5780.0
nam,1992,5482.0
nam,1993,4900.0
nam,1994,4579.0
nam,1999,34759.0
nam,2001,42669.0
nam,2002,50294.0
nam,2006,32736.0
nam,2012,17572.0
nam,2013,24745.0
ncl,1970,3044.0
ncl,1971,3053.0
ncl,1972,3972.0
ncl,1973,4361.0
ncl,1974,4911.0
ncl,1975,6195.0
ncl,1976,5577.0
ncl,1977,6451.0
ncl,1978,7328.0
ncl,1979,7194.0
ncl,1980,10313.0
ncl,1981,8043.0
ncl,1982,8062.0
ncl,1983,8675.0
ncl,1984,9028.0
ncl,1985,8647.0
ncl,1986,9214.0
ncl,1987,9384.0
ncl,1988,9801.0
ncl,1989,10330.0
ncl,1990,10745.0
ncl,1991,11431.0
ncl,1994,12776.0
ner,1973,686.0
ner,1974,781.0
ner,1975,770.0
ner,1976,874.0
ner,1977,1239.0
ner,1978,1489.0
ner,1979,1671.0
ner,1980,2248.0
ner,1981,2561.0
ner,1982,2713.0
ner,1983,2829.0
ner,1984,3148.0
ner,1985,3776.0
ner,1986,3980.0
ner,1987,4737.0
ner,1989,9674.0
ner,1990,11038.0
ner,1991,11696.0
ner,1992,13182.0
ner,1993,12600.0
ner,1995,9939.0
ner,1996,9203.0
ner,1997,10638.0
ner,1998,11764.0
ner,1999,11564.0
ner,2000,10360.0
ner,2001,12300.0
ner,2002,15583.0
ner,2003,17264.0
ner,2004,18234.0
ner,2005,19597.0
ner,2006,24287.0
ner,2007,28455.0
ner,2008,37192.0
ner,2009,48119.0
ner,2010,67678.0
ner,2011,96022.0
ner,2012,110175.0
ner,2013,132987.0
ner,2014,141558.0
ner,2015,152629.0
nga,2001,938717.0
nga,2003,1402260.0
nga,2004,1790937.0
nga,2005,1815337.0
nga,2008,1740013.0
nga,2009,1904611.0
nga,2010,2020668.0
nic,1970,10148.0
nic,1971,8333.0
nic,1972,8735.0
nic,1973,8177.0
nic,1974,9084.0
nic,1975,8986.0
nic,1976,10608.0
nic,1977,10659.0
nic,1978,9074.0
nic,1979,18292.0
nic,1980,30524.0
nic,1982,38534.0
nic,1983,50163.0
nic,1984,60557.0
nic,1985,62784.0
nic,1986,72569.0
nic,1987,76635.0
nic,1988,74227.0
nic,1989,64916.0
nic,1990,63201.0
nic,1991,68657.0
nic,1992,66727.0
nic,1993,79543.0
nic,1994,97163.0
nic,1995,99145.0
nic,1996,115532.0
nic,1997,133086.0
nic,1998,144460.0
nic,1999,160616.0
nic,2000,166886.0
nic,2001,164095.0
nic,2002,177534.0
nic,2003,183709.0
nic,2004,199422.0
nic,2005,213672.0
nic,2006,209950.0
nic,2007,214615.0
nic,2008,220529.0
nic,2010,218062.0
nld,1971,491732.0
nld,1972,491505.0
nld,1973,495061.0
nld,1974,505989.0
nld,1975,513606.0
nld,1976,518890.0
nld,1977,498831.0
nld,1978,465992.0
nld,1979,438175.0
nld,1980,418499.0
nld,1981,409576.0
nld,1982,399769.0
nld,1983,398804.0
nld,1984,396946.0
nld,1985,399453.0
nld,1986,359130.0
nld,1987,350908.0
nld,1988,338721.0
nld,1989,342369.0
nld,1990,350696.0
nld,1991,360880.0
nld,1992,367602.0
nld,1993,368473.0
nld,1994,373164.0
nld,1995,385483.0
nld,1996,394937.0
nld,1997,394374.0
nld,2011,529767.0
nld,2012,521985.0
nld,2013,521306.0
nld,2014,511789.0
nld,2015,511579.0
nor,1972,12991.0
nor,1975,25529.0
nor,1976,30479.0
nor,1977,36535.0
nor,1978,49796.0
nor,1979,61372.0
nor,1980,71483.0
nor,1981,78189.0
nor,1982,82933.0
nor,1983,86315.0
nor,1984,89898.0
nor,1985,94443.0
nor,1986,98454.0
nor,1987,104302.0
nor,1988,110981.0
nor,1989,118852.0
nor,1990,128237.0
nor,1991,139350.0
nor,1992,155153.0
nor,1993,174096.0
nor,1994,158129.0
nor,1995,169739.0
nor,1996,177593.0
nor,1997,183539.0
nor,1998,134157.0
nor,1999,138984.0
nor,2000,142246.0
nor,2001,144605.0
nor,2002,146507.0
nor,2003,149742.0
nor,2004,153835.0
nor,2005,157077.0
nor,2006,159322.0
nor,2007,161371.0
nor,2008,165540.0
nor,2009,169697.0
nor,2010,173563.0
nor,2011,175811.0
nor,2012,179739.0
nor,2013,183697.0
nor,2014,186582.0
nor,2015,186415.0
npl,1983,14952.0
npl,1984,16864.0
npl,1997,150767.0
npl,1999,215681.0
npl,2000,251268.0
npl,2001,257968.0
npl,2002,259065.0
npl,2003,247930.0
npl,2004,257121.0
npl,2005,512151.0
npl,2007,553983.0
npl,2008,823106.0
npl,2009,881247.0
npl,2010,947278.0
npl,2011,1018543.0
npl,2012,1056430.0
npl,2013,1053054.0
npl,2014,1047117.0
npl,2015,1014339.0
npl,2016,977365.0
nru,1985,383.0
nru,1991,447.0
nru,1998,538.0
nru,2000,645.0
nru,2001,633.0
nru,2002,634.0
nru,2003,588.0
nru,2004,481.0
nru,2005,621.0
nru,2006,643.0
nru,2007,669.0
nru,2008,663.0
nru,2012,609.0
nru,2014,919.0
nzl,1970,24336.0
nzl,1971,25530.0
nzl,1972,26870.0
nzl,1973,28580.0
nzl,1974,30171.0
nzl,1975,54757.0
nzl,1976,58140.0
nzl,1977,58765.0
nzl,1978,57584.0
nzl,1979,57574.0
nzl,1980,56858.0
nzl,1981,55992.0
nzl,1982,57734.0
nzl,1984,60476.0
nzl,1985,60666.0
nzl,1986,62195.0
nzl,1987,61727.0
nzl,1988,62402.0
nzl,2014,116338.4765625
nzl,2015,117606.9609375
oed,1970,19328270.0
oed,1971,19201598.0
oed,1972,19186166.0
oed,1973,19711406.0
oed,1974,20427848.0
oed,1975,21181884.0
oed,1976,21868602.0
oed,1977,21930568.0
oed,1978,21733142.0
oed,1979,21799994.0
oed,1980,21901678.0
oed,1981,22434220.0
oed,1982,22771182.0
oed,1983,23293930.0
oed,1984,23830722.0
oed,1985,24336154.0
oed,1986,25170094.0
oed,1987,25510510.0
oed,1988,25684658.0
oed,1989,25717230.0
oed,1990,25964250.0
oed,1991,26574866.0
oed,1992,26891374.0
oed,1993,27396030.0
oed,1994,27881458.0
oed,1995,28210200.0
oed,1996,28675138.0
oed,1997,28165850.0
oed,1998,28718898.0
oed,1999,29042180.0
oed,2000,28972508.0
oed,2001,29520272.0
oed,2002,29562736.0
oed,2003,29232898.0
oed,2004,29257998.0
oed,2005,29990812.0
oed,2006,30704772.0
oed,2007,31319900.0
oed,2008,31211464.0
oed,2009,31340490.0
oed,2010,34120348.0
oed,2011,34889156.0
oed,2012,35503712.0
oed,2013,35200540.0
oed,2014,35628836.0
omn,1974,18.0
omn,1975,42.0
omn,1976,160.0
omn,1977,54.0
omn,1978,46.0
omn,1979,226.0
omn,1981,396.0
omn,1982,674.0
omn,1983,865.0
omn,1984,872.0
omn,1985,1643.0
omn,1986,1665.0
omn,1987,2542.0
omn,1988,2729.0
omn,1989,2952.0
omn,1990,3050.0
omn,1991,3682.0
omn,1992,4223.0
omn,1993,4435.0
omn,1994,4728.0
omn,1995,5235.0
omn,1996,5265.0
omn,1997,6452.0
omn,1998,6989.0
omn,2007,38867.0
omn,2008,44473.0
omn,2009,43957.0
omn,2011,56464.0
omn,2012,56679.0
omn,2013,58500.0
omn,2014,68986.0
omn,2015,75395.0
pak,2000,5160468.0
pak,2001,4689134.0
pak,2002,3597355.0
pak,2003,3126298.0
pak,2004,3573929.0
pak,2005,4075258.0
pak,2006,5714368.0
pak,2007,6491066.0
pak,2008,6977177.0
pak,2009,6681308.0
pak,2012,6783624.0
pak,2013,7021475.0
pak,2014,6550215.0
pak,2015,6829979.0
pan,1970,6921.0
pan,1971,7764.0
pan,1972,9259.0
pan,1973,10249.0
pan,1974,11374.0
pan,1975,12398.0
pan,1976,12554.0
pan,1977,13177.0
pan,1978,15702.0
pan,1979,18677.0
pan,1980,18136.0
pan,1981,22616.0
pan,1982,24656.0
pan,1983,25843.0
pan,1984,26481.0
pan,1985,27501.0
pan,1986,29481.0
pan,1987,33024.0
pan,1988,32838.0
pan,1989,32046.0
pan,1990,30719.0
pan,1991,33530.0
pan,1992,33248.0
pan,1993,35582.0
pan,1994,41276.0
pan,1995,41520.0
pan,1996,46245.0
pan,1999,49129.0
pan,2000,56993.0
pan,2001,64929.0
pan,2002,72351.0
pan,2003,69789.0
pan,2004,73154.0
pan,2005,83836.0
pan,2006,91946.0
pan,2007,96857.0
pan,2008,94928.0
pan,2009,90683.0
pan,2010,92667.0
pan,2011,91493.0
pan,2012,96265.0
pan,2013,102418.0
pan,2014,105114.0
per,1970,74318.0
per,1971,83016.0
per,1972,91716.0
per,1973,117727.0
per,1974,138045.0
per,1975,172051.0
per,1976,191123.0
per,1977,195895.0
per,1978,199900.0
per,1979,208538.0
per,1980,228168.0
per,1981,250212.0
per,1982,279504.0
per,1983,305506.0
per,1985,342779.0
per,1986,379471.0
per,1987,430871.0
per,1988,483640.0
per,1989,540600.0
per,1990,504175.0
per,1991,518429.0
per,1992,536607.0
per,1993,589960.0
per,1994,597382.0
per,1995,631166.0
per,1996,668588.0
per,1997,688425.0
per,1998,1037297.0
per,1999,1017342.0
per,2000,1061307.0
per,2001,1114058.0
per,2002,1065361.0
per,2003,1044565.0
per,2004,1089540.0
per,2005,1114885.0
per,2006,1130601.0
per,2007,1204022.0
per,2008,1276268.0
per,2009,1352528.0
per,2010,1376126.0
per,2011,1350054.0
per,2012,1363710.0
per,2013,1502590.0
per,2014,1551243.0
per,2015,1578698.0
phl,1971,51857.0
phl,1972,53353.0
phl,1973,64166.0
phl,1974,71592.0
phl,1975,79865.0
phl,1976,86443.0
phl,1977,93869.0
phl,1978,101295.0
phl,1981,124844.0
phl,1982,152262.0
phl,1983,159633.0
phl,1984,181726.0
phl,1985,177593.0
phl,1986,189654.0
phl,1987,197922.0
phl,1988,204912.0
phl,1989,217886.0
phl,1990,321459.0
phl,1991,393595.0
phl,1992,379606.0
phl,1993,415483.0
phl,1994,456456.0
phl,1995,546789.0
phl,1996,552599.0
phl,1997,555502.0
phl,1998,572996.0
phl,1999,593284.0
phl,2000,514113.0
phl,2001,592289.0
phl,2002,647532.0
phl,2003,756235.0
phl,2004,783031.0
phl,2005,808216.0
phl,2006,911898.0
phl,2007,961397.0
phl,2008,1002223.0
phl,2009,1165771.0
plw,1999,656.0
plw,2000,632.0
plw,2002,627.0
plw,2003,650.0
plw,2004,638.0
plw,2013,581.0
plw,2014,518.0
png,1970,0.0
png,1971,0.0
png,1972,0.0
png,1975,51.0
png,1976,76.0
png,1978,201.0
png,1979,235.0
png,1981,333.0
png,1982,370.0
png,1984,1175.0
png,1986,1191.0
png,1987,1196.0
png,1988,977.0
png,1989,1108.0
png,1990,934.0
png,1991,698.0
png,1992,856.0
png,1993,1404.0
png,1994,1524.0
png,1995,2528.0
png,1998,49394.0
png,2002,95121.0
png,2008,177660.0
pol,1971,744968.0
pol,1972,779199.0
pol,1973,895970.0
pol,1974,1021271.0
pol,1975,1094344.0
pol,1976,1107648.0
pol,1977,1174897.0
pol,1978,1235585.0
pol,1979,1275741.0
pol,1980,1330611.0
pol,1981,1349528.0
pol,1982,1295629.0
pol,1983,1276653.0
pol,1984,1236659.0
pol,1985,1290903.0
pol,1986,1360044.0
pol,1987,1402731.0
pol,1988,1409012.0
pol,1989,1383403.0
pol,1990,1316699.0
pol,1991,1226101.0
pol,1992,1098279.0
pol,1993,1019171.0
pol,1994,986996.0
pol,1995,994865.0
pol,1996,984545.0
pol,1997,983489.0
pol,1998,979541.0
pol,1999,958038.0
pol,2000,919117.0
pol,2001,885416.0
pol,2002,848507.0
pol,2003,840539.0
pol,2004,832346.0
pol,2005,831923.0
pol,2006,839996.0
pol,2007,862656.0
pol,2008,871918.0
pol,2009,919130.0
pol,2010,994138.0
pol,2011,1059281.0
pol,2012,1160509.0
pol,2013,1216467.0
pol,2014,1297190.0
pri,1971,17596.0
pri,1972,18146.0
pri,1973,18545.0
pri,1974,18896.0
pri,1975,19422.0
pri,1976,19756.0
pri,2010,94875.0
pri,2011,101472.0
pri,2012,92023.0
pri,2013,74529.0
prk,2009,638054.0
prk,2015,341247.0
prt,1971,17135.0
prt,1972,18687.0
prt,1973,18964.0
prt,1974,41080.0
prt,1975,42490.0
prt,1976,44832.0
prt,1977,61868.0
prt,1978,64739.0
prt,1979,68008.0
prt,1980,80373.0
prt,1981,100178.0
prt,1982,112412.0
prt,1983,114640.0
prt,1984,117859.0
prt,1985,116325.0
prt,1986,128089.0
prt,1987,134259.0
prt,1988,126779.0
prt,1990,128877.0
prt,1991,181450.0
prt,1993,179135.0
prt,1994,183298.0
prt,1995,184384.0
prt,1996,191530.0
prt,1998,210180.0
prt,1999,220288.0
prt,2000,230611.0
prt,2001,238778.0
prt,2002,241439.0
prt,2003,250174.0
prt,2004,253635.0
prt,2005,259788.0
prt,2006,262002.0
prt,2007,263887.0
prt,2008,266158.0
prt,2009,274628.0
prt,2010,274387.0
prt,2011,276125.0
prt,2012,272547.0
prt,2013,266666.0
prt,2014,265414.0
prt,2015,264660.0
pry,1970,7564.0
pry,1971,8037.0
pry,1973,7863.0
pry,1977,8280.0
pry,1978,8680.0
pry,1980,10928.0
pry,1982,13590.0
pry,1985,19052.0
pry,1986,21942.0
pry,1987,24037.0
pry,1988,30095.0
pry,1989,30019.0
pry,1990,34157.0
pry,1991,39358.0
pry,1992,41627.0
pry,1993,55318.0
pry,1994,51671.0
pry,1995,63563.0
pry,1996,74713.0
pry,1997,87666.0
pry,1998,112694.0
pry,1999,122672.0
pry,2000,131176.0
pry,2001,138914.0
pry,2002,138913.0
pry,2003,146490.0
pry,2004,147363.0
pry,2005,148085.0
pry,2006,147106.0
pry,2007,152363.0
pry,2008,157707.0
pry,2009,154866.0
pry,2010,155860.0
pry,2011,152843.0
pry,2012,151576.0
pse,1976,11025.0
pse,1981,12050.0
pse,1986,18875.0
pse,1991,30158.0
pse,1992,32508.0
pse,1993,38643.0
pse,1994,42343.0
pse,1995,36829.0
pse,1996,44927.0
pse,1997,69134.0
pse,1999,77173.0
pse,2000,77402.0
pse,2001,69247.0
pse,2002,66506.0
pse,2003,61874.0
pse,2004,70225.0
pse,2005,73104.0
pse,2006,77142.0
pse,2007,78151.0
pse,2008,84289.0
pse,2009,90703.0
pse,2010,90918.0
pse,2011,95725.0
pse,2012,96772.0
pse,2013,111582.0
pse,2014,127440.0
pse,2015,134876.0
pyf,1971,6512.0
pyf,1972,6688.0
pyf,1973,7520.0
pyf,1974,7700.0
pyf,1975,7939.0
pyf,1976,8117.0
pyf,1977,8265.0
pyf,1980,9142.0
pyf,1981,9250.0
pyf,1982,9354.0
pyf,1983,10485.0
pyf,1984,11256.0
pyf,1985,11937.0
pyf,1988,13995.0
pyf,1989,14673.0
pyf,1990,15979.0
pyf,1991,15860.0
pyf,1992,16160.0
pyf,1993,16472.0
pyf,1994,16510.0
pyf,1995,16545.0
pyf,1996,16049.0
qat,1971,686.0
qat,1972,979.0
qat,1973,1034.0
qat,1974,1039.0
qat,1975,1236.0
qat,1976,1434.0
qat,1977,2098.0
qat,1978,1750.0
qat,1979,1971.0
qat,1980,2259.0
qat,1981,2587.0
qat,1982,3301.0
qat,1983,3178.0
qat,1984,3559.0
qat,1985,3461.0
qat,1986,4859.0
qat,1987,4594.0
qat,1988,5175.0
qat,1989,5748.0
qat,1990,6105.0
qat,1991,5230.0
qat,1992,5684.0
qat,1993,5905.0
qat,1994,6756.0
qat,1995,6786.0
qat,1996,7018.0
qat,1997,7642.0
qat,1998,8201.0
qat,1999,7961.0
qat,2000,8830.0
qat,2001,9291.0
qat,2002,10542.0
qat,2003,11638.0
qat,2004,11752.0
qat,2005,13667.0
qat,2006,15776.0
qat,2007,17415.0
qat,2008,22289.0
qat,2009,25384.0
qat,2011,29516.0
qat,2013,33204.0
qat,2014,37821.0
qat,2015,42615.0
rou,1971,448244.0
rou,1972,506435.0
rou,1973,591670.0
rou,1974,704940.0
rou,1975,770016.0
rou,1976,812420.0
rou,1977,825028.0
rou,1978,837884.0
rou,1979,872374.0
rou,1980,911746.0
rou,1981,935711.0
rou,1982,931217.0
rou,1983,902608.0
rou,1984,893101.0
rou,1985,886199.0
rou,1986,864332.0
rou,1987,836225.0
rou,1988,828079.0
rou,1989,831108.0
rou,1990,835890.0
rou,1991,752141.0
rou,1992,742232.0
rou,1993,752063.0
rou,1994,712136.0
rou,1995,715514.0
rou,1996,697888.0
rou,1997,659226.0
rou,1998,623553.0
rou,1999,624778.0
rou,2000,616313.0
rou,2001,611036.0
rou,2002,616014.0
rou,2003,629703.0
rou,2004,636709.0
rou,2005,644911.0
rou,2006,648338.0
rou,2007,648862.0
rou,2008,650324.0
rou,2009,652855.0
rou,2010,666123.0
rou,2011,673736.0
rou,2012,673641.0
rou,2013,581144.0
rou,2014,568659.0
rou,2015,559565.0
rus,1981,5703000.0
rus,1986,6488000.0
rus,1989,7083000.0
rus,1990,7133000.0
rus,1991,7042000.0
rus,1992,6882000.0
rus,1993,6763000.0
rus,1994,5696000.0
rus,1995,5584000.0
rus,2000,3470900.0
rus,2003,3434238.0
rus,2004,3518652.0
rus,2005,3512630.0
rus,2006,3597037.0
rus,2007,3766847.0
rus,2008,4105364.0
rus,2009,4266629.0
rus,2011,4494547.0
rus,2012,4727195.0
rus,2013,5030977.0
rus,2014,5397301.0
rus,2015,5776033.0
rwa,2001,18399.0
rwa,2008,145409.0
rwa,2009,150000.0
rwa,2010,96934.0
rwa,2011,111875.0
rwa,2012,130403.0
rwa,2013,142471.0
rwa,2014,159291.0
rwa,2015,183658.0
sas,1970,3037953.75
sas,1971,3114206.25
sas,1972,3252990.5
sas,1973,3378897.25
sas,1974,3602670.0
sas,1975,3814006.0
sas,1976,4058905.25
sas,1977,4366668.0
sas,1978,4596666.0
sas,1979,4897618.5
sas,1980,5220796.0
sas,1981,5573789.5
sas,1982,5746862.5
sas,1983,6252183.0
sas,1984,6534558.5
sas,1985,6886253.5
sas,1986,7411081.5
sas,1987,7789363.0
sas,1988,8274581.5
sas,1989,8296015.5
sas,1990,8203586.0
sas,1991,8348503.5
sas,1992,8287988.0
sas,1993,8318615.0
sas,1994,8761580.0
sas,1995,8810749.0
sas,1996,8719245.0
sas,1997,8826683.0
sas,1998,11228091.0
sas,1999,10372004.0
sas,2000,9967108.0
sas,2001,9511786.0
sas,2002,10207978.0
sas,2003,10350729.0
sas,2004,10298031.0
sas,2005,10762823.0
sas,2006,12931056.0
sas,2007,13830149.0
sas,2008,15792818.0
sas,2009,14807442.0
sas,2010,14803136.0
sas,2011,16392338.0
sas,2012,16967532.0
sas,2013,18803930.0
sas,2014,18267158.0
sau,1979,22744.0
sau,2005,176231.0
sau,2007,179347.0
sau,2008,182288.0
sau,2009,185681.0
sau,2010,190462.0
sau,2011,209508.0
sau,2012,241831.0
sau,2013,246385.0
sau,2014,305517.0
sau,2015,330359.0
sdn,2001,334655.0
sdn,2002,341655.0
sdn,2003,409092.0
sdn,2004,411681.0
sdn,2005,416050.0
sdn,2006,471189.0
sdn,2007,470928.0
sdn,2008,555221.0
sdn,2009,725613.0
sdn,2010,659038.0
sdn,2011,749981.0
sdn,2012,816074.0
sdn,2013,927379.0
sen,1979,5636.0
sen,1980,6119.0
sen,1981,8445.0
sen,1982,8515.0
sen,1983,9164.0
sen,1984,9414.0
sen,1985,10124.0
sen,1986,12764.0
sen,1987,13160.0
sen,1988,14502.0
sen,1989,15306.0
sen,1990,15964.0
sen,1991,17042.0
sen,1992,17432.0
sen,1993,17592.0
sen,1994,17305.0
sen,1996,19233.0
sen,1997,18513.0
sen,1998,19880.0
sen,1999,24299.0
sen,2000,25392.0
sen,2001,31650.0
sen,2002,28663.0
sen,2003,29789.0
sen,2004,54837.0
sen,2005,78812.0
sen,2006,94807.0
sen,2007,99038.0
sen,2008,114618.0
sen,2009,126403.0
sen,2010,146838.0
sen,2011,160687.0
sen,2012,174855.0
sen,2013,191361.0
sen,2014,199024.0
sen,2015,208520.0
sgp,1970,4822.0
sgp,1971,5055.0
sgp,1972,5533.0
sgp,1973,5315.0
sgp,1974,5142.0
sgp,1975,4883.0
sgp,1976,5015.0
sgp,1977,5674.0
sgp,1978,6274.0
sgp,1979,11529.0
sgp,1980,11142.0
sgp,1982,12228.0
sgp,1983,13142.0
sgp,1984,14749.0
sgp,1985,15658.0
sgp,1986,16268.0
sgp,1987,17554.0
sgp,1988,17508.0
sgp,1989,17858.0
slb,1970,50.0
slb,1990,10122.0
slb,1991,11259.0
slb,1992,12705.0
slb,1993,12839.0
slb,1994,12627.0
slb,1995,13638.0
slb,1996,14137.0
slb,1997,13863.0
slb,2000,13112.0
slb,2002,15850.0
slb,2006,20384.0
slb,2007,21462.0
slb,2008,19627.0
slb,2009,22039.0
slb,2010,46516.0
slb,2011,46983.0
slb,2012,44438.0
slb,2013,45009.0
slb,2014,47309.0
slb,2015,48509.0
sle,2000,16520.0
sle,2001,17162.0
sle,2011,37351.0
sle,2012,49006.0
sle,2013,54138.0
sle,2015,59642.0
slv,1970,24211.0
slv,1971,26992.0
slv,1972,26034.0
slv,1973,30243.0
slv,1974,37939.0
slv,1975,42227.0
slv,1976,40006.0
slv,1978,47898.0
slv,1980,48684.0
slv,1981,44834.0
slv,1982,55763.0
slv,1983,60805.0
slv,1984,61223.0
slv,1987,68456.0
slv,1988,72238.0
slv,1991,83865.0
slv,1992,97700.0
slv,1993,113440.0
slv,1994,118182.0
slv,1995,134074.0
slv,1996,150749.0
slv,1997,179046.0
slv,1998,181135.0
slv,1999,194043.0
slv,2000,203133.0
slv,2001,214089.0
slv,2002,228064.0
slv,2003,236336.0
slv,2004,245918.0
slv,2005,242482.0
slv,2006,239638.0
slv,2007,229539.0
slv,2008,223920.0
slv,2009,215836.0
slv,2010,227253.0
slv,2011,224127.0
slv,2012,223405.0
slv,2013,227812.0
slv,2014,232850.0
slv,2015,230056.0
smr,1971,684.0
smr,1972,718.0
smr,1973,742.0
smr,1974,730.0
smr,1975,704.0
smr,1976,735.0
smr,1977,731.0
smr,1978,760.0
smr,1979,732.0
smr,1980,763.0
smr,1981,877.0
smr,1982,864.0
smr,1983,866.0
smr,1984,848.0
smr,1985,839.0
smr,1986,814.0
smr,1987,816.0
smr,1988,823.0
smr,1989,793.0
smr,1990,773.0
smr,1991,759.0
smr,1992,750.0
smr,1993,785.0
smr,1994,811.0
smr,1996,867.0
smr,1997,854.0
smr,2000,962.0
smr,2004,1075.0
smr,2008,1028.0
smr,2009,1048.0
smr,2010,1033.0
smr,2011,1056.0
smr,2012,1102.0
som,1971,595.0
som,1972,758.0
som,1973,1138.0
som,1974,1240.0
som,1976,1080.0
som,1977,1206.0
som,1978,1645.0
som,1979,5296.0
som,1980,2073.0
som,1981,2089.0
som,1982,1752.0
som,1983,1938.0
som,1984,1201.0
som,1985,1370.0
som,1986,1558.0
srb,1999,174959.0
srb,2000,164749.0
srb,2001,167745.0
srb,2002,168078.0
srb,2003,162825.0
srb,2004,161938.0
srb,2005,162256.0
srb,2006,167441.0
srb,2007,150651.0
srb,2008,154444.0
srb,2009,157566.0
srb,2010,157693.0
srb,2011,153257.0
srb,2012,155526.0
srb,2013,156890.0
srb,2014,157355.0
srb,2015,154304.0
ssa,1973,2470965.25
ssa,1974,2553434.75
ssa,1975,2646911.0
ssa,1976,2760172.5
ssa,1977,2888907.0
ssa,1978,3029467.75
ssa,1979,3152951.0
ssa,1980,3284048.5
ssa,1981,3354536.0
ssa,1982,3405192.25
ssa,1983,3395834.0
ssa,1984,3453049.75
ssa,1985,3510530.25
ssa,1986,3681780.0
ssa,1987,3947722.75
ssa,1988,4145950.75
ssa,1989,4276254.0
ssa,1990,4395990.0
ssa,1991,4492598.0
ssa,1992,4634831.5
ssa,1993,4721284.5
ssa,1994,4842070.5
ssa,1995,4982788.5
ssa,1996,5239979.0
ssa,1997,5440808.5
ssa,1998,5930777.0
ssa,1999,6000609.5
ssa,2000,6616275.5
ssa,2001,7048060.5
ssa,2002,7988863.0
ssa,2003,8941052.0
ssa,2004,9988423.0
ssa,2005,10817095.0
ssa,2006,12039935.0
ssa,2007,11027944.0
ssa,2008,11208726.0
ssa,2009,12186879.0
ssa,2010,12705582.0
ssa,2011,13359584.0
ssa,2012,15117064.0
ssa,2013,16048546.0
ssa,2014,17962664.0
ssd,2011,55857.0
ssd,2015,110824.0
ssf,1973,2472507.25
ssf,1974,2554994.75
ssf,1975,2648569.25
ssf,1976,2761959.5
ssf,1977,2890866.75
ssf,1978,3031597.75
ssf,1979,3154756.0
ssf,1980,3286616.5
ssf,1981,3357878.0
ssf,1982,3408718.25
ssf,1983,3398751.0
ssf,1984,3456159.75
ssf,1985,3513710.25
ssf,1986,3685110.0
ssf,1987,3950939.75
ssf,1988,4149193.75
ssf,1989,4279710.0
ssf,1990,4399402.0
ssf,1991,4495855.0
ssf,1992,4638030.5
ssf,1993,4724409.5
ssf,1994,4845237.5
ssf,1995,4986038.5
ssf,1996,5243241.0
ssf,1997,5444050.5
ssf,1998,5934081.0
ssf,1999,6003821.5
ssf,2000,6619340.5
ssf,2001,7050835.5
ssf,2002,7991668.0
ssf,2003,8943715.0
ssf,2004,9991261.0
ssf,2005,10819933.0
ssf,2006,12042774.0
ssf,2007,11030779.0
ssf,2008,11211648.0
ssf,2009,12189807.0
ssf,2010,12708517.0
ssf,2011,13362500.0
ssf,2012,15120065.0
ssf,2013,16051486.0
ssf,2014,17965694.0
stp,1971,224.0
stp,1972,200.0
stp,1977,1627.0
stp,1978,1318.0
stp,1980,1546.0
stp,1981,2430.0
stp,1982,2664.0
stp,1983,2842.0
stp,1984,2998.0
stp,1985,3023.0
stp,1987,3240.0
stp,1988,3442.0
stp,1990,3446.0
stp,1999,3907.0
stp,2001,4431.0
stp,2002,4677.0
stp,2003,4376.0
stp,2004,5193.0
stp,2005,5424.0
stp,2007,5999.0
stp,2008,6382.0
stp,2009,7027.0
stp,2010,6309.0
stp,2011,8591.0
stp,2012,8510.0
stp,2013,7881.0
stp,2014,7009.0
stp,2015,8610.0
stp,2016,9227.0
sur,1971,19942.0
sur,1972,20360.0
sur,1973,18936.0
sur,1974,20162.0
sur,1975,20307.0
sur,1976,17581.0
sur,1977,20384.0
sur,1978,20979.0
sur,1979,19782.0
sur,1980,18191.0
sur,1981,17314.0
sur,1985,16935.0
sur,1986,17226.0
sur,1987,16570.0
sur,1988,17093.0
sur,1989,18449.0
sur,1990,16711.0
sur,1991,16968.0
sur,1992,17827.0
sur,1993,18720.0
sur,1994,20979.0
sur,1999,14515.0
sur,2001,15650.0
sur,2002,16901.0
sur,2005,16990.0
sur,2006,16190.0
sur,2007,16292.0
sur,2008,17467.0
sur,2009,17695.0
sur,2010,15657.0
sur,2011,15842.0
sur,2012,17462.0
sur,2013,18470.0
sur,2014,18283.0
sur,2015,18162.0
svk,1981,231155.0
svk,1984,246647.0
svk,1986,249448.0
svk,1989,246753.0
svk,1991,216336.0
svk,1992,189266.0
svk,1993,188502.0
svk,1994,183872.0
svk,1995,174436.0
svk,1996,163710.0
svk,1997,170138.0
svk,1998,170030.0
svk,1999,169393.0
svk,2000,163991.0
svk,2001,156419.0
svk,2002,152796.0
svk,2003,153212.0
svk,2004,153685.0
svk,2005,152542.0
svk,2006,144971.0
svk,2007,143725.0
svk,2008,143263.0
svk,2009,142175.0
svk,2010,143167.0
svk,2011,143782.0
svk,2012,149082.0
svk,2013,154680.0
svk,2014,158195.0
svk,2015,161906.0
svn,1981,61432.0
svn,1982,65289.0
svn,1983,68599.0
svn,1984,70488.0
svn,1985,71926.0
svn,1986,68544.0
svn,1987,69459.0
svn,1988,71136.0
svn,1989,68976.0
svn,1990,67925.0
svn,1991,66484.0
svn,1992,56081.0
svn,1993,53543.0
svn,1994,55460.0
svn,1995,55233.0
svn,1996,54716.0
svn,1997,54191.0
svn,1998,52248.0
svn,1999,58672.0
svn,2000,58223.0
svn,2001,55730.0
svn,2002,53246.0
svn,2003,48495.0
svn,2004,41418.0
svn,2005,41658.0
svn,2006,43464.0
svn,2007,43227.0
svn,2008,44885.0
svn,2009,46469.0
svn,2010,49234.0
svn,2011,52224.0
svn,2012,56392.0
svn,2013,58234.0
svn,2014,59733.0
swe,1973,141043.0
swe,1975,158994.0
swe,1976,206726.0
swe,1977,224878.0
swe,1978,218957.0
swe,1979,216932.0
swe,1980,217566.0
swe,1981,226571.0
swe,1982,234408.0
swe,1983,239619.0
swe,1984,244143.0
swe,1985,216265.0
swe,1986,224161.0
swe,1987,228055.0
swe,1988,233202.0
swe,1989,240216.0
swe,1990,251990.0
swe,1991,262320.0
swe,1992,283506.0
swe,1993,283860.0
swe,1994,295529.0
swe,1995,312978.0
swe,1996,340163.0
swe,1997,345045.0
swe,1998,347163.0
swe,1999,360382.0
swe,2000,340950.0
swe,2001,329820.0
swe,2002,317788.0
swe,2003,320967.0
swe,2004,329318.0
swe,2005,333922.0
swe,2006,333021.0
swe,2007,357965.0
swe,2008,372780.0
swe,2009,386389.0
swe,2010,398980.0
swe,2011,408994.0
swe,2012,419238.0
swe,2013,429668.0
swe,2014,441084.0
swe,2015,442926.0
swz,1976,1605.0
swz,1978,1880.0
swz,1990,12000.0
swz,1993,19182.0
swz,2010,20755.0
swz,2011,24139.0
sxm,2012,2220.0
sxm,2014,1148.0
syc,1973,1542.0
syc,1974,1560.0
syc,1976,1787.0
syc,1978,2130.0
syc,1979,1805.0
syc,1980,2568.0
syc,1981,3342.0
syc,1982,3526.0
syc,1983,2917.0
syc,1984,3110.0
syc,1985,3180.0
syc,1986,3330.0
syc,1987,3217.0
syc,1988,3243.0
syc,1989,3456.0
syc,1990,3412.0
syc,1991,3257.0
syc,1992,3199.0
syc,1993,3125.0
syc,1994,3167.0
syc,1995,3250.0
syc,1996,3262.0
syc,1997,3242.0
syc,1998,3304.0
syc,1999,3212.0
syc,2000,3065.0
syc,2001,2775.0
syc,2002,2805.0
syc,2003,2663.0
syc,2004,2838.0
syc,2005,2826.0
syc,2006,2823.0
syc,2007,2835.0
syc,2008,2923.0
syc,2009,2928.0
syc,2010,2935.0
syc,2011,2916.0
syc,2012,3001.0
syc,2013,2940.0
syc,2014,3030.0
syc,2015,2986.0
syr,1971,26438.0
syr,1972,27490.0
syr,1973,29830.0
syr,1974,28563.0
syr,1975,32948.0
syr,1976,33477.0
syr,1977,36679.0
syr,1978,32633.0
syr,1979,33429.0
syr,1980,32539.0
syr,1981,33611.0
syr,1982,37703.0
syr,1983,45197.0
syr,1984,52228.0
syr,1985,59929.0
syr,1986,61988.0
syr,1987,70819.0
syr,1988,75396.0
syr,1989,75374.0
syr,1990,84763.0
syr,1991,83552.0
syr,1992,86006.0
syr,1993,90439.0
syr,1994,90530.0
syr,1995,90681.0
syr,1996,92470.0
syr,1997,98151.0
syr,1998,101322.0
syr,1999,108319.0
syr,2000,115613.0
syr,2001,121289.0
syr,2002,126523.0
syr,2003,138537.0
syr,2004,146403.0
syr,2005,149811.0
syr,2006,155481.0
syr,2007,145781.0
syr,2008,150235.0
syr,2009,145416.0
syr,2010,149110.0
syr,2011,171506.0
syr,2012,168248.0
syr,2013,86657.0
tca,1976,95.0
tca,1997,797.0
tca,1999,813.0
tca,2000,951.0
tca,2001,1020.0
tca,2002,886.0
tca,2003,825.0
tca,2004,886.0
tca,2005,1083.0
tca,2009,1174.0
tca,2014,1056.0
tca,2015,1151.0
tcd,1972,1152.0
tcd,1995,1673.0
tcd,2010,21209.0
tcd,2011,22347.0
tcd,2012,19099.0
tcd,2013,10928.0
tgo,1971,9414.0
tgo,1972,6129.0
tgo,1973,7110.0
tgo,1974,7273.0
tgo,1975,6242.0
tgo,1976,6723.0
tgo,1977,5458.0
tgo,1978,6124.0
tgo,1979,6973.0
tgo,1980,6484.0
tgo,1981,7726.0
tgo,1982,9000.0
tgo,1983,9393.0
tgo,1984,9248.0
tgo,1985,9279.0
tgo,1986,9740.0
tgo,1987,9844.0
tgo,1988,10483.0
tgo,1989,9772.0
tgo,1990,10200.0
tgo,1991,10949.0
tgo,1994,10526.0
tgo,1995,10098.0
tgo,1996,10354.0
tgo,1997,10489.0
tgo,1998,10532.0
tgo,1999,11241.0
tgo,2000,9432.0
tgo,2001,10484.0
tgo,2002,12094.0
tgo,2003,12773.0
tgo,2004,15085.0
tgo,2006,19973.0
tgo,2007,22559.0
tgo,2008,26050.0
tgo,2009,41057.0
tgo,2010,42890.0
tgo,2011,55120.0
tgo,2012,66018.0
tgo,2013,86680.0
tgo,2014,96957.0
tgo,2015,115105.0
tha,1971,134355.0
tha,1972,135929.0
tha,1973,153573.0
tha,1974,166865.0
tha,1975,188767.0
tha,1976,214620.0
tha,1977,243041.0
tha,1978,262184.0
tha,1979,278339.0
tha,1980,318128.0
tha,1981,367313.0
tha,1982,379400.0
tha,1983,414470.0
tha,1984,471597.0
tha,1985,532097.0
tha,1986,672080.0
tha,1987,1009131.0
tha,1988,1157791.0
tha,1989,1382812.0
tha,1990,1402443.0
tha,1991,1463660.0
tha,1992,1528525.0
tha,1993,1678350.0
tha,1994,1954060.0
tha,1995,2121294.0
tha,1996,1911265.0
tha,1997,2025684.0
tha,2014,1737040.0
tha,2015,1636244.0
tjk,1981,61558.0
tjk,1991,150865.0
tjk,1992,141496.0
tjk,1993,115354.0
tjk,1994,114380.0
tjk,1995,108888.0
tjk,1996,78027.0
tjk,1997,71296.0
tjk,1998,61600.0
tjk,1999,56025.0
tjk,2000,51614.0
tjk,2001,53409.0
tjk,2002,57812.0
tjk,2003,59763.0
tjk,2004,62950.0
tjk,2005,61893.0
tjk,2006,61910.0
tjk,2007,61236.0
tjk,2008,60851.0
tjk,2009,59601.0
tjk,2010,58075.0
tjk,2011,62451.0
tjk,2013,74448.0
tjk,2015,85777.0
tjk,2016,92024.0
tkm,2014,188518.0
tls,2002,3935.0
tls,2005,6987.0
tls,2013,13056.0
tls,2014,16206.0
tls,2015,18983.0
ton,1975,568.0
ton,1998,1124.0
ton,1999,1559.0
ton,2004,1128.0
ton,2012,1921.0
ton,2014,2066.0
tto,1990,5049.0
tto,2000,22598.0
tto,2001,22741.0
tto,2003,27655.0
tto,2004,29905.0
tto,2005,30478.0
tto,2007,29585.0
tun,1988,39819.0
tun,1990,43765.0
tun,1992,58488.0
tun,1996,68108.0
tun,1998,75048.0
tun,1999,78012.0
tun,2000,85540.0
tun,2001,89489.0
tun,2002,103321.0
tun,2013,211934.0
tun,2014,225967.0
tun,2015,238208.0
tur,1971,4201.0
tur,1972,5599.0
tur,1973,5899.0
tur,1974,5727.0
tur,1975,4943.0
tur,1978,4855.0
tur,1979,5105.0
tur,1981,4691.0
tur,1982,5582.0
tur,1983,5725.0
tur,1984,6103.0
tur,1985,82598.0
tur,1986,117819.0
tur,1987,104313.0
tur,1988,103204.0
tur,1989,105924.0
tur,1990,112053.0
tur,1991,119819.0
tur,1992,132724.0
tur,1993,136117.0
tur,1994,143349.0
tur,1995,148088.0
tur,1997,174710.0
tur,1998,182443.0
tur,1999,261159.0
tur,2000,251596.0
tur,2001,258706.0
tur,2002,289118.0
tur,2003,320038.0
tur,2004,358499.0
tur,2005,434771.0
tur,2006,550146.0
tur,2007,640849.0
tur,2008,701762.0
tur,2009,804765.0
tur,2010,980654.0
tur,2011,1115818.0
tur,2012,1169556.0
tur,2013,1077933.0
tur,2014,1059495.0
tur,2015,1156661.0
tuv,1998,669.0
tuv,2001,707.0
tuv,2004,727.0
tuv,2005,630.0
tuv,2006,711.0
tuv,2014,748.0
tuv,2015,758.0
tza,2004,554835.0
tza,2005,638591.0
tza,2006,669137.0
tza,2007,795011.0
tza,2008,895677.0
tza,2009,896146.0
tza,2010,925465.0
tza,2011,1034729.0
tza,2012,1034729.0
tza,2013,1026466.0
tza,2014,1046369.0
tza,2015,1069823.0
uga,2007,347900.0
uga,2008,417386.0
uga,2010,498644.0
uga,2012,356903.0
uga,2013,430425.0
uga,2014,433258.0
uga,2015,477123.0
ukr,1971,1208200.0
ukr,1972,1310300.0
ukr,1973,1400100.0
ukr,1974,1497300.0
ukr,1975,1778000.0
ukr,1976,1886000.0
ukr,1977,2023100.0
ukr,1978,2224200.0
ukr,1979,2208500.0
ukr,1980,2290700.0
ukr,1981,1779300.0
ukr,1982,1819100.0
ukr,1983,1845800.0
ukr,1984,1881000.0
ukr,1985,1888900.0
ukr,1986,1902600.0
ukr,1987,1917700.0
ukr,1988,1962600.0
ukr,1989,1982000.0
ukr,1990,2000000.0
ukr,1991,1939600.0
ukr,1992,1875000.0
ukr,1993,1663200.0
ukr,1994,1566600.0
ukr,1998,1171800.0
ukr,1999,1102589.0
ukr,2000,1054907.0
ukr,2001,983001.0
ukr,2002,968034.0
ukr,2003,973535.0
ukr,2004,976781.0
ukr,2005,996481.0
ukr,2006,1031701.0
ukr,2007,1080882.0
ukr,2008,1137488.0
ukr,2009,1194546.0
ukr,2010,1213890.0
ukr,2011,1272745.0
ukr,2012,1354394.0
ukr,2013,1198572.0
ukr,2015,1093943.0
umc,1973,13306586.0
umc,1974,13438725.0
umc,1975,14060926.0
umc,1976,18208212.0
umc,1977,26586728.0
umc,1978,22268978.0
umc,1979,22025290.0
umc,1980,23483008.0
umc,1981,26901484.0
umc,1982,26955008.0
umc,1983,28291034.0
umc,1984,29512984.0
umc,1985,31843242.0
umc,1986,34929392.0
umc,1987,38965580.0
umc,1988,41426812.0
umc,1989,42653036.0
umc,1990,43900476.0
umc,1991,44736028.0
umc,1992,47505156.0
umc,1993,49899964.0
umc,1994,50516972.0
umc,1995,51419000.0
umc,1996,51992916.0
umc,1997,51190212.0
umc,1998,49411896.0
umc,1999,47697920.0
umc,2000,47708912.0
umc,2001,47213468.0
umc,2002,45333520.0
umc,2003,46201428.0
umc,2004,47570220.0
umc,2005,48770476.0
umc,2006,50658688.0
umc,2007,50438144.0
umc,2008,52265924.0
umc,2009,54146492.0
umc,2010,56193788.0
umc,2011,59709496.0
umc,2012,65056844.0
umc,2013,68658384.0
umc,2014,71728872.0
umc,2015,74245904.0
ury,1974,39019.0
ury,1975,40239.0
ury,1976,42200.0
ury,1977,42408.0
ury,1978,42510.0
ury,1979,43398.0
ury,1980,42444.0
ury,1981,44415.0
ury,1982,49539.0
ury,1983,53999.0
ury,1984,54454.0
ury,1985,55092.0
ury,1986,55524.0
ury,1987,58915.0
ury,1988,61187.0
ury,1989,65647.0
ury,1990,65802.0
ury,1991,66841.0
ury,1992,68048.0
ury,1993,67209.0
ury,1994,68999.0
ury,1995,69464.0
ury,1996,75580.0
ury,1997,86514.0
ury,1998,94791.0
ury,1999,100297.0
ury,2000,106049.0
ury,2001,106503.0
ury,2002,107667.0
ury,2003,103691.0
ury,2004,105215.0
ury,2005,117385.0
ury,2006,121528.0
ury,2007,122089.0
ury,2008,129943.0
ury,2009,133003.0
ury,2010,131734.0
ury,2013,129203.0
ury,2014,129248.0
usa,1971,4300000.0
usa,1972,4148000.0
usa,1974,4400000.0
usa,1976,5141000.0
usa,1977,5016000.0
usa,1978,4800000.0
usa,1979,4800000.0
usa,1980,4800000.0
usa,1981,5163000.0
usa,1982,5219000.0
usa,1983,5452000.0
usa,1984,5711000.0
usa,1985,5838000.0
usa,1986,6306000.0
usa,1987,6515000.0
usa,1988,6604923.0
usa,1989,6596341.0
usa,1990,6745156.0
usa,1991,7300000.0
usa,1995,8231069.0
usa,1996,8470918.0
usa,1998,7099603.0
usa,1999,7183122.0
usa,2000,7110066.0
usa,2001,7538720.0
usa,2002,7667685.0
usa,2003,7242728.0
usa,2004,7435568.0
usa,2005,8260708.0
usa,2010,8503214.0
usa,2011,8609318.0
usa,2012,8726647.0
usa,2013,8721128.0
usa,2014,8762260.0
usa,2015,8654969.0
uzb,1981,915200.0
uzb,1986,1095600.0
uzb,1989,1262700.0
uzb,1990,1313500.0
uzb,1991,1349300.0
uzb,1992,1339400.0
uzb,1993,1211200.0
uzb,1994,1166500.0
uzb,1995,1071200.0
uzb,1996,956700.0
uzb,1997,758100.0
uzb,1998,681200.0
uzb,1999,615795.0
uzb,2000,608517.0
uzb,2001,624652.0
uzb,2002,642487.0
uzb,2003,631146.0
uzb,2004,591713.0
uzb,2005,575093.0
uzb,2006,565564.0
uzb,2007,562218.0
uzb,2008,553550.0
uzb,2009,530436.0
uzb,2010,526850.0
uzb,2011,522945.0
uzb,2012,533677.0
uzb,2013,549762.0
uzb,2014,575805.0
uzb,2015,620769.0
uzb,2016,634052.0
vct,1982,967.0
vct,1987,2150.0
vct,1991,2492.0
vct,1994,2500.0
vct,2004,3861.0
vct,2009,2925.0
vct,2013,2871.0
vct,2014,2537.0
vct,2015,3342.0
ven,1971,50159.0
ven,1972,71853.0
ven,1973,86247.0
ven,1974,93113.0
ven,1975,152266.0
ven,1976,224600.0
ven,1977,284957.0
ven,1978,329019.0
ven,1979,328927.0
ven,1980,344287.0
ven,1981,421183.0
ven,1982,461017.0
ven,1983,499093.0
ven,1984,523318.0
ven,1985,546221.0
ven,1986,561846.0
ven,1987,549376.0
ven,1988,552907.0
ven,1989,555933.0
ven,1990,570615.0
ven,1991,634812.0
ven,1992,674644.0
ven,1993,683495.0
ven,1994,695320.0
ven,1995,716529.0
ven,1996,696362.0
ven,1997,738845.0
ven,1998,759372.0
ven,1999,737967.0
ven,2000,800885.0
ven,2001,835074.0
ven,2002,863364.0
ven,2003,884175.0
ven,2004,914920.0
ven,2005,974958.0
ven,2006,1010946.0
ven,2007,1047811.0
ven,2008,1183816.0
ven,2009,1328134.0
ven,2010,1269144.0
ven,2011,1287156.0
ven,2012,1270218.0
ven,2013,1329086.0
ven,2014,1288344.0
ven,2015,1330694.0
vgb,1975,91.0
vgb,1976,155.0
vgb,1979,235.0
vgb,1981,299.0
vgb,1983,184.0
vgb,1984,190.0
vgb,1985,226.0
vgb,1990,232.0
vgb,1991,228.0
vgb,1992,320.0
vgb,1995,482.0
vgb,1999,455.0
vgb,2000,551.0
vgb,2001,571.0
vgb,2002,628.0
vgb,2003,629.0
vgb,2004,663.0
vgb,2005,638.0
vgb,2006,653.0
vgb,2009,726.0
vgb,2011,853.0
vgb,2014,891.0
vgb,2015,858.0
vir,1971,1156.0
vir,1972,1258.0
vir,1973,1327.0
vir,1974,1478.0
vir,1980,2450.0
vir,1981,2561.0
vir,1982,2631.0
vir,1983,2556.0
vir,1984,2526.0
vir,1985,2668.0
vir,1986,2656.0
vir,1991,2595.0
vir,1992,2600.0
vir,1993,2606.0
vnm,1977,907239.0
vnm,1978,1102363.0
vnm,1979,1178246.0
vnm,1980,1580842.0
vnm,1981,1595724.0
vnm,1982,1527000.0
vnm,1983,1468000.0
vnm,1985,1630321.0
vnm,1986,1701681.0
vnm,1987,1667888.0
vnm,1988,1851597.0
vnm,1989,1801806.0
vnm,1990,1667888.0
vnm,1991,1534900.0
vnm,1992,1496100.0
vnm,1993,1521000.0
vnm,1994,1655500.0
vnm,1995,1840800.0
vnm,1996,1931611.0
vnm,1997,2092700.0
vnm,1998,2165946.0
vnm,1999,2179349.0
vnm,2000,2124142.0
vnm,2001,2113594.0
vnm,2002,2120345.0
vnm,2003,2143881.0
vnm,2004,2175053.0
vnm,2005,2332658.0
vnm,2006,2511239.0
vnm,2007,2617167.0
vnm,2008,2687037.0
vnm,2009,2810625.0
vnm,2010,2901633.0
vnm,2011,3070794.0
vnm,2012,3320328.0
vnm,2013,3551082.0
vnm,2014,3614066.0
vnm,2015,3754975.0
vut,1970,336.0
vut,1971,341.0
vut,1972,487.0
vut,1973,471.0
vut,1974,577.0
vut,1976,1076.0
vut,1977,1273.0
vut,1978,1307.0
vut,1980,1187.0
vut,1981,1092.0
vut,1992,5178.0
vut,1998,8169.0
vut,1999,8169.0
vut,2001,8710.0
vut,2005,13296.0
vut,2006,13863.0
vut,2007,11312.0
vut,2008,11663.0
vut,2009,11036.0
vut,2010,11264.0
vut,2013,13343.0
vut,2015,14301.0
wld,1970,43644360.0
wld,1971,43710812.0
wld,1972,44065544.0
wld,1973,45058368.0
wld,1974,46407488.0
wld,1975,48627088.0
wld,1976,54050760.0
wld,1977,63212460.0
wld,1978,59651544.0
wld,1979,60095088.0
wld,1980,62741312.0
wld,1981,66661116.0
wld,1982,67367152.0
wld,1983,69525176.0
wld,1984,71837624.0
wld,1985,75106936.0
wld,1986,79794696.0
wld,1987,84988544.0
wld,1988,88977552.0
wld,1989,90691672.0
wld,1990,92406880.0
wld,1991,94145432.0
wld,1992,97178824.0
wld,1993,99849616.0
wld,1994,101315384.0
wld,1995,102741008.0
wld,1996,103871112.0
wld,1997,102906752.0
wld,1998,104505120.0
wld,1999,100885656.0
wld,2000,100890712.0
wld,2001,100713848.0
wld,2002,100422656.0
wld,2003,102008568.0
wld,2004,104233984.0
wld,2005,108180352.0
wld,2006,114013480.0
wld,2007,116381320.0
wld,2008,121536160.0
wld,2009,124673864.0
wld,2010,128015840.0
wld,2011,135820864.0
wld,2012,146445280.0
wld,2013,154829968.0
wld,2014,161604320.0
wld,2015,165846352.0
wsm,1970,80.0
wsm,1973,1493.0
wsm,1974,1830.0
wsm,1975,1926.0
wsm,1976,2113.0
wsm,1992,1188.0
wsm,1995,2347.0
wsm,1996,3143.0
wsm,1998,5417.0
wsm,1999,5108.0
wsm,2000,5392.0
wsm,2001,5348.0
wsm,2007,4578.0
wsm,2008,4101.0
wsm,2009,4080.0
wsm,2010,3514.0
wsm,2011,3924.0
wsm,2012,3498.0
wsm,2014,3787.0
wsm,2015,4131.0
yem,1991,10067.0
yem,1992,10283.0
yem,1994,11999.0
yem,1996,11167.0
yem,1999,12482.0
yem,2001,10778.0
yem,2003,14771.0
yem,2004,15304.0
yem,2005,17993.0
yem,2008,23802.0
yem,2010,25781.0
yem,2011,30137.0
yem,2013,29459.0
zaf,1994,286663.0
zaf,1996,329070.0
zaf,1998,248469.0
zaf,1999,207123.0
zaf,2000,320637.0
zaf,2001,359094.0
zaf,2002,317537.0
zaf,2003,344932.0
zaf,2004,386539.0
zaf,2005,438838.0
zaf,2006,473549.0
zaf,2007,521895.0
zaf,2008,583424.0
zaf,2009,666998.0
zaf,2010,756822.0
zaf,2011,753131.0
zaf,2012,815935.0
zaf,2013,822731.0
zaf,2014,856764.0
zmb,1979,6022.0
zwe,1995,365058.0
zwe,1998,405157.0
zwe,2000,437454.0
zwe,2002,403970.0
zwe,2003,448124.0
zwe,2012,352946.0
zwe,2013,374125.0
