country,year,uis_nira_1
abw,1999,95.5310974121094
abw,2000,98.5504379272461
abw,2001,76.7772521972656
abw,2002,83.7993927001953
abw,2003,81.466667175293
abw,2004,79.0659637451172
abw,2005,94.9435882568359
abw,2006,95.5303421020508
abw,2007,96.0468826293945
abw,2008,97.2073593139648
abw,2009,92.6158218383789
abw,2010,96.9653167724609
afg,1974,23.5892696380615
afg,1993,19.8518695831299
ago,1982,22.9983806610107
ago,1983,22.3427505493164
ago,1998,34.5073318481445
ago,2008,60.8125801086426
ago,2009,60.4866714477539
ago,2010,61.9075508117676
ago,2011,61.8046989440918
alb,1999,85.2232971191406
alb,2000,84.6130523681641
alb,2001,81.5069580078125
alb,2003,88.1350326538086
alb,2004,85.6052169799805
alb,2008,84.6282501220703
alb,2009,70.8936462402344
alb,2010,79.5673904418945
alb,2011,79.6476516723633
alb,2012,83.7297973632813
arb,1970,52.4489212036133
arb,1971,52.4897499084473
arb,1972,52.6355934143066
arb,1973,53.3269996643066
arb,1974,54.1846542358398
arb,1975,54.8656272888184
arb,1976,58.7016258239746
arb,1977,58.8769645690918
arb,1978,59.452522277832
arb,1979,62.7763748168945
arb,1980,62.5595664978027
arb,1981,62.5943298339844
arb,1982,62.4472923278809
arb,1983,63.4091377258301
arb,1984,65.8373794555664
arb,1985,64.6130905151367
arb,1986,65.9268951416016
arb,1987,66.775634765625
arb,1988,66.4473495483398
arb,1989,66.9318313598633
arb,1990,67.0804443359375
arb,1991,67.5087051391602
arb,1992,67.6532821655273
arb,1993,67.4446868896484
arb,1994,68.6522674560547
arb,1995,69.2080154418945
arb,1996,68.6516799926758
arb,1997,69.6115570068359
arb,1998,66.8676376342773
arb,1999,68.3216857910156
arb,2000,70.7375793457031
arb,2001,73.5942001342773
arb,2002,74.9761581420898
arb,2003,75.3285827636719
arb,2004,76.4285125732422
arb,2005,76.1317672729492
arb,2006,75.2225570678711
arb,2007,75.5956954956055
arb,2008,74.8939437866211
arb,2009,74.8145523071289
arb,2010,76.1970443725586
arb,2011,76.474967956543
arb,2012,77.3193664550781
arb,2013,76.5667114257813
arb,2014,76.6205673217773
are,1978,66.6764221191406
are,1980,56.4236297607422
are,1981,66.2776184082031
are,1982,76.5888900756836
are,1983,82.9826583862305
are,1984,80.2846374511719
are,1985,82.6304702758789
are,1986,85.5285186767578
are,1987,86.8655014038086
are,1988,89.7049789428711
are,1989,94.9921798706055
are,1990,92.7512283325195
are,1991,87.1880111694336
are,1992,85.4177322387695
are,1993,85.4382019042969
are,1994,91.8649291992188
are,1995,95.5425796508789
are,1996,93.4129104614258
are,1997,88.3677825927734
are,1998,85.7936782836914
are,1999,85.0662002563477
are,2000,82.2503280639648
are,2001,82.0268707275391
are,2002,86.5787200927734
are,2003,87.8147430419922
are,2004,93.9019927978516
are,2005,96.7373428344727
are,2006,95.1301116943359
are,2007,96.2006225585938
are,2009,94.3709411621094
are,2010,96.6769027709961
are,2011,93.5898208618164
are,2012,93.8444290161133
are,2013,91.1164703369141
arg,1970,98.0250091552734
arg,1974,97.4055099487305
arg,1975,96.5232315063477
arg,1991,92.4672622680664
arg,1998,99.9902877807617
arg,1999,99.1384201049805
arg,2000,99.0622329711914
arg,2001,99.1979370117188
arg,2002,99.0512008666992
arg,2003,98.8659515380859
arg,2004,98.5503921508789
arg,2005,98.7630996704102
arg,2006,98.8531188964844
arg,2007,98.9239730834961
arg,2008,97.9561767578125
arg,2009,98.564323425293
arg,2010,98.2301712036133
arg,2011,98.4511184692383
arg,2012,97.5978622436523
arg,2013,97.4318084716797
arm,2002,81.1837615966797
arm,2003,81.6461791992188
arm,2005,80.572380065918
arm,2006,83.788688659668
arm,2007,87.821418762207
atg,2007,63.6538505554199
atg,2008,68.1553421020508
atg,2009,76.8172912597656
atg,2010,72.667106628418
atg,2011,68.9424362182617
atg,2012,62.8629302978516
atg,2014,89.7119293212891
aus,1971,88.9701995849609
aus,1973,91.3871002197266
aus,1974,90.4136810302734
aus,1975,96.9621734619141
aus,1976,97.3937072753906
aus,1977,99.4656372070313
aus,1978,99.2676620483398
aus,1979,92.2031326293945
aus,1980,90.1582794189453
aus,1981,89.8606109619141
aus,1982,89.657958984375
aus,1983,95.9288787841797
aus,1984,93.3278198242188
aus,1985,94.2012023925781
aus,1986,93.761833190918
aus,1987,92.8994216918945
aus,1988,92.6893768310547
aus,1989,91.2794418334961
aus,1990,89.5373687744141
aus,1991,87.9152374267578
aus,1992,86.583740234375
aus,1993,85.3811187744141
aus,1994,84.6412887573242
aus,1995,72.2227401733398
aus,1996,71.9720306396484
aus,1997,69.0849914550781
aus,1998,68.6167984008789
aus,1999,67.2149200439453
aus,2000,67.1305313110352
aus,2001,65.3531799316406
aus,2002,67.4280700683594
aus,2003,72.042121887207
aus,2004,72.7042007446289
aus,2005,72.8038101196289
aus,2006,72.4818878173828
aus,2007,80.5235290527344
aus,2008,80.7594528198242
aus,2009,80.921257019043
aus,2010,81.7439193725586
aus,2013,83.6890563964844
aut,1989,68.3767395019531
aze,1991,94.7879486083984
aze,1992,92.8121032714844
aze,1993,78.4107208251953
aze,1994,74.6122512817383
aze,1995,95.0523223876953
aze,1996,78.9787979125977
aze,1997,79.1333084106445
aze,1998,82.387809753418
aze,1999,85.9474105834961
aze,2000,85.4396591186523
aze,2001,63.9216384887695
aze,2002,62.2962799072266
aze,2003,64.2031021118164
aze,2004,67.4318771362305
aze,2005,63.9456405639648
aze,2006,65.7823867797852
aze,2007,68.0509185791016
aze,2008,72.5798263549805
aze,2009,72.807487487793
aze,2010,69.4109878540039
aze,2011,79.8896789550781
aze,2012,79.4364395141602
aze,2013,82.0915298461914
aze,2014,79.5513305664063
bdi,1973,16.764310836792
bdi,1978,15.0432596206665
bdi,1980,20.2915191650391
bdi,1981,20.1900596618652
bdi,1982,23.6485900878906
bdi,1983,34.4500694274902
bdi,1984,35.2625198364258
bdi,1985,37.4875717163086
bdi,1986,39.3046798706055
bdi,1987,41.114559173584
bdi,1988,33.2807693481445
bdi,1993,39.380069732666
bdi,2000,35.5451011657715
bdi,2001,38.6737403869629
bdi,2002,41.6411590576172
bdi,2003,49.3095893859863
bdi,2004,47.0025787353516
bdi,2005,49.0999183654785
bdi,2006,71.2420501708984
bdi,2007,79.7811431884766
bdi,2008,90.3838577270508
bdi,2009,79.9389801025391
bdi,2010,95.126953125
bdi,2013,97.4071884155273
bdi,2014,96.9002380371094
bel,1977,98.9061126708984
bel,1979,99.1840591430664
bel,1980,99.4925537109375
bel,1981,96.4032974243164
bel,1982,94.9638290405273
bel,1983,96.4602279663086
bel,1984,96.1011123657227
bel,1985,96.5635070800781
bel,1986,99.3039398193359
bel,1987,98.9116516113281
bel,1988,99.283073425293
bel,1991,91.9540405273438
bel,1992,90.3979797363281
bel,1993,93.8735580444336
bel,1994,94.2219772338867
bel,1995,96.0602035522461
bel,1996,96.5474090576172
bel,1999,95.301628112793
bel,2000,93.7727966308594
bel,2001,91.2164077758789
bel,2002,91.3379364013672
bel,2003,93.5464019775391
bel,2004,94.2055816650391
bel,2005,94.388313293457
bel,2006,94.1465530395508
bel,2007,94.2513198852539
bel,2008,94.0335235595703
bel,2009,93.2143478393555
bel,2010,93.3955383300781
bel,2011,94.5839996337891
bel,2012,95.0431289672852
bel,2013,95.4009780883789
bel,2014,95.905143737793
ben,1984,44.4265098571777
ben,1985,46.636531829834
ben,1986,44.4672584533691
ben,1988,46.9659118652344
ben,1989,48.2741813659668
ben,1990,33.3012008666992
ben,1992,47.8660316467285
ben,1993,51.0771598815918
ben,1994,45.6779708862305
ben,1995,49.5940818786621
ben,1996,52.5665702819824
ben,1997,53.6597785949707
ben,2003,71.6346130371094
ben,2004,74.5257873535156
ben,2005,69.5836486816406
ben,2006,76.2227172851563
ben,2008,92.5366516113281
ben,2009,96.4117126464844
ben,2010,96.1561737060547
ben,2011,94.4740295410156
ben,2012,96.1737365722656
ben,2013,97.3116683959961
bfa,1971,11.8685598373413
bfa,1972,12.2011098861694
bfa,1977,13.075119972229
bfa,1978,15.1017303466797
bfa,1979,15.3786897659302
bfa,1980,17.0399608612061
bfa,1981,18.2203598022461
bfa,1982,20.2926692962646
bfa,1983,21.795919418335
bfa,1984,20.7250804901123
bfa,1985,21.5119705200195
bfa,1986,25.8972206115723
bfa,1987,22.2631206512451
bfa,1988,25.5550994873047
bfa,1989,23.7754707336426
bfa,1991,26.0881099700928
bfa,1992,27.083740234375
bfa,1993,29.5519695281982
bfa,1994,30.4232807159424
bfa,1995,33.7853584289551
bfa,1998,23.4618492126465
bfa,1999,29.2599296569824
bfa,2000,37.5370788574219
bfa,2001,41.186710357666
bfa,2002,40.9409294128418
bfa,2003,40.5976409912109
bfa,2004,53.1089515686035
bfa,2005,61.7759819030762
bfa,2006,63.1734085083008
bfa,2007,66.5944519042969
bfa,2008,75.1411666870117
bfa,2009,65.8940963745117
bfa,2010,23.9684295654297
bfa,2011,29.2227897644043
bfa,2012,33.5949287414551
bfa,2013,36.1397514343262
bfa,2014,33.089958190918
bgd,1970,55.5257797241211
bgd,1983,83.5428771972656
bgd,1984,88.1909713745117
bgd,1985,85.9478912353516
bgd,1986,84.6911392211914
bgd,1987,83.8674468994141
bgd,1988,96.3799285888672
bgd,1989,96.8655700683594
bgd,1990,98.9237594604492
bgd,2005,96.7194976806641
bgd,2006,96.2480926513672
bgd,2008,93.0290679931641
bgd,2009,93.7525024414063
bgd,2010,99.2567672729492
bgr,1996,97.4788589477539
bgr,1997,96.3637771606445
bgr,1998,96.1293716430664
bgr,1999,93.8702774047852
bgr,2000,94.195686340332
bgr,2001,96.2224884033203
bgr,2002,95.8645095825195
bgr,2003,92.588623046875
bgr,2004,96.4759216308594
bgr,2005,88.7308502197266
bgr,2006,93.0897369384766
bgr,2007,98.2786178588867
bgr,2008,98.2946929931641
bgr,2009,96.1076202392578
bgr,2010,96.6181030273438
bgr,2011,95.7216873168945
bgr,2012,97.229362487793
bgr,2013,96.2522888183594
bgr,2014,95.5550308227539
bhr,1971,50.4633407592773
bhr,1972,45.7383117675781
bhr,1973,43.8367004394531
bhr,1974,43.8399810791016
bhr,1975,56.4966011047363
bhr,1976,56.3897285461426
bhr,1977,62.4292297363281
bhr,1978,62.6926612854004
bhr,1979,66.0615386962891
bhr,1980,71.5721969604492
bhr,1981,69.5471725463867
bhr,1982,66.1608963012695
bhr,1983,80.0915908813477
bhr,1984,75.5319137573242
bhr,1985,91.2561721801758
bhr,1986,97.8524017333984
bhr,1987,93.0273513793945
bhr,1988,88.6329574584961
bhr,1989,89.4751968383789
bhr,1991,93.9703521728516
bhr,1992,90.355110168457
bhr,1993,93.5716705322266
bhr,1994,98.0113906860352
bhr,1995,98.7011108398438
bhr,1996,99.6351699829102
bhr,1997,98.8978500366211
bhr,1998,93.8890686035156
bhr,1999,92.7294387817383
bhs,1976,96.6782989501953
bhs,1980,87.3563232421875
bhs,1992,86.8806076049805
bhs,1993,85.4879913330078
bhs,1999,86.607292175293
bhs,2004,75.2555084228516
bhs,2005,79.4349670410156
bhs,2006,80.0404663085938
bhs,2007,78.830078125
bhs,2008,77.0908432006836
bhs,2009,72.7237167358398
bhs,2010,74.1504898071289
bih,2011,93.6642227172852
bih,2012,92.8722229003906
blr,1995,49.0846099853516
blr,2002,76.2995529174805
blr,2003,76.1368103027344
blr,2012,78.1735763549805
blr,2013,80.1849822998047
blr,2014,81.1743011474609
blz,1999,91.8652267456055
blz,2000,87.4710006713867
blz,2001,85.2426910400391
blz,2003,87.9705276489258
blz,2004,86.013427734375
blz,2005,91.2287521362305
blz,2006,96.2375183105469
blz,2007,93.193717956543
blz,2008,91.4037628173828
blz,2009,94.2327423095703
blz,2010,95.6271591186523
blz,2011,92.5732498168945
blz,2012,94.5522308349609
blz,2013,95.8078384399414
blz,2014,96.5945129394531
bmu,1978,84.697509765625
bmu,1979,75.700927734375
bmu,1984,95.2200164794922
bmu,1985,99.3910064697266
bmu,2005,97.6619262695313
bmu,2011,85.9473037719727
bmu,2012,86.206901550293
bol,1998,80.2046508789063
bol,1999,77.5062866210938
bol,2000,80.1427230834961
bol,2001,81.4287567138672
bol,2002,82.3889389038086
bol,2003,81.9384231567383
bol,2006,80.239990234375
bol,2007,75.7534332275391
bra,1999,84.1573486328125
bra,2001,81.2413330078125
bra,2002,84.2545013427734
bra,2003,83.4694595336914
bra,2004,84.2036209106445
bra,2005,82.4892196655273
bra,2007,84.8738632202148
bra,2008,89.9992294311523
bra,2009,90.59033203125
bra,2011,96.2927627563477
bra,2012,93.7882690429688
bra,2013,84.9146118164063
brb,1971,56.4885482788086
brb,1972,68.1694030761719
brb,1973,80.5185317993164
brb,1979,99.4119110107422
brb,1981,94.6045989990234
brb,1982,88.6834564208984
brb,1983,98.2449188232422
brb,1990,97.8198776245117
brb,1992,92.7532806396484
brb,1999,77.0320663452148
brb,2000,73.9572982788086
brb,2001,75.1988067626953
brb,2002,75.3608474731445
brb,2003,85.4296112060547
brb,2004,84.7634963989258
brb,2005,87.7406234741211
brb,2006,80.7229080200195
brb,2007,83.7360763549805
brb,2008,87.3119812011719
brb,2009,75.1792678833008
brb,2010,79.0116882324219
brb,2011,76.3800430297852
brb,2014,88.7947463989258
brn,1977,82.704948425293
brn,1978,78.2167816162109
brn,1979,41.4947891235352
brn,1980,47.5
brn,1981,30.3489303588867
brn,1982,26.9594192504883
brn,1983,29.7273101806641
brn,1984,26.856050491333
brn,1986,29.7673606872559
brn,1991,62.4387092590332
brn,1992,68.2182998657227
brn,1993,73.0920486450195
brn,1994,73.7571182250977
brn,1995,76.3830413818359
brn,2005,84.3331680297852
brn,2008,82.5514602661133
brn,2009,84.8443069458008
brn,2010,81.1631164550781
brn,2011,79.5201721191406
brn,2013,84.5642700195313
brn,2014,77.3671417236328
btn,1978,18.0686206817627
btn,1979,21.3230800628662
btn,1998,22.3828792572021
btn,1999,23.4985103607178
btn,2000,27.9569206237793
btn,2001,27.3441104888916
btn,2005,38.0074806213379
btn,2006,48.2284507751465
btn,2008,57.1986083984375
btn,2009,59.9479598999023
btn,2010,70.1663665771484
btn,2011,65.5599594116211
btn,2012,62.5651092529297
btn,2013,70.3802108764648
btn,2014,81.5948791503906
bwa,1970,36.1918487548828
bwa,1971,31.0266895294189
bwa,1972,33.8491897583008
bwa,1973,26.5410594940186
bwa,1974,30.4041194915771
bwa,1975,36.3110084533691
bwa,1976,36.1275482177734
bwa,1977,35.5143508911133
bwa,1978,30.5784606933594
bwa,1979,33.4205017089844
bwa,1980,36.4945106506348
bwa,1981,69.1722564697266
bwa,1983,61.8640289306641
bwa,1984,58.7358512878418
bwa,1985,56.113151550293
bwa,1986,54.8955688476563
bwa,1987,55.1830291748047
bwa,1988,58.8713493347168
bwa,1989,58.8269309997559
bwa,1990,63.7326393127441
bwa,1991,64.6281890869141
bwa,1992,63.8531112670898
bwa,1993,61.9675788879395
bwa,1994,64.4861679077148
bwa,1995,21.1189193725586
bwa,1996,23.5086498260498
bwa,1998,24.2936706542969
bwa,1999,24.7950401306152
bwa,2000,25.672779083252
bwa,2001,27.7691707611084
bwa,2002,26.8960990905762
bwa,2003,26.7526798248291
bwa,2004,24.3024597167969
bwa,2005,31.4118404388428
bwa,2006,38.9100914001465
bwa,2007,42.2393417358398
bwa,2008,41.9924583435059
bwa,2009,44.8282089233398
bwa,2012,67.7875823974609
bwa,2013,61.0840301513672
caf,1971,49.3381004333496
caf,1972,54.821418762207
caf,1973,57.0972595214844
caf,1977,40.09619140625
caf,1978,38.4130592346191
caf,1981,51.1303596496582
caf,1982,51.129940032959
caf,1983,49.9482612609863
caf,1986,35.3008308410645
caf,1987,41.2221488952637
caf,1988,38.163761138916
caf,1989,40.2009696960449
caf,1990,51.6963310241699
caf,1991,44.9559211730957
caf,2005,35.4962196350098
caf,2006,33.9159202575684
caf,2007,41.2565612792969
caf,2008,54.3372917175293
caf,2009,52.386890411377
caf,2010,58.0892181396484
caf,2011,51.5611114501953
caf,2012,57.5948600769043
can,1982,89.5529708862305
can,1983,89.0101776123047
can,1984,88.9089813232422
can,1985,88.0430526733398
can,1986,89.6288299560547
can,1987,89.7864074707031
can,1988,89.5373382568359
can,1989,89.5163803100586
can,1990,89.3502578735352
can,1991,97.8536605834961
can,1992,98.0412826538086
can,1993,92.2246932983398
can,1994,90.2751007080078
can,1995,90.1824111938477
can,1996,91.1164932250977
can,1998,98.8076934814453
can,1999,99.3757400512695
can,2000,98.6489410400391
can,2012,99.3538284301758
can,2013,99.7194137573242
che,1977,78.262321472168
che,1978,78.1979827880859
che,1981,83.7700271606445
che,1982,84.5532379150391
che,1983,83.6938629150391
che,1984,84.5930480957031
che,1985,86.2710189819336
che,1986,86.9105682373047
che,1987,89.8406829833984
che,1988,92.5371017456055
che,1989,93.4110107421875
che,1990,94.5949630737305
che,1991,92.1230087280273
che,1992,92.5566787719727
che,1993,91.0933685302734
che,1994,91.8654937744141
che,1995,97.1836395263672
che,1996,99.6429214477539
che,1999,97.6799087524414
che,2000,97.0626373291016
che,2001,95.7303009033203
che,2002,94.8888931274414
che,2003,94.8291473388672
che,2004,97.4704895019531
che,2005,96.8632202148438
che,2006,97.6086807250977
che,2007,97.902717590332
che,2008,98.7205581665039
che,2009,96.9857330322266
che,2010,98.2677917480469
che,2011,98.4618225097656
che,2012,98.2616271972656
che,2013,99.0602188110352
che,2014,99.0489196777344
chl,2007,89.3610382080078
chl,2008,87.2489929199219
chl,2009,84.5188903808594
chl,2010,82.893798828125
chl,2011,81.8976516723633
chl,2012,81.7861099243164
chl,2013,82.7217025756836
chl,2014,84.6306762695313
chn,1987,97.2068862915039
chn,1989,97.2234191894531
chn,1990,97.8181991577148
chn,1991,92.7256622314453
chn,1992,88.3462524414063
chn,1993,86.925163269043
chn,1994,88.9272689819336
chn,1995,92.3877410888672
chn,1996,88.2737731933594
chn,1997,87.6386871337891
civ,1977,33.8237380981445
civ,1991,20.5792407989502
civ,1992,28.3010692596436
civ,1996,48.6773109436035
civ,1997,49.9560012817383
civ,1999,50.7367706298828
civ,2000,53.5858306884766
civ,2001,55.6496887207031
civ,2002,55.611930847168
civ,2003,56.2464981079102
civ,2009,41.021800994873
civ,2013,54.2733116149902
civ,2014,58.0147895812988
cmr,1971,60.7900085449219
cmr,1972,59.890209197998
cmr,1973,56.6883697509766
cmr,1974,29.0544109344482
cmr,1975,64.1525726318359
cmr,1976,63.7244682312012
cmr,1977,60.8793487548828
cmr,1978,62.2856597900391
cmr,1979,62.1524314880371
cmr,1980,62.3197402954102
cmr,1988,70.7529830932617
cmr,1990,63.531681060791
cmr,1991,62.1580810546875
cmr,2008,79.0567321777344
cmr,2009,81.5933227539063
cmr,2012,77.0364685058594
cmr,2014,93.1864776611328
cod,1971,46.6880111694336
cod,1972,47.7766914367676
cod,1975,48.940299987793
cod,1979,47.0085487365723
cod,1983,48.0520210266113
cod,1984,48.4698905944824
cod,1988,47.1236305236816
cod,1991,44.4157295227051
cod,1992,42.8929405212402
cod,1993,41.0253295898438
cod,1994,48.9941787719727
cod,1995,57.3021087646484
cod,1999,29.6099491119385
cog,1972,82.5120010375977
cog,1974,86.419807434082
cog,1976,88.9578094482422
cog,1978,91.1371383666992
cog,1979,91.5350570678711
cog,1980,16.9134006500244
cog,1981,17.1759490966797
cog,1982,16.9065399169922
cog,1983,17.1929302215576
cog,1984,17.2833595275879
cog,2005,58.2502784729004
cog,2006,59.7608299255371
cog,2010,76.3554763793945
cog,2012,75.3402404785156
col,1982,38.9942092895508
col,1984,32.2262306213379
col,1985,31.7306308746338
col,1986,30.8388500213623
col,1987,31.2116203308105
col,1988,31.1681995391846
col,1989,31.203670501709
col,1991,44.9636192321777
col,1992,50.962459564209
col,1993,50.9712295532227
col,1994,50.9756202697754
col,1999,80.8048706054688
col,2000,80.9496307373047
col,2001,81.3676834106445
col,2002,81.2546463012695
col,2004,86.9078903198242
col,2005,88.4244613647461
col,2006,86.4752731323242
col,2007,84.2811737060547
col,2008,85.9412612915039
col,2009,85.3080673217773
col,2010,84.6158905029297
col,2011,84.6267013549805
col,2012,83.6391983032227
col,2013,84.0745620727539
col,2014,84.3828964233398
com,1983,50.4917106628418
com,1986,50.5580902099609
com,1987,46.245059967041
com,1994,57.1975593566895
com,1999,26.4942607879639
com,2000,29.5532894134521
com,2007,49.3904800415039
com,2013,74.8151397705078
cpv,1981,77.4443130493164
cpv,1982,76.3204498291016
cpv,1983,87.2132720947266
cpv,1984,88.8514709472656
cpv,1985,87.8151702880859
cpv,1986,91.1379699707031
cpv,1987,81.7504730224609
cpv,1988,99.9331207275391
cpv,1990,98.8570938110352
cpv,1994,99.9730987548828
cpv,1998,78.4099578857422
cpv,2000,69.8602828979492
cpv,2001,72.7167587280273
cpv,2002,69.8666534423828
cpv,2003,75.8088836669922
cpv,2004,72.8905029296875
cpv,2005,79.6049423217773
cpv,2006,77.4581069946289
cpv,2007,82.2177429199219
cpv,2008,83.5175933837891
cpv,2009,91.4157791137695
cpv,2010,95.9212036132813
cpv,2011,99.1891479492188
cpv,2012,99.3279266357422
cpv,2013,99.4017028808594
cpv,2014,98.3580474853516
cri,1970,51.5022392272949
cri,1972,66.9565200805664
cri,1973,68.7150497436523
cri,1975,72.7350692749023
cri,1976,77.904167175293
cri,1978,63.3936996459961
cri,1979,49.0898818969727
cri,1980,43.4805603027344
cri,1981,45.2030296325684
cri,1982,42.540111541748
cri,1985,40.0433807373047
cri,1986,44.2940788269043
cri,1987,43.2817687988281
cri,1989,39.813720703125
cri,1990,38.9933090209961
cri,1991,47.2731285095215
cri,1992,51.0696411132813
cri,1994,48.5532302856445
cri,1995,51.0888595581055
cri,2011,96.823112487793
cri,2012,95.0276870727539
cri,2013,93.9952087402344
cri,2014,92.6337738037109
cub,1972,91.1430130004883
cub,1973,93.8923797607422
cub,1974,91.8119430541992
cub,1980,99.6233901977539
cub,1981,93.9821929931641
cub,1982,94.0814895629883
cub,1983,97.7405090332031
cub,1984,96.3603286743164
cub,1985,92.8615875244141
cub,1986,97.8382568359375
cub,1987,98.1596908569336
cub,1988,96.9108810424805
cub,1989,99.2848281860352
cub,1990,99.8852462768555
cub,1991,99.8791427612305
cub,1992,99.879753112793
cub,1993,96.8546676635742
cub,1994,99.7240524291992
cub,1995,99.5432968139648
cub,1996,99.9175033569336
cub,1997,99.6606063842773
cub,1998,96.6790771484375
cub,1999,92.0199279785156
cub,2000,92.5340194702148
cub,2001,92.7107086181641
cub,2002,94.6254806518555
cub,2003,91.7098922729492
cub,2004,98.4140472412109
cub,2005,98.5664520263672
cub,2006,99.2274932861328
cub,2007,96.6947631835938
cub,2008,96.0275115966797
cub,2009,99.3724975585938
cub,2010,98.7537002563477
cub,2011,93.5945129394531
cub,2012,90.4529190063477
cub,2013,86.4601593017578
cub,2014,87.5083923339844
cyp,1971,81.3984985351563
cyp,1972,74.6840591430664
cyp,1973,81.8001022338867
cyp,1974,77.0332489013672
cyp,1975,71.9774169921875
cyp,1976,65.7152481079102
cyp,1977,70.8322601318359
cyp,1978,72.3144073486328
cyp,1979,75.8467025756836
cyp,1980,71.9541091918945
cyp,1981,79.0070724487305
cyp,1982,68.9553604125977
cyp,1983,78.0794525146484
cyp,1984,76.878662109375
cyp,1985,80.2432708740234
cyp,1986,84.789176940918
cyp,1987,87.4708786010742
cyp,1988,80.9050216674805
cyp,1989,82.3408126831055
cyp,1990,80.4792709350586
cyp,1991,79.1233901977539
cyp,1992,74.6515731811523
cyp,1993,99.3682098388672
cyp,1994,98.2651214599609
cyp,1995,97.872932434082
cyp,1996,97.7512130737305
cyp,1997,98.0050964355469
cyp,2000,96.8681564331055
cyp,2001,96.3092575073242
cyp,2002,94.6677017211914
cyp,2003,94.8825225830078
cyp,2004,96.0580291748047
cyp,2005,97.4479370117188
cyp,2006,96.8267822265625
cyp,2007,95.7928695678711
cyp,2008,94.9641723632813
cyp,2009,96.9190673828125
cyp,2010,94.7307281494141
cyp,2011,96.4478378295898
cyp,2012,96.0602722167969
cyp,2013,95.4709777832031
cyp,2014,93.9367294311523
deu,1999,95.7878723144531
deu,2000,96.1366882324219
deu,2001,96.7396621704102
deu,2002,94.4396591186523
deu,2003,97.1226196289063
deu,2004,99.1249618530273
deu,2005,98.6230697631836
deu,2006,98.5976409912109
deu,2007,98.8128280639648
deu,2008,98.5056228637695
deu,2009,96.0722427368164
deu,2010,96.1078033447266
deu,2011,94.6924133300781
deu,2012,98.2931900024414
deu,2013,96.4788970947266
deu,2014,97.0206909179688
dji,1985,22.5506591796875
dji,1986,23.2759304046631
dji,1987,28.4706192016602
dji,1988,28.1281604766846
dji,1989,29.3008995056152
dji,1990,28.6626605987549
dji,1991,27.4968109130859
dji,1992,26.9910202026367
dji,1993,22.8636894226074
dji,1994,21.1080799102783
dji,1995,22.5035400390625
dji,1996,22.8525295257568
dji,1997,20.1028308868408
dji,1999,21.2412109375
dji,2000,24.1302299499512
dji,2001,28.961669921875
dji,2002,31.8436298370361
dji,2004,34.2980499267578
dji,2005,37.4322090148926
dji,2006,44.5014305114746
dji,2007,46.8435897827148
dji,2008,49.5588417053223
dji,2009,48.6208915710449
dji,2011,47.3414916992188
dji,2013,46.8228302001953
dji,2014,51.2084808349609
dji,2015,49.5595397949219
dma,1975,48.432201385498
dma,1976,48.9397811889648
dma,1977,55.3704490661621
dma,1979,51.7918510437012
dma,1980,54.8868293762207
dma,1981,74.108528137207
dma,1982,39.2932510375977
dma,2000,95.0066604614258
dma,2001,90.4567108154297
dma,2003,92.9157333374023
dma,2004,85.6801910400391
dma,2005,96.8868713378906
dma,2006,94.9243087768555
dma,2007,98.1707305908203
dma,2008,92.4652786254883
dma,2014,98.7668304443359
dnk,1981,97.9181823730469
dnk,1982,99.3563766479492
dnk,1983,99.6010589599609
dnk,1984,98.2189636230469
dnk,1985,96.7039413452148
dnk,1986,99.4731826782227
dnk,1987,98.884162902832
dnk,1988,99.5684814453125
dnk,1989,96.3399429321289
dnk,1990,98.9228897094727
dnk,1991,99.1903381347656
dnk,1992,99.4429397583008
dnk,1993,97.5786437988281
dnk,1994,97.1729431152344
dnk,1995,91.583122253418
dnk,1996,91.1187210083008
dnk,1998,91.5192337036133
dnk,1999,89.9181976318359
dnk,2000,90.2866516113281
dnk,2001,99.9826736450195
dnk,2002,99.8833312988281
dnk,2004,84.540168762207
dnk,2005,82.6936416625977
dnk,2006,78.1367111206055
dnk,2007,77.8818588256836
dnk,2008,82.3951110839844
dnk,2009,82.7651672363281
dnk,2010,82.3977508544922
dnk,2011,90.0110626220703
dnk,2012,91.0896682739258
dnk,2013,92.0892333984375
dnk,2014,91.0619812011719
dom,1999,67.6520309448242
dom,2000,65.0989074707031
dom,2002,69.6373977661133
dom,2003,69.4095077514648
dom,2004,63.1368103027344
dom,2005,67.9224472045898
dom,2006,69.5764999389648
dom,2007,93.1790390014648
dom,2008,73.3570938110352
dom,2009,83.7936935424805
dom,2010,80.2893676757813
dom,2011,78.8196029663086
dom,2012,80.3128280639648
dom,2013,78.8803634643555
dom,2014,80.8336791992188
dza,1973,72.3933563232422
dza,1974,72.2195281982422
dza,1975,71.5203628540039
dza,1976,78.4873886108398
dza,1977,81.0427398681641
dza,1978,78.831787109375
dza,1979,80.6227569580078
dza,1980,81.2401504516602
dza,1981,81.8868637084961
dza,1982,79.1417922973633
dza,1983,78.0233535766602
dza,1984,84.1670074462891
dza,1985,81.424072265625
dza,1986,84.5472030639648
dza,1987,87.2190780639648
dza,1988,87.8524627685547
dza,1989,88.7321166992188
dza,1990,88.6402587890625
dza,1991,92.1292114257813
dza,1992,91.8434524536133
dza,1993,85.1129837036133
dza,1994,87.5027389526367
dza,1995,87.8709564208984
dza,1996,84.2123031616211
dza,1997,87.8794097900391
dza,1999,93.8718490600586
dza,2000,93.6794967651367
dza,2001,97.0293273925781
dza,2002,92.7422103881836
dza,2003,90.9419097900391
dza,2004,95.0131988525391
dza,2005,95.4287033081055
dza,2006,95.2377090454102
dza,2007,98.0766906738281
dza,2008,98.6102676391602
dza,2009,98.5651092529297
dza,2011,98.810188293457
dza,2014,98.7324371337891
eap,1986,93.5091171264648
eap,1987,93.2500457763672
eap,1988,93.6057052612305
eap,1989,93.7551422119141
eap,1990,94.2758636474609
eap,1991,90.9782333374023
eap,1992,88.0542907714844
eap,1993,87.0781326293945
eap,1994,88.3402481079102
eap,1995,90.6318817138672
eap,1996,87.6947021484375
eap,1997,87.1891403198242
eap,1998,91.1202087402344
eap,1999,95.3310165405273
eap,2000,94.5924530029297
eap,2001,93.6733245849609
eap,2002,93.4919662475586
eap,2003,93.4601745605469
eap,2004,93.0866470336914
eap,2005,92.779899597168
eap,2006,91.5319137573242
eap,2007,92.0785140991211
eap,2008,91.9508438110352
eap,2009,92.8984222412109
eap,2010,92.2460556030273
eap,2011,93.2702789306641
eap,2012,93.1875686645508
eap,2013,93.5667343139648
eap,2014,93.4655990600586
eas,1986,93.8577880859375
eas,1987,93.6933212280273
eas,1988,94.0180130004883
eas,1989,94.1247253417969
eas,1990,94.5828704833984
eas,1991,91.439208984375
eas,1992,88.5356292724609
eas,1993,87.6677474975586
eas,1994,88.8052825927734
eas,1995,90.8915328979492
eas,1996,88.1094741821289
eas,1997,87.5836029052734
eas,1998,91.3227005004883
eas,1999,95.313835144043
eas,2000,94.5145797729492
eas,2001,93.6839141845703
eas,2002,93.5831756591797
eas,2003,93.6006164550781
eas,2004,93.2464294433594
eas,2005,92.9926834106445
eas,2006,91.8168182373047
eas,2007,92.4176330566406
eas,2008,92.0849914550781
eas,2009,92.7978973388672
eas,2010,92.5064086914063
eas,2011,93.4716644287109
eas,2012,93.2643203735352
eas,2013,93.5881958007813
eas,2014,93.6623153686523
eca,1993,88.2901611328125
eca,1994,88.1758346557617
eca,1995,85.6026229858398
eca,1996,85.4158096313477
eca,1997,85.5007247924805
eca,1998,86.0048370361328
eca,1999,86.4033050537109
eca,2000,87.5112075805664
eca,2001,88.5541687011719
eca,2002,89.0982437133789
eca,2003,86.5912094116211
eca,2004,87.4223480224609
eca,2005,86.8593978881836
eca,2006,87.285026550293
eca,2007,88.7394790649414
eca,2008,87.385612487793
eca,2009,86.1408920288086
eca,2010,88.6769866943359
eca,2011,90.0924911499023
eca,2012,89.9948654174805
eca,2013,90.0360260009766
eca,2014,82.4083404541016
ecs,1973,90.1776962280273
ecs,1974,90.3571166992188
ecs,1975,90.4336318969727
ecs,1976,90.6468963623047
ecs,1977,90.7935180664063
ecs,1978,91.1563415527344
ecs,1979,91.1993026733398
ecs,1980,91.3475875854492
ecs,1981,91.1830291748047
ecs,1982,90.8932876586914
ecs,1983,90.9272155761719
ecs,1984,91.2157669067383
ecs,1985,91.5290374755859
ecs,1986,91.9668807983398
ecs,1987,92.0271301269531
ecs,1988,91.9255981445313
ecs,1989,92.0484466552734
ecs,1990,91.861946105957
ecs,1991,91.800407409668
ecs,1992,91.8063278198242
ecs,1993,91.8632659912109
ecs,1994,91.7092971801758
ecs,1995,90.4521560668945
ecs,1996,90.4244079589844
ecs,1997,90.4393997192383
ecs,1998,91.0195922851563
ecs,1999,91.2236404418945
ecs,2000,91.5568618774414
ecs,2001,92.2040328979492
ecs,2002,92.2740249633789
ecs,2003,91.33984375
ecs,2004,91.692626953125
ecs,2005,91.7661972045898
ecs,2006,91.9361343383789
ecs,2007,92.683723449707
ecs,2008,92.0322723388672
ecs,2009,91.4497375488281
ecs,2010,92.639778137207
ecs,2011,93.1852264404297
ecs,2012,93.4555435180664
ecs,2013,93.4200592041016
ecs,2014,89.4401016235352
ecu,1971,65.6563415527344
ecu,1973,62.734260559082
ecu,1974,60.483211517334
ecu,1975,57.9796409606934
ecu,1976,60.6999206542969
ecu,1977,77.0307388305664
ecu,1978,82.13623046875
ecu,1979,83.1425323486328
ecu,1980,71.4795074462891
ecu,1994,86.0274429321289
ecu,1995,88.4330596923828
ecu,1996,89.334602355957
ecu,1997,92.0463562011719
ecu,1998,91.7966918945313
ecu,1999,92.0038986206055
ecu,2000,93.4690322875977
ecu,2001,92.8369598388672
ecu,2002,94.9678573608398
ecu,2003,94.872673034668
ecu,2005,90.8810424804688
ecu,2006,96.6474914550781
ecu,2007,99.5366592407227
ecu,2009,87.1810989379883
ecu,2010,86.4845428466797
ecu,2011,86.6792907714844
ecu,2012,86.0844497680664
ecu,2013,92.6989669799805
ecu,2014,85.8583679199219
egy,1971,62.9336013793945
egy,1972,62.1634292602539
egy,1973,61.7904510498047
egy,1978,74.4684677124023
egy,1994,87.3770294189453
egy,1997,87.0987014770508
egy,1999,80.6468811035156
egy,2000,84.8343811035156
egy,2001,89.3450775146484
egy,2002,92.852897644043
egy,2003,93.8864974975586
egy,2004,96.9885330200195
egy,2005,96.6925964355469
egy,2006,95.302001953125
egy,2007,97.2166366577148
egy,2009,94.0373306274414
egy,2010,91.5215835571289
egy,2011,92.0149993896484
egy,2012,95.9360275268555
egy,2014,95.9673919677734
emu,1970,93.0112228393555
emu,1971,93.0277938842773
emu,1972,92.1620712280273
emu,1973,92.1244888305664
emu,1974,92.5308380126953
emu,1975,92.6491165161133
emu,1976,92.9113464355469
emu,1977,92.9321136474609
emu,1978,94.2870864868164
emu,1979,94.6901473999023
emu,1980,94.6248168945313
emu,1981,94.0876159667969
emu,1982,93.1768951416016
emu,1983,93.2173156738281
emu,1984,94.0490570068359
emu,1985,94.9515914916992
emu,1986,96.1267547607422
emu,1987,96.2654190063477
emu,1988,95.7531967163086
emu,1989,96.0480422973633
emu,1990,95.2055740356445
emu,1991,94.9913940429688
emu,1992,95.0190734863281
emu,1993,95.7691268920898
emu,1994,95.5000610351563
emu,1995,96.1312866210938
emu,1996,96.2597045898438
emu,1997,96.4087219238281
emu,1998,97.1055755615234
emu,1999,96.9282913208008
emu,2000,96.1440658569336
emu,2001,96.3411178588867
emu,2002,95.5881271362305
emu,2003,96.486946105957
emu,2004,96.3379364013672
emu,2005,96.9619827270508
emu,2006,96.9823837280273
emu,2007,97.3014907836914
emu,2008,97.1971740722656
emu,2009,96.6670989990234
emu,2010,96.624267578125
emu,2011,96.1546249389648
emu,2012,96.8405609130859
emu,2013,96.5545959472656
emu,2014,96.3444976806641
eri,1992,12.9088096618652
eri,1994,14.4954900741577
eri,1995,15.8281202316284
eri,1996,16.4892902374268
eri,1997,17.0340309143066
eri,1999,21.3048191070557
eri,2000,26.2641792297363
eri,2001,34.8344612121582
eri,2002,40.2885513305664
eri,2003,43.8534889221191
eri,2004,43.3540496826172
eri,2005,43.8402404785156
eri,2006,40.0246505737305
eri,2007,33.7106781005859
eri,2008,34.1034698486328
eri,2009,32.6449012756348
eri,2010,35.2563591003418
eri,2011,40.3379211425781
eri,2012,41.9818496704102
eri,2013,23.9535503387451
esp,1971,97.8288497924805
esp,1972,91.8970184326172
esp,1973,92.1860504150391
esp,1975,98.0513229370117
esp,1977,97.9106292724609
esp,1978,99.7306823730469
esp,1979,99.5712203979492
esp,1980,99.652702331543
esp,1981,99.4792633056641
esp,1983,99.6493225097656
esp,1984,99.9804916381836
esp,1985,99.8058090209961
esp,1986,98.6010208129883
esp,1987,99.1656723022461
esp,1988,96.3892669677734
esp,1989,99.2642288208008
esp,1990,99.5741500854492
esp,1991,99.7403564453125
esp,1992,99.6578598022461
esp,1993,99.7093811035156
esp,1994,98.4513397216797
esp,1995,99.9373474121094
esp,1996,99.6939086914063
esp,1997,99.7044296264648
esp,1999,99.0133209228516
esp,2000,99.6138610839844
esp,2001,97.5792694091797
esp,2002,97.3655090332031
esp,2003,98.708740234375
esp,2004,98.6077270507813
esp,2005,98.5943298339844
esp,2006,99.5697326660156
esp,2008,98.9665374755859
esp,2009,98.8818817138672
esp,2010,98.1725311279297
esp,2011,98.7597427368164
esp,2012,98.3183364868164
esp,2013,98.3392791748047
esp,2014,97.403450012207
est,1995,94.1598968505859
est,1996,97.5468521118164
est,1998,99.0656814575195
est,1999,94.4072265625
est,2000,95.1872634887695
est,2001,92.8790817260742
est,2002,88.5486907958984
est,2003,84.8415603637695
est,2010,97.7578125
est,2011,94.516731262207
est,2012,95.9421997070313
est,2013,95.3685684204102
eth,1987,18.1371803283691
eth,1988,17.8082599639893
eth,1989,16.9980602264404
eth,1994,11.7554197311401
eth,1995,15.2446098327637
eth,1996,17.9229793548584
eth,1998,21.4316291809082
eth,1999,23.6124305725098
eth,2000,26.2850894927979
eth,2001,29.5028991699219
eth,2002,29.9289493560791
eth,2003,28.5854206085205
eth,2004,33.1198883056641
eth,2005,57.3811683654785
eth,2006,54.0751991271973
eth,2007,60.062141418457
eth,2008,81.6562194824219
eth,2009,76.601432800293
eth,2010,73.0243225097656
eth,2011,89.2782669067383
eth,2012,90.7003479003906
eth,2014,96.5675430297852
euu,1970,94.0359420776367
euu,1971,94.0185699462891
euu,1972,93.3266448974609
euu,1973,93.3023147583008
euu,1974,93.717155456543
euu,1975,93.8454208374023
euu,1976,94.2156753540039
euu,1977,94.4809799194336
euu,1978,95.1945571899414
euu,1979,95.2770309448242
euu,1980,95.5854110717773
euu,1981,95.2799682617188
euu,1982,94.7130279541016
euu,1983,94.772705078125
euu,1984,95.308708190918
euu,1985,95.8766937255859
euu,1986,96.6303787231445
euu,1987,96.6700668334961
euu,1988,96.3979721069336
euu,1989,96.5973129272461
euu,1990,96.1302642822266
euu,1991,95.9675750732422
euu,1992,95.9258117675781
euu,1993,96.3719711303711
euu,1994,95.9950561523438
euu,1995,96.3577575683594
euu,1996,96.4498672485352
euu,1997,96.1763610839844
euu,1998,96.5514068603516
euu,1999,95.9885177612305
euu,2000,95.595947265625
euu,2001,96.3087539672852
euu,2002,95.5977096557617
euu,2003,96.0634841918945
euu,2004,95.9736099243164
euu,2005,96.4459915161133
euu,2006,96.3509216308594
euu,2007,96.3255767822266
euu,2008,96.3429183959961
euu,2009,96.3249206542969
euu,2010,96.0931091308594
euu,2011,95.8297424316406
euu,2012,96.4807968139648
euu,2013,96.3876266479492
euu,2014,96.1683807373047
fin,1993,96.9251937866211
fin,1994,95.1409912109375
fin,1995,94.7519607543945
fin,1996,99.5783233642578
fin,1997,99.5278167724609
fin,1998,99.2977828979492
fin,1999,99.6870422363281
fin,2000,99.1688232421875
fin,2001,95.1604614257813
fin,2002,95.1959991455078
fin,2003,94.1592102050781
fin,2004,93.1354675292969
fin,2005,93.7616882324219
fin,2006,92.5365829467773
fin,2007,95.6324005126953
fin,2008,96.1257095336914
fin,2009,95.6784591674805
fin,2010,95.3732986450195
fin,2011,97.216911315918
fin,2012,98.4231414794922
fin,2013,97.7030487060547
fin,2014,98.401969909668
fji,1992,96.9797592163086
fji,1994,93.9588012695313
fji,1995,86.2410125732422
fji,1996,87.6358489990234
fji,1997,91.9900207519531
fji,1998,95.0352401733398
fji,1999,90.1507720947266
fji,2000,89.3167572021484
fji,2001,92.2704620361328
fji,2002,94.9096069335938
fji,2003,91.1501922607422
fji,2004,94.9515609741211
fji,2006,94.3015899658203
fji,2007,88.3062973022461
fji,2008,90.9599380493164
fji,2009,90.0898208618164
fji,2011,92.9904327392578
fji,2012,93.796501159668
fji,2013,82.6932983398438
fra,1971,99.2194290161133
fra,1972,99.2073974609375
fra,1977,97.6300888061523
fra,1979,99.8261413574219
fra,1980,99.7576217651367
fra,1982,92.1963577270508
fra,1983,91.9791412353516
fra,1985,99.8711776733398
fra,1986,99.7828979492188
fra,1989,99.6921081542969
fra,1990,96.6613235473633
fra,1991,96.3669281005859
fra,1992,97.4468078613281
fra,1993,99.0762176513672
fra,1994,99.0358428955078
fra,1995,99.7044067382813
fra,1996,99.7574081420898
fra,1997,99.5636596679688
fra,1999,98.7033081054688
fra,2000,96.5600433349609
fra,2001,98.1446228027344
fra,2002,98.6310272216797
fra,2003,98.7890319824219
fra,2004,94.5980529785156
fra,2005,98.2680130004883
fra,2006,98.2082824707031
fra,2007,98.3891525268555
fra,2008,98.357292175293
fra,2009,98.4014282226563
fra,2010,98.1836166381836
fra,2011,98.4731674194336
fra,2012,98.3470306396484
fra,2013,98.2831497192383
fra,2014,98.4961395263672
fsm,2014,86.7233963012695
gab,1975,96.3720169067383
gab,1997,52.4219703674316
gbr,1971,95.7362823486328
gbr,1972,95.0358963012695
gbr,1973,95.0617599487305
gbr,1974,96.0966415405273
gbr,1975,96.3792724609375
gbr,1976,97.8789901733398
gbr,1977,99.8530883789063
gbr,1978,98.2923889160156
gbr,1979,96.6110076904297
gbr,1980,99.6564865112305
gbr,1981,99.878532409668
gbr,1982,99.6524963378906
gbr,1983,99.7975006103516
gbr,1984,99.9165191650391
gbr,1985,99.9863662719727
gbr,1986,99.8776626586914
gbr,1987,99.3507995605469
gbr,1988,99.5309600830078
gbr,1989,99.7195587158203
gbr,1990,99.730712890625
gbr,1991,99.5517120361328
gbr,1992,98.7977294921875
gbr,1998,99.5614776611328
gbr,1999,98.7363586425781
gbr,2000,99.2092666625977
gbr,2001,98.0929870605469
gbr,2002,98.0654907226563
gbr,2003,99.9598922729492
gbr,2004,98.3893890380859
gbr,2005,99.8019180297852
gbr,2006,98.1661605834961
gbr,2007,95.8074188232422
gbr,2008,96.3202209472656
gbr,2009,99.289680480957
gbr,2010,98.6997222900391
gbr,2011,98.407096862793
gbr,2012,99.1729125976563
gbr,2013,99.5945892333984
gbr,2014,99.1588134765625
geo,1995,79.6529083251953
geo,1996,80.9166107177734
geo,1997,80.1445922851563
geo,2008,97.5154037475586
geo,2009,93.6855926513672
geo,2011,97.3281631469727
geo,2012,99.0908737182617
geo,2013,98.6606674194336
geo,2014,97.7147674560547
gha,1999,41.1003799438477
gha,2000,43.5794906616211
gha,2001,39.0502700805664
gha,2002,37.7052688598633
gha,2003,32.967830657959
gha,2004,35.9405403137207
gha,2005,40.5281410217285
gha,2006,42.0325698852539
gha,2007,46.0280914306641
gha,2008,48.8691787719727
gha,2009,45.5242309570313
gin,1984,27.7908802032471
gin,1985,34.292610168457
gin,1986,21.0046100616455
gin,1987,17.8978691101074
gin,1988,22.3437900543213
gin,1989,22.7357196807861
gin,1990,20.4298992156982
gin,1991,21.8892593383789
gin,1998,24.118839263916
gin,1999,27.39208984375
gin,2000,32.8560485839844
gin,2001,35.7760391235352
gin,2002,38.9963111877441
gin,2003,42.7543296813965
gin,2004,44.7480506896973
gin,2005,45.5859718322754
gin,2006,48.4097290039063
gin,2007,50.9819602966309
gin,2008,51.7757606506348
gin,2009,57.7719802856445
gin,2010,63.2863502502441
gin,2011,70.2267227172852
gin,2012,73.476921081543
gin,2013,71.0111923217773
gin,2014,76.0794906616211
gmb,1971,18.7567005157471
gmb,1972,19.295919418335
gmb,1973,21.1768207550049
gmb,1974,22.4216194152832
gmb,1975,24.2383899688721
gmb,1976,24.6081008911133
gmb,1977,24.3674602508545
gmb,1978,44.8091812133789
gmb,1979,43.6696701049805
gmb,1980,50.2241592407227
gmb,1981,59.3511085510254
gmb,1982,62.5965194702148
gmb,1983,64.0855484008789
gmb,1984,63.207389831543
gmb,1985,65.4652099609375
gmb,1986,59.7002716064453
gmb,1990,49.8359107971191
gmb,1992,40.3353118896484
gmb,1993,46.162670135498
gmb,1996,66.0275573730469
gmb,1998,55.0034408569336
gmb,1999,64.6854705810547
gmb,2000,58.805980682373
gmb,2001,58.7603988647461
gmb,2002,57.3385810852051
gmb,2003,65.3011779785156
gmb,2004,59.0649795532227
gmb,2005,54.7997589111328
gmb,2006,61.8543586730957
gmb,2007,59.6498603820801
gmb,2008,59.9781112670898
gmb,2010,56.6922988891602
gmb,2011,58.1062889099121
gmb,2012,57.2420501708984
gmb,2013,54.5282402038574
gmb,2014,60.0897407531738
gnb,1981,37.8299789428711
gnb,1982,37.546989440918
gnb,1984,35.7041893005371
gnb,1985,36.381519317627
gnb,1987,32.6128082275391
gnb,1988,30.784309387207
gnb,2000,36.8841514587402
gnb,2010,52.4953384399414
gnq,1994,70.6265563964844
gnq,2000,67.2796783447266
gnq,2001,85.5839767456055
gnq,2002,83.5583724975586
gnq,2003,67.1966705322266
gnq,2008,43.5325393676758
gnq,2009,40.5902786254883
gnq,2010,41.9046096801758
gnq,2011,46.8895492553711
gnq,2012,46.7919692993164
grc,1971,99.7925186157227
grc,1972,99.74658203125
grc,1973,99.9043426513672
grc,1974,99.7217025756836
grc,1975,99.7398986816406
grc,1976,97.2329864501953
grc,1977,95.1273880004883
grc,1978,96.8120727539063
grc,1979,99.4026184082031
grc,1980,99.9153518676758
grc,1981,99.5042037963867
grc,1982,99.3711929321289
grc,1983,99.4764785766602
grc,1984,98.7190475463867
grc,1985,99.4470367431641
grc,1986,99.2230377197266
grc,1987,99.4581832885742
grc,1988,99.0497894287109
grc,1989,99.1299514770508
grc,1990,97.7758026123047
grc,1991,96.7718734741211
grc,1992,93.0780181884766
grc,1993,91.7244262695313
grc,1994,89.0892105102539
grc,1995,92.7618637084961
grc,1996,91.6101684570313
grc,1997,96.8453521728516
grc,1998,99.167350769043
grc,1999,99.5392074584961
grc,2000,95.3927536010742
grc,2001,97.692253112793
grc,2002,98.1278915405273
grc,2003,96.6288681030273
grc,2004,97.0407867431641
grc,2005,96.3172836303711
grc,2006,93.1030883789063
grc,2007,97.7386322021484
grc,2010,97.0766220092773
grc,2011,96.5048217773438
grc,2012,96.1220092773438
grc,2013,96.999397277832
grd,1972,51.9186592102051
grd,1977,75.8374328613281
grd,1978,73
grd,1979,69.6090774536133
grd,1980,63.3895492553711
grd,1981,53.9199295043945
grd,1982,58.7489395141602
grd,1983,63.3802795410156
grd,1984,60.0257110595703
grd,1999,98.9415588378906
grd,2002,81.3070602416992
grd,2003,94.8368225097656
grd,2004,85.8684997558594
grd,2005,80.7043685913086
grd,2007,91.2611236572266
grd,2008,91.7293167114258
grd,2009,93.1745223999023
grd,2013,87.6940078735352
grd,2014,85.3656768798828
gtm,1970,42.1166114807129
gtm,1971,41.3165397644043
gtm,1972,40.1313591003418
gtm,1974,43.0323715209961
gtm,1975,45.2616882324219
gtm,1978,46.6706504821777
gtm,1979,45.4124794006348
gtm,1980,48.9593505859375
gtm,1981,48.4947395324707
gtm,1982,47.0474281311035
gtm,1983,51.7384490966797
gtm,1997,65.7189178466797
gtm,1999,75.0277404785156
gtm,2000,79.154167175293
gtm,2001,80.5695266723633
gtm,2002,83.0407867431641
gtm,2004,86.2230072021484
gtm,2005,87.1213989257813
gtm,2006,90.4072418212891
gtm,2007,92.0287170410156
gtm,2008,91.8217086791992
gtm,2009,92.9471664428711
gtm,2010,88.5711669921875
gtm,2011,88.1162796020508
gtm,2012,86.6224365234375
gtm,2013,84.6613311767578
gtm,2014,84.0708770751953
guy,1971,53.2133712768555
guy,1972,54.3236389160156
guy,1974,64.1311798095703
guy,1976,63.639289855957
guy,1977,78.6458129882813
guy,1979,77.512451171875
guy,1982,74.3849563598633
guy,1993,99.3268432617188
guy,1995,94.3670272827148
guy,1996,77.854362487793
guy,2003,84.2740478515625
guy,2008,82.4435882568359
guy,2009,72.772331237793
guy,2010,81.0302810668945
guy,2011,80.9452896118164
guy,2012,81.1750411987305
hic,1970,89.8717498779297
hic,1971,89.864372253418
hic,1972,89.6404571533203
hic,1973,89.3263549804688
hic,1974,88.6101455688477
hic,1975,90.2145004272461
hic,1976,90.7558364868164
hic,1977,90.7633361816406
hic,1978,91.3843002319336
hic,1979,91.6004409790039
hic,1980,91.8014907836914
hic,1981,91.5793380737305
hic,1982,90.9866790771484
hic,1983,90.5595245361328
hic,1984,90.6985931396484
hic,1985,91.3829040527344
hic,1986,91.7314300537109
hic,1987,92.2706680297852
hic,1988,91.9891204833984
hic,1989,91.9009475708008
hic,1990,91.5109634399414
hic,1991,90.3811798095703
hic,1992,89.6224517822266
hic,1993,89.666374206543
hic,1994,89.6732940673828
hic,1995,90.1078796386719
hic,1996,91.3192520141602
hic,1997,91.0665435791016
hic,1998,91.2721557617188
hic,1999,91.1156997680664
hic,2000,90.1784744262695
hic,2001,89.2243270874023
hic,2002,88.6680603027344
hic,2003,89.8059692382813
hic,2004,88.2385406494141
hic,2005,89.3299179077148
hic,2006,89.5599899291992
hic,2007,90.8938522338867
hic,2008,91.0506057739258
hic,2009,88.5478897094727
hic,2010,90.6997146606445
hic,2011,91.2903137207031
hic,2012,89.103874206543
hic,2013,88.9037399291992
hic,2014,89.6983108520508
hkg,1971,42.1695404052734
hkg,1972,44.7327613830566
hkg,1973,46.7751312255859
hkg,1974,50.349910736084
hkg,1975,54.4011611938477
hkg,1976,57.2643814086914
hkg,1977,62.4807815551758
hkg,1978,61.4259605407715
hkg,1979,63.9926300048828
hkg,1980,93.87548828125
hkg,1981,96.1584625244141
hkg,1982,92.9455718994141
hkg,1983,90.289306640625
hkg,1984,94.7162017822266
hkg,1985,96.2160720825195
hkg,1995,95.6053695678711
hkg,1996,96.4532165527344
hnd,1979,70.8460922241211
hnd,1980,72.6311798095703
hnd,1986,94.756591796875
hnd,1991,91.7624588012695
hnd,1993,86.7516403198242
hnd,2000,88.2376098632813
hnd,2003,56.2041015625
hnd,2004,64.4917907714844
hnd,2005,63.2832412719727
hnd,2006,73.5859375
hnd,2007,71.6859664916992
hnd,2008,66.9481201171875
hnd,2009,72.0002365112305
hnd,2010,72.5061721801758
hnd,2011,80.421257019043
hnd,2012,83.8973236083984
hnd,2013,80.6299209594727
hnd,2014,85.0548934936523
hpc,1972,34.1158485412598
hpc,1973,34.1504287719727
hpc,1974,33.396728515625
hpc,1975,34.1542472839355
hpc,1976,34.1005973815918
hpc,1977,34.196460723877
hpc,1978,34.4665565490723
hpc,1979,34.9643478393555
hpc,1980,34.9973526000977
hpc,1981,35.3160095214844
hpc,1982,34.5559158325195
hpc,1983,36.7257499694824
hpc,1984,36.9856452941895
hpc,1985,36.9331512451172
hpc,1986,37.5387954711914
hpc,1987,37.5745849609375
hpc,1988,37.4430046081543
hpc,1989,37.1845512390137
hpc,1990,36.834587097168
hpc,1991,36.5978355407715
hpc,1992,36.6561737060547
hpc,1993,36.5431175231934
hpc,1994,37.5624618530273
hpc,1995,39.7148323059082
hpc,1996,39.9682273864746
hpc,1997,39.9274444580078
hpc,1998,38.6805801391602
hpc,1999,40.0855979919434
hpc,2000,42.7565269470215
hpc,2001,44.615535736084
hpc,2002,50.4626045227051
hpc,2003,50.9167137145996
hpc,2004,51.8195838928223
hpc,2005,56.3202667236328
hpc,2006,57.3536987304688
hpc,2007,59.9018745422363
hpc,2008,63.9269828796387
hpc,2009,64.3372268676758
hpc,2010,62.9452743530273
hpc,2011,68.3016662597656
hpc,2012,68.0620880126953
hpc,2013,69.0566253662109
hpc,2014,70.5015258789063
hrv,1998,91.0345077514648
hrv,1999,95.7982177734375
hrv,2000,93.6602325439453
hrv,2001,94.4663009643555
hrv,2002,93.8110961914063
hrv,2003,98.9683074951172
hrv,2005,99.339729309082
hrv,2006,94.3173217773438
hrv,2007,91.9328308105469
hrv,2008,90.4425582885742
hrv,2009,89.3986968994141
hrv,2010,90.1017074584961
hrv,2011,95.0804901123047
hrv,2012,97.8355178833008
hrv,2014,95.7384033203125
hti,1980,26.0743293762207
hti,1981,25.5100898742676
hti,1982,33.2964706420898
hti,1983,38.1292495727539
hti,1984,37.481128692627
hti,1985,36.9997787475586
hti,1986,43.5359306335449
hti,1987,33.2628898620605
hti,1997,42.8695487976074
hun,1996,98.6083984375
hun,1997,89.4822692871094
hun,1998,90.1936492919922
hun,1999,89.6475677490234
hun,2000,88.8184509277344
hun,2001,90.450798034668
hun,2002,92.061767578125
hun,2003,92.6394805908203
hun,2004,91.3274917602539
hun,2005,91.5373077392578
hun,2006,93.080451965332
hun,2007,93.6090927124023
hun,2008,95.6420974731445
hun,2009,95.7892532348633
hun,2010,95.3770980834961
hun,2011,92.7031021118164
hun,2012,92.1769485473633
hun,2013,93.9833526611328
hun,2014,95.2502822875977
idn,1971,54.3582916259766
idn,1972,55.8452186584473
idn,1974,57.8695106506348
idn,1975,61.1278915405273
idn,1976,68.5304718017578
idn,1978,78.036506652832
idn,1981,89.0662612915039
idn,1982,97.56591796875
idn,2001,95.9745178222656
idn,2002,95.9461898803711
idn,2003,95.8922424316406
idn,2004,96.5674362182617
idn,2005,95.5964508056641
idn,2006,91.064697265625
idn,2007,93.195182800293
idn,2008,91.6985626220703
idn,2009,92.2173767089844
idn,2010,92.0969772338867
idn,2011,97.3265686035156
idn,2012,95.9709396362305
idn,2013,96.0431594848633
idn,2014,97.1908798217773
ind,1971,66.6601333618164
ind,1990,87.4593811035156
ind,2000,93.0350875854492
ind,2001,93.5438385009766
ind,2002,94.260871887207
ind,2003,99.5706024169922
ind,2007,94.1147537231445
ind,2008,93.9102020263672
ind,2009,93.7709884643555
ind,2010,96.8572082519531
ind,2011,93.458122253418
ind,2012,94.8370132446289
ind,2013,95.7745666503906
irl,1971,94.6467208862305
irl,1972,93.4697875976563
irl,1973,93.9441528320313
irl,1974,94.7104568481445
irl,1975,61.3665618896484
irl,1976,61.7496490478516
irl,1977,60.5781707763672
irl,1978,60.3643112182617
irl,1979,57.0354881286621
irl,1980,52.2480812072754
irl,1981,48.3591117858887
irl,1982,43.6256790161133
irl,1983,43.1449813842773
irl,1986,48.0426483154297
irl,1987,47.4056510925293
irl,1988,45.0680084228516
irl,1989,43.9585494995117
irl,1990,42.497989654541
irl,1991,41.3828010559082
irl,1992,41.3332290649414
irl,1993,43.030818939209
irl,1994,43.9822196960449
irl,1995,44.4325294494629
irl,1996,44.1428108215332
irl,1997,45.6299514770508
irl,1998,99.2018814086914
irl,1999,99.8255767822266
irl,2000,99.9233322143555
irl,2001,99.7312927246094
irl,2002,99.9976119995117
irl,2003,99.4602813720703
irl,2004,99.9475631713867
irl,2005,99.6190338134766
irl,2006,99.6253433227539
irl,2007,99.2111587524414
irl,2008,99.4618682861328
irl,2009,98.8860626220703
irl,2010,99.5708923339844
irl,2011,95.0681991577148
irl,2012,95.4582290649414
irl,2013,95.9951934814453
irn,1971,37.3666191101074
irn,1984,70.3585662841797
irn,1985,70.2566223144531
irn,1986,71.0805587768555
irn,1987,71.4293518066406
irn,1988,72.4803466796875
irn,1989,73.385871887207
irn,1990,89.5303192138672
irn,1992,94.3103790283203
irn,1997,87.1761703491211
irn,1999,45.4394416809082
irn,2000,45.6221809387207
irn,2002,88.6370391845703
irn,2003,86.4985733032227
irn,2004,98.4185791015625
irn,2005,98.7783889770508
irn,2006,98.7392578125
irn,2007,98.5459518432617
irn,2009,99.3817367553711
irn,2010,99.2825317382813
irn,2011,98.392707824707
irn,2012,98.2442474365234
irn,2013,99.7864608764648
irn,2014,98.0422592163086
irq,1971,52.6772499084473
irq,1972,53.5270309448242
irq,1973,55.3663787841797
irq,1974,58.0784797668457
irq,1975,58.4427185058594
irq,1976,74.4183120727539
irq,1977,67.5686569213867
irq,1978,61.3112411499023
irq,1979,94.9148178100586
irq,1980,84.703971862793
irq,1981,79.2482681274414
irq,1983,80.6556167602539
irq,1985,84.1948699951172
irq,1986,83.0041427612305
irq,1987,83.1909866333008
irq,1988,80.8649291992188
irq,1989,82.0200500488281
irq,1993,67.8727264404297
irq,1996,71.9739990234375
irq,1999,91.008056640625
irq,2000,89.9293823242188
irq,2003,89.9202880859375
irq,2004,88.3664779663086
irq,2007,82.6192016601563
isl,1994,96.7757263183594
isl,1996,98.3091735839844
isl,1997,99.2263717651367
isl,1998,98.8404769897461
isl,1999,98.5159606933594
isl,2000,98.4495010375977
isl,2001,97.1353607177734
isl,2002,94.0092163085938
isl,2003,96.9683532714844
isl,2004,94.8951721191406
isl,2005,96.8494720458984
isl,2006,97.1320190429688
isl,2007,99.5399017333984
isl,2008,98.6379928588867
isl,2009,96.8102798461914
isl,2010,98.4637222290039
isl,2011,99.5900726318359
isl,2012,98.6144714355469
isr,1999,87.9764022827148
isr,2000,88.9412612915039
isr,2001,87.0071411132813
isr,2002,88.0281372070313
isr,2003,86.8790664672852
isr,2004,86.6478118896484
isr,2005,85.9012680053711
isr,2006,83.7889785766602
isr,2007,85.0365371704102
isr,2008,84.5145797729492
isr,2009,82.3068389892578
isr,2010,85.0460586547852
isr,2011,83.0490112304688
isr,2012,86.3560104370117
isr,2013,84.2399978637695
isr,2014,83.3199462890625
ita,1973,99.4588317871094
ita,1976,97.7313079833984
ita,1979,98.6973114013672
ita,1985,97.9439315795898
ita,1996,99.8556900024414
ita,1997,99.8853073120117
ita,1999,99.9586181640625
ita,2000,98.2591934204102
ita,2001,98.6244812011719
ita,2002,97.708869934082
ita,2003,98.5058135986328
ita,2004,98.6050872802734
ita,2005,97.8880233764648
ita,2006,97.8674163818359
ita,2007,97.6997528076172
ita,2008,97.9404525756836
ita,2009,98.047492980957
ita,2010,98.1492385864258
ita,2011,97.3218383789063
ita,2012,98.0903625488281
ita,2013,98.3937911987305
jam,1975,64.8045196533203
jam,1976,56.5331611633301
jam,1977,58.1824684143066
jam,1979,66.1203231811523
jam,1980,66.9246292114258
jam,1981,68.3282928466797
jam,1983,80.6231689453125
jam,1984,79.4167861938477
jam,1985,80.1763000488281
jam,1986,84.592658996582
jam,1987,82.4830322265625
jam,1988,70.1120529174805
jam,1989,79.6938400268555
jam,1990,83.2843780517578
jam,1991,78.0581207275391
jam,1993,75.2627029418945
jam,1999,85.8715515136719
jam,2000,87.3687286376953
jam,2001,88.67138671875
jam,2002,85.0915374755859
jam,2003,80.0712127685547
jam,2004,81.7784194946289
jor,1972,64.932731628418
jor,1973,86.5608520507813
jor,1974,91.7588882446289
jor,1975,92.7243728637695
jor,1976,94.1574325561523
jor,1977,86.2076721191406
jor,1978,97.0098876953125
jor,1979,97.2377624511719
jor,1980,89.0664901733398
jor,1981,85.1304321289063
jor,1982,83.9489364624023
jor,1983,83.2094802856445
jor,1984,88.5293197631836
jor,1985,90.0090866088867
jor,1999,98.1220092773438
jor,2000,99.6173095703125
jor,2002,98.8185501098633
jor,2003,99.0264434814453
jor,2004,97.9497680664063
jor,2005,93.2079925537109
jor,2006,90.7028579711914
jor,2007,89.8787002563477
jor,2008,90.5760192871094
jor,2010,90.1148986816406
jor,2011,87.5793380737305
jor,2012,86.4882125854492
jpn,1971,98.6425399780273
jpn,1972,99.9881820678711
jpn,1973,97.9346466064453
jpn,1974,89.6378479003906
jpn,1975,99.8786315917969
jpn,1976,99.9558486938477
jpn,1977,99.9914627075195
jpn,1978,99.9657592773438
jpn,1979,99.9874725341797
jpn,1980,99.9324111938477
jpn,1981,99.9297714233398
jpn,1982,99.2834396362305
jpn,1983,97.0670776367188
jpn,1984,97.9246978759766
jpn,1985,99.8988723754883
jpn,1986,99.9314727783203
jpn,1987,99.9686889648438
jpn,1988,99.9610595703125
jpn,1989,99.9917221069336
jpn,1990,99.9885101318359
jpn,1991,99.8890762329102
jpn,1992,99.9205627441406
jpn,1994,99.9459991455078
jpn,1995,99.8833312988281
jpn,1998,99.3763809204102
jpn,1999,99.888298034668
jpn,2000,99.890739440918
jpn,2001,99.9630737304688
jpn,2002,99.9899215698242
jpn,2003,99.9356384277344
jpn,2004,99.9321136474609
jpn,2005,99.9704513549805
jpn,2006,99.9944534301758
jpn,2007,99.8840408325195
jpn,2008,99.838752746582
jpn,2009,99.9514770507813
jpn,2010,99.9677734375
jpn,2011,99.3419418334961
jpn,2012,98.2959136962891
jpn,2013,96.3802490234375
kaz,2000,91.620361328125
kaz,2001,90.3674621582031
kaz,2002,96.4842071533203
kaz,2003,95.8750762939453
kaz,2004,94.8866500854492
kaz,2005,93.9058380126953
kaz,2006,95.6739501953125
kaz,2007,95.384407043457
kaz,2008,97.6377716064453
kaz,2009,98.1477203369141
kaz,2010,99.4217681884766
kaz,2011,98.3562164306641
kaz,2012,98.5127716064453
kaz,2013,98.2605819702148
kaz,2014,98.2153472900391
kaz,2015,96.3936309814453
ken,1999,32.8050193786621
ken,2000,34.9196090698242
ken,2001,35.1732215881348
ken,2002,31.5436592102051
ken,2003,40.625
ken,2004,38.0338516235352
ken,2005,38.7560691833496
ken,2006,39.2395515441895
ken,2007,40.6902084350586
ken,2008,39.7237510681152
ken,2009,40.020450592041
ken,2012,41.4834098815918
kgz,1996,90.2331314086914
kgz,1999,90.1143569946289
kgz,2000,87.8294982910156
kgz,2001,89.0567398071289
kgz,2002,91.9092483520508
kgz,2003,91.7435989379883
kgz,2004,91.1509170532227
kgz,2005,90.7025604248047
kgz,2006,93.0685577392578
kgz,2007,92.8240432739258
kgz,2008,92.1842575073242
kgz,2009,91.4264221191406
kgz,2010,95.3907470703125
kgz,2011,95.6352005004883
kgz,2012,95.5569915771484
kgz,2013,95.2975616455078
kgz,2014,93.731086730957
khm,1997,73.8119277954102
khm,1998,68.0479888916016
khm,1999,72.0385589599609
khm,2000,80.5230102539063
khm,2003,88.8746185302734
khm,2006,88.5741271972656
khm,2007,91.7657089233398
khm,2008,82.5938720703125
khm,2010,87.3533401489258
khm,2011,96.5429992675781
khm,2012,94.0108184814453
khm,2014,86.3451538085938
kir,1979,92.3997192382813
kir,1981,92.6643600463867
kir,1982,98.8031921386719
kir,1983,98.4902191162109
kir,1984,88.0167770385742
kir,1985,93.979362487793
kir,1986,94.013298034668
kir,1987,85.0215530395508
kir,1989,99.4353179931641
kir,1991,96.4064025878906
kir,1992,98.8479919433594
kir,1993,95.2534637451172
kir,1994,99.2656402587891
kir,1995,97.4917068481445
kir,1996,97.5416717529297
kir,1997,95.057373046875
kir,2000,98.377197265625
kir,2001,97.4279174804688
kir,2014,89.6325912475586
kna,1984,92.8769607543945
kna,1985,85.83984375
kna,1986,79.8419036865234
kna,1992,99.8361434936523
kna,2002,91.9062805175781
kna,2003,88.8888931274414
kna,2004,87.9040679931641
kna,2005,85.9342880249023
kna,2007,85.7433776855469
kna,2008,71.6494827270508
kna,2009,86.9610900878906
kna,2010,75.3191528320313
kna,2012,78.5942535400391
kna,2013,79.7669525146484
kna,2014,80.1705017089844
kor,1971,82.9400100708008
kor,1972,81.3509674072266
kor,1973,79.3356094360352
kor,1974,80.5037078857422
kor,1975,83.6746597290039
kor,1976,89.4077835083008
kor,1977,86.5220184326172
kor,1978,90.4634399414063
kor,1979,97.2180709838867
kor,1980,97.337760925293
kor,1981,97.1072387695313
kor,1982,95.0266571044922
kor,1983,93.2271575927734
kor,1984,90.4844818115234
kor,1985,96.0489501953125
kor,1986,95.8342437744141
kor,1987,99.35595703125
kor,1988,99.5897903442383
kor,1989,99.0610580444336
kor,1990,99.2048568725586
kor,1991,96.1166000366211
kor,1992,88.2123184204102
kor,1993,92.5700912475586
kor,1994,92.6485366821289
kor,1995,95.4433898925781
kor,1996,95.967041015625
kor,1997,94.9610900878906
kor,1998,97.4653091430664
kor,1999,98.9101104736328
kor,2000,93.2182388305664
kor,2001,95.5298385620117
kor,2002,97.9856872558594
kor,2003,98.0924224853516
kor,2004,97.0879135131836
kor,2005,98.3075408935547
kor,2006,97.0768280029297
kor,2007,98.3809585571289
kor,2008,87.4939727783203
kor,2009,77.6513214111328
kor,2010,95.5392379760742
kor,2011,98.2190399169922
kor,2012,92.3438415527344
kor,2013,94.7758865356445
kwt,1971,36.7504806518555
kwt,1972,35.9650192260742
kwt,1973,37.4134712219238
kwt,1974,25.9652690887451
kwt,1975,29.5685997009277
kwt,1976,27.22878074646
kwt,1977,32.142749786377
kwt,1978,83.6229629516602
kwt,1979,66.8069076538086
kwt,1980,67.2341537475586
kwt,1981,73.8070297241211
kwt,1982,78.5317230224609
kwt,1983,70.9035034179688
kwt,1984,86.6133270263672
kwt,1985,86.3970108032227
kwt,1986,85.9598388671875
kwt,1987,78.9042663574219
kwt,1988,78.2131500244141
kwt,1992,43.0369300842285
kwt,1994,71.3213806152344
kwt,1996,89.7982177734375
kwt,1997,95.4978103637695
kwt,1998,92.2677688598633
kwt,1999,95.0323104858398
kwt,2000,95.2627716064453
kwt,2001,97.1865081787109
kwt,2002,95.6532821655273
kwt,2003,96.9040222167969
kwt,2004,81.4253311157227
kwt,2005,94.2900466918945
kwt,2007,93.2486572265625
kwt,2008,98.9089431762695
kwt,2010,96.9841995239258
kwt,2011,97.236328125
kwt,2012,96.8863067626953
kwt,2013,95.6564102172852
kwt,2014,91.7086868286133
lac,1970,68.0080871582031
lac,1971,68.3786697387695
lac,1972,68.7166519165039
lac,1973,69.1826782226563
lac,1974,69.4067306518555
lac,1975,69.7497482299805
lac,1976,70.2936248779297
lac,1977,71.2399444580078
lac,1978,71.9569625854492
lac,1979,72.4630737304688
lac,1980,72.9159774780273
lac,1981,73.425163269043
lac,1982,74.0918426513672
lac,1983,74.5961456298828
lac,1984,74.7969436645508
lac,1985,75.186653137207
lac,1986,75.8219528198242
lac,1987,76.1612396240234
lac,1988,76.4884338378906
lac,1989,76.9769287109375
lac,1990,77.9774398803711
lac,1991,79.0432662963867
lac,1992,80.1234436035156
lac,1993,80.6214294433594
lac,1994,80.5413284301758
lac,1995,81.3686141967773
lac,1996,82.8772583007813
lac,1997,84.3669738769531
lac,1998,85.3584976196289
lac,1999,86.4982681274414
lac,2000,86.6808395385742
lac,2001,86.1415939331055
lac,2002,87.0457305908203
lac,2003,85.6065216064453
lac,2004,85.2623138427734
lac,2005,85.1628341674805
lac,2006,86.2392730712891
lac,2007,87.5783538818359
lac,2008,88.8577651977539
lac,2009,89.8609848022461
lac,2010,90.6585159301758
lac,2011,91.491943359375
lac,2012,89.8668365478516
lac,2013,87.153938293457
lac,2014,87.2711563110352
lao,1988,50.819149017334
lao,1990,50.8199806213379
lao,1992,38.3162803649902
lao,1993,41.5223007202148
lao,1994,45.8075981140137
lao,1996,46.9930686950684
lao,1997,55.6068801879883
lao,1998,60.800178527832
lao,1999,62.4320983886719
lao,2000,66.3358612060547
lao,2001,65.3293609619141
lao,2002,69.861442565918
lao,2003,72.3781433105469
lao,2004,72.0728607177734
lao,2005,74.5667877197266
lao,2006,77.2615737915039
lao,2007,84.1726226806641
lao,2008,84.2687225341797
lao,2009,87.7241592407227
lao,2010,91.5872116088867
lao,2011,90.5749893188477
lao,2012,92.181770324707
lao,2013,94.5006713867188
lao,2014,92.688591003418
lbn,1974,82.1004180908203
lbn,1997,20.8225803375244
lbn,1998,97.7136306762695
lbn,2002,94.942512512207
lbn,2003,94.5420074462891
lbn,2004,92.7806015014648
lbn,2005,91.5677490234375
lbn,2006,88.0823593139648
lbn,2007,92.7100982666016
lbn,2008,93.0225677490234
lbn,2009,95.4591979980469
lbn,2010,93.5928802490234
lbn,2011,93.5418014526367
lbn,2012,93.5299911499023
lbn,2013,92.5809478759766
lbr,1999,14.404580116272
lbr,2006,8.25282955169678
lbr,2008,17.647310256958
lbr,2009,9.92938995361328
lbr,2011,8.71691036224365
lbr,2014,9.6121997833252
lby,1971,83.04052734375
lby,1972,75.1945495605469
lby,1973,82.6010131835938
lby,1974,85.6242828369141
lby,1975,84.1026382446289
lby,1976,93.5255432128906
lby,1977,91.2501602172852
lby,1978,88.6680221557617
lby,1980,84.2288131713867
lby,1981,88.8939514160156
lby,1983,93.402702331543
lca,1981,84.3418426513672
lca,1982,89.270263671875
lca,1983,96.1904830932617
lca,1984,97.3003997802734
lca,1990,20.2099704742432
lca,2000,91.44287109375
lca,2001,90.5521087646484
lca,2002,94.0420227050781
lca,2003,88.5958023071289
lca,2004,90.4488983154297
lca,2005,85.1912384033203
lca,2006,93.8940811157227
lca,2007,94.1675109863281
lcn,1970,68.6537399291992
lcn,1971,68.9990463256836
lcn,1972,69.321533203125
lcn,1973,69.7818832397461
lcn,1974,70.0142211914063
lcn,1975,70.3420486450195
lcn,1976,70.8786468505859
lcn,1977,71.7687683105469
lcn,1978,72.4212036132813
lcn,1979,72.868896484375
lcn,1980,73.2737884521484
lcn,1981,73.752555847168
lcn,1982,74.3840866088867
lcn,1983,74.8732681274414
lcn,1984,75.1036376953125
lcn,1985,75.4759979248047
lcn,1986,76.0881958007813
lcn,1987,76.4007034301758
lcn,1988,76.7358093261719
lcn,1989,77.2220764160156
lcn,1990,78.2030563354492
lcn,1991,79.2513046264648
lcn,1992,80.3010864257813
lcn,1993,80.7692184448242
lcn,1994,80.6644515991211
lcn,1995,81.4478607177734
lcn,1996,82.8872909545898
lcn,1997,84.2914428710938
lcn,1998,85.2692794799805
lcn,1999,86.3871688842773
lcn,2000,86.5743713378906
lcn,2001,86.0694580078125
lcn,2002,86.9627151489258
lcn,2003,85.5914764404297
lcn,2004,85.2690887451172
lcn,2005,85.1939544677734
lcn,2006,86.2501907348633
lcn,2007,87.4751129150391
lcn,2008,88.7350769042969
lcn,2009,89.6521759033203
lcn,2010,90.4030685424805
lcn,2011,91.1973342895508
lcn,2012,89.6419296264648
lcn,2013,87.0540237426758
lcn,2014,87.2142715454102
ldc,1970,38.6079521179199
ldc,1971,39.0789642333984
ldc,1972,40.0230979919434
ldc,1973,40.9096488952637
ldc,1974,40.6952209472656
ldc,1975,40.9616088867188
ldc,1976,41.4445381164551
ldc,1977,42.0123977661133
ldc,1978,42.6098136901855
ldc,1979,43.4341201782227
ldc,1980,44.3199806213379
ldc,1981,45.1016502380371
ldc,1982,44.8608245849609
ldc,1983,46.9496383666992
ldc,1984,48.1604537963867
ldc,1985,47.7831268310547
ldc,1986,48.0462608337402
ldc,1987,47.9640960693359
ldc,1988,50.5356750488281
ldc,1989,50.6356506347656
ldc,1990,50.9435157775879
ldc,1991,50.4752426147461
ldc,1992,49.8578796386719
ldc,1993,49.2201271057129
ldc,1994,49.375057220459
ldc,1995,50.3592376708984
ldc,1996,50.0161590576172
ldc,1997,49.5373840332031
ldc,1998,48.6713485717773
ldc,1999,48.8571739196777
ldc,2000,51.5960845947266
ldc,2001,54.049617767334
ldc,2002,59.0411720275879
ldc,2003,60.229663848877
ldc,2004,61.3198776245117
ldc,2005,65.28173828125
ldc,2006,65.879264831543
ldc,2007,66.9534378051758
ldc,2008,70.1765213012695
ldc,2009,70.7984924316406
ldc,2010,70.4006042480469
ldc,2011,73.9367599487305
ldc,2012,74.0290985107422
ldc,2013,74.1347427368164
ldc,2014,74.7165298461914
lic,1973,36.4086303710938
lic,1974,36.9164581298828
lic,1975,36.972713470459
lic,1976,37.1457252502441
lic,1977,37.3674392700195
lic,1978,37.6071929931641
lic,1979,38.0092086791992
lic,1980,38.3578071594238
lic,1981,38.4264793395996
lic,1982,37.2518653869629
lic,1983,39.2137336730957
lic,1984,38.7954406738281
lic,1985,38.2664375305176
lic,1986,38.5946998596191
lic,1987,38.4326438903809
lic,1988,38.211483001709
lic,1989,38.151050567627
lic,1990,37.9799156188965
lic,1991,37.752368927002
lic,1992,37.359691619873
lic,1993,36.8531684875488
lic,1994,37.5604133605957
lic,1995,39.6659545898438
lic,1996,39.4844551086426
lic,1997,39.1317176818848
lic,1998,38.388599395752
lic,1999,39.1892356872559
lic,2000,42.1787567138672
lic,2001,44.8541259765625
lic,2002,51.694507598877
lic,2003,52.6164894104004
lic,2004,53.4116020202637
lic,2005,58.3412666320801
lic,2006,59.6020584106445
lic,2007,62.3762702941895
lic,2008,66.9453811645508
lic,2009,67.5765991210938
lic,2010,65.6273727416992
lic,2011,71.1305389404297
lic,2012,71.2919692993164
lic,2013,71.8412933349609
lic,2014,72.8583602905273
lie,2003,99.5708236694336
lie,2004,99.0039367675781
lie,2006,97.8170623779297
lie,2007,98.2543563842773
lie,2008,97.7777786254883
lie,2009,95.7333297729492
lie,2010,98.2382583618164
lie,2011,95.9885406494141
lie,2012,97.6744232177734
lie,2014,97.8201599121094
lka,1986,99.00390625
lka,2001,95.0113830566406
lka,2002,96.3956909179688
lka,2003,93.3285598754883
lka,2004,90.0297470092773
lka,2005,94.209098815918
lka,2006,95.5731964111328
lka,2007,96.2828216552734
lka,2008,92.6762084960938
lka,2009,91.4655303955078
lka,2010,92.1556167602539
lka,2011,91.7494125366211
lka,2012,94.6850662231445
lka,2013,97.316650390625
lka,2014,97.0697631835938
lmc,1970,63.0572509765625
lmc,1971,63.17919921875
lmc,1972,64.0580749511719
lmc,1973,64.8742218017578
lmc,1974,65.2149276733398
lmc,1975,66.4985427856445
lmc,1976,68.0817413330078
lmc,1977,69.2509078979492
lmc,1978,70.4664611816406
lmc,1979,71.4711227416992
lmc,1980,72.599967956543
lmc,1981,73.6243515014648
lmc,1982,74.9344329833984
lmc,1983,75.6020889282227
lmc,1984,76.6895370483398
lmc,1985,76.9897918701172
lmc,1986,77.5650939941406
lmc,1987,77.9248580932617
lmc,1988,79.3949584960938
lmc,1989,79.9702453613281
lmc,1990,80.6511001586914
lmc,1991,80.7137908935547
lmc,1992,80.8450698852539
lmc,1993,81.0142822265625
lmc,1994,81.1949920654297
lmc,1995,81.2947845458984
lmc,1996,81.3336639404297
lmc,1997,81.4208526611328
lmc,1998,80.7249603271484
lmc,1999,81.4120101928711
lmc,2000,82.0558395385742
lmc,2001,82.3094863891602
lmc,2002,82.914436340332
lmc,2003,85.5213165283203
lmc,2004,84.87060546875
lmc,2005,84.0936889648438
lmc,2006,82.5394821166992
lmc,2007,83.9468231201172
lmc,2008,83.2759552001953
lmc,2009,83.4433288574219
lmc,2010,85.5456085205078
lmc,2011,84.4918823242188
lmc,2012,85.0887603759766
lmc,2013,85.4363784790039
lmc,2014,85.4073181152344
lmy,1970,72.4178085327148
lmy,1971,72.7110366821289
lmy,1972,73.2767181396484
lmy,1973,73.8852386474609
lmy,1974,74.1972274780273
lmy,1975,74.9076385498047
lmy,1976,75.84716796875
lmy,1977,76.4380722045898
lmy,1978,76.9097442626953
lmy,1979,77.4245681762695
lmy,1980,77.7357559204102
lmy,1981,78.0177917480469
lmy,1982,78.3338470458984
lmy,1983,78.5530853271484
lmy,1984,78.7997894287109
lmy,1985,78.6149139404297
lmy,1986,78.7214050292969
lmy,1987,78.7326965332031
lmy,1988,79.3731842041016
lmy,1989,79.7023849487305
lmy,1990,80.5395736694336
lmy,1991,79.7545623779297
lmy,1992,79.0176315307617
lmy,1993,78.7100982666016
lmy,1994,79.3039398193359
lmy,1995,80.3233032226563
lmy,1996,79.483772277832
lmy,1997,79.4614944458008
lmy,1998,80.1656951904297
lmy,1999,81.4512252807617
lmy,2000,81.6758270263672
lmy,2001,81.9545822143555
lmy,2002,83.0463104248047
lmy,2003,84.0339965820313
lmy,2004,83.4885559082031
lmy,2005,83.4279327392578
lmy,2006,82.656135559082
lmy,2007,83.7825241088867
lmy,2008,84.0952758789063
lmy,2009,84.3300933837891
lmy,2010,84.9809417724609
lmy,2011,85.1058578491211
lmy,2012,85.1789855957031
lmy,2013,85.1376953125
lmy,2014,84.8693771362305
lso,1970,40.404541015625
lso,1971,36.5354499816895
lso,1972,35.7107200622559
lso,1973,38.6449584960938
lso,1974,51.5383682250977
lso,1976,52.3087387084961
lso,1977,52.8791809082031
lso,1978,37.0796508789063
lso,1979,34.6705284118652
lso,1980,38.3764915466309
lso,1981,37.733699798584
lso,1982,42.5539588928223
lso,1983,41.5284881591797
lso,1984,40.9897689819336
lso,1985,46.91748046875
lso,1986,42.8207397460938
lso,1987,42.4666404724121
lso,1988,45.4495391845703
lso,1989,44.4641189575195
lso,1990,42.4465293884277
lso,1991,44.3303604125977
lso,1992,44.9803504943848
lso,1993,40.5480117797852
lso,1994,40.5897216796875
lso,1995,32.2760696411133
lso,1996,36.3157081604004
lso,1998,19.4008808135986
lso,1999,26.8174304962158
lso,2000,63.4769897460938
lso,2001,62.5998802185059
lso,2002,59.9877395629883
lso,2003,60.5395698547363
lso,2004,56.7555809020996
lso,2005,54.7542304992676
lso,2006,59.3366889953613
lso,2007,60.3513984680176
lso,2008,61.3974609375
lso,2009,62.9178085327148
lso,2010,69.2557373046875
lso,2011,70.5311889648438
lso,2012,69.7920303344727
lso,2013,64.9018936157227
lso,2014,64.4755325317383
ltu,1998,92.7766189575195
ltu,1999,92.9456100463867
ltu,2000,92.670036315918
ltu,2001,91.8696365356445
ltu,2002,85.4998092651367
ltu,2003,86.7424926757813
ltu,2004,88.2626190185547
ltu,2005,90.9733963012695
ltu,2006,95.7156524658203
ltu,2007,96.9352874755859
ltu,2008,97.2117462158203
ltu,2009,96.2116165161133
ltu,2010,95.386589050293
ltu,2011,97.5035705566406
ltu,2012,97.2470779418945
ltu,2013,99.0687408447266
ltu,2014,98.6389389038086
lux,1972,93.2351226806641
lux,1973,91.6291809082031
lux,1974,92.1813125610352
lux,1975,90.9310302734375
lux,1976,89.31640625
lux,1977,89.4747924804688
lux,1978,92.6597595214844
lux,1981,62.9735488891602
lux,1982,71.3274765014648
lux,1983,63.4838409423828
lux,1984,64.543212890625
lux,1986,59.0499382019043
lux,1987,51.2183418273926
lux,1988,62.5655708312988
lux,1999,92.1128768920898
lux,2000,93.7665481567383
lux,2001,94.4978103637695
lux,2002,92.9664688110352
lux,2003,90.0154724121094
lux,2004,91.706901550293
lux,2005,93.0658798217773
lux,2006,93.5049209594727
lux,2007,94.4940872192383
lux,2008,92.4518585205078
lux,2010,92.4136810302734
lux,2011,90.6992416381836
lux,2012,92.236442565918
lux,2013,92.8102416992188
lva,1999,93.9152526855469
lva,2009,90.2858963012695
lva,2010,92.5455169677734
lva,2011,92.1384887695313
lva,2012,86.3825302124023
lva,2013,88.8137435913086
lva,2014,88.7963790893555
mac,1990,59.8488616943359
mac,1992,71.5257186889648
mar,1971,40.5124816894531
mar,1972,41.4048309326172
mar,1973,40.969108581543
mar,1975,45.3417816162109
mar,1976,53.0999794006348
mar,1977,53.8824691772461
mar,1978,57.0718193054199
mar,1979,57.477611541748
mar,1980,62.0983810424805
mar,1981,63.150749206543
mar,1982,60.994270324707
mar,1983,65.4397735595703
mar,1984,68.9545822143555
mar,1985,59.1421089172363
mar,1986,61.7079887390137
mar,1987,59.4065284729004
mar,1988,60.1665916442871
mar,1989,56.7823715209961
mar,1990,58.18994140625
mar,1991,61.0567512512207
mar,1992,62.1186714172363
mar,1993,64.5842132568359
mar,1994,69.0225601196289
mar,1995,72.5313110351563
mar,1996,72.2051010131836
mar,1997,73.3105010986328
mar,1998,35.4932403564453
mar,1999,50.9847106933594
mar,2000,61.7823181152344
mar,2001,71.9790878295898
mar,2002,81.3404922485352
mar,2003,83.4541168212891
mar,2004,84.6415023803711
mar,2005,86.7708435058594
mar,2006,86.8774490356445
mar,2007,89.5723724365234
mar,2008,87.960319519043
mar,2009,82.6656494140625
mar,2010,91.8118133544922
mar,2011,93.9607925415039
mar,2013,92.9786605834961
mar,2014,92.4529190063477
mda,2003,89.3156661987305
mda,2004,91.9940414428711
mda,2005,82.1503829956055
mda,2006,81.6886825561523
mda,2007,86.3721008300781
mda,2008,87.9177017211914
mda,2009,85.3486099243164
mda,2010,89.0000305175781
mda,2011,88.6897201538086
mda,2012,88.8521194458008
mda,2013,88.0336380004883
mda,2014,88.1552734375
mdg,1972,50.1241989135742
mdg,1989,60.2452392578125
mdg,1990,61.3757514953613
mdg,1995,49.2202186584473
mdg,1996,52.5291481018066
mdg,1999,57.2704086303711
mdg,2000,54.7034606933594
mdg,2001,57.8368911743164
mdg,2002,59.572639465332
mdg,2003,74.4107666015625
mdv,1997,93.7170867919922
mdv,1999,88.7784805297852
mdv,2000,94.7117080688477
mdv,2001,90.3394775390625
mdv,2002,90.2374801635742
mdv,2004,94.2146224975586
mdv,2005,85.9872589111328
mdv,2006,83.7018814086914
mdv,2007,81.4066162109375
mdv,2008,80.2058715820313
mdv,2009,77.7815399169922
mea,1970,54.348560333252
mea,1971,54.314624786377
mea,1972,54.9042015075684
mea,1973,56.0331535339355
mea,1974,57.3295059204102
mea,1975,58.4616889953613
mea,1976,62.748462677002
mea,1977,63.4325714111328
mea,1978,64.5709533691406
mea,1979,68.3454284667969
mea,1980,68.6096267700195
mea,1981,69.1031951904297
mea,1982,69.3520431518555
mea,1983,70.6010818481445
mea,1984,73.2183074951172
mea,1985,71.8463287353516
mea,1986,73.0374145507813
mea,1987,73.719123840332
mea,1988,73.5051727294922
mea,1989,74.0107498168945
mea,1990,77.8993988037109
mea,1991,78.7224426269531
mea,1992,79.3027267456055
mea,1993,78.6389846801758
mea,1994,79.2309341430664
mea,1995,79.287239074707
mea,1996,78.3860549926758
mea,1997,78.9049530029297
mea,1998,72.0689926147461
mea,1999,69.2687911987305
mea,2000,71.9760055541992
mea,2001,79.0924682617188
mea,2002,84.6161346435547
mea,2003,84.7433700561523
mea,2004,88.00927734375
mea,2005,87.8756790161133
mea,2006,86.9490280151367
mea,2007,87.4802932739258
mea,2008,86.9311752319336
mea,2009,86.9235763549805
mea,2010,88.4432907104492
mea,2011,88.4744338989258
mea,2012,89.3541641235352
mea,2013,88.7131805419922
mea,2014,88.3290634155273
mex,1971,49.3169708251953
mex,1997,96.7618713378906
mex,1998,96.4202880859375
mex,1999,97.7460632324219
mex,2000,97.16552734375
mex,2001,95.9258193969727
mex,2002,95.6940002441406
mex,2003,93.3768768310547
mex,2004,91.02734375
mex,2005,91.477409362793
mex,2006,91.9521865844727
mex,2007,94.7861633300781
mex,2008,97.7742614746094
mex,2009,96.9481201171875
mex,2010,96.2906723022461
mex,2011,96.7610321044922
mex,2012,96.6470184326172
mex,2013,97.367301940918
mex,2014,98.63427734375
mhl,2002,91.7918167114258
mhl,2011,99.0102920532227
mic,1970,75.3484191894531
mic,1971,75.6546325683594
mic,1972,76.2614364624023
mic,1973,76.9059371948242
mic,1974,77.2269058227539
mic,1975,78.0196762084961
mic,1976,79.0442962646484
mic,1977,79.6985626220703
mic,1978,80.2308044433594
mic,1979,80.8019332885742
mic,1980,81.1503295898438
mic,1981,81.5076370239258
mic,1982,82.0237350463867
mic,1983,82.1526336669922
mic,1984,82.5400924682617
mic,1985,82.4665603637695
mic,1986,82.6297760009766
mic,1987,82.7499465942383
mic,1988,83.547248840332
mic,1989,83.970703125
mic,1990,84.9536361694336
mic,1991,84.152458190918
mic,1992,83.4409408569336
mic,1993,83.1886367797852
mic,1994,83.7904891967773
mic,1995,84.7126998901367
mic,1996,83.8412628173828
mic,1997,83.9404602050781
mic,1998,84.9696578979492
mic,1999,86.5243225097656
mic,2000,86.6183547973633
mic,2001,86.8082733154297
mic,2002,87.3237762451172
mic,2003,88.5050048828125
mic,2004,87.9892044067383
mic,2005,87.3162002563477
mic,2006,86.3500671386719
mic,2007,87.3129043579102
mic,2008,86.9988479614258
mic,2009,87.2220230102539
mic,2010,88.3614501953125
mic,2011,87.6015930175781
mic,2012,87.6958389282227
mic,2013,87.5887145996094
mic,2014,87.1169357299805
mkd,1998,98.8847732543945
mkd,1999,97.8882369995117
mkd,2000,92.2529296875
mkd,2001,93.9312133789063
mkd,2002,92.2868499755859
mkd,2003,91.5814895629883
mkd,2004,91.7054901123047
mkd,2005,90.6054763793945
mkd,2006,89.6122436523438
mkd,2007,87.6794815063477
mkd,2008,81.2796020507813
mkd,2009,87.1187591552734
mkd,2010,89.3288497924805
mkd,2012,87.1323394775391
mli,1971,13.8352203369141
mli,1972,14.7422399520874
mli,1973,16.6100406646729
mli,1974,18.8734493255615
mli,1977,15.5597496032715
mli,1999,38.1820983886719
mli,2002,51.007740020752
mli,2003,50.8834190368652
mli,2004,52.3766593933105
mli,2005,55.5871086120605
mli,2006,60.8314094543457
mli,2007,63.0257186889648
mli,2009,64.2837371826172
mli,2010,66.9546432495117
mli,2011,67.7522125244141
mli,2012,62.9396591186523
mli,2013,57.6443901062012
mli,2014,57.9927597045898
mlt,1971,39.908088684082
mlt,1972,44.0837898254395
mlt,1973,49.1035003662109
mlt,1974,53.2336082458496
mlt,1975,47.8078384399414
mlt,1976,57.972038269043
mlt,1977,61.7075386047363
mlt,1978,54.4439582824707
mlt,1979,55.3852386474609
mlt,1980,53.6908912658691
mlt,1981,47.6358909606934
mlt,1982,49.433349609375
mlt,1983,41.6972198486328
mlt,1984,51.5688896179199
mlt,1985,71.92333984375
mlt,1986,68.755241394043
mlt,1987,68.894172668457
mlt,1988,74.2031021118164
mlt,1989,75.1035079956055
mlt,1990,78.4368133544922
mlt,1991,75.7171936035156
mlt,1992,72.6042404174805
mlt,1993,72.6931304931641
mlt,1994,66.3060531616211
mlt,1995,71.1218032836914
mlt,1996,74.1009674072266
mlt,1997,72.7177276611328
mlt,2011,94.3017883300781
mlt,2012,95.4057388305664
mlt,2013,96.9036636352539
mmr,1971,43.3153305053711
mmr,1973,53.5419616699219
mmr,1974,44.9611206054688
mmr,1978,51.264289855957
mmr,2000,89.8441772460938
mmr,2001,99.0005187988281
mmr,2002,99.6866302490234
mmr,2003,99.7215881347656
mmr,2005,98.7650604248047
mmr,2014,97.8273010253906
mna,1970,55.2895278930664
mna,1971,55.276927947998
mna,1972,55.937873840332
mna,1973,57.1723899841309
mna,1974,58.6591453552246
mna,1975,59.8190612792969
mna,1976,64.5512924194336
mna,1977,65.2820358276367
mna,1978,66.1652374267578
mna,1979,70.5103530883789
mna,1980,70.8437194824219
mna,1981,71.3402709960938
mna,1982,71.5914154052734
mna,1983,72.9136199951172
mna,1984,75.6117248535156
mna,1985,74.0886154174805
mna,1986,75.203857421875
mna,1987,75.8389434814453
mna,1988,75.6504211425781
mna,1989,76.178352355957
mna,1990,80.5369567871094
mna,1991,81.4983444213867
mna,1992,82.1578674316406
mna,1993,81.179443359375
mna,1994,81.6119003295898
mna,1995,81.4929809570313
mna,1996,80.3422393798828
mna,1997,80.8360366821289
mna,1998,73.205078125
mna,1999,69.9735107421875
mna,2000,72.9283065795898
mna,2001,80.8914108276367
mna,2002,87.032829284668
mna,2003,87.1861801147461
mna,2004,90.8657989501953
mna,2005,90.5589294433594
mna,2006,89.4893569946289
mna,2007,89.9188537597656
mna,2008,89.1170349121094
mna,2009,89.0089340209961
mna,2010,89.2631301879883
mna,2011,89.1836395263672
mna,2012,89.953125
mna,2013,89.088493347168
mna,2014,88.8776016235352
mne,2007,98.9220962524414
mne,2008,99.2154922485352
mne,2012,91.1582717895508
mne,2015,94.3355865478516
mng,1995,92.5574722290039
mng,1996,88.789436340332
mng,1997,89.7089920043945
mng,1998,90.8802108764648
mng,1999,93.8343505859375
mng,2000,93.1763610839844
mng,2001,93.1701812744141
mng,2002,83.5601119995117
mng,2003,93.8600463867188
mng,2004,97.212760925293
mng,2005,87.861701965332
mng,2006,95.9225006103516
mng,2007,92.901969909668
mng,2009,83.0074005126953
mng,2010,90.5153274536133
mng,2011,91.6783065795898
mng,2012,90.424201965332
mng,2013,89.5603637695313
mng,2014,99.5439910888672
moz,1973,35.5141105651855
moz,1979,28.8785190582275
moz,1981,28.5166893005371
moz,1982,12.2934598922729
moz,1983,48.5527305603027
moz,1985,46.2830696105957
moz,1986,44.8507499694824
moz,1987,43.1531410217285
moz,1988,38.2514190673828
moz,1989,38.6327590942383
moz,1990,39.2049903869629
moz,1991,36.4382209777832
moz,1992,36.2444114685059
moz,1993,35.7344398498535
moz,1994,36.6672706604004
moz,1995,38.3513984680176
moz,1998,19.3488597869873
moz,1999,23.7854099273682
moz,2000,28.2542095184326
moz,2001,32.3696899414063
moz,2002,32.5964508056641
moz,2004,43.4320106506348
moz,2005,49.5112800598145
moz,2006,53.1266708374023
moz,2007,57.8369483947754
moz,2008,60.0256195068359
moz,2009,61.2387504577637
moz,2010,63.8560600280762
moz,2011,63.8069686889648
moz,2012,65.4034881591797
moz,2013,70.3397827148438
moz,2014,73.8075714111328
mrt,1985,5.36366987228394
mrt,1994,21.5295791625977
mrt,1995,24.4070205688477
mrt,1996,27.3380794525146
mrt,1998,30.6760196685791
mrt,1999,28.354959487915
mrt,2000,28.4403190612793
mrt,2001,34.2241401672363
mrt,2002,41.7368316650391
mrt,2003,43.3338203430176
mrt,2004,41.6073112487793
mrt,2005,39.4622116088867
mrt,2006,40.3427391052246
mrt,2007,37.8097915649414
mrt,2008,36.103588104248
mrt,2009,37.0684394836426
mrt,2010,34.9794616699219
mrt,2011,41.5322685241699
mrt,2012,40.1791610717773
mrt,2013,39.5562210083008
mrt,2014,46.1695404052734
mus,1972,20.5131301879883
mus,1973,21.6404590606689
mus,1974,21.2004299163818
mus,1975,24.033239364624
mus,1976,21.8726596832275
mus,1977,53.8851013183594
mus,1978,52.5628089904785
mus,1979,52.6990585327148
mus,1980,53.2043495178223
mus,1981,72.1521301269531
mus,1982,92.818717956543
mus,1983,99.6185913085938
mus,1984,94.3595504760742
mus,1985,99.820426940918
mus,1986,57.9373893737793
mus,1987,56.6364402770996
mus,1988,52.5498008728027
mus,1989,50.6002807617188
mus,1990,49.2516593933105
mus,1991,47.3705291748047
mus,1993,74.7313766479492
mus,1994,79.6334381103516
mus,1995,77.3607864379883
mus,1996,79.8780212402344
mus,1997,75.3416213989258
mus,1998,74.7368927001953
mus,2001,61.4281196594238
mus,2007,82.3281631469727
mus,2008,81.9564514160156
mus,2009,83.1945266723633
mus,2010,83.4878692626953
mus,2011,86.0282897949219
mus,2012,69.9012603759766
mus,2013,83.5956268310547
mus,2014,80.6812286376953
mwi,1999,76.2298431396484
mwi,2002,87.6959228515625
mwi,2004,91.4278335571289
mwi,2005,88.8028564453125
mwi,2006,90.1097412109375
mwi,2007,91.3604431152344
mwi,2008,90.6848831176758
mwi,2009,91.1305084228516
mwi,2014,97.4891662597656
mys,1970,85.9238891601563
mys,1971,88.0802688598633
mys,1972,87.4465789794922
mys,1994,96.8314514160156
mys,1998,95.0213623046875
mys,1999,92.1520004272461
mys,2000,99.7263107299805
mys,2001,99.6264495849609
mys,2002,98.6019592285156
mys,2003,98.1661071777344
mys,2004,97.3189163208008
mys,2005,96.8585205078125
mys,2006,96.5360717773438
mys,2007,96.1913528442383
mys,2008,95.7194976806641
mys,2009,95.0034332275391
mys,2010,94.280403137207
mys,2011,94.5964889526367
mys,2012,94.744873046875
nac,1985,87.0364761352539
nac,1986,87.1902160644531
nac,1987,88.6185302734375
nac,1988,88.4279251098633
nac,1989,88.2593231201172
nac,1990,88.076904296875
nac,1991,85.6822280883789
nac,1992,85.0564422607422
nac,1993,83.8638763427734
nac,1994,84.0979232788086
nac,1995,85.1958389282227
nac,1996,88.7059478759766
nac,1997,88.4863815307617
nac,1998,88.2621154785156
nac,1999,87.7326507568359
nac,2000,86.7343444824219
nac,2001,83.661003112793
nac,2002,82.0458526611328
nac,2003,84.3892440795898
nac,2004,80.020751953125
nac,2005,81.9405517578125
nac,2006,82.8717575073242
nac,2007,86.2831802368164
nac,2008,87.9368209838867
nac,2009,81.7343444824219
nac,2010,84.0423889160156
nac,2011,85.8507690429688
nac,2012,79.2889022827148
nac,2013,78.6540679931641
nac,2014,80.3223419189453
nam,1989,70.8925933837891
nam,1990,71.143310546875
nam,1992,74.9503936767578
nam,1998,78.3056716918945
nam,1999,78.9079513549805
nam,2000,77.3327026367188
nam,2001,77.360107421875
nam,2002,75.4007034301758
nam,2003,75.6562271118164
nam,2004,72.3414535522461
nam,2005,74.7067031860352
nam,2006,74.5810928344727
nam,2007,77.4082107543945
nam,2008,74.7271423339844
nam,2009,73.3203125
nam,2010,74.5894622802734
nam,2012,81.8362579345703
nam,2013,85.0614929199219
ner,1973,12.2635297775269
ner,1974,15.2732200622559
ner,1977,18.4874897003174
ner,1978,18.4260997772217
ner,1981,22.469690322876
ner,1986,25.6128196716309
ner,1989,25.1041793823242
ner,1990,24.1197605133057
ner,1991,24.4357795715332
ner,1992,17.528190612793
ner,1997,27.6698207855225
ner,1998,26.2311401367188
ner,1999,32.8078689575195
ner,2000,31.5884494781494
ner,2001,42.1878318786621
ner,2002,50.7316398620605
ner,2003,55.1116714477539
ner,2004,52.7760887145996
ner,2005,45.5754699707031
ner,2006,49.7436218261719
ner,2007,46.8024787902832
ner,2008,58.5555381774902
ner,2009,68.2112884521484
ner,2010,72.8328323364258
ner,2011,76.0620269775391
ner,2012,72.3724594116211
ner,2013,71.0125732421875
ner,2014,68.458381652832
nga,1999,38.5318908691406
nga,2000,40.3588485717773
nga,2004,40.5827102661133
nga,2005,40.7777786254883
nga,2006,41.0670509338379
nga,2007,61.7710189819336
nga,2008,55.5644187927246
nga,2009,56.3284683227539
nga,2010,56.1879081726074
nic,1970,50.7545204162598
nic,1971,53.5736999511719
nic,1972,50.781909942627
nic,1973,54.0166816711426
nic,1974,50.8139991760254
nic,1975,50.8179397583008
nic,1976,50.82958984375
nic,1977,50.8286094665527
nic,1978,50.0904388427734
nic,1980,58.7416687011719
nic,1982,62.4771995544434
nic,1983,60.7305183410645
nic,1984,62.9813003540039
nic,1985,62.4715309143066
nic,1986,61.5816612243652
nic,1987,66.0202026367188
nic,1988,66.440803527832
nic,1989,65.2010879516602
nic,1990,64.9651489257813
nic,1991,66.4462890625
nic,1992,69.9115219116211
nic,1993,70.6994781494141
nic,1994,72.7301712036133
nic,1995,69.7429504394531
nic,1999,86.3938598632813
nic,2000,91.0432891845703
nic,2001,93.2636184692383
nic,2002,96.9041976928711
nic,2004,95.9277725219727
nic,2005,97.5158081054688
nic,2006,80.0506134033203
nic,2007,85.5231018066406
nic,2008,80.1504821777344
nic,2010,77.643440246582
nld,1971,73.01171875
nld,1972,71.3296432495117
nld,1973,69.8518981933594
nld,1974,69.9622802734375
nld,1975,70.1302795410156
nld,1976,74.2439880371094
nld,1977,73.5103530883789
nld,1978,72.2701873779297
nld,1979,71.4623184204102
nld,1980,68.5025863647461
nld,1981,67.1064376831055
nld,1982,66.950798034668
nld,1983,68.0505523681641
nld,1984,69.2479629516602
nld,1985,71.0493621826172
nld,1986,99.2217178344727
nld,1987,99.4518203735352
nld,1988,98.9690628051758
nld,1989,98.2750625610352
nld,1990,96.1030197143555
nld,1991,97.2871017456055
nld,1992,96.8281326293945
nld,1993,98.3719100952148
nld,1994,99.811279296875
nld,1995,98.7296371459961
nld,1996,98.7000198364258
nld,1997,99.7989730834961
nld,1999,99.2808990478516
nld,2000,99.1058731079102
nld,2001,98.743782043457
nld,2002,97.6592102050781
nld,2003,97.1753463745117
nld,2004,99.238037109375
nld,2005,99.2331390380859
nld,2006,99.1267013549805
nld,2007,99.5456314086914
nld,2008,99.8410568237305
nld,2009,99.6743011474609
nld,2010,99.9576568603516
nld,2011,97.8718872070313
nld,2012,95.972526550293
nor,1976,96.3410110473633
nor,1977,97.7115783691406
nor,1978,94.208610534668
nor,1979,96.8124618530273
nor,1981,95.055419921875
nor,1982,95.684928894043
nor,1984,92.7067337036133
nor,1985,92.3229827880859
nor,1986,98.1334991455078
nor,1987,99.7597122192383
nor,1988,99.6442413330078
nor,1989,99.0122299194336
nor,1990,99.9936676025391
nor,1991,97.199089050293
nor,1992,96.7968673706055
nor,1993,96.2399597167969
nor,1994,96.5224533081055
nor,1995,97.2192230224609
nor,1996,99.552978515625
nor,1997,99.7423400878906
nor,1998,98.8724365234375
nor,1999,98.5707702636719
nor,2000,97.8897018432617
nor,2001,97.8449401855469
nor,2002,98.0747375488281
nor,2003,98.0563430786133
nor,2004,98.2909393310547
nor,2005,96.928840637207
nor,2006,98.4266662597656
nor,2007,98.1869125366211
nor,2008,97.7753219604492
nor,2009,97.1981201171875
nor,2010,99.0185928344727
nor,2011,98.9252624511719
nor,2012,99.2666091918945
nor,2013,99.3183898925781
nor,2014,99.1850128173828
npl,1983,57.5990715026855
npl,1984,56.2079086303711
npl,1988,55.7094497680664
npl,1999,59.1607704162598
npl,2000,64.9045791625977
npl,2003,77.2788314819336
npl,2004,78.3928604125977
npl,2011,96.262809753418
npl,2012,99.82177734375
npl,2014,98.5607070922852
nru,2012,75.3906326293945
nru,2014,76.0135116577148
nzl,1970,98.1812515258789
nzl,1971,96.9377670288086
nzl,1972,99.4234085083008
nzl,1973,99.9201202392578
nzl,1974,99.1093368530273
nzl,1975,99.5531616210938
nzl,1977,99.1726531982422
nzl,1978,98.784538269043
nzl,1979,99.1252365112305
nzl,1980,97.1953201293945
nzl,1981,95.5423278808594
nzl,1982,99.01806640625
nzl,1983,99.5338287353516
nzl,1984,99.2767791748047
nzl,1985,99.8606491088867
nzl,1986,99.5754470825195
nzl,1987,99.5010070800781
nzl,1988,99.5583801269531
nzl,1989,99.3115921020508
nzl,1990,99.8376770019531
nzl,1991,98.6057968139648
nzl,1992,96.5348434448242
nzl,1994,98.2408981323242
nzl,1995,99.4204635620117
nzl,1996,99.4962005615234
nzl,1997,99.1768493652344
nzl,1998,97.8462677001953
nzl,1999,93.6344833374023
nzl,2000,93.8797912597656
nzl,2001,92.5434417724609
nzl,2002,93.5962295532227
nzl,2003,97.27880859375
nzl,2004,96.6016082763672
nzl,2005,96.5445098876953
nzl,2006,96.7825012207031
nzl,2007,96.2416534423828
nzl,2008,96.9634170532227
nzl,2009,97.0646896362305
nzl,2010,97.4329376220703
nzl,2011,95.7044830322266
nzl,2012,95.5424499511719
nzl,2013,95.9922027587891
nzl,2014,95.9398193359375
oed,1970,86.4882049560547
oed,1971,86.3989486694336
oed,1972,86.2405319213867
oed,1973,85.9823608398438
oed,1974,85.3977355957031
oed,1975,86.8520050048828
oed,1976,87.4303283691406
oed,1977,87.5311584472656
oed,1978,88.1146545410156
oed,1979,88.5212020874023
oed,1980,88.7435989379883
oed,1981,88.7631225585938
oed,1982,88.5537185668945
oed,1983,88.4967346191406
oed,1984,88.8475723266602
oed,1985,89.7646865844727
oed,1986,90.330078125
oed,1987,91.1003265380859
oed,1988,91.2298049926758
oed,1989,91.48583984375
oed,1990,91.5109405517578
oed,1991,90.897575378418
oed,1992,90.5932769775391
oed,1993,90.8439025878906
oed,1994,91.0989303588867
oed,1995,91.6827697753906
oed,1996,92.9272918701172
oed,1997,92.9734497070313
oed,1998,93.2607040405273
oed,1999,93.4368057250977
oed,2000,92.6410446166992
oed,2001,91.8707046508789
oed,2002,91.2336578369141
oed,2003,91.6369171142578
oed,2004,90.1533813476563
oed,2005,90.9535446166992
oed,2006,91.2232284545898
oed,2007,92.8032836914063
oed,2008,92.9787063598633
oed,2009,90.2619094848633
oed,2010,91.8383026123047
oed,2011,92.4729766845703
oed,2012,90.6374664306641
oed,2013,90.7699966430664
oed,2014,89.4298706054688
omn,1973,8.66633987426758
omn,1974,11.6771697998047
omn,1975,22.9215507507324
omn,1976,19.9254608154297
omn,1978,27.494119644165
omn,1979,29.7890396118164
omn,1981,34.7127418518066
omn,1982,25.523889541626
omn,1983,30.6589298248291
omn,1984,38.7110481262207
omn,1985,26.8207492828369
omn,1986,43.2401390075684
omn,1987,60.2924880981445
omn,1988,50.5208015441895
omn,1989,56.8665885925293
omn,1990,59.4324607849121
omn,1991,64.6717224121094
omn,1992,66.9745788574219
omn,1993,72.4086608886719
omn,1994,72.5098266601563
omn,1995,73.9789505004883
omn,1996,77.1548004150391
omn,1997,77.5192184448242
omn,1998,76.8327789306641
omn,1999,82.0631484985352
omn,2000,83.4513397216797
omn,2001,81.7148818969727
omn,2002,80.270622253418
omn,2003,75.3019180297852
omn,2009,93.1020736694336
omn,2011,85.5500335693359
omn,2012,84.2406768798828
omn,2013,90.2746810913086
omn,2014,90.0777969360352
pak,2002,82.8362274169922
pak,2003,85.5990371704102
pak,2006,71.9133911132813
pak,2007,76.7316436767578
pak,2008,78.1889266967773
pak,2009,78.4233016967773
pak,2010,78.7951736450195
pak,2011,72.9970092773438
pak,2012,71.4303283691406
pak,2013,67.2315368652344
pan,1970,13.4159297943115
pan,1971,53.263500213623
pan,1972,56.7673492431641
pan,1973,62.1210594177246
pan,1975,69.4040985107422
pan,1976,72.1128463745117
pan,1978,76.7146606445313
pan,1979,69.6429214477539
pan,1980,71.6746215820313
pan,1981,71.1780471801758
pan,1982,69.5089797973633
pan,1983,69.0278701782227
pan,1984,70.9076309204102
pan,1985,71.4773483276367
pan,1986,72.602912902832
pan,1987,73.9253234863281
pan,1988,74.3219375610352
pan,1989,77.830680847168
pan,1990,74.6516494750977
pan,1999,84.5709609985352
pan,2000,88.8035507202148
pan,2001,94.5783004760742
pan,2002,95.8639373779297
pan,2004,90.6997528076172
pan,2005,87.1856994628906
pan,2006,92.4411773681641
pan,2007,89.5979690551758
pan,2008,83.4619216918945
pan,2009,77.3659133911133
pan,2010,87.4678192138672
pan,2011,83.5714111328125
pan,2012,88.1469421386719
pan,2013,87.7355728149414
per,1970,58.1558799743652
per,1981,82.3565292358398
per,1993,92.1376876831055
per,1995,81.1928634643555
per,1998,99.4972534179688
per,1999,99.8720016479492
per,2000,99.5944595336914
per,2001,99.9898223876953
per,2002,98.9535217285156
per,2003,90.9839782714844
per,2004,90.4367904663086
per,2005,94.1289596557617
per,2006,94.0222091674805
per,2007,92.0052108764648
per,2008,90.0730972290039
per,2009,92.9769973754883
per,2010,96.5876235961914
per,2011,96.8529434204102
per,2012,83.4795837402344
per,2013,80.4075622558594
per,2014,77.1523513793945
phl,1976,80.9007873535156
phl,1981,82.3198623657227
phl,1982,78.8651733398438
phl,1983,76.9726104736328
phl,1984,81.1896514892578
phl,1986,85.7323226928711
phl,1987,81.7594909667969
phl,1988,87.8025970458984
phl,1989,89.3342895507813
phl,1990,90.2575988769531
phl,1998,69.805908203125
phl,1999,73.9644927978516
phl,2001,48.6130599975586
phl,2002,48.8459701538086
phl,2003,48.7599601745605
phl,2004,49.1638107299805
phl,2005,48.9305000305176
phl,2006,45.9664001464844
phl,2007,47.583080291748
phl,2008,50.7033996582031
phl,2009,55.2269401550293
phl,2013,88.3892974853516
plw,2013,67.2413787841797
plw,2014,70.4845809936523
png,1989,88.9640502929688
png,2012,54.7914009094238
pol,1999,97.631233215332
pol,2000,94.9594497680664
pol,2001,94.1871185302734
pol,2002,93.9084320068359
pol,2003,92.3444519042969
pol,2004,94.3651809692383
pol,2005,95.2897720336914
pol,2006,95.6856918334961
pol,2007,96.2811965942383
pol,2008,95.8086700439453
pol,2009,96.851318359375
pol,2010,95.6078796386719
pol,2011,95.0320205688477
pol,2012,96.0886306762695
pol,2013,96.04638671875
pri,2010,80.9673385620117
pri,2011,84.4091262817383
pri,2012,84.951171875
pri,2013,84.7430877685547
prk,2009,92.767578125
prt,1973,25.8372802734375
prt,1974,30.6745300292969
prt,1976,49.2833213806152
prt,1977,53.8718414306641
prt,1978,78.2203674316406
prt,1980,86.9777679443359
prt,1981,98.7962188720703
prt,1984,97.2821197509766
prt,1985,98.1947174072266
prt,1986,98.5586776733398
prt,1987,99.8466873168945
prt,1990,98.2992782592773
prt,1991,95.9114608764648
prt,1992,96.2634963989258
prt,1993,99.2654571533203
prt,1994,95.0583267211914
prt,1995,99.8318634033203
prt,1996,99.5859298706055
prt,2003,95.123291015625
prt,2004,96.7644500732422
prt,2005,97.4160614013672
prt,2006,96.9524917602539
prt,2007,97.1362609863281
prt,2008,95.0197830200195
prt,2009,96.2679061889648
prt,2010,96.7620620727539
prt,2011,94.8464813232422
prt,2012,95.129280090332
prt,2013,94.0049591064453
prt,2014,91.6816329956055
pry,1970,80.6112213134766
pry,1972,80.3744506835938
pry,1975,78.6524887084961
pry,1976,82.8557968139648
pry,1977,84.6623992919922
pry,1978,87.8587799072266
pry,1979,87.3337478637695
pry,1980,90.9827880859375
pry,1981,93.0095977783203
pry,1982,95.1224899291992
pry,1983,93.1123886108398
pry,1984,91.268440246582
pry,1985,93.0741424560547
pry,1986,92.6576614379883
pry,1987,97.9583129882813
pry,1988,99.1142196655273
pry,1989,98.7672805786133
pry,1990,99.5839462280273
pry,1991,99.3600769042969
pry,1992,99.3955383300781
pry,1993,99.1772079467773
pry,1994,65.018928527832
pry,1996,77.7302322387695
pry,1999,77.4536285400391
pry,2000,80.7442321777344
pry,2001,80.0254135131836
pry,2002,79.9609909057617
pry,2003,78.3764114379883
pry,2004,77.49462890625
pry,2005,76.0117568969727
pry,2006,74.9254684448242
pry,2007,72.7910537719727
pry,2008,74.3028793334961
pry,2009,79.4070892333984
pry,2010,78.9981689453125
pry,2011,80.0489730834961
pry,2012,76.5180587768555
pse,1999,88.3136520385742
pse,2000,90.104118347168
pse,2001,84.0436401367188
pse,2002,84.8378982543945
pse,2003,83.3281707763672
pse,2004,79.4514083862305
pse,2005,76.8564071655273
pse,2006,80.8007965087891
pse,2007,85.3033218383789
pse,2008,84.6507186889648
pse,2009,87.4667434692383
pse,2010,89.1584396362305
pse,2011,91.0477294921875
pse,2012,92.3038864135742
pse,2013,90.706169128418
pse,2014,91.4991302490234
qat,1971,50.6154403686523
qat,1972,56.574821472168
qat,1973,51.0443916320801
qat,1974,47.0588188171387
qat,1976,43.1431694030762
qat,1977,46.6770896911621
qat,1978,79.920280456543
qat,1979,84.0274505615234
qat,1980,83.7439498901367
qat,1981,81.9085464477539
qat,1982,83.9760437011719
qat,1983,93.3749618530273
qat,1984,82.092170715332
qat,1985,81.2949600219727
qat,1986,86.9766235351563
qat,1987,81.6227569580078
qat,1988,81.3704299926758
qat,1989,80.319709777832
qat,1990,77.4251708984375
qat,1991,69.7836837768555
qat,1992,69.0298080444336
qat,1993,75.5988464355469
qat,1994,83.1571426391602
qat,1998,98.5246963500977
qat,1999,93.8182601928711
qat,2000,94.1456985473633
qat,2001,97.9884719848633
qat,2002,93.2367095947266
qat,2005,87.6088485717773
qat,2006,77.9750289916992
qat,2007,83.9175491333008
qat,2009,89.3797836303711
qat,2010,77.9746780395508
qat,2011,95.3005065917969
rou,1993,95.6273422241211
rou,1994,92.0991287231445
rou,1995,92.4895935058594
rou,1996,92.2076034545898
rou,1997,89.4661712646484
rou,1998,87.580940246582
rou,1999,80.9925918579102
rou,2000,86.1937408447266
rou,2001,99.2743225097656
rou,2002,95.4410781860352
rou,2003,93.5881805419922
rou,2004,96.0199737548828
rou,2005,93.0310668945313
rou,2006,92.8977813720703
rou,2007,91.3036193847656
rou,2008,91.4907836914063
rou,2009,89.313720703125
rou,2010,87.3106231689453
rou,2011,88.2207794189453
rou,2012,87.780403137207
rus,1994,99.4611129760742
rus,1995,89.8991012573242
rus,2006,91.9091110229492
rus,2007,89.6791763305664
rus,2008,88.6333389282227
rus,2009,89.2918701171875
rus,2011,91.3235626220703
rus,2012,91.447639465332
rus,2013,89.3224411010742
rus,2014,88.0861434936523
rwa,1973,58.8126983642578
rwa,1974,60.7403411865234
rwa,1975,49.7610702514648
rwa,1977,62.3562889099121
rwa,1978,68.4508972167969
rwa,1999,88.5934677124023
rwa,2002,92.001953125
rwa,2003,99.3013763427734
rwa,2013,97.2652435302734
sas,1970,66.5906982421875
sas,1971,66.8038787841797
sas,1972,67.8592300415039
sas,1973,68.9177474975586
sas,1974,69.9780349731445
sas,1975,71.0017929077148
sas,1976,72.0411224365234
sas,1977,73.0804824829102
sas,1978,74.12255859375
sas,1979,75.1752700805664
sas,1980,76.27783203125
sas,1981,77.3523941040039
sas,1982,78.4251937866211
sas,1983,79.510139465332
sas,1984,80.8295135498047
sas,1985,81.4405899047852
sas,1986,82.140739440918
sas,1987,82.8743743896484
sas,1988,85.0008316040039
sas,1989,85.8508529663086
sas,1990,86.8497543334961
sas,1991,87.0497131347656
sas,1992,87.2297897338867
sas,1993,87.3991241455078
sas,1994,87.6047668457031
sas,1995,87.8231506347656
sas,1996,88.0565490722656
sas,1997,88.3061904907227
sas,1998,88.5639419555664
sas,1999,88.8236389160156
sas,2000,89.4848098754883
sas,2001,90.0681762695313
sas,2002,90.8219833374023
sas,2003,95.2447509765625
sas,2004,94.0630722045898
sas,2005,92.9948577880859
sas,2006,91.5410995483398
sas,2007,90.7016525268555
sas,2008,91.0959320068359
sas,2009,91.2848129272461
sas,2010,94.3305892944336
sas,2011,91.0299301147461
sas,2012,91.8865966796875
sas,2013,91.9853439331055
sas,2014,91.8510437011719
sau,1979,29.665620803833
sau,2009,61.5198593139648
sau,2010,78.1160125732422
sau,2011,79.9487762451172
sau,2012,81.8070907592773
sau,2013,83.7953186035156
sau,2014,81.6152114868164
sdn,2012,37.884880065918
sen,1978,21.0174999237061
sen,1979,28.3434906005859
sen,1980,28.1591396331787
sen,1981,31.2914695739746
sen,1982,33.5431213378906
sen,1983,35.4953804016113
sen,1984,32.6286392211914
sen,1985,20.6961193084717
sen,1986,44.9821510314941
sen,1988,38.3347091674805
sen,1989,34.0730018615723
sen,1990,35.0134010314941
sen,1992,37.4402198791504
sen,1994,37.5111618041992
sen,1996,52.23876953125
sen,1997,61.7116203308105
sen,1998,55.1559410095215
sen,1999,54.1095314025879
sen,2000,57.0025482177734
sen,2003,68.8531494140625
sen,2004,19.9140701293945
sen,2005,18.53297996521
sen,2006,23.7622509002686
sen,2007,30.6849098205566
sen,2008,29.4390907287598
sen,2009,31.124439239502
sen,2010,34.6979217529297
sen,2011,34.7395515441895
sen,2012,39.0903511047363
sen,2014,37.6213684082031
slb,2005,35.8104515075684
slb,2006,39.5612716674805
slb,2007,39.6172485351563
sle,1983,52.2717704772949
sle,2012,99.0548324584961
slv,1970,59.4158515930176
slv,1998,44.0926818847656
slv,2000,77.3532180786133
slv,2001,78.6598510742188
slv,2002,82.4550476074219
slv,2003,82.8413314819336
slv,2005,80.7999801635742
slv,2006,79.1664810180664
slv,2007,75.8240737915039
slv,2008,74.9208374023438
slv,2009,73.2220001220703
slv,2010,71.5984725952148
slv,2011,71.5599136352539
slv,2012,70.9168472290039
slv,2013,67.9655303955078
slv,2014,68.215087890625
smr,2009,91.3312683105469
smr,2010,88.5057525634766
smr,2012,95.8860778808594
som,1976,1.85414004325867
som,1977,2.66361999511719
som,1978,1.99024999141693
som,1979,3.27764010429382
som,1980,4.50134992599487
srb,2005,99.7969284057617
srb,2006,97.2100296020508
srb,2007,96.4133682250977
srb,2008,95.968620300293
srb,2009,93.3772125244141
srb,2010,89.3228988647461
srb,2011,87.9464874267578
srb,2012,84.6089324951172
srb,2013,81.8416595458984
srb,2014,93.0104675292969
ssa,1975,35.282901763916
ssa,1976,35.4526062011719
ssa,1977,35.7747917175293
ssa,1978,36.1242942810059
ssa,1979,36.6642036437988
ssa,1980,36.8511543273926
ssa,1981,37.3445930480957
ssa,1982,36.8853492736816
ssa,1983,38.4032135009766
ssa,1984,38.6193656921387
ssa,1985,38.667839050293
ssa,1986,38.9867782592773
ssa,1987,39.2466697692871
ssa,1988,39.2881698608398
ssa,1989,39.228572845459
ssa,1990,39.1064338684082
ssa,1991,39.0467910766602
ssa,1992,39.0293350219727
ssa,1993,38.8834800720215
ssa,1994,39.4689178466797
ssa,1995,41.1555976867676
ssa,1996,41.3641929626465
ssa,1997,41.2606773376465
ssa,1998,40.2920112609863
ssa,1999,41.3828430175781
ssa,2000,43.4228744506836
ssa,2001,44.8174057006836
ssa,2002,48.8243103027344
ssa,2003,49.7319450378418
ssa,2004,50.0989685058594
ssa,2005,53.3327713012695
ssa,2006,54.1510429382324
ssa,2007,59.7793159484863
ssa,2008,61.3496475219727
ssa,2009,61.4594955444336
ssa,2010,60.2235832214355
ssa,2011,64.1721267700195
ssa,2012,64.3123016357422
ssa,2013,65.3293075561523
ssa,2014,66.3456344604492
ssd,2011,21.3124294281006
ssf,1975,35.279956817627
ssf,1976,35.4496688842773
ssf,1977,35.7718544006348
ssf,1978,36.1213607788086
ssf,1979,36.6612548828125
ssf,1980,36.8486022949219
ssf,1981,37.3423767089844
ssf,1982,36.8835945129395
ssf,1983,38.4016304016113
ssf,1984,38.6181144714355
ssf,1985,38.6669158935547
ssf,1986,38.9861106872559
ssf,1987,39.2462577819824
ssf,1988,39.2880401611328
ssf,1989,39.2287178039551
ssf,1990,39.106861114502
ssf,1991,39.0474586486816
ssf,1992,39.0302124023438
ssf,1993,38.8845748901367
ssf,1994,39.4701728820801
ssf,1995,41.156421661377
ssf,1996,41.3655776977539
ssf,1997,41.2622833251953
ssf,1998,40.293888092041
ssf,1999,41.3847198486328
ssf,2000,43.4247398376465
ssf,2001,44.8188552856445
ssf,2002,48.8256072998047
ssf,2003,49.7332229614258
ssf,2004,50.1000442504883
ssf,2005,53.3341484069824
ssf,2006,54.1522598266602
ssf,2007,59.7800903320313
ssf,2008,61.3502426147461
ssf,2009,61.4601287841797
ssf,2010,60.2243194580078
ssf,2011,64.1727142333984
ssf,2012,64.3127822875977
ssf,2013,65.3296279907227
ssf,2014,66.3457870483398
stp,1983,98.0660171508789
stp,1984,98.1120376586914
stp,1988,99.2990036010742
stp,1999,80.6281433105469
stp,2002,96.8375778198242
stp,2003,92.1439437866211
stp,2004,91.5312728881836
stp,2005,97.2400665283203
stp,2007,57.5215492248535
stp,2008,58.2167510986328
stp,2009,83.539176940918
stp,2010,89.1732330322266
stp,2013,97.9652786254883
stp,2014,96.9427490234375
stp,2015,96.6145401000977
sur,1977,89.5581970214844
sur,1978,98.4256591796875
sur,1985,91.7850875854492
sur,1987,99.7401962280273
sur,1988,97.9820327758789
sur,1989,96.9978637695313
sur,2005,91.9033126831055
sur,2006,87.091423034668
sur,2007,82.4863662719727
sur,2008,90.9001922607422
sur,2009,94.0984268188477
sur,2011,91.7205810546875
sur,2013,41.2502517700195
sur,2014,94.7508392333984
svn,1995,97.707160949707
svn,1996,99.5581893920898
svn,1997,95.0591888427734
svn,1998,94.4322967529297
svn,1999,92.2904586791992
svn,2000,91.7531661987305
svn,2001,96.2490005493164
svn,2002,98.2007675170898
svn,2003,98.2842178344727
svn,2004,99.4479675292969
svn,2005,94.3918685913086
svn,2006,92.4017715454102
svn,2007,94.9130325317383
svn,2008,94.8103713989258
svn,2009,94.9722900390625
svn,2010,92.5244598388672
svn,2011,92.5342407226563
svn,2012,92.6831893920898
svn,2013,93.8620986938477
svn,2014,94.3317413330078
swe,1976,94.9972991943359
swe,1982,99.5340423583984
swe,1987,99.8539962768555
swe,1988,99.4351425170898
swe,1989,99.8272323608398
swe,1990,99.904670715332
swe,1991,98.3115768432617
swe,1992,99.8823013305664
swe,1993,98.8560791015625
swe,1994,97.873161315918
swe,1996,98.4677581787109
swe,1997,98.5382232666016
swe,1999,98.3522415161133
swe,2000,97.3550109863281
swe,2001,95.4764709472656
swe,2002,92.6982116699219
swe,2003,90.6293029785156
swe,2004,89.7414627075195
swe,2005,92.026496887207
swe,2006,97.0821075439453
swe,2007,99.4938430786133
swe,2008,97.2190933227539
swe,2009,96.8724136352539
swe,2010,98.0999526977539
swe,2011,98.1848983764648
swe,2012,97.6741714477539
swe,2013,97.7215805053711
swe,2014,98.6822891235352
swz,1970,34.0216484069824
swz,1971,33.285228729248
swz,1972,33.9603881835938
swz,1973,40.2133598327637
swz,1974,38.5792808532715
swz,1975,41.4931793212891
swz,1976,38.4371910095215
swz,1977,36.8592796325684
swz,1978,36.526180267334
swz,1979,41.4466209411621
swz,1980,43.7995109558105
swz,1981,46.7607803344727
swz,1982,46.720890045166
swz,1983,47.5696182250977
swz,1984,47.8451881408691
swz,1985,50.4488296508789
swz,1986,50.4602317810059
swz,1987,47.5325012207031
swz,1988,48.0184516906738
swz,1989,49.9891014099121
swz,1990,51.0695114135742
swz,1991,50.2923583984375
swz,1992,51.8674583435059
swz,1993,48.152271270752
swz,1994,52.2551918029785
swz,1995,54.3804702758789
swz,1996,56.143871307373
swz,1998,48.5792617797852
swz,1999,47.6759986877441
swz,2000,51.447639465332
swz,2001,53.0427093505859
swz,2002,53.3469886779785
swz,2003,51.4397888183594
swz,2004,55.3900299072266
swz,2005,56.070671081543
swz,2006,70.0016708374023
swz,2007,77.9709396362305
swz,2013,38.7038383483887
syc,1979,16.5578594207764
syc,1993,50.1226997375488
syc,1994,52.7588310241699
syc,1995,50.1246910095215
syc,1996,56.7685585021973
syc,1998,62.3581314086914
syc,1999,64.0990600585938
syc,2000,66.7548675537109
syc,2001,63.7862815856934
syc,2002,66.7691879272461
syc,2003,68.4835815429688
syc,2004,66.6666717529297
syc,2005,75.404296875
syc,2014,69.1460113525391
syr,1971,76.1302795410156
syr,1973,86.1284713745117
syr,1974,80.6819686889648
syr,1975,77.7634201049805
syr,1976,80.174186706543
syr,1977,79.144172668457
syr,1978,80.2340316772461
syr,1979,81.2953262329102
syr,1980,82.9655075073242
syr,1981,83.8155136108398
syr,1982,81.8673400878906
syr,1983,84.157112121582
syr,1984,94.0299377441406
syr,1985,88.7165908813477
syr,1986,91.7566528320313
syr,1987,96.8071594238281
syr,1988,88.2645492553711
syr,1989,93.8797378540039
syr,1990,96.4417572021484
syr,1991,91.3207473754883
syr,1993,95.9934616088867
syr,1994,96.6784133911133
syr,1995,97.1428985595703
syr,1996,95.2993698120117
syr,1997,94.0434265136719
syr,1998,96.9072113037109
syr,1999,96.4571304321289
syr,2000,98.1235580444336
syr,2001,99.6123886108398
syr,2003,97.3851318359375
syr,2004,99.2986297607422
syr,2005,97.451286315918
syr,2006,98.2210006713867
syr,2007,97.8131637573242
syr,2008,98.2304992675781
syr,2009,98.2864074707031
syr,2013,70.1215972900391
tcd,1975,18.2284107208252
tcd,1977,18.470100402832
tcd,1988,27.4880790710449
tcd,1996,24.3537998199463
tcd,1997,28.2428493499756
tcd,1998,32.9386787414551
tcd,1999,31.1508102416992
tcd,2000,33.7089996337891
tcd,2001,34.6523399353027
tcd,2002,36.9869117736816
tcd,2003,38.0276489257813
tcd,2011,86.3750228881836
tcd,2013,70.4031677246094
tgo,1971,48.981330871582
tgo,1972,47.2130889892578
tgo,1978,52.8666114807129
tgo,1979,61.7519989013672
tgo,1980,57.8199081420898
tgo,1982,54.1347312927246
tgo,1983,53.5248908996582
tgo,1984,48.0069389343262
tgo,1985,41.8087501525879
tgo,1986,46.0865898132324
tgo,1987,54.7444801330566
tgo,1988,55.2897415161133
tgo,1989,53.1178207397461
tgo,1990,53.6723098754883
tgo,1991,55.6505012512207
tgo,1994,49.9043807983398
tgo,1995,61.6809883117676
tgo,1996,67.7915878295898
tgo,1997,64.9991912841797
tgo,1999,69.6394577026367
tgo,2000,70.8740081787109
tgo,2001,74.3965072631836
tgo,2002,78.2900466918945
tgo,2003,83.2294921875
tgo,2004,78.0819091796875
tgo,2005,76.4062805175781
tgo,2006,84.1978607177734
tgo,2007,78.2234802246094
tgo,2008,79.8733825683594
tgo,2014,83.8302230834961
tha,1973,91.6982421875
tha,1974,87.1377868652344
tha,2006,81.6793975830078
tha,2007,82.1893463134766
tha,2008,82.7185287475586
tha,2009,91.7472991943359
tha,2014,74.445671081543
tjk,1999,89.1643600463867
tjk,2000,89.6147689819336
tjk,2001,88.982536315918
tjk,2003,95.1387329101563
tjk,2004,91.7734985351563
tjk,2005,92.7680511474609
tjk,2006,95.6310272216797
tjk,2007,95.7260437011719
tjk,2008,95.935791015625
tjk,2009,94.9953308105469
tjk,2010,96.5164413452148
tjk,2011,95.5868225097656
tjk,2012,98.0073013305664
tjk,2013,95.1076202392578
tjk,2014,95.5996704101563
tjk,2015,97.724006652832
tls,2008,68.3797073364258
tls,2009,77.1386566162109
tls,2010,81.8606491088867
tls,2011,82.8853302001953
tls,2012,81.3324584960938
tls,2013,91.3511734008789
tls,2014,87.8563690185547
ton,1970,93.89208984375
ton,1971,81.5312271118164
ton,1972,72.7150115966797
ton,1974,69.5224685668945
ton,1975,98.123420715332
ton,1978,99.1308364868164
ton,1982,98.8496398925781
ton,1983,97.1941909790039
ton,1984,77.8397827148438
ton,1985,53.1761894226074
ton,1986,28.4371299743652
ton,1990,54.3200912475586
ton,1993,55.7409591674805
ton,1998,59.7078018188477
ton,1999,48.6949996948242
ton,2001,95.0783004760742
ton,2004,51.470588684082
ton,2005,50.326301574707
ton,2006,46.1244697570801
ton,2012,99.4822998046875
ton,2013,86.5671615600586
ton,2014,97.8341979980469
tto,1971,64.4474029541016
tto,1972,62.8480606079102
tto,1973,65.540168762207
tto,1974,71.9898071289063
tto,1975,73.6298828125
tto,1976,84.2970733642578
tto,1977,85.3201904296875
tto,1978,79.418083190918
tto,1979,72.18212890625
tto,1980,67.8507308959961
tto,1981,69.3093338012695
tto,1982,71.3233032226563
tto,1983,74.191162109375
tto,1984,94.8612670898438
tto,1985,97.7720794677734
tto,1986,95.7932281494141
tto,1987,90.8507766723633
tto,1988,88.9153823852539
tto,1989,85.8638381958008
tto,1990,84.6228485107422
tto,1991,86.0329208374023
tto,1992,83.78369140625
tto,1993,81.9149703979492
tto,1996,84.2320175170898
tto,1997,84.1228179931641
tto,1999,93.3950500488281
tto,2000,89.7222518920898
tto,2001,89.4783706665039
tto,2002,91.7555465698242
tto,2003,88.4075775146484
tto,2004,84.3834915161133
tto,2005,83.3977508544922
tto,2008,85.9975128173828
tto,2009,90.3222198486328
tto,2010,86.7559432983398
tun,1971,76.3591232299805
tun,1975,74.3540496826172
tun,1978,76.8935470581055
tun,1979,85.4412231445313
tun,1980,86.0697402954102
tun,1981,86.2974014282227
tun,1982,91.7415618896484
tun,1983,93.01513671875
tun,1984,93.8232116699219
tun,1985,92.6006774902344
tun,1986,94.742431640625
tun,1987,95.6745681762695
tun,1988,95.5292663574219
tun,1989,95.4376220703125
tun,1990,93.3479080200195
tun,1991,96.9657974243164
tun,1992,96.9812698364258
tun,1993,97.4291915893555
tun,1994,95.6009826660156
tun,1995,93.8119125366211
tun,1996,88.8866500854492
tun,1997,93.5540466308594
tun,1999,99.2944717407227
tun,2000,99.1974716186523
tun,2001,99.7985610961914
tun,2002,98.9657669067383
tun,2003,98.2931365966797
tun,2004,97.4812316894531
tun,2005,96.3615112304688
tun,2006,95.0316314697266
tun,2007,98.1219787597656
tun,2008,99.5721206665039
tun,2009,99.6916122436523
tun,2010,99.4262084960938
tun,2011,99.5853805541992
tun,2012,99.3735427856445
tun,2013,99.8166580200195
tur,1974,71.6793975830078
tur,1994,83.1641998291016
tur,1995,83.2936706542969
tur,1997,83.5126266479492
tur,1999,88.2558822631836
tur,2000,89.3754730224609
tur,2001,92.2297821044922
tur,2002,90.7100219726563
tur,2003,88.7174224853516
tur,2004,91.13720703125
tur,2005,90.1595306396484
tur,2006,90.5401382446289
tur,2007,90.9396133422852
tur,2008,87.3774566650391
tur,2009,82.113639831543
tur,2010,88.0243530273438
tur,2011,90.1052322387695
tur,2012,91.198486328125
tur,2013,94.6506576538086
tuv,2014,97.1003265380859
tza,1976,14.585729598999
tza,1980,25.4242706298828
tza,1981,24.6991691589355
tza,1982,20.9919490814209
tza,1983,20.3907604217529
tza,1984,19.6650104522705
tza,1985,17.3651905059814
tza,1986,13.8849601745605
tza,1987,14.5158500671387
tza,1988,13.3704595565796
tza,1989,13.1348400115967
tza,1990,12.1166496276855
tza,1991,11.161600112915
tza,1992,12.1052904129028
tza,1993,10.6992797851563
tza,1994,11.2560195922852
tza,1995,12.1142301559448
tza,1996,12.1934604644775
tza,1997,12.1982297897339
tza,1998,12.8922300338745
tza,1999,14.7864904403687
tza,2000,28.9919490814209
tza,2001,31.4994602203369
tza,2002,92.4830627441406
tza,2003,82.1345901489258
tza,2004,86.5208511352539
tza,2005,86.6794586181641
tza,2006,85.180290222168
tza,2008,82.6702194213867
tza,2010,65.3003768920898
tza,2012,68.2479400634766
tza,2013,71.9428863525391
uga,1979,22.5360794067383
uga,1981,25.20924949646
uga,1982,20.251880645752
uga,1986,36.3068809509277
uga,2009,75.5578918457031
uga,2010,72.386848449707
uga,2011,74.1955032348633
uga,2013,73.3043212890625
ukr,2002,93.1140899658203
ukr,2003,68.8272476196289
ukr,2004,68.6933364868164
ukr,2005,69.1468963623047
ukr,2006,66.9789733886719
ukr,2007,70.4007263183594
ukr,2008,71.0497665405273
ukr,2009,74.1369094848633
ukr,2010,80.0445709228516
ukr,2011,82.8335723876953
ukr,2012,76.3247528076172
ukr,2013,75.3237609863281
ukr,2014,69.0731811523438
umc,1986,88.5205917358398
umc,1987,88.5534744262695
umc,1988,88.6481094360352
umc,1989,88.9332504272461
umc,1990,90.2959060668945
umc,1991,88.3982238769531
umc,1992,86.632942199707
umc,1993,85.8087158203125
umc,1994,86.8339004516602
umc,1995,88.6190032958984
umc,1996,86.6584854125977
umc,1997,86.7649307250977
umc,1998,89.8511123657227
umc,1999,92.6944732666016
umc,2000,92.3845748901367
umc,2001,92.7984390258789
umc,2002,93.4835968017578
umc,2003,92.8615646362305
umc,2004,92.8619766235352
umc,2005,92.5188369750977
umc,2006,92.6948852539063
umc,2007,93.024772644043
umc,2008,93.4239196777344
umc,2009,93.7608184814453
umc,2010,93.1602783203125
umc,2011,92.9698715209961
umc,2012,92.1720657348633
umc,2013,91.2889404296875
umc,2014,90.0527725219727
ury,1983,49.4857788085938
ury,1984,47.6840286254883
ury,1985,46.6385383605957
ury,1986,47.7851600646973
ury,1987,46.5924682617188
ury,1991,61.009521484375
ury,1992,64.2144393920898
ury,1993,62.839958190918
ury,1994,56.4821395874023
ury,1995,53.807201385498
ury,1996,51.740650177002
ury,1997,46.8561782836914
ury,2005,77.1768417358398
ury,2006,81.2229385375977
ury,2007,66.0456924438477
ury,2008,81.7413864135742
ury,2009,83.2605895996094
ury,2010,85.9130706787109
ury,2013,91.8519973754883
usa,1986,86.9253387451172
usa,1987,88.4913330078125
usa,1990,87.9400405883789
usa,1991,84.3951187133789
usa,1993,82.9897994995117
usa,1994,83.4548110961914
usa,1995,84.6781616210938
usa,1996,88.4551467895508
usa,1999,86.5533676147461
usa,2000,85.5344390869141
usa,2001,82.1555709838867
usa,2002,80.3875122070313
usa,2003,82.9728622436523
usa,2004,78.1923294067383
usa,2005,80.3133926391602
usa,2006,81.3464584350586
usa,2007,85.1039886474609
usa,2008,86.9288787841797
usa,2009,80.1878433227539
usa,2010,82.7084121704102
usa,2011,84.6624298095703
usa,2012,77.5029373168945
usa,2013,76.7510681152344
usa,2014,78.5357131958008
uzb,2007,91.9225692749023
uzb,2008,87.8544311523438
uzb,2009,88.5741806030273
uzb,2010,89.3851699829102
uzb,2011,90.0410995483398
vct,1984,83.0109024047852
vct,1986,79.6795272827148
vct,1994,93.7084808349609
vct,2000,96.2195587158203
vct,2001,94.454231262207
vct,2002,93.8931274414063
vct,2003,96.0586624145508
vct,2004,91.0538635253906
vct,2005,95.8353271484375
vct,2007,96.5502090454102
vct,2008,96.7095108032227
vct,2009,97.7046737670898
vct,2010,95.7700729370117
vct,2011,88.6990127563477
vct,2012,92.4183731079102
vct,2014,89.3471908569336
ven,1999,72.4895629882813
ven,2000,77.4851531982422
ven,2001,79.9262771606445
ven,2002,78.8347702026367
ven,2003,74.8010787963867
ven,2004,75.8510513305664
ven,2005,70.0933380126953
ven,2006,78.4830703735352
ven,2007,82.5227737426758
ven,2008,76.5948867797852
ven,2009,88.9527816772461
ven,2010,90.1070709228516
ven,2011,89.8466796875
ven,2012,90.7138671875
ven,2013,89.8800964355469
ven,2014,90.497917175293
vut,1981,71.5522079467773
vut,1989,51.7541809082031
vut,1999,65.9828109741211
vut,2000,67.2866668701172
vut,2001,70.3619918823242
vut,2002,70.824089050293
vut,2003,67.2641677856445
vut,2004,65.3449478149414
vut,2005,71.5588302612305
wld,1970,75.3736877441406
wld,1971,75.5449981689453
wld,1972,75.9049377441406
wld,1973,76.2888641357422
wld,1974,76.3703765869141
wld,1975,77.1473999023438
wld,1976,77.9740142822266
wld,1977,78.4362945556641
wld,1978,78.8958587646484
wld,1979,79.3455657958984
wld,1980,79.6220855712891
wld,1981,79.8157653808594
wld,1982,79.9860534667969
wld,1983,80.0994720458984
wld,1984,80.3141555786133
wld,1985,80.224235534668
wld,1986,80.3476257324219
wld,1987,80.4099426269531
wld,1988,80.9197692871094
wld,1989,81.1792602539063
wld,1990,81.8488616943359
wld,1991,81.0012435913086
wld,1992,80.2400817871094
wld,1993,79.9439392089844
wld,1994,80.4431457519531
wld,1995,81.3747634887695
wld,1996,80.7351684570313
wld,1997,80.6772842407227
wld,1998,81.332763671875
wld,1999,82.4795608520508
wld,2000,82.5894165039063
wld,2001,82.7417449951172
wld,2002,83.6550140380859
wld,2003,84.6560974121094
wld,2004,84.0011444091797
wld,2005,84.0598602294922
wld,2006,83.3915328979492
wld,2007,84.5362014770508
wld,2008,84.8297805786133
wld,2009,84.7727890014648
wld,2010,85.5751113891602
wld,2011,85.7474899291992
wld,2012,85.5841903686523
wld,2013,85.5265045166016
wld,2014,85.3681030273438
wsm,1994,88.1008834838867
wsm,1998,86.6074981689453
wsm,2001,77.4111175537109
wsm,2007,77.6431274414063
wsm,2009,75.5944900512695
wsm,2010,82.2138366699219
wsm,2011,76.5949401855469
wsm,2012,76.7703094482422
wsm,2014,87.1725234985352
yem,1999,29.2436504364014
yem,2001,46.6912307739258
yem,2003,55.8786087036133
yem,2004,59.2029190063477
yem,2005,59.8058013916016
yem,2010,60.6110496520996
yem,2012,66.1839828491211
yem,2013,59.8660583496094
zaf,1970,21.9435195922852
zaf,1991,79.7304992675781
zaf,1994,79.8736801147461
zaf,1995,87.0058135986328
zaf,1998,95.0002136230469
zaf,1999,95.388786315918
zaf,2000,88.981071472168
zaf,2001,85.8689117431641
zaf,2002,84.5924682617188
zaf,2003,86.5696334838867
zaf,2004,85.6806564331055
zaf,2005,83.7957305908203
zmb,1972,58.4744110107422
zmb,1976,45.3247718811035
zmb,1977,42.5931816101074
zmb,1978,40.7415084838867
zmb,1979,39.6621894836426
zmb,1980,39.0924606323242
zmb,1981,39.1045913696289
zmb,1982,38.5369186401367
zmb,1983,39.6497497558594
zmb,1984,42.9428405761719
zmb,1986,39.7001495361328
zmb,1988,40.5286712646484
zmb,1994,40.8564186096191
zmb,1995,39.1683082580566
zmb,1998,45.1580810546875
zmb,1999,44.0509986877441
zmb,2000,45.7531700134277
zmb,2001,45.6100196838379
zmb,2002,44.224739074707
zmb,2004,49.7959289550781
zmb,2005,55.4987182617188
zmb,2006,54.9416084289551
zmb,2007,59.0702896118164
zmb,2008,60.4470901489258
zmb,2009,56.662109375
zmb,2010,56.0463409423828
zmb,2011,59.9782485961914
zmb,2012,62.8105697631836
zmb,2013,61.9450302124023
zwe,1982,99.2848968505859
zwe,1984,91.1172790527344
zwe,1986,81.4238128662109
zwe,1998,42.3844718933105
zwe,1999,47.0617790222168
zwe,2000,48.509880065918
zwe,2001,55.7785186767578
zwe,2002,52.1835517883301
zwe,2003,52.1250305175781
zwe,2012,43.6660385131836
zwe,2013,39.4123306274414
