country,year,sp_sec_totl_in
abw,1970,7061
abw,1971,7052
abw,1972,7038
abw,1973,7041
abw,1974,7055
abw,1975,7087
abw,1976,7109
abw,1977,7084
abw,1978,6995
abw,1979,6860
abw,1980,6676
abw,1981,6458
abw,1982,6120
abw,1983,5808
abw,1984,5486
abw,1985,5131
abw,1986,4756
abw,1987,4443
abw,1988,4267
abw,1989,4218
abw,1990,4282
abw,1991,4445
abw,1992,4538
abw,1993,4717
abw,1994,4956
abw,1995,5232
abw,1996,5515
abw,1997,5795
abw,1998,6032
abw,1999,6234
abw,2000,6403
abw,2001,6560
abw,2002,6723
abw,2003,6932
abw,2004,7170
abw,2005,7418
abw,2006,7641
abw,2007,7658
abw,2008,7681
abw,2009,7691
abw,2010,7662
abw,2011,7605
abw,2012,7535
abw,2013,7493
abw,2014,7457
abw,2015,7408
abw,2016,7340
afg,1970,1394376
afg,1971,1433848
afg,1972,1479039
afg,1973,1526503
afg,1974,1574259
afg,1975,1682117
afg,1976,1716531
afg,1977,1748295
afg,1978,1774709
afg,1979,1791422
afg,1980,1731233
afg,1981,1699928
afg,1982,1656056
afg,1983,1607568
afg,1984,1564318
afg,1985,1532935
afg,1986,1509396
afg,1987,1502309
afg,1988,1516493
afg,1989,1556905
afg,1990,1624724
afg,1991,1728951
afg,1992,1863035
afg,1993,2009672
afg,1994,2149779
afg,1995,2272669
afg,1996,2359780
afg,1997,2425973
afg,1998,2485750
afg,1999,2557044
afg,2000,2650420
afg,2001,2777395
afg,2002,2915857
afg,2003,3055436
afg,2004,3184103
afg,2005,3292878
afg,2006,3363934
afg,2007,3443063
afg,2008,3542738
afg,2009,3672349
afg,2010,3839021
afg,2011,4044521
afg,2012,4262522
afg,2013,4477827
afg,2014,4676453
afg,2015,4850112
ago,1970,911432
ago,1971,927610
ago,1972,948457
ago,1973,972974
ago,1974,999493
ago,1975,1025546
ago,1976,1049860
ago,1977,1077338
ago,1978,1107982
ago,1979,1141753
ago,1980,1177659
ago,1981,1217085
ago,1982,1263145
ago,1983,1313219
ago,1984,1364045
ago,1985,1412780
ago,1986,1457030
ago,1987,1502235
ago,1988,1549643
ago,1989,1599692
ago,1990,1650489
ago,1991,1703243
ago,1992,1762324
ago,1993,1824545
ago,1994,1886335
ago,1995,1944801
ago,1996,1998444
ago,1997,2356436
ago,1998,2425216
ago,1999,2498934
ago,2000,2576185
ago,2001,2656388
ago,2002,2747720
ago,2003,2847348
ago,2004,2951529
ago,2005,3057573
ago,2006,3163550
ago,2007,2647861
ago,2008,2743329
ago,2009,2845787
ago,2010,2954466
ago,2011,3062357
ago,2012,3178611
ago,2013,3301915
ago,2014,3430540
ago,2015,3562398
ago,2016,3691322
alb,1970,381224
alb,1971,397218
alb,1972,413339
alb,1973,428483
alb,1974,442595
alb,1975,455363
alb,1976,466118
alb,1977,474012
alb,1978,480393
alb,1979,485180
alb,1980,488478
alb,1981,490680
alb,1982,492451
alb,1983,494086
alb,1984,496530
alb,1985,500162
alb,1986,505018
alb,1987,511418
alb,1988,518304
alb,1989,523826
alb,1990,526332
alb,1991,524981
alb,1992,519622
alb,1993,513748
alb,1994,508862
alb,1995,506922
alb,1996,509173
alb,1997,502591
alb,1998,501721
alb,1999,505485
alb,2000,511756
alb,2001,518394
alb,2002,523548
alb,2003,527993
alb,2004,530540
alb,2005,529872
alb,2006,524630
alb,2007,504970
alb,2008,486023
alb,2009,415162
alb,2010,402516
alb,2011,390935
alb,2012,376605
alb,2013,361431
alb,2014,345644
alb,2015,329011
alb,2016,311514
and,1970,4471
and,1971,4711
and,1972,4914
and,1973,5051
and,1974,5133
and,1975,5162
and,1976,5134
and,1977,4660
and,1978,4316
and,1979,4198
and,1980,4353
and,1981,4800
and,1982,5005
and,1983,5094
and,1984,4955
and,1985,4779
and,1986,4679
and,1987,4955
and,1988,5129
and,1989,5220
and,1990,5261
and,1991,5280
and,1992,5311
and,1993,5268
and,1994,5171
and,1995,5035
and,1996,4885
and,1997,4772
and,1998,3988
arb,1970,18876754
arb,1971,19472980
arb,1972,19941252
arb,1973,20428272
arb,1974,20960312
arb,1975,21553740
arb,1976,22197760
arb,1977,22615428
arb,1978,23197832
arb,1979,23838972
arb,1980,24526244
arb,1981,25474888
arb,1982,26057116
arb,1983,26627920
arb,1984,27203600
arb,1985,27788972
arb,1986,28386252
arb,1987,28963940
arb,1988,29590436
arb,1989,29758128
arb,1990,30785156
arb,1991,31050662
arb,1992,31892584
arb,1993,32804306
arb,1994,33763228
arb,1995,34751868
arb,1996,35755956
arb,1997,36678016
arb,1998,37612744
arb,1999,38309624
arb,2000,39045460
arb,2001,39674968
arb,2002,40337356
arb,2003,41770820
arb,2004,42195532
arb,2005,42627892
arb,2006,42987728
arb,2007,44042032
arb,2008,44282360
arb,2009,44251072
arb,2010,44282124
arb,2011,44276592
arb,2012,44356768
arb,2013,44469208
arb,2014,43786276
are,1970,22079
are,1971,24059
are,1972,29394
are,1973,33167
are,1974,36168
are,1975,39003
are,1976,42506
are,1977,52568
are,1978,58385
are,1979,60644
are,1980,60901
are,1981,61472
are,1982,71333
are,1983,77337
are,1984,80626
are,1985,83733
are,1986,89133
are,1987,110606
are,1988,128882
are,1989,143220
are,1990,153701
are,1991,160883
are,1992,169274
are,1993,175931
are,1994,182633
are,1995,191482
are,1996,204048
are,1997,224228
are,1998,235399
are,1999,241729
are,2000,249061
are,2001,263034
are,2002,294904
are,2003,359107
are,2004,363576
are,2005,369858
are,2006,383421
are,2007,457884
are,2008,507179
are,2009,531372
are,2010,531814
are,2011,517652
are,2012,543738
are,2013,551272
are,2014,541794
are,2015,525697
arg,1970,2195274
arg,1971,2221983
arg,1972,2246949
arg,1973,2270175
arg,1974,2290413
arg,1975,2307262
arg,1976,2315083
arg,1977,2320719
arg,1978,2326206
arg,1979,2335229
arg,1980,2349791
arg,1981,2371818
arg,1982,2406822
arg,1983,2453892
arg,1984,2507906
arg,1985,2563880
arg,1986,2633653
arg,1987,2711590
arg,1988,2802284
arg,1989,2908536
arg,1990,3036337
arg,1991,3159343
arg,1992,3262036
arg,1993,3328136
arg,1994,3357800
arg,1995,3346171
arg,1996,3310124
arg,1997,3277499
arg,1998,3931603
arg,1999,3941159
arg,2000,3967348
arg,2001,4006618
arg,2002,4044035
arg,2003,4075165
arg,2004,4104580
arg,2005,4131989
arg,2006,4149045
arg,2007,4158724
arg,2008,4161543
arg,2009,4154623
arg,2010,4138595
arg,2011,4130733
arg,2012,4131843
arg,2013,4144014
arg,2014,4168223
arg,2015,4204388
arg,2016,4243169
arm,1970,428833
arm,1971,451269
arm,1972,471892
arm,1973,487626
arm,1974,498859
arm,1975,505401
arm,1976,506377
arm,1977,501677
arm,1978,492060
arm,1979,478347
arm,1980,462084
arm,1981,446621
arm,1982,434237
arm,1983,425198
arm,1984,420155
arm,1985,419663
arm,1986,422519
arm,1987,421029
arm,1988,421572
arm,1989,424050
arm,1990,427839
arm,1991,432432
arm,1992,432541
arm,1993,430953
arm,1994,360930
arm,1995,360211
arm,1996,361560
arm,1997,366796
arm,1998,440270
arm,1999,446629
arm,2000,451155
arm,2001,451499
arm,2002,445809
arm,2003,436345
arm,2004,423109
arm,2005,406042
arm,2006,386152
arm,2007,364519
arm,2008,343675
arm,2009,324164
arm,2015,271508
arm,2016,258301
atg,1970,8066
atg,1971,8142
atg,1972,8161
atg,1973,8168
atg,1974,8168
atg,1975,8162
atg,1976,8163
atg,1977,8181
atg,1978,8229
atg,1979,8292
atg,1980,8350
atg,1981,8371
atg,1982,8355
atg,1983,8236
atg,1984,8039
atg,1985,7803
atg,1986,7540
atg,1987,7044
atg,1988,6456
atg,1989,5854
atg,1990,5304
atg,1991,4900
atg,1992,4872
atg,1993,4988
atg,1994,5248
atg,1995,5661
atg,1996,6166
atg,1997,6395
atg,1998,6516
atg,1999,6616
atg,2000,6775
atg,2001,7039
atg,2002,7268
atg,2003,7329
atg,2004,7318
atg,2005,7333
atg,2006,7440
atg,2007,7634
atg,2008,7782
atg,2009,7885
atg,2010,7943
atg,2011,7962
atg,2012,7954
atg,2013,7933
atg,2014,7894
atg,2015,7836
atg,2016,7769
aus,1970,1407522
aus,1971,1450653
aus,1972,1479528
aus,1973,1496611
aus,1974,1509683
aus,1975,1523160
aus,1976,1536723
aus,1977,1546470
aus,1978,1552497
aus,1979,1552954
aus,1980,1548749
aus,1981,1550342
aus,1982,1554174
aus,1983,1562622
aus,1984,1579682
aus,1985,1605189
aus,1986,1625124
aus,1987,1635508
aus,1988,1633665
aus,1989,1616853
aus,1990,1585353
aus,1991,1554627
aus,1992,1531132
aus,1993,1518905
aus,1994,1518702
aus,1995,1531205
aus,1996,1541992
aus,1997,1555920
aus,1998,1569128
aus,1999,1581472
aus,2000,1592444
aus,2001,1612861
aus,2002,1628956
aus,2003,1644612
aus,2004,1662132
aus,2005,1682943
aus,2006,1716194
aus,2007,1732517
aus,2008,1735600
aus,2009,1730726
aus,2010,1723145
aus,2011,1734105
aus,2012,1736802
aus,2013,1732809
aus,2014,1723758
aus,2015,1714038
aus,2016,1730062
aut,1970,843765
aut,1971,872691
aut,1972,905191
aut,1973,936880
aut,1974,965222
aut,1975,988927
aut,1976,1006447
aut,1977,1019744
aut,1978,1027226
aut,1979,1029372
aut,1980,1025278
aut,1981,1013546
aut,1982,993929
aut,1983,968609
aut,1984,938811
aut,1985,905860
aut,1986,871231
aut,1987,835332
aut,1988,801129
aut,1989,770146
aut,1990,743858
aut,1991,724580
aut,1992,720380
aut,1993,721404
aut,1994,727031
aut,1995,736325
aut,1996,747867
aut,1997,753641
aut,1998,757529
aut,1999,758359
aut,2000,757398
aut,2001,755872
aut,2002,761962
aut,2003,767303
aut,2004,772869
aut,2005,777306
aut,2006,779295
aut,2007,779298
aut,2008,774812
aut,2009,765364
aut,2010,752268
aut,2011,736834
aut,2012,725995
aut,2013,714098
aut,2014,702330
aut,2015,690920
aut,2016,680560
aze,1970,868607
aze,1971,931102
aze,1972,985728
aze,1973,1032469
aze,1974,1071975
aze,1975,1103116
aze,1976,1124078
aze,1977,1132266
aze,1978,1129723
aze,1979,1117297
aze,1980,1095903
aze,1981,1069072
aze,1982,1038864
aze,1983,1012622
aze,1984,990440
aze,1985,972933
aze,1986,960391
aze,1987,959235
aze,1988,962605
aze,1989,968607
aze,1990,976947
aze,1991,988813
aze,1992,994229
aze,1993,1008621
aze,1994,1031025
aze,1995,1060688
aze,1996,1095462
aze,1997,1132620
aze,1998,1170704
aze,1999,1184246
aze,2000,1263547
aze,2001,1286297
aze,2002,1298783
aze,2003,1292198
aze,2004,1286968
aze,2005,1269855
aze,2006,1243115
aze,2007,1218922
aze,2008,1167641
aze,2009,1121555
aze,2010,1075539
aze,2011,1027392
aze,2012,979497
aze,2013,945005
aze,2014,923476
aze,2015,907062
bdi,1970,433291
bdi,1971,450718
bdi,1972,461154
bdi,1973,555954
bdi,1974,565276
bdi,1975,576600
bdi,1976,591126
bdi,1977,601983
bdi,1978,612259
bdi,1979,621553
bdi,1980,630017
bdi,1981,637820
bdi,1982,641498
bdi,1983,645974
bdi,1984,651109
bdi,1985,657337
bdi,1986,664669
bdi,1987,675052
bdi,1988,689496
bdi,1989,708528
bdi,1990,731883
bdi,1991,759296
bdi,1992,785887
bdi,1993,820230
bdi,1994,860941
bdi,1995,905781
bdi,1996,952829
bdi,1997,988126
bdi,1998,1025251
bdi,1999,1065831
bdi,2000,1112121
bdi,2001,1165488
bdi,2002,1213988
bdi,2003,1261523
bdi,2004,1306348
bdi,2005,1347428
bdi,2006,1383953
bdi,2007,1415841
bdi,2008,1441892
bdi,2009,1462307
bdi,2010,1479024
bdi,2011,1493243
bdi,2012,1505915
bdi,2013,1520697
bdi,2014,1539519
bdi,2015,1563658
bdi,2016,1593759
bel,1970,881469
bel,1971,895643
bel,1972,915029
bel,1973,932383
bel,1974,945840
bel,1975,956647
bel,1976,964256
bel,1977,963905
bel,1978,958966
bel,1979,949738
bel,1980,935227
bel,1981,915263
bel,1982,894553
bel,1983,873825
bel,1984,854147
bel,1985,835643
bel,1986,818747
bel,1987,802666
bel,1988,787571
bel,1989,773119
bel,1990,759601
bel,1991,747616
bel,1992,739324
bel,1993,733034
bel,1994,728687
bel,1995,726553
bel,1996,726877
bel,1997,729556
bel,1998,730811
bel,1999,730982
bel,2000,730975
bel,2001,731712
bel,2002,737409
bel,2003,742214
bel,2004,746668
bel,2005,751737
bel,2006,757575
bel,2007,765076
bel,2008,768007
bel,2009,766738
bel,2010,761803
bel,2011,753804
bel,2012,746657
bel,2013,739771
bel,2014,734239
bel,2015,730126
bel,2016,728650
ben,1970,404513
ben,1971,417211
ben,1972,427784
ben,1973,439734
ben,1974,470491
ben,1975,486759
ben,1976,503833
ben,1977,518864
ben,1978,535260
ben,1979,553035
ben,1980,571907
ben,1981,591200
ben,1982,587310
ben,1983,605183
ben,1984,624362
ben,1985,644848
ben,1986,666323
ben,1987,685560
ben,1988,706222
ben,1989,729052
ben,1990,754747
ben,1991,783323
ben,1992,811747
ben,1993,841949
ben,1994,873244
ben,1995,904627
ben,1996,935272
ben,1997,964688
ben,1998,994855
ben,1999,1026619
ben,2000,1060961
ben,2001,1098329
ben,2002,1135853
ben,2003,1175391
ben,2004,1216650
ben,2005,1259150
ben,2006,1302133
ben,2007,1344500
ben,2008,1387553
ben,2009,1431035
ben,2010,1474537
ben,2011,1517836
ben,2012,1560487
ben,2013,1604307
ben,2014,1649565
ben,2015,1696451
ben,2016,1744474
bfa,1970,813854
bfa,1971,834874
bfa,1972,848717
bfa,1973,865739
bfa,1974,885420
bfa,1975,907480
bfa,1976,931371
bfa,1977,946817
bfa,1978,964452
bfa,1979,985319
bfa,1980,1010853
bfa,1981,1041720
bfa,1982,1063800
bfa,1983,1089984
bfa,1984,1119434
bfa,1985,1151877
bfa,1986,1186703
bfa,1987,1213378
bfa,1988,1243836
bfa,1989,1279297
bfa,1990,1320712
bfa,1991,1368450
bfa,1992,1411402
bfa,1993,1458844
bfa,1994,1510100
bfa,1995,1564765
bfa,1996,1622338
bfa,1997,1670065
bfa,1998,1718965
bfa,1999,1768690
bfa,2000,1820029
bfa,2001,1873139
bfa,2002,1916152
bfa,2003,1961735
bfa,2004,2011160
bfa,2005,2065775
bfa,2006,2125885
bfa,2007,2179961
bfa,2008,2239944
bfa,2009,2305226
bfa,2010,2456319
bfa,2011,2533708
bfa,2012,2607229
bfa,2013,2687909
bfa,2014,2775271
bfa,2015,2867971
bfa,2016,2964660
bgd,1970,10225364
bgd,1971,10438932
bgd,1972,10712003
bgd,1973,11065974
bgd,1974,11497797
bgd,1975,11982838
bgd,1976,12531959
bgd,1977,13065335
bgd,1978,13568827
bgd,1979,14018948
bgd,1980,14402119
bgd,1981,14682378
bgd,1982,14647651
bgd,1983,14946457
bgd,1984,15229407
bgd,1985,15514301
bgd,1986,15811255
bgd,1987,16170099
bgd,1988,16596358
bgd,1989,17082876
bgd,1990,17612272
bgd,1991,18087088
bgd,1992,18560112
bgd,1993,19017280
bgd,1994,19460912
bgd,1995,19882104
bgd,1996,20254776
bgd,1997,20600732
bgd,1998,20924496
bgd,1999,21218506
bgd,2000,21469804
bgd,2001,21656844
bgd,2002,21827720
bgd,2003,21980208
bgd,2004,22107932
bgd,2005,22210256
bgd,2006,22237064
bgd,2007,22283976
bgd,2008,22360620
bgd,2009,22471366
bgd,2010,22614096
bgd,2011,22693984
bgd,2012,22766088
bgd,2013,22833554
bgd,2014,22895224
bgd,2015,22930938
bgr,1970,942486
bgr,1971,935329
bgr,1972,926472
bgr,1973,917320
bgr,1974,907594
bgr,1975,897877
bgr,1976,888846
bgr,1977,882049
bgr,1978,876971
bgr,1979,873230
bgr,1980,870701
bgr,1981,869648
bgr,1982,869512
bgr,1983,872805
bgr,1984,878936
bgr,1985,886935
bgr,1986,895997
bgr,1987,905204
bgr,1988,912501
bgr,1989,917026
bgr,1990,918274
bgr,1991,914341
bgr,1992,899652
bgr,1993,881814
bgr,1994,861103
bgr,1995,837666
bgr,1996,813133
bgr,1997,792362
bgr,1998,774929
bgr,1999,761756
bgr,2000,751989
bgr,2001,743187
bgr,2002,727601
bgr,2003,813910
bgr,2004,788223
bgr,2005,758026
bgr,2006,725073
bgr,2007,690708
bgr,2008,654799
bgr,2009,619758
bgr,2010,588313
bgr,2011,561643
bgr,2012,540661
bgr,2013,525463
bgr,2014,514391
bgr,2015,506379
bgr,2016,502372
bhr,1970,25859
bhr,1971,26966
bhr,1972,28651
bhr,1973,29826
bhr,1974,30556
bhr,1975,30833
bhr,1976,30835
bhr,1977,31717
bhr,1978,32617
bhr,1979,33398
bhr,1980,41076
bhr,1981,41268
bhr,1982,40820
bhr,1983,39979
bhr,1984,39153
bhr,1985,38909
bhr,1986,39607
bhr,1987,42361
bhr,1988,44214
bhr,1989,45396
bhr,1990,46287
bhr,1991,47271
bhr,1992,49344
bhr,1993,50582
bhr,1994,51532
bhr,1995,52820
bhr,1996,54907
bhr,1997,58739
bhr,1998,60971
bhr,1999,62003
bhr,2000,62580
bhr,2001,63514
bhr,2002,68336
bhr,2003,71249
bhr,2004,73019
bhr,2005,74478
bhr,2006,76525
bhr,2007,81759
bhr,2008,84891
bhr,2009,86054
bhr,2010,86064
bhr,2011,85896
bhr,2012,90713
bhr,2013,91964
bhr,2014,91101
bhr,2015,90525
bhs,1970,22639
bhs,1971,23602
bhs,1972,24833
bhs,1973,25809
bhs,1974,26716
bhs,1975,27747
bhs,1976,28830
bhs,1977,30200
bhs,1978,31137
bhs,1979,31600
bhs,1980,31515
bhs,1981,31125
bhs,1982,31006
bhs,1983,30978
bhs,1984,31108
bhs,1985,31491
bhs,1986,31951
bhs,1987,32047
bhs,1988,32005
bhs,1989,31780
bhs,1990,31317
bhs,1991,30842
bhs,1992,30876
bhs,1993,31194
bhs,1994,31821
bhs,1995,32785
bhs,1996,33810
bhs,1997,34095
bhs,1998,34233
bhs,1999,34265
bhs,2000,34197
bhs,2001,34223
bhs,2002,34609
bhs,2003,35206
bhs,2004,35723
bhs,2005,35936
bhs,2006,35708
bhs,2007,35994
bhs,2008,36422
bhs,2009,36861
bhs,2010,37142
bhs,2011,37070
bhs,2012,36256
bhs,2013,35288
bhs,2014,34098
bhs,2015,32716
bhs,2016,31410
bih,1970,659965
bih,1971,664729
bih,1972,670440
bih,1973,676860
bih,1974,684350
bih,1975,692154
bih,1976,698746
bih,1977,699808
bih,1978,698981
bih,1979,695176
bih,1980,688729
bih,1981,680435
bih,1982,671795
bih,1983,662809
bih,1984,655453
bih,1985,649745
bih,1986,644725
bih,1987,635721
bih,1988,628114
bih,1989,618583
bih,1990,605582
bih,1991,589553
bih,1992,567041
bih,1993,543341
bih,1994,521967
bih,1995,505269
bih,1996,494168
bih,1997,488316
bih,1998,485366
blr,1970,862009
blr,1971,903485
blr,1972,927665
blr,1973,939535
blr,1974,941703
blr,1975,937126
blr,1976,928171
blr,1977,906401
blr,1978,879865
blr,1979,849185
blr,1980,813613
blr,1981,776773
blr,1982,750705
blr,1983,733128
blr,1984,722917
blr,1985,720436
blr,1986,723173
blr,1987,725160
blr,1988,729105
blr,1989,733340
blr,1990,734802
blr,1991,1037153
blr,1992,1046273
blr,1993,1060190
blr,1994,1077292
blr,1995,1096011
blr,1996,1113317
blr,1997,1125871
blr,1998,1133024
blr,1999,1134304
blr,2000,1126950
blr,2001,1107830
blr,2002,1075437
blr,2003,1036272
blr,2004,990999
blr,2005,940818
blr,2006,889569
blr,2007,840823
blr,2008,794692
blr,2009,751310
blr,2010,712340
blr,2011,679636
blr,2012,647678
blr,2013,622093
blr,2014,605933
blr,2015,601341
blr,2016,606630
blz,1970,17382
blz,1971,18178
blz,1972,18868
blz,1973,19502
blz,1974,20087
blz,1975,20624
blz,1976,21106
blz,1977,21172
blz,1978,21514
blz,1979,22038
blz,1980,22609
blz,1981,23099
blz,1982,23312
blz,1983,23540
blz,1984,23844
blz,1985,24246
blz,1986,25330
blz,1987,25595
blz,1988,25943
blz,1989,26350
blz,1990,26768
blz,1991,27241
blz,1992,27533
blz,1993,28049
blz,1994,28882
blz,1995,30094
blz,1996,31552
blz,1997,32429
blz,1998,33184
blz,1999,33778
blz,2000,34182
blz,2001,34558
blz,2002,35362
blz,2003,36230
blz,2004,37147
blz,2005,38141
blz,2006,39210
blz,2007,40435
blz,2008,41581
blz,2009,42613
blz,2010,43498
blz,2011,44209
blz,2012,45151
blz,2013,45879
blz,2014,46440
blz,2015,46856
blz,2016,47091
bmu,1970,5012
bmu,1971,5195
bmu,1972,5382
bmu,1973,5522
bmu,1974,5625
bmu,1975,5703
bmu,1976,5756
bmu,1977,5730
bmu,1978,5647
bmu,1979,5504
bmu,1980,5283
bmu,1981,5008
bmu,1982,4773
bmu,1983,4592
bmu,1984,4467
bmu,1985,4408
bmu,1986,4398
bmu,1987,4370
bmu,1988,4301
bmu,1989,4206
bmu,1990,4074
bmu,1991,3925
bmu,1992,3800
bmu,1993,3723
bmu,1994,3687
bmu,1995,3690
bmu,1996,3720
bmu,1997,3780
bmu,1998,5414
bmu,1999,5525
bmu,2000,5649
bmu,2001,5767
bmu,2002,5847
bmu,2003,5896
bmu,2004,5908
bmu,2005,5880
bmu,2006,5819
bmu,2007,5752
bmu,2008,5690
bmu,2009,5644
bmu,2010,5612
bmu,2011,5600
bmu,2012,5611
bmu,2013,5623
bmu,2014,5636
bmu,2015,5647
bmu,2016,5651
bol,1970,626527
bol,1971,634168
bol,1972,642926
bol,1973,653841
bol,1974,666771
bol,1975,681502
bol,1976,693197
bol,1977,706167
bol,1978,720487
bol,1979,736479
bol,1980,753979
bol,1981,767276
bol,1982,782270
bol,1983,799076
bol,1984,817506
bol,1985,837311
bol,1986,853644
bol,1987,871979
bol,1988,892504
bol,1989,915383
bol,1990,940242
bol,1991,961613
bol,1992,982979
bol,1993,1004394
bol,1994,1026022
bol,1995,1047361
bol,1996,1063505
bol,1997,1079249
bol,1998,1094995
bol,1999,1110571
bol,2000,1125761
bol,2001,1136746
bol,2002,1148981
bol,2003,1162650
bol,2004,1177512
bol,2005,1193445
bol,2006,1207429
bol,2007,1222379
bol,2008,1238207
bol,2009,1255168
bol,2010,1272950
bol,2011,1287663
bol,2012,1301441
bol,2013,1314117
bol,2014,1325404
bol,2015,1334851
bol,2016,1341682
bra,1999,24175276
bra,2001,24322150
bra,2002,24355108
bra,2003,24141444
bra,2004,24572484
bra,2005,24545980
bra,2007,24612662
bra,2008,24447520
bra,2009,24431620
bra,2011,24562860
bra,2012,24202938
bra,2013,24425104
bra,2014,23761384
bra,2015,23584100
brb,1970,34571
brb,1971,35434
brb,1972,35716
brb,1973,35924
brb,1974,36189
brb,1975,36553
brb,1976,36806
brb,1977,36227
brb,1978,35403
brb,1979,34428
brb,1980,33409
brb,1981,32676
brb,1982,32177
brb,1983,31730
brb,1984,31427
brb,1985,31330
brb,1986,31262
brb,1987,30810
brb,1988,30153
brb,1989,29259
brb,1990,28098
brb,1991,26872
brb,1992,25748
brb,1993,24973
brb,1994,24519
brb,1995,24379
brb,1996,24435
brb,1997,24491
brb,1998,20486
brb,1999,20412
brb,2000,20282
brb,2001,20158
brb,2002,20004
brb,2003,19863
brb,2004,19769
brb,2005,19731
brb,2006,19696
brb,2007,19590
brb,2008,19462
brb,2009,19305
brb,2010,19133
brb,2011,19010
brb,2012,18897
brb,2013,18843
brb,2014,18859
brb,2015,18935
brb,2016,19027
brn,1970,20387
brn,1971,21484
brn,1972,22375
brn,1973,23152
brn,1974,23903
brn,1975,24623
brn,1976,26198
brn,1977,27294
brn,1978,27982
brn,1979,28402
brn,1980,28701
brn,1981,29034
brn,1982,29549
brn,1983,30160
brn,1984,30817
brn,1985,31553
brn,1986,32529
brn,1987,32966
brn,1988,33012
brn,1989,32889
brn,1990,32776
brn,1991,34459
brn,1992,35903
brn,1993,36980
brn,1994,37634
brn,1995,37968
brn,1996,38749
brn,1997,39249
brn,1998,39649
brn,1999,40138
brn,2000,40835
brn,2001,42736
brn,2002,43994
brn,2003,44610
brn,2004,44830
brn,2005,44963
brn,2006,46570
brn,2007,47750
brn,2008,48470
brn,2009,48854
brn,2010,49095
brn,2011,49382
brn,2012,49565
brn,2013,49583
brn,2014,49446
brn,2015,49177
brn,2016,48594
btn,1970,29812
btn,1971,31292
btn,1972,32626
btn,1973,33870
btn,1974,35034
btn,1975,36137
btn,1976,37372
btn,1977,38629
btn,1978,39906
btn,1979,41206
btn,1980,42530
btn,1981,43933
btn,1982,45431
btn,1983,47080
btn,1984,48939
btn,1985,51018
btn,1986,60021
btn,1987,62851
btn,1988,65669
btn,1989,68153
btn,1990,70120
btn,1991,70378
btn,1992,70117
btn,1993,69678
btn,1994,69523
btn,1995,69992
btn,1996,71334
btn,1997,50505
btn,1998,76053
btn,1999,79278
btn,2000,82887
btn,2001,86758
btn,2002,89657
btn,2003,91421
btn,2004,92193
btn,2005,92176
btn,2006,92693
btn,2007,92687
btn,2008,92249
btn,2009,91563
btn,2010,90809
btn,2011,90295
btn,2012,89733
btn,2013,89044
btn,2014,88158
btn,2015,87051
btn,2016,86268
bwa,1970,82875
bwa,1971,85646
bwa,1972,87924
bwa,1973,92712
bwa,1974,95261
bwa,1975,98002
bwa,1976,100813
bwa,1977,103750
bwa,1978,106814
bwa,1979,110018
bwa,1980,113397
bwa,1981,113182
bwa,1982,116689
bwa,1983,120437
bwa,1984,124444
bwa,1985,128747
bwa,1986,133212
bwa,1987,138028
bwa,1988,143306
bwa,1989,149092
bwa,1990,155323
bwa,1991,162275
bwa,1992,169368
bwa,1993,176325
bwa,1994,182927
bwa,1995,195343
bwa,1996,201744
bwa,1997,207173
bwa,1998,211467
bwa,1999,214643
bwa,2000,216717
bwa,2001,218510
bwa,2002,219547
bwa,2003,220097
bwa,2004,220324
bwa,2005,220345
bwa,2006,219663
bwa,2007,219135
bwa,2008,218861
bwa,2009,218815
bwa,2010,219038
bwa,2011,219504
bwa,2012,219807
bwa,2013,219833
bwa,2014,219707
bwa,2015,219472
bwa,2016,219442
caf,1970,248083
caf,1971,255590
caf,1972,261883
caf,1973,268651
caf,1974,276051
caf,1975,284182
caf,1976,292910
caf,1977,300375
caf,1978,308383
caf,1979,317161
caf,1980,326850
caf,1981,337304
caf,1982,347492
caf,1983,358118
caf,1984,368947
caf,1985,379610
caf,1986,389752
caf,1987,398834
caf,1988,408331
caf,1989,418682
caf,1990,430366
caf,1991,443586
caf,1992,456677
caf,1993,471073
caf,1994,486471
caf,1995,502323
caf,1996,518009
caf,1997,533951
caf,1998,549562
caf,1999,564766
caf,2000,579715
caf,2001,594112
caf,2002,605599
caf,2003,616707
caf,2004,627686
caf,2005,638545
caf,2006,649390
caf,2007,658268
caf,2008,668679
caf,2009,680860
caf,2010,694845
caf,2011,710071
caf,2012,724519
caf,2013,738874
caf,2014,752813
caf,2015,766439
caf,2016,779708
can,1970,2571034
can,1971,2632771
can,1972,2705648
can,1973,2763616
can,1974,2806756
can,1975,2840537
can,1976,2863895
can,1977,2874283
can,1978,2857236
can,1979,2813729
can,1980,2741396
can,1981,2642402
can,1982,2544724
can,1983,2454129
can,1984,2378043
can,1985,2318437
can,1986,2279470
can,1987,2268927
can,1988,2267981
can,1989,2268947
can,1990,2270797
can,1991,2272447
can,1992,2287705
can,1993,2308857
can,1994,2333842
can,1995,2360925
can,1996,2387691
can,1997,2414035
can,1998,2439996
can,1999,2463631
can,2000,2481361
can,2001,2491828
can,2002,2512081
can,2003,2532444
can,2004,2553086
can,2005,2574715
can,2006,2595444
can,2007,2613476
can,2008,2610779
can,2009,2588982
can,2010,2550477
can,2011,2498555
can,2012,2479995
can,2013,2453806
can,2014,2421611
can,2015,2380616
can,2016,2334581
che,1970,641055
che,1971,634278
che,1972,633931
che,1973,638110
che,1974,645789
che,1975,654631
che,1976,663185
che,1977,671892
che,1978,680270
che,1979,687902
che,1980,694620
che,1981,700177
che,1982,703060
che,1983,701845
che,1984,696131
che,1985,686379
che,1986,672798
che,1987,657591
che,1988,639976
che,1989,621536
che,1990,603477
che,1991,586160
che,1992,572786
che,1993,562630
che,1994,556721
che,1995,554395
che,1996,555030
che,1997,558266
che,1998,563235
che,1999,569285
che,2000,575784
che,2001,582090
che,2002,588792
che,2003,593972
che,2004,598726
che,2005,603879
che,2006,609974
che,2007,619545
che,2008,626476
che,2009,630427
che,2010,631311
che,2011,628979
che,2012,629938
che,2013,625708
che,2014,617551
che,2015,607100
che,2016,595856
chl,1970,1260019
chl,1971,1287261
chl,1972,1314880
chl,1973,1342846
chl,1974,1369838
chl,1975,1395468
chl,1976,1421068
chl,1977,1445262
chl,1978,1468098
chl,1979,1490706
chl,1980,1512375
chl,1981,1526876
chl,1982,1534325
chl,1983,1535073
chl,1984,1529205
chl,1985,1516729
chl,1986,1500074
chl,1987,1483577
chl,1988,1469150
chl,1989,1456844
chl,1990,1447698
chl,1991,1441783
chl,1992,1441654
chl,1993,1446033
chl,1994,1453833
chl,1995,1465475
chl,1996,1484713
chl,1997,987777
chl,1998,1534180
chl,1999,1564300
chl,2000,1597331
chl,2001,1628243
chl,2002,1651481
chl,2003,1666246
chl,2004,1672378
chl,2005,1669185
chl,2006,1661557
chl,2007,1650220
chl,2008,1637197
chl,2009,1622072
chl,2010,1605334
chl,2011,1591921
chl,2012,1578243
chl,2013,1564215
chl,2014,1550101
chl,2015,1536395
chl,2016,1527208
chn,1970,71759696
chn,1971,69712472
chn,1972,68782976
chn,1973,69563144
chn,1974,71916712
chn,1975,75296128
chn,1976,79035480
chn,1977,101341720
chn,1978,124769072
chn,1979,130923112
chn,1980,137249824
chn,1981,143527952
chn,1982,149182576
chn,1983,153143504
chn,1984,155521760
chn,1985,156574576
chn,1986,156108512
chn,1987,153580096
chn,1988,149638576
chn,1989,144727712
chn,1990,138815888
chn,1991,132161944
chn,1992,125440264
chn,1993,120468128
chn,1994,117185672
chn,1995,115111696
chn,1996,114526544
chn,1997,116926728
chn,1998,121039512
chn,1999,126410424
chn,2000,133526752
chn,2001,142060128
chn,2002,149223664
chn,2003,153572944
chn,2004,154829648
chn,2005,152990208
chn,2006,147848432
chn,2007,140301600
chn,2008,132270432
chn,2009,124544272
chn,2010,116835520
chn,2011,109401352
chn,2012,103104904
chn,2013,98007792
chn,2014,94020824
chn,2015,91333960
chn,2016,90093744
civ,1970,644357
civ,1971,673021
civ,1972,713640
civ,1973,756107
civ,1974,798982
civ,1975,841350
civ,1976,883083
civ,1977,935363
civ,1978,988103
civ,1979,1040831
civ,1980,1093566
civ,1981,1146389
civ,1982,1210491
civ,1983,1276541
civ,1984,1342999
civ,1985,1408358
civ,1986,1472179
civ,1987,1546312
civ,1988,1621753
civ,1989,1697989
civ,1990,1775529
civ,1991,1854031
civ,1992,1940808
civ,1993,2025141
civ,1994,2104859
civ,1995,2177864
civ,1996,2242964
civ,1997,2310310
civ,1998,2374611
civ,1999,2435421
civ,2000,2491796
civ,2001,2542614
civ,2002,2585724
civ,2003,2634523
civ,2004,2689742
civ,2005,2751518
civ,2006,2820398
civ,2007,2890690
civ,2008,2970607
civ,2009,3058787
civ,2010,3153606
civ,2011,3252169
civ,2012,3349234
civ,2013,3443853
civ,2014,3534225
civ,2015,3618487
civ,2016,3694742
cmr,1970,933661
cmr,1971,957868
cmr,1972,980848
cmr,1973,1007403
cmr,1974,1037937
cmr,1975,1072703
cmr,1976,1111125
cmr,1977,1148607
cmr,1978,1189345
cmr,1979,1233004
cmr,1980,1279080
cmr,1981,1326836
cmr,1982,1372045
cmr,1983,1418603
cmr,1984,1467396
cmr,1985,1519314
cmr,1986,1573920
cmr,1987,1624803
cmr,1988,1678881
cmr,1989,1736249
cmr,1990,1796164
cmr,1991,1858193
cmr,1992,1920406
cmr,1993,1988085
cmr,1994,2061342
cmr,1995,2140190
cmr,1996,2223434
cmr,1997,2306546
cmr,1998,2391770
cmr,1999,2477774
cmr,2000,2563348
cmr,2001,2647099
cmr,2002,2724459
cmr,2003,2798589
cmr,2004,2871045
cmr,2005,2943242
cmr,2006,3014454
cmr,2007,3075547
cmr,2008,3137339
cmr,2009,3200729
cmr,2010,3265398
cmr,2011,3331068
cmr,2012,3395164
cmr,2013,3466109
cmr,2014,3544303
cmr,2015,3630074
cmr,2016,3722513
cod,1970,2518453
cod,1971,2598745
cod,1972,2672147
cod,1973,2750083
cod,1974,2832946
cod,1975,2922308
cod,1976,3017007
cod,1977,3105470
cod,1978,3201047
cod,1979,3303068
cod,1980,3409155
cod,1981,3515825
cod,1982,3606339
cod,1983,3697351
cod,1984,3792552
cod,1985,3895424
cod,1986,4005650
cod,1987,4106234
cod,1988,4216591
cod,1989,4340923
cod,1990,4481442
cod,1991,4637316
cod,1992,4805138
cod,1993,4997265
cod,1994,5206174
cod,1995,5421961
cod,1996,5637090
cod,1997,5819087
cod,1998,5995332
cod,1999,6174875
cod,2000,6368055
cod,2001,6577722
cod,2002,6784889
cod,2003,7010073
cod,2004,7252793
cod,2005,7511130
cod,2006,7779479
cod,2007,8028263
cod,2008,8290696
cod,2009,8566393
cod,2010,8851002
cod,2011,9142217
cod,2012,9432352
cod,2013,9746947
cod,2014,10087197
cod,2015,10453419
cod,2016,10842828
cog,1970,189058
cog,1971,195654
cog,1972,202213
cog,1973,209171
cog,1974,216555
cog,1975,224350
cog,1976,232434
cog,1977,240278
cog,1978,248502
cog,1979,257161
cog,1980,266300
cog,1981,275919
cog,1982,285286
cog,1983,295322
cog,1984,305964
cog,1985,317038
cog,1986,328374
cog,1987,339806
cog,1988,351570
cog,1989,363624
cog,1990,375997
cog,1991,388531
cog,1992,400537
cog,1993,412131
cog,1994,423317
cog,1995,434068
cog,1996,444281
cog,1997,454187
cog,1998,463575
cog,1999,472586
cog,2000,481298
cog,2001,489551
cog,2002,496875
cog,2003,504426
cog,2004,512697
cog,2005,522160
cog,2006,533181
cog,2007,545038
cog,2008,558606
cog,2009,573523
cog,2010,589333
cog,2011,605628
cog,2012,621982
cog,2013,639525
cog,2014,658244
cog,2015,678309
cog,2016,700031
col,1970,3218826
col,1971,3303706
col,1972,3399282
col,1973,3504571
col,1974,3614835
col,1975,3727949
col,1976,3971834
col,1977,4074824
col,1978,4170871
col,1979,4263706
col,1980,4341887
col,1981,4369239
col,1982,4379174
col,1983,4366403
col,1984,4327264
col,1985,4283845
col,1986,4266555
col,1987,4281817
col,1988,4328027
col,1989,4407274
col,1990,4507094
col,1991,4605681
col,1992,4696581
col,1993,4783398
col,1994,4865451
col,1995,4938827
col,1996,4990094
col,1997,5034888
col,1998,5069789
col,1999,5091219
col,2000,5103401
col,2001,5114380
col,2002,5123745
col,2003,5133318
col,2004,5144830
col,2005,5152061
col,2006,5137346
col,2007,5113443
col,2008,5078382
col,2009,5030498
col,2010,4979123
col,2011,4939489
col,2012,4910827
col,2013,4893497
col,2014,4888486
col,2015,4887218
col,2016,4875393
com,1970,34135
com,1971,35542
com,1972,36637
com,1973,37643
com,1974,38678
com,1975,39847
com,1976,41155
com,1977,42533
com,1978,44061
com,1979,45687
com,1980,47332
com,1981,48924
com,1982,50190
com,1983,51393
com,1984,52608
com,1985,53922
com,1986,55373
com,1987,56821
com,1988,58503
com,1989,60415
com,1990,62539
com,1991,64858
com,1992,64548
com,1993,67026
com,1994,69725
com,1995,72583
com,1996,75557
com,1997,78518
com,1998,81467
com,1999,87565
com,2000,90289
com,2001,92890
com,2002,95081
com,2003,97070
com,2004,98914
com,2005,100644
com,2006,102258
com,2007,103690
com,2008,105153
com,2009,106716
com,2010,108432
com,2011,110294
com,2012,112172
com,2013,114211
com,2014,116377
com,2015,118640
com,2016,121007
cpv,1970,32589
cpv,1971,33404
cpv,1972,33170
cpv,1973,32822
cpv,1974,32912
cpv,1975,33591
cpv,1976,35078
cpv,1977,36844
cpv,1978,38827
cpv,1979,40563
cpv,1980,41960
cpv,1981,42807
cpv,1982,42048
cpv,1983,41252
cpv,1984,40586
cpv,1985,39923
cpv,1986,39195
cpv,1987,38167
cpv,1988,37592
cpv,1989,37424
cpv,1990,37598
cpv,1991,45087
cpv,1992,45314
cpv,1993,46055
cpv,1994,47406
cpv,1995,49290
cpv,1996,51630
cpv,1997,54163
cpv,1998,60288
cpv,1999,63305
cpv,2000,66443
cpv,2001,69639
cpv,2002,72161
cpv,2003,74227
cpv,2004,75777
cpv,2005,76676
cpv,2006,76804
cpv,2007,75818
cpv,2008,74496
cpv,2009,72980
cpv,2010,71326
cpv,2011,69495
cpv,2012,67721
cpv,2013,66101
cpv,2014,64618
cpv,2015,63141
cpv,2016,61684
cri,1970,214387
cri,1971,226230
cri,1972,237368
cri,1973,247942
cri,1974,257933
cri,1975,267027
cri,1976,275141
cri,1977,281125
cri,1978,285221
cri,1979,287834
cri,1980,289266
cri,1981,288679
cri,1982,287404
cri,1983,285255
cri,1984,281684
cri,1985,277535
cri,1986,275698
cri,1987,276910
cri,1988,281093
cri,1989,288601
cri,1990,298725
cri,1991,310470
cri,1992,322047
cri,1993,333538
cri,1994,344787
cri,1995,355557
cri,1996,366558
cri,1997,376743
cri,1998,385804
cri,1999,393479
cri,2000,399633
cri,2001,404632
cri,2002,408377
cri,2003,410821
cri,2004,411838
cri,2005,411603
cri,2006,411432
cri,2007,410461
cri,2008,408851
cri,2009,407026
cri,2010,404839
cri,2011,401149
cri,2012,396254
cri,2013,390172
cri,2014,382488
cri,2015,373928
cri,2016,367201
cub,1970,1152126
cub,1971,1146836
cub,1972,1153511
cub,1973,1172436
cub,1974,1209685
cub,1975,1273245
cub,1976,1360470
cub,1977,1450096
cub,1978,1371066
cub,1979,1424641
cub,1980,1453439
cub,1981,1454562
cub,1982,1444998
cub,1983,1426534
cub,1984,1408054
cub,1985,1394614
cub,1986,1386315
cub,1987,1362613
cub,1988,1325756
cub,1989,1273745
cub,1990,1204267
cub,1991,1119189
cub,1992,1034256
cub,1993,965650
cub,1994,916635
cub,1995,885700
cub,1996,874763
cub,1997,882080
cub,1998,898539
cub,1999,919202
cub,2000,947051
cub,2001,980384
cub,2002,1005285
cub,2003,1019596
cub,2004,1022446
cub,2005,1011933
cub,2006,987286
cub,2007,957003
cub,2008,927471
cub,2009,902015
cub,2010,880303
cub,2011,863082
cub,2012,853318
cub,2013,843882
cub,2014,833165
cub,2015,821769
cub,2016,809728
cuw,2011,13489
cuw,2012,13101
cuw,2013,12699
cuw,2014,12365
cuw,2015,12137
cuw,2016,12029
cym,1970,1052
cyp,1970,74019
cyp,1971,75810
cyp,1972,76940
cyp,1973,76636
cyp,1974,75384
cyp,1975,73798
cyp,1976,72472
cyp,1977,73665
cyp,1978,73606
cyp,1979,72696
cyp,1980,71379
cyp,1981,70066
cyp,1982,70297
cyp,1983,69583
cyp,1984,68400
cyp,1985,67360
cyp,1986,66968
cyp,1987,67524
cyp,1988,67545
cyp,1989,67356
cyp,1990,67356
cyp,1991,68042
cyp,1992,70974
cyp,1993,55386
cyp,1994,58336
cyp,1995,60945
cyp,1996,63522
cyp,1997,65624
cyp,1998,67150
cyp,1999,67634
cyp,2000,68197
cyp,2001,68559
cyp,2002,65904
cyp,2003,65747
cyp,2004,66043
cyp,2005,66595
cyp,2006,66993
cyp,2007,66326
cyp,2008,66070
cyp,2009,65615
cyp,2010,69621
cyp,2011,67755
cyp,2012,64849
cyp,2013,61837
cyp,2014,58978
cyp,2015,57288
cze,1970,1251998
cze,1971,1214023
cze,1972,1180636
cze,1973,1151264
cze,1974,1127663
cze,1975,1110056
cze,1976,1097921
cze,1977,1088198
cze,1978,1082165
cze,1979,1078027
cze,1980,1078262
cze,1981,1086420
cze,1982,1104701
cze,1983,1132279
cze,1984,1168911
cze,1985,1211999
cze,1986,1259090
cze,1987,1309083
cze,1988,1352466
cze,1989,1386283
cze,1990,1407891
cze,1991,1411808
cze,1992,1392896
cze,1993,1361398
cze,1994,1318354
cze,1995,1266969
cze,1996,1212882
cze,1997,1213494
cze,1998,1161898
cze,1999,1117066
cze,2000,1082643
cze,2001,1057552
cze,2002,1044195
cze,2003,1035513
cze,2004,1027721
cze,2005,1017968
cze,2006,1004645
cze,2007,985343
cze,2008,958350
cze,2009,923647
cze,2010,882481
cze,2011,838944
cze,2012,800568
cze,2013,767691
cze,2014,743292
cze,2015,729845
cze,2016,728122
deu,1970,9868735
deu,1971,10087639
deu,1972,10334695
deu,1973,10575716
deu,1974,10808716
deu,1975,11024081
deu,1976,11208092
deu,1977,11428767
deu,1978,11581472
deu,1979,11657298
deu,1980,11635262
deu,1981,11486109
deu,1982,11177186
deu,1983,10777356
deu,1984,10298150
deu,1985,9776207
deu,1986,9256941
deu,1987,8768511
deu,1988,8305317
deu,1989,7911287
deu,1990,7619518
deu,1991,7436493
deu,1992,7425214
deu,1993,7506411
deu,1994,7635418
deu,1995,7772479
deu,1996,7909921
deu,1997,8045393
deu,1998,8163890
deu,1999,8258965
deu,2000,8320212
deu,2001,8334035
deu,2002,8328464
deu,2003,8278332
deu,2004,8186321
deu,2005,8065506
deu,2006,7930979
deu,2007,7786349
deu,2008,7633329
deu,2009,7491746
deu,2010,7370150
deu,2011,7263633
deu,2012,7185735
deu,2013,7113144
deu,2014,7030247
deu,2015,6928283
deu,2016,6812942
dji,1970,21046
dji,1971,22349
dji,1972,23830
dji,1973,25511
dji,1974,27506
dji,1975,30004
dji,1976,33124
dji,1977,38424
dji,1978,44441
dji,1979,50620
dji,1980,56294
dji,1981,60959
dji,1982,62759
dji,1983,63810
dji,1984,64734
dji,1985,66100
dji,1986,68260
dji,1987,72455
dji,1988,77625
dji,1989,83348
dji,1990,89306
dji,1991,95064
dji,1992,98692
dji,1993,101395
dji,1994,103199
dji,1995,104000
dji,1996,104154
dji,1997,104892
dji,1998,106306
dji,1999,108722
dji,2000,112481
dji,2001,117330
dji,2002,122439
dji,2003,127269
dji,2004,131272
dji,2005,134069
dji,2006,135671
dji,2007,135628
dji,2008,134311
dji,2009,132828
dji,2010,131170
dji,2011,129455
dji,2012,127909
dji,2013,126848
dji,2014,126320
dji,2015,126374
dji,2016,126962
dma,1970,8661
dma,1971,9167
dma,1972,9284
dma,1973,9311
dma,1974,9278
dma,1975,9151
dma,1976,9012
dma,1977,9173
dma,1978,9511
dma,1979,9924
dma,1980,10361
dma,1981,10723
dma,1982,10532
dma,1983,10213
dma,1984,9804
dma,1985,9317
dma,1986,8823
dma,1987,8437
dma,1988,8148
dma,1989,7997
dma,1990,8047
dma,1991,8274
dma,1992,8323
dma,1993,8216
dma,1994,8013
dma,1995,7774
dma,1996,7532
dma,1997,7248
dma,1998,7123
dma,1999,7083
dma,2000,7031
dma,2001,6958
dma,2002,6797
dma,2003,6759
dma,2004,6813
dma,2005,6964
dma,2006,7160
dma,2007,7271
dma,2008,7268
dma,2009,7169
dma,2010,6980
dma,2011,6727
dma,2012,6420
dma,2013,6125
dma,2014,5832
dma,2015,5534
dma,2016,5244
dnk,1970,440000
dnk,1971,437712
dnk,1972,439225
dnk,1973,442394
dnk,1974,446347
dnk,1975,451532
dnk,1976,457862
dnk,1977,464664
dnk,1978,470188
dnk,1979,473961
dnk,1980,475738
dnk,1981,475971
dnk,1982,475933
dnk,1983,474060
dnk,1984,470994
dnk,1985,467094
dnk,1986,462267
dnk,1987,457300
dnk,1988,450792
dnk,1989,442759
dnk,1990,433595
dnk,1991,423718
dnk,1992,413245
dnk,1993,401827
dnk,1994,389626
dnk,1995,377033
dnk,1996,363946
dnk,1997,352485
dnk,1998,343227
dnk,1999,337505
dnk,2000,335407
dnk,2001,336945
dnk,2002,343977
dnk,2003,353347
dnk,2004,363704
dnk,2005,374415
dnk,2006,386093
dnk,2007,399865
dnk,2008,410687
dnk,2009,417796
dnk,2010,421684
dnk,2011,422728
dnk,2012,426779
dnk,2013,427864
dnk,2014,426426
dnk,2015,422904
dnk,2016,417058
dom,1970,603742
dom,1971,632008
dom,1972,658232
dom,1973,683491
dom,1974,707916
dom,1975,731824
dom,1976,755348
dom,1977,776212
dom,1978,795840
dom,1979,814314
dom,1980,831802
dom,1981,848328
dom,1982,862191
dom,1983,874897
dom,1984,887086
dom,1985,899403
dom,1986,912211
dom,1987,922441
dom,1988,933015
dom,1989,943823
dom,1990,954711
dom,1991,965486
dom,1992,974984
dom,1993,985224
dom,1994,997108
dom,1995,1033096
dom,1996,1050395
dom,1997,1065457
dom,1998,1080306
dom,1999,1094373
dom,2000,1107024
dom,2001,1117951
dom,2002,1127725
dom,2003,1137420
dom,2004,1147643
dom,2005,1159011
dom,2006,1171252
dom,2007,1178873
dom,2008,1184843
dom,2009,1188782
dom,2010,1189925
dom,2011,1188306
dom,2012,1185536
dom,2013,1185314
dom,2014,1188253
dom,2015,1194403
dom,2016,1203712
dza,1970,2326438
dza,1971,2414570
dza,1972,2479183
dza,1973,2539116
dza,1974,2603754
dza,1975,2680788
dza,1976,2768453
dza,1977,2846238
dza,1978,2929328
dza,1979,3015995
dza,1980,3104375
dza,1981,3194985
dza,1982,3277197
dza,1983,3367676
dza,1984,3467112
dza,1985,3574781
dza,1986,3689125
dza,1987,3805793
dza,1988,3931227
dza,1989,3539394
dza,1990,3657697
dza,1991,3778786
dza,1992,3898093
dza,1993,4016042
dza,1994,4129779
dza,1995,4238411
dza,1996,4339942
dza,1997,4425847
dza,1998,4504359
dza,1999,4572576
dza,2000,4626135
dza,2001,4661279
dza,2002,4684666
dza,2003,4685647
dza,2004,4668600
dza,2005,4638396
dza,2006,4593031
dza,2007,5298849
dza,2008,5191182
dza,2009,4916906
dza,2010,4750576
dza,2011,4578915
dza,2012,4402865
dza,2013,4256146
dza,2014,4140079
dza,2015,4056674
eap,1970,108143512
eap,1971,107681304
eap,1972,108199456
eap,1973,110418712
eap,1974,114089856
eap,1975,118714328
eap,1976,124773656
eap,1977,148219760
eap,1978,172910272
eap,1979,181462416
eap,1980,189123376
eap,1981,196725616
eap,1982,203618928
eap,1983,208756064
eap,1984,212232928
eap,1985,214299520
eap,1986,214747536
eap,1987,212905440
eap,1988,209636560
eap,1989,205306224
eap,1990,199925952
eap,1991,193833104
eap,1992,187766128
eap,1993,183559040
eap,1994,181176272
eap,1995,180106016
eap,1996,180542496
eap,1997,183491952
eap,1998,188507632
eap,1999,194563584
eap,2000,202189312
eap,2001,211049696
eap,2002,218246160
eap,2003,222696000
eap,2004,224181600
eap,2005,222687248
eap,2006,218001600
eap,2007,210032096
eap,2008,201548272
eap,2009,193338496
eap,2010,185116752
eap,2011,177397712
eap,2012,170933568
eap,2013,165715520
eap,2014,161641072
eas,1970,125915792
eas,1971,125476800
eas,1972,125995808
eas,1973,128215200
eas,1974,131902568
eas,1975,136593008
eas,1976,142753728
eas,1977,166296256
eas,1978,191101392
eas,1979,199762768
eas,1980,207517328
eas,1981,215229776
eas,1982,222278912
eas,1983,227618736
eas,1984,231374592
eas,1985,233818208
eas,1986,234660848
eas,1987,233053392
eas,1988,229832016
eas,1989,225333536
eas,1990,219558352
eas,1991,212921728
eas,1992,206257280
eas,1993,201516560
eas,1994,198711360
eas,1995,197321408
eas,1996,197481280
eas,1997,200165680
eas,1998,204802544
eas,1999,210520496
eas,2000,217764496
eas,2001,226375696
eas,2002,233414848
eas,2003,237754368
eas,2004,239127664
eas,2005,237469872
eas,2006,232581744
eas,2007,224524288
eas,2008,215992656
eas,2009,207757792
eas,2010,199512864
eas,2011,191685552
eas,2012,185007216
eas,2013,179607760
eas,2014,175370928
eca,1970,44137688
eca,1971,44709080
eca,1972,44994132
eca,1973,45034336
eca,1974,44868988
eca,1975,44518664
eca,1976,43998136
eca,1977,43321696
eca,1978,42597324
eca,1979,41845228
eca,1980,41137860
eca,1981,40628416
eca,1982,40445656
eca,1983,40532856
eca,1984,40878872
eca,1985,41457016
eca,1986,42141724
eca,1987,42791672
eca,1988,43369144
eca,1989,43885976
eca,1990,44347244
eca,1991,45088768
eca,1992,45505004
eca,1993,46009928
eca,1994,46490444
eca,1995,47011340
eca,1996,47378108
eca,1997,47919144
eca,1998,47805508
eca,1999,48127012
eca,2000,48402912
eca,2001,48235672
eca,2002,47566984
eca,2003,46699004
eca,2004,46195968
eca,2005,45394136
eca,2006,43766076
eca,2007,42140812
eca,2008,40623836
eca,2009,40396664
eca,2010,39052272
eca,2011,37881856
eca,2012,36906632
eca,2013,37557168
eca,2014,37008392
ecs,1970,92391984
ecs,1971,93464744
ecs,1972,94402720
ecs,1973,95106912
ecs,1974,95559496
ecs,1975,95767744
ecs,1976,95698696
ecs,1977,95400248
ecs,1978,94902952
ecs,1979,94225328
ecs,1980,93413344
ecs,1981,92760784
ecs,1982,92062872
ecs,1983,91508304
ecs,1984,91122736
ecs,1985,90914336
ecs,1986,90792432
ecs,1987,90631048
ecs,1988,90390008
ecs,1989,90109872
ecs,1990,89824128
ecs,1991,89889520
ecs,1992,89773064
ecs,1993,89852944
ecs,1994,90021936
ecs,1995,90296264
ecs,1996,89995584
ecs,1997,90442688
ecs,1998,90274728
ecs,1999,90419896
ecs,2000,90498824
ecs,2001,90091616
ecs,2002,89214832
ecs,2003,88083440
ecs,2004,87273296
ecs,2005,86130544
ecs,2006,84141720
ecs,2007,82119504
ecs,2008,80211776
ecs,2009,79542152
ecs,2010,77721872
ecs,2011,76036096
ecs,2012,74553128
ecs,2013,74726272
ecs,2014,73745552
ecu,1970,827624
ecu,1971,852927
ecu,1972,873921
ecu,1973,895741
ecu,1974,919636
ecu,1975,944963
ecu,1976,971663
ecu,1977,998423
ecu,1978,1026759
ecu,1979,1056241
ecu,1980,1086988
ecu,1981,1118754
ecu,1982,1149452
ecu,1983,1179486
ecu,1984,1208736
ecu,1985,1237399
ecu,1986,1265102
ecu,1987,1289883
ecu,1988,1313510
ecu,1989,1336270
ecu,1990,1358044
ecu,1991,1378801
ecu,1992,1397981
ecu,1993,1418393
ecu,1994,1439915
ecu,1995,1461859
ecu,1996,1484142
ecu,1997,1508126
ecu,1998,1533264
ecu,1999,1559060
ecu,2000,1585642
ecu,2001,1612575
ecu,2002,1637408
ecu,2003,1660935
ecu,2004,1682643
ecu,2005,1702002
ecu,2006,1718552
ecu,2007,1732320
ecu,2008,1745174
ecu,2009,1757760
ecu,2010,1770420
ecu,2011,1782755
ecu,2012,1791109
ecu,2013,1797584
ecu,2014,1801918
ecu,2015,1803359
ecu,2016,1802177
egy,1970,4400339
egy,1971,4571243
egy,1972,4711269
egy,1973,4860117
egy,1974,5008862
egy,1975,5156030
egy,1976,5294309
egy,1977,5382585
egy,1978,5476534
egy,1979,5582516
egy,1980,5702334
egy,1981,5829802
egy,1982,5896985
egy,1983,5969102
egy,1984,6049619
egy,1985,6133529
egy,1986,6220723
egy,1987,6281007
egy,1988,6387060
egy,1989,6542434
egy,1990,7024982
egy,1991,7310583
egy,1992,7595353
egy,1993,7898298
egy,1994,8208914
egy,1995,8513729
egy,1996,8810787
egy,1997,9122505
egy,1998,9416961
egy,1999,9700167
egy,2000,9971058
egy,2001,10194115
egy,2002,10313588
egy,2003,10351975
egy,2004,10310085
egy,2005,10302496
egy,2006,10175713
egy,2007,9992407
egy,2008,9825062
egy,2009,9689607
egy,2010,9573712
egy,2011,9483518
egy,2012,9457999
egy,2013,9474165
egy,2014,9533226
egy,2015,9658007
emu,1970,33273980
emu,1971,33704952
emu,1972,34262792
emu,1973,34842736
emu,1974,35410824
emu,1975,35950552
emu,1976,36426512
emu,1977,36865208
emu,1978,37191032
emu,1979,37380656
emu,1980,37397304
emu,1981,37390768
emu,1982,37014552
emu,1983,36504624
emu,1984,35898964
emu,1985,35242788
emu,1986,34559668
emu,1987,33837200
emu,1988,33088560
emu,1989,32349484
emu,1990,31652834
emu,1991,31022148
emu,1992,30547406
emu,1993,30169804
emu,1994,29893692
emu,1995,29664464
emu,1996,28985276
emu,1997,28828968
emu,1998,28773744
emu,1999,28603472
emu,2000,28412924
emu,2001,28189966
emu,2002,27984836
emu,2003,27764514
emu,2004,27529196
emu,2005,27285014
emu,2006,27041942
emu,2007,26722000
emu,2008,26453814
emu,2009,26186310
emu,2010,25935506
emu,2011,25692380
emu,2012,25486180
emu,2013,25316530
emu,2014,25179952
eri,1970,230966
eri,1971,236760
eri,1972,243382
eri,1973,251275
eri,1974,259541
eri,1975,267782
eri,1976,276056
eri,1977,283426
eri,1978,291152
eri,1979,299539
eri,1980,308758
eri,1981,318723
eri,1982,328336
eri,1983,338460
eri,1984,349150
eri,1985,360569
eri,1986,372752
eri,1987,383937
eri,1988,396377
eri,1989,409101
eri,1990,420894
eri,1991,430879
eri,1992,449672
eri,1993,454980
eri,1994,464395
eri,1995,479591
eri,1996,501622
eri,1997,520872
eri,1998,541714
eri,1999,563932
eri,2000,587341
eri,2001,610529
eri,2002,629472
eri,2003,643803
eri,2004,755430
eri,2005,762060
eri,2006,761308
eri,2007,752242
eri,2008,741991
eri,2009,733117
eri,2010,727423
eri,2011,726239
eri,2012,726753
eri,2013,756304
eri,2014,777134
eri,2015,804606
eri,2016,838055
esp,1970,3944550
esp,1971,4054358
esp,1972,4156332
esp,1973,4254072
esp,1974,4342814
esp,1975,4422307
esp,1976,4487565
esp,1977,4533076
esp,1978,4569631
esp,1979,4596737
esp,1980,4611449
esp,1981,4616043
esp,1982,4608314
esp,1983,4607270
esp,1984,4612548
esp,1985,4621063
esp,1986,4631984
esp,1987,4651221
esp,1988,4659080
esp,1989,4655611
esp,1990,4641608
esp,1991,4607485
esp,1992,4530237
esp,1993,4429881
esp,1994,4305551
esp,1995,4156612
esp,1996,3500599
esp,1997,3344076
esp,1998,3194568
esp,1999,3060728
esp,2000,2943678
esp,2001,2847214
esp,2002,2776477
esp,2003,2719937
esp,2004,2674847
esp,2005,2644654
esp,2006,2629714
esp,2007,2621290
esp,2008,2608463
esp,2009,2588814
esp,2010,2560624
esp,2011,2525829
esp,2012,2515473
esp,2013,2514653
esp,2014,2526357
esp,2015,2552280
esp,2016,2595458
est,1970,119990
est,1971,120665
est,1972,123181
est,1973,124972
est,1974,125913
est,1975,126090
est,1976,125556
est,1977,124733
est,1978,123786
est,1979,122829
est,1980,121842
est,1981,121039
est,1982,121833
est,1983,122746
est,1984,123838
est,1985,125408
est,1986,127567
est,1987,129702
est,1988,131380
est,1989,132351
est,1990,132457
est,1991,131703
est,1992,129696
est,1993,127302
est,1994,124092
est,1995,122069
est,1996,120951
est,1997,121488
est,1998,122499
est,1999,123658
est,2000,124577
est,2001,125304
est,2002,126195
est,2003,126013
est,2004,124276
est,2005,121114
est,2006,116617
est,2007,110533
est,2008,103708
est,2009,96901
est,2010,90536
est,2011,84493
est,2012,79218
est,2013,74450
est,2014,70533
est,2015,67643
est,2016,66067
eth,1970,3467137
eth,1971,3550626
eth,1972,3637836
eth,1973,3740567
eth,1974,3853167
eth,1975,3969391
eth,1976,4087532
eth,1977,4138531
eth,1978,4166610
eth,1979,4180374
eth,1980,4196684
eth,1981,4227114
eth,1982,4341683
eth,1983,4490957
eth,1984,4675370
eth,1985,4889844
eth,1986,5130471
eth,1987,5353606
eth,1988,5578992
eth,1989,5798265
eth,1990,6015279
eth,1991,6234679
eth,1992,6435349
eth,1993,6653951
eth,1994,6906621
eth,1995,7201255
eth,1996,7543988
eth,1997,7893024
eth,1998,8236637
eth,1999,8554229
eth,2000,8848198
eth,2001,9124849
eth,2002,9319442
eth,2003,9527581
eth,2004,9770024
eth,2005,10054259
eth,2006,10376704
eth,2007,10722546
eth,2008,11132392
eth,2009,11593548
eth,2010,12085365
eth,2011,12598740
eth,2012,13072327
eth,2013,13517166
eth,2014,13924471
eth,2015,14296881
eth,2016,14634765
euu,1970,51247424
euu,1971,51747996
euu,1972,52327300
euu,1973,52897980
euu,1974,53398660
euu,1975,53820060
euu,1976,54141368
euu,1977,54447088
euu,1978,54633980
euu,1979,54718156
euu,1980,54682032
euu,1981,54647192
euu,1982,54248432
euu,1983,53742544
euu,1984,53136008
euu,1985,52439116
euu,1986,51692740
euu,1987,50923784
euu,1988,50124856
euu,1989,49344632
euu,1990,48624420
euu,1991,47972284
euu,1992,47423544
euu,1993,46977436
euu,1994,46623936
euu,1995,46305572
euu,1996,45549312
euu,1997,45372824
euu,1998,45237536
euu,1999,44996460
euu,2000,44759012
euu,2001,44485048
euu,2002,44192184
euu,2003,43944852
euu,2004,43522648
euu,2005,43030404
euu,2006,42492272
euu,2007,41865708
euu,2008,41263356
euu,2009,40649028
euu,2010,40053448
euu,2011,39464028
euu,2012,38884636
euu,2013,38374340
euu,2014,37933412
fin,1970,510488
fin,1971,500497
fin,1972,492296
fin,1973,486700
fin,1974,482458
fin,1975,478161
fin,1976,473955
fin,1977,469542
fin,1978,465046
fin,1979,460235
fin,1980,455392
fin,1981,450847
fin,1982,443162
fin,1983,434637
fin,1984,424976
fin,1985,414058
fin,1986,401102
fin,1987,387554
fin,1988,375766
fin,1989,368095
fin,1990,365009
fin,1991,366673
fin,1992,372856
fin,1993,380806
fin,1994,388018
fin,1995,393495
fin,1996,397595
fin,1997,399096
fin,1998,399070
fin,1999,397962
fin,2000,396039
fin,2001,392634
fin,2002,388956
fin,2003,385645
fin,2004,384056
fin,2005,384560
fin,2006,387556
fin,2007,392106
fin,2008,396557
fin,2009,398731
fin,2010,397781
fin,2011,393449
fin,2012,386567
fin,2013,377759
fin,2014,369062
fin,2015,361355
fin,2016,354336
fji,1970,80271
fji,1971,83066
fji,1972,85555
fji,1973,87703
fji,1974,89535
fji,1975,90917
fji,1976,90685
fji,1977,90603
fji,1978,90959
fji,1979,91880
fji,1980,93304
fji,1981,92701
fji,1982,91993
fji,1983,91370
fji,1984,90894
fji,1985,90856
fji,1986,91309
fji,1987,91730
fji,1988,92165
fji,1989,92876
fji,1990,94020
fji,1991,110245
fji,1992,112842
fji,1993,115744
fji,1994,118716
fji,1995,121424
fji,1996,123143
fji,1997,124496
fji,1998,125338
fji,1999,125459
fji,2000,124886
fji,2001,121961
fji,2002,118641
fji,2003,115304
fji,2004,112299
fji,2005,109608
fji,2006,110147
fji,2007,111147
fji,2008,112167
fji,2009,112720
fji,2010,112580
fji,2011,110989
fji,2012,109683
fji,2013,108819
fji,2014,108443
fji,2015,108528
fji,2016,108827
fra,1970,5755249
fra,1971,5761401
fra,1972,5807957
fra,1973,5858339
fra,1974,5904251
fra,1975,5947727
fra,1976,5984548
fra,1977,5999275
fra,1978,6004619
fra,1979,5995985
fra,1980,5972255
fra,1981,5937934
fra,1982,5932273
fra,1983,5923772
fra,1984,5920556
fra,1985,5923158
fra,1986,5918347
fra,1987,5865507
fra,1988,5794715
fra,1989,5697735
fra,1990,5574133
fra,1991,5440561
fra,1992,5334421
fra,1993,5264180
fra,1994,5238946
fra,1995,5256201
fra,1996,5307714
fra,1997,5361539
fra,1998,5407379
fra,1999,5435991
fra,2000,5450339
fra,2001,5446802
fra,2002,5432676
fra,2003,5416280
fra,2004,5399169
fra,2005,5376313
fra,2006,5348134
fra,2007,5311612
fra,2008,5284899
fra,2009,5272566
fra,2010,5275547
fra,2011,5294246
fra,2012,5301750
fra,2013,5330642
fra,2014,5375087
fra,2015,5431967
fra,2016,5495404
fsm,1970,9049
fsm,1971,9177
fsm,1972,9143
fsm,1973,9084
fsm,1974,9054
fsm,1975,9074
fsm,1976,9169
fsm,1977,9246
fsm,1978,9453
fsm,1979,9770
fsm,1980,10172
fsm,1981,10647
fsm,1982,11218
fsm,1983,11753
fsm,1984,12247
fsm,1985,12716
fsm,1986,13144
fsm,1987,13327
fsm,1988,13507
fsm,1989,13700
fsm,1990,13894
fsm,1991,14100
fsm,1992,14362
fsm,1993,14865
fsm,1994,15517
fsm,1995,16223
fsm,1996,16869
fsm,1997,16977
fsm,1998,17036
fsm,1999,17057
fsm,2000,17033
fsm,2001,16925
fsm,2002,16630
fsm,2003,16437
fsm,2004,16368
fsm,2005,16384
fsm,2006,16452
fsm,2007,16311
fsm,2008,16223
fsm,2009,16178
fsm,2010,16180
fsm,2011,16215
fsm,2012,16024
fsm,2013,15859
fsm,2014,15717
fsm,2015,15579
fsm,2016,15419
gab,1970,67220
gab,1971,68499
gab,1972,69914
gab,1973,71539
gab,1974,73435
gab,1975,75641
gab,1976,78167
gab,1977,80959
gab,1978,84115
gab,1979,87606
gab,1980,91424
gab,1981,95511
gab,1982,99569
gab,1983,103690
gab,1984,107846
gab,1985,112009
gab,1986,116156
gab,1987,120160
gab,1988,124261
gab,1989,128516
gab,1990,132942
gab,1991,137511
gab,1992,142276
gab,1993,147294
gab,1994,152543
gab,1995,158004
gab,1996,163655
gab,1997,169333
gab,1998,175066
gab,1999,180777
gab,2000,186415
gab,2001,191927
gab,2002,197343
gab,2003,202539
gab,2004,207528
gab,2005,212307
gab,2006,216854
gab,2007,221266
gab,2008,225394
gab,2009,229331
gab,2010,233200
gab,2011,236985
gab,2012,244392
gab,2013,247686
gab,2014,250879
gab,2015,254032
gab,2016,257334
gbr,1970,5348766
gbr,1971,5419460
gbr,1972,5556665
gbr,1973,5719263
gbr,1974,5892575
gbr,1975,6075722
gbr,1976,6254213
gbr,1977,6415822
gbr,1978,6537295
gbr,1979,6612428
gbr,1980,6636544
gbr,1981,6599107
gbr,1982,6503108
gbr,1983,6365495
gbr,1984,6200335
gbr,1985,6011838
gbr,1986,5808237
gbr,1987,5602971
gbr,1988,5411812
gbr,1989,5235947
gbr,1990,5078007
gbr,1991,4951572
gbr,1992,4867515
gbr,1993,4819555
gbr,1994,4807945
gbr,1995,4835713
gbr,1996,4901143
gbr,1997,4983156
gbr,1998,5064682
gbr,1999,5140834
gbr,2000,5213925
gbr,2001,5281251
gbr,2002,5371033
gbr,2003,5428790
gbr,2004,5459665
gbr,2005,5466397
gbr,2006,5450755
gbr,2007,5474232
gbr,2008,5477854
gbr,2009,5464484
gbr,2010,5434493
gbr,2011,5385484
gbr,2012,5305951
gbr,2013,5221557
gbr,2014,5130213
gbr,2015,5035677
gbr,2016,4959070
geo,1970,638327
geo,1971,657781
geo,1972,675502
geo,1973,688867
geo,1974,698525
geo,1975,704228
geo,1976,704243
geo,1977,692456
geo,1978,678398
geo,1979,662788
geo,1980,646381
geo,1981,632029
geo,1982,617121
geo,1983,606679
geo,1984,601070
geo,1985,600568
geo,1986,603580
geo,1987,602495
geo,1988,602214
geo,1989,602335
geo,1990,601788
geo,1991,600179
geo,1992,594852
geo,1993,586827
geo,1994,577040
geo,1995,567669
geo,1996,560856
geo,1997,557840
geo,1998,557502
geo,1999,559602
geo,2000,562415
geo,2001,562944
geo,2002,558871
geo,2003,551232
geo,2004,395828
geo,2005,387514
geo,2006,376626
geo,2007,357320
geo,2008,336883
geo,2009,387769
geo,2010,363520
geo,2011,339611
geo,2012,317964
geo,2013,299503
geo,2014,283354
geo,2015,268007
geo,2016,252799
gha,1970,1231962
gha,1971,1265699
gha,1972,1307438
gha,1973,1358979
gha,1974,1415049
gha,1975,1470350
gha,1976,1522743
gha,1977,1563932
gha,1978,1601821
gha,1979,1640767
gha,1980,1685580
gha,1981,1737730
gha,1982,1795665
gha,1983,1861769
gha,1984,1932913
gha,1985,2004809
gha,1986,2074031
gha,1987,2133633
gha,1988,2191147
gha,1989,2248518
gha,1990,2307586
gha,1991,2368799
gha,1992,2428314
gha,1993,2491589
gha,1994,2557743
gha,1995,2625434
gha,1996,2693407
gha,1997,2757489
gha,1998,2823754
gha,1999,2892416
gha,2000,2963388
gha,2001,3036266
gha,2002,3109091
gha,2003,3182636
gha,2004,3257969
gha,2005,3336856
gha,2006,3418108
gha,2007,3491449
gha,2008,3565068
gha,2009,3637323
gha,2010,3704082
gha,2011,3763408
gha,2012,3810765
gha,2013,3858126
gha,2014,3910359
gha,2015,3972319
gha,2016,4044543
gib,2002,1464
gin,1970,543499
gin,1971,555654
gin,1972,558803
gin,1973,558924
gin,1974,558303
gin,1975,558569
gin,1976,559877
gin,1977,557060
gin,1978,555252
gin,1979,554729
gin,1980,556237
gin,1981,560245
gin,1982,564342
gin,1983,572505
gin,1984,584448
gin,1985,599599
gin,1986,617491
gin,1987,634534
gin,1988,654236
gin,1989,678126
gin,1990,708312
gin,1991,745888
gin,1992,791006
gin,1993,843150
gin,1994,898253
gin,1995,951850
gin,1996,1001281
gin,1997,1038425
gin,1998,1225012
gin,1999,1255793
gin,2000,1285665
gin,2001,1317013
gin,2002,1344614
gin,2003,1373482
gin,2004,1404538
gin,2005,1438831
gin,2006,1476780
gin,2007,1514636
gin,2008,1557164
gin,2009,1603256
gin,2010,1651583
gin,2011,1700964
gin,2012,1747465
gin,2013,1794984
gin,2014,1843487
gin,2015,1893350
gin,2016,1944640
gmb,1970,54616
gmb,1971,53498
gmb,1972,56747
gmb,1973,60572
gmb,1974,55356
gmb,1975,57793
gmb,1976,59192
gmb,1977,61002
gmb,1978,62698
gmb,1979,63138
gmb,1980,63739
gmb,1981,65062
gmb,1982,68788
gmb,1983,74412
gmb,1984,80790
gmb,1985,86791
gmb,1986,91970
gmb,1987,97585
gmb,1988,101790
gmb,1989,104918
gmb,1990,107703
gmb,1991,113601
gmb,1992,119044
gmb,1993,125425
gmb,1994,131980
gmb,1995,138364
gmb,1996,144607
gmb,1997,150420
gmb,1998,155639
gmb,1999,160359
gmb,2000,164719
gmb,2001,168568
gmb,2002,171914
gmb,2003,175800
gmb,2004,180230
gmb,2005,185096
gmb,2006,190248
gmb,2007,195823
gmb,2008,202146
gmb,2009,209097
gmb,2010,216524
gmb,2011,224334
gmb,2012,232521
gmb,2013,241127
gmb,2014,249984
gmb,2015,259023
gmb,2016,268184
gnb,1970,77901
gnb,1971,78655
gnb,1972,78573
gnb,1973,78573
gnb,1974,78926
gnb,1975,79592
gnb,1976,80593
gnb,1977,81390
gnb,1978,82389
gnb,1979,83539
gnb,1980,84903
gnb,1981,86510
gnb,1982,87979
gnb,1983,89681
gnb,1984,91638
gnb,1985,93922
gnb,1986,96589
gnb,1987,98965
gnb,1988,101678
gnb,1989,104628
gnb,1990,107750
gnb,1991,110943
gnb,1992,114013
gnb,1993,117479
gnb,1994,121500
gnb,1995,126126
gnb,1996,131471
gnb,1997,136514
gnb,1998,141448
gnb,1999,145938
gnb,2000,149992
gnb,2001,153527
gnb,2002,156277
gnb,2003,159064
gnb,2004,162112
gnb,2005,165420
gnb,2006,169038
gnb,2007,172245
gnb,2008,175481
gnb,2009,178634
gnb,2010,181773
gnb,2011,224182
gnb,2012,227565
gnb,2013,231367
gnb,2014,235634
gnb,2015,240303
gnb,2016,201959
gnq,1970,42893
gnq,1971,42886
gnq,1972,42108
gnq,1973,41576
gnq,1974,41407
gnq,1975,41702
gnq,1976,42562
gnq,1977,42097
gnq,1978,42122
gnq,1979,42876
gnq,1980,44574
gnq,1981,47184
gnq,1982,48529
gnq,1983,49762
gnq,1984,50484
gnq,1985,50226
gnq,1986,48779
gnq,1987,47400
gnq,1988,45564
gnq,1989,43576
gnq,1990,41786
gnq,1991,40657
gnq,1992,40772
gnq,1993,41918
gnq,1994,44079
gnq,1995,47222
gnq,1996,51347
gnq,1997,56536
gnq,1998,56743
gnq,1999,62134
gnq,2000,67732
gnq,2001,73477
gnq,2002,79243
gnq,2003,84514
gnq,2004,89235
gnq,2005,93324
gnq,2006,96725
gnq,2007,84574
gnq,2008,86848
gnq,2009,88887
gnq,2010,90892
gnq,2011,92887
gnq,2012,95088
gnq,2013,97289
gnq,2014,99450
gnq,2015,101550
gnq,2016,103602
grc,1970,813538
grc,1971,821822
grc,1972,831984
grc,1973,840358
grc,1974,846318
grc,1975,849643
grc,1976,850862
grc,1977,852558
grc,1978,859888
grc,1979,872696
grc,1980,890498
grc,1981,911038
grc,1982,924223
grc,1983,928419
grc,1984,924442
grc,1985,913334
grc,1986,896775
grc,1987,885333
grc,1988,879892
grc,1989,881340
grc,1990,888798
grc,1991,900717
grc,1992,911053
grc,1993,918244
grc,1994,920231
grc,1995,916244
grc,1996,904972
grc,1997,888273
grc,1998,868290
grc,1999,846172
grc,2000,821399
grc,2001,794674
grc,2002,772142
grc,2003,750728
grc,2004,732166
grc,2005,718100
grc,2006,709945
grc,2007,703752
grc,2008,698173
grc,2009,691209
grc,2010,682612
grc,2011,672128
grc,2012,658902
grc,2013,642280
grc,2014,626969
grc,2015,616613
grc,2016,614519
grd,1970,12836
grd,1971,13918
grd,1972,14603
grd,1973,14853
grd,1974,14803
grd,1975,14623
grd,1976,14404
grd,1977,13836
grd,1978,13230
grd,1979,12676
grd,1980,12219
grd,1981,11953
grd,1982,11865
grd,1983,11887
grd,1984,11942
grd,1985,11987
grd,1986,11963
grd,1987,11594
grd,1988,11218
grd,1989,10811
grd,1990,10315
grd,1991,9786
grd,1992,9657
grd,1993,9937
grd,1994,10448
grd,1995,11024
grd,1996,11512
grd,1997,11877
grd,1998,12236
grd,1999,12582
grd,2000,12943
grd,2001,13280
grd,2002,13389
grd,2003,13363
grd,2004,13192
grd,2005,12832
grd,2006,12326
grd,2007,11778
grd,2008,11321
grd,2009,10945
grd,2010,10668
grd,2011,10467
grd,2012,10187
grd,2013,9914
grd,2014,9654
grd,2015,9386
grd,2016,9130
gtm,1970,733259
gtm,1971,745195
gtm,1972,758726
gtm,1973,775019
gtm,1974,794261
gtm,1975,816206
gtm,1976,835369
gtm,1977,857987
gtm,1978,882918
gtm,1979,909346
gtm,1980,936835
gtm,1981,958955
gtm,1982,984270
gtm,1983,1013270
gtm,1984,1045686
gtm,1985,1080592
gtm,1986,1109646
gtm,1987,1143670
gtm,1988,1182110
gtm,1989,1223228
gtm,1990,1265315
gtm,1991,1303258
gtm,1992,1343024
gtm,1993,1385449
gtm,1994,1430800
gtm,1995,1479291
gtm,1996,1518119
gtm,1997,1557126
gtm,1998,1350395
gtm,1999,1375067
gtm,2000,1393343
gtm,2001,1404805
gtm,2002,1421363
gtm,2003,1446214
gtm,2004,1477987
gtm,2005,1516306
gtm,2006,1555920
gtm,2007,1597270
gtm,2008,1637708
gtm,2009,1714081
gtm,2010,1714081
gtm,2011,1747452
gtm,2012,1778596
gtm,2013,1807634
gtm,2014,1834728
gtm,2015,1859993
gtm,2016,1879134
guy,1970,88539
guy,1971,91110
guy,1972,93415
guy,1973,95138
guy,1974,96175
guy,1975,96684
guy,1976,96734
guy,1977,97492
guy,1978,98506
guy,1979,99636
guy,1980,100549
guy,1981,101149
guy,1982,99692
guy,1983,98572
guy,1984,97994
guy,1985,98258
guy,1986,99125
guy,1987,96402
guy,1988,92854
guy,1989,89453
guy,1990,87104
guy,1991,86233
guy,1992,84721
guy,1993,83492
guy,1994,82892
guy,1995,83090
guy,1996,84196
guy,1997,81704
guy,1998,78612
guy,1999,75351
guy,2000,72428
guy,2001,70500
guy,2002,69231
guy,2003,68707
guy,2004,69652
guy,2005,72898
guy,2006,78352
guy,2007,82613
guy,2008,85825
guy,2009,88518
guy,2010,91013
guy,2011,93573
guy,2012,96191
guy,2013,97502
guy,2014,97666
guy,2015,96971
guy,2016,95562
hic,1970,96253328
hic,1971,97366072
hic,1972,98567864
hic,1973,99646264
hic,1974,100575920
hic,1975,101406056
hic,1976,102061824
hic,1977,102562256
hic,1978,102805424
hic,1979,102782424
hic,1980,102447016
hic,1981,101957752
hic,1982,101046240
hic,1983,100090312
hic,1984,99184640
hic,1985,98395456
hic,1986,97694640
hic,1987,97019936
hic,1988,96211896
hic,1989,95250072
hic,1990,94152224
hic,1991,93027240
hic,1992,92106968
hic,1993,91500184
hic,1994,91238912
hic,1995,91264640
hic,1996,91003432
hic,1997,90580712
hic,1998,91259488
hic,1999,91222576
hic,2000,91086936
hic,2001,91011064
hic,2002,91155568
hic,2003,91249896
hic,2004,91187000
hic,2005,90982344
hic,2006,90730032
hic,2007,90400624
hic,2008,90002296
hic,2009,89491344
hic,2010,88881168
hic,2011,88112072
hic,2012,87260448
hic,2013,86312248
hic,2014,85289120
hic,2015,84409520
hkg,1970,629148
hkg,1971,647420
hkg,1972,669549
hkg,1973,692009
hkg,1974,713966
hkg,1975,736316
hkg,1976,758080
hkg,1977,783584
hkg,1978,799704
hkg,1979,803344
hkg,1980,790956
hkg,1981,762472
hkg,1982,722380
hkg,1983,684019
hkg,1984,651160
hkg,1985,627102
hkg,1986,612198
hkg,1987,606826
hkg,1988,605477
hkg,1989,605492
hkg,1990,604572
hkg,1991,603442
hkg,1992,600821
hkg,1993,596924
hkg,1994,593677
hkg,1995,593635
hkg,1996,597591
hkg,1997,604196
hkg,1998,613274
hkg,1999,623288
hkg,2000,631214
hkg,2001,635862
hkg,2002,635334
hkg,2003,630138
hkg,2004,623833
hkg,2005,619825
hkg,2006,618896
hkg,2007,614910
hkg,2008,606635
hkg,2009,594050
hkg,2010,577450
hkg,2011,558164
hkg,2012,454113
hkg,2013,434600
hkg,2014,413352
hkg,2015,390663
hkg,2016,367099
hnd,1970,309744
hnd,1971,318187
hnd,1972,327574
hnd,1973,338229
hnd,1974,349869
hnd,1975,362333
hnd,1976,374959
hnd,1977,388123
hnd,1978,401890
hnd,1979,416517
hnd,1980,432290
hnd,1981,446676
hnd,1982,460922
hnd,1983,474435
hnd,1984,487182
hnd,1985,498868
hnd,1986,509450
hnd,1987,521461
hnd,1988,535711
hnd,1989,551957
hnd,1990,570230
hnd,1991,588914
hnd,1992,607856
hnd,1993,626471
hnd,1994,645019
hnd,1995,663620
hnd,1996,680018
hnd,1997,696172
hnd,1998,840900
hnd,1999,736010
hnd,2000,750376
hnd,2001,763964
hnd,2002,778277
hnd,2003,807136
hnd,2004,824122
hnd,2005,841401
hnd,2006,857234
hnd,2007,871124
hnd,2008,883204
hnd,2009,893605
hnd,2010,902154
hnd,2011,907162
hnd,2012,909608
hnd,2013,909462
hnd,2014,906451
hnd,2015,901055
hnd,2016,894574
hpc,1970,29308674
hpc,1971,30067140
hpc,1972,30779842
hpc,1973,31634580
hpc,1974,32468904
hpc,1975,33465084
hpc,1976,34359572
hpc,1977,34923200
hpc,1978,35682288
hpc,1979,36498760
hpc,1980,37403200
hpc,1981,38614464
hpc,1982,38929480
hpc,1983,39875940
hpc,1984,41480356
hpc,1985,42662276
hpc,1986,43857168
hpc,1987,44973808
hpc,1988,46285680
hpc,1989,47719336
hpc,1990,49274336
hpc,1991,50840072
hpc,1992,52232688
hpc,1993,53698976
hpc,1994,55453744
hpc,1995,57138712
hpc,1996,58963780
hpc,1997,60684032
hpc,1998,61722624
hpc,1999,63390560
hpc,2000,65329944
hpc,2001,67314832
hpc,2002,69144608
hpc,2003,71049168
hpc,2004,73170624
hpc,2005,75207160
hpc,2006,77274024
hpc,2007,79305728
hpc,2008,81584008
hpc,2009,83978536
hpc,2010,87055536
hpc,2011,89776288
hpc,2012,92392040
hpc,2013,95225064
hpc,2014,97452336
hrv,1970,622784
hrv,1971,616104
hrv,1972,607388
hrv,1973,597712
hrv,1974,587985
hrv,1975,578986
hrv,1976,570606
hrv,1977,561472
hrv,1978,552785
hrv,1979,543873
hrv,1980,534542
hrv,1981,525943
hrv,1982,520997
hrv,1983,517609
hrv,1984,516417
hrv,1985,517735
hrv,1986,520770
hrv,1987,524209
hrv,1988,528294
hrv,1989,531394
hrv,1990,532205
hrv,1991,530891
hrv,1992,525946
hrv,1993,521109
hrv,1994,517112
hrv,1995,514130
hrv,1996,511295
hrv,1997,504233
hrv,1998,496093
hrv,1999,487751
hrv,2000,479854
hrv,2001,472414
hrv,2002,462752
hrv,2003,452731
hrv,2004,441801
hrv,2005,429563
hrv,2006,416959
hrv,2007,405509
hrv,2008,395744
hrv,2009,388993
hrv,2010,385761
hrv,2011,384461
hrv,2012,381642
hrv,2013,378761
hrv,2014,374097
hrv,2015,366746
hrv,2016,358189
hti,1970,674247
hti,1971,697195
hti,1972,715302
hti,1973,732415
hti,1974,749690
hti,1975,768416
hti,1976,789388
hti,1977,726890
hti,1978,741776
hti,1979,756033
hti,1980,770215
hti,1981,783697
hti,1982,790982
hti,1983,797737
hti,1984,804905
hti,1985,812419
hti,1986,820640
hti,1987,826712
hti,1988,839155
hti,1989,857790
hti,1990,881235
hti,1991,909573
hti,1992,942690
hti,1993,980363
hti,1994,1021599
hti,1995,1067585
hti,1996,1117201
hti,1997,1159475
hti,1998,1363971
hti,1999,1403016
hti,2000,1435252
hti,2001,1460222
hti,2002,1473482
hti,2003,1482994
hti,2004,1491663
hti,2005,1501103
hti,2006,1510874
hti,2007,1518370
hti,2008,1527032
hti,2009,1536671
hti,2010,1547508
hti,2011,1559564
hti,2012,1567111
hti,2013,1575105
hti,2014,1582909
hti,2015,1589516
hti,2016,1594766
hun,1970,1440653
hun,1971,1418396
hun,1972,1372639
hun,1973,1317428
hun,1974,1257483
hun,1975,1197270
hun,1976,1141877
hun,1977,1102256
hun,1978,1072537
hun,1979,1055192
hun,1980,1052011
hun,1981,1061161
hun,1982,1076459
hun,1983,1101583
hun,1984,1129067
hun,1985,1153415
hun,1986,1177091
hun,1987,1208990
hun,1988,1238367
hun,1989,1269654
hun,1990,1304455
hun,1991,1334368
hun,1992,1336859
hun,1993,1328970
hun,1994,1306266
hun,1995,1266523
hun,1996,1216458
hun,1997,1164957
hun,1998,1113999
hun,1999,1071276
hun,2000,1041609
hun,2001,1022764
hun,2002,1012032
hun,2003,1007379
hun,2004,1004011
hun,2005,998295
hun,2006,989325
hun,2007,975660
hun,2008,956823
hun,2009,933122
hun,2010,905444
hun,2011,875859
hun,2012,848605
hun,2013,823261
hun,2014,801806
hun,2015,785738
hun,2016,775116
idn,1970,13471684
idn,1971,14185531
idn,1972,14888779
idn,1973,15598802
idn,1974,16286483
idn,1975,16941496
idn,1976,17553732
idn,1977,18090774
idn,1978,18604508
idn,1979,19120652
idn,1980,19651484
idn,1981,20192428
idn,1982,20710372
idn,1983,21223664
idn,1984,21718068
idn,1985,22188248
idn,1986,22633212
idn,1987,23020290
idn,1988,23400338
idn,1989,23774286
idn,1990,24134616
idn,1991,24470122
idn,1992,24781848
idn,1993,25082468
idn,1994,25381726
idn,1995,25685692
idn,1996,26004820
idn,1997,26266700
idn,1998,26491398
idn,1999,26645872
idn,2000,26716928
idn,2001,26689344
idn,2002,26476676
idn,2003,26383112
idn,2004,26432970
idn,2005,26596432
idn,2006,26838114
idn,2007,26526828
idn,2008,26265752
idn,2009,26120248
idn,2010,26098598
idn,2011,26231284
idn,2012,26671412
idn,2013,27060944
idn,2014,27388520
idn,2015,27674442
idn,2016,27933138
ind,1970,86044920
ind,1971,88001976
ind,1972,89667368
ind,1973,91417136
ind,1974,93360760
ind,1975,95445152
ind,1976,97592120
ind,1977,99536976
ind,1978,101559192
ind,1979,103616720
ind,1980,105686848
ind,1981,107738760
ind,1982,109734080
ind,1983,111835720
ind,1984,114077736
ind,1985,116457624
ind,1986,118913592
ind,1987,121180368
ind,1988,123595672
ind,1989,126089640
ind,1990,128610912
ind,1991,131183184
ind,1992,133868424
ind,1993,136762400
ind,1994,139878784
ind,1995,143175920
ind,1996,146522064
ind,1997,149623472
ind,1998,152545472
ind,1999,155223024
ind,2000,157622736
ind,2001,159662016
ind,2002,161247568
ind,2003,162675552
ind,2004,163983504
ind,2005,165141728
ind,2006,166168416
ind,2007,167108112
ind,2008,168083072
ind,2009,169098080
ind,2010,170145776
ind,2011,171221008
ind,2012,172268736
ind,2013,173302416
ind,2014,174268896
ind,2015,175129728
irl,1970,285040
irl,1971,284623
irl,1972,284730
irl,1973,287224
irl,1974,292355
irl,1975,301116
irl,1976,312385
irl,1977,320011
irl,1978,325545
irl,1979,328587
irl,1980,327519
irl,1981,323533
irl,1982,319948
irl,1983,320937
irl,1984,325570
irl,1985,333885
irl,1986,344194
irl,1987,351073
irl,1988,356778
irl,1989,360944
irl,1990,362514
irl,1991,361710
irl,1992,358591
irl,1993,357390
irl,1994,357236
irl,1995,357752
irl,1996,358015
irl,1997,352952
irl,1998,351953
irl,1999,346649
irl,2000,340172
irl,2001,332262
irl,2002,320030
irl,2003,308241
irl,2004,298105
irl,2005,289701
irl,2006,283209
irl,2007,279933
irl,2008,277080
irl,2009,274591
irl,2010,272523
irl,2011,271143
irl,2012,270299
irl,2013,271155
irl,2014,273669
irl,2015,278212
irl,2016,284859
irn,1970,3927986
irn,1971,4049217
irn,1972,4256561
irn,1973,4360757
irn,1974,4472562
irn,1975,4591942
irn,1976,4715249
irn,1977,4837805
irn,1978,5712176
irn,1979,5859935
irn,1980,6015662
irn,1981,6176634
irn,1982,6350269
irn,1983,6545817
irn,1984,6761503
irn,1985,6999344
irn,1986,7265643
irn,1987,7559690
irn,1988,7935979
irn,1989,8368572
irn,1990,8825293
irn,1991,9287354
irn,1992,9608828
irn,1993,9958536
irn,1994,10353292
irn,1995,10808167
irn,1996,11311549
irn,1997,11771232
irn,1998,12160106
irn,1999,12463607
irn,2000,12667656
irn,2001,12746309
irn,2002,12765661
irn,2003,12639088
irn,2004,12372895
irn,2005,11953820
irn,2006,11379245
irn,2007,10737649
irn,2008,10106610
irn,2009,9510394
irn,2010,8964771
irn,2011,8502326
irn,2012,8122006
irn,2013,6774888
irn,2014,6554414
irn,2015,6406476
irq,1970,1308216
irq,1971,1334583
irq,1972,1324054
irq,1973,1328145
irq,1974,1352817
irq,1975,1393952
irq,1976,1452769
irq,1977,1532482
irq,1978,1622842
irq,1979,1719200
irq,1980,1824900
irq,1981,1938131
irq,1982,2039864
irq,1983,2135774
irq,1984,2222817
irq,1985,2297694
irq,1986,2357689
irq,1987,2401929
irq,1988,2449869
irq,1989,2506437
irq,1990,2572977
irq,1991,2649475
irq,1992,2712628
irq,1993,2780157
irq,1994,2850122
irq,1995,2919907
irq,1996,2987804
irq,1997,3052763
irq,1998,3120521
irq,1999,3191879
irq,2000,3267364
irq,2001,3346584
irq,2002,3423111
irq,2003,3502903
irq,2004,3583388
irq,2005,3660835
irq,2006,3734418
irq,2007,3811302
irq,2008,3893159
irq,2009,3985500
irq,2010,4096312
irq,2011,4226952
irq,2012,4351759
irq,2013,4478260
irq,2014,4600755
irq,2015,4710706
isl,1970,28175
isl,1971,28863
isl,1972,29545
isl,1973,30195
isl,1974,30785
isl,1975,31288
isl,1976,31688
isl,1977,31773
isl,1978,31757
isl,1979,31628
isl,1980,31410
isl,1981,31090
isl,1982,30652
isl,1983,30210
isl,1984,29838
isl,1985,29577
isl,1986,29455
isl,1987,29399
isl,1988,29443
isl,1989,29524
isl,1990,29584
isl,1991,29576
isl,1992,29512
isl,1993,29442
isl,1994,29397
isl,1995,29404
isl,1996,29481
isl,1997,29581
isl,1998,29710
isl,1999,29834
isl,2000,29918
isl,2001,29935
isl,2002,29964
isl,2003,30044
isl,2004,30230
isl,2005,30540
isl,2006,30988
isl,2007,31628
isl,2008,32158
isl,2009,32494
isl,2010,32595
isl,2011,32442
isl,2012,32497
isl,2013,32253
isl,2014,31717
isl,2015,31012
isl,2016,30288
isr,1970,367897
isr,1971,366038
isr,1972,365238
isr,1973,365936
isr,1974,368426
isr,1975,372249
isr,1976,377175
isr,1977,380997
isr,1978,385988
isr,1979,391358
isr,1980,396558
isr,1981,401736
isr,1982,409214
isr,1983,419371
isr,1984,432211
isr,1985,447861
isr,1986,466103
isr,1987,484281
isr,1988,500291
isr,1989,514411
isr,1990,528136
isr,1991,541816
isr,1992,552259
isr,1993,564912
isr,1994,579201
isr,1995,593068
isr,1996,605015
isr,1997,615299
isr,1998,622608
isr,1999,627496
isr,2000,630657
isr,2001,632732
isr,2002,634648
isr,2003,636528
isr,2004,639035
isr,2005,642572
isr,2006,647995
isr,2007,656457
isr,2008,667541
isr,2009,680327
isr,2010,694071
isr,2011,707896
isr,2012,725384
isr,2013,740586
isr,2014,753683
isr,2015,765770
isr,2016,777580
ita,1970,6353634
ita,1971,6380910
ita,1972,6455845
ita,1973,6559236
ita,1974,6680900
ita,1975,6811528
ita,1976,6943031
ita,1977,7059000
ita,1978,7166814
ita,1979,7257159
ita,1980,7320510
ita,1981,7354556
ita,1982,7356464
ita,1983,7329319
ita,1984,7284707
ita,1985,7227922
ita,1986,7149434
ita,1987,7035118
ita,1988,6893386
ita,1989,6722703
ita,1990,6524760
ita,1991,6307869
ita,1992,6079376
ita,1993,5852020
ita,1994,5634383
ita,1995,5433188
ita,1996,5251510
ita,1997,5098257
ita,1998,4967401
ita,1999,4855612
ita,2000,4762233
ita,2001,4689863
ita,2002,4641766
ita,2003,4612197
ita,2004,4595894
ita,2005,4585844
ita,2006,4576272
ita,2007,4570192
ita,2008,4558604
ita,2009,4543296
ita,2010,4526273
ita,2011,4510001
ita,2012,4497285
ita,2013,4486711
ita,2014,4479336
ita,2015,4476100
ita,2016,4477954
jam,1970,281610
jam,1971,277734
jam,1972,295342
jam,1973,315036
jam,1974,335423
jam,1975,355205
jam,1976,373542
jam,1977,377592
jam,1978,377636
jam,1979,375894
jam,1980,374153
jam,1981,373449
jam,1982,381227
jam,1983,387782
jam,1984,393092
jam,1985,397128
jam,1986,399455
jam,1987,392075
jam,1988,384022
jam,1989,376211
jam,1990,368920
jam,1991,362602
jam,1992,357930
jam,1993,355026
jam,1994,354071
jam,1995,355374
jam,1996,358535
jam,1997,358363
jam,1998,263263
jam,1999,263968
jam,2000,264863
jam,2001,266222
jam,2002,266930
jam,2003,268393
jam,2004,270214
jam,2005,271977
jam,2006,273560
jam,2007,275717
jam,2008,277732
jam,2009,279328
jam,2010,280496
jam,2011,280768
jam,2012,278410
jam,2013,274868
jam,2014,269703
jam,2015,262096
jam,2016,252459
jor,1970,190754
jor,1971,206471
jor,1972,217994
jor,1973,228091
jor,1974,237151
jor,1975,246106
jor,1976,255448
jor,1977,269131
jor,1978,284966
jor,1979,302426
jor,1980,320492
jor,1981,338591
jor,1982,352318
jor,1983,368946
jor,1984,387758
jor,1985,408078
jor,1986,428691
jor,1987,448862
jor,1988,467774
jor,1989,485663
jor,1990,503047
jor,1991,521086
jor,1992,541744
jor,1993,565030
jor,1994,589545
jor,1995,613047
jor,1996,633164
jor,1997,653584
jor,1998,667303
jor,1999,674934
jor,2000,678326
jor,2001,679026
jor,2002,675444
jor,2003,674791
jor,2004,678710
jor,2005,687448
jor,2006,701217
jor,2007,720741
jor,2008,745369
jor,2009,772886
jor,2010,801759
jor,2011,830754
jor,2012,859318
jor,2013,885396
jor,2014,908641
jor,2015,928949
jpn,1970,10430089
jpn,1971,10086355
jpn,1972,9810176
jpn,1973,9615529
jpn,1974,9494020
jpn,1975,9462837
jpn,1976,9527206
jpn,1977,9622189
jpn,1978,9759179
jpn,1979,9908723
jpn,1980,10045013
jpn,1981,10163166
jpn,1982,10349434
jpn,1983,10579957
jpn,1984,10853329
jpn,1985,11181548
jpn,1986,11541885
jpn,1987,11783485
jpn,1988,11892540
jpn,1989,11853967
jpn,1990,11653828
jpn,1991,11287460
jpn,1992,10852641
jpn,1993,10445662
jpn,1994,10097148
jpn,1995,9794658
jpn,1996,9538362
jpn,1997,9305377
jpn,1998,9083010
jpn,1999,8853973
jpn,2000,8623942
jpn,2001,8393387
jpn,2002,8175331
jpn,2003,7975829
jpn,2004,7797358
jpn,2005,7634209
jpn,2006,7487800
jpn,2007,7396063
jpn,2008,7308685
jpn,2009,7232946
jpn,2010,7180756
jpn,2011,7158489
jpn,2012,7159051
jpn,2013,7143603
jpn,2014,7103486
jpn,2015,7039739
jpn,2016,6952299
kaz,1970,2087265
kaz,1971,2168355
kaz,1972,2245850
kaz,1973,2304150
kaz,1974,2345881
kaz,1975,2370721
kaz,1976,2373872
kaz,1977,2333687
kaz,1978,2284265
kaz,1979,2230023
kaz,1980,2177336
kaz,1981,2139219
kaz,1982,2114141
kaz,1983,2101174
kaz,1984,2104160
kaz,1985,2124950
kaz,1986,2156129
kaz,1987,2165357
kaz,1988,2172172
kaz,1989,2179116
kaz,1990,2185939
kaz,1991,2193341
kaz,1992,2190486
kaz,1993,2182002
kaz,1994,2168128
kaz,1995,2115522
kaz,1996,2097735
kaz,1997,2098350
kaz,1998,2102409
kaz,1999,2113583
kaz,2000,2135540
kaz,2001,2164823
kaz,2002,2187621
kaz,2003,2197886
kaz,2004,2191811
kaz,2005,2165500
kaz,2006,2115286
kaz,2007,2066210
kaz,2008,2005557
kaz,2009,1936827
kaz,2010,1860116
kaz,2011,1780040
kaz,2012,1696467
kaz,2013,1628395
kaz,2014,1575221
kaz,2015,1539092
kaz,2016,1529438
ken,1970,1801809
ken,1971,1869183
ken,1972,1937894
ken,1973,2010403
ken,1974,2088658
ken,1975,2172040
ken,1976,2252166
ken,1977,2338026
ken,1978,2429502
ken,1979,2525747
ken,1980,2626489
ken,1981,2728541
ken,1982,2838337
ken,1983,2956464
ken,1984,3083459
ken,1985,3218463
ken,1986,3353767
ken,1987,3495906
ken,1988,3643796
ken,1989,3322618
ken,1990,3458630
ken,1991,3595573
ken,1992,3740576
ken,1993,3889791
ken,1994,4037095
ken,1995,4178287
ken,1996,4330049
ken,1997,4470343
ken,1998,4601419
ken,1999,4730353
ken,2000,4855289
ken,2001,4954402
ken,2002,5033263
ken,2003,5093717
ken,2004,5133491
ken,2005,5153538
ken,2006,5157320
ken,2007,5181057
ken,2008,5229957
ken,2009,5302470
ken,2010,5402045
ken,2011,5521788
ken,2012,5666085
ken,2013,5829085
ken,2014,6011878
ken,2015,6213169
ken,2016,6420510
kgz,1970,479905
kgz,1971,507596
kgz,1972,531666
kgz,1973,551238
kgz,1974,567047
kgz,1975,579461
kgz,1976,587936
kgz,1977,586929
kgz,1978,584555
kgz,1979,581031
kgz,1980,576799
kgz,1981,574215
kgz,1982,573345
kgz,1983,575258
kgz,1984,580978
kgz,1985,590933
kgz,1986,603014
kgz,1987,613684
kgz,1988,623864
kgz,1989,633396
kgz,1990,641959
kgz,1991,650781
kgz,1992,659180
kgz,1993,669044
kgz,1994,680842
kgz,1995,695947
kgz,1996,691999
kgz,1997,712554
kgz,1998,735511
kgz,1999,759131
kgz,2000,781618
kgz,2001,800575
kgz,2002,814871
kgz,2003,825295
kgz,2004,832291
kgz,2005,835955
kgz,2006,834853
kgz,2007,832912
kgz,2008,825811
kgz,2009,815057
kgz,2010,800856
kgz,2011,784104
kgz,2012,758973
kgz,2013,736734
kgz,2014,716572
kgz,2015,698972
kgz,2016,686010
khm,1970,1019657
khm,1971,1037208
khm,1972,1051403
khm,1973,1066539
khm,1974,1080693
khm,1975,1090006
khm,1976,1092841
khm,1977,1065566
khm,1978,1093001
khm,1979,1063723
khm,1980,1045015
khm,1981,1039332
khm,1982,1057203
khm,1983,1077624
khm,1984,1099714
khm,1985,1116416
khm,1986,1116157
khm,1987,1095521
khm,1988,1071260
khm,1989,1035853
khm,1990,987172
khm,1991,952129
khm,1992,980479
khm,1993,1053115
khm,1994,1169739
khm,1995,1332083
khm,1996,1514230
khm,1997,1540739
khm,1998,1740315
khm,1999,1911924
khm,2000,2039065
khm,2001,2103413
khm,2002,2081617
khm,2003,2044165
khm,2004,2019179
khm,2005,2018177
khm,2006,2050409
khm,2007,2057463
khm,2008,2064756
khm,2009,2060857
khm,2010,2046973
khm,2011,2018283
khm,2012,1970558
khm,2013,1923437
khm,2014,1884522
khm,2015,1847477
khm,2016,1813369
kir,1970,7285
kir,1971,7506
kir,1972,7734
kir,1973,7965
kir,1974,8196
kir,1975,8427
kir,1976,8582
kir,1977,8686
kir,1978,8740
kir,1979,8771
kir,1980,8801
kir,1981,8784
kir,1982,8837
kir,1983,8909
kir,1984,8949
kir,1985,8880
kir,1986,8563
kir,1987,8242
kir,1988,8030
kir,1989,7963
kir,1990,8040
kir,1991,8250
kir,1992,8567
kir,1993,8915
kir,1994,9258
kir,1995,9606
kir,1996,9895
kir,1997,10211
kir,1998,10567
kir,1999,11406
kir,2000,11780
kir,2001,12133
kir,2002,12524
kir,2003,12863
kir,2004,13019
kir,2005,12940
kir,2006,12982
kir,2007,13091
kir,2008,13293
kir,2009,15757
kir,2010,16158
kir,2011,16299
kir,2012,16406
kir,2013,16418
kir,2014,16235
kir,2015,15887
kir,2016,13117
kna,1970,7095
kna,1971,7452
kna,1972,7545
kna,1973,7534
kna,1974,7440
kna,1975,7298
kna,1976,7141
kna,1977,7242
kna,1978,7244
kna,1979,7160
kna,1980,6992
kna,1981,6746
kna,1982,6472
kna,1983,6278
kna,1984,6151
kna,1985,6067
kna,1986,6011
kna,1987,5771
kna,1988,5563
kna,1989,5402
kna,1990,5302
kna,1991,5271
kna,1992,5267
kna,1993,5261
kna,1994,5258
kna,1995,5260
kna,1996,5273
kna,1997,5344
kna,1998,4521
kna,1999,4528
kna,2000,4532
kna,2001,4540
kna,2002,4610
kna,2003,4639
kna,2004,4617
kna,2005,4530
kna,2006,4388
kna,2007,4321
kna,2008,4302
kna,2009,4330
kna,2010,4419
kna,2011,4548
kna,2012,4661
kna,2013,4735
kna,2014,4775
kna,2015,4777
kna,2016,4751
kor,1970,4521399
kor,1971,4802301
kor,1972,5009081
kor,1973,5148964
kor,1974,5240243
kor,1975,5295352
kor,1976,5301315
kor,1977,5275610
kor,1978,5241876
kor,1979,5211388
kor,1980,5201773
kor,1981,5236880
kor,1982,5253164
kor,1983,5260744
kor,1984,5283685
kor,1985,5330384
kor,1986,5361360
kor,1987,5357256
kor,1988,5311946
kor,1989,5215801
kor,1990,5071660
kor,1991,4938835
kor,1992,4808516
kor,1993,4698754
kor,1994,4624973
kor,1995,4588222
kor,1996,4541544
kor,1997,4471870
kor,1998,4367540
kor,1999,4215936
kor,2000,4023347
kor,2001,3958558
kor,2002,3985942
kor,2003,4050332
kor,2004,4095158
kor,2005,4072051
kor,2006,3971177
kor,2007,3951542
kor,2008,3991346
kor,2009,4060986
kor,2010,4121003
kor,2011,4050516
kor,2012,3942993
kor,2013,3806527
kor,2014,3635646
kor,2015,3435168
kor,2016,3435168
kwt,1970,99907
kwt,1971,111933
kwt,1972,128343
kwt,1973,143144
kwt,1974,156199
kwt,1975,168371
kwt,1976,180218
kwt,1977,187638
kwt,1978,194860
kwt,1979,203070
kwt,1980,212741
kwt,1981,224298
kwt,1982,237898
kwt,1983,247999
kwt,1984,255997
kwt,1985,263888
kwt,1986,272794
kwt,1987,295656
kwt,1988,318471
kwt,1989,337004
kwt,1990,347689
kwt,1991,349317
kwt,1992,325356
kwt,1993,292672
kwt,1994,257732
kwt,1995,226887
kwt,1996,203732
kwt,1997,213055
kwt,1998,224053
kwt,1999,234929
kwt,2000,243097
kwt,2001,246834
kwt,2002,252934
kwt,2003,254391
kwt,2004,254282
kwt,2005,221286
kwt,2006,225731
kwt,2007,246119
kwt,2008,261694
kwt,2009,273196
kwt,2010,281860
kwt,2011,288107
kwt,2012,296364
kwt,2013,301013
kwt,2014,302421
kwt,2015,301869
lac,1970,38154968
lac,1971,39262256
lac,1972,40376688
lac,1973,41629008
lac,1974,42875712
lac,1975,44166620
lac,1976,45515416
lac,1977,46509964
lac,1978,47347404
lac,1979,48248576
lac,1980,49037016
lac,1981,49666888
lac,1982,50325740
lac,1983,51034164
lac,1984,51792244
lac,1985,52662356
lac,1986,53678456
lac,1987,54699736
lac,1988,55748072
lac,1989,56817096
lac,1990,57887948
lac,1991,58871152
lac,1992,59724060
lac,1993,60523916
lac,1994,61310752
lac,1995,62002408
lac,1996,62516224
lac,1997,62961764
lac,1998,63971644
lac,1999,62934084
lac,2000,64431516
lac,2001,63870900
lac,2002,64208608
lac,2003,64292456
lac,2004,64995992
lac,2005,65239660
lac,2006,65632152
lac,2007,65741504
lac,2008,65767596
lac,2009,65952640
lac,2010,65637772
lac,2011,66309900
lac,2012,66049476
lac,2013,66405688
lac,2014,65802712
lao,1970,406951
lao,1971,417278
lao,1972,426230
lao,1973,435626
lao,1974,445335
lao,1975,454884
lao,1976,463640
lao,1977,420945
lao,1978,428696
lao,1979,437570
lao,1980,448135
lao,1981,460858
lao,1982,471859
lao,1983,485415
lao,1984,501266
lao,1985,518679
lao,1986,536270
lao,1987,550933
lao,1988,565267
lao,1989,579412
lao,1990,593278
lao,1991,607014
lao,1992,619771
lao,1993,634069
lao,1994,649463
lao,1995,665856
lao,1996,683689
lao,1997,701919
lao,1998,723583
lao,1999,747691
lao,2000,773306
lao,2001,799590
lao,2002,825970
lao,2003,851876
lao,2004,877832
lao,2005,903578
lao,2006,926143
lao,2007,938855
lao,2008,945954
lao,2009,947358
lao,2010,942496
lao,2011,1092010
lao,2012,1076916
lao,2013,1062537
lao,2014,1049597
lao,2015,1037698
lbn,1970,382905
lbn,1971,392199
lbn,1972,401957
lbn,1973,411889
lbn,1974,421731
lbn,1975,429951
lbn,1976,435430
lbn,1977,435532
lbn,1978,433707
lbn,1979,430745
lbn,1980,428005
lbn,1981,426445
lbn,1982,421226
lbn,1983,417181
lbn,1984,414229
lbn,1985,411767
lbn,1986,409558
lbn,1987,407138
lbn,1988,405074
lbn,1989,404051
lbn,1990,405040
lbn,1991,408200
lbn,1992,414391
lbn,1993,421627
lbn,1994,428484
lbn,1995,433200
lbn,1996,434890
lbn,1997,434734
lbn,1998,432762
lbn,1999,431050
lbn,2000,432025
lbn,2001,374920
lbn,2002,392214
lbn,2003,415661
lbn,2004,442622
lbn,2005,469490
lbn,2006,493535
lbn,2007,502466
lbn,2008,505046
lbn,2009,505386
lbn,2010,508900
lbn,2011,518112
lbn,2012,541741
lbn,2013,570898
lbn,2014,600578
lbn,2015,624822
lbr,1970,179121
lbr,1971,184989
lbr,1972,189959
lbr,1973,195286
lbr,1974,201149
lbr,1975,207522
lbr,1976,214272
lbr,1977,220182
lbr,1978,226515
lbr,1979,233534
lbr,1980,241434
lbr,1981,250157
lbr,1982,250242
lbr,1983,259678
lbr,1984,269046
lbr,1985,277304
lbr,1986,283877
lbr,1987,285618
lbr,1988,285308
lbr,1989,283603
lbr,1990,281385
lbr,1991,279334
lbr,1992,275685
lbr,1993,272571
lbr,1994,271858
lbr,1995,275690
lbr,1996,285115
lbr,1997,302604
lbr,1998,336125
lbr,1999,361542
lbr,2000,384919
lbr,2001,403541
lbr,2002,413649
lbr,2003,418941
lbr,2004,422215
lbr,2005,426316
lbr,2006,433197
lbr,2007,444722
lbr,2008,461307
lbr,2009,481531
lbr,2010,503554
lbr,2011,526262
lbr,2012,547916
lbr,2013,568631
lbr,2014,588425
lbr,2015,608132
lbr,2016,627921
lby,1970,246104
lby,1971,256388
lby,1972,267110
lby,1973,279186
lby,1974,292807
lby,1975,307681
lby,1976,323973
lby,1977,342743
lby,1978,363164
lby,1979,385198
lby,1980,409272
lby,1981,435627
lby,1982,464041
lby,1983,491916
lby,1984,518613
lby,1985,543747
lby,1986,566884
lby,1987,591047
lby,1988,612551
lby,1989,631803
lby,1990,649658
lby,1991,666362
lby,1992,680043
lby,1993,692797
lby,1994,704245
lby,1995,713046
lby,1996,719037
lby,1997,726880
lby,1998,733496
lby,1999,739756
lby,2000,747297
lby,2001,756051
lby,2002,761575
lby,2003,760379
lby,2004,752879
lby,2005,739586
lby,2006,721336
lby,2007,704716
lby,2008,690171
lby,2009,678039
lby,2010,667314
lby,2011,658031
lby,2012,646370
lby,2013,639213
lby,2014,636624
lby,2015,639776
lca,1970,12113
lca,1971,12521
lca,1972,13005
lca,1973,13416
lca,1974,13778
lca,1975,14116
lca,1976,14424
lca,1977,14898
lca,1978,15366
lca,1979,15814
lca,1980,16222
lca,1981,16576
lca,1982,16512
lca,1983,16435
lca,1984,16373
lca,1985,16349
lca,1986,16399
lca,1987,16349
lca,1988,16258
lca,1989,16085
lca,1990,15801
lca,1991,15427
lca,1992,15204
lca,1993,15053
lca,1994,15012
lca,1995,15136
lca,1996,15420
lca,1997,15864
lca,1998,16276
lca,1999,16642
lca,2000,16936
lca,2001,17158
lca,2002,17305
lca,2003,17408
lca,2004,17464
lca,2005,17485
lca,2006,17467
lca,2007,17203
lca,2008,17088
lca,2009,17007
lca,2010,16823
lca,2011,16492
lca,2012,16158
lca,2013,15902
lca,2014,15691
lca,2015,15521
lca,2016,15366
lcn,1970,40294524
lcn,1971,41436608
lcn,1972,42585936
lcn,1973,43873072
lcn,1974,45154536
lcn,1975,46480520
lcn,1976,47860760
lcn,1977,48881504
lcn,1978,49740092
lcn,1979,50657952
lcn,1980,51457420
lcn,1981,52089968
lcn,1982,52748568
lcn,1983,53454612
lcn,1984,54207796
lcn,1985,55070656
lcn,1986,56078388
lcn,1987,57089180
lcn,1988,58128416
lcn,1989,59190216
lcn,1990,60255952
lcn,1991,61234664
lcn,1992,62088212
lcn,1993,62893652
lcn,1994,63689384
lcn,1995,64394096
lcn,1996,64929720
lcn,1997,65399504
lcn,1998,66431000
lcn,1999,65418944
lcn,2000,66945256
lcn,2001,66410768
lcn,2002,66766268
lcn,2003,66860592
lcn,2004,67566824
lcn,2005,67803688
lcn,2006,68183016
lcn,2007,68273152
lcn,2008,68279296
lcn,2009,68442104
lcn,2010,68102304
lcn,2011,68751120
lcn,2012,68463544
lcn,2013,68793816
lcn,2014,68165984
ldc,1970,44826728
ldc,1971,45813208
ldc,1972,47403912
ldc,1973,48637076
ldc,1974,49939592
ldc,1975,51466892
ldc,1976,52966644
ldc,1977,54040816
ldc,1978,55406240
ldc,1979,56736676
ldc,1980,58104736
ldc,1981,58954544
ldc,1982,59297916
ldc,1983,60604072
ldc,1984,62546832
ldc,1985,64061072
ldc,1986,65591280
ldc,1987,67067672
ldc,1988,68820376
ldc,1989,70758784
ldc,1990,72856208
ldc,1991,74934576
ldc,1992,76877904
ldc,1993,78940032
ldc,1994,81329056
ldc,1995,83659936
ldc,1996,86073544
ldc,1997,88145848
ldc,1998,91190720
ldc,1999,93422920
ldc,2000,95720080
ldc,2001,97952688
ldc,2002,99889000
ldc,2003,102028912
ldc,2004,104299480
ldc,2005,106515824
ldc,2006,108785912
ldc,2007,110318928
ldc,2008,112750680
ldc,2009,115329184
ldc,2010,118110560
ldc,2011,121396048
ldc,2012,124078720
ldc,2013,126983096
ldc,2014,129821248
lic,1970,26103776
lic,1971,26951424
lic,1972,28215172
lic,1973,28963352
lic,1974,29622740
lic,1975,30418532
lic,1976,31162446
lic,1977,31653902
lic,1978,32427306
lic,1979,33283924
lic,1980,34235028
lic,1981,34728152
lic,1982,34992880
lic,1983,35820896
lic,1984,37248328
lic,1985,38204488
lic,1986,39136896
lic,1987,39977772
lic,1988,40944996
lic,1989,41999156
lic,1990,43168824
lic,1991,44413220
lic,1992,45559148
lic,1993,46835296
lic,1994,48464556
lic,1995,50059620
lic,1996,51793092
lic,1997,52870100
lic,1998,55414420
lic,1999,57062128
lic,2000,58776156
lic,2001,60517036
lic,2002,62056968
lic,2003,63805984
lic,2004,65673316
lic,2005,67457312
lic,2006,69294128
lic,2007,71068808
lic,2008,72999264
lic,2009,75099088
lic,2010,77379352
lic,2011,80068608
lic,2012,82367824
lic,2013,84892320
lic,2014,87296288
lic,2015,89734424
lie,2003,2915
lie,2004,2955
lie,2006,2981
lie,2007,2980
lie,2008,2987
lie,2009,2973
lie,2010,3007
lie,2011,2959
lie,2012,2969
lie,2013,2950
lie,2014,2931
lie,2015,2884
lka,1970,2051043
lka,1971,2107997
lka,1972,2159262
lka,1973,2200905
lka,1974,2231576
lka,1975,2252345
lka,1976,2274154
lka,1977,2294224
lka,1978,2316425
lka,1979,2341093
lka,1980,2365580
lka,1981,2379345
lka,1982,2389722
lka,1983,2394329
lka,1984,2394030
lka,1985,2393115
lka,1986,2398122
lka,1987,2781564
lka,1988,2813625
lka,1989,2851831
lka,1990,2893038
lka,1991,2938361
lka,1992,2977674
lka,1993,3007243
lka,1994,3024816
lka,1995,3026012
lka,1996,3004592
lka,1997,2975379
lka,1998,2939214
lka,1999,2896762
lka,2000,2849113
lka,2001,2790593
lka,2002,2739399
lka,2003,2698131
lka,2004,2665242
lka,2005,2639250
lka,2006,2617367
lka,2007,2605446
lka,2008,2599582
lka,2009,2599350
lka,2010,2604572
lka,2011,2596704
lka,2012,2599522
lka,2013,2612795
lka,2014,2633467
lka,2015,2658756
lmc,1970,174286848
lmc,1971,179114720
lmc,1972,183556848
lmc,1973,188300656
lmc,1974,193203808
lmc,1975,198285296
lmc,1976,204498592
lmc,1977,209048528
lmc,1978,213714672
lmc,1979,218361936
lmc,1980,223009680
lmc,1981,227558704
lmc,1982,231667456
lmc,1983,236358976
lmc,1984,241322992
lmc,1985,246556320
lmc,1986,250325696
lmc,1987,255744464
lmc,1988,261162160
lmc,1989,266369600
lmc,1990,272481216
lmc,1991,277833440
lmc,1992,283845504
lmc,1993,290253056
lmc,1994,296969216
lmc,1995,304023040
lmc,1996,310936704
lmc,1997,317302304
lmc,1998,323774912
lmc,1999,329507136
lmc,2000,334839392
lmc,2001,339299712
lmc,2002,342549536
lmc,2003,346377536
lmc,2004,349159072
lmc,2005,352433920
lmc,2006,354782016
lmc,2007,356129152
lmc,2008,357639392
lmc,2009,359266464
lmc,2010,360921856
lmc,2011,362785024
lmc,2012,364612256
lmc,2013,366555712
lmc,2014,367710816
lmc,2015,370001280
lmy,1970,359459136
lmy,1971,365082368
lmy,1972,371664224
lmy,1973,379504800
lmy,1974,388914944
lmy,1975,399573344
lmy,1976,411624832
lmy,1977,439983584
lmy,1978,470374432
lmy,1979,484049120
lmy,1980,496866528
lmy,1981,509139424
lmy,1982,520372128
lmy,1983,531322048
lmy,1984,541792576
lmy,1985,551000256
lmy,1986,557426816
lmy,1987,563300032
lmy,1988,567938624
lmy,1989,570950464
lmy,1990,574461120
lmy,1991,576754112
lmy,1992,578911744
lmy,1993,583373504
lmy,1994,590223744
lmy,1995,598488512
lmy,1996,608089152
lmy,1997,619798592
lmy,1998,633436992
lmy,1999,645931776
lmy,2000,662181312
lmy,2001,676455872
lmy,2002,688435072
lmy,2003,697794944
lmy,2004,703991872
lmy,2005,705974336
lmy,2006,703580992
lmy,2007,697369152
lmy,2008,690864704
lmy,2009,686254400
lmy,2010,681004864
lmy,2011,677388864
lmy,2012,673891264
lmy,2013,673265664
lmy,2014,671264320
lso,1970,139973
lso,1971,120859
lso,1972,123490
lso,1973,126421
lso,1974,129739
lso,1975,133463
lso,1976,136486
lso,1977,139880
lso,1978,143597
lso,1979,147547
lso,1980,151634
lso,1981,154673
lso,1982,158414
lso,1983,162786
lso,1984,167653
lso,1985,172881
lso,1986,176275
lso,1987,179426
lso,1988,182655
lso,1989,186289
lso,1990,190618
lso,1991,195247
lso,1992,199632
lso,1993,203838
lso,1994,207953
lso,1995,212175
lso,1996,216770
lso,1997,220709
lso,1998,223869
lso,1999,226576
lso,2000,229019
lso,2001,230993
lso,2002,232877
lso,2003,234853
lso,2004,236811
lso,2005,238701
lso,2006,241148
lso,2007,243164
lso,2008,245035
lso,2009,247068
lso,2010,249637
lso,2011,251504
lso,2012,252524
lso,2013,252234
lso,2014,250782
lso,2015,248147
lso,2016,244535
ltu,1970,408896
ltu,1971,422723
ltu,1972,436447
ltu,1973,447997
ltu,1974,456934
ltu,1975,462983
ltu,1976,466023
ltu,1977,466527
ltu,1978,464838
ltu,1979,461470
ltu,1980,456842
ltu,1981,451559
ltu,1982,448443
ltu,1983,444708
ltu,1984,441376
ltu,1985,439298
ltu,1986,438251
ltu,1987,437872
ltu,1988,437957
ltu,1989,437171
ltu,1990,434641
ltu,1991,431063
ltu,1992,427231
ltu,1993,423260
ltu,1994,419926
ltu,1995,417876
ltu,1996,417183
ltu,1997,419819
ltu,1998,423514
ltu,1999,427011
ltu,2000,429311
ltu,2001,429534
ltu,2002,423135
ltu,2003,417119
ltu,2004,411853
ltu,2005,406757
ltu,2006,400496
ltu,2007,387374
ltu,2008,372725
ltu,2009,356757
ltu,2010,339631
ltu,2011,321588
ltu,2012,300313
ltu,2013,279166
ltu,2014,259637
ltu,2015,243158
ltu,2016,230162
lux,1970,33958
lux,1971,34690
lux,1972,35609
lux,1973,36417
lux,1974,37095
lux,1975,37613
lux,1976,37949
lux,1977,38367
lux,1978,38589
lux,1979,38622
lux,1980,38508
lux,1981,38260
lux,1982,37891
lux,1983,37168
lux,1984,36156
lux,1985,34930
lux,1986,33601
lux,1987,32653
lux,1988,31754
lux,1989,30967
lux,1990,30352
lux,1991,29959
lux,1992,30200
lux,1993,30451
lux,1994,30675
lux,1995,30900
lux,1996,31212
lux,1997,31964
lux,1998,32697
lux,1999,33385
lux,2000,33995
lux,2001,34563
lux,2002,35364
lux,2003,36124
lux,2004,36883
lux,2005,37693
lux,2006,38588
lux,2007,39503
lux,2008,40350
lux,2009,41178
lux,2010,41971
lux,2011,42742
lux,2012,44137
lux,2013,45165
lux,2014,45835
lux,2015,46127
lux,2016,46040
lva,1970,269223
lva,1971,272349
lva,1972,279666
lva,1973,285405
lva,1974,289021
lva,1975,290371
lva,1976,289452
lva,1977,288982
lva,1978,287485
lva,1979,284827
lva,1980,281167
lva,1981,277144
lva,1982,275821
lva,1983,275027
lva,1984,275184
lva,1985,276687
lva,1986,279087
lva,1987,283345
lva,1988,287265
lva,1989,289479
lva,1990,289013
lva,1991,286342
lva,1992,281503
lva,1993,277039
lva,1994,274087
lva,1995,273591
lva,1996,275782
lva,1997,279743
lva,1998,284553
lva,1999,289185
lva,2000,292562
lva,2001,293571
lva,2002,289197
lva,2003,282033
lva,2004,272522
lva,2005,261070
lva,2006,247979
lva,2007,184990
lva,2008,173213
lva,2009,161365
lva,2010,149857
lva,2011,138296
lva,2012,126332
lva,2013,114899
lva,2014,105392
lva,2015,98551
lva,2016,95024
mac,1970,42629
mac,1971,46386
mac,1972,46949
mac,1973,46492
mac,1974,45175
mac,1975,43266
mac,1976,40889
mac,1977,37680
mac,1978,34665
mac,1979,32179
mac,1980,30256
mac,1981,28971
mac,1982,28753
mac,1983,28664
mac,1984,28598
mac,1985,28604
mac,1986,28655
mac,1987,28302
mac,1988,27890
mac,1989,27569
mac,1990,27406
mac,1991,27540
mac,1992,28056
mac,1993,28805
mac,1994,29720
mac,1995,30806
mac,1996,32155
mac,1997,34711
mac,1998,37430
mac,1999,40121
mac,2000,42746
mac,2001,45160
mac,2002,46058
mac,2003,45976
mac,2004,45242
mac,2005,44246
mac,2006,43268
mac,2007,44099
mac,2008,43802
mac,2009,42626
mac,2010,40752
mac,2011,38452
mac,2012,37050
mac,2013,35354
mac,2014,33367
mac,2015,31186
mac,2016,28963
mar,1970,2524708
mar,1971,2653396
mar,1972,2756483
mar,1973,2855833
mar,1974,2959421
mar,1975,3072042
mar,1976,3189121
mar,1977,3273809
mar,1978,3353740
mar,1979,3430674
mar,1980,3504362
mar,1981,3572472
mar,1982,3607132
mar,1983,3638766
mar,1984,3671768
mar,1985,3708170
mar,1986,3747855
mar,1987,3764039
mar,1988,3796089
mar,1989,3843476
mar,1990,3902050
mar,1991,3362240
mar,1992,3410495
mar,1993,3469428
mar,1994,3540461
mar,1995,3623656
mar,1996,3721245
mar,1997,3798466
mar,1998,3956019
mar,1999,3992606
mar,2000,4008143
mar,2001,4000155
mar,2002,3960240
mar,2003,3928605
mar,2004,3911183
mar,2005,3908617
mar,2006,3918390
mar,2007,3907369
mar,2008,3886538
mar,2009,3855852
mar,2010,3817504
mar,2011,3770327
mar,2012,3698148
mar,2013,3630023
mar,2014,3569711
mar,2015,3514128
mda,1970,534337
mda,1971,554296
mda,1972,565239
mda,1973,569688
mda,1974,570536
mda,1975,569052
mda,1976,565173
mda,1977,553031
mda,1978,539694
mda,1979,524656
mda,1980,507941
mda,1981,491300
mda,1982,480482
mda,1983,475148
mda,1984,474541
mda,1985,477143
mda,1986,481211
mda,1987,481231
mda,1988,485358
mda,1989,491999
mda,1990,499992
mda,1991,508265
mda,1992,514365
mda,1993,521993
mda,1994,530895
mda,1995,539924
mda,1996,548566
mda,1997,558241
mda,1998,492408
mda,1999,500924
mda,2000,507296
mda,2001,507459
mda,2002,496038
mda,2003,482634
mda,2004,468112
mda,2005,447942
mda,2006,427154
mda,2007,415155
mda,2008,393498
mda,2009,370689
mda,2010,349642
mda,2011,329918
mda,2012,311086
mda,2013,294540
mda,2014,281460
mda,2015,270892
mdg,1970,982871
mdg,1971,1019590
mdg,1972,1049695
mdg,1973,1078816
mdg,1974,1109248
mdg,1975,1142341
mdg,1976,1176986
mdg,1977,1250193
mdg,1978,1287264
mdg,1979,1326802
mdg,1980,1368450
mdg,1981,1411999
mdg,1982,1453627
mdg,1983,1501999
mdg,1984,1555478
mdg,1985,1611325
mdg,1986,1667804
mdg,1987,1729470
mdg,1988,1788924
mdg,1989,1848524
mdg,1990,1910048
mdg,1991,1968612
mdg,1992,2006379
mdg,1993,2043148
mdg,1994,2075937
mdg,1995,2102414
mdg,1996,2127064
mdg,1997,2164771
mdg,1998,2217798
mdg,1999,2290000
mdg,2000,2381463
mdg,2001,2489468
mdg,2002,2600137
mdg,2003,2714886
mdg,2004,2827681
mdg,2005,2937227
mdg,2006,3042886
mdg,2007,3148116
mdg,2008,3254730
mdg,2009,3365016
mdg,2010,3477926
mdg,2011,3590095
mdg,2012,3694852
mdg,2013,3793938
mdg,2014,3886647
mdg,2015,3972980
mdg,2016,4052674
mdv,1970,16696
mdv,1971,17858
mdv,1972,19061
mdv,1973,20258
mdv,1974,21387
mdv,1975,22385
mdv,1976,23277
mdv,1977,24130
mdv,1978,24983
mdv,1979,25825
mdv,1980,26645
mdv,1981,27471
mdv,1982,28262
mdv,1983,29055
mdv,1984,29876
mdv,1985,30700
mdv,1986,31340
mdv,1987,32129
mdv,1988,33006
mdv,1989,33944
mdv,1990,35043
mdv,1991,36315
mdv,1992,37986
mdv,1993,40049
mdv,1994,42474
mdv,1995,45172
mdv,1996,47667
mdv,1997,50088
mdv,1998,35931
mdv,1999,37575
mdv,2000,39026
mdv,2001,40063
mdv,2002,40786
mdv,2003,41211
mdv,2004,41361
mdv,2005,41252
mdv,2006,40807
mdv,2007,40102
mdv,2008,39172
mdv,2009,38034
mdv,2010,36692
mdv,2011,35198
mdv,2012,33780
mdv,2013,32547
mdv,2014,31513
mdv,2015,30695
mdv,2016,30052
mea,1970,19433752
mea,1971,20130530
mea,1972,20793464
mea,1973,21374348
mea,1974,22005156
mea,1975,22695580
mea,1976,23428168
mea,1977,24086936
mea,1978,25521568
mea,1979,26258014
mea,1980,27045980
mea,1981,27864880
mea,1982,28600044
mea,1983,29367346
mea,1984,30172964
mea,1985,31013900
mea,1986,31892852
mea,1987,32777758
mea,1988,33784920
mea,1989,34383384
mea,1990,35864416
mea,1991,36591148
mea,1992,37761900
mea,1993,39030356
mea,1994,40389480
mea,1995,41831568
mea,1996,43328200
mea,1997,44691052
mea,1998,45953540
mea,1999,46943328
mea,2000,47787996
mea,2001,48394732
mea,2002,48971992
mea,2003,50159688
mea,2004,50185972
mea,2005,50055144
mea,2006,49689304
mea,2007,49958524
mea,2008,49355236
mea,2009,48579816
mea,2010,47916360
mea,2011,47298376
mea,2012,46861792
mea,2013,45488260
mea,2014,44442916
mex,1970,7249411
mex,1971,7492426
mex,1972,7695672
mex,1973,7895883
mex,1974,8106217
mex,1975,8330936
mex,1976,8572535
mex,1977,8773594
mex,1978,9012125
mex,1979,9276995
mex,1980,9546037
mex,1981,9819324
mex,1982,10133239
mex,1983,10484914
mex,1984,10874766
mex,1985,11321494
mex,1986,11816306
mex,1987,12217822
mex,1988,12537472
mex,1989,12765363
mex,1990,12899740
mex,1991,12933470
mex,1992,12888343
mex,1993,12840294
mex,1994,12811701
mex,1995,12789680
mex,1996,12776697
mex,1997,12797545
mex,1998,12852016
mex,1999,12925109
mex,2000,13008098
mex,2001,13093500
mex,2002,13131001
mex,2003,13179951
mex,2004,13244575
mex,2005,13333353
mex,2006,13451486
mex,2007,13594303
mex,2008,13745271
mex,2009,13896988
mex,2010,14042682
mex,2011,14171517
mex,2012,14266066
mex,2013,14324051
mex,2014,14349383
mex,2015,14345589
mex,2016,14313957
mhl,1970,3096
mhl,1971,3296
mhl,1972,3437
mhl,1973,3553
mhl,1974,3637
mhl,1975,3681
mhl,1976,3692
mhl,1977,3650
mhl,1978,3631
mhl,1979,3660
mhl,1980,3749
mhl,1981,3914
mhl,1982,4093
mhl,1983,4311
mhl,1984,4581
mhl,1985,4927
mhl,1986,5353
mhl,1987,5714
mhl,1988,6067
mhl,1989,6405
mhl,1990,6720
mhl,1991,7008
mhl,1992,7134
mhl,1993,7225
mhl,1994,7343
mhl,1995,7546
mhl,1996,7870
mhl,1997,8193
mhl,1998,8504
mhl,1999,8791
mhl,2000,9065
mhl,2001,9265
mhl,2002,8702
mhl,2003,8113
mhl,2004,7532
mhl,2005,6950
mhl,2006,6393
mhl,2007,5766
mhl,2008,5320
mhl,2009,5082
mhl,2010,5064
mhl,2011,5272
mhl,2012,5727
mhl,2013,6209
mhl,2014,6672
mhl,2015,7119
mhl,2016,7535
mic,1970,333355360
mic,1971,338130944
mic,1972,343449056
mic,1973,350541440
mic,1974,359292192
mic,1975,369154816
mic,1976,380462400
mic,1977,408329664
mic,1978,437947104
mic,1979,450765216
mic,1980,462631520
mic,1981,474411296
mic,1982,485379296
mic,1983,495501184
mic,1984,504544256
mic,1985,512795808
mic,1986,518289920
mic,1987,523322272
mic,1988,526993632
mic,1989,528951296
mic,1990,531292320
mic,1991,532340896
mic,1992,533352608
mic,1993,536538240
mic,1994,541759168
mic,1995,548428928
mic,1996,556296000
mic,1997,566612288
mic,1998,578550656
mic,1999,589402368
mic,2000,603884224
mic,2001,616432960
mic,2002,626887296
mic,2003,634512576
mic,2004,638856576
mic,2005,639069312
mic,2006,634852544
mic,2007,626873536
mic,2008,618334080
mic,2009,611636352
mic,2010,603622272
mic,2011,597360256
mic,2012,591589696
mic,2013,588286080
mic,2014,584499136
mic,2015,583747392
mkd,1970,314246
mkd,1971,313997
mkd,1972,309276
mkd,1973,302910
mkd,1974,296280
mkd,1975,290765
mkd,1976,287124
mkd,1977,287926
mkd,1978,290519
mkd,1979,294236
mkd,1980,298345
mkd,1981,302036
mkd,1982,303567
mkd,1983,303684
mkd,1984,302086
mkd,1985,298751
mkd,1986,294186
mkd,1987,288344
mkd,1988,282593
mkd,1989,277438
mkd,1990,273095
mkd,1991,269492
mkd,1992,267954
mkd,1993,266957
mkd,1994,266580
mkd,1995,267042
mkd,1996,268242
mkd,1997,268175
mkd,1998,268529
mkd,1999,268655
mkd,2000,267851
mkd,2001,265983
mkd,2002,263174
mkd,2003,259523
mkd,2004,255655
mkd,2005,252114
mkd,2006,248835
mkd,2007,245963
mkd,2008,243093
mkd,2009,239837
mkd,2010,235909
mkd,2011,231471
mkd,2012,226916
mkd,2013,222097
mkd,2014,217404
mkd,2015,213089
mkd,2016,208996
mli,1970,756966
mli,1971,774001
mli,1972,779269
mli,1973,785416
mli,1974,794199
mli,1975,806719
mli,1976,822417
mli,1977,830436
mli,1978,842413
mli,1979,858357
mli,1980,878593
mli,1981,903217
mli,1982,920449
mli,1983,942344
mli,1984,967992
mli,1985,996584
mli,1986,1027408
mli,1987,1045833
mli,1988,1068327
mli,1989,1095603
mli,1990,1129122
mli,1991,1169468
mli,1992,1199365
mli,1993,1233080
mli,1994,1270289
mli,1995,1310661
mli,1996,1353440
mli,1997,1385439
mli,1998,1418791
mli,1999,1453533
mli,2000,1490612
mli,2001,1530178
mli,2002,1561147
mli,2003,1595689
mli,2004,1635512
mli,2005,1681697
mli,2006,1734314
mli,2007,1783302
mli,2008,1837554
mli,2009,1895270
mli,2010,1955725
mli,2011,2018374
mli,2012,2073950
mli,2013,2137052
mli,2014,2208735
mli,2015,2288893
mli,2016,2376501
mlt,1970,46536
mlt,1971,45272
mlt,1972,44165
mlt,1973,43300
mlt,1974,42804
mlt,1975,42750
mlt,1976,42919
mlt,1977,42320
mlt,1978,41484
mlt,1979,40312
mlt,1980,38805
mlt,1981,37124
mlt,1982,35554
mlt,1983,34611
mlt,1984,34382
mlt,1985,34769
mlt,1986,35652
mlt,1987,36563
mlt,1988,37499
mlt,1989,38372
mlt,1990,39192
mlt,1991,39898
mlt,1992,40405
mlt,1993,40786
mlt,1994,41053
mlt,1995,41182
mlt,1996,41176
mlt,1997,40953
mlt,1998,40708
mlt,1999,40459
mlt,2000,40195
mlt,2001,39913
mlt,2002,39735
mlt,2003,39569
mlt,2004,39387
mlt,2005,39156
mlt,2006,38874
mlt,2007,38421
mlt,2008,37723
mlt,2009,36814
mlt,2010,35738
mlt,2011,34519
mlt,2012,33848
mlt,2013,33022
mlt,2014,32072
mlt,2015,31048
mlt,2016,30060
mmr,1970,3848817
mmr,1971,3926154
mmr,1972,4000256
mmr,1973,4084146
mmr,1974,4176630
mmr,1975,4277112
mmr,1976,4383446
mmr,1977,4490930
mmr,1978,4606488
mmr,1979,4730876
mmr,1980,4858827
mmr,1981,4980796
mmr,1982,5087565
mmr,1983,5191393
mmr,1984,5290917
mmr,1985,5388841
mmr,1986,5488651
mmr,1987,5580829
mmr,1988,5683728
mmr,1989,5792578
mmr,1990,5901680
mmr,1991,6006631
mmr,1992,6106171
mmr,1993,6202175
mmr,1994,6296748
mmr,1995,6379565
mmr,1996,6431025
mmr,1997,6427199
mmr,1998,6396163
mmr,1999,6333831
mmr,2000,6248511
mmr,2001,6156235
mmr,2002,6048684
mmr,2003,5959041
mmr,2004,5889302
mmr,2005,5843671
mmr,2006,5824324
mmr,2007,5806827
mmr,2008,5822566
mmr,2009,5864410
mmr,2010,5925122
mmr,2011,6000708
mmr,2012,6068936
mmr,2013,6143243
mmr,2014,6221269
mmr,2015,6288874
mna,1970,18049036
mna,1971,18699856
mna,1972,19300790
mna,1973,19819840
mna,1974,20387424
mna,1975,21011352
mna,1976,21673096
mna,1977,22259640
mna,1978,23625148
mna,1979,24293060
mna,1980,25002450
mna,1981,25740700
mna,1982,26355742
mna,1983,27008466
mna,1984,27700260
mna,1985,28421056
mna,1986,29168908
mna,1987,29877766
mna,1988,30752338
mna,1989,31253972
mna,1990,32659370
mna,1991,33311068
mna,1992,34383664
mna,1993,35542328
mna,1994,36774952
mna,1995,38061848
mna,1996,39374552
mna,1997,40613540
mna,1998,41824808
mna,1999,42801864
mna,2000,43631392
mna,2001,44183948
mna,2002,44583308
mna,2003,45580072
mna,2004,45492568
mna,2005,45291316
mna,2006,44821264
mna,2007,44935848
mna,2008,44252048
mna,2009,43446408
mna,2010,42778488
mna,2011,42154392
mna,2012,41618328
mna,2013,40195048
mna,2014,39053516
mne,1970,89514
mne,1971,90192
mne,1972,90667
mne,1973,91275
mne,1974,92092
mne,1975,93005
mne,1976,93645
mne,1977,93628
mne,1978,93363
mne,1979,92727
mne,1980,91703
mne,1981,90502
mne,1982,89256
mne,1983,87998
mne,1984,86894
mne,1985,86006
mne,1986,85162
mne,1987,84416
mne,1988,83931
mne,1989,83503
mne,1990,83054
mne,1991,82768
mne,1992,81674
mne,1993,80700
mne,1994,79965
mne,1995,79484
mne,1996,79049
mne,1997,79002
mne,1998,78937
mne,1999,78654
mne,2000,78029
mne,2001,77106
mne,2002,76135
mne,2003,74927
mne,2004,73668
mne,2005,72491
mne,2006,71389
mne,2007,70008
mne,2008,69255
mne,2009,69023
mne,2010,69118
mne,2011,69398
mne,2012,68951
mne,2013,68375
mne,2014,67707
mne,2015,66972
mne,2016,66219
mng,1970,144663
mng,1971,150819
mng,1972,157986
mng,1973,201203
mng,1974,213478
mng,1975,227236
mng,1976,241679
mng,1977,254209
mng,1978,265873
mng,1979,276014
mng,1980,284338
mng,1981,290935
mng,1982,297048
mng,1983,303181
mng,1984,310168
mng,1985,318114
mng,1986,326615
mng,1987,334155
mng,1988,341313
mng,1989,347439
mng,1990,352268
mng,1991,355797
mng,1992,357447
mng,1993,359794
mng,1994,362805
mng,1995,366484
mng,1996,371869
mng,1997,320114
mng,1998,327278
mng,1999,335761
mng,2000,346826
mng,2001,360364
mng,2002,371259
mng,2003,377790
mng,2004,379395
mng,2005,375732
mng,2006,366366
mng,2007,353145
mng,2008,338895
mng,2009,313073
mng,2010,301316
mng,2011,345777
mng,2012,333552
mng,2013,323379
mng,2014,314816
mng,2015,308281
mng,2016,305011
moz,1970,1426917
moz,1971,1460112
moz,1972,1496945
moz,1973,1538051
moz,1974,1583157
moz,1975,1682072
moz,1976,1726113
moz,1977,1774138
moz,1978,1824356
moz,1979,1873763
moz,1980,1919308
moz,1981,1964608
moz,1982,1460081
moz,1983,1477756
moz,1984,2052855
moz,1985,2096496
moz,1986,2121425
moz,1987,2067203
moz,1988,2109467
moz,1989,2177182
moz,1990,2273419
moz,1991,2315674
moz,1992,2369418
moz,1993,2429965
moz,1994,2490476
moz,1995,2545645
moz,1996,2619873
moz,1997,2685419
moz,1998,1967038
moz,1999,2009754
moz,2000,2051464
moz,2001,2090626
moz,2002,2137696
moz,2003,2194907
moz,2004,2261013
moz,2005,2335641
moz,2006,2412941
moz,2007,2497013
moz,2008,2586130
moz,2009,2680636
moz,2010,2780358
moz,2011,2878878
moz,2012,2981841
moz,2013,3088241
moz,2014,3197416
moz,2015,3308822
moz,2016,3416227
mrt,1970,163313
mrt,1971,170389
mrt,1972,177182
mrt,1973,184311
mrt,1974,191613
mrt,1975,199036
mrt,1976,206507
mrt,1977,213013
mrt,1978,191442
mrt,1979,197160
mrt,1980,209906
mrt,1981,216265
mrt,1982,222062
mrt,1983,228312
mrt,1984,234980
mrt,1985,241980
mrt,1986,249180
mrt,1987,255795
mrt,1988,262776
mrt,1989,270178
mrt,1990,278080
mrt,1991,286398
mrt,1992,293814
mrt,1993,301628
mrt,1994,309864
mrt,1995,318443
mrt,1996,327266
mrt,1997,335652
mrt,1998,344460
mrt,1999,353793
mrt,2000,363710
mrt,2001,374172
mrt,2002,384724
mrt,2003,395476
mrt,2004,406290
mrt,2005,417018
mrt,2006,427513
mrt,2007,437857
mrt,2008,516413
mrt,2009,528978
mrt,2010,542126
mrt,2011,555865
mrt,2012,569159
mrt,2013,583184
mrt,2014,597849
mrt,2015,612979
mrt,2016,628378
mus,1970,147156
mus,1971,150921
mus,1972,154882
mus,1973,159791
mus,1974,166082
mus,1975,173113
mus,1976,173502
mus,1977,171620
mus,1978,168565
mus,1979,165545
mus,1980,163705
mus,1981,165171
mus,1982,165822
mus,1983,165680
mus,1984,164806
mus,1985,163201
mus,1986,160425
mus,1987,157741
mus,1988,155317
mus,1989,153104
mus,1990,151174
mus,1991,149410
mus,1992,147776
mus,1993,146359
mus,1994,145268
mus,1995,144371
mus,1996,143704
mus,1997,142465
mus,1998,140773
mus,1999,138795
mus,2000,137251
mus,2001,137094
mus,2002,137939
mus,2003,139768
mus,2004,142656
mus,2005,146001
mus,2006,147251
mus,2007,147513
mus,2008,146666
mus,2009,144802
mus,2010,142304
mus,2011,140319
mus,2012,138415
mus,2013,136926
mus,2014,135801
mus,2015,134810
mus,2016,133415
mwi,1970,602335
mwi,1971,619805
mwi,1972,639735
mwi,1973,661553
mwi,1974,685645
mwi,1975,711418
mwi,1976,733076
mwi,1977,757260
mwi,1978,784117
mwi,1979,813047
mwi,1980,843124
mwi,1981,866001
mwi,1982,889380
mwi,1983,917052
mwi,1984,953344
mwi,1985,1000125
mwi,1986,1056026
mwi,1987,1123264
mwi,1988,1194942
mwi,1989,1262245
mwi,1990,1317618
mwi,1991,1344178
mwi,1992,1354510
mwi,1993,1356539
mwi,1994,1358937
mwi,1995,1368230
mwi,1996,1392454
mwi,1997,920310
mwi,1998,1483716
mwi,1999,1544603
mwi,2000,1611020
mwi,2001,1672690
mwi,2002,1731551
mwi,2003,1787221
mwi,2004,1840839
mwi,2005,1892839
mwi,2006,1940080
mwi,2007,1988068
mwi,2008,2038879
mwi,2009,2093895
mwi,2010,2093895
mwi,2011,2153871
mwi,2012,2210101
mwi,2013,2269138
mwi,2014,2330111
mwi,2015,2391673
mwi,2016,2523135
mys,1970,1802054
mys,1971,1860484
mys,1972,1917550
mys,1973,1974984
mys,1974,2037276
mys,1975,2104512
mys,1976,2178305
mys,1977,2246071
mys,1978,2304421
mys,1979,2347787
mys,1980,2374530
mys,1981,2391474
mys,1982,2398179
mys,1983,2399986
mys,1984,2403326
mys,1985,2412013
mys,1986,2434531
mys,1987,2477150
mys,1988,2534908
mys,1989,2599199
mys,1990,2664861
mys,1991,2729140
mys,1992,2792049
mys,1993,2855397
mys,1994,2922437
mys,1995,2993713
mys,1996,3070543
mys,1997,3145219
mys,1998,3215521
mys,1999,3278553
mys,2000,3333512
mys,2001,3411342
mys,2002,3479967
mys,2003,3539411
mys,2004,3587441
mys,2005,3622282
mys,2006,3700588
mys,2007,3773519
mys,2008,3836351
mys,2009,3882896
mys,2010,3910999
mys,2011,3950767
mys,2012,3961506
mys,2013,3944583
mys,2014,3907325
mys,2015,3855967
nac,1970,26691798
nac,1971,27199288
nac,1972,27650612
nac,1973,27968136
nac,1974,28165022
nac,1975,28267920
nac,1976,28267166
nac,1977,28193328
nac,1978,28003252
nac,1979,27710348
nac,1980,27295612
nac,1981,26755596
nac,1982,26083772
nac,1983,25454880
nac,1984,24895272
nac,1985,24403296
nac,1986,23991632
nac,1987,23728244
nac,1988,23567948
nac,1989,23481848
nac,1990,23455540
nac,1991,23480216
nac,1992,23590880
nac,1993,23826548
nac,1994,24162698
nac,1995,24585192
nac,1996,25060948
nac,1997,25462314
nac,1998,25897450
nac,1999,26335354
nac,2000,26736304
nac,2001,27071216
nac,2002,27383290
nac,2003,27646912
nac,2004,27883764
nac,2005,28117464
nac,2006,28336432
nac,2007,28360888
nac,2008,28344814
nac,2009,28296800
nac,2010,28208142
nac,2011,28080110
nac,2012,27882904
nac,2013,27577292
nac,2014,27261824
nam,1970,82149
nam,1971,84553
nam,1972,87007
nam,1973,89511
nam,1974,92042
nam,1975,94566
nam,1976,96507
nam,1977,98884
nam,1978,101637
nam,1979,104710
nam,1980,108119
nam,1981,110834
nam,1982,113981
nam,1983,117984
nam,1984,123181
nam,1985,129639
nam,1986,137178
nam,1987,144899
nam,1988,152253
nam,1989,158772
nam,1990,164319
nam,1991,169810
nam,1992,174585
nam,1993,178720
nam,1994,182461
nam,1995,186020
nam,1996,190023
nam,1997,194048
nam,1998,198204
nam,1999,202414
nam,2000,206410
nam,2001,211100
nam,2002,216085
nam,2003,221332
nam,2004,226942
nam,2005,233127
nam,2006,238365
nam,2007,243917
nam,2008,249341
nam,2009,254283
nam,2010,258692
nam,2011,261389
nam,2012,263400
nam,2013,264973
nam,2014,266288
nam,2015,267272
nam,2016,267517
ner,1970,672653
ner,1971,696907
ner,1972,708535
ner,1973,722426
ner,1974,740288
ner,1975,763602
ner,1976,793034
ner,1977,798520
ner,1978,805943
ner,1979,818557
ner,1980,838517
ner,1981,866394
ner,1982,899976
ner,1983,934032
ner,1984,968934
ner,1985,1006255
ner,1986,1046519
ner,1987,1050174
ner,1988,1054223
ner,1989,1067196
ner,1990,1094597
ner,1991,1139041
ner,1992,1191129
ner,1993,1246597
ner,1994,1303125
ner,1995,1360902
ner,1996,1419593
ner,1997,1443204
ner,1998,1464564
ner,1999,1490711
ner,2000,1528260
ner,2001,1580950
ner,2002,1632659
ner,2003,1690849
ner,2004,1757271
ner,2005,1833235
ner,2006,1918728
ner,2007,1994723
ner,2008,2075518
ner,2009,2165586
ner,2010,2268567
ner,2011,2385865
ner,2012,2496284
ner,2013,2612900
ner,2014,2736928
ner,2015,2869548
ner,2016,3010686
nga,1970,8091096
nga,1971,8313632
nga,1972,8515569
nga,1973,8736277
nga,1974,8978540
nga,1975,9247341
nga,1976,9539416
nga,1977,9800689
nga,1978,10078625
nga,1979,10371407
nga,1980,10669479
nga,1981,10963381
nga,1982,11217618
nga,1983,11502500
nga,1984,11829163
nga,1985,12206968
nga,1986,11033380
nga,1987,11408995
nga,1988,11816966
nga,1989,12250841
nga,1990,12706189
nga,1991,13170992
nga,1992,13591134
nga,1993,14016437
nga,1994,14449350
nga,1995,14890232
nga,1996,15327286
nga,1997,15693786
nga,1998,16055970
nga,1999,16418936
nga,2000,16779886
nga,2001,17129188
nga,2002,17417044
nga,2003,17728316
nga,2004,18069620
nga,2005,18437302
nga,2006,18826960
nga,2007,19194636
nga,2008,19627068
nga,2009,20119304
nga,2010,20660236
nga,2011,21242468
nga,2012,21839328
nga,2013,22498750
nga,2014,23212050
nga,2015,23976304
nga,2016,24779872
nic,1970,303237
nic,1971,313279
nic,1972,321978
nic,1973,329691
nic,1974,336321
nic,1975,341741
nic,1976,345161
nic,1977,349490
nic,1978,355370
nic,1979,362665
nic,1980,371363
nic,1981,379966
nic,1982,389790
nic,1983,400882
nic,1984,413516
nic,1985,427945
nic,1986,441122
nic,1987,454741
nic,1988,468485
nic,1989,482489
nic,1990,496708
nic,1991,510530
nic,1992,524859
nic,1993,539866
nic,1994,555343
nic,1995,571309
nic,1996,585745
nic,1997,607063
nic,1998,609797
nic,1999,619016
nic,2000,626465
nic,2001,630624
nic,2002,633456
nic,2003,635331
nic,2004,636301
nic,2005,636442
nic,2006,638849
nic,2007,636056
nic,2008,633002
nic,2009,629977
nic,2010,627054
nic,2011,622461
nic,2012,617787
nic,2013,613025
nic,2014,607911
nic,2015,602809
nic,2016,598712
nld,1970,1323864
nld,1971,1332084
nld,1972,1351139
nld,1973,1373711
nld,1974,1395791
nld,1975,1417813
nld,1976,1439629
nld,1977,1464282
nld,1978,1484888
nld,1979,1501156
nld,1980,1513644
nld,1981,1520943
nld,1982,1518919
nld,1983,1504824
nld,1984,1480235
nld,1985,1446170
nld,1986,1403197
nld,1987,1355822
nld,1988,1307076
nld,1989,1259412
nld,1990,1212500
nld,1991,1168149
nld,1992,1132818
nld,1993,1105307
nld,1994,1085155
nld,1995,1072959
nld,1996,1069660
nld,1997,1076290
nld,1998,1086195
nld,1999,1097603
nld,2000,1110914
nld,2001,1125769
nld,2002,1142918
nld,2003,1157980
nld,2004,1170940
nld,2005,1182052
nld,2006,1191070
nld,2007,1197728
nld,2008,1200811
nld,2009,1200970
nld,2010,1197890
nld,2011,1192191
nld,2012,1190831
nld,2013,1189820
nld,2014,1189565
nld,2015,1191003
nld,2016,1194129
nor,1970,362707
nor,1971,362309
nor,1972,363656
nor,1973,366304
nor,1974,368841
nor,1975,370443
nor,1976,371097
nor,1977,371966
nor,1978,373260
nor,1979,375729
nor,1980,379383
nor,1981,384191
nor,1982,390295
nor,1983,395496
nor,1984,398678
nor,1985,399649
nor,1986,398743
nor,1987,395239
nor,1988,389214
nor,1989,381071
nor,1990,371388
nor,1991,360020
nor,1992,348199
nor,1993,336826
nor,1994,327273
nor,1995,319959
nor,1996,314916
nor,1997,313303
nor,1998,314073
nor,1999,316569
nor,2000,320156
nor,2001,324976
nor,2002,331793
nor,2003,339083
nor,2004,346489
nor,2005,353916
nor,2006,361547
nor,2007,369369
nor,2008,375738
nor,2009,380629
nor,2010,384247
nor,2011,386793
nor,2012,390664
nor,2013,391598
nor,2014,390115
nor,2015,386828
nor,2016,381985
npl,1970,1385128
npl,1971,1398815
npl,1972,2009752
npl,1973,2037228
npl,1974,2071551
npl,1975,2111141
npl,1976,2153023
npl,1977,2193910
npl,1978,2241852
npl,1979,2295858
npl,1980,2353817
npl,1981,1675804
npl,1982,1713615
npl,1983,1755799
npl,1984,1801866
npl,1985,1851274
npl,1986,1903137
npl,1987,1951370
npl,1988,2004561
npl,1989,2063629
npl,1990,2129196
npl,1991,2199799
npl,1992,2266720
npl,1993,2334962
npl,1994,2403083
npl,1995,2469146
npl,1996,2531223
npl,1997,2582955
npl,1998,3592467
npl,1999,3666119
npl,2000,3742848
npl,2001,3823644
npl,2002,3851405
npl,2003,4034520
npl,2004,4115842
npl,2005,4213725
npl,2006,4321526
npl,2007,4384156
npl,2008,4444382
npl,2009,4509610
npl,2010,4582565
npl,2011,4658987
npl,2012,4693690
npl,2013,4718150
npl,2014,4731562
npl,2015,4728788
npl,2016,4710596
nru,1998,1368
nru,1999,1409
nru,2000,1405
nru,2001,1424
nru,2002,1335
nru,2003,1324
nru,2004,1304
nru,2005,1270
nru,2006,1281
nru,2007,1287
nru,2008,1298
nru,2009,1305
nru,2010,1310
nru,2011,1162
nru,2012,1192
nru,2013,1219
nru,2014,1244
nru,2015,1263
nru,2016,1281
nzl,1970,395480
nzl,1971,403909
nzl,1972,413213
nzl,1973,422735
nzl,1974,431637
nzl,1975,438618
nzl,1976,439199
nzl,1977,439381
nzl,1978,438771
nzl,1979,436986
nzl,1980,434128
nzl,1981,428710
nzl,1982,425374
nzl,1983,424177
nzl,1984,423952
nzl,1985,422853
nzl,1986,415394
nzl,1987,408128
nzl,1988,400603
nzl,1989,392703
nzl,1990,384556
nzl,1991,376003
nzl,1992,371247
nzl,1993,369605
nzl,1994,369506
nzl,1995,370313
nzl,1996,372478
nzl,1997,377777
nzl,1998,384935
nzl,1999,393055
nzl,2000,401175
nzl,2001,408730
nzl,2002,416465
nzl,2003,424493
nzl,2004,432072
nzl,2005,438083
nzl,2006,441848
nzl,2007,442681
nzl,2008,440781
nzl,2009,436566
nzl,2010,430591
nzl,2011,426443
nzl,2012,422928
nzl,2013,420264
nzl,2014,418433
nzl,2015,418009
nzl,2016,417762
oed,1970,104373352
oed,1971,105723840
oed,1972,107082144
oed,1973,108339488
oed,1974,109474744
oed,1975,110532992
oed,1976,111442800
oed,1977,112146096
oed,1978,112656416
oed,1979,112953808
oed,1980,112962648
oed,1981,112845136
oed,1982,112311992
oed,1983,111788752
oed,1984,111358624
oed,1985,111086248
oed,1986,110923256
oed,1987,110649208
oed,1988,110197904
oed,1989,109532112
oed,1990,108654024
oed,1991,107634744
oed,1992,106705184
oed,1993,106081040
oed,1994,105771504
oed,1995,105704256
oed,1996,105298704
oed,1997,105411328
oed,1998,105587584
oed,1999,105594864
oed,2000,105496304
oed,2001,105415152
oed,2002,105390800
oed,2003,105326112
oed,2004,105203944
oed,2005,105011976
oed,2006,104772352
oed,2007,104472344
oed,2008,104206712
oed,2009,105163016
oed,2010,104806496
oed,2011,104304672
oed,2012,103712120
oed,2013,104274440
oed,2014,103536624
omn,1970,92488
omn,1971,96486
omn,1972,100054
omn,1973,103886
omn,1974,108006
omn,1975,112482
omn,1976,117273
omn,1977,121796
omn,1978,126418
omn,1979,131255
omn,1980,136409
omn,1981,141795
omn,1982,147438
omn,1983,153404
omn,1984,159547
omn,1985,165501
omn,1986,171339
omn,1987,177220
omn,1988,183519
omn,1989,191418
omn,1990,202256
omn,1991,217062
omn,1992,231114
omn,1993,246233
omn,1994,261001
omn,1995,274513
omn,1996,285458
omn,1997,299761
omn,1998,305710
omn,1999,306439
omn,2000,305429
omn,2001,305820
omn,2002,312509
omn,2003,321366
omn,2004,331142
omn,2005,340624
omn,2006,348994
omn,2007,346921
omn,2008,334584
omn,2009,318137
omn,2010,303926
omn,2011,295490
omn,2012,301124
omn,2013,299149
omn,2014,289806
omn,2015,275248
pak,1970,8371517
pak,1971,8775473
pak,1972,9169017
pak,1973,9568842
pak,1974,9975065
pak,1975,10379623
pak,1976,10777980
pak,1977,11168871
pak,1978,11564356
pak,1979,11962930
pak,1980,12360837
pak,1981,12753924
pak,1982,13153191
pak,1983,13555690
pak,1984,13959454
pak,1985,14361702
pak,1986,14764691
pak,1987,15202129
pak,1988,15664207
pak,1989,16153348
pak,1990,16672063
pak,1991,17213352
pak,1992,17734916
pak,1993,18307256
pak,1994,18923332
pak,1995,19578836
pak,1996,20276330
pak,1997,21002792
pak,1998,21757020
pak,1999,22531052
pak,2000,23299304
pak,2001,24006106
pak,2002,24577716
pak,2003,25085952
pak,2004,25519272
pak,2005,25857738
pak,2006,26117386
pak,2007,26347510
pak,2008,26554720
pak,2009,26749850
pak,2010,26932652
pak,2011,27074292
pak,2012,27091162
pak,2013,27102854
pak,2014,27106390
pak,2015,27125616
pan,1970,209260
pan,1971,216468
pan,1972,223798
pan,1973,231220
pan,1974,238752
pan,1975,246329
pan,1976,253325
pan,1977,260270
pan,1978,267113
pan,1979,273738
pan,1980,280092
pan,1981,286269
pan,1982,292397
pan,1983,298502
pan,1984,304632
pan,1985,310716
pan,1986,316269
pan,1987,321189
pan,1988,325497
pan,1989,329256
pan,1990,332472
pan,1991,335146
pan,1992,337758
pan,1993,340385
pan,1994,342875
pan,1995,345226
pan,1996,348021
pan,1997,350887
pan,1998,353896
pan,1999,357288
pan,2000,361085
pan,2001,364517
pan,2002,367913
pan,2003,371064
pan,2004,373626
pan,2005,375599
pan,2006,378534
pan,2007,382042
pan,2008,386288
pan,2009,391565
pan,2010,397752
pan,2011,403413
pan,2012,407967
pan,2013,411122
pan,2014,412681
pan,2015,412623
pan,2016,412607
per,1970,1527035
per,1971,1570410
per,1972,1619089
per,1973,1672819
per,1974,1731948
per,1975,1794510
per,1976,1855828
per,1977,1914365
per,1978,1971106
per,1979,2027236
per,1980,2082718
per,1981,2127348
per,1982,2171772
per,1983,2214602
per,1984,2252583
per,1985,2286805
per,1986,2324792
per,1987,2367484
per,1988,2415135
per,1989,2470768
per,1990,2530859
per,1991,2579168
per,1992,2618841
per,1993,2649491
per,1994,2667549
per,1995,2676193
per,1996,2685273
per,1997,2704161
per,1998,2730712
per,1999,2764880
per,2000,2803190
per,2001,2837968
per,2002,2865012
per,2003,2883527
per,2004,2892016
per,2005,2890223
per,2006,2883972
per,2007,2876624
per,2008,2865624
per,2009,2847869
per,2010,2824279
per,2011,2805754
per,2012,2794754
per,2013,2790426
per,2014,2793135
per,2015,2800715
per,2016,2808450
phl,1970,3540326
phl,1971,3619386
phl,1972,3686855
phl,1973,3765539
phl,1974,3855339
phl,1975,3954979
phl,1976,4061734
phl,1977,4163051
phl,1978,4261570
phl,1979,4358408
phl,1980,4455622
phl,1981,4555373
phl,1982,4649249
phl,1983,4747512
phl,1984,4848048
phl,1985,4949203
phl,1986,5050266
phl,1987,5150959
phl,1988,5258905
phl,1989,5375997
phl,1990,5503368
phl,1991,5640266
phl,1992,5771004
phl,1993,5905678
phl,1994,6041049
phl,1995,6174321
phl,1996,6304284
phl,1997,6430176
phl,1998,6728547
phl,1999,6882615
phl,2000,7046754
phl,2001,7212426
phl,2002,7350465
phl,2003,7472827
phl,2004,7577054
phl,2005,7667813
phl,2006,7757054
phl,2007,7835561
phl,2008,7936015
phl,2009,8031748
phl,2010,8102562
phl,2011,8138443
phl,2012,8154895
phl,2013,8168885
phl,2014,8175233
phl,2015,8173849
phl,2016,8171375
plw,2001,2073
plw,2002,2125
plw,2003,2200
plw,2004,2301
plw,2005,2415
plw,2006,2476
plw,2007,2557
plw,2008,2588
plw,2009,2567
plw,2010,2498
plw,2011,1582
plw,2012,1509
plw,2013,1448
plw,2014,1412
plw,2015,1403
plw,2016,1411
png,1970,329259
png,1971,335933
png,1972,342123
png,1973,348606
png,1974,356168
png,1975,365062
png,1976,372595
png,1977,381991
png,1978,392761
png,1979,404230
png,1980,415713
png,1981,428850
png,1982,443844
png,1983,461906
png,1984,483359
png,1985,508770
png,1986,534852
png,1987,560603
png,1988,583044
png,1989,601091
png,1990,614459
png,1991,623314
png,1992,629604
png,1993,636110
png,1994,644373
png,1995,654467
png,1996,664662
png,1997,675436
png,1998,685618
png,1999,694912
png,2000,703447
png,2001,710710
png,2002,719628
png,2003,731286
png,2004,745733
png,2005,762579
png,2006,782444
png,2007,804737
png,2008,829009
png,2009,854847
png,2010,882604
png,2011,910465
png,2012,937793
png,2013,963074
png,2014,985778
png,2015,1005593
png,2016,1022626
pol,1970,4225119
pol,1971,4311407
pol,1972,4358054
pol,1973,4362883
pol,1974,4315378
pol,1975,4218178
pol,1976,4069516
pol,1977,3878321
pol,1978,3676119
pol,1979,3491905
pol,1980,3337436
pol,1981,3211102
pol,1982,3122989
pol,1983,3073235
pol,1984,3054625
pol,1985,3058696
pol,1986,3088054
pol,1987,3146119
pol,1988,3227784
pol,1989,3322727
pol,1990,3423180
pol,1991,3525464
pol,1992,3623086
pol,1993,3714536
pol,1994,3799745
pol,1995,3879895
pol,1996,3957078
pol,1997,4007893
pol,1998,4040049
pol,1999,4044105
pol,2000,4018280
pol,2001,3958891
pol,2002,3858639
pol,2003,3738389
pol,2004,3615590
pol,2005,3498147
pol,2006,3386733
pol,2007,3281509
pol,2008,3174534
pol,2009,3059863
pol,2010,2937572
pol,2011,2810938
pol,2012,2679642
pol,2013,2555345
pol,2014,2443268
pol,2015,2443268
pol,2016,2255549
pri,1997,387918
pri,1998,381205
pri,1999,377016
pri,2000,373966
pri,2001,371096
pri,2002,368228
pri,2003,366428
pri,2004,365125
pri,2005,363846
pri,2006,362060
pri,2007,358445
pri,2008,355729
pri,2009,353376
pri,2010,350694
pri,2011,346852
pri,2012,339798
pri,2013,333341
pri,2014,327323
pri,2015,321083
pri,2016,314161
prk,1970,1906475
prk,1971,2097581
prk,1972,2177245
prk,1973,2203753
prk,1974,2165465
prk,1975,2099074
prk,1976,2076605
prk,1977,2132365
prk,1978,2242896
prk,1979,2408358
prk,1980,2595359
prk,1981,2751333
prk,1982,2873889
prk,1983,2938649
prk,1984,2950645
prk,1985,2914619
prk,1986,2830704
prk,1987,2681634
prk,1988,2510794
prk,1989,2310089
prk,1990,2111487
prk,1991,1970521
prk,1992,1914009
prk,1993,1919882
prk,1994,1994295
prk,1995,2106292
prk,1996,2204404
prk,1997,2266978
prk,1998,2264288
prk,1999,2302118
prk,2000,2310498
prk,2001,2302754
prk,2002,2304137
prk,2003,2317881
prk,2004,2340303
prk,2005,2370496
prk,2006,2400844
prk,2007,2420057
prk,2008,2427678
prk,2009,2424205
prk,2010,2408664
prk,2011,2385117
prk,2012,2363686
prk,2013,2361797
prk,2014,2339281
prk,2015,2300272
prt,1970,767953
prt,1971,777578
prt,1972,781656
prt,1973,789618
prt,1974,800844
prt,1975,815494
prt,1976,831762
prt,1977,843229
prt,1978,851799
prt,1979,857308
prt,1980,858261
prt,1981,1028208
prt,1982,1017142
prt,1983,1007220
prt,1984,1000340
prt,1985,997549
prt,1986,999295
prt,1987,1001098
prt,1988,1001777
prt,1989,1000407
prt,1990,997074
prt,1991,990380
prt,1992,973601
prt,1993,954907
prt,1994,935304
prt,1995,914218
prt,1996,891160
prt,1997,866173
prt,1998,841438
prt,1999,817244
prt,2000,792816
prt,2001,768007
prt,2002,742137
prt,2003,719027
prt,2004,699164
prt,2005,683048
prt,2006,671276
prt,2007,666483
prt,2008,666155
prt,2009,668906
prt,2010,673868
prt,2011,679485
prt,2012,673691
prt,2013,667218
prt,2014,660362
prt,2015,653534
prt,2016,646847
pry,1970,354578
pry,1971,362345
pry,1972,369732
pry,1973,377491
pry,1974,385913
pry,1975,395001
pry,1976,404895
pry,1977,414350
pry,1978,423788
pry,1979,433872
pry,1980,445477
pry,1981,457004
pry,1982,467693
pry,1983,476625
pry,1984,483759
pry,1985,488949
pry,1986,492685
pry,1987,497320
pry,1988,504599
pry,1989,514923
pry,1990,528011
pry,1991,543774
pry,1992,561897
pry,1993,581485
pry,1994,624827
pry,1995,646745
pry,1996,668112
pry,1997,688151
pry,1998,706732
pry,1999,723916
pry,2000,739435
pry,2001,751829
pry,2002,763733
pry,2003,774882
pry,2004,784093
pry,2005,790966
pry,2006,797721
pry,2007,803283
pry,2008,808330
pry,2009,814171
pry,2010,820897
pry,2011,823599
pry,2012,824049
pry,2013,821787
pry,2014,815928
pry,2015,806477
pry,2016,796910
pse,1970,203117
pse,1971,203862
pse,1972,210215
pse,1973,220742
pse,1974,234107
pse,1975,248468
pse,1976,262324
pse,1977,274573
pse,1978,285521
pse,1979,295297
pse,1980,304454
pse,1981,313173
pse,1982,321095
pse,1983,329604
pse,1984,338693
pse,1985,348100
pse,1986,357861
pse,1987,368573
pse,1988,379955
pse,1989,392419
pse,1990,406093
pse,1991,420750
pse,1992,436269
pse,1993,452586
pse,1994,469729
pse,1995,488247
pse,1996,508535
pse,1997,530575
pse,1998,555639
pse,1999,582488
pse,2000,609703
pse,2001,636978
pse,2002,663167
pse,2003,687241
pse,2004,710120
pse,2005,732747
pse,2006,754984
pse,2007,777040
pse,2008,797404
pse,2009,815337
pse,2010,830228
pse,2011,841327
pse,2012,848990
pse,2013,855757
pse,2014,862381
pse,2015,869213
qat,1970,11364
qat,1971,11725
qat,1972,13323
qat,1973,14852
qat,1974,16169
qat,1975,17110
qat,1976,17612
qat,1977,18756
qat,1978,19446
qat,1979,19923
qat,1980,20495
qat,1981,21395
qat,1982,22730
qat,1983,23796
qat,1984,25328
qat,1985,25328
qat,1986,26154
qat,1987,29463
qat,1988,32234
qat,1989,34353
qat,1990,35831
qat,1991,36866
qat,1992,38565
qat,1993,39451
qat,1994,39931
qat,1995,40636
qat,1996,42070
qat,1997,45602
qat,1998,48360
qat,1999,50367
qat,2000,51878
qat,2001,53158
qat,2002,53606
qat,2003,53153
qat,2004,53464
qat,2005,56211
qat,2006,62551
qat,2007,72701
qat,2008,75215
qat,2009,72635
qat,2010,68143
qat,2014,105566
qat,2015,104820
rou,1970,3043753
rou,1971,3044752
rou,1972,2982551
rou,1973,2906732
rou,1974,2810904
rou,1975,2695239
rou,1976,2584631
rou,1977,2530112
rou,1978,2506200
rou,1979,2531463
rou,1980,2614873
rou,1981,2736690
rou,1982,2863380
rou,1983,3000478
rou,1984,3116666
rou,1985,3188914
rou,1986,3224685
rou,1987,3238349
rou,1988,3226071
rou,1989,3210743
rou,1990,3207460
rou,1991,3205630
rou,1992,3178331
rou,1993,3152974
rou,1994,3115885
rou,1995,3057857
rou,1996,2989432
rou,1997,2929613
rou,1998,2871427
rou,1999,2828499
rou,2000,2807753
rou,2001,2793443
rou,2002,2737944
rou,2003,2680533
rou,2004,2603885
rou,2005,2496124
rou,2006,2366477
rou,2007,2189950
rou,2008,2028452
rou,2009,1900916
rou,2010,1817444
rou,2011,1770342
rou,2012,1725312
rou,2013,1705018
rou,2014,1697977
rou,2015,1694225
rou,2016,1693078
rus,1970,18052904
rus,1971,18126436
rus,1972,18085664
rus,1973,17883808
rus,1974,17549200
rus,1975,17096150
rus,1976,16544061
rus,1977,15950254
rus,1978,15333423
rus,1979,14693078
rus,1980,14074150
rus,1981,13574387
rus,1982,13302775
rus,1983,13174476
rus,1984,13203539
rus,1985,13390685
rus,1986,13659826
rus,1987,13956748
rus,1988,14215759
rus,1989,14437293
rus,1990,14622761
rus,1991,14803459
rus,1992,15025044
rus,1993,15305127
rus,1994,15620233
rus,1995,15953543
rus,1996,16282578
rus,1997,16665312
rus,1998,16962412
rus,1999,17171542
rus,2000,17236520
rus,2001,17057610
rus,2002,16567017
rus,2003,15865991
rus,2004,15887688
rus,2005,14990018
rus,2006,13956454
rus,2007,13002665
rus,2008,12113358
rus,2009,11315750
rus,2010,10599683
rus,2011,10001594
rus,2012,9530613
rus,2013,9200099
rus,2014,9008513
rus,2015,8981938
rus,2016,9119651
rwa,1970,521231
rwa,1971,542742
rwa,1972,560580
rwa,1973,577096
rwa,1974,591753
rwa,1975,605069
rwa,1976,617392
rwa,1977,625457
rwa,1978,633914
rwa,1979,644083
rwa,1980,757919
rwa,1981,875192
rwa,1982,889703
rwa,1983,907477
rwa,1984,930568
rwa,1985,961021
rwa,1986,999137
rwa,1987,1047359
rwa,1988,1103394
rwa,1989,1158645
rwa,1990,1203818
rwa,1991,1234461
rwa,1992,1094683
rwa,1993,939307
rwa,1994,918155
rwa,1995,912629
rwa,1996,932009
rwa,1997,971452
rwa,1998,1041746
rwa,1999,1128126
rwa,2000,1216279
rwa,2001,1301458
rwa,2002,1360273
rwa,2003,1393832
rwa,2004,1402534
rwa,2005,1366879
rwa,2006,1326868
rwa,2007,1289886
rwa,2008,1270571
rwa,2009,1273592
rwa,2010,1299032
rwa,2011,1338772
rwa,2012,1392803
rwa,2013,1449116
rwa,2014,1500850
rwa,2015,1547792
rwa,2016,1591157
sas,1970,109518856
sas,1971,112206192
sas,1972,115248128
sas,1973,117870712
sas,1974,120767424
sas,1975,123911744
sas,1976,127106416
sas,1977,130070376
sas,1978,133090248
sas,1979,136094000
sas,1980,138969600
sas,1981,141001536
sas,1982,143368000
sas,1983,146171696
sas,1984,149105632
sas,1985,152192672
sas,1986,155391552
sas,1987,158882816
sas,1988,162289600
sas,1989,165900320
sas,1990,169647360
sas,1991,173457424
sas,1992,177378992
sas,1993,181548544
sas,1994,185952688
sas,1995,190519856
sas,1996,195067760
sas,1997,199334736
sas,1998,204356400
sas,1999,208209360
sas,2000,211756144
sas,2001,214843424
sas,2002,217290112
sas,2003,219662432
sas,2004,221709440
sas,2005,223488992
sas,2006,224959200
sas,2007,226305056
sas,2008,227716528
sas,2009,229230208
sas,2010,230846176
sas,2011,232414992
sas,2012,233805232
sas,2013,235169200
sas,2014,236431664
sau,1970,715140
sau,1971,744390
sau,1972,779253
sau,1973,816002
sau,1974,855323
sau,1975,898108
sau,1976,944326
sau,1977,990472
sau,1978,1037222
sau,1979,1085794
sau,1980,1137914
sau,1981,1196782
sau,1982,1280850
sau,1983,1363864
sau,1984,1447744
sau,1985,1534622
sau,1986,1625105
sau,1987,1725639
sau,1988,1789022
sau,1989,1826483
sau,1990,1852848
sau,1991,1887556
sau,1992,1972953
sau,1993,2079383
sau,1994,2204565
sau,1995,2353615
sau,1996,2523003
sau,1997,2584560
sau,1998,2594056
sau,1999,2579256
sau,2000,2572939
sau,2001,2603199
sau,2002,2731659
sau,2003,2847154
sau,2004,2945794
sau,2005,3028504
sau,2006,3093677
sau,2007,3127764
sau,2008,3135477
sau,2009,3132690
sau,2010,3132308
sau,2011,3144385
sau,2012,3153299
sau,2013,3157645
sau,2014,3157732
sau,2015,3155775
sdn,1999,3148807
sdn,2000,3200703
sdn,2001,3256614
sdn,2002,3319743
sdn,2003,3395499
sdn,2004,3482969
sdn,2005,3582443
sdn,2006,3690181
sdn,2007,3792005
sdn,2008,3894920
sdn,2009,3997875
sdn,2010,4097455
sdn,2011,4193374
sdn,2012,4286510
sdn,2013,4381345
sdn,2014,4479358
sdn,2015,4584447
sen,1970,610000
sen,1971,633842
sen,1972,653452
sen,1973,672910
sen,1974,692941
sen,1975,713750
sen,1976,734420
sen,1977,749371
sen,1978,766626
sen,1979,787041
sen,1980,811171
sen,1981,839074
sen,1982,863321
sen,1983,892841
sen,1984,927724
sen,1985,967606
sen,1986,966034
sen,1987,1005254
sen,1988,1047744
sen,1989,1092974
sen,1990,1140641
sen,1991,1190409
sen,1992,1236036
sen,1993,1282518
sen,1994,1328744
sen,1995,1374098
sen,1996,1418017
sen,1997,1455076
sen,1998,1492548
sen,1999,1531917
sen,2000,1574697
sen,2001,1621638
sen,2002,1662736
sen,2003,1705795
sen,2004,1799905
sen,2005,1843597
sen,2006,1887028
sen,2007,1921203
sen,2008,1957058
sen,2009,1995707
sen,2010,2037233
sen,2011,2081409
sen,2012,2125512
sen,2013,2174337
sen,2014,2228506
sen,2015,2289124
sen,2016,2356148
slb,1970,17481
slb,1971,17782
slb,1972,18185
slb,1973,18714
slb,1974,19406
slb,1975,20306
slb,1976,22127
slb,1977,22898
slb,1978,23579
slb,1979,24150
slb,1980,24564
slb,1981,25218
slb,1982,26100
slb,1983,27329
slb,1984,28883
slb,1985,32973
slb,1986,34986
slb,1987,36718
slb,1988,38216
slb,1989,39503
slb,1990,40607
slb,1991,41457
slb,1992,42254
slb,1993,42965
slb,1994,43544
slb,1995,44040
slb,1996,44554
slb,1997,62462
slb,1998,63477
slb,1999,64633
slb,2000,65923
slb,2001,67140
slb,2002,68538
slb,2003,70126
slb,2004,71936
slb,2005,73980
slb,2006,75265
slb,2007,76581
slb,2008,78026
slb,2009,79690
slb,2010,81640
slb,2011,83801
slb,2012,86009
slb,2013,88234
slb,2014,90417
slb,2015,92516
slb,2016,94352
sle,1970,348155
sle,1971,354737
sle,1972,359487
sle,1973,365392
sle,1974,372347
sle,1975,380243
sle,1976,388806
sle,1977,395199
sle,1978,402666
sle,1979,411420
sle,1980,421392
sle,1981,432267
sle,1982,441913
sle,1983,452926
sle,1984,465874
sle,1985,481326
sle,1986,499125
sle,1987,517901
sle,1988,539034
sle,1989,560540
sle,1990,579928
sle,1991,595541
sle,1992,601509
sle,1993,603860
sle,1994,678770
sle,1995,606526
sle,1996,610189
sle,1997,612268
sle,1998,537836
sle,1999,545373
sle,2000,557270
sle,2001,573295
sle,2002,593506
sle,2003,619767
sle,2004,649177
sle,2005,677825
sle,2006,703294
sle,2007,722235
sle,2008,739633
sle,2009,756828
sle,2010,775297
sle,2011,795801
sle,2012,815189
sle,2013,960999
sle,2014,986751
sle,2015,1038884
sle,2016,1038884
slv,1970,421959
slv,1971,432753
slv,1972,443476
slv,1973,535895
slv,1974,549872
slv,1975,564834
slv,1976,576184
slv,1977,587229
slv,1978,597792
slv,1979,608126
slv,1980,618616
slv,1981,625831
slv,1982,633203
slv,1983,641497
slv,1984,651183
slv,1985,662644
slv,1986,673895
slv,1987,684455
slv,1988,694202
slv,1989,703348
slv,1990,712379
slv,1991,718200
slv,1992,721946
slv,1993,723502
slv,1994,723210
slv,1995,721344
slv,1996,719516
slv,1997,717520
slv,1998,716564
slv,1999,717198
slv,2000,719633
slv,2001,724321
slv,2002,731379
slv,2003,740660
slv,2004,751724
slv,2005,764879
slv,2006,775243
slv,2007,784213
slv,2008,791180
slv,2009,796624
slv,2010,801311
slv,2011,798856
slv,2012,792686
slv,2013,782988
slv,2014,770574
slv,2015,755359
slv,2016,734748
smr,2009,2392
smr,2010,2401
smr,2011,2494
smr,2012,2543
smr,2013,2609
smr,2014,2642
som,1970,442606
som,1971,452049
som,1972,455371
som,1973,457544
som,1974,463923
som,1975,480725
som,1976,510659
som,1977,386274
som,1978,431581
som,1979,480092
som,1980,523853
som,1981,809798
som,1982,829506
som,1983,830382
som,1984,820766
som,1985,810571
som,1986,805482
som,1987,803446
som,1988,807550
som,1989,815320
som,1990,822925
som,1991,827897
som,1992,824584
som,1993,820409
som,1994,818537
som,1995,822294
som,1996,832943
som,1997,850420
som,1998,906828
som,1999,906828
som,2000,940824
som,2001,975669
som,2002,1006151
som,2003,1038600
som,2004,1072935
som,2005,1108238
som,2006,1144406
som,2007,1182218
som,2008,1222689
som,2009,1266228
som,2010,1314348
som,2011,1366426
som,2012,1411537
som,2013,1453948
som,2014,1493230
som,2015,1528537
som,2016,1559585
srb,1970,1219653
srb,1971,1189955
srb,1972,1158943
srb,1973,1127338
srb,1974,1099762
srb,1975,1079677
srb,1976,1066875
srb,1977,1061907
srb,1978,1063123
srb,1979,1067002
srb,1980,1071249
srb,1981,1076773
srb,1982,1084453
srb,1983,1093986
srb,1984,1105351
srb,1985,1118235
srb,1986,1132020
srb,1987,1147195
srb,1988,1161763
srb,1989,1176239
srb,1990,1191359
srb,1991,1206808
srb,1992,1221865
srb,1993,1236453
srb,1994,1247598
srb,1995,1251607
srb,1996,1246870
srb,1997,1218257
srb,1998,791807
srb,1999,790117
srb,2000,782082
srb,2001,770023
srb,2002,757503
srb,2003,745172
srb,2004,726961
srb,2005,713777
srb,2006,700127
srb,2007,687296
srb,2008,672596
srb,2009,660040
srb,2010,646227
srb,2011,615125
srb,2012,600904
srb,2013,590435
srb,2014,581018
srb,2015,572515
ssa,1970,41455076
ssa,1971,42523688
ssa,1972,43545048
ssa,1973,44732192
ssa,1974,45925536
ssa,1975,47250644
ssa,1976,48558108
ssa,1977,49602132
ssa,1978,50804028
ssa,1979,52105824
ssa,1980,53596232
ssa,1981,55376272
ssa,1982,56258060
ssa,1983,57818792
ssa,1984,60082644
ssa,1985,61967644
ssa,1986,62298616
ssa,1987,64142600
ssa,1988,66142908
ssa,1989,67786872
ssa,1990,69993256
ssa,1991,72192600
ssa,1992,74153904
ssa,1993,76189760
ssa,1994,78518648
ssa,1995,80787064
ssa,1996,83209984
ssa,1997,85477488
ssa,1998,86971000
ssa,1999,89295896
ssa,2000,91770056
ssa,2001,94272256
ssa,2002,96539904
ssa,2003,98865000
ssa,2004,101416336
ssa,2005,103872968
ssa,2006,106400720
ssa,2007,108213792
ssa,2008,110956400
ssa,2009,113889968
ssa,2010,117573360
ssa,2011,121229984
ssa,2012,124578008
ssa,2013,128223016
ssa,2014,131326992
ssd,2005,912948
ssd,2006,953568
ssd,2007,998001
ssd,2008,1045535
ssd,2009,1095779
ssd,2010,1148777
ssd,2011,1486346
ssd,2012,1551145
ssd,2013,1614124
ssd,2014,1672441
ssd,2015,1724549
ssd,2016,1768963
ssf,1970,41463856
ssf,1971,42532748
ssf,1972,43554344
ssf,1973,44741740
ssf,1974,45935392
ssf,1975,47260864
ssf,1976,48568580
ssf,1977,49612860
ssf,1978,50814992
ssf,1979,52116984
ssf,1980,53607556
ssf,1981,55387600
ssf,1982,56269312
ssf,1983,57829944
ssf,1984,60090600
ssf,1985,61975548
ssf,1986,62306440
ssf,1987,64150384
ssf,1988,66150708
ssf,1989,67794776
ssf,1990,70001368
ssf,1991,72200720
ssf,1992,74162024
ssf,1993,76197832
ssf,1994,78526648
ssf,1995,80794968
ssf,1996,83217944
ssf,1997,85485496
ssf,1998,86979064
ssf,1999,89307176
ssf,2000,91781416
ssf,2001,94283512
ssf,2002,96550984
ssf,2003,98875856
ssf,2004,101426952
ssf,2005,103883360
ssf,2006,106411176
ssf,2007,108224280
ssf,2008,110966856
ssf,2009,113900328
ssf,2010,117583552
ssf,2011,121239872
ssf,2012,124587624
ssf,2013,128232400
ssf,2014,131336184
stp,1970,11589
stp,1971,12411
stp,1972,12515
stp,1973,12734
stp,1974,13037
stp,1975,13373
stp,1976,13700
stp,1977,13919
stp,1978,14283
stp,1979,14763
stp,1980,15302
stp,1981,15795
stp,1982,15912
stp,1983,16119
stp,1984,16369
stp,1985,16614
stp,1986,16932
stp,1987,17516
stp,1988,18227
stp,1989,19132
stp,1990,20267
stp,1991,21505
stp,1992,22323
stp,1993,22981
stp,1994,23361
stp,1995,23421
stp,1996,23226
stp,1997,22845
stp,1998,22606
stp,1999,15505
stp,2000,15698
stp,2001,16400
stp,2002,17242
stp,2003,18016
stp,2004,18507
stp,2005,18742
stp,2006,18639
stp,2007,18435
stp,2008,18462
stp,2009,18677
stp,2010,19064
stp,2011,23110
stp,2012,23740
stp,2013,24453
stp,2014,25210
stp,2015,26046
stp,2016,26953
sur,1970,60959
sur,1971,63905
sur,1972,64502
sur,1973,64847
sur,1974,65156
sur,1975,65655
sur,1976,66569
sur,1977,67953
sur,1978,69139
sur,1979,69964
sur,1980,70101
sur,1981,69286
sur,1982,67669
sur,1983,65468
sur,1984,63206
sur,1985,61380
sur,1986,60090
sur,1987,59591
sur,1988,59271
sur,1989,58882
sur,1990,58105
sur,1991,56962
sur,1992,55971
sur,1993,55318
sur,1994,55184
sur,1995,55737
sur,1996,56963
sur,1997,58837
sur,1998,53517
sur,1999,55487
sur,2000,57390
sur,2001,59147
sur,2002,60209
sur,2003,60290
sur,2004,59439
sur,2005,67179
sur,2006,64780
sur,2007,63758
sur,2008,63098
sur,2009,62903
sur,2010,63235
sur,2011,63994
sur,2012,64971
sur,2013,66004
sur,2014,66877
sur,2015,67438
sur,2016,67719
svk,1970,740964
svk,1971,736101
svk,1972,724917
svk,1973,711660
svk,1974,698331
svk,1975,684985
svk,1976,671715
svk,1977,657933
svk,1978,645056
svk,1979,633028
svk,1980,623210
svk,1981,617632
svk,1982,616763
svk,1983,620660
svk,1984,629391
svk,1985,642496
svk,1986,659518
svk,1987,680786
svk,1988,701481
svk,1989,719997
svk,1990,735443
svk,1991,746150
svk,1992,751334
svk,1993,752873
svk,1994,750629
svk,1995,744611
svk,1996,735201
svk,1997,723734
svk,1998,808537
svk,1999,795311
svk,2000,782124
svk,2001,768676
svk,2002,754691
svk,2003,740116
svk,2004,724484
svk,2005,707089
svk,2006,687525
svk,2007,665868
svk,2008,642640
svk,2009,618184
svk,2010,593418
svk,2011,569416
svk,2012,546014
svk,2013,524493
svk,2014,505816
svk,2015,491023
svk,2016,480834
svn,1970,228671
svn,1971,224288
svn,1972,220768
svn,1973,217724
svn,1974,215760
svn,1975,215207
svn,1976,215700
svn,1977,218276
svn,1978,220315
svn,1979,221420
svn,1980,221644
svn,1981,221635
svn,1982,223378
svn,1983,225414
svn,1984,227323
svn,1985,228755
svn,1986,229732
svn,1987,231367
svn,1988,232840
svn,1989,234369
svn,1990,236016
svn,1991,237380
svn,1992,238615
svn,1993,239438
svn,1994,239296
svn,1995,237851
svn,1996,235283
svn,1997,231451
svn,1998,226626
svn,1999,221427
svn,2000,216234
svn,2001,210846
svn,2002,205390
svn,2003,199580
svn,2004,193317
svn,2005,186669
svn,2006,180027
svn,2007,155430
svn,2008,150317
svn,2009,145560
svn,2010,141381
svn,2011,137830
svn,2012,135118
svn,2013,133002
svn,2014,131181
svn,2015,129441
svn,2016,127991
swe,1970,657883
swe,1971,645859
swe,1972,640876
swe,1973,640249
swe,1974,641909
swe,1975,644646
swe,1976,649385
swe,1977,658986
swe,1978,668688
swe,1979,677419
swe,1980,684621
swe,1981,690381
swe,1982,696801
swe,1983,700373
swe,1984,701092
swe,1985,699703
swe,1986,696881
swe,1987,694360
swe,1988,688208
swe,1989,678613
swe,1990,666520
swe,1991,652344
swe,1992,638607
swe,1993,625450
swe,1994,614210
swe,1995,605322
swe,1996,598668
swe,1997,595664
swe,1998,597490
swe,1999,604198
swe,2000,614629
swe,2001,628633
swe,2002,649174
swe,2003,669746
swe,2004,688851
swe,2005,706455
swe,2006,724271
swe,2007,740934
swe,2008,752299
swe,2009,754139
swe,2010,744748
swe,2011,721247
swe,2012,689295
swe,2013,652850
swe,2014,621991
swe,2015,600964
swe,2016,590445
swz,1970,51739
swz,1971,52763
swz,1972,54089
swz,1973,55687
swz,1974,57510
swz,1975,59503
swz,1976,61161
swz,1977,63106
swz,1978,65308
swz,1979,67690
swz,1980,70185
swz,1981,72084
swz,1982,74228
swz,1983,76680
swz,1984,79523
swz,1985,82747
swz,1986,86123
swz,1987,89819
swz,1988,93605
swz,1989,97213
swz,1990,100441
swz,1991,102594
swz,1992,105216
swz,1993,108481
swz,1994,112456
swz,1995,117146
swz,1996,121924
swz,1997,127264
swz,1998,132860
swz,1999,138360
swz,2000,143522
swz,2001,146625
swz,2002,148831
swz,2003,150223
swz,2004,151254
swz,2005,152217
swz,2006,152922
swz,2007,153434
swz,2008,153742
swz,2009,153616
swz,2010,152861
swz,2011,151232
swz,2012,149682
swz,2013,148367
swz,2014,147254
swz,2015,146326
swz,2016,145736
syc,1970,8779
syc,1971,9061
syc,1972,9296
syc,1973,9547
syc,1974,9859
syc,1975,10219
syc,1976,10472
syc,1977,10728
syc,1978,10964
syc,1979,11162
syc,1980,11326
syc,1981,11326
syc,1982,11254
syc,1983,11153
syc,1984,7954
syc,1985,7904
syc,1986,7827
syc,1987,7782
syc,1988,7799
syc,1989,7902
syc,1990,8106
syc,1991,8124
syc,1992,8114
syc,1993,8075
syc,1994,8002
syc,1995,7904
syc,1996,7956
syc,1997,8011
syc,1998,8062
syc,1999,11281
syc,2000,11363
syc,2001,11256
syc,2002,11076
syc,2003,10854
syc,2004,10620
syc,2005,10393
syc,2006,10453
syc,2007,10482
syc,2008,10457
syc,2009,10361
syc,2010,10190
syc,2011,9892
syc,2012,9618
syc,2013,9382
syc,2014,9194
syc,2015,9061
syc,2016,8999
syr,1970,915353
syr,1971,945035
syr,1972,969738
syr,1973,995356
syr,1974,1024021
syr,1975,1055536
syr,1976,1089803
syr,1977,1122200
syr,1978,1157277
syr,1979,1194759
syr,1980,1234716
syr,1981,1277433
syr,1982,1320703
syr,1983,1370081
syr,1984,1425017
syr,1985,1484532
syr,1986,1547988
syr,1987,1612083
syr,1988,1679000
syr,1989,1747657
syr,1990,1817946
syr,1991,1889437
syr,1992,1957961
syr,1993,2026888
syr,1994,2095350
syr,1995,2161865
syr,1996,2224768
syr,1997,2285494
syr,1998,2339545
syr,1999,2387292
syr,2000,2430191
syr,2001,2467159
syr,2002,2493810
syr,2003,3365464
syr,2004,3384503
syr,2005,3414762
syr,2006,3466166
syr,2007,3534130
syr,2008,3618810
syr,2009,3700437
syr,2010,3749571
syr,2011,3746384
syr,2012,3720566
syr,2013,3678290
syr,2014,2694979
syr,2015,2692408
tcd,1970,540669
tcd,1971,555270
tcd,1972,565463
tcd,1973,575058
tcd,1974,585145
tcd,1975,596330
tcd,1976,607953
tcd,1977,615847
tcd,1978,624568
tcd,1979,634572
tcd,1980,646120
tcd,1981,659354
tcd,1982,672035
tcd,1983,687838
tcd,1984,707216
tcd,1985,730532
tcd,1986,757330
tcd,1987,784518
tcd,1988,814909
tcd,1989,847813
tcd,1990,882387
tcd,1991,917783
tcd,1992,950356
tcd,1993,984066
tcd,1994,1019795
tcd,1995,1058242
tcd,1996,1099039
tcd,1997,1138040
tcd,1998,1179907
tcd,1999,1225216
tcd,2000,1274238
tcd,2001,1326568
tcd,2002,1379625
tcd,2003,1437457
tcd,2004,1499557
tcd,2005,1565049
tcd,2006,1632695
tcd,2007,1696004
tcd,2008,1761195
tcd,2009,1828953
tcd,2010,1899971
tcd,2011,1973982
tcd,2012,2044540
tcd,2013,2118331
tcd,2014,2195237
tcd,2015,2274710
tcd,2016,2355572
tgo,1970,303682
tgo,1971,316560
tgo,1972,326373
tgo,1973,335412
tgo,1974,344283
tgo,1975,353652
tgo,1976,363768
tgo,1977,372275
tgo,1978,381407
tgo,1979,391745
tgo,1980,403837
tgo,1981,417818
tgo,1982,432908
tgo,1983,450457
tgo,1984,469932
tgo,1985,490562
tgo,1986,511634
tgo,1987,531289
tgo,1988,551446
tgo,1989,572097
tgo,1990,593217
tgo,1991,614559
tgo,1992,633768
tgo,1993,653908
tgo,1994,675115
tgo,1995,697399
tgo,1996,720535
tgo,1997,741040
tgo,1998,761943
tgo,1999,783355
tgo,2000,805253
tgo,2001,827045
tgo,2002,845652
tgo,2003,863562
tgo,2004,881054
tgo,2005,898224
tgo,2006,914899
tgo,2007,928934
tgo,2008,943965
tgo,2009,960419
tgo,2010,978331
tgo,2011,997761
tgo,2012,1018197
tgo,2013,1042282
tgo,2014,1069725
tgo,2015,1100129
tgo,2016,1133069
tha,1970,3687178
tha,1971,3834655
tha,1972,4005869
tha,1973,4184053
tha,1974,4362181
tha,1975,4534488
tha,1976,4697339
tha,1977,4857750
tha,1978,5009475
tha,1979,6302741
tha,1980,6500521
tha,1981,6708845
tha,1982,6892846
tha,1983,7068353
tha,1984,7220048
tha,1985,7343617
tha,1986,7440049
tha,1987,7464099
tha,1988,7488421
tha,1989,7466800
tha,1990,7430015
tha,1991,7372323
tha,1992,7303681
tha,1993,7227473
tha,1994,7148305
tha,1995,7071390
tha,1996,6998191
tha,1997,6824454
tha,1998,6698257
tha,1999,6610265
tha,2000,6544331
tha,2001,6484826
tha,2002,6429570
tha,2003,6388443
tha,2004,6358843
tha,2005,6334808
tha,2006,6312547
tha,2007,6184409
tha,2008,6045169
tha,2009,5898632
tha,2010,5748636
tha,2011,5595031
tha,2012,5493094
tha,2013,5400289
tha,2014,5317054
tha,2015,5238050
tjk,1970,426362
tjk,1971,458355
tjk,1972,489701
tjk,1973,517944
tjk,1974,544444
tjk,1975,570453
tjk,1976,595716
tjk,1977,621013
tjk,1978,642973
tjk,1979,660937
tjk,1980,674396
tjk,1981,683631
tjk,1982,691118
tjk,1983,698056
tjk,1984,707144
tjk,1985,719513
tjk,1986,734801
tjk,1987,748053
tjk,1988,761966
tjk,1989,775380
tjk,1990,788313
tjk,1991,801820
tjk,1992,816429
tjk,1993,836005
tjk,1994,860204
tjk,1995,888221
tjk,1996,920806
tjk,1997,958923
tjk,1998,998868
tjk,1999,1041062
tjk,2000,1086576
tjk,2001,1132748
tjk,2002,1164208
tjk,2003,1191361
tjk,2004,1212073
tjk,2005,1224193
tjk,2006,1227170
tjk,2007,1227631
tjk,2008,1225024
tjk,2009,1222968
tjk,2010,1221969
tjk,2011,1220881
tjk,2012,1215131
tjk,2013,1209374
tjk,2014,1202429
tjk,2015,1194682
tjk,2016,1187319
tkm,1970,332916
tkm,1971,354754
tkm,1972,377529
tkm,1973,397706
tkm,1974,415867
tkm,1975,432583
tkm,1976,447488
tkm,1977,459695
tkm,1978,468863
tkm,1979,475567
tkm,1980,480296
tkm,1981,484125
tkm,1982,488674
tkm,1983,492945
tkm,1984,498255
tkm,1985,505451
tkm,1986,514751
tkm,1987,523782
tkm,1988,532421
tkm,1989,541147
tkm,1990,551143
tkm,1991,563058
tkm,1992,576500
tkm,1993,592249
tkm,1994,609190
tkm,1995,626369
tkm,1996,644100
tkm,1997,663194
tkm,1998,706795
tkm,1999,729013
tkm,2000,750297
tkm,2001,768340
tkm,2002,785287
tkm,2003,796006
tkm,2004,801511
tkm,2005,801673
tkm,2006,795284
tkm,2007,778662
tkm,2008,759319
tkm,2009,736446
tkm,2010,711082
tkm,2011,688422
tkm,2012,673322
tkm,2013,664733
tkm,2014,762816
tkm,2015,761771
tkm,2016,765889
tls,1970,78609
tls,1971,80564
tls,1972,82608
tls,1973,85056
tls,1974,87459
tls,1975,89347
tls,1976,90424
tls,1977,91917
tls,1978,92129
tls,1979,91346
tls,1980,89980
tls,1981,88362
tls,1982,86688
tls,1983,86137
tls,1984,86531
tls,1985,87847
tls,1986,89789
tls,1987,92345
tls,1988,94255
tls,1989,95093
tls,1990,94095
tls,1991,91059
tls,1992,87479
tls,1993,86324
tls,1994,87792
tls,1995,91706
tls,1996,97653
tls,1997,103538
tls,1998,108557
tls,1999,112472
tls,2000,116120
tls,2001,120052
tls,2002,121892
tls,2003,126183
tls,2004,132580
tls,2005,139719
tls,2006,146881
tls,2007,151736
tls,2008,154682
tls,2009,155302
tls,2010,150471
tls,2011,152696
tls,2012,155147
tls,2013,158276
tls,2014,162759
tls,2015,168455
tls,2016,168455
ton,1970,11734
ton,1971,12147
ton,1972,12604
ton,1973,13109
ton,1974,13692
ton,1975,14345
ton,1976,14670
ton,1977,14899
ton,1978,15092
ton,1979,15332
ton,1980,15616
ton,1981,15722
ton,1982,15704
ton,1983,15594
ton,1984,17749
ton,1985,17449
ton,1986,16722
ton,1987,16100
ton,1988,15608
ton,1989,15222
ton,1990,14984
ton,1991,14980
ton,1992,15161
ton,1993,15494
ton,1994,15965
ton,1995,16467
ton,1996,16551
ton,1997,16584
ton,1998,14262
ton,1999,13966
ton,2000,13636
ton,2001,13305
ton,2002,13136
ton,2003,13127
ton,2004,13288
ton,2005,13536
ton,2006,13730
ton,2007,13897
ton,2008,14038
ton,2009,14129
ton,2010,14187
ton,2011,14224
ton,2012,16221
ton,2013,16372
ton,2014,16605
ton,2015,16904
ton,2016,17097
tto,1970,116777
tto,1971,119311
tto,1972,122455
tto,1973,125590
tto,1974,128921
tto,1975,133029
tto,1976,137439
tto,1977,138970
tto,1978,138425
tto,1979,135946
tto,1980,131125
tto,1981,124859
tto,1982,119559
tto,1983,115980
tto,1984,113985
tto,1985,113824
tto,1986,115104
tto,1987,115863
tto,1988,117093
tto,1989,118668
tto,1990,120057
tto,1991,121297
tto,1992,122721
tto,1993,125473
tto,1994,129430
tto,1995,134875
tto,1996,141038
tto,1997,144835
tto,1998,146411
tto,1999,145985
tto,2000,143440
tto,2001,139314
tto,2002,133786
tto,2003,128494
tto,2004,123236
tto,2005,117950
tto,2006,112713
tto,2007,107081
tto,2008,102019
tto,2009,97601
tto,2010,93852
tto,2011,90814
tto,2012,88546
tto,2013,87160
tto,2014,86595
tto,2015,86807
tto,2016,87591
tun,1970,819142
tun,1971,853018
tun,1972,875813
tun,1973,895047
tun,1974,914607
tun,1975,937639
tun,1976,963326
tun,1977,985457
tun,1978,1007211
tun,1979,1028837
tun,1980,1050645
tun,1981,1073358
tun,1982,1089105
tun,1983,1106140
tun,1984,1124093
tun,1985,1141397
tun,1986,1156862
tun,1987,1167947
tun,1988,1181152
tun,1989,1197871
tun,1990,1219470
tun,1991,1246167
tun,1992,1275152
tun,1993,1307942
tun,1994,1341947
tun,1995,1373985
tun,1996,1402606
tun,1997,1425982
tun,1998,1445997
tun,1999,1463417
tun,2000,1479306
tun,2001,1492340
tun,2002,1498264
tun,2003,1494529
tun,2004,1481967
tun,2005,1461564
tun,2006,1434093
tun,2007,1398753
tun,2008,1361252
tun,2009,1323605
tun,2010,1287016
tun,2011,1251557
tun,2012,1218056
tun,2013,1188937
tun,2014,1163848
tun,2015,1142749
tur,1970,4917303
tur,1971,5011153
tur,1972,5072909
tur,1973,5149863
tur,1974,5236882
tur,1975,5330679
tur,1976,5426519
tur,1977,5509435
tur,1978,5596875
tur,1979,5688670
tur,1980,5785998
tur,1981,5894188
tur,1982,6008269
tur,1983,6139828
tur,1984,6284942
tur,1985,6439828
tur,1986,6596406
tur,1987,6757139
tur,1988,6913320
tur,1989,7062450
tur,1990,7200835
tur,1991,7325663
tur,1992,7440387
tur,1993,7542731
tur,1994,7633153
tur,1995,7709871
tur,1996,7766757
tur,1997,7798611
tur,1998,7810335
tur,1999,7803788
tur,2000,7780637
tur,2001,7746852
tur,2002,7704158
tur,2003,7669091
tur,2004,7636714
tur,2005,7605532
tur,2006,7583591
tur,2007,7585198
tur,2008,7599128
tur,2009,8888527
tur,2010,8943304
tur,2011,9020344
tur,2012,9115417
tur,2013,10533333
tur,2014,10628482
tur,2015,10702811
tur,2016,9412863
tuv,2000,1239
tuv,2001,1296
tuv,2002,1296
tuv,2003,1364
tuv,2004,1446
tuv,2005,1518
tuv,2006,1566
tuv,2007,1650
tuv,2008,1647
tuv,2009,1658
tuv,2010,1663
tuv,2011,1488
tuv,2012,1488
tuv,2013,1486
tuv,2014,1487
tuv,2015,1496
tuv,2016,1300
tza,1970,1693161
tza,1971,1747065
tza,1972,1809801
tza,1973,1878236
tza,1974,1949097
tza,1975,2021190
tza,1976,2087021
tza,1977,2154888
tza,1978,2225096
tza,1979,2299012
tza,1980,2377728
tza,1981,2454089
tza,1982,2536283
tza,1983,2623517
tza,1984,2715129
tza,1985,2810847
tza,1986,2903468
tza,1987,3000732
tza,1988,3103346
tza,1989,3212690
tza,1990,3329463
tza,1991,3450218
tza,1992,3579868
tza,1993,3713186
tza,1994,3845309
tza,1995,3974158
tza,1996,4089617
tza,1997,4203309
tza,1998,4316820
tza,1999,4432485
tza,2000,4551651
tza,2001,4658280
tza,2002,4764299
tza,2003,4871974
tza,2004,4986664
tza,2005,5113131
tza,2006,5245664
tza,2007,5392471
tza,2008,5547036
tza,2009,5704039
tza,2010,5863000
tza,2011,6021336
tza,2012,6185058
tza,2013,6362505
tza,2014,6562619
tza,2015,6787792
tza,2016,7028588
uga,1970,1248504
uga,1971,1280894
uga,1972,1312626
uga,1973,1346095
uga,1974,1383088
uga,1975,1423837
uga,1976,1464933
uga,1977,1510358
uga,1978,1559694
uga,1979,1612644
uga,1980,1669409
uga,1981,1723428
uga,1982,1779886
uga,1983,1838422
uga,1984,1899946
uga,1985,1964723
uga,1986,2030050
uga,1987,2100953
uga,1988,2177256
uga,1989,2258229
uga,1990,2342625
uga,1991,2427138
uga,1992,2514932
uga,1993,2605509
uga,1994,2699529
uga,1995,2797388
uga,1996,2890172
uga,1997,2987073
uga,1998,3088309
uga,1999,3194621
uga,2000,3305747
uga,2001,3413904
uga,2002,3528517
uga,2003,3650935
uga,2004,3782343
uga,2005,3923862
uga,2006,4062467
uga,2007,4207468
uga,2008,4355814
uga,2009,4506875
uga,2010,4660730
uga,2011,4814369
uga,2012,4975581
uga,2013,5147269
uga,2014,5330589
uga,2015,5525814
uga,2016,5724889
ukr,1970,5905155
ukr,1971,5855759
ukr,1972,5786486
ukr,1973,5717806
ukr,1974,5652024
ukr,1975,5589265
ukr,1976,5515590
ukr,1977,5402018
ukr,1978,5276107
ukr,1979,5139022
ukr,1980,4999991
ukr,1981,4885809
ukr,1982,4824946
ukr,1983,4810357
ukr,1984,4838920
ukr,1985,4905145
ukr,1986,4985487
ukr,1987,5053221
ukr,1988,5106320
ukr,1989,5143875
ukr,1990,5164567
ukr,1991,5176507
ukr,1992,5199176
ukr,1993,5232139
ukr,1994,5269862
ukr,1995,5302775
ukr,1996,5314800
ukr,1997,5291017
ukr,1998,5233119
ukr,1999,5140802
ukr,2000,5013783
ukr,2001,4860381
ukr,2002,4693363
ukr,2003,4521880
ukr,2004,4346260
ukr,2005,4168033
ukr,2006,3988859
ukr,2007,3820940
ukr,2008,3642359
ukr,2009,3463979
ukr,2010,3294700
ukr,2011,3137505
ukr,2012,2985508
ukr,2013,2850397
ukr,2014,2734512
umc,1970,159068512
umc,1971,159016224
umc,1972,159892208
umc,1973,162240800
umc,1974,166088400
umc,1975,170869520
umc,1976,175963792
umc,1977,199281136
umc,1978,224232432
umc,1979,232403264
umc,1980,239621856
umc,1981,246852592
umc,1982,253711824
umc,1983,259142208
umc,1984,263221280
umc,1985,266239488
umc,1986,267964224
umc,1987,267577808
umc,1988,265831456
umc,1989,262581696
umc,1990,258811104
umc,1991,254507456
umc,1992,249507104
umc,1993,246285184
umc,1994,244789984
umc,1995,244405888
umc,1996,245359280
umc,1997,249309952
umc,1998,254775744
umc,1999,259895184
umc,2000,269044832
umc,2001,277133248
umc,2002,284337792
umc,2003,288135040
umc,2004,289697536
umc,2005,286635392
umc,2006,280070528
umc,2007,270744416
umc,2008,260694656
umc,2009,252369904
umc,2010,242700384
umc,2011,234575232
umc,2012,226977440
umc,2013,221730352
umc,2014,216788336
umc,2015,213746144
ury,1970,286001
ury,1971,288741
ury,1972,291226
ury,1973,293694
ury,1974,296951
ury,1975,300909
ury,1976,301017
ury,1977,300482
ury,1978,299147
ury,1979,296255
ury,1980,291737
ury,1981,287654
ury,1982,286391
ury,1983,287857
ury,1984,291560
ury,1985,297230
ury,1986,304416
ury,1987,311061
ury,1988,316884
ury,1989,322448
ury,1990,327477
ury,1991,329846
ury,1992,330281
ury,1993,328968
ury,1994,325498
ury,1995,319974
ury,1996,314484
ury,1997,310618
ury,1998,308619
ury,1999,308176
ury,2000,309314
ury,2001,311036
ury,2002,313038
ury,2003,314867
ury,2004,316947
ury,2005,319207
ury,2006,320425
ury,2007,321078
ury,2008,321137
ury,2009,320283
ury,2010,318266
ury,2011,315360
ury,2012,312422
ury,2013,309650
ury,2014,306931
ury,2015,304295
ury,2016,301869
usa,1970,24115752
usa,1971,24561324
usa,1972,24939580
usa,1973,25198996
usa,1974,25352640
usa,1975,25421680
usa,1976,25397516
usa,1977,25313316
usa,1978,25140368
usa,1979,24891116
usa,1980,24548932
usa,1981,24108186
usa,1982,23534276
usa,1983,22996158
usa,1984,22512760
usa,1985,22080452
usa,1986,21707764
usa,1987,21454948
usa,1988,21295666
usa,1989,21208694
usa,1990,21180668
usa,1991,21203844
usa,1992,21299376
usa,1993,21513968
usa,1994,21825168
usa,1995,22220578
usa,1996,22669536
usa,1997,23044500
usa,1998,23452040
usa,1999,23866198
usa,2000,24249296
usa,2001,24573622
usa,2002,24865362
usa,2003,25108572
usa,2004,25324772
usa,2005,25536868
usa,2006,25735168
usa,2007,25741660
usa,2008,25728344
usa,2009,25702174
usa,2010,25652052
usa,2011,25575956
usa,2012,25397300
usa,2013,25117862
usa,2014,24834576
usa,2015,24617058
usa,2016,24548820
uzb,1970,1952924
uzb,1971,2092566
uzb,1972,2226615
uzb,1973,2342719
uzb,1974,2442469
uzb,1975,2526347
uzb,1976,2592926
uzb,1977,2643390
uzb,1978,2680974
uzb,1979,2705614
uzb,1980,2718895
uzb,1981,2730282
uzb,1982,2746564
uzb,1983,2772139
uzb,1984,2809895
uzb,1985,2861019
uzb,1986,2918643
uzb,1987,2973891
uzb,1988,3029189
uzb,1989,3085630
uzb,1990,3145202
uzb,1991,3213724
uzb,1992,3279402
uzb,1993,3366060
uzb,1994,3469689
uzb,1995,3588741
uzb,1996,3579504
uzb,1997,3711498
uzb,1998,3848241
uzb,1999,3986757
uzb,2000,4124078
uzb,2001,4248660
uzb,2002,4336252
uzb,2003,4396021
uzb,2004,4427944
uzb,2005,5031651
uzb,2006,5025062
uzb,2007,4972267
uzb,2008,4890300
uzb,2009,4792179
uzb,2010,4688181
uzb,2011,4580379
uzb,2012,4458109
uzb,2013,4343686
uzb,2014,4238098
uzb,2015,4145102
uzb,2016,4074837
vct,1970,15610
vct,1971,15955
vct,1972,16276
vct,1973,16640
vct,1974,17041
vct,1975,17472
vct,1976,17912
vct,1977,18156
vct,1978,18403
vct,1979,18641
vct,1980,18833
vct,1981,18962
vct,1982,18926
vct,1983,18882
vct,1984,18854
vct,1985,18861
vct,1986,18875
vct,1987,18501
vct,1988,18200
vct,1989,17987
vct,1990,17866
vct,1991,17844
vct,1992,17792
vct,1993,17692
vct,1994,17567
vct,1995,17438
vct,1996,17301
vct,1997,17049
vct,1998,12136
vct,1999,11936
vct,2000,11732
vct,2001,11532
vct,2002,11319
vct,2003,11154
vct,2004,11026
vct,2005,10931
vct,2006,10853
vct,2007,10808
vct,2008,10752
vct,2009,10691
vct,2010,10626
vct,2011,10552
vct,2012,10318
vct,2013,10094
vct,2014,9879
vct,2015,9664
vct,2016,9461
ven,1970,1245789
ven,1971,1297976
ven,1972,1354914
ven,1973,1416370
ven,1974,1483630
ven,1975,1556733
ven,1976,1636851
ven,1977,1717991
ven,1978,1789698
ven,1979,1847374
ven,1980,1893055
ven,1981,1927274
ven,1982,1946990
ven,1983,1962510
ven,1984,1975282
ven,1985,1983260
ven,1986,1984486
ven,1987,1997871
ven,1988,2019332
ven,1989,2052123
ven,1990,2098989
ven,1991,2156380
ven,1992,2211453
ven,1993,2263702
ven,1994,2313398
ven,1995,2358209
ven,1996,2399406
ven,1997,2444298
ven,1998,2493020
ven,1999,2544923
ven,2000,2601607
ven,2001,2659744
ven,2002,2707413
ven,2003,2743130
ven,2004,2767726
ven,2005,2780351
ven,2006,2783831
ven,2007,2782769
ven,2008,2783301
ven,2009,2784421
ven,2010,2785667
ven,2011,2787305
ven,2012,2789781
ven,2013,2794669
ven,2014,2802360
ven,2015,2813460
ven,2016,2827071
vgb,2002,1651
vgb,2003,1682
vgb,2004,1714
vgb,2005,1764
vgb,2006,1813
vgb,2007,1861
vgb,2008,1924
vgb,2009,2002
vgb,2010,1997
vgb,2011,1998
vgb,2012,2003
vgb,2013,2011
vgb,2014,2033
vgb,2015,2053
vgb,2016,2078
vnm,1970,5975410
vnm,1971,6245621
vnm,1972,6497212
vnm,1973,6720096
vnm,1974,6914503
vnm,1975,7082930
vnm,1976,8325577
vnm,1977,8480170
vnm,1978,8634687
vnm,1979,8790036
vnm,1980,8943258
vnm,1981,9097611
vnm,1982,9255120
vnm,1983,9414726
vnm,1984,9580772
vnm,1985,9755568
vnm,1986,9932949
vnm,1987,10090117
vnm,1988,10237030
vnm,1989,10369500
vnm,1990,10488543
vnm,1991,10600963
vnm,1992,10725851
vnm,1993,10866320
vnm,1994,11023550
vnm,1995,11198240
vnm,1996,11392112
vnm,1997,11581237
vnm,1998,11789432
vnm,1999,11995478
vnm,2000,12179865
vnm,2001,12336593
vnm,2002,12512672
vnm,2003,12632202
vnm,2004,12712802
vnm,2005,12763142
vnm,2006,12744613
vnm,2007,12569605
vnm,2008,12298800
vnm,2009,11923689
vnm,2010,11445908
vnm,2011,10901196
vnm,2012,10388542
vnm,2013,9949141
vnm,2014,9611766
vnm,2015,9377680
vut,1970,13573
vut,1971,14109
vut,1972,14651
vut,1973,15219
vut,1974,15837
vut,1975,16509
vut,1976,17108
vut,1977,17666
vut,1978,18190
vut,1979,18687
vut,1980,19169
vut,1981,19379
vut,1982,19563
vut,1983,19773
vut,1984,20066
vut,1985,20478
vut,1986,20827
vut,1987,21186
vut,1988,21596
vut,1989,22107
vut,1990,22774
vut,1991,23585
vut,1992,24407
vut,1993,25261
vut,1994,26156
vut,1995,27095
vut,1996,27959
vut,1997,28642
vut,1998,29191
vut,1999,29668
vut,2000,30136
vut,2001,30606
vut,2002,31129
vut,2003,31722
vut,2004,32363
vut,2005,33021
vut,2006,33421
vut,2007,33453
vut,2008,33352
vut,2009,33478
vut,2010,34025
vut,2011,35058
vut,2012,36004
vut,2013,36742
vut,2014,37203
vut,2015,37522
wld,1970,455716960
wld,1971,462452960
wld,1972,470236608
wld,1973,479155584
wld,1974,489495360
wld,1975,500983904
wld,1976,513691136
wld,1977,542550336
wld,1978,573184320
wld,1979,586836032
wld,1980,599318016
wld,1981,611101632
wld,1982,621422848
wld,1983,631416832
wld,1984,640981696
wld,1985,649400192
wld,1986,655125888
wld,1987,660324352
wld,1988,664154880
wld,1989,666204928
wld,1990,668617728
wld,1991,669785728
wld,1992,671023104
wld,1993,674878080
wld,1994,681467072
wld,1995,689757568
wld,1996,699096960
wld,1997,710067584
wld,1998,725229120
wld,1999,737691648
wld,2000,753751296
wld,2001,767965120
wld,2002,780104064
wld,2003,789572672
wld,2004,795721152
wld,2005,797513216
wld,2006,794880832
wld,2007,788347136
wld,2008,781339776
wld,2009,776230912
wld,2010,769886784
wld,2011,765544576
wld,2012,761221632
wld,2013,759494336
wld,2014,757088256
wld,2015,757895040
wsm,1970,26933
wsm,1971,27226
wsm,1972,27735
wsm,1973,28505
wsm,1974,29468
wsm,1975,30498
wsm,1976,30912
wsm,1977,31347
wsm,1978,31735
wsm,1979,32015
wsm,1980,32114
wsm,1981,31812
wsm,1982,31695
wsm,1983,31692
wsm,1984,31651
wsm,1985,31458
wsm,1986,30787
wsm,1987,30401
wsm,1988,30212
wsm,1989,30080
wsm,1990,29870
wsm,1991,28952
wsm,1992,28449
wsm,1993,28332
wsm,1994,28494
wsm,1995,28805
wsm,1996,28265
wsm,1997,19466
wsm,1998,27626
wsm,1999,27536
wsm,2000,27629
wsm,2001,27591
wsm,2002,27700
wsm,2003,27984
wsm,2004,28427
wsm,2005,28944
wsm,2006,29126
wsm,2007,29266
wsm,2008,29392
wsm,2009,29525
wsm,2010,29658
wsm,2011,29686
wsm,2012,29826
wsm,2013,30055
wsm,2014,30307
wsm,2015,30597
wsm,2016,30796
yem,1970,782929
yem,1971,797524
yem,1972,806583
yem,1973,820049
yem,1974,838078
yem,1975,861212
yem,1976,889767
yem,1977,918662
yem,1978,954242
yem,1979,996857
yem,1980,1046939
yem,1981,1103091
yem,1982,1153048
yem,1983,1203653
yem,1984,1254304
yem,1985,1303817
yem,1986,1351768
yem,1987,1397203
yem,1988,1448983
yem,1989,1510847
yem,1990,1585811
yem,1991,1675563
yem,1992,1754017
yem,1993,1851600
yem,1994,1959885
yem,1995,2070586
yem,1996,2176072
yem,1997,2280587
yem,1998,2385793
yem,1999,2493370
yem,2000,2601706
yem,2001,2711701
yem,2002,2829129
yem,2003,2946522
yem,2004,3064342
yem,2005,3187485
yem,2006,3313463
yem,2007,3414799
yem,2008,3497132
yem,2009,3559633
yem,2010,3599656
yem,2011,3616734
yem,2012,3622599
yem,2013,3636225
yem,2014,3661961
yem,2015,3697648
zaf,1970,2503911
zaf,1971,2576829
zaf,1972,2648057
zaf,1973,2717270
zaf,1974,2783278
zaf,1975,2844831
zaf,1976,2903391
zaf,1977,2967606
zaf,1978,3041034
zaf,1979,3123911
zaf,1980,3216921
zaf,1981,3316503
zaf,1982,3418638
zaf,1983,3520263
zaf,1984,3621135
zaf,1985,3721298
zaf,1986,3813343
zaf,1987,3901392
zaf,1988,3985401
zaf,1989,4068232
zaf,1990,4150296
zaf,1991,4228697
zaf,1992,4312398
zaf,1993,4400891
zaf,1994,4485868
zaf,1995,4562673
zaf,1996,4613714
zaf,1997,4562856
zaf,1998,4612434
zaf,1999,4670439
zaf,2000,4744850
zaf,2001,4870601
zaf,2002,4995701
zaf,2003,5106551
zaf,2004,5190307
zaf,2005,5238452
zaf,2006,5265505
zaf,2007,5250518
zaf,2008,5219397
zaf,2009,5198891
zaf,2010,5196030
zaf,2011,5223321
zaf,2012,5267420
zaf,2013,5294980
zaf,2014,5283336
zaf,2015,5233782
zaf,2016,5169099
zmb,1970,433938
zmb,1971,449069
zmb,1972,466011
zmb,1973,484246
zmb,1974,503421
zmb,1975,523550
zmb,1976,543702
zmb,1977,564973
zmb,1978,587523
zmb,1979,611704
zmb,1980,637739
zmb,1981,664186
zmb,1982,692435
zmb,1983,721457
zmb,1984,750295
zmb,1985,778600
zmb,1986,807308
zmb,1987,836014
zmb,1988,865397
zmb,1989,896266
zmb,1990,928841
zmb,1991,960863
zmb,1992,994833
zmb,1993,1028323
zmb,1994,1059815
zmb,1995,1089347
zmb,1996,1115826
zmb,1997,1141281
zmb,1998,1168287
zmb,1999,1198643
zmb,2000,1231828
zmb,2001,1265863
zmb,2002,1302284
zmb,2003,1337909
zmb,2004,1371599
zmb,2005,1404677
zmb,2006,1431726
zmb,2007,1460323
zmb,2008,1492226
zmb,2009,1528843
zmb,2010,1569975
zmb,2011,1611691
zmb,2012,1658160
zmb,2013,1708848
zmb,2014,1763278
zmb,2015,1821221
zmb,2016,1882524
zwe,1970,675282
zwe,1971,704600
zwe,1972,729931
zwe,1973,753498
zwe,1974,778410
zwe,1975,806064
zwe,1976,832449
zwe,1977,861645
zwe,1978,893402
zwe,1979,927495
zwe,1980,964166
zwe,1981,1000598
zwe,1982,1038324
zwe,1983,1077458
zwe,1984,1118436
zwe,1985,1161275
zwe,1986,1207011
zwe,1987,1305279
zwe,1988,1359122
zwe,1989,1413199
zwe,1990,1466415
zwe,1991,1524295
zwe,1992,1583041
zwe,1993,1641435
zwe,1994,1698872
zwe,1995,1755477
zwe,1996,1813412
zwe,1997,1867657
zwe,1998,1915144
zwe,1999,1954222
zwe,2000,1983407
zwe,2001,1998598
zwe,2002,2008258
zwe,2003,2015561
zwe,2004,2023873
zwe,2005,2034066
zwe,2006,2026737
zwe,2007,2020780
zwe,2008,2016726
zwe,2009,2015706
zwe,2010,2018022
zwe,2011,2009047
zwe,2012,2007007
zwe,2013,2012733
zwe,2014,2026425
zwe,2015,2047619
zwe,2016,2069539
